数据日期,时间,负荷
10/10/2024,0:00,10013.6
10/10/2024,0:15,10017.6
10/10/2024,0:30,9989.6
10/10/2024,0:45,9991.2
10/10/2024,1:00,10000
10/10/2024,1:15,10006.4
10/10/2024,1:30,10024
10/10/2024,1:45,10007.2
10/10/2024,2:00,10007.2
10/10/2024,2:15,10016
10/10/2024,2:30,10019.2
10/10/2024,2:45,10008.8
10/10/2024,3:00,10000.8
10/10/2024,3:15,10020.8
10/10/2024,3:30,10020
10/10/2024,3:45,10017.6
10/10/2024,4:00,10024
10/10/2024,4:15,10040
10/10/2024,4:30,10047.2
10/10/2024,4:45,10031.2
10/10/2024,5:00,10006.4
10/10/2024,5:15,10052
10/10/2024,5:30,9994.4
10/10/2024,5:45,10071.2
10/10/2024,6:00,10002.4
10/10/2024,6:15,10045.6
10/10/2024,6:30,9962.4
10/10/2024,6:45,9905.6
10/10/2024,7:00,9682.4
10/10/2024,7:15,9743.2
10/10/2024,7:30,9384.8
10/10/2024,7:45,9354.4
10/10/2024,8:00,9236.8
10/10/2024,8:15,8943.2
10/10/2024,8:30,8887.2
10/10/2024,8:45,8724.8
10/10/2024,9:00,8177.6
10/10/2024,9:15,8608
10/10/2024,9:30,7784
10/10/2024,9:45,7951.2
10/10/2024,10:00,7580.8
10/10/2024,10:15,7765.6
10/10/2024,10:30,8177.6
10/10/2024,10:45,6857.6
10/10/2024,11:00,7835.2
10/10/2024,11:15,7041.6
10/10/2024,11:30,8244
10/10/2024,11:45,8194.4
10/10/2024,12:00,8000.8
10/10/2024,12:15,8064
10/10/2024,12:30,8068.8
10/10/2024,12:45,7944.8
10/10/2024,13:00,8221.6
10/10/2024,13:15,8644.8
10/10/2024,13:30,8463.2
10/10/2024,13:45,8690.4
10/10/2024,14:00,8789.6
10/10/2024,14:15,8850.4
10/10/2024,14:30,8864.8
10/10/2024,14:45,8698.4
10/10/2024,15:00,8960.8
10/10/2024,15:15,8865.6
10/10/2024,15:30,8453.6
10/10/2024,15:45,9161.6
10/10/2024,16:00,9498.4
10/10/2024,16:15,9280.8
10/10/2024,16:30,9553.6
10/10/2024,16:45,9780.8
10/10/2024,17:00,9840.8
10/10/2024,17:15,9932
10/10/2024,17:30,9992.8
10/10/2024,17:45,10011.2
10/10/2024,18:00,10008.8
10/10/2024,18:15,10022.4
10/10/2024,18:30,10020
10/10/2024,18:45,10024
10/10/2024,19:00,10009.6
10/10/2024,19:15,10000.8
10/10/2024,19:30,10016
10/10/2024,19:45,10013.6
10/10/2024,20:00,10020
10/10/2024,20:15,10055.2
10/10/2024,20:30,10023.2
10/10/2024,20:45,10021.6
10/10/2024,21:00,10019.2
10/10/2024,21:15,10039.2
10/10/2024,21:30,10045.6
10/10/2024,21:45,10028
10/10/2024,22:00,10014.4
10/10/2024,22:15,10028
10/10/2024,22:30,10013.6
10/10/2024,22:45,10024
10/10/2024,23:00,10021.6
10/10/2024,23:15,10000.8
10/10/2024,23:30,9982.4
10/10/2024,23:45,10032.8
10/11/2024,0:00,10016.8
10/11/2024,0:15,10041.6
10/11/2024,0:30,10007.2
10/11/2024,0:45,10048.8
10/11/2024,1:00,10007.2
10/11/2024,1:15,10036
10/11/2024,1:30,10016.8
10/11/2024,1:45,9992
10/11/2024,2:00,9997.6
10/11/2024,2:15,9967.2
10/11/2024,2:30,9978.4
10/11/2024,2:45,9991.2
10/11/2024,3:00,10021.6
10/11/2024,3:15,9996.8
10/11/2024,3:30,10019.2
10/11/2024,3:45,10028.8
10/11/2024,4:00,10038.4
10/11/2024,4:15,10025.6
10/11/2024,4:30,10062.4
10/11/2024,4:45,10094.4
10/11/2024,5:00,10028.8
10/11/2024,5:15,10004
10/11/2024,5:30,10012
10/11/2024,5:45,10028.8
10/11/2024,6:00,10036
10/11/2024,6:15,9999.2
10/11/2024,6:30,9952.8
10/11/2024,6:45,9848.8
10/11/2024,7:00,9672.8
10/11/2024,7:15,9544
10/11/2024,7:30,9382.4
10/11/2024,7:45,9166.4
10/11/2024,8:00,8940
10/11/2024,8:15,8719.2
10/11/2024,8:30,8490.4
10/11/2024,8:45,8276.8
10/11/2024,9:00,8034.4
10/11/2024,9:15,7832.8
10/11/2024,9:30,7688
10/11/2024,9:45,7476.8
10/11/2024,10:00,7415.2
10/11/2024,10:15,7298.4
10/11/2024,10:30,7142.4
10/11/2024,10:45,7097.6
10/11/2024,11:00,7035.2
10/11/2024,11:15,6980
10/11/2024,11:30,6964
10/11/2024,11:45,7022.4
10/11/2024,12:00,7186.4
10/11/2024,12:15,6892
10/11/2024,12:30,6940.8
10/11/2024,12:45,7129.6
10/11/2024,13:00,7136.8
10/11/2024,13:15,7132
10/11/2024,13:30,7228
10/11/2024,13:45,7550.4
10/11/2024,14:00,8185.6
10/11/2024,14:15,7782.4
10/11/2024,14:30,7860
10/11/2024,14:45,8268
10/11/2024,15:00,8239.2
10/11/2024,15:15,8933.6
10/11/2024,15:30,8732.8
10/11/2024,15:45,9301.6
10/11/2024,16:00,9272
10/11/2024,16:15,9420
10/11/2024,16:30,9595.2
10/11/2024,16:45,9660
10/11/2024,17:00,9812
10/11/2024,17:15,9922.4
10/11/2024,17:30,9996
10/11/2024,17:45,9960
10/11/2024,18:00,10003.2
10/11/2024,18:15,9989.6
10/11/2024,18:30,10027.2
10/11/2024,18:45,9996.8
10/11/2024,19:00,9982.4
10/11/2024,19:15,9978.4
10/11/2024,19:30,9992.8
10/11/2024,19:45,10002.4
10/11/2024,20:00,10006.4
10/11/2024,20:15,9977.6
10/11/2024,20:30,10008
10/11/2024,20:45,10001.6
10/11/2024,21:00,10035.2
10/11/2024,21:15,9981.6
10/11/2024,21:30,9996
10/11/2024,21:45,10004
10/11/2024,22:00,9976.8
10/11/2024,22:15,9964.8
10/11/2024,22:30,9997.6
10/11/2024,22:45,9970.4
10/11/2024,23:00,9967.2
10/11/2024,23:15,9990.4
10/11/2024,23:30,10000
10/11/2024,23:45,9984
10/12/2024,0:00,9996
10/12/2024,0:15,9986.4
10/12/2024,0:30,9966.4
10/12/2024,0:45,9960.8
10/12/2024,1:00,9977.6
10/12/2024,1:15,9942.4
10/12/2024,1:30,9956.8
10/12/2024,1:45,9947.2
10/12/2024,2:00,9971.2
10/12/2024,2:15,9961.6
10/12/2024,2:30,10016.8
10/12/2024,2:45,9980.8
10/12/2024,3:00,9950.4
10/12/2024,3:15,9968.8
10/12/2024,3:30,9980.8
10/12/2024,3:45,9975.2
10/12/2024,4:00,9993.6
10/12/2024,4:15,9971.2
10/12/2024,4:30,9989.6
10/12/2024,4:45,9959.2
10/12/2024,5:00,9983.2
10/12/2024,5:15,10007.2
10/12/2024,5:30,9992.8
10/12/2024,5:45,9993.6
10/12/2024,6:00,10002.4
10/12/2024,6:15,10011.2
10/12/2024,6:30,9971.2
10/12/2024,6:45,9864.8
10/12/2024,7:00,9756
10/12/2024,7:15,9666.4
10/12/2024,7:30,9491.2
10/12/2024,7:45,9152.8
10/12/2024,8:00,9341.6
10/12/2024,8:15,9056.8
10/12/2024,8:30,8804
10/12/2024,8:45,9080.8
10/12/2024,9:00,8998.4
10/12/2024,9:15,8675.2
10/12/2024,9:30,8924
10/12/2024,9:45,8592
10/12/2024,10:00,8633.6
10/12/2024,10:15,8457.6
10/12/2024,10:30,8654.4
10/12/2024,10:45,8168
10/12/2024,11:00,7485.6
10/12/2024,11:15,7374.4
10/12/2024,11:30,8692.8
10/12/2024,11:45,7261.6
10/12/2024,12:00,6636
10/12/2024,12:15,6933.6
10/12/2024,12:30,7297.6
10/12/2024,12:45,7455.2
10/12/2024,13:00,7168
10/12/2024,13:15,7108
10/12/2024,13:30,7179.2
10/12/2024,13:45,7256.8
10/12/2024,14:00,7369.6
10/12/2024,14:15,7960
10/12/2024,14:30,7607.2
10/12/2024,14:45,7900.8
10/12/2024,15:00,8050.4
10/12/2024,15:15,8557.6
10/12/2024,15:30,8582.4
10/12/2024,15:45,9426.4
10/12/2024,16:00,8675.2
10/12/2024,16:15,9224.8
10/12/2024,16:30,9648.8
10/12/2024,16:45,9780
10/12/2024,17:00,9848
10/12/2024,17:15,9953.6
10/12/2024,17:30,10046.4
10/12/2024,17:45,10011.2
10/12/2024,18:00,10016
10/12/2024,18:15,10041.6
10/12/2024,18:30,10022.4
10/12/2024,18:45,9975.2
10/12/2024,19:00,10034.4
10/12/2024,19:15,10032.8
10/12/2024,19:30,10009.6
10/12/2024,19:45,10045.6
10/12/2024,20:00,10017.6
10/12/2024,20:15,9979.2
10/12/2024,20:30,10029.6
10/12/2024,20:45,10025.6
10/12/2024,21:00,10012
10/12/2024,21:15,10029.6
10/12/2024,21:30,10018.4
10/12/2024,21:45,9996.8
10/12/2024,22:00,9972.8
10/12/2024,22:15,9996
10/12/2024,22:30,10008.8
10/12/2024,22:45,9984.8
10/12/2024,23:00,9997.6
10/12/2024,23:15,10012
10/12/2024,23:30,9971.2
10/12/2024,23:45,10002.4
10/13/2024,0:00,10000
10/13/2024,0:15,9946.4
10/13/2024,0:30,10005.6
10/13/2024,0:45,9972
10/13/2024,1:00,10021.6
10/13/2024,1:15,10024
10/13/2024,1:30,10017.6
10/13/2024,1:45,10016
10/13/2024,2:00,9994.4
10/13/2024,2:15,10016.8
10/13/2024,2:30,9936.8
10/13/2024,2:45,9981.6
10/13/2024,3:00,9953.6
10/13/2024,3:15,9972
10/13/2024,3:30,9985.6
10/13/2024,3:45,9982.4
10/13/2024,4:00,10007.2
10/13/2024,4:15,10000.8
10/13/2024,4:30,9988
10/13/2024,4:45,10012.8
10/13/2024,5:00,10000.8
10/13/2024,5:15,10007.2
10/13/2024,5:30,9953.6
10/13/2024,5:45,9971.2
10/13/2024,6:00,9971.2
10/13/2024,6:15,10025.6
10/13/2024,6:30,9977.6
10/13/2024,6:45,9968.8
10/13/2024,7:00,9848.8
10/13/2024,7:15,9640
10/13/2024,7:30,9618.4
10/13/2024,7:45,9713.6
10/13/2024,8:00,9414.4
10/13/2024,8:15,9227.2
10/13/2024,8:30,9174.4
10/13/2024,8:45,8984.8
10/13/2024,9:00,8954.4
10/13/2024,9:15,9228
10/13/2024,9:30,8977.6
10/13/2024,9:45,8999.2
10/13/2024,10:00,9044
10/13/2024,10:15,9082.4
10/13/2024,10:30,9067.2
10/13/2024,10:45,8799.2
10/13/2024,11:00,9100.8
10/13/2024,11:15,8858.4
10/13/2024,11:30,8704.8
10/13/2024,11:45,8719.2
10/13/2024,12:00,8664
10/13/2024,12:15,8767.2
10/13/2024,12:30,8520
10/13/2024,12:45,9086.4
10/13/2024,13:00,9001.6
10/13/2024,13:15,8850.4
10/13/2024,13:30,8866.4
10/13/2024,13:45,9417.6
10/13/2024,14:00,9250.4
10/13/2024,14:15,9728
10/13/2024,14:30,9673.6
10/13/2024,14:45,9312
10/13/2024,15:00,9540
10/13/2024,15:15,9543.2
10/13/2024,15:30,9661.6
10/13/2024,15:45,9667.2
10/13/2024,16:00,9720.8
10/13/2024,16:15,9911.2
10/13/2024,16:30,9820.8
10/13/2024,16:45,9839.2
10/13/2024,17:00,9975.2
10/13/2024,17:15,9932.8
10/13/2024,17:30,9960
10/13/2024,17:45,9971.2
10/13/2024,18:00,9988
10/13/2024,18:15,9942.4
10/13/2024,18:30,9980.8
10/13/2024,18:45,9998.4
10/13/2024,19:00,9952
10/13/2024,19:15,10004
10/13/2024,19:30,10010.4
10/13/2024,19:45,9983.2
10/13/2024,20:00,10005.6
10/13/2024,20:15,9996.8
10/13/2024,20:30,10002.4
10/13/2024,20:45,10015.2
10/13/2024,21:00,9956.8
10/13/2024,21:15,9964
10/13/2024,21:30,9941.6
10/13/2024,21:45,10021.6
10/13/2024,22:00,9945.6
10/13/2024,22:15,9962.4
10/13/2024,22:30,9971.2
10/13/2024,22:45,9988.8
10/13/2024,23:00,9979.2
10/13/2024,23:15,9945.6
10/13/2024,23:30,9936.8
10/13/2024,23:45,9952
10/14/2024,0:00,9961.6
10/14/2024,0:15,9956.8
10/14/2024,0:30,10044.8
10/14/2024,0:45,10013.6
10/14/2024,1:00,9967.2
10/14/2024,1:15,9956
10/14/2024,1:30,9939.2
10/14/2024,1:45,9935.2
10/14/2024,2:00,9983.2
10/14/2024,2:15,9931.2
10/14/2024,2:30,9958.4
10/14/2024,2:45,9980
10/14/2024,3:00,9973.6
10/14/2024,3:15,9980
10/14/2024,3:30,9994.4
10/14/2024,3:45,9984.8
10/14/2024,4:00,9958.4
10/14/2024,4:15,10001.6
10/14/2024,4:30,9980.8
10/14/2024,4:45,9988.8
10/14/2024,5:00,9991.2
10/14/2024,5:15,9940
10/14/2024,5:30,10004
10/14/2024,5:45,9993.6
10/14/2024,6:00,9961.6
10/14/2024,6:15,9999.2
10/14/2024,6:30,10013.6
10/14/2024,6:45,9956.8
10/14/2024,7:00,9907.2
10/14/2024,7:15,9754.4
10/14/2024,7:30,9386.4
10/14/2024,7:45,9405.6
10/14/2024,8:00,9271.2
10/14/2024,8:15,9301.6
10/14/2024,8:30,8233.6
10/14/2024,8:45,8560
10/14/2024,9:00,8192.8
10/14/2024,9:15,7823.2
10/14/2024,9:30,7660.8
10/14/2024,9:45,7549.6
10/14/2024,10:00,7481.6
10/14/2024,10:15,7298.4
10/14/2024,10:30,7178.4
10/14/2024,10:45,7066.4
10/14/2024,11:00,7088.8
10/14/2024,11:15,6927.2
10/14/2024,11:30,7231.2
10/14/2024,11:45,7306.4
10/14/2024,12:00,8528.8
10/14/2024,12:15,7042.4
10/14/2024,12:30,6884.8
10/14/2024,12:45,6924.8
10/14/2024,13:00,7067.2
10/14/2024,13:15,7911.2
10/14/2024,13:30,7392.8
10/14/2024,13:45,7236
10/14/2024,14:00,7508
10/14/2024,14:15,8103.2
10/14/2024,14:30,7904.8
10/14/2024,14:45,7945.6
10/14/2024,15:00,8151.2
10/14/2024,15:15,8773.6
10/14/2024,15:30,8785.6
10/14/2024,15:45,9056.8
10/14/2024,16:00,9137.6
10/14/2024,16:15,9394.4
10/14/2024,16:30,9563.2
10/14/2024,16:45,9716.8
10/14/2024,17:00,9834.4
10/14/2024,17:15,9943.2
10/14/2024,17:30,9940
10/14/2024,17:45,9991.2
10/14/2024,18:00,9980.8
10/14/2024,18:15,9976.8
10/14/2024,18:30,9973.6
10/14/2024,18:45,10004.8
10/14/2024,19:00,9998.4
10/14/2024,19:15,9979.2
10/14/2024,19:30,9954.4
10/14/2024,19:45,10036.8
10/14/2024,20:00,10004
10/14/2024,20:15,9975.2
10/14/2024,20:30,10003.2
10/14/2024,20:45,10024
10/14/2024,21:00,9987.2
10/14/2024,21:15,10024
10/14/2024,21:30,9991.2
10/14/2024,21:45,10035.2
10/14/2024,22:00,9964
10/14/2024,22:15,9956
10/14/2024,22:30,9971.2
10/14/2024,22:45,10007.2
10/14/2024,23:00,9987.2
10/14/2024,23:15,10000
10/14/2024,23:30,10001.6
10/14/2024,23:45,9997.6
10/15/2024,0:00,9975.2
10/15/2024,0:15,9990.4
10/15/2024,0:30,9964.8
10/15/2024,0:45,9978.4
10/15/2024,1:00,9954.4
10/15/2024,1:15,9941.6
10/15/2024,1:30,9931.2
10/15/2024,1:45,9936
10/15/2024,2:00,9949.6
10/15/2024,2:15,9936
10/15/2024,2:30,9940.8
10/15/2024,2:45,9926.4
10/15/2024,3:00,9970.4
10/15/2024,3:15,9927.2
10/15/2024,3:30,9936.8
10/15/2024,3:45,9948
10/15/2024,4:00,9972
10/15/2024,4:15,9938.4
10/15/2024,4:30,9944.8
10/15/2024,4:45,9968.8
10/15/2024,5:00,9966.4
10/15/2024,5:15,9938.4
10/15/2024,5:30,9933.6
10/15/2024,5:45,9935.2
10/15/2024,6:00,9945.6
10/15/2024,6:15,10010.4
10/15/2024,6:30,8082.4
10/15/2024,6:45,8072.8
10/15/2024,7:00,9934.4
10/15/2024,7:15,9665.6
10/15/2024,7:30,9437.6
10/15/2024,7:45,9208
10/15/2024,8:00,9014.4
10/15/2024,8:15,8764.8
10/15/2024,8:30,8529.6
10/15/2024,8:45,8365.6
10/15/2024,9:00,8113.6
10/15/2024,9:15,8019.2
10/15/2024,9:30,7905.6
10/15/2024,9:45,7785.6
10/15/2024,10:00,5896.8
10/15/2024,10:15,5892
10/15/2024,10:30,7432.8
10/15/2024,10:45,7417.6
10/15/2024,11:00,7256.8
10/15/2024,11:15,7116.8
10/15/2024,11:30,7219.2
10/15/2024,11:45,7877.6
10/15/2024,12:00,6788.8
10/15/2024,12:15,7942.4
10/15/2024,12:30,7274.4
10/15/2024,12:45,7510.4
10/15/2024,13:00,7334.4
10/15/2024,13:15,7572.8
10/15/2024,13:30,7520
10/15/2024,13:45,8141.6
10/15/2024,14:00,7783.2
10/15/2024,14:15,7891.2
10/15/2024,14:30,8275.2
10/15/2024,14:45,8153.6
10/15/2024,15:00,9005.6
10/15/2024,15:15,9052.8
10/15/2024,15:30,8923.2
10/15/2024,15:45,9436.8
10/15/2024,16:00,9423.2
10/15/2024,16:15,9534.4
10/15/2024,16:30,9573.6
10/15/2024,16:45,9610.4
10/15/2024,17:00,9876
10/15/2024,17:15,10029.6
10/15/2024,17:30,10042.4
10/15/2024,17:45,10079.2
10/15/2024,18:00,10095.2
10/15/2024,18:15,10081.6
10/15/2024,18:30,10101.6
10/15/2024,18:45,10123.2
10/15/2024,19:00,10122.4
10/15/2024,19:15,10090.4
10/15/2024,19:30,10104.8
10/15/2024,19:45,10093.6
10/15/2024,20:00,10076
10/15/2024,20:15,10092.8
10/15/2024,20:30,10115.2
10/15/2024,20:45,10070.4
10/15/2024,21:00,10085.6
10/15/2024,21:15,10092
10/15/2024,21:30,10067.2
10/15/2024,21:45,10052
10/15/2024,22:00,10068
10/15/2024,22:15,10069.6
10/15/2024,22:30,10040.8
10/15/2024,22:45,10066.4
10/15/2024,23:00,10045.6
10/15/2024,23:15,10048.8
10/15/2024,23:30,10037.6
10/15/2024,23:45,10048
10/16/2024,0:00,10027.2
10/16/2024,0:15,10030.4
10/16/2024,0:30,10026.4
10/16/2024,0:45,9990.4
10/16/2024,1:00,10038.4
10/16/2024,1:15,10027.2
10/16/2024,1:30,10025.6
10/16/2024,1:45,10027.2
10/16/2024,2:00,10024.8
10/16/2024,2:15,10035.2
10/16/2024,2:30,10043.2
10/16/2024,2:45,10010.4
10/16/2024,3:00,10022.4
10/16/2024,3:15,10015.2
10/16/2024,3:30,9964
10/16/2024,3:45,10001.6
10/16/2024,4:00,10032
10/16/2024,4:15,9992
10/16/2024,4:30,9945.6
10/16/2024,4:45,9973.6
10/16/2024,5:00,10006.4
10/16/2024,5:15,10013.6
10/16/2024,5:30,9958.4
10/16/2024,5:45,9987.2
10/16/2024,6:00,10000.8
10/16/2024,6:15,10003.2
10/16/2024,6:30,9984.8
10/16/2024,6:45,9908
10/16/2024,7:00,9804
10/16/2024,7:15,9612.8
10/16/2024,7:30,9496.8
10/16/2024,7:45,9160.8
10/16/2024,8:00,9282.4
10/16/2024,8:15,9027.2
10/16/2024,8:30,9130.4
10/16/2024,8:45,8726.4
10/16/2024,9:00,8621.6
10/16/2024,9:15,8170.4
10/16/2024,9:30,8807.2
10/16/2024,9:45,8493.6
10/16/2024,10:00,8684.8
10/16/2024,10:15,9285.6
10/16/2024,10:30,8468.8
10/16/2024,10:45,8167.2
10/16/2024,11:00,8876.8
10/16/2024,11:15,7925.6
10/16/2024,11:30,7265.6
10/16/2024,11:45,8216
10/16/2024,12:00,7548
10/16/2024,12:15,8664
10/16/2024,12:30,8952
10/16/2024,12:45,8228
10/16/2024,13:00,8008.8
10/16/2024,13:15,7136
10/16/2024,13:30,7954.4
10/16/2024,13:45,8612.8
10/16/2024,14:00,7581.6
10/16/2024,14:15,7464
10/16/2024,14:30,9198.4
10/16/2024,14:45,9444
10/16/2024,15:00,9280
10/16/2024,15:15,9603.2
10/16/2024,15:30,9579.2
10/16/2024,15:45,9752
10/16/2024,16:00,9486.4
10/16/2024,16:15,9569.6
10/16/2024,16:30,9859.2
10/16/2024,16:45,9882.4
10/16/2024,17:00,9865.6
10/16/2024,17:15,9962.4
10/16/2024,17:30,10013.6
10/16/2024,17:45,10025.6
10/16/2024,18:00,10023.2
10/16/2024,18:15,10031.2
10/16/2024,18:30,9972.8
10/16/2024,18:45,9982.4
10/16/2024,19:00,10004.8
10/16/2024,19:15,10051.2
10/16/2024,19:30,10048
10/16/2024,19:45,10065.6
10/16/2024,20:00,10061.6
10/16/2024,20:15,10052
10/16/2024,20:30,10032
10/16/2024,20:45,10052
10/16/2024,21:00,10052.8
10/16/2024,21:15,10057.6
10/16/2024,21:30,10025.6
10/16/2024,21:45,10052
10/16/2024,22:00,10096
10/16/2024,22:15,9996.8
10/16/2024,22:30,10070.4
10/16/2024,22:45,10075.2
10/16/2024,23:00,10016.8
10/16/2024,23:15,10038.4
10/16/2024,23:30,9972
10/16/2024,23:45,10002.4
10/17/2024,0:00,10009.6
10/17/2024,0:15,10009.6
10/17/2024,0:30,10019.2
10/17/2024,0:45,10020
10/17/2024,1:00,9985.6
10/17/2024,1:15,9991.2
10/17/2024,1:30,9979.2
10/17/2024,1:45,9986.4
10/17/2024,2:00,9986.4
10/17/2024,2:15,10012.8
10/17/2024,2:30,9979.2
10/17/2024,2:45,10014.4
10/17/2024,3:00,9982.4
10/17/2024,3:15,10017.6
10/17/2024,3:30,9984.8
10/17/2024,3:45,9996
10/17/2024,4:00,9992.8
10/17/2024,4:15,9976
10/17/2024,4:30,9996.8
10/17/2024,4:45,10017.6
10/17/2024,5:00,10001.6
10/17/2024,5:15,10024.8
10/17/2024,5:30,9963.2
10/17/2024,5:45,10020.8
10/17/2024,6:00,9992
10/17/2024,6:15,9988
10/17/2024,6:30,10012.8
10/17/2024,6:45,10005.6
10/17/2024,7:00,9984
10/17/2024,7:15,9892.8
10/17/2024,7:30,9850.4
10/17/2024,7:45,9887.2
10/17/2024,8:00,9879.2
10/17/2024,8:15,9847.2
10/17/2024,8:30,9481.6
10/17/2024,8:45,9554.4
10/17/2024,9:00,9572
10/17/2024,9:15,9639.2
10/17/2024,9:30,9534.4
10/17/2024,9:45,9453.6
10/17/2024,10:00,9428
10/17/2024,10:15,9402.4
10/17/2024,10:30,9060
10/17/2024,10:45,9052
10/17/2024,11:00,9237.6
10/17/2024,11:15,9554.4
10/17/2024,11:30,8936.8
10/17/2024,11:45,8648.8
10/17/2024,12:00,9092
10/17/2024,12:15,9283.2
10/17/2024,12:30,9142.4
10/17/2024,12:45,8574.4
10/17/2024,13:00,8856
10/17/2024,13:15,9253.6
10/17/2024,13:30,8775.2
10/17/2024,13:45,9501.6
10/17/2024,14:00,9442.4
10/17/2024,14:15,9376.8
10/17/2024,14:30,9393.6
10/17/2024,14:45,9481.6
10/17/2024,15:00,9473.6
10/17/2024,15:15,8052
10/17/2024,15:30,7715.2
10/17/2024,15:45,9627.2
10/17/2024,16:00,9922.4
10/17/2024,16:15,9958.4
10/17/2024,16:30,9927.2
10/17/2024,16:45,9970.4
10/17/2024,17:00,9954.4
10/17/2024,17:15,9924
10/17/2024,17:30,9960.8
10/17/2024,17:45,9998.4
10/17/2024,18:00,10028
10/17/2024,18:15,10022.4
10/17/2024,18:30,10028
10/17/2024,18:45,10061.6
10/17/2024,19:00,10009.6
10/17/2024,19:15,10056
10/17/2024,19:30,10031.2
10/17/2024,19:45,10021.6
10/17/2024,20:00,10026.4
10/17/2024,20:15,10063.2
10/17/2024,20:30,10040.8
10/17/2024,20:45,10006.4
10/17/2024,21:00,10032
10/17/2024,21:15,10032.8
10/17/2024,21:30,9981.6
10/17/2024,21:45,10024.8
10/17/2024,22:00,9996.8
10/17/2024,22:15,9929.6
10/17/2024,22:30,9972
10/17/2024,22:45,9986.4
10/17/2024,23:00,9953.6
10/17/2024,23:15,9969.6
10/17/2024,23:30,10006.4
10/17/2024,23:45,10028
10/18/2024,0:00,9990.4
10/18/2024,0:15,10022.4
10/18/2024,0:30,10012
10/18/2024,0:45,10000.8
10/18/2024,1:00,9991.2
10/18/2024,1:15,10005.6
10/18/2024,1:30,9969.6
10/18/2024,1:45,10008
10/18/2024,2:00,9977.6
10/18/2024,2:15,10004
10/18/2024,2:30,9998.4
10/18/2024,2:45,9999.2
10/18/2024,3:00,10008.8
10/18/2024,3:15,10000.8
10/18/2024,3:30,9988.8
10/18/2024,3:45,10012.8
10/18/2024,4:00,9979.2
10/18/2024,4:15,9987.2
10/18/2024,4:30,9996.8
10/18/2024,4:45,10024.8
10/18/2024,5:00,10017.6
10/18/2024,5:15,9972
10/18/2024,5:30,10035.2
10/18/2024,5:45,9988.8
10/18/2024,6:00,10018.4
10/18/2024,6:15,10007.2
10/18/2024,6:30,10049.6
10/18/2024,6:45,9989.6
10/18/2024,7:00,9921.6
10/18/2024,7:15,9844.8
10/18/2024,7:30,9889.6
10/18/2024,7:45,10006.4
10/18/2024,8:00,9772.8
10/18/2024,8:15,9959.2
10/18/2024,8:30,9525.6
10/18/2024,8:45,9278.4
10/18/2024,9:00,9103.2
10/18/2024,9:15,9238.4
10/18/2024,9:30,8715.2
10/18/2024,9:45,8892
10/18/2024,10:00,8617.6
10/18/2024,10:15,8439.2
10/18/2024,10:30,8552
10/18/2024,10:45,9116.8
10/18/2024,11:00,7928.8
10/18/2024,11:15,7705.6
10/18/2024,11:30,8088.8
10/18/2024,11:45,7719.2
10/18/2024,12:00,8635.2
10/18/2024,12:15,8877.6
10/18/2024,12:30,6993.6
10/18/2024,12:45,7700
10/18/2024,13:00,8484
10/18/2024,13:15,7628
10/18/2024,13:30,7185.6
10/18/2024,13:45,9437.6
10/18/2024,14:00,9212.8
10/18/2024,14:15,9061.6
10/18/2024,14:30,9566.4
10/18/2024,14:45,9736.8
10/18/2024,15:00,9916.8
10/18/2024,15:15,9957.6
10/18/2024,15:30,9928
10/18/2024,15:45,9918.4
10/18/2024,16:00,9904
10/18/2024,16:15,9976.8
10/18/2024,16:30,9995.2
10/18/2024,16:45,10028
10/18/2024,17:00,10093.6
10/18/2024,17:15,10087.2
10/18/2024,17:30,10057.6
10/18/2024,17:45,10040.8
10/18/2024,18:00,10023.2
10/18/2024,18:15,10001.6
10/18/2024,18:30,10000.8
10/18/2024,18:45,9976.8
10/18/2024,19:00,9982.4
10/18/2024,19:15,10036
10/18/2024,19:30,10088
10/18/2024,19:45,10065.6
10/18/2024,20:00,10033.6
10/18/2024,20:15,10063.2
10/18/2024,20:30,10027.2
10/18/2024,20:45,10077.6
10/18/2024,21:00,10051.2
10/18/2024,21:15,9999.2
10/18/2024,21:30,10039.2
10/18/2024,21:45,10049.6
10/18/2024,22:00,10077.6
10/18/2024,22:15,10072
10/18/2024,22:30,10047.2
10/18/2024,22:45,10036.8
10/18/2024,23:00,10069.6
10/18/2024,23:15,10052.8
10/18/2024,23:30,10022.4
10/18/2024,23:45,10100.8
10/19/2024,0:00,10021.6
10/19/2024,0:15,10029.6
10/19/2024,0:30,9999.2
10/19/2024,0:45,10021.6
10/19/2024,1:00,10018.4
10/19/2024,1:15,10037.6
10/19/2024,1:30,10026.4
10/19/2024,1:45,10013.6
10/19/2024,2:00,10003.2
10/19/2024,2:15,10012
10/19/2024,2:30,10000.8
10/19/2024,2:45,10016.8
10/19/2024,3:00,10007.2
10/19/2024,3:15,10020.8
10/19/2024,3:30,10016.8
10/19/2024,3:45,10024
10/19/2024,4:00,10007.2
10/19/2024,4:15,10109.6
10/19/2024,4:30,10044.8
10/19/2024,4:45,10100
10/19/2024,5:00,10026.4
10/19/2024,5:15,10017.6
10/19/2024,5:30,9989.6
10/19/2024,5:45,10005.6
10/19/2024,6:00,10000.8
10/19/2024,6:15,10008.8
10/19/2024,6:30,9996.8
10/19/2024,6:45,9974.4
10/19/2024,7:00,9983.2
10/19/2024,7:15,9912.8
10/19/2024,7:30,9972.8
10/19/2024,7:45,9812
10/19/2024,8:00,9795.2
10/19/2024,8:15,9710.4
10/19/2024,8:30,9560.8
10/19/2024,8:45,9272.8
10/19/2024,9:00,8965.6
10/19/2024,9:15,8568
10/19/2024,9:30,8114.4
10/19/2024,9:45,8320.8
10/19/2024,10:00,8064.8
10/19/2024,10:15,8149.6
10/19/2024,10:30,8325.6
10/19/2024,10:45,8170.4
10/19/2024,11:00,8460
10/19/2024,11:15,8737.6
10/19/2024,11:30,8397.6
10/19/2024,11:45,8652.8
10/19/2024,12:00,8377.6
10/19/2024,12:15,7819.2
10/19/2024,12:30,7976
10/19/2024,12:45,8500.8
10/19/2024,13:00,8097.6
10/19/2024,13:15,8864
10/19/2024,13:30,8044.8
10/19/2024,13:45,8628.8
10/19/2024,14:00,9017.6
10/19/2024,14:15,9064.8
10/19/2024,14:30,8444
10/19/2024,14:45,9220.8
10/19/2024,15:00,8674.4
10/19/2024,15:15,9132
10/19/2024,15:30,9185.6
10/19/2024,15:45,9284.8
10/19/2024,16:00,9313.6
10/19/2024,16:15,9283.2
10/19/2024,16:30,9641.6
10/19/2024,16:45,9723.2
10/19/2024,17:00,9866.4
10/19/2024,17:15,9962.4
10/19/2024,17:30,10032
10/19/2024,17:45,10040.8
10/19/2024,18:00,10009.6
10/19/2024,18:15,9995.2
10/19/2024,18:30,10019.2
10/19/2024,18:45,10048
10/19/2024,19:00,10033.6
10/19/2024,19:15,10059.2
10/19/2024,19:30,9989.6
10/19/2024,19:45,9996
10/19/2024,20:00,10145.6
10/19/2024,20:15,10034.4
10/19/2024,20:30,10032.8
10/19/2024,20:45,10000.8
10/19/2024,21:00,10004.8
10/19/2024,21:15,10004
10/19/2024,21:30,10024
10/19/2024,21:45,10045.6
10/19/2024,22:00,10039.2
10/19/2024,22:15,10048.8
10/19/2024,22:30,10012.8
10/19/2024,22:45,10018.4
10/19/2024,23:00,10036.8
10/19/2024,23:15,9975.2
10/19/2024,23:30,9982.4
10/19/2024,23:45,10023.2
10/20/2024,0:00,10026.4
10/20/2024,0:15,10025.6
10/20/2024,0:30,9952.8
10/20/2024,0:45,10037.6
10/20/2024,1:00,10044.8
10/20/2024,1:15,10026.4
10/20/2024,1:30,10033.6
10/20/2024,1:45,9991.2
10/20/2024,2:00,9996
10/20/2024,2:15,9996
10/20/2024,2:30,9970.4
10/20/2024,2:45,9988.8
10/20/2024,3:00,9978.4
10/20/2024,3:15,9999.2
10/20/2024,3:30,10003.2
10/20/2024,3:45,9984
10/20/2024,4:00,10008
10/20/2024,4:15,10013.6
10/20/2024,4:30,9965.6
10/20/2024,4:45,9992
10/20/2024,5:00,9988.8
10/20/2024,5:15,9999.2
10/20/2024,5:30,10000.8
10/20/2024,5:45,9969.6
10/20/2024,6:00,10000.8
10/20/2024,6:15,10046.4
10/20/2024,6:30,9962.4
10/20/2024,6:45,9820
10/20/2024,7:00,9787.2
10/20/2024,7:15,9561.6
10/20/2024,7:30,9399.2
10/20/2024,7:45,9273.6
10/20/2024,8:00,8664
10/20/2024,8:15,8505.6
10/20/2024,8:30,8263.2
10/20/2024,8:45,8067.2
10/20/2024,9:00,7879.2
10/20/2024,9:15,8143.2
10/20/2024,9:30,7585.6
10/20/2024,9:45,7298.4
10/20/2024,10:00,7036
10/20/2024,10:15,7176
10/20/2024,10:30,7742.4
10/20/2024,10:45,7772
10/20/2024,11:00,7436
10/20/2024,11:15,6933.6
10/20/2024,11:30,7838.4
10/20/2024,11:45,6784
10/20/2024,12:00,6690.4
10/20/2024,12:15,8601.6
10/20/2024,12:30,8226.4
10/20/2024,12:45,7486.4
10/20/2024,13:00,8391.2
10/20/2024,13:15,6794.4
10/20/2024,13:30,8176.8
10/20/2024,13:45,8663.2
10/20/2024,14:00,8736.8
10/20/2024,14:15,8798.4
10/20/2024,14:30,8565.6
10/20/2024,14:45,8844.8
10/20/2024,15:00,8476.8
10/20/2024,15:15,8958.4
10/20/2024,15:30,9108
10/20/2024,15:45,9476.8
10/20/2024,16:00,9506.4
10/20/2024,16:15,9562.4
10/20/2024,16:30,9798.4
10/20/2024,16:45,9843.2
10/20/2024,17:00,9972
10/20/2024,17:15,10006.4
10/20/2024,17:30,9997.6
10/20/2024,17:45,9972.8
10/20/2024,18:00,9993.6
10/20/2024,18:15,9977.6
10/20/2024,18:30,9992
10/20/2024,18:45,9964
10/20/2024,19:00,10004
10/20/2024,19:15,9988
10/20/2024,19:30,9978.4
10/20/2024,19:45,9976
10/20/2024,20:00,10021.6
10/20/2024,20:15,10024.8
10/20/2024,20:30,10021.6
10/20/2024,20:45,9980
10/20/2024,21:00,10028
10/20/2024,21:15,10024.8
10/20/2024,21:30,9988
10/20/2024,21:45,10022.4
10/20/2024,22:00,10008.8
10/20/2024,22:15,9989.6
10/20/2024,22:30,10026.4
10/20/2024,22:45,10040.8
10/20/2024,23:00,10042.4
10/20/2024,23:15,10036
10/20/2024,23:30,10008
10/20/2024,23:45,9994.4
10/21/2024,0:00,10041.6
10/21/2024,0:15,10009.6
10/21/2024,0:30,10023.2
10/21/2024,0:45,9995.2
10/21/2024,1:00,10031.2
10/21/2024,1:15,10024.8
10/21/2024,1:30,9996
10/21/2024,1:45,10038.4
10/21/2024,2:00,10012
10/21/2024,2:15,10036.8
10/21/2024,2:30,9960
10/21/2024,2:45,9956
10/21/2024,3:00,9968.8
10/21/2024,3:15,9953.6
10/21/2024,3:30,9993.6
10/21/2024,3:45,9957.6
10/21/2024,4:00,9972
10/21/2024,4:15,9952.8
10/21/2024,4:30,9963.2
10/21/2024,4:45,9990.4
10/21/2024,5:00,9969.6
10/21/2024,5:15,9960.8
10/21/2024,5:30,9969.6
10/21/2024,5:45,9945.6
10/21/2024,6:00,9976.8
10/21/2024,6:15,9938.4
10/21/2024,6:30,9941.6
10/21/2024,6:45,9942.4
10/21/2024,7:00,9889.6
10/21/2024,7:15,9852
10/21/2024,7:30,9924.8
10/21/2024,7:45,9814.4
10/21/2024,8:00,9709.6
10/21/2024,8:15,9728.8
10/21/2024,8:30,9459.2
10/21/2024,8:45,9277.6
10/21/2024,9:00,9308.8
10/21/2024,9:15,9466.4
10/21/2024,9:30,9136.8
10/21/2024,9:45,9496
10/21/2024,10:00,9193.6
10/21/2024,10:15,9188
10/21/2024,10:30,8837.6
10/21/2024,10:45,9308
10/21/2024,11:00,9440
10/21/2024,11:15,9240.8
10/21/2024,11:30,8967.2
10/21/2024,11:45,8917.6
10/21/2024,12:00,8387.2
10/21/2024,12:15,7658.4
10/21/2024,12:30,8592.8
10/21/2024,12:45,8552
10/21/2024,13:00,8476.8
10/21/2024,13:15,8077.6
10/21/2024,13:30,8737.6
10/21/2024,13:45,9094.4
10/21/2024,14:00,9586.4
10/21/2024,14:15,9791.2
10/21/2024,14:30,9715.2
10/21/2024,14:45,9576
10/21/2024,15:00,9603.2
10/21/2024,15:15,9636.8
10/21/2024,15:30,9660.8
10/21/2024,15:45,9674.4
10/21/2024,16:00,9859.2
10/21/2024,16:15,9911.2
10/21/2024,16:30,9906.4
10/21/2024,16:45,9836
10/21/2024,17:00,9891.2
10/21/2024,17:15,9932.8
10/21/2024,17:30,9945.6
10/21/2024,17:45,9938.4
10/21/2024,18:00,9900.8
10/21/2024,18:15,9929.6
10/21/2024,18:30,9873.6
10/21/2024,18:45,9934.4
10/21/2024,19:00,9932
10/21/2024,19:15,9920.8
10/21/2024,19:30,9891.2
10/21/2024,19:45,9899.2
10/21/2024,20:00,9905.6
10/21/2024,20:15,9893.6
10/21/2024,20:30,9891.2
10/21/2024,20:45,9966.4
10/21/2024,21:00,9915.2
10/21/2024,21:15,9913.6
10/21/2024,21:30,9940.8
10/21/2024,21:45,9961.6
10/21/2024,22:00,9914.4
10/21/2024,22:15,9956
10/21/2024,22:30,9924
10/21/2024,22:45,9923.2
10/21/2024,23:00,9928
10/21/2024,23:15,9938.4
10/21/2024,23:30,9928
10/21/2024,23:45,9900
10/22/2024,0:00,9946.4
10/22/2024,0:15,9920.8
10/22/2024,0:30,9915.2
10/22/2024,0:45,9897.6
10/22/2024,1:00,9901.6
10/22/2024,1:15,9903.2
10/22/2024,1:30,9890.4
10/22/2024,1:45,9892.8
10/22/2024,2:00,9911.2
10/22/2024,2:15,9906.4
10/22/2024,2:30,9919.2
10/22/2024,2:45,9918.4
10/22/2024,3:00,9912.8
10/22/2024,3:15,9932
10/22/2024,3:30,9916
10/22/2024,3:45,9908
10/22/2024,4:00,9915.2
10/22/2024,4:15,9916
10/22/2024,4:30,9885.6
10/22/2024,4:45,9920.8
10/22/2024,5:00,9933.6
10/22/2024,5:15,9940
10/22/2024,5:30,9944
10/22/2024,5:45,9939.2
10/22/2024,6:00,9860.8
10/22/2024,6:15,9867.2
10/22/2024,6:30,9916.8
10/22/2024,6:45,9938.4
10/22/2024,7:00,9828
10/22/2024,7:15,9734.4
10/22/2024,7:30,9664.8
10/22/2024,7:45,9265.6
10/22/2024,8:00,9558.4
10/22/2024,8:15,9872
10/22/2024,8:30,9912
10/22/2024,8:45,9716.8
10/22/2024,9:00,9763.2
10/22/2024,9:15,9766.4
10/22/2024,9:30,9778.4
10/22/2024,9:45,9778.4
10/22/2024,10:00,9733.6
10/22/2024,10:15,8424.8
10/22/2024,10:30,9410.4
10/22/2024,10:45,9720.8
10/22/2024,11:00,9557.6
10/22/2024,11:15,9698.4
10/22/2024,11:30,9664
10/22/2024,11:45,9249.6
10/22/2024,12:00,9572.8
10/22/2024,12:15,9652
10/22/2024,12:30,9599.2
10/22/2024,12:45,9079.2
10/22/2024,13:00,7988
10/22/2024,13:15,8192.8
10/22/2024,13:30,8484
10/22/2024,13:45,9339.2
10/22/2024,14:00,8870.4
10/22/2024,14:15,8236.8
10/22/2024,14:30,8608
10/22/2024,14:45,9347.2
10/22/2024,15:00,9388.8
10/22/2024,15:15,9562.4
10/22/2024,15:30,9375.2
10/22/2024,15:45,8928.8
10/22/2024,16:00,9276
10/22/2024,16:15,9482.4
10/22/2024,16:30,9598.4
10/22/2024,16:45,9717.6
10/22/2024,17:00,9828
10/22/2024,17:15,9922.4
10/22/2024,17:30,9971.2
10/22/2024,17:45,9946.4
10/22/2024,18:00,9981.6
10/22/2024,18:15,9960
10/22/2024,18:30,9976
10/22/2024,18:45,9969.6
10/22/2024,19:00,9992
10/22/2024,19:15,9988
10/22/2024,19:30,9972
10/22/2024,19:45,10009.6
10/22/2024,20:00,9938.4
10/22/2024,20:15,9992
10/22/2024,20:30,10016.8
10/22/2024,20:45,9972.8
10/22/2024,21:00,9962.4
10/22/2024,21:15,10043.2
10/22/2024,21:30,10015.2
10/22/2024,21:45,10008
10/22/2024,22:00,10018.4
10/22/2024,22:15,9988.8
10/22/2024,22:30,9976
10/22/2024,22:45,9949.6
10/22/2024,23:00,9957.6
10/22/2024,23:15,9959.2
10/22/2024,23:30,9964.8
10/22/2024,23:45,9944
10/23/2024,0:00,9968
10/23/2024,0:15,9921.6
10/23/2024,0:30,9949.6
10/23/2024,0:45,9888.8
10/23/2024,1:00,9892.8
10/23/2024,1:15,9892
10/23/2024,1:30,9914.4
10/23/2024,1:45,9887.2
10/23/2024,2:00,9911.2
10/23/2024,2:15,9892
10/23/2024,2:30,9916
10/23/2024,2:45,9924
10/23/2024,3:00,9910.4
10/23/2024,3:15,9926.4
10/23/2024,3:30,9892.8
10/23/2024,3:45,9900.8
10/23/2024,4:00,9910.4
10/23/2024,4:15,9903.2
10/23/2024,4:30,9937.6
10/23/2024,4:45,9897.6
10/23/2024,5:00,9914.4
10/23/2024,5:15,9897.6
10/23/2024,5:30,9954.4
10/23/2024,5:45,9920
10/23/2024,6:00,9918.4
10/23/2024,6:15,9908
10/23/2024,6:30,9888
10/23/2024,6:45,9785.6
10/23/2024,7:00,9637.6
10/23/2024,7:15,9508.8
10/23/2024,7:30,9310.4
10/23/2024,7:45,9130.4
10/23/2024,8:00,8937.6
10/23/2024,8:15,8639.2
10/23/2024,8:30,8347.2
10/23/2024,8:45,8087.2
10/23/2024,9:00,7880.8
10/23/2024,9:15,7612
10/23/2024,9:30,7488
10/23/2024,9:45,7412.8
10/23/2024,10:00,7232.8
10/23/2024,10:15,7185.6
10/23/2024,10:30,7096
10/23/2024,10:45,6923.2
10/23/2024,11:00,6856
10/23/2024,11:15,6772.8
10/23/2024,11:30,6730.4
10/23/2024,11:45,6703.2
10/23/2024,12:00,6755.2
10/23/2024,12:15,6768.8
10/23/2024,12:30,6796
10/23/2024,12:45,6866.4
10/23/2024,13:00,6940.8
10/23/2024,13:15,7068.8
10/23/2024,13:30,7184
10/23/2024,13:45,7355.2
10/23/2024,14:00,7438.4
10/23/2024,14:15,7584
10/23/2024,14:30,7729.6
10/23/2024,14:45,7935.2
10/23/2024,15:00,8116
10/23/2024,15:15,8328.8
10/23/2024,15:30,8539.2
10/23/2024,15:45,8778.4
10/23/2024,16:00,9034.4
10/23/2024,16:15,9242.4
10/23/2024,16:30,9447.2
10/23/2024,16:45,9668.8
10/23/2024,17:00,9762.4
10/23/2024,17:15,8174.4
10/23/2024,17:30,8232.8
10/23/2024,17:45,9884.8
10/23/2024,18:00,9891.2
10/23/2024,18:15,9924.8
10/23/2024,18:30,9928
10/23/2024,18:45,9918.4
10/23/2024,19:00,9930.4
10/23/2024,19:15,9928
10/23/2024,19:30,9952
10/23/2024,19:45,9974.4
10/23/2024,20:00,9927.2
10/23/2024,20:15,9965.6
10/23/2024,20:30,9963.2
10/23/2024,20:45,9931.2
10/23/2024,21:00,9919.2
10/23/2024,21:15,9948.8
10/23/2024,21:30,9962.4
10/23/2024,21:45,9969.6
10/23/2024,22:00,9926.4
10/23/2024,22:15,9918.4
10/23/2024,22:30,9991.2
10/23/2024,22:45,9966.4
10/23/2024,23:00,9948
10/23/2024,23:15,9952
10/23/2024,23:30,9943.2
10/23/2024,23:45,9982.4
10/24/2024,0:00,9954.4
10/24/2024,0:15,9952.8
10/24/2024,0:30,9948
10/24/2024,0:45,9980.8
10/24/2024,1:00,9951.2
10/24/2024,1:15,9960
10/24/2024,1:30,9928.8
10/24/2024,1:45,9920.8
10/24/2024,2:00,9984.8
10/24/2024,2:15,9929.6
10/24/2024,2:30,9948.8
10/24/2024,2:45,9969.6
10/24/2024,3:00,9995.2
10/24/2024,3:15,9988.8
10/24/2024,3:30,10045.6
10/24/2024,3:45,9988.8
10/24/2024,4:00,10061.6
10/24/2024,4:15,9976
10/24/2024,4:30,10007.2
10/24/2024,4:45,9993.6
10/24/2024,5:00,9964.8
10/24/2024,5:15,9968
10/24/2024,5:30,9988
10/24/2024,5:45,9980.8
10/24/2024,6:00,10012.8
10/24/2024,6:15,9979.2
10/24/2024,6:30,9956
10/24/2024,6:45,9856.8
10/24/2024,7:00,9692
10/24/2024,7:15,9550.4
10/24/2024,7:30,9349.6
10/24/2024,7:45,9159.2
10/24/2024,8:00,8904
10/24/2024,8:15,8710.4
10/24/2024,8:30,8184
10/24/2024,8:45,8155.2
10/24/2024,9:00,7882.4
10/24/2024,9:15,7780
10/24/2024,9:30,7512.8
10/24/2024,9:45,7362.4
10/24/2024,10:00,7249.6
10/24/2024,10:15,7125.6
10/24/2024,10:30,7001.6
10/24/2024,10:45,6986.4
10/24/2024,11:00,6939.2
10/24/2024,11:15,6862.4
10/24/2024,11:30,6832
10/24/2024,11:45,6869.6
10/24/2024,12:00,6828
10/24/2024,12:15,6855.2
10/24/2024,12:30,6836.8
10/24/2024,12:45,6924.8
10/24/2024,13:00,7025.6
10/24/2024,13:15,7104.8
10/24/2024,13:30,7230.4
10/24/2024,13:45,7354.4
10/24/2024,14:00,7485.6
10/24/2024,14:15,7693.6
10/24/2024,14:30,7888
10/24/2024,14:45,8032
10/24/2024,15:00,8259.2
10/24/2024,15:15,8470.4
10/24/2024,15:30,8660.8
10/24/2024,15:45,8872
10/24/2024,16:00,9112
10/24/2024,16:15,9312.8
10/24/2024,16:30,9601.6
10/24/2024,16:45,9776
10/24/2024,17:00,9895.2
10/24/2024,17:15,10019.2
10/24/2024,17:30,9949.6
10/24/2024,17:45,9988.8
10/24/2024,18:00,9998.4
10/24/2024,18:15,9973.6
10/24/2024,18:30,9986.4
10/24/2024,18:45,9933.6
10/24/2024,19:00,9996.8
10/24/2024,19:15,9976.8
10/24/2024,19:30,9994.4
10/24/2024,19:45,10112
10/24/2024,20:00,9945.6
10/24/2024,20:15,10014.4
10/24/2024,20:30,9975.2
10/24/2024,20:45,10035.2
10/24/2024,21:00,9977.6
10/24/2024,21:15,10090.4
10/24/2024,21:30,10008.8
10/24/2024,21:45,10061.6
10/24/2024,22:00,10112
10/24/2024,22:15,9996.8
10/24/2024,22:30,10025.6
10/24/2024,22:45,9955.2
10/24/2024,23:00,9984
10/24/2024,23:15,9963.2
10/24/2024,23:30,10052
10/24/2024,23:45,10018.4
10/25/2024,0:00,10048
10/25/2024,0:15,10031.2
10/25/2024,0:30,10044.8
10/25/2024,0:45,10019.2
10/25/2024,1:00,9978.4
10/25/2024,1:15,10024.8
10/25/2024,1:30,9944.8
10/25/2024,1:45,10002.4
10/25/2024,2:00,9997.6
10/25/2024,2:15,10037.6
10/25/2024,2:30,10063.2
10/25/2024,2:45,10096.8
10/25/2024,3:00,10076.8
10/25/2024,3:15,10049.6
10/25/2024,3:30,10048.8
10/25/2024,3:45,9992
10/25/2024,4:00,10097.6
10/25/2024,4:15,9955.2
10/25/2024,4:30,9956.8
10/25/2024,4:45,9962.4
10/25/2024,5:00,10028.8
10/25/2024,5:15,9983.2
10/25/2024,5:30,9955.2
10/25/2024,5:45,9961.6
10/25/2024,6:00,9929.6
10/25/2024,6:15,9960
10/25/2024,6:30,9957.6
10/25/2024,6:45,9923.2
10/25/2024,7:00,9710.4
10/25/2024,7:15,9628.8
10/25/2024,7:30,9326.4
10/25/2024,7:45,9340
10/25/2024,8:00,9256
10/25/2024,8:15,9004
10/25/2024,8:30,8813.6
10/25/2024,8:45,8193.6
10/25/2024,9:00,8056
10/25/2024,9:15,7864.8
10/25/2024,9:30,7834.4
10/25/2024,9:45,7504.8
10/25/2024,10:00,7795.2
10/25/2024,10:15,8206.4
10/25/2024,10:30,7632
10/25/2024,10:45,5491.2
10/25/2024,11:00,7033.6
10/25/2024,11:15,8189.6
10/25/2024,11:30,7480.8
10/25/2024,11:45,7507.2
10/25/2024,12:00,7428
10/25/2024,12:15,6714.4
10/25/2024,12:30,7093.6
10/25/2024,12:45,7308
10/25/2024,13:00,7294.4
10/25/2024,13:15,7372.8
10/25/2024,13:30,7385.6
10/25/2024,13:45,7536
10/25/2024,14:00,7677.6
10/25/2024,14:15,7790.4
10/25/2024,14:30,8009.6
10/25/2024,14:45,8076.8
10/25/2024,15:00,8432
10/25/2024,15:15,8608.8
10/25/2024,15:30,8883.2
10/25/2024,15:45,9077.6
10/25/2024,16:00,9357.6
10/25/2024,16:15,9504
10/25/2024,16:30,9648
10/25/2024,16:45,9916.8
10/25/2024,17:00,10007.2
10/25/2024,17:15,10077.6
10/25/2024,17:30,10056
10/25/2024,17:45,10036
10/25/2024,18:00,10141.6
10/25/2024,18:15,10141.6
10/25/2024,18:30,10149.6
10/25/2024,18:45,10126.4
10/25/2024,19:00,10153.6
10/25/2024,19:15,10096
10/25/2024,19:30,10160
10/25/2024,19:45,10076.8
10/25/2024,20:00,10127.2
10/25/2024,20:15,10159.2
10/25/2024,20:30,10104
10/25/2024,20:45,10117.6
10/25/2024,21:00,10145.6
10/25/2024,21:15,10128.8
10/25/2024,21:30,10155.2
10/25/2024,21:45,10113.6
10/25/2024,22:00,10155.2
10/25/2024,22:15,10140
10/25/2024,22:30,10156.8
10/25/2024,22:45,10088.8
10/25/2024,23:00,10120
10/25/2024,23:15,10138.4
10/25/2024,23:30,10113.6
10/25/2024,23:45,10135.2
10/26/2024,0:00,10148.8
10/26/2024,0:15,10128.8
10/26/2024,0:30,10081.6
10/26/2024,0:45,10109.6
10/26/2024,1:00,10134.4
10/26/2024,1:15,10115.2
10/26/2024,1:30,10116
10/26/2024,1:45,10106.4
10/26/2024,2:00,10094.4
10/26/2024,2:15,10083.2
10/26/2024,2:30,10082.4
10/26/2024,2:45,10100
10/26/2024,3:00,10114.4
10/26/2024,3:15,10086.4
10/26/2024,3:30,10098.4
10/26/2024,3:45,10089.6
10/26/2024,4:00,10067.2
10/26/2024,4:15,10080
10/26/2024,4:30,10079.2
10/26/2024,4:45,10120
10/26/2024,5:00,10080.8
10/26/2024,5:15,10088
10/26/2024,5:30,10087.2
10/26/2024,5:45,10094.4
10/26/2024,6:00,10106.4
10/26/2024,6:15,10053.6
10/26/2024,6:30,10075.2
10/26/2024,6:45,9998.4
10/26/2024,7:00,9887.2
10/26/2024,7:15,9735.2
10/26/2024,7:30,9632
10/26/2024,7:45,9625.6
10/26/2024,8:00,9192
10/26/2024,8:15,9064
10/26/2024,8:30,8816
10/26/2024,8:45,8574.4
10/26/2024,9:00,8313.6
10/26/2024,9:15,8211.2
10/26/2024,9:30,8177.6
10/26/2024,9:45,8587.2
10/26/2024,10:00,7765.6
10/26/2024,10:15,7994.4
10/26/2024,10:30,8805.6
10/26/2024,10:45,8541.6
10/26/2024,11:00,8347.2
10/26/2024,11:15,8116
10/26/2024,11:30,7909.6
10/26/2024,11:45,7353.6
10/26/2024,12:00,7844.8
10/26/2024,12:15,9044.8
10/26/2024,12:30,9053.6
10/26/2024,12:45,8441.6
10/26/2024,13:00,8736.8
10/26/2024,13:15,9175.2
10/26/2024,13:30,8773.6
10/26/2024,13:45,9729.6
10/26/2024,14:00,9396.8
10/26/2024,14:15,9056
10/26/2024,14:30,9108
10/26/2024,14:45,9336.8
10/26/2024,15:00,9498.4
10/26/2024,15:15,9411.2
10/26/2024,15:30,9468.8
10/26/2024,15:45,9732
10/26/2024,16:00,9724
10/26/2024,16:15,9880.8
10/26/2024,16:30,9945.6
10/26/2024,16:45,10052.8
10/26/2024,17:00,10168
10/26/2024,17:15,10126.4
10/26/2024,17:30,10092
10/26/2024,17:45,10093.6
10/26/2024,18:00,10080.8
10/26/2024,18:15,10139.2
10/26/2024,18:30,10153.6
10/26/2024,18:45,10150.4
10/26/2024,19:00,10100
10/26/2024,19:15,10138.4
10/26/2024,19:30,10121.6
10/26/2024,19:45,10116.8
10/26/2024,20:00,10120
10/26/2024,20:15,10096
10/26/2024,20:30,10111.2
10/26/2024,20:45,10128
10/26/2024,21:00,10111.2
10/26/2024,21:15,10161.6
10/26/2024,21:30,10149.6
10/26/2024,21:45,10152
10/26/2024,22:00,10124
10/26/2024,22:15,10124.8
10/26/2024,22:30,10127.2
10/26/2024,22:45,10159.2
10/26/2024,23:00,10136.8
10/26/2024,23:15,10140.8
10/26/2024,23:30,10164.8
10/26/2024,23:45,10156
10/27/2024,0:00,10130.4
10/27/2024,0:15,10124
10/27/2024,0:30,10100.8
10/27/2024,0:45,10132
10/27/2024,1:00,10127.2
10/27/2024,1:15,10085.6
10/27/2024,1:30,10100
10/27/2024,1:45,10078.4
10/27/2024,2:00,10118.4
10/27/2024,2:15,10106.4
10/27/2024,2:30,10102.4
10/27/2024,2:45,10128.8
10/27/2024,3:00,10131.2
10/27/2024,3:15,10130.4
10/27/2024,3:30,10151.2
10/27/2024,3:45,10094.4
10/27/2024,4:00,10142.4
10/27/2024,4:15,10166.4
10/27/2024,4:30,10145.6
10/27/2024,4:45,10164.8
10/27/2024,5:00,10177.6
10/27/2024,5:15,10159.2
10/27/2024,5:30,10154.4
10/27/2024,5:45,10148
10/27/2024,6:00,10131.2
10/27/2024,6:15,10136.8
10/27/2024,6:30,10166.4
10/27/2024,6:45,10120.8
10/27/2024,7:00,10072
10/27/2024,7:15,9972.8
10/27/2024,7:30,10046.4
10/27/2024,7:45,10007.2
10/27/2024,8:00,10074.4
10/27/2024,8:15,10004.8
10/27/2024,8:30,9888
10/27/2024,8:45,9714.4
10/27/2024,9:00,9576.8
10/27/2024,9:15,9262.4
10/27/2024,9:30,9313.6
10/27/2024,9:45,9392.8
10/27/2024,10:00,9238.4
10/27/2024,10:15,9121.6
10/27/2024,10:30,9359.2
10/27/2024,10:45,9359.2
10/27/2024,11:00,9248
10/27/2024,11:15,9380
10/27/2024,11:30,9344.8
10/27/2024,11:45,9345.6
10/27/2024,12:00,8917.6
10/27/2024,12:15,9033.6
10/27/2024,12:30,9302.4
10/27/2024,12:45,8983.2
10/27/2024,13:00,9112
10/27/2024,13:15,9219.2
10/27/2024,13:30,9544.8
10/27/2024,13:45,9759.2
10/27/2024,14:00,9642.4
10/27/2024,14:15,9764
10/27/2024,14:30,9746.4
10/27/2024,14:45,9681.6
10/27/2024,15:00,9546.4
10/27/2024,15:15,9321.6
10/27/2024,15:30,9571.2
10/27/2024,15:45,9930.4
10/27/2024,16:00,9952
10/27/2024,16:15,10016.8
10/27/2024,16:30,10065.6
10/27/2024,16:45,10128
10/27/2024,17:00,10135.2
10/27/2024,17:15,10152
10/27/2024,17:30,10156
10/27/2024,17:45,10130.4
10/27/2024,18:00,10155.2
10/27/2024,18:15,10172
10/27/2024,18:30,10139.2
10/27/2024,18:45,10152.8
10/27/2024,19:00,10167.2
10/27/2024,19:15,10156.8
10/27/2024,19:30,10139.2
10/27/2024,19:45,10167.2
10/27/2024,20:00,10154.4
10/27/2024,20:15,10161.6
10/27/2024,20:30,10154.4
10/27/2024,20:45,10193.6
10/27/2024,21:00,10167.2
10/27/2024,21:15,10126.4
10/27/2024,21:30,10132
10/27/2024,21:45,10128.8
10/27/2024,22:00,10164.8
10/27/2024,22:15,10165.6
10/27/2024,22:30,10153.6
10/27/2024,22:45,10142.4
10/27/2024,23:00,10136.8
10/27/2024,23:15,10152.8
10/27/2024,23:30,10135.2
10/27/2024,23:45,10145.6
10/28/2024,0:00,10159.2
10/28/2024,0:15,10106.4
10/28/2024,0:30,10140.8
10/28/2024,0:45,10112.8
10/28/2024,1:00,10140
10/28/2024,1:15,10081.6
10/28/2024,1:30,10077.6
10/28/2024,1:45,10088.8
10/28/2024,2:00,10088
10/28/2024,2:15,10116
10/28/2024,2:30,10097.6
10/28/2024,2:45,10117.6
10/28/2024,3:00,10104
10/28/2024,3:15,10103.2
10/28/2024,3:30,10094.4
10/28/2024,3:45,10142.4
10/28/2024,4:00,10103.2
10/28/2024,4:15,10121.6
10/28/2024,4:30,10139.2
10/28/2024,4:45,10136
10/28/2024,5:00,10141.6
10/28/2024,5:15,10148
10/28/2024,5:30,10128
10/28/2024,5:45,10108.8
10/28/2024,6:00,10123.2
10/28/2024,6:15,10112.8
10/28/2024,6:30,10117.6
10/28/2024,6:45,10091.2
10/28/2024,7:00,9920
10/28/2024,7:15,9840.8
10/28/2024,7:30,9705.6
10/28/2024,7:45,9559.2
10/28/2024,8:00,9410.4
10/28/2024,8:15,9248.8
10/28/2024,8:30,9048.8
10/28/2024,8:45,8904
10/28/2024,9:00,8716.8
10/28/2024,9:15,8547.2
10/28/2024,9:30,8449.6
10/28/2024,9:45,8072
10/28/2024,10:00,7991.2
10/28/2024,10:15,7908
10/28/2024,10:30,7783.2
10/28/2024,10:45,7608.8
10/28/2024,11:00,7564
10/28/2024,11:15,7995.2
10/28/2024,11:30,7320.8
10/28/2024,11:45,8347.2
10/28/2024,12:00,7836
10/28/2024,12:15,7816.8
10/28/2024,12:30,8052.8
10/28/2024,12:45,7680.8
10/28/2024,13:00,7681.6
10/28/2024,13:15,8546.4
10/28/2024,13:30,8417.6
10/28/2024,13:45,7864
10/28/2024,14:00,8441.6
10/28/2024,14:15,8651.2
10/28/2024,14:30,8108.8
10/28/2024,14:45,8472
10/28/2024,15:00,8552
10/28/2024,15:15,8764.8
10/28/2024,15:30,8932.8
10/28/2024,15:45,9164
10/28/2024,16:00,9382.4
10/28/2024,16:15,9442.4
10/28/2024,16:30,9860.8
10/28/2024,16:45,9932
10/28/2024,17:00,10114.4
10/28/2024,17:15,10144
10/28/2024,17:30,10152
10/28/2024,17:45,10148
10/28/2024,18:00,10144
10/28/2024,18:15,10177.6
10/28/2024,18:30,10148.8
10/28/2024,18:45,10097.6
10/28/2024,19:00,10144.8
10/28/2024,19:15,10145.6
10/28/2024,19:30,10176.8
10/28/2024,19:45,10155.2
10/28/2024,20:00,10154.4
10/28/2024,20:15,10145.6
10/28/2024,20:30,10191.2
10/28/2024,20:45,10167.2
10/28/2024,21:00,10133.6
10/28/2024,21:15,10152.8
10/28/2024,21:30,10128.8
10/28/2024,21:45,10140.8
10/28/2024,22:00,10156
10/28/2024,22:15,10126.4
10/28/2024,22:30,10160
10/28/2024,22:45,10112
10/28/2024,23:00,10084
10/28/2024,23:15,10093.6
10/28/2024,23:30,10072.8
10/28/2024,23:45,10152
10/29/2024,0:00,10134.4
10/29/2024,0:15,10132.8
10/29/2024,0:30,10108
10/29/2024,0:45,10131.2
10/29/2024,1:00,10136.8
10/29/2024,1:15,10092.8
10/29/2024,1:30,10064
10/29/2024,1:45,10132.8
10/29/2024,2:00,10080.8
10/29/2024,2:15,10073.6
10/29/2024,2:30,10079.2
10/29/2024,2:45,10093.6
10/29/2024,3:00,10086.4
10/29/2024,3:15,10088
10/29/2024,3:30,10076.8
10/29/2024,3:45,10139.2
10/29/2024,4:00,10127.2
10/29/2024,4:15,10101.6
10/29/2024,4:30,10099.2
10/29/2024,4:45,10131.2
10/29/2024,5:00,10072.8
10/29/2024,5:15,10101.6
10/29/2024,5:30,10107.2
10/29/2024,5:45,10085.6
10/29/2024,6:00,10088
10/29/2024,6:15,10096
10/29/2024,6:30,10088.8
10/29/2024,6:45,10012.8
10/29/2024,7:00,9932
10/29/2024,7:15,9768.8
10/29/2024,7:30,9646.4
10/29/2024,7:45,9446.4
10/29/2024,8:00,9277.6
10/29/2024,8:15,9075.2
10/29/2024,8:30,8807.2
10/29/2024,8:45,8645.6
10/29/2024,9:00,8387.2
10/29/2024,9:15,8174.4
10/29/2024,9:30,8048
10/29/2024,9:45,7869.6
10/29/2024,10:00,7750.4
10/29/2024,10:15,7653.6
10/29/2024,10:30,7588
10/29/2024,10:45,7445.6
10/29/2024,11:00,7404
10/29/2024,11:15,7440.8
10/29/2024,11:30,7402.4
10/29/2024,11:45,7352.8
10/29/2024,12:00,7316
10/29/2024,12:15,7388
10/29/2024,12:30,7351.2
10/29/2024,12:45,7471.2
10/29/2024,13:00,7510.4
10/29/2024,13:15,7625.6
10/29/2024,13:30,7643.2
10/29/2024,13:45,7805.6
10/29/2024,14:00,7931.2
10/29/2024,14:15,8060.8
10/29/2024,14:30,8242.4
10/29/2024,14:45,8426.4
10/29/2024,15:00,8598.4
10/29/2024,15:15,8850.4
10/29/2024,15:30,9035.2
10/29/2024,15:45,9248.8
10/29/2024,16:00,9188.8
10/29/2024,16:15,9559.2
10/29/2024,16:30,9751.2
10/29/2024,16:45,9868.8
10/29/2024,17:00,10038.4
10/29/2024,17:15,10135.2
10/29/2024,17:30,10138.4
10/29/2024,17:45,10152
10/29/2024,18:00,10149.6
10/29/2024,18:15,10136
10/29/2024,18:30,10122.4
10/29/2024,18:45,10135.2
10/29/2024,19:00,10140.8
10/29/2024,19:15,10159.2
10/29/2024,19:30,10125.6
10/29/2024,19:45,10100
10/29/2024,20:00,10066.4
10/29/2024,20:15,10090.4
10/29/2024,20:30,10122.4
10/29/2024,20:45,10093.6
10/29/2024,21:00,10076
10/29/2024,21:15,10118.4
10/29/2024,21:30,10096.8
10/29/2024,21:45,10105.6
10/29/2024,22:00,10116
10/29/2024,22:15,10107.2
10/29/2024,22:30,10160
10/29/2024,22:45,10151.2
10/29/2024,23:00,10172.8
10/29/2024,23:15,10162.4
10/29/2024,23:30,10128.8
10/29/2024,23:45,10140.8
10/30/2024,0:00,10164
10/30/2024,0:15,10109.6
10/30/2024,0:30,10113.6
10/30/2024,0:45,10144
10/30/2024,1:00,10142.4
10/30/2024,1:15,10089.6
10/30/2024,1:30,10124
10/30/2024,1:45,10120.8
10/30/2024,2:00,10120.8
10/30/2024,2:15,10138.4
10/30/2024,2:30,10130.4
10/30/2024,2:45,10124
10/30/2024,3:00,10168.8
10/30/2024,3:15,10119.2
10/30/2024,3:30,10114.4
10/30/2024,3:45,10142.4
10/30/2024,4:00,10176
10/30/2024,4:15,10100.8
10/30/2024,4:30,10148.8
10/30/2024,4:45,10118.4
10/30/2024,5:00,10156
10/30/2024,5:15,10104.8
10/30/2024,5:30,10146.4
10/30/2024,5:45,10144
10/30/2024,6:00,10176
10/30/2024,6:15,10154.4
10/30/2024,6:30,10147.2
10/30/2024,6:45,10035.2
10/30/2024,7:00,9966.4
10/30/2024,7:15,9808.8
10/30/2024,7:30,9612
10/30/2024,7:45,9441.6
10/30/2024,8:00,9262.4
10/30/2024,8:15,9014.4
10/30/2024,8:30,8783.2
10/30/2024,8:45,8553.6
10/30/2024,9:00,8304.8
10/30/2024,9:15,8086.4
10/30/2024,9:30,8008
10/30/2024,9:45,7832
10/30/2024,10:00,7680
10/30/2024,10:15,7532
10/30/2024,10:30,7424.8
10/30/2024,10:45,7339.2
10/30/2024,11:00,7231.2
10/30/2024,11:15,7190.4
10/30/2024,11:30,7196
10/30/2024,11:45,7232.8
10/30/2024,12:00,7142.4
10/30/2024,12:15,7144.8
10/30/2024,12:30,7177.6
10/30/2024,12:45,7200
10/30/2024,13:00,7301.6
10/30/2024,13:15,7354.4
10/30/2024,13:30,7440.8
10/30/2024,13:45,7644.8
10/30/2024,14:00,7798.4
10/30/2024,14:15,7951.2
10/30/2024,14:30,8210.4
10/30/2024,14:45,8336.8
10/30/2024,15:00,8524.8
10/30/2024,15:15,8694.4
10/30/2024,15:30,8927.2
10/30/2024,15:45,9147.2
10/30/2024,16:00,9392.8
10/30/2024,16:15,9580
10/30/2024,16:30,9786.4
10/30/2024,16:45,9926.4
10/30/2024,17:00,10105.6
10/30/2024,17:15,10176.8
10/30/2024,17:30,10182.4
10/30/2024,17:45,10197.6
10/30/2024,18:00,10191.2
10/30/2024,18:15,10186.4
10/30/2024,18:30,10198.4
10/30/2024,18:45,10037.6
10/30/2024,19:00,10180.8
10/30/2024,19:15,10173.6
10/30/2024,19:30,10236.8
10/30/2024,19:45,10243.2
10/30/2024,20:00,10190.4
10/30/2024,20:15,10223.2
10/30/2024,20:30,10233.6
10/30/2024,20:45,10181.6
10/30/2024,21:00,10205.6
10/30/2024,21:15,10168.8
10/30/2024,21:30,10149.6
10/30/2024,21:45,10131.2
10/30/2024,22:00,10208
10/30/2024,22:15,10192.8
10/30/2024,22:30,10187.2
10/30/2024,22:45,10171.2
10/30/2024,23:00,10152.8
10/30/2024,23:15,10177.6
10/30/2024,23:30,10180
10/30/2024,23:45,10178.4
10/31/2024,0:00,10179.2
10/31/2024,0:15,10164.8
10/31/2024,0:30,10153.6
10/31/2024,0:45,10149.6
10/31/2024,1:00,10184.8
10/31/2024,1:15,10160
10/31/2024,1:30,10200.8
10/31/2024,1:45,10113.6
10/31/2024,2:00,10134.4
10/31/2024,2:15,10105.6
10/31/2024,2:30,10131.2
10/31/2024,2:45,10235.2
10/31/2024,3:00,10110.4
10/31/2024,3:15,10121.6
10/31/2024,3:30,10163.2
10/31/2024,3:45,10142.4
10/31/2024,4:00,10168.8
10/31/2024,4:15,10146.4
10/31/2024,4:30,10176
10/31/2024,4:45,10197.6
10/31/2024,5:00,10180
10/31/2024,5:15,10208
10/31/2024,5:30,10203.2
10/31/2024,5:45,10156
10/31/2024,6:00,10122.4
10/31/2024,6:15,10168.8
10/31/2024,6:30,10159.2
10/31/2024,6:45,10126.4
10/31/2024,7:00,10054.4
10/31/2024,7:15,9880.8
10/31/2024,7:30,9715.2
10/31/2024,7:45,9484.8
10/31/2024,8:00,9340.8
10/31/2024,8:15,9108.8
10/31/2024,8:30,8787.2
10/31/2024,8:45,8577.6
10/31/2024,9:00,8378.4
10/31/2024,9:15,8986.4
10/31/2024,9:30,7972.8
10/31/2024,9:45,7784.8
10/31/2024,10:00,7538.4
10/31/2024,10:15,7534.4
10/31/2024,10:30,7454.4
10/31/2024,10:45,7460
10/31/2024,11:00,7374.4
10/31/2024,11:15,7304
10/31/2024,11:30,7267.2
10/31/2024,11:45,7204
10/31/2024,12:00,7316
10/31/2024,12:15,7275.2
10/31/2024,12:30,7292.8
10/31/2024,12:45,7380
10/31/2024,13:00,7388.8
10/31/2024,13:15,7559.2
10/31/2024,13:30,7648.8
10/31/2024,13:45,7759.2
10/31/2024,14:00,7836
10/31/2024,14:15,7972.8
10/31/2024,14:30,8172.8
10/31/2024,14:45,8374.4
10/31/2024,15:00,8552.8
10/31/2024,15:15,8827.2
10/31/2024,15:30,9030.4
10/31/2024,15:45,9251.2
10/31/2024,16:00,9545.6
10/31/2024,16:15,9693.6
10/31/2024,16:30,9840
10/31/2024,16:45,9990.4
10/31/2024,17:00,10104
10/31/2024,17:15,10120.8
10/31/2024,17:30,10188.8
10/31/2024,17:45,10157.6
10/31/2024,18:00,10193.6
10/31/2024,18:15,10132
10/31/2024,18:30,10202.4
10/31/2024,18:45,10134.4
10/31/2024,19:00,10189.6
10/31/2024,19:15,10181.6
10/31/2024,19:30,10200.8
10/31/2024,19:45,10144
10/31/2024,20:00,10184.8
10/31/2024,20:15,10205.6
10/31/2024,20:30,10221.6
10/31/2024,20:45,10177.6
10/31/2024,21:00,10181.6
10/31/2024,21:15,10199.2
10/31/2024,21:30,10211.2
10/31/2024,21:45,10207.2
10/31/2024,22:00,10179.2
10/31/2024,22:15,10181.6
10/31/2024,22:30,10200.8
10/31/2024,22:45,10172.8
10/31/2024,23:00,10204
10/31/2024,23:15,10177.6
10/31/2024,23:30,10192
10/31/2024,23:45,10190.4
11/1/2024,0:00,10230.4
11/1/2024,0:15,10179.2
11/1/2024,0:30,10124
11/1/2024,0:45,10136.8
11/1/2024,1:00,10201.6
11/1/2024,1:15,10189.6
11/1/2024,1:30,10180
11/1/2024,1:45,10161.6
11/1/2024,2:00,10183.2
11/1/2024,2:15,10130.4
11/1/2024,2:30,10173.6
11/1/2024,2:45,10152.8
11/1/2024,3:00,10152.8
11/1/2024,3:15,10151.2
11/1/2024,3:30,10164
11/1/2024,3:45,10161.6
11/1/2024,4:00,10178.4
11/1/2024,4:15,10150.4
11/1/2024,4:30,10147.2
11/1/2024,4:45,10158.4
11/1/2024,5:00,10154.4
11/1/2024,5:15,10150.4
11/1/2024,5:30,10160
11/1/2024,5:45,10109.6
11/1/2024,6:00,10104.8
11/1/2024,6:15,10124
11/1/2024,6:30,10116
11/1/2024,6:45,10094.4
11/1/2024,7:00,10086.4
11/1/2024,7:15,9877.6
11/1/2024,7:30,9658.4
11/1/2024,7:45,9422.4
11/1/2024,8:00,9671.2
11/1/2024,8:15,9655.2
11/1/2024,8:30,9328
11/1/2024,8:45,9547.2
11/1/2024,9:00,8728.8
11/1/2024,9:15,9105.6
11/1/2024,9:30,7756
11/1/2024,9:45,8961.6
11/1/2024,10:00,8701.6
11/1/2024,10:15,8172
11/1/2024,10:30,8932
11/1/2024,10:45,8756
11/1/2024,11:00,8629.6
11/1/2024,11:15,8897.6
11/1/2024,11:30,8996.8
11/1/2024,11:45,8293.6
11/1/2024,12:00,8915.2
11/1/2024,12:15,8603.2
11/1/2024,12:30,8649.6
11/1/2024,12:45,8435.2
11/1/2024,13:00,7310.4
11/1/2024,13:15,7380.8
11/1/2024,13:30,7622.4
11/1/2024,13:45,8097.6
11/1/2024,14:00,8658.4
11/1/2024,14:15,8167.2
11/1/2024,14:30,8321.6
11/1/2024,14:45,8554.4
11/1/2024,15:00,8732.8
11/1/2024,15:15,8945.6
11/1/2024,15:30,9149.6
11/1/2024,15:45,9316
11/1/2024,16:00,9534.4
11/1/2024,16:15,9660
11/1/2024,16:30,9832.8
11/1/2024,16:45,9984
11/1/2024,17:00,10058.4
11/1/2024,17:15,10095.2
11/1/2024,17:30,10196
11/1/2024,17:45,10198.4
11/1/2024,18:00,10157.6
11/1/2024,18:15,10105.6
11/1/2024,18:30,10151.2
11/1/2024,18:45,10143.2
11/1/2024,19:00,10160.8
11/1/2024,19:15,10182.4
11/1/2024,19:30,10172
11/1/2024,19:45,10058.4
11/1/2024,20:00,10186.4
11/1/2024,20:15,10138.4
11/1/2024,20:30,10196
11/1/2024,20:45,10162.4
11/1/2024,21:00,10254.4
11/1/2024,21:15,10201.6
11/1/2024,21:30,10196.8
11/1/2024,21:45,10151.2
11/1/2024,22:00,10170.4
11/1/2024,22:15,10149.6
11/1/2024,22:30,10177.6
11/1/2024,22:45,10190.4
11/1/2024,23:00,10216
11/1/2024,23:15,10201.6
11/1/2024,23:30,10208.8
11/1/2024,23:45,10169.6
11/2/2024,0:00,10179.2
11/2/2024,0:15,10160
11/2/2024,0:30,10180.8
11/2/2024,0:45,10187.2
11/2/2024,1:00,10189.6
11/2/2024,1:15,10156
11/2/2024,1:30,10187.2
11/2/2024,1:45,10102.4
11/2/2024,2:00,10157.6
11/2/2024,2:15,10102.4
11/2/2024,2:30,10114.4
11/2/2024,2:45,10119.2
11/2/2024,3:00,10136.8
11/2/2024,3:15,10141.6
11/2/2024,3:30,10128.8
11/2/2024,3:45,10130.4
11/2/2024,4:00,10141.6
11/2/2024,4:15,10120
11/2/2024,4:30,10124.8
11/2/2024,4:45,10134.4
11/2/2024,5:00,10148.8
11/2/2024,5:15,10123.2
11/2/2024,5:30,10156
11/2/2024,5:45,10137.6
11/2/2024,6:00,10126.4
11/2/2024,6:15,10051.2
11/2/2024,6:30,10050.4
11/2/2024,6:45,10014.4
11/2/2024,7:00,9856
11/2/2024,7:15,9808.8
11/2/2024,7:30,9506.4
11/2/2024,7:45,9774.4
11/2/2024,8:00,9616.8
11/2/2024,8:15,9101.6
11/2/2024,8:30,8877.6
11/2/2024,8:45,8721.6
11/2/2024,9:00,8601.6
11/2/2024,9:15,8391.2
11/2/2024,9:30,8228
11/2/2024,9:45,8046.4
11/2/2024,10:00,7899.2
11/2/2024,10:15,7834.4
11/2/2024,10:30,7702.4
11/2/2024,10:45,7564.8
11/2/2024,11:00,7548
11/2/2024,11:15,7530.4
11/2/2024,11:30,7513.6
11/2/2024,11:45,7467.2
11/2/2024,12:00,7408
11/2/2024,12:15,7457.6
11/2/2024,12:30,7575.2
11/2/2024,12:45,7563.2
11/2/2024,13:00,7588
11/2/2024,13:15,7676
11/2/2024,13:30,7748
11/2/2024,13:45,7842.4
11/2/2024,14:00,8058.4
11/2/2024,14:15,8240
11/2/2024,14:30,8383.2
11/2/2024,14:45,8504
11/2/2024,15:00,8659.2
11/2/2024,15:15,8847.2
11/2/2024,15:30,9057.6
11/2/2024,15:45,9255.2
11/2/2024,16:00,9467.2
11/2/2024,16:15,9638.4
11/2/2024,16:30,9843.2
11/2/2024,16:45,9980
11/2/2024,17:00,10058.4
11/2/2024,17:15,10099.2
11/2/2024,17:30,10105.6
11/2/2024,17:45,10129.6
11/2/2024,18:00,10144.8
11/2/2024,18:15,10136.8
11/2/2024,18:30,10122.4
11/2/2024,18:45,10149.6
11/2/2024,19:00,10162.4
11/2/2024,19:15,10158.4
11/2/2024,19:30,10185.6
11/2/2024,19:45,10128
11/2/2024,20:00,10112
11/2/2024,20:15,10120
11/2/2024,20:30,10128.8
11/2/2024,20:45,10178.4
11/2/2024,21:00,10141.6
11/2/2024,21:15,10147.2
11/2/2024,21:30,10168
11/2/2024,21:45,10124.8
11/2/2024,22:00,10163.2
11/2/2024,22:15,10166.4
11/2/2024,22:30,10148
11/2/2024,22:45,10136.8
11/2/2024,23:00,10149.6
11/2/2024,23:15,10164.8
11/2/2024,23:30,10169.6
11/2/2024,23:45,10164.8
11/3/2024,0:00,10170.4
11/3/2024,0:15,10152
11/3/2024,0:30,10136.8
11/3/2024,0:45,10146.4
11/3/2024,1:00,10144.8
11/3/2024,1:15,10140.8
11/3/2024,1:30,10117.6
11/3/2024,1:45,10108.8
11/3/2024,2:00,10112
11/3/2024,2:15,10147.2
11/3/2024,2:30,10062.4
11/3/2024,2:45,10079.2
11/3/2024,3:00,10061.6
11/3/2024,3:15,10149.6
11/3/2024,3:30,10093.6
11/3/2024,3:45,10110.4
11/3/2024,4:00,10116.8
11/3/2024,4:15,10147.2
11/3/2024,4:30,10119.2
11/3/2024,4:45,10125.6
11/3/2024,5:00,10084
11/3/2024,5:15,10088
11/3/2024,5:30,10064
11/3/2024,5:45,10076.8
11/3/2024,6:00,10066.4
11/3/2024,6:15,10100
11/3/2024,6:30,10073.6
11/3/2024,6:45,10068
11/3/2024,7:00,9980.8
11/3/2024,7:15,9867.2
11/3/2024,7:30,9708.8
11/3/2024,7:45,9573.6
11/3/2024,8:00,9350.4
11/3/2024,8:15,9144
11/3/2024,8:30,8944.8
11/3/2024,8:45,8706.4
11/3/2024,9:00,8515.2
11/3/2024,9:15,8309.6
11/3/2024,9:30,8121.6
11/3/2024,9:45,8064
11/3/2024,10:00,7926.4
11/3/2024,10:15,7783.2
11/3/2024,10:30,7703.2
11/3/2024,10:45,7664.8
11/3/2024,11:00,7628
11/3/2024,11:15,7580.8
11/3/2024,11:30,7589.6
11/3/2024,11:45,7505.6
11/3/2024,12:00,7576.8
11/3/2024,12:15,7591.2
11/3/2024,12:30,7644
11/3/2024,12:45,7570.4
11/3/2024,13:00,7620.8
11/3/2024,13:15,7804.8
11/3/2024,13:30,7703.2
11/3/2024,13:45,7996.8
11/3/2024,14:00,8084.8
11/3/2024,14:15,8269.6
11/3/2024,14:30,8406.4
11/3/2024,14:45,8579.2
11/3/2024,15:00,8676
11/3/2024,15:15,8923.2
11/3/2024,15:30,9164.8
11/3/2024,15:45,9360
11/3/2024,16:00,9528.8
11/3/2024,16:15,9715.2
11/3/2024,16:30,9857.6
11/3/2024,16:45,9994.4
11/3/2024,17:00,10048.8
11/3/2024,17:15,10075.2
11/3/2024,17:30,10148.8
11/3/2024,17:45,10104
11/3/2024,18:00,10148
11/3/2024,18:15,10171.2
11/3/2024,18:30,10167.2
11/3/2024,18:45,10128.8
11/3/2024,19:00,10129.6
11/3/2024,19:15,10136.8
11/3/2024,19:30,10087.2
11/3/2024,19:45,10083.2
11/3/2024,20:00,10094.4
11/3/2024,20:15,10088.8
11/3/2024,20:30,10094.4
11/3/2024,20:45,10078.4
11/3/2024,21:00,10146.4
11/3/2024,21:15,10148
11/3/2024,21:30,10143.2
11/3/2024,21:45,10164.8
11/3/2024,22:00,10147.2
11/3/2024,22:15,10137.6
11/3/2024,22:30,10140.8
11/3/2024,22:45,10126.4
11/3/2024,23:00,10124
11/3/2024,23:15,10128.8
11/3/2024,23:30,10138.4
11/3/2024,23:45,10142.4
11/4/2024,0:00,10165.6
11/4/2024,0:15,10100.8
11/4/2024,0:30,10091.2
11/4/2024,0:45,10128.8
11/4/2024,1:00,10096.8
11/4/2024,1:15,10105.6
11/4/2024,1:30,10052
11/4/2024,1:45,10068
11/4/2024,2:00,10056.8
11/4/2024,2:15,10016.8
11/4/2024,2:30,10045.6
11/4/2024,2:45,10054.4
11/4/2024,3:00,10060
11/4/2024,3:15,10012.8
11/4/2024,3:30,10070.4
11/4/2024,3:45,9996.8
11/4/2024,4:00,10097.6
11/4/2024,4:15,10096.8
11/4/2024,4:30,10092.8
11/4/2024,4:45,10093.6
11/4/2024,5:00,10100.8
11/4/2024,5:15,10096.8
11/4/2024,5:30,10094.4
11/4/2024,5:45,10076
11/4/2024,6:00,10055.2
11/4/2024,6:15,10066.4
11/4/2024,6:30,10067.2
11/4/2024,6:45,10011.2
11/4/2024,7:00,9920
11/4/2024,7:15,9931.2
11/4/2024,7:30,9810.4
11/4/2024,7:45,9646.4
11/4/2024,8:00,9530.4
11/4/2024,8:15,9715.2
11/4/2024,8:30,9202.4
11/4/2024,8:45,8986.4
11/4/2024,9:00,9316
11/4/2024,9:15,8742.4
11/4/2024,9:30,8444.8
11/4/2024,9:45,7913.6
11/4/2024,10:00,7892
11/4/2024,10:15,7926.4
11/4/2024,10:30,7664.8
11/4/2024,10:45,8248
11/4/2024,11:00,7585.6
11/4/2024,11:15,7724.8
11/4/2024,11:30,7572
11/4/2024,11:45,7484.8
11/4/2024,12:00,7479.2
11/4/2024,12:15,7738.4
11/4/2024,12:30,8368.8
11/4/2024,12:45,8806.4
11/4/2024,13:00,8372
11/4/2024,13:15,8067.2
11/4/2024,13:30,7893.6
11/4/2024,13:45,8280.8
11/4/2024,14:00,8542.4
11/4/2024,14:15,9046.4
11/4/2024,14:30,9110.4
11/4/2024,14:45,9311.2
11/4/2024,15:00,9243.2
11/4/2024,15:15,9372.8
11/4/2024,15:30,9553.6
11/4/2024,15:45,9787.2
11/4/2024,16:00,9880
11/4/2024,16:15,9918.4
11/4/2024,16:30,9940.8
11/4/2024,16:45,9975.2
11/4/2024,17:00,10066.4
11/4/2024,17:15,10109.6
11/4/2024,17:30,10137.6
11/4/2024,17:45,10117.6
11/4/2024,18:00,10136
11/4/2024,18:15,10098.4
11/4/2024,18:30,10175.2
11/4/2024,18:45,10138.4
11/4/2024,19:00,10136.8
11/4/2024,19:15,10156.8
11/4/2024,19:30,10185.6
11/4/2024,19:45,10192.8
11/4/2024,20:00,10200.8
11/4/2024,20:15,10179.2
11/4/2024,20:30,10181.6
11/4/2024,20:45,10151.2
11/4/2024,21:00,10139.2
11/4/2024,21:15,10160
11/4/2024,21:30,10169.6
11/4/2024,21:45,10106.4
11/4/2024,22:00,10162.4
11/4/2024,22:15,10086.4
11/4/2024,22:30,10188.8
11/4/2024,22:45,10140
11/4/2024,23:00,10130.4
11/4/2024,23:15,10166.4
11/4/2024,23:30,10160.8
11/4/2024,23:45,10141.6
11/5/2024,0:00,10180
11/5/2024,0:15,10132
11/5/2024,0:30,10117.6
11/5/2024,0:45,10088
11/5/2024,1:00,10108.8
11/5/2024,1:15,10116.8
11/5/2024,1:30,10110.4
11/5/2024,1:45,10105.6
11/5/2024,2:00,10115.2
11/5/2024,2:15,10072
11/5/2024,2:30,10135.2
11/5/2024,2:45,10083.2
11/5/2024,3:00,10140
11/5/2024,3:15,10152
11/5/2024,3:30,10128
11/5/2024,3:45,10114.4
11/5/2024,4:00,10166.4
11/5/2024,4:15,10160
11/5/2024,4:30,10145.6
11/5/2024,4:45,10140
11/5/2024,5:00,10159.2
11/5/2024,5:15,10148.8
11/5/2024,5:30,10180
11/5/2024,5:45,10159.2
11/5/2024,6:00,10130.4
11/5/2024,6:15,10134.4
11/5/2024,6:30,10148.8
11/5/2024,6:45,10089.6
11/5/2024,7:00,10022.4
11/5/2024,7:15,9890.4
11/5/2024,7:30,9774.4
11/5/2024,7:45,9546.4
11/5/2024,8:00,9419.2
11/5/2024,8:15,9249.6
11/5/2024,8:30,8970.4
11/5/2024,8:45,8708
11/5/2024,9:00,8528.8
11/5/2024,9:15,8293.6
11/5/2024,9:30,8143.2
11/5/2024,9:45,7995.2
11/5/2024,10:00,7901.6
11/5/2024,10:15,7748
11/5/2024,10:30,7649.6
11/5/2024,10:45,7457.6
11/5/2024,11:00,7412
11/5/2024,11:15,7340.8
11/5/2024,11:30,7394.4
11/5/2024,11:45,7360.8
11/5/2024,12:00,7517.6
11/5/2024,12:15,7403.2
11/5/2024,12:30,7456
11/5/2024,12:45,7455.2
11/5/2024,13:00,7594.4
11/5/2024,13:15,7636.8
11/5/2024,13:30,7778.4
11/5/2024,13:45,7895.2
11/5/2024,14:00,8081.6
11/5/2024,14:15,8165.6
11/5/2024,14:30,8399.2
11/5/2024,14:45,8540.8
11/5/2024,15:00,8710.4
11/5/2024,15:15,8892.8
11/5/2024,15:30,9110.4
11/5/2024,15:45,9296
11/5/2024,16:00,9476.8
11/5/2024,16:15,9696
11/5/2024,16:30,9828
11/5/2024,16:45,9992.8
11/5/2024,17:00,10080.8
11/5/2024,17:15,10160
11/5/2024,17:30,10165.6
11/5/2024,17:45,10193.6
11/5/2024,18:00,10190.4
11/5/2024,18:15,10185.6
11/5/2024,18:30,10184
11/5/2024,18:45,10170.4
11/5/2024,19:00,10189.6
11/5/2024,19:15,10227.2
11/5/2024,19:30,10238.4
11/5/2024,19:45,10240.8
11/5/2024,20:00,10237.6
11/5/2024,20:15,10286.4
11/5/2024,20:30,10237.6
11/5/2024,20:45,10233.6
11/5/2024,21:00,10240
11/5/2024,21:15,10268.8
11/5/2024,21:30,10210.4
11/5/2024,21:45,10188
11/5/2024,22:00,10270.4
11/5/2024,22:15,10189.6
11/5/2024,22:30,10189.6
11/5/2024,22:45,10152
11/5/2024,23:00,10126.4
11/5/2024,23:15,10091.2
11/5/2024,23:30,10151.2
11/5/2024,23:45,10134.4
11/6/2024,0:00,10166.4
11/6/2024,0:15,10159.2
11/6/2024,0:30,10174.4
11/6/2024,0:45,10166.4
11/6/2024,1:00,10163.2
11/6/2024,1:15,10160.8
11/6/2024,1:30,10184
11/6/2024,1:45,10170.4
11/6/2024,2:00,10172.8
11/6/2024,2:15,10174.4
11/6/2024,2:30,10152.8
11/6/2024,2:45,10121.6
11/6/2024,3:00,10112.8
11/6/2024,3:15,10115.2
11/6/2024,3:30,10144.8
11/6/2024,3:45,10116.8
11/6/2024,4:00,10131.2
11/6/2024,4:15,10199.2
11/6/2024,4:30,10178.4
11/6/2024,4:45,10144.8
11/6/2024,5:00,10165.6
11/6/2024,5:15,10154.4
11/6/2024,5:30,10144.8
11/6/2024,5:45,10127.2
11/6/2024,6:00,10128.8
11/6/2024,6:15,10144.8
11/6/2024,6:30,10149.6
11/6/2024,6:45,10127.2
11/6/2024,7:00,10012.8
11/6/2024,7:15,9927.2
11/6/2024,7:30,9740
11/6/2024,7:45,9558.4
11/6/2024,8:00,9420.8
11/6/2024,8:15,9168.8
11/6/2024,8:30,8973.6
11/6/2024,8:45,8684.8
11/6/2024,9:00,8531.2
11/6/2024,9:15,8265.6
11/6/2024,9:30,8100
11/6/2024,9:45,7974.4
11/6/2024,10:00,7850.4
11/6/2024,10:15,7692.8
11/6/2024,10:30,7560.8
11/6/2024,10:45,7471.2
11/6/2024,11:00,7434.4
11/6/2024,11:15,7395.2
11/6/2024,11:30,7478.4
11/6/2024,11:45,7404.8
11/6/2024,12:00,7430.4
11/6/2024,12:15,7382.4
11/6/2024,12:30,7496
11/6/2024,12:45,7554.4
11/6/2024,13:00,7602.4
11/6/2024,13:15,7664
11/6/2024,13:30,7775.2
11/6/2024,13:45,7917.6
11/6/2024,14:00,8001.6
11/6/2024,14:15,8176
11/6/2024,14:30,8310.4
11/6/2024,14:45,8548
11/6/2024,15:00,8712
11/6/2024,15:15,8940
11/6/2024,15:30,9128.8
11/6/2024,15:45,9325.6
11/6/2024,16:00,9525.6
11/6/2024,16:15,9733.6
11/6/2024,16:30,10000
11/6/2024,16:45,10059.2
11/6/2024,17:00,10116.8
11/6/2024,17:15,10214.4
11/6/2024,17:30,10188.8
11/6/2024,17:45,10158.4
11/6/2024,18:00,10201.6
11/6/2024,18:15,10181.6
11/6/2024,18:30,10194.4
11/6/2024,18:45,10214.4
11/6/2024,19:00,10206.4
11/6/2024,19:15,10215.2
11/6/2024,19:30,10193.6
11/6/2024,19:45,10231.2
11/6/2024,20:00,10178.4
11/6/2024,20:15,10204
11/6/2024,20:30,10213.6
11/6/2024,20:45,10224
11/6/2024,21:00,10220.8
11/6/2024,21:15,10212.8
11/6/2024,21:30,10200.8
11/6/2024,21:45,10197.6
11/6/2024,22:00,10188.8
11/6/2024,22:15,10177.6
11/6/2024,22:30,10266.4
11/6/2024,22:45,10252.8
11/6/2024,23:00,10238.4
11/6/2024,23:15,10235.2
11/6/2024,23:30,10248.8
11/6/2024,23:45,10261.6
11/7/2024,0:00,10248
11/7/2024,0:15,10203.2
11/7/2024,0:30,10188.8
11/7/2024,0:45,10166.4
11/7/2024,1:00,10151.2
11/7/2024,1:15,10162.4
11/7/2024,1:30,10117.6
11/7/2024,1:45,10146.4
11/7/2024,2:00,10169.6
11/7/2024,2:15,10170.4
11/7/2024,2:30,10187.2
11/7/2024,2:45,10130.4
11/7/2024,3:00,10164.8
11/7/2024,3:15,10176
11/7/2024,3:30,10177.6
11/7/2024,3:45,10160.8
11/7/2024,4:00,10167.2
11/7/2024,4:15,10180.8
11/7/2024,4:30,10144.8
11/7/2024,4:45,10155.2
11/7/2024,5:00,10218.4
11/7/2024,5:15,10199.2
11/7/2024,5:30,10188
11/7/2024,5:45,10161.6
11/7/2024,6:00,10153.6
11/7/2024,6:15,10184
11/7/2024,6:30,10163.2
11/7/2024,6:45,10129.6
11/7/2024,7:00,10081.6
11/7/2024,7:15,9957.6
11/7/2024,7:30,9768.8
11/7/2024,7:45,9628
11/7/2024,8:00,9441.6
11/7/2024,8:15,9165.6
11/7/2024,8:30,8920
11/7/2024,8:45,8690.4
11/7/2024,9:00,8473.6
11/7/2024,9:15,8284
11/7/2024,9:30,8074.4
11/7/2024,9:45,7969.6
11/7/2024,10:00,7836.8
11/7/2024,10:15,7724
11/7/2024,10:30,7620.8
11/7/2024,10:45,7514.4
11/7/2024,11:00,7490.4
11/7/2024,11:15,7428.8
11/7/2024,11:30,7428.8
11/7/2024,11:45,7392
11/7/2024,12:00,7372
11/7/2024,12:15,7428
11/7/2024,12:30,7416.8
11/7/2024,12:45,7492.8
11/7/2024,13:00,7544.8
11/7/2024,13:15,7574.4
11/7/2024,13:30,7747.2
11/7/2024,13:45,7605.6
11/7/2024,14:00,8332.8
11/7/2024,14:15,8080
11/7/2024,14:30,8156
11/7/2024,14:45,8544.8
11/7/2024,15:00,8754.4
11/7/2024,15:15,9252
11/7/2024,15:30,9914.4
11/7/2024,15:45,9783.2
11/7/2024,16:00,9724.8
11/7/2024,16:15,9849.6
11/7/2024,16:30,9933.6
11/7/2024,16:45,9944.8
11/7/2024,17:00,10028
11/7/2024,17:15,10174.4
11/7/2024,17:30,10208.8
11/7/2024,17:45,10188
11/7/2024,18:00,10204
11/7/2024,18:15,10221.6
11/7/2024,18:30,10241.6
11/7/2024,18:45,10255.2
11/7/2024,19:00,10224.8
11/7/2024,19:15,10225.6
11/7/2024,19:30,10220.8
11/7/2024,19:45,10224
11/7/2024,20:00,10148.8
11/7/2024,20:15,10218.4
11/7/2024,20:30,8215.2
11/7/2024,20:45,8184.8
11/7/2024,21:00,10336
11/7/2024,21:15,10324.8
11/7/2024,21:30,10324.8
11/7/2024,21:45,10316.8
11/7/2024,22:00,10343.2
11/7/2024,22:15,10232.8
11/7/2024,22:30,10256
11/7/2024,22:45,10180
11/7/2024,23:00,10250.4
11/7/2024,23:15,10236
11/7/2024,23:30,10252.8
11/7/2024,23:45,10224.8
11/8/2024,0:00,10173.6
11/8/2024,0:15,10256.8
11/8/2024,0:30,10262.4
11/8/2024,0:45,10249.6
11/8/2024,1:00,10127.2
11/8/2024,1:15,10144.8
11/8/2024,1:30,10214.4
11/8/2024,1:45,10200
11/8/2024,2:00,10240.8
11/8/2024,2:15,10200
11/8/2024,2:30,10216
11/8/2024,2:45,10191.2
11/8/2024,3:00,10151.2
11/8/2024,3:15,10217.6
11/8/2024,3:30,10231.2
11/8/2024,3:45,10236.8
11/8/2024,4:00,10228
11/8/2024,4:15,10240
11/8/2024,4:30,10246.4
11/8/2024,4:45,10204.8
11/8/2024,5:00,10216
11/8/2024,5:15,10219.2
11/8/2024,5:30,10207.2
11/8/2024,5:45,10212
11/8/2024,6:00,10165.6
11/8/2024,6:15,10199.2
11/8/2024,6:30,10235.2
11/8/2024,6:45,10136.8
11/8/2024,7:00,10023.2
11/8/2024,7:15,10046.4
11/8/2024,7:30,9900
11/8/2024,7:45,9808
11/8/2024,8:00,9715.2
11/8/2024,8:15,9511.2
11/8/2024,8:30,8580.8
11/8/2024,8:45,8476.8
11/8/2024,9:00,8248
11/8/2024,9:15,8174.4
11/8/2024,9:30,8277.6
11/8/2024,9:45,8319.2
11/8/2024,10:00,8389.6
11/8/2024,10:15,8483.2
11/8/2024,10:30,8601.6
11/8/2024,10:45,8460
11/8/2024,11:00,8454.4
11/8/2024,11:15,8433.6
11/8/2024,11:30,7926.4
11/8/2024,11:45,7889.6
11/8/2024,12:00,8143.2
11/8/2024,12:15,7704.8
11/8/2024,12:30,8042.4
11/8/2024,12:45,7463.2
11/8/2024,13:00,7790.4
11/8/2024,13:15,7732
11/8/2024,13:30,7812.8
11/8/2024,13:45,7905.6
11/8/2024,14:00,8039.2
11/8/2024,14:15,8191.2
11/8/2024,14:30,8414.4
11/8/2024,14:45,8463.2
11/8/2024,15:00,8776.8
11/8/2024,15:15,8952
11/8/2024,15:30,9095.2
11/8/2024,15:45,9439.2
11/8/2024,16:00,9704
11/8/2024,16:15,9644
11/8/2024,16:30,10036.8
11/8/2024,16:45,10088
11/8/2024,17:00,10161.6
11/8/2024,17:15,10177.6
11/8/2024,17:30,10156
11/8/2024,17:45,10110.4
11/8/2024,18:00,10121.6
11/8/2024,18:15,10093.6
11/8/2024,18:30,10164
11/8/2024,18:45,10128.8
11/8/2024,19:00,10134.4
11/8/2024,19:15,10173.6
11/8/2024,19:30,10159.2
11/8/2024,19:45,10149.6
11/8/2024,20:00,10184
11/8/2024,20:15,10215.2
11/8/2024,20:30,10171.2
11/8/2024,20:45,10164
11/8/2024,21:00,10151.2
11/8/2024,21:15,10172.8
11/8/2024,21:30,10187.2
11/8/2024,21:45,10204.8
11/8/2024,22:00,10159.2
11/8/2024,22:15,10166.4
11/8/2024,22:30,10143.2
11/8/2024,22:45,10129.6
11/8/2024,23:00,10107.2
11/8/2024,23:15,10152.8
11/8/2024,23:30,10120.8
11/8/2024,23:45,10124
11/9/2024,0:00,10263.2
11/9/2024,0:15,10124.8
11/9/2024,0:30,10160
11/9/2024,0:45,10119.2
11/9/2024,1:00,10097.6
11/9/2024,1:15,10144
11/9/2024,1:30,10097.6
11/9/2024,1:45,10115.2
11/9/2024,2:00,10108.8
11/9/2024,2:15,10125.6
11/9/2024,2:30,10120
11/9/2024,2:45,10116
11/9/2024,3:00,10132
11/9/2024,3:15,10092.8
11/9/2024,3:30,10117.6
11/9/2024,3:45,10107.2
11/9/2024,4:00,10137.6
11/9/2024,4:15,10113.6
11/9/2024,4:30,10138.4
11/9/2024,4:45,10124
11/9/2024,5:00,10118.4
11/9/2024,5:15,10124
11/9/2024,5:30,10132
11/9/2024,5:45,10119.2
11/9/2024,6:00,10076
11/9/2024,6:15,10131.2
11/9/2024,6:30,10133.6
11/9/2024,6:45,10116.8
11/9/2024,7:00,10022.4
11/9/2024,7:15,10012
11/9/2024,7:30,9892
11/9/2024,7:45,9440
11/9/2024,8:00,9381.6
11/9/2024,8:15,9709.6
11/9/2024,8:30,9649.6
11/9/2024,8:45,9416
11/9/2024,9:00,9101.6
11/9/2024,9:15,9181.6
11/9/2024,9:30,9598.4
11/9/2024,9:45,9524.8
11/9/2024,10:00,9413.6
11/9/2024,10:15,9629.6
11/9/2024,10:30,9372
11/9/2024,10:45,9377.6
11/9/2024,11:00,9152
11/9/2024,11:15,9192
11/9/2024,11:30,9780.8
11/9/2024,11:45,9570.4
11/9/2024,12:00,9352.8
11/9/2024,12:15,9546.4
11/9/2024,12:30,9596
11/9/2024,12:45,9713.6
11/9/2024,13:00,9748.8
11/9/2024,13:15,9640
11/9/2024,13:30,9760.8
11/9/2024,13:45,9485.6
11/9/2024,14:00,9696
11/9/2024,14:15,9849.6
11/9/2024,14:30,9892
11/9/2024,14:45,9989.6
11/9/2024,15:00,9993.6
11/9/2024,15:15,9816.8
11/9/2024,15:30,9908.8
11/9/2024,15:45,9976.8
11/9/2024,16:00,10103.2
11/9/2024,16:15,9995.2
11/9/2024,16:30,10125.6
11/9/2024,16:45,10168.8
11/9/2024,17:00,10190.4
11/9/2024,17:15,10202.4
11/9/2024,17:30,10210.4
11/9/2024,17:45,10193.6
11/9/2024,18:00,10171.2
11/9/2024,18:15,10164.8
11/9/2024,18:30,10204
11/9/2024,18:45,10156
11/9/2024,19:00,10216
11/9/2024,19:15,10192
11/9/2024,19:30,10208
11/9/2024,19:45,10182.4
11/9/2024,20:00,10220
11/9/2024,20:15,10152
11/9/2024,20:30,10200
11/9/2024,20:45,10153.6
11/9/2024,21:00,10151.2
11/9/2024,21:15,10192
11/9/2024,21:30,10190.4
11/9/2024,21:45,10181.6
11/9/2024,22:00,10191.2
11/9/2024,22:15,10210.4
11/9/2024,22:30,10206.4
11/9/2024,22:45,10199.2
11/9/2024,23:00,10175.2
11/9/2024,23:15,10201.6
11/9/2024,23:30,10157.6
11/9/2024,23:45,10152
11/10/2024,0:00,10095.2
11/10/2024,0:15,10163.2
11/10/2024,0:30,10158.4
11/10/2024,0:45,10093.6
11/10/2024,1:00,10120
11/10/2024,1:15,10097.6
11/10/2024,1:30,10095.2
11/10/2024,1:45,10084.8
11/10/2024,2:00,10098.4
11/10/2024,2:15,10080.8
11/10/2024,2:30,10106.4
11/10/2024,2:45,10093.6
11/10/2024,3:00,10062.4
11/10/2024,3:15,10061.6
11/10/2024,3:30,10101.6
11/10/2024,3:45,10097.6
11/10/2024,4:00,10109.6
11/10/2024,4:15,10094.4
11/10/2024,4:30,10104.8
11/10/2024,4:45,10094.4
11/10/2024,5:00,10115.2
11/10/2024,5:15,10076
11/10/2024,5:30,10120.8
11/10/2024,5:45,10074.4
11/10/2024,6:00,10075.2
11/10/2024,6:15,10055.2
11/10/2024,6:30,10034.4
11/10/2024,6:45,10076.8
11/10/2024,7:00,10061.6
11/10/2024,7:15,10104
11/10/2024,7:30,10041.6
11/10/2024,7:45,10007.2
11/10/2024,8:00,10032
11/10/2024,8:15,9945.6
11/10/2024,8:30,9901.6
11/10/2024,8:45,9702.4
11/10/2024,9:00,9466.4
11/10/2024,9:15,9622.4
11/10/2024,9:30,9873.6
11/10/2024,9:45,9653.6
11/10/2024,10:00,9503.2
11/10/2024,10:15,9134.4
11/10/2024,10:30,9006.4
11/10/2024,10:45,8692
11/10/2024,11:00,8281.6
11/10/2024,11:15,8810.4
11/10/2024,11:30,8828
11/10/2024,11:45,8514.4
11/10/2024,12:00,9073.6
11/10/2024,12:15,9069.6
11/10/2024,12:30,8579.2
11/10/2024,12:45,8491.2
11/10/2024,13:00,8691.2
11/10/2024,13:15,8815.2
11/10/2024,13:30,8894.4
11/10/2024,13:45,9006.4
11/10/2024,14:00,9264.8
11/10/2024,14:15,9111.2
11/10/2024,14:30,9134.4
11/10/2024,14:45,8903.2
11/10/2024,15:00,7280.8
11/10/2024,15:15,7612.8
11/10/2024,15:30,7615.2
11/10/2024,15:45,9392
11/10/2024,16:00,9836.8
11/10/2024,16:15,9936
11/10/2024,16:30,10004.8
11/10/2024,16:45,10080.8
11/10/2024,17:00,10086.4
11/10/2024,17:15,10083.2
11/10/2024,17:30,10072.8
11/10/2024,17:45,10075.2
11/10/2024,18:00,10035.2
11/10/2024,18:15,10096
11/10/2024,18:30,10074.4
11/10/2024,18:45,10080
11/10/2024,19:00,10180.8
11/10/2024,19:15,10208
11/10/2024,19:30,10138.4
11/10/2024,19:45,10108.8
11/10/2024,20:00,10171.2
11/10/2024,20:15,10167.2
11/10/2024,20:30,10172.8
11/10/2024,20:45,10164
11/10/2024,21:00,10170.4
11/10/2024,21:15,10175.2
11/10/2024,21:30,10196
11/10/2024,21:45,10244.8
11/10/2024,22:00,10165.6
11/10/2024,22:15,10138.4
11/10/2024,22:30,10205.6
11/10/2024,22:45,10148.8
11/10/2024,23:00,10159.2
11/10/2024,23:15,10162.4
11/10/2024,23:30,10180.8
11/10/2024,23:45,10188
11/11/2024,0:00,10188
11/11/2024,0:15,10136.8
11/11/2024,0:30,10185.6
11/11/2024,0:45,10127.2
11/11/2024,1:00,10146.4
11/11/2024,1:15,10166.4
11/11/2024,1:30,10083.2
11/11/2024,1:45,10155.2
11/11/2024,2:00,10135.2
11/11/2024,2:15,10109.6
11/11/2024,2:30,10108
11/11/2024,2:45,10109.6
11/11/2024,3:00,10078.4
11/11/2024,3:15,10093.6
11/11/2024,3:30,10135.2
11/11/2024,3:45,10094.4
11/11/2024,4:00,10141.6
11/11/2024,4:15,10091.2
11/11/2024,4:30,10111.2
11/11/2024,4:45,10090.4
11/11/2024,5:00,10092.8
11/11/2024,5:15,10094.4
11/11/2024,5:30,10133.6
11/11/2024,5:45,10084
11/11/2024,6:00,10127.2
11/11/2024,6:15,10132.8
11/11/2024,6:30,10163.2
11/11/2024,6:45,10121.6
11/11/2024,7:00,10022.4
11/11/2024,7:15,9982.4
11/11/2024,7:30,9808.8
11/11/2024,7:45,9644
11/11/2024,8:00,9452
11/11/2024,8:15,9322.4
11/11/2024,8:30,9076
11/11/2024,8:45,8868.8
11/11/2024,9:00,8660
11/11/2024,9:15,8528
11/11/2024,9:30,8355.2
11/11/2024,9:45,8255.2
11/11/2024,10:00,8084.8
11/11/2024,10:15,8076.8
11/11/2024,10:30,8017.6
11/11/2024,10:45,7942.4
11/11/2024,11:00,7827.2
11/11/2024,11:15,7856.8
11/11/2024,11:30,7752
11/11/2024,11:45,7587.2
11/11/2024,12:00,7704.8
11/11/2024,12:15,7812.8
11/11/2024,12:30,7350.4
11/11/2024,12:45,7400.8
11/11/2024,13:00,7524
11/11/2024,13:15,7648.8
11/11/2024,13:30,6288
11/11/2024,13:45,6290.4
11/11/2024,14:00,6447.2
11/11/2024,14:15,6895.2
11/11/2024,14:30,8429.6
11/11/2024,14:45,8629.6
11/11/2024,15:00,8692.8
11/11/2024,15:15,8946.4
11/11/2024,15:30,9121.6
11/11/2024,15:45,9281.6
11/11/2024,16:00,9539.2
11/11/2024,16:15,9724.8
11/11/2024,16:30,9860
11/11/2024,16:45,9984
11/11/2024,17:00,10044.8
11/11/2024,17:15,10072.8
11/11/2024,17:30,10075.2
11/11/2024,17:45,10111.2
11/11/2024,18:00,10116.8
11/11/2024,18:15,10121.6
11/11/2024,18:30,10150.4
11/11/2024,18:45,10107.2
11/11/2024,19:00,10116.8
11/11/2024,19:15,10138.4
11/11/2024,19:30,10120
11/11/2024,19:45,10148
11/11/2024,20:00,10100.8
11/11/2024,20:15,10124.8
11/11/2024,20:30,10096.8
11/11/2024,20:45,10095.2
11/11/2024,21:00,10128.8
11/11/2024,21:15,10098.4
11/11/2024,21:30,10101.6
11/11/2024,21:45,10117.6
11/11/2024,22:00,10103.2
11/11/2024,22:15,10081.6
11/11/2024,22:30,10119.2
11/11/2024,22:45,9924.8
11/11/2024,23:00,10076.8
11/11/2024,23:15,10102.4
11/11/2024,23:30,10089.6
11/11/2024,23:45,10076
11/12/2024,0:00,10088.8
11/12/2024,0:15,10091.2
11/12/2024,0:30,10079.2
11/12/2024,0:45,10090.4
11/12/2024,1:00,10050.4
11/12/2024,1:15,10100.8
11/12/2024,1:30,10083.2
11/12/2024,1:45,10101.6
11/12/2024,2:00,10073.6
11/12/2024,2:15,10093.6
11/12/2024,2:30,10101.6
11/12/2024,2:45,10085.6
11/12/2024,3:00,10069.6
11/12/2024,3:15,10088
11/12/2024,3:30,10062.4
11/12/2024,3:45,10087.2
11/12/2024,4:00,10107.2
11/12/2024,4:15,10019.2
11/12/2024,4:30,10056.8
11/12/2024,4:45,10035.2
11/12/2024,5:00,10063.2
11/12/2024,5:15,10067.2
11/12/2024,5:30,10067.2
11/12/2024,5:45,10084
11/12/2024,6:00,10056
11/12/2024,6:15,10052
11/12/2024,6:30,10040.8
11/12/2024,6:45,10010.4
11/12/2024,7:00,9976.8
11/12/2024,7:15,9888
11/12/2024,7:30,9744.8
11/12/2024,7:45,9575.2
11/12/2024,8:00,9456
11/12/2024,8:15,9252.8
11/12/2024,8:30,9074.4
11/12/2024,8:45,8814.4
11/12/2024,9:00,8647.2
11/12/2024,9:15,8500.8
11/12/2024,9:30,8353.6
11/12/2024,9:45,8246.4
11/12/2024,10:00,8124.8
11/12/2024,10:15,8010.4
11/12/2024,10:30,7913.6
11/12/2024,10:45,7914.4
11/12/2024,11:00,7813.6
11/12/2024,11:15,7716
11/12/2024,11:30,7760
11/12/2024,11:45,7632
11/12/2024,12:00,7755.2
11/12/2024,12:15,7885.6
11/12/2024,12:30,7724
11/12/2024,12:45,8612
11/12/2024,13:00,7304
11/12/2024,13:15,8304
11/12/2024,13:30,8071.2
11/12/2024,13:45,8734.4
11/12/2024,14:00,8536.8
11/12/2024,14:15,8609.6
11/12/2024,14:30,8601.6
11/12/2024,14:45,8412
11/12/2024,15:00,8671.2
11/12/2024,15:15,9192
11/12/2024,15:30,9080
11/12/2024,15:45,9628
11/12/2024,16:00,9808
11/12/2024,16:15,9868
11/12/2024,16:30,9885.6
11/12/2024,16:45,9997.6
11/12/2024,17:00,10096.8
11/12/2024,17:15,10112.8
11/12/2024,17:30,10071.2
11/12/2024,17:45,10088
11/12/2024,18:00,10048
11/12/2024,18:15,10073.6
11/12/2024,18:30,10110.4
11/12/2024,18:45,10062.4
11/12/2024,19:00,10036
11/12/2024,19:15,10064
11/12/2024,19:30,10066.4
11/12/2024,19:45,10070.4
11/12/2024,20:00,10072
11/12/2024,20:15,10088
11/12/2024,20:30,10131.2
11/12/2024,20:45,10188
11/12/2024,21:00,10068
11/12/2024,21:15,10073.6
11/12/2024,21:30,10077.6
11/12/2024,21:45,10080
11/12/2024,22:00,10024.8
11/12/2024,22:15,10048.8
11/12/2024,22:30,10048
11/12/2024,22:45,10060.8
11/12/2024,23:00,9987.2
11/12/2024,23:15,10060.8
11/12/2024,23:30,10076.8
11/12/2024,23:45,10027.2
11/13/2024,0:00,10025.6
11/13/2024,0:15,10004
11/13/2024,0:30,10020.8
11/13/2024,0:45,10009.6
11/13/2024,1:00,9999.2
11/13/2024,1:15,10019.2
11/13/2024,1:30,9984.8
11/13/2024,1:45,9993.6
11/13/2024,2:00,9984
11/13/2024,2:15,9996.8
11/13/2024,2:30,10011.2
11/13/2024,2:45,10002.4
11/13/2024,3:00,10001.6
11/13/2024,3:15,10022.4
11/13/2024,3:30,10016
11/13/2024,3:45,9965.6
11/13/2024,4:00,9993.6
11/13/2024,4:15,9997.6
11/13/2024,4:30,10008
11/13/2024,4:45,9989.6
11/13/2024,5:00,9996.8
11/13/2024,5:15,10018.4
11/13/2024,5:30,10007.2
11/13/2024,5:45,9964
11/13/2024,6:00,9996
11/13/2024,6:15,9994.4
11/13/2024,6:30,10026.4
11/13/2024,6:45,9984
11/13/2024,7:00,9967.2
11/13/2024,7:15,9919.2
11/13/2024,7:30,9927.2
11/13/2024,7:45,9913.6
11/13/2024,8:00,9704.8
11/13/2024,8:15,9675.2
11/13/2024,8:30,9570.4
11/13/2024,8:45,9328
11/13/2024,9:00,9476
11/13/2024,9:15,9508.8
11/13/2024,9:30,9260
11/13/2024,9:45,8141.6
11/13/2024,10:00,8555.2
11/13/2024,10:15,8883.2
11/13/2024,10:30,8712
11/13/2024,10:45,9256.8
11/13/2024,11:00,9145.6
11/13/2024,11:15,9085.6
11/13/2024,11:30,7915.2
11/13/2024,11:45,9330.4
11/13/2024,12:00,9316.8
11/13/2024,12:15,8768
11/13/2024,12:30,9004
11/13/2024,12:45,9020
11/13/2024,13:00,8260.8
11/13/2024,13:15,8137.6
11/13/2024,13:30,8789.6
11/13/2024,13:45,9360.8
11/13/2024,14:00,8975.2
11/13/2024,14:15,8992.8
11/13/2024,14:30,9380.8
11/13/2024,14:45,9344.8
11/13/2024,15:00,9237.6
11/13/2024,15:15,8941.6
11/13/2024,15:30,9414.4
11/13/2024,15:45,9446.4
11/13/2024,16:00,9491.2
11/13/2024,16:15,9689.6
11/13/2024,16:30,9745.6
11/13/2024,16:45,9877.6
11/13/2024,17:00,9903.2
11/13/2024,17:15,9984
11/13/2024,17:30,9976
11/13/2024,17:45,10001.6
11/13/2024,18:00,9988.8
11/13/2024,18:15,10021.6
11/13/2024,18:30,10002.4
11/13/2024,18:45,9897.6
11/13/2024,19:00,9967.2
11/13/2024,19:15,9988.8
11/13/2024,19:30,10024.8
11/13/2024,19:45,10046.4
11/13/2024,20:00,10023.2
11/13/2024,20:15,10018.4
11/13/2024,20:30,10037.6
11/13/2024,20:45,10028
11/13/2024,21:00,10044
11/13/2024,21:15,10080.8
11/13/2024,21:30,10040
11/13/2024,21:45,10044.8
11/13/2024,22:00,9995.2
11/13/2024,22:15,9987.2
11/13/2024,22:30,10008
11/13/2024,22:45,9989.6
11/13/2024,23:00,9998.4
11/13/2024,23:15,10030.4
11/13/2024,23:30,10035.2
11/13/2024,23:45,10022.4
11/14/2024,0:00,10010.4
11/14/2024,0:15,10035.2
11/14/2024,0:30,10051.2
11/14/2024,0:45,10004.8
11/14/2024,1:00,10032
11/14/2024,1:15,10020.8
11/14/2024,1:30,10011.2
11/14/2024,1:45,10000
11/14/2024,2:00,9971.2
11/14/2024,2:15,10023.2
11/14/2024,2:30,10006.4
11/14/2024,2:45,10048.8
11/14/2024,3:00,10019.2
11/14/2024,3:15,10008
11/14/2024,3:30,10003.2
11/14/2024,3:45,10001.6
11/14/2024,4:00,10003.2
11/14/2024,4:15,10033.6
11/14/2024,4:30,10041.6
11/14/2024,4:45,10046.4
11/14/2024,5:00,10009.6
11/14/2024,5:15,10047.2
11/14/2024,5:30,9987.2
11/14/2024,5:45,9969.6
11/14/2024,6:00,9950.4
11/14/2024,6:15,9974.4
11/14/2024,6:30,9987.2
11/14/2024,6:45,9966.4
11/14/2024,7:00,9885.6
11/14/2024,7:15,9791.2
11/14/2024,7:30,9720
11/14/2024,7:45,9752
11/14/2024,8:00,9660.8
11/14/2024,8:15,9483.2
11/14/2024,8:30,9418.4
11/14/2024,8:45,9035.2
11/14/2024,9:00,8517.6
11/14/2024,9:15,9306.4
11/14/2024,9:30,8860.8
11/14/2024,9:45,8847.2
11/14/2024,10:00,8396.8
11/14/2024,10:15,8197.6
11/14/2024,10:30,8100.8
11/14/2024,10:45,7985.6
11/14/2024,11:00,7855.2
11/14/2024,11:15,7962.4
11/14/2024,11:30,7607.2
11/14/2024,11:45,7802.4
11/14/2024,12:00,8452
11/14/2024,12:15,8480
11/14/2024,12:30,8496
11/14/2024,12:45,9038.4
11/14/2024,13:00,9144
11/14/2024,13:15,8889.6
11/14/2024,13:30,9246.4
11/14/2024,13:45,9300
11/14/2024,14:00,9479.2
11/14/2024,14:15,9436.8
11/14/2024,14:30,9520.8
11/14/2024,14:45,9321.6
11/14/2024,15:00,9657.6
11/14/2024,15:15,9652.8
11/14/2024,15:30,9410.4
11/14/2024,15:45,9686.4
11/14/2024,16:00,9808.8
11/14/2024,16:15,9800
11/14/2024,16:30,9872.8
11/14/2024,16:45,9955.2
11/14/2024,17:00,9995.2
11/14/2024,17:15,9970.4
11/14/2024,17:30,9939.2
11/14/2024,17:45,9916
11/14/2024,18:00,9918.4
11/14/2024,18:15,9972
11/14/2024,18:30,9920
11/14/2024,18:45,9954.4
11/14/2024,19:00,9967.2
11/14/2024,19:15,9928.8
11/14/2024,19:30,9918.4
11/14/2024,19:45,9933.6
11/14/2024,20:00,9888.8
11/14/2024,20:15,9964.8
11/14/2024,20:30,9916.8
11/14/2024,20:45,9996.8
11/14/2024,21:00,9956.8
11/14/2024,21:15,9932.8
11/14/2024,21:30,9956.8
11/14/2024,21:45,9960
11/14/2024,22:00,9965.6
11/14/2024,22:15,9990.4
11/14/2024,22:30,9952
11/14/2024,22:45,9960
11/14/2024,23:00,9958.4
11/14/2024,23:15,9956
11/14/2024,23:30,9951.2
11/14/2024,23:45,9972
11/15/2024,0:00,9951.2
11/15/2024,0:15,9933.6
11/15/2024,0:30,9956.8
11/15/2024,0:45,9876
11/15/2024,1:00,9860
11/15/2024,1:15,9911.2
11/15/2024,1:30,9879.2
11/15/2024,1:45,9911.2
11/15/2024,2:00,9927.2
11/15/2024,2:15,9944.8
11/15/2024,2:30,9920
11/15/2024,2:45,9940
11/15/2024,3:00,9927.2
11/15/2024,3:15,9947.2
11/15/2024,3:30,9920.8
11/15/2024,3:45,9985.6
11/15/2024,4:00,9913.6
11/15/2024,4:15,9944
11/15/2024,4:30,9932
11/15/2024,4:45,9938.4
11/15/2024,5:00,9945.6
11/15/2024,5:15,9981.6
11/15/2024,5:30,9956.8
11/15/2024,5:45,9963.2
11/15/2024,6:00,9944.8
11/15/2024,6:15,9969.6
11/15/2024,6:30,9970.4
11/15/2024,6:45,9948
11/15/2024,7:00,9982.4
11/15/2024,7:15,9896
11/15/2024,7:30,9834.4
11/15/2024,7:45,9828.8
11/15/2024,8:00,9716.8
11/15/2024,8:15,9852
11/15/2024,8:30,9736.8
11/15/2024,8:45,9556
11/15/2024,9:00,9520
11/15/2024,9:15,9599.2
11/15/2024,9:30,9643.2
11/15/2024,9:45,9608.8
11/15/2024,10:00,9361.6
11/15/2024,10:15,9644
11/15/2024,10:30,9616
11/15/2024,10:45,9691.2
11/15/2024,11:00,9662.4
11/15/2024,11:15,9655.2
11/15/2024,11:30,9554.4
11/15/2024,11:45,9606.4
11/15/2024,12:00,9730.4
11/15/2024,12:15,9652
11/15/2024,12:30,9467.2
11/15/2024,12:45,9347.2
11/15/2024,13:00,9323.2
11/15/2024,13:15,9244.8
11/15/2024,13:30,9476
11/15/2024,13:45,9333.6
11/15/2024,14:00,9260
11/15/2024,14:15,9340.8
11/15/2024,14:30,9362.4
11/15/2024,14:45,9340.8
11/15/2024,15:00,9451.2
11/15/2024,15:15,9570.4
11/15/2024,15:30,9609.6
11/15/2024,15:45,9672
11/15/2024,16:00,9768.8
11/15/2024,16:15,9872
11/15/2024,16:30,9896.8
11/15/2024,16:45,9978.4
11/15/2024,17:00,9956
11/15/2024,17:15,9949.6
11/15/2024,17:30,9969.6
11/15/2024,17:45,9948
11/15/2024,18:00,9933.6
11/15/2024,18:15,9982.4
11/15/2024,18:30,9980.8
11/15/2024,18:45,9979.2
11/15/2024,19:00,9960
11/15/2024,19:15,10011.2
11/15/2024,19:30,9984
11/15/2024,19:45,10033.6
11/15/2024,20:00,9982.4
11/15/2024,20:15,9998.4
11/15/2024,20:30,9972
11/15/2024,20:45,10025.6
11/15/2024,21:00,9988
11/15/2024,21:15,10013.6
11/15/2024,21:30,10006.4
11/15/2024,21:45,10007.2
11/15/2024,22:00,9957.6
11/15/2024,22:15,9993.6
11/15/2024,22:30,10001.6
11/15/2024,22:45,10008.8
11/15/2024,23:00,9993.6
11/15/2024,23:15,9987.2
11/15/2024,23:30,10010.4
11/15/2024,23:45,10016
11/16/2024,0:00,10009.6
11/16/2024,0:15,9987.2
11/16/2024,0:30,9980
11/16/2024,0:45,9943.2
11/16/2024,1:00,9932.8
11/16/2024,1:15,9945.6
11/16/2024,1:30,9924
11/16/2024,1:45,9941.6
11/16/2024,2:00,9927.2
11/16/2024,2:15,9944.8
11/16/2024,2:30,9922.4
11/16/2024,2:45,9952
11/16/2024,3:00,9925.6
11/16/2024,3:15,9962.4
11/16/2024,3:30,9918.4
11/16/2024,3:45,9921.6
11/16/2024,4:00,9919.2
11/16/2024,4:15,9949.6
11/16/2024,4:30,9930.4
11/16/2024,4:45,9942.4
11/16/2024,5:00,9911.2
11/16/2024,5:15,9957.6
11/16/2024,5:30,9947.2
11/16/2024,5:45,9932
11/16/2024,6:00,9941.6
11/16/2024,6:15,9944
11/16/2024,6:30,9865.6
11/16/2024,6:45,9892.8
11/16/2024,7:00,9848
11/16/2024,7:15,9896
11/16/2024,7:30,9632
11/16/2024,7:45,9732
11/16/2024,8:00,9925.6
11/16/2024,8:15,9825.6
11/16/2024,8:30,9829.6
11/16/2024,8:45,9795.2
11/16/2024,9:00,9786.4
11/16/2024,9:15,9834.4
11/16/2024,9:30,9796.8
11/16/2024,9:45,9867.2
11/16/2024,10:00,9871.2
11/16/2024,10:15,9800
11/16/2024,10:30,9840
11/16/2024,10:45,9864.8
11/16/2024,11:00,9894.4
11/16/2024,11:15,9756.8
11/16/2024,11:30,9604
11/16/2024,11:45,9712.8
11/16/2024,12:00,9474.4
11/16/2024,12:15,9664
11/16/2024,12:30,9741.6
11/16/2024,12:45,9640
11/16/2024,13:00,9750.4
11/16/2024,13:15,9720
11/16/2024,13:30,9832.8
11/16/2024,13:45,9740.8
11/16/2024,14:00,9720
11/16/2024,14:15,9658.4
11/16/2024,14:30,9532
11/16/2024,14:45,9803.2
11/16/2024,15:00,9879.2
11/16/2024,15:15,9680.8
11/16/2024,15:30,9828.8
11/16/2024,15:45,9883.2
11/16/2024,16:00,9900
11/16/2024,16:15,9920
11/16/2024,16:30,9918.4
11/16/2024,16:45,9906.4
11/16/2024,17:00,9911.2
11/16/2024,17:15,9938.4
11/16/2024,17:30,9896
11/16/2024,17:45,9888
11/16/2024,18:00,9869.6
11/16/2024,18:15,9876.8
11/16/2024,18:30,9895.2
11/16/2024,18:45,9886.4
11/16/2024,19:00,9879.2
11/16/2024,19:15,9864
11/16/2024,19:30,9836.8
11/16/2024,19:45,9873.6
11/16/2024,20:00,9832.8
11/16/2024,20:15,9933.6
11/16/2024,20:30,9932.8
11/16/2024,20:45,9927.2
11/16/2024,21:00,9904
11/16/2024,21:15,9900
11/16/2024,21:30,9926.4
11/16/2024,21:45,9882.4
11/16/2024,22:00,9952.8
11/16/2024,22:15,9931.2
11/16/2024,22:30,9906.4
11/16/2024,22:45,9933.6
11/16/2024,23:00,9935.2
11/16/2024,23:15,9916.8
11/16/2024,23:30,9892.8
11/16/2024,23:45,9918.4
11/17/2024,0:00,9920
11/17/2024,0:15,9890.4
11/17/2024,0:30,9892.8
11/17/2024,0:45,9906.4
11/17/2024,1:00,9876
11/17/2024,1:15,9899.2
11/17/2024,1:30,9862.4
11/17/2024,1:45,9863.2
11/17/2024,2:00,9847.2
11/17/2024,2:15,9884
11/17/2024,2:30,9879.2
11/17/2024,2:45,9909.6
11/17/2024,3:00,9884.8
11/17/2024,3:15,9886.4
11/17/2024,3:30,9882.4
11/17/2024,3:45,9862.4
11/17/2024,4:00,9892
11/17/2024,4:15,9944.8
11/17/2024,4:30,9928
11/17/2024,4:45,9956.8
11/17/2024,5:00,9944
11/17/2024,5:15,9944
11/17/2024,5:30,9965.6
11/17/2024,5:45,9909.6
11/17/2024,6:00,9931.2
11/17/2024,6:15,9923.2
11/17/2024,6:30,9911.2
11/17/2024,6:45,9956.8
11/17/2024,7:00,9944.8
11/17/2024,7:15,9951.2
11/17/2024,7:30,9928.8
11/17/2024,7:45,9880.8
11/17/2024,8:00,9808
11/17/2024,8:15,9841.6
11/17/2024,8:30,9628.8
11/17/2024,8:45,9466.4
11/17/2024,9:00,9600.8
11/17/2024,9:15,9462.4
11/17/2024,9:30,9400.8
11/17/2024,9:45,9408.8
11/17/2024,10:00,9504.8
11/17/2024,10:15,9369.6
11/17/2024,10:30,9444
11/17/2024,10:45,9239.2
11/17/2024,11:00,9309.6
11/17/2024,11:15,8948.8
11/17/2024,11:30,9130.4
11/17/2024,11:45,9419.2
11/17/2024,12:00,9311.2
11/17/2024,12:15,9148
11/17/2024,12:30,9393.6
11/17/2024,12:45,9327.2
11/17/2024,13:00,9276
11/17/2024,13:15,9418.4
11/17/2024,13:30,9500
11/17/2024,13:45,9465.6
11/17/2024,14:00,9524.8
11/17/2024,14:15,9472
11/17/2024,14:30,9574.4
11/17/2024,14:45,9598.4
11/17/2024,15:00,9672
11/17/2024,15:15,9683.2
11/17/2024,15:30,9687.2
11/17/2024,15:45,9734.4
11/17/2024,16:00,9780
11/17/2024,16:15,9846.4
11/17/2024,16:30,9881.6
11/17/2024,16:45,9892
11/17/2024,17:00,9964.8
11/17/2024,17:15,9899.2
11/17/2024,17:30,9895.2
11/17/2024,17:45,9892.8
11/17/2024,18:00,9929.6
11/17/2024,18:15,9915.2
11/17/2024,18:30,9932
11/17/2024,18:45,9923.2
11/17/2024,19:00,9940
11/17/2024,19:15,9955.2
11/17/2024,19:30,9961.6
11/17/2024,19:45,9948
11/17/2024,20:00,9976.8
11/17/2024,20:15,9935.2
11/17/2024,20:30,9964
11/17/2024,20:45,9960
11/17/2024,21:00,9967.2
11/17/2024,21:15,9985.6
11/17/2024,21:30,9971.2
11/17/2024,21:45,10029.6
11/17/2024,22:00,9940
11/17/2024,22:15,9948
11/17/2024,22:30,9958.4
11/17/2024,22:45,10008.8
11/17/2024,23:00,9967.2
11/17/2024,23:15,9976.8
11/17/2024,23:30,9944
11/17/2024,23:45,9948.8
11/18/2024,0:00,9957.6
11/18/2024,0:15,9921.6
11/18/2024,0:30,9915.2
11/18/2024,0:45,9930.4
11/18/2024,1:00,9918.4
11/18/2024,1:15,9876
11/18/2024,1:30,9944.8
11/18/2024,1:45,9948
11/18/2024,2:00,9954.4
11/18/2024,2:15,9904
11/18/2024,2:30,9955.2
11/18/2024,2:45,9938.4
11/18/2024,3:00,9932.8
11/18/2024,3:15,9899.2
11/18/2024,3:30,9819.2
11/18/2024,3:45,9825.6
11/18/2024,4:00,9832.8
11/18/2024,4:15,9852
11/18/2024,4:30,9848
11/18/2024,4:45,9810.4
11/18/2024,5:00,9836.8
11/18/2024,5:15,9803.2
11/18/2024,5:30,9833.6
11/18/2024,5:45,9889.6
11/18/2024,6:00,9917.6
11/18/2024,6:15,9901.6
11/18/2024,6:30,9917.6
11/18/2024,6:45,9930.4
11/18/2024,7:00,9902.4
11/18/2024,7:15,9855.2
11/18/2024,7:30,9846.4
11/18/2024,7:45,9649.6
11/18/2024,8:00,9672.8
11/18/2024,8:15,9392.8
11/18/2024,8:30,9468
11/18/2024,8:45,9555.2
11/18/2024,9:00,9603.2
11/18/2024,9:15,9243.2
11/18/2024,9:30,9256.8
11/18/2024,9:45,9137.6
11/18/2024,10:00,9406.4
11/18/2024,10:15,9644
11/18/2024,10:30,9238.4
11/18/2024,10:45,9211.2
11/18/2024,11:00,9533.6
11/18/2024,11:15,9464
11/18/2024,11:30,9472.8
11/18/2024,11:45,9422.4
11/18/2024,12:00,9184.8
11/18/2024,12:15,9304.8
11/18/2024,12:30,9244
11/18/2024,12:45,9388
11/18/2024,13:00,9154.4
11/18/2024,13:15,9246.4
11/18/2024,13:30,9436.8
11/18/2024,13:45,9450.4
11/18/2024,14:00,9549.6
11/18/2024,14:15,9785.6
11/18/2024,14:30,9877.6
11/18/2024,14:45,9924
11/18/2024,15:00,9886.4
11/18/2024,15:15,9882.4
11/18/2024,15:30,9815.2
11/18/2024,15:45,9932.8
11/18/2024,16:00,10012.8
11/18/2024,16:15,9975.2
11/18/2024,16:30,10041.6
11/18/2024,16:45,9991.2
11/18/2024,17:00,10124
11/18/2024,17:15,10080.8
11/18/2024,17:30,10063.2
11/18/2024,17:45,10087.2
11/18/2024,18:00,10048
11/18/2024,18:15,10116.8
11/18/2024,18:30,10027.2
11/18/2024,18:45,10133.6
11/18/2024,19:00,10072
11/18/2024,19:15,10113.6
11/18/2024,19:30,10112.8
11/18/2024,19:45,10099.2
11/18/2024,20:00,10120.8
11/18/2024,20:15,10115.2
11/18/2024,20:30,10128.8
11/18/2024,20:45,10141.6
11/18/2024,21:00,10128
11/18/2024,21:15,10059.2
11/18/2024,21:30,10148.8
11/18/2024,21:45,10064
11/18/2024,22:00,10148.8
11/18/2024,22:15,10170.4
11/18/2024,22:30,10156.8
11/18/2024,22:45,10046.4
11/18/2024,23:00,9985.6
11/18/2024,23:15,10039.2
11/18/2024,23:30,9971.2
11/18/2024,23:45,10064
11/19/2024,0:00,10024.8
11/19/2024,0:15,10014.4
11/19/2024,0:30,10075.2
11/19/2024,0:45,9931.2
11/19/2024,1:00,10004
11/19/2024,1:15,10046.4
11/19/2024,1:30,10022.4
11/19/2024,1:45,9992.8
11/19/2024,2:00,10066.4
11/19/2024,2:15,9999.2
11/19/2024,2:30,10101.6
11/19/2024,2:45,9968.8
11/19/2024,3:00,10018.4
11/19/2024,3:15,9956.8
11/19/2024,3:30,10056
11/19/2024,3:45,10056.8
11/19/2024,4:00,10017.6
11/19/2024,4:15,10050.4
11/19/2024,4:30,10069.6
11/19/2024,4:45,9984.8
11/19/2024,5:00,10010.4
11/19/2024,5:15,10069.6
11/19/2024,5:30,10025.6
11/19/2024,5:45,10041.6
11/19/2024,6:00,10088
11/19/2024,6:15,10048
11/19/2024,6:30,10044
11/19/2024,6:45,9976.8
11/19/2024,7:00,10045.6
11/19/2024,7:15,10030.4
11/19/2024,7:30,9995.2
11/19/2024,7:45,9903.2
11/19/2024,8:00,9960.8
11/19/2024,8:15,9918.4
11/19/2024,8:30,9936
11/19/2024,8:45,9825.6
11/19/2024,9:00,9780.8
11/19/2024,9:15,9800.8
11/19/2024,9:30,9676
11/19/2024,9:45,9500.8
11/19/2024,10:00,9692.8
11/19/2024,10:15,9573.6
11/19/2024,10:30,9583.2
11/19/2024,10:45,9472.8
11/19/2024,11:00,9260
11/19/2024,11:15,9516
11/19/2024,11:30,9397.6
11/19/2024,11:45,9233.6
11/19/2024,12:00,9216.8
11/19/2024,12:15,9135.2
11/19/2024,12:30,9061.6
11/19/2024,12:45,9093.6
11/19/2024,13:00,9102.4
11/19/2024,13:15,9140
11/19/2024,13:30,9264
11/19/2024,13:45,9373.6
11/19/2024,14:00,9336
11/19/2024,14:15,9465.6
11/19/2024,14:30,9484
11/19/2024,14:45,9609.6
11/19/2024,15:00,9689.6
11/19/2024,15:15,9964
11/19/2024,15:30,9860.8
11/19/2024,15:45,10019.2
11/19/2024,16:00,10008
11/19/2024,16:15,10093.6
11/19/2024,16:30,10012.8
11/19/2024,16:45,10108.8
11/19/2024,17:00,10136
11/19/2024,17:15,10156.8
11/19/2024,17:30,10137.6
11/19/2024,17:45,10155.2
11/19/2024,18:00,10162.4
11/19/2024,18:15,10086.4
11/19/2024,18:30,10164
11/19/2024,18:45,10166.4
11/19/2024,19:00,10136.8
11/19/2024,19:15,10110.4
11/19/2024,19:30,10074.4
11/19/2024,19:45,10120
11/19/2024,20:00,10176
11/19/2024,20:15,10171.2
11/19/2024,20:30,10110.4
11/19/2024,20:45,10153.6
11/19/2024,21:00,10129.6
11/19/2024,21:15,10146.4
11/19/2024,21:30,10108
11/19/2024,21:45,10131.2
11/19/2024,22:00,10111.2
11/19/2024,22:15,10116
11/19/2024,22:30,10135.2
11/19/2024,22:45,10116
11/19/2024,23:00,10138.4
11/19/2024,23:15,10120.8
11/19/2024,23:30,10083.2
11/19/2024,23:45,10128
11/20/2024,0:00,10124.8
11/20/2024,0:15,10139.2
11/20/2024,0:30,10098.4
11/20/2024,0:45,10086.4
11/20/2024,1:00,10085.6
11/20/2024,1:15,10038.4
11/20/2024,1:30,10086.4
11/20/2024,1:45,10096.8
11/20/2024,2:00,10091.2
11/20/2024,2:15,10052.8
11/20/2024,2:30,10062.4
11/20/2024,2:45,10088
11/20/2024,3:00,10099.2
11/20/2024,3:15,10092
11/20/2024,3:30,10108.8
11/20/2024,3:45,10104
11/20/2024,4:00,10059.2
11/20/2024,4:15,10087.2
11/20/2024,4:30,10035.2
11/20/2024,4:45,10040.8
11/20/2024,5:00,10093.6
11/20/2024,5:15,10123.2
11/20/2024,5:30,10114.4
11/20/2024,5:45,10116
11/20/2024,6:00,10103.2
11/20/2024,6:15,10100.8
11/20/2024,6:30,10109.6
11/20/2024,6:45,10132
11/20/2024,7:00,10144
11/20/2024,7:15,10125.6
11/20/2024,7:30,10086.4
11/20/2024,7:45,10112.8
11/20/2024,8:00,10086.4
11/20/2024,8:15,10048.8
11/20/2024,8:30,10048.8
11/20/2024,8:45,9979.2
11/20/2024,9:00,9957.6
11/20/2024,9:15,9788
11/20/2024,9:30,9763.2
11/20/2024,9:45,9682.4
11/20/2024,10:00,9444.8
11/20/2024,10:15,9602.4
11/20/2024,10:30,9603.2
11/20/2024,10:45,9649.6
11/20/2024,11:00,9706.4
11/20/2024,11:15,9639.2
11/20/2024,11:30,9595.2
11/20/2024,11:45,9576.8
11/20/2024,12:00,9620
11/20/2024,12:15,9510.4
11/20/2024,12:30,9441.6
11/20/2024,12:45,9295.2
11/20/2024,13:00,9190.4
11/20/2024,13:15,9110.4
11/20/2024,13:30,9261.6
11/20/2024,13:45,9104
11/20/2024,14:00,9308
11/20/2024,14:15,9248.8
11/20/2024,14:30,9164.8
11/20/2024,14:45,9216.8
11/20/2024,15:00,9415.2
11/20/2024,15:15,9581.6
11/20/2024,15:30,9716.8
11/20/2024,15:45,9724
11/20/2024,16:00,9833.6
11/20/2024,16:15,9842.4
11/20/2024,16:30,9984.8
11/20/2024,16:45,10062.4
11/20/2024,17:00,10104.8
11/20/2024,17:15,10156.8
11/20/2024,17:30,10163.2
11/20/2024,17:45,10114.4
11/20/2024,18:00,10113.6
11/20/2024,18:15,10212.8
11/20/2024,18:30,10143.2
11/20/2024,18:45,10164.8
11/20/2024,19:00,10185.6
11/20/2024,19:15,10165.6
11/20/2024,19:30,10202.4
11/20/2024,19:45,10232
11/20/2024,20:00,10223.2
11/20/2024,20:15,10224.8
11/20/2024,20:30,10228.8
11/20/2024,20:45,10235.2
11/20/2024,21:00,10238.4
11/20/2024,21:15,10228.8
11/20/2024,21:30,10248.8
11/20/2024,21:45,10228
11/20/2024,22:00,10201.6
11/20/2024,22:15,10232.8
11/20/2024,22:30,10207.2
11/20/2024,22:45,10202.4
11/20/2024,23:00,10190.4
11/20/2024,23:15,10200.8
11/20/2024,23:30,10163.2
11/20/2024,23:45,10186.4
11/21/2024,0:00,10218.4
11/21/2024,0:15,10175.2
11/21/2024,0:30,10171.2
11/21/2024,0:45,10168
11/21/2024,1:00,10148
11/21/2024,1:15,10133.6
11/21/2024,1:30,10136
11/21/2024,1:45,10133.6
11/21/2024,2:00,10134.4
11/21/2024,2:15,10158.4
11/21/2024,2:30,10199.2
11/21/2024,2:45,10171.2
11/21/2024,3:00,10185.6
11/21/2024,3:15,10172
11/21/2024,3:30,10194.4
11/21/2024,3:45,10168.8
11/21/2024,4:00,10176
11/21/2024,4:15,10169.6
11/21/2024,4:30,10162.4
11/21/2024,4:45,10190.4
11/21/2024,5:00,10192
11/21/2024,5:15,10170.4
11/21/2024,5:30,10150.4
11/21/2024,5:45,10143.2
11/21/2024,6:00,10153.6
11/21/2024,6:15,10128.8
11/21/2024,6:30,10150.4
11/21/2024,6:45,10089.6
11/21/2024,7:00,10080
11/21/2024,7:15,10078.4
11/21/2024,7:30,9877.6
11/21/2024,7:45,9756.8
11/21/2024,8:00,9523.2
11/21/2024,8:15,9716.8
11/21/2024,8:30,9496.8
11/21/2024,8:45,9322.4
11/21/2024,9:00,9180
11/21/2024,9:15,9000
11/21/2024,9:30,9232.8
11/21/2024,9:45,8696
11/21/2024,10:00,8528
11/21/2024,10:15,8253.6
11/21/2024,10:30,7872.8
11/21/2024,10:45,7545.6
11/21/2024,11:00,7728.8
11/21/2024,11:15,7786.4
11/21/2024,11:30,7730.4
11/21/2024,11:45,7904
11/21/2024,12:00,8892.8
11/21/2024,12:15,7747.2
11/21/2024,12:30,7638.4
11/21/2024,12:45,7785.6
11/21/2024,13:00,9267.2
11/21/2024,13:15,7921.6
11/21/2024,13:30,8245.6
11/21/2024,13:45,8512
11/21/2024,14:00,8969.6
11/21/2024,14:15,8461.6
11/21/2024,14:30,8942.4
11/21/2024,14:45,8880
11/21/2024,15:00,9108.8
11/21/2024,15:15,9167.2
11/21/2024,15:30,9478.4
11/21/2024,15:45,9599.2
11/21/2024,16:00,9707.2
11/21/2024,16:15,9893.6
11/21/2024,16:30,10032.8
11/21/2024,16:45,10160
11/21/2024,17:00,10112.8
11/21/2024,17:15,10171.2
11/21/2024,17:30,10196
11/21/2024,17:45,10138.4
11/21/2024,18:00,10165.6
11/21/2024,18:15,10074.4
11/21/2024,18:30,10132.8
11/21/2024,18:45,10139.2
11/21/2024,19:00,10163.2
11/21/2024,19:15,10183.2
11/21/2024,19:30,10186.4
11/21/2024,19:45,10200
11/21/2024,20:00,10217.6
11/21/2024,20:15,10226.4
11/21/2024,20:30,10220.8
11/21/2024,20:45,10199.2
11/21/2024,21:00,10216
11/21/2024,21:15,10212
11/21/2024,21:30,10184.8
11/21/2024,21:45,10198.4
11/21/2024,22:00,10208.8
11/21/2024,22:15,10201.6
11/21/2024,22:30,10196.8
11/21/2024,22:45,10193.6
11/21/2024,23:00,10142.4
11/21/2024,23:15,10176
11/21/2024,23:30,10181.6
11/21/2024,23:45,10221.6
11/22/2024,0:00,10180
11/22/2024,0:15,10138.4
11/22/2024,0:30,10136
11/22/2024,0:45,10106.4
11/22/2024,1:00,10161.6
11/22/2024,1:15,10169.6
11/22/2024,1:30,10151.2
11/22/2024,1:45,10134.4
11/22/2024,2:00,10151.2
11/22/2024,2:15,10155.2
11/22/2024,2:30,10154.4
11/22/2024,2:45,10164.8
11/22/2024,3:00,10164
11/22/2024,3:15,10142.4
11/22/2024,3:30,10164.8
11/22/2024,3:45,10138.4
11/22/2024,4:00,10166.4
11/22/2024,4:15,10140.8
11/22/2024,4:30,10171.2
11/22/2024,4:45,10154.4
11/22/2024,5:00,10141.6
11/22/2024,5:15,10168.8
11/22/2024,5:30,10144
11/22/2024,5:45,10193.6
11/22/2024,6:00,10128.8
11/22/2024,6:15,10124
11/22/2024,6:30,10164
11/22/2024,6:45,10159.2
11/22/2024,7:00,10074.4
11/22/2024,7:15,10048
11/22/2024,7:30,9900
11/22/2024,7:45,9782.4
11/22/2024,8:00,9671.2
11/22/2024,8:15,9506.4
11/22/2024,8:30,9352.8
11/22/2024,8:45,9076
11/22/2024,9:00,8924.8
11/22/2024,9:15,8770.4
11/22/2024,9:30,8555.2
11/22/2024,9:45,8429.6
11/22/2024,10:00,8354.4
11/22/2024,10:15,8199.2
11/22/2024,10:30,8090.4
11/22/2024,10:45,7980
11/22/2024,11:00,7990.4
11/22/2024,11:15,7956
11/22/2024,11:30,7940.8
11/22/2024,11:45,7961.6
11/22/2024,12:00,7910.4
11/22/2024,12:15,8007.2
11/22/2024,12:30,8006.4
11/22/2024,12:45,8161.6
11/22/2024,13:00,8112
11/22/2024,13:15,8040
11/22/2024,13:30,8344.8
11/22/2024,13:45,8192.8
11/22/2024,14:00,8441.6
11/22/2024,14:15,9104
11/22/2024,14:30,8894.4
11/22/2024,14:45,9301.6
11/22/2024,15:00,9154.4
11/22/2024,15:15,9327.2
11/22/2024,15:30,9486.4
11/22/2024,15:45,9553.6
11/22/2024,16:00,9727.2
11/22/2024,16:15,9836.8
11/22/2024,16:30,9958.4
11/22/2024,16:45,10076.8
11/22/2024,17:00,10137.6
11/22/2024,17:15,10160
11/22/2024,17:30,10144
11/22/2024,17:45,10186.4
11/22/2024,18:00,10143.2
11/22/2024,18:15,10178.4
11/22/2024,18:30,10172
11/22/2024,18:45,10198.4
11/22/2024,19:00,10177.6
11/22/2024,19:15,10203.2
11/22/2024,19:30,10204
11/22/2024,19:45,10175.2
11/22/2024,20:00,10202.4
11/22/2024,20:15,10237.6
11/22/2024,20:30,10224.8
11/22/2024,20:45,10239.2
11/22/2024,21:00,10260
11/22/2024,21:15,10245.6
11/22/2024,21:30,10239.2
11/22/2024,21:45,10222.4
11/22/2024,22:00,10224.8
11/22/2024,22:15,10230.4
11/22/2024,22:30,10188.8
11/22/2024,22:45,10188
11/22/2024,23:00,10179.2
11/22/2024,23:15,10196
11/22/2024,23:30,10174.4
11/22/2024,23:45,10168
11/23/2024,0:00,10172.8
11/23/2024,0:15,10151.2
11/23/2024,0:30,10137.6
11/23/2024,0:45,10157.6
11/23/2024,1:00,10127.2
11/23/2024,1:15,10160
11/23/2024,1:30,10123.2
11/23/2024,1:45,10132.8
11/23/2024,2:00,10144.8
11/23/2024,2:15,10163.2
11/23/2024,2:30,10131.2
11/23/2024,2:45,10152.8
11/23/2024,3:00,10145.6
11/23/2024,3:15,10153.6
11/23/2024,3:30,10180.8
11/23/2024,3:45,10176
11/23/2024,4:00,10176
11/23/2024,4:15,10175.2
11/23/2024,4:30,10197.6
11/23/2024,4:45,10178.4
11/23/2024,5:00,10131.2
11/23/2024,5:15,10174.4
11/23/2024,5:30,10133.6
11/23/2024,5:45,10168
11/23/2024,6:00,10153.6
11/23/2024,6:15,10147.2
11/23/2024,6:30,10181.6
11/23/2024,6:45,10164
11/23/2024,7:00,10132.8
11/23/2024,7:15,10088
11/23/2024,7:30,9928.8
11/23/2024,7:45,9788.8
11/23/2024,8:00,9640
11/23/2024,8:15,9488
11/23/2024,8:30,9316.8
11/23/2024,8:45,9128
11/23/2024,9:00,8879.2
11/23/2024,9:15,8680.8
11/23/2024,9:30,8536.8
11/23/2024,9:45,8346.4
11/23/2024,10:00,8220.8
11/23/2024,10:15,8101.6
11/23/2024,10:30,7982.4
11/23/2024,10:45,7880.8
11/23/2024,11:00,7836
11/23/2024,11:15,7780.8
11/23/2024,11:30,7732.8
11/23/2024,11:45,7746.4
11/23/2024,12:00,7690.4
11/23/2024,12:15,7709.6
11/23/2024,12:30,7750.4
11/23/2024,12:45,7821.6
11/23/2024,13:00,7866.4
11/23/2024,13:15,7964.8
11/23/2024,13:30,8040
11/23/2024,13:45,8174.4
11/23/2024,14:00,8307.2
11/23/2024,14:15,8443.2
11/23/2024,14:30,8607.2
11/23/2024,14:45,8765.6
11/23/2024,15:00,8965.6
11/23/2024,15:15,9118.4
11/23/2024,15:30,9272
11/23/2024,15:45,9453.6
11/23/2024,16:00,9642.4
11/23/2024,16:15,9906.4
11/23/2024,16:30,9982.4
11/23/2024,16:45,10098.4
11/23/2024,17:00,10132
11/23/2024,17:15,10194.4
11/23/2024,17:30,10106.4
11/23/2024,17:45,10145.6
11/23/2024,18:00,10140
11/23/2024,18:15,10188
11/23/2024,18:30,10126.4
11/23/2024,18:45,10200
11/23/2024,19:00,10195.2
11/23/2024,19:15,10153.6
11/23/2024,19:30,10186.4
11/23/2024,19:45,10140
11/23/2024,20:00,10142.4
11/23/2024,20:15,10159.2
11/23/2024,20:30,10130.4
11/23/2024,20:45,10085.6
11/23/2024,21:00,10079.2
11/23/2024,21:15,10057.6
11/23/2024,21:30,10121.6
11/23/2024,21:45,10101.6
11/23/2024,22:00,10089.6
11/23/2024,22:15,10089.6
11/23/2024,22:30,10092
11/23/2024,22:45,10172
11/23/2024,23:00,10132
11/23/2024,23:15,10171.2
11/23/2024,23:30,10148.8
11/23/2024,23:45,10152.8
11/24/2024,0:00,10129.6
11/24/2024,0:15,10132.8
11/24/2024,0:30,10161.6
11/24/2024,0:45,10128.8
11/24/2024,1:00,10132.8
11/24/2024,1:15,10082.4
11/24/2024,1:30,10065.6
11/24/2024,1:45,10121.6
11/24/2024,2:00,10132
11/24/2024,2:15,10149.6
11/24/2024,2:30,10128
11/24/2024,2:45,10145.6
11/24/2024,3:00,10141.6
11/24/2024,3:15,10168
11/24/2024,3:30,10145.6
11/24/2024,3:45,10164
11/24/2024,4:00,10133.6
11/24/2024,4:15,10177.6
11/24/2024,4:30,10164.8
11/24/2024,4:45,10188
11/24/2024,5:00,10114.4
11/24/2024,5:15,10146.4
11/24/2024,5:30,10134.4
11/24/2024,5:45,10154.4
11/24/2024,6:00,10132.8
11/24/2024,6:15,10169.6
11/24/2024,6:30,10132
11/24/2024,6:45,10183.2
11/24/2024,7:00,10107.2
11/24/2024,7:15,10036.8
11/24/2024,7:30,9880.8
11/24/2024,7:45,9779.2
11/24/2024,8:00,9565.6
11/24/2024,8:15,9564
11/24/2024,8:30,9433.6
11/24/2024,8:45,9065.6
11/24/2024,9:00,9281.6
11/24/2024,9:15,9195.2
11/24/2024,9:30,8328
11/24/2024,9:45,9216.8
11/24/2024,10:00,8128.8
11/24/2024,10:15,8120
11/24/2024,10:30,8284.8
11/24/2024,10:45,8387.2
11/24/2024,11:00,7732.8
11/24/2024,11:15,8665.6
11/24/2024,11:30,8339.2
11/24/2024,11:45,8145.6
11/24/2024,12:00,8292.8
11/24/2024,12:15,8494.4
11/24/2024,12:30,8289.6
11/24/2024,12:45,8684
11/24/2024,13:00,9036.8
11/24/2024,13:15,8682.4
11/24/2024,13:30,8970.4
11/24/2024,13:45,7725.6
11/24/2024,14:00,8835.2
11/24/2024,14:15,9279.2
11/24/2024,14:30,9634.4
11/24/2024,14:45,9505.6
11/24/2024,15:00,9732.8
11/24/2024,15:15,9814.4
11/24/2024,15:30,9888.8
11/24/2024,15:45,9900
11/24/2024,16:00,9857.6
11/24/2024,16:15,9908.8
11/24/2024,16:30,9971.2
11/24/2024,16:45,10082.4
11/24/2024,17:00,10145.6
11/24/2024,17:15,10172
11/24/2024,17:30,10109.6
11/24/2024,17:45,10150.4
11/24/2024,18:00,10118.4
11/24/2024,18:15,10101.6
11/24/2024,18:30,10104.8
11/24/2024,18:45,10143.2
11/24/2024,19:00,10136
11/24/2024,19:15,10146.4
11/24/2024,19:30,10128
11/24/2024,19:45,10144
11/24/2024,20:00,10180.8
11/24/2024,20:15,10192
11/24/2024,20:30,10194.4
11/24/2024,20:45,10162.4
11/24/2024,21:00,10156.8
11/24/2024,21:15,10164
11/24/2024,21:30,10160.8
11/24/2024,21:45,10160
11/24/2024,22:00,10150.4
11/24/2024,22:15,10172
11/24/2024,22:30,10157.6
11/24/2024,22:45,10181.6
11/24/2024,23:00,10161.6
11/24/2024,23:15,10171.2
11/24/2024,23:30,10180
11/24/2024,23:45,10167.2
11/25/2024,0:00,10130.4
11/25/2024,0:15,10136.8
11/25/2024,0:30,10148
11/25/2024,0:45,10158.4
11/25/2024,1:00,10118.4
11/25/2024,1:15,10124
11/25/2024,1:30,10118.4
11/25/2024,1:45,10131.2
11/25/2024,2:00,10148.8
11/25/2024,2:15,10156.8
11/25/2024,2:30,10153.6
11/25/2024,2:45,10128.8
11/25/2024,3:00,10104
11/25/2024,3:15,10110.4
11/25/2024,3:30,10111.2
11/25/2024,3:45,10124
11/25/2024,4:00,10153.6
11/25/2024,4:15,10177.6
11/25/2024,4:30,10154.4
11/25/2024,4:45,10147.2
11/25/2024,5:00,10116.8
11/25/2024,5:15,10137.6
11/25/2024,5:30,10152
11/25/2024,5:45,10140
11/25/2024,6:00,10108
11/25/2024,6:15,10116.8
11/25/2024,6:30,10142.4
11/25/2024,6:45,10099.2
11/25/2024,7:00,10128
11/25/2024,7:15,10128
11/25/2024,7:30,10118.4
11/25/2024,7:45,10127.2
11/25/2024,8:00,10149.6
11/25/2024,8:15,10156.8
11/25/2024,8:30,10092
11/25/2024,8:45,10100.8
11/25/2024,9:00,10066.4
11/25/2024,9:15,9913.6
11/25/2024,9:30,9912.8
11/25/2024,9:45,10062.4
11/25/2024,10:00,9963.2
11/25/2024,10:15,9883.2
11/25/2024,10:30,10015.2
11/25/2024,10:45,9864
11/25/2024,11:00,9475.2
11/25/2024,11:15,9609.6
11/25/2024,11:30,9718.4
11/25/2024,11:45,9708.8
11/25/2024,12:00,9610.4
11/25/2024,12:15,9700.8
11/25/2024,12:30,9972.8
11/25/2024,12:45,9649.6
11/25/2024,13:00,10063.2
11/25/2024,13:15,9934.4
11/25/2024,13:30,9864
11/25/2024,13:45,9952
11/25/2024,14:00,9668.8
11/25/2024,14:15,9781.6
11/25/2024,14:30,9937.6
11/25/2024,14:45,10080.8
11/25/2024,15:00,10147.2
11/25/2024,15:15,10148
11/25/2024,15:30,10049.6
11/25/2024,15:45,10153.6
11/25/2024,16:00,10148
11/25/2024,16:15,10158.4
11/25/2024,16:30,10172
11/25/2024,16:45,10157.6
11/25/2024,17:00,10192
11/25/2024,17:15,10144
11/25/2024,17:30,10123.2
11/25/2024,17:45,10145.6
11/25/2024,18:00,10133.6
11/25/2024,18:15,10174.4
11/25/2024,18:30,10159.2
11/25/2024,18:45,10145.6
11/25/2024,19:00,10134.4
11/25/2024,19:15,10159.2
11/25/2024,19:30,10181.6
11/25/2024,19:45,10213.6
11/25/2024,20:00,10184
11/25/2024,20:15,10169.6
11/25/2024,20:30,10189.6
11/25/2024,20:45,10219.2
11/25/2024,21:00,10167.2
11/25/2024,21:15,10192
11/25/2024,21:30,10212.8
11/25/2024,21:45,10196.8
11/25/2024,22:00,10201.6
11/25/2024,22:15,10189.6
11/25/2024,22:30,10195.2
11/25/2024,22:45,10168.8
11/25/2024,23:00,10193.6
11/25/2024,23:15,10205.6
11/25/2024,23:30,10185.6
11/25/2024,23:45,10200
11/26/2024,0:00,10200
11/26/2024,0:15,10165.6
11/26/2024,0:30,10166.4
11/26/2024,0:45,10162.4
11/26/2024,1:00,10177.6
11/26/2024,1:15,10192
11/26/2024,1:30,10192.8
11/26/2024,1:45,10188
11/26/2024,2:00,10184
11/26/2024,2:15,10175.2
11/26/2024,2:30,10176.8
11/26/2024,2:45,10154.4
11/26/2024,3:00,10144
11/26/2024,3:15,10136
11/26/2024,3:30,10144.8
11/26/2024,3:45,10128.8
11/26/2024,4:00,10167.2
11/26/2024,4:15,10177.6
11/26/2024,4:30,10190.4
11/26/2024,4:45,10182.4
11/26/2024,5:00,10214.4
11/26/2024,5:15,10185.6
11/26/2024,5:30,10200.8
11/26/2024,5:45,10166.4
11/26/2024,6:00,10182.4
11/26/2024,6:15,10204
11/26/2024,6:30,10176.8
11/26/2024,6:45,10188.8
11/26/2024,7:00,10144.8
11/26/2024,7:15,10056
11/26/2024,7:30,9965.6
11/26/2024,7:45,9804.8
11/26/2024,8:00,9683.2
11/26/2024,8:15,9574.4
11/26/2024,8:30,9303.2
11/26/2024,8:45,9030.4
11/26/2024,9:00,8856
11/26/2024,9:15,8611.2
11/26/2024,9:30,8404.8
11/26/2024,9:45,8290.4
11/26/2024,10:00,8147.2
11/26/2024,10:15,8055.2
11/26/2024,10:30,7899.2
11/26/2024,10:45,7821.6
11/26/2024,11:00,7756
11/26/2024,11:15,7659.2
11/26/2024,11:30,7678.4
11/26/2024,11:45,7670.4
11/26/2024,12:00,7704.8
11/26/2024,12:15,7671.2
11/26/2024,12:30,7661.6
11/26/2024,12:45,7682.4
11/26/2024,13:00,7830.4
11/26/2024,13:15,7852.8
11/26/2024,13:30,7926.4
11/26/2024,13:45,8051.2
11/26/2024,14:00,8182.4
11/26/2024,14:15,9092
11/26/2024,14:30,9223.2
11/26/2024,14:45,9021.6
11/26/2024,15:00,8690.4
11/26/2024,15:15,9210.4
11/26/2024,15:30,9420.8
11/26/2024,15:45,9740.8
11/26/2024,16:00,9812.8
11/26/2024,16:15,9870.4
11/26/2024,16:30,10040.8
11/26/2024,16:45,10124
11/26/2024,17:00,10141.6
11/26/2024,17:15,10195.2
11/26/2024,17:30,10177.6
11/26/2024,17:45,10162.4
11/26/2024,18:00,10141.6
11/26/2024,18:15,10157.6
11/26/2024,18:30,10148.8
11/26/2024,18:45,10179.2
11/26/2024,19:00,10180.8
11/26/2024,19:15,10204
11/26/2024,19:30,10193.6
11/26/2024,19:45,10236
11/26/2024,20:00,10203.2
11/26/2024,20:15,10213.6
11/26/2024,20:30,10205.6
11/26/2024,20:45,10223.2
11/26/2024,21:00,10191.2
11/26/2024,21:15,10185.6
11/26/2024,21:30,10185.6
11/26/2024,21:45,10188
11/26/2024,22:00,10209.6
11/26/2024,22:15,10127.2
11/26/2024,22:30,10201.6
11/26/2024,22:45,10184
11/26/2024,23:00,10199.2
11/26/2024,23:15,10171.2
11/26/2024,23:30,10189.6
11/26/2024,23:45,10157.6
11/27/2024,0:00,10196.8
11/27/2024,0:15,10168.8
11/27/2024,0:30,10182.4
11/27/2024,0:45,10197.6
11/27/2024,1:00,10180
11/27/2024,1:15,10203.2
11/27/2024,1:30,10188
11/27/2024,1:45,10195.2
11/27/2024,2:00,10192.8
11/27/2024,2:15,10192
11/27/2024,2:30,10184.8
11/27/2024,2:45,10181.6
11/27/2024,3:00,10176.8
11/27/2024,3:15,10182.4
11/27/2024,3:30,10173.6
11/27/2024,3:45,10173.6
11/27/2024,4:00,10175.2
11/27/2024,4:15,10217.6
11/27/2024,4:30,10176.8
11/27/2024,4:45,10178.4
11/27/2024,5:00,10194.4
11/27/2024,5:15,10200.8
11/27/2024,5:30,10162.4
11/27/2024,5:45,10180
11/27/2024,6:00,10167.2
11/27/2024,6:15,10159.2
11/27/2024,6:30,10170.4
11/27/2024,6:45,10161.6
11/27/2024,7:00,10128
11/27/2024,7:15,10060.8
11/27/2024,7:30,9991.2
11/27/2024,7:45,9876
11/27/2024,8:00,9729.6
11/27/2024,8:15,9615.2
11/27/2024,8:30,9418.4
11/27/2024,8:45,9156
11/27/2024,9:00,8928.8
11/27/2024,9:15,8768.8
11/27/2024,9:30,8595.2
11/27/2024,9:45,8444
11/27/2024,10:00,8280
11/27/2024,10:15,8140
11/27/2024,10:30,8040
11/27/2024,10:45,7989.6
11/27/2024,11:00,7916
11/27/2024,11:15,7874.4
11/27/2024,11:30,7808
11/27/2024,11:45,7796.8
11/27/2024,12:00,7832.8
11/27/2024,12:15,7831.2
11/27/2024,12:30,7863.2
11/27/2024,12:45,7886.4
11/27/2024,13:00,7943.2
11/27/2024,13:15,8044
11/27/2024,13:30,8098.4
11/27/2024,13:45,8270.4
11/27/2024,14:00,8421.6
11/27/2024,14:15,8521.6
11/27/2024,14:30,8680.8
11/27/2024,14:45,8848.8
11/27/2024,15:00,9043.2
11/27/2024,15:15,9228
11/27/2024,15:30,9408.8
11/27/2024,15:45,9584.8
11/27/2024,16:00,9772.8
11/27/2024,16:15,9972.8
11/27/2024,16:30,10086.4
11/27/2024,16:45,10132.8
11/27/2024,17:00,10216.8
11/27/2024,17:15,10264.8
11/27/2024,17:30,10277.6
11/27/2024,17:45,10209.6
11/27/2024,18:00,10232.8
11/27/2024,18:15,10220
11/27/2024,18:30,10248
11/27/2024,18:45,10227.2
11/27/2024,19:00,10249.6
11/27/2024,19:15,10188
11/27/2024,19:30,10205.6
11/27/2024,19:45,10205.6
11/27/2024,20:00,10227.2
11/27/2024,20:15,10196.8
11/27/2024,20:30,10228
11/27/2024,20:45,10242.4
11/27/2024,21:00,10208.8
11/27/2024,21:15,10249.6
11/27/2024,21:30,10230.4
11/27/2024,21:45,10224.8
11/27/2024,22:00,10228.8
11/27/2024,22:15,10234.4
11/27/2024,22:30,10212.8
11/27/2024,22:45,10202.4
11/27/2024,23:00,10213.6
11/27/2024,23:15,10216
11/27/2024,23:30,10200.8
11/27/2024,23:45,10211.2
11/28/2024,0:00,10210.4
11/28/2024,0:15,10209.6
11/28/2024,0:30,10179.2
11/28/2024,0:45,10200.8
11/28/2024,1:00,10204.8
11/28/2024,1:15,10182.4
11/28/2024,1:30,10175.2
11/28/2024,1:45,10200.8
11/28/2024,2:00,10188
11/28/2024,2:15,10179.2
11/28/2024,2:30,10210.4
11/28/2024,2:45,10184
11/28/2024,3:00,10168
11/28/2024,3:15,10170.4
11/28/2024,3:30,10208
11/28/2024,3:45,10192
11/28/2024,4:00,10171.2
11/28/2024,4:15,10213.6
11/28/2024,4:30,10198.4
11/28/2024,4:45,10156.8
11/28/2024,5:00,10169.6
11/28/2024,5:15,10178.4
11/28/2024,5:30,10180
11/28/2024,5:45,10146.4
11/28/2024,6:00,10172.8
11/28/2024,6:15,10135.2
11/28/2024,6:30,10168.8
11/28/2024,6:45,10178.4
11/28/2024,7:00,10146.4
11/28/2024,7:15,10077.6
11/28/2024,7:30,10000.8
11/28/2024,7:45,9880
11/28/2024,8:00,9760.8
11/28/2024,8:15,9615.2
11/28/2024,8:30,9413.6
11/28/2024,8:45,9146.4
11/28/2024,9:00,8967.2
11/28/2024,9:15,8781.6
11/28/2024,9:30,8560.8
11/28/2024,9:45,8388.8
11/28/2024,10:00,8237.6
11/28/2024,10:15,8113.6
11/28/2024,10:30,8038.4
11/28/2024,10:45,7897.6
11/28/2024,11:00,7840
11/28/2024,11:15,7764.8
11/28/2024,11:30,7737.6
11/28/2024,11:45,7706.4
11/28/2024,12:00,7696.8
11/28/2024,12:15,7675.2
11/28/2024,12:30,7680.8
11/28/2024,12:45,7724
11/28/2024,13:00,7787.2
11/28/2024,13:15,7886.4
11/28/2024,13:30,7984.8
11/28/2024,13:45,8076.8
11/28/2024,14:00,8256.8
11/28/2024,14:15,8404.8
11/28/2024,14:30,8560
11/28/2024,14:45,8756.8
11/28/2024,15:00,8957.6
11/28/2024,15:15,9115.2
11/28/2024,15:30,9314.4
11/28/2024,15:45,9514.4
11/28/2024,16:00,9672.8
11/28/2024,16:15,9870.4
11/28/2024,16:30,9967.2
11/28/2024,16:45,10080.8
11/28/2024,17:00,10100.8
11/28/2024,17:15,10104.8
11/28/2024,17:30,10135.2
11/28/2024,17:45,10094.4
11/28/2024,18:00,10143.2
11/28/2024,18:15,10132.8
11/28/2024,18:30,10149.6
11/28/2024,18:45,10148.8
11/28/2024,19:00,10117.6
11/28/2024,19:15,8400
11/28/2024,19:30,9934.4
11/28/2024,19:45,10118.4
11/28/2024,20:00,10106.4
11/28/2024,20:15,10152
11/28/2024,20:30,10176
11/28/2024,20:45,10148.8
11/28/2024,21:00,10201.6
11/28/2024,21:15,10187.2
11/28/2024,21:30,10185.6
11/28/2024,21:45,10188
11/28/2024,22:00,10164.8
11/28/2024,22:15,10168
11/28/2024,22:30,10167.2
11/28/2024,22:45,10202.4
11/28/2024,23:00,10180
11/28/2024,23:15,10179.2
11/28/2024,23:30,10167.2
11/28/2024,23:45,10188
11/29/2024,0:00,10195.2
11/29/2024,0:15,10205.6
11/29/2024,0:30,10163.2
11/29/2024,0:45,10171.2
11/29/2024,1:00,10163.2
11/29/2024,1:15,10163.2
11/29/2024,1:30,10144
11/29/2024,1:45,10153.6
11/29/2024,2:00,10167.2
11/29/2024,2:15,10171.2
11/29/2024,2:30,10157.6
11/29/2024,2:45,10193.6
11/29/2024,3:00,10204.8
11/29/2024,3:15,10219.2
11/29/2024,3:30,10197.6
11/29/2024,3:45,10181.6
11/29/2024,4:00,10182.4
11/29/2024,4:15,10154.4
11/29/2024,4:30,10190.4
11/29/2024,4:45,10187.2
11/29/2024,5:00,10163.2
11/29/2024,5:15,10178.4
11/29/2024,5:30,10157.6
11/29/2024,5:45,10168.8
11/29/2024,6:00,10183.2
11/29/2024,6:15,10137.6
11/29/2024,6:30,10141.6
11/29/2024,6:45,10141.6
11/29/2024,7:00,10144.8
11/29/2024,7:15,10079.2
11/29/2024,7:30,10004.8
11/29/2024,7:45,9886.4
11/29/2024,8:00,9756.8
11/29/2024,8:15,9633.6
11/29/2024,8:30,7702.4
11/29/2024,8:45,7501.6
11/29/2024,9:00,9012.8
11/29/2024,9:15,8844.8
11/29/2024,9:30,8621.6
11/29/2024,9:45,8431.2
11/29/2024,10:00,8285.6
11/29/2024,10:15,8132.8
11/29/2024,10:30,8002.4
11/29/2024,10:45,7917.6
11/29/2024,11:00,7864
11/29/2024,11:15,7820
11/29/2024,11:30,7744.8
11/29/2024,11:45,7767.2
11/29/2024,12:00,7766.4
11/29/2024,12:15,7746.4
11/29/2024,12:30,7763.2
11/29/2024,12:45,7764.8
11/29/2024,13:00,7820
11/29/2024,13:15,7922.4
11/29/2024,13:30,8048
11/29/2024,13:45,8148.8
11/29/2024,14:00,8276.8
11/29/2024,14:15,8425.6
11/29/2024,14:30,8581.6
11/29/2024,14:45,8778.4
11/29/2024,15:00,8965.6
11/29/2024,15:15,9148.8
11/29/2024,15:30,9315.2
11/29/2024,15:45,9523.2
11/29/2024,16:00,9693.6
11/29/2024,16:15,9839.2
11/29/2024,16:30,9992
11/29/2024,16:45,10091.2
11/29/2024,17:00,10136
11/29/2024,17:15,10168.8
11/29/2024,17:30,10144
11/29/2024,17:45,10173.6
11/29/2024,18:00,10190.4
11/29/2024,18:15,10169.6
11/29/2024,18:30,10229.6
11/29/2024,18:45,10179.2
11/29/2024,19:00,10225.6
11/29/2024,19:15,10207.2
11/29/2024,19:30,10198.4
11/29/2024,19:45,10177.6
11/29/2024,20:00,10216
11/29/2024,20:15,10176
11/29/2024,20:30,10214.4
11/29/2024,20:45,10156.8
11/29/2024,21:00,10212
11/29/2024,21:15,10141.6
11/29/2024,21:30,10184.8
11/29/2024,21:45,10190.4
11/29/2024,22:00,10189.6
11/29/2024,22:15,10156
11/29/2024,22:30,10182.4
11/29/2024,22:45,10183.2
11/29/2024,23:00,10176
11/29/2024,23:15,10156
11/29/2024,23:30,10178.4
11/29/2024,23:45,10148.8
11/30/2024,0:00,10164
11/30/2024,0:15,10135.2
11/30/2024,0:30,10160.8
11/30/2024,0:45,10137.6
11/30/2024,1:00,10103.2
11/30/2024,1:15,10084.8
11/30/2024,1:30,10141.6
11/30/2024,1:45,10094.4
11/30/2024,2:00,10192
11/30/2024,2:15,10159.2
11/30/2024,2:30,10123.2
11/30/2024,2:45,10179.2
11/30/2024,3:00,10162.4
11/30/2024,3:15,10148
11/30/2024,3:30,10136.8
11/30/2024,3:45,10136.8
11/30/2024,4:00,10121.6
11/30/2024,4:15,10169.6
11/30/2024,4:30,10164.8
11/30/2024,4:45,10172
11/30/2024,5:00,10150.4
11/30/2024,5:15,10184.8
11/30/2024,5:30,10192
11/30/2024,5:45,10124.8
11/30/2024,6:00,10156.8
11/30/2024,6:15,10124
11/30/2024,6:30,10149.6
11/30/2024,6:45,10140.8
11/30/2024,7:00,10124.8
11/30/2024,7:15,10086.4
11/30/2024,7:30,9999.2
11/30/2024,7:45,9867.2
11/30/2024,8:00,9741.6
11/30/2024,8:15,9580.8
11/30/2024,8:30,9376
11/30/2024,8:45,9187.2
11/30/2024,9:00,9000
11/30/2024,9:15,8852.8
11/30/2024,9:30,8694.4
11/30/2024,9:45,8469.6
11/30/2024,10:00,8375.2
11/30/2024,10:15,8255.2
11/30/2024,10:30,8108.8
11/30/2024,10:45,8035.2
11/30/2024,11:00,7960.8
11/30/2024,11:15,7915.2
11/30/2024,11:30,7891.2
11/30/2024,11:45,7830.4
11/30/2024,12:00,7810.4
11/30/2024,12:15,7846.4
11/30/2024,12:30,7844.8
11/30/2024,12:45,7877.6
11/30/2024,13:00,7924.8
11/30/2024,13:15,8054.4
11/30/2024,13:30,8124.8
11/30/2024,13:45,8297.6
11/30/2024,14:00,8398.4
11/30/2024,14:15,8560.8
11/30/2024,14:30,8681.6
11/30/2024,14:45,8824.8
11/30/2024,15:00,9010.4
11/30/2024,15:15,9191.2
11/30/2024,15:30,9413.6
11/30/2024,15:45,9686.4
11/30/2024,16:00,9704.8
11/30/2024,16:15,9844
11/30/2024,16:30,9931.2
11/30/2024,16:45,10060.8
11/30/2024,17:00,10147.2
11/30/2024,17:15,10188.8
11/30/2024,17:30,10173.6
11/30/2024,17:45,10145.6
11/30/2024,18:00,10109.6
11/30/2024,18:15,10120.8
11/30/2024,18:30,10115.2
11/30/2024,18:45,10126.4
11/30/2024,19:00,10116
11/30/2024,19:15,10131.2
11/30/2024,19:30,10146.4
11/30/2024,19:45,10109.6
11/30/2024,20:00,10104
11/30/2024,20:15,10138.4
11/30/2024,20:30,10153.6
11/30/2024,20:45,10151.2
11/30/2024,21:00,10132
11/30/2024,21:15,10146.4
11/30/2024,21:30,10175.2
11/30/2024,21:45,10154.4
11/30/2024,22:00,10153.6
11/30/2024,22:15,10100.8
11/30/2024,22:30,10126.4
11/30/2024,22:45,10111.2
11/30/2024,23:00,10151.2
11/30/2024,23:15,10128.8
11/30/2024,23:30,10051.2
11/30/2024,23:45,10110.4
12/1/2024,0:00,10108.8
12/1/2024,0:15,10060
12/1/2024,0:30,10085.6
12/1/2024,0:45,10072
12/1/2024,1:00,10122.4
12/1/2024,1:15,10084.8
12/1/2024,1:30,10063.2
12/1/2024,1:45,10067.2
12/1/2024,2:00,10074.4
12/1/2024,2:15,10065.6
12/1/2024,2:30,10081.6
12/1/2024,2:45,10104.8
12/1/2024,3:00,10083.2
12/1/2024,3:15,10064
12/1/2024,3:30,10095.2
12/1/2024,3:45,10088.8
12/1/2024,4:00,10083.2
12/1/2024,4:15,10096.8
12/1/2024,4:30,10125.6
12/1/2024,4:45,10100
12/1/2024,5:00,10115.2
12/1/2024,5:15,10113.6
12/1/2024,5:30,10143.2
12/1/2024,5:45,10105.6
12/1/2024,6:00,10136.8
12/1/2024,6:15,10108
12/1/2024,6:30,10093.6
12/1/2024,6:45,10120.8
12/1/2024,7:00,10104.8
12/1/2024,7:15,10057.6
12/1/2024,7:30,9947.2
12/1/2024,7:45,9868
12/1/2024,8:00,9748
12/1/2024,8:15,9576
12/1/2024,8:30,9324.8
12/1/2024,8:45,9120
12/1/2024,9:00,8896.8
12/1/2024,9:15,8730.4
12/1/2024,9:30,8565.6
12/1/2024,9:45,8415.2
12/1/2024,10:00,8288.8
12/1/2024,10:15,8220.8
12/1/2024,10:30,8098.4
12/1/2024,10:45,8042.4
12/1/2024,11:00,7956.8
12/1/2024,11:15,7923.2
12/1/2024,11:30,7872
12/1/2024,11:45,7840
12/1/2024,12:00,7848.8
12/1/2024,12:15,7814.4
12/1/2024,12:30,7853.6
12/1/2024,12:45,7872
12/1/2024,13:00,7993.6
12/1/2024,13:15,8020
12/1/2024,13:30,8161.6
12/1/2024,13:45,8280.8
12/1/2024,14:00,8433.6
12/1/2024,14:15,8537.6
12/1/2024,14:30,8693.6
12/1/2024,14:45,8764.8
12/1/2024,15:00,8944.8
12/1/2024,15:15,9209.6
12/1/2024,15:30,9332.8
12/1/2024,15:45,9453.6
12/1/2024,16:00,9690.4
12/1/2024,16:15,9792.8
12/1/2024,16:30,9929.6
12/1/2024,16:45,10024
12/1/2024,17:00,10117.6
12/1/2024,17:15,10075.2
12/1/2024,17:30,10085.6
12/1/2024,17:45,10084
12/1/2024,18:00,10100.8
12/1/2024,18:15,10080
12/1/2024,18:30,10092
12/1/2024,18:45,10084
12/1/2024,19:00,10072
12/1/2024,19:15,10115.2
12/1/2024,19:30,10151.2
12/1/2024,19:45,10100.8
12/1/2024,20:00,10127.2
12/1/2024,20:15,10119.2
12/1/2024,20:30,10113.6
12/1/2024,20:45,10080
12/1/2024,21:00,10098.4
12/1/2024,21:15,10127.2
12/1/2024,21:30,10139.2
12/1/2024,21:45,10102.4
12/1/2024,22:00,10113.6
12/1/2024,22:15,10097.6
12/1/2024,22:30,10100
12/1/2024,22:45,10112
12/1/2024,23:00,10100
12/1/2024,23:15,10120.8
12/1/2024,23:30,10123.2
12/1/2024,23:45,10124.8
12/2/2024,0:00,10108
12/2/2024,0:15,10084
12/2/2024,0:30,10095.2
12/2/2024,0:45,10103.2
12/2/2024,1:00,10092
12/2/2024,1:15,10103.2
12/2/2024,1:30,10076.8
12/2/2024,1:45,10099.2
12/2/2024,2:00,10080
12/2/2024,2:15,10087.2
12/2/2024,2:30,10064.8
12/2/2024,2:45,10103.2
12/2/2024,3:00,10070.4
12/2/2024,3:15,10072.8
12/2/2024,3:30,10062.4
12/2/2024,3:45,10110.4
12/2/2024,4:00,10089.6
12/2/2024,4:15,10110.4
12/2/2024,4:30,10076
12/2/2024,4:45,10038.4
12/2/2024,5:00,10077.6
12/2/2024,5:15,10102.4
12/2/2024,5:30,10088.8
12/2/2024,5:45,10065.6
12/2/2024,6:00,10113.6
12/2/2024,6:15,10085.6
12/2/2024,6:30,10098.4
12/2/2024,6:45,10058.4
12/2/2024,7:00,10072.8
12/2/2024,7:15,10027.2
12/2/2024,7:30,9946.4
12/2/2024,7:45,9793.6
12/2/2024,8:00,9689.6
12/2/2024,8:15,9538.4
12/2/2024,8:30,9283.2
12/2/2024,8:45,9093.6
12/2/2024,9:00,8911.2
12/2/2024,9:15,8680.8
12/2/2024,9:30,8476
12/2/2024,9:45,8380.8
12/2/2024,10:00,8290.4
12/2/2024,10:15,8140.8
12/2/2024,10:30,8124
12/2/2024,10:45,8066.4
12/2/2024,11:00,7963.2
12/2/2024,11:15,7916
12/2/2024,11:30,7868.8
12/2/2024,11:45,7778.4
12/2/2024,12:00,7785.6
12/2/2024,12:15,7834.4
12/2/2024,12:30,7814.4
12/2/2024,12:45,7915.2
12/2/2024,13:00,7938.4
12/2/2024,13:15,8103.2
12/2/2024,13:30,8172.8
12/2/2024,13:45,8290.4
12/2/2024,14:00,8418.4
12/2/2024,14:15,8561.6
12/2/2024,14:30,8722.4
12/2/2024,14:45,8780.8
12/2/2024,15:00,8947.2
12/2/2024,15:15,9126.4
12/2/2024,15:30,9332
12/2/2024,15:45,9538.4
12/2/2024,16:00,9677.6
12/2/2024,16:15,9810.4
12/2/2024,16:30,9948
12/2/2024,16:45,10036.8
12/2/2024,17:00,10132
12/2/2024,17:15,10098.4
12/2/2024,17:30,10103.2
12/2/2024,17:45,10052.8
12/2/2024,18:00,10055.2
12/2/2024,18:15,10064.8
12/2/2024,18:30,10047.2
12/2/2024,18:45,10060
12/2/2024,19:00,10079.2
12/2/2024,19:15,10096.8
12/2/2024,19:30,10061.6
12/2/2024,19:45,10080
12/2/2024,20:00,10062.4
12/2/2024,20:15,10073.6
12/2/2024,20:30,10103.2
12/2/2024,20:45,10101.6
12/2/2024,21:00,10096.8
12/2/2024,21:15,10108.8
12/2/2024,21:30,10108.8
12/2/2024,21:45,10082.4
12/2/2024,22:00,10049.6
12/2/2024,22:15,10058.4
12/2/2024,22:30,10096
12/2/2024,22:45,10072.8
12/2/2024,23:00,10113.6
12/2/2024,23:15,10076
12/2/2024,23:30,10107.2
12/2/2024,23:45,10091.2
12/3/2024,0:00,10126.4
12/3/2024,0:15,10095.2
12/3/2024,0:30,10073.6
12/3/2024,0:45,10069.6
12/3/2024,1:00,10093.6
12/3/2024,1:15,10067.2
12/3/2024,1:30,10029.6
12/3/2024,1:45,10022.4
12/3/2024,2:00,10035.2
12/3/2024,2:15,10063.2
12/3/2024,2:30,10019.2
12/3/2024,2:45,10078.4
12/3/2024,3:00,10066.4
12/3/2024,3:15,10069.6
12/3/2024,3:30,10063.2
12/3/2024,3:45,10040.8
12/3/2024,4:00,10082.4
12/3/2024,4:15,10169.6
12/3/2024,4:30,10175.2
12/3/2024,4:45,10194.4
12/3/2024,5:00,10185.6
12/3/2024,5:15,10178.4
12/3/2024,5:30,10177.6
12/3/2024,5:45,10173.6
12/3/2024,6:00,10170.4
12/3/2024,6:15,10142.4
12/3/2024,6:30,10141.6
12/3/2024,6:45,10114.4
12/3/2024,7:00,10130.4
12/3/2024,7:15,10039.2
12/3/2024,7:30,10021.6
12/3/2024,7:45,9929.6
12/3/2024,8:00,9925.6
12/3/2024,8:15,9808.8
12/3/2024,8:30,7785.6
12/3/2024,8:45,7637.6
12/3/2024,9:00,9898.4
12/3/2024,9:15,10026.4
12/3/2024,9:30,10012
12/3/2024,9:45,9864
12/3/2024,10:00,9932
12/3/2024,10:15,9873.6
12/3/2024,10:30,9868.8
12/3/2024,10:45,9790.4
12/3/2024,11:00,9784.8
12/3/2024,11:15,9476.8
12/3/2024,11:30,9423.2
12/3/2024,11:45,9372.8
12/3/2024,12:00,9040.8
12/3/2024,12:15,9085.6
12/3/2024,12:30,8913.6
12/3/2024,12:45,8524
12/3/2024,13:00,8924
12/3/2024,13:15,8774.4
12/3/2024,13:30,9044
12/3/2024,13:45,9353.6
12/3/2024,14:00,9699.2
12/3/2024,14:15,9732.8
12/3/2024,14:30,9718.4
12/3/2024,14:45,9852.8
12/3/2024,15:00,9916.8
12/3/2024,15:15,10013.6
12/3/2024,15:30,10096.8
12/3/2024,15:45,10056.8
12/3/2024,16:00,10119.2
12/3/2024,16:15,10178.4
12/3/2024,16:30,10216.8
12/3/2024,16:45,10200.8
12/3/2024,17:00,10266.4
12/3/2024,17:15,10202.4
12/3/2024,17:30,10210.4
12/3/2024,17:45,10171.2
12/3/2024,18:00,10214.4
12/3/2024,18:15,10194.4
12/3/2024,18:30,10225.6
12/3/2024,18:45,10168
12/3/2024,19:00,10180
12/3/2024,19:15,10198.4
12/3/2024,19:30,10160
12/3/2024,19:45,10204
12/3/2024,20:00,10193.6
12/3/2024,20:15,10189.6
12/3/2024,20:30,10167.2
12/3/2024,20:45,10180.8
12/3/2024,21:00,10148.8
12/3/2024,21:15,10181.6
12/3/2024,21:30,10224.8
12/3/2024,21:45,10190.4
12/3/2024,22:00,10231.2
12/3/2024,22:15,10136.8
12/3/2024,22:30,10215.2
12/3/2024,22:45,10163.2
12/3/2024,23:00,10180
12/3/2024,23:15,10161.6
12/3/2024,23:30,10217.6
12/3/2024,23:45,10192
12/4/2024,0:00,10186.4
12/4/2024,0:15,10180.8
12/4/2024,0:30,10169.6
12/4/2024,0:45,10159.2
12/4/2024,1:00,10148
12/4/2024,1:15,10144.8
12/4/2024,1:30,10162.4
12/4/2024,1:45,10117.6
12/4/2024,2:00,10169.6
12/4/2024,2:15,10152.8
12/4/2024,2:30,10148
12/4/2024,2:45,10166.4
12/4/2024,3:00,10168
12/4/2024,3:15,10156.8
12/4/2024,3:30,10139.2
12/4/2024,3:45,10124
12/4/2024,4:00,10161.6
12/4/2024,4:15,10140.8
12/4/2024,4:30,10181.6
12/4/2024,4:45,10181.6
12/4/2024,5:00,10200.8
12/4/2024,5:15,10143.2
12/4/2024,5:30,10132.8
12/4/2024,5:45,10145.6
12/4/2024,6:00,10169.6
12/4/2024,6:15,10146.4
12/4/2024,6:30,10112.8
12/4/2024,6:45,10116.8
12/4/2024,7:00,10120
12/4/2024,7:15,10083.2
12/4/2024,7:30,10032.8
12/4/2024,7:45,9911.2
12/4/2024,8:00,9898.4
12/4/2024,8:15,9458.4
12/4/2024,8:30,9428.8
12/4/2024,8:45,9472.8
12/4/2024,9:00,9335.2
12/4/2024,9:15,9625.6
12/4/2024,9:30,9836
12/4/2024,9:45,9596
12/4/2024,10:00,9692.8
12/4/2024,10:15,9281.6
12/4/2024,10:30,9541.6
12/4/2024,10:45,9710.4
12/4/2024,11:00,9612
12/4/2024,11:15,9316.8
12/4/2024,11:30,9022.4
12/4/2024,11:45,9071.2
12/4/2024,12:00,9679.2
12/4/2024,12:15,9889.6
12/4/2024,12:30,9900.8
12/4/2024,12:45,9784.8
12/4/2024,13:00,9642.4
12/4/2024,13:15,9681.6
12/4/2024,13:30,9904
12/4/2024,13:45,9723.2
12/4/2024,14:00,9759.2
12/4/2024,14:15,9724
12/4/2024,14:30,9648.8
12/4/2024,14:45,9845.6
12/4/2024,15:00,9987.2
12/4/2024,15:15,10052
12/4/2024,15:30,10129.6
12/4/2024,15:45,10080.8
12/4/2024,16:00,10104.8
12/4/2024,16:15,10180.8
12/4/2024,16:30,10186.4
12/4/2024,16:45,10196.8
12/4/2024,17:00,10172
12/4/2024,17:15,10181.6
12/4/2024,17:30,10120.8
12/4/2024,17:45,10130.4
12/4/2024,18:00,10151.2
12/4/2024,18:15,10149.6
12/4/2024,18:30,10160.8
12/4/2024,18:45,10156
12/4/2024,19:00,10196.8
12/4/2024,19:15,10184.8
12/4/2024,19:30,10185.6
12/4/2024,19:45,10164.8
12/4/2024,20:00,10179.2
12/4/2024,20:15,10186.4
12/4/2024,20:30,10149.6
12/4/2024,20:45,10173.6
12/4/2024,21:00,10165.6
12/4/2024,21:15,10169.6
12/4/2024,21:30,10179.2
12/4/2024,21:45,10178.4
12/4/2024,22:00,10146.4
12/4/2024,22:15,10176.8
12/4/2024,22:30,10144
12/4/2024,22:45,10155.2
12/4/2024,23:00,10149.6
12/4/2024,23:15,10093.6
12/4/2024,23:30,10160
12/4/2024,23:45,10155.2
12/5/2024,0:00,10169.6
12/5/2024,0:15,10168.8
12/5/2024,0:30,10160.8
12/5/2024,0:45,10152
12/5/2024,1:00,10153.6
12/5/2024,1:15,10165.6
12/5/2024,1:30,10155.2
12/5/2024,1:45,10149.6
12/5/2024,2:00,10148
12/5/2024,2:15,10168
12/5/2024,2:30,10148.8
12/5/2024,2:45,10150.4
12/5/2024,3:00,10128.8
12/5/2024,3:15,10164
12/5/2024,3:30,10132.8
12/5/2024,3:45,10150.4
12/5/2024,4:00,10136
12/5/2024,4:15,10185.6
12/5/2024,4:30,10161.6
12/5/2024,4:45,10190.4
12/5/2024,5:00,10169.6
12/5/2024,5:15,10184
12/5/2024,5:30,10157.6
12/5/2024,5:45,10176
12/5/2024,6:00,10141.6
12/5/2024,6:15,10148.8
12/5/2024,6:30,10143.2
12/5/2024,6:45,10160
12/5/2024,7:00,10114.4
12/5/2024,7:15,10190.4
12/5/2024,7:30,10155.2
12/5/2024,7:45,10177.6
12/5/2024,8:00,10116.8
12/5/2024,8:15,10161.6
12/5/2024,8:30,10018.4
12/5/2024,8:45,9929.6
12/5/2024,9:00,9964
12/5/2024,9:15,9904.8
12/5/2024,9:30,9756
12/5/2024,9:45,9609.6
12/5/2024,10:00,9821.6
12/5/2024,10:15,9863.2
12/5/2024,10:30,9696
12/5/2024,10:45,9847.2
12/5/2024,11:00,9324.8
12/5/2024,11:15,9768.8
12/5/2024,11:30,9740
12/5/2024,11:45,9010.4
12/5/2024,12:00,9303.2
12/5/2024,12:15,9076
12/5/2024,12:30,9148
12/5/2024,12:45,9197.6
12/5/2024,13:00,9636
12/5/2024,13:15,8659.2
12/5/2024,13:30,9605.6
12/5/2024,13:45,9545.6
12/5/2024,14:00,9301.6
12/5/2024,14:15,9038.4
12/5/2024,14:30,9404.8
12/5/2024,14:45,9460.8
12/5/2024,15:00,9466.4
12/5/2024,15:15,9537.6
12/5/2024,15:30,9678.4
12/5/2024,15:45,9703.2
12/5/2024,16:00,9766.4
12/5/2024,16:15,10010.4
12/5/2024,16:30,10189.6
12/5/2024,16:45,10183.2
12/5/2024,17:00,10214.4
12/5/2024,17:15,10222.4
12/5/2024,17:30,10191.2
12/5/2024,17:45,10184
12/5/2024,18:00,10152
12/5/2024,18:15,10174.4
12/5/2024,18:30,10157.6
12/5/2024,18:45,10188
12/5/2024,19:00,10156.8
12/5/2024,19:15,10218.4
12/5/2024,19:30,10168
12/5/2024,19:45,10180
12/5/2024,20:00,10196
12/5/2024,20:15,10208.8
12/5/2024,20:30,10137.6
12/5/2024,20:45,10162.4
12/5/2024,21:00,10152.8
12/5/2024,21:15,10193.6
12/5/2024,21:30,10184
12/5/2024,21:45,10196
12/5/2024,22:00,10188.8
12/5/2024,22:15,10224.8
12/5/2024,22:30,10210.4
12/5/2024,22:45,10200.8
12/5/2024,23:00,10181.6
12/5/2024,23:15,10203.2
12/5/2024,23:30,10190.4
12/5/2024,23:45,10240.8
12/6/2024,0:00,10223.2
12/6/2024,0:15,10227.2
12/6/2024,0:30,10180.8
12/6/2024,0:45,10188.8
12/6/2024,1:00,10166.4
12/6/2024,1:15,10189.6
12/6/2024,1:30,10149.6
12/6/2024,1:45,10176
12/6/2024,2:00,10150.4
12/6/2024,2:15,10189.6
12/6/2024,2:30,10162.4
12/6/2024,2:45,10164.8
12/6/2024,3:00,10125.6
12/6/2024,3:15,10192
12/6/2024,3:30,10179.2
12/6/2024,3:45,10184
12/6/2024,4:00,10196.8
12/6/2024,4:15,10178.4
12/6/2024,4:30,10167.2
12/6/2024,4:45,10196.8
12/6/2024,5:00,10168
12/6/2024,5:15,10208.8
12/6/2024,5:30,10185.6
12/6/2024,5:45,10196
12/6/2024,6:00,10161.6
12/6/2024,6:15,10200.8
12/6/2024,6:30,10135.2
12/6/2024,6:45,10168.8
12/6/2024,7:00,10165.6
12/6/2024,7:15,10120.8
12/6/2024,7:30,10029.6
12/6/2024,7:45,9924
12/6/2024,8:00,9810.4
12/6/2024,8:15,9719.2
12/6/2024,8:30,9484
12/6/2024,8:45,9294.4
12/6/2024,9:00,9184.8
12/6/2024,9:15,9179.2
12/6/2024,9:30,8974.4
12/6/2024,9:45,8927.2
12/6/2024,10:00,8659.2
12/6/2024,10:15,8651.2
12/6/2024,10:30,8535.2
12/6/2024,10:45,8447.2
12/6/2024,11:00,8348
12/6/2024,11:15,8179.2
12/6/2024,11:30,8176
12/6/2024,11:45,8172.8
12/6/2024,12:00,9453.6
12/6/2024,12:15,8209.6
12/6/2024,12:30,8049.6
12/6/2024,12:45,8748
12/6/2024,13:00,9106.4
12/6/2024,13:15,8155.2
12/6/2024,13:30,8344
12/6/2024,13:45,9038.4
12/6/2024,14:00,8505.6
12/6/2024,14:15,9528
12/6/2024,14:30,8787.2
12/6/2024,14:45,9039.2
12/6/2024,15:00,9645.6
12/6/2024,15:15,9584
12/6/2024,15:30,9453.6
12/6/2024,15:45,9802.4
12/6/2024,16:00,9871.2
12/6/2024,16:15,10103.2
12/6/2024,16:30,10176.8
12/6/2024,16:45,10193.6
12/6/2024,17:00,10259.2
12/6/2024,17:15,10251.2
12/6/2024,17:30,10228
12/6/2024,17:45,10266.4
12/6/2024,18:00,10255.2
12/6/2024,18:15,10298.4
12/6/2024,18:30,10283.2
12/6/2024,18:45,10264
12/6/2024,19:00,10272
12/6/2024,19:15,10307.2
12/6/2024,19:30,10241.6
12/6/2024,19:45,10292.8
12/6/2024,20:00,10258.4
12/6/2024,20:15,10304
12/6/2024,20:30,10292.8
12/6/2024,20:45,10289.6
12/6/2024,21:00,10272
12/6/2024,21:15,10296.8
12/6/2024,21:30,10284.8
12/6/2024,21:45,10253.6
12/6/2024,22:00,10262.4
12/6/2024,22:15,10262.4
12/6/2024,22:30,10272.8
12/6/2024,22:45,10280.8
12/6/2024,23:00,10302.4
12/6/2024,23:15,10257.6
12/6/2024,23:30,10261.6
12/6/2024,23:45,10272
12/7/2024,0:00,10319.2
12/7/2024,0:15,10236.8
12/7/2024,0:30,10276
12/7/2024,0:45,10259.2
12/7/2024,1:00,10264.8
12/7/2024,1:15,10260
12/7/2024,1:30,10280.8
12/7/2024,1:45,10275.2
12/7/2024,2:00,10293.6
12/7/2024,2:15,10259.2
12/7/2024,2:30,10290.4
12/7/2024,2:45,10288
12/7/2024,3:00,10278.4
12/7/2024,3:15,10263.2
12/7/2024,3:30,10255.2
12/7/2024,3:45,10283.2
12/7/2024,4:00,10271.2
12/7/2024,4:15,10285.6
12/7/2024,4:30,10264.8
12/7/2024,4:45,10286.4
12/7/2024,5:00,10302.4
12/7/2024,5:15,10274.4
12/7/2024,5:30,10280
12/7/2024,5:45,10268
12/7/2024,6:00,10291.2
12/7/2024,6:15,10284
12/7/2024,6:30,10225.6
12/7/2024,6:45,10245.6
12/7/2024,7:00,10251.2
12/7/2024,7:15,10253.6
12/7/2024,7:30,10145.6
12/7/2024,7:45,10036
12/7/2024,8:00,9742.4
12/7/2024,8:15,9813.6
12/7/2024,8:30,9612
12/7/2024,8:45,9456
12/7/2024,9:00,9310.4
12/7/2024,9:15,9227.2
12/7/2024,9:30,9218.4
12/7/2024,9:45,8925.6
12/7/2024,10:00,8723.2
12/7/2024,10:15,8666.4
12/7/2024,10:30,8666.4
12/7/2024,10:45,8461.6
12/7/2024,11:00,8758.4
12/7/2024,11:15,8216
12/7/2024,11:30,8321.6
12/7/2024,11:45,8519.2
12/7/2024,12:00,8491.2
12/7/2024,12:15,8341.6
12/7/2024,12:30,8188
12/7/2024,12:45,8852
12/7/2024,13:00,8544.8
12/7/2024,13:15,8441.6
12/7/2024,13:30,8564.8
12/7/2024,13:45,8884
12/7/2024,14:00,9032
12/7/2024,14:15,9261.6
12/7/2024,14:30,9319.2
12/7/2024,14:45,9342.4
12/7/2024,15:00,9281.6
12/7/2024,15:15,9488
12/7/2024,15:30,9600.8
12/7/2024,15:45,9728
12/7/2024,16:00,9868
12/7/2024,16:15,10048.8
12/7/2024,16:30,10104.8
12/7/2024,16:45,10139.2
12/7/2024,17:00,10245.6
12/7/2024,17:15,10259.2
12/7/2024,17:30,10241.6
12/7/2024,17:45,10201.6
12/7/2024,18:00,10200
12/7/2024,18:15,10211.2
12/7/2024,18:30,10224.8
12/7/2024,18:45,10242.4
12/7/2024,19:00,10255.2
12/7/2024,19:15,10240
12/7/2024,19:30,10261.6
12/7/2024,19:45,10272
12/7/2024,20:00,10251.2
12/7/2024,20:15,10246.4
12/7/2024,20:30,10227.2
12/7/2024,20:45,10191.2
12/7/2024,21:00,10180.8
12/7/2024,21:15,10219.2
12/7/2024,21:30,10220
12/7/2024,21:45,10216
12/7/2024,22:00,10252.8
12/7/2024,22:15,10253.6
12/7/2024,22:30,10192
12/7/2024,22:45,10207.2
12/7/2024,23:00,10192.8
12/7/2024,23:15,10216
12/7/2024,23:30,10199.2
12/7/2024,23:45,10216
12/8/2024,0:00,10222.4
12/8/2024,0:15,10216
12/8/2024,0:30,10222.4
12/8/2024,0:45,10180
12/8/2024,1:00,10208.8
12/8/2024,1:15,10204.8
12/8/2024,1:30,10204
12/8/2024,1:45,10206.4
12/8/2024,2:00,10191.2
12/8/2024,2:15,10189.6
12/8/2024,2:30,10169.6
12/8/2024,2:45,10181.6
12/8/2024,3:00,10171.2
12/8/2024,3:15,10213.6
12/8/2024,3:30,10177.6
12/8/2024,3:45,10174.4
12/8/2024,4:00,10190.4
12/8/2024,4:15,10252
12/8/2024,4:30,10186.4
12/8/2024,4:45,10215.2
12/8/2024,5:00,10197.6
12/8/2024,5:15,10179.2
12/8/2024,5:30,10160.8
12/8/2024,5:45,10172
12/8/2024,6:00,10183.2
12/8/2024,6:15,10172.8
12/8/2024,6:30,10188
12/8/2024,6:45,10152
12/8/2024,7:00,10168
12/8/2024,7:15,10122.4
12/8/2024,7:30,10110.4
12/8/2024,7:45,9984
12/8/2024,8:00,9855.2
12/8/2024,8:15,9746.4
12/8/2024,8:30,9561.6
12/8/2024,8:45,9355.2
12/8/2024,9:00,8872
12/8/2024,9:15,8917.6
12/8/2024,9:30,8944
12/8/2024,9:45,8372
12/8/2024,10:00,8282.4
12/8/2024,10:15,8208
12/8/2024,10:30,8676.8
12/8/2024,10:45,8072.8
12/8/2024,11:00,8827.2
12/8/2024,11:15,7842.4
12/8/2024,11:30,8370.4
12/8/2024,11:45,8068
12/8/2024,12:00,7878.4
12/8/2024,12:15,7951.2
12/8/2024,12:30,8054.4
12/8/2024,12:45,7944.8
12/8/2024,13:00,8172
12/8/2024,13:15,8092.8
12/8/2024,13:30,8393.6
12/8/2024,13:45,8465.6
12/8/2024,14:00,8534.4
12/8/2024,14:15,8625.6
12/8/2024,14:30,8778.4
12/8/2024,14:45,8918.4
12/8/2024,15:00,9103.2
12/8/2024,15:15,9272
12/8/2024,15:30,9501.6
12/8/2024,15:45,9752.8
12/8/2024,16:00,9967.2
12/8/2024,16:15,9996.8
12/8/2024,16:30,10091.2
12/8/2024,16:45,10191.2
12/8/2024,17:00,10257.6
12/8/2024,17:15,10257.6
12/8/2024,17:30,10260
12/8/2024,17:45,10233.6
12/8/2024,18:00,10237.6
12/8/2024,18:15,10291.2
12/8/2024,18:30,10252.8
12/8/2024,18:45,10268
12/8/2024,19:00,10283.2
12/8/2024,19:15,10233.6
12/8/2024,19:30,10280.8
12/8/2024,19:45,10273.6
12/8/2024,20:00,10248.8
12/8/2024,20:15,10263.2
12/8/2024,20:30,10264
12/8/2024,20:45,10269.6
12/8/2024,21:00,10240
12/8/2024,21:15,10255.2
12/8/2024,21:30,10233.6
12/8/2024,21:45,10207.2
12/8/2024,22:00,10240.8
12/8/2024,22:15,10223.2
12/8/2024,22:30,10257.6
12/8/2024,22:45,10248
12/8/2024,23:00,10244
12/8/2024,23:15,10241.6
12/8/2024,23:30,10253.6
12/8/2024,23:45,10248.8
12/9/2024,0:00,10276.8
12/9/2024,0:15,10241.6
12/9/2024,0:30,10268
12/9/2024,0:45,10232
12/9/2024,1:00,10224.8
12/9/2024,1:15,10241.6
12/9/2024,1:30,10233.6
12/9/2024,1:45,10193.6
12/9/2024,2:00,10201.6
12/9/2024,2:15,10184.8
12/9/2024,2:30,10212.8
12/9/2024,2:45,10184
12/9/2024,3:00,10201.6
12/9/2024,3:15,10209.6
12/9/2024,3:30,10232.8
12/9/2024,3:45,10212.8
12/9/2024,4:00,10238.4
12/9/2024,4:15,10215.2
12/9/2024,4:30,10238.4
12/9/2024,4:45,10279.2
12/9/2024,5:00,10244
12/9/2024,5:15,10212.8
12/9/2024,5:30,10231.2
12/9/2024,5:45,10244
12/9/2024,6:00,10265.6
12/9/2024,6:15,10251.2
12/9/2024,6:30,10256
12/9/2024,6:45,10225.6
12/9/2024,7:00,10223.2
12/9/2024,7:15,10215.2
12/9/2024,7:30,10184.8
12/9/2024,7:45,10183.2
12/9/2024,8:00,10140.8
12/9/2024,8:15,10036.8
12/9/2024,8:30,9880.8
12/9/2024,8:45,9832.8
12/9/2024,9:00,9756.8
12/9/2024,9:15,9683.2
12/9/2024,9:30,9549.6
12/9/2024,9:45,9408
12/9/2024,10:00,9350.4
12/9/2024,10:15,9320
12/9/2024,10:30,9576
12/9/2024,10:45,9438.4
12/9/2024,11:00,9437.6
12/9/2024,11:15,9175.2
12/9/2024,11:30,8896.8
12/9/2024,11:45,8502.4
12/9/2024,12:00,8418.4
12/9/2024,12:15,8630.4
12/9/2024,12:30,8671.2
12/9/2024,12:45,8606.4
12/9/2024,13:00,9045.6
12/9/2024,13:15,9262.4
12/9/2024,13:30,9308.8
12/9/2024,13:45,9396.8
12/9/2024,14:00,9299.2
12/9/2024,14:15,9324
12/9/2024,14:30,7401.6
12/9/2024,14:45,9388
12/9/2024,15:00,9497.6
12/9/2024,15:15,9650.4
12/9/2024,15:30,9723.2
12/9/2024,15:45,9896.8
12/9/2024,16:00,10008
12/9/2024,16:15,10088
12/9/2024,16:30,10205.6
12/9/2024,16:45,10185.6
12/9/2024,17:00,10315.2
12/9/2024,17:15,10260
12/9/2024,17:30,10260.8
12/9/2024,17:45,10250.4
12/9/2024,18:00,10272
12/9/2024,18:15,10244
12/9/2024,18:30,10271.2
12/9/2024,18:45,10271.2
12/9/2024,19:00,10321.6
12/9/2024,19:15,10323.2
12/9/2024,19:30,10316
12/9/2024,19:45,10288
12/9/2024,20:00,10300
12/9/2024,20:15,10269.6
12/9/2024,20:30,10311.2
12/9/2024,20:45,10257.6
12/9/2024,21:00,10272.8
12/9/2024,21:15,10269.6
12/9/2024,21:30,10288
12/9/2024,21:45,10280.8
12/9/2024,22:00,10284
12/9/2024,22:15,10264.8
12/9/2024,22:30,10251.2
12/9/2024,22:45,10265.6
12/9/2024,23:00,10129.6
12/9/2024,23:15,10254.4
12/9/2024,23:30,10244
12/9/2024,23:45,10244.8
12/10/2024,0:00,10281.6
12/10/2024,0:15,10192
12/10/2024,0:30,10244
12/10/2024,0:45,10221.6
12/10/2024,1:00,10240.8
12/10/2024,1:15,10244
12/10/2024,1:30,10260.8
12/10/2024,1:45,10219.2
12/10/2024,2:00,10247.2
12/10/2024,2:15,10253.6
12/10/2024,2:30,10244
12/10/2024,2:45,10254.4
12/10/2024,3:00,10259.2
12/10/2024,3:15,10215.2
12/10/2024,3:30,10230.4
12/10/2024,3:45,10252
12/10/2024,4:00,10215.2
12/10/2024,4:15,10239.2
12/10/2024,4:30,10251.2
12/10/2024,4:45,10258.4
12/10/2024,5:00,10228.8
12/10/2024,5:15,10252
12/10/2024,5:30,10240
12/10/2024,5:45,10248
12/10/2024,6:00,10248
12/10/2024,6:15,10280
12/10/2024,6:30,10273.6
12/10/2024,6:45,10237.6
12/10/2024,7:00,10256.8
12/10/2024,7:15,10228
12/10/2024,7:30,10222.4
12/10/2024,7:45,10153.6
12/10/2024,8:00,10118.4
12/10/2024,8:15,10050.4
12/10/2024,8:30,9939.2
12/10/2024,8:45,9792.8
12/10/2024,9:00,9779.2
12/10/2024,9:15,9864.8
12/10/2024,9:30,9823.2
12/10/2024,9:45,9800
12/10/2024,10:00,9764.8
12/10/2024,10:15,9736.8
12/10/2024,10:30,9834.4
12/10/2024,10:45,9715.2
12/10/2024,11:00,9804
12/10/2024,11:15,9604.8
12/10/2024,11:30,9672
12/10/2024,11:45,9525.6
12/10/2024,12:00,9714.4
12/10/2024,12:15,9747.2
12/10/2024,12:30,9496.8
12/10/2024,12:45,9548.8
12/10/2024,13:00,9589.6
12/10/2024,13:15,9726.4
12/10/2024,13:30,9680.8
12/10/2024,13:45,9816.8
12/10/2024,14:00,9857.6
12/10/2024,14:15,9888
12/10/2024,14:30,9880
12/10/2024,14:45,9866.4
12/10/2024,15:00,9992.8
12/10/2024,15:15,9969.6
12/10/2024,15:30,10045.6
12/10/2024,15:45,10086.4
12/10/2024,16:00,10180.8
12/10/2024,16:15,10203.2
12/10/2024,16:30,10243.2
12/10/2024,16:45,10232
12/10/2024,17:00,10250.4
12/10/2024,17:15,10206.4
12/10/2024,17:30,10216.8
12/10/2024,17:45,10159.2
12/10/2024,18:00,10183.2
12/10/2024,18:15,10176
12/10/2024,18:30,10195.2
12/10/2024,18:45,10168.8
12/10/2024,19:00,10272.8
12/10/2024,19:15,10247.2
12/10/2024,19:30,10209.6
12/10/2024,19:45,10202.4
12/10/2024,20:00,10200
12/10/2024,20:15,10192
12/10/2024,20:30,10163.2
12/10/2024,20:45,10164.8
12/10/2024,21:00,10176
12/10/2024,21:15,10142.4
12/10/2024,21:30,10186.4
12/10/2024,21:45,10132
12/10/2024,22:00,10241.6
12/10/2024,22:15,10216
12/10/2024,22:30,10240
12/10/2024,22:45,10228.8
12/10/2024,23:00,10236.8
12/10/2024,23:15,10208.8
12/10/2024,23:30,10240
12/10/2024,23:45,10215.2
12/11/2024,0:00,10251.2
12/11/2024,0:15,10186.4
12/11/2024,0:30,10241.6
12/11/2024,0:45,10230.4
12/11/2024,1:00,10248
12/11/2024,1:15,10182.4
12/11/2024,1:30,10195.2
12/11/2024,1:45,10185.6
12/11/2024,2:00,10234.4
12/11/2024,2:15,10192.8
12/11/2024,2:30,10198.4
12/11/2024,2:45,10201.6
12/11/2024,3:00,10211.2
12/11/2024,3:15,10208
12/11/2024,3:30,10242.4
12/11/2024,3:45,10190.4
12/11/2024,4:00,10224
12/11/2024,4:15,10186.4
12/11/2024,4:30,10224.8
12/11/2024,4:45,10216.8
12/11/2024,5:00,10246.4
12/11/2024,5:15,10186.4
12/11/2024,5:30,10202.4
12/11/2024,5:45,10182.4
12/11/2024,6:00,10213.6
12/11/2024,6:15,10200.8
12/11/2024,6:30,10223.2
12/11/2024,6:45,10192.8
12/11/2024,7:00,10220
12/11/2024,7:15,10208.8
12/11/2024,7:30,10222.4
12/11/2024,7:45,10214.4
12/11/2024,8:00,10183.2
12/11/2024,8:15,10116
12/11/2024,8:30,10045.6
12/11/2024,8:45,9908
12/11/2024,9:00,9600.8
12/11/2024,9:15,9347.2
12/11/2024,9:30,9321.6
12/11/2024,9:45,9452
12/11/2024,10:00,9254.4
12/11/2024,10:15,9317.6
12/11/2024,10:30,9078.4
12/11/2024,10:45,9047.2
12/11/2024,11:00,8983.2
12/11/2024,11:15,9204
12/11/2024,11:30,8450.4
12/11/2024,11:45,8451.2
12/11/2024,12:00,8467.2
12/11/2024,12:15,8519.2
12/11/2024,12:30,8454.4
12/11/2024,12:45,8545.6
12/11/2024,13:00,8572
12/11/2024,13:15,8656
12/11/2024,13:30,8528.8
12/11/2024,13:45,8660.8
12/11/2024,14:00,8785.6
12/11/2024,14:15,8920.8
12/11/2024,14:30,9088
12/11/2024,14:45,9204.8
12/11/2024,15:00,9359.2
12/11/2024,15:15,9468
12/11/2024,15:30,9680.8
12/11/2024,15:45,9718.4
12/11/2024,16:00,9876.8
12/11/2024,16:15,9984.8
12/11/2024,16:30,10104.8
12/11/2024,16:45,10165.6
12/11/2024,17:00,10192
12/11/2024,17:15,10208
12/11/2024,17:30,10178.4
12/11/2024,17:45,10177.6
12/11/2024,18:00,10207.2
12/11/2024,18:15,10226.4
12/11/2024,18:30,10212
12/11/2024,18:45,10218.4
12/11/2024,19:00,10244.8
12/11/2024,19:15,10250.4
12/11/2024,19:30,10249.6
12/11/2024,19:45,10214.4
12/11/2024,20:00,10232.8
12/11/2024,20:15,10250.4
12/11/2024,20:30,10256.8
12/11/2024,20:45,10229.6
12/11/2024,21:00,10264
12/11/2024,21:15,10224.8
12/11/2024,21:30,10180
12/11/2024,21:45,10207.2
12/11/2024,22:00,10191.2
12/11/2024,22:15,8163.2
12/11/2024,22:30,8169.6
12/11/2024,22:45,8178.4
12/11/2024,23:00,10261.6
12/11/2024,23:15,10347.2
12/11/2024,23:30,10316
12/11/2024,23:45,10315.2
12/12/2024,0:00,10317.6
12/12/2024,0:15,10274.4
12/12/2024,0:30,10284
12/12/2024,0:45,10285.6
12/12/2024,1:00,10280.8
12/12/2024,1:15,10281.6
12/12/2024,1:30,10256
12/12/2024,1:45,10268.8
12/12/2024,2:00,10256
12/12/2024,2:15,10249.6
12/12/2024,2:30,10253.6
12/12/2024,2:45,10254.4
12/12/2024,3:00,10268
12/12/2024,3:15,10236.8
12/12/2024,3:30,10284.8
12/12/2024,3:45,10251.2
12/12/2024,4:00,10258.4
12/12/2024,4:15,10247.2
12/12/2024,4:30,10232
12/12/2024,4:45,10240.8
12/12/2024,5:00,10244
12/12/2024,5:15,10246.4
12/12/2024,5:30,10228.8
12/12/2024,5:45,10236
12/12/2024,6:00,10232
12/12/2024,6:15,10235.2
12/12/2024,6:30,10228
12/12/2024,6:45,10238.4
12/12/2024,7:00,10161.6
12/12/2024,7:15,10180.8
12/12/2024,7:30,10195.2
12/12/2024,7:45,10080.8
12/12/2024,8:00,10015.2
12/12/2024,8:15,9800
12/12/2024,8:30,9672.8
12/12/2024,8:45,9655.2
12/12/2024,9:00,9212.8
12/12/2024,9:15,9118.4
12/12/2024,9:30,9366.4
12/12/2024,9:45,8888
12/12/2024,10:00,8711.2
12/12/2024,10:15,8662.4
12/12/2024,10:30,9015.2
12/12/2024,10:45,9200.8
12/12/2024,11:00,9585.6
12/12/2024,11:15,9516.8
12/12/2024,11:30,9168.8
12/12/2024,11:45,9602.4
12/12/2024,12:00,9808
12/12/2024,12:15,9289.6
12/12/2024,12:30,9001.6
12/12/2024,12:45,9112.8
12/12/2024,13:00,8804.8
12/12/2024,13:15,9288
12/12/2024,13:30,8787.2
12/12/2024,13:45,8496.8
12/12/2024,14:00,8756
12/12/2024,14:15,9695.2
12/12/2024,14:30,9516
12/12/2024,14:45,9188.8
12/12/2024,15:00,9516
12/12/2024,15:15,9570.4
12/12/2024,15:30,9518.4
12/12/2024,15:45,9938.4
12/12/2024,16:00,10004
12/12/2024,16:15,10134.4
12/12/2024,16:30,10108
12/12/2024,16:45,10134.4
12/12/2024,17:00,10242.4
12/12/2024,17:15,10206.4
12/12/2024,17:30,10172.8
12/12/2024,17:45,10175.2
12/12/2024,18:00,10191.2
12/12/2024,18:15,10190.4
12/12/2024,18:30,10192
12/12/2024,18:45,10217.6
12/12/2024,19:00,10220
12/12/2024,19:15,10236.8
12/12/2024,19:30,10234.4
12/12/2024,19:45,10208.8
12/12/2024,20:00,10268.8
12/12/2024,20:15,10214.4
12/12/2024,20:30,10244
12/12/2024,20:45,10237.6
12/12/2024,21:00,10263.2
12/12/2024,21:15,10223.2
12/12/2024,21:30,10235.2
12/12/2024,21:45,10196
12/12/2024,22:00,10190.4
12/12/2024,22:15,10192.8
12/12/2024,22:30,10220.8
12/12/2024,22:45,10210.4
12/12/2024,23:00,10221.6
12/12/2024,23:15,10238.4
12/12/2024,23:30,10231.2
12/12/2024,23:45,10225.6
12/13/2024,0:00,10260
12/13/2024,0:15,10150.4
12/13/2024,0:30,10178.4
12/13/2024,0:45,10124
12/13/2024,1:00,10164.8
12/13/2024,1:15,10176.8
12/13/2024,1:30,10216
12/13/2024,1:45,10168.8
12/13/2024,2:00,10240.8
12/13/2024,2:15,10188.8
12/13/2024,2:30,10211.2
12/13/2024,2:45,10215.2
12/13/2024,3:00,10227.2
12/13/2024,3:15,10212
12/13/2024,3:30,10237.6
12/13/2024,3:45,10180.8
12/13/2024,4:00,10241.6
12/13/2024,4:15,10216.8
12/13/2024,4:30,10201.6
12/13/2024,4:45,10220.8
12/13/2024,5:00,10240
12/13/2024,5:15,10222.4
12/13/2024,5:30,10204
12/13/2024,5:45,10174.4
12/13/2024,6:00,10223.2
12/13/2024,6:15,10244.8
12/13/2024,6:30,10247.2
12/13/2024,6:45,10207.2
12/13/2024,7:00,10233.6
12/13/2024,7:15,10216.8
12/13/2024,7:30,10212
12/13/2024,7:45,9976
12/13/2024,8:00,9968
12/13/2024,8:15,9938.4
12/13/2024,8:30,9766.4
12/13/2024,8:45,9638.4
12/13/2024,9:00,9560.8
12/13/2024,9:15,9435.2
12/13/2024,9:30,9349.6
12/13/2024,9:45,9287.2
12/13/2024,10:00,9140.8
12/13/2024,10:15,9085.6
12/13/2024,10:30,8916.8
12/13/2024,10:45,8896.8
12/13/2024,11:00,8776.8
12/13/2024,11:15,8733.6
12/13/2024,11:30,8742.4
12/13/2024,11:45,8618.4
12/13/2024,12:00,8580
12/13/2024,12:15,8490.4
12/13/2024,12:30,8471.2
12/13/2024,12:45,8504
12/13/2024,13:00,8423.2
12/13/2024,13:15,8383.2
12/13/2024,13:30,8464.8
12/13/2024,13:45,8544
12/13/2024,14:00,8687.2
12/13/2024,14:15,8839.2
12/13/2024,14:30,8999.2
12/13/2024,14:45,9123.2
12/13/2024,15:00,9269.6
12/13/2024,15:15,9390.4
12/13/2024,15:30,9661.6
12/13/2024,15:45,9704.8
12/13/2024,16:00,9794.4
12/13/2024,16:15,9971.2
12/13/2024,16:30,10121.6
12/13/2024,16:45,10173.6
12/13/2024,17:00,10237.6
12/13/2024,17:15,10213.6
12/13/2024,17:30,10222.4
12/13/2024,17:45,10196.8
12/13/2024,18:00,10192
12/13/2024,18:15,10198.4
12/13/2024,18:30,10154.4
12/13/2024,18:45,10219.2
12/13/2024,19:00,10240
12/13/2024,19:15,10244
12/13/2024,19:30,10185.6
12/13/2024,19:45,10204.8
12/13/2024,20:00,10203.2
12/13/2024,20:15,10207.2
12/13/2024,20:30,10205.6
12/13/2024,20:45,10224
12/13/2024,21:00,10188.8
12/13/2024,21:15,10237.6
12/13/2024,21:30,10172
12/13/2024,21:45,10234.4
12/13/2024,22:00,10189.6
12/13/2024,22:15,10245.6
12/13/2024,22:30,10188.8
12/13/2024,22:45,10220.8
12/13/2024,23:00,10222.4
12/13/2024,23:15,10231.2
12/13/2024,23:30,10228
12/13/2024,23:45,10272
12/14/2024,0:00,10208
12/14/2024,0:15,10256
12/14/2024,0:30,10213.6
12/14/2024,0:45,10240
12/14/2024,1:00,10202.4
12/14/2024,1:15,10242.4
12/14/2024,1:30,10198.4
12/14/2024,1:45,10240.8
12/14/2024,2:00,10192.8
12/14/2024,2:15,10243.2
12/14/2024,2:30,10208
12/14/2024,2:45,10254.4
12/14/2024,3:00,10197.6
12/14/2024,3:15,10221.6
12/14/2024,3:30,10233.6
12/14/2024,3:45,10239.2
12/14/2024,4:00,10243.2
12/14/2024,4:15,10248.8
12/14/2024,4:30,10258.4
12/14/2024,4:45,10266.4
12/14/2024,5:00,10251.2
12/14/2024,5:15,10284
12/14/2024,5:30,10218.4
12/14/2024,5:45,10226.4
12/14/2024,6:00,10213.6
12/14/2024,6:15,10248.8
12/14/2024,6:30,10240
12/14/2024,6:45,10253.6
12/14/2024,7:00,10205.6
12/14/2024,7:15,10195.2
12/14/2024,7:30,10101.6
12/14/2024,7:45,9963.2
12/14/2024,8:00,9688.8
12/14/2024,8:15,9556.8
12/14/2024,8:30,9367.2
12/14/2024,8:45,9267.2
12/14/2024,9:00,9097.6
12/14/2024,9:15,8989.6
12/14/2024,9:30,9300
12/14/2024,9:45,9073.6
12/14/2024,10:00,9477.6
12/14/2024,10:15,8906.4
12/14/2024,10:30,8835.2
12/14/2024,10:45,8748
12/14/2024,11:00,8921.6
12/14/2024,11:15,8173.6
12/14/2024,11:30,8187.2
12/14/2024,11:45,8383.2
12/14/2024,12:00,8277.6
12/14/2024,12:15,8174.4
12/14/2024,12:30,8164.8
12/14/2024,12:45,8172.8
12/14/2024,13:00,8235.2
12/14/2024,13:15,8318.4
12/14/2024,13:30,8743.2
12/14/2024,13:45,8724
12/14/2024,14:00,8860.8
12/14/2024,14:15,8684.8
12/14/2024,14:30,8835.2
12/14/2024,14:45,8996
12/14/2024,15:00,9157.6
12/14/2024,15:15,9357.6
12/14/2024,15:30,7469.6
12/14/2024,15:45,7643.2
12/14/2024,16:00,9548
12/14/2024,16:15,10078.4
12/14/2024,16:30,10117.6
12/14/2024,16:45,10208.8
12/14/2024,17:00,10275.2
12/14/2024,17:15,10228
12/14/2024,17:30,10292
12/14/2024,17:45,10236
12/14/2024,18:00,10256.8
12/14/2024,18:15,10245.6
12/14/2024,18:30,10252.8
12/14/2024,18:45,10204
12/14/2024,19:00,10267.2
12/14/2024,19:15,10272
12/14/2024,19:30,10308
12/14/2024,19:45,10249.6
12/14/2024,20:00,10255.2
12/14/2024,20:15,10266.4
12/14/2024,20:30,10257.6
12/14/2024,20:45,10240
12/14/2024,21:00,10274.4
12/14/2024,21:15,10258.4
12/14/2024,21:30,10232
12/14/2024,21:45,10235.2
12/14/2024,22:00,10243.2
12/14/2024,22:15,10200
12/14/2024,22:30,10220
12/14/2024,22:45,10236
12/14/2024,23:00,10229.6
12/14/2024,23:15,10243.2
12/14/2024,23:30,10252
12/14/2024,23:45,10267.2
12/15/2024,0:00,10269.6
12/15/2024,0:15,10249.6
12/15/2024,0:30,10184.8
12/15/2024,0:45,10219.2
12/15/2024,1:00,10175.2
12/15/2024,1:15,10208
12/15/2024,1:30,10174.4
12/15/2024,1:45,10188.8
12/15/2024,2:00,10193.6
12/15/2024,2:15,10175.2
12/15/2024,2:30,10227.2
12/15/2024,2:45,10252.8
12/15/2024,3:00,10224.8
12/15/2024,3:15,10226.4
12/15/2024,3:30,10204.8
12/15/2024,3:45,10241.6
12/15/2024,4:00,10238.4
12/15/2024,4:15,10217.6
12/15/2024,4:30,10192
12/15/2024,4:45,10252.8
12/15/2024,5:00,10209.6
12/15/2024,5:15,10210.4
12/15/2024,5:30,10205.6
12/15/2024,5:45,10218.4
12/15/2024,6:00,10182.4
12/15/2024,6:15,10203.2
12/15/2024,6:30,10221.6
12/15/2024,6:45,10168
12/15/2024,7:00,10148
12/15/2024,7:15,10166.4
12/15/2024,7:30,10118.4
12/15/2024,7:45,10007.2
12/15/2024,8:00,9918.4
12/15/2024,8:15,9804
12/15/2024,8:30,9648
12/15/2024,8:45,9458.4
12/15/2024,9:00,9270.4
12/15/2024,9:15,9094.4
12/15/2024,9:30,8953.6
12/15/2024,9:45,8800.8
12/15/2024,10:00,8627.2
12/15/2024,10:15,8511.2
12/15/2024,10:30,8430.4
12/15/2024,10:45,8346.4
12/15/2024,11:00,8233.6
12/15/2024,11:15,8155.2
12/15/2024,11:30,8110.4
12/15/2024,11:45,8107.2
12/15/2024,12:00,8097.6
12/15/2024,12:15,8057.6
12/15/2024,12:30,8096.8
12/15/2024,12:45,8219.2
12/15/2024,13:00,8256.8
12/15/2024,13:15,8571.2
12/15/2024,13:30,8654.4
12/15/2024,13:45,8825.6
12/15/2024,14:00,8903.2
12/15/2024,14:15,9052.8
12/15/2024,14:30,9236
12/15/2024,14:45,9315.2
12/15/2024,15:00,9104.8
12/15/2024,15:15,9276.8
12/15/2024,15:30,9716
12/15/2024,15:45,9923.2
12/15/2024,16:00,10133.6
12/15/2024,16:15,10199.2
12/15/2024,16:30,10228
12/15/2024,16:45,10377.6
12/15/2024,17:00,10404
12/15/2024,17:15,10078.4
12/15/2024,17:30,10148
12/15/2024,17:45,10139.2
12/15/2024,18:00,10166.4
12/15/2024,18:15,10147.2
12/15/2024,18:30,10202.4
12/15/2024,18:45,10170.4
12/15/2024,19:00,10176.8
12/15/2024,19:15,10148.8
12/15/2024,19:30,10169.6
12/15/2024,19:45,10136
12/15/2024,20:00,10182.4
12/15/2024,20:15,10156.8
12/15/2024,20:30,10161.6
12/15/2024,20:45,10182.4
12/15/2024,21:00,10174.4
12/15/2024,21:15,10161.6
12/15/2024,21:30,10147.2
12/15/2024,21:45,10149.6
12/15/2024,22:00,10154.4
12/15/2024,22:15,10115.2
12/15/2024,22:30,10184.8
12/15/2024,22:45,10168
12/15/2024,23:00,10176
12/15/2024,23:15,10142.4
12/15/2024,23:30,10156.8
12/15/2024,23:45,10172
12/16/2024,0:00,10170.4
12/16/2024,0:15,10140
12/16/2024,0:30,10159.2
12/16/2024,0:45,10114.4
12/16/2024,1:00,10130.4
12/16/2024,1:15,10121.6
12/16/2024,1:30,10139.2
12/16/2024,1:45,10136.8
12/16/2024,2:00,10130.4
12/16/2024,2:15,10140.8
12/16/2024,2:30,10151.2
12/16/2024,2:45,10128
12/16/2024,3:00,10128.8
12/16/2024,3:15,10120.8
12/16/2024,3:30,10117.6
12/16/2024,3:45,10134.4
12/16/2024,4:00,10106.4
12/16/2024,4:15,10137.6
12/16/2024,4:30,10138.4
12/16/2024,4:45,10156.8
12/16/2024,5:00,10167.2
12/16/2024,5:15,10112
12/16/2024,5:30,10141.6
12/16/2024,5:45,10124.8
12/16/2024,6:00,10141.6
12/16/2024,6:15,10162.4
12/16/2024,6:30,10183.2
12/16/2024,6:45,10138.4
12/16/2024,7:00,10132.8
12/16/2024,7:15,10157.6
12/16/2024,7:30,10079.2
12/16/2024,7:45,9975.2
12/16/2024,8:00,9889.6
12/16/2024,8:15,9780
12/16/2024,8:30,9592.8
12/16/2024,8:45,9433.6
12/16/2024,9:00,9303.2
12/16/2024,9:15,9073.6
12/16/2024,9:30,8981.6
12/16/2024,9:45,8772.8
12/16/2024,10:00,8676
12/16/2024,10:15,8501.6
12/16/2024,10:30,8438.4
12/16/2024,10:45,8330.4
12/16/2024,11:00,8251.2
12/16/2024,11:15,8175.2
12/16/2024,11:30,8149.6
12/16/2024,11:45,8064.8
12/16/2024,12:00,8090.4
12/16/2024,12:15,8055.2
12/16/2024,12:30,8115.2
12/16/2024,12:45,8055.2
12/16/2024,13:00,8218.4
12/16/2024,13:15,8254.4
12/16/2024,13:30,8356
12/16/2024,13:45,8470.4
12/16/2024,14:00,8516
12/16/2024,14:15,8623.2
12/16/2024,14:30,8803.2
12/16/2024,14:45,8884.8
12/16/2024,15:00,9445.6
12/16/2024,15:15,9491.2
12/16/2024,15:30,9537.6
12/16/2024,15:45,9965.6
12/16/2024,16:00,9753.6
12/16/2024,16:15,9860
12/16/2024,16:30,9958.4
12/16/2024,16:45,9983.2
12/16/2024,17:00,10386.4
12/16/2024,17:15,10050.4
12/16/2024,17:30,10423.2
12/16/2024,17:45,10027.2
12/16/2024,18:00,10070.4
12/16/2024,18:15,10045.6
12/16/2024,18:30,10087.2
12/16/2024,18:45,10103.2
12/16/2024,19:00,10150.4
12/16/2024,19:15,10118.4
12/16/2024,19:30,10121.6
12/16/2024,19:45,10097.6
12/16/2024,20:00,10124
12/16/2024,20:15,10109.6
12/16/2024,20:30,10112.8
12/16/2024,20:45,10093.6
12/16/2024,21:00,10068
12/16/2024,21:15,10099.2
12/16/2024,21:30,10135.2
12/16/2024,21:45,10107.2
12/16/2024,22:00,10080
12/16/2024,22:15,10058.4
12/16/2024,22:30,10076.8
12/16/2024,22:45,10048
12/16/2024,23:00,10050.4
12/16/2024,23:15,10067.2
12/16/2024,23:30,10099.2
12/16/2024,23:45,10083.2
12/17/2024,0:00,10100.8
12/17/2024,0:15,10090.4
12/17/2024,0:30,10066.4
12/17/2024,0:45,10066.4
12/17/2024,1:00,10071.2
12/17/2024,1:15,10101.6
12/17/2024,1:30,10094.4
12/17/2024,1:45,10092.8
12/17/2024,2:00,10084
12/17/2024,2:15,10075.2
12/17/2024,2:30,10108
12/17/2024,2:45,10079.2
12/17/2024,3:00,10098.4
12/17/2024,3:15,10060
12/17/2024,3:30,10075.2
12/17/2024,3:45,10079.2
12/17/2024,4:00,10116
12/17/2024,4:15,10074.4
12/17/2024,4:30,10084
12/17/2024,4:45,10057.6
12/17/2024,5:00,10132
12/17/2024,5:15,10073.6
12/17/2024,5:30,10109.6
12/17/2024,5:45,10045.6
12/17/2024,6:00,10111.2
12/17/2024,6:15,10073.6
12/17/2024,6:30,10060.8
12/17/2024,6:45,10090.4
12/17/2024,7:00,10116
12/17/2024,7:15,10097.6
12/17/2024,7:30,10032
12/17/2024,7:45,9918.4
12/17/2024,8:00,9877.6
12/17/2024,8:15,9717.6
12/17/2024,8:30,9515.2
12/17/2024,8:45,9385.6
12/17/2024,9:00,9250.4
12/17/2024,9:15,9051.2
12/17/2024,9:30,8884
12/17/2024,9:45,8728.8
12/17/2024,10:00,8652
12/17/2024,10:15,8556
12/17/2024,10:30,8466.4
12/17/2024,10:45,8291.2
12/17/2024,11:00,8336.8
12/17/2024,11:15,8211.2
12/17/2024,11:30,8199.2
12/17/2024,11:45,8124.8
12/17/2024,12:00,8134.4
12/17/2024,12:15,8140.8
12/17/2024,12:30,8191.2
12/17/2024,12:45,8106.4
12/17/2024,13:00,8211.2
12/17/2024,13:15,8256.8
12/17/2024,13:30,8411.2
12/17/2024,13:45,8784.8
12/17/2024,14:00,8938.4
12/17/2024,14:15,9058.4
12/17/2024,14:30,9183.2
12/17/2024,14:45,9293.6
12/17/2024,15:00,9366.4
12/17/2024,15:15,9593.6
12/17/2024,15:30,9772
12/17/2024,15:45,9828.8
12/17/2024,16:00,9808.8
12/17/2024,16:15,10083.2
12/17/2024,16:30,10274.4
12/17/2024,16:45,10274.4
12/17/2024,17:00,10052.8
12/17/2024,17:15,10072.8
12/17/2024,17:30,10086.4
12/17/2024,17:45,10045.6
12/17/2024,18:00,10092.8
12/17/2024,18:15,10084
12/17/2024,18:30,10108
12/17/2024,18:45,10124
12/17/2024,19:00,10102.4
12/17/2024,19:15,10052
12/17/2024,19:30,10080.8
12/17/2024,19:45,10122.4
12/17/2024,20:00,10150.4
12/17/2024,20:15,10136
12/17/2024,20:30,10093.6
12/17/2024,20:45,10112.8
12/17/2024,21:00,10080.8
12/17/2024,21:15,10083.2
12/17/2024,21:30,10081.6
12/17/2024,21:45,10093.6
12/17/2024,22:00,10083.2
12/17/2024,22:15,10088.8
12/17/2024,22:30,10111.2
12/17/2024,22:45,10092
12/17/2024,23:00,10108.8
12/17/2024,23:15,10091.2
12/17/2024,23:30,10097.6
12/17/2024,23:45,10091.2
12/18/2024,0:00,10122.4
12/18/2024,0:15,10092.8
12/18/2024,0:30,10072
12/18/2024,0:45,10088.8
12/18/2024,1:00,10086.4
12/18/2024,1:15,10112
12/18/2024,1:30,10076
12/18/2024,1:45,10053.6
12/18/2024,2:00,10079.2
12/18/2024,2:15,10096
12/18/2024,2:30,10065.6
12/18/2024,2:45,10089.6
12/18/2024,3:00,10094.4
12/18/2024,3:15,10080.8
12/18/2024,3:30,10092
12/18/2024,3:45,10125.6
12/18/2024,4:00,10084.8
12/18/2024,4:15,10124.8
12/18/2024,4:30,10114.4
12/18/2024,4:45,10112
12/18/2024,5:00,10085.6
12/18/2024,5:15,10091.2
12/18/2024,5:30,10088.8
12/18/2024,5:45,10108
12/18/2024,6:00,10112
12/18/2024,6:15,10065.6
12/18/2024,6:30,10113.6
12/18/2024,6:45,10052.8
12/18/2024,7:00,10086.4
12/18/2024,7:15,10090.4
12/18/2024,7:30,10061.6
12/18/2024,7:45,9932.8
12/18/2024,8:00,9907.2
12/18/2024,8:15,9800
12/18/2024,8:30,9649.6
12/18/2024,8:45,9501.6
12/18/2024,9:00,9394.4
12/18/2024,9:15,9119.2
12/18/2024,9:30,9034.4
12/18/2024,9:45,8888.8
12/18/2024,10:00,8760.8
12/18/2024,10:15,8704.8
12/18/2024,10:30,8528
12/18/2024,10:45,8452.8
12/18/2024,11:00,8324
12/18/2024,11:15,8263.2
12/18/2024,11:30,8210.4
12/18/2024,11:45,8164
12/18/2024,12:00,8128.8
12/18/2024,12:15,8116.8
12/18/2024,12:30,8159.2
12/18/2024,12:45,8129.6
12/18/2024,13:00,8248
12/18/2024,13:15,8260
12/18/2024,13:30,8343.2
12/18/2024,13:45,8368
12/18/2024,14:00,8814.4
12/18/2024,14:15,8748.8
12/18/2024,14:30,9161.6
12/18/2024,14:45,9048
12/18/2024,15:00,9456
12/18/2024,15:15,9634.4
12/18/2024,15:30,9763.2
12/18/2024,15:45,9950.4
12/18/2024,16:00,10238.4
12/18/2024,16:15,10215.2
12/18/2024,16:30,10421.6
12/18/2024,16:45,10473.6
12/18/2024,17:00,10580
12/18/2024,17:15,10575.2
12/18/2024,17:30,10198.4
12/18/2024,17:45,10173.6
12/18/2024,18:00,10192.8
12/18/2024,18:15,10131.2
12/18/2024,18:30,10168.8
12/18/2024,18:45,10172.8
12/18/2024,19:00,10185.6
12/18/2024,19:15,10166.4
12/18/2024,19:30,10207.2
12/18/2024,19:45,10189.6
12/18/2024,20:00,10215.2
12/18/2024,20:15,10209.6
12/18/2024,20:30,10206.4
12/18/2024,20:45,10174.4
12/18/2024,21:00,10182.4
12/18/2024,21:15,10148
12/18/2024,21:30,10149.6
12/18/2024,21:45,10150.4
12/18/2024,22:00,10169.6
12/18/2024,22:15,10130.4
12/18/2024,22:30,10132
12/18/2024,22:45,10166.4
12/18/2024,23:00,10167.2
12/18/2024,23:15,10180.8
12/18/2024,23:30,10168.8
12/18/2024,23:45,10145.6
12/19/2024,0:00,10122.4
12/19/2024,0:15,10120.8
12/19/2024,0:30,10119.2
12/19/2024,0:45,10120.8
12/19/2024,1:00,10113.6
12/19/2024,1:15,10112.8
12/19/2024,1:30,10111.2
12/19/2024,1:45,10091.2
12/19/2024,2:00,10090.4
12/19/2024,2:15,10112.8
12/19/2024,2:30,10109.6
12/19/2024,2:45,10081.6
12/19/2024,3:00,10069.6
12/19/2024,3:15,10094.4
12/19/2024,3:30,10076
12/19/2024,3:45,10091.2
12/19/2024,4:00,10091.2
12/19/2024,4:15,10087.2
12/19/2024,4:30,10095.2
12/19/2024,4:45,10095.2
12/19/2024,5:00,10116
12/19/2024,5:15,10077.6
12/19/2024,5:30,10100
12/19/2024,5:45,10080.8
12/19/2024,6:00,10081.6
12/19/2024,6:15,10064
12/19/2024,6:30,10096
12/19/2024,6:45,10078.4
12/19/2024,7:00,10109.6
12/19/2024,7:15,10106.4
12/19/2024,7:30,10068.8
12/19/2024,7:45,9989.6
12/19/2024,8:00,9992
12/19/2024,8:15,9925.6
12/19/2024,8:30,9712
12/19/2024,8:45,9302.4
12/19/2024,9:00,9315.2
12/19/2024,9:15,9002.4
12/19/2024,9:30,9124
12/19/2024,9:45,9031.2
12/19/2024,10:00,8639.2
12/19/2024,10:15,8753.6
12/19/2024,10:30,8228
12/19/2024,10:45,8394.4
12/19/2024,11:00,8507.2
12/19/2024,11:15,8708
12/19/2024,11:30,8505.6
12/19/2024,11:45,8756.8
12/19/2024,12:00,8882.4
12/19/2024,12:15,8176
12/19/2024,12:30,8412.8
12/19/2024,12:45,8332
12/19/2024,13:00,8975.2
12/19/2024,13:15,8410.4
12/19/2024,13:30,8272.8
12/19/2024,13:45,8442.4
12/19/2024,14:00,9587.2
12/19/2024,14:15,8800.8
12/19/2024,14:30,9591.2
12/19/2024,14:45,9319.2
12/19/2024,15:00,9801.6
12/19/2024,15:15,9540.8
12/19/2024,15:30,9599.2
12/19/2024,15:45,9716
12/19/2024,16:00,9872.8
12/19/2024,16:15,10122.4
12/19/2024,16:30,9941.6
12/19/2024,16:45,10200.8
12/19/2024,17:00,10143.2
12/19/2024,17:15,10257.6
12/19/2024,17:30,9992
12/19/2024,17:45,10269.6
12/19/2024,18:00,9984.8
12/19/2024,18:15,10276.8
12/19/2024,18:30,10217.6
12/19/2024,18:45,10183.2
12/19/2024,19:00,10194.4
12/19/2024,19:15,10228
12/19/2024,19:30,10256
12/19/2024,19:45,10227.2
12/19/2024,20:00,10176.8
12/19/2024,20:15,10133.6
12/19/2024,20:30,10238.4
12/19/2024,20:45,10154.4
12/19/2024,21:00,10142.4
12/19/2024,21:15,10064
12/19/2024,21:30,10144.8
12/19/2024,21:45,9948
12/19/2024,22:00,10218.4
12/19/2024,22:15,10127.2
12/19/2024,22:30,10250.4
12/19/2024,22:45,10171.2
12/19/2024,23:00,10200.8
12/19/2024,23:15,10236.8
12/19/2024,23:30,10178.4
12/19/2024,23:45,10257.6
12/20/2024,0:00,10122.4
12/20/2024,0:15,10249.6
12/20/2024,0:30,10140
12/20/2024,0:45,10219.2
12/20/2024,1:00,10134.4
12/20/2024,1:15,10225.6
12/20/2024,1:30,10090.4
12/20/2024,1:45,10219.2
12/20/2024,2:00,9920.8
12/20/2024,2:15,10262.4
12/20/2024,2:30,10052
12/20/2024,2:45,10215.2
12/20/2024,3:00,10160
12/20/2024,3:15,10212.8
12/20/2024,3:30,10253.6
12/20/2024,3:45,10194.4
12/20/2024,4:00,10242.4
12/20/2024,4:15,10160
12/20/2024,4:30,10254.4
12/20/2024,4:45,10142.4
12/20/2024,5:00,10219.2
12/20/2024,5:15,10154.4
12/20/2024,5:30,10204.8
12/20/2024,5:45,10043.2
12/20/2024,6:00,10258.4
12/20/2024,6:15,9944.8
12/20/2024,6:30,10276
12/20/2024,6:45,10096.8
12/20/2024,7:00,10211.2
12/20/2024,7:15,10219.2
12/20/2024,7:30,10163.2
12/20/2024,7:45,10051.2
12/20/2024,8:00,9920.8
12/20/2024,8:15,9917.6
12/20/2024,8:30,9552.8
12/20/2024,8:45,9545.6
12/20/2024,9:00,9215.2
12/20/2024,9:15,9189.6
12/20/2024,9:30,8868.8
12/20/2024,9:45,8607.2
12/20/2024,10:00,8450.4
12/20/2024,10:15,9026.4
12/20/2024,10:30,8596.8
12/20/2024,10:45,9045.6
12/20/2024,11:00,8781.6
12/20/2024,11:15,8789.6
12/20/2024,11:30,8804.8
12/20/2024,11:45,8598.4
12/20/2024,12:00,7952.8
12/20/2024,12:15,7961.6
12/20/2024,12:30,8758.4
12/20/2024,12:45,8920
12/20/2024,13:00,8395.2
12/20/2024,13:15,8544
12/20/2024,13:30,9546.4
12/20/2024,13:45,8604.8
12/20/2024,14:00,8820.8
12/20/2024,14:15,8947.2
12/20/2024,14:30,9004
12/20/2024,14:45,8644.8
12/20/2024,15:00,9285.6
12/20/2024,15:15,9361.6
12/20/2024,15:30,9414.4
12/20/2024,15:45,9718.4
12/20/2024,16:00,9734.4
12/20/2024,16:15,9935.2
12/20/2024,16:30,9962.4
12/20/2024,16:45,10172
12/20/2024,17:00,10137.6
12/20/2024,17:15,10240
12/20/2024,17:30,10154.4
12/20/2024,17:45,10220
12/20/2024,18:00,10154.4
12/20/2024,18:15,10272
12/20/2024,18:30,10044.8
12/20/2024,18:45,10296.8
12/20/2024,19:00,10008
12/20/2024,19:15,10287.2
12/20/2024,19:30,10206.4
12/20/2024,19:45,10264
12/20/2024,20:00,10271.2
12/20/2024,20:15,10208
12/20/2024,20:30,10305.6
12/20/2024,20:45,10237.6
12/20/2024,21:00,10238.4
12/20/2024,21:15,10172
12/20/2024,21:30,10235.2
12/20/2024,21:45,10175.2
12/20/2024,22:00,10232.8
12/20/2024,22:15,10090.4
12/20/2024,22:30,10234.4
12/20/2024,22:45,9985.6
12/20/2024,23:00,10284.8
12/20/2024,23:15,10138.4
12/20/2024,23:30,10228.8
12/20/2024,23:45,10248.8
12/21/2024,0:00,10237.6
12/21/2024,0:15,10250.4
12/21/2024,0:30,10156
12/21/2024,0:45,10225.6
12/21/2024,1:00,10158.4
12/21/2024,1:15,10229.6
12/21/2024,1:30,10132.8
12/21/2024,1:45,10190.4
12/21/2024,2:00,10137.6
12/21/2024,2:15,10217.6
12/21/2024,2:30,10100.8
12/21/2024,2:45,10238.4
12/21/2024,3:00,9914.4
12/21/2024,3:15,10285.6
12/21/2024,3:30,10049.6
12/21/2024,3:45,10260.8
12/21/2024,4:00,10181.6
12/21/2024,4:15,10273.6
12/21/2024,4:30,10217.6
12/21/2024,4:45,10205.6
12/21/2024,5:00,10234.4
12/21/2024,5:15,10196.8
12/21/2024,5:30,10242.4
12/21/2024,5:45,10152
12/21/2024,6:00,10238.4
12/21/2024,6:15,10152
12/21/2024,6:30,10233.6
12/21/2024,6:45,10082.4
12/21/2024,7:00,10277.6
12/21/2024,7:15,9953.6
12/21/2024,7:30,10196
12/21/2024,7:45,10033.6
12/21/2024,8:00,10029.6
12/21/2024,8:15,9958.4
12/21/2024,8:30,9747.2
12/21/2024,8:45,9720
12/21/2024,9:00,9427.2
12/21/2024,9:15,9303.2
12/21/2024,9:30,9124.8
12/21/2024,9:45,9120.8
12/21/2024,10:00,8932.8
12/21/2024,10:15,8757.6
12/21/2024,10:30,8568.8
12/21/2024,10:45,8870.4
12/21/2024,11:00,8399.2
12/21/2024,11:15,8600
12/21/2024,11:30,8147.2
12/21/2024,11:45,8418.4
12/21/2024,12:00,8343.2
12/21/2024,12:15,8420
12/21/2024,12:30,8396.8
12/21/2024,12:45,8352
12/21/2024,13:00,8436.8
12/21/2024,13:15,8444
12/21/2024,13:30,8489.6
12/21/2024,13:45,8565.6
12/21/2024,14:00,8711.2
12/21/2024,14:15,8784.8
12/21/2024,14:30,8991.2
12/21/2024,14:45,9022.4
12/21/2024,15:00,9255.2
12/21/2024,15:15,9121.6
12/21/2024,15:30,9588
12/21/2024,15:45,9456.8
12/21/2024,16:00,9856.8
12/21/2024,16:15,9916.8
12/21/2024,16:30,10086.4
12/21/2024,16:45,10223.2
12/21/2024,17:00,10136
12/21/2024,17:15,10252.8
12/21/2024,17:30,10155.2
12/21/2024,17:45,10234.4
12/21/2024,18:00,10106.4
12/21/2024,18:15,10239.2
12/21/2024,18:30,10187.2
12/21/2024,18:45,10248.8
12/21/2024,19:00,10146.4
12/21/2024,19:15,10298.4
12/21/2024,19:30,9932.8
12/21/2024,19:45,10269.6
12/21/2024,20:00,10109.6
12/21/2024,20:15,10307.2
12/21/2024,20:30,10234.4
12/21/2024,20:45,10240.8
12/21/2024,21:00,10287.2
12/21/2024,21:15,10195.2
12/21/2024,21:30,10255.2
12/21/2024,21:45,10157.6
12/21/2024,22:00,10250.4
12/21/2024,22:15,10144
12/21/2024,22:30,10260
12/21/2024,22:45,10171.2
12/21/2024,23:00,10252
12/21/2024,23:15,10092
12/21/2024,23:30,10302.4
12/21/2024,23:45,9937.6
12/22/2024,0:00,10275.2
12/22/2024,0:15,10118.4
12/22/2024,0:30,10221.6
12/22/2024,0:45,10175.2
12/22/2024,1:00,10183.2
12/22/2024,1:15,10198.4
12/22/2024,1:30,10135.2
12/22/2024,1:45,10207.2
12/22/2024,2:00,10144.8
12/22/2024,2:15,10203.2
12/22/2024,2:30,10149.6
12/22/2024,2:45,10223.2
12/22/2024,3:00,10140
12/22/2024,3:15,10215.2
12/22/2024,3:30,9960.8
12/22/2024,3:45,10297.6
12/22/2024,4:00,10036.8
12/22/2024,4:15,10258.4
12/22/2024,4:30,10172.8
12/22/2024,4:45,10280
12/22/2024,5:00,10264
12/22/2024,5:15,10223.2
12/22/2024,5:30,10244
12/22/2024,5:45,10179.2
12/22/2024,6:00,10236
12/22/2024,6:15,10136.8
12/22/2024,6:30,10242.4
12/22/2024,6:45,10148.8
12/22/2024,7:00,10244.8
12/22/2024,7:15,10153.6
12/22/2024,7:30,10219.2
12/22/2024,7:45,9897.6
12/22/2024,8:00,10116
12/22/2024,8:15,9724
12/22/2024,8:30,9732
12/22/2024,8:45,9199.2
12/22/2024,9:00,9491.2
12/22/2024,9:15,9221.6
12/22/2024,9:30,9075.2
12/22/2024,9:45,8804.8
12/22/2024,10:00,8608.8
12/22/2024,10:15,8676
12/22/2024,10:30,8355.2
12/22/2024,10:45,8416.8
12/22/2024,11:00,8233.6
12/22/2024,11:15,8208
12/22/2024,11:30,8008.8
12/22/2024,11:45,8212.8
12/22/2024,12:00,7945.6
12/22/2024,12:15,8257.6
12/22/2024,12:30,8068.8
12/22/2024,12:45,8895.2
12/22/2024,13:00,7628.8
12/22/2024,13:15,8553.6
12/22/2024,13:30,8892
12/22/2024,13:45,8260.8
12/22/2024,14:00,8777.6
12/22/2024,14:15,8638.4
12/22/2024,14:30,9093.6
12/22/2024,14:45,9092.8
12/22/2024,15:00,9416
12/22/2024,15:15,9513.6
12/22/2024,15:30,9740
12/22/2024,15:45,9672
12/22/2024,16:00,9870.4
12/22/2024,16:15,9758.4
12/22/2024,16:30,10125.6
12/22/2024,16:45,10009.6
12/22/2024,17:00,10236.8
12/22/2024,17:15,10196
12/22/2024,17:30,10184.8
12/22/2024,17:45,10190.4
12/22/2024,18:00,10161.6
12/22/2024,18:15,10218.4
12/22/2024,18:30,10188.8
12/22/2024,18:45,10249.6
12/22/2024,19:00,10124
12/22/2024,19:15,10243.2
12/22/2024,19:30,10161.6
12/22/2024,19:45,10304
12/22/2024,20:00,10104.8
12/22/2024,20:15,10319.2
12/22/2024,20:30,9973.6
12/22/2024,20:45,10308.8
12/22/2024,21:00,10186.4
12/22/2024,21:15,10241.6
12/22/2024,21:30,10229.6
12/22/2024,21:45,10238.4
12/22/2024,22:00,10246.4
12/22/2024,22:15,10205.6
12/22/2024,22:30,10268
12/22/2024,22:45,10223.2
12/22/2024,23:00,10247.2
12/22/2024,23:15,10145.6
12/22/2024,23:30,10261.6
12/22/2024,23:45,10189.6
12/23/2024,0:00,10256
12/23/2024,0:15,10069.6
12/23/2024,0:30,10282.4
12/23/2024,0:45,9964
12/23/2024,1:00,10295.2
12/23/2024,1:15,10145.6
12/23/2024,1:30,10246.4
12/23/2024,1:45,10238.4
12/23/2024,2:00,10232.8
12/23/2024,2:15,10248
12/23/2024,2:30,10156
12/23/2024,2:45,10256
12/23/2024,3:00,10131.2
12/23/2024,3:15,10248
12/23/2024,3:30,10174.4
12/23/2024,3:45,10258.4
12/23/2024,4:00,10148.8
12/23/2024,4:15,10279.2
12/23/2024,4:30,10022.4
12/23/2024,4:45,10331.2
12/23/2024,5:00,10115.2
12/23/2024,5:15,10315.2
12/23/2024,5:30,10216
12/23/2024,5:45,10260.8
12/23/2024,6:00,10240
12/23/2024,6:15,10208
12/23/2024,6:30,10273.6
12/23/2024,6:45,10220
12/23/2024,7:00,10304.8
12/23/2024,7:15,10220
12/23/2024,7:30,10298.4
12/23/2024,7:45,10205.6
12/23/2024,8:00,10143.2
12/23/2024,8:15,10218.4
12/23/2024,8:30,10072
12/23/2024,8:45,9628.8
12/23/2024,9:00,9455.2
12/23/2024,9:15,9691.2
12/23/2024,9:30,9829.6
12/23/2024,9:45,9526.4
12/23/2024,10:00,9223.2
12/23/2024,10:15,9068.8
12/23/2024,10:30,9252.8
12/23/2024,10:45,8580.8
12/23/2024,11:00,9152.8
12/23/2024,11:15,9264
12/23/2024,11:30,8409.6
12/23/2024,11:45,8976.8
12/23/2024,12:00,9078.4
12/23/2024,12:15,9308
12/23/2024,12:30,9251.2
12/23/2024,12:45,9372.8
12/23/2024,13:00,9075.2
12/23/2024,13:15,9518.4
12/23/2024,13:30,9364
12/23/2024,13:45,9667.2
12/23/2024,14:00,9668
12/23/2024,14:15,9700
12/23/2024,14:30,9788.8
12/23/2024,14:45,9799.2
12/23/2024,15:00,9903.2
12/23/2024,15:15,9864.8
12/23/2024,15:30,10004
12/23/2024,15:45,10035.2
12/23/2024,16:00,10170.4
12/23/2024,16:15,10085.6
12/23/2024,16:30,10195.2
12/23/2024,16:45,10060
12/23/2024,17:00,10353.6
12/23/2024,17:15,9968.8
12/23/2024,17:30,10294.4
12/23/2024,17:45,10208.8
12/23/2024,18:00,10260
12/23/2024,18:15,10294.4
12/23/2024,18:30,10209.6
12/23/2024,18:45,10288
12/23/2024,19:00,10234.4
12/23/2024,19:15,10278.4
12/23/2024,19:30,10208.8
12/23/2024,19:45,10270.4
12/23/2024,20:00,10209.6
12/23/2024,20:15,10263.2
12/23/2024,20:30,10200
12/23/2024,20:45,10268.8
12/23/2024,21:00,10057.6
12/23/2024,21:15,10253.6
12/23/2024,21:30,9912
12/23/2024,21:45,10294.4
12/23/2024,22:00,10138.4
12/23/2024,22:15,10269.6
12/23/2024,22:30,10260
12/23/2024,22:45,10205.6
12/23/2024,23:00,10272.8
12/23/2024,23:15,10150.4
12/23/2024,23:30,10220.8
12/23/2024,23:45,10131.2
12/24/2024,0:00,10212
12/24/2024,0:15,10133.6
12/24/2024,0:30,10204.8
12/24/2024,0:45,10123.2
12/24/2024,1:00,10219.2
12/24/2024,1:15,9878.4
12/24/2024,1:30,10268
12/24/2024,1:45,9961.6
12/24/2024,2:00,10234.4
12/24/2024,2:15,10143.2
12/24/2024,2:30,10185.6
12/24/2024,2:45,10208
12/24/2024,3:00,10186.4
12/24/2024,3:15,10247.2
12/24/2024,3:30,10129.6
12/24/2024,3:45,10220
12/24/2024,4:00,10099.2
12/24/2024,4:15,10182.4
12/24/2024,4:30,10178.4
12/24/2024,4:45,10274.4
12/24/2024,5:00,10148.8
12/24/2024,5:15,10292.8
12/24/2024,5:30,9960
12/24/2024,5:45,10305.6
12/24/2024,6:00,10037.6
12/24/2024,6:15,10291.2
12/24/2024,6:30,10244
12/24/2024,6:45,10264.8
12/24/2024,7:00,10302.4
12/24/2024,7:15,10224
12/24/2024,7:30,10209.6
12/24/2024,7:45,10086.4
12/24/2024,8:00,10073.6
12/24/2024,8:15,9872.8
12/24/2024,8:30,9804
12/24/2024,8:45,9675.2
12/24/2024,9:00,9579.2
12/24/2024,9:15,9272.8
12/24/2024,9:30,9322.4
12/24/2024,9:45,8848
12/24/2024,10:00,8982.4
12/24/2024,10:15,8792
12/24/2024,10:30,8948
12/24/2024,10:45,8955.2
12/24/2024,11:00,8602.4
12/24/2024,11:15,8644
12/24/2024,11:30,8572.8
12/24/2024,11:45,8535.2
12/24/2024,12:00,8443.2
12/24/2024,12:15,8532
12/24/2024,12:30,8467.2
12/24/2024,12:45,8563.2
12/24/2024,13:00,8519.2
12/24/2024,13:15,8619.2
12/24/2024,13:30,8483.2
12/24/2024,13:45,8794.4
12/24/2024,14:00,8586.4
12/24/2024,14:15,9080
12/24/2024,14:30,9061.6
12/24/2024,14:45,9261.6
12/24/2024,15:00,9412
12/24/2024,15:15,9524
12/24/2024,15:30,9668
12/24/2024,15:45,9728
12/24/2024,16:00,9901.6
12/24/2024,16:15,9580
12/24/2024,16:30,8412.8
12/24/2024,16:45,8402.4
12/24/2024,17:00,10220
12/24/2024,17:15,10188.8
12/24/2024,17:30,10293.6
12/24/2024,17:45,9995.2
12/24/2024,18:00,10269.6
12/24/2024,18:15,10103.2
12/24/2024,18:30,10275.2
12/24/2024,18:45,10252
12/24/2024,19:00,10285.6
12/24/2024,19:15,10326.4
12/24/2024,19:30,10231.2
12/24/2024,19:45,10299.2
12/24/2024,20:00,10278.4
12/24/2024,20:15,10316.8
12/24/2024,20:30,10220
12/24/2024,20:45,10303.2
12/24/2024,21:00,10223.2
12/24/2024,21:15,10268
12/24/2024,21:30,10129.6
12/24/2024,21:45,10312.8
12/24/2024,22:00,9907.2
12/24/2024,22:15,10276
12/24/2024,22:30,9996
12/24/2024,22:45,10275.2
12/24/2024,23:00,10197.6
12/24/2024,23:15,10204.8
12/24/2024,23:30,10221.6
12/24/2024,23:45,10225.6
12/25/2024,0:00,10271.2
12/25/2024,0:15,10161.6
12/25/2024,0:30,10247.2
12/25/2024,0:45,10140.8
12/25/2024,1:00,10220.8
12/25/2024,1:15,10123.2
12/25/2024,1:30,10232
12/25/2024,1:45,10072.8
12/25/2024,2:00,10272.8
12/25/2024,2:15,9874.4
12/25/2024,2:30,10265.6
12/25/2024,2:45,10096
12/25/2024,3:00,10204
12/25/2024,3:15,10216
12/25/2024,3:30,10207.2
12/25/2024,3:45,10232.8
12/25/2024,4:00,10198.4
12/25/2024,4:15,10245.6
12/25/2024,4:30,10172.8
12/25/2024,4:45,10238.4
12/25/2024,5:00,10200
12/25/2024,5:15,10257.6
12/25/2024,5:30,10232
12/25/2024,5:45,10245.6
12/25/2024,6:00,10003.2
12/25/2024,6:15,10251.2
12/25/2024,6:30,9920
12/25/2024,6:45,10281.6
12/25/2024,7:00,10102.4
12/25/2024,7:15,10237.6
12/25/2024,7:30,10220
12/25/2024,7:45,10144
12/25/2024,8:00,10190.4
12/25/2024,8:15,10088.8
12/25/2024,8:30,10209.6
12/25/2024,8:45,10097.6
12/25/2024,9:00,10060.8
12/25/2024,9:15,9862.4
12/25/2024,9:30,9848.8
12/25/2024,9:45,9586.4
12/25/2024,10:00,9553.6
12/25/2024,10:15,9452.8
12/25/2024,10:30,8900
12/25/2024,10:45,8426.4
12/25/2024,11:00,8678.4
12/25/2024,11:15,8602.4
12/25/2024,11:30,8654.4
12/25/2024,11:45,8596
12/25/2024,12:00,8565.6
12/25/2024,12:15,8555.2
12/25/2024,12:30,8558.4
12/25/2024,12:45,8601.6
12/25/2024,13:00,8506.4
12/25/2024,13:15,8619.2
12/25/2024,13:30,8641.6
12/25/2024,13:45,8804.8
12/25/2024,14:00,8769.6
12/25/2024,14:15,9048.8
12/25/2024,14:30,9323.2
12/25/2024,14:45,9904.8
12/25/2024,15:00,9631.2
12/25/2024,15:15,9928
12/25/2024,15:30,9863.2
12/25/2024,15:45,9953.6
12/25/2024,16:00,10024
12/25/2024,16:15,10119.2
12/25/2024,16:30,10272
12/25/2024,16:45,10238.4
12/25/2024,17:00,10351.2
12/25/2024,17:15,10240.8
12/25/2024,17:30,10345.6
12/25/2024,17:45,10260
12/25/2024,18:00,10346.4
12/25/2024,18:15,10182.4
12/25/2024,18:30,10397.6
12/25/2024,18:45,9980
12/25/2024,19:00,10402.4
12/25/2024,19:15,10112.8
12/25/2024,19:30,10365.6
12/25/2024,19:45,10328
12/25/2024,20:00,10342.4
12/25/2024,20:15,10404.8
12/25/2024,20:30,10440
12/25/2024,20:45,10484
12/25/2024,21:00,10379.2
12/25/2024,21:15,10459.2
12/25/2024,21:30,10381.6
12/25/2024,21:45,10396.8
12/25/2024,22:00,10332
12/25/2024,22:15,10444.8
12/25/2024,22:30,10287.2
12/25/2024,22:45,10515.2
12/25/2024,23:00,10133.6
12/25/2024,23:15,10524
12/25/2024,23:30,10275.2
12/25/2024,23:45,10422.4
12/26/2024,0:00,10456
12/26/2024,0:15,10393.6
12/26/2024,0:30,10438.4
12/26/2024,0:45,10332.8
12/26/2024,1:00,10390.4
12/26/2024,1:15,10304.8
12/26/2024,1:30,10396
12/26/2024,1:45,10278.4
12/26/2024,2:00,10344.8
12/26/2024,2:15,10284
12/26/2024,2:30,10389.6
12/26/2024,2:45,10098.4
12/26/2024,3:00,10430.4
12/26/2024,3:15,10141.6
12/26/2024,3:30,10426.4
12/26/2024,3:45,10359.2
12/26/2024,4:00,10429.6
12/26/2024,4:15,10448.8
12/26/2024,4:30,10417.6
12/26/2024,4:45,10440.8
12/26/2024,5:00,10436.8
12/26/2024,5:15,10464.8
12/26/2024,5:30,10368.8
12/26/2024,5:45,10468.8
12/26/2024,6:00,10428
12/26/2024,6:15,10436.8
12/26/2024,6:30,10244.8
12/26/2024,6:45,10266.4
12/26/2024,7:00,10044.8
12/26/2024,7:15,10484.8
12/26/2024,7:30,10115.2
12/26/2024,7:45,10356
12/26/2024,8:00,10121.6
12/26/2024,8:15,10040
12/26/2024,8:30,9968
12/26/2024,8:45,9801.6
12/26/2024,9:00,9741.6
12/26/2024,9:15,9539.2
12/26/2024,9:30,9456.8
12/26/2024,9:45,9199.2
12/26/2024,10:00,9197.6
12/26/2024,10:15,9029.6
12/26/2024,10:30,9017.6
12/26/2024,10:45,8820
12/26/2024,11:00,8874.4
12/26/2024,11:15,8548
12/26/2024,11:30,8869.6
12/26/2024,11:45,8448
12/26/2024,12:00,8797.6
12/26/2024,12:15,8644.8
12/26/2024,12:30,8736.8
12/26/2024,12:45,8733.6
12/26/2024,13:00,8769.6
12/26/2024,13:15,8880
12/26/2024,13:30,8879.2
12/26/2024,13:45,9012.8
12/26/2024,14:00,9012.8
12/26/2024,14:15,9171.2
12/26/2024,14:30,9171.2
12/26/2024,14:45,9360
12/26/2024,15:00,9427.2
12/26/2024,15:15,9669.6
12/26/2024,15:30,9458.4
12/26/2024,15:45,9930.4
12/26/2024,16:00,9886.4
12/26/2024,16:15,10131.2
12/26/2024,16:30,10188
12/26/2024,16:45,10269.6
12/26/2024,17:00,10354.4
12/26/2024,17:15,10373.6
12/26/2024,17:30,10413.6
12/26/2024,17:45,10306.4
12/26/2024,18:00,10443.2
12/26/2024,18:15,10375.2
12/26/2024,18:30,10453.6
12/26/2024,18:45,10380.8
12/26/2024,19:00,10411.2
12/26/2024,19:15,10236.8
12/26/2024,19:30,10418.4
12/26/2024,19:45,10159.2
12/26/2024,20:00,10483.2
12/26/2024,20:15,10276
12/26/2024,20:30,10346.4
12/26/2024,20:45,10378.4
12/26/2024,21:00,10355.2
12/26/2024,21:15,10381.6
12/26/2024,21:30,10312
12/26/2024,21:45,10357.6
12/26/2024,22:00,10265.6
12/26/2024,22:15,10337.6
12/26/2024,22:30,10243.2
12/26/2024,22:45,10354.4
12/26/2024,23:00,10264.8
12/26/2024,23:15,10380
12/26/2024,23:30,10144
12/26/2024,23:45,10391.2
12/27/2024,0:00,10119.2
12/27/2024,0:15,10381.6
12/27/2024,0:30,10196.8
12/27/2024,0:45,10320.8
12/27/2024,1:00,10357.6
12/27/2024,1:15,10305.6
12/27/2024,1:30,10333.6
12/27/2024,1:45,10284.8
12/27/2024,2:00,10339.2
12/27/2024,2:15,10228.8
12/27/2024,2:30,10371.2
12/27/2024,2:45,10257.6
12/27/2024,3:00,10348.8
12/27/2024,3:15,10268.8
12/27/2024,3:30,10340.8
12/27/2024,3:45,10165.6
12/27/2024,4:00,10392
12/27/2024,4:15,10088.8
12/27/2024,4:30,10408
12/27/2024,4:45,10292.8
12/27/2024,5:00,10388.8
12/27/2024,5:15,10380.8
12/27/2024,5:30,10320.8
12/27/2024,5:45,10354.4
12/27/2024,6:00,10296
12/27/2024,6:15,10375.2
12/27/2024,6:30,10256
12/27/2024,6:45,10348.8
12/27/2024,7:00,10225.6
12/27/2024,7:15,10348
12/27/2024,7:30,10152.8
12/27/2024,7:45,10235.2
12/27/2024,8:00,9861.6
12/27/2024,8:15,10120.8
12/27/2024,8:30,9660.8
12/27/2024,8:45,9739.2
12/27/2024,9:00,9261.6
12/27/2024,9:15,9160.8
12/27/2024,9:30,9049.6
12/27/2024,9:45,8911.2
12/27/2024,10:00,8772.8
12/27/2024,10:15,8666.4
12/27/2024,10:30,8616.8
12/27/2024,10:45,8438.4
12/27/2024,11:00,8356.8
12/27/2024,11:15,8416.8
12/27/2024,11:30,8760
12/27/2024,11:45,8312
12/27/2024,12:00,8240
12/27/2024,12:15,8533.6
12/27/2024,12:30,8274.4
12/27/2024,12:45,8743.2
12/27/2024,13:00,8876.8
12/27/2024,13:15,9059.2
12/27/2024,13:30,8600
12/27/2024,13:45,8832.8
12/27/2024,14:00,8828
12/27/2024,14:15,9006.4
12/27/2024,14:30,9148
12/27/2024,14:45,9239.2
12/27/2024,15:00,9397.6
12/27/2024,15:15,9590.4
12/27/2024,15:30,9675.2
12/27/2024,15:45,9818.4
12/27/2024,16:00,9891.2
12/27/2024,16:15,9895.2
12/27/2024,16:30,9968
12/27/2024,16:45,10126.4
12/27/2024,17:00,10124.8
12/27/2024,17:15,10248
12/27/2024,17:30,10200
12/27/2024,17:45,10200
12/27/2024,18:00,10216.8
12/27/2024,18:15,10231.2
12/27/2024,18:30,10212
12/27/2024,18:45,10220.8
12/27/2024,19:00,10153.6
12/27/2024,19:15,10198.4
12/27/2024,19:30,10197.6
12/27/2024,19:45,10196
12/27/2024,20:00,10179.2
12/27/2024,20:15,10192
12/27/2024,20:30,10180.8
12/27/2024,20:45,10176.8
12/27/2024,21:00,10204
12/27/2024,21:15,10243.2
12/27/2024,21:30,10232.8
12/27/2024,21:45,10232.8
12/27/2024,22:00,10230.4
12/27/2024,22:15,10204
12/27/2024,22:30,10217.6
12/27/2024,22:45,10155.2
12/27/2024,23:00,10179.2
12/27/2024,23:15,10187.2
12/27/2024,23:30,10174.4
12/27/2024,23:45,10169.6
12/28/2024,0:00,10191.2
12/28/2024,0:15,10192
12/28/2024,0:30,10163.2
12/28/2024,0:45,10181.6
12/28/2024,1:00,10166.4
12/28/2024,1:15,10200.8
12/28/2024,1:30,10146.4
12/28/2024,1:45,10172.8
12/28/2024,2:00,10197.6
12/28/2024,2:15,10207.2
12/28/2024,2:30,10150.4
12/28/2024,2:45,10199.2
12/28/2024,3:00,10213.6
12/28/2024,3:15,10168.8
12/28/2024,3:30,10189.6
12/28/2024,3:45,10122.4
12/28/2024,4:00,10196
12/28/2024,4:15,10171.2
12/28/2024,4:30,10188.8
12/28/2024,4:45,10190.4
12/28/2024,5:00,10211.2
12/28/2024,5:15,10190.4
12/28/2024,5:30,10161.6
12/28/2024,5:45,10169.6
12/28/2024,6:00,10196
12/28/2024,6:15,10188
12/28/2024,6:30,10139.2
12/28/2024,6:45,10203.2
12/28/2024,7:00,10204.8
12/28/2024,7:15,10198.4
12/28/2024,7:30,10164.8
12/28/2024,7:45,10082.4
12/28/2024,8:00,9999.2
12/28/2024,8:15,9920.8
12/28/2024,8:30,9728
12/28/2024,8:45,9532.8
12/28/2024,9:00,9430.4
12/28/2024,9:15,9268
12/28/2024,9:30,9186.4
12/28/2024,9:45,9016.8
12/28/2024,10:00,8868
12/28/2024,10:15,8760.8
12/28/2024,10:30,8676
12/28/2024,10:45,8564
12/28/2024,11:00,8470.4
12/28/2024,11:15,8452.8
12/28/2024,11:30,8404
12/28/2024,11:45,8391.2
12/28/2024,12:00,8347.2
12/28/2024,12:15,8360
12/28/2024,12:30,8365.6
12/28/2024,12:45,8464.8
12/28/2024,13:00,8434.4
12/28/2024,13:15,8621.6
12/28/2024,13:30,8572
12/28/2024,13:45,8688.8
12/28/2024,14:00,8688.8
12/28/2024,14:15,8851.2
12/28/2024,14:30,8892.8
12/28/2024,14:45,9036
12/28/2024,15:00,9140
12/28/2024,15:15,9314.4
12/28/2024,15:30,9464
12/28/2024,15:45,9626.4
12/28/2024,16:00,9765.6
12/28/2024,16:15,9912
12/28/2024,16:30,10020.8
12/28/2024,16:45,10124
12/28/2024,17:00,10160.8
12/28/2024,17:15,10207.2
12/28/2024,17:30,10222.4
12/28/2024,17:45,10214.4
12/28/2024,18:00,10128
12/28/2024,18:15,10174.4
12/28/2024,18:30,10180.8
12/28/2024,18:45,10217.6
12/28/2024,19:00,10175.2
12/28/2024,19:15,10172
12/28/2024,19:30,10185.6
12/28/2024,19:45,10197.6
12/28/2024,20:00,10209.6
12/28/2024,20:15,10192
12/28/2024,20:30,10234.4
12/28/2024,20:45,10244
12/28/2024,21:00,10202.4
12/28/2024,21:15,10240.8
12/28/2024,21:30,10160
12/28/2024,21:45,10180.8
12/28/2024,22:00,10176.8
12/28/2024,22:15,10185.6
12/28/2024,22:30,10188
12/28/2024,22:45,10201.6
12/28/2024,23:00,10146.4
12/28/2024,23:15,10190.4
12/28/2024,23:30,10156.8
12/28/2024,23:45,10227.2
12/29/2024,0:00,10196
12/29/2024,0:15,10184.8
12/29/2024,0:30,10168.8
12/29/2024,0:45,10187.2
12/29/2024,1:00,10164.8
12/29/2024,1:15,10213.6
12/29/2024,1:30,10160
12/29/2024,1:45,10173.6
12/29/2024,2:00,10196.8
12/29/2024,2:15,10164.8
12/29/2024,2:30,10158.4
12/29/2024,2:45,10164.8
12/29/2024,3:00,10167.2
12/29/2024,3:15,10175.2
12/29/2024,3:30,10172.8
12/29/2024,3:45,10170.4
12/29/2024,4:00,10165.6
12/29/2024,4:15,10179.2
12/29/2024,4:30,10157.6
12/29/2024,4:45,10184.8
12/29/2024,5:00,10205.6
12/29/2024,5:15,10167.2
12/29/2024,5:30,10160
12/29/2024,5:45,10146.4
12/29/2024,6:00,10174.4
12/29/2024,6:15,10124
12/29/2024,6:30,10129.6
12/29/2024,6:45,10177.6
12/29/2024,7:00,10163.2
12/29/2024,7:15,10150.4
12/29/2024,7:30,10121.6
12/29/2024,7:45,10047.2
12/29/2024,8:00,9991.2
12/29/2024,8:15,9817.6
12/29/2024,8:30,9685.6
12/29/2024,8:45,9496
12/29/2024,9:00,9387.2
12/29/2024,9:15,9063.2
12/29/2024,9:30,8940
12/29/2024,9:45,8724
12/29/2024,10:00,9572
12/29/2024,10:15,8767.2
12/29/2024,10:30,8486.4
12/29/2024,10:45,8329.6
12/29/2024,11:00,8234.4
12/29/2024,11:15,9412.8
12/29/2024,11:30,8629.6
12/29/2024,11:45,9124
12/29/2024,12:00,9038.4
12/29/2024,12:15,8370.4
12/29/2024,12:30,8036.8
12/29/2024,12:45,8015.2
12/29/2024,13:00,7988.8
12/29/2024,13:15,8070.4
12/29/2024,13:30,8336
12/29/2024,13:45,8415.2
12/29/2024,14:00,8484.8
12/29/2024,14:15,8652
12/29/2024,14:30,8772
12/29/2024,14:45,8972
12/29/2024,15:00,9102.4
12/29/2024,15:15,9242.4
12/29/2024,15:30,7283.2
12/29/2024,15:45,7519.2
12/29/2024,16:00,9683.2
12/29/2024,16:15,9896
12/29/2024,16:30,9976.8
12/29/2024,16:45,10090.4
12/29/2024,17:00,10131.2
12/29/2024,17:15,10192.8
12/29/2024,17:30,10155.2
12/29/2024,17:45,10190.4
12/29/2024,18:00,10168
12/29/2024,18:15,10153.6
12/29/2024,18:30,10188.8
12/29/2024,18:45,10200.8
12/29/2024,19:00,10120.8
12/29/2024,19:15,10139.2
12/29/2024,19:30,10132
12/29/2024,19:45,10187.2
12/29/2024,20:00,10207.2
12/29/2024,20:15,10191.2
12/29/2024,20:30,10179.2
12/29/2024,20:45,10188
12/29/2024,21:00,10139.2
12/29/2024,21:15,10161.6
12/29/2024,21:30,10138.4
12/29/2024,21:45,10144.8
12/29/2024,22:00,10124.8
12/29/2024,22:15,10148.8
12/29/2024,22:30,10113.6
12/29/2024,22:45,10139.2
12/29/2024,23:00,10129.6
12/29/2024,23:15,10134.4
12/29/2024,23:30,10118.4
12/29/2024,23:45,10147.2
12/30/2024,0:00,10137.6
12/30/2024,0:15,10119.2
12/30/2024,0:30,10097.6
12/30/2024,0:45,10072.8
12/30/2024,1:00,10064
12/30/2024,1:15,10096
12/30/2024,1:30,10098.4
12/30/2024,1:45,10115.2
12/30/2024,2:00,10076.8
12/30/2024,2:15,10104
12/30/2024,2:30,10109.6
12/30/2024,2:45,10124
12/30/2024,3:00,10106.4
12/30/2024,3:15,10136
12/30/2024,3:30,10083.2
12/30/2024,3:45,10138.4
12/30/2024,4:00,10120.8
12/30/2024,4:15,10154.4
12/30/2024,4:30,10124
12/30/2024,4:45,10117.6
12/30/2024,5:00,10152
12/30/2024,5:15,10123.2
12/30/2024,5:30,10108.8
12/30/2024,5:45,10132.8
12/30/2024,6:00,10103.2
12/30/2024,6:15,10096.8
12/30/2024,6:30,10105.6
12/30/2024,6:45,10100.8
12/30/2024,7:00,10100.8
12/30/2024,7:15,10122.4
12/30/2024,7:30,10061.6
12/30/2024,7:45,10033.6
12/30/2024,8:00,9984
12/30/2024,8:15,9894.4
12/30/2024,8:30,9732.8
12/30/2024,8:45,9585.6
12/30/2024,9:00,9449.6
12/30/2024,9:15,9304
12/30/2024,9:30,9181.6
12/30/2024,9:45,9077.6
12/30/2024,10:00,8889.6
12/30/2024,10:15,8825.6
12/30/2024,10:30,8720
12/30/2024,10:45,8602.4
12/30/2024,11:00,8524
12/30/2024,11:15,8456
12/30/2024,11:30,8400.8
12/30/2024,11:45,8293.6
12/30/2024,12:00,8342.4
12/30/2024,12:15,8362.4
12/30/2024,12:30,8345.6
12/30/2024,12:45,8348.8
12/30/2024,13:00,8389.6
12/30/2024,13:15,8437.6
12/30/2024,13:30,8503.2
12/30/2024,13:45,8620
12/30/2024,14:00,8721.6
12/30/2024,14:15,8863.2
12/30/2024,14:30,8935.2
12/30/2024,14:45,9109.6
12/30/2024,15:00,9196
12/30/2024,15:15,9384.8
12/30/2024,15:30,9518.4
12/30/2024,15:45,9654.4
12/30/2024,16:00,9729.6
12/30/2024,16:15,9893.6
12/30/2024,16:30,9955.2
12/30/2024,16:45,10001.6
12/30/2024,17:00,10078.4
12/30/2024,17:15,10126.4
12/30/2024,17:30,10108
12/30/2024,17:45,10112
12/30/2024,18:00,10128
12/30/2024,18:15,10161.6
12/30/2024,18:30,10128
12/30/2024,18:45,10111.2
12/30/2024,19:00,10109.6
12/30/2024,19:15,10116.8
12/30/2024,19:30,10124.8
12/30/2024,19:45,10156
12/30/2024,20:00,10138.4
12/30/2024,20:15,10139.2
12/30/2024,20:30,10093.6
12/30/2024,20:45,10094.4
12/30/2024,21:00,10079.2
12/30/2024,21:15,10054.4
12/30/2024,21:30,10088
12/30/2024,21:45,10063.2
12/30/2024,22:00,10074.4
12/30/2024,22:15,10082.4
12/30/2024,22:30,10095.2
12/30/2024,22:45,10116
12/30/2024,23:00,10061.6
12/30/2024,23:15,10080
12/30/2024,23:30,10086.4
12/30/2024,23:45,10075.2
12/31/2024,0:00,10064
12/31/2024,0:15,10096
12/31/2024,0:30,10073.6
12/31/2024,0:45,10071.2
12/31/2024,1:00,10047.2
12/31/2024,1:15,10051.2
12/31/2024,1:30,10075.2
12/31/2024,1:45,10090.4
12/31/2024,2:00,10058.4
12/31/2024,2:15,10097.6
12/31/2024,2:30,10105.6
12/31/2024,2:45,10074.4
12/31/2024,3:00,10087.2
12/31/2024,3:15,10025.6
12/31/2024,3:30,10055.2
12/31/2024,3:45,10077.6
12/31/2024,4:00,10058.4
12/31/2024,4:15,10113.6
12/31/2024,4:30,10104
12/31/2024,4:45,10069.6
12/31/2024,5:00,10088
12/31/2024,5:15,10120
12/31/2024,5:30,10056.8
12/31/2024,5:45,10096
12/31/2024,6:00,10081.6
12/31/2024,6:15,10093.6
12/31/2024,6:30,10089.6
12/31/2024,6:45,10077.6
12/31/2024,7:00,10018.4
12/31/2024,7:15,10068
12/31/2024,7:30,9973.6
12/31/2024,7:45,9955.2
12/31/2024,8:00,9879.2
12/31/2024,8:15,9794.4
12/31/2024,8:30,9596.8
12/31/2024,8:45,9541.6
12/31/2024,9:00,9404.8
12/31/2024,9:15,9288
12/31/2024,9:30,9130.4
12/31/2024,9:45,9026.4
12/31/2024,10:00,8847.2
12/31/2024,10:15,8734.4
12/31/2024,10:30,8582.4
12/31/2024,10:45,8508
12/31/2024,11:00,8423.2
12/31/2024,11:15,8411.2
12/31/2024,11:30,8362.4
12/31/2024,11:45,8328
12/31/2024,12:00,8286.4
12/31/2024,12:15,8283.2
12/31/2024,12:30,8290.4
12/31/2024,12:45,8300
12/31/2024,13:00,8292
12/31/2024,13:15,8369.6
12/31/2024,13:30,8460
12/31/2024,13:45,8584
12/31/2024,14:00,8664.8
12/31/2024,14:15,8781.6
12/31/2024,14:30,8889.6
12/31/2024,14:45,9018.4
12/31/2024,15:00,9183.2
12/31/2024,15:15,9272.8
12/31/2024,15:30,9386.4
12/31/2024,15:45,9552.8
12/31/2024,16:00,9663.2
12/31/2024,16:15,9796.8
12/31/2024,16:30,9908.8
12/31/2024,16:45,9972.8
12/31/2024,17:00,10093.6
12/31/2024,17:15,10088
12/31/2024,17:30,10160
12/31/2024,17:45,10092
12/31/2024,18:00,10116
12/31/2024,18:15,10120
12/31/2024,18:30,10113.6
12/31/2024,18:45,10089.6
12/31/2024,19:00,10039.2
12/31/2024,19:15,10095.2
12/31/2024,19:30,10104
12/31/2024,19:45,10037.6
12/31/2024,20:00,10155.2
12/31/2024,20:15,10154.4
12/31/2024,20:30,10110.4
12/31/2024,20:45,10096.8
12/31/2024,21:00,10099.2
12/31/2024,21:15,10104.8
12/31/2024,21:30,10080.8
12/31/2024,21:45,10029.6
12/31/2024,22:00,10044.8
12/31/2024,22:15,10051.2
12/31/2024,22:30,10086.4
12/31/2024,22:45,10076
12/31/2024,23:00,10057.6
12/31/2024,23:15,10085.6
12/31/2024,23:30,10056
12/31/2024,23:45,10081.6
1/1/2025,0:00,10094.4
1/1/2025,0:15,10086.4
1/1/2025,0:30,10052.8
1/1/2025,0:45,10068.8
1/1/2025,1:00,10017.6
1/1/2025,1:15,10081.6
1/1/2025,1:30,10033.6
1/1/2025,1:45,10070.4
1/1/2025,2:00,10058.4
1/1/2025,2:15,10057.6
1/1/2025,2:30,10056
1/1/2025,2:45,10067.2
1/1/2025,3:00,10065.6
1/1/2025,3:15,10047.2
1/1/2025,3:30,10019.2
1/1/2025,3:45,10088.8
1/1/2025,4:00,10078.4
1/1/2025,4:15,10038.4
1/1/2025,4:30,10052.8
1/1/2025,4:45,10102.4
1/1/2025,5:00,10087.2
1/1/2025,5:15,10097.6
1/1/2025,5:30,10040
1/1/2025,5:45,10083.2
1/1/2025,6:00,10095.2
1/1/2025,6:15,10060.8
1/1/2025,6:30,10056.8
1/1/2025,6:45,10072
1/1/2025,7:00,10060
1/1/2025,7:15,10048.8
1/1/2025,7:30,9995.2
1/1/2025,7:45,9972.8
1/1/2025,8:00,9903.2
1/1/2025,8:15,9774.4
1/1/2025,8:30,9583.2
1/1/2025,8:45,9488.8
1/1/2025,9:00,9348.8
1/1/2025,9:15,9157.6
1/1/2025,9:30,9022.4
1/1/2025,9:45,8867.2
1/1/2025,10:00,8688
1/1/2025,10:15,8541.6
1/1/2025,10:30,8481.6
1/1/2025,10:45,8344
1/1/2025,11:00,8264
1/1/2025,11:15,8215.2
1/1/2025,11:30,8174.4
1/1/2025,11:45,8153.6
1/1/2025,12:00,8125.6
1/1/2025,12:15,8089.6
1/1/2025,12:30,8124.8
1/1/2025,12:45,8124.8
1/1/2025,13:00,8197.6
1/1/2025,13:15,8245.6
1/1/2025,13:30,8327.2
1/1/2025,13:45,8419.2
1/1/2025,14:00,8530.4
1/1/2025,14:15,8646.4
1/1/2025,14:30,8806.4
1/1/2025,14:45,8920.8
1/1/2025,15:00,9040.8
1/1/2025,15:15,9175.2
1/1/2025,15:30,9527.2
1/1/2025,15:45,9470.4
1/1/2025,16:00,9573.6
1/1/2025,16:15,9763.2
1/1/2025,16:30,9878.4
1/1/2025,16:45,9955.2
1/1/2025,17:00,10038.4
1/1/2025,17:15,10049.6
1/1/2025,17:30,10041.6
1/1/2025,17:45,10034.4
1/1/2025,18:00,10021.6
1/1/2025,18:15,10046.4
1/1/2025,18:30,10043.2
1/1/2025,18:45,10038.4
1/1/2025,19:00,10060.8
1/1/2025,19:15,10080
1/1/2025,19:30,10043.2
1/1/2025,19:45,10083.2
1/1/2025,20:00,10051.2
1/1/2025,20:15,10071.2
1/1/2025,20:30,10085.6
1/1/2025,20:45,10064.8
1/1/2025,21:00,10046.4
1/1/2025,21:15,10018.4
1/1/2025,21:30,10009.6
1/1/2025,21:45,10045.6
1/1/2025,22:00,10033.6
1/1/2025,22:15,10064.8
1/1/2025,22:30,10049.6
1/1/2025,22:45,10072
1/1/2025,23:00,10084
1/1/2025,23:15,10092.8
1/1/2025,23:30,10062.4
1/1/2025,23:45,10059.2
1/2/2025,0:00,10056.8
1/2/2025,0:15,10040.8
1/2/2025,0:30,10039.2
1/2/2025,0:45,10036.8
1/2/2025,1:00,10032.8
1/2/2025,1:15,10033.6
1/2/2025,1:30,10028
1/2/2025,1:45,10032
1/2/2025,2:00,10061.6
1/2/2025,2:15,10042.4
1/2/2025,2:30,10038.4
1/2/2025,2:45,10016
1/2/2025,3:00,10031.2
1/2/2025,3:15,10026.4
1/2/2025,3:30,10060
1/2/2025,3:45,10004
1/2/2025,4:00,10024
1/2/2025,4:15,10044.8
1/2/2025,4:30,10049.6
1/2/2025,4:45,10048
1/2/2025,5:00,10040.8
1/2/2025,5:15,10047.2
1/2/2025,5:30,10075.2
1/2/2025,5:45,10063.2
1/2/2025,6:00,10066.4
1/2/2025,6:15,10032
1/2/2025,6:30,10024.8
1/2/2025,6:45,10045.6
1/2/2025,7:00,10015.2
1/2/2025,7:15,9996.8
1/2/2025,7:30,9992.8
1/2/2025,7:45,9962.4
1/2/2025,8:00,9854.4
1/2/2025,8:15,9821.6
1/2/2025,8:30,9684
1/2/2025,8:45,9565.6
1/2/2025,9:00,9455.2
1/2/2025,9:15,9277.6
1/2/2025,9:30,9172.8
1/2/2025,9:45,9084
1/2/2025,10:00,8940.8
1/2/2025,10:15,8832.8
1/2/2025,10:30,8728.8
1/2/2025,10:45,8698.4
1/2/2025,11:00,8671.2
1/2/2025,11:15,8590.4
1/2/2025,11:30,8403.2
1/2/2025,11:45,8400
1/2/2025,12:00,8602.4
1/2/2025,12:15,8488
1/2/2025,12:30,8536
1/2/2025,12:45,8761.6
1/2/2025,13:00,8392
1/2/2025,13:15,8513.6
1/2/2025,13:30,8790.4
1/2/2025,13:45,9211.2
1/2/2025,14:00,8721.6
1/2/2025,14:15,9164.8
1/2/2025,14:30,9361.6
1/2/2025,14:45,9524.8
1/2/2025,15:00,9600.8
1/2/2025,15:15,9493.6
1/2/2025,15:30,9617.6
1/2/2025,15:45,9662.4
1/2/2025,16:00,9714.4
1/2/2025,16:15,9768
1/2/2025,16:30,9900
1/2/2025,16:45,9985.6
1/2/2025,17:00,9991.2
1/2/2025,17:15,10060.8
1/2/2025,17:30,10048
1/2/2025,17:45,9996
1/2/2025,18:00,10044.8
1/2/2025,18:15,10064
1/2/2025,18:30,10108
1/2/2025,18:45,10069.6
1/2/2025,19:00,10040
1/2/2025,19:15,10017.6
1/2/2025,19:30,10053.6
1/2/2025,19:45,10050.4
1/2/2025,20:00,10070.4
1/2/2025,20:15,10044.8
1/2/2025,20:30,10053.6
1/2/2025,20:45,10052
1/2/2025,21:00,10040.8
1/2/2025,21:15,10030.4
1/2/2025,21:30,10048.8
1/2/2025,21:45,10084
1/2/2025,22:00,10052
1/2/2025,22:15,9996
1/2/2025,22:30,10016
1/2/2025,22:45,9987.2
1/2/2025,23:00,10015.2
1/2/2025,23:15,9972
1/2/2025,23:30,9969.6
1/2/2025,23:45,10008.8
1/3/2025,0:00,10000
1/3/2025,0:15,9974.4
1/3/2025,0:30,9976.8
1/3/2025,0:45,9972
1/3/2025,1:00,9978.4
1/3/2025,1:15,9964
1/3/2025,1:30,9984
1/3/2025,1:45,9964
1/3/2025,2:00,9979.2
1/3/2025,2:15,10006.4
1/3/2025,2:30,9993.6
1/3/2025,2:45,10005.6
1/3/2025,3:00,9983.2
1/3/2025,3:15,9990.4
1/3/2025,3:30,9984.8
1/3/2025,3:45,10008.8
1/3/2025,4:00,9988
1/3/2025,4:15,9995.2
1/3/2025,4:30,10012.8
1/3/2025,4:45,10020
1/3/2025,5:00,9992.8
1/3/2025,5:15,9996.8
1/3/2025,5:30,9994.4
1/3/2025,5:45,9996.8
1/3/2025,6:00,9971.2
1/3/2025,6:15,9995.2
1/3/2025,6:30,10057.6
1/3/2025,6:45,10016
1/3/2025,7:00,10055.2
1/3/2025,7:15,10060
1/3/2025,7:30,10005.6
1/3/2025,7:45,9956
1/3/2025,8:00,9902.4
1/3/2025,8:15,9764
1/3/2025,8:30,9635.2
1/3/2025,8:45,9545.6
1/3/2025,9:00,9439.2
1/3/2025,9:15,9329.6
1/3/2025,9:30,9127.2
1/3/2025,9:45,9036
1/3/2025,10:00,8812.8
1/3/2025,10:15,8883.2
1/3/2025,10:30,8640
1/3/2025,10:45,8495.2
1/3/2025,11:00,8481.6
1/3/2025,11:15,8461.6
1/3/2025,11:30,8377.6
1/3/2025,11:45,8389.6
1/3/2025,12:00,8295.2
1/3/2025,12:15,8312.8
1/3/2025,12:30,8356
1/3/2025,12:45,8359.2
1/3/2025,13:00,8461.6
1/3/2025,13:15,8467.2
1/3/2025,13:30,8506.4
1/3/2025,13:45,8648
1/3/2025,14:00,8646.4
1/3/2025,14:15,8766.4
1/3/2025,14:30,8932.8
1/3/2025,14:45,9015.2
1/3/2025,15:00,9124.8
1/3/2025,15:15,9305.6
1/3/2025,15:30,9425.6
1/3/2025,15:45,9561.6
1/3/2025,16:00,9653.6
1/3/2025,16:15,9805.6
1/3/2025,16:30,9886.4
1/3/2025,16:45,9968
1/3/2025,17:00,10034.4
1/3/2025,17:15,10024.8
1/3/2025,17:30,10028
1/3/2025,17:45,10048.8
1/3/2025,18:00,10047.2
1/3/2025,18:15,10037.6
1/3/2025,18:30,10090.4
1/3/2025,18:45,10008
1/3/2025,19:00,10032
1/3/2025,19:15,10050.4
1/3/2025,19:30,10048.8
1/3/2025,19:45,10088
1/3/2025,20:00,10081.6
1/3/2025,20:15,10071.2
1/3/2025,20:30,10042.4
1/3/2025,20:45,10080
1/3/2025,21:00,10082.4
1/3/2025,21:15,10095.2
1/3/2025,21:30,10079.2
1/3/2025,21:45,10072
1/3/2025,22:00,10036.8
1/3/2025,22:15,10102.4
1/3/2025,22:30,10066.4
1/3/2025,22:45,10095.2
1/3/2025,23:00,10079.2
1/3/2025,23:15,10092.8
1/3/2025,23:30,10059.2
1/3/2025,23:45,10072.8
1/4/2025,0:00,10094.4
1/4/2025,0:15,10060
1/4/2025,0:30,10051.2
1/4/2025,0:45,10021.6
1/4/2025,1:00,10052.8
1/4/2025,1:15,10037.6
1/4/2025,1:30,10035.2
1/4/2025,1:45,10070.4
1/4/2025,2:00,10048.8
1/4/2025,2:15,10079.2
1/4/2025,2:30,10045.6
1/4/2025,2:45,10086.4
1/4/2025,3:00,10072.8
1/4/2025,3:15,10040.8
1/4/2025,3:30,10014.4
1/4/2025,3:45,10023.2
1/4/2025,4:00,10052
1/4/2025,4:15,10065.6
1/4/2025,4:30,10059.2
1/4/2025,4:45,10095.2
1/4/2025,5:00,10077.6
1/4/2025,5:15,10056.8
1/4/2025,5:30,10056
1/4/2025,5:45,10048.8
1/4/2025,6:00,10085.6
1/4/2025,6:15,10019.2
1/4/2025,6:30,10038.4
1/4/2025,6:45,10014.4
1/4/2025,7:00,10036.8
1/4/2025,7:15,10064
1/4/2025,7:30,10010.4
1/4/2025,7:45,10052
1/4/2025,8:00,9977.6
1/4/2025,8:15,9803.2
1/4/2025,8:30,9654.4
1/4/2025,8:45,9612
1/4/2025,9:00,9560.8
1/4/2025,9:15,9328.8
1/4/2025,9:30,9290.4
1/4/2025,9:45,9042.4
1/4/2025,10:00,8963.2
1/4/2025,10:15,8947.2
1/4/2025,10:30,8843.2
1/4/2025,10:45,8736
1/4/2025,11:00,9357.6
1/4/2025,11:15,8779.2
1/4/2025,11:30,9016
1/4/2025,11:45,9008.8
1/4/2025,12:00,9285.6
1/4/2025,12:15,9333.6
1/4/2025,12:30,9446.4
1/4/2025,12:45,9412.8
1/4/2025,13:00,9330.4
1/4/2025,13:15,9339.2
1/4/2025,13:30,9391.2
1/4/2025,13:45,9756.8
1/4/2025,14:00,8768.8
1/4/2025,14:15,9271.2
1/4/2025,14:30,9717.6
1/4/2025,14:45,9142.4
1/4/2025,15:00,9360
1/4/2025,15:15,9661.6
1/4/2025,15:30,9731.2
1/4/2025,15:45,9747.2
1/4/2025,16:00,9812.8
1/4/2025,16:15,9955.2
1/4/2025,16:30,9956
1/4/2025,16:45,10044
1/4/2025,17:00,10114.4
1/4/2025,17:15,10107.2
1/4/2025,17:30,10192
1/4/2025,17:45,10222.4
1/4/2025,18:00,10132
1/4/2025,18:15,10236
1/4/2025,18:30,10158.4
1/4/2025,18:45,10191.2
1/4/2025,19:00,10154.4
1/4/2025,19:15,10213.6
1/4/2025,19:30,10169.6
1/4/2025,19:45,10195.2
1/4/2025,20:00,10117.6
1/4/2025,20:15,10188
1/4/2025,20:30,10223.2
1/4/2025,20:45,10169.6
1/4/2025,21:00,10244.8
1/4/2025,21:15,10256.8
1/4/2025,21:30,10183.2
1/4/2025,21:45,10176.8
1/4/2025,22:00,10191.2
1/4/2025,22:15,10124.8
1/4/2025,22:30,10100.8
1/4/2025,22:45,10120.8
1/4/2025,23:00,10112
1/4/2025,23:15,10092
1/4/2025,23:30,10078.4
1/4/2025,23:45,10130.4
1/5/2025,0:00,10059.2
1/5/2025,0:15,10105.6
1/5/2025,0:30,10083.2
1/5/2025,0:45,10080.8
1/5/2025,1:00,10069.6
1/5/2025,1:15,10069.6
1/5/2025,1:30,10132.8
1/5/2025,1:45,10079.2
1/5/2025,2:00,10076
1/5/2025,2:15,10072.8
1/5/2025,2:30,10108.8
1/5/2025,2:45,10111.2
1/5/2025,3:00,10080
1/5/2025,3:15,10062.4
1/5/2025,3:30,10093.6
1/5/2025,3:45,10057.6
1/5/2025,4:00,10128.8
1/5/2025,4:15,10232
1/5/2025,4:30,10177.6
1/5/2025,4:45,10112.8
1/5/2025,5:00,10107.2
1/5/2025,5:15,10243.2
1/5/2025,5:30,10133.6
1/5/2025,5:45,10124
1/5/2025,6:00,10066.4
1/5/2025,6:15,10159.2
1/5/2025,6:30,10187.2
1/5/2025,6:45,10116.8
1/5/2025,7:00,10154.4
1/5/2025,7:15,10163.2
1/5/2025,7:30,10105.6
1/5/2025,7:45,10060.8
1/5/2025,8:00,10018.4
1/5/2025,8:15,9848
1/5/2025,8:30,9847.2
1/5/2025,8:45,9642.4
1/5/2025,9:00,9620
1/5/2025,9:15,9389.6
1/5/2025,9:30,9157.6
1/5/2025,9:45,9044
1/5/2025,10:00,9068.8
1/5/2025,10:15,8983.2
1/5/2025,10:30,8901.6
1/5/2025,10:45,8791.2
1/5/2025,11:00,8629.6
1/5/2025,11:15,8636
1/5/2025,11:30,8435.2
1/5/2025,11:45,8416
1/5/2025,12:00,8352
1/5/2025,12:15,8402.4
1/5/2025,12:30,8510.4
1/5/2025,12:45,8456.8
1/5/2025,13:00,8487.2
1/5/2025,13:15,8429.6
1/5/2025,13:30,8590.4
1/5/2025,13:45,8709.6
1/5/2025,14:00,8765.6
1/5/2025,14:15,8877.6
1/5/2025,14:30,8950.4
1/5/2025,14:45,9040
1/5/2025,15:00,9201.6
1/5/2025,15:15,9408.8
1/5/2025,15:30,9563.2
1/5/2025,15:45,9673.6
1/5/2025,16:00,9788.8
1/5/2025,16:15,9966.4
1/5/2025,16:30,10040.8
1/5/2025,16:45,10157.6
1/5/2025,17:00,10167.2
1/5/2025,17:15,10277.6
1/5/2025,17:30,10247.2
1/5/2025,17:45,10296.8
1/5/2025,18:00,10251.2
1/5/2025,18:15,10250.4
1/5/2025,18:30,10276
1/5/2025,18:45,10204
1/5/2025,19:00,10273.6
1/5/2025,19:15,10268.8
1/5/2025,19:30,10287.2
1/5/2025,19:45,10281.6
1/5/2025,20:00,10253.6
1/5/2025,20:15,10272.8
1/5/2025,20:30,10252
1/5/2025,20:45,10253.6
1/5/2025,21:00,10266.4
1/5/2025,21:15,10260.8
1/5/2025,21:30,10256
1/5/2025,21:45,10261.6
1/5/2025,22:00,10259.2
1/5/2025,22:15,10245.6
1/5/2025,22:30,10280.8
1/5/2025,22:45,10285.6
1/5/2025,23:00,10177.6
1/5/2025,23:15,10176
1/5/2025,23:30,10203.2
1/5/2025,23:45,10213.6
1/6/2025,0:00,10205.6
1/6/2025,0:15,10154.4
1/6/2025,0:30,10176
1/6/2025,0:45,10199.2
1/6/2025,1:00,10204.8
1/6/2025,1:15,10170.4
1/6/2025,1:30,10150.4
1/6/2025,1:45,10230.4
1/6/2025,2:00,10238.4
1/6/2025,2:15,10285.6
1/6/2025,2:30,10220
1/6/2025,2:45,10249.6
1/6/2025,3:00,10238.4
1/6/2025,3:15,10264
1/6/2025,3:30,10181.6
1/6/2025,3:45,10232
1/6/2025,4:00,10272.8
1/6/2025,4:15,10244
1/6/2025,4:30,10267.2
1/6/2025,4:45,10228
1/6/2025,5:00,10252.8
1/6/2025,5:15,10252.8
1/6/2025,5:30,10245.6
1/6/2025,5:45,10243.2
1/6/2025,6:00,10285.6
1/6/2025,6:15,10267.2
1/6/2025,6:30,10269.6
1/6/2025,6:45,10270.4
1/6/2025,7:00,10227.2
1/6/2025,7:15,10294.4
1/6/2025,7:30,10257.6
1/6/2025,7:45,10164.8
1/6/2025,8:00,10097.6
1/6/2025,8:15,10012
1/6/2025,8:30,9813.6
1/6/2025,8:45,9784.8
1/6/2025,9:00,9631.2
1/6/2025,9:15,9513.6
1/6/2025,9:30,9368
1/6/2025,9:45,9205.6
1/6/2025,10:00,9092.8
1/6/2025,10:15,8963.2
1/6/2025,10:30,8923.2
1/6/2025,10:45,8828.8
1/6/2025,11:00,8777.6
1/6/2025,11:15,8645.6
1/6/2025,11:30,8661.6
1/6/2025,11:45,8620
1/6/2025,12:00,8559.2
1/6/2025,12:15,8520.8
1/6/2025,12:30,8524.8
1/6/2025,12:45,8532
1/6/2025,13:00,8536.8
1/6/2025,13:15,8655.2
1/6/2025,13:30,8686.4
1/6/2025,13:45,8747.2
1/6/2025,14:00,8790.4
1/6/2025,14:15,8911.2
1/6/2025,14:30,8994.4
1/6/2025,14:45,9162.4
1/6/2025,15:00,9276
1/6/2025,15:15,9407.2
1/6/2025,15:30,9563.2
1/6/2025,15:45,9721.6
1/6/2025,16:00,9845.6
1/6/2025,16:15,9953.6
1/6/2025,16:30,10090.4
1/6/2025,16:45,10210.4
1/6/2025,17:00,10300.8
1/6/2025,17:15,10316
1/6/2025,17:30,10289.6
1/6/2025,17:45,10283.2
1/6/2025,18:00,10304
1/6/2025,18:15,10292
1/6/2025,18:30,10299.2
1/6/2025,18:45,10315.2
1/6/2025,19:00,10304.8
1/6/2025,19:15,10320
1/6/2025,19:30,10312.8
1/6/2025,19:45,10348
1/6/2025,20:00,10304.8
1/6/2025,20:15,10333.6
1/6/2025,20:30,10324.8
1/6/2025,20:45,10320.8
1/6/2025,21:00,10291.2
1/6/2025,21:15,10340.8
1/6/2025,21:30,10340.8
1/6/2025,21:45,10324
1/6/2025,22:00,10381.6
1/6/2025,22:15,10338.4
1/6/2025,22:30,10332
1/6/2025,22:45,10325.6
1/6/2025,23:00,10312.8
1/6/2025,23:15,10349.6
1/6/2025,23:30,10312.8
1/6/2025,23:45,10329.6
1/7/2025,0:00,10302.4
1/7/2025,0:15,10272.8
1/7/2025,0:30,10275.2
1/7/2025,0:45,10310.4
1/7/2025,1:00,10262.4
1/7/2025,1:15,10297.6
1/7/2025,1:30,10292.8
1/7/2025,1:45,10301.6
1/7/2025,2:00,10276.8
1/7/2025,2:15,10300
1/7/2025,2:30,10320
1/7/2025,2:45,10286.4
1/7/2025,3:00,10288
1/7/2025,3:15,10261.6
1/7/2025,3:30,10256
1/7/2025,3:45,10288.8
1/7/2025,4:00,10294.4
1/7/2025,4:15,10304.8
1/7/2025,4:30,10332
1/7/2025,4:45,10318.4
1/7/2025,5:00,10320.8
1/7/2025,5:15,10290.4
1/7/2025,5:30,10290.4
1/7/2025,5:45,10304
1/7/2025,6:00,10287.2
1/7/2025,6:15,10284.8
1/7/2025,6:30,10284.8
1/7/2025,6:45,10256
1/7/2025,7:00,10263.2
1/7/2025,7:15,10284
1/7/2025,7:30,10255.2
1/7/2025,7:45,10168
1/7/2025,8:00,10108.8
1/7/2025,8:15,9904
1/7/2025,8:30,9843.2
1/7/2025,8:45,9648
1/7/2025,9:00,9623.2
1/7/2025,9:15,9533.6
1/7/2025,9:30,9362.4
1/7/2025,9:45,9088.8
1/7/2025,10:00,9035.2
1/7/2025,10:15,8972
1/7/2025,10:30,9063.2
1/7/2025,10:45,9000.8
1/7/2025,11:00,6398.4
1/7/2025,11:15,6600.8
1/7/2025,11:30,7764.8
1/7/2025,11:45,8786.4
1/7/2025,12:00,6194.4
1/7/2025,12:15,6426.4
1/7/2025,12:30,8788
1/7/2025,12:45,9216.8
1/7/2025,13:00,9547.2
1/7/2025,13:15,8665.6
1/7/2025,13:30,9023.2
1/7/2025,13:45,8824
1/7/2025,14:00,9549.6
1/7/2025,14:15,9119.2
1/7/2025,14:30,9141.6
1/7/2025,14:45,9396
1/7/2025,15:00,9424.8
1/7/2025,15:15,9570.4
1/7/2025,15:30,9718.4
1/7/2025,15:45,9852.8
1/7/2025,16:00,9996
1/7/2025,16:15,10148.8
1/7/2025,16:30,10284
1/7/2025,16:45,10350.4
1/7/2025,17:00,10381.6
1/7/2025,17:15,10478.4
1/7/2025,17:30,10494.4
1/7/2025,17:45,10425.6
1/7/2025,18:00,10388
1/7/2025,18:15,10383.2
1/7/2025,18:30,10359.2
1/7/2025,18:45,10376
1/7/2025,19:00,10352.8
1/7/2025,19:15,10351.2
1/7/2025,19:30,10341.6
1/7/2025,19:45,10376.8
1/7/2025,20:00,10378.4
1/7/2025,20:15,10373.6
1/7/2025,20:30,10413.6
1/7/2025,20:45,10356
1/7/2025,21:00,10357.6
1/7/2025,21:15,10344.8
1/7/2025,21:30,10379.2
1/7/2025,21:45,10341.6
1/7/2025,22:00,10354.4
1/7/2025,22:15,10343.2
1/7/2025,22:30,10335.2
1/7/2025,22:45,10372.8
1/7/2025,23:00,10358.4
1/7/2025,23:15,10377.6
1/7/2025,23:30,10368
1/7/2025,23:45,10363.2
1/8/2025,0:00,10358.4
1/8/2025,0:15,10361.6
1/8/2025,0:30,10332
1/8/2025,0:45,10336
1/8/2025,1:00,10318.4
1/8/2025,1:15,10324.8
1/8/2025,1:30,10334.4
1/8/2025,1:45,10348
1/8/2025,2:00,10332.8
1/8/2025,2:15,10321.6
1/8/2025,2:30,10334.4
1/8/2025,2:45,10346.4
1/8/2025,3:00,10361.6
1/8/2025,3:15,10377.6
1/8/2025,3:30,10320.8
1/8/2025,3:45,10338.4
1/8/2025,4:00,10339.2
1/8/2025,4:15,10350.4
1/8/2025,4:30,10335.2
1/8/2025,4:45,10356
1/8/2025,5:00,10334.4
1/8/2025,5:15,10335.2
1/8/2025,5:30,10351.2
1/8/2025,5:45,10334.4
1/8/2025,6:00,10356
1/8/2025,6:15,10348
1/8/2025,6:30,10360.8
1/8/2025,6:45,10328.8
1/8/2025,7:00,10336
1/8/2025,7:15,10300.8
1/8/2025,7:30,10268.8
1/8/2025,7:45,10228
1/8/2025,8:00,10218.4
1/8/2025,8:15,10062.4
1/8/2025,8:30,9848
1/8/2025,8:45,9600.8
1/8/2025,9:00,9560.8
1/8/2025,9:15,9534.4
1/8/2025,9:30,9434.4
1/8/2025,9:45,9276.8
1/8/2025,10:00,9076.8
1/8/2025,10:15,9000.8
1/8/2025,10:30,8827.2
1/8/2025,10:45,8750.4
1/8/2025,11:00,8903.2
1/8/2025,11:15,8819.2
1/8/2025,11:30,8762.4
1/8/2025,11:45,9257.6
1/8/2025,12:00,8516.8
1/8/2025,12:15,8589.6
1/8/2025,12:30,8492.8
1/8/2025,12:45,8826.4
1/8/2025,13:00,8459.2
1/8/2025,13:15,8788
1/8/2025,13:30,8744
1/8/2025,13:45,8960
1/8/2025,14:00,9125.6
1/8/2025,14:15,9128.8
1/8/2025,14:30,9223.2
1/8/2025,14:45,9472
1/8/2025,15:00,9553.6
1/8/2025,15:15,9693.6
1/8/2025,15:30,9958.4
1/8/2025,15:45,9914.4
1/8/2025,16:00,9888.8
1/8/2025,16:15,10008.8
1/8/2025,16:30,10069.6
1/8/2025,16:45,10232.8
1/8/2025,17:00,10273.6
1/8/2025,17:15,10291.2
1/8/2025,17:30,10336
1/8/2025,17:45,10324
1/8/2025,18:00,10372.8
1/8/2025,18:15,10333.6
1/8/2025,18:30,10341.6
1/8/2025,18:45,10345.6
1/8/2025,19:00,10320.8
1/8/2025,19:15,10372
1/8/2025,19:30,10367.2
1/8/2025,19:45,10334.4
1/8/2025,20:00,10313.6
1/8/2025,20:15,10307.2
1/8/2025,20:30,10322.4
1/8/2025,20:45,10293.6
1/8/2025,21:00,10331.2
1/8/2025,21:15,10332.8
1/8/2025,21:30,10353.6
1/8/2025,21:45,10379.2
1/8/2025,22:00,10296.8
1/8/2025,22:15,10316.8
1/8/2025,22:30,10335.2
1/8/2025,22:45,10344
1/8/2025,23:00,10320.8
1/8/2025,23:15,10311.2
1/8/2025,23:30,10315.2
1/8/2025,23:45,10274.4
1/9/2025,0:00,10363.2
1/9/2025,0:15,10326.4
1/9/2025,0:30,10346.4
1/9/2025,0:45,10341.6
1/9/2025,1:00,10315.2
1/9/2025,1:15,10369.6
1/9/2025,1:30,10296.8
1/9/2025,1:45,10307.2
1/9/2025,2:00,10334.4
1/9/2025,2:15,10322.4
1/9/2025,2:30,10318.4
1/9/2025,2:45,10330.4
1/9/2025,3:00,10347.2
1/9/2025,3:15,10336.8
1/9/2025,3:30,10300.8
1/9/2025,3:45,10287.2
1/9/2025,4:00,10308
1/9/2025,4:15,10343.2
1/9/2025,4:30,10332.8
1/9/2025,4:45,10321.6
1/9/2025,5:00,10328.8
1/9/2025,5:15,10337.6
1/9/2025,5:30,10322.4
1/9/2025,5:45,10328.8
1/9/2025,6:00,10321.6
1/9/2025,6:15,10312
1/9/2025,6:30,10302.4
1/9/2025,6:45,10308
1/9/2025,7:00,10306.4
1/9/2025,7:15,10335.2
1/9/2025,7:30,10278.4
1/9/2025,7:45,10244
1/9/2025,8:00,10162.4
1/9/2025,8:15,10102.4
1/9/2025,8:30,9946.4
1/9/2025,8:45,9820
1/9/2025,9:00,9680
1/9/2025,9:15,9538.4
1/9/2025,9:30,9304
1/9/2025,9:45,9171.2
1/9/2025,10:00,9037.6
1/9/2025,10:15,8992
1/9/2025,10:30,8940.8
1/9/2025,10:45,8717.6
1/9/2025,11:00,8672.8
1/9/2025,11:15,8601.6
1/9/2025,11:30,8424.8
1/9/2025,11:45,8466.4
1/9/2025,12:00,8362.4
1/9/2025,12:15,8712
1/9/2025,12:30,8272.8
1/9/2025,12:45,8515.2
1/9/2025,13:00,8784
1/9/2025,13:15,8631.2
1/9/2025,13:30,9162.4
1/9/2025,13:45,8859.2
1/9/2025,14:00,8896.8
1/9/2025,14:15,9102.4
1/9/2025,14:30,9290.4
1/9/2025,14:45,9406.4
1/9/2025,15:00,9284
1/9/2025,15:15,9736.8
1/9/2025,15:30,9684.8
1/9/2025,15:45,9846.4
1/9/2025,16:00,10040
1/9/2025,16:15,10098.4
1/9/2025,16:30,10204.8
1/9/2025,16:45,10283.2
1/9/2025,17:00,10344.8
1/9/2025,17:15,10395.2
1/9/2025,17:30,10369.6
1/9/2025,17:45,10339.2
1/9/2025,18:00,10328
1/9/2025,18:15,10333.6
1/9/2025,18:30,10345.6
1/9/2025,18:45,10328
1/9/2025,19:00,10360.8
1/9/2025,19:15,10338.4
1/9/2025,19:30,10388
1/9/2025,19:45,10377.6
1/9/2025,20:00,10382.4
1/9/2025,20:15,10334.4
1/9/2025,20:30,10338.4
1/9/2025,20:45,10380.8
1/9/2025,21:00,10368.8
1/9/2025,21:15,10336.8
1/9/2025,21:30,10343.2
1/9/2025,21:45,10317.6
1/9/2025,22:00,10361.6
1/9/2025,22:15,10360
1/9/2025,22:30,10367.2
1/9/2025,22:45,10344.8
1/9/2025,23:00,10361.6
1/9/2025,23:15,10337.6
1/9/2025,23:30,10328.8
1/9/2025,23:45,10368
1/10/2025,0:00,10338.4
1/10/2025,0:15,10320.8
1/10/2025,0:30,10322.4
1/10/2025,0:45,10296.8
1/10/2025,1:00,10341.6
1/10/2025,1:15,10344
1/10/2025,1:30,10339.2
1/10/2025,1:45,10334.4
1/10/2025,2:00,10380
1/10/2025,2:15,10349.6
1/10/2025,2:30,10354.4
1/10/2025,2:45,10341.6
1/10/2025,3:00,10369.6
1/10/2025,3:15,10368
1/10/2025,3:30,10341.6
1/10/2025,3:45,10374.4
1/10/2025,4:00,10364
1/10/2025,4:15,10374.4
1/10/2025,4:30,10375.2
1/10/2025,4:45,10372
1/10/2025,5:00,10364.8
1/10/2025,5:15,10371.2
1/10/2025,5:30,10358.4
1/10/2025,5:45,10352.8
1/10/2025,6:00,10360.8
1/10/2025,6:15,10372.8
1/10/2025,6:30,10356.8
1/10/2025,6:45,10374.4
1/10/2025,7:00,10369.6
1/10/2025,7:15,10353.6
1/10/2025,7:30,10320.8
1/10/2025,7:45,10274.4
1/10/2025,8:00,10260.8
1/10/2025,8:15,10150.4
1/10/2025,8:30,10015.2
1/10/2025,8:45,9839.2
1/10/2025,9:00,9653.6
1/10/2025,9:15,9524
1/10/2025,9:30,9363.2
1/10/2025,9:45,9258.4
1/10/2025,10:00,9077.6
1/10/2025,10:15,8982.4
1/10/2025,10:30,8867.2
1/10/2025,10:45,8776
1/10/2025,11:00,8708
1/10/2025,11:15,8696.8
1/10/2025,11:30,8632.8
1/10/2025,11:45,8578.4
1/10/2025,12:00,8519.2
1/10/2025,12:15,8453.6
1/10/2025,12:30,8457.6
1/10/2025,12:45,8455.2
1/10/2025,13:00,8503.2
1/10/2025,13:15,8583.2
1/10/2025,13:30,8579.2
1/10/2025,13:45,8745.6
1/10/2025,14:00,8752.8
1/10/2025,14:15,9106.4
1/10/2025,14:30,9093.6
1/10/2025,14:45,9140.8
1/10/2025,15:00,9325.6
1/10/2025,15:15,9530.4
1/10/2025,15:30,9632
1/10/2025,15:45,9689.6
1/10/2025,16:00,9927.2
1/10/2025,16:15,10036.8
1/10/2025,16:30,10117.6
1/10/2025,16:45,10150.4
1/10/2025,17:00,10159.2
1/10/2025,17:15,10262.4
1/10/2025,17:30,10321.6
1/10/2025,17:45,10287.2
1/10/2025,18:00,10301.6
1/10/2025,18:15,10327.2
1/10/2025,18:30,10352
1/10/2025,18:45,10344
1/10/2025,19:00,10361.6
1/10/2025,19:15,10316
1/10/2025,19:30,10404
1/10/2025,19:45,10351.2
1/10/2025,20:00,10346.4
1/10/2025,20:15,10341.6
1/10/2025,20:30,10364.8
1/10/2025,20:45,10334.4
1/10/2025,21:00,10348
1/10/2025,21:15,10331.2
1/10/2025,21:30,10393.6
1/10/2025,21:45,10362.4
1/10/2025,22:00,10331.2
1/10/2025,22:15,10355.2
1/10/2025,22:30,10330.4
1/10/2025,22:45,10382.4
1/10/2025,23:00,10362.4
1/10/2025,23:15,10338.4
1/10/2025,23:30,10336.8
1/10/2025,23:45,10376
1/11/2025,0:00,10321.6
1/11/2025,0:15,10330.4
1/11/2025,0:30,10355.2
1/11/2025,0:45,10308
1/11/2025,1:00,10344
1/11/2025,1:15,10305.6
1/11/2025,1:30,10329.6
1/11/2025,1:45,10338.4
1/11/2025,2:00,10344
1/11/2025,2:15,10335.2
1/11/2025,2:30,10347.2
1/11/2025,2:45,10306.4
1/11/2025,3:00,10321.6
1/11/2025,3:15,10335.2
1/11/2025,3:30,10324
1/11/2025,3:45,10325.6
1/11/2025,4:00,10316.8
1/11/2025,4:15,10320.8
1/11/2025,4:30,10302.4
1/11/2025,4:45,10341.6
1/11/2025,5:00,10341.6
1/11/2025,5:15,10328.8
1/11/2025,5:30,10321.6
1/11/2025,5:45,10299.2
1/11/2025,6:00,10307.2
1/11/2025,6:15,10330.4
1/11/2025,6:30,10327.2
1/11/2025,6:45,10345.6
1/11/2025,7:00,10320
1/11/2025,7:15,10337.6
1/11/2025,7:30,10346.4
1/11/2025,7:45,10257.6
1/11/2025,8:00,10200
1/11/2025,8:15,10071.2
1/11/2025,8:30,10047.2
1/11/2025,8:45,9904
1/11/2025,9:00,9753.6
1/11/2025,9:15,9561.6
1/11/2025,9:30,9673.6
1/11/2025,9:45,9353.6
1/11/2025,10:00,9169.6
1/11/2025,10:15,9097.6
1/11/2025,10:30,9090.4
1/11/2025,10:45,9081.6
1/11/2025,11:00,8865.6
1/11/2025,11:15,8736.8
1/11/2025,11:30,8772.8
1/11/2025,11:45,8676
1/11/2025,12:00,8624.8
1/11/2025,12:15,8578.4
1/11/2025,12:30,8574.4
1/11/2025,12:45,8645.6
1/11/2025,13:00,8646.4
1/11/2025,13:15,8700.8
1/11/2025,13:30,8763.2
1/11/2025,13:45,8816
1/11/2025,14:00,8920.8
1/11/2025,14:15,8964.8
1/11/2025,14:30,9154.4
1/11/2025,14:45,9226.4
1/11/2025,15:00,9381.6
1/11/2025,15:15,9472.8
1/11/2025,15:30,9615.2
1/11/2025,15:45,9768.8
1/11/2025,16:00,9935.2
1/11/2025,16:15,10029.6
1/11/2025,16:30,10169.6
1/11/2025,16:45,10230.4
1/11/2025,17:00,10352
1/11/2025,17:15,10361.6
1/11/2025,17:30,10392.8
1/11/2025,17:45,10377.6
1/11/2025,18:00,10420
1/11/2025,18:15,10418.4
1/11/2025,18:30,10386.4
1/11/2025,18:45,10400
1/11/2025,19:00,10427.2
1/11/2025,19:15,10359.2
1/11/2025,19:30,10404
1/11/2025,19:45,10358.4
1/11/2025,20:00,10359.2
1/11/2025,20:15,10328.8
1/11/2025,20:30,10395.2
1/11/2025,20:45,10350.4
1/11/2025,21:00,10393.6
1/11/2025,21:15,10376
1/11/2025,21:30,10403.2
1/11/2025,21:45,10326.4
1/11/2025,22:00,10405.6
1/11/2025,22:15,10363.2
1/11/2025,22:30,10432.8
1/11/2025,22:45,10391.2
1/11/2025,23:00,10428
1/11/2025,23:15,10372.8
1/11/2025,23:30,10385.6
1/11/2025,23:45,10386.4
1/12/2025,0:00,10436.8
1/12/2025,0:15,10336.8
1/12/2025,0:30,10396.8
1/12/2025,0:45,10365.6
1/12/2025,1:00,10377.6
1/12/2025,1:15,10365.6
1/12/2025,1:30,10391.2
1/12/2025,1:45,10344.8
1/12/2025,2:00,10369.6
1/12/2025,2:15,10348
1/12/2025,2:30,10394.4
1/12/2025,2:45,10317.6
1/12/2025,3:00,10387.2
1/12/2025,3:15,10354.4
1/12/2025,3:30,10385.6
1/12/2025,3:45,10321.6
1/12/2025,4:00,10386.4
1/12/2025,4:15,10359.2
1/12/2025,4:30,10372
1/12/2025,4:45,10339.2
1/12/2025,5:00,10392
1/12/2025,5:15,10364
1/12/2025,5:30,10374.4
1/12/2025,5:45,10329.6
1/12/2025,6:00,10337.6
1/12/2025,6:15,10336
1/12/2025,6:30,10343.2
1/12/2025,6:45,10348
1/12/2025,7:00,10382.4
1/12/2025,7:15,10300.8
1/12/2025,7:30,10320
1/12/2025,7:45,10287.2
1/12/2025,8:00,10267.2
1/12/2025,8:15,10108
1/12/2025,8:30,10016
1/12/2025,8:45,9867.2
1/12/2025,9:00,9716.8
1/12/2025,9:15,9512.8
1/12/2025,9:30,9355.2
1/12/2025,9:45,9212
1/12/2025,10:00,9086.4
1/12/2025,10:15,8977.6
1/12/2025,10:30,8885.6
1/12/2025,10:45,8744
1/12/2025,11:00,8696.8
1/12/2025,11:15,8673.6
1/12/2025,11:30,8592.8
1/12/2025,11:45,8577.6
1/12/2025,12:00,8553.6
1/12/2025,12:15,8516
1/12/2025,12:30,8524
1/12/2025,12:45,8551.2
1/12/2025,13:00,8587.2
1/12/2025,13:15,8614.4
1/12/2025,13:30,8684.8
1/12/2025,13:45,8852
1/12/2025,14:00,8872.8
1/12/2025,14:15,8925.6
1/12/2025,14:30,9024
1/12/2025,14:45,9186.4
1/12/2025,15:00,9357.6
1/12/2025,15:15,9471.2
1/12/2025,15:30,9604.8
1/12/2025,15:45,9738.4
1/12/2025,16:00,9915.2
1/12/2025,16:15,10046.4
1/12/2025,16:30,10148
1/12/2025,16:45,10182.4
1/12/2025,17:00,10260
1/12/2025,17:15,10336.8
1/12/2025,17:30,10368
1/12/2025,17:45,10338.4
1/12/2025,18:00,10357.6
1/12/2025,18:15,10364.8
1/12/2025,18:30,10412.8
1/12/2025,18:45,10384.8
1/12/2025,19:00,10339.2
1/12/2025,19:15,10367.2
1/12/2025,19:30,10344
1/12/2025,19:45,10340
1/12/2025,20:00,10341.6
1/12/2025,20:15,10385.6
1/12/2025,20:30,10371.2
1/12/2025,20:45,10387.2
1/12/2025,21:00,10379.2
1/12/2025,21:15,10367.2
1/12/2025,21:30,10355.2
1/12/2025,21:45,10377.6
1/12/2025,22:00,10333.6
1/12/2025,22:15,10378.4
1/12/2025,22:30,10346.4
1/12/2025,22:45,10341.6
1/12/2025,23:00,10324.8
1/12/2025,23:15,10312
1/12/2025,23:30,10312
1/12/2025,23:45,10360
1/13/2025,0:00,10309.6
1/13/2025,0:15,10340
1/13/2025,0:30,10353.6
1/13/2025,0:45,10358.4
1/13/2025,1:00,10333.6
1/13/2025,1:15,10392.8
1/13/2025,1:30,10413.6
1/13/2025,1:45,10376.8
1/13/2025,2:00,10364
1/13/2025,2:15,10373.6
1/13/2025,2:30,10396
1/13/2025,2:45,10384
1/13/2025,3:00,10346.4
1/13/2025,3:15,10361.6
1/13/2025,3:30,10388
1/13/2025,3:45,10356
1/13/2025,4:00,10386.4
1/13/2025,4:15,10318.4
1/13/2025,4:30,10368
1/13/2025,4:45,10395.2
1/13/2025,5:00,10393.6
1/13/2025,5:15,10391.2
1/13/2025,5:30,10346.4
1/13/2025,5:45,10373.6
1/13/2025,6:00,10369.6
1/13/2025,6:15,10327.2
1/13/2025,6:30,10330.4
1/13/2025,6:45,10372
1/13/2025,7:00,10336.8
1/13/2025,7:15,10386.4
1/13/2025,7:30,10324
1/13/2025,7:45,10277.6
1/13/2025,8:00,10255.2
1/13/2025,8:15,10173.6
1/13/2025,8:30,9995.2
1/13/2025,8:45,9860
1/13/2025,9:00,9700.8
1/13/2025,9:15,9584.8
1/13/2025,9:30,9420
1/13/2025,9:45,9280
1/13/2025,10:00,9174.4
1/13/2025,10:15,9045.6
1/13/2025,10:30,8957.6
1/13/2025,10:45,8861.6
1/13/2025,11:00,8814.4
1/13/2025,11:15,8805.6
1/13/2025,11:30,8676
1/13/2025,11:45,8664
1/13/2025,12:00,8584.8
1/13/2025,12:15,8580
1/13/2025,12:30,8531.2
1/13/2025,12:45,8536
1/13/2025,13:00,8623.2
1/13/2025,13:15,8675.2
1/13/2025,13:30,8701.6
1/13/2025,13:45,8807.2
1/13/2025,14:00,8924.8
1/13/2025,14:15,8996
1/13/2025,14:30,9126.4
1/13/2025,14:45,9195.2
1/13/2025,15:00,9312.8
1/13/2025,15:15,9540.8
1/13/2025,15:30,9634.4
1/13/2025,15:45,9775.2
1/13/2025,16:00,9937.6
1/13/2025,16:15,10024
1/13/2025,16:30,10044.8
1/13/2025,16:45,10300.8
1/13/2025,17:00,10267.2
1/13/2025,17:15,10365.6
1/13/2025,17:30,10372.8
1/13/2025,17:45,10361.6
1/13/2025,18:00,10376
1/13/2025,18:15,10416.8
1/13/2025,18:30,10350.4
1/13/2025,18:45,10391.2
1/13/2025,19:00,10378.4
1/13/2025,19:15,10392.8
1/13/2025,19:30,10340.8
1/13/2025,19:45,10372
1/13/2025,20:00,10364.8
1/13/2025,20:15,10340
1/13/2025,20:30,10323.2
1/13/2025,20:45,10383.2
1/13/2025,21:00,10350.4
1/13/2025,21:15,10356.8
1/13/2025,21:30,10369.6
1/13/2025,21:45,10377.6
1/13/2025,22:00,10346.4
1/13/2025,22:15,10344.8
1/13/2025,22:30,10328
1/13/2025,22:45,10393.6
1/13/2025,23:00,10348
1/13/2025,23:15,10352
1/13/2025,23:30,10363.2
1/13/2025,23:45,10369.6
1/14/2025,0:00,10352
1/14/2025,0:15,10339.2
1/14/2025,0:30,10304.8
1/14/2025,0:45,10320.8
1/14/2025,1:00,10314.4
1/14/2025,1:15,10307.2
1/14/2025,1:30,10353.6
1/14/2025,1:45,10348
1/14/2025,2:00,10312.8
1/14/2025,2:15,10357.6
1/14/2025,2:30,10354.4
1/14/2025,2:45,10328
1/14/2025,3:00,10344
1/14/2025,3:15,10364
1/14/2025,3:30,10344
1/14/2025,3:45,10328.8
1/14/2025,4:00,10360.8
1/14/2025,4:15,10344.8
1/14/2025,4:30,10388.8
1/14/2025,4:45,10332
1/14/2025,5:00,10333.6
1/14/2025,5:15,10341.6
1/14/2025,5:30,10328
1/14/2025,5:45,10364
1/14/2025,6:00,10330.4
1/14/2025,6:15,10346.4
1/14/2025,6:30,10356
1/14/2025,6:45,10354.4
1/14/2025,7:00,10364
1/14/2025,7:15,10367.2
1/14/2025,7:30,10303.2
1/14/2025,7:45,10212.8
1/14/2025,8:00,10200.8
1/14/2025,8:15,10192
1/14/2025,8:30,10098.4
1/14/2025,8:45,10136
1/14/2025,9:00,10059.2
1/14/2025,9:15,9832.8
1/14/2025,9:30,10042.4
1/14/2025,9:45,9810.4
1/14/2025,10:00,9366.4
1/14/2025,10:15,8854.4
1/14/2025,10:30,8836
1/14/2025,10:45,8974.4
1/14/2025,11:00,9068
1/14/2025,11:15,9386.4
1/14/2025,11:30,9500.8
1/14/2025,11:45,9460
1/14/2025,12:00,9512.8
1/14/2025,12:15,9501.6
1/14/2025,12:30,9285.6
1/14/2025,12:45,9449.6
1/14/2025,13:00,9487.2
1/14/2025,13:15,9820
1/14/2025,13:30,9620.8
1/14/2025,13:45,9574.4
1/14/2025,14:00,9640.8
1/14/2025,14:15,9692.8
1/14/2025,14:30,9570.4
1/14/2025,14:45,9645.6
1/14/2025,15:00,9541.6
1/14/2025,15:15,9760
1/14/2025,15:30,9728.8
1/14/2025,15:45,9773.6
1/14/2025,16:00,10022.4
1/14/2025,16:15,10058.4
1/14/2025,16:30,10121.6
1/14/2025,16:45,10244.8
1/14/2025,17:00,10350.4
1/14/2025,17:15,10301.6
1/14/2025,17:30,10348.8
1/14/2025,17:45,10315.2
1/14/2025,18:00,10277.6
1/14/2025,18:15,10319.2
1/14/2025,18:30,10342.4
1/14/2025,18:45,10347.2
1/14/2025,19:00,10335.2
1/14/2025,19:15,10332
1/14/2025,19:30,10307.2
1/14/2025,19:45,10368.8
1/14/2025,20:00,10317.6
1/14/2025,20:15,10314.4
1/14/2025,20:30,10343.2
1/14/2025,20:45,10312
1/14/2025,21:00,10282.4
1/14/2025,21:15,10327.2
1/14/2025,21:30,10268.8
1/14/2025,21:45,10250.4
1/14/2025,22:00,10286.4
1/14/2025,22:15,10244.8
1/14/2025,22:30,10271.2
1/14/2025,22:45,10328
1/14/2025,23:00,10252
1/14/2025,23:15,10278.4
1/14/2025,23:30,10285.6
1/14/2025,23:45,10288.8
1/15/2025,0:00,10252.8
1/15/2025,0:15,10312
1/15/2025,0:30,10250.4
1/15/2025,0:45,10253.6
1/15/2025,1:00,10264
1/15/2025,1:15,10260
1/15/2025,1:30,10271.2
1/15/2025,1:45,10283.2
1/15/2025,2:00,10281.6
1/15/2025,2:15,10267.2
1/15/2025,2:30,10241.6
1/15/2025,2:45,10291.2
1/15/2025,3:00,10276.8
1/15/2025,3:15,10268.8
1/15/2025,3:30,10301.6
1/15/2025,3:45,10249.6
1/15/2025,4:00,10247.2
1/15/2025,4:15,10288.8
1/15/2025,4:30,10283.2
1/15/2025,4:45,10298.4
1/15/2025,5:00,10277.6
1/15/2025,5:15,10307.2
1/15/2025,5:30,10263.2
1/15/2025,5:45,10263.2
1/15/2025,6:00,10266.4
1/15/2025,6:15,10228.8
1/15/2025,6:30,10273.6
1/15/2025,6:45,10272
1/15/2025,7:00,10266.4
1/15/2025,7:15,10280
1/15/2025,7:30,10276.8
1/15/2025,7:45,10207.2
1/15/2025,8:00,10149.6
1/15/2025,8:15,10095.2
1/15/2025,8:30,9984.8
1/15/2025,8:45,9843.2
1/15/2025,9:00,9702.4
1/15/2025,9:15,9536
1/15/2025,9:30,9364.8
1/15/2025,9:45,9238.4
1/15/2025,10:00,9054.4
1/15/2025,10:15,8952.8
1/15/2025,10:30,8823.2
1/15/2025,10:45,8780
1/15/2025,11:00,8684
1/15/2025,11:15,8610.4
1/15/2025,11:30,8529.6
1/15/2025,11:45,8464.8
1/15/2025,12:00,8476.8
1/15/2025,12:15,8412
1/15/2025,12:30,8410.4
1/15/2025,12:45,8191.2
1/15/2025,13:00,8227.2
1/15/2025,13:15,8256.8
1/15/2025,13:30,8327.2
1/15/2025,13:45,8369.6
1/15/2025,14:00,8534.4
1/15/2025,14:15,8584
1/15/2025,14:30,8742.4
1/15/2025,14:45,8864
1/15/2025,15:00,9039.2
1/15/2025,15:15,7443.2
1/15/2025,15:30,7548.8
1/15/2025,15:45,9483.2
1/15/2025,16:00,9619.2
1/15/2025,16:15,9730.4
1/15/2025,16:30,9920.8
1/15/2025,16:45,10092.8
1/15/2025,17:00,10162.4
1/15/2025,17:15,10215.2
1/15/2025,17:30,10241.6
1/15/2025,17:45,10222.4
1/15/2025,18:00,10244.8
1/15/2025,18:15,10232
1/15/2025,18:30,10248.8
1/15/2025,18:45,10216.8
1/15/2025,19:00,10248
1/15/2025,19:15,10253.6
1/15/2025,19:30,10263.2
1/15/2025,19:45,10217.6
1/15/2025,20:00,10179.2
1/15/2025,20:15,10187.2
1/15/2025,20:30,10252
1/15/2025,20:45,10220.8
1/15/2025,21:00,10216
1/15/2025,21:15,10218.4
1/15/2025,21:30,10232.8
1/15/2025,21:45,10231.2
1/15/2025,22:00,10200
1/15/2025,22:15,10238.4
1/15/2025,22:30,10208
1/15/2025,22:45,10224.8
1/15/2025,23:00,10254.4
1/15/2025,23:15,10209.6
1/15/2025,23:30,10200.8
1/15/2025,23:45,10212.8
1/16/2025,0:00,10279.2
1/16/2025,0:15,10180
1/16/2025,0:30,10204
1/16/2025,0:45,10208
1/16/2025,1:00,10236.8
1/16/2025,1:15,10277.6
1/16/2025,1:30,10242.4
1/16/2025,1:45,10243.2
1/16/2025,2:00,10257.6
1/16/2025,2:15,10236
1/16/2025,2:30,10230.4
1/16/2025,2:45,8249.6
1/16/2025,3:00,8236.8
1/16/2025,3:15,8253.6
1/16/2025,3:30,8272.8
1/16/2025,3:45,10342.4
1/16/2025,4:00,10346.4
1/16/2025,4:15,10321.6
1/16/2025,4:30,8281.6
1/16/2025,4:45,10336.8
1/16/2025,5:00,10346.4
1/16/2025,5:15,10339.2
1/16/2025,5:30,10350.4
1/16/2025,5:45,10359.2
1/16/2025,6:00,10357.6
1/16/2025,6:15,10354.4
1/16/2025,6:30,10346.4
1/16/2025,6:45,10325.6
1/16/2025,7:00,10384.8
1/16/2025,7:15,10320.8
1/16/2025,7:30,10320
1/16/2025,7:45,10261.6
1/16/2025,8:00,10198.4
1/16/2025,8:15,10015.2
1/16/2025,8:30,9979.2
1/16/2025,8:45,9840
1/16/2025,9:00,9765.6
1/16/2025,9:15,9579.2
1/16/2025,9:30,9412
1/16/2025,9:45,9246.4
1/16/2025,10:00,9102.4
1/16/2025,10:15,8989.6
1/16/2025,10:30,8828
1/16/2025,10:45,8703.2
1/16/2025,11:00,8670.4
1/16/2025,11:15,8580
1/16/2025,11:30,8492.8
1/16/2025,11:45,8493.6
1/16/2025,12:00,8424
1/16/2025,12:15,8391.2
1/16/2025,12:30,8356
1/16/2025,12:45,8376
1/16/2025,13:00,8367.2
1/16/2025,13:15,8412.8
1/16/2025,13:30,8475.2
1/16/2025,13:45,8531.2
1/16/2025,14:00,8606.4
1/16/2025,14:15,8763.2
1/16/2025,14:30,8868.8
1/16/2025,14:45,8962.4
1/16/2025,15:00,9127.2
1/16/2025,15:15,9285.6
1/16/2025,15:30,9376.8
1/16/2025,15:45,9569.6
1/16/2025,16:00,9721.6
1/16/2025,16:15,9826.4
1/16/2025,16:30,9978.4
1/16/2025,16:45,10031.2
1/16/2025,17:00,10099.2
1/16/2025,17:15,10183.2
1/16/2025,17:30,10218.4
1/16/2025,17:45,10203.2
1/16/2025,18:00,10214.4
1/16/2025,18:15,10218.4
1/16/2025,18:30,10209.6
1/16/2025,18:45,10160
1/16/2025,19:00,10242.4
1/16/2025,19:15,10227.2
1/16/2025,19:30,10244
1/16/2025,19:45,10228
1/16/2025,20:00,10216
1/16/2025,20:15,10197.6
1/16/2025,20:30,10217.6
1/16/2025,20:45,10200.8
1/16/2025,21:00,10225.6
1/16/2025,21:15,10216.8
1/16/2025,21:30,10210.4
1/16/2025,21:45,10220.8
1/16/2025,22:00,10173.6
1/16/2025,22:15,10182.4
1/16/2025,22:30,10216.8
1/16/2025,22:45,10174.4
1/16/2025,23:00,10155.2
1/16/2025,23:15,10187.2
1/16/2025,23:30,10200
1/16/2025,23:45,10156
1/17/2025,0:00,10182.4
1/17/2025,0:15,10193.6
1/17/2025,0:30,10164
1/17/2025,0:45,10161.6
1/17/2025,1:00,10136.8
1/17/2025,1:15,10119.2
1/17/2025,1:30,10143.2
1/17/2025,1:45,10169.6
1/17/2025,2:00,10151.2
1/17/2025,2:15,10180
1/17/2025,2:30,10128.8
1/17/2025,2:45,10152.8
1/17/2025,3:00,10128.8
1/17/2025,3:15,10168
1/17/2025,3:30,10193.6
1/17/2025,3:45,10174.4
1/17/2025,4:00,10134.4
1/17/2025,4:15,10176.8
1/17/2025,4:30,10156
1/17/2025,4:45,10190.4
1/17/2025,5:00,10196.8
1/17/2025,5:15,10204.8
1/17/2025,5:30,10143.2
1/17/2025,5:45,10184.8
1/17/2025,6:00,10172.8
1/17/2025,6:15,10220.8
1/17/2025,6:30,10154.4
1/17/2025,6:45,10127.2
1/17/2025,7:00,10123.2
1/17/2025,7:15,10162.4
1/17/2025,7:30,10146.4
1/17/2025,7:45,10101.6
1/17/2025,8:00,10032
1/17/2025,8:15,9888
1/17/2025,8:30,9760
1/17/2025,8:45,9650.4
1/17/2025,9:00,9512
1/17/2025,9:15,9376.8
1/17/2025,9:30,9221.6
1/17/2025,9:45,9065.6
1/17/2025,10:00,8902.4
1/17/2025,10:15,8856
1/17/2025,10:30,8733.6
1/17/2025,10:45,8652
1/17/2025,11:00,8596
1/17/2025,11:15,8492.8
1/17/2025,11:30,8405.6
1/17/2025,11:45,8412.8
1/17/2025,12:00,8358.4
1/17/2025,12:15,8328.8
1/17/2025,12:30,8320.8
1/17/2025,12:45,8385.6
1/17/2025,13:00,8382.4
1/17/2025,13:15,8426.4
1/17/2025,13:30,8522.4
1/17/2025,13:45,8592.8
1/17/2025,14:00,8655.2
1/17/2025,14:15,8750.4
1/17/2025,14:30,8885.6
1/17/2025,14:45,9019.2
1/17/2025,15:00,9096.8
1/17/2025,15:15,9272
1/17/2025,15:30,9442.4
1/17/2025,15:45,9525.6
1/17/2025,16:00,9650.4
1/17/2025,16:15,9781.6
1/17/2025,16:30,9915.2
1/17/2025,16:45,9998.4
1/17/2025,17:00,10130.4
1/17/2025,17:15,10160
1/17/2025,17:30,10199.2
1/17/2025,17:45,10194.4
1/17/2025,18:00,10154.4
1/17/2025,18:15,10212.8
1/17/2025,18:30,10175.2
1/17/2025,18:45,10207.2
1/17/2025,19:00,10188
1/17/2025,19:15,10172.8
1/17/2025,19:30,10172.8
1/17/2025,19:45,10130.4
1/17/2025,20:00,10154.4
1/17/2025,20:15,10151.2
1/17/2025,20:30,10197.6
1/17/2025,20:45,10137.6
1/17/2025,21:00,10175.2
1/17/2025,21:15,10181.6
1/17/2025,21:30,10172
1/17/2025,21:45,10144.8
1/17/2025,22:00,10145.6
1/17/2025,22:15,10072.8
1/17/2025,22:30,10132.8
1/17/2025,22:45,10145.6
1/17/2025,23:00,10167.2
1/17/2025,23:15,10115.2
1/17/2025,23:30,10140.8
1/17/2025,23:45,10127.2
1/18/2025,0:00,10146.4
1/18/2025,0:15,10154.4
1/18/2025,0:30,10160
1/18/2025,0:45,10127.2
1/18/2025,1:00,10135.2
1/18/2025,1:15,10126.4
1/18/2025,1:30,10153.6
1/18/2025,1:45,10087.2
1/18/2025,2:00,10112.8
1/18/2025,2:15,10159.2
1/18/2025,2:30,10146.4
1/18/2025,2:45,10144.8
1/18/2025,3:00,10155.2
1/18/2025,3:15,10150.4
1/18/2025,3:30,10164.8
1/18/2025,3:45,10136
1/18/2025,4:00,10150.4
1/18/2025,4:15,10164
1/18/2025,4:30,10187.2
1/18/2025,4:45,10172
1/18/2025,5:00,10158.4
1/18/2025,5:15,10123.2
1/18/2025,5:30,10111.2
1/18/2025,5:45,10105.6
1/18/2025,6:00,10096
1/18/2025,6:15,10133.6
1/18/2025,6:30,10084
1/18/2025,6:45,10142.4
1/18/2025,7:00,10107.2
1/18/2025,7:15,10108.8
1/18/2025,7:30,10091.2
1/18/2025,7:45,10063.2
1/18/2025,8:00,9983.2
1/18/2025,8:15,9918.4
1/18/2025,8:30,9765.6
1/18/2025,8:45,9667.2
1/18/2025,9:00,9523.2
1/18/2025,9:15,9459.2
1/18/2025,9:30,9628.8
1/18/2025,9:45,8980
1/18/2025,10:00,9175.2
1/18/2025,10:15,8784
1/18/2025,10:30,8803.2
1/18/2025,10:45,8503.2
1/18/2025,11:00,8523.2
1/18/2025,11:15,8714.4
1/18/2025,11:30,8577.6
1/18/2025,11:45,8428.8
1/18/2025,12:00,8534.4
1/18/2025,12:15,8515.2
1/18/2025,12:30,8428
1/18/2025,12:45,8508.8
1/18/2025,13:00,8434.4
1/18/2025,13:15,8888
1/18/2025,13:30,8680
1/18/2025,13:45,8638.4
1/18/2025,14:00,8722.4
1/18/2025,14:15,8698.4
1/18/2025,14:30,9615.2
1/18/2025,14:45,8784
1/18/2025,15:00,9144
1/18/2025,15:15,9238.4
1/18/2025,15:30,9488
1/18/2025,15:45,9457.6
1/18/2025,16:00,9631.2
1/18/2025,16:15,9702.4
1/18/2025,16:30,9856
1/18/2025,16:45,10000
1/18/2025,17:00,10022.4
1/18/2025,17:15,10081.6
1/18/2025,17:30,10164
1/18/2025,17:45,10156.8
1/18/2025,18:00,10131.2
1/18/2025,18:15,10158.4
1/18/2025,18:30,10152
1/18/2025,18:45,10094.4
1/18/2025,19:00,10157.6
1/18/2025,19:15,10140.8
1/18/2025,19:30,10168
1/18/2025,19:45,10116
1/18/2025,20:00,10192
1/18/2025,20:15,10166.4
1/18/2025,20:30,10197.6
1/18/2025,20:45,10155.2
1/18/2025,21:00,10158.4
1/18/2025,21:15,10164.8
1/18/2025,21:30,10152.8
1/18/2025,21:45,10150.4
1/18/2025,22:00,10142.4
1/18/2025,22:15,10160.8
1/18/2025,22:30,10125.6
1/18/2025,22:45,10157.6
1/18/2025,23:00,10190.4
1/18/2025,23:15,10157.6
1/18/2025,23:30,10147.2
1/18/2025,23:45,10174.4
1/19/2025,0:00,10160.8
1/19/2025,0:15,10167.2
1/19/2025,0:30,10142.4
1/19/2025,0:45,10129.6
1/19/2025,1:00,10149.6
1/19/2025,1:15,10126.4
1/19/2025,1:30,10162.4
1/19/2025,1:45,10128.8
1/19/2025,2:00,10126.4
1/19/2025,2:15,10148
1/19/2025,2:30,10110.4
1/19/2025,2:45,10159.2
1/19/2025,3:00,10144
1/19/2025,3:15,10153.6
1/19/2025,3:30,10104.8
1/19/2025,3:45,10128
1/19/2025,4:00,10132
1/19/2025,4:15,10134.4
1/19/2025,4:30,10131.2
1/19/2025,4:45,10144.8
1/19/2025,5:00,10154.4
1/19/2025,5:15,10160.8
1/19/2025,5:30,10129.6
1/19/2025,5:45,10148.8
1/19/2025,6:00,10128
1/19/2025,6:15,10123.2
1/19/2025,6:30,10169.6
1/19/2025,6:45,10120
1/19/2025,7:00,10110.4
1/19/2025,7:15,10188.8
1/19/2025,7:30,10137.6
1/19/2025,7:45,10078.4
1/19/2025,8:00,9991.2
1/19/2025,8:15,9958.4
1/19/2025,8:30,9864.8
1/19/2025,8:45,9697.6
1/19/2025,9:00,9562.4
1/19/2025,9:15,9416
1/19/2025,9:30,9269.6
1/19/2025,9:45,9150.4
1/19/2025,10:00,9055.2
1/19/2025,10:15,8945.6
1/19/2025,10:30,8812.8
1/19/2025,10:45,8791.2
1/19/2025,11:00,8600
1/19/2025,11:15,8562.4
1/19/2025,11:30,8543.2
1/19/2025,11:45,8478.4
1/19/2025,12:00,8407.2
1/19/2025,12:15,8382.4
1/19/2025,12:30,8364
1/19/2025,12:45,8418.4
1/19/2025,13:00,8445.6
1/19/2025,13:15,8449.6
1/19/2025,13:30,8541.6
1/19/2025,13:45,8670.4
1/19/2025,14:00,8741.6
1/19/2025,14:15,8822.4
1/19/2025,14:30,8955.2
1/19/2025,14:45,9076
1/19/2025,15:00,9181.6
1/19/2025,15:15,9316.8
1/19/2025,15:30,9504.8
1/19/2025,15:45,9580
1/19/2025,16:00,9684.8
1/19/2025,16:15,9824.8
1/19/2025,16:30,9925.6
1/19/2025,16:45,10040
1/19/2025,17:00,10100.8
1/19/2025,17:15,10124
1/19/2025,17:30,10170.4
1/19/2025,17:45,10144
1/19/2025,18:00,10168.8
1/19/2025,18:15,10138.4
1/19/2025,18:30,10157.6
1/19/2025,18:45,10156
1/19/2025,19:00,10178.4
1/19/2025,19:15,10214.4
1/19/2025,19:30,10155.2
1/19/2025,19:45,10214.4
1/19/2025,20:00,10221.6
1/19/2025,20:15,10198.4
1/19/2025,20:30,10208.8
1/19/2025,20:45,10204
1/19/2025,21:00,10179.2
1/19/2025,21:15,10176.8
1/19/2025,21:30,10044.8
1/19/2025,21:45,10124
1/19/2025,22:00,10136.8
1/19/2025,22:15,10141.6
1/19/2025,22:30,10170.4
1/19/2025,22:45,10141.6
1/19/2025,23:00,10156
1/19/2025,23:15,10168
1/19/2025,23:30,10112
1/19/2025,23:45,10174.4
1/20/2025,0:00,10177.6
1/20/2025,0:15,10136
1/20/2025,0:30,10136.8
1/20/2025,0:45,10136.8
1/20/2025,1:00,10141.6
1/20/2025,1:15,10176.8
1/20/2025,1:30,10167.2
1/20/2025,1:45,10180
1/20/2025,2:00,10168.8
1/20/2025,2:15,10155.2
1/20/2025,2:30,10149.6
1/20/2025,2:45,10179.2
1/20/2025,3:00,10145.6
1/20/2025,3:15,10183.2
1/20/2025,3:30,10204.8
1/20/2025,3:45,10175.2
1/20/2025,4:00,10184.8
1/20/2025,4:15,10160.8
1/20/2025,4:30,10168
1/20/2025,4:45,10192
1/20/2025,5:00,10156.8
1/20/2025,5:15,10168.8
1/20/2025,5:30,10151.2
1/20/2025,5:45,10149.6
1/20/2025,6:00,10142.4
1/20/2025,6:15,10148
1/20/2025,6:30,10116
1/20/2025,6:45,10087.2
1/20/2025,7:00,10132
1/20/2025,7:15,10141.6
1/20/2025,7:30,10009.6
1/20/2025,7:45,10032.8
1/20/2025,8:00,9900.8
1/20/2025,8:15,9829.6
1/20/2025,8:30,9684
1/20/2025,8:45,9803.2
1/20/2025,9:00,9634.4
1/20/2025,9:15,9603.2
1/20/2025,9:30,9529.6
1/20/2025,9:45,9385.6
1/20/2025,10:00,9041.6
1/20/2025,10:15,9577.6
1/20/2025,10:30,9090.4
1/20/2025,10:45,8588
1/20/2025,11:00,8555.2
1/20/2025,11:15,8612.8
1/20/2025,11:30,8466.4
1/20/2025,11:45,8456
1/20/2025,12:00,8367.2
1/20/2025,12:15,8354.4
1/20/2025,12:30,8316
1/20/2025,12:45,8322.4
1/20/2025,13:00,8324
1/20/2025,13:15,8393.6
1/20/2025,13:30,8466.4
1/20/2025,13:45,8586.4
1/20/2025,14:00,8568
1/20/2025,14:15,8697.6
1/20/2025,14:30,8827.2
1/20/2025,14:45,8950.4
1/20/2025,15:00,9086.4
1/20/2025,15:15,9225.6
1/20/2025,15:30,9380.8
1/20/2025,15:45,9495.2
1/20/2025,16:00,9596.8
1/20/2025,16:15,9764.8
1/20/2025,16:30,9884.8
1/20/2025,16:45,9999.2
1/20/2025,17:00,10015.2
1/20/2025,17:15,10088
1/20/2025,17:30,10138.4
1/20/2025,17:45,10125.6
1/20/2025,18:00,10124
1/20/2025,18:15,10112.8
1/20/2025,18:30,10137.6
1/20/2025,18:45,10172
1/20/2025,19:00,10156
1/20/2025,19:15,10117.6
1/20/2025,19:30,10145.6
1/20/2025,19:45,10158.4
1/20/2025,20:00,10111.2
1/20/2025,20:15,10130.4
1/20/2025,20:30,10114.4
1/20/2025,20:45,10145.6
1/20/2025,21:00,10135.2
1/20/2025,21:15,10115.2
1/20/2025,21:30,10140.8
1/20/2025,21:45,10163.2
1/20/2025,22:00,10204
1/20/2025,22:15,10099.2
1/20/2025,22:30,10128.8
1/20/2025,22:45,10115.2
1/20/2025,23:00,10117.6
1/20/2025,23:15,10110.4
1/20/2025,23:30,10110.4
1/20/2025,23:45,10104
1/21/2025,0:00,10116.8
1/21/2025,0:15,10075.2
1/21/2025,0:30,10132.8
1/21/2025,0:45,10112
1/21/2025,1:00,10088
1/21/2025,1:15,10080
1/21/2025,1:30,10110.4
1/21/2025,1:45,10114.4
1/21/2025,2:00,10089.6
1/21/2025,2:15,10154.4
1/21/2025,2:30,10114.4
1/21/2025,2:45,10069.6
1/21/2025,3:00,10121.6
1/21/2025,3:15,10113.6
1/21/2025,3:30,10182.4
1/21/2025,3:45,10112.8
1/21/2025,4:00,10179.2
1/21/2025,4:15,10144
1/21/2025,4:30,10112.8
1/21/2025,4:45,10154.4
1/21/2025,5:00,10119.2
1/21/2025,5:15,10110.4
1/21/2025,5:30,10088
1/21/2025,5:45,10121.6
1/21/2025,6:00,10096.8
1/21/2025,6:15,10136
1/21/2025,6:30,10131.2
1/21/2025,6:45,10135.2
1/21/2025,7:00,10160
1/21/2025,7:15,10172.8
1/21/2025,7:30,10100
1/21/2025,7:45,10069.6
1/21/2025,8:00,9979.2
1/21/2025,8:15,9984
1/21/2025,8:30,9943.2
1/21/2025,8:45,9659.2
1/21/2025,9:00,9603.2
1/21/2025,9:15,9463.2
1/21/2025,9:30,9291.2
1/21/2025,9:45,9198.4
1/21/2025,10:00,9083.2
1/21/2025,10:15,8886.4
1/21/2025,10:30,8832.8
1/21/2025,10:45,8661.6
1/21/2025,11:00,8647.2
1/21/2025,11:15,8591.2
1/21/2025,11:30,8428.8
1/21/2025,11:45,8523.2
1/21/2025,12:00,8442.4
1/21/2025,12:15,8566.4
1/21/2025,12:30,8650.4
1/21/2025,12:45,8800
1/21/2025,13:00,8650.4
1/21/2025,13:15,9023.2
1/21/2025,13:30,8629.6
1/21/2025,13:45,8438.4
1/21/2025,14:00,8573.6
1/21/2025,14:15,8564.8
1/21/2025,14:30,9160
1/21/2025,14:45,8953.6
1/21/2025,15:00,9322.4
1/21/2025,15:15,9320
1/21/2025,15:30,9403.2
1/21/2025,15:45,9540.8
1/21/2025,16:00,9492.8
1/21/2025,16:15,9600
1/21/2025,16:30,9828.8
1/21/2025,16:45,9919.2
1/21/2025,17:00,10036.8
1/21/2025,17:15,10180
1/21/2025,17:30,10174.4
1/21/2025,17:45,10173.6
1/21/2025,18:00,10158.4
1/21/2025,18:15,10172.8
1/21/2025,18:30,10136.8
1/21/2025,18:45,10142.4
1/21/2025,19:00,10110.4
1/21/2025,19:15,10232
1/21/2025,19:30,10204.8
1/21/2025,19:45,10178.4
1/21/2025,20:00,10160
1/21/2025,20:15,10148
1/21/2025,20:30,10224.8
1/21/2025,20:45,10149.6
1/21/2025,21:00,10234.4
1/21/2025,21:15,10193.6
1/21/2025,21:30,10228.8
1/21/2025,21:45,10092.8
1/21/2025,22:00,10194.4
1/21/2025,22:15,10164.8
1/21/2025,22:30,10173.6
1/21/2025,22:45,10241.6
1/21/2025,23:00,10201.6
1/21/2025,23:15,10273.6
1/21/2025,23:30,10215.2
1/21/2025,23:45,10265.6
1/22/2025,0:00,10243.2
1/22/2025,0:15,10251.2
1/22/2025,0:30,10189.6
1/22/2025,0:45,10236.8
1/22/2025,1:00,10276
1/22/2025,1:15,10178.4
1/22/2025,1:30,10225.6
1/22/2025,1:45,10255.2
1/22/2025,2:00,10256.8
1/22/2025,2:15,10200
1/22/2025,2:30,10296.8
1/22/2025,2:45,10215.2
1/22/2025,3:00,10247.2
1/22/2025,3:15,10251.2
1/22/2025,3:30,10248
1/22/2025,3:45,10271.2
1/22/2025,4:00,10227.2
1/22/2025,4:15,10255.2
1/22/2025,4:30,10178.4
1/22/2025,4:45,10286.4
1/22/2025,5:00,10246.4
1/22/2025,5:15,10273.6
1/22/2025,5:30,10260.8
1/22/2025,5:45,10301.6
1/22/2025,6:00,10279.2
1/22/2025,6:15,10251.2
1/22/2025,6:30,10216
1/22/2025,6:45,10243.2
1/22/2025,7:00,10240
1/22/2025,7:15,10220.8
1/22/2025,7:30,10264.8
1/22/2025,7:45,10168.8
1/22/2025,8:00,10100
1/22/2025,8:15,10120
1/22/2025,8:30,9958.4
1/22/2025,8:45,9895.2
1/22/2025,9:00,9785.6
1/22/2025,9:15,9672.8
1/22/2025,9:30,9483.2
1/22/2025,9:45,9376.8
1/22/2025,10:00,9266.4
1/22/2025,10:15,9142.4
1/22/2025,10:30,9044
1/22/2025,10:45,9071.2
1/22/2025,11:00,9018.4
1/22/2025,11:15,8865.6
1/22/2025,11:30,9214.4
1/22/2025,11:45,8685.6
1/22/2025,12:00,9129.6
1/22/2025,12:15,8922.4
1/22/2025,12:30,8928.8
1/22/2025,12:45,8938.4
1/22/2025,13:00,9304
1/22/2025,13:15,8820.8
1/22/2025,13:30,9044
1/22/2025,13:45,8889.6
1/22/2025,14:00,8928
1/22/2025,14:15,9092.8
1/22/2025,14:30,9159.2
1/22/2025,14:45,9286.4
1/22/2025,15:00,9388.8
1/22/2025,15:15,9495.2
1/22/2025,15:30,9598.4
1/22/2025,15:45,9674.4
1/22/2025,16:00,9878.4
1/22/2025,16:15,9978.4
1/22/2025,16:30,10003.2
1/22/2025,16:45,10124
1/22/2025,17:00,10238.4
1/22/2025,17:15,10224
1/22/2025,17:30,10312
1/22/2025,17:45,10201.6
1/22/2025,18:00,10236
1/22/2025,18:15,10264.8
1/22/2025,18:30,10334.4
1/22/2025,18:45,10311.2
1/22/2025,19:00,10338.4
1/22/2025,19:15,10281.6
1/22/2025,19:30,10278.4
1/22/2025,19:45,10262.4
1/22/2025,20:00,10290.4
1/22/2025,20:15,10306.4
1/22/2025,20:30,10272.8
1/22/2025,20:45,10292.8
1/22/2025,21:00,10284.8
1/22/2025,21:15,10285.6
1/22/2025,21:30,10329.6
1/22/2025,21:45,10322.4
1/22/2025,22:00,10334.4
1/22/2025,22:15,10329.6
1/22/2025,22:30,10345.6
1/22/2025,22:45,10351.2
1/22/2025,23:00,10324
1/22/2025,23:15,10344
1/22/2025,23:30,10324
1/22/2025,23:45,10325.6
1/23/2025,0:00,10344.8
1/23/2025,0:15,10279.2
1/23/2025,0:30,10309.6
1/23/2025,0:45,10312.8
1/23/2025,1:00,10308
1/23/2025,1:15,10296
1/23/2025,1:30,10308.8
1/23/2025,1:45,10319.2
1/23/2025,2:00,10297.6
1/23/2025,2:15,10292
1/23/2025,2:30,10248
1/23/2025,2:45,10291.2
1/23/2025,3:00,10232
1/23/2025,3:15,10264.8
1/23/2025,3:30,10274.4
1/23/2025,3:45,10256.8
1/23/2025,4:00,10286.4
1/23/2025,4:15,10295.2
1/23/2025,4:30,10296
1/23/2025,4:45,10332.8
1/23/2025,5:00,10286.4
1/23/2025,5:15,10286.4
1/23/2025,5:30,10276.8
1/23/2025,5:45,10289.6
1/23/2025,6:00,10283.2
1/23/2025,6:15,10314.4
1/23/2025,6:30,10270.4
1/23/2025,6:45,10276
1/23/2025,7:00,10258.4
1/23/2025,7:15,10248.8
1/23/2025,7:30,10244.8
1/23/2025,7:45,10208
1/23/2025,8:00,10226.4
1/23/2025,8:15,10225.6
1/23/2025,8:30,10171.2
1/23/2025,8:45,10071.2
1/23/2025,9:00,10108.8
1/23/2025,9:15,10035.2
1/23/2025,9:30,10016
1/23/2025,9:45,9992
1/23/2025,10:00,9952
1/23/2025,10:15,10025.6
1/23/2025,10:30,9886.4
1/23/2025,10:45,10000.8
1/23/2025,11:00,10035.2
1/23/2025,11:15,10049.6
1/23/2025,11:30,9992.8
1/23/2025,11:45,10121.6
1/23/2025,12:00,9948.8
1/23/2025,12:15,9939.2
1/23/2025,12:30,9962.4
1/23/2025,12:45,9965.6
1/23/2025,13:00,9878.4
1/23/2025,13:15,9880.8
1/23/2025,13:30,9956
1/23/2025,13:45,10084
1/23/2025,14:00,9978.4
1/23/2025,14:15,10018.4
1/23/2025,14:30,9988
1/23/2025,14:45,10103.2
1/23/2025,15:00,10060.8
1/23/2025,15:15,10127.2
1/23/2025,15:30,10137.6
1/23/2025,15:45,10073.6
1/23/2025,16:00,10108.8
1/23/2025,16:15,10184
1/23/2025,16:30,10178.4
1/23/2025,16:45,10245.6
1/23/2025,17:00,10248
1/23/2025,17:15,10256.8
1/23/2025,17:30,10258.4
1/23/2025,17:45,10280
1/23/2025,18:00,10238.4
1/23/2025,18:15,10247.2
1/23/2025,18:30,10268
1/23/2025,18:45,10302.4
1/23/2025,19:00,10320.8
1/23/2025,19:15,10282.4
1/23/2025,19:30,10275.2
1/23/2025,19:45,10279.2
1/23/2025,20:00,10305.6
1/23/2025,20:15,10319.2
1/23/2025,20:30,10302.4
1/23/2025,20:45,10293.6
1/23/2025,21:00,10292.8
1/23/2025,21:15,10271.2
1/23/2025,21:30,10299.2
1/23/2025,21:45,10314.4
1/23/2025,22:00,10303.2
1/23/2025,22:15,10280.8
1/23/2025,22:30,10323.2
1/23/2025,22:45,10288.8
1/23/2025,23:00,10301.6
1/23/2025,23:15,10280.8
1/23/2025,23:30,10298.4
1/23/2025,23:45,10287.2
1/24/2025,0:00,10278.4
1/24/2025,0:15,10273.6
1/24/2025,0:30,10276.8
1/24/2025,0:45,10283.2
1/24/2025,1:00,10284
1/24/2025,1:15,10258.4
1/24/2025,1:30,10283.2
1/24/2025,1:45,10268.8
1/24/2025,2:00,10281.6
1/24/2025,2:15,10277.6
1/24/2025,2:30,10300.8
1/24/2025,2:45,10297.6
1/24/2025,3:00,10251.2
1/24/2025,3:15,10273.6
1/24/2025,3:30,10284
1/24/2025,3:45,10276.8
1/24/2025,4:00,10281.6
1/24/2025,4:15,10272
1/24/2025,4:30,10321.6
1/24/2025,4:45,10278.4
1/24/2025,5:00,10287.2
1/24/2025,5:15,10295.2
1/24/2025,5:30,10277.6
1/24/2025,5:45,10280.8
1/24/2025,6:00,10280
1/24/2025,6:15,10293.6
1/24/2025,6:30,10276
1/24/2025,6:45,10276.8
1/24/2025,7:00,10320
1/24/2025,7:15,10310.4
1/24/2025,7:30,10325.6
1/24/2025,7:45,10308
1/24/2025,8:00,10353.6
1/24/2025,8:15,10434.4
1/24/2025,8:30,10420
1/24/2025,8:45,10418.4
1/24/2025,9:00,10444
1/24/2025,9:15,6165.6
1/24/2025,9:30,10048
1/24/2025,9:45,10100
1/24/2025,10:00,9998.4
1/24/2025,10:15,9962.4
1/24/2025,10:30,9890.4
1/24/2025,10:45,9780
1/24/2025,11:00,9840
1/24/2025,11:15,9933.6
1/24/2025,11:30,10087.2
1/24/2025,11:45,10004
1/24/2025,12:00,9969.6
1/24/2025,12:15,10068
1/24/2025,12:30,10015.2
1/24/2025,12:45,9897.6
1/24/2025,13:00,10003.2
1/24/2025,13:15,9838.4
1/24/2025,13:30,9748
1/24/2025,13:45,9598.4
1/24/2025,14:00,9784
1/24/2025,14:15,9941.6
1/24/2025,14:30,9908
1/24/2025,14:45,9997.6
1/24/2025,15:00,10091.2
1/24/2025,15:15,10180
1/24/2025,15:30,10122.4
1/24/2025,15:45,10116
1/24/2025,16:00,10152
1/24/2025,16:15,10262.4
1/24/2025,16:30,10274.4
1/24/2025,16:45,10236
1/24/2025,17:00,10242.4
1/24/2025,17:15,10285.6
1/24/2025,17:30,10306.4
1/24/2025,17:45,10303.2
1/24/2025,18:00,10286.4
1/24/2025,18:15,10240.8
1/24/2025,18:30,10261.6
1/24/2025,18:45,10249.6
1/24/2025,19:00,10294.4
1/24/2025,19:15,10244.8
1/24/2025,19:30,10269.6
1/24/2025,19:45,10283.2
1/24/2025,20:00,10293.6
1/24/2025,20:15,10252
1/24/2025,20:30,10293.6
1/24/2025,20:45,10220.8
1/24/2025,21:00,10208.8
1/24/2025,21:15,10230.4
1/24/2025,21:30,10247.2
1/24/2025,21:45,10231.2
1/24/2025,22:00,10217.6
1/24/2025,22:15,10240.8
1/24/2025,22:30,10226.4
1/24/2025,22:45,10272.8
1/24/2025,23:00,10264
1/24/2025,23:15,10237.6
1/24/2025,23:30,10236
1/24/2025,23:45,10233.6
1/25/2025,0:00,10211.2
1/25/2025,0:15,10200.8
1/25/2025,0:30,10200
1/25/2025,0:45,10209.6
1/25/2025,1:00,10186.4
1/25/2025,1:15,10195.2
1/25/2025,1:30,10214.4
1/25/2025,1:45,10160
1/25/2025,2:00,10167.2
1/25/2025,2:15,10229.6
1/25/2025,2:30,10250.4
1/25/2025,2:45,10205.6
1/25/2025,3:00,10222.4
1/25/2025,3:15,10228
1/25/2025,3:30,10236.8
1/25/2025,3:45,10242.4
1/25/2025,4:00,10249.6
1/25/2025,4:15,10224
1/25/2025,4:30,10232.8
1/25/2025,4:45,10257.6
1/25/2025,5:00,10226.4
1/25/2025,5:15,10218.4
1/25/2025,5:30,10198.4
1/25/2025,5:45,10200
1/25/2025,6:00,10228.8
1/25/2025,6:15,10200.8
1/25/2025,6:30,10215.2
1/25/2025,6:45,10208
1/25/2025,7:00,10220
1/25/2025,7:15,10251.2
1/25/2025,7:30,10270.4
1/25/2025,7:45,10251.2
1/25/2025,8:00,10232
1/25/2025,8:15,10255.2
1/25/2025,8:30,10264.8
1/25/2025,8:45,10183.2
1/25/2025,9:00,10206.4
1/25/2025,9:15,10242.4
1/25/2025,9:30,10068.8
1/25/2025,9:45,9897.6
1/25/2025,10:00,9923.2
1/25/2025,10:15,9876
1/25/2025,10:30,9969.6
1/25/2025,10:45,9936
1/25/2025,11:00,9791.2
1/25/2025,11:15,9729.6
1/25/2025,11:30,9837.6
1/25/2025,11:45,9742.4
1/25/2025,12:00,9790.4
1/25/2025,12:15,9751.2
1/25/2025,12:30,9679.2
1/25/2025,12:45,9626.4
1/25/2025,13:00,9624
1/25/2025,13:15,9685.6
1/25/2025,13:30,9737.6
1/25/2025,13:45,9768.8
1/25/2025,14:00,9892.8
1/25/2025,14:15,9823.2
1/25/2025,14:30,9928.8
1/25/2025,14:45,9836.8
1/25/2025,15:00,9699.2
1/25/2025,15:15,9839.2
1/25/2025,15:30,9901.6
1/25/2025,15:45,10037.6
1/25/2025,16:00,9992
1/25/2025,16:15,10064.8
1/25/2025,16:30,10192
1/25/2025,16:45,10173.6
1/25/2025,17:00,10241.6
1/25/2025,17:15,10242.4
1/25/2025,17:30,10287.2
1/25/2025,17:45,10282.4
1/25/2025,18:00,10255.2
1/25/2025,18:15,10236.8
1/25/2025,18:30,10280.8
1/25/2025,18:45,10272
1/25/2025,19:00,10281.6
1/25/2025,19:15,10267.2
1/25/2025,19:30,10262.4
1/25/2025,19:45,10242.4
1/25/2025,20:00,10245.6
1/25/2025,20:15,10232.8
1/25/2025,20:30,10236
1/25/2025,20:45,10272.8
1/25/2025,21:00,10265.6
1/25/2025,21:15,10272.8
1/25/2025,21:30,10255.2
1/25/2025,21:45,10251.2
1/25/2025,22:00,10265.6
1/25/2025,22:15,10258.4
1/25/2025,22:30,10243.2
1/25/2025,22:45,10282.4
1/25/2025,23:00,10241.6
1/25/2025,23:15,10285.6
1/25/2025,23:30,10277.6
1/25/2025,23:45,10284
1/26/2025,0:00,10236
1/26/2025,0:15,10250.4
1/26/2025,0:30,10214.4
1/26/2025,0:45,10237.6
1/26/2025,1:00,10239.2
1/26/2025,1:15,10248.8
1/26/2025,1:30,10202.4
1/26/2025,1:45,10243.2
1/26/2025,2:00,10241.6
1/26/2025,2:15,10214.4
1/26/2025,2:30,10224.8
1/26/2025,2:45,10224.8
1/26/2025,3:00,10215.2
1/26/2025,3:15,10194.4
1/26/2025,3:30,10196.8
1/26/2025,3:45,10213.6
1/26/2025,4:00,10212
1/26/2025,4:15,10230.4
1/26/2025,4:30,10244
1/26/2025,4:45,10233.6
1/26/2025,5:00,10218.4
1/26/2025,5:15,10225.6
1/26/2025,5:30,10238.4
1/26/2025,5:45,10216.8
1/26/2025,6:00,10225.6
1/26/2025,6:15,10201.6
1/26/2025,6:30,10240
1/26/2025,6:45,10198.4
1/26/2025,7:00,10162.4
1/26/2025,7:15,10210.4
1/26/2025,7:30,10242.4
1/26/2025,7:45,10241.6
1/26/2025,8:00,10241.6
1/26/2025,8:15,10184
1/26/2025,8:30,10248
1/26/2025,8:45,10268
1/26/2025,9:00,10195.2
1/26/2025,9:15,10184
1/26/2025,9:30,10120.8
1/26/2025,9:45,10230.4
1/26/2025,10:00,10235.2
1/26/2025,10:15,10108
1/26/2025,10:30,9860.8
1/26/2025,10:45,9805.6
1/26/2025,11:00,9773.6
1/26/2025,11:15,10176
1/26/2025,11:30,10100
1/26/2025,11:45,10147.2
1/26/2025,12:00,10072.8
1/26/2025,12:15,10096.8
1/26/2025,12:30,10096
1/26/2025,12:45,9877.6
1/26/2025,13:00,10052.8
1/26/2025,13:15,10015.2
1/26/2025,13:30,10078.4
1/26/2025,13:45,10112.8
1/26/2025,14:00,10148.8
1/26/2025,14:15,10114.4
1/26/2025,14:30,10134.4
1/26/2025,14:45,10088
1/26/2025,15:00,10056
1/26/2025,15:15,10007.2
1/26/2025,15:30,10117.6
1/26/2025,15:45,10134.4
1/26/2025,16:00,9902.4
1/26/2025,16:15,10117.6
1/26/2025,16:30,10093.6
1/26/2025,16:45,10087.2
1/26/2025,17:00,10172.8
1/26/2025,17:15,10182.4
1/26/2025,17:30,10146.4
1/26/2025,17:45,10149.6
1/26/2025,18:00,10139.2
1/26/2025,18:15,10142.4
1/26/2025,18:30,10120
1/26/2025,18:45,10153.6
1/26/2025,19:00,10096.8
1/26/2025,19:15,10112.8
1/26/2025,19:30,10112
1/26/2025,19:45,10109.6
1/26/2025,20:00,10148
1/26/2025,20:15,10160.8
1/26/2025,20:30,10153.6
1/26/2025,20:45,10140.8
1/26/2025,21:00,10126.4
1/26/2025,21:15,10145.6
1/26/2025,21:30,10186.4
1/26/2025,21:45,10176.8
1/26/2025,22:00,10175.2
1/26/2025,22:15,10175.2
1/26/2025,22:30,10192
1/26/2025,22:45,10157.6
1/26/2025,23:00,10138.4
1/26/2025,23:15,10180.8
1/26/2025,23:30,10160
1/26/2025,23:45,10184
1/27/2025,0:00,10176.8
1/27/2025,0:15,10182.4
1/27/2025,0:30,10183.2
1/27/2025,0:45,10183.2
1/27/2025,1:00,10180
1/27/2025,1:15,10175.2
1/27/2025,1:30,10135.2
1/27/2025,1:45,10135.2
1/27/2025,2:00,10148
1/27/2025,2:15,10165.6
1/27/2025,2:30,10160
1/27/2025,2:45,10166.4
1/27/2025,3:00,10151.2
1/27/2025,3:15,10168
1/27/2025,3:30,10154.4
1/27/2025,3:45,10152
1/27/2025,4:00,10123.2
1/27/2025,4:15,10150.4
1/27/2025,4:30,10140.8
1/27/2025,4:45,10144.8
1/27/2025,5:00,10159.2
1/27/2025,5:15,10132
1/27/2025,5:30,10126.4
1/27/2025,5:45,10159.2
1/27/2025,6:00,10148
1/27/2025,6:15,10146.4
1/27/2025,6:30,10152
1/27/2025,6:45,10160
1/27/2025,7:00,10150.4
1/27/2025,7:15,10154.4
1/27/2025,7:30,10092.8
1/27/2025,7:45,10017.6
1/27/2025,8:00,9904.8
1/27/2025,8:15,9820
1/27/2025,8:30,9564
1/27/2025,8:45,9372
1/27/2025,9:00,9169.6
1/27/2025,9:15,8963.2
1/27/2025,9:30,8779.2
1/27/2025,9:45,8632
1/27/2025,10:00,8448.8
1/27/2025,10:15,8281.6
1/27/2025,10:30,8161.6
1/27/2025,10:45,8057.6
1/27/2025,11:00,7991.2
1/27/2025,11:15,7926.4
1/27/2025,11:30,7903.2
1/27/2025,11:45,7894.4
1/27/2025,12:00,7799.2
1/27/2025,12:15,7805.6
1/27/2025,12:30,7727.2
1/27/2025,12:45,7742.4
1/27/2025,13:00,7783.2
1/27/2025,13:15,7852.8
1/27/2025,13:30,7913.6
1/27/2025,13:45,7979.2
1/27/2025,14:00,8104
1/27/2025,14:15,8220.8
1/27/2025,14:30,8339.2
1/27/2025,14:45,8517.6
1/27/2025,15:00,8568
1/27/2025,15:15,8705.6
1/27/2025,15:30,8961.6
1/27/2025,15:45,9162.4
1/27/2025,16:00,9360
1/27/2025,16:15,9598.4
1/27/2025,16:30,9706.4
1/27/2025,16:45,9929.6
1/27/2025,17:00,10065.6
1/27/2025,17:15,10168.8
1/27/2025,17:30,10265.6
1/27/2025,17:45,10212.8
1/27/2025,18:00,10258.4
1/27/2025,18:15,10224
1/27/2025,18:30,10193.6
1/27/2025,18:45,10135.2
1/27/2025,19:00,10160
1/27/2025,19:15,10196
1/27/2025,19:30,10243.2
1/27/2025,19:45,10175.2
1/27/2025,20:00,10191.2
1/27/2025,20:15,10239.2
1/27/2025,20:30,10178.4
1/27/2025,20:45,10329.6
1/27/2025,21:00,10135.2
1/27/2025,21:15,10140
1/27/2025,21:30,10169.6
1/27/2025,21:45,10159.2
1/27/2025,22:00,10156.8
1/27/2025,22:15,10196
1/27/2025,22:30,10195.2
1/27/2025,22:45,10160
1/27/2025,23:00,10138.4
1/27/2025,23:15,10176
1/27/2025,23:30,10160.8
1/27/2025,23:45,10187.2
1/28/2025,0:00,10160.8
1/28/2025,0:15,10158.4
1/28/2025,0:30,10125.6
1/28/2025,0:45,10165.6
1/28/2025,1:00,10161.6
1/28/2025,1:15,10188
1/28/2025,1:30,10156
1/28/2025,1:45,10168.8
1/28/2025,2:00,10149.6
1/28/2025,2:15,10172.8
1/28/2025,2:30,10173.6
1/28/2025,2:45,10164
1/28/2025,3:00,10156.8
1/28/2025,3:15,10154.4
1/28/2025,3:30,10155.2
1/28/2025,3:45,10180.8
1/28/2025,4:00,10147.2
1/28/2025,4:15,10172
1/28/2025,4:30,10185.6
1/28/2025,4:45,10192
1/28/2025,5:00,10192
1/28/2025,5:15,10236.8
1/28/2025,5:30,10186.4
1/28/2025,5:45,10204
1/28/2025,6:00,10204
1/28/2025,6:15,10192
1/28/2025,6:30,10227.2
1/28/2025,6:45,10196
1/28/2025,7:00,10140
1/28/2025,7:15,10167.2
1/28/2025,7:30,10119.2
1/28/2025,7:45,10022.4
1/28/2025,8:00,9932
1/28/2025,8:15,9827.2
1/28/2025,8:30,9584.8
1/28/2025,8:45,9388.8
1/28/2025,9:00,9196.8
1/28/2025,9:15,9032
1/28/2025,9:30,8880
1/28/2025,9:45,8663.2
1/28/2025,10:00,8488
1/28/2025,10:15,8417.6
1/28/2025,10:30,8148.8
1/28/2025,10:45,8151.2
1/28/2025,11:00,8047.2
1/28/2025,11:15,7970.4
1/28/2025,11:30,7922.4
1/28/2025,11:45,7822.4
1/28/2025,12:00,7872.8
1/28/2025,12:15,7769.6
1/28/2025,12:30,7845.6
1/28/2025,12:45,7845.6
1/28/2025,13:00,7856.8
1/28/2025,13:15,7954.4
1/28/2025,13:30,8104
1/28/2025,13:45,8072.8
1/28/2025,14:00,8272.8
1/28/2025,14:15,8291.2
1/28/2025,14:30,8456.8
1/28/2025,14:45,8694.4
1/28/2025,15:00,8681.6
1/28/2025,15:15,8941.6
1/28/2025,15:30,9054.4
1/28/2025,15:45,9303.2
1/28/2025,16:00,9359.2
1/28/2025,16:15,9651.2
1/28/2025,16:30,9820.8
1/28/2025,16:45,9991.2
1/28/2025,17:00,10083.2
1/28/2025,17:15,10183.2
1/28/2025,17:30,10313.6
1/28/2025,17:45,10240
1/28/2025,18:00,10328
1/28/2025,18:15,10303.2
1/28/2025,18:30,10360
1/28/2025,18:45,10302.4
1/28/2025,19:00,10337.6
1/28/2025,19:15,10296.8
1/28/2025,19:30,10380
1/28/2025,19:45,10338.4
1/28/2025,20:00,10325.6
1/28/2025,20:15,10316
1/28/2025,20:30,10286.4
1/28/2025,20:45,10297.6
1/28/2025,21:00,10318.4
1/28/2025,21:15,10360
1/28/2025,21:30,10276
1/28/2025,21:45,10368.8
1/28/2025,22:00,10286.4
1/28/2025,22:15,10376
1/28/2025,22:30,10320.8
1/28/2025,22:45,10361.6
1/28/2025,23:00,10304.8
1/28/2025,23:15,10359.2
1/28/2025,23:30,10368
1/28/2025,23:45,10343.2
1/29/2025,0:00,10305.6
1/29/2025,0:15,10321.6
1/29/2025,0:30,10334.4
1/29/2025,0:45,10327.2
1/29/2025,1:00,10340.8
1/29/2025,1:15,10346.4
1/29/2025,1:30,10320
1/29/2025,1:45,10309.6
1/29/2025,2:00,10359.2
1/29/2025,2:15,10363.2
1/29/2025,2:30,10372.8
1/29/2025,2:45,10339.2
1/29/2025,3:00,10365.6
1/29/2025,3:15,10358.4
1/29/2025,3:30,10268.8
1/29/2025,3:45,10274.4
1/29/2025,4:00,10208
1/29/2025,4:15,10290.4
1/29/2025,4:30,10329.6
1/29/2025,4:45,10249.6
1/29/2025,5:00,10287.2
1/29/2025,5:15,10261.6
1/29/2025,5:30,10294.4
1/29/2025,5:45,10280.8
1/29/2025,6:00,10279.2
1/29/2025,6:15,10301.6
1/29/2025,6:30,10304.8
1/29/2025,6:45,10251.2
1/29/2025,7:00,10268
1/29/2025,7:15,10275.2
1/29/2025,7:30,10228
1/29/2025,7:45,10063.2
1/29/2025,8:00,10020.8
1/29/2025,8:15,9921.6
1/29/2025,8:30,9684
1/29/2025,8:45,9598.4
1/29/2025,9:00,9316
1/29/2025,9:15,9200.8
1/29/2025,9:30,9052
1/29/2025,9:45,8870.4
1/29/2025,10:00,8679.2
1/29/2025,10:15,8580
1/29/2025,10:30,8520
1/29/2025,10:45,8377.6
1/29/2025,11:00,8229.6
1/29/2025,11:15,8253.6
1/29/2025,11:30,8184.8
1/29/2025,11:45,8145.6
1/29/2025,12:00,8096.8
1/29/2025,12:15,8032.8
1/29/2025,12:30,8046.4
1/29/2025,12:45,8084.8
1/29/2025,13:00,8119.2
1/29/2025,13:15,8143.2
1/29/2025,13:30,8236
1/29/2025,13:45,8277.6
1/29/2025,14:00,8417.6
1/29/2025,14:15,8530.4
1/29/2025,14:30,8666.4
1/29/2025,14:45,8799.2
1/29/2025,15:00,8916
1/29/2025,15:15,9024.8
1/29/2025,15:30,9156.8
1/29/2025,15:45,9372
1/29/2025,16:00,9464.8
1/29/2025,16:15,9703.2
1/29/2025,16:30,9868.8
1/29/2025,16:45,10050.4
1/29/2025,17:00,10251.2
1/29/2025,17:15,10284
1/29/2025,17:30,10321.6
1/29/2025,17:45,10357.6
1/29/2025,18:00,10364.8
1/29/2025,18:15,10326.4
1/29/2025,18:30,10350.4
1/29/2025,18:45,10356.8
1/29/2025,19:00,10348.8
1/29/2025,19:15,10328
1/29/2025,19:30,10340.8
1/29/2025,19:45,10385.6
1/29/2025,20:00,10322.4
1/29/2025,20:15,10372
1/29/2025,20:30,10331.2
1/29/2025,20:45,10361.6
1/29/2025,21:00,10327.2
1/29/2025,21:15,10368
1/29/2025,21:30,10363.2
1/29/2025,21:45,10412.8
1/29/2025,22:00,10390.4
1/29/2025,22:15,10356.8
1/29/2025,22:30,10368
1/29/2025,22:45,10404
1/29/2025,23:00,10374.4
1/29/2025,23:15,10391.2
1/29/2025,23:30,10371.2
1/29/2025,23:45,10392
1/30/2025,0:00,10361.6
1/30/2025,0:15,10390.4
1/30/2025,0:30,10365.6
1/30/2025,0:45,10378.4
1/30/2025,1:00,10352.8
1/30/2025,1:15,10362.4
1/30/2025,1:30,10352
1/30/2025,1:45,10362.4
1/30/2025,2:00,10347.2
1/30/2025,2:15,10392.8
1/30/2025,2:30,10369.6
1/30/2025,2:45,10363.2
1/30/2025,3:00,10379.2
1/30/2025,3:15,10372.8
1/30/2025,3:30,10376
1/30/2025,3:45,10348
1/30/2025,4:00,10382.4
1/30/2025,4:15,10348
1/30/2025,4:30,10351.2
1/30/2025,4:45,10397.6
1/30/2025,5:00,10392.8
1/30/2025,5:15,10384.8
1/30/2025,5:30,10350.4
1/30/2025,5:45,10370.4
1/30/2025,6:00,10348.8
1/30/2025,6:15,10383.2
1/30/2025,6:30,10348.8
1/30/2025,6:45,10368.8
1/30/2025,7:00,10380.8
1/30/2025,7:15,10363.2
1/30/2025,7:30,10293.6
1/30/2025,7:45,10227.2
1/30/2025,8:00,10103.2
1/30/2025,8:15,10016.8
1/30/2025,8:30,9860
1/30/2025,8:45,9676
1/30/2025,9:00,9497.6
1/30/2025,9:15,9296
1/30/2025,9:30,9085.6
1/30/2025,9:45,8932.8
1/30/2025,10:00,8769.6
1/30/2025,10:15,8657.6
1/30/2025,10:30,8552.8
1/30/2025,10:45,8435.2
1/30/2025,11:00,8476.8
1/30/2025,11:15,9059.2
1/30/2025,11:30,8171.2
1/30/2025,11:45,8146.4
1/30/2025,12:00,8135.2
1/30/2025,12:15,8093.6
1/30/2025,12:30,8119.2
1/30/2025,12:45,8112.8
1/30/2025,13:00,8158.4
1/30/2025,13:15,8245.6
1/30/2025,13:30,8271.2
1/30/2025,13:45,8200
1/30/2025,14:00,8326.4
1/30/2025,14:15,8566.4
1/30/2025,14:30,8964.8
1/30/2025,14:45,8611.2
1/30/2025,15:00,9156.8
1/30/2025,15:15,9237.6
1/30/2025,15:30,9902.4
1/30/2025,15:45,9853.6
1/30/2025,16:00,9792.8
1/30/2025,16:15,9838.4
1/30/2025,16:30,9911.2
1/30/2025,16:45,10100.8
1/30/2025,17:00,10172.8
1/30/2025,17:15,10209.6
1/30/2025,17:30,10292.8
1/30/2025,17:45,10327.2
1/30/2025,18:00,10344
1/30/2025,18:15,10327.2
1/30/2025,18:30,8597.6
1/30/2025,18:45,8594.4
1/30/2025,19:00,8273.6
1/30/2025,19:15,10364.8
1/30/2025,19:30,10347.2
1/30/2025,19:45,10411.2
1/30/2025,20:00,10380
1/30/2025,20:15,10397.6
1/30/2025,20:30,10428.8
1/30/2025,20:45,10400
1/30/2025,21:00,10352.8
1/30/2025,21:15,10391.2
1/30/2025,21:30,10400
1/30/2025,21:45,10372
1/30/2025,22:00,10418.4
1/30/2025,22:15,10418.4
1/30/2025,22:30,10396
1/30/2025,22:45,10412
1/30/2025,23:00,10408.8
1/30/2025,23:15,10396
1/30/2025,23:30,10402.4
1/30/2025,23:45,10395.2
1/31/2025,0:00,10420
1/31/2025,0:15,10356
1/31/2025,0:30,10386.4
1/31/2025,0:45,10373.6
1/31/2025,1:00,10360
1/31/2025,1:15,10372.8
1/31/2025,1:30,10403.2
1/31/2025,1:45,10369.6
1/31/2025,2:00,10360
1/31/2025,2:15,10375.2
1/31/2025,2:30,10394.4
1/31/2025,2:45,10365.6
1/31/2025,3:00,10407.2
1/31/2025,3:15,10344.8
1/31/2025,3:30,10364.8
1/31/2025,3:45,10372.8
1/31/2025,4:00,10348
1/31/2025,4:15,10390.4
1/31/2025,4:30,10386.4
1/31/2025,4:45,10382.4
1/31/2025,5:00,10390.4
1/31/2025,5:15,10398.4
1/31/2025,5:30,10374.4
1/31/2025,5:45,10411.2
1/31/2025,6:00,10363.2
1/31/2025,6:15,10351.2
1/31/2025,6:30,10373.6
1/31/2025,6:45,10376.8
1/31/2025,7:00,10326.4
1/31/2025,7:15,10385.6
1/31/2025,7:30,10364.8
1/31/2025,7:45,10351.2
1/31/2025,8:00,10368
1/31/2025,8:15,10278.4
1/31/2025,8:30,10206.4
1/31/2025,8:45,10160
1/31/2025,9:00,10104
1/31/2025,9:15,10044.8
1/31/2025,9:30,10110.4
1/31/2025,9:45,10053.6
1/31/2025,10:00,9975.2
1/31/2025,10:15,10088.8
1/31/2025,10:30,10095.2
1/31/2025,10:45,9754.4
1/31/2025,11:00,9768.8
1/31/2025,11:15,9836
1/31/2025,11:30,9983.2
1/31/2025,11:45,9384
1/31/2025,12:00,7628
1/31/2025,12:15,7170.4
1/31/2025,12:30,9516
1/31/2025,12:45,9418.4
1/31/2025,13:00,9817.6
1/31/2025,13:15,9861.6
1/31/2025,13:30,10112
1/31/2025,13:45,10004
1/31/2025,14:00,10093.6
1/31/2025,14:15,10176.8
1/31/2025,14:30,10140
1/31/2025,14:45,9965.6
1/31/2025,15:00,9826.4
1/31/2025,15:15,10097.6
1/31/2025,15:30,10148.8
1/31/2025,15:45,10088
1/31/2025,16:00,10184.8
1/31/2025,16:15,10306.4
1/31/2025,16:30,10322.4
1/31/2025,16:45,10296
1/31/2025,17:00,10387.2
1/31/2025,17:15,10413.6
1/31/2025,17:30,10393.6
1/31/2025,17:45,10386.4
1/31/2025,18:00,10385.6
1/31/2025,18:15,10404.8
1/31/2025,18:30,10373.6
1/31/2025,18:45,10400
1/31/2025,19:00,10380
1/31/2025,19:15,10378.4
1/31/2025,19:30,10366.4
1/31/2025,19:45,10413.6
1/31/2025,20:00,10412.8
1/31/2025,20:15,10376
1/31/2025,20:30,10349.6
1/31/2025,20:45,10398.4
1/31/2025,21:00,10402.4
1/31/2025,21:15,10399.2
1/31/2025,21:30,10384.8
1/31/2025,21:45,10358.4
1/31/2025,22:00,10352.8
1/31/2025,22:15,10333.6
1/31/2025,22:30,10360.8
1/31/2025,22:45,10347.2
1/31/2025,23:00,10358.4
1/31/2025,23:15,10371.2
1/31/2025,23:30,10377.6
1/31/2025,23:45,10376.8
2/1/2025,0:00,10391.2
2/1/2025,0:15,10384
2/1/2025,0:30,10374.4
2/1/2025,0:45,10376.8
2/1/2025,1:00,10368.8
2/1/2025,1:15,10401.6
2/1/2025,1:30,10373.6
2/1/2025,1:45,10400
2/1/2025,2:00,10379.2
2/1/2025,2:15,10416
2/1/2025,2:30,10385.6
2/1/2025,2:45,10398.4
2/1/2025,3:00,10372
2/1/2025,3:15,10390.4
2/1/2025,3:30,10397.6
2/1/2025,3:45,10420
2/1/2025,4:00,10372.8
2/1/2025,4:15,10400
2/1/2025,4:30,10380
2/1/2025,4:45,10392.8
2/1/2025,5:00,10381.6
2/1/2025,5:15,10363.2
2/1/2025,5:30,10388
2/1/2025,5:45,10373.6
2/1/2025,6:00,10401.6
2/1/2025,6:15,10365.6
2/1/2025,6:30,10392
2/1/2025,6:45,10380
2/1/2025,7:00,10361.6
2/1/2025,7:15,10389.6
2/1/2025,7:30,10403.2
2/1/2025,7:45,10392.8
2/1/2025,8:00,10409.6
2/1/2025,8:15,10407.2
2/1/2025,8:30,10405.6
2/1/2025,8:45,10286.4
2/1/2025,9:00,10265.6
2/1/2025,9:15,10232
2/1/2025,9:30,10190.4
2/1/2025,9:45,10028
2/1/2025,10:00,10164.8
2/1/2025,10:15,10140
2/1/2025,10:30,9972
2/1/2025,10:45,9842.4
2/1/2025,11:00,9876
2/1/2025,11:15,9587.2
2/1/2025,11:30,9729.6
2/1/2025,11:45,9520.8
2/1/2025,12:00,9612
2/1/2025,12:15,9669.6
2/1/2025,12:30,9463.2
2/1/2025,12:45,9644.8
2/1/2025,13:00,9491.2
2/1/2025,13:15,9903.2
2/1/2025,13:30,9636
2/1/2025,13:45,9520
2/1/2025,14:00,9917.6
2/1/2025,14:15,10087.2
2/1/2025,14:30,10179.2
2/1/2025,14:45,10144
2/1/2025,15:00,10087.2
2/1/2025,15:15,10155.2
2/1/2025,15:30,10218.4
2/1/2025,15:45,10222.4
2/1/2025,16:00,10233.6
2/1/2025,16:15,10272.8
2/1/2025,16:30,10380
2/1/2025,16:45,10361.6
2/1/2025,17:00,10348
2/1/2025,17:15,10341.6
2/1/2025,17:30,10368.8
2/1/2025,17:45,10352.8
2/1/2025,18:00,10365.6
2/1/2025,18:15,10381.6
2/1/2025,18:30,10394.4
2/1/2025,18:45,10400
2/1/2025,19:00,10403.2
2/1/2025,19:15,10368.8
2/1/2025,19:30,10371.2
2/1/2025,19:45,10355.2
2/1/2025,20:00,10408.8
2/1/2025,20:15,10370.4
2/1/2025,20:30,10390.4
2/1/2025,20:45,10356.8
2/1/2025,21:00,10392
2/1/2025,21:15,10368
2/1/2025,21:30,10356.8
2/1/2025,21:45,10407.2
2/1/2025,22:00,10372.8
2/1/2025,22:15,10350.4
2/1/2025,22:30,10398.4
2/1/2025,22:45,10399.2
2/1/2025,23:00,10390.4
2/1/2025,23:15,10400.8
2/1/2025,23:30,10389.6
2/1/2025,23:45,10363.2
2/2/2025,0:00,10372
2/2/2025,0:15,10344
2/2/2025,0:30,10336
2/2/2025,0:45,10345.6
2/2/2025,1:00,10351.2
2/2/2025,1:15,10351.2
2/2/2025,1:30,10375.2
2/2/2025,1:45,10350.4
2/2/2025,2:00,10356.8
2/2/2025,2:15,10364.8
2/2/2025,2:30,10393.6
2/2/2025,2:45,10374.4
2/2/2025,3:00,10364.8
2/2/2025,3:15,10364.8
2/2/2025,3:30,10368.8
2/2/2025,3:45,10372
2/2/2025,4:00,10396.8
2/2/2025,4:15,10385.6
2/2/2025,4:30,10410.4
2/2/2025,4:45,10399.2
2/2/2025,5:00,10412
2/2/2025,5:15,10380.8
2/2/2025,5:30,10396
2/2/2025,5:45,10379.2
2/2/2025,6:00,10382.4
2/2/2025,6:15,10405.6
2/2/2025,6:30,10391.2
2/2/2025,6:45,10404
2/2/2025,7:00,10403.2
2/2/2025,7:15,10391.2
2/2/2025,7:30,10397.6
2/2/2025,7:45,10349.6
2/2/2025,8:00,10307.2
2/2/2025,8:15,10184
2/2/2025,8:30,10292
2/2/2025,8:45,9797.6
2/2/2025,9:00,10012
2/2/2025,9:15,9899.2
2/2/2025,9:30,9736.8
2/2/2025,9:45,9552
2/2/2025,10:00,9754.4
2/2/2025,10:15,9074.4
2/2/2025,10:30,8571.2
2/2/2025,10:45,9711.2
2/2/2025,11:00,8132.8
2/2/2025,11:15,8880
2/2/2025,11:30,9618.4
2/2/2025,11:45,9792.8
2/2/2025,12:00,9606.4
2/2/2025,12:15,9462.4
2/2/2025,12:30,9117.6
2/2/2025,12:45,9510.4
2/2/2025,13:00,9440
2/2/2025,13:15,9452
2/2/2025,13:30,9275.2
2/2/2025,13:45,9328
2/2/2025,14:00,9598.4
2/2/2025,14:15,9587.2
2/2/2025,14:30,9814.4
2/2/2025,14:45,9876.8
2/2/2025,15:00,9883.2
2/2/2025,15:15,9960.8
2/2/2025,15:30,9849.6
2/2/2025,15:45,9879.2
2/2/2025,16:00,10051.2
2/2/2025,16:15,10112
2/2/2025,16:30,10301.6
2/2/2025,16:45,10339.2
2/2/2025,17:00,10229.6
2/2/2025,17:15,10356
2/2/2025,17:30,10355.2
2/2/2025,17:45,10382.4
2/2/2025,18:00,10360
2/2/2025,18:15,10379.2
2/2/2025,18:30,10383.2
2/2/2025,18:45,10412
2/2/2025,19:00,10369.6
2/2/2025,19:15,10380
2/2/2025,19:30,10353.6
2/2/2025,19:45,10319.2
2/2/2025,20:00,10361.6
2/2/2025,20:15,10379.2
2/2/2025,20:30,10368
2/2/2025,20:45,10374.4
2/2/2025,21:00,10356.8
2/2/2025,21:15,10369.6
2/2/2025,21:30,10392
2/2/2025,21:45,10377.6
2/2/2025,22:00,10367.2
2/2/2025,22:15,10398.4
2/2/2025,22:30,10368.8
2/2/2025,22:45,10427.2
2/2/2025,23:00,10372
2/2/2025,23:15,10436
2/2/2025,23:30,10402.4
2/2/2025,23:45,10399.2
2/3/2025,0:00,10375.2
2/3/2025,0:15,10376
2/3/2025,0:30,10388.8
2/3/2025,0:45,10395.2
2/3/2025,1:00,10352
2/3/2025,1:15,10438.4
2/3/2025,1:30,10404
2/3/2025,1:45,10399.2
2/3/2025,2:00,10375.2
2/3/2025,2:15,10416
2/3/2025,2:30,10411.2
2/3/2025,2:45,10402.4
2/3/2025,3:00,10416.8
2/3/2025,3:15,10435.2
2/3/2025,3:30,10420
2/3/2025,3:45,10410.4
2/3/2025,4:00,10392
2/3/2025,4:15,10469.6
2/3/2025,4:30,10422.4
2/3/2025,4:45,10414.4
2/3/2025,5:00,10388.8
2/3/2025,5:15,10410.4
2/3/2025,5:30,10390.4
2/3/2025,5:45,10424
2/3/2025,6:00,10404.8
2/3/2025,6:15,10384
2/3/2025,6:30,10371.2
2/3/2025,6:45,10413.6
2/3/2025,7:00,10423.2
2/3/2025,7:15,10409.6
2/3/2025,7:30,10364
2/3/2025,7:45,10386.4
2/3/2025,8:00,10139.2
2/3/2025,8:15,10206.4
2/3/2025,8:30,9911.2
2/3/2025,8:45,9721.6
2/3/2025,9:00,9416.8
2/3/2025,9:15,9680
2/3/2025,9:30,9036.8
2/3/2025,9:45,9138.4
2/3/2025,10:00,8895.2
2/3/2025,10:15,8706.4
2/3/2025,10:30,8563.2
2/3/2025,10:45,8216.8
2/3/2025,11:00,8729.6
2/3/2025,11:15,8160.8
2/3/2025,11:30,8766.4
2/3/2025,11:45,8936.8
2/3/2025,12:00,8068.8
2/3/2025,12:15,8109.6
2/3/2025,12:30,8354.4
2/3/2025,12:45,8225.6
2/3/2025,13:00,8128
2/3/2025,13:15,8188.8
2/3/2025,13:30,8252.8
2/3/2025,13:45,8367.2
2/3/2025,14:00,8346.4
2/3/2025,14:15,8460.8
2/3/2025,14:30,8535.2
2/3/2025,14:45,8828.8
2/3/2025,15:00,8864
2/3/2025,15:15,9088
2/3/2025,15:30,9084.8
2/3/2025,15:45,9379.2
2/3/2025,16:00,9682.4
2/3/2025,16:15,9779.2
2/3/2025,16:30,9919.2
2/3/2025,16:45,10131.2
2/3/2025,17:00,10228
2/3/2025,17:15,10328.8
2/3/2025,17:30,10328.8
2/3/2025,17:45,10360
2/3/2025,18:00,10328
2/3/2025,18:15,10374.4
2/3/2025,18:30,10400.8
2/3/2025,18:45,10392.8
2/3/2025,19:00,10388.8
2/3/2025,19:15,10417.6
2/3/2025,19:30,10405.6
2/3/2025,19:45,10432
2/3/2025,20:00,10376
2/3/2025,20:15,10403.2
2/3/2025,20:30,10388
2/3/2025,20:45,10380.8
2/3/2025,21:00,10388.8
2/3/2025,21:15,10388.8
2/3/2025,21:30,10386.4
2/3/2025,21:45,10418.4
2/3/2025,22:00,10351.2
2/3/2025,22:15,10380
2/3/2025,22:30,10428.8
2/3/2025,22:45,10439.2
2/3/2025,23:00,10408.8
2/3/2025,23:15,10408.8
2/3/2025,23:30,10401.6
2/3/2025,23:45,10453.6
2/4/2025,0:00,10408
2/4/2025,0:15,10408.8
2/4/2025,0:30,10403.2
2/4/2025,0:45,10341.6
2/4/2025,1:00,10375.2
2/4/2025,1:15,10410.4
2/4/2025,1:30,10392
2/4/2025,1:45,10395.2
2/4/2025,2:00,10438.4
2/4/2025,2:15,10421.6
2/4/2025,2:30,10432
2/4/2025,2:45,10421.6
2/4/2025,3:00,10414.4
2/4/2025,3:15,10436
2/4/2025,3:30,10393.6
2/4/2025,3:45,10424
2/4/2025,4:00,10432.8
2/4/2025,4:15,10444
2/4/2025,4:30,10441.6
2/4/2025,4:45,10446.4
2/4/2025,5:00,10435.2
2/4/2025,5:15,10404.8
2/4/2025,5:30,10417.6
2/4/2025,5:45,10416
2/4/2025,6:00,10398.4
2/4/2025,6:15,10364
2/4/2025,6:30,10373.6
2/4/2025,6:45,10365.6
2/4/2025,7:00,10350.4
2/4/2025,7:15,10352.8
2/4/2025,7:30,10234.4
2/4/2025,7:45,10220
2/4/2025,8:00,10120
2/4/2025,8:15,9975.2
2/4/2025,8:30,9730.4
2/4/2025,8:45,9537.6
2/4/2025,9:00,9325.6
2/4/2025,9:15,9116
2/4/2025,9:30,8974.4
2/4/2025,9:45,8790.4
2/4/2025,10:00,8641.6
2/4/2025,10:15,8477.6
2/4/2025,10:30,8360
2/4/2025,10:45,8304.8
2/4/2025,11:00,8255.2
2/4/2025,11:15,8152
2/4/2025,11:30,8124
2/4/2025,11:45,8066.4
2/4/2025,12:00,7921.6
2/4/2025,12:15,7969.6
2/4/2025,12:30,7894.4
2/4/2025,12:45,7981.6
2/4/2025,13:00,7933.6
2/4/2025,13:15,7984.8
2/4/2025,13:30,8079.2
2/4/2025,13:45,8160
2/4/2025,14:00,8254.4
2/4/2025,14:15,8368
2/4/2025,14:30,8523.2
2/4/2025,14:45,8713.6
2/4/2025,15:00,8830.4
2/4/2025,15:15,8910.4
2/4/2025,15:30,9143.2
2/4/2025,15:45,9322.4
2/4/2025,16:00,9479.2
2/4/2025,16:15,9716.8
2/4/2025,16:30,9884.8
2/4/2025,16:45,10068.8
2/4/2025,17:00,10205.6
2/4/2025,17:15,10290.4
2/4/2025,17:30,10347.2
2/4/2025,17:45,10408.8
2/4/2025,18:00,10416
2/4/2025,18:15,10425.6
2/4/2025,18:30,10426.4
2/4/2025,18:45,10418.4
2/4/2025,19:00,10424.8
2/4/2025,19:15,10448
2/4/2025,19:30,10392
2/4/2025,19:45,10424.8
2/4/2025,20:00,10436
2/4/2025,20:15,10418.4
2/4/2025,20:30,10427.2
2/4/2025,20:45,10440
2/4/2025,21:00,10419.2
2/4/2025,21:15,10430.4
2/4/2025,21:30,10427.2
2/4/2025,21:45,10449.6
2/4/2025,22:00,10419.2
2/4/2025,22:15,10407.2
2/4/2025,22:30,10404.8
2/4/2025,22:45,10428.8
2/4/2025,23:00,10372
2/4/2025,23:15,10419.2
2/4/2025,23:30,10402.4
2/4/2025,23:45,10418.4
2/5/2025,0:00,10391.2
2/5/2025,0:15,10340
2/5/2025,0:30,10358.4
2/5/2025,0:45,10425.6
2/5/2025,1:00,10406.4
2/5/2025,1:15,10398.4
2/5/2025,1:30,10420.8
2/5/2025,1:45,10398.4
2/5/2025,2:00,10395.2
2/5/2025,2:15,10385.6
2/5/2025,2:30,10395.2
2/5/2025,2:45,10412
2/5/2025,3:00,10411.2
2/5/2025,3:15,10434.4
2/5/2025,3:30,10441.6
2/5/2025,3:45,10430.4
2/5/2025,4:00,10428.8
2/5/2025,4:15,10452
2/5/2025,4:30,10428.8
2/5/2025,4:45,10427.2
2/5/2025,5:00,10430.4
2/5/2025,5:15,10400
2/5/2025,5:30,10426.4
2/5/2025,5:45,10404.8
2/5/2025,6:00,10423.2
2/5/2025,6:15,10404.8
2/5/2025,6:30,10388.8
2/5/2025,6:45,10396
2/5/2025,7:00,10394.4
2/5/2025,7:15,10392
2/5/2025,7:30,10344.8
2/5/2025,7:45,10231.2
2/5/2025,8:00,10077.6
2/5/2025,8:15,10017.6
2/5/2025,8:30,9929.6
2/5/2025,8:45,9625.6
2/5/2025,9:00,9408
2/5/2025,9:15,9339.2
2/5/2025,9:30,9172.8
2/5/2025,9:45,8966.4
2/5/2025,10:00,8720
2/5/2025,10:15,8573.6
2/5/2025,10:30,8450.4
2/5/2025,10:45,8544.8
2/5/2025,11:00,8505.6
2/5/2025,11:15,8513.6
2/5/2025,11:30,8076
2/5/2025,11:45,8220
2/5/2025,12:00,8269.6
2/5/2025,12:15,8486.4
2/5/2025,12:30,8806.4
2/5/2025,12:45,8876.8
2/5/2025,13:00,8640
2/5/2025,13:15,8818.4
2/5/2025,13:30,8780
2/5/2025,13:45,8316.8
2/5/2025,14:00,8345.6
2/5/2025,14:15,6684.8
2/5/2025,14:30,6878.4
2/5/2025,14:45,9081.6
2/5/2025,15:00,9046.4
2/5/2025,15:15,8999.2
2/5/2025,15:30,9340.8
2/5/2025,15:45,9412.8
2/5/2025,16:00,9776.8
2/5/2025,16:15,9843.2
2/5/2025,16:30,9765.6
2/5/2025,16:45,9920.8
2/5/2025,17:00,10077.6
2/5/2025,17:15,10266.4
2/5/2025,17:30,10369.6
2/5/2025,17:45,10408
2/5/2025,18:00,10390.4
2/5/2025,18:15,10430.4
2/5/2025,18:30,10425.6
2/5/2025,18:45,10432
2/5/2025,19:00,10406.4
2/5/2025,19:15,10445.6
2/5/2025,19:30,10396.8
2/5/2025,19:45,10415.2
2/5/2025,20:00,10378.4
2/5/2025,20:15,10422.4
2/5/2025,20:30,10366.4
2/5/2025,20:45,10367.2
2/5/2025,21:00,10384
2/5/2025,21:15,10368
2/5/2025,21:30,10373.6
2/5/2025,21:45,10360
2/5/2025,22:00,10352.8
2/5/2025,22:15,10344.8
2/5/2025,22:30,10380
2/5/2025,22:45,10377.6
2/5/2025,23:00,10310.4
2/5/2025,23:15,10360.8
2/5/2025,23:30,10391.2
2/5/2025,23:45,10365.6
2/6/2025,0:00,10374.4
2/6/2025,0:15,10348.8
2/6/2025,0:30,10354.4
2/6/2025,0:45,10346.4
2/6/2025,1:00,10340
2/6/2025,1:15,10382.4
2/6/2025,1:30,10336
2/6/2025,1:45,10368
2/6/2025,2:00,10348
2/6/2025,2:15,10350.4
2/6/2025,2:30,10373.6
2/6/2025,2:45,10412.8
2/6/2025,3:00,10332.8
2/6/2025,3:15,10367.2
2/6/2025,3:30,10328
2/6/2025,3:45,10335.2
2/6/2025,4:00,10383.2
2/6/2025,4:15,10400
2/6/2025,4:30,10384.8
2/6/2025,4:45,10392
2/6/2025,5:00,10363.2
2/6/2025,5:15,10414.4
2/6/2025,5:30,10396
2/6/2025,5:45,10388.8
2/6/2025,6:00,10367.2
2/6/2025,6:15,10380.8
2/6/2025,6:30,10364.8
2/6/2025,6:45,10370.4
2/6/2025,7:00,10324
2/6/2025,7:15,10348.8
2/6/2025,7:30,10201.6
2/6/2025,7:45,10201.6
2/6/2025,8:00,10064
2/6/2025,8:15,9953.6
2/6/2025,8:30,9592.8
2/6/2025,8:45,9871.2
2/6/2025,9:00,9067.2
2/6/2025,9:15,9255.2
2/6/2025,9:30,8692.8
2/6/2025,9:45,9801.6
2/6/2025,10:00,8347.2
2/6/2025,10:15,8884.8
2/6/2025,10:30,8181.6
2/6/2025,10:45,8163.2
2/6/2025,11:00,7981.6
2/6/2025,11:15,7981.6
2/6/2025,11:30,7876
2/6/2025,11:45,7787.2
2/6/2025,12:00,7814.4
2/6/2025,12:15,7713.6
2/6/2025,12:30,7717.6
2/6/2025,12:45,7812
2/6/2025,13:00,8111.2
2/6/2025,13:15,8104
2/6/2025,13:30,8357.6
2/6/2025,13:45,8157.6
2/6/2025,14:00,8448.8
2/6/2025,14:15,8470.4
2/6/2025,14:30,8760.8
2/6/2025,14:45,8506.4
2/6/2025,15:00,8886.4
2/6/2025,15:15,9078.4
2/6/2025,15:30,8991.2
2/6/2025,15:45,9081.6
2/6/2025,16:00,9518.4
2/6/2025,16:15,9507.2
2/6/2025,16:30,9752
2/6/2025,16:45,9924.8
2/6/2025,17:00,10067.2
2/6/2025,17:15,10160
2/6/2025,17:30,10242.4
2/6/2025,17:45,10337.6
2/6/2025,18:00,10332.8
2/6/2025,18:15,10299.2
2/6/2025,18:30,10318.4
2/6/2025,18:45,10351.2
2/6/2025,19:00,10315.2
2/6/2025,19:15,10378.4
2/6/2025,19:30,10336.8
2/6/2025,19:45,10387.2
2/6/2025,20:00,10350.4
2/6/2025,20:15,10361.6
2/6/2025,20:30,10380
2/6/2025,20:45,10376
2/6/2025,21:00,10344.8
2/6/2025,21:15,10393.6
2/6/2025,21:30,10406.4
2/6/2025,21:45,10393.6
2/6/2025,22:00,10372.8
2/6/2025,22:15,10405.6
2/6/2025,22:30,10382.4
2/6/2025,22:45,10413.6
2/6/2025,23:00,10414.4
2/6/2025,23:15,10349.6
2/6/2025,23:30,10369.6
2/6/2025,23:45,10361.6
2/7/2025,0:00,10340
2/7/2025,0:15,10366.4
2/7/2025,0:30,10355.2
2/7/2025,0:45,10355.2
2/7/2025,1:00,10368
2/7/2025,1:15,10376
2/7/2025,1:30,10387.2
2/7/2025,1:45,10360.8
2/7/2025,2:00,10360.8
2/7/2025,2:15,10380
2/7/2025,2:30,10353.6
2/7/2025,2:45,10387.2
2/7/2025,3:00,10360.8
2/7/2025,3:15,10365.6
2/7/2025,3:30,10371.2
2/7/2025,3:45,10380
2/7/2025,4:00,10372
2/7/2025,4:15,10360.8
2/7/2025,4:30,10377.6
2/7/2025,4:45,10379.2
2/7/2025,5:00,10394.4
2/7/2025,5:15,10356
2/7/2025,5:30,10350.4
2/7/2025,5:45,10371.2
2/7/2025,6:00,10378.4
2/7/2025,6:15,10360
2/7/2025,6:30,10376
2/7/2025,6:45,10343.2
2/7/2025,7:00,10316
2/7/2025,7:15,10299.2
2/7/2025,7:30,10211.2
2/7/2025,7:45,10104.8
2/7/2025,8:00,10004.8
2/7/2025,8:15,9893.6
2/7/2025,8:30,9674.4
2/7/2025,8:45,9440
2/7/2025,9:00,9261.6
2/7/2025,9:15,8985.6
2/7/2025,9:30,8757.6
2/7/2025,9:45,8618.4
2/7/2025,10:00,8456.8
2/7/2025,10:15,8294.4
2/7/2025,10:30,8017.6
2/7/2025,10:45,7840
2/7/2025,11:00,7716.8
2/7/2025,11:15,7651.2
2/7/2025,11:30,7600
2/7/2025,11:45,7536.8
2/7/2025,12:00,7452
2/7/2025,12:15,7418.4
2/7/2025,12:30,7441.6
2/7/2025,12:45,7411.2
2/7/2025,13:00,7469.6
2/7/2025,13:15,7500.8
2/7/2025,13:30,7561.6
2/7/2025,13:45,7700.8
2/7/2025,14:00,7795.2
2/7/2025,14:15,7963.2
2/7/2025,14:30,8138.4
2/7/2025,14:45,8300
2/7/2025,15:00,8436.8
2/7/2025,15:15,8591.2
2/7/2025,15:30,8819.2
2/7/2025,15:45,9016
2/7/2025,16:00,9275.2
2/7/2025,16:15,9452
2/7/2025,16:30,9708
2/7/2025,16:45,9920
2/7/2025,17:00,10105.6
2/7/2025,17:15,10185.6
2/7/2025,17:30,10297.6
2/7/2025,17:45,10338.4
2/7/2025,18:00,10352
2/7/2025,18:15,10358.4
2/7/2025,18:30,10365.6
2/7/2025,18:45,10394.4
2/7/2025,19:00,10357.6
2/7/2025,19:15,10371.2
2/7/2025,19:30,10376
2/7/2025,19:45,10400
2/7/2025,20:00,10415.2
2/7/2025,20:15,10381.6
2/7/2025,20:30,10428.8
2/7/2025,20:45,10399.2
2/7/2025,21:00,10376.8
2/7/2025,21:15,10401.6
2/7/2025,21:30,10405.6
2/7/2025,21:45,10381.6
2/7/2025,22:00,10384
2/7/2025,22:15,10352
2/7/2025,22:30,10376
2/7/2025,22:45,10378.4
2/7/2025,23:00,10386.4
2/7/2025,23:15,10398.4
2/7/2025,23:30,10363.2
2/7/2025,23:45,10340
2/8/2025,0:00,10415.2
2/8/2025,0:15,10359.2
2/8/2025,0:30,10371.2
2/8/2025,0:45,10360
2/8/2025,1:00,10384
2/8/2025,1:15,10385.6
2/8/2025,1:30,10385.6
2/8/2025,1:45,10371.2
2/8/2025,2:00,10376.8
2/8/2025,2:15,10360.8
2/8/2025,2:30,10380.8
2/8/2025,2:45,10366.4
2/8/2025,3:00,10364.8
2/8/2025,3:15,10368
2/8/2025,3:30,10392
2/8/2025,3:45,10352
2/8/2025,4:00,10382.4
2/8/2025,4:15,10389.6
2/8/2025,4:30,10344
2/8/2025,4:45,10368.8
2/8/2025,5:00,10401.6
2/8/2025,5:15,10400.8
2/8/2025,5:30,10358.4
2/8/2025,5:45,10328.8
2/8/2025,6:00,10272.8
2/8/2025,6:15,10366.4
2/8/2025,6:30,10357.6
2/8/2025,6:45,10345.6
2/8/2025,7:00,10368
2/8/2025,7:15,10286.4
2/8/2025,7:30,10242.4
2/8/2025,7:45,10100
2/8/2025,8:00,9932.8
2/8/2025,8:15,9773.6
2/8/2025,8:30,9589.6
2/8/2025,8:45,9350.4
2/8/2025,9:00,9154.4
2/8/2025,9:15,8832.8
2/8/2025,9:30,8655.2
2/8/2025,9:45,8494.4
2/8/2025,10:00,8385.6
2/8/2025,10:15,8228
2/8/2025,10:30,8068.8
2/8/2025,10:45,7968.8
2/8/2025,11:00,7816.8
2/8/2025,11:15,7720
2/8/2025,11:30,7652
2/8/2025,11:45,7562.4
2/8/2025,12:00,7568
2/8/2025,12:15,7495.2
2/8/2025,12:30,7493.6
2/8/2025,12:45,7539.2
2/8/2025,13:00,7571.2
2/8/2025,13:15,7607.2
2/8/2025,13:30,7694.4
2/8/2025,13:45,7808
2/8/2025,14:00,7927.2
2/8/2025,14:15,8026.4
2/8/2025,14:30,8164
2/8/2025,14:45,8348.8
2/8/2025,15:00,8447.2
2/8/2025,15:15,8596
2/8/2025,15:30,8976.8
2/8/2025,15:45,9031.2
2/8/2025,16:00,9349.6
2/8/2025,16:15,9545.6
2/8/2025,16:30,9686.4
2/8/2025,16:45,10139.2
2/8/2025,17:00,10192
2/8/2025,17:15,10211.2
2/8/2025,17:30,10322.4
2/8/2025,17:45,10301.6
2/8/2025,18:00,10341.6
2/8/2025,18:15,10327.2
2/8/2025,18:30,10382.4
2/8/2025,18:45,10320
2/8/2025,19:00,10344
2/8/2025,19:15,10340
2/8/2025,19:30,10347.2
2/8/2025,19:45,10353.6
2/8/2025,20:00,10322.4
2/8/2025,20:15,10299.2
2/8/2025,20:30,10323.2
2/8/2025,20:45,10328.8
2/8/2025,21:00,10305.6
2/8/2025,21:15,10312.8
2/8/2025,21:30,10342.4
2/8/2025,21:45,10368.8
2/8/2025,22:00,10384.8
2/8/2025,22:15,10360
2/8/2025,22:30,10361.6
2/8/2025,22:45,10354.4
2/8/2025,23:00,10397.6
2/8/2025,23:15,10395.2
2/8/2025,23:30,10372
2/8/2025,23:45,10411.2
2/9/2025,0:00,10426.4
2/9/2025,0:15,10352.8
2/9/2025,0:30,10363.2
2/9/2025,0:45,10396.8
2/9/2025,1:00,10402.4
2/9/2025,1:15,10359.2
2/9/2025,1:30,10373.6
2/9/2025,1:45,10383.2
2/9/2025,2:00,10400
2/9/2025,2:15,10410.4
2/9/2025,2:30,10410.4
2/9/2025,2:45,10389.6
2/9/2025,3:00,10384.8
2/9/2025,3:15,10388.8
2/9/2025,3:30,10412
2/9/2025,3:45,10389.6
2/9/2025,4:00,10402.4
2/9/2025,4:15,10395.2
2/9/2025,4:30,10382.4
2/9/2025,4:45,10392
2/9/2025,5:00,10411.2
2/9/2025,5:15,10403.2
2/9/2025,5:30,10367.2
2/9/2025,5:45,10360.8
2/9/2025,6:00,10343.2
2/9/2025,6:15,10381.6
2/9/2025,6:30,10366.4
2/9/2025,6:45,10403.2
2/9/2025,7:00,10401.6
2/9/2025,7:15,10354.4
2/9/2025,7:30,10275.2
2/9/2025,7:45,10136
2/9/2025,8:00,10012.8
2/9/2025,8:15,9804.8
2/9/2025,8:30,9645.6
2/9/2025,8:45,9377.6
2/9/2025,9:00,9172
2/9/2025,9:15,8896
2/9/2025,9:30,8698.4
2/9/2025,9:45,8483.2
2/9/2025,10:00,8326.4
2/9/2025,10:15,8181.6
2/9/2025,10:30,8060.8
2/9/2025,10:45,7916.8
2/9/2025,11:00,7831.2
2/9/2025,11:15,7724
2/9/2025,11:30,7714.4
2/9/2025,11:45,7633.6
2/9/2025,12:00,7609.6
2/9/2025,12:15,7596.8
2/9/2025,12:30,7604
2/9/2025,12:45,7611.2
2/9/2025,13:00,7625.6
2/9/2025,13:15,7680.8
2/9/2025,13:30,7788.8
2/9/2025,13:45,7852
2/9/2025,14:00,7970.4
2/9/2025,14:15,8086.4
2/9/2025,14:30,8243.2
2/9/2025,14:45,8371.2
2/9/2025,15:00,8522.4
2/9/2025,15:15,8700.8
2/9/2025,15:30,8855.2
2/9/2025,15:45,9047.2
2/9/2025,16:00,9228.8
2/9/2025,16:15,9427.2
2/9/2025,16:30,9660.8
2/9/2025,16:45,9853.6
2/9/2025,17:00,10036.8
2/9/2025,17:15,10155.2
2/9/2025,17:30,10242.4
2/9/2025,17:45,10280
2/9/2025,18:00,10341.6
2/9/2025,18:15,10319.2
2/9/2025,18:30,10297.6
2/9/2025,18:45,10314.4
2/9/2025,19:00,10288
2/9/2025,19:15,10335.2
2/9/2025,19:30,10299.2
2/9/2025,19:45,10289.6
2/9/2025,20:00,10351.2
2/9/2025,20:15,10316.8
2/9/2025,20:30,10349.6
2/9/2025,20:45,10340
2/9/2025,21:00,10316
2/9/2025,21:15,10292.8
2/9/2025,21:30,10330.4
2/9/2025,21:45,10325.6
2/9/2025,22:00,10298.4
2/9/2025,22:15,10302.4
2/9/2025,22:30,10279.2
2/9/2025,22:45,10305.6
2/9/2025,23:00,10315.2
2/9/2025,23:15,10340
2/9/2025,23:30,10318.4
2/9/2025,23:45,10302.4
2/10/2025,0:00,10303.2
2/10/2025,0:15,10299.2
2/10/2025,0:30,10241.6
2/10/2025,0:45,10286.4
2/10/2025,1:00,10288
2/10/2025,1:15,10304.8
2/10/2025,1:30,10292
2/10/2025,1:45,10311.2
2/10/2025,2:00,10306.4
2/10/2025,2:15,10282.4
2/10/2025,2:30,10285.6
2/10/2025,2:45,10307.2
2/10/2025,3:00,10273.6
2/10/2025,3:15,10300
2/10/2025,3:30,10283.2
2/10/2025,3:45,10280
2/10/2025,4:00,10291.2
2/10/2025,4:15,10292
2/10/2025,4:30,10289.6
2/10/2025,4:45,10332
2/10/2025,5:00,10319.2
2/10/2025,5:15,10301.6
2/10/2025,5:30,10315.2
2/10/2025,5:45,10294.4
2/10/2025,6:00,10282.4
2/10/2025,6:15,10284.8
2/10/2025,6:30,10285.6
2/10/2025,6:45,10295.2
2/10/2025,7:00,10299.2
2/10/2025,7:15,10242.4
2/10/2025,7:30,10083.2
2/10/2025,7:45,10159.2
2/10/2025,8:00,10061.6
2/10/2025,8:15,9798.4
2/10/2025,8:30,9580
2/10/2025,8:45,9427.2
2/10/2025,9:00,9130.4
2/10/2025,9:15,8955.2
2/10/2025,9:30,8761.6
2/10/2025,9:45,8580
2/10/2025,10:00,8383.2
2/10/2025,10:15,8210.4
2/10/2025,10:30,8082.4
2/10/2025,10:45,8009.6
2/10/2025,11:00,7855.2
2/10/2025,11:15,7781.6
2/10/2025,11:30,7739.2
2/10/2025,11:45,7722.4
2/10/2025,12:00,7636
2/10/2025,12:15,7644
2/10/2025,12:30,7596.8
2/10/2025,12:45,7597.6
2/10/2025,13:00,7644.8
2/10/2025,13:15,7693.6
2/10/2025,13:30,8048.8
2/10/2025,13:45,7866.4
2/10/2025,14:00,7860
2/10/2025,14:15,8105.6
2/10/2025,14:30,8457.6
2/10/2025,14:45,8396.8
2/10/2025,15:00,8490.4
2/10/2025,15:15,8715.2
2/10/2025,15:30,8869.6
2/10/2025,15:45,9054.4
2/10/2025,16:00,9254.4
2/10/2025,16:15,9457.6
2/10/2025,16:30,9588.8
2/10/2025,16:45,9824
2/10/2025,17:00,10032.8
2/10/2025,17:15,10060.8
2/10/2025,17:30,10180
2/10/2025,17:45,10236
2/10/2025,18:00,10220.8
2/10/2025,18:15,10229.6
2/10/2025,18:30,10221.6
2/10/2025,18:45,10260
2/10/2025,19:00,10247.2
2/10/2025,19:15,10268
2/10/2025,19:30,10279.2
2/10/2025,19:45,10268
2/10/2025,20:00,10294.4
2/10/2025,20:15,10258.4
2/10/2025,20:30,10252.8
2/10/2025,20:45,10277.6
2/10/2025,21:00,10252.8
2/10/2025,21:15,10293.6
2/10/2025,21:30,10263.2
2/10/2025,21:45,10266.4
2/10/2025,22:00,10252.8
2/10/2025,22:15,10256.8
2/10/2025,22:30,10267.2
2/10/2025,22:45,10276.8
2/10/2025,23:00,10246.4
2/10/2025,23:15,10279.2
2/10/2025,23:30,10252.8
2/10/2025,23:45,10242.4
2/11/2025,0:00,10237.6
2/11/2025,0:15,10248.8
2/11/2025,0:30,10243.2
2/11/2025,0:45,10223.2
2/11/2025,1:00,10242.4
2/11/2025,1:15,10240.8
2/11/2025,1:30,10213.6
2/11/2025,1:45,10225.6
2/11/2025,2:00,10220
2/11/2025,2:15,8183.2
2/11/2025,2:30,8196.8
2/11/2025,2:45,10308.8
2/11/2025,3:00,10285.6
2/11/2025,3:15,10275.2
2/11/2025,3:30,10271.2
2/11/2025,3:45,10235.2
2/11/2025,4:00,10260
2/11/2025,4:15,10284.8
2/11/2025,4:30,10300
2/11/2025,4:45,10300
2/11/2025,5:00,10292
2/11/2025,5:15,10310.4
2/11/2025,5:30,10272
2/11/2025,5:45,10263.2
2/11/2025,6:00,10276.8
2/11/2025,6:15,10256.8
2/11/2025,6:30,10256.8
2/11/2025,6:45,10266.4
2/11/2025,7:00,10271.2
2/11/2025,7:15,10187.2
2/11/2025,7:30,10132
2/11/2025,7:45,10029.6
2/11/2025,8:00,9912
2/11/2025,8:15,9619.2
2/11/2025,8:30,9984
2/11/2025,8:45,9833.6
2/11/2025,9:00,9815.2
2/11/2025,9:15,9891.2
2/11/2025,9:30,9854.4
2/11/2025,9:45,7806.4
2/11/2025,10:00,9912
2/11/2025,10:15,10078.4
2/11/2025,10:30,10001.6
2/11/2025,10:45,10000.8
2/11/2025,11:00,9988.8
2/11/2025,11:15,9808.8
2/11/2025,11:30,9748
2/11/2025,11:45,9500
2/11/2025,12:00,9034.4
2/11/2025,12:15,8896
2/11/2025,12:30,8894.4
2/11/2025,12:45,9168.8
2/11/2025,13:00,7716.8
2/11/2025,13:15,8500.8
2/11/2025,13:30,9750.4
2/11/2025,13:45,9797.6
2/11/2025,14:00,9945.6
2/11/2025,14:15,9916.8
2/11/2025,14:30,9972.8
2/11/2025,14:45,9707.2
2/11/2025,15:00,9456.8
2/11/2025,15:15,9794.4
2/11/2025,15:30,9480.8
2/11/2025,15:45,9755.2
2/11/2025,16:00,9734.4
2/11/2025,16:15,10118.4
2/11/2025,16:30,10152.8
2/11/2025,16:45,10172
2/11/2025,17:00,8172.8
2/11/2025,17:15,8087.2
2/11/2025,17:30,10181.6
2/11/2025,17:45,10371.2
2/11/2025,18:00,10345.6
2/11/2025,18:15,10364.8
2/11/2025,18:30,10338.4
2/11/2025,18:45,10343.2
2/11/2025,19:00,10352
2/11/2025,19:15,10407.2
2/11/2025,19:30,10401.6
2/11/2025,19:45,10361.6
2/11/2025,20:00,10300
2/11/2025,20:15,10269.6
2/11/2025,20:30,10281.6
2/11/2025,20:45,10296.8
2/11/2025,21:00,10352.8
2/11/2025,21:15,10321.6
2/11/2025,21:30,10243.2
2/11/2025,21:45,10272
2/11/2025,22:00,10292.8
2/11/2025,22:15,10272.8
2/11/2025,22:30,10300
2/11/2025,22:45,10290.4
2/11/2025,23:00,10284.8
2/11/2025,23:15,10269.6
2/11/2025,23:30,10284
2/11/2025,23:45,10244.8
2/12/2025,0:00,10252
2/12/2025,0:15,10207.2
2/12/2025,0:30,10269.6
2/12/2025,0:45,10236
2/12/2025,1:00,10224
2/12/2025,1:15,10217.6
2/12/2025,1:30,10208.8
2/12/2025,1:45,10167.2
2/12/2025,2:00,10190.4
2/12/2025,2:15,10176
2/12/2025,2:30,10166.4
2/12/2025,2:45,10183.2
2/12/2025,3:00,10118.4
2/12/2025,3:15,10104.8
2/12/2025,3:30,10125.6
2/12/2025,3:45,10133.6
2/12/2025,4:00,10118.4
2/12/2025,4:15,10071.2
2/12/2025,4:30,10156.8
2/12/2025,4:45,10147.2
2/12/2025,5:00,10146.4
2/12/2025,5:15,10123.2
2/12/2025,5:30,10125.6
2/12/2025,5:45,10094.4
2/12/2025,6:00,10116.8
2/12/2025,6:15,10052
2/12/2025,6:30,10077.6
2/12/2025,6:45,10088
2/12/2025,7:00,10070.4
2/12/2025,7:15,9976
2/12/2025,7:30,9896
2/12/2025,7:45,9801.6
2/12/2025,8:00,9773.6
2/12/2025,8:15,9612.8
2/12/2025,8:30,9456.8
2/12/2025,8:45,9288
2/12/2025,9:00,9104.8
2/12/2025,9:15,9042.4
2/12/2025,9:30,8841.6
2/12/2025,9:45,8692.8
2/12/2025,10:00,8596.8
2/12/2025,10:15,8395.2
2/12/2025,10:30,8396
2/12/2025,10:45,8227.2
2/12/2025,11:00,8103.2
2/12/2025,11:15,8343.2
2/12/2025,11:30,7931.2
2/12/2025,11:45,7821.6
2/12/2025,12:00,7852
2/12/2025,12:15,8203.2
2/12/2025,12:30,7804
2/12/2025,12:45,9052.8
2/12/2025,13:00,8341.6
2/12/2025,13:15,8683.2
2/12/2025,13:30,8745.6
2/12/2025,13:45,8260
2/12/2025,14:00,8984.8
2/12/2025,14:15,8240.8
2/12/2025,14:30,9353.6
2/12/2025,14:45,9323.2
2/12/2025,15:00,9408
2/12/2025,15:15,8812
2/12/2025,15:30,9412
2/12/2025,15:45,9297.6
2/12/2025,16:00,9161.6
2/12/2025,16:15,9238.4
2/12/2025,16:30,9524
2/12/2025,16:45,9841.6
2/12/2025,17:00,9802.4
2/12/2025,17:15,9952.8
2/12/2025,17:30,10036.8
2/12/2025,17:45,10091.2
2/12/2025,18:00,10078.4
2/12/2025,18:15,10103.2
2/12/2025,18:30,10062.4
2/12/2025,18:45,10116.8
2/12/2025,19:00,10080.8
2/12/2025,19:15,10127.2
2/12/2025,19:30,10123.2
2/12/2025,19:45,10110.4
2/12/2025,20:00,10065.6
2/12/2025,20:15,10140
2/12/2025,20:30,10140.8
2/12/2025,20:45,10124
2/12/2025,21:00,10131.2
2/12/2025,21:15,10144.8
2/12/2025,21:30,10124.8
2/12/2025,21:45,10106.4
2/12/2025,22:00,10096
2/12/2025,22:15,10099.2
2/12/2025,22:30,10143.2
2/12/2025,22:45,10105.6
2/12/2025,23:00,10095.2
2/12/2025,23:15,10085.6
2/12/2025,23:30,10054.4
2/12/2025,23:45,10127.2
2/13/2025,0:00,10084
2/13/2025,0:15,10126.4
2/13/2025,0:30,10101.6
2/13/2025,0:45,10130.4
2/13/2025,1:00,10099.2
2/13/2025,1:15,10084
2/13/2025,1:30,10084.8
2/13/2025,1:45,10122.4
2/13/2025,2:00,10072.8
2/13/2025,2:15,10089.6
2/13/2025,2:30,10082.4
2/13/2025,2:45,10077.6
2/13/2025,3:00,10081.6
2/13/2025,3:15,10079.2
2/13/2025,3:30,10093.6
2/13/2025,3:45,10096
2/13/2025,4:00,10104
2/13/2025,4:15,10109.6
2/13/2025,4:30,10096.8
2/13/2025,4:45,10109.6
2/13/2025,5:00,10100.8
2/13/2025,5:15,10069.6
2/13/2025,5:30,10099.2
2/13/2025,5:45,10071.2
2/13/2025,6:00,10056.8
2/13/2025,6:15,10092
2/13/2025,6:30,10090.4
2/13/2025,6:45,10067.2
2/13/2025,7:00,10043.2
2/13/2025,7:15,9999.2
2/13/2025,7:30,9903.2
2/13/2025,7:45,9780.8
2/13/2025,8:00,9622.4
2/13/2025,8:15,9477.6
2/13/2025,8:30,9244.8
2/13/2025,8:45,9070.4
2/13/2025,9:00,8840
2/13/2025,9:15,8640.8
2/13/2025,9:30,8464.8
2/13/2025,9:45,8205.6
2/13/2025,10:00,8064
2/13/2025,10:15,7932.8
2/13/2025,10:30,7808.8
2/13/2025,10:45,7688.8
2/13/2025,11:00,7541.6
2/13/2025,11:15,7460.8
2/13/2025,11:30,7430.4
2/13/2025,11:45,7428.8
2/13/2025,12:00,7392.8
2/13/2025,12:15,7336
2/13/2025,12:30,7293.6
2/13/2025,12:45,7297.6
2/13/2025,13:00,7373.6
2/13/2025,13:15,7422.4
2/13/2025,13:30,7505.6
2/13/2025,13:45,7593.6
2/13/2025,14:00,7732
2/13/2025,14:15,7918.4
2/13/2025,14:30,8018.4
2/13/2025,14:45,8120
2/13/2025,15:00,8272
2/13/2025,15:15,8429.6
2/13/2025,15:30,8590.4
2/13/2025,15:45,8758.4
2/13/2025,16:00,9014.4
2/13/2025,16:15,9150.4
2/13/2025,16:30,9365.6
2/13/2025,16:45,9552
2/13/2025,17:00,9778.4
2/13/2025,17:15,9868.8
2/13/2025,17:30,9933.6
2/13/2025,17:45,10023.2
2/13/2025,18:00,10052
2/13/2025,18:15,10114.4
2/13/2025,18:30,10052.8
2/13/2025,18:45,10027.2
2/13/2025,19:00,10098.4
2/13/2025,19:15,10096.8
2/13/2025,19:30,10069.6
2/13/2025,19:45,10093.6
2/13/2025,20:00,10068.8
2/13/2025,20:15,10066.4
2/13/2025,20:30,10077.6
2/13/2025,20:45,10065.6
2/13/2025,21:00,10080.8
2/13/2025,21:15,10074.4
2/13/2025,21:30,10057.6
2/13/2025,21:45,10019.2
2/13/2025,22:00,10058.4
2/13/2025,22:15,10066.4
2/13/2025,22:30,10096.8
2/13/2025,22:45,10077.6
2/13/2025,23:00,10055.2
2/13/2025,23:15,10064
2/13/2025,23:30,10037.6
2/13/2025,23:45,10059.2
2/14/2025,0:00,10049.6
2/14/2025,0:15,10040.8
2/14/2025,0:30,10020.8
2/14/2025,0:45,10042.4
2/14/2025,1:00,10035.2
2/14/2025,1:15,10056.8
2/14/2025,1:30,10064.8
2/14/2025,1:45,10020
2/14/2025,2:00,10018.4
2/14/2025,2:15,10056.8
2/14/2025,2:30,10021.6
2/14/2025,2:45,10077.6
2/14/2025,3:00,10041.6
2/14/2025,3:15,10056.8
2/14/2025,3:30,10048
2/14/2025,3:45,10084
2/14/2025,4:00,10072.8
2/14/2025,4:15,10080.8
2/14/2025,4:30,10084
2/14/2025,4:45,10074.4
2/14/2025,5:00,10060
2/14/2025,5:15,10043.2
2/14/2025,5:30,10028
2/14/2025,5:45,10024.8
2/14/2025,6:00,9997.6
2/14/2025,6:15,10021.6
2/14/2025,6:30,10060.8
2/14/2025,6:45,10024
2/14/2025,7:00,10035.2
2/14/2025,7:15,10028.8
2/14/2025,7:30,10047.2
2/14/2025,7:45,10015.2
2/14/2025,8:00,10076
2/14/2025,8:15,10148
2/14/2025,8:30,10013.6
2/14/2025,8:45,9852.8
2/14/2025,9:00,9869.6
2/14/2025,9:15,9836.8
2/14/2025,9:30,9760.8
2/14/2025,9:45,9520.8
2/14/2025,10:00,9292.8
2/14/2025,10:15,9136
2/14/2025,10:30,9200.8
2/14/2025,10:45,9364
2/14/2025,11:00,9243.2
2/14/2025,11:15,8904.8
2/14/2025,11:30,8705.6
2/14/2025,11:45,8644
2/14/2025,12:00,8680
2/14/2025,12:15,8864
2/14/2025,12:30,8812.8
2/14/2025,12:45,9057.6
2/14/2025,13:00,9093.6
2/14/2025,13:15,9010.4
2/14/2025,13:30,9092
2/14/2025,13:45,9040.8
2/14/2025,14:00,8984
2/14/2025,14:15,9045.6
2/14/2025,14:30,9106.4
2/14/2025,14:45,9238.4
2/14/2025,15:00,9270.4
2/14/2025,15:15,9372
2/14/2025,15:30,9560.8
2/14/2025,15:45,9726.4
2/14/2025,16:00,9788.8
2/14/2025,16:15,9777.6
2/14/2025,16:30,9902.4
2/14/2025,16:45,9912.8
2/14/2025,17:00,9900.8
2/14/2025,17:15,10003.2
2/14/2025,17:30,10064
2/14/2025,17:45,10062.4
2/14/2025,18:00,10060
2/14/2025,18:15,10043.2
2/14/2025,18:30,10048
2/14/2025,18:45,10084.8
2/14/2025,19:00,10020.8
2/14/2025,19:15,10011.2
2/14/2025,19:30,10047.2
2/14/2025,19:45,10078.4
2/14/2025,20:00,10084
2/14/2025,20:15,10095.2
2/14/2025,20:30,10138.4
2/14/2025,20:45,10118.4
2/14/2025,21:00,10076.8
2/14/2025,21:15,10066.4
2/14/2025,21:30,10164.8
2/14/2025,21:45,10115.2
2/14/2025,22:00,10108.8
2/14/2025,22:15,10120.8
2/14/2025,22:30,10137.6
2/14/2025,22:45,10162.4
2/14/2025,23:00,10143.2
2/14/2025,23:15,10167.2
2/14/2025,23:30,10128
2/14/2025,23:45,10155.2
2/15/2025,0:00,10126.4
2/15/2025,0:15,10092
2/15/2025,0:30,10104.8
2/15/2025,0:45,10104
2/15/2025,1:00,10123.2
2/15/2025,1:15,10123.2
2/15/2025,1:30,10109.6
2/15/2025,1:45,10112.8
2/15/2025,2:00,10100.8
2/15/2025,2:15,10105.6
2/15/2025,2:30,10126.4
2/15/2025,2:45,10094.4
2/15/2025,3:00,10092.8
2/15/2025,3:15,10087.2
2/15/2025,3:30,10104
2/15/2025,3:45,10082.4
2/15/2025,4:00,10112.8
2/15/2025,4:15,10136.8
2/15/2025,4:30,10124
2/15/2025,4:45,10122.4
2/15/2025,5:00,10113.6
2/15/2025,5:15,10114.4
2/15/2025,5:30,10110.4
2/15/2025,5:45,10104.8
2/15/2025,6:00,10104
2/15/2025,6:15,10107.2
2/15/2025,6:30,10128
2/15/2025,6:45,10109.6
2/15/2025,7:00,10085.6
2/15/2025,7:15,10098.4
2/15/2025,7:30,10006.4
2/15/2025,7:45,10031.2
2/15/2025,8:00,9784.8
2/15/2025,8:15,9746.4
2/15/2025,8:30,9616
2/15/2025,8:45,7466.4
2/15/2025,9:00,7161.6
2/15/2025,9:15,6937.6
2/15/2025,9:30,8872
2/15/2025,9:45,8764.8
2/15/2025,10:00,8772
2/15/2025,10:15,8849.6
2/15/2025,10:30,8192.8
2/15/2025,10:45,8511.2
2/15/2025,11:00,7852.8
2/15/2025,11:15,8063.2
2/15/2025,11:30,8168.8
2/15/2025,11:45,7995.2
2/15/2025,12:00,7776
2/15/2025,12:15,7368
2/15/2025,12:30,7884.8
2/15/2025,12:45,7643.2
2/15/2025,13:00,8510.4
2/15/2025,13:15,7891.2
2/15/2025,13:30,7867.2
2/15/2025,13:45,7735.2
2/15/2025,14:00,8142.4
2/15/2025,14:15,8448
2/15/2025,14:30,8128
2/15/2025,14:45,8412
2/15/2025,15:00,8317.6
2/15/2025,15:15,8292.8
2/15/2025,15:30,8361.6
2/15/2025,15:45,9502.4
2/15/2025,16:00,9388.8
2/15/2025,16:15,9488
2/15/2025,16:30,9570.4
2/15/2025,16:45,9715.2
2/15/2025,17:00,9832.8
2/15/2025,17:15,9828.8
2/15/2025,17:30,10040.8
2/15/2025,17:45,10058.4
2/15/2025,18:00,10100
2/15/2025,18:15,10125.6
2/15/2025,18:30,10074.4
2/15/2025,18:45,10088.8
2/15/2025,19:00,10108
2/15/2025,19:15,10108
2/15/2025,19:30,10132.8
2/15/2025,19:45,8100
2/15/2025,20:00,8146.4
2/15/2025,20:15,9982.4
2/15/2025,20:30,10161.6
2/15/2025,20:45,10126.4
2/15/2025,21:00,8083.2
2/15/2025,21:15,10144.8
2/15/2025,21:30,10170.4
2/15/2025,21:45,10241.6
2/15/2025,22:00,10204.8
2/15/2025,22:15,10225.6
2/15/2025,22:30,10247.2
2/15/2025,22:45,10245.6
2/15/2025,23:00,10221.6
2/15/2025,23:15,10187.2
2/15/2025,23:30,10233.6
2/15/2025,23:45,10218.4
2/16/2025,0:00,10210.4
2/16/2025,0:15,10200
2/16/2025,0:30,10181.6
2/16/2025,0:45,10200
2/16/2025,1:00,10187.2
2/16/2025,1:15,10195.2
2/16/2025,1:30,10217.6
2/16/2025,1:45,10207.2
2/16/2025,2:00,10199.2
2/16/2025,2:15,10176.8
2/16/2025,2:30,10147.2
2/16/2025,2:45,10188.8
2/16/2025,3:00,10201.6
2/16/2025,3:15,10136.8
2/16/2025,3:30,10164.8
2/16/2025,3:45,10150.4
2/16/2025,4:00,10136.8
2/16/2025,4:15,10185.6
2/16/2025,4:30,10147.2
2/16/2025,4:45,10160.8
2/16/2025,5:00,10136.8
2/16/2025,5:15,10179.2
2/16/2025,5:30,10136
2/16/2025,5:45,10094.4
2/16/2025,6:00,10146.4
2/16/2025,6:15,10153.6
2/16/2025,6:30,10134.4
2/16/2025,6:45,10152.8
2/16/2025,7:00,10136.8
2/16/2025,7:15,10087.2
2/16/2025,7:30,9992.8
2/16/2025,7:45,9864
2/16/2025,8:00,9782.4
2/16/2025,8:15,9605.6
2/16/2025,8:30,9394.4
2/16/2025,8:45,9170.4
2/16/2025,9:00,8957.6
2/16/2025,9:15,8776
2/16/2025,9:30,8611.2
2/16/2025,9:45,8362.4
2/16/2025,10:00,8367.2
2/16/2025,10:15,8355.2
2/16/2025,10:30,8244.8
2/16/2025,10:45,7836
2/16/2025,11:00,7690.4
2/16/2025,11:15,7434.4
2/16/2025,11:30,7483.2
2/16/2025,11:45,7468.8
2/16/2025,12:00,7373.6
2/16/2025,12:15,7307.2
2/16/2025,12:30,7436.8
2/16/2025,12:45,7312.8
2/16/2025,13:00,7521.6
2/16/2025,13:15,7221.6
2/16/2025,13:30,7727.2
2/16/2025,13:45,8267.2
2/16/2025,14:00,8297.6
2/16/2025,14:15,8584.8
2/16/2025,14:30,8491.2
2/16/2025,14:45,8837.6
2/16/2025,15:00,8796.8
2/16/2025,15:15,8473.6
2/16/2025,15:30,8616.8
2/16/2025,15:45,8787.2
2/16/2025,16:00,9013.6
2/16/2025,16:15,9348.8
2/16/2025,16:30,9395.2
2/16/2025,16:45,9653.6
2/16/2025,17:00,9763.2
2/16/2025,17:15,9900.8
2/16/2025,17:30,10020
2/16/2025,17:45,10031.2
2/16/2025,18:00,10069.6
2/16/2025,18:15,10062.4
2/16/2025,18:30,10036.8
2/16/2025,18:45,10060.8
2/16/2025,19:00,10062.4
2/16/2025,19:15,10046.4
2/16/2025,19:30,10062.4
2/16/2025,19:45,10065.6
2/16/2025,20:00,10074.4
2/16/2025,20:15,10080.8
2/16/2025,20:30,10079.2
2/16/2025,20:45,10044
2/16/2025,21:00,10055.2
2/16/2025,21:15,10029.6
2/16/2025,21:30,10044
2/16/2025,21:45,10085.6
2/16/2025,22:00,10051.2
2/16/2025,22:15,10034.4
2/16/2025,22:30,10033.6
2/16/2025,22:45,10080.8
2/16/2025,23:00,10032.8
2/16/2025,23:15,10041.6
2/16/2025,23:30,10052.8
2/16/2025,23:45,10028
2/17/2025,0:00,10040.8
2/17/2025,0:15,10032.8
2/17/2025,0:30,10023.2
2/17/2025,0:45,10053.6
2/17/2025,1:00,10023.2
2/17/2025,1:15,9996.8
2/17/2025,1:30,10017.6
2/17/2025,1:45,10012.8
2/17/2025,2:00,10020.8
2/17/2025,2:15,10021.6
2/17/2025,2:30,9983.2
2/17/2025,2:45,10010.4
2/17/2025,3:00,10029.6
2/17/2025,3:15,10013.6
2/17/2025,3:30,10048.8
2/17/2025,3:45,10017.6
2/17/2025,4:00,10038.4
2/17/2025,4:15,10016
2/17/2025,4:30,10048
2/17/2025,4:45,10013.6
2/17/2025,5:00,10048.8
2/17/2025,5:15,10061.6
2/17/2025,5:30,10042.4
2/17/2025,5:45,10036.8
2/17/2025,6:00,10000
2/17/2025,6:15,10004.8
2/17/2025,6:30,10041.6
2/17/2025,6:45,10059.2
2/17/2025,7:00,9963.2
2/17/2025,7:15,9922.4
2/17/2025,7:30,9907.2
2/17/2025,7:45,9685.6
2/17/2025,8:00,9452
2/17/2025,8:15,9494.4
2/17/2025,8:30,9336
2/17/2025,8:45,9011.2
2/17/2025,9:00,8878.4
2/17/2025,9:15,8787.2
2/17/2025,9:30,8736
2/17/2025,9:45,8939.2
2/17/2025,10:00,8826.4
2/17/2025,10:15,8336
2/17/2025,10:30,8344.8
2/17/2025,10:45,8322.4
2/17/2025,11:00,8082.4
2/17/2025,11:15,7860.8
2/17/2025,11:30,7778.4
2/17/2025,11:45,8014.4
2/17/2025,12:00,8096.8
2/17/2025,12:15,8311.2
2/17/2025,12:30,8448
2/17/2025,12:45,8572
2/17/2025,13:00,8497.6
2/17/2025,13:15,8311.2
2/17/2025,13:30,8808
2/17/2025,13:45,8768.8
2/17/2025,14:00,8789.6
2/17/2025,14:15,8789.6
2/17/2025,14:30,8909.6
2/17/2025,14:45,9005.6
2/17/2025,15:00,9029.6
2/17/2025,15:15,9301.6
2/17/2025,15:30,9415.2
2/17/2025,15:45,9602.4
2/17/2025,16:00,9624
2/17/2025,16:15,9694.4
2/17/2025,16:30,9687.2
2/17/2025,16:45,9808.8
2/17/2025,17:00,9867.2
2/17/2025,17:15,9730.4
2/17/2025,17:30,9976
2/17/2025,17:45,10028
2/17/2025,18:00,9998.4
2/17/2025,18:15,10074.4
2/17/2025,18:30,10068
2/17/2025,18:45,10041.6
2/17/2025,19:00,10023.2
2/17/2025,19:15,10044.8
2/17/2025,19:30,10068.8
2/17/2025,19:45,10062.4
2/17/2025,20:00,10000.8
2/17/2025,20:15,10052
2/17/2025,20:30,10040.8
2/17/2025,20:45,10039.2
2/17/2025,21:00,10014.4
2/17/2025,21:15,10032
2/17/2025,21:30,10040.8
2/17/2025,21:45,10034.4
2/17/2025,22:00,10029.6
2/17/2025,22:15,10027.2
2/17/2025,22:30,10041.6
2/17/2025,22:45,10040.8
2/17/2025,23:00,10053.6
2/17/2025,23:15,9997.6
2/17/2025,23:30,10068
2/17/2025,23:45,10021.6
2/18/2025,0:00,10038.4
2/18/2025,0:15,10033.6
2/18/2025,0:30,9991.2
2/18/2025,0:45,9989.6
2/18/2025,1:00,9989.6
2/18/2025,1:15,10054.4
2/18/2025,1:30,10004.8
2/18/2025,1:45,10054.4
2/18/2025,2:00,10048.8
2/18/2025,2:15,10028.8
2/18/2025,2:30,10004.8
2/18/2025,2:45,9992
2/18/2025,3:00,10027.2
2/18/2025,3:15,10000
2/18/2025,3:30,9999.2
2/18/2025,3:45,10024.8
2/18/2025,4:00,10031.2
2/18/2025,4:15,10040.8
2/18/2025,4:30,10073.6
2/18/2025,4:45,10030.4
2/18/2025,5:00,10048.8
2/18/2025,5:15,10024.8
2/18/2025,5:30,10044.8
2/18/2025,5:45,10016
2/18/2025,6:00,10055.2
2/18/2025,6:15,10061.6
2/18/2025,6:30,10044
2/18/2025,6:45,10016.8
2/18/2025,7:00,9982.4
2/18/2025,7:15,9920.8
2/18/2025,7:30,9841.6
2/18/2025,7:45,9707.2
2/18/2025,8:00,9601.6
2/18/2025,8:15,9318.4
2/18/2025,8:30,9410.4
2/18/2025,8:45,8972
2/18/2025,9:00,8821.6
2/18/2025,9:15,8580.8
2/18/2025,9:30,8409.6
2/18/2025,9:45,8224.8
2/18/2025,10:00,8068
2/18/2025,10:15,7928.8
2/18/2025,10:30,7767.2
2/18/2025,10:45,7629.6
2/18/2025,11:00,7560
2/18/2025,11:15,7426.4
2/18/2025,11:30,7376.8
2/18/2025,11:45,7363.2
2/18/2025,12:00,7279.2
2/18/2025,12:15,7287.2
2/18/2025,12:30,7395.2
2/18/2025,12:45,7315.2
2/18/2025,13:00,7309.6
2/18/2025,13:15,7376
2/18/2025,13:30,7484
2/18/2025,13:45,7517.6
2/18/2025,14:00,7618.4
2/18/2025,14:15,7760.8
2/18/2025,14:30,7840.8
2/18/2025,14:45,8150.4
2/18/2025,15:00,8558.4
2/18/2025,15:15,8680.8
2/18/2025,15:30,8902.4
2/18/2025,15:45,8885.6
2/18/2025,16:00,8996
2/18/2025,16:15,9109.6
2/18/2025,16:30,9412
2/18/2025,16:45,9643.2
2/18/2025,17:00,9806.4
2/18/2025,17:15,9840
2/18/2025,17:30,9842.4
2/18/2025,17:45,9915.2
2/18/2025,18:00,9980.8
2/18/2025,18:15,10014.4
2/18/2025,18:30,9938.4
2/18/2025,18:45,9976
2/18/2025,19:00,9980.8
2/18/2025,19:15,9984
2/18/2025,19:30,9959.2
2/18/2025,19:45,9936.8
2/18/2025,20:00,10006.4
2/18/2025,20:15,9986.4
2/18/2025,20:30,9990.4
2/18/2025,20:45,9964
2/18/2025,21:00,9951.2
2/18/2025,21:15,10031.2
2/18/2025,21:30,9989.6
2/18/2025,21:45,10001.6
2/18/2025,22:00,9983.2
2/18/2025,22:15,10007.2
2/18/2025,22:30,10024
2/18/2025,22:45,10008.8
2/18/2025,23:00,9985.6
2/18/2025,23:15,9996
2/18/2025,23:30,9981.6
2/18/2025,23:45,10003.2
2/19/2025,0:00,9994.4
2/19/2025,0:15,9974.4
2/19/2025,0:30,9996
2/19/2025,0:45,9984.8
2/19/2025,1:00,9953.6
2/19/2025,1:15,9952.8
2/19/2025,1:30,9981.6
2/19/2025,1:45,10000.8
2/19/2025,2:00,10007.2
2/19/2025,2:15,9960
2/19/2025,2:30,9940
2/19/2025,2:45,9978.4
2/19/2025,3:00,9979.2
2/19/2025,3:15,9996.8
2/19/2025,3:30,9995.2
2/19/2025,3:45,9969.6
2/19/2025,4:00,10012.8
2/19/2025,4:15,9964.8
2/19/2025,4:30,9983.2
2/19/2025,4:45,9994.4
2/19/2025,5:00,9976.8
2/19/2025,5:15,9980
2/19/2025,5:30,9960
2/19/2025,5:45,9972.8
2/19/2025,6:00,9968.8
2/19/2025,6:15,9931.2
2/19/2025,6:30,10009.6
2/19/2025,6:45,9965.6
2/19/2025,7:00,9965.6
2/19/2025,7:15,9837.6
2/19/2025,7:30,9757.6
2/19/2025,7:45,9774.4
2/19/2025,8:00,9566.4
2/19/2025,8:15,9514.4
2/19/2025,8:30,9180.8
2/19/2025,8:45,8972.8
2/19/2025,9:00,8791.2
2/19/2025,9:15,8566.4
2/19/2025,9:30,8367.2
2/19/2025,9:45,8274.4
2/19/2025,10:00,8144
2/19/2025,10:15,8043.2
2/19/2025,10:30,7872.8
2/19/2025,10:45,7805.6
2/19/2025,11:00,7689.6
2/19/2025,11:15,7637.6
2/19/2025,11:30,7572
2/19/2025,11:45,7458.4
2/19/2025,12:00,7476.8
2/19/2025,12:15,7356
2/19/2025,12:30,7360
2/19/2025,12:45,7400
2/19/2025,13:00,7488
2/19/2025,13:15,7533.6
2/19/2025,13:30,7592
2/19/2025,13:45,7666.4
2/19/2025,14:00,7727.2
2/19/2025,14:15,7880.8
2/19/2025,14:30,8012.8
2/19/2025,14:45,8174.4
2/19/2025,15:00,8273.6
2/19/2025,15:15,8436.8
2/19/2025,15:30,8614.4
2/19/2025,15:45,8858.4
2/19/2025,16:00,9024
2/19/2025,16:15,9206.4
2/19/2025,16:30,9619.2
2/19/2025,16:45,9667.2
2/19/2025,17:00,9815.2
2/19/2025,17:15,9923.2
2/19/2025,17:30,9946.4
2/19/2025,17:45,9951.2
2/19/2025,18:00,9987.2
2/19/2025,18:15,9995.2
2/19/2025,18:30,10039.2
2/19/2025,18:45,10032.8
2/19/2025,19:00,10008.8
2/19/2025,19:15,9997.6
2/19/2025,19:30,10046.4
2/19/2025,19:45,10030.4
2/19/2025,20:00,9995.2
2/19/2025,20:15,9999.2
2/19/2025,20:30,10011.2
2/19/2025,20:45,10044
2/19/2025,21:00,9975.2
2/19/2025,21:15,9988.8
2/19/2025,21:30,10005.6
2/19/2025,21:45,10032
2/19/2025,22:00,10020.8
2/19/2025,22:15,10005.6
2/19/2025,22:30,10002.4
2/19/2025,22:45,10008.8
2/19/2025,23:00,9991.2
2/19/2025,23:15,9978.4
2/19/2025,23:30,9993.6
2/19/2025,23:45,10024.8
2/20/2025,0:00,10002.4
2/20/2025,0:15,10000
2/20/2025,0:30,10010.4
2/20/2025,0:45,10001.6
2/20/2025,1:00,10025.6
2/20/2025,1:15,10021.6
2/20/2025,1:30,10015.2
2/20/2025,1:45,10000.8
2/20/2025,2:00,9996
2/20/2025,2:15,10002.4
2/20/2025,2:30,10010.4
2/20/2025,2:45,9987.2
2/20/2025,3:00,10008
2/20/2025,3:15,9980.8
2/20/2025,3:30,10011.2
2/20/2025,3:45,10019.2
2/20/2025,4:00,10005.6
2/20/2025,4:15,9992.8
2/20/2025,4:30,10003.2
2/20/2025,4:45,10034.4
2/20/2025,5:00,10033.6
2/20/2025,5:15,10039.2
2/20/2025,5:30,10002.4
2/20/2025,5:45,10016.8
2/20/2025,6:00,10007.2
2/20/2025,6:15,9987.2
2/20/2025,6:30,10008.8
2/20/2025,6:45,10050.4
2/20/2025,7:00,10008.8
2/20/2025,7:15,9940
2/20/2025,7:30,9837.6
2/20/2025,7:45,9742.4
2/20/2025,8:00,9623.2
2/20/2025,8:15,9579.2
2/20/2025,8:30,9530.4
2/20/2025,8:45,9117.6
2/20/2025,9:00,9053.6
2/20/2025,9:15,8583.2
2/20/2025,9:30,8547.2
2/20/2025,9:45,9011.2
2/20/2025,10:00,8760
2/20/2025,10:15,8204
2/20/2025,10:30,8037.6
2/20/2025,10:45,8452.8
2/20/2025,11:00,8150.4
2/20/2025,11:15,8876
2/20/2025,11:30,8608
2/20/2025,11:45,8938.4
2/20/2025,12:00,8419.2
2/20/2025,12:15,8053.6
2/20/2025,12:30,8489.6
2/20/2025,12:45,8196.8
2/20/2025,13:00,7337.6
2/20/2025,13:15,7484
2/20/2025,13:30,7640
2/20/2025,13:45,7707.2
2/20/2025,14:00,7788.8
2/20/2025,14:15,8800
2/20/2025,14:30,8032
2/20/2025,14:45,8934.4
2/20/2025,15:00,9032
2/20/2025,15:15,9127.2
2/20/2025,15:30,9220
2/20/2025,15:45,9392
2/20/2025,16:00,9356
2/20/2025,16:15,9500.8
2/20/2025,16:30,9560.8
2/20/2025,16:45,9746.4
2/20/2025,17:00,9836
2/20/2025,17:15,9800
2/20/2025,17:30,9968.8
2/20/2025,17:45,10015.2
2/20/2025,18:00,10052.8
2/20/2025,18:15,10057.6
2/20/2025,18:30,10028
2/20/2025,18:45,10068
2/20/2025,19:00,10035.2
2/20/2025,19:15,10069.6
2/20/2025,19:30,10056
2/20/2025,19:45,10070.4
2/20/2025,20:00,10028
2/20/2025,20:15,10007.2
2/20/2025,20:30,10037.6
2/20/2025,20:45,10028
2/20/2025,21:00,9973.6
2/20/2025,21:15,10024.8
2/20/2025,21:30,10030.4
2/20/2025,21:45,10033.6
2/20/2025,22:00,9992
2/20/2025,22:15,10025.6
2/20/2025,22:30,10004.8
2/20/2025,22:45,10004.8
2/20/2025,23:00,10027.2
2/20/2025,23:15,10016.8
2/20/2025,23:30,10037.6
2/20/2025,23:45,10010.4
2/21/2025,0:00,9976
2/21/2025,0:15,10022.4
2/21/2025,0:30,10016
2/21/2025,0:45,9986.4
2/21/2025,1:00,9965.6
2/21/2025,1:15,9980.8
2/21/2025,1:30,10016
2/21/2025,1:45,9988.8
2/21/2025,2:00,9984
2/21/2025,2:15,9983.2
2/21/2025,2:30,9983.2
2/21/2025,2:45,9980
2/21/2025,3:00,9985.6
2/21/2025,3:15,9981.6
2/21/2025,3:30,9986.4
2/21/2025,3:45,10024.8
2/21/2025,4:00,10009.6
2/21/2025,4:15,9985.6
2/21/2025,4:30,10017.6
2/21/2025,4:45,9987.2
2/21/2025,5:00,10028
2/21/2025,5:15,10048
2/21/2025,5:30,9994.4
2/21/2025,5:45,9996
2/21/2025,6:00,9993.6
2/21/2025,6:15,10006.4
2/21/2025,6:30,9993.6
2/21/2025,6:45,10022.4
2/21/2025,7:00,9989.6
2/21/2025,7:15,9983.2
2/21/2025,7:30,9958.4
2/21/2025,7:45,9930.4
2/21/2025,8:00,9924
2/21/2025,8:15,9944
2/21/2025,8:30,9868.8
2/21/2025,8:45,9696.8
2/21/2025,9:00,9735.2
2/21/2025,9:15,9890.4
2/21/2025,9:30,9776.8
2/21/2025,9:45,9632.8
2/21/2025,10:00,9324.8
2/21/2025,10:15,9246.4
2/21/2025,10:30,9012
2/21/2025,10:45,9054.4
2/21/2025,11:00,9055.2
2/21/2025,11:15,9249.6
2/21/2025,11:30,9013.6
2/21/2025,11:45,9411.2
2/21/2025,12:00,8504.8
2/21/2025,12:15,8852.8
2/21/2025,12:30,8946.4
2/21/2025,12:45,8837.6
2/21/2025,13:00,9104
2/21/2025,13:15,9420
2/21/2025,13:30,9566.4
2/21/2025,13:45,9175.2
2/21/2025,14:00,9381.6
2/21/2025,14:15,9145.6
2/21/2025,14:30,9381.6
2/21/2025,14:45,9008.8
2/21/2025,15:00,9098.4
2/21/2025,15:15,8755.2
2/21/2025,15:30,8738.4
2/21/2025,15:45,8957.6
2/21/2025,16:00,9117.6
2/21/2025,16:15,9283.2
2/21/2025,16:30,9469.6
2/21/2025,16:45,9600.8
2/21/2025,17:00,9722.4
2/21/2025,17:15,9852
2/21/2025,17:30,9946.4
2/21/2025,17:45,10001.6
2/21/2025,18:00,10045.6
2/21/2025,18:15,10072.8
2/21/2025,18:30,10092
2/21/2025,18:45,10087.2
2/21/2025,19:00,10111.2
2/21/2025,19:15,10141.6
2/21/2025,19:30,10140.8
2/21/2025,19:45,10096
2/21/2025,20:00,10104.8
2/21/2025,20:15,10081.6
2/21/2025,20:30,10084
2/21/2025,20:45,10079.2
2/21/2025,21:00,10044.8
2/21/2025,21:15,10048.8
2/21/2025,21:30,10063.2
2/21/2025,21:45,10093.6
2/21/2025,22:00,10061.6
2/21/2025,22:15,10076.8
2/21/2025,22:30,10088.8
2/21/2025,22:45,10119.2
2/21/2025,23:00,10097.6
2/21/2025,23:15,10103.2
2/21/2025,23:30,10076.8
2/21/2025,23:45,10056.8
2/22/2025,0:00,10068
2/22/2025,0:15,10029.6
2/22/2025,0:30,10045.6
2/22/2025,0:45,10031.2
2/22/2025,1:00,10084
2/22/2025,1:15,10053.6
2/22/2025,1:30,10072
2/22/2025,1:45,10095.2
2/22/2025,2:00,10060.8
2/22/2025,2:15,10084
2/22/2025,2:30,10040
2/22/2025,2:45,10077.6
2/22/2025,3:00,10076.8
2/22/2025,3:15,10078.4
2/22/2025,3:30,10067.2
2/22/2025,3:45,10043.2
2/22/2025,4:00,10088.8
2/22/2025,4:15,10106.4
2/22/2025,4:30,10058.4
2/22/2025,4:45,10096
2/22/2025,5:00,10084
2/22/2025,5:15,10080
2/22/2025,5:30,10083.2
2/22/2025,5:45,10066.4
2/22/2025,6:00,10124
2/22/2025,6:15,10074.4
2/22/2025,6:30,10099.2
2/22/2025,6:45,10080
2/22/2025,7:00,10072.8
2/22/2025,7:15,10088
2/22/2025,7:30,9990.4
2/22/2025,7:45,10012.8
2/22/2025,8:00,10074.4
2/22/2025,8:15,9987.2
2/22/2025,8:30,9955.2
2/22/2025,8:45,9848.8
2/22/2025,9:00,9744
2/22/2025,9:15,9640
2/22/2025,9:30,9599.2
2/22/2025,9:45,9573.6
2/22/2025,10:00,9479.2
2/22/2025,10:15,9544.8
2/22/2025,10:30,9539.2
2/22/2025,10:45,9456
2/22/2025,11:00,9133.6
2/22/2025,11:15,9339.2
2/22/2025,11:30,9302.4
2/22/2025,11:45,8486.4
2/22/2025,12:00,8688
2/22/2025,12:15,8402.4
2/22/2025,12:30,8672
2/22/2025,12:45,9148.8
2/22/2025,13:00,8839.2
2/22/2025,13:15,9189.6
2/22/2025,13:30,8927.2
2/22/2025,13:45,8922.4
2/22/2025,14:00,8971.2
2/22/2025,14:15,9200
2/22/2025,14:30,9127.2
2/22/2025,14:45,9220.8
2/22/2025,15:00,9228.8
2/22/2025,15:15,9340
2/22/2025,15:30,9588
2/22/2025,15:45,9611.2
2/22/2025,16:00,9837.6
2/22/2025,16:15,9815.2
2/22/2025,16:30,9880
2/22/2025,16:45,9879.2
2/22/2025,17:00,10039.2
2/22/2025,17:15,10093.6
2/22/2025,17:30,10198.4
2/22/2025,17:45,10255.2
2/22/2025,18:00,10287.2
2/22/2025,18:15,10154.4
2/22/2025,18:30,10239.2
2/22/2025,18:45,10300
2/22/2025,19:00,10211.2
2/22/2025,19:15,10288
2/22/2025,19:30,10245.6
2/22/2025,19:45,10325.6
2/22/2025,20:00,10264.8
2/22/2025,20:15,10309.6
2/22/2025,20:30,10233.6
2/22/2025,20:45,10282.4
2/22/2025,21:00,10235.2
2/22/2025,21:15,10251.2
2/22/2025,21:30,10329.6
2/22/2025,21:45,10224
2/22/2025,22:00,10096.8
2/22/2025,22:15,10118.4
2/22/2025,22:30,10120.8
2/22/2025,22:45,10124.8
2/22/2025,23:00,10137.6
2/22/2025,23:15,10093.6
2/22/2025,23:30,10148
2/22/2025,23:45,10175.2
2/23/2025,0:00,10148
2/23/2025,0:15,10172
2/23/2025,0:30,10117.6
2/23/2025,0:45,10196
2/23/2025,1:00,10141.6
2/23/2025,1:15,10182.4
2/23/2025,1:30,10073.6
2/23/2025,1:45,10065.6
2/23/2025,2:00,10136
2/23/2025,2:15,10089.6
2/23/2025,2:30,10136
2/23/2025,2:45,10136
2/23/2025,3:00,10246.4
2/23/2025,3:15,10168.8
2/23/2025,3:30,10189.6
2/23/2025,3:45,10124.8
2/23/2025,4:00,10239.2
2/23/2025,4:15,10150.4
2/23/2025,4:30,10233.6
2/23/2025,4:45,10100.8
2/23/2025,5:00,10188
2/23/2025,5:15,10197.6
2/23/2025,5:30,10104
2/23/2025,5:45,10218.4
2/23/2025,6:00,10156.8
2/23/2025,6:15,10240
2/23/2025,6:30,10180.8
2/23/2025,6:45,10219.2
2/23/2025,7:00,10136
2/23/2025,7:15,10205.6
2/23/2025,7:30,10074.4
2/23/2025,7:45,10232
2/23/2025,8:00,10248
2/23/2025,8:15,9966.4
2/23/2025,8:30,9941.6
2/23/2025,8:45,9944.8
2/23/2025,9:00,9825.6
2/23/2025,9:15,9576
2/23/2025,9:30,9492
2/23/2025,9:45,9515.2
2/23/2025,10:00,9823.2
2/23/2025,10:15,9685.6
2/23/2025,10:30,10040
2/23/2025,10:45,9852
2/23/2025,11:00,9679.2
2/23/2025,11:15,9982.4
2/23/2025,11:30,9872
2/23/2025,11:45,9934.4
2/23/2025,12:00,9879.2
2/23/2025,12:15,9531.2
2/23/2025,12:30,9426.4
2/23/2025,12:45,9006.4
2/23/2025,13:00,9312.8
2/23/2025,13:15,9254.4
2/23/2025,13:30,9700.8
2/23/2025,13:45,9781.6
2/23/2025,14:00,9480
2/23/2025,14:15,9920
2/23/2025,14:30,9914.4
2/23/2025,14:45,9605.6
2/23/2025,15:00,9607.2
2/23/2025,15:15,9562.4
2/23/2025,15:30,9998.4
2/23/2025,15:45,9713.6
2/23/2025,16:00,9850.4
2/23/2025,16:15,9829.6
2/23/2025,16:30,9629.6
2/23/2025,16:45,9814.4
2/23/2025,17:00,9941.6
2/23/2025,17:15,10023.2
2/23/2025,17:30,10154.4
2/23/2025,17:45,10224
2/23/2025,18:00,10305.6
2/23/2025,18:15,10259.2
2/23/2025,18:30,10321.6
2/23/2025,18:45,10260.8
2/23/2025,19:00,10286.4
2/23/2025,19:15,10264.8
2/23/2025,19:30,10293.6
2/23/2025,19:45,10303.2
2/23/2025,20:00,10280.8
2/23/2025,20:15,10316.8
2/23/2025,20:30,10303.2
2/23/2025,20:45,10326.4
2/23/2025,21:00,10313.6
2/23/2025,21:15,10280
2/23/2025,21:30,10304
2/23/2025,21:45,10322.4
2/23/2025,22:00,10258.4
2/23/2025,22:15,10300.8
2/23/2025,22:30,10328
2/23/2025,22:45,10316
2/23/2025,23:00,10265.6
2/23/2025,23:15,10292
2/23/2025,23:30,10293.6
2/23/2025,23:45,10280.8
2/24/2025,0:00,10174.4
2/24/2025,0:15,10217.6
2/24/2025,0:30,10248.8
2/24/2025,0:45,10280.8
2/24/2025,1:00,10319.2
2/24/2025,1:15,10328
2/24/2025,1:30,10340.8
2/24/2025,1:45,10292.8
2/24/2025,2:00,10300.8
2/24/2025,2:15,10283.2
2/24/2025,2:30,10340.8
2/24/2025,2:45,10292
2/24/2025,3:00,10272.8
2/24/2025,3:15,10256.8
2/24/2025,3:30,10296.8
2/24/2025,3:45,10325.6
2/24/2025,4:00,10327.2
2/24/2025,4:15,10362.4
2/24/2025,4:30,10324.8
2/24/2025,4:45,10334.4
2/24/2025,5:00,10279.2
2/24/2025,5:15,10306.4
2/24/2025,5:30,10297.6
2/24/2025,5:45,10285.6
2/24/2025,6:00,10313.6
2/24/2025,6:15,10272
2/24/2025,6:30,10275.2
2/24/2025,6:45,10288.8
2/24/2025,7:00,10171.2
2/24/2025,7:15,10147.2
2/24/2025,7:30,10043.2
2/24/2025,7:45,9881.6
2/24/2025,8:00,9743.2
2/24/2025,8:15,9582.4
2/24/2025,8:30,9347.2
2/24/2025,8:45,9172.8
2/24/2025,9:00,8914.4
2/24/2025,9:15,8720
2/24/2025,9:30,8511.2
2/24/2025,9:45,8086.4
2/24/2025,10:00,7878.4
2/24/2025,10:15,7760.8
2/24/2025,10:30,7627.2
2/24/2025,10:45,7664
2/24/2025,11:00,7402.4
2/24/2025,11:15,7402.4
2/24/2025,11:30,7383.2
2/24/2025,11:45,7376.8
2/24/2025,12:00,7223.2
2/24/2025,12:15,7448
2/24/2025,12:30,7385.6
2/24/2025,12:45,7456.8
2/24/2025,13:00,7590.4
2/24/2025,13:15,7514.4
2/24/2025,13:30,7800
2/24/2025,13:45,8251.2
2/24/2025,14:00,7914.4
2/24/2025,14:15,8754.4
2/24/2025,14:30,8005.6
2/24/2025,14:45,7850.4
2/24/2025,15:00,8716
2/24/2025,15:15,8256.8
2/24/2025,15:30,8725.6
2/24/2025,15:45,8814.4
2/24/2025,16:00,9085.6
2/24/2025,16:15,9299.2
2/24/2025,16:30,9449.6
2/24/2025,16:45,9655.2
2/24/2025,17:00,9875.2
2/24/2025,17:15,9983.2
2/24/2025,17:30,10200
2/24/2025,17:45,10248
2/24/2025,18:00,10309.6
2/24/2025,18:15,10320
2/24/2025,18:30,10278.4
2/24/2025,18:45,10300
2/24/2025,19:00,10322.4
2/24/2025,19:15,10296
2/24/2025,19:30,10316
2/24/2025,19:45,10340.8
2/24/2025,20:00,10345.6
2/24/2025,20:15,10303.2
2/24/2025,20:30,10348.8
2/24/2025,20:45,10296
2/24/2025,21:00,10284.8
2/24/2025,21:15,10323.2
2/24/2025,21:30,10324.8
2/24/2025,21:45,10296
2/24/2025,22:00,10240.8
2/24/2025,22:15,10280.8
2/24/2025,22:30,10310.4
2/24/2025,22:45,10312
2/24/2025,23:00,10256.8
2/24/2025,23:15,10262.4
2/24/2025,23:30,10262.4
2/24/2025,23:45,10228.8
2/25/2025,0:00,10256
2/25/2025,0:15,10248.8
2/25/2025,0:30,10245.6
2/25/2025,0:45,10251.2
2/25/2025,1:00,10252.8
2/25/2025,1:15,10273.6
2/25/2025,1:30,10293.6
2/25/2025,1:45,10300
2/25/2025,2:00,10318.4
2/25/2025,2:15,10267.2
2/25/2025,2:30,10297.6
2/25/2025,2:45,10280
2/25/2025,3:00,10287.2
2/25/2025,3:15,10302.4
2/25/2025,3:30,10292
2/25/2025,3:45,10252.8
2/25/2025,4:00,10278.4
2/25/2025,4:15,10268.8
2/25/2025,4:30,10285.6
2/25/2025,4:45,10261.6
2/25/2025,5:00,10270.4
2/25/2025,5:15,10284.8
2/25/2025,5:30,10231.2
2/25/2025,5:45,10273.6
2/25/2025,6:00,10276
2/25/2025,6:15,10259.2
2/25/2025,6:30,10241.6
2/25/2025,6:45,10252.8
2/25/2025,7:00,10260.8
2/25/2025,7:15,10286.4
2/25/2025,7:30,10248
2/25/2025,7:45,10212
2/25/2025,8:00,10227.2
2/25/2025,8:15,10153.6
2/25/2025,8:30,10106.4
2/25/2025,8:45,9983.2
2/25/2025,9:00,9958.4
2/25/2025,9:15,9918.4
2/25/2025,9:30,9835.2
2/25/2025,9:45,9599.2
2/25/2025,10:00,9334.4
2/25/2025,10:15,9346.4
2/25/2025,10:30,9259.2
2/25/2025,10:45,9197.6
2/25/2025,11:00,9076.8
2/25/2025,11:15,8898.4
2/25/2025,11:30,8780
2/25/2025,11:45,8616.8
2/25/2025,12:00,8698.4
2/25/2025,12:15,8325.6
2/25/2025,12:30,7515.2
2/25/2025,12:45,7644.8
2/25/2025,13:00,7672
2/25/2025,13:15,7652.8
2/25/2025,13:30,7728
2/25/2025,13:45,7776.8
2/25/2025,14:00,7884.8
2/25/2025,14:15,8015.2
2/25/2025,14:30,8140.8
2/25/2025,14:45,8294.4
2/25/2025,15:00,8433.6
2/25/2025,15:15,8620
2/25/2025,15:30,8756
2/25/2025,15:45,8915.2
2/25/2025,16:00,9168
2/25/2025,16:15,9388
2/25/2025,16:30,9480
2/25/2025,16:45,9685.6
2/25/2025,17:00,9832
2/25/2025,17:15,10010.4
2/25/2025,17:30,10070.4
2/25/2025,17:45,10154.4
2/25/2025,18:00,10239.2
2/25/2025,18:15,10240.8
2/25/2025,18:30,10286.4
2/25/2025,18:45,10224.8
2/25/2025,19:00,10259.2
2/25/2025,19:15,10224.8
2/25/2025,19:30,10253.6
2/25/2025,19:45,10270.4
2/25/2025,20:00,10243.2
2/25/2025,20:15,10295.2
2/25/2025,20:30,10267.2
2/25/2025,20:45,10227.2
2/25/2025,21:00,10252.8
2/25/2025,21:15,10250.4
2/25/2025,21:30,10291.2
2/25/2025,21:45,10272
2/25/2025,22:00,10263.2
2/25/2025,22:15,10229.6
2/25/2025,22:30,10259.2
2/25/2025,22:45,10284
2/25/2025,23:00,10244.8
2/25/2025,23:15,10210.4
2/25/2025,23:30,10233.6
2/25/2025,23:45,10217.6
2/26/2025,0:00,10224
2/26/2025,0:15,10218.4
2/26/2025,0:30,10223.2
2/26/2025,0:45,10224
2/26/2025,1:00,10229.6
2/26/2025,1:15,10212.8
2/26/2025,1:30,10216.8
2/26/2025,1:45,10213.6
2/26/2025,2:00,10227.2
2/26/2025,2:15,10220
2/26/2025,2:30,10223.2
2/26/2025,2:45,10228
2/26/2025,3:00,10224.8
2/26/2025,3:15,10224
2/26/2025,3:30,10251.2
2/26/2025,3:45,10233.6
2/26/2025,4:00,10212.8
2/26/2025,4:15,10244
2/26/2025,4:30,10096.8
2/26/2025,4:45,10206.4
2/26/2025,5:00,10235.2
2/26/2025,5:15,10222.4
2/26/2025,5:30,10221.6
2/26/2025,5:45,10218.4
2/26/2025,6:00,10206.4
2/26/2025,6:15,10254.4
2/26/2025,6:30,10216
2/26/2025,6:45,10218.4
2/26/2025,7:00,10165.6
2/26/2025,7:15,10092.8
2/26/2025,7:30,9927.2
2/26/2025,7:45,9776
2/26/2025,8:00,9692
2/26/2025,8:15,9812.8
2/26/2025,8:30,9512.8
2/26/2025,8:45,9478.4
2/26/2025,9:00,8847.2
2/26/2025,9:15,8776.8
2/26/2025,9:30,8876
2/26/2025,9:45,8522.4
2/26/2025,10:00,8403.2
2/26/2025,10:15,8463.2
2/26/2025,10:30,8108.8
2/26/2025,10:45,8091.2
2/26/2025,11:00,7875.2
2/26/2025,11:15,7744.8
2/26/2025,11:30,7908.8
2/26/2025,11:45,7626.4
2/26/2025,12:00,7770.4
2/26/2025,12:15,7778.4
2/26/2025,12:30,7857.6
2/26/2025,12:45,7696
2/26/2025,13:00,7706.4
2/26/2025,13:15,7744.8
2/26/2025,13:30,7983.2
2/26/2025,13:45,8020.8
2/26/2025,14:00,8058.4
2/26/2025,14:15,8329.6
2/26/2025,14:30,8298.4
2/26/2025,14:45,8380.8
2/26/2025,15:00,8552.8
2/26/2025,15:15,8707.2
2/26/2025,15:30,8939.2
2/26/2025,15:45,8949.6
2/26/2025,16:00,9272.8
2/26/2025,16:15,9401.6
2/26/2025,16:30,9546.4
2/26/2025,16:45,9784.8
2/26/2025,17:00,9929.6
2/26/2025,17:15,10005.6
2/26/2025,17:30,10107.2
2/26/2025,17:45,10188.8
2/26/2025,18:00,10200.8
2/26/2025,18:15,10270.4
2/26/2025,18:30,10279.2
2/26/2025,18:45,10267.2
2/26/2025,19:00,10275.2
2/26/2025,19:15,10305.6
2/26/2025,19:30,10290.4
2/26/2025,19:45,10276
2/26/2025,20:00,10277.6
2/26/2025,20:15,10288
2/26/2025,20:30,10307.2
2/26/2025,20:45,10288
2/26/2025,21:00,10256
2/26/2025,21:15,10252
2/26/2025,21:30,10244
2/26/2025,21:45,10264
2/26/2025,22:00,10263.2
2/26/2025,22:15,10252
2/26/2025,22:30,10276
2/26/2025,22:45,10274.4
2/26/2025,23:00,10222.4
2/26/2025,23:15,10272
2/26/2025,23:30,10300.8
2/26/2025,23:45,10265.6
2/27/2025,0:00,10250.4
2/27/2025,0:15,10228.8
2/27/2025,0:30,10238.4
2/27/2025,0:45,10206.4
2/27/2025,1:00,10217.6
2/27/2025,1:15,10251.2
2/27/2025,1:30,10243.2
2/27/2025,1:45,10240.8
2/27/2025,2:00,10262.4
2/27/2025,2:15,10269.6
2/27/2025,2:30,10255.2
2/27/2025,2:45,10279.2
2/27/2025,3:00,10229.6
2/27/2025,3:15,10226.4
2/27/2025,3:30,10227.2
2/27/2025,3:45,10231.2
2/27/2025,4:00,10231.2
2/27/2025,4:15,10266.4
2/27/2025,4:30,10268
2/27/2025,4:45,10272
2/27/2025,5:00,10272.8
2/27/2025,5:15,10259.2
2/27/2025,5:30,10284
2/27/2025,5:45,10263.2
2/27/2025,6:00,10292.8
2/27/2025,6:15,10244.8
2/27/2025,6:30,10257.6
2/27/2025,6:45,10236
2/27/2025,7:00,10173.6
2/27/2025,7:15,10120
2/27/2025,7:30,10049.6
2/27/2025,7:45,9940.8
2/27/2025,8:00,9800
2/27/2025,8:15,9604.8
2/27/2025,8:30,9474.4
2/27/2025,8:45,9236.8
2/27/2025,9:00,7347.2
2/27/2025,9:15,7210.4
2/27/2025,9:30,7044.8
2/27/2025,9:45,6912.8
2/27/2025,10:00,7686.4
2/27/2025,10:15,8317.6
2/27/2025,10:30,8340.8
2/27/2025,10:45,8092
2/27/2025,11:00,7944.8
2/27/2025,11:15,7963.2
2/27/2025,11:30,7850.4
2/27/2025,11:45,7713.6
2/27/2025,12:00,7687.2
2/27/2025,12:15,7701.6
2/27/2025,12:30,7751.2
2/27/2025,12:45,7804.8
2/27/2025,13:00,7714.4
2/27/2025,13:15,7748.8
2/27/2025,13:30,7768.8
2/27/2025,13:45,7987.2
2/27/2025,14:00,8003.2
2/27/2025,14:15,8129.6
2/27/2025,14:30,8237.6
2/27/2025,14:45,8376.8
2/27/2025,15:00,8537.6
2/27/2025,15:15,8745.6
2/27/2025,15:30,8867.2
2/27/2025,15:45,8996
2/27/2025,16:00,9198.4
2/27/2025,16:15,9354.4
2/27/2025,16:30,9522.4
2/27/2025,16:45,9709.6
2/27/2025,17:00,9874.4
2/27/2025,17:15,10000
2/27/2025,17:30,10080.8
2/27/2025,17:45,10140.8
2/27/2025,18:00,10241.6
2/27/2025,18:15,10244
2/27/2025,18:30,10244
2/27/2025,18:45,10284.8
2/27/2025,19:00,10249.6
2/27/2025,19:15,10252.8
2/27/2025,19:30,10268
2/27/2025,19:45,10338.4
2/27/2025,20:00,10293.6
2/27/2025,20:15,10246.4
2/27/2025,20:30,10291.2
2/27/2025,20:45,10233.6
2/27/2025,21:00,10255.2
2/27/2025,21:15,10232
2/27/2025,21:30,10291.2
2/27/2025,21:45,10234.4
2/27/2025,22:00,10244.8
2/27/2025,22:15,10261.6
2/27/2025,22:30,10264
2/27/2025,22:45,10288
2/27/2025,23:00,10268.8
2/27/2025,23:15,10263.2
2/27/2025,23:30,10270.4
2/27/2025,23:45,10256
2/28/2025,0:00,10297.6
2/28/2025,0:15,10223.2
2/28/2025,0:30,10257.6
2/28/2025,0:45,10246.4
2/28/2025,1:00,10254.4
2/28/2025,1:15,10293.6
2/28/2025,1:30,10273.6
2/28/2025,1:45,10276.8
2/28/2025,2:00,10280
2/28/2025,2:15,10261.6
2/28/2025,2:30,10284.8
2/28/2025,2:45,10264.8
2/28/2025,3:00,10284.8
2/28/2025,3:15,10243.2
2/28/2025,3:30,10253.6
2/28/2025,3:45,10282.4
2/28/2025,4:00,10278.4
2/28/2025,4:15,10283.2
2/28/2025,4:30,10297.6
2/28/2025,4:45,10261.6
2/28/2025,5:00,10293.6
2/28/2025,5:15,10248.8
2/28/2025,5:30,10240.8
2/28/2025,5:45,10228.8
2/28/2025,6:00,10272
2/28/2025,6:15,10232.8
2/28/2025,6:30,10276
2/28/2025,6:45,10198.4
2/28/2025,7:00,10221.6
2/28/2025,7:15,10155.2
2/28/2025,7:30,10044
2/28/2025,7:45,9831.2
2/28/2025,8:00,9792.8
2/28/2025,8:15,9444.8
2/28/2025,8:30,9136
2/28/2025,8:45,9412
2/28/2025,9:00,9514.4
2/28/2025,9:15,8902.4
2/28/2025,9:30,9347.2
2/28/2025,9:45,9488
2/28/2025,10:00,8410.4
2/28/2025,10:15,8907.2
2/28/2025,10:30,8308
2/28/2025,10:45,8296.8
2/28/2025,11:00,8338.4
2/28/2025,11:15,7854.4
2/28/2025,11:30,8444.8
2/28/2025,11:45,8232
2/28/2025,12:00,8888.8
2/28/2025,12:15,9164
2/28/2025,12:30,9581.6
2/28/2025,12:45,9256
2/28/2025,13:00,9414.4
2/28/2025,13:15,9506.4
2/28/2025,13:30,9762.4
2/28/2025,13:45,9803.2
2/28/2025,14:00,9921.6
2/28/2025,14:15,9825.6
2/28/2025,14:30,9912
2/28/2025,14:45,9969.6
2/28/2025,15:00,9968
2/28/2025,15:15,9895.2
2/28/2025,15:30,9664.8
2/28/2025,15:45,9771.2
2/28/2025,16:00,9636
2/28/2025,16:15,9612.8
2/28/2025,16:30,9800
2/28/2025,16:45,10001.6
2/28/2025,17:00,10034.4
2/28/2025,17:15,9993.6
2/28/2025,17:30,10102.4
2/28/2025,17:45,10138.4
2/28/2025,18:00,10168
2/28/2025,18:15,10169.6
2/28/2025,18:30,10155.2
2/28/2025,18:45,10203.2
2/28/2025,19:00,10213.6
2/28/2025,19:15,10207.2
2/28/2025,19:30,10209.6
2/28/2025,19:45,10223.2
2/28/2025,20:00,10224
2/28/2025,20:15,10192
2/28/2025,20:30,10187.2
2/28/2025,20:45,10217.6
2/28/2025,21:00,10176
2/28/2025,21:15,10122.4
2/28/2025,21:30,10111.2
2/28/2025,21:45,10125.6
2/28/2025,22:00,10115.2
2/28/2025,22:15,10108.8
2/28/2025,22:30,10158.4
2/28/2025,22:45,10145.6
2/28/2025,23:00,10150.4
2/28/2025,23:15,10156
2/28/2025,23:30,10136
2/28/2025,23:45,10132.8
3/1/2025,0:00,10160
3/1/2025,0:15,10136
3/1/2025,0:30,10139.2
3/1/2025,0:45,10108
3/1/2025,1:00,10153.6
3/1/2025,1:15,10140
3/1/2025,1:30,10144.8
3/1/2025,1:45,10147.2
3/1/2025,2:00,10156.8
3/1/2025,2:15,10164
3/1/2025,2:30,10191.2
3/1/2025,2:45,10128.8
3/1/2025,3:00,10187.2
3/1/2025,3:15,10163.2
3/1/2025,3:30,10164
3/1/2025,3:45,10136
3/1/2025,4:00,10188
3/1/2025,4:15,10154.4
3/1/2025,4:30,10184.8
3/1/2025,4:45,10171.2
3/1/2025,5:00,10202.4
3/1/2025,5:15,10144
3/1/2025,5:30,10146.4
3/1/2025,5:45,10159.2
3/1/2025,6:00,10177.6
3/1/2025,6:15,10168.8
3/1/2025,6:30,10156
3/1/2025,6:45,10124.8
3/1/2025,7:00,10162.4
3/1/2025,7:15,10147.2
3/1/2025,7:30,10181.6
3/1/2025,7:45,10101.6
3/1/2025,8:00,10015.2
3/1/2025,8:15,9844
3/1/2025,8:30,9381.6
3/1/2025,8:45,9480.8
3/1/2025,9:00,9326.4
3/1/2025,9:15,9129.6
3/1/2025,9:30,9056.8
3/1/2025,9:45,8393.6
3/1/2025,10:00,8252
3/1/2025,10:15,7966.4
3/1/2025,10:30,8070.4
3/1/2025,10:45,8725.6
3/1/2025,11:00,8679.2
3/1/2025,11:15,8914.4
3/1/2025,11:30,9024.8
3/1/2025,11:45,8769.6
3/1/2025,12:00,8369.6
3/1/2025,12:15,8591.2
3/1/2025,12:30,8594.4
3/1/2025,12:45,7588.8
3/1/2025,13:00,8745.6
3/1/2025,13:15,7592
3/1/2025,13:30,7556
3/1/2025,13:45,8633.6
3/1/2025,14:00,8114.4
3/1/2025,14:15,8597.6
3/1/2025,14:30,8331.2
3/1/2025,14:45,8750.4
3/1/2025,15:00,8638.4
3/1/2025,15:15,8541.6
3/1/2025,15:30,8849.6
3/1/2025,15:45,8994.4
3/1/2025,16:00,9164.8
3/1/2025,16:15,9380
3/1/2025,16:30,9484.8
3/1/2025,16:45,9660
3/1/2025,17:00,9884
3/1/2025,17:15,9957.6
3/1/2025,17:30,9939.2
3/1/2025,17:45,10080
3/1/2025,18:00,10109.6
3/1/2025,18:15,10124
3/1/2025,18:30,10151.2
3/1/2025,18:45,10124.8
3/1/2025,19:00,10123.2
3/1/2025,19:15,10162.4
3/1/2025,19:30,10133.6
3/1/2025,19:45,10116
3/1/2025,20:00,10128
3/1/2025,20:15,10160.8
3/1/2025,20:30,10164
3/1/2025,20:45,10173.6
3/1/2025,21:00,10156
3/1/2025,21:15,10168.8
3/1/2025,21:30,10146.4
3/1/2025,21:45,10152.8
3/1/2025,22:00,10170.4
3/1/2025,22:15,10168.8
3/1/2025,22:30,10207.2
3/1/2025,22:45,10194.4
3/1/2025,23:00,10188.8
3/1/2025,23:15,10186.4
3/1/2025,23:30,10172
3/1/2025,23:45,10151.2
3/2/2025,0:00,10192.8
3/2/2025,0:15,10149.6
3/2/2025,0:30,10173.6
3/2/2025,0:45,10180
3/2/2025,1:00,10171.2
3/2/2025,1:15,10192
3/2/2025,1:30,10192
3/2/2025,1:45,10184
3/2/2025,2:00,10167.2
3/2/2025,2:15,10157.6
3/2/2025,2:30,10165.6
3/2/2025,2:45,10203.2
3/2/2025,3:00,10170.4
3/2/2025,3:15,10131.2
3/2/2025,3:30,10147.2
3/2/2025,3:45,10162.4
3/2/2025,4:00,10156
3/2/2025,4:15,10193.6
3/2/2025,4:30,10204
3/2/2025,4:45,10176
3/2/2025,5:00,10188.8
3/2/2025,5:15,10158.4
3/2/2025,5:30,10163.2
3/2/2025,5:45,10152
3/2/2025,6:00,10139.2
3/2/2025,6:15,10106.4
3/2/2025,6:30,10122.4
3/2/2025,6:45,10120
3/2/2025,7:00,10105.6
3/2/2025,7:15,10050.4
3/2/2025,7:30,10041.6
3/2/2025,7:45,10159.2
3/2/2025,8:00,10046.4
3/2/2025,8:15,10078.4
3/2/2025,8:30,10088.8
3/2/2025,8:45,10042.4
3/2/2025,9:00,9904.8
3/2/2025,9:15,9507.2
3/2/2025,9:30,9351.2
3/2/2025,9:45,8959.2
3/2/2025,10:00,9223.2
3/2/2025,10:15,8272.8
3/2/2025,10:30,8831.2
3/2/2025,10:45,9370.4
3/2/2025,11:00,9605.6
3/2/2025,11:15,9683.2
3/2/2025,11:30,8930.4
3/2/2025,11:45,9192.8
3/2/2025,12:00,8753.6
3/2/2025,12:15,8981.6
3/2/2025,12:30,9478.4
3/2/2025,12:45,9828.8
3/2/2025,13:00,9789.6
3/2/2025,13:15,9674.4
3/2/2025,13:30,9916.8
3/2/2025,13:45,10232
3/2/2025,14:00,10224
3/2/2025,14:15,10202.4
3/2/2025,14:30,10070.4
3/2/2025,14:45,8001.6
3/2/2025,15:00,9839.2
3/2/2025,15:15,10094.4
3/2/2025,15:30,10242.4
3/2/2025,15:45,10250.4
3/2/2025,16:00,10240.8
3/2/2025,16:15,10202.4
3/2/2025,16:30,10140.8
3/2/2025,16:45,10242.4
3/2/2025,17:00,10217.6
3/2/2025,17:15,10212.8
3/2/2025,17:30,10229.6
3/2/2025,17:45,10196
3/2/2025,18:00,10175.2
3/2/2025,18:15,10212
3/2/2025,18:30,10205.6
3/2/2025,18:45,10226.4
3/2/2025,19:00,10236
3/2/2025,19:15,10240
3/2/2025,19:30,10230.4
3/2/2025,19:45,10272.8
3/2/2025,20:00,10196
3/2/2025,20:15,10193.6
3/2/2025,20:30,10242.4
3/2/2025,20:45,10214.4
3/2/2025,21:00,10260
3/2/2025,21:15,10233.6
3/2/2025,21:30,10215.2
3/2/2025,21:45,10251.2
3/2/2025,22:00,10238.4
3/2/2025,22:15,10255.2
3/2/2025,22:30,10228.8
3/2/2025,22:45,10228
3/2/2025,23:00,10224.8
3/2/2025,23:15,10258.4
3/2/2025,23:30,10225.6
3/2/2025,23:45,10255.2
3/3/2025,0:00,10189.6
3/3/2025,0:15,10220.8
3/3/2025,0:30,10235.2
3/3/2025,0:45,10227.2
3/3/2025,1:00,10224.8
3/3/2025,1:15,10227.2
3/3/2025,1:30,10258.4
3/3/2025,1:45,10209.6
3/3/2025,2:00,10142.4
3/3/2025,2:15,10170.4
3/3/2025,2:30,10190.4
3/3/2025,2:45,10213.6
3/3/2025,3:00,10217.6
3/3/2025,3:15,10235.2
3/3/2025,3:30,10236
3/3/2025,3:45,10275.2
3/3/2025,4:00,10227.2
3/3/2025,4:15,10240
3/3/2025,4:30,10240
3/3/2025,4:45,10256
3/3/2025,5:00,10231.2
3/3/2025,5:15,10275.2
3/3/2025,5:30,10279.2
3/3/2025,5:45,10236.8
3/3/2025,6:00,10285.6
3/3/2025,6:15,10260
3/3/2025,6:30,10211.2
3/3/2025,6:45,10220
3/3/2025,7:00,10229.6
3/3/2025,7:15,10236.8
3/3/2025,7:30,10220.8
3/3/2025,7:45,10214.4
3/3/2025,8:00,10255.2
3/3/2025,8:15,10176.8
3/3/2025,8:30,10064
3/3/2025,8:45,10107.2
3/3/2025,9:00,10048
3/3/2025,9:15,10138.4
3/3/2025,9:30,9991.2
3/3/2025,9:45,10092
3/3/2025,10:00,9882.4
3/3/2025,10:15,9861.6
3/3/2025,10:30,9961.6
3/3/2025,10:45,9969.6
3/3/2025,11:00,10036.8
3/3/2025,11:15,10144
3/3/2025,11:30,10125.6
3/3/2025,11:45,9971.2
3/3/2025,12:00,9882.4
3/3/2025,12:15,9286.4
3/3/2025,12:30,9316.8
3/3/2025,12:45,9348
3/3/2025,13:00,9467.2
3/3/2025,13:15,9396
3/3/2025,13:30,9426.4
3/3/2025,13:45,9568.8
3/3/2025,14:00,9879.2
3/3/2025,14:15,9957.6
3/3/2025,14:30,10007.2
3/3/2025,14:45,9928.8
3/3/2025,15:00,10003.2
3/3/2025,15:15,9903.2
3/3/2025,15:30,9942.4
3/3/2025,15:45,9997.6
3/3/2025,16:00,10041.6
3/3/2025,16:15,10114.4
3/3/2025,16:30,10196
3/3/2025,16:45,10201.6
3/3/2025,17:00,10276.8
3/3/2025,17:15,10296.8
3/3/2025,17:30,10322.4
3/3/2025,17:45,10320
3/3/2025,18:00,10284
3/3/2025,18:15,10272.8
3/3/2025,18:30,10300.8
3/3/2025,18:45,10268
3/3/2025,19:00,10310.4
3/3/2025,19:15,10261.6
3/3/2025,19:30,10265.6
3/3/2025,19:45,10233.6
3/3/2025,20:00,10286.4
3/3/2025,20:15,10248
3/3/2025,20:30,10267.2
3/3/2025,20:45,10234.4
3/3/2025,21:00,10238.4
3/3/2025,21:15,10250.4
3/3/2025,21:30,10287.2
3/3/2025,21:45,10262.4
3/3/2025,22:00,10247.2
3/3/2025,22:15,10233.6
3/3/2025,22:30,10233.6
3/3/2025,22:45,10244.8
3/3/2025,23:00,10222.4
3/3/2025,23:15,10214.4
3/3/2025,23:30,10253.6
3/3/2025,23:45,10211.2
3/4/2025,0:00,10264
3/4/2025,0:15,10232
3/4/2025,0:30,10254.4
3/4/2025,0:45,10225.6
3/4/2025,1:00,10216
3/4/2025,1:15,10178.4
3/4/2025,1:30,10216
3/4/2025,1:45,10217.6
3/4/2025,2:00,10214.4
3/4/2025,2:15,10236.8
3/4/2025,2:30,10235.2
3/4/2025,2:45,10241.6
3/4/2025,3:00,10228
3/4/2025,3:15,10236.8
3/4/2025,3:30,10232
3/4/2025,3:45,10248
3/4/2025,4:00,10240
3/4/2025,4:15,10242.4
3/4/2025,4:30,10272
3/4/2025,4:45,10241.6
3/4/2025,5:00,10256.8
3/4/2025,5:15,10210.4
3/4/2025,5:30,10215.2
3/4/2025,5:45,10220.8
3/4/2025,6:00,10246.4
3/4/2025,6:15,10206.4
3/4/2025,6:30,10204.8
3/4/2025,6:45,10209.6
3/4/2025,7:00,10203.2
3/4/2025,7:15,10192.8
3/4/2025,7:30,10195.2
3/4/2025,7:45,10169.6
3/4/2025,8:00,10131.2
3/4/2025,8:15,9958.4
3/4/2025,8:30,10020.8
3/4/2025,8:45,10028
3/4/2025,9:00,9931.2
3/4/2025,9:15,10008
3/4/2025,9:30,9980
3/4/2025,9:45,9863.2
3/4/2025,10:00,9705.6
3/4/2025,10:15,9616.8
3/4/2025,10:30,9638.4
3/4/2025,10:45,9706.4
3/4/2025,11:00,9924
3/4/2025,11:15,9806.4
3/4/2025,11:30,10029.6
3/4/2025,11:45,9940.8
3/4/2025,12:00,9611.2
3/4/2025,12:15,9034.4
3/4/2025,12:30,9316.8
3/4/2025,12:45,9005.6
3/4/2025,13:00,9340
3/4/2025,13:15,9531.2
3/4/2025,13:30,9752
3/4/2025,13:45,9692.8
3/4/2025,14:00,9492
3/4/2025,14:15,9304
3/4/2025,14:30,9812.8
3/4/2025,14:45,9792
3/4/2025,15:00,9715.2
3/4/2025,15:15,9688.8
3/4/2025,15:30,9812.8
3/4/2025,15:45,9138.4
3/4/2025,16:00,9702.4
3/4/2025,16:15,10102.4
3/4/2025,16:30,10090.4
3/4/2025,16:45,10047.2
3/4/2025,17:00,10167.2
3/4/2025,17:15,10010.4
3/4/2025,17:30,10214.4
3/4/2025,17:45,10240.8
3/4/2025,18:00,10220.8
3/4/2025,18:15,10276
3/4/2025,18:30,10266.4
3/4/2025,18:45,10272
3/4/2025,19:00,10280.8
3/4/2025,19:15,10267.2
3/4/2025,19:30,10268
3/4/2025,19:45,10272.8
3/4/2025,20:00,10261.6
3/4/2025,20:15,10248
3/4/2025,20:30,10268.8
3/4/2025,20:45,10264.8
3/4/2025,21:00,10214.4
3/4/2025,21:15,10227.2
3/4/2025,21:30,10263.2
3/4/2025,21:45,10226.4
3/4/2025,22:00,10245.6
3/4/2025,22:15,10248.8
3/4/2025,22:30,10228
3/4/2025,22:45,10282.4
3/4/2025,23:00,10198.4
3/4/2025,23:15,10253.6
3/4/2025,23:30,10233.6
3/4/2025,23:45,10248
3/5/2025,0:00,10218.4
3/5/2025,0:15,10220.8
3/5/2025,0:30,10181.6
3/5/2025,0:45,10200.8
3/5/2025,1:00,10188.8
3/5/2025,1:15,10202.4
3/5/2025,1:30,10180.8
3/5/2025,1:45,10211.2
3/5/2025,2:00,10247.2
3/5/2025,2:15,10208
3/5/2025,2:30,10227.2
3/5/2025,2:45,10232.8
3/5/2025,3:00,10203.2
3/5/2025,3:15,10179.2
3/5/2025,3:30,10194.4
3/5/2025,3:45,10197.6
3/5/2025,4:00,10176.8
3/5/2025,4:15,10217.6
3/5/2025,4:30,10221.6
3/5/2025,4:45,10226.4
3/5/2025,5:00,10222.4
3/5/2025,5:15,10259.2
3/5/2025,5:30,10238.4
3/5/2025,5:45,10282.4
3/5/2025,6:00,10246.4
3/5/2025,6:15,10232
3/5/2025,6:30,10195.2
3/5/2025,6:45,10204
3/5/2025,7:00,10177.6
3/5/2025,7:15,10158.4
3/5/2025,7:30,10128
3/5/2025,7:45,10068
3/5/2025,8:00,10060.8
3/5/2025,8:15,10048.8
3/5/2025,8:30,9969.6
3/5/2025,8:45,9836
3/5/2025,9:00,9667.2
3/5/2025,9:15,9756
3/5/2025,9:30,8031.2
3/5/2025,9:45,9404.8
3/5/2025,10:00,9186.4
3/5/2025,10:15,9304.8
3/5/2025,10:30,8925.6
3/5/2025,10:45,9189.6
3/5/2025,11:00,9300
3/5/2025,11:15,9268.8
3/5/2025,11:30,8936
3/5/2025,11:45,8635.2
3/5/2025,12:00,9331.2
3/5/2025,12:15,8722.4
3/5/2025,12:30,8833.6
3/5/2025,12:45,8828.8
3/5/2025,13:00,9362.4
3/5/2025,13:15,9200
3/5/2025,13:30,9329.6
3/5/2025,13:45,9482.4
3/5/2025,14:00,9305.6
3/5/2025,14:15,9408
3/5/2025,14:30,9440
3/5/2025,14:45,9124.8
3/5/2025,15:00,8883.2
3/5/2025,15:15,9394.4
3/5/2025,15:30,9824.8
3/5/2025,15:45,10043.2
3/5/2025,16:00,10028.8
3/5/2025,16:15,10068
3/5/2025,16:30,10150.4
3/5/2025,16:45,10126.4
3/5/2025,17:00,10145.6
3/5/2025,17:15,10153.6
3/5/2025,17:30,10163.2
3/5/2025,17:45,10158.4
3/5/2025,18:00,10218.4
3/5/2025,18:15,10246.4
3/5/2025,18:30,10203.2
3/5/2025,18:45,10214.4
3/5/2025,19:00,10210.4
3/5/2025,19:15,10204
3/5/2025,19:30,10223.2
3/5/2025,19:45,10230.4
3/5/2025,20:00,10248
3/5/2025,20:15,10240.8
3/5/2025,20:30,10256
3/5/2025,20:45,10208.8
3/5/2025,21:00,10264.8
3/5/2025,21:15,10215.2
3/5/2025,21:30,10233.6
3/5/2025,21:45,10236.8
3/5/2025,22:00,10303.2
3/5/2025,22:15,10210.4
3/5/2025,22:30,10232
3/5/2025,22:45,10260
3/5/2025,23:00,10212.8
3/5/2025,23:15,10248
3/5/2025,23:30,10286.4
3/5/2025,23:45,10206.4
3/6/2025,0:00,10252.8
3/6/2025,0:15,10220
3/6/2025,0:30,10232.8
3/6/2025,0:45,10257.6
3/6/2025,1:00,10232.8
3/6/2025,1:15,10272.8
3/6/2025,1:30,10200
3/6/2025,1:45,10247.2
3/6/2025,2:00,10252
3/6/2025,2:15,10213.6
3/6/2025,2:30,10325.6
3/6/2025,2:45,10282.4
3/6/2025,3:00,10316
3/6/2025,3:15,10276.8
3/6/2025,3:30,10287.2
3/6/2025,3:45,10246.4
3/6/2025,4:00,10344
3/6/2025,4:15,10324
3/6/2025,4:30,10344.8
3/6/2025,4:45,10280
3/6/2025,5:00,10260
3/6/2025,5:15,10351.2
3/6/2025,5:30,10379.2
3/6/2025,5:45,10296
3/6/2025,6:00,10239.2
3/6/2025,6:15,10250.4
3/6/2025,6:30,10264
3/6/2025,6:45,10198.4
3/6/2025,7:00,10068
3/6/2025,7:15,9956.8
3/6/2025,7:30,9777.6
3/6/2025,7:45,9636.8
3/6/2025,8:00,9463.2
3/6/2025,8:15,9255.2
3/6/2025,8:30,8974.4
3/6/2025,8:45,8751.2
3/6/2025,9:00,8457.6
3/6/2025,9:15,8219.2
3/6/2025,9:30,8000
3/6/2025,9:45,7830.4
3/6/2025,10:00,7636.8
3/6/2025,10:15,7428
3/6/2025,10:30,7317.6
3/6/2025,10:45,7260.8
3/6/2025,11:00,7168.8
3/6/2025,11:15,6924.8
3/6/2025,11:30,6852.8
3/6/2025,11:45,7026.4
3/6/2025,12:00,6723.2
3/6/2025,12:15,6779.2
3/6/2025,12:30,6940
3/6/2025,12:45,6820
3/6/2025,13:00,6876
3/6/2025,13:15,6877.6
3/6/2025,13:30,7087.2
3/6/2025,13:45,4851.2
3/6/2025,14:00,5055.2
3/6/2025,14:15,7320.8
3/6/2025,14:30,7570.4
3/6/2025,14:45,7598.4
3/6/2025,15:00,7864
3/6/2025,15:15,8010.4
3/6/2025,15:30,8215.2
3/6/2025,15:45,8424.8
3/6/2025,16:00,8680.8
3/6/2025,16:15,8933.6
3/6/2025,16:30,9161.6
3/6/2025,16:45,9352.8
3/6/2025,17:00,9655.2
3/6/2025,17:15,9856.8
3/6/2025,17:30,10028
3/6/2025,17:45,10196.8
3/6/2025,18:00,10331.2
3/6/2025,18:15,10400.8
3/6/2025,18:30,10364.8
3/6/2025,18:45,10361.6
3/6/2025,19:00,10412.8
3/6/2025,19:15,10401.6
3/6/2025,19:30,10441.6
3/6/2025,19:45,10315.2
3/6/2025,20:00,10475.2
3/6/2025,20:15,10351.2
3/6/2025,20:30,10391.2
3/6/2025,20:45,10331.2
3/6/2025,21:00,10336.8
3/6/2025,21:15,10408
3/6/2025,21:30,10323.2
3/6/2025,21:45,10380.8
3/6/2025,22:00,10364
3/6/2025,22:15,10352.8
3/6/2025,22:30,10308.8
3/6/2025,22:45,10447.2
3/6/2025,23:00,10304.8
3/6/2025,23:15,10375.2
3/6/2025,23:30,10334.4
3/6/2025,23:45,10388.8
3/7/2025,0:00,10298.4
3/7/2025,0:15,10384.8
3/7/2025,0:30,10408
3/7/2025,0:45,10380.8
3/7/2025,1:00,10358.4
3/7/2025,1:15,10300.8
3/7/2025,1:30,10373.6
3/7/2025,1:45,10320
3/7/2025,2:00,10348.8
3/7/2025,2:15,10414.4
3/7/2025,2:30,10416.8
3/7/2025,2:45,10400
3/7/2025,3:00,10436.8
3/7/2025,3:15,10424.8
3/7/2025,3:30,10422.4
3/7/2025,3:45,10431.2
3/7/2025,4:00,10429.6
3/7/2025,4:15,10443.2
3/7/2025,4:30,10468
3/7/2025,4:45,10448.8
3/7/2025,5:00,10436
3/7/2025,5:15,10435.2
3/7/2025,5:30,10436.8
3/7/2025,5:45,10416
3/7/2025,6:00,10425.6
3/7/2025,6:15,10297.6
3/7/2025,6:30,10299.2
3/7/2025,6:45,10247.2
3/7/2025,7:00,10179.2
3/7/2025,7:15,10120
3/7/2025,7:30,10068
3/7/2025,7:45,9799.2
3/7/2025,8:00,9744
3/7/2025,8:15,9669.6
3/7/2025,8:30,9562.4
3/7/2025,8:45,9500.8
3/7/2025,9:00,9240
3/7/2025,9:15,9135.2
3/7/2025,9:30,8584.8
3/7/2025,9:45,8612.8
3/7/2025,10:00,8777.6
3/7/2025,10:15,8144.8
3/7/2025,10:30,8356.8
3/7/2025,10:45,7660
3/7/2025,11:00,7397.6
3/7/2025,11:15,7592.8
3/7/2025,11:30,8555.2
3/7/2025,11:45,8784
3/7/2025,12:00,8324.8
3/7/2025,12:15,8356
3/7/2025,12:30,8292
3/7/2025,12:45,7889.6
3/7/2025,13:00,7904.8
3/7/2025,13:15,8186.4
3/7/2025,13:30,7820.8
3/7/2025,13:45,7943.2
3/7/2025,14:00,8053.6
3/7/2025,14:15,8048.8
3/7/2025,14:30,7888.8
3/7/2025,14:45,7776.8
3/7/2025,15:00,8131.2
3/7/2025,15:15,8274.4
3/7/2025,15:30,8476.8
3/7/2025,15:45,8706.4
3/7/2025,16:00,8991.2
3/7/2025,16:15,9150.4
3/7/2025,16:30,9320.8
3/7/2025,16:45,9530.4
3/7/2025,17:00,9791.2
3/7/2025,17:15,9931.2
3/7/2025,17:30,10104.8
3/7/2025,17:45,10201.6
3/7/2025,18:00,10324
3/7/2025,18:15,10388.8
3/7/2025,18:30,10422.4
3/7/2025,18:45,10432.8
3/7/2025,19:00,10424
3/7/2025,19:15,10448.8
3/7/2025,19:30,10462.4
3/7/2025,19:45,10401.6
3/7/2025,20:00,10430.4
3/7/2025,20:15,10440.8
3/7/2025,20:30,10410.4
3/7/2025,20:45,10437.6
3/7/2025,21:00,10414.4
3/7/2025,21:15,10395.2
3/7/2025,21:30,10454.4
3/7/2025,21:45,10396
3/7/2025,22:00,10392
3/7/2025,22:15,10414.4
3/7/2025,22:30,10405.6
3/7/2025,22:45,10403.2
3/7/2025,23:00,10399.2
3/7/2025,23:15,10395.2
3/7/2025,23:30,10414.4
3/7/2025,23:45,10382.4
3/8/2025,0:00,10372.8
3/8/2025,0:15,10344
3/8/2025,0:30,10319.2
3/8/2025,0:45,10318.4
3/8/2025,1:00,10329.6
3/8/2025,1:15,10346.4
3/8/2025,1:30,10417.6
3/8/2025,1:45,10403.2
3/8/2025,2:00,10404.8
3/8/2025,2:15,10387.2
3/8/2025,2:30,10408
3/8/2025,2:45,10372
3/8/2025,3:00,10355.2
3/8/2025,3:15,10311.2
3/8/2025,3:30,10337.6
3/8/2025,3:45,10361.6
3/8/2025,4:00,10372
3/8/2025,4:15,10372
3/8/2025,4:30,10384
3/8/2025,4:45,10384
3/8/2025,5:00,10333.6
3/8/2025,5:15,10372
3/8/2025,5:30,10348.8
3/8/2025,5:45,10379.2
3/8/2025,6:00,10329.6
3/8/2025,6:15,10340.8
3/8/2025,6:30,10319.2
3/8/2025,6:45,10297.6
3/8/2025,7:00,10172.8
3/8/2025,7:15,10085.6
3/8/2025,7:30,9872
3/8/2025,7:45,9712.8
3/8/2025,8:00,9695.2
3/8/2025,8:15,9362.4
3/8/2025,8:30,9080.8
3/8/2025,8:45,8824
3/8/2025,9:00,8625.6
3/8/2025,9:15,8385.6
3/8/2025,9:30,8100
3/8/2025,9:45,7949.6
3/8/2025,10:00,7802.4
3/8/2025,10:15,7639.2
3/8/2025,10:30,7486.4
3/8/2025,10:45,7377.6
3/8/2025,11:00,7255.2
3/8/2025,11:15,7216.8
3/8/2025,11:30,7119.2
3/8/2025,11:45,7076.8
3/8/2025,12:00,7063.2
3/8/2025,12:15,7016
3/8/2025,12:30,7117.6
3/8/2025,12:45,6984
3/8/2025,13:00,7045.6
3/8/2025,13:15,7244
3/8/2025,13:30,7190.4
3/8/2025,13:45,7288.8
3/8/2025,14:00,7426.4
3/8/2025,14:15,7515.2
3/8/2025,14:30,7741.6
3/8/2025,14:45,7744
3/8/2025,15:00,7946.4
3/8/2025,15:15,8225.6
3/8/2025,15:30,8464.8
3/8/2025,15:45,9354.4
3/8/2025,16:00,8612
3/8/2025,16:15,9080
3/8/2025,16:30,9549.6
3/8/2025,16:45,9587.2
3/8/2025,17:00,9779.2
3/8/2025,17:15,9884.8
3/8/2025,17:30,10027.2
3/8/2025,17:45,10180.8
3/8/2025,18:00,10273.6
3/8/2025,18:15,10368
3/8/2025,18:30,10348
3/8/2025,18:45,10304
3/8/2025,19:00,10296.8
3/8/2025,19:15,10360.8
3/8/2025,19:30,10359.2
3/8/2025,19:45,10356
3/8/2025,20:00,10366.4
3/8/2025,20:15,10387.2
3/8/2025,20:30,10334.4
3/8/2025,20:45,10326.4
3/8/2025,21:00,10310.4
3/8/2025,21:15,10320.8
3/8/2025,21:30,10381.6
3/8/2025,21:45,10364.8
3/8/2025,22:00,10331.2
3/8/2025,22:15,10375.2
3/8/2025,22:30,10346.4
3/8/2025,22:45,10331.2
3/8/2025,23:00,10323.2
3/8/2025,23:15,10302.4
3/8/2025,23:30,10313.6
3/8/2025,23:45,10320.8
3/9/2025,0:00,10344.8
3/9/2025,0:15,10368
3/9/2025,0:30,10338.4
3/9/2025,0:45,10318.4
3/9/2025,1:00,10326.4
3/9/2025,1:15,10324
3/9/2025,1:30,10338.4
3/9/2025,1:45,10351.2
3/9/2025,2:00,10355.2
3/9/2025,2:15,10301.6
3/9/2025,2:30,10302.4
3/9/2025,2:45,10338.4
3/9/2025,3:00,10355.2
3/9/2025,3:15,10356
3/9/2025,3:30,10344
3/9/2025,3:45,10355.2
3/9/2025,4:00,10336
3/9/2025,4:15,10332.8
3/9/2025,4:30,10344.8
3/9/2025,4:45,10393.6
3/9/2025,5:00,10365.6
3/9/2025,5:15,10310.4
3/9/2025,5:30,10165.6
3/9/2025,5:45,10315.2
3/9/2025,6:00,10286.4
3/9/2025,6:15,10286.4
3/9/2025,6:30,10296.8
3/9/2025,6:45,10250.4
3/9/2025,7:00,10207.2
3/9/2025,7:15,10146.4
3/9/2025,7:30,9949.6
3/9/2025,7:45,9598.4
3/9/2025,8:00,9492.8
3/9/2025,8:15,9255.2
3/9/2025,8:30,9569.6
3/9/2025,8:45,9370.4
3/9/2025,9:00,8583.2
3/9/2025,9:15,8348.8
3/9/2025,9:30,8107.2
3/9/2025,9:45,7883.2
3/9/2025,10:00,7689.6
3/9/2025,10:15,7312
3/9/2025,10:30,7868
3/9/2025,10:45,7543.2
3/9/2025,11:00,7503.2
3/9/2025,11:15,6855.2
3/9/2025,11:30,6971.2
3/9/2025,11:45,7309.6
3/9/2025,12:00,6852.8
3/9/2025,12:15,7392
3/9/2025,12:30,7743.2
3/9/2025,12:45,7934.4
3/9/2025,13:00,8111.2
3/9/2025,13:15,8274.4
3/9/2025,13:30,7990.4
3/9/2025,13:45,8746.4
3/9/2025,14:00,8728
3/9/2025,14:15,8859.2
3/9/2025,14:30,8783.2
3/9/2025,14:45,9039.2
3/9/2025,15:00,9070.4
3/9/2025,15:15,9244
3/9/2025,15:30,8560.8
3/9/2025,15:45,8917.6
3/9/2025,16:00,9206.4
3/9/2025,16:15,8839.2
3/9/2025,16:30,9390.4
3/9/2025,16:45,9814.4
3/9/2025,17:00,10036.8
3/9/2025,17:15,10066.4
3/9/2025,17:30,10234.4
3/9/2025,17:45,10261.6
3/9/2025,18:00,10348
3/9/2025,18:15,10407.2
3/9/2025,18:30,10398.4
3/9/2025,18:45,10395.2
3/9/2025,19:00,10336.8
3/9/2025,19:15,10367.2
3/9/2025,19:30,10418.4
3/9/2025,19:45,10373.6
3/9/2025,20:00,10388.8
3/9/2025,20:15,10393.6
3/9/2025,20:30,10408
3/9/2025,20:45,10410.4
3/9/2025,21:00,10414.4
3/9/2025,21:15,10392
3/9/2025,21:30,10400.8
3/9/2025,21:45,10393.6
3/9/2025,22:00,10400
3/9/2025,22:15,10324
3/9/2025,22:30,10447.2
3/9/2025,22:45,10368.8
3/9/2025,23:00,10370.4
3/9/2025,23:15,10387.2
3/9/2025,23:30,10336.8
3/9/2025,23:45,10358.4
3/10/2025,0:00,10402.4
3/10/2025,0:15,10376.8
3/10/2025,0:30,10376
3/10/2025,0:45,10348
3/10/2025,1:00,10379.2
3/10/2025,1:15,10364.8
3/10/2025,1:30,10358.4
3/10/2025,1:45,10358.4
3/10/2025,2:00,10368
3/10/2025,2:15,10316.8
3/10/2025,2:30,10394.4
3/10/2025,2:45,10383.2
3/10/2025,3:00,10382.4
3/10/2025,3:15,10365.6
3/10/2025,3:30,10368
3/10/2025,3:45,10366.4
3/10/2025,4:00,10364
3/10/2025,4:15,10374.4
3/10/2025,4:30,10360.8
3/10/2025,4:45,10359.2
3/10/2025,5:00,10371.2
3/10/2025,5:15,10347.2
3/10/2025,5:30,10356.8
3/10/2025,5:45,10327.2
3/10/2025,6:00,10332.8
3/10/2025,6:15,10305.6
3/10/2025,6:30,10336
3/10/2025,6:45,10260.8
3/10/2025,7:00,10197.6
3/10/2025,7:15,10042.4
3/10/2025,7:30,9872
3/10/2025,7:45,9669.6
3/10/2025,8:00,9522.4
3/10/2025,8:15,9312.8
3/10/2025,8:30,9054.4
3/10/2025,8:45,8805.6
3/10/2025,9:00,8624
3/10/2025,9:15,8388.8
3/10/2025,9:30,8182.4
3/10/2025,9:45,7927.2
3/10/2025,10:00,7789.6
3/10/2025,10:15,7645.6
3/10/2025,10:30,7544
3/10/2025,10:45,7423.2
3/10/2025,11:00,7325.6
3/10/2025,11:15,7166.4
3/10/2025,11:30,7019.2
3/10/2025,11:45,7054.4
3/10/2025,12:00,7147.2
3/10/2025,12:15,6976
3/10/2025,12:30,7002.4
3/10/2025,12:45,7143.2
3/10/2025,13:00,7127.2
3/10/2025,13:15,7148.8
3/10/2025,13:30,7200.8
3/10/2025,13:45,7348.8
3/10/2025,14:00,7498.4
3/10/2025,14:15,7554.4
3/10/2025,14:30,7726.4
3/10/2025,14:45,7832
3/10/2025,15:00,7976.8
3/10/2025,15:15,8150.4
3/10/2025,15:30,8420
3/10/2025,15:45,8646.4
3/10/2025,16:00,8872.8
3/10/2025,16:15,9066.4
3/10/2025,16:30,9296
3/10/2025,16:45,9544
3/10/2025,17:00,9696.8
3/10/2025,17:15,9904
3/10/2025,17:30,10062.4
3/10/2025,17:45,10216.8
3/10/2025,18:00,10301.6
3/10/2025,18:15,10360.8
3/10/2025,18:30,10326.4
3/10/2025,18:45,10335.2
3/10/2025,19:00,10309.6
3/10/2025,19:15,10331.2
3/10/2025,19:30,10304
3/10/2025,19:45,8601.6
3/10/2025,20:00,10088.8
3/10/2025,20:15,10362.4
3/10/2025,20:30,10363.2
3/10/2025,20:45,10358.4
3/10/2025,21:00,10348.8
3/10/2025,21:15,10321.6
3/10/2025,21:30,10375.2
3/10/2025,21:45,10341.6
3/10/2025,22:00,10399.2
3/10/2025,22:15,10343.2
3/10/2025,22:30,10305.6
3/10/2025,22:45,10400
3/10/2025,23:00,10404.8
3/10/2025,23:15,10357.6
3/10/2025,23:30,10394.4
3/10/2025,23:45,10386.4
3/11/2025,0:00,10347.2
3/11/2025,0:15,10279.2
3/11/2025,0:30,10284.8
3/11/2025,0:45,10292
3/11/2025,1:00,10332
3/11/2025,1:15,10243.2
3/11/2025,1:30,10312
3/11/2025,1:45,10320.8
3/11/2025,2:00,10348
3/11/2025,2:15,10340
3/11/2025,2:30,10338.4
3/11/2025,2:45,10344.8
3/11/2025,3:00,10324.8
3/11/2025,3:15,10336
3/11/2025,3:30,10323.2
3/11/2025,3:45,10359.2
3/11/2025,4:00,10366.4
3/11/2025,4:15,10332.8
3/11/2025,4:30,10320.8
3/11/2025,4:45,10349.6
3/11/2025,5:00,10360.8
3/11/2025,5:15,10372
3/11/2025,5:30,10376.8
3/11/2025,5:45,10324
3/11/2025,6:00,10325.6
3/11/2025,6:15,10357.6
3/11/2025,6:30,10358.4
3/11/2025,6:45,10316.8
3/11/2025,7:00,10225.6
3/11/2025,7:15,10064.8
3/11/2025,7:30,9928
3/11/2025,7:45,9604.8
3/11/2025,8:00,9195.2
3/11/2025,8:15,9192.8
3/11/2025,8:30,8840
3/11/2025,8:45,9040.8
3/11/2025,9:00,8297.6
3/11/2025,9:15,8240.8
3/11/2025,9:30,7936.8
3/11/2025,9:45,8628.8
3/11/2025,10:00,8133.6
3/11/2025,10:15,7457.6
3/11/2025,10:30,7418.4
3/11/2025,10:45,7378.4
3/11/2025,11:00,7048.8
3/11/2025,11:15,7418.4
3/11/2025,11:30,8908
3/11/2025,11:45,6747.2
3/11/2025,12:00,7500
3/11/2025,12:15,7412
3/11/2025,12:30,6706.4
3/11/2025,12:45,7761.6
3/11/2025,13:00,6934.4
3/11/2025,13:15,9152
3/11/2025,13:30,7461.6
3/11/2025,13:45,7497.6
3/11/2025,14:00,9171.2
3/11/2025,14:15,7368.8
3/11/2025,14:30,7781.6
3/11/2025,14:45,8876.8
3/11/2025,15:00,8854.4
3/11/2025,15:15,8616
3/11/2025,15:30,9232.8
3/11/2025,15:45,8874.4
3/11/2025,16:00,9544
3/11/2025,16:15,9029.6
3/11/2025,16:30,9036
3/11/2025,16:45,9908
3/11/2025,17:00,10053.6
3/11/2025,17:15,9741.6
3/11/2025,17:30,10061.6
3/11/2025,17:45,10151.2
3/11/2025,18:00,10252.8
3/11/2025,18:15,10332
3/11/2025,18:30,10371.2
3/11/2025,18:45,10316.8
3/11/2025,19:00,10358.4
3/11/2025,19:15,10385.6
3/11/2025,19:30,10293.6
3/11/2025,19:45,10320.8
3/11/2025,20:00,10320.8
3/11/2025,20:15,10320.8
3/11/2025,20:30,10356
3/11/2025,20:45,10332
3/11/2025,21:00,10319.2
3/11/2025,21:15,10286.4
3/11/2025,21:30,10323.2
3/11/2025,21:45,10286.4
3/11/2025,22:00,10339.2
3/11/2025,22:15,10319.2
3/11/2025,22:30,10325.6
3/11/2025,22:45,10279.2
3/11/2025,23:00,10284
3/11/2025,23:15,10276.8
3/11/2025,23:30,10309.6
3/11/2025,23:45,10295.2
3/12/2025,0:00,10285.6
3/12/2025,0:15,10292
3/12/2025,0:30,10301.6
3/12/2025,0:45,10292
3/12/2025,1:00,10284.8
3/12/2025,1:15,10277.6
3/12/2025,1:30,10309.6
3/12/2025,1:45,10263.2
3/12/2025,2:00,10264.8
3/12/2025,2:15,10268.8
3/12/2025,2:30,10283.2
3/12/2025,2:45,10266.4
3/12/2025,3:00,10277.6
3/12/2025,3:15,10275.2
3/12/2025,3:30,10287.2
3/12/2025,3:45,10307.2
3/12/2025,4:00,10284
3/12/2025,4:15,10305.6
3/12/2025,4:30,10304
3/12/2025,4:45,10302.4
3/12/2025,5:00,10293.6
3/12/2025,5:15,10286.4
3/12/2025,5:30,10304.8
3/12/2025,5:45,10312
3/12/2025,6:00,10305.6
3/12/2025,6:15,10250.4
3/12/2025,6:30,10299.2
3/12/2025,6:45,10272.8
3/12/2025,7:00,10205.6
3/12/2025,7:15,10159.2
3/12/2025,7:30,9864
3/12/2025,7:45,9797.6
3/12/2025,8:00,9574.4
3/12/2025,8:15,9540
3/12/2025,8:30,8908.8
3/12/2025,8:45,9217.6
3/12/2025,9:00,8840.8
3/12/2025,9:15,8676.8
3/12/2025,9:30,8188
3/12/2025,9:45,7800
3/12/2025,10:00,8288
3/12/2025,10:15,8372
3/12/2025,10:30,7744
3/12/2025,10:45,8718.4
3/12/2025,11:00,7328
3/12/2025,11:15,6944
3/12/2025,11:30,8044
3/12/2025,11:45,8112
3/12/2025,12:00,8532
3/12/2025,12:15,8210.4
3/12/2025,12:30,7992
3/12/2025,12:45,9212
3/12/2025,13:00,9351.2
3/12/2025,13:15,9251.2
3/12/2025,13:30,9392
3/12/2025,13:45,9356
3/12/2025,14:00,9360
3/12/2025,14:15,8904.8
3/12/2025,14:30,9012.8
3/12/2025,14:45,9461.6
3/12/2025,15:00,9863.2
3/12/2025,15:15,9860
3/12/2025,15:30,9954.4
3/12/2025,15:45,10192
3/12/2025,16:00,10158.4
3/12/2025,16:15,9984
3/12/2025,16:30,10134.4
3/12/2025,16:45,10066.4
3/12/2025,17:00,10194.4
3/12/2025,17:15,10290.4
3/12/2025,17:30,10297.6
3/12/2025,17:45,10346.4
3/12/2025,18:00,10287.2
3/12/2025,18:15,10305.6
3/12/2025,18:30,10308.8
3/12/2025,18:45,10328
3/12/2025,19:00,10288.8
3/12/2025,19:15,10339.2
3/12/2025,19:30,10316.8
3/12/2025,19:45,10304.8
3/12/2025,20:00,10312.8
3/12/2025,20:15,10304
3/12/2025,20:30,10321.6
3/12/2025,20:45,10256.8
3/12/2025,21:00,10301.6
3/12/2025,21:15,10264.8
3/12/2025,21:30,10280.8
3/12/2025,21:45,10304
3/12/2025,22:00,10257.6
3/12/2025,22:15,10312.8
3/12/2025,22:30,10325.6
3/12/2025,22:45,10254.4
3/12/2025,23:00,10247.2
3/12/2025,23:15,10228.8
3/12/2025,23:30,10272
3/12/2025,23:45,10271.2
3/13/2025,0:00,10244.8
3/13/2025,0:15,10264
3/13/2025,0:30,10276
3/13/2025,0:45,10272
3/13/2025,1:00,10239.2
3/13/2025,1:15,10219.2
3/13/2025,1:30,10237.6
3/13/2025,1:45,10290.4
3/13/2025,2:00,10290.4
3/13/2025,2:15,10324
3/13/2025,2:30,10296.8
3/13/2025,2:45,10315.2
3/13/2025,3:00,10309.6
3/13/2025,3:15,10280.8
3/13/2025,3:30,10300.8
3/13/2025,3:45,10302.4
3/13/2025,4:00,10272.8
3/13/2025,4:15,10316
3/13/2025,4:30,10315.2
3/13/2025,4:45,10321.6
3/13/2025,5:00,10328.8
3/13/2025,5:15,10352.8
3/13/2025,5:30,10283.2
3/13/2025,5:45,10284
3/13/2025,6:00,10271.2
3/13/2025,6:15,10285.6
3/13/2025,6:30,10274.4
3/13/2025,6:45,10264
3/13/2025,7:00,10235.2
3/13/2025,7:15,10235.2
3/13/2025,7:30,10206.4
3/13/2025,7:45,10116
3/13/2025,8:00,10134.4
3/13/2025,8:15,9939.2
3/13/2025,8:30,9760
3/13/2025,8:45,9731.2
3/13/2025,9:00,9414.4
3/13/2025,9:15,9343.2
3/13/2025,9:30,9304.8
3/13/2025,9:45,9584
3/13/2025,10:00,9676
3/13/2025,10:15,9624
3/13/2025,10:30,9532.8
3/13/2025,10:45,9283.2
3/13/2025,11:00,8940
3/13/2025,11:15,9095.2
3/13/2025,11:30,8868
3/13/2025,11:45,8676.8
3/13/2025,12:00,8345.6
3/13/2025,12:15,8004.8
3/13/2025,12:30,8013.6
3/13/2025,12:45,7450.4
3/13/2025,13:00,7092.8
3/13/2025,13:15,8504
3/13/2025,13:30,8315.2
3/13/2025,13:45,8110.4
3/13/2025,14:00,8802.4
3/13/2025,14:15,9775.2
3/13/2025,14:30,9740
3/13/2025,14:45,9990.4
3/13/2025,15:00,9875.2
3/13/2025,15:15,10023.2
3/13/2025,15:30,10097.6
3/13/2025,15:45,10130.4
3/13/2025,16:00,10142.4
3/13/2025,16:15,10140.8
3/13/2025,16:30,10226.4
3/13/2025,16:45,10261.6
3/13/2025,17:00,10178.4
3/13/2025,17:15,10155.2
3/13/2025,17:30,10149.6
3/13/2025,17:45,10175.2
3/13/2025,18:00,10234.4
3/13/2025,18:15,10268
3/13/2025,18:30,10344
3/13/2025,18:45,10303.2
3/13/2025,19:00,10308
3/13/2025,19:15,10271.2
3/13/2025,19:30,10307.2
3/13/2025,19:45,10307.2
3/13/2025,20:00,10334.4
3/13/2025,20:15,10334.4
3/13/2025,20:30,10346.4
3/13/2025,20:45,10305.6
3/13/2025,21:00,10311.2
3/13/2025,21:15,10285.6
3/13/2025,21:30,10300.8
3/13/2025,21:45,10287.2
3/13/2025,22:00,10324
3/13/2025,22:15,10321.6
3/13/2025,22:30,10333.6
3/13/2025,22:45,10260.8
3/13/2025,23:00,10283.2
3/13/2025,23:15,10283.2
3/13/2025,23:30,10268
3/13/2025,23:45,10284.8
3/14/2025,0:00,10252
3/14/2025,0:15,10283.2
3/14/2025,0:30,10354.4
3/14/2025,0:45,10276
3/14/2025,1:00,10295.2
3/14/2025,1:15,10267.2
3/14/2025,1:30,10270.4
3/14/2025,1:45,10280
3/14/2025,2:00,10277.6
3/14/2025,2:15,10276
3/14/2025,2:30,10288.8
3/14/2025,2:45,10320
3/14/2025,3:00,10264
3/14/2025,3:15,10274.4
3/14/2025,3:30,10311.2
3/14/2025,3:45,10300
3/14/2025,4:00,10270.4
3/14/2025,4:15,10304
3/14/2025,4:30,10279.2
3/14/2025,4:45,10295.2
3/14/2025,5:00,10298.4
3/14/2025,5:15,10292.8
3/14/2025,5:30,10295.2
3/14/2025,5:45,10307.2
3/14/2025,6:00,10340.8
3/14/2025,6:15,10297.6
3/14/2025,6:30,10276
3/14/2025,6:45,10304.8
3/14/2025,7:00,10271.2
3/14/2025,7:15,10232.8
3/14/2025,7:30,10206.4
3/14/2025,7:45,10192
3/14/2025,8:00,10150.4
3/14/2025,8:15,10102.4
3/14/2025,8:30,9968.8
3/14/2025,8:45,9934.4
3/14/2025,9:00,9873.6
3/14/2025,9:15,9858.4
3/14/2025,9:30,9848.8
3/14/2025,9:45,9564
3/14/2025,10:00,9522.4
3/14/2025,10:15,9390.4
3/14/2025,10:30,9552.8
3/14/2025,10:45,8982.4
3/14/2025,11:00,9192.8
3/14/2025,11:15,9438.4
3/14/2025,11:30,9506.4
3/14/2025,11:45,9456.8
3/14/2025,12:00,9732.8
3/14/2025,12:15,9828.8
3/14/2025,12:30,9900
3/14/2025,12:45,9615.2
3/14/2025,13:00,9933.6
3/14/2025,13:15,10061.6
3/14/2025,13:30,10028
3/14/2025,13:45,10027.2
3/14/2025,14:00,10087.2
3/14/2025,14:15,10078.4
3/14/2025,14:30,10098.4
3/14/2025,14:45,9967.2
3/14/2025,15:00,10093.6
3/14/2025,15:15,10076.8
3/14/2025,15:30,10094.4
3/14/2025,15:45,10052.8
3/14/2025,16:00,10107.2
3/14/2025,16:15,10085.6
3/14/2025,16:30,10187.2
3/14/2025,16:45,10091.2
3/14/2025,17:00,10234.4
3/14/2025,17:15,10141.6
3/14/2025,17:30,10161.6
3/14/2025,17:45,10200.8
3/14/2025,18:00,10249.6
3/14/2025,18:15,10251.2
3/14/2025,18:30,10252.8
3/14/2025,18:45,10283.2
3/14/2025,19:00,10288
3/14/2025,19:15,10289.6
3/14/2025,19:30,10316.8
3/14/2025,19:45,10291.2
3/14/2025,20:00,10262.4
3/14/2025,20:15,10274.4
3/14/2025,20:30,10254.4
3/14/2025,20:45,10222.4
3/14/2025,21:00,10225.6
3/14/2025,21:15,10263.2
3/14/2025,21:30,10286.4
3/14/2025,21:45,10286.4
3/14/2025,22:00,10300.8
3/14/2025,22:15,10308
3/14/2025,22:30,10319.2
3/14/2025,22:45,10306.4
3/14/2025,23:00,10244.8
3/14/2025,23:15,10268.8
3/14/2025,23:30,10258.4
3/14/2025,23:45,10273.6
3/15/2025,0:00,10230.4
3/15/2025,0:15,10253.6
3/15/2025,0:30,10269.6
3/15/2025,0:45,10260
3/15/2025,1:00,10172.8
3/15/2025,1:15,10263.2
3/15/2025,1:30,10290.4
3/15/2025,1:45,10292
3/15/2025,2:00,10296.8
3/15/2025,2:15,10250.4
3/15/2025,2:30,10288.8
3/15/2025,2:45,10274.4
3/15/2025,3:00,10290.4
3/15/2025,3:15,10284.8
3/15/2025,3:30,10276
3/15/2025,3:45,10279.2
3/15/2025,4:00,10318.4
3/15/2025,4:15,10309.6
3/15/2025,4:30,10298.4
3/15/2025,4:45,10297.6
3/15/2025,5:00,10324
3/15/2025,5:15,10302.4
3/15/2025,5:30,10269.6
3/15/2025,5:45,10282.4
3/15/2025,6:00,10282.4
3/15/2025,6:15,10277.6
3/15/2025,6:30,10240.8
3/15/2025,6:45,10201.6
3/15/2025,7:00,10096
3/15/2025,7:15,10131.2
3/15/2025,7:30,10052
3/15/2025,7:45,10122.4
3/15/2025,8:00,10104
3/15/2025,8:15,9987.2
3/15/2025,8:30,9990.4
3/15/2025,8:45,9728.8
3/15/2025,9:00,9914.4
3/15/2025,9:15,9780.8
3/15/2025,9:30,9444.8
3/15/2025,9:45,9363.2
3/15/2025,10:00,9135.2
3/15/2025,10:15,9580.8
3/15/2025,10:30,9251.2
3/15/2025,10:45,9349.6
3/15/2025,11:00,9206.4
3/15/2025,11:15,9032
3/15/2025,11:30,9334.4
3/15/2025,11:45,8786.4
3/15/2025,12:00,8925.6
3/15/2025,12:15,8832.8
3/15/2025,12:30,8792.8
3/15/2025,12:45,9073.6
3/15/2025,13:00,9098.4
3/15/2025,13:15,9246.4
3/15/2025,13:30,9410.4
3/15/2025,13:45,9599.2
3/15/2025,14:00,9171.2
3/15/2025,14:15,8958.4
3/15/2025,14:30,8957.6
3/15/2025,14:45,9336.8
3/15/2025,15:00,9376
3/15/2025,15:15,9738.4
3/15/2025,15:30,9891.2
3/15/2025,15:45,9773.6
3/15/2025,16:00,9931.2
3/15/2025,16:15,9858.4
3/15/2025,16:30,9976.8
3/15/2025,16:45,10030.4
3/15/2025,17:00,10184.8
3/15/2025,17:15,10178.4
3/15/2025,17:30,10350.4
3/15/2025,17:45,9984.8
3/15/2025,18:00,10395.2
3/15/2025,18:15,10156.8
3/15/2025,18:30,10419.2
3/15/2025,18:45,10348.8
3/15/2025,19:00,10316.8
3/15/2025,19:15,10350.4
3/15/2025,19:30,10319.2
3/15/2025,19:45,10368.8
3/15/2025,20:00,10308.8
3/15/2025,20:15,10365.6
3/15/2025,20:30,10256
3/15/2025,20:45,10367.2
3/15/2025,21:00,10274.4
3/15/2025,21:15,10296
3/15/2025,21:30,10180
3/15/2025,21:45,10388.8
3/15/2025,22:00,9997.6
3/15/2025,22:15,10369.6
3/15/2025,22:30,10163.2
3/15/2025,22:45,10352
3/15/2025,23:00,10344
3/15/2025,23:15,10301.6
3/15/2025,23:30,10365.6
3/15/2025,23:45,10239.2
3/16/2025,0:00,10323.2
3/16/2025,0:15,10230.4
3/16/2025,0:30,10293.6
3/16/2025,0:45,10232
3/16/2025,1:00,10310.4
3/16/2025,1:15,10222.4
3/16/2025,1:30,10320.8
3/16/2025,1:45,10120.8
3/16/2025,2:00,10380
3/16/2025,2:15,10004
3/16/2025,2:30,10377.6
3/16/2025,2:45,10284.8
3/16/2025,3:00,10335.2
3/16/2025,3:15,10340
3/16/2025,3:30,10294.4
3/16/2025,3:45,10349.6
3/16/2025,4:00,10270.4
3/16/2025,4:15,10352
3/16/2025,4:30,10231.2
3/16/2025,4:45,10355.2
3/16/2025,5:00,10313.6
3/16/2025,5:15,10349.6
3/16/2025,5:30,10240.8
3/16/2025,5:45,10377.6
3/16/2025,6:00,10098.4
3/16/2025,6:15,10364
3/16/2025,6:30,10068.8
3/16/2025,6:45,10196
3/16/2025,7:00,10024.8
3/16/2025,7:15,9984
3/16/2025,7:30,9804.8
3/16/2025,7:45,9582.4
3/16/2025,8:00,9451.2
3/16/2025,8:15,9100.8
3/16/2025,8:30,8924
3/16/2025,8:45,8576
3/16/2025,9:00,8398.4
3/16/2025,9:15,8127.2
3/16/2025,9:30,8000.8
3/16/2025,9:45,7654.4
3/16/2025,10:00,7584.8
3/16/2025,10:15,7115.2
3/16/2025,10:30,7265.6
3/16/2025,10:45,7005.6
3/16/2025,11:00,7704.8
3/16/2025,11:15,6818.4
3/16/2025,11:30,6778.4
3/16/2025,11:45,6777.6
3/16/2025,12:00,6704.8
3/16/2025,12:15,6740
3/16/2025,12:30,6616
3/16/2025,12:45,6676.8
3/16/2025,13:00,6720.8
3/16/2025,13:15,6834.4
3/16/2025,13:30,6822.4
3/16/2025,13:45,7091.2
3/16/2025,14:00,6983.2
3/16/2025,14:15,7286.4
3/16/2025,14:30,7099.2
3/16/2025,14:45,7568.8
3/16/2025,15:00,7560
3/16/2025,15:15,7940.8
3/16/2025,15:30,8144.8
3/16/2025,15:45,8367.2
3/16/2025,16:00,8584.8
3/16/2025,16:15,8806.4
3/16/2025,16:30,9112
3/16/2025,16:45,9268
3/16/2025,17:00,9642.4
3/16/2025,17:15,9711.2
3/16/2025,17:30,10110.4
3/16/2025,17:45,10173.6
3/16/2025,18:00,10304
3/16/2025,18:15,10247.2
3/16/2025,18:30,10439.2
3/16/2025,18:45,10047.2
3/16/2025,19:00,10408.8
3/16/2025,19:15,10344
3/16/2025,19:30,10376.8
3/16/2025,19:45,10415.2
3/16/2025,20:00,10364
3/16/2025,20:15,10430.4
3/16/2025,20:30,10365.6
3/16/2025,20:45,10398.4
3/16/2025,21:00,10294.4
3/16/2025,21:15,10380
3/16/2025,21:30,10289.6
3/16/2025,21:45,10404.8
3/16/2025,22:00,10288
3/16/2025,22:15,10416.8
3/16/2025,22:30,10216
3/16/2025,22:45,10432
3/16/2025,23:00,10176.8
3/16/2025,23:15,10435.2
3/16/2025,23:30,10310.4
3/16/2025,23:45,10417.6
3/17/2025,0:00,10404.8
3/17/2025,0:15,10310.4
3/17/2025,0:30,10399.2
3/17/2025,0:45,10300.8
3/17/2025,1:00,10416
3/17/2025,1:15,10248.8
3/17/2025,1:30,10410.4
3/17/2025,1:45,10308
3/17/2025,2:00,10374.4
3/17/2025,2:15,10301.6
3/17/2025,2:30,10378.4
3/17/2025,2:45,10176.8
3/17/2025,3:00,10448
3/17/2025,3:15,10167.2
3/17/2025,3:30,10379.2
3/17/2025,3:45,10255.2
3/17/2025,4:00,10336.8
3/17/2025,4:15,10379.2
3/17/2025,4:30,10314.4
3/17/2025,4:45,10370.4
3/17/2025,5:00,10320
3/17/2025,5:15,10388.8
3/17/2025,5:30,10271.2
3/17/2025,5:45,10379.2
3/17/2025,6:00,10336.8
3/17/2025,6:15,10355.2
3/17/2025,6:30,10216
3/17/2025,6:45,10236.8
3/17/2025,7:00,9780.8
3/17/2025,7:15,9945.6
3/17/2025,7:30,9597.6
3/17/2025,7:45,9544
3/17/2025,8:00,9386.4
3/17/2025,8:15,9148
3/17/2025,8:30,8881.6
3/17/2025,8:45,8559.2
3/17/2025,9:00,8413.6
3/17/2025,9:15,8108
3/17/2025,9:30,7980
3/17/2025,9:45,7643.2
3/17/2025,10:00,7572.8
3/17/2025,10:15,7357.6
3/17/2025,10:30,7266.4
3/17/2025,10:45,7021.6
3/17/2025,11:00,7072
3/17/2025,11:15,6704.8
3/17/2025,11:30,6926.4
3/17/2025,11:45,6736
3/17/2025,12:00,6892.8
3/17/2025,12:15,6760.8
3/17/2025,12:30,6804.8
3/17/2025,12:45,6870.4
3/17/2025,13:00,6836.8
3/17/2025,13:15,6998.4
3/17/2025,13:30,6974.4
3/17/2025,13:45,7077.6
3/17/2025,14:00,7104.8
3/17/2025,14:15,7326.4
3/17/2025,14:30,7409.6
3/17/2025,14:45,7632
3/17/2025,15:00,7737.6
3/17/2025,15:15,8010.4
3/17/2025,15:30,7877.6
3/17/2025,15:45,8496.8
3/17/2025,16:00,8599.2
3/17/2025,16:15,8861.6
3/17/2025,16:30,9067.2
3/17/2025,16:45,9350.4
3/17/2025,17:00,9621.6
3/17/2025,17:15,9764.8
3/17/2025,17:30,9978.4
3/17/2025,17:45,10082.4
3/17/2025,18:00,10329.6
3/17/2025,18:15,10256.8
3/17/2025,18:30,10386.4
3/17/2025,18:45,10304.8
3/17/2025,19:00,10352
3/17/2025,19:15,10087.2
3/17/2025,19:30,10445.6
3/17/2025,19:45,10099.2
3/17/2025,20:00,10460.8
3/17/2025,20:15,10307.2
3/17/2025,20:30,10427.2
3/17/2025,20:45,10440.8
3/17/2025,21:00,10352.8
3/17/2025,21:15,10379.2
3/17/2025,21:30,10350.4
3/17/2025,21:45,10416
3/17/2025,22:00,10297.6
3/17/2025,22:15,10376
3/17/2025,22:30,10280.8
3/17/2025,22:45,10340
3/17/2025,23:00,10269.6
3/17/2025,23:15,10334.4
3/17/2025,23:30,10128.8
3/17/2025,23:45,10401.6
3/18/2025,0:00,10181.6
3/18/2025,0:15,10412.8
3/18/2025,0:30,10285.6
3/18/2025,0:45,10368
3/18/2025,1:00,10397.6
3/18/2025,1:15,10344
3/18/2025,1:30,10376.8
3/18/2025,1:45,10307.2
3/18/2025,2:00,10393.6
3/18/2025,2:15,10265.6
3/18/2025,2:30,10376.8
3/18/2025,2:45,10281.6
3/18/2025,3:00,10362.4
3/18/2025,3:15,10260
3/18/2025,3:30,10396.8
3/18/2025,3:45,10123.2
3/18/2025,4:00,10410.4
3/18/2025,4:15,10138.4
3/18/2025,4:30,10396
3/18/2025,4:45,10302.4
3/18/2025,5:00,10336.8
3/18/2025,5:15,10359.2
3/18/2025,5:30,10310.4
3/18/2025,5:45,10328
3/18/2025,6:00,10256.8
3/18/2025,6:15,10360.8
3/18/2025,6:30,10240.8
3/18/2025,6:45,10220
3/18/2025,7:00,10024
3/18/2025,7:15,9918.4
3/18/2025,7:30,9622.4
3/18/2025,7:45,9536
3/18/2025,8:00,9016.8
3/18/2025,8:15,9111.2
3/18/2025,8:30,8736.8
3/18/2025,8:45,8571.2
3/18/2025,9:00,8256.8
3/18/2025,9:15,8017.6
3/18/2025,9:30,7838.4
3/18/2025,9:45,7549.6
3/18/2025,10:00,7538.4
3/18/2025,10:15,7308.8
3/18/2025,10:30,7264.8
3/18/2025,10:45,7072.8
3/18/2025,11:00,7088.8
3/18/2025,11:15,6912.8
3/18/2025,11:30,6932
3/18/2025,11:45,6638.4
3/18/2025,12:00,6880.8
3/18/2025,12:15,6541.6
3/18/2025,12:30,6907.2
3/18/2025,12:45,6717.6
3/18/2025,13:00,6957.6
3/18/2025,13:15,6937.6
3/18/2025,13:30,6985.6
3/18/2025,13:45,7125.6
3/18/2025,14:00,7156.8
3/18/2025,14:15,7354.4
3/18/2025,14:30,7388
3/18/2025,14:45,7506.4
3/18/2025,15:00,7687.2
3/18/2025,15:15,7889.6
3/18/2025,15:30,8063.2
3/18/2025,15:45,8394.4
3/18/2025,16:00,8344
3/18/2025,16:15,8868.8
3/18/2025,16:30,8859.2
3/18/2025,16:45,9328.8
3/18/2025,17:00,9428.8
3/18/2025,17:15,9770.4
3/18/2025,17:30,9992
3/18/2025,17:45,10023.2
3/18/2025,18:00,10224.8
3/18/2025,18:15,10230.4
3/18/2025,18:30,10319.2
3/18/2025,18:45,10216
3/18/2025,19:00,10353.6
3/18/2025,19:15,10283.2
3/18/2025,19:30,10378.4
3/18/2025,19:45,10250.4
3/18/2025,20:00,10380
3/18/2025,20:15,10064.8
3/18/2025,20:30,10425.6
3/18/2025,20:45,10063.2
3/18/2025,21:00,10348.8
3/18/2025,21:15,10230.4
3/18/2025,21:30,10328.8
3/18/2025,21:45,10370.4
3/18/2025,22:00,10264.8
3/18/2025,22:15,10308.8
3/18/2025,22:30,10252.8
3/18/2025,22:45,10326.4
3/18/2025,23:00,10190.4
3/18/2025,23:15,10284.8
3/18/2025,23:30,10214.4
3/18/2025,23:45,10266.4
3/19/2025,0:00,10096
3/19/2025,0:15,10358.4
3/19/2025,0:30,9954.4
3/19/2025,0:45,10371.2
3/19/2025,1:00,10216
3/19/2025,1:15,10307.2
3/19/2025,1:30,10307.2
3/19/2025,1:45,10268
3/19/2025,2:00,10322.4
3/19/2025,2:15,10242.4
3/19/2025,2:30,10377.6
3/19/2025,2:45,10266.4
3/19/2025,3:00,10344
3/19/2025,3:15,10220.8
3/19/2025,3:30,10335.2
3/19/2025,3:45,10262.4
3/19/2025,4:00,10320
3/19/2025,4:15,10161.6
3/19/2025,4:30,10380.8
3/19/2025,4:45,10025.6
3/19/2025,5:00,10398.4
3/19/2025,5:15,10166.4
3/19/2025,5:30,10343.2
3/19/2025,5:45,10321.6
3/19/2025,6:00,10276.8
3/19/2025,6:15,10326.4
3/19/2025,6:30,10204
3/19/2025,6:45,10164.8
3/19/2025,7:00,9962.4
3/19/2025,7:15,9861.6
3/19/2025,7:30,9588.8
3/19/2025,7:45,9452.8
3/19/2025,8:00,9165.6
3/19/2025,8:15,9024
3/19/2025,8:30,8566.4
3/19/2025,8:45,8626.4
3/19/2025,9:00,8048
3/19/2025,9:15,8161.6
3/19/2025,9:30,7844
3/19/2025,9:45,7753.6
3/19/2025,10:00,7600.8
3/19/2025,10:15,7456
3/19/2025,10:30,7350.4
3/19/2025,10:45,7210.4
3/19/2025,11:00,7213.6
3/19/2025,11:15,7077.6
3/19/2025,11:30,7027.2
3/19/2025,11:45,6927.2
3/19/2025,12:00,6999.2
3/19/2025,12:15,6883.2
3/19/2025,12:30,7017.6
3/19/2025,12:45,6818.4
3/19/2025,13:00,7101.6
3/19/2025,13:15,6907.2
3/19/2025,13:30,7145.6
3/19/2025,13:45,6958.4
3/19/2025,14:00,7026.4
3/19/2025,14:15,7161.6
3/19/2025,14:30,7352
3/19/2025,14:45,7436
3/19/2025,15:00,7643.2
3/19/2025,15:15,7785.6
3/19/2025,15:30,7982.4
3/19/2025,15:45,8147.2
3/19/2025,16:00,8411.2
3/19/2025,16:15,8583.2
3/19/2025,16:30,9198.4
3/19/2025,16:45,9349.6
3/19/2025,17:00,9543.2
3/19/2025,17:15,9776
3/19/2025,17:30,9892
3/19/2025,17:45,10088
3/19/2025,18:00,10128.8
3/19/2025,18:15,10290.4
3/19/2025,18:30,10246.4
3/19/2025,18:45,10327.2
3/19/2025,19:00,10205.6
3/19/2025,19:15,10292.8
3/19/2025,19:30,10182.4
3/19/2025,19:45,10352.8
3/19/2025,20:00,10024.8
3/19/2025,20:15,10420.8
3/19/2025,20:30,10183.2
3/19/2025,20:45,10308
3/19/2025,21:00,10332.8
3/19/2025,21:15,10284.8
3/19/2025,21:30,10332
3/19/2025,21:45,10264
3/19/2025,22:00,10351.2
3/19/2025,22:15,10284.8
3/19/2025,22:30,10304
3/19/2025,22:45,10233.6
3/19/2025,23:00,10385.6
3/19/2025,23:15,10309.6
3/19/2025,23:30,10348.8
3/19/2025,23:45,10152
3/20/2025,0:00,10385.6
3/20/2025,0:15,10030.4
3/20/2025,0:30,10392
3/20/2025,0:45,10136
3/20/2025,1:00,10376.8
3/20/2025,1:15,10315.2
3/20/2025,1:30,10288.8
3/20/2025,1:45,10356
3/20/2025,2:00,10332.8
3/20/2025,2:15,10425.6
3/20/2025,2:30,10308
3/20/2025,2:45,10370.4
3/20/2025,3:00,10274.4
3/20/2025,3:15,10340
3/20/2025,3:30,10287.2
3/20/2025,3:45,10358.4
3/20/2025,4:00,10154.4
3/20/2025,4:15,10389.6
3/20/2025,4:30,10045.6
3/20/2025,4:45,10402.4
3/20/2025,5:00,10236
3/20/2025,5:15,10286.4
3/20/2025,5:30,10344.8
3/20/2025,5:45,10279.2
3/20/2025,6:00,10342.4
3/20/2025,6:15,10313.6
3/20/2025,6:30,10235.2
3/20/2025,6:45,10101.6
3/20/2025,7:00,10032
3/20/2025,7:15,9783.2
3/20/2025,7:30,9722.4
3/20/2025,7:45,9414.4
3/20/2025,8:00,9381.6
3/20/2025,8:15,8838.4
3/20/2025,8:30,8790.4
3/20/2025,8:45,8286.4
3/20/2025,9:00,8240
3/20/2025,9:15,8088.8
3/20/2025,9:30,7945.6
3/20/2025,9:45,7799.2
3/20/2025,10:00,7521.6
3/20/2025,10:15,7440.8
3/20/2025,10:30,7260
3/20/2025,10:45,7238.4
3/20/2025,11:00,6962.4
3/20/2025,11:15,7048.8
3/20/2025,11:30,6941.6
3/20/2025,11:45,6629.6
3/20/2025,12:00,6968
3/20/2025,12:15,6856
3/20/2025,12:30,6669.6
3/20/2025,12:45,6596.8
3/20/2025,13:00,6596.8
3/20/2025,13:15,6652
3/20/2025,13:30,6745.6
3/20/2025,13:45,6842.4
3/20/2025,14:00,7221.6
3/20/2025,14:15,7376.8
3/20/2025,14:30,7497.6
3/20/2025,14:45,7611.2
3/20/2025,15:00,7728.8
3/20/2025,15:15,8010.4
3/20/2025,15:30,8202.4
3/20/2025,15:45,8357.6
3/20/2025,16:00,8589.6
3/20/2025,16:15,8801.6
3/20/2025,16:30,9026.4
3/20/2025,16:45,9217.6
3/20/2025,17:00,9485.6
3/20/2025,17:15,9713.6
3/20/2025,17:30,9814.4
3/20/2025,17:45,9889.6
3/20/2025,18:00,10130.4
3/20/2025,18:15,10337.6
3/20/2025,18:30,10155.2
3/20/2025,18:45,10254.4
3/20/2025,19:00,10345.6
3/20/2025,19:15,10207.2
3/20/2025,19:30,10220
3/20/2025,19:45,10288
3/20/2025,20:00,10296
3/20/2025,20:15,10224.8
3/20/2025,20:30,10341.6
3/20/2025,20:45,10350.4
3/20/2025,21:00,10235.2
3/20/2025,21:15,10223.2
3/20/2025,21:30,10295.2
3/20/2025,21:45,10273.6
3/20/2025,22:00,10169.6
3/20/2025,22:15,10330.4
3/20/2025,22:30,10332.8
3/20/2025,22:45,10229.6
3/20/2025,23:00,10208
3/20/2025,23:15,10265.6
3/20/2025,23:30,10275.2
3/20/2025,23:45,10206.4
3/21/2025,0:00,10273.6
3/21/2025,0:15,10348
3/21/2025,0:30,10282.4
3/21/2025,0:45,10229.6
3/21/2025,1:00,10293.6
3/21/2025,1:15,10299.2
3/21/2025,1:30,10123.2
3/21/2025,1:45,10333.6
3/21/2025,2:00,10352.8
3/21/2025,2:15,10221.6
3/21/2025,2:30,10237.6
3/21/2025,2:45,10309.6
3/21/2025,3:00,10267.2
3/21/2025,3:15,10134.4
3/21/2025,3:30,10293.6
3/21/2025,3:45,10334.4
3/21/2025,4:00,10236.8
3/21/2025,4:15,10249.6
3/21/2025,4:30,10308
3/21/2025,4:45,10300.8
3/21/2025,5:00,10147.2
3/21/2025,5:15,10316
3/21/2025,5:30,10332.8
3/21/2025,5:45,10226.4
3/21/2025,6:00,10238.4
3/21/2025,6:15,10272.8
3/21/2025,6:30,10243.2
3/21/2025,6:45,10024
3/21/2025,7:00,10009.6
3/21/2025,7:15,9880.8
3/21/2025,7:30,9512
3/21/2025,7:45,9438.4
3/21/2025,8:00,9189.6
3/21/2025,8:15,8903.2
3/21/2025,8:30,6471.2
3/21/2025,8:45,6481.6
3/21/2025,9:00,8524.8
3/21/2025,9:15,8043.2
3/21/2025,9:30,7800
3/21/2025,9:45,7556
3/21/2025,10:00,7485.6
3/21/2025,10:15,7096.8
3/21/2025,10:30,7247.2
3/21/2025,10:45,7171.2
3/21/2025,11:00,6917.6
3/21/2025,11:15,6953.6
3/21/2025,11:30,6877.6
3/21/2025,11:45,6864.8
3/21/2025,12:00,6569.6
3/21/2025,12:15,6829.6
3/21/2025,12:30,6855.2
3/21/2025,12:45,6708.8
3/21/2025,13:00,6869.6
3/21/2025,13:15,6894.4
3/21/2025,13:30,7068.8
3/21/2025,13:45,7124
3/21/2025,14:00,7234.4
3/21/2025,14:15,7300
3/21/2025,14:30,7450.4
3/21/2025,14:45,7558.4
3/21/2025,15:00,7743.2
3/21/2025,15:15,7969.6
3/21/2025,15:30,8100.8
3/21/2025,15:45,8260.8
3/21/2025,16:00,8505.6
3/21/2025,16:15,8732.8
3/21/2025,16:30,9013.6
3/21/2025,16:45,9264
3/21/2025,17:00,9486.4
3/21/2025,17:15,9679.2
3/21/2025,17:30,9568
3/21/2025,17:45,9736.8
3/21/2025,18:00,9848
3/21/2025,18:15,9936
3/21/2025,18:30,9922.4
3/21/2025,18:45,10139.2
3/21/2025,19:00,10048.8
3/21/2025,19:15,10071.2
3/21/2025,19:30,10117.6
3/21/2025,19:45,10165.6
3/21/2025,20:00,10145.6
3/21/2025,20:15,10118.4
3/21/2025,20:30,10169.6
3/21/2025,20:45,10116
3/21/2025,21:00,10136
3/21/2025,21:15,10067.2
3/21/2025,21:30,10120
3/21/2025,21:45,10115.2
3/21/2025,22:00,10181.6
3/21/2025,22:15,10012.8
3/21/2025,22:30,10118.4
3/21/2025,22:45,10061.6
3/21/2025,23:00,10118.4
3/21/2025,23:15,10064.8
3/21/2025,23:30,10113.6
3/21/2025,23:45,10080.8
3/22/2025,0:00,10081.6
3/22/2025,0:15,10077.6
3/22/2025,0:30,10140
3/22/2025,0:45,10167.2
3/22/2025,1:00,10146.4
3/22/2025,1:15,10202.4
3/22/2025,1:30,10122.4
3/22/2025,1:45,10164
3/22/2025,2:00,10208.8
3/22/2025,2:15,10184.8
3/22/2025,2:30,10138.4
3/22/2025,2:45,10145.6
3/22/2025,3:00,10175.2
3/22/2025,3:15,10193.6
3/22/2025,3:30,10193.6
3/22/2025,3:45,10212
3/22/2025,4:00,10176
3/22/2025,4:15,10222.4
3/22/2025,4:30,10215.2
3/22/2025,4:45,10231.2
3/22/2025,5:00,10204
3/22/2025,5:15,10213.6
3/22/2025,5:30,10141.6
3/22/2025,5:45,10215.2
3/22/2025,6:00,10194.4
3/22/2025,6:15,10174.4
3/22/2025,6:30,10141.6
3/22/2025,6:45,9984
3/22/2025,7:00,9884
3/22/2025,7:15,9749.6
3/22/2025,7:30,9541.6
3/22/2025,7:45,9332.8
3/22/2025,8:00,9088.8
3/22/2025,8:15,8889.6
3/22/2025,8:30,8608
3/22/2025,8:45,8346.4
3/22/2025,9:00,8115.2
3/22/2025,9:15,7926.4
3/22/2025,9:30,7711.2
3/22/2025,9:45,7609.6
3/22/2025,10:00,7448.8
3/22/2025,10:15,7284
3/22/2025,10:30,7223.2
3/22/2025,10:45,7097.6
3/22/2025,11:00,7004
3/22/2025,11:15,6976
3/22/2025,11:30,6897.6
3/22/2025,11:45,6822.4
3/22/2025,12:00,6765.6
3/22/2025,12:15,6828
3/22/2025,12:30,6837.6
3/22/2025,12:45,6815.2
3/22/2025,13:00,6952.8
3/22/2025,13:15,6993.6
3/22/2025,13:30,7031.2
3/22/2025,13:45,7133.6
3/22/2025,14:00,7190.4
3/22/2025,14:15,7358.4
3/22/2025,14:30,7542.4
3/22/2025,14:45,7717.6
3/22/2025,15:00,7890.4
3/22/2025,15:15,8060
3/22/2025,15:30,8176.8
3/22/2025,15:45,8432.8
3/22/2025,16:00,8607.2
3/22/2025,16:15,8824
3/22/2025,16:30,9035.2
3/22/2025,16:45,7520
3/22/2025,17:00,10018.4
3/22/2025,17:15,9664
3/22/2025,17:30,9764.8
3/22/2025,17:45,3557.6
3/22/2025,18:00,7896
3/22/2025,18:15,8880
3/22/2025,18:30,6540.8
3/22/2025,18:45,6334.4
3/22/2025,19:00,8674.4
3/22/2025,19:15,10358.4
3/22/2025,19:30,8077.6
3/22/2025,19:45,8004
3/22/2025,20:00,9654.4
3/22/2025,20:15,10590.4
3/22/2025,20:30,10604.8
3/22/2025,20:45,10753.6
3/22/2025,21:00,10753.6
3/22/2025,21:15,10731.2
3/22/2025,21:30,10675.2
3/22/2025,21:45,10818.4
3/22/2025,22:00,10715.2
3/22/2025,22:15,10503.2
3/22/2025,22:30,10924.8
3/22/2025,22:45,10892
3/22/2025,23:00,11465.6
3/22/2025,23:15,10688.8
3/22/2025,23:30,11280
3/22/2025,23:45,11320
3/23/2025,0:00,11376
3/23/2025,0:15,11335.2
3/23/2025,0:30,8028
3/23/2025,0:45,9736.8
3/23/2025,1:00,9814.4
3/23/2025,1:15,9919.2
3/23/2025,1:30,9958.4
3/23/2025,1:45,10335.2
3/23/2025,2:00,10277.6
3/23/2025,2:15,10364
3/23/2025,2:30,10306.4
3/23/2025,2:45,10439.2
3/23/2025,3:00,10394.4
3/23/2025,3:15,10481.6
3/23/2025,3:30,10321.6
3/23/2025,3:45,10512.8
3/23/2025,4:00,10148.8
3/23/2025,4:15,10500
3/23/2025,4:30,10420
3/23/2025,4:45,10500.8
3/23/2025,5:00,10508.8
3/23/2025,5:15,10481.6
3/23/2025,5:30,10547.2
3/23/2025,5:45,10479.2
3/23/2025,6:00,10508
3/23/2025,6:15,10400
3/23/2025,6:30,10392
3/23/2025,6:45,10264.8
3/23/2025,7:00,10149.6
3/23/2025,7:15,9925.6
3/23/2025,7:30,9901.6
3/23/2025,7:45,9131.2
3/23/2025,8:00,9717.6
3/23/2025,8:15,8991.2
3/23/2025,8:30,9008.8
3/23/2025,8:45,8978.4
3/23/2025,9:00,8800.8
3/23/2025,9:15,8144.8
3/23/2025,9:30,9307.2
3/23/2025,9:45,8990.4
3/23/2025,10:00,8589.6
3/23/2025,10:15,9563.2
3/23/2025,10:30,9448
3/23/2025,10:45,9628
3/23/2025,11:00,9416.8
3/23/2025,11:15,9199.2
3/23/2025,11:30,9062.4
3/23/2025,11:45,8944
3/23/2025,12:00,8931.2
3/23/2025,12:15,9145.6
3/23/2025,12:30,8852
3/23/2025,12:45,8490.4
3/23/2025,13:00,8326.4
3/23/2025,13:15,8500
3/23/2025,13:30,8224.8
3/23/2025,13:45,8922.4
3/23/2025,14:00,8588
3/23/2025,14:15,8588
3/23/2025,14:30,8537.6
3/23/2025,14:45,8420.8
3/23/2025,15:00,9278.4
3/23/2025,15:15,9732.8
3/23/2025,15:30,9826.4
3/23/2025,15:45,9992
3/23/2025,16:00,10057.6
3/23/2025,16:15,9864.8
3/23/2025,16:30,9914.4
3/23/2025,16:45,10061.6
3/23/2025,17:00,9979.2
3/23/2025,17:15,9870.4
3/23/2025,17:30,8034.4
3/23/2025,17:45,10172
3/23/2025,18:00,10252.8
3/23/2025,18:15,10292.8
3/23/2025,18:30,10334.4
3/23/2025,18:45,10372
3/23/2025,19:00,10196
3/23/2025,19:15,10361.6
3/23/2025,19:30,10448
3/23/2025,19:45,10350.4
3/23/2025,20:00,10335.2
3/23/2025,20:15,10317.6
3/23/2025,20:30,10376.8
3/23/2025,20:45,10201.6
3/23/2025,21:00,10407.2
3/23/2025,21:15,10433.6
3/23/2025,21:30,10320
3/23/2025,21:45,10360
3/23/2025,22:00,10358.4
3/23/2025,22:15,10298.4
3/23/2025,22:30,10212.8
3/23/2025,22:45,10358.4
3/23/2025,23:00,10427.2
3/23/2025,23:15,10312.8
3/23/2025,23:30,10344
3/23/2025,23:45,10340.8
3/24/2025,0:00,10320.8
3/24/2025,0:15,10113.6
3/24/2025,0:30,10384
3/24/2025,0:45,10392
3/24/2025,1:00,10304
3/24/2025,1:15,10336
3/24/2025,1:30,10368.8
3/24/2025,1:45,10340
3/24/2025,2:00,10076.8
3/24/2025,2:15,10351.2
3/24/2025,2:30,10372
3/24/2025,2:45,10255.2
3/24/2025,3:00,10394.4
3/24/2025,3:15,10296.8
3/24/2025,3:30,10312
3/24/2025,3:45,10013.6
3/24/2025,4:00,10348
3/24/2025,4:15,10420.8
3/24/2025,4:30,10332.8
3/24/2025,4:45,10371.2
3/24/2025,5:00,10436.8
3/24/2025,5:15,10326.4
3/24/2025,5:30,10140
3/24/2025,5:45,10408.8
3/24/2025,6:00,10486.4
3/24/2025,6:15,10359.2
3/24/2025,6:30,10350.4
3/24/2025,6:45,10242.4
3/24/2025,7:00,10047.2
3/24/2025,7:15,9643.2
3/24/2025,7:30,9860.8
3/24/2025,7:45,9692.8
3/24/2025,8:00,9412
3/24/2025,8:15,9283.2
3/24/2025,8:30,9028
3/24/2025,8:45,8788.8
3/24/2025,9:00,8260
3/24/2025,9:15,8346.4
3/24/2025,9:30,8230.4
3/24/2025,9:45,7944.8
3/24/2025,10:00,7937.6
3/24/2025,10:15,7755.2
3/24/2025,10:30,7587.2
3/24/2025,10:45,7216.8
3/24/2025,11:00,7470.4
3/24/2025,11:15,7417.6
3/24/2025,11:30,7313.6
3/24/2025,11:45,7391.2
3/24/2025,12:00,7455.2
3/24/2025,12:15,7352
3/24/2025,12:30,7090.4
3/24/2025,12:45,7409.6
3/24/2025,13:00,7443.2
3/24/2025,13:15,7358.4
3/24/2025,13:30,7535.2
3/24/2025,13:45,7541.6
3/24/2025,14:00,7599.2
3/24/2025,14:15,7580.8
3/24/2025,14:30,7893.6
3/24/2025,14:45,8106.4
3/24/2025,15:00,8244
3/24/2025,15:15,8422.4
3/24/2025,15:30,8627.2
3/24/2025,15:45,8752.8
3/24/2025,16:00,8967.2
3/24/2025,16:15,9163.2
3/24/2025,16:30,9332.8
3/24/2025,16:45,9529.6
3/24/2025,17:00,9659.2
3/24/2025,17:15,9826.4
3/24/2025,17:30,10016.8
3/24/2025,17:45,10124
3/24/2025,18:00,10232.8
3/24/2025,18:15,10267.2
3/24/2025,18:30,10248
3/24/2025,18:45,10223.2
3/24/2025,19:00,10278.4
3/24/2025,19:15,10251.2
3/24/2025,19:30,10256.8
3/24/2025,19:45,10224
3/24/2025,20:00,10212
3/24/2025,20:15,10194.4
3/24/2025,20:30,10321.6
3/24/2025,20:45,10273.6
3/24/2025,21:00,10240
3/24/2025,21:15,10269.6
3/24/2025,21:30,10275.2
3/24/2025,21:45,10260
3/24/2025,22:00,10271.2
3/24/2025,22:15,10272.8
3/24/2025,22:30,10289.6
3/24/2025,22:45,10271.2
3/24/2025,23:00,10242.4
3/24/2025,23:15,10260
3/24/2025,23:30,10281.6
3/24/2025,23:45,10252
3/25/2025,0:00,10248.8
3/25/2025,0:15,10248.8
3/25/2025,0:30,10260
3/25/2025,0:45,10244
3/25/2025,1:00,10263.2
3/25/2025,1:15,10250.4
3/25/2025,1:30,10268.8
3/25/2025,1:45,10224.8
3/25/2025,2:00,10292.8
3/25/2025,2:15,10250.4
3/25/2025,2:30,10298.4
3/25/2025,2:45,10281.6
3/25/2025,3:00,10228
3/25/2025,3:15,10238.4
3/25/2025,3:30,10311.2
3/25/2025,3:45,10253.6
3/25/2025,4:00,10235.2
3/25/2025,4:15,10261.6
3/25/2025,4:30,10256.8
3/25/2025,4:45,10270.4
3/25/2025,5:00,10294.4
3/25/2025,5:15,10242.4
3/25/2025,5:30,10267.2
3/25/2025,5:45,10221.6
3/25/2025,6:00,10200
3/25/2025,6:15,10175.2
3/25/2025,6:30,10093.6
3/25/2025,6:45,10007.2
3/25/2025,7:00,9907.2
3/25/2025,7:15,9729.6
3/25/2025,7:30,9520
3/25/2025,7:45,9363.2
3/25/2025,8:00,9171.2
3/25/2025,8:15,8889.6
3/25/2025,8:30,8654.4
3/25/2025,8:45,8390.4
3/25/2025,9:00,8117.6
3/25/2025,9:15,7976.8
3/25/2025,9:30,7690.4
3/25/2025,9:45,7679.2
3/25/2025,10:00,7524.8
3/25/2025,10:15,7403.2
3/25/2025,10:30,7275.2
3/25/2025,10:45,7205.6
3/25/2025,11:00,7065.6
3/25/2025,11:15,7064.8
3/25/2025,11:30,7021.6
3/25/2025,11:45,7010.4
3/25/2025,12:00,6973.6
3/25/2025,12:15,6953.6
3/25/2025,12:30,6963.2
3/25/2025,12:45,6988
3/25/2025,13:00,7012
3/25/2025,13:15,7098.4
3/25/2025,13:30,7178.4
3/25/2025,13:45,7236
3/25/2025,14:00,7316
3/25/2025,14:15,7481.6
3/25/2025,14:30,7595.2
3/25/2025,14:45,7740.8
3/25/2025,15:00,7873.6
3/25/2025,15:15,8079.2
3/25/2025,15:30,8273.6
3/25/2025,15:45,8422.4
3/25/2025,16:00,8372.8
3/25/2025,16:15,8900.8
3/25/2025,16:30,9080
3/25/2025,16:45,9338.4
3/25/2025,17:00,9515.2
3/25/2025,17:15,9658.4
3/25/2025,17:30,9813.6
3/25/2025,17:45,9989.6
3/25/2025,18:00,10205.6
3/25/2025,18:15,10289.6
3/25/2025,18:30,10206.4
3/25/2025,18:45,10352
3/25/2025,19:00,10266.4
3/25/2025,19:15,10142.4
3/25/2025,19:30,10212.8
3/25/2025,19:45,10209.6
3/25/2025,20:00,10089.6
3/25/2025,20:15,10296.8
3/25/2025,20:30,10335.2
3/25/2025,20:45,10023.2
3/25/2025,21:00,10280
3/25/2025,21:15,10221.6
3/25/2025,21:30,10082.4
3/25/2025,21:45,10248.8
3/25/2025,22:00,10270.4
3/25/2025,22:15,10078.4
3/25/2025,22:30,10261.6
3/25/2025,22:45,10286.4
3/25/2025,23:00,10214.4
3/25/2025,23:15,10268.8
3/25/2025,23:30,10286.4
3/25/2025,23:45,10261.6
3/26/2025,0:00,10160
3/26/2025,0:15,10238.4
3/26/2025,0:30,10249.6
3/26/2025,0:45,10167.2
3/26/2025,1:00,10240.8
3/26/2025,1:15,10237.6
3/26/2025,1:30,10138.4
3/26/2025,1:45,10270.4
3/26/2025,2:00,10311.2
3/26/2025,2:15,10212.8
3/26/2025,2:30,10376.8
3/26/2025,2:45,10321.6
3/26/2025,3:00,10214.4
3/26/2025,3:15,10339.2
3/26/2025,3:30,10302.4
3/26/2025,3:45,10155.2
3/26/2025,4:00,10342.4
3/26/2025,4:15,10253.6
3/26/2025,4:30,10148.8
3/26/2025,4:45,10300.8
3/26/2025,5:00,10289.6
3/26/2025,5:15,9994.4
3/26/2025,5:30,10324
3/26/2025,5:45,10248.8
3/26/2025,6:00,10075.2
3/26/2025,6:15,10208.8
3/26/2025,6:30,10192.8
3/26/2025,6:45,9937.6
3/26/2025,7:00,9908.8
3/26/2025,7:15,9823.2
3/26/2025,7:30,9608.8
3/26/2025,7:45,9435.2
3/26/2025,8:00,9268.8
3/26/2025,8:15,9023.2
3/26/2025,8:30,8766.4
3/26/2025,8:45,8574.4
3/26/2025,9:00,8407.2
3/26/2025,9:15,8129.6
3/26/2025,9:30,8100.8
3/26/2025,9:45,7815.2
3/26/2025,10:00,7631.2
3/26/2025,10:15,7569.6
3/26/2025,10:30,7489.6
3/26/2025,10:45,7292
3/26/2025,11:00,7341.6
3/26/2025,11:15,7254.4
3/26/2025,11:30,7231.2
3/26/2025,11:45,7265.6
3/26/2025,12:00,7208.8
3/26/2025,12:15,7120.8
3/26/2025,12:30,7135.2
3/26/2025,12:45,7116.8
3/26/2025,13:00,6956.8
3/26/2025,13:15,7231.2
3/26/2025,13:30,7296.8
3/26/2025,13:45,7155.2
3/26/2025,14:00,7529.6
3/26/2025,14:15,7655.2
3/26/2025,14:30,7458.4
3/26/2025,14:45,7884
3/26/2025,15:00,8000.8
3/26/2025,15:15,8013.6
3/26/2025,15:30,8316
3/26/2025,15:45,8574.4
3/26/2025,16:00,8728
3/26/2025,16:15,8984
3/26/2025,16:30,9232
3/26/2025,16:45,9440.8
3/26/2025,17:00,9637.6
3/26/2025,17:15,9800.8
3/26/2025,17:30,10001.6
3/26/2025,17:45,10010.4
3/26/2025,18:00,10284
3/26/2025,18:15,10371.2
3/26/2025,18:30,10290.4
3/26/2025,18:45,10407.2
3/26/2025,19:00,10365.6
3/26/2025,19:15,10316
3/26/2025,19:30,10451.2
3/26/2025,19:45,10360
3/26/2025,20:00,10283.2
3/26/2025,20:15,10406.4
3/26/2025,20:30,10362.4
3/26/2025,20:45,10259.2
3/26/2025,21:00,10375.2
3/26/2025,21:15,10343.2
3/26/2025,21:30,10113.6
3/26/2025,21:45,10359.2
3/26/2025,22:00,10318.4
3/26/2025,22:15,10067.2
3/26/2025,22:30,10342.4
3/26/2025,22:45,10328.8
3/26/2025,23:00,10070.4
3/26/2025,23:15,10306.4
3/26/2025,23:30,10292
3/26/2025,23:45,10197.6
3/27/2025,0:00,10286.4
3/27/2025,0:15,10312
3/27/2025,0:30,10296.8
3/27/2025,0:45,10244.8
3/27/2025,1:00,10326.4
3/27/2025,1:15,10265.6
3/27/2025,1:30,10265.6
3/27/2025,1:45,10284
3/27/2025,2:00,10298.4
3/27/2025,2:15,10224.8
3/27/2025,2:30,10306.4
3/27/2025,2:45,10291.2
3/27/2025,3:00,10224
3/27/2025,3:15,10333.6
3/27/2025,3:30,10280.8
3/27/2025,3:45,10235.2
3/27/2025,4:00,10392
3/27/2025,4:15,10373.6
3/27/2025,4:30,10329.6
3/27/2025,4:45,10429.6
3/27/2025,5:00,10360.8
3/27/2025,5:15,10238.4
3/27/2025,5:30,10408.8
3/27/2025,5:45,10344
3/27/2025,6:00,10172
3/27/2025,6:15,10340
3/27/2025,6:30,10296.8
3/27/2025,6:45,10003.2
3/27/2025,7:00,10230.4
3/27/2025,7:15,9992
3/27/2025,7:30,9524.8
3/27/2025,7:45,9680.8
3/27/2025,8:00,9493.6
3/27/2025,8:15,9518.4
3/27/2025,8:30,9856
3/27/2025,8:45,9325.6
3/27/2025,9:00,9171.2
3/27/2025,9:15,9468.8
3/27/2025,9:30,9179.2
3/27/2025,9:45,9512
3/27/2025,10:00,9829.6
3/27/2025,10:15,9835.2
3/27/2025,10:30,9816
3/27/2025,10:45,9688
3/27/2025,11:00,9629.6
3/27/2025,11:15,9376.8
3/27/2025,11:30,9427.2
3/27/2025,11:45,9377.6
3/27/2025,12:00,9689.6
3/27/2025,12:15,8580.8
3/27/2025,12:30,9108.8
3/27/2025,12:45,9102.4
3/27/2025,13:00,9031.2
3/27/2025,13:15,9352.8
3/27/2025,13:30,9466.4
3/27/2025,13:45,9278.4
3/27/2025,14:00,9777.6
3/27/2025,14:15,9780
3/27/2025,14:30,9663.2
3/27/2025,14:45,9966.4
3/27/2025,15:00,9939.2
3/27/2025,15:15,9730.4
3/27/2025,15:30,9912
3/27/2025,15:45,9807.2
3/27/2025,16:00,9741.6
3/27/2025,16:15,10099.2
3/27/2025,16:30,10204.8
3/27/2025,16:45,10049.6
3/27/2025,17:00,10225.6
3/27/2025,17:15,10260.8
3/27/2025,17:30,10165.6
3/27/2025,17:45,10235.2
3/27/2025,18:00,10264
3/27/2025,18:15,10317.6
3/27/2025,18:30,10222.4
3/27/2025,18:45,10284.8
3/27/2025,19:00,10274.4
3/27/2025,19:15,10232
3/27/2025,19:30,10317.6
3/27/2025,19:45,10324.8
3/27/2025,20:00,10231.2
3/27/2025,20:15,10347.2
3/27/2025,20:30,10288.8
3/27/2025,20:45,10178.4
3/27/2025,21:00,10358.4
3/27/2025,21:15,8342.4
3/27/2025,21:30,8245.6
3/27/2025,21:45,10487.2
3/27/2025,22:00,10430.4
3/27/2025,22:15,10307.2
3/27/2025,22:30,10475.2
3/27/2025,22:45,10377.6
3/27/2025,23:00,10288.8
3/27/2025,23:15,10412.8
3/27/2025,23:30,10334.4
3/27/2025,23:45,10186.4
3/28/2025,0:00,10297.6
3/28/2025,0:15,10340
3/28/2025,0:30,10027.2
3/28/2025,0:45,10384
3/28/2025,1:00,10329.6
3/28/2025,1:15,10151.2
3/28/2025,1:30,10325.6
3/28/2025,1:45,10346.4
3/28/2025,2:00,10275.2
3/28/2025,2:15,10304
3/28/2025,2:30,10322.4
3/28/2025,2:45,10304
3/28/2025,3:00,10282.4
3/28/2025,3:15,10352
3/28/2025,3:30,10365.6
3/28/2025,3:45,10292.8
3/28/2025,4:00,10357.6
3/28/2025,4:15,10367.2
3/28/2025,4:30,10279.2
3/28/2025,4:45,10371.2
3/28/2025,5:00,10354.4
3/28/2025,5:15,10260.8
3/28/2025,5:30,10377.6
3/28/2025,5:45,10364.8
3/28/2025,6:00,10256.8
3/28/2025,6:15,10356
3/28/2025,6:30,10299.2
3/28/2025,6:45,10011.2
3/28/2025,7:00,10123.2
3/28/2025,7:15,10089.6
3/28/2025,7:30,9388.8
3/28/2025,7:45,9452
3/28/2025,8:00,9265.6
3/28/2025,8:15,8926.4
3/28/2025,8:30,9415.2
3/28/2025,8:45,8928
3/28/2025,9:00,8060.8
3/28/2025,9:15,8444
3/28/2025,9:30,8532
3/28/2025,9:45,8440.8
3/28/2025,10:00,7868.8
3/28/2025,10:15,8224
3/28/2025,10:30,8047.2
3/28/2025,10:45,8816
3/28/2025,11:00,8512
3/28/2025,11:15,8992
3/28/2025,11:30,9165.6
3/28/2025,11:45,9006.4
3/28/2025,12:00,9073.6
3/28/2025,12:15,9004.8
3/28/2025,12:30,8861.6
3/28/2025,12:45,9276
3/28/2025,13:00,9107.2
3/28/2025,13:15,8978.4
3/28/2025,13:30,8800.8
3/28/2025,13:45,8724
3/28/2025,14:00,8997.6
3/28/2025,14:15,9094.4
3/28/2025,14:30,9269.6
3/28/2025,14:45,9595.2
3/28/2025,15:00,9352
3/28/2025,15:15,9489.6
3/28/2025,15:30,9564.8
3/28/2025,15:45,9614.4
3/28/2025,16:00,9886.4
3/28/2025,16:15,9728.8
3/28/2025,16:30,9686.4
3/28/2025,16:45,9598.4
3/28/2025,17:00,9795.2
3/28/2025,17:15,9954.4
3/28/2025,17:30,9837.6
3/28/2025,17:45,10174.4
3/28/2025,18:00,10194.4
3/28/2025,18:15,10095.2
3/28/2025,18:30,10394.4
3/28/2025,18:45,10368.8
3/28/2025,19:00,10210.4
3/28/2025,19:15,10345.6
3/28/2025,19:30,10368.8
3/28/2025,19:45,10366.4
3/28/2025,20:00,10349.6
3/28/2025,20:15,10444.8
3/28/2025,20:30,10404
3/28/2025,20:45,10380
3/28/2025,21:00,10368.8
3/28/2025,21:15,10388
3/28/2025,21:30,10285.6
3/28/2025,21:45,10395.2
3/28/2025,22:00,10313.6
3/28/2025,22:15,10307.2
3/28/2025,22:30,10441.6
3/28/2025,22:45,10418.4
3/28/2025,23:00,10255.2
3/28/2025,23:15,10428.8
3/28/2025,23:30,10366.4
3/28/2025,23:45,10325.6
3/29/2025,0:00,10422.4
3/29/2025,0:15,10380.8
3/29/2025,0:30,10233.6
3/29/2025,0:45,10431.2
3/29/2025,1:00,10299.2
3/29/2025,1:15,10181.6
3/29/2025,1:30,10372.8
3/29/2025,1:45,10362.4
3/29/2025,2:00,10032.8
3/29/2025,2:15,10377.6
3/29/2025,2:30,10377.6
3/29/2025,2:45,10120
3/29/2025,3:00,10327.2
3/29/2025,3:15,10332.8
3/29/2025,3:30,10210.4
3/29/2025,3:45,10328
3/29/2025,4:00,10317.6
3/29/2025,4:15,10243.2
3/29/2025,4:30,10269.6
3/29/2025,4:45,10368.8
3/29/2025,5:00,10367.2
3/29/2025,5:15,10294.4
3/29/2025,5:30,10372
3/29/2025,5:45,10399.2
3/29/2025,6:00,10300
3/29/2025,6:15,10356.8
3/29/2025,6:30,10272.8
3/29/2025,6:45,10146.4
3/29/2025,7:00,10138.4
3/29/2025,7:15,10085.6
3/29/2025,7:30,9953.6
3/29/2025,7:45,9900.8
3/29/2025,8:00,9837.6
3/29/2025,8:15,9554.4
3/29/2025,8:30,9573.6
3/29/2025,8:45,9324.8
3/29/2025,9:00,9155.2
3/29/2025,9:15,8854.4
3/29/2025,9:30,8872
3/29/2025,9:45,8276
3/29/2025,10:00,8480.8
3/29/2025,10:15,8088.8
3/29/2025,10:30,8316.8
3/29/2025,10:45,7547.2
3/29/2025,11:00,8122.4
3/29/2025,11:15,7646.4
3/29/2025,11:30,8268.8
3/29/2025,11:45,7572
3/29/2025,12:00,7630.4
3/29/2025,12:15,8436
3/29/2025,12:30,7712.8
3/29/2025,12:45,7655.2
3/29/2025,13:00,7298.4
3/29/2025,13:15,7568.8
3/29/2025,13:30,7769.6
3/29/2025,13:45,7617.6
3/29/2025,14:00,7986.4
3/29/2025,14:15,8316
3/29/2025,14:30,8256
3/29/2025,14:45,8227.2
3/29/2025,15:00,8276.8
3/29/2025,15:15,8255.2
3/29/2025,15:30,8804
3/29/2025,15:45,8875.2
3/29/2025,16:00,8917.6
3/29/2025,16:15,9140
3/29/2025,16:30,9424
3/29/2025,16:45,9400
3/29/2025,17:00,9973.6
3/29/2025,17:15,9972
3/29/2025,17:30,9918.4
3/29/2025,17:45,10215.2
3/29/2025,18:00,10337.6
3/29/2025,18:15,10191.2
3/29/2025,18:30,10500.8
3/29/2025,18:45,10432
3/29/2025,19:00,10145.6
3/29/2025,19:15,10413.6
3/29/2025,19:30,10424
3/29/2025,19:45,10180
3/29/2025,20:00,10399.2
3/29/2025,20:15,10397.6
3/29/2025,20:30,10316.8
3/29/2025,20:45,10392
3/29/2025,21:00,10436
3/29/2025,21:15,10392.8
3/29/2025,21:30,10423.2
3/29/2025,21:45,10400
3/29/2025,22:00,10362.4
3/29/2025,22:15,10330.4
3/29/2025,22:30,10376.8
3/29/2025,22:45,10328.8
3/29/2025,23:00,10299.2
3/29/2025,23:15,10340.8
3/29/2025,23:30,10349.6
3/29/2025,23:45,10253.6
3/30/2025,0:00,10350.4
3/30/2025,0:15,10355.2
3/30/2025,0:30,10269.6
3/30/2025,0:45,10391.2
3/30/2025,1:00,10364.8
3/30/2025,1:15,10286.4
3/30/2025,1:30,10428
3/30/2025,1:45,10373.6
3/30/2025,2:00,10297.6
3/30/2025,2:15,10389.6
3/30/2025,2:30,10392
3/30/2025,2:45,10190.4
3/30/2025,3:00,10405.6
3/30/2025,3:15,10332.8
3/30/2025,3:30,10160
3/30/2025,3:45,10405.6
3/30/2025,4:00,10398.4
3/30/2025,4:15,10072.8
3/30/2025,4:30,10372
3/30/2025,4:45,10384.8
3/30/2025,5:00,10240.8
3/30/2025,5:15,10369.6
3/30/2025,5:30,10337.6
3/30/2025,5:45,10302.4
3/30/2025,6:00,10304.8
3/30/2025,6:15,10330.4
3/30/2025,6:30,10272.8
3/30/2025,6:45,10139.2
3/30/2025,7:00,10140
3/30/2025,7:15,9928.8
3/30/2025,7:30,9996.8
3/30/2025,7:45,9705.6
3/30/2025,8:00,9836.8
3/30/2025,8:15,9497.6
3/30/2025,8:30,9587.2
3/30/2025,8:45,9275.2
3/30/2025,9:00,9058.4
3/30/2025,9:15,8710.4
3/30/2025,9:30,8892.8
3/30/2025,9:45,8863.2
3/30/2025,10:00,8683.2
3/30/2025,10:15,8379.2
3/30/2025,10:30,7613.6
3/30/2025,10:45,7248
3/30/2025,11:00,7965.6
3/30/2025,11:15,7756
3/30/2025,11:30,8179.2
3/30/2025,11:45,8044.8
3/30/2025,12:00,7873.6
3/30/2025,12:15,7544
3/30/2025,12:30,7766.4
3/30/2025,12:45,7791.2
3/30/2025,13:00,7649.6
3/30/2025,13:15,7360.8
3/30/2025,13:30,7056.8
3/30/2025,13:45,7495.2
3/30/2025,14:00,7492.8
3/30/2025,14:15,7213.6
3/30/2025,14:30,8170.4
3/30/2025,14:45,7864.8
3/30/2025,15:00,8188.8
3/30/2025,15:15,8092
3/30/2025,15:30,8399.2
3/30/2025,15:45,8570.4
3/30/2025,16:00,8644
3/30/2025,16:15,9035.2
3/30/2025,16:30,9198.4
3/30/2025,16:45,9340
3/30/2025,17:00,9694.4
3/30/2025,17:15,9851.2
3/30/2025,17:30,9948
3/30/2025,17:45,10212
3/30/2025,18:00,10236.8
3/30/2025,18:15,10252
3/30/2025,18:30,10451.2
3/30/2025,18:45,10382.4
3/30/2025,19:00,10293.6
3/30/2025,19:15,10419.2
3/30/2025,19:30,10372.8
3/30/2025,19:45,10235.2
3/30/2025,20:00,10353.6
3/30/2025,20:15,10391.2
3/30/2025,20:30,10153.6
3/30/2025,20:45,10387.2
3/30/2025,21:00,10382.4
3/30/2025,21:15,10094.4
3/30/2025,21:30,10349.6
3/30/2025,21:45,10376.8
3/30/2025,22:00,10136
3/30/2025,22:15,10284
3/30/2025,22:30,10359.2
3/30/2025,22:45,10288.8
3/30/2025,23:00,10294.4
3/30/2025,23:15,10306.4
3/30/2025,23:30,10323.2
3/30/2025,23:45,10253.6
3/31/2025,0:00,10322.4
3/31/2025,0:15,10302.4
3/31/2025,0:30,10283.2
3/31/2025,0:45,10308
3/31/2025,1:00,10358.4
3/31/2025,1:15,10267.2
3/31/2025,1:30,10376
3/31/2025,1:45,10384.8
3/31/2025,2:00,10296
3/31/2025,2:15,10417.6
3/31/2025,2:30,10416
3/31/2025,2:45,10347.2
3/31/2025,3:00,10427.2
3/31/2025,3:15,10362.4
3/31/2025,3:30,10252.8
3/31/2025,3:45,10390.4
3/31/2025,4:00,10349.6
3/31/2025,4:15,10239.2
3/31/2025,4:30,10377.6
3/31/2025,4:45,10356.8
3/31/2025,5:00,10123.2
3/31/2025,5:15,10379.2
3/31/2025,5:30,10310.4
3/31/2025,5:45,10060.8
3/31/2025,6:00,10336.8
3/31/2025,6:15,10300.8
3/31/2025,6:30,10016.8
3/31/2025,6:45,10021.6
3/31/2025,7:00,9861.6
3/31/2025,7:15,9536
3/31/2025,7:30,9460.8
3/31/2025,7:45,9304.8
3/31/2025,8:00,8976.8
3/31/2025,8:15,8776
3/31/2025,8:30,8583.2
3/31/2025,8:45,8348.8
3/31/2025,9:00,8083.2
3/31/2025,9:15,7901.6
3/31/2025,9:30,7800
3/31/2025,9:45,7536.8
3/31/2025,10:00,7552.8
3/31/2025,10:15,7340.8
3/31/2025,10:30,7115.2
3/31/2025,10:45,7142.4
3/31/2025,11:00,7468
3/31/2025,11:15,7172
3/31/2025,11:30,7302.4
3/31/2025,11:45,7350.4
3/31/2025,12:00,7314.4
3/31/2025,12:15,7897.6
3/31/2025,12:30,8042.4
3/31/2025,12:45,7886.4
3/31/2025,13:00,8067.2
3/31/2025,13:15,7964
3/31/2025,13:30,7399.2
3/31/2025,13:45,8792.8
3/31/2025,14:00,8298.4
3/31/2025,14:15,7603.2
3/31/2025,14:30,7586.4
3/31/2025,14:45,7879.2
3/31/2025,15:00,8085.6
3/31/2025,15:15,8308.8
3/31/2025,15:30,8565.6
3/31/2025,15:45,8532
3/31/2025,16:00,8910.4
3/31/2025,16:15,9123.2
3/31/2025,16:30,9453.6
3/31/2025,16:45,9467.2
3/31/2025,17:00,9683.2
3/31/2025,17:15,9778.4
3/31/2025,17:30,9899.2
3/31/2025,17:45,10068
3/31/2025,18:00,10224.8
3/31/2025,18:15,10182.4
3/31/2025,18:30,10446.4
3/31/2025,18:45,10361.6
3/31/2025,19:00,10276
3/31/2025,19:15,10375.2
3/31/2025,19:30,10356.8
3/31/2025,19:45,10264
3/31/2025,20:00,10435.2
3/31/2025,20:15,10380.8
3/31/2025,20:30,10252
3/31/2025,20:45,10362.4
3/31/2025,21:00,10296
3/31/2025,21:15,10212.8
3/31/2025,21:30,10368.8
3/31/2025,21:45,10328
3/31/2025,22:00,10078.4
3/31/2025,22:15,10296.8
3/31/2025,22:30,10327.2
3/31/2025,22:45,9968
3/31/2025,23:00,10299.2
3/31/2025,23:15,10321.6
3/31/2025,23:30,10122.4
3/31/2025,23:45,10304
4/1/2025,0:00,10301.6
4/1/2025,0:15,10226.4
4/1/2025,0:30,10261.6
4/1/2025,0:45,10310.4
4/1/2025,1:00,10264
4/1/2025,1:15,10267.2
4/1/2025,1:30,10297.6
4/1/2025,1:45,10284.8
4/1/2025,2:00,10188.8
4/1/2025,2:15,10286.4
4/1/2025,2:30,10293.6
4/1/2025,2:45,10200
4/1/2025,3:00,10303.2
4/1/2025,3:15,10328.8
4/1/2025,3:30,10204.8
4/1/2025,3:45,10396.8
4/1/2025,4:00,10294.4
4/1/2025,4:15,10208.8
4/1/2025,4:30,10390.4
4/1/2025,4:45,10268
4/1/2025,5:00,10192
4/1/2025,5:15,10308
4/1/2025,5:30,10256.8
4/1/2025,5:45,10147.2
4/1/2025,6:00,10286.4
4/1/2025,6:15,10188
4/1/2025,6:30,9892.8
4/1/2025,6:45,9976.8
4/1/2025,7:00,9791.2
4/1/2025,7:15,9323.2
4/1/2025,7:30,9438.4
4/1/2025,7:45,9280.8
4/1/2025,8:00,8797.6
4/1/2025,8:15,8802.4
4/1/2025,8:30,8592.8
4/1/2025,8:45,8245.6
4/1/2025,9:00,8531.2
4/1/2025,9:15,8220
4/1/2025,9:30,7717.6
4/1/2025,9:45,7448.8
4/1/2025,10:00,7539.2
4/1/2025,10:15,8241.6
4/1/2025,10:30,7262.4
4/1/2025,10:45,7276
4/1/2025,11:00,7156
4/1/2025,11:15,7028
4/1/2025,11:30,7890.4
4/1/2025,11:45,7566.4
4/1/2025,12:00,7668.8
4/1/2025,12:15,6875.2
4/1/2025,12:30,6943.2
4/1/2025,12:45,6816
4/1/2025,13:00,7367.2
4/1/2025,13:15,7050.4
4/1/2025,13:30,7852
4/1/2025,13:45,8023.2
4/1/2025,14:00,7660
4/1/2025,14:15,7380
4/1/2025,14:30,8163.2
4/1/2025,14:45,7800
4/1/2025,15:00,7744
4/1/2025,15:15,8197.6
4/1/2025,15:30,9258.4
4/1/2025,15:45,8423.2
4/1/2025,16:00,8946.4
4/1/2025,16:15,8984.8
4/1/2025,16:30,8819.2
4/1/2025,16:45,9342.4
4/1/2025,17:00,9545.6
4/1/2025,17:15,9599.2
4/1/2025,17:30,9876
4/1/2025,17:45,10046.4
4/1/2025,18:00,10123.2
4/1/2025,18:15,10285.6
4/1/2025,18:30,10372.8
4/1/2025,18:45,10381.6
4/1/2025,19:00,10288
4/1/2025,19:15,10406.4
4/1/2025,19:30,10352
4/1/2025,19:45,10264
4/1/2025,20:00,10375.2
4/1/2025,20:15,10376.8
4/1/2025,20:30,10287.2
4/1/2025,20:45,10414.4
4/1/2025,21:00,10358.4
4/1/2025,21:15,10277.6
4/1/2025,21:30,10420.8
4/1/2025,21:45,10340
4/1/2025,22:00,10237.6
4/1/2025,22:15,10346.4
4/1/2025,22:30,10390.4
4/1/2025,22:45,10221.6
4/1/2025,23:00,10384.8
4/1/2025,23:15,10354.4
4/1/2025,23:30,10170.4
4/1/2025,23:45,10404.8
4/2/2025,0:00,10376.8
4/2/2025,0:15,10105.6
4/2/2025,0:30,10388.8
4/2/2025,0:45,10321.6
4/2/2025,1:00,10058.4
4/2/2025,1:15,10330.4
4/2/2025,1:30,10316.8
4/2/2025,1:45,10182.4
4/2/2025,2:00,10254.4
4/2/2025,2:15,10298.4
4/2/2025,2:30,10271.2
4/2/2025,2:45,10274.4
4/2/2025,3:00,10333.6
4/2/2025,3:15,10336.8
4/2/2025,3:30,10208.8
4/2/2025,3:45,10284.8
4/2/2025,4:00,10301.6
4/2/2025,4:15,10255.2
4/2/2025,4:30,10381.6
4/2/2025,4:45,10362.4
4/2/2025,5:00,10238.4
4/2/2025,5:15,10354.4
4/2/2025,5:30,10297.6
4/2/2025,5:45,10239.2
4/2/2025,6:00,10341.6
4/2/2025,6:15,10252.8
4/2/2025,6:30,10050.4
4/2/2025,6:45,10053.6
4/2/2025,7:00,9865.6
4/2/2025,7:15,9601.6
4/2/2025,7:30,9568.8
4/2/2025,7:45,9379.2
4/2/2025,8:00,8943.2
4/2/2025,8:15,8956.8
4/2/2025,8:30,8709.6
4/2/2025,8:45,8161.6
4/2/2025,9:00,8252.8
4/2/2025,9:15,8008.8
4/2/2025,9:30,7599.2
4/2/2025,9:45,7733.6
4/2/2025,10:00,7603.2
4/2/2025,10:15,7293.6
4/2/2025,10:30,7288.8
4/2/2025,10:45,7259.2
4/2/2025,11:00,7024
4/2/2025,11:15,6992.8
4/2/2025,11:30,7052
4/2/2025,11:45,6877.6
4/2/2025,12:00,6859.2
4/2/2025,12:15,6872
4/2/2025,12:30,7027.2
4/2/2025,12:45,7039.2
4/2/2025,13:00,7016
4/2/2025,13:15,7106.4
4/2/2025,13:30,7068.8
4/2/2025,13:45,7181.6
4/2/2025,14:00,7374.4
4/2/2025,14:15,7416
4/2/2025,14:30,7598.4
4/2/2025,14:45,7760
4/2/2025,15:00,7846.4
4/2/2025,15:15,8209.6
4/2/2025,15:30,8309.6
4/2/2025,15:45,8353.6
4/2/2025,16:00,8702.4
4/2/2025,16:15,8904
4/2/2025,16:30,8965.6
4/2/2025,16:45,9375.2
4/2/2025,17:00,9568
4/2/2025,17:15,9471.2
4/2/2025,17:30,9942.4
4/2/2025,17:45,10060
4/2/2025,18:00,9924.8
4/2/2025,18:15,10304
4/2/2025,18:30,10382.4
4/2/2025,18:45,10237.6
4/2/2025,19:00,10272.8
4/2/2025,19:15,10364
4/2/2025,19:30,10288.8
4/2/2025,19:45,10307.2
4/2/2025,20:00,10391.2
4/2/2025,20:15,10341.6
4/2/2025,20:30,10316.8
4/2/2025,20:45,10346.4
4/2/2025,21:00,10380.8
4/2/2025,21:15,10322.4
4/2/2025,21:30,10366.4
4/2/2025,21:45,10396.8
4/2/2025,22:00,10301.6
4/2/2025,22:15,10420.8
4/2/2025,22:30,10400
4/2/2025,22:45,10288
4/2/2025,23:00,10369.6
4/2/2025,23:15,10390.4
4/2/2025,23:30,10330.4
4/2/2025,23:45,10395.2
4/3/2025,0:00,10372.8
4/3/2025,0:15,10237.6
4/3/2025,0:30,10384.8
4/3/2025,0:45,10312.8
4/3/2025,1:00,10116
4/3/2025,1:15,10354.4
4/3/2025,1:30,10352
4/3/2025,1:45,10063.2
4/3/2025,2:00,10364
4/3/2025,2:15,10316
4/3/2025,2:30,10054.4
4/3/2025,2:45,10360.8
4/3/2025,3:00,10332.8
4/3/2025,3:15,10175.2
4/3/2025,3:30,10334.4
4/3/2025,3:45,10304
4/3/2025,4:00,10309.6
4/3/2025,4:15,10300.8
4/3/2025,4:30,10400
4/3/2025,4:45,10306.4
4/3/2025,5:00,10302.4
4/3/2025,5:15,10328
4/3/2025,5:30,10357.6
4/3/2025,5:45,10280
4/3/2025,6:00,10398.4
4/3/2025,6:15,10311.2
4/3/2025,6:30,10154.4
4/3/2025,6:45,10032
4/3/2025,7:00,9945.6
4/3/2025,7:15,9588.8
4/3/2025,7:30,9540.8
4/3/2025,7:45,9393.6
4/3/2025,8:00,9278.4
4/3/2025,8:15,9710.4
4/3/2025,8:30,8875.2
4/3/2025,8:45,8714.4
4/3/2025,9:00,8348
4/3/2025,9:15,8008
4/3/2025,9:30,7664.8
4/3/2025,9:45,7712.8
4/3/2025,10:00,7556.8
4/3/2025,10:15,7163.2
4/3/2025,10:30,7344
4/3/2025,10:45,7233.6
4/3/2025,11:00,6819.2
4/3/2025,11:15,7049.6
4/3/2025,11:30,7018.4
4/3/2025,11:45,6884.8
4/3/2025,12:00,6972
4/3/2025,12:15,6963.2
4/3/2025,12:30,6912.8
4/3/2025,12:45,6961.6
4/3/2025,13:00,7093.6
4/3/2025,13:15,7090.4
4/3/2025,13:30,7219.2
4/3/2025,13:45,7284
4/3/2025,14:00,7374.4
4/3/2025,14:15,7460
4/3/2025,14:30,7703.2
4/3/2025,14:45,7852
4/3/2025,15:00,7992.8
4/3/2025,15:15,8261.6
4/3/2025,15:30,8346.4
4/3/2025,15:45,8427.2
4/3/2025,16:00,8844.8
4/3/2025,16:15,8989.6
4/3/2025,16:30,9118.4
4/3/2025,16:45,9396
4/3/2025,17:00,9584
4/3/2025,17:15,9663.2
4/3/2025,17:30,9961.6
4/3/2025,17:45,10061.6
4/3/2025,18:00,10086.4
4/3/2025,18:15,10277.6
4/3/2025,18:30,10354.4
4/3/2025,18:45,10120
4/3/2025,19:00,10381.6
4/3/2025,19:15,10390.4
4/3/2025,19:30,10090.4
4/3/2025,19:45,10376.8
4/3/2025,20:00,10388
4/3/2025,20:15,10266.4
4/3/2025,20:30,10412
4/3/2025,20:45,10401.6
4/3/2025,21:00,10216
4/3/2025,21:15,10331.2
4/3/2025,21:30,10347.2
4/3/2025,21:45,10312
4/3/2025,22:00,10290.4
4/3/2025,22:15,10359.2
4/3/2025,22:30,10330.4
4/3/2025,22:45,10301.6
4/3/2025,23:00,10372.8
4/3/2025,23:15,10391.2
4/3/2025,23:30,10289.6
4/3/2025,23:45,10416.8
4/4/2025,0:00,10332
4/4/2025,0:15,10271.2
4/4/2025,0:30,10373.6
4/4/2025,0:45,10340
4/4/2025,1:00,10273.6
4/4/2025,1:15,10418.4
4/4/2025,1:30,10354.4
4/4/2025,1:45,10272.8
4/4/2025,2:00,10417.6
4/4/2025,2:15,10328.8
4/4/2025,2:30,10213.6
4/4/2025,2:45,10401.6
4/4/2025,3:00,10372.8
4/4/2025,3:15,10120.8
4/4/2025,3:30,10381.6
4/4/2025,3:45,10323.2
4/4/2025,4:00,10029.6
4/4/2025,4:15,10340.8
4/4/2025,4:30,10360
4/4/2025,4:45,10156.8
4/4/2025,5:00,10332
4/4/2025,5:15,10318.4
4/4/2025,5:30,10207.2
4/4/2025,5:45,10278.4
4/4/2025,6:00,10324.8
4/4/2025,6:15,10161.6
4/4/2025,6:30,10095.2
4/4/2025,6:45,10072
4/4/2025,7:00,9923.2
4/4/2025,7:15,9742.4
4/4/2025,7:30,9647.2
4/4/2025,7:45,9459.2
4/4/2025,8:00,9244
4/4/2025,8:15,9226.4
4/4/2025,8:30,9192.8
4/4/2025,8:45,8904.8
4/4/2025,9:00,8476.8
4/4/2025,9:15,8816.8
4/4/2025,9:30,8142.4
4/4/2025,9:45,8544
4/4/2025,10:00,8069.6
4/4/2025,10:15,7952
4/4/2025,10:30,8491.2
4/4/2025,10:45,8096
4/4/2025,11:00,6994.4
4/4/2025,11:15,7196.8
4/4/2025,11:30,7440
4/4/2025,11:45,8472.8
4/4/2025,12:00,7872
4/4/2025,12:15,7676.8
4/4/2025,12:30,7079.2
4/4/2025,12:45,7545.6
4/4/2025,13:00,8015.2
4/4/2025,13:15,8704.8
4/4/2025,13:30,9164
4/4/2025,13:45,9216
4/4/2025,14:00,9429.6
4/4/2025,14:15,9052.8
4/4/2025,14:30,9222.4
4/4/2025,14:45,9616.8
4/4/2025,15:00,9097.6
4/4/2025,15:15,9593.6
4/4/2025,15:30,9692.8
4/4/2025,15:45,9505.6
4/4/2025,16:00,9747.2
4/4/2025,16:15,9934.4
4/4/2025,16:30,9799.2
4/4/2025,16:45,9754.4
4/4/2025,17:00,10039.2
4/4/2025,17:15,10027.2
4/4/2025,17:30,10196
4/4/2025,17:45,10238.4
4/4/2025,18:00,10273.6
4/4/2025,18:15,10407.2
4/4/2025,18:30,10352.8
4/4/2025,18:45,10297.6
4/4/2025,19:00,10413.6
4/4/2025,19:15,10445.6
4/4/2025,19:30,10302.4
4/4/2025,19:45,10458.4
4/4/2025,20:00,10415.2
4/4/2025,20:15,10166.4
4/4/2025,20:30,10412.8
4/4/2025,20:45,10388
4/4/2025,21:00,10084
4/4/2025,21:15,10368.8
4/4/2025,21:30,10363.2
4/4/2025,21:45,10243.2
4/4/2025,22:00,10347.2
4/4/2025,22:15,10375.2
4/4/2025,22:30,10308.8
4/4/2025,22:45,10351.2
4/4/2025,23:00,10356.8
4/4/2025,23:15,10276.8
4/4/2025,23:30,10373.6
4/4/2025,23:45,10356.8
4/5/2025,0:00,10339.2
4/5/2025,0:15,10283.2
4/5/2025,0:30,10371.2
4/5/2025,0:45,10336.8
4/5/2025,1:00,10278.4
4/5/2025,1:15,10367.2
4/5/2025,1:30,10372
4/5/2025,1:45,10256
4/5/2025,2:00,10394.4
4/5/2025,2:15,10354.4
4/5/2025,2:30,10276
4/5/2025,2:45,10424
4/5/2025,3:00,10375.2
4/5/2025,3:15,10288
4/5/2025,3:30,10392.8
4/5/2025,3:45,10363.2
4/5/2025,4:00,10271.2
4/5/2025,4:15,10369.6
4/5/2025,4:30,10357.6
4/5/2025,4:45,10204
4/5/2025,5:00,10372
4/5/2025,5:15,10339.2
4/5/2025,5:30,10111.2
4/5/2025,5:45,10347.2
4/5/2025,6:00,10328.8
4/5/2025,6:15,9992.8
4/5/2025,6:30,10148.8
4/5/2025,6:45,10066.4
4/5/2025,7:00,9801.6
4/5/2025,7:15,9725.6
4/5/2025,7:30,9556.8
4/5/2025,7:45,9322.4
4/5/2025,8:00,9115.2
4/5/2025,8:15,8919.2
4/5/2025,8:30,8675.2
4/5/2025,8:45,8388.8
4/5/2025,9:00,8318.4
4/5/2025,9:15,8137.6
4/5/2025,9:30,7953.6
4/5/2025,9:45,7964
4/5/2025,10:00,7861.6
4/5/2025,10:15,7700
4/5/2025,10:30,7794.4
4/5/2025,10:45,7579.2
4/5/2025,11:00,7371.2
4/5/2025,11:15,7612.8
4/5/2025,11:30,7466.4
4/5/2025,11:45,7285.6
4/5/2025,12:00,7456
4/5/2025,12:15,7392
4/5/2025,12:30,7324
4/5/2025,12:45,7648
4/5/2025,13:00,7452.8
4/5/2025,13:15,7414.4
4/5/2025,13:30,7688
4/5/2025,13:45,7828.8
4/5/2025,14:00,7559.2
4/5/2025,14:15,7922.4
4/5/2025,14:30,8059.2
4/5/2025,14:45,7876.8
4/5/2025,15:00,8275.2
4/5/2025,15:15,8414.4
4/5/2025,15:30,8508
4/5/2025,15:45,8700
4/5/2025,16:00,8840
4/5/2025,16:15,8920
4/5/2025,16:30,9204
4/5/2025,16:45,9545.6
4/5/2025,17:00,9644
4/5/2025,17:15,9808.8
4/5/2025,17:30,10031.2
4/5/2025,17:45,10109.6
4/5/2025,18:00,10130.4
4/5/2025,18:15,10344
4/5/2025,18:30,10370.4
4/5/2025,18:45,10322.4
4/5/2025,19:00,10420.8
4/5/2025,19:15,10427.2
4/5/2025,19:30,10324.8
4/5/2025,19:45,10415.2
4/5/2025,20:00,10373.6
4/5/2025,20:15,10288.8
4/5/2025,20:30,10388.8
4/5/2025,20:45,10315.2
4/5/2025,21:00,10262.4
4/5/2025,21:15,10399.2
4/5/2025,21:30,10312.8
4/5/2025,21:45,10090.4
4/5/2025,22:00,10348.8
4/5/2025,22:15,10296
4/5/2025,22:30,9934.4
4/5/2025,22:45,10292.8
4/5/2025,23:00,10306.4
4/5/2025,23:15,10049.6
4/5/2025,23:30,10320.8
4/5/2025,23:45,10334.4
4/6/2025,0:00,10196.8
4/6/2025,0:15,10310.4
4/6/2025,0:30,10338.4
4/6/2025,0:45,10289.6
4/6/2025,1:00,10304
4/6/2025,1:15,10329.6
4/6/2025,1:30,10294.4
4/6/2025,1:45,10212
4/6/2025,2:00,10300
4/6/2025,2:15,10318.4
4/6/2025,2:30,10171.2
4/6/2025,2:45,10339.2
4/6/2025,3:00,10288.8
4/6/2025,3:15,10257.6
4/6/2025,3:30,10324
4/6/2025,3:45,10319.2
4/6/2025,4:00,10227.2
4/6/2025,4:15,10377.6
4/6/2025,4:30,10351.2
4/6/2025,4:45,10260.8
4/6/2025,5:00,10360
4/6/2025,5:15,10336.8
4/6/2025,5:30,10236
4/6/2025,5:45,10395.2
4/6/2025,6:00,10296
4/6/2025,6:15,10047.2
4/6/2025,6:30,10187.2
4/6/2025,6:45,10061.6
4/6/2025,7:00,9648
4/6/2025,7:15,9784.8
4/6/2025,7:30,9567.2
4/6/2025,7:45,9096
4/6/2025,8:00,9221.6
4/6/2025,8:15,9015.2
4/6/2025,8:30,8695.2
4/6/2025,8:45,8592
4/6/2025,9:00,8424
4/6/2025,9:15,8218.4
4/6/2025,9:30,8144.8
4/6/2025,9:45,7975.2
4/6/2025,10:00,7827.2
4/6/2025,10:15,7724
4/6/2025,10:30,7718.4
4/6/2025,10:45,7608.8
4/6/2025,11:00,7492
4/6/2025,11:15,7552.8
4/6/2025,11:30,7471.2
4/6/2025,11:45,7329.6
4/6/2025,12:00,7407.2
4/6/2025,12:15,7420
4/6/2025,12:30,7295.2
4/6/2025,12:45,7498.4
4/6/2025,13:00,7560
4/6/2025,13:15,7505.6
4/6/2025,13:30,7686.4
4/6/2025,13:45,7742.4
4/6/2025,14:00,7675.2
4/6/2025,14:15,7972.8
4/6/2025,14:30,8038.4
4/6/2025,14:45,8062.4
4/6/2025,15:00,8258.4
4/6/2025,15:15,8390.4
4/6/2025,15:30,8292
4/6/2025,15:45,8756.8
4/6/2025,16:00,8932
4/6/2025,16:15,8816
4/6/2025,16:30,9244.8
4/6/2025,16:45,9404.8
4/6/2025,17:00,9481.6
4/6/2025,17:15,9659.2
4/6/2025,17:30,9874.4
4/6/2025,17:45,9884.8
4/6/2025,18:00,10106.4
4/6/2025,18:15,10256
4/6/2025,18:30,10258.4
4/6/2025,18:45,9960.8
4/6/2025,19:00,10031.2
4/6/2025,19:15,10076
4/6/2025,19:30,10004
4/6/2025,19:45,8608
4/6/2025,20:00,8593.6
4/6/2025,20:15,10223.2
4/6/2025,20:30,10358.4
4/6/2025,20:45,10307.2
4/6/2025,21:00,10213.6
4/6/2025,21:15,10353.6
4/6/2025,21:30,10264
4/6/2025,21:45,10220.8
4/6/2025,22:00,10374.4
4/6/2025,22:15,10368
4/6/2025,22:30,10264
4/6/2025,22:45,10347.2
4/6/2025,23:00,10335.2
4/6/2025,23:15,10184
4/6/2025,23:30,10344
4/6/2025,23:45,10328
4/7/2025,0:00,9993.6
4/7/2025,0:15,10339.2
4/7/2025,0:30,10295.2
4/7/2025,0:45,10048.8
4/7/2025,1:00,10317.6
4/7/2025,1:15,10328
4/7/2025,1:30,10152.8
4/7/2025,1:45,10307.2
4/7/2025,2:00,10307.2
4/7/2025,2:15,10224.8
4/7/2025,2:30,10256.8
4/7/2025,2:45,10313.6
4/7/2025,3:00,10288
4/7/2025,3:15,10261.6
4/7/2025,3:30,10308
4/7/2025,3:45,10328
4/7/2025,4:00,10263.2
4/7/2025,4:15,10340.8
4/7/2025,4:30,10354.4
4/7/2025,4:45,10261.6
4/7/2025,5:00,10374.4
4/7/2025,5:15,10391.2
4/7/2025,5:30,10292
4/7/2025,5:45,10418.4
4/7/2025,6:00,10367.2
4/7/2025,6:15,10203.2
4/7/2025,6:30,10164.8
4/7/2025,6:45,9986.4
4/7/2025,7:00,9760
4/7/2025,7:15,9865.6
4/7/2025,7:30,9864.8
4/7/2025,7:45,9311.2
4/7/2025,8:00,9482.4
4/7/2025,8:15,9145.6
4/7/2025,8:30,8753.6
4/7/2025,8:45,8805.6
4/7/2025,9:00,8816
4/7/2025,9:15,8384
4/7/2025,9:30,8344.8
4/7/2025,9:45,7984
4/7/2025,10:00,7848.8
4/7/2025,10:15,7892
4/7/2025,10:30,7893.6
4/7/2025,10:45,7585.6
4/7/2025,11:00,7688.8
4/7/2025,11:15,8411.2
4/7/2025,11:30,7972.8
4/7/2025,11:45,7736.8
4/7/2025,12:00,7736.8
4/7/2025,12:15,7988
4/7/2025,12:30,8082.4
4/7/2025,12:45,8128
4/7/2025,13:00,8401.6
4/7/2025,13:15,8729.6
4/7/2025,13:30,8340
4/7/2025,13:45,8525.6
4/7/2025,14:00,8964
4/7/2025,14:15,8835.2
4/7/2025,14:30,9009.6
4/7/2025,14:45,9191.2
4/7/2025,15:00,8881.6
4/7/2025,15:15,8357.6
4/7/2025,15:30,8405.6
4/7/2025,15:45,8898.4
4/7/2025,16:00,8984.8
4/7/2025,16:15,8938.4
4/7/2025,16:30,9674.4
4/7/2025,16:45,9390.4
4/7/2025,17:00,9624
4/7/2025,17:15,9805.6
4/7/2025,17:30,10055.2
4/7/2025,17:45,9916
4/7/2025,18:00,10346.4
4/7/2025,18:15,10343.2
4/7/2025,18:30,10248.8
4/7/2025,18:45,10397.6
4/7/2025,19:00,10389.6
4/7/2025,19:15,10309.6
4/7/2025,19:30,10407.2
4/7/2025,19:45,10421.6
4/7/2025,20:00,10424.8
4/7/2025,20:15,10398.4
4/7/2025,20:30,10425.6
4/7/2025,20:45,10429.6
4/7/2025,21:00,10368
4/7/2025,21:15,10417.6
4/7/2025,21:30,10447.2
4/7/2025,21:45,10392.8
4/7/2025,22:00,10472
4/7/2025,22:15,10419.2
4/7/2025,22:30,10322.4
4/7/2025,22:45,10378.4
4/7/2025,23:00,10406.4
4/7/2025,23:15,10284
4/7/2025,23:30,10412.8
4/7/2025,23:45,10330.4
4/8/2025,0:00,10290.4
4/8/2025,0:15,10498.4
4/8/2025,0:30,10278.4
4/8/2025,0:45,10271.2
4/8/2025,1:00,10399.2
4/8/2025,1:15,10370.4
4/8/2025,1:30,10141.6
4/8/2025,1:45,10427.2
4/8/2025,2:00,10380
4/8/2025,2:15,10088.8
4/8/2025,2:30,10329.6
4/8/2025,2:45,10386.4
4/8/2025,3:00,10180.8
4/8/2025,3:15,10357.6
4/8/2025,3:30,10341.6
4/8/2025,3:45,10302.4
4/8/2025,4:00,10335.2
4/8/2025,4:15,10401.6
4/8/2025,4:30,10370.4
4/8/2025,4:45,10332.8
4/8/2025,5:00,10372.8
4/8/2025,5:15,10411.2
4/8/2025,5:30,10319.2
4/8/2025,5:45,10399.2
4/8/2025,6:00,10348
4/8/2025,6:15,10223.2
4/8/2025,6:30,10192
4/8/2025,6:45,10080
4/8/2025,7:00,9883.2
4/8/2025,7:15,9904.8
4/8/2025,7:30,9713.6
4/8/2025,7:45,9460
4/8/2025,8:00,9384.8
4/8/2025,8:15,9196.8
4/8/2025,8:30,8934.4
4/8/2025,8:45,8740
4/8/2025,9:00,8522.4
4/8/2025,9:15,8196
4/8/2025,9:30,8330.4
4/8/2025,9:45,8200
4/8/2025,10:00,7890.4
4/8/2025,10:15,7960.8
4/8/2025,10:30,8043.2
4/8/2025,10:45,8300.8
4/8/2025,11:00,7825.6
4/8/2025,11:15,7860.8
4/8/2025,11:30,7344.8
4/8/2025,11:45,7628.8
4/8/2025,12:00,7667.2
4/8/2025,12:15,7413.6
4/8/2025,12:30,8854.4
4/8/2025,12:45,7807.2
4/8/2025,13:00,7715.2
4/8/2025,13:15,9024
4/8/2025,13:30,8892.8
4/8/2025,13:45,8526.4
4/8/2025,14:00,9122.4
4/8/2025,14:15,8197.6
4/8/2025,14:30,8954.4
4/8/2025,14:45,9398.4
4/8/2025,15:00,9443.2
4/8/2025,15:15,9424
4/8/2025,15:30,8849.6
4/8/2025,15:45,8968
4/8/2025,16:00,9074.4
4/8/2025,16:15,9034.4
4/8/2025,16:30,9561.6
4/8/2025,16:45,9432
4/8/2025,17:00,9640
4/8/2025,17:15,9845.6
4/8/2025,17:30,9860
4/8/2025,17:45,10002.4
4/8/2025,18:00,10256
4/8/2025,18:15,10313.6
4/8/2025,18:30,10126.4
4/8/2025,18:45,10376.8
4/8/2025,19:00,10360
4/8/2025,19:15,10120
4/8/2025,19:30,10375.2
4/8/2025,19:45,8420
4/8/2025,20:00,10204.8
4/8/2025,20:15,10392.8
4/8/2025,20:30,10363.2
4/8/2025,20:45,10300
4/8/2025,21:00,10346.4
4/8/2025,21:15,10384.8
4/8/2025,21:30,10336
4/8/2025,21:45,10340.8
4/8/2025,22:00,10349.6
4/8/2025,22:15,10392.8
4/8/2025,22:30,10307.2
4/8/2025,22:45,10380
4/8/2025,23:00,10393.6
4/8/2025,23:15,10280.8
4/8/2025,23:30,10366.4
4/8/2025,23:45,10414.4
4/9/2025,0:00,10252.8
4/9/2025,0:15,10374.4
4/9/2025,0:30,10334.4
4/9/2025,0:45,10267.2
4/9/2025,1:00,10411.2
4/9/2025,1:15,10335.2
4/9/2025,1:30,10274.4
4/9/2025,1:45,10372
4/9/2025,2:00,10334.4
4/9/2025,2:15,10271.2
4/9/2025,2:30,10349.6
4/9/2025,2:45,10320
4/9/2025,3:00,10180
4/9/2025,3:15,10351.2
4/9/2025,3:30,10327.2
4/9/2025,3:45,10047.2
4/9/2025,4:00,10325.6
4/9/2025,4:15,10312.8
4/9/2025,4:30,10060
4/9/2025,4:45,10352.8
4/9/2025,5:00,10313.6
4/9/2025,5:15,10212.8
4/9/2025,5:30,10265.6
4/9/2025,5:45,10320.8
4/9/2025,6:00,10244.8
4/9/2025,6:15,10182.4
4/9/2025,6:30,10225.6
4/9/2025,6:45,10182.4
4/9/2025,7:00,9977.6
4/9/2025,7:15,9798.4
4/9/2025,7:30,9689.6
4/9/2025,7:45,9720.8
4/9/2025,8:00,9549.6
4/9/2025,8:15,9262.4
4/9/2025,8:30,9114.4
4/9/2025,8:45,8917.6
4/9/2025,9:00,8908
4/9/2025,9:15,6320.8
4/9/2025,9:30,6952
4/9/2025,9:45,8660.8
4/9/2025,10:00,8378.4
4/9/2025,10:15,8257.6
4/9/2025,10:30,8340
4/9/2025,10:45,8324
4/9/2025,11:00,8564.8
4/9/2025,11:15,8564
4/9/2025,11:30,8424.8
4/9/2025,11:45,8698.4
4/9/2025,12:00,8371.2
4/9/2025,12:15,8907.2
4/9/2025,12:30,8431.2
4/9/2025,12:45,8142.4
4/9/2025,13:00,7649.6
4/9/2025,13:15,8224
4/9/2025,13:30,7924.8
4/9/2025,13:45,8004.8
4/9/2025,14:00,8167.2
4/9/2025,14:15,8153.6
4/9/2025,14:30,8342.4
4/9/2025,14:45,8579.2
4/9/2025,15:00,8919.2
4/9/2025,15:15,8956
4/9/2025,15:30,9014.4
4/9/2025,15:45,9303.2
4/9/2025,16:00,9063.2
4/9/2025,16:15,9564
4/9/2025,16:30,9553.6
4/9/2025,16:45,9652.8
4/9/2025,17:00,9931.2
4/9/2025,17:15,10060
4/9/2025,17:30,10200.8
4/9/2025,17:45,10174.4
4/9/2025,18:00,10330.4
4/9/2025,18:15,10390.4
4/9/2025,18:30,10288
4/9/2025,18:45,10481.6
4/9/2025,19:00,10379.2
4/9/2025,19:15,10295.2
4/9/2025,19:30,10440.8
4/9/2025,19:45,10377.6
4/9/2025,20:00,10183.2
4/9/2025,20:15,10416
4/9/2025,20:30,10348
4/9/2025,20:45,10023.2
4/9/2025,21:00,10372.8
4/9/2025,21:15,10342.4
4/9/2025,21:30,10107.2
4/9/2025,21:45,10339.2
4/9/2025,22:00,10304.8
4/9/2025,22:15,10244.8
4/9/2025,22:30,10324.8
4/9/2025,22:45,10358.4
4/9/2025,23:00,10288
4/9/2025,23:15,10326.4
4/9/2025,23:30,10348.8
4/9/2025,23:45,10351.2
4/10/2025,0:00,10233.6
4/10/2025,0:15,10298.4
4/10/2025,0:30,10311.2
4/10/2025,0:45,10275.2
4/10/2025,1:00,10315.2
4/10/2025,1:15,10326.4
4/10/2025,1:30,10243.2
4/10/2025,1:45,10369.6
4/10/2025,2:00,10331.2
4/10/2025,2:15,10238.4
4/10/2025,2:30,10374.4
4/10/2025,2:45,10324.8
4/10/2025,3:00,10220
4/10/2025,3:15,10333.6
4/10/2025,3:30,10316
4/10/2025,3:45,10195.2
4/10/2025,4:00,10301.6
4/10/2025,4:15,10327.2
4/10/2025,4:30,10158.4
4/10/2025,4:45,10385.6
4/10/2025,5:00,10356.8
4/10/2025,5:15,10093.6
4/10/2025,5:30,10320
4/10/2025,5:45,10344
4/10/2025,6:00,9997.6
4/10/2025,6:15,10142.4
4/10/2025,6:30,10070.4
4/10/2025,6:45,9901.6
4/10/2025,7:00,9848.8
4/10/2025,7:15,9700
4/10/2025,7:30,9480
4/10/2025,7:45,9477.6
4/10/2025,8:00,9422.4
4/10/2025,8:15,9293.6
4/10/2025,8:30,9162.4
4/10/2025,8:45,9151.2
4/10/2025,9:00,8956.8
4/10/2025,9:15,8776
4/10/2025,9:30,8567.2
4/10/2025,9:45,8548
4/10/2025,10:00,8584
4/10/2025,10:15,8559.2
4/10/2025,10:30,8520
4/10/2025,10:45,8271.2
4/10/2025,11:00,8292.8
4/10/2025,11:15,7989.6
4/10/2025,11:30,8186.4
4/10/2025,11:45,8012
4/10/2025,12:00,8023.2
4/10/2025,12:15,7684
4/10/2025,12:30,8595.2
4/10/2025,12:45,7980
4/10/2025,13:00,8481.6
4/10/2025,13:15,8958.4
4/10/2025,13:30,8167.2
4/10/2025,13:45,8157.6
4/10/2025,14:00,8348.8
4/10/2025,14:15,9423.2
4/10/2025,14:30,9326.4
4/10/2025,14:45,9190.4
4/10/2025,15:00,8852.8
4/10/2025,15:15,8656
4/10/2025,15:30,9649.6
4/10/2025,15:45,9170.4
4/10/2025,16:00,9210.4
4/10/2025,16:15,9343.2
4/10/2025,16:30,9564
4/10/2025,16:45,9685.6
4/10/2025,17:00,9757.6
4/10/2025,17:15,9974.4
4/10/2025,17:30,10101.6
4/10/2025,17:45,10208
4/10/2025,18:00,10252.8
4/10/2025,18:15,10459.2
4/10/2025,18:30,10332
4/10/2025,18:45,10477.6
4/10/2025,19:00,10474.4
4/10/2025,19:15,10379.2
4/10/2025,19:30,10511.2
4/10/2025,19:45,10528.8
4/10/2025,20:00,10455.2
4/10/2025,20:15,10520.8
4/10/2025,20:30,10489.6
4/10/2025,20:45,10432.8
4/10/2025,21:00,10505.6
4/10/2025,21:15,10502.4
4/10/2025,21:30,10344.8
4/10/2025,21:45,10508
4/10/2025,22:00,10479.2
4/10/2025,22:15,10223.2
4/10/2025,22:30,10437.6
4/10/2025,22:45,10452.8
4/10/2025,23:00,10157.6
4/10/2025,23:15,10447.2
4/10/2025,23:30,10448.8
4/10/2025,23:45,10241.6
4/11/2025,0:00,10401.6
4/11/2025,0:15,10437.6
4/11/2025,0:30,10334.4
4/11/2025,0:45,10470.4
4/11/2025,1:00,10428.8
4/11/2025,1:15,10361.6
4/11/2025,1:30,10369.6
4/11/2025,1:45,10435.2
4/11/2025,2:00,10438.4
4/11/2025,2:15,10361.6
4/11/2025,2:30,10472
4/11/2025,2:45,10445.6
4/11/2025,3:00,10379.2
4/11/2025,3:15,10510.4
4/11/2025,3:30,10473.6
4/11/2025,3:45,10383.2
4/11/2025,4:00,10498.4
4/11/2025,4:15,10462.4
4/11/2025,4:30,10446.4
4/11/2025,4:45,10544.8
4/11/2025,5:00,10460.8
4/11/2025,5:15,10376.8
4/11/2025,5:30,10484.8
4/11/2025,5:45,10428.8
4/11/2025,6:00,10255.2
4/11/2025,6:15,10350.4
4/11/2025,6:30,10191.2
4/11/2025,6:45,9978.4
4/11/2025,7:00,10120.8
4/11/2025,7:15,9888
4/11/2025,7:30,9634.4
4/11/2025,7:45,9893.6
4/11/2025,8:00,9460
4/11/2025,8:15,9380
4/11/2025,8:30,9550.4
4/11/2025,8:45,9532.8
4/11/2025,9:00,9202.4
4/11/2025,9:15,9359.2
4/11/2025,9:30,9123.2
4/11/2025,9:45,9224.8
4/11/2025,10:00,8957.6
4/11/2025,10:15,8944
4/11/2025,10:30,8936.8
4/11/2025,10:45,8687.2
4/11/2025,11:00,8696.8
4/11/2025,11:15,8716.8
4/11/2025,11:30,8740.8
4/11/2025,11:45,9048.8
4/11/2025,12:00,9176
4/11/2025,12:15,9059.2
4/11/2025,12:30,9125.6
4/11/2025,12:45,9202.4
4/11/2025,13:00,9345.6
4/11/2025,13:15,9576.8
4/11/2025,13:30,9644.8
4/11/2025,13:45,9573.6
4/11/2025,14:00,9759.2
4/11/2025,14:15,9569.6
4/11/2025,14:30,9436
4/11/2025,14:45,9736.8
4/11/2025,15:00,9976
4/11/2025,15:15,9800
4/11/2025,15:30,10168
4/11/2025,15:45,10235.2
4/11/2025,16:00,9906.4
4/11/2025,16:15,10078.4
4/11/2025,16:30,10036
4/11/2025,16:45,9873.6
4/11/2025,17:00,10192
4/11/2025,17:15,10276
4/11/2025,17:30,10111.2
4/11/2025,17:45,10340
4/11/2025,18:00,10310.4
4/11/2025,18:15,10332.8
4/11/2025,18:30,10373.6
4/11/2025,18:45,10415.2
4/11/2025,19:00,10390.4
4/11/2025,19:15,10358.4
4/11/2025,19:30,10394.4
4/11/2025,19:45,10410.4
4/11/2025,20:00,10292.8
4/11/2025,20:15,10411.2
4/11/2025,20:30,10373.6
4/11/2025,20:45,10292.8
4/11/2025,21:00,10424.8
4/11/2025,21:15,10339.2
4/11/2025,21:30,10264.8
4/11/2025,21:45,10404.8
4/11/2025,22:00,10321.6
4/11/2025,22:15,10236.8
4/11/2025,22:30,10364.8
4/11/2025,22:45,10333.6
4/11/2025,23:00,10191.2
4/11/2025,23:15,10314.4
4/11/2025,23:30,10288
4/11/2025,23:45,10028
4/12/2025,0:00,10305.6
4/12/2025,0:15,10337.6
4/12/2025,0:30,10034.4
4/12/2025,0:45,10348
4/12/2025,1:00,10301.6
4/12/2025,1:15,10032
4/12/2025,1:30,10287.2
4/12/2025,1:45,10336.8
4/12/2025,2:00,10259.2
4/12/2025,2:15,10299.2
4/12/2025,2:30,10298.4
4/12/2025,2:45,10231.2
4/12/2025,3:00,10236
4/12/2025,3:15,10296.8
4/12/2025,3:30,10297.6
4/12/2025,3:45,10226.4
4/12/2025,4:00,10288.8
4/12/2025,4:15,10316
4/12/2025,4:30,10216
4/12/2025,4:45,10372
4/12/2025,5:00,10359.2
4/12/2025,5:15,10272.8
4/12/2025,5:30,10347.2
4/12/2025,5:45,10346.4
4/12/2025,6:00,10259.2
4/12/2025,6:15,10274.4
4/12/2025,6:30,10215.2
4/12/2025,6:45,10047.2
4/12/2025,7:00,9975.2
4/12/2025,7:15,10205.6
4/12/2025,7:30,10080
4/12/2025,7:45,10092.8
4/12/2025,8:00,9883.2
4/12/2025,8:15,9633.6
4/12/2025,8:30,10012
4/12/2025,8:45,9716
4/12/2025,9:00,9592
4/12/2025,9:15,9678.4
4/12/2025,9:30,9456
4/12/2025,9:45,9020.8
4/12/2025,10:00,9109.6
4/12/2025,10:15,9026.4
4/12/2025,10:30,8088.8
4/12/2025,10:45,8488
4/12/2025,11:00,8017.6
4/12/2025,11:15,8550.4
4/12/2025,11:30,8392.8
4/12/2025,11:45,8221.6
4/12/2025,12:00,7649.6
4/12/2025,12:15,6251.2
4/12/2025,12:30,7232.8
4/12/2025,12:45,8672.8
4/12/2025,13:00,8570.4
4/12/2025,13:15,7378.4
4/12/2025,13:30,7454.4
4/12/2025,13:45,8576.8
4/12/2025,14:00,6916
4/12/2025,14:15,6775.2
4/12/2025,14:30,7121.6
4/12/2025,14:45,7400
4/12/2025,15:00,7617.6
4/12/2025,15:15,7827.2
4/12/2025,15:30,8017.6
4/12/2025,15:45,8244.8
4/12/2025,16:00,8360.8
4/12/2025,16:15,8598.4
4/12/2025,16:30,8817.6
4/12/2025,16:45,8824.8
4/12/2025,17:00,9280
4/12/2025,17:15,9648
4/12/2025,17:30,9424.8
4/12/2025,17:45,9880.8
4/12/2025,18:00,10057.6
4/12/2025,18:15,10053.6
4/12/2025,18:30,10285.6
4/12/2025,18:45,10348.8
4/12/2025,19:00,10143.2
4/12/2025,19:15,10304
4/12/2025,19:30,10346.4
4/12/2025,19:45,10259.2
4/12/2025,20:00,10208
4/12/2025,20:15,10296.8
4/12/2025,20:30,10291.2
4/12/2025,20:45,10256
4/12/2025,21:00,10292
4/12/2025,21:15,10350.4
4/12/2025,21:30,10272.8
4/12/2025,21:45,10388
4/12/2025,22:00,10356
4/12/2025,22:15,10292
4/12/2025,22:30,10370.4
4/12/2025,22:45,10338.4
4/12/2025,23:00,10214.4
4/12/2025,23:15,10398.4
4/12/2025,23:30,10338.4
4/12/2025,23:45,10238.4
4/13/2025,0:00,10335.2
4/13/2025,0:15,10323.2
4/13/2025,0:30,10192.8
4/13/2025,0:45,10332.8
4/13/2025,1:00,10341.6
4/13/2025,1:15,10094.4
4/13/2025,1:30,10323.2
4/13/2025,1:45,10309.6
4/13/2025,2:00,10008.8
4/13/2025,2:15,10298.4
4/13/2025,2:30,10270.4
4/13/2025,2:45,10085.6
4/13/2025,3:00,10300.8
4/13/2025,3:15,10284
4/13/2025,3:30,10148.8
4/13/2025,3:45,10272.8
4/13/2025,4:00,10324.8
4/13/2025,4:15,10235.2
4/13/2025,4:30,10260
4/13/2025,4:45,10293.6
4/13/2025,5:00,10317.6
4/13/2025,5:15,10033.6
4/13/2025,5:30,10040
4/13/2025,5:45,10290.4
4/13/2025,6:00,10141.6
4/13/2025,6:15,9870.4
4/13/2025,6:30,9715.2
4/13/2025,6:45,9762.4
4/13/2025,7:00,9316.8
4/13/2025,7:15,9252.8
4/13/2025,7:30,9081.6
4/13/2025,7:45,8504
4/13/2025,8:00,8483.2
4/13/2025,8:15,8194.4
4/13/2025,8:30,7748.8
4/13/2025,8:45,7622.4
4/13/2025,9:00,7434.4
4/13/2025,9:15,7228
4/13/2025,9:30,7068
4/13/2025,9:45,6969.6
4/13/2025,10:00,6861.6
4/13/2025,10:15,6759.2
4/13/2025,10:30,6581.6
4/13/2025,10:45,6456.8
4/13/2025,11:00,6364.8
4/13/2025,11:15,6330.4
4/13/2025,11:30,6308.8
4/13/2025,11:45,6087.2
4/13/2025,12:00,5952.8
4/13/2025,12:15,6156.8
4/13/2025,12:30,6196.8
4/13/2025,12:45,6219.2
4/13/2025,13:00,6252
4/13/2025,13:15,6066.4
4/13/2025,13:30,6361.6
4/13/2025,13:45,6460
4/13/2025,14:00,6405.6
4/13/2025,14:15,6648
4/13/2025,14:30,6942.4
4/13/2025,14:45,7130.4
4/13/2025,15:00,7276.8
4/13/2025,15:15,7484.8
4/13/2025,15:30,7731.2
4/13/2025,15:45,7855.2
4/13/2025,16:00,8198.4
4/13/2025,16:15,8396
4/13/2025,16:30,8657.6
4/13/2025,16:45,8972
4/13/2025,17:00,9287.2
4/13/2025,17:15,9519.2
4/13/2025,17:30,9725.6
4/13/2025,17:45,9888
4/13/2025,18:00,9980
4/13/2025,18:15,10132.8
4/13/2025,18:30,10206.4
4/13/2025,18:45,10181.6
4/13/2025,19:00,9993.6
4/13/2025,19:15,10062.4
4/13/2025,19:30,10277.6
4/13/2025,19:45,10337.6
4/13/2025,20:00,10332
4/13/2025,20:15,10329.6
4/13/2025,20:30,10344.8
4/13/2025,20:45,10287.2
4/13/2025,21:00,10301.6
4/13/2025,21:15,10364
4/13/2025,21:30,10299.2
4/13/2025,21:45,10346.4
4/13/2025,22:00,10407.2
4/13/2025,22:15,10340
4/13/2025,22:30,10345.6
4/13/2025,22:45,10304.8
4/13/2025,23:00,10232
4/13/2025,23:15,10214.4
4/13/2025,23:30,10212
4/13/2025,23:45,10233.6
4/14/2025,0:00,10032.8
4/14/2025,0:15,9992
4/14/2025,0:30,10218.4
4/14/2025,0:45,10287.2
4/14/2025,1:00,10296
4/14/2025,1:15,10291.2
4/14/2025,1:30,10324.8
4/14/2025,1:45,10262.4
4/14/2025,2:00,10264
4/14/2025,2:15,10280.8
4/14/2025,2:30,10319.2
4/14/2025,2:45,10304.8
4/14/2025,3:00,10373.6
4/14/2025,3:15,10324.8
4/14/2025,3:30,10284
4/14/2025,3:45,10262.4
4/14/2025,4:00,10238.4
4/14/2025,4:15,10176.8
4/14/2025,4:30,10216.8
4/14/2025,4:45,10207.2
4/14/2025,5:00,10143.2
4/14/2025,5:15,9930.4
4/14/2025,5:30,10168.8
4/14/2025,5:45,10237.6
4/14/2025,6:00,10229.6
4/14/2025,6:15,10096
4/14/2025,6:30,9988
4/14/2025,6:45,9732
4/14/2025,7:00,9465.6
4/14/2025,7:15,9284.8
4/14/2025,7:30,9052
4/14/2025,7:45,8714.4
4/14/2025,8:00,8520.8
4/14/2025,8:15,8272.8
4/14/2025,8:30,5962.4
4/14/2025,8:45,5721.6
4/14/2025,9:00,7501.6
4/14/2025,9:15,7262.4
4/14/2025,9:30,7034.4
4/14/2025,9:45,6925.6
4/14/2025,10:00,6652
4/14/2025,10:15,6710.4
4/14/2025,10:30,6532.8
4/14/2025,10:45,6514.4
4/14/2025,11:00,6088
4/14/2025,11:15,6408.8
4/14/2025,11:30,6366.4
4/14/2025,11:45,6316.8
4/14/2025,12:00,6271.2
4/14/2025,12:15,6178.4
4/14/2025,12:30,6164.8
4/14/2025,12:45,5890.4
4/14/2025,13:00,6296
4/14/2025,13:15,6291.2
4/14/2025,13:30,6343.2
4/14/2025,13:45,6389.6
4/14/2025,14:00,6491.2
4/14/2025,14:15,6712.8
4/14/2025,14:30,6560.8
4/14/2025,14:45,7094.4
4/14/2025,15:00,7209.6
4/14/2025,15:15,7270.4
4/14/2025,15:30,7596.8
4/14/2025,15:45,7724.8
4/14/2025,16:00,7984.8
4/14/2025,16:15,7954.4
4/14/2025,16:30,8578.4
4/14/2025,16:45,8792
4/14/2025,17:00,9009.6
4/14/2025,17:15,9355.2
4/14/2025,17:30,9506.4
4/14/2025,17:45,9854.4
4/14/2025,18:00,9732
4/14/2025,18:15,10276
4/14/2025,18:30,10278.4
4/14/2025,18:45,10286.4
4/14/2025,19:00,10293.6
4/14/2025,19:15,10206.4
4/14/2025,19:30,10298.4
4/14/2025,19:45,10059.2
4/14/2025,20:00,10372.8
4/14/2025,20:15,10292.8
4/14/2025,20:30,10266.4
4/14/2025,20:45,10248.8
4/14/2025,21:00,10158.4
4/14/2025,21:15,10245.6
4/14/2025,21:30,10016.8
4/14/2025,21:45,10352.8
4/14/2025,22:00,10247.2
4/14/2025,22:15,10231.2
4/14/2025,22:30,10199.2
4/14/2025,22:45,10063.2
4/14/2025,23:00,10197.6
4/14/2025,23:15,10004.8
4/14/2025,23:30,10274.4
4/14/2025,23:45,10180
4/15/2025,0:00,10127.2
4/15/2025,0:15,10187.2
4/15/2025,0:30,10101.6
4/15/2025,0:45,10247.2
4/15/2025,1:00,10019.2
4/15/2025,1:15,10256.8
4/15/2025,1:30,10180.8
4/15/2025,1:45,10192
4/15/2025,2:00,10192.8
4/15/2025,2:15,10136
4/15/2025,2:30,10244
4/15/2025,2:45,10011.2
4/15/2025,3:00,10269.6
4/15/2025,3:15,10212.8
4/15/2025,3:30,10175.2
4/15/2025,3:45,10257.6
4/15/2025,4:00,10168
4/15/2025,4:15,10253.6
4/15/2025,4:30,10100.8
4/15/2025,4:45,10308.8
4/15/2025,5:00,10251.2
4/15/2025,5:15,10164.8
4/15/2025,5:30,10196.8
4/15/2025,5:45,10120
4/15/2025,6:00,10111.2
4/15/2025,6:15,9896
4/15/2025,6:30,9934.4
4/15/2025,6:45,9700.8
4/15/2025,7:00,9418.4
4/15/2025,7:15,9195.2
4/15/2025,7:30,8902.4
4/15/2025,7:45,8720
4/15/2025,8:00,8318.4
4/15/2025,8:15,8231.2
4/15/2025,8:30,7928
4/15/2025,8:45,7628
4/15/2025,9:00,7482.4
4/15/2025,9:15,7230.4
4/15/2025,9:30,7136
4/15/2025,9:45,6900.8
4/15/2025,10:00,6899.2
4/15/2025,10:15,6756
4/15/2025,10:30,6636.8
4/15/2025,10:45,6552.8
4/15/2025,11:00,6388
4/15/2025,11:15,6384
4/15/2025,11:30,6280.8
4/15/2025,11:45,6436
4/15/2025,12:00,6374.4
4/15/2025,12:15,6317.6
4/15/2025,12:30,6348
4/15/2025,12:45,6245.6
4/15/2025,13:00,6430.4
4/15/2025,13:15,6431.2
4/15/2025,13:30,6663.2
4/15/2025,13:45,6592.8
4/15/2025,14:00,6668.8
4/15/2025,14:15,6824
4/15/2025,14:30,7388
4/15/2025,14:45,6864
4/15/2025,15:00,7380.8
4/15/2025,15:15,7782.4
4/15/2025,15:30,7993.6
4/15/2025,15:45,7524
4/15/2025,16:00,8025.6
4/15/2025,16:15,8242.4
4/15/2025,16:30,8533.6
4/15/2025,16:45,8917.6
4/15/2025,17:00,9264.8
4/15/2025,17:15,9345.6
4/15/2025,17:30,9765.6
4/15/2025,17:45,10032.8
4/15/2025,18:00,9946.4
4/15/2025,18:15,10180.8
4/15/2025,18:30,10211.2
4/15/2025,18:45,10351.2
4/15/2025,19:00,10323.2
4/15/2025,19:15,10289.6
4/15/2025,19:30,10285.6
4/15/2025,19:45,10198.4
4/15/2025,20:00,10328.8
4/15/2025,20:15,10344.8
4/15/2025,20:30,10351.2
4/15/2025,20:45,10326.4
4/15/2025,21:00,10230.4
4/15/2025,21:15,10280.8
4/15/2025,21:30,10153.6
4/15/2025,21:45,10292.8
4/15/2025,22:00,10230.4
4/15/2025,22:15,10348.8
4/15/2025,22:30,10304
4/15/2025,22:45,10248.8
4/15/2025,23:00,10255.2
4/15/2025,23:15,10175.2
4/15/2025,23:30,10282.4
4/15/2025,23:45,10233.6
4/16/2025,0:00,10293.6
4/16/2025,0:15,10243.2
4/16/2025,0:30,10148.8
4/16/2025,0:45,10210.4
4/16/2025,1:00,10057.6
4/16/2025,1:15,10217.6
4/16/2025,1:30,10219.2
4/16/2025,1:45,10276
4/16/2025,2:00,10243.2
4/16/2025,2:15,10177.6
4/16/2025,2:30,10227.2
4/16/2025,2:45,10123.2
4/16/2025,3:00,10241.6
4/16/2025,3:15,10220.8
4/16/2025,3:30,10268
4/16/2025,3:45,10236
4/16/2025,4:00,10160
4/16/2025,4:15,10266.4
4/16/2025,4:30,10080.8
4/16/2025,4:45,10282.4
4/16/2025,5:00,10279.2
4/16/2025,5:15,10250.4
4/16/2025,5:30,10215.2
4/16/2025,5:45,10148.8
4/16/2025,6:00,10159.2
4/16/2025,6:15,9911.2
4/16/2025,6:30,10088
4/16/2025,6:45,9912.8
4/16/2025,7:00,9748.8
4/16/2025,7:15,9504.8
4/16/2025,7:30,9170.4
4/16/2025,7:45,9378.4
4/16/2025,8:00,9028.8
4/16/2025,8:15,8144.8
4/16/2025,8:30,7848
4/16/2025,8:45,7790.4
4/16/2025,9:00,7527.2
4/16/2025,9:15,7216.8
4/16/2025,9:30,7192.8
4/16/2025,9:45,6788
4/16/2025,10:00,6943.2
4/16/2025,10:15,7092
4/16/2025,10:30,6727.2
4/16/2025,10:45,6552
4/16/2025,11:00,6463.2
4/16/2025,11:15,6477.6
4/16/2025,11:30,6201.6
4/16/2025,11:45,6487.2
4/16/2025,12:00,6548.8
4/16/2025,12:15,6496.8
4/16/2025,12:30,6488
4/16/2025,12:45,6439.2
4/16/2025,13:00,6553.6
4/16/2025,13:15,6468
4/16/2025,13:30,7115.2
4/16/2025,13:45,7099.2
4/16/2025,14:00,7276
4/16/2025,14:15,6661.6
4/16/2025,14:30,7371.2
4/16/2025,14:45,7523.2
4/16/2025,15:00,7130.4
4/16/2025,15:15,7482.4
4/16/2025,15:30,7754.4
4/16/2025,15:45,8415.2
4/16/2025,16:00,8078.4
4/16/2025,16:15,8325.6
4/16/2025,16:30,8570.4
4/16/2025,16:45,8579.2
4/16/2025,17:00,9184.8
4/16/2025,17:15,9350.4
4/16/2025,17:30,9561.6
4/16/2025,17:45,9736
4/16/2025,18:00,9908
4/16/2025,18:15,10115.2
4/16/2025,18:30,9879.2
4/16/2025,18:45,10298.4
4/16/2025,19:00,10222.4
4/16/2025,19:15,10231.2
4/16/2025,19:30,10233.6
4/16/2025,19:45,10180
4/16/2025,20:00,10232.8
4/16/2025,20:15,9983.2
4/16/2025,20:30,10363.2
4/16/2025,20:45,10265.6
4/16/2025,21:00,10222.4
4/16/2025,21:15,10240.8
4/16/2025,21:30,10128
4/16/2025,21:45,10312.8
4/16/2025,22:00,9901.6
4/16/2025,22:15,10298.4
4/16/2025,22:30,10263.2
4/16/2025,22:45,10261.6
4/16/2025,23:00,10174.4
4/16/2025,23:15,10125.6
4/16/2025,23:30,10203.2
4/16/2025,23:45,9852.8
4/17/2025,0:00,10214.4
4/17/2025,0:15,10407.2
4/17/2025,0:30,10156
4/17/2025,0:45,10208
4/17/2025,1:00,10117.6
4/17/2025,1:15,10196.8
4/17/2025,1:30,9859.2
4/17/2025,1:45,10287.2
4/17/2025,2:00,10206.4
4/17/2025,2:15,10209.6
4/17/2025,2:30,10168
4/17/2025,2:45,10139.2
4/17/2025,3:00,10190.4
4/17/2025,3:15,9902.4
4/17/2025,3:30,10295.2
4/17/2025,3:45,10224.8
4/17/2025,4:00,10172
4/17/2025,4:15,10206.4
4/17/2025,4:30,10120.8
4/17/2025,4:45,10204.8
4/17/2025,5:00,9907.2
4/17/2025,5:15,10268
4/17/2025,5:30,10192
4/17/2025,5:45,10192
4/17/2025,6:00,10052
4/17/2025,6:15,9896.8
4/17/2025,6:30,9724.8
4/17/2025,6:45,9520
4/17/2025,7:00,9582.4
4/17/2025,7:15,9381.6
4/17/2025,7:30,9001.6
4/17/2025,7:45,9140
4/17/2025,8:00,8565.6
4/17/2025,8:15,8266.4
4/17/2025,8:30,8167.2
4/17/2025,8:45,8300.8
4/17/2025,9:00,7672.8
4/17/2025,9:15,7904
4/17/2025,9:30,7300
4/17/2025,9:45,7302.4
4/17/2025,10:00,7046.4
4/17/2025,10:15,6771.2
4/17/2025,10:30,6916.8
4/17/2025,10:45,6749.6
4/17/2025,11:00,6568
4/17/2025,11:15,6492
4/17/2025,11:30,6454.4
4/17/2025,11:45,6514.4
4/17/2025,12:00,6357.6
4/17/2025,12:15,6652.8
4/17/2025,12:30,6583.2
4/17/2025,12:45,6604
4/17/2025,13:00,6648
4/17/2025,13:15,6676.8
4/17/2025,13:30,7234.4
4/17/2025,13:45,7164.8
4/17/2025,14:00,7116
4/17/2025,14:15,7360
4/17/2025,14:30,7285.6
4/17/2025,14:45,7539.2
4/17/2025,15:00,8301.6
4/17/2025,15:15,8264.8
4/17/2025,15:30,8330.4
4/17/2025,15:45,8824
4/17/2025,16:00,8604.8
4/17/2025,16:15,8440.8
4/17/2025,16:30,8814.4
4/17/2025,16:45,9292.8
4/17/2025,17:00,9293.6
4/17/2025,17:15,9438.4
4/17/2025,17:30,9746.4
4/17/2025,17:45,9841.6
4/17/2025,18:00,9949.6
4/17/2025,18:15,10152
4/17/2025,18:30,10236.8
4/17/2025,18:45,10373.6
4/17/2025,19:00,10295.2
4/17/2025,19:15,10482.4
4/17/2025,19:30,10371.2
4/17/2025,19:45,10303.2
4/17/2025,20:00,10343.2
4/17/2025,20:15,10304.8
4/17/2025,20:30,10378.4
4/17/2025,20:45,10233.6
4/17/2025,21:00,10347.2
4/17/2025,21:15,10337.6
4/17/2025,21:30,10245.6
4/17/2025,21:45,10288.8
4/17/2025,22:00,10250.4
4/17/2025,22:15,10320.8
4/17/2025,22:30,10199.2
4/17/2025,22:45,10344.8
4/17/2025,23:00,10288
4/17/2025,23:15,10216.8
4/17/2025,23:30,10190.4
4/17/2025,23:45,10174.4
4/18/2025,0:00,10238.4
4/18/2025,0:15,10204
4/18/2025,0:30,10309.6
4/18/2025,0:45,10277.6
4/18/2025,1:00,10174.4
4/18/2025,1:15,10256.8
4/18/2025,1:30,10167.2
4/18/2025,1:45,10208
4/18/2025,2:00,10200.8
4/18/2025,2:15,10335.2
4/18/2025,2:30,10310.4
4/18/2025,2:45,10237.6
4/18/2025,3:00,10207.2
4/18/2025,3:15,10181.6
4/18/2025,3:30,10252.8
4/18/2025,3:45,10205.6
4/18/2025,4:00,10305.6
4/18/2025,4:15,10238.4
4/18/2025,4:30,10222.4
4/18/2025,4:45,10219.2
4/18/2025,5:00,10120.8
4/18/2025,5:15,10248
4/18/2025,5:30,10196.8
4/18/2025,5:45,10258.4
4/18/2025,6:00,10124.8
4/18/2025,6:15,9974.4
4/18/2025,6:30,9800.8
4/18/2025,6:45,9554.4
4/18/2025,7:00,9517.6
4/18/2025,7:15,9250.4
4/18/2025,7:30,9071.2
4/18/2025,7:45,8804
4/18/2025,8:00,8475.2
4/18/2025,8:15,8306.4
4/18/2025,8:30,7952.8
4/18/2025,8:45,7908.8
4/18/2025,9:00,7700.8
4/18/2025,9:15,7596.8
4/18/2025,9:30,7416.8
4/18/2025,9:45,7305.6
4/18/2025,10:00,7175.2
4/18/2025,10:15,6917.6
4/18/2025,10:30,7020
4/18/2025,10:45,6900.8
4/18/2025,11:00,6779.2
4/18/2025,11:15,6669.6
4/18/2025,11:30,6497.6
4/18/2025,11:45,6630.4
4/18/2025,12:00,6437.6
4/18/2025,12:15,6707.2
4/18/2025,12:30,6724
4/18/2025,12:45,6762.4
4/18/2025,13:00,6687.2
4/18/2025,13:15,6676.8
4/18/2025,13:30,6797.6
4/18/2025,13:45,6811.2
4/18/2025,14:00,7025.6
4/18/2025,14:15,7133.6
4/18/2025,14:30,7261.6
4/18/2025,14:45,7390.4
4/18/2025,15:00,7296.8
4/18/2025,15:15,8968.8
4/18/2025,15:30,7943.2
4/18/2025,15:45,8360.8
4/18/2025,16:00,8340
4/18/2025,16:15,8608.8
4/18/2025,16:30,8846.4
4/18/2025,16:45,8883.2
4/18/2025,17:00,9252
4/18/2025,17:15,9249.6
4/18/2025,17:30,9574.4
4/18/2025,17:45,9798.4
4/18/2025,18:00,9925.6
4/18/2025,18:15,10035.2
4/18/2025,18:30,10055.2
4/18/2025,18:45,10182.4
4/18/2025,19:00,9968
4/18/2025,19:15,10261.6
4/18/2025,19:30,10242.4
4/18/2025,19:45,10204
4/18/2025,20:00,10216.8
4/18/2025,20:15,10085.6
4/18/2025,20:30,10176
4/18/2025,20:45,9856.8
4/18/2025,21:00,10264
4/18/2025,21:15,10218.4
4/18/2025,21:30,10232.8
4/18/2025,21:45,10226.4
4/18/2025,22:00,10195.2
4/18/2025,22:15,10238.4
4/18/2025,22:30,9942.4
4/18/2025,22:45,10277.6
4/18/2025,23:00,10245.6
4/18/2025,23:15,10257.6
4/18/2025,23:30,10256
4/18/2025,23:45,10083.2
4/19/2025,0:00,10191.2
4/19/2025,0:15,9909.6
4/19/2025,0:30,10250.4
4/19/2025,0:45,10236
4/19/2025,1:00,10235.2
4/19/2025,1:15,10236
4/19/2025,1:30,10160
4/19/2025,1:45,10173.6
4/19/2025,2:00,9917.6
4/19/2025,2:15,10273.6
4/19/2025,2:30,10260
4/19/2025,2:45,10185.6
4/19/2025,3:00,10204
4/19/2025,3:15,10102.4
4/19/2025,3:30,10179.2
4/19/2025,3:45,9896.8
4/19/2025,4:00,10248
4/19/2025,4:15,10217.6
4/19/2025,4:30,10230.4
4/19/2025,4:45,10184
4/19/2025,5:00,10120
4/19/2025,5:15,10191.2
4/19/2025,5:30,9852
4/19/2025,5:45,10270.4
4/19/2025,6:00,10131.2
4/19/2025,6:15,9962.4
4/19/2025,6:30,9808.8
4/19/2025,6:45,9540.8
4/19/2025,7:00,9443.2
4/19/2025,7:15,9120.8
4/19/2025,7:30,9174.4
4/19/2025,7:45,8880.8
4/19/2025,8:00,8554.4
4/19/2025,8:15,8370.4
4/19/2025,8:30,8276.8
4/19/2025,8:45,8225.6
4/19/2025,9:00,7576.8
4/19/2025,9:15,7610.4
4/19/2025,9:30,7688
4/19/2025,9:45,7550.4
4/19/2025,10:00,7851.2
4/19/2025,10:15,7508.8
4/19/2025,10:30,7504.8
4/19/2025,10:45,6630.4
4/19/2025,11:00,6780.8
4/19/2025,11:15,6595.2
4/19/2025,11:30,6709.6
4/19/2025,11:45,6582.4
4/19/2025,12:00,6948.8
4/19/2025,12:15,6481.6
4/19/2025,12:30,6366.4
4/19/2025,12:45,6740.8
4/19/2025,13:00,6959.2
4/19/2025,13:15,7005.6
4/19/2025,13:30,7116
4/19/2025,13:45,7446.4
4/19/2025,14:00,7737.6
4/19/2025,14:15,7470.4
4/19/2025,14:30,7548
4/19/2025,14:45,7848.8
4/19/2025,15:00,8225.6
4/19/2025,15:15,8196
4/19/2025,15:30,8716.8
4/19/2025,15:45,8433.6
4/19/2025,16:00,8291.2
4/19/2025,16:15,8963.2
4/19/2025,16:30,9345.6
4/19/2025,16:45,9214.4
4/19/2025,17:00,9169.6
4/19/2025,17:15,9460.8
4/19/2025,17:30,9462.4
4/19/2025,17:45,9665.6
4/19/2025,18:00,10118.4
4/19/2025,18:15,10135.2
4/19/2025,18:30,10208.8
4/19/2025,18:45,10228
4/19/2025,19:00,10176
4/19/2025,19:15,10215.2
4/19/2025,19:30,10041.6
4/19/2025,19:45,10287.2
4/19/2025,20:00,10212
4/19/2025,20:15,10192.8
4/19/2025,20:30,10180
4/19/2025,20:45,10130.4
4/19/2025,21:00,10224.8
4/19/2025,21:15,10021.6
4/19/2025,21:30,10324
4/19/2025,21:45,10264.8
4/19/2025,22:00,10254.4
4/19/2025,22:15,10162.4
4/19/2025,22:30,10167.2
4/19/2025,22:45,10216.8
4/19/2025,23:00,10049.6
4/19/2025,23:15,10249.6
4/19/2025,23:30,10205.6
4/19/2025,23:45,10143.2
4/20/2025,0:00,10184
4/20/2025,0:15,10104.8
4/20/2025,0:30,10201.6
4/20/2025,0:45,10072
4/20/2025,1:00,10232
4/20/2025,1:15,10189.6
4/20/2025,1:30,10156
4/20/2025,1:45,10125.6
4/20/2025,2:00,10144.8
4/20/2025,2:15,10211.2
4/20/2025,2:30,10010.4
4/20/2025,2:45,10326.4
4/20/2025,3:00,10198.4
4/20/2025,3:15,10155.2
4/20/2025,3:30,10186.4
4/20/2025,3:45,10111.2
4/20/2025,4:00,10207.2
4/20/2025,4:15,10061.6
4/20/2025,4:30,10235.2
4/20/2025,4:45,10194.4
4/20/2025,5:00,10105.6
4/20/2025,5:15,10095.2
4/20/2025,5:30,10099.2
4/20/2025,5:45,10202.4
4/20/2025,6:00,9968.8
4/20/2025,6:15,9972.8
4/20/2025,6:30,9758.4
4/20/2025,6:45,9489.6
4/20/2025,7:00,9336.8
4/20/2025,7:15,9029.6
4/20/2025,7:30,8847.2
4/20/2025,7:45,8541.6
4/20/2025,8:00,8426.4
4/20/2025,8:15,8111.2
4/20/2025,8:30,7806.4
4/20/2025,8:45,7585.6
4/20/2025,9:00,7339.2
4/20/2025,9:15,7188
4/20/2025,9:30,7075.2
4/20/2025,9:45,7021.6
4/20/2025,10:00,6814.4
4/20/2025,10:15,6675.2
4/20/2025,10:30,6680
4/20/2025,10:45,6378.4
4/20/2025,11:00,6441.6
4/20/2025,11:15,6336
4/20/2025,11:30,6451.2
4/20/2025,11:45,6388
4/20/2025,12:00,6304
4/20/2025,12:15,6313.6
4/20/2025,12:30,6313.6
4/20/2025,12:45,6462.4
4/20/2025,13:00,6486.4
4/20/2025,13:15,6603.2
4/20/2025,13:30,6587.2
4/20/2025,13:45,6660
4/20/2025,14:00,6748.8
4/20/2025,14:15,6876.8
4/20/2025,14:30,7025.6
4/20/2025,14:45,7128.8
4/20/2025,15:00,7383.2
4/20/2025,15:15,7521.6
4/20/2025,15:30,7599.2
4/20/2025,15:45,7879.2
4/20/2025,16:00,7987.2
4/20/2025,16:15,8297.6
4/20/2025,16:30,8514.4
4/20/2025,16:45,8915.2
4/20/2025,17:00,9112.8
4/20/2025,17:15,9277.6
4/20/2025,17:30,9480
4/20/2025,17:45,9559.2
4/20/2025,18:00,9932
4/20/2025,18:15,10076.8
4/20/2025,18:30,10216
4/20/2025,18:45,10261.6
4/20/2025,19:00,10203.2
4/20/2025,19:15,10254.4
4/20/2025,19:30,10075.2
4/20/2025,19:45,10285.6
4/20/2025,20:00,10255.2
4/20/2025,20:15,10269.6
4/20/2025,20:30,10258.4
4/20/2025,20:45,10164.8
4/20/2025,21:00,10192
4/20/2025,21:15,10072.8
4/20/2025,21:30,10244
4/20/2025,21:45,10254.4
4/20/2025,22:00,10272.8
4/20/2025,22:15,10196
4/20/2025,22:30,10150.4
4/20/2025,22:45,10188
4/20/2025,23:00,10034.4
4/20/2025,23:15,10204.8
4/20/2025,23:30,10188
4/20/2025,23:45,10200.8
4/21/2025,0:00,10188
4/21/2025,0:15,10123.2
4/21/2025,0:30,10204.8
4/21/2025,0:45,9965.6
4/21/2025,1:00,10244
4/21/2025,1:15,10222.4
4/21/2025,1:30,10229.6
4/21/2025,1:45,10180
4/21/2025,2:00,10136.8
4/21/2025,2:15,10163.2
4/21/2025,2:30,9987.2
4/21/2025,2:45,10229.6
4/21/2025,3:00,10208
4/21/2025,3:15,10232.8
4/21/2025,3:30,10220.8
4/21/2025,3:45,10146.4
4/21/2025,4:00,10223.2
4/21/2025,4:15,9964.8
4/21/2025,4:30,10260
4/21/2025,4:45,10228
4/21/2025,5:00,10235.2
4/21/2025,5:15,10200
4/21/2025,5:30,10123.2
4/21/2025,5:45,10179.2
4/21/2025,6:00,9863.2
4/21/2025,6:15,10000
4/21/2025,6:30,9876
4/21/2025,6:45,9670.4
4/21/2025,7:00,9881.6
4/21/2025,7:15,9667.2
4/21/2025,7:30,9663.2
4/21/2025,7:45,9540.8
4/21/2025,8:00,9655.2
4/21/2025,8:15,9169.6
4/21/2025,8:30,9012.8
4/21/2025,8:45,8156
4/21/2025,9:00,9023.2
4/21/2025,9:15,8716
4/21/2025,9:30,8301.6
4/21/2025,9:45,9318.4
4/21/2025,10:00,9413.6
4/21/2025,10:15,9059.2
4/21/2025,10:30,8546.4
4/21/2025,10:45,8429.6
4/21/2025,11:00,8301.6
4/21/2025,11:15,6628
4/21/2025,11:30,8037.6
4/21/2025,11:45,9114.4
4/21/2025,12:00,9251.2
4/21/2025,12:15,9715.2
4/21/2025,12:30,9524.8
4/21/2025,12:45,9691.2
4/21/2025,13:00,9500
4/21/2025,13:15,10024.8
4/21/2025,13:30,9726.4
4/21/2025,13:45,9957.6
4/21/2025,14:00,9992
4/21/2025,14:15,9471.2
4/21/2025,14:30,9652
4/21/2025,14:45,9402.4
4/21/2025,15:00,9753.6
4/21/2025,15:15,9783.2
4/21/2025,15:30,9849.6
4/21/2025,15:45,9932
4/21/2025,16:00,9784.8
4/21/2025,16:15,9813.6
4/21/2025,16:30,9884
4/21/2025,16:45,10268.8
4/21/2025,17:00,10204.8
4/21/2025,17:15,10129.6
4/21/2025,17:30,10144
4/21/2025,17:45,10196.8
4/21/2025,18:00,10288
4/21/2025,18:15,9984
4/21/2025,18:30,10362.4
4/21/2025,18:45,10313.6
4/21/2025,19:00,10253.6
4/21/2025,19:15,10281.6
4/21/2025,19:30,10194.4
4/21/2025,19:45,10255.2
4/21/2025,20:00,9971.2
4/21/2025,20:15,10375.2
4/21/2025,20:30,10276
4/21/2025,20:45,10276
4/21/2025,21:00,10216.8
4/21/2025,21:15,10176
4/21/2025,21:30,10217.6
4/21/2025,21:45,9972.8
4/21/2025,22:00,10308.8
4/21/2025,22:15,10251.2
4/21/2025,22:30,10202.4
4/21/2025,22:45,10234.4
4/21/2025,23:00,10140
4/21/2025,23:15,10248
4/21/2025,23:30,9912.8
4/21/2025,23:45,10279.2
4/22/2025,0:00,10225.6
4/22/2025,0:15,10218.4
4/22/2025,0:30,10224.8
4/22/2025,0:45,10160.8
4/22/2025,1:00,10216
4/22/2025,1:15,10034.4
4/22/2025,1:30,10280
4/22/2025,1:45,10246.4
4/22/2025,2:00,10172.8
4/22/2025,2:15,10207.2
4/22/2025,2:30,10128
4/22/2025,2:45,10240.8
4/22/2025,3:00,10047.2
4/22/2025,3:15,10320
4/22/2025,3:30,10280.8
4/22/2025,3:45,10260.8
4/22/2025,4:00,10224
4/22/2025,4:15,10202.4
4/22/2025,4:30,10257.6
4/22/2025,4:45,10028
4/22/2025,5:00,10299.2
4/22/2025,5:15,10236.8
4/22/2025,5:30,10167.2
4/22/2025,5:45,10256
4/22/2025,6:00,10164.8
4/22/2025,6:15,10213.6
4/22/2025,6:30,10044
4/22/2025,6:45,10254.4
4/22/2025,7:00,10108.8
4/22/2025,7:15,10111.2
4/22/2025,7:30,10176
4/22/2025,7:45,10026.4
4/22/2025,8:00,9921.6
4/22/2025,8:15,9742.4
4/22/2025,8:30,9470.4
4/22/2025,8:45,9859.2
4/22/2025,9:00,9642.4
4/22/2025,9:15,9637.6
4/22/2025,9:30,8747.2
4/22/2025,9:45,9039.2
4/22/2025,10:00,8666.4
4/22/2025,10:15,8792
4/22/2025,10:30,9043.2
4/22/2025,10:45,8539.2
4/22/2025,11:00,7752
4/22/2025,11:15,8011.2
4/22/2025,11:30,8303.2
4/22/2025,11:45,8123.2
4/22/2025,12:00,7266.4
4/22/2025,12:15,7335.2
4/22/2025,12:30,7556.8
4/22/2025,12:45,7698.4
4/22/2025,13:00,7892
4/22/2025,13:15,7666.4
4/22/2025,13:30,7473.6
4/22/2025,13:45,8802.4
4/22/2025,14:00,9264.8
4/22/2025,14:15,8489.6
4/22/2025,14:30,8088
4/22/2025,14:45,8354.4
4/22/2025,15:00,8179.2
4/22/2025,15:15,8755.2
4/22/2025,15:30,8561.6
4/22/2025,15:45,8367.2
4/22/2025,16:00,8609.6
4/22/2025,16:15,9053.6
4/22/2025,16:30,9038.4
4/22/2025,16:45,9169.6
4/22/2025,17:00,9356
4/22/2025,17:15,9716.8
4/22/2025,17:30,9691.2
4/22/2025,17:45,9829.6
4/22/2025,18:00,10069.6
4/22/2025,18:15,10124.8
4/22/2025,18:30,10256
4/22/2025,18:45,10181.6
4/22/2025,19:00,10304
4/22/2025,19:15,10260.8
4/22/2025,19:30,10200.8
4/22/2025,19:45,10281.6
4/22/2025,20:00,10221.6
4/22/2025,20:15,10342.4
4/22/2025,20:30,10209.6
4/22/2025,20:45,10355.2
4/22/2025,21:00,10277.6
4/22/2025,21:15,10268.8
4/22/2025,21:30,10248.8
4/22/2025,21:45,10196.8
4/22/2025,22:00,10331.2
4/22/2025,22:15,10265.6
4/22/2025,22:30,10301.6
4/22/2025,22:45,10260.8
4/22/2025,23:00,10217.6
4/22/2025,23:15,10248.8
4/22/2025,23:30,10150.4
4/22/2025,23:45,10284.8
4/23/2025,0:00,5316.8
4/23/2025,0:15,5308
4/23/2025,0:30,5270.4
4/23/2025,0:45,5293.6
4/23/2025,1:00,5277.6
4/23/2025,1:15,5308
4/23/2025,1:30,5301.6
4/23/2025,1:45,5313.6
4/23/2025,2:00,5306.4
4/23/2025,2:15,5308
4/23/2025,2:30,5296.8
4/23/2025,2:45,5304.8
4/23/2025,3:00,5281.6
4/23/2025,3:15,5268.8
4/23/2025,3:30,5298.4
4/23/2025,3:45,5304
4/23/2025,4:00,5297.6
4/23/2025,4:15,5300.8
4/23/2025,4:30,5318.4
4/23/2025,4:45,5293.6
4/23/2025,5:00,5318.4
4/23/2025,5:15,5302.4
4/23/2025,5:30,5295.2
4/23/2025,5:45,5283.2
4/23/2025,6:00,5174.4
4/23/2025,6:15,5168.8
4/23/2025,6:30,5168
4/23/2025,6:45,5096
4/23/2025,7:00,4878.4
4/23/2025,7:15,4873.6
4/23/2025,7:30,4776.8
4/23/2025,7:45,4563.2
4/23/2025,8:00,4472.8
4/23/2025,8:15,4435.2
4/23/2025,8:30,4360
4/23/2025,8:45,4281.6
4/23/2025,9:00,4196.8
4/23/2025,9:15,4237.6
4/23/2025,9:30,4148
4/23/2025,9:45,4068.8
4/23/2025,10:00,3694.4
4/23/2025,10:15,0
4/23/2025,10:30,0
4/23/2025,10:45,0
4/23/2025,11:00,0
4/23/2025,11:15,0
4/23/2025,11:30,0
4/23/2025,11:45,0
4/23/2025,12:00,0
4/23/2025,12:15,0
4/23/2025,12:30,0
4/23/2025,12:45,0
4/23/2025,13:00,0
4/23/2025,13:15,0
4/23/2025,13:30,0
4/23/2025,13:45,0
4/23/2025,14:00,0
4/23/2025,14:15,0
4/23/2025,14:30,0
4/23/2025,14:45,0
4/23/2025,15:00,0
4/23/2025,15:15,0
4/23/2025,15:30,0
4/23/2025,15:45,0
4/23/2025,16:00,0
4/23/2025,16:15,0
4/23/2025,16:30,0
4/23/2025,16:45,0
4/23/2025,17:00,0
4/23/2025,17:15,0
4/23/2025,17:30,0
4/23/2025,17:45,0
4/23/2025,18:00,0
4/23/2025,18:15,0
4/23/2025,18:30,0
4/23/2025,18:45,0
4/23/2025,19:00,0
4/23/2025,19:15,0
4/23/2025,19:30,0
4/23/2025,19:45,0
4/23/2025,20:00,0
4/23/2025,20:15,0
4/23/2025,20:30,0
4/23/2025,20:45,0
4/23/2025,21:00,0
4/23/2025,21:15,0
4/23/2025,21:30,0
4/23/2025,21:45,0
4/23/2025,22:00,0
4/23/2025,22:15,0
4/23/2025,22:30,0
4/23/2025,22:45,0
4/23/2025,23:00,0
4/23/2025,23:15,0
4/23/2025,23:30,0
4/23/2025,23:45,0
4/24/2025,0:00,10149.3
4/24/2025,0:15,10189.2
4/24/2025,0:30,10170.3
4/24/2025,0:45,10189.2
4/24/2025,1:00,10109.4
4/24/2025,1:15,10153.5
4/24/2025,1:30,10130.4
4/24/2025,1:45,10237.5
4/24/2025,2:00,10130.4
4/24/2025,2:15,10214.4
4/24/2025,2:30,10098.9
4/24/2025,2:45,10143
4/24/2025,3:00,10101
4/24/2025,3:15,10172.4
4/24/2025,3:30,10136.7
4/24/2025,3:45,10233.3
4/24/2025,4:00,10130.4
4/24/2025,4:15,10281.6
4/24/2025,4:30,10143
4/24/2025,4:45,10216.5
4/24/2025,5:00,10155.6
4/24/2025,5:15,10168.2
4/24/2025,5:30,10145.1
4/24/2025,5:45,10128.3
4/24/2025,6:00,9972.9
4/24/2025,6:15,9972.9
4/24/2025,6:30,9735.6
4/24/2025,6:45,9626.4
4/24/2025,7:00,9370.2
4/24/2025,7:15,9237.9
4/24/2025,7:30,8725.5
4/24/2025,7:45,9420.6
4/24/2025,8:00,9174.9
4/24/2025,8:15,8864.1
4/24/2025,8:30,9132.9
4/24/2025,8:45,9559.2
4/24/2025,9:00,9214.8
4/24/2025,9:15,9227.4
4/24/2025,9:30,9132.9
4/24/2025,9:45,9181.2
4/24/2025,10:00,9130.8
4/24/2025,10:15,8836.8
4/24/2025,10:30,8484
4/24/2025,10:45,8929.2
4/24/2025,11:00,8759.1
4/24/2025,11:15,8828.4
4/24/2025,11:30,8826.3
4/24/2025,11:45,9034.2
4/24/2025,12:00,9021.6
4/24/2025,12:15,8988
4/24/2025,12:30,8853.6
4/24/2025,12:45,9011.1
4/24/2025,13:00,8946
4/24/2025,13:15,8906.1
4/24/2025,13:30,8710.8
4/24/2025,13:45,8983.8
4/24/2025,14:00,8920.8
4/24/2025,14:15,8904
4/24/2025,14:30,8641.5
4/24/2025,14:45,8656.2
4/24/2025,15:00,9034.2
4/24/2025,15:15,9185.4
4/24/2025,15:30,9244.2
4/24/2025,15:45,9298.8
4/24/2025,16:00,9399.6
4/24/2025,16:15,9179.1
4/24/2025,16:30,9059.4
4/24/2025,16:45,9384.9
4/24/2025,17:00,9519.3
4/24/2025,17:15,9725.1
4/24/2025,17:30,9710.4
4/24/2025,17:45,9975
4/24/2025,18:00,10010.7
4/24/2025,18:15,10258.5
4/24/2025,18:30,10180.8
4/24/2025,18:45,10315.2
4/24/2025,19:00,10195.5
4/24/2025,19:15,10275.3
4/24/2025,19:30,10254.3
4/24/2025,19:45,10323.6
4/24/2025,20:00,10235.4
4/24/2025,20:15,10342.5
4/24/2025,20:30,10281.6
4/24/2025,20:45,10306.8
4/24/2025,21:00,10222.8
4/24/2025,21:15,10300.5
4/24/2025,21:30,10241.7
4/24/2025,21:45,10296.3
4/24/2025,22:00,10187.1
4/24/2025,22:15,10237.5
4/24/2025,22:30,10245.9
4/24/2025,22:45,10317.3
4/24/2025,23:00,10155.6
4/24/2025,23:15,10361.4
4/24/2025,23:30,10227
4/24/2025,23:45,10281.6
4/25/2025,0:00,10216.5
4/25/2025,0:15,10269
4/25/2025,0:30,10229.1
4/25/2025,0:45,10287.9
4/25/2025,1:00,10203.9
4/25/2025,1:15,10279.5
4/25/2025,1:30,10166.1
4/25/2025,1:45,10277.4
4/25/2025,2:00,10155.6
4/25/2025,2:15,10266.9
4/25/2025,2:30,10250.1
4/25/2025,2:45,10214.4
4/25/2025,3:00,10206
4/25/2025,3:15,10243.8
4/25/2025,3:30,10197.6
4/25/2025,3:45,10243.8
4/25/2025,4:00,10170.3
4/25/2025,4:15,10283.7
4/25/2025,4:30,10176.6
4/25/2025,4:45,10258.5
4/25/2025,5:00,10229.1
4/25/2025,5:15,10275.3
4/25/2025,5:30,10187.1
4/25/2025,5:45,10191.3
4/25/2025,6:00,9998.1
4/25/2025,6:15,9954
4/25/2025,6:30,9704.1
4/25/2025,6:45,9508.8
4/25/2025,7:00,9288.3
4/25/2025,7:15,9191.7
4/25/2025,7:30,8843.1
4/25/2025,7:45,8706.6
4/25/2025,8:00,8177.4
4/25/2025,8:15,8011.5
4/25/2025,8:30,7696.5
4/25/2025,8:45,7564.2
4/25/2025,9:00,7329
4/25/2025,9:15,7148.4
4/25/2025,9:30,6993
4/25/2025,9:45,6841.8
4/25/2025,10:00,6745.2
4/25/2025,10:15,6671.7
4/25/2025,10:30,6627.6
4/25/2025,10:45,6518.4
4/25/2025,11:00,6419.7
4/25/2025,11:15,6413.4
4/25/2025,11:30,6375.6
4/25/2025,11:45,6384
4/25/2025,12:00,6369.3
4/25/2025,12:15,6398.7
4/25/2025,12:30,6356.7
4/25/2025,12:45,6407.1
4/25/2025,13:00,6497.4
4/25/2025,13:15,6554.1
4/25/2025,13:30,6623.4
4/25/2025,13:45,6686.4
4/25/2025,14:00,6833.4
4/25/2025,14:15,6951
4/25/2025,14:30,7234.5
4/25/2025,14:45,7035
4/25/2025,15:00,7215.6
4/25/2025,15:15,7379.4
4/25/2025,15:30,7694.4
4/25/2025,15:45,7862.4
4/25/2025,16:00,7950.6
4/25/2025,16:15,8794.8
4/25/2025,16:30,8811.6
4/25/2025,16:45,9185.4
4/25/2025,17:00,8746.5
4/25/2025,17:15,9489.9
4/25/2025,17:30,9555
4/25/2025,17:45,9653.7
4/25/2025,18:00,9687.3
4/25/2025,18:15,9853.2
4/25/2025,18:30,9966.6
4/25/2025,18:45,9937.2
4/25/2025,19:00,9962.4
4/25/2025,19:15,9943.5
4/25/2025,19:30,10021.2
4/25/2025,19:45,10046.4
4/25/2025,20:00,10063.2
4/25/2025,20:15,10002.3
4/25/2025,20:30,10038
4/25/2025,20:45,10019.1
4/25/2025,21:00,9928.8
4/25/2025,21:15,9987.6
4/25/2025,21:30,9943.5
4/25/2025,21:45,9945.6
4/25/2025,22:00,9945.6
4/25/2025,22:15,10006.5
4/25/2025,22:30,9941.4
4/25/2025,22:45,9962.4
4/25/2025,23:00,9966.6
4/25/2025,23:15,9996
4/25/2025,23:30,9947.7
4/25/2025,23:45,9893.1
4/26/2025,0:00,9930.9
4/26/2025,0:15,9933
4/26/2025,0:30,9899.4
4/26/2025,0:45,9893.1
4/26/2025,1:00,9928.8
4/26/2025,1:15,9901.5
4/26/2025,1:30,9937.2
4/26/2025,1:45,9928.8
4/26/2025,2:00,9926.7
4/26/2025,2:15,9893.1
4/26/2025,2:30,9899.4
4/26/2025,2:45,9933
4/26/2025,3:00,9901.5
4/26/2025,3:15,9888.9
4/26/2025,3:30,9916.2
4/26/2025,3:45,9949.8
4/26/2025,4:00,9983.4
4/26/2025,4:15,9893.1
4/26/2025,4:30,9964.5
4/26/2025,4:45,9863.7
4/26/2025,5:00,9924.6
4/26/2025,5:15,9918.3
4/26/2025,5:30,9928.8
4/26/2025,5:45,9865.8
4/26/2025,6:00,9781.8
4/26/2025,6:15,9685.2
4/26/2025,6:30,9527.7
4/26/2025,6:45,9395.4
4/26/2025,7:00,9151.8
4/26/2025,7:15,8916.6
4/26/2025,7:30,8654.1
4/26/2025,7:45,8442
4/26/2025,8:00,8200.5
4/26/2025,8:15,7982.1
4/26/2025,8:30,7826.7
4/26/2025,8:45,7524.3
4/26/2025,9:00,7320.6
4/26/2025,9:15,7184.1
4/26/2025,9:30,7007.7
4/26/2025,9:45,6900.6
4/26/2025,10:00,6810.3
4/26/2025,10:15,6755.7
4/26/2025,10:30,6625.5
4/26/2025,10:45,6549.9
4/26/2025,11:00,6543.6
4/26/2025,11:15,6465.9
4/26/2025,11:30,6344.1
4/26/2025,11:45,6297.9
4/26/2025,12:00,6342
4/26/2025,12:15,6440.7
4/26/2025,12:30,6300
4/26/2025,12:45,6306.3
4/26/2025,13:00,6478.5
4/26/2025,13:15,6426
4/26/2025,13:30,6480.6
4/26/2025,13:45,6585.6
4/26/2025,14:00,6665.4
4/26/2025,14:15,6837.6
4/26/2025,14:30,7400.4
4/26/2025,14:45,7465.5
4/26/2025,15:00,6764.1
4/26/2025,15:15,7807.8
4/26/2025,15:30,7971.6
4/26/2025,15:45,8318.1
4/26/2025,16:00,8215.2
4/26/2025,16:15,8339.1
4/26/2025,16:30,8838.9
4/26/2025,16:45,9221.1
4/26/2025,17:00,9510.9
4/26/2025,17:15,9540.3
4/26/2025,17:30,9664.2
4/26/2025,17:45,9752.4
4/26/2025,18:00,9815.4
4/26/2025,18:15,10191.3
4/26/2025,18:30,10256.4
4/26/2025,18:45,10325.7
4/26/2025,19:00,10346.7
4/26/2025,19:15,10418.1
4/26/2025,19:30,10416
4/26/2025,19:45,10403.4
4/26/2025,20:00,10340.4
4/26/2025,20:15,10355.1
4/26/2025,20:30,10361.4
4/26/2025,20:45,10399.2
4/26/2025,21:00,10256.4
4/26/2025,21:15,10094.7
4/26/2025,21:30,10264.8
4/26/2025,21:45,10239.6
4/26/2025,22:00,10269
4/26/2025,22:15,10311
4/26/2025,22:30,10311
4/26/2025,22:45,10304.7
4/26/2025,23:00,10317.3
4/26/2025,23:15,10304.7
4/26/2025,23:30,10338.3
4/26/2025,23:45,10367.7
4/27/2025,0:00,10367.7
4/27/2025,0:15,10250.1
4/27/2025,0:30,10006.5
4/27/2025,0:45,10245.9
4/27/2025,1:00,10258.5
4/27/2025,1:15,10262.7
4/27/2025,1:30,10355.1
4/27/2025,1:45,10361.4
4/27/2025,2:00,10334.1
4/27/2025,2:15,10285.8
4/27/2025,2:30,10313.1
4/27/2025,2:45,10275.3
4/27/2025,3:00,10338.3
4/27/2025,3:15,10332
4/27/2025,3:30,10245.9
4/27/2025,3:45,9977.1
4/27/2025,4:00,10201.8
4/27/2025,4:15,10239.6
4/27/2025,4:30,10262.7
4/27/2025,4:45,10306.8
4/27/2025,5:00,10338.3
4/27/2025,5:15,10380.3
4/27/2025,5:30,10296.3
4/27/2025,5:45,10281.6
4/27/2025,6:00,10258.5
4/27/2025,6:15,10233.3
4/27/2025,6:30,10203.9
4/27/2025,6:45,10092.6
4/27/2025,7:00,9565.5
4/27/2025,7:15,9790.2
4/27/2025,7:30,9681
4/27/2025,7:45,9544.5
4/27/2025,8:00,9716.7
4/27/2025,8:15,9443.7
4/27/2025,8:30,9168.6
4/27/2025,8:45,7988.4
4/27/2025,9:00,8410.5
4/27/2025,9:15,8631
4/27/2025,9:30,8670.9
4/27/2025,9:45,8916.6
4/27/2025,10:00,8983.8
4/27/2025,10:15,8288.7
4/27/2025,10:30,8223.6
4/27/2025,10:45,7352.1
4/27/2025,11:00,7415.1
4/27/2025,11:15,6335.7
4/27/2025,11:30,6898.5
4/27/2025,11:45,7982.1
4/27/2025,12:00,7763.7
4/27/2025,12:15,7020.3
4/27/2025,12:30,8217.3
4/27/2025,12:45,8351.7
4/27/2025,13:00,8001
4/27/2025,13:15,7700.7
4/27/2025,13:30,7774.2
4/27/2025,13:45,8817.9
4/27/2025,14:00,8156.4
4/27/2025,14:15,8213.1
4/27/2025,14:30,7188.3
4/27/2025,14:45,7536.9
4/27/2025,15:00,7629.3
4/27/2025,15:15,8024.1
4/27/2025,15:30,9374.4
4/27/2025,15:45,9624.3
4/27/2025,16:00,9615.9
4/27/2025,16:15,9704.1
4/27/2025,16:30,9903.6
4/27/2025,16:45,10105.2
4/27/2025,17:00,10161.9
4/27/2025,17:15,9941.4
4/27/2025,17:30,9817.5
4/27/2025,17:45,9874.2
4/27/2025,18:00,10077.9
4/27/2025,18:15,10220.7
4/27/2025,18:30,10329.9
4/27/2025,18:45,10390.8
4/27/2025,19:00,10472.7
4/27/2025,19:15,10424.4
4/27/2025,19:30,10416
4/27/2025,19:45,10369.8
4/27/2025,20:00,10348.8
4/27/2025,20:15,10411.8
4/27/2025,20:30,10399.2
4/27/2025,20:45,10206
4/27/2025,21:00,10132.5
4/27/2025,21:15,10283.7
4/27/2025,21:30,10283.7
4/27/2025,21:45,10334.1
4/27/2025,22:00,10329.9
4/27/2025,22:15,10462.2
4/27/2025,22:30,10403.4
4/27/2025,22:45,10386.6
4/27/2025,23:00,10344.6
4/27/2025,23:15,10397.1
4/27/2025,23:30,10378.2
4/27/2025,23:45,10365.6
4/28/2025,0:00,10237.5
4/28/2025,0:15,10073.7
4/28/2025,0:30,10281.6
4/28/2025,0:45,10287.9
4/28/2025,1:00,10281.6
4/28/2025,1:15,10355.1
4/28/2025,1:30,10432.8
4/28/2025,1:45,10369.8
4/28/2025,2:00,10399.2
4/28/2025,2:15,10416
4/28/2025,2:30,10399.2
4/28/2025,2:45,10357.2
4/28/2025,3:00,10369.8
4/28/2025,3:15,10214.4
4/28/2025,3:30,10031.7
4/28/2025,3:45,10237.5
4/28/2025,4:00,10296.3
4/28/2025,4:15,10304.7
4/28/2025,4:30,10344.6
4/28/2025,4:45,10390.8
4/28/2025,5:00,10416
4/28/2025,5:15,10334.1
4/28/2025,5:30,10361.4
4/28/2025,5:45,10342.5
4/28/2025,6:00,10231.2
4/28/2025,6:15,10159.8
4/28/2025,6:30,9893.1
4/28/2025,6:45,9500.4
4/28/2025,7:00,9563.4
4/28/2025,7:15,9405.9
4/28/2025,7:30,9191.7
4/28/2025,7:45,9111.9
4/28/2025,8:00,8901.9
4/28/2025,8:15,8710.8
4/28/2025,8:30,8578.5
4/28/2025,8:45,8280.3
4/28/2025,9:00,8162.7
4/28/2025,9:15,7944.3
4/28/2025,9:30,7786.8
4/28/2025,9:45,7770
4/28/2025,10:00,7578.9
4/28/2025,10:15,7324.8
4/28/2025,10:30,7461.3
4/28/2025,10:45,7209.3
4/28/2025,11:00,6919.5
4/28/2025,11:15,7140
4/28/2025,11:30,7158.9
4/28/2025,11:45,6885.9
4/28/2025,12:00,7081.2
4/28/2025,12:15,7125.3
4/28/2025,12:30,6930
4/28/2025,12:45,6990.9
4/28/2025,13:00,7049.7
4/28/2025,13:15,7087.5
4/28/2025,13:30,8988
4/28/2025,13:45,7182
4/28/2025,14:00,7316.4
4/28/2025,14:15,7272.3
4/28/2025,14:30,7505.4
4/28/2025,14:45,7606.2
4/28/2025,15:00,7812
4/28/2025,15:15,7942.2
4/28/2025,15:30,8225.7
4/28/2025,15:45,7944.3
4/28/2025,16:00,8465.1
4/28/2025,16:15,8544.9
4/28/2025,16:30,8664.6
4/28/2025,16:45,9051
4/28/2025,17:00,9450
4/28/2025,17:15,9462.6
4/28/2025,17:30,9765
4/28/2025,17:45,9964.5
4/28/2025,18:00,10023.3
4/28/2025,18:15,10275.3
4/28/2025,18:30,10378.2
4/28/2025,18:45,10344.6
4/28/2025,19:00,10439.1
4/28/2025,19:15,10447.5
4/28/2025,19:30,10365.6
4/28/2025,19:45,10403.4
4/28/2025,20:00,10378.2
4/28/2025,20:15,10399.2
4/28/2025,20:30,10258.5
4/28/2025,20:45,10395
4/28/2025,21:00,10392.9
4/28/2025,21:15,10073.7
4/28/2025,21:30,10388.7
4/28/2025,21:45,10411.8
4/28/2025,22:00,10203.9
4/28/2025,22:15,10380.3
4/28/2025,22:30,10430.7
4/28/2025,22:45,10269
4/28/2025,23:00,10327.8
4/28/2025,23:15,10407.6
4/28/2025,23:30,10260.6
4/28/2025,23:45,10407.6
4/29/2025,0:00,10365.6
4/29/2025,0:15,10290
4/29/2025,0:30,10311
4/29/2025,0:45,10346.7
4/29/2025,1:00,10311
4/29/2025,1:15,10220.7
4/29/2025,1:30,10315.2
4/29/2025,1:45,10273.2
4/29/2025,2:00,9977.1
4/29/2025,2:15,10355.1
4/29/2025,2:30,10348.8
4/29/2025,2:45,10218.6
4/29/2025,3:00,10311
4/29/2025,3:15,10365.6
4/29/2025,3:30,10283.7
4/29/2025,3:45,10416
4/29/2025,4:00,10390.8
4/29/2025,4:15,10258.5
4/29/2025,4:30,10367.7
4/29/2025,4:45,10386.6
4/29/2025,5:00,10285.8
4/29/2025,5:15,10409.7
4/29/2025,5:30,10317.3
4/29/2025,5:45,10218.6
4/29/2025,6:00,10029.6
4/29/2025,6:15,10109.4
4/29/2025,6:30,9878.4
4/29/2025,6:45,9416.4
4/29/2025,7:00,9471
4/29/2025,7:15,9319.8
4/29/2025,7:30,8826.3
4/29/2025,7:45,8836.8
4/29/2025,8:00,8832.6
4/29/2025,8:15,8425.2
4/29/2025,8:30,8217.3
4/29/2025,8:45,8156.4
4/29/2025,9:00,7992.6
4/29/2025,9:15,7879.2
4/29/2025,9:30,7845.6
4/29/2025,9:45,7362.6
4/29/2025,10:00,7503.3
4/29/2025,10:15,7203
4/29/2025,10:30,7039.2
4/29/2025,10:45,7087.5
4/29/2025,11:00,7112.7
4/29/2025,11:15,6940.5
4/29/2025,11:30,6848.1
4/29/2025,11:45,6848.1
4/29/2025,12:00,7026.6
4/29/2025,12:15,7018.2
4/29/2025,12:30,7205.1
4/29/2025,12:45,7142.1
4/29/2025,13:00,7717.5
4/29/2025,13:15,7893.9
4/29/2025,13:30,8194.2
4/29/2025,13:45,8129.1
4/29/2025,14:00,8578.5
4/29/2025,14:15,8769.6
4/29/2025,14:30,8603.7
4/29/2025,14:45,8549.1
4/29/2025,15:00,8717.1
4/29/2025,15:15,8500.8
4/29/2025,15:30,8960.7
4/29/2025,15:45,8591.1
4/29/2025,16:00,8796.9
4/29/2025,16:15,9000.6
4/29/2025,16:30,9586.5
4/29/2025,16:45,9689.4
4/29/2025,17:00,9403.8
4/29/2025,17:15,9664.2
4/29/2025,17:30,9901.5
4/29/2025,17:45,10002.3
4/29/2025,18:00,10122
4/29/2025,18:15,10388.7
4/29/2025,18:30,10250.1
4/29/2025,18:45,10439.1
4/29/2025,19:00,10512.6
4/29/2025,19:15,10344.6
4/29/2025,19:30,10380.3
4/29/2025,19:45,10424.4
4/29/2025,20:00,10315.2
4/29/2025,20:15,10413.9
4/29/2025,20:30,10386.6
4/29/2025,20:45,10365.6
4/29/2025,21:00,10231.2
4/29/2025,21:15,10361.4
4/29/2025,21:30,10395
4/29/2025,21:45,10101
4/29/2025,22:00,10344.6
4/29/2025,22:15,10392.9
4/29/2025,22:30,10218.6
4/29/2025,22:45,10365.6
4/29/2025,23:00,10342.5
4/29/2025,23:15,10285.8
4/29/2025,23:30,10399.2
4/29/2025,23:45,10411.8
4/30/2025,0:00,10273.2
4/30/2025,0:15,10388.7
4/30/2025,0:30,10363.5
4/30/2025,0:45,10283.7
4/30/2025,1:00,10369.8
4/30/2025,1:15,10392.9
4/30/2025,1:30,10357.2
4/30/2025,1:45,10262.7
4/30/2025,2:00,10367.7
4/30/2025,2:15,10336.2
4/30/2025,2:30,10132.5
4/30/2025,2:45,10371.9
4/30/2025,3:00,10355.1
4/30/2025,3:15,10161.9
4/30/2025,3:30,10369.8
4/30/2025,3:45,10407.6
4/30/2025,4:00,10313.1
4/30/2025,4:15,10344.6
4/30/2025,4:30,10405.5
4/30/2025,4:45,10212.3
4/30/2025,5:00,10308.9
4/30/2025,5:15,10365.6
4/30/2025,5:30,10166.1
4/30/2025,5:45,10206
4/30/2025,6:00,10153.5
4/30/2025,6:15,9993.9
4/30/2025,6:30,9781.8
4/30/2025,6:45,9735.6
4/30/2025,7:00,9410.1
4/30/2025,7:15,9072
4/30/2025,7:30,8981.7
4/30/2025,7:45,8872.5
4/30/2025,8:00,8593.2
4/30/2025,8:15,8698.2
4/30/2025,8:30,8286.6
4/30/2025,8:45,7963.2
4/30/2025,9:00,7715.4
4/30/2025,9:15,8463
4/30/2025,9:30,7135.8
4/30/2025,9:45,7041.3
4/30/2025,10:00,8391.6
4/30/2025,10:15,6759.9
4/30/2025,10:30,6961.5
4/30/2025,10:45,6862.8
4/30/2025,11:00,6680.1
4/30/2025,11:15,6688.5
4/30/2025,11:30,6755.7
4/30/2025,11:45,6713.7
4/30/2025,12:00,6505.8
4/30/2025,12:15,6598.2
4/30/2025,12:30,6633.9
4/30/2025,12:45,6503.7
4/30/2025,13:00,6772.5
4/30/2025,13:15,6820.8
4/30/2025,13:30,6692.7
4/30/2025,13:45,6959.4
4/30/2025,14:00,7530.6
4/30/2025,14:15,7320.6
4/30/2025,14:30,7404.6
4/30/2025,14:45,7761.6
4/30/2025,15:00,7719.6
4/30/2025,15:15,7755.3
4/30/2025,15:30,8057.7
4/30/2025,15:45,8309.7
4/30/2025,16:00,8154.3
4/30/2025,16:15,8435.7
4/30/2025,16:30,8757
4/30/2025,16:45,9456.3
4/30/2025,17:00,9300.9
4/30/2025,17:15,9433.2
4/30/2025,17:30,9748.2
4/30/2025,17:45,9804.9
4/30/2025,18:00,9983.4
4/30/2025,18:15,10164
4/30/2025,18:30,10332
4/30/2025,18:45,10275.3
4/30/2025,19:00,10153.5
4/30/2025,19:15,10256.4
4/30/2025,19:30,10285.8
4/30/2025,19:45,10336.2
4/30/2025,20:00,10348.8
4/30/2025,20:15,10359.3
4/30/2025,20:30,10439.1
4/30/2025,20:45,10304.7
4/30/2025,21:00,10306.8
4/30/2025,21:15,10332
4/30/2025,21:30,10342.5
4/30/2025,21:45,10378.2
4/30/2025,22:00,10336.2
4/30/2025,22:15,10035.9
4/30/2025,22:30,10182.9
4/30/2025,22:45,10273.2
4/30/2025,23:00,10277.4
4/30/2025,23:15,10302.6
4/30/2025,23:30,10378.2
4/30/2025,23:45,10430.7
5/1/2025,0:00,10317.3
5/1/2025,0:15,10294.2
5/1/2025,0:30,10290
5/1/2025,0:45,10315.2
5/1/2025,1:00,10329.9
5/1/2025,1:15,10308.9
5/1/2025,1:30,10136.7
5/1/2025,1:45,10159.8
5/1/2025,2:00,10260.6
5/1/2025,2:15,10262.7
5/1/2025,2:30,10262.7
5/1/2025,2:45,10262.7
5/1/2025,3:00,10401.3
5/1/2025,3:15,10334.1
5/1/2025,3:30,10353
5/1/2025,3:45,10277.4
5/1/2025,4:00,10371.9
5/1/2025,4:15,10371.9
5/1/2025,4:30,10332
5/1/2025,4:45,10220.7
5/1/2025,5:00,10088.4
5/1/2025,5:15,10298.4
5/1/2025,5:30,10281.6
5/1/2025,5:45,10273.2
5/1/2025,6:00,10229.1
5/1/2025,6:15,10082.1
5/1/2025,6:30,9893.1
5/1/2025,6:45,9641.1
5/1/2025,7:00,9483.6
5/1/2025,7:15,9273.6
5/1/2025,7:30,9053.1
5/1/2025,7:45,8778
5/1/2025,8:00,8492.4
5/1/2025,8:15,8259.3
5/1/2025,8:30,8045.1
5/1/2025,8:45,7887.6
5/1/2025,9:00,7782.6
5/1/2025,9:15,7572.6
5/1/2025,9:30,7589.4
5/1/2025,9:45,7450.8
5/1/2025,10:00,7352.1
5/1/2025,10:15,7217.7
5/1/2025,10:30,7119
5/1/2025,10:45,7047.6
5/1/2025,11:00,6974.1
5/1/2025,11:15,6818.7
5/1/2025,11:30,6604.5
5/1/2025,11:45,6730.5
5/1/2025,12:00,6791.4
5/1/2025,12:15,6864.9
5/1/2025,12:30,6793.5
5/1/2025,12:45,6848.1
5/1/2025,13:00,6982.5
5/1/2025,13:15,7908.6
5/1/2025,13:30,6936.3
5/1/2025,13:45,7112.7
5/1/2025,14:00,7095.9
5/1/2025,14:15,7255.5
5/1/2025,14:30,7255.5
5/1/2025,14:45,7356.3
5/1/2025,15:00,9069.9
5/1/2025,15:15,7770
5/1/2025,15:30,8026.2
5/1/2025,15:45,8307.6
5/1/2025,16:00,8538.6
5/1/2025,16:15,8754.9
5/1/2025,16:30,8914.5
5/1/2025,16:45,9111.9
5/1/2025,17:00,9111.9
5/1/2025,17:15,9624.3
5/1/2025,17:30,9838.5
5/1/2025,17:45,9912
5/1/2025,18:00,9796.5
5/1/2025,18:15,10227
5/1/2025,18:30,10321.5
5/1/2025,18:45,10340.4
5/1/2025,19:00,10420.2
5/1/2025,19:15,10504.2
5/1/2025,19:30,10531.5
5/1/2025,19:45,10460.1
5/1/2025,20:00,10472.7
5/1/2025,20:15,10487.4
5/1/2025,20:30,10401.3
5/1/2025,20:45,10521
5/1/2025,21:00,10418.1
5/1/2025,21:15,10096.8
5/1/2025,21:30,10371.9
5/1/2025,21:45,10401.3
5/1/2025,22:00,10392.9
5/1/2025,22:15,10455.9
5/1/2025,22:30,10460.1
5/1/2025,22:45,10481.1
5/1/2025,23:00,10462.2
5/1/2025,23:15,10479
5/1/2025,23:30,10369.8
5/1/2025,23:45,10441.2
5/2/2025,0:00,10453.8
5/2/2025,0:15,10434.9
5/2/2025,0:30,10199.7
5/2/2025,0:45,10187.1
5/2/2025,1:00,10374
5/2/2025,1:15,10376.1
5/2/2025,1:30,10460.1
5/2/2025,1:45,10470.6
5/2/2025,2:00,10468.5
5/2/2025,2:15,10434.9
5/2/2025,2:30,10390.8
5/2/2025,2:45,10481.1
5/2/2025,3:00,10441.2
5/2/2025,3:15,10413.9
5/2/2025,3:30,10390.8
5/2/2025,3:45,10216.5
5/2/2025,4:00,10329.9
5/2/2025,4:15,10342.5
5/2/2025,4:30,10397.1
5/2/2025,4:45,10409.7
5/2/2025,5:00,10407.6
5/2/2025,5:15,10470.6
5/2/2025,5:30,10403.4
5/2/2025,5:45,10361.4
5/2/2025,6:00,10222.8
5/2/2025,6:15,10122
5/2/2025,6:30,9981.3
5/2/2025,6:45,9762.9
5/2/2025,7:00,9401.7
5/2/2025,7:15,9055.2
5/2/2025,7:30,9040.5
5/2/2025,7:45,8824.2
5/2/2025,8:00,8670.9
5/2/2025,8:15,8484
5/2/2025,8:30,8345.4
5/2/2025,8:45,8082.9
5/2/2025,9:00,7893.9
5/2/2025,9:15,7702.8
5/2/2025,9:30,5884.2
5/2/2025,9:45,5728.8
5/2/2025,10:00,7360.5
5/2/2025,10:15,7131.6
5/2/2025,10:30,6875.4
5/2/2025,10:45,6980.4
5/2/2025,11:00,6925.8
5/2/2025,11:15,6980.4
5/2/2025,11:30,6955.2
5/2/2025,11:45,7003.5
5/2/2025,12:00,6951
5/2/2025,12:15,6927.9
5/2/2025,12:30,6669.6
5/2/2025,12:45,6642.3
5/2/2025,13:00,6717.9
5/2/2025,13:15,6770.4
5/2/2025,13:30,7022.4
5/2/2025,13:45,7079.1
5/2/2025,14:00,7232.4
5/2/2025,14:15,7056
5/2/2025,14:30,7179.9
5/2/2025,14:45,7266
5/2/2025,15:00,7526.4
5/2/2025,15:15,7631.4
5/2/2025,15:30,7795.2
5/2/2025,15:45,7980
5/2/2025,16:00,8177.4
5/2/2025,16:15,8421
5/2/2025,16:30,8681.4
5/2/2025,16:45,8910.3
5/2/2025,17:00,9141.3
5/2/2025,17:15,9336.6
5/2/2025,17:30,9515.1
5/2/2025,17:45,9666.3
5/2/2025,18:00,9891
5/2/2025,18:15,9895.2
5/2/2025,18:30,10103.1
5/2/2025,18:45,10113.6
5/2/2025,19:00,10132.5
5/2/2025,19:15,10092.6
5/2/2025,19:30,10168.2
5/2/2025,19:45,10132.5
5/2/2025,20:00,10101
5/2/2025,20:15,10149.3
5/2/2025,20:30,10151.4
5/2/2025,20:45,10071.6
5/2/2025,21:00,10130.4
5/2/2025,21:15,10164
5/2/2025,21:30,0
5/2/2025,21:45,0
5/2/2025,22:00,0
5/2/2025,22:15,464.8
5/2/2025,22:30,1639.2
5/2/2025,22:45,1542.4
5/2/2025,23:00,1474.4
5/2/2025,23:15,1496.8
5/2/2025,23:30,1495.2
5/2/2025,23:45,1493.6
5/3/2025,0:00,1502.8
5/3/2025,0:15,3517.5
5/3/2025,0:30,4118.1
5/3/2025,0:45,5428.5
5/3/2025,1:00,5476.8
5/3/2025,1:15,5678.4
5/3/2025,1:30,5873.7
5/3/2025,1:45,5949.3
5/3/2025,2:00,6060.6
5/3/2025,2:15,6098.4
5/3/2025,2:30,6081.6
5/3/2025,2:45,6176.1
5/3/2025,3:00,6321
5/3/2025,3:15,6327.3
5/3/2025,3:30,6339.9
5/3/2025,3:45,6348.3
5/3/2025,4:00,6346.2
5/3/2025,4:15,6251.7
5/3/2025,4:30,6318.9
5/3/2025,4:45,6321
5/3/2025,5:00,6316.8
5/3/2025,5:15,6310.5
5/3/2025,5:30,6304.2
5/3/2025,5:45,6304.2
5/3/2025,6:00,6255.9
5/3/2025,6:15,6302.1
5/3/2025,6:30,6045.9
5/3/2025,6:45,5917.8
5/3/2025,7:00,6039.6
5/3/2025,7:15,5949.3
5/3/2025,7:30,7266
5/3/2025,7:45,7675.5
5/3/2025,8:00,7566.3
5/3/2025,8:15,8080.8
5/3/2025,8:30,7954.8
5/3/2025,8:45,7843.5
5/3/2025,9:00,8005.2
5/3/2025,9:15,7043.4
5/3/2025,9:30,6174
5/3/2025,9:45,5523
5/3/2025,10:00,4901.4
5/3/2025,10:15,5313
5/3/2025,10:30,5800.2
5/3/2025,10:45,6696.9
5/3/2025,11:00,6041.7
5/3/2025,11:15,6665.4
5/3/2025,11:30,4834.2
5/3/2025,11:45,5665.8
5/3/2025,12:00,5010.6
5/3/2025,12:15,4638.9
5/3/2025,12:30,4546.5
5/3/2025,12:45,4454.1
5/3/2025,13:00,5159.7
5/3/2025,13:15,4630.5
5/3/2025,13:30,4680.9
5/3/2025,13:45,4750.2
5/3/2025,14:00,4846.8
5/3/2025,14:15,4890.9
5/3/2025,14:30,5176.5
5/3/2025,14:45,5285.7
5/3/2025,15:00,5428.5
5/3/2025,15:15,5581.8
5/3/2025,15:30,5741.4
5/3/2025,15:45,5949.3
5/3/2025,16:00,6144.6
5/3/2025,16:15,6377.7
5/3/2025,16:30,6552
5/3/2025,16:45,6608.7
5/3/2025,17:00,6858.6
5/3/2025,17:15,7144.2
5/3/2025,17:30,7211.4
5/3/2025,17:45,7436.1
5/3/2025,18:00,7570.5
5/3/2025,18:15,7650.3
5/3/2025,18:30,7898.1
5/3/2025,18:45,7847.7
5/3/2025,19:00,7862.4
5/3/2025,19:15,7870.8
5/3/2025,19:30,7925.4
5/3/2025,19:45,7998.9
5/3/2025,20:00,7921.2
5/3/2025,20:15,7929.6
5/3/2025,20:30,7805.7
5/3/2025,20:45,7736.4
5/3/2025,21:00,7774.2
5/3/2025,21:15,7814.1
5/3/2025,21:30,7818.3
5/3/2025,21:45,7728
5/3/2025,22:00,7711.2
5/3/2025,22:15,7665
5/3/2025,22:30,7837.2
5/3/2025,22:45,7742.7
5/3/2025,23:00,7717.5
5/3/2025,23:15,7686
5/3/2025,23:30,7858.2
5/3/2025,23:45,7713.3
5/4/2025,0:00,7641.9
5/4/2025,0:15,7595.7
5/4/2025,0:30,7610.4
5/4/2025,0:45,7570.5
5/4/2025,1:00,7770
5/4/2025,1:15,7650.3
5/4/2025,1:30,7616.7
5/4/2025,1:45,7593.6
5/4/2025,2:00,7763.7
5/4/2025,2:15,7749
5/4/2025,2:30,7715.4
5/4/2025,2:45,7629.3
5/4/2025,3:00,7549.5
5/4/2025,3:15,7673.4
5/4/2025,3:30,7675.5
5/4/2025,3:45,7566.3
5/4/2025,4:00,7595.7
5/4/2025,4:15,7602
5/4/2025,4:30,7568.4
5/4/2025,4:45,7488.6
5/4/2025,5:00,7688.1
5/4/2025,5:15,7637.7
5/4/2025,5:30,7543.2
5/4/2025,5:45,7446.6
5/4/2025,6:00,7324.8
5/4/2025,6:15,7358.4
5/4/2025,6:30,7169.4
5/4/2025,6:45,6888
5/4/2025,7:00,6615
5/4/2025,7:15,6608.7
5/4/2025,7:30,6287.4
5/4/2025,7:45,6054.3
5/4/2025,8:00,5684.7
5/4/2025,8:15,5426.4
5/4/2025,8:30,5208
5/4/2025,8:45,4905.6
5/4/2025,9:00,4580.1
5/4/2025,9:15,4176.9
5/4/2025,9:30,4197.9
5/4/2025,9:45,3891.3
5/4/2025,10:00,4830
5/4/2025,10:15,4953.9
5/4/2025,10:30,4634.7
5/4/2025,10:45,4168.5
5/4/2025,11:00,3956.4
5/4/2025,11:15,2641.8
5/4/2025,11:30,2914.8
5/4/2025,11:45,2927.4
5/4/2025,12:00,3015.6
5/4/2025,12:15,2954.7
5/4/2025,12:30,3290.7
5/4/2025,12:45,3309.6
5/4/2025,13:00,3347.4
5/4/2025,13:15,3227.7
5/4/2025,13:30,3897.6
5/4/2025,13:45,3876.6
5/4/2025,14:00,3656.1
5/4/2025,14:15,3561.6
5/4/2025,14:30,3811.5
5/4/2025,14:45,4040.4
5/4/2025,15:00,4151.7
5/4/2025,15:15,4447.8
5/4/2025,15:30,4708.2
5/4/2025,15:45,4701.9
5/4/2025,16:00,5130.3
5/4/2025,16:15,5279.4
5/4/2025,16:30,3559.5
5/4/2025,16:45,4059.3
5/4/2025,17:00,6176.1
5/4/2025,17:15,6121.5
5/4/2025,17:30,6728.4
5/4/2025,17:45,6892.2
5/4/2025,18:00,6732.6
5/4/2025,18:15,7148.4
5/4/2025,18:30,7291.2
5/4/2025,18:45,7263.9
5/4/2025,19:00,7326.9
5/4/2025,19:15,7350
5/4/2025,19:30,7303.8
5/4/2025,19:45,7301.7
5/4/2025,20:00,7368.9
5/4/2025,20:15,7385.7
5/4/2025,20:30,7331.1
5/4/2025,20:45,7589.4
5/4/2025,21:00,7660.8
5/4/2025,21:15,7551.6
5/4/2025,21:30,7681.8
5/4/2025,21:45,7797.3
5/4/2025,22:00,7671.3
5/4/2025,22:15,7875
5/4/2025,22:30,7870.8
5/4/2025,22:45,7765.8
5/4/2025,23:00,7923.3
5/4/2025,23:15,7830.9
5/4/2025,23:30,7751.1
5/4/2025,23:45,7870.8
5/5/2025,0:00,7809.9
5/5/2025,0:15,7637.7
5/5/2025,0:30,7828.8
5/5/2025,0:45,7797.3
5/5/2025,1:00,7585.2
5/5/2025,1:15,7757.4
5/5/2025,1:30,7765.8
5/5/2025,1:45,7452.9
5/5/2025,2:00,7774.2
5/5/2025,2:15,7700.7
5/5/2025,2:30,7518
5/5/2025,2:45,7723.8
5/5/2025,3:00,7723.8
5/5/2025,3:15,7614.6
5/5/2025,3:30,7688.1
5/5/2025,3:45,7734.3
5/5/2025,4:00,7635.6
5/5/2025,4:15,7675.5
5/5/2025,4:30,7707
5/5/2025,4:45,7744.8
5/5/2025,5:00,7673.4
5/5/2025,5:15,7707
5/5/2025,5:30,7740.6
5/5/2025,5:45,7675.5
5/5/2025,6:00,7732.2
5/5/2025,6:15,7631.4
5/5/2025,6:30,7471.8
5/5/2025,6:45,7539
5/5/2025,7:00,7402.5
5/5/2025,7:15,7337.4
5/5/2025,7:30,7110.6
5/5/2025,7:45,7245
5/5/2025,8:00,6837.6
5/5/2025,8:15,7163.1
5/5/2025,8:30,6413.4
5/5/2025,8:45,6012.3
5/5/2025,9:00,6587.7
5/5/2025,9:15,6027
5/5/2025,9:30,5743.5
5/5/2025,9:45,5268.9
5/5/2025,10:00,4981.2
5/5/2025,10:15,5107.2
5/5/2025,10:30,4286.1
5/5/2025,10:45,4050.9
5/5/2025,11:00,3063.9
5/5/2025,11:15,2912.7
5/5/2025,11:30,3133.2
5/5/2025,11:45,2929.5
5/5/2025,12:00,3538.5
5/5/2025,12:15,3091.2
5/5/2025,12:30,3122.7
5/5/2025,12:45,3095.4
5/5/2025,13:00,3162.6
5/5/2025,13:15,3166.8
5/5/2025,13:30,4162.2
5/5/2025,13:45,5434.8
5/5/2025,14:00,3439.8
5/5/2025,14:15,4647.3
5/5/2025,14:30,5226.9
5/5/2025,14:45,3731.7
5/5/2025,15:00,3920.7
5/5/2025,15:15,4225.2
5/5/2025,15:30,4817.4
5/5/2025,15:45,4754.4
5/5/2025,16:00,5449.5
5/5/2025,16:15,5520.9
5/5/2025,16:30,5985
5/5/2025,16:45,6237
5/5/2025,17:00,6606.6
5/5/2025,17:15,6717.9
5/5/2025,17:30,6936.3
5/5/2025,17:45,7152.6
5/5/2025,18:00,7186.2
5/5/2025,18:15,7469.7
5/5/2025,18:30,7637.7
5/5/2025,18:45,7444.5
5/5/2025,19:00,7776.3
5/5/2025,19:15,7782.6
5/5/2025,19:30,7576.8
5/5/2025,19:45,7780.5
5/5/2025,20:00,7791
5/5/2025,20:15,7746.9
5/5/2025,20:30,7753.2
5/5/2025,20:45,7713.3
5/5/2025,21:00,7692.3
5/5/2025,21:15,7732.2
5/5/2025,21:30,7707
5/5/2025,21:45,7704.9
5/5/2025,22:00,7683.9
5/5/2025,22:15,7736.4
5/5/2025,22:30,7696.5
5/5/2025,22:45,7648.2
5/5/2025,23:00,7723.8
5/5/2025,23:15,7730.1
5/5/2025,23:30,7616.7
5/5/2025,23:45,7782.6
5/6/2025,0:00,7715.4
5/6/2025,0:15,7633.5
5/6/2025,0:30,7767.9
5/6/2025,0:45,7734.3
5/6/2025,1:00,7616.7
5/6/2025,1:15,7763.7
5/6/2025,1:30,7719.6
5/6/2025,1:45,7578.9
5/6/2025,2:00,7728
5/6/2025,2:15,7728
5/6/2025,2:30,7509.6
5/6/2025,2:45,7686
5/6/2025,3:00,7725.9
5/6/2025,3:15,7421.4
5/6/2025,3:30,7671.3
5/6/2025,3:45,7723.8
5/6/2025,4:00,7576.8
5/6/2025,4:15,7683.9
5/6/2025,4:30,7707
5/6/2025,4:45,7620.9
5/6/2025,5:00,7667.1
5/6/2025,5:15,7662.9
5/6/2025,5:30,7587.3
5/6/2025,5:45,7469.7
5/6/2025,6:00,7446.6
5/6/2025,6:15,7207.2
5/6/2025,6:30,6974.1
5/6/2025,6:45,6795.6
5/6/2025,7:00,6541.5
5/6/2025,7:15,6092.1
5/6/2025,7:30,5928.3
5/6/2025,7:45,5567.1
5/6/2025,8:00,5292
5/6/2025,8:15,5037.9
5/6/2025,8:30,4781.7
5/6/2025,8:45,4519.2
5/6/2025,9:00,4382.7
5/6/2025,9:15,4162.2
5/6/2025,9:30,3859.8
5/6/2025,9:45,3786.3
5/6/2025,10:00,3614.1
5/6/2025,10:15,3357.9
5/6/2025,10:30,3372.6
5/6/2025,10:45,3271.8
5/6/2025,11:00,2916.9
5/6/2025,11:15,3074.4
5/6/2025,11:30,3030.3
5/6/2025,11:45,2746.8
5/6/2025,12:00,3011.4
5/6/2025,12:15,2977.8
5/6/2025,12:30,2704.8
5/6/2025,12:45,3003
5/6/2025,13:00,3089.1
5/6/2025,13:15,3677.1
5/6/2025,13:30,3200.4
5/6/2025,13:45,3828.3
5/6/2025,14:00,3813.6
5/6/2025,14:15,3412.5
5/6/2025,14:30,4552.8
5/6/2025,14:45,3635.1
5/6/2025,15:00,3488.1
5/6/2025,15:15,5073.6
5/6/2025,15:30,5138.7
5/6/2025,15:45,4704
5/6/2025,16:00,5180.7
5/6/2025,16:15,5367.6
5/6/2025,16:30,5615.4
5/6/2025,16:45,5953.5
5/6/2025,17:00,6409.2
5/6/2025,17:15,6331.5
5/6/2025,17:30,6848.1
5/6/2025,17:45,7404.6
5/6/2025,18:00,7440.3
5/6/2025,18:15,7509.6
5/6/2025,18:30,7623
5/6/2025,18:45,7677.6
5/6/2025,19:00,7803.6
5/6/2025,19:15,7805.7
5/6/2025,19:30,7599.9
5/6/2025,19:45,7858.2
5/6/2025,20:00,7786.8
5/6/2025,20:15,7467.6
5/6/2025,20:30,7658.7
5/6/2025,20:45,7763.7
5/6/2025,21:00,7557.9
5/6/2025,21:15,7765.8
5/6/2025,21:30,7763.7
5/6/2025,21:45,7602
5/6/2025,22:00,7690.2
5/6/2025,22:15,7736.4
5/6/2025,22:30,7692.3
5/6/2025,22:45,7753.2
5/6/2025,23:00,7746.9
5/6/2025,23:15,7744.8
5/6/2025,23:30,7673.4
5/6/2025,23:45,7759.5
5/7/2025,0:00,7772.1
5/7/2025,0:15,7679.7
5/7/2025,0:30,7734.3
5/7/2025,0:45,7755.3
5/7/2025,1:00,7675.5
5/7/2025,1:15,7780.5
5/7/2025,1:30,7723.8
5/7/2025,1:45,7679.7
5/7/2025,2:00,7770
5/7/2025,2:15,7757.4
5/7/2025,2:30,7625.1
5/7/2025,2:45,7757.4
5/7/2025,3:00,7656.6
5/7/2025,3:15,7505.4
5/7/2025,3:30,7700.7
5/7/2025,3:45,7698.6
5/7/2025,4:00,7536.9
5/7/2025,4:15,7751.1
5/7/2025,4:30,7728
5/7/2025,4:45,7444.5
5/7/2025,5:00,7704.9
5/7/2025,5:15,7652.4
5/7/2025,5:30,7343.7
5/7/2025,5:45,7518
5/7/2025,6:00,7392
5/7/2025,6:15,7137.9
5/7/2025,6:30,6976.2
5/7/2025,6:45,6789.3
5/7/2025,7:00,6472.2
5/7/2025,7:15,6274.8
5/7/2025,7:30,6039.6
5/7/2025,7:45,5783.4
5/7/2025,8:00,5466.3
5/7/2025,8:15,5268.9
5/7/2025,8:30,5084.1
5/7/2025,8:45,4731.3
5/7/2025,9:00,4542.3
5/7/2025,9:15,4370.1
5/7/2025,9:30,4095
5/7/2025,9:45,4086.6
5/7/2025,10:00,3822
5/7/2025,10:15,3626.7
5/7/2025,10:30,3626.7
5/7/2025,10:45,3488.1
5/7/2025,11:00,3431.4
5/7/2025,11:15,3538.5
5/7/2025,11:30,3364.2
5/7/2025,11:45,3271.8
5/7/2025,12:00,3374.7
5/7/2025,12:15,3284.4
5/7/2025,12:30,3061.8
5/7/2025,12:45,3318
5/7/2025,13:00,3240.3
5/7/2025,13:15,3053.4
5/7/2025,13:30,-770.7
5/7/2025,13:45,-753.9
5/7/2025,14:00,-722.4
5/7/2025,14:15,2807.7
5/7/2025,14:30,3483.9
5/7/2025,14:45,3658.2
5/7/2025,15:00,4118.1
5/7/2025,15:15,4344.9
5/7/2025,15:30,4638.9
5/7/2025,15:45,4834.2
5/7/2025,16:00,5084.1
5/7/2025,16:15,5428.5
5/7/2025,16:30,5537.7
5/7/2025,16:45,5873.7
5/7/2025,17:00,6480.6
5/7/2025,17:15,6646.5
5/7/2025,17:30,7083.3
5/7/2025,17:45,7534.8
5/7/2025,18:00,7442.4
5/7/2025,18:15,7518
5/7/2025,18:30,7780.5
5/7/2025,18:45,7822.5
5/7/2025,19:00,7629.3
5/7/2025,19:15,7944.3
5/7/2025,19:30,7914.9
5/7/2025,19:45,7690.2
5/7/2025,20:00,7900.2
5/7/2025,20:15,7984.2
5/7/2025,20:30,7904.4
5/7/2025,20:45,8003.1
5/7/2025,21:00,7992.6
5/7/2025,21:15,8040.9
5/7/2025,21:30,7929.6
5/7/2025,21:45,7971.6
5/7/2025,22:00,7992.6
5/7/2025,22:15,7940.1
5/7/2025,22:30,8070.3
5/7/2025,22:45,8068.2
5/7/2025,23:00,7963.2
5/7/2025,23:15,7973.7
5/7/2025,23:30,7942.2
5/7/2025,23:45,7847.7
5/8/2025,0:00,7990.5
5/8/2025,0:15,7921.2
5/8/2025,0:30,7803.6
5/8/2025,0:45,7891.8
5/8/2025,1:00,7889.7
5/8/2025,1:15,7788.9
5/8/2025,1:30,7929.6
5/8/2025,1:45,7931.7
5/8/2025,2:00,7742.7
5/8/2025,2:15,7921.2
5/8/2025,2:30,7875
5/8/2025,2:45,7654.5
5/8/2025,3:00,7872.9
5/8/2025,3:15,7875
5/8/2025,3:30,7610.4
5/8/2025,3:45,7931.7
5/8/2025,4:00,7906.5
5/8/2025,4:15,7711.2
5/8/2025,4:30,7854
5/8/2025,4:45,7824.6
5/8/2025,5:00,7696.5
5/8/2025,5:15,7791
5/8/2025,5:30,7786.8
5/8/2025,5:45,7679.7
5/8/2025,6:00,7394.1
5/8/2025,6:15,7389.9
5/8/2025,6:30,7016.1
5/8/2025,6:45,7144.2
5/8/2025,7:00,6969.9
5/8/2025,7:15,6709.5
5/8/2025,7:30,6854.4
5/8/2025,7:45,7047.6
5/8/2025,8:00,7276.5
5/8/2025,8:15,7221.9
5/8/2025,8:30,7364.7
5/8/2025,8:45,7154.7
5/8/2025,9:00,7154.7
5/8/2025,9:15,7301.7
5/8/2025,9:30,7070.7
5/8/2025,9:45,6869.1
5/8/2025,10:00,7137.9
5/8/2025,10:15,7198.8
5/8/2025,10:30,7035
5/8/2025,10:45,7320.6
5/8/2025,11:00,7028.7
5/8/2025,11:15,6558.3
5/8/2025,11:30,7247.1
5/8/2025,11:45,7326.9
5/8/2025,12:00,7148.4
5/8/2025,12:15,7224
5/8/2025,12:30,7200.9
5/8/2025,12:45,7058.1
5/8/2025,13:00,7305.9
5/8/2025,13:15,7249.2
5/8/2025,13:30,7270.2
5/8/2025,13:45,7576.8
5/8/2025,14:00,7623
5/8/2025,14:15,7587.3
5/8/2025,14:30,7268.1
5/8/2025,14:45,7266
5/8/2025,15:00,7511.7
5/8/2025,15:15,7354.2
5/8/2025,15:30,7245
5/8/2025,15:45,7169.4
5/8/2025,16:00,7484.4
5/8/2025,16:15,7381.5
5/8/2025,16:30,7625.1
5/8/2025,16:45,7654.5
5/8/2025,17:00,7753.2
5/8/2025,17:15,7728
5/8/2025,17:30,7742.7
5/8/2025,17:45,7734.3
5/8/2025,18:00,7721.7
5/8/2025,18:15,7786.8
5/8/2025,18:30,7732.2
5/8/2025,18:45,7822.5
5/8/2025,19:00,7583.1
5/8/2025,19:15,7854
5/8/2025,19:30,7856.1
5/8/2025,19:45,7967.4
5/8/2025,20:00,7862.4
5/8/2025,20:15,7801.5
5/8/2025,20:30,7864.5
5/8/2025,20:45,7807.8
5/8/2025,21:00,7872.9
5/8/2025,21:15,7860.3
5/8/2025,21:30,7891.8
5/8/2025,21:45,7604.1
5/8/2025,22:00,7860.3
5/8/2025,22:15,7902.3
5/8/2025,22:30,7891.8
5/8/2025,22:45,7828.8
5/8/2025,23:00,7877.1
5/8/2025,23:15,7862.4
5/8/2025,23:30,7841.4
5/8/2025,23:45,7835.1
5/9/2025,0:00,7820.4
5/9/2025,0:15,7820.4
5/9/2025,0:30,7847.7
5/9/2025,0:45,7912.8
5/9/2025,1:00,7875
5/9/2025,1:15,7801.5
5/9/2025,1:30,7778.4
5/9/2025,1:45,7799.4
5/9/2025,2:00,7648.2
5/9/2025,2:15,7717.5
5/9/2025,2:30,7893.9
5/9/2025,2:45,7933.8
5/9/2025,3:00,7927.5
5/9/2025,3:15,7942.2
5/9/2025,3:30,7971.6
5/9/2025,3:45,7965.3
5/9/2025,4:00,7881.3
5/9/2025,4:15,7971.6
5/9/2025,4:30,7889.7
5/9/2025,4:45,7898.1
5/9/2025,5:00,7843.5
5/9/2025,5:15,7824.6
5/9/2025,5:30,7753.2
5/9/2025,5:45,7656.6
5/9/2025,6:00,7847.7
5/9/2025,6:15,7791
5/9/2025,6:30,7541.1
5/9/2025,6:45,7620.9
5/9/2025,7:00,7473.9
5/9/2025,7:15,7778.4
5/9/2025,7:30,7545.3
5/9/2025,7:45,7274.4
5/9/2025,8:00,7324.8
5/9/2025,8:15,7360.5
5/9/2025,8:30,7751.1
5/9/2025,8:45,6957.3
5/9/2025,9:00,6913.2
5/9/2025,9:15,6421.8
5/9/2025,9:30,5103
5/9/2025,9:45,5319.3
5/9/2025,10:00,3607.8
5/9/2025,10:15,5638.5
5/9/2025,10:30,7104.3
5/9/2025,10:45,7161
5/9/2025,11:00,5199.6
5/9/2025,11:15,3614.1
5/9/2025,11:30,4893
5/9/2025,11:45,3278.1
5/9/2025,12:00,4242
5/9/2025,12:15,6638.1
5/9/2025,12:30,5787.6
5/9/2025,12:45,5659.5
5/9/2025,13:00,5058.9
5/9/2025,13:15,6033.3
5/9/2025,13:30,6959.4
5/9/2025,13:45,6812.4
5/9/2025,14:00,6108.9
5/9/2025,14:15,5464.2
5/9/2025,14:30,5172.3
5/9/2025,14:45,4596.9
5/9/2025,15:00,5833.8
5/9/2025,15:15,6199.2
5/9/2025,15:30,4212.6
5/9/2025,15:45,4634.7
5/9/2025,16:00,4960.2
5/9/2025,16:15,5178.6
5/9/2025,16:30,6720
5/9/2025,16:45,6489
5/9/2025,17:00,6339.9
5/9/2025,17:15,6625.5
5/9/2025,17:30,6904.8
5/9/2025,17:45,7196.7
5/9/2025,18:00,7473.9
5/9/2025,18:15,7637.7
5/9/2025,18:30,7797.3
5/9/2025,18:45,7891.8
5/9/2025,19:00,7904.4
5/9/2025,19:15,7996.8
5/9/2025,19:30,7977.9
5/9/2025,19:45,8005.2
5/9/2025,20:00,7975.8
5/9/2025,20:15,7938
5/9/2025,20:30,7923.3
5/9/2025,20:45,7954.8
5/9/2025,21:00,7942.2
5/9/2025,21:15,7952.7
5/9/2025,21:30,7940.1
5/9/2025,21:45,7906.5
5/9/2025,22:00,7933.8
5/9/2025,22:15,7961.1
5/9/2025,22:30,8032.5
5/9/2025,22:45,7956.9
5/9/2025,23:00,7948.5
5/9/2025,23:15,7946.4
5/9/2025,23:30,7954.8
5/9/2025,23:45,7990.5
5/10/2025,0:00,7933.8
5/10/2025,0:15,7950.6
5/10/2025,0:30,7902.3
5/10/2025,0:45,7977.9
5/10/2025,1:00,7944.3
5/10/2025,1:15,7948.5
5/10/2025,1:30,7931.7
5/10/2025,1:45,7965.3
5/10/2025,2:00,7923.3
5/10/2025,2:15,7931.7
5/10/2025,2:30,6018.6
5/10/2025,2:45,6600.3
5/10/2025,3:00,7633.5
5/10/2025,3:15,7730.1
5/10/2025,3:30,7690.2
5/10/2025,3:45,7728
5/10/2025,4:00,7799.4
5/10/2025,4:15,7772.1
5/10/2025,4:30,7763.7
5/10/2025,4:45,7799.4
5/10/2025,5:00,7803.6
5/10/2025,5:15,7799.4
5/10/2025,5:30,7835.1
5/10/2025,5:45,7629.3
5/10/2025,6:00,7345.8
5/10/2025,6:15,7247.1
5/10/2025,6:30,7413
5/10/2025,6:45,7305.9
5/10/2025,7:00,6854.4
5/10/2025,7:15,6795.6
5/10/2025,7:30,6581.4
5/10/2025,7:45,6402.9
5/10/2025,8:00,6556.2
5/10/2025,8:15,6153
5/10/2025,8:30,6436.5
5/10/2025,8:45,5835.9
5/10/2025,9:00,5002.2
5/10/2025,9:15,6142.5
5/10/2025,9:30,5741.4
5/10/2025,9:45,4840.5
5/10/2025,10:00,5279.4
5/10/2025,10:15,5938.8
5/10/2025,10:30,5153.4
5/10/2025,10:45,7024.5
5/10/2025,11:00,6608.7
5/10/2025,11:15,7047.6
5/10/2025,11:30,7520.1
5/10/2025,11:45,7350
5/10/2025,12:00,7383.6
5/10/2025,12:15,6524.7
5/10/2025,12:30,7478.1
5/10/2025,12:45,7116.9
5/10/2025,13:00,7091.7
5/10/2025,13:15,6638.1
5/10/2025,13:30,7360.5
5/10/2025,13:45,7371
5/10/2025,14:00,7501.2
5/10/2025,14:15,7293.3
5/10/2025,14:30,7087.5
5/10/2025,14:45,7564.2
5/10/2025,15:00,7686
5/10/2025,15:15,6199.2
5/10/2025,15:30,7436.1
5/10/2025,15:45,7326.9
5/10/2025,16:00,7100.1
5/10/2025,16:15,6463.8
5/10/2025,16:30,6684.3
5/10/2025,16:45,7637.7
5/10/2025,17:00,7253.4
5/10/2025,17:15,7198.8
5/10/2025,17:30,7121.1
5/10/2025,17:45,7364.7
5/10/2025,18:00,7555.8
5/10/2025,18:15,7675.5
5/10/2025,18:30,7759.5
5/10/2025,18:45,7925.4
5/10/2025,19:00,7893.9
5/10/2025,19:15,7900.2
5/10/2025,19:30,7912.8
5/10/2025,19:45,7963.2
5/10/2025,20:00,7935.9
5/10/2025,20:15,7954.8
5/10/2025,20:30,7940.1
5/10/2025,20:45,7965.3
5/10/2025,21:00,7992.6
5/10/2025,21:15,7933.8
5/10/2025,21:30,7982.1
5/10/2025,21:45,7977.9
5/10/2025,22:00,7975.8
5/10/2025,22:15,7956.9
5/10/2025,22:30,7942.2
5/10/2025,22:45,7971.6
5/10/2025,23:00,7942.2
5/10/2025,23:15,8019.9
5/10/2025,23:30,7931.7
5/10/2025,23:45,7896
5/11/2025,0:00,7971.6
5/11/2025,0:15,7902.3
5/11/2025,0:30,7919.1
5/11/2025,0:45,7935.9
5/11/2025,1:00,7912.8
5/11/2025,1:15,7919.1
5/11/2025,1:30,7919.1
5/11/2025,1:45,7864.5
5/11/2025,2:00,7872.9
5/11/2025,2:15,7866.6
5/11/2025,2:30,7944.3
5/11/2025,2:45,7877.1
5/11/2025,3:00,7919.1
5/11/2025,3:15,7925.4
5/11/2025,3:30,7900.2
5/11/2025,3:45,7986.3
5/11/2025,4:00,7948.5
5/11/2025,4:15,7891.8
5/11/2025,4:30,7919.1
5/11/2025,4:45,7908.6
5/11/2025,5:00,7923.3
5/11/2025,5:15,7908.6
5/11/2025,5:30,7843.5
5/11/2025,5:45,7753.2
5/11/2025,6:00,7522.2
5/11/2025,6:15,7297.5
5/11/2025,6:30,7026.6
5/11/2025,6:45,6732.6
5/11/2025,7:00,6394.5
5/11/2025,7:15,6113.1
5/11/2025,7:30,5703.6
5/11/2025,7:45,5392.8
5/11/2025,8:00,4981.2
5/11/2025,8:15,4683
5/11/2025,8:30,4353.3
5/11/2025,8:45,4044.6
5/11/2025,9:00,3727.5
5/11/2025,9:15,3586.8
5/11/2025,9:30,3320.1
5/11/2025,9:45,3181.5
5/11/2025,10:00,3072.3
5/11/2025,10:15,2927.4
5/11/2025,10:30,2807.7
5/11/2025,10:45,2614.5
5/11/2025,11:00,2461.2
5/11/2025,11:15,2425.5
5/11/2025,11:30,2373
5/11/2025,11:45,2368.8
5/11/2025,12:00,2345.7
5/11/2025,12:15,2291.1
5/11/2025,12:30,2341.5
5/11/2025,12:45,2421.3
5/11/2025,13:00,2475.9
5/11/2025,13:15,2650.2
5/11/2025,13:30,2715.3
5/11/2025,13:45,2835
5/11/2025,14:00,2929.5
5/11/2025,14:15,3189.9
5/11/2025,14:30,3376.8
5/11/2025,14:45,3620.4
5/11/2025,15:00,3767.4
5/11/2025,15:15,3966.9
5/11/2025,15:30,4235.7
5/11/2025,15:45,4445.7
5/11/2025,16:00,4725
5/11/2025,16:15,5027.4
5/11/2025,16:30,5371.8
5/11/2025,16:45,5657.4
5/11/2025,17:00,5970.3
5/11/2025,17:15,6419.7
5/11/2025,17:30,6738.9
5/11/2025,17:45,7087.5
5/11/2025,18:00,7362.6
5/11/2025,18:15,7595.7
5/11/2025,18:30,7730.1
5/11/2025,18:45,7858.2
5/11/2025,19:00,7935.9
5/11/2025,19:15,7931.7
5/11/2025,19:30,7963.2
5/11/2025,19:45,7950.6
5/11/2025,20:00,7959
5/11/2025,20:15,7963.2
5/11/2025,20:30,7942.2
5/11/2025,20:45,7948.5
5/11/2025,21:00,7900.2
5/11/2025,21:15,7923.3
5/11/2025,21:30,7927.5
5/11/2025,21:45,7942.2
5/11/2025,22:00,7940.1
5/11/2025,22:15,7952.7
5/11/2025,22:30,7948.5
5/11/2025,22:45,7959
5/11/2025,23:00,7917
5/11/2025,23:15,7942.2
5/11/2025,23:30,7956.9
5/11/2025,23:45,7959
5/12/2025,0:00,7923.3
5/12/2025,0:15,7946.4
5/12/2025,0:30,7919.1
5/12/2025,0:45,7925.4
5/12/2025,1:00,7925.4
5/12/2025,1:15,7967.4
5/12/2025,1:30,7914.9
5/12/2025,1:45,7992.6
5/12/2025,2:00,7982.1
5/12/2025,2:15,7969.5
5/12/2025,2:30,7933.8
5/12/2025,2:45,7990.5
5/12/2025,3:00,7980
5/12/2025,3:15,7931.7
5/12/2025,3:30,7914.9
5/12/2025,3:45,7935.9
5/12/2025,4:00,7980
5/12/2025,4:15,8019.9
5/12/2025,4:30,7975.8
5/12/2025,4:45,8017.8
5/12/2025,5:00,7992.6
5/12/2025,5:15,7963.2
5/12/2025,5:30,7954.8
5/12/2025,5:45,7835.1
5/12/2025,6:00,7704.9
5/12/2025,6:15,7471.8
5/12/2025,6:30,7179.9
5/12/2025,6:45,6961.5
5/12/2025,7:00,6543.6
5/12/2025,7:15,6188.7
5/12/2025,7:30,5922
5/12/2025,7:45,5607
5/12/2025,8:00,5262.6
5/12/2025,8:15,4987.5
5/12/2025,8:30,4718.7
5/12/2025,8:45,4395.3
5/12/2025,9:00,4149.6
5/12/2025,9:15,3975.3
5/12/2025,9:30,3763.2
5/12/2025,9:45,3507
5/12/2025,10:00,3385.2
5/12/2025,10:15,3280.2
5/12/2025,10:30,3179.4
5/12/2025,10:45,3051.3
5/12/2025,11:00,2958.9
5/12/2025,11:15,2914.8
5/12/2025,11:30,2946.3
5/12/2025,11:45,2738.4
5/12/2025,12:00,2866.5
5/12/2025,12:15,2856
5/12/2025,12:30,2990.4
5/12/2025,12:45,2904.3
5/12/2025,13:00,2950.5
5/12/2025,13:15,3387.3
5/12/2025,13:30,3651.9
5/12/2025,13:45,3030.3
5/12/2025,14:00,3502.8
5/12/2025,14:15,4338.6
5/12/2025,14:30,4624.2
5/12/2025,14:45,4248.3
5/12/2025,15:00,3630.9
5/12/2025,15:15,3704.4
5/12/2025,15:30,4179
5/12/2025,15:45,5346.6
5/12/2025,16:00,4651.5
5/12/2025,16:15,5352.9
5/12/2025,16:30,5602.8
5/12/2025,16:45,5961.9
5/12/2025,17:00,6484.8
5/12/2025,17:15,6522.6
5/12/2025,17:30,6701.1
5/12/2025,17:45,7158.9
5/12/2025,18:00,7440.3
5/12/2025,18:15,7671.3
5/12/2025,18:30,7917
5/12/2025,18:45,7967.4
5/12/2025,19:00,7998.9
5/12/2025,19:15,8036.7
5/12/2025,19:30,8057.7
5/12/2025,19:45,8059.8
5/12/2025,20:00,8040.9
5/12/2025,20:15,8032.5
5/12/2025,20:30,8051.4
5/12/2025,20:45,8145.9
5/12/2025,21:00,8116.5
5/12/2025,21:15,8101.8
5/12/2025,21:30,8127
5/12/2025,21:45,8095.5
5/12/2025,22:00,8192.1
5/12/2025,22:15,8097.6
5/12/2025,22:30,7826.7
5/12/2025,22:45,7881.3
5/12/2025,23:00,7791
5/12/2025,23:15,7837.2
5/12/2025,23:30,7784.7
5/12/2025,23:45,7826.7
5/13/2025,0:00,7864.5
5/13/2025,0:15,8089.2
5/13/2025,0:30,8112.3
5/13/2025,0:45,8064
5/13/2025,1:00,8145.9
5/13/2025,1:15,8116.5
5/13/2025,1:30,8085
5/13/2025,1:45,8082.9
5/13/2025,2:00,8091.3
5/13/2025,2:15,8103.9
5/13/2025,2:30,7980
5/13/2025,2:45,7965.3
5/13/2025,3:00,7906.5
5/13/2025,3:15,7956.9
5/13/2025,3:30,7952.7
5/13/2025,3:45,7900.2
5/13/2025,4:00,7973.7
5/13/2025,4:15,7931.7
5/13/2025,4:30,7938
5/13/2025,4:45,7977.9
5/13/2025,5:00,7986.3
5/13/2025,5:15,7940.1
5/13/2025,5:30,7814.1
5/13/2025,5:45,7715.4
5/13/2025,6:00,7660.8
5/13/2025,6:15,7425.6
5/13/2025,6:30,7028.7
5/13/2025,6:45,6552
5/13/2025,7:00,6314.7
5/13/2025,7:15,5720.4
5/13/2025,7:30,6598.2
5/13/2025,7:45,6486.9
5/13/2025,8:00,5659.5
5/13/2025,8:15,5350.8
5/13/2025,8:30,4880.4
5/13/2025,8:45,4836.3
5/13/2025,9:00,6020.7
5/13/2025,9:15,5548.2
5/13/2025,9:30,5571.3
5/13/2025,9:45,5184.9
5/13/2025,10:00,3992.1
5/13/2025,10:15,4565.4
5/13/2025,10:30,2400.3
5/13/2025,10:45,4441.5
5/13/2025,11:00,5623.8
5/13/2025,11:15,5115.6
5/13/2025,11:30,2769.9
5/13/2025,11:45,2767.8
5/13/2025,12:00,5037.9
5/13/2025,12:15,3801
5/13/2025,12:30,2568.3
5/13/2025,12:45,4956
5/13/2025,13:00,3969
5/13/2025,13:15,5046.3
5/13/2025,13:30,3305.4
5/13/2025,13:45,5483.1
5/13/2025,14:00,5749.8
5/13/2025,14:15,5722.5
5/13/2025,14:30,4615.8
5/13/2025,14:45,5917.8
5/13/2025,15:00,5304.6
5/13/2025,15:15,6146.7
5/13/2025,15:30,6306.3
5/13/2025,15:45,6209.7
5/13/2025,16:00,5405.4
5/13/2025,16:15,6220.2
5/13/2025,16:30,7068.6
5/13/2025,16:45,6751.5
5/13/2025,17:00,7137.9
5/13/2025,17:15,7203
5/13/2025,17:30,7316.4
5/13/2025,17:45,7507.5
5/13/2025,18:00,7589.4
5/13/2025,18:15,7732.2
5/13/2025,18:30,7839.3
5/13/2025,18:45,8101.8
5/13/2025,19:00,8066.1
5/13/2025,19:15,8072.4
5/13/2025,19:30,8085
5/13/2025,19:45,8120.7
5/13/2025,20:00,8124.9
5/13/2025,20:15,8213.1
5/13/2025,20:30,8129.1
5/13/2025,20:45,8166.9
5/13/2025,21:00,8213.1
5/13/2025,21:15,8200.5
5/13/2025,21:30,8229.9
5/13/2025,21:45,8137.5
5/13/2025,22:00,8179.5
5/13/2025,22:15,8192.1
5/13/2025,22:30,8171.1
5/13/2025,22:45,8204.7
5/13/2025,23:00,8232
5/13/2025,23:15,8265.6
5/13/2025,23:30,8269.8
5/13/2025,23:45,8190
5/14/2025,0:00,8213.1
5/14/2025,0:15,8173.2
5/14/2025,0:30,8030.4
5/14/2025,0:45,8160.6
5/14/2025,1:00,8198.4
5/14/2025,1:15,8196.3
5/14/2025,1:30,8175.3
5/14/2025,1:45,8198.4
5/14/2025,2:00,8221.5
5/14/2025,2:15,8183.7
5/14/2025,2:30,8185.8
5/14/2025,2:45,8225.7
5/14/2025,3:00,8204.7
5/14/2025,3:15,8177.4
5/14/2025,3:30,8139.6
5/14/2025,3:45,8190
5/14/2025,4:00,8217.3
5/14/2025,4:15,8152.2
5/14/2025,4:30,8148
5/14/2025,4:45,8192.1
5/14/2025,5:00,8152.2
5/14/2025,5:15,8154.3
5/14/2025,5:30,8124.9
5/14/2025,5:45,8118.6
5/14/2025,6:00,8085
5/14/2025,6:15,7988.4
5/14/2025,6:30,7984.2
5/14/2025,6:45,7826.7
5/14/2025,7:00,7677.6
5/14/2025,7:15,7591.5
5/14/2025,7:30,7469.7
5/14/2025,7:45,7505.4
5/14/2025,8:00,7011.9
5/14/2025,8:15,6690.6
5/14/2025,8:30,7041.3
5/14/2025,8:45,7270.2
5/14/2025,9:00,7190.4
5/14/2025,9:15,7116.9
5/14/2025,9:30,7133.7
5/14/2025,9:45,7457.1
5/14/2025,10:00,7098
5/14/2025,10:15,7410.9
5/14/2025,10:30,6873.3
5/14/2025,10:45,7547.4
5/14/2025,11:00,7368.9
5/14/2025,11:15,7295.4
5/14/2025,11:30,7245
5/14/2025,11:45,6818.7
5/14/2025,12:00,6610.8
5/14/2025,12:15,6531
5/14/2025,12:30,6129.9
5/14/2025,12:45,6499.5
5/14/2025,13:00,5932.5
5/14/2025,13:15,6598.2
5/14/2025,13:30,6589.8
5/14/2025,13:45,7125.3
5/14/2025,14:00,7291.2
5/14/2025,14:15,7742.7
5/14/2025,14:30,7860.3
5/14/2025,14:45,7719.6
5/14/2025,15:00,7845.6
5/14/2025,15:15,7824.6
5/14/2025,15:30,8049.3
5/14/2025,15:45,7963.2
5/14/2025,16:00,8011.5
5/14/2025,16:15,7759.5
5/14/2025,16:30,7875
5/14/2025,16:45,8141.7
5/14/2025,17:00,8017.8
5/14/2025,17:15,8095.5
5/14/2025,17:30,8068.2
5/14/2025,17:45,8038.8
5/14/2025,18:00,8173.2
5/14/2025,18:15,8280.3
5/14/2025,18:30,8099.7
5/14/2025,18:45,8194.2
5/14/2025,19:00,8217.3
5/14/2025,19:15,8154.3
5/14/2025,19:30,8154.3
5/14/2025,19:45,8278.2
5/14/2025,20:00,8408.4
5/14/2025,20:15,8469.3
5/14/2025,20:30,8519.7
5/14/2025,20:45,8502.9
5/14/2025,21:00,8511.3
5/14/2025,21:15,8515.5
5/14/2025,21:30,8517.6
5/14/2025,21:45,8227.8
5/14/2025,22:00,8257.2
5/14/2025,22:15,8242.5
5/14/2025,22:30,8274
5/14/2025,22:45,8246.7
5/14/2025,23:00,8223.6
5/14/2025,23:15,8280.3
5/14/2025,23:30,8358
5/14/2025,23:45,8366.4
5/15/2025,0:00,8366.4
5/15/2025,0:15,8393.7
5/15/2025,0:30,8402.1
5/15/2025,0:45,8391.6
5/15/2025,1:00,8395.8
5/15/2025,1:15,8454.6
5/15/2025,1:30,8454.6
5/15/2025,1:45,8379
5/15/2025,2:00,8316
5/15/2025,2:15,8257.2
5/15/2025,2:30,8263.5
5/15/2025,2:45,8337
5/15/2025,3:00,8286.6
5/15/2025,3:15,8324.4
5/15/2025,3:30,8355.9
5/15/2025,3:45,8372.7
5/15/2025,4:00,8427.3
5/15/2025,4:15,8406.3
5/15/2025,4:30,8385.3
5/15/2025,4:45,8393.7
5/15/2025,5:00,8387.4
5/15/2025,5:15,8393.7
5/15/2025,5:30,8458.8
5/15/2025,5:45,8412.6
5/15/2025,6:00,8414.7
5/15/2025,6:15,8633.1
5/15/2025,6:30,8246.7
5/15/2025,6:45,8225.7
5/15/2025,7:00,7965.3
5/15/2025,7:15,7965.3
5/15/2025,7:30,7833
5/15/2025,7:45,7879.2
5/15/2025,8:00,7675.5
5/15/2025,8:15,7602
5/15/2025,8:30,7389.9
5/15/2025,8:45,7450.8
5/15/2025,9:00,7240.8
5/15/2025,9:15,6615
5/15/2025,9:30,6140.4
5/15/2025,9:45,6430.2
5/15/2025,10:00,7373.1
5/15/2025,10:15,7287
5/15/2025,10:30,5012.7
5/15/2025,10:45,5854.8
5/15/2025,11:00,5991.3
5/15/2025,11:15,6885.9
5/15/2025,11:30,7461.3
5/15/2025,11:45,7226.1
5/15/2025,12:00,7072.8
5/15/2025,12:15,7419.3
5/15/2025,12:30,7667.1
5/15/2025,12:45,7744.8
5/15/2025,13:00,7518
5/15/2025,13:15,7518
5/15/2025,13:30,7064.4
5/15/2025,13:45,7119
5/15/2025,14:00,7371
5/15/2025,14:15,7692.3
5/15/2025,14:30,7914.9
5/15/2025,14:45,8145.9
5/15/2025,15:00,7946.4
5/15/2025,15:15,7759.5
5/15/2025,15:30,7826.7
5/15/2025,15:45,8311.8
5/15/2025,16:00,8576.4
5/15/2025,16:15,8576.4
5/15/2025,16:30,8444.1
5/15/2025,16:45,8334.9
5/15/2025,17:00,8347.5
5/15/2025,17:15,8439.9
5/15/2025,17:30,8465.1
5/15/2025,17:45,8437.8
5/15/2025,18:00,8641.5
5/15/2025,18:15,8725.5
5/15/2025,18:30,8750.7
5/15/2025,18:45,8834.7
5/15/2025,19:00,8792.7
5/15/2025,19:15,8872.5
5/15/2025,19:30,8828.4
5/15/2025,19:45,8786.4
5/15/2025,20:00,8788.5
5/15/2025,20:15,8792.7
5/15/2025,20:30,8832.6
5/15/2025,20:45,8790.6
5/15/2025,21:00,8803.2
5/15/2025,21:15,8803.2
5/15/2025,21:30,8803.2
5/15/2025,21:45,8838.9
5/15/2025,22:00,8698.2
5/15/2025,22:15,8820
5/15/2025,22:30,8778
5/15/2025,22:45,8719.2
5/15/2025,23:00,8729.7
5/15/2025,23:15,8736
5/15/2025,23:30,8792.7
5/15/2025,23:45,8736
5/16/2025,0:00,8744.4
5/16/2025,0:15,8736
5/16/2025,0:30,8765.4
5/16/2025,0:45,8704.5
5/16/2025,1:00,8767.5
5/16/2025,1:15,8742.3
5/16/2025,1:30,8746.5
5/16/2025,1:45,8731.8
5/16/2025,2:00,8725.5
5/16/2025,2:15,8731.8
5/16/2025,2:30,8708.7
5/16/2025,2:45,8717.1
5/16/2025,3:00,8704.5
5/16/2025,3:15,8738.1
5/16/2025,3:30,8656.2
5/16/2025,3:45,8700.3
5/16/2025,4:00,8700.3
5/16/2025,4:15,8750.7
5/16/2025,4:30,8717.1
5/16/2025,4:45,8723.4
5/16/2025,5:00,8670.9
5/16/2025,5:15,8660.4
5/16/2025,5:30,8649.9
5/16/2025,5:45,8584.8
5/16/2025,6:00,8542.8
5/16/2025,6:15,8341.2
5/16/2025,6:30,7902.3
5/16/2025,6:45,8026.2
5/16/2025,7:00,7368.9
5/16/2025,7:15,7818.3
5/16/2025,7:30,7597.8
5/16/2025,7:45,6789.3
5/16/2025,8:00,7383.6
5/16/2025,8:15,7205.1
5/16/2025,8:30,5712
5/16/2025,8:45,5743.5
5/16/2025,9:00,6390.3
5/16/2025,9:15,6726.3
5/16/2025,9:30,3559.5
5/16/2025,9:45,3542.7
5/16/2025,10:00,6516.3
5/16/2025,10:15,6753.6
5/16/2025,10:30,4412.1
5/16/2025,10:45,3311.7
5/16/2025,11:00,5184.9
5/16/2025,11:15,6858.6
5/16/2025,11:30,5905.2
5/16/2025,11:45,6743.1
5/16/2025,12:00,5978.7
5/16/2025,12:15,5562.9
5/16/2025,12:30,3500.7
5/16/2025,12:45,3645.6
5/16/2025,13:00,3887.1
5/16/2025,13:15,4235.7
5/16/2025,13:30,4357.5
5/16/2025,13:45,4113.9
5/16/2025,14:00,6585.6
5/16/2025,14:15,4974.9
5/16/2025,14:30,5067.3
5/16/2025,14:45,3603.6
5/16/2025,15:00,4792.2
5/16/2025,15:15,4998
5/16/2025,15:30,5602.8
5/16/2025,15:45,5817
5/16/2025,16:00,6440.7
5/16/2025,16:15,6117.3
5/16/2025,16:30,6400.8
5/16/2025,16:45,6560.4
5/16/2025,17:00,7106.4
5/16/2025,17:15,7423.5
5/16/2025,17:30,7736.4
5/16/2025,17:45,8309.7
5/16/2025,18:00,8208.9
5/16/2025,18:15,8087.1
5/16/2025,18:30,8624.7
5/16/2025,18:45,8658.3
5/16/2025,19:00,8654.1
5/16/2025,19:15,8656.2
5/16/2025,19:30,8687.7
5/16/2025,19:45,8761.2
5/16/2025,20:00,8683.5
5/16/2025,20:15,8740.2
5/16/2025,20:30,8738.1
5/16/2025,20:45,8700.3
5/16/2025,21:00,8666.7
5/16/2025,21:15,8710.8
5/16/2025,21:30,8679.3
5/16/2025,21:45,8681.4
5/16/2025,22:00,8715
5/16/2025,22:15,8698.2
5/16/2025,22:30,8681.4
5/16/2025,22:45,8673
5/16/2025,23:00,8715
5/16/2025,23:15,8677.2
5/16/2025,23:30,8708.7
5/16/2025,23:45,8729.7
5/17/2025,0:00,8639.4
5/17/2025,0:15,8633.1
5/17/2025,0:30,8618.4
5/17/2025,0:45,8673
5/17/2025,1:00,8733.9
5/17/2025,1:15,8717.1
5/17/2025,1:30,8681.4
5/17/2025,1:45,8729.7
5/17/2025,2:00,8704.5
5/17/2025,2:15,8681.4
5/17/2025,2:30,8715
5/17/2025,2:45,8658.3
5/17/2025,3:00,8691.9
5/17/2025,3:15,8696.1
5/17/2025,3:30,8658.3
5/17/2025,3:45,8685.6
5/17/2025,4:00,8685.6
5/17/2025,4:15,8658.3
5/17/2025,4:30,8626.8
5/17/2025,4:45,8639.4
5/17/2025,5:00,8666.7
5/17/2025,5:15,8633.1
5/17/2025,5:30,8500.8
5/17/2025,5:45,8473.5
5/17/2025,6:00,8158.5
5/17/2025,6:15,8024.1
5/17/2025,6:30,8085
5/17/2025,6:45,7738.5
5/17/2025,7:00,7746.9
5/17/2025,7:15,8040.9
5/17/2025,7:30,6375.6
5/17/2025,7:45,6428.1
5/17/2025,8:00,6050.1
5/17/2025,8:15,5600.7
5/17/2025,8:30,5880
5/17/2025,8:45,6465.9
5/17/2025,9:00,4846.8
5/17/2025,9:15,6671.7
5/17/2025,9:30,6631.8
5/17/2025,9:45,5556.6
5/17/2025,10:00,4798.5
5/17/2025,10:15,5567.1
5/17/2025,10:30,4741.8
5/17/2025,10:45,5014.8
5/17/2025,11:00,3864
5/17/2025,11:15,3889.2
5/17/2025,11:30,3847.2
5/17/2025,11:45,3706.5
5/17/2025,12:00,3767.4
5/17/2025,12:15,3794.7
5/17/2025,12:30,3962.7
5/17/2025,12:45,3910.2
5/17/2025,13:00,3998.4
5/17/2025,13:15,3811.5
5/17/2025,13:30,6554.1
5/17/2025,13:45,5107.2
5/17/2025,14:00,4857.3
5/17/2025,14:15,5535.6
5/17/2025,14:30,6381.9
5/17/2025,14:45,6230.7
5/17/2025,15:00,5844.3
5/17/2025,15:15,5615.4
5/17/2025,15:30,5489.4
5/17/2025,15:45,5974.5
5/17/2025,16:00,6930
5/17/2025,16:15,6501.6
5/17/2025,16:30,6875.4
5/17/2025,16:45,7507.5
5/17/2025,17:00,7925.4
5/17/2025,17:15,7356.3
5/17/2025,17:30,8120.7
5/17/2025,17:45,8087.1
5/17/2025,18:00,8347.5
5/17/2025,18:15,8435.7
5/17/2025,18:30,8397.9
5/17/2025,18:45,8580.6
5/17/2025,19:00,8687.7
5/17/2025,19:15,8704.5
5/17/2025,19:30,8677.2
5/17/2025,19:45,8572.2
5/17/2025,20:00,8591.1
5/17/2025,20:15,8603.7
5/17/2025,20:30,8576.4
5/17/2025,20:45,8578.5
5/17/2025,21:00,8570.1
5/17/2025,21:15,8589
5/17/2025,21:30,8557.5
5/17/2025,21:45,8593.2
5/17/2025,22:00,8542.8
5/17/2025,22:15,8498.7
5/17/2025,22:30,8626.8
5/17/2025,22:45,8635.2
5/17/2025,23:00,8595.3
5/17/2025,23:15,8624.7
5/17/2025,23:30,8658.3
5/17/2025,23:45,8589
5/18/2025,0:00,8584.8
5/18/2025,0:15,8612.1
5/18/2025,0:30,8624.7
5/18/2025,0:45,8607.9
5/18/2025,1:00,8618.4
5/18/2025,1:15,8645.7
5/18/2025,1:30,8635.2
5/18/2025,1:45,8542.8
5/18/2025,2:00,8607.9
5/18/2025,2:15,8607.9
5/18/2025,2:30,8557.5
5/18/2025,2:45,8578.5
5/18/2025,3:00,8618.4
5/18/2025,3:15,8591.1
5/18/2025,3:30,8607.9
5/18/2025,3:45,8580.6
5/18/2025,4:00,8639.4
5/18/2025,4:15,8639.4
5/18/2025,4:30,8559.6
5/18/2025,4:45,8589
5/18/2025,5:00,8565.9
5/18/2025,5:15,8555.4
5/18/2025,5:30,8584.8
5/18/2025,5:45,8393.7
5/18/2025,6:00,8250.9
5/18/2025,6:15,8028.3
5/18/2025,6:30,7728
5/18/2025,6:45,7549.5
5/18/2025,7:00,7637.7
5/18/2025,7:15,7557.9
5/18/2025,7:30,7219.8
5/18/2025,7:45,6982.5
5/18/2025,8:00,6888
5/18/2025,8:15,6936.3
5/18/2025,8:30,6936.3
5/18/2025,8:45,6531
5/18/2025,9:00,6157.2
5/18/2025,9:15,6671.7
5/18/2025,9:30,5394.9
5/18/2025,9:45,4317.6
5/18/2025,10:00,4588.5
5/18/2025,10:15,4095
5/18/2025,10:30,4095
5/18/2025,10:45,4481.4
5/18/2025,11:00,4038.3
5/18/2025,11:15,3372.6
5/18/2025,11:30,3624.6
5/18/2025,11:45,4082.4
5/18/2025,12:00,4082.4
5/18/2025,12:15,3238.2
5/18/2025,12:30,3601.5
5/18/2025,12:45,3532.2
5/18/2025,13:00,3481.8
5/18/2025,13:15,4092.9
5/18/2025,13:30,4626.3
5/18/2025,13:45,4137
5/18/2025,14:00,4260.9
5/18/2025,14:15,4397.4
5/18/2025,14:30,6169.8
5/18/2025,14:45,4783.8
5/18/2025,15:00,5058.9
5/18/2025,15:15,5407.5
5/18/2025,15:30,5894.7
5/18/2025,15:45,5531.4
5/18/2025,16:00,5754
5/18/2025,16:15,6249.6
5/18/2025,16:30,6415.5
5/18/2025,16:45,6621.3
5/18/2025,17:00,6869.1
5/18/2025,17:15,7133.7
5/18/2025,17:30,7450.8
5/18/2025,17:45,7854
5/18/2025,18:00,7730.1
5/18/2025,18:15,8011.5
5/18/2025,18:30,8358
5/18/2025,18:45,8381.1
5/18/2025,19:00,8530.2
5/18/2025,19:15,8538.6
5/18/2025,19:30,8475.6
5/18/2025,19:45,8490.3
5/18/2025,20:00,8500.8
5/18/2025,20:15,8496.6
5/18/2025,20:30,8584.8
5/18/2025,20:45,8456.7
5/18/2025,21:00,8475.6
5/18/2025,21:15,8475.6
5/18/2025,21:30,8395.8
5/18/2025,21:45,8431.5
5/18/2025,22:00,8402.1
5/18/2025,22:15,8444.1
5/18/2025,22:30,8494.5
5/18/2025,22:45,8393.7
5/18/2025,23:00,8429.4
5/18/2025,23:15,8408.4
5/18/2025,23:30,8450.4
5/18/2025,23:45,8442
5/19/2025,0:00,8332.8
5/19/2025,0:15,8381.1
5/19/2025,0:30,8360.1
5/19/2025,0:45,8376.9
5/19/2025,1:00,8368.5
5/19/2025,1:15,8353.8
5/19/2025,1:30,8391.6
5/19/2025,1:45,8311.8
5/19/2025,2:00,8343.3
5/19/2025,2:15,8442
5/19/2025,2:30,8421
5/19/2025,2:45,8360.1
5/19/2025,3:00,8387.4
5/19/2025,3:15,8334.9
5/19/2025,3:30,8257.2
5/19/2025,3:45,8339.1
5/19/2025,4:00,8351.7
5/19/2025,4:15,8370.6
5/19/2025,4:30,8349.6
5/19/2025,4:45,8391.6
5/19/2025,5:00,8299.2
5/19/2025,5:15,8341.2
5/19/2025,5:30,8150.1
5/19/2025,5:45,8064
5/19/2025,6:00,7938
5/19/2025,6:15,7887.6
5/19/2025,6:30,7536.9
5/19/2025,6:45,7310.1
5/19/2025,7:00,7022.4
5/19/2025,7:15,6724.2
5/19/2025,7:30,6455.4
5/19/2025,7:45,6171.9
5/19/2025,8:00,5907.3
5/19/2025,8:15,5691
5/19/2025,8:30,5386.5
5/19/2025,8:45,5082
5/19/2025,9:00,4804.8
5/19/2025,9:15,4710.3
5/19/2025,9:30,4475.1
5/19/2025,9:45,4229.4
5/19/2025,10:00,4061.4
5/19/2025,10:15,4090.8
5/19/2025,10:30,4088.7
5/19/2025,10:45,3920.7
5/19/2025,11:00,3746.4
5/19/2025,11:15,3691.8
5/19/2025,11:30,3696
5/19/2025,11:45,3599.4
5/19/2025,12:00,3570
5/19/2025,12:15,3567.9
5/19/2025,12:30,3975.3
5/19/2025,12:45,3651.9
5/19/2025,13:00,3553.2
5/19/2025,13:15,4313.4
5/19/2025,13:30,3727.5
5/19/2025,13:45,4279.8
5/19/2025,14:00,3813.6
5/19/2025,14:15,3542.7
5/19/2025,14:30,5168.1
5/19/2025,14:45,5663.7
5/19/2025,15:00,4475.1
5/19/2025,15:15,4701.9
5/19/2025,15:30,5042.1
5/19/2025,15:45,5405.4
5/19/2025,16:00,5363.4
5/19/2025,16:15,6486.9
5/19/2025,16:30,7009.8
5/19/2025,16:45,7196.7
5/19/2025,17:00,7234.5
5/19/2025,17:15,7266
5/19/2025,17:30,7509.6
5/19/2025,17:45,7791
5/19/2025,18:00,7736.4
5/19/2025,18:15,8009.4
5/19/2025,18:30,8164.8
5/19/2025,18:45,8217.3
5/19/2025,19:00,8389.5
5/19/2025,19:15,8389.5
5/19/2025,19:30,8343.3
5/19/2025,19:45,8402.1
5/19/2025,20:00,8427.3
5/19/2025,20:15,8439.9
5/19/2025,20:30,8366.4
5/19/2025,20:45,8404.2
5/19/2025,21:00,8358
5/19/2025,21:15,8355.9
5/19/2025,21:30,8374.8
5/19/2025,21:45,8345.4
5/19/2025,22:00,8351.7
5/19/2025,22:15,8381.1
5/19/2025,22:30,8450.4
5/19/2025,22:45,8395.8
5/19/2025,23:00,8337
5/19/2025,23:15,8347.5
5/19/2025,23:30,8408.4
5/19/2025,23:45,8395.8
5/20/2025,0:00,8297.1
5/20/2025,0:15,8297.1
5/20/2025,0:30,8400
5/20/2025,0:45,8343.3
5/20/2025,1:00,8429.4
5/20/2025,1:15,8395.8
5/20/2025,1:30,8368.5
5/20/2025,1:45,8402.1
5/20/2025,2:00,8395.8
5/20/2025,2:15,8376.9
5/20/2025,2:30,8370.6
5/20/2025,2:45,8427.3
5/20/2025,3:00,8400
5/20/2025,3:15,8404.2
5/20/2025,3:30,8412.6
5/20/2025,3:45,8421
5/20/2025,4:00,8467.2
5/20/2025,4:15,8425.2
5/20/2025,4:30,8370.6
5/20/2025,4:45,8376.9
5/20/2025,5:00,8374.8
5/20/2025,5:15,8358
5/20/2025,5:30,8278.2
5/20/2025,5:45,8225.7
5/20/2025,6:00,8032.5
5/20/2025,6:15,7700.7
5/20/2025,6:30,7450.8
5/20/2025,6:45,7249.2
5/20/2025,7:00,7190.4
5/20/2025,7:15,6759.9
5/20/2025,7:30,6287.4
5/20/2025,7:45,6869.1
5/20/2025,8:00,5861.1
5/20/2025,8:15,5556.6
5/20/2025,8:30,5214.3
5/20/2025,8:45,5691
5/20/2025,9:00,5046.3
5/20/2025,9:15,4735.5
5/20/2025,9:30,4735.5
5/20/2025,9:45,4620
5/20/2025,10:00,5033.7
5/20/2025,10:15,5033.7
5/20/2025,10:30,5033.7
5/20/2025,10:45,3939.6
5/20/2025,11:00,3381
5/20/2025,11:15,3714.9
5/20/2025,11:30,4804.8
5/20/2025,11:45,3446.1
5/20/2025,12:00,5455.8
5/20/2025,12:15,6474.3
5/20/2025,12:30,5596.5
5/20/2025,12:45,5189.1
5/20/2025,13:00,6518.4
5/20/2025,13:15,7478.1
5/20/2025,13:30,5733
5/20/2025,13:45,6266.4
5/20/2025,14:00,6266.4
5/20/2025,14:15,5987.1
5/20/2025,14:30,7268.1
5/20/2025,14:45,6738.9
5/20/2025,15:00,7123.2
5/20/2025,15:15,7644
5/20/2025,15:30,7530.6
5/20/2025,15:45,6812.4
5/20/2025,16:00,6940.5
5/20/2025,16:15,6984.6
5/20/2025,16:30,6738.9
5/20/2025,16:45,6806.1
5/20/2025,17:00,7230.3
5/20/2025,17:15,7513.8
5/20/2025,17:30,7891.8
5/20/2025,17:45,7935.9
5/20/2025,18:00,8179.5
5/20/2025,18:15,8263.5
5/20/2025,18:30,8322.3
5/20/2025,18:45,8465.1
5/20/2025,19:00,8475.6
5/20/2025,19:15,8498.7
5/20/2025,19:30,8463
5/20/2025,19:45,8410.5
5/20/2025,20:00,8416.8
5/20/2025,20:15,8481.9
5/20/2025,20:30,8381.1
5/20/2025,20:45,8452.5
5/20/2025,21:00,8414.7
5/20/2025,21:15,8381.1
5/20/2025,21:30,8423.1
5/20/2025,21:45,8410.5
5/20/2025,22:00,8284.5
5/20/2025,22:15,8376.9
5/20/2025,22:30,8376.9
5/20/2025,22:45,8395.8
5/20/2025,23:00,8364.3
5/20/2025,23:15,8383.2
5/20/2025,23:30,8362.2
5/20/2025,23:45,8549.1
5/21/2025,0:00,8507.1
5/21/2025,0:15,8563.8
5/21/2025,0:30,8534.4
5/21/2025,0:45,8544.9
5/21/2025,1:00,8519.7
5/21/2025,1:15,8553.3
5/21/2025,1:30,8528.1
5/21/2025,1:45,8542.8
5/21/2025,2:00,8584.8
5/21/2025,2:15,8515.5
5/21/2025,2:30,8507.1
5/21/2025,2:45,8492.4
5/21/2025,3:00,8515.5
5/21/2025,3:15,8458.8
5/21/2025,3:30,8496.6
5/21/2025,3:45,8509.2
5/21/2025,4:00,8528.1
5/21/2025,4:15,8492.4
5/21/2025,4:30,8526
5/21/2025,4:45,8513.4
5/21/2025,5:00,8425.2
5/21/2025,5:15,8530.2
5/21/2025,5:30,8463
5/21/2025,5:45,8265.6
5/21/2025,6:00,7946.4
5/21/2025,6:15,7872.9
5/21/2025,6:30,7282.8
5/21/2025,6:45,7444.5
5/21/2025,7:00,7228.2
5/21/2025,7:15,7091.7
5/21/2025,7:30,6736.8
5/21/2025,7:45,6535.2
5/21/2025,8:00,6285.3
5/21/2025,8:15,6066.9
5/21/2025,8:30,5735.1
5/21/2025,8:45,4781.7
5/21/2025,9:00,4586.4
5/21/2025,9:15,5842.2
5/21/2025,9:30,5684.7
5/21/2025,9:45,4162.2
5/21/2025,10:00,3922.8
5/21/2025,10:15,3798.9
5/21/2025,10:30,3727.5
5/21/2025,10:45,3559.5
5/21/2025,11:00,5598.6
5/21/2025,11:15,3374.7
5/21/2025,11:30,5313
5/21/2025,11:45,3504.9
5/21/2025,12:00,4496.1
5/21/2025,12:15,6478.5
5/21/2025,12:30,3202.5
5/21/2025,12:45,6169.8
5/21/2025,13:00,3040.8
5/21/2025,13:15,3269.7
5/21/2025,13:30,6524.7
5/21/2025,13:45,5319.3
5/21/2025,14:00,4078.2
5/21/2025,14:15,4916.1
5/21/2025,14:30,6407.1
5/21/2025,14:45,6528.9
5/21/2025,15:00,8145.9
5/21/2025,15:15,8958.6
5/21/2025,15:30,8752.8
5/21/2025,15:45,8702.4
5/21/2025,16:00,9160.2
5/21/2025,16:15,8780.1
5/21/2025,16:30,7996.8
5/21/2025,16:45,7784.7
5/21/2025,17:00,8108.1
5/21/2025,17:15,8439.9
5/21/2025,17:30,8723.4
5/21/2025,17:45,8960.7
5/21/2025,18:00,7387.8
5/21/2025,18:15,7599.9
5/21/2025,18:30,7843.5
5/21/2025,18:45,9907.8
5/21/2025,19:00,9945.6
5/21/2025,19:15,10090.5
5/21/2025,19:30,8028.3
5/21/2025,19:45,9762.9
5/21/2025,20:00,9750.3
5/21/2025,20:15,9733.5
5/21/2025,20:30,9773.4
5/21/2025,20:45,9796.5
5/21/2025,21:00,9750.3
5/21/2025,21:15,10174.5
5/21/2025,21:30,9981.3
5/21/2025,21:45,9966.6
5/21/2025,22:00,9933
5/21/2025,22:15,9905.7
5/21/2025,22:30,10008.6
5/21/2025,22:45,9920.4
5/21/2025,23:00,9951.9
5/21/2025,23:15,9941.4
5/21/2025,23:30,9855.3
5/21/2025,23:45,9941.4
5/22/2025,0:00,9930.9
5/22/2025,0:15,9838.5
5/22/2025,0:30,9849
5/22/2025,0:45,9828
5/22/2025,1:00,9838.5
5/22/2025,1:15,9838.5
5/22/2025,1:30,9832.2
5/22/2025,1:45,9855.3
5/22/2025,2:00,9855.3
5/22/2025,2:15,9676.8
5/22/2025,2:30,9802.8
5/22/2025,2:45,9783.9
5/22/2025,3:00,9811.2
5/22/2025,3:15,9809.1
5/22/2025,3:30,9846.9
5/22/2025,3:45,9920.4
5/22/2025,4:00,9861.6
5/22/2025,4:15,9882.6
5/22/2025,4:30,9861.6
5/22/2025,4:45,9918.3
5/22/2025,5:00,9893.1
5/22/2025,5:15,9840.6
5/22/2025,5:30,9758.7
5/22/2025,5:45,9706.2
5/22/2025,6:00,9441.6
5/22/2025,6:15,9391.2
5/22/2025,6:30,9174.9
5/22/2025,6:45,9067.8
5/22/2025,7:00,8841
5/22/2025,7:15,8616.3
5/22/2025,7:30,8368.5
5/22/2025,7:45,8366.4
5/22/2025,8:00,8066.1
5/22/2025,8:15,7662.9
5/22/2025,8:30,7662.9
5/22/2025,8:45,7352.1
5/22/2025,9:00,7268.1
5/22/2025,9:15,6720
5/22/2025,9:30,6352.5
5/22/2025,9:45,6736.8
5/22/2025,10:00,8091.3
5/22/2025,10:15,7583.1
5/22/2025,10:30,8129.1
5/22/2025,10:45,6153
5/22/2025,11:00,7473.9
5/22/2025,11:15,6024.9
5/22/2025,11:30,5919.9
5/22/2025,11:45,6407.1
5/22/2025,12:00,6407.1
5/22/2025,12:15,6411.3
5/22/2025,12:30,5917.8
5/22/2025,12:45,8790.6
5/22/2025,13:00,7982.1
5/22/2025,13:15,8162.7
5/22/2025,13:30,5989.2
5/22/2025,13:45,7083.3
5/22/2025,14:00,9059.4
5/22/2025,14:15,9059.4
5/22/2025,14:30,8610
5/22/2025,14:45,8616.3
5/22/2025,15:00,9046.8
5/22/2025,15:15,8805.3
5/22/2025,15:30,9399.6
5/22/2025,15:45,9473.1
5/22/2025,16:00,9748.2
5/22/2025,16:15,9895.2
5/22/2025,16:30,10048.5
5/22/2025,16:45,10294.2
5/22/2025,17:00,10336.2
5/22/2025,17:15,10504.2
5/22/2025,17:30,10552.5
5/22/2025,17:45,10693.2
5/22/2025,18:00,10659.6
5/22/2025,18:15,10707.9
5/22/2025,18:30,10779.3
5/22/2025,18:45,10773
5/22/2025,19:00,10796.1
5/22/2025,19:15,10789.8
5/22/2025,19:30,10720.5
5/22/2025,19:45,10722.6
5/22/2025,20:00,10705.8
5/22/2025,20:15,10707.9
5/22/2025,20:30,10800.3
5/22/2025,20:45,10815
5/22/2025,21:00,10779.3
5/22/2025,21:15,10779.3
5/22/2025,21:30,10779.3
5/22/2025,21:45,10752
5/22/2025,22:00,10779.3
5/22/2025,22:15,10657.5
5/22/2025,22:30,10741.5
5/22/2025,22:45,10684.8
5/22/2025,23:00,10684.8
5/22/2025,23:15,10714.2
5/22/2025,23:30,10640.7
5/22/2025,23:45,10651.2
5/23/2025,0:00,10647
5/23/2025,0:15,10663.8
5/23/2025,0:30,10676.4
5/23/2025,0:45,10619.7
5/23/2025,1:00,10636.5
5/23/2025,1:15,10661.7
5/23/2025,1:30,10613.4
5/23/2025,1:45,10609.2
5/23/2025,2:00,10634.4
5/23/2025,2:15,10674.3
5/23/2025,2:30,10638.6
5/23/2025,2:45,10676.4
5/23/2025,3:00,10655.4
5/23/2025,3:15,10644.9
5/23/2025,3:30,10586.1
5/23/2025,3:45,10628.1
5/23/2025,4:00,10586.1
5/23/2025,4:15,10626
5/23/2025,4:30,10623.9
5/23/2025,4:45,10634.4
5/23/2025,5:00,10636.5
5/23/2025,5:15,10693.2
5/23/2025,5:30,10602.9
5/23/2025,5:45,10619.7
5/23/2025,6:00,10615.5
5/23/2025,6:15,10518.9
5/23/2025,6:30,10539.9
5/23/2025,6:45,10409.7
5/23/2025,7:00,10193.4
5/23/2025,7:15,10237.5
5/23/2025,7:30,9947.7
5/23/2025,7:45,10008.6
5/23/2025,8:00,9548.7
5/23/2025,8:15,8412.6
5/23/2025,8:30,7581
5/23/2025,8:45,7812
5/23/2025,9:00,3326.4
5/23/2025,9:15,3578.4
5/23/2025,9:30,5588.1
5/23/2025,9:45,5903.1
5/23/2025,10:00,6014.4
5/23/2025,10:15,5798.1
5/23/2025,10:30,8061.9
5/23/2025,10:45,6890.1
5/23/2025,11:00,6373.5
5/23/2025,11:15,7072.8
5/23/2025,11:30,8015.7
5/23/2025,11:45,8784.3
5/23/2025,12:00,9288.3
5/23/2025,12:15,9645.3
5/23/2025,12:30,9609.6
5/23/2025,12:45,9918.3
5/23/2025,13:00,9993.9
5/23/2025,13:15,10096.8
5/23/2025,13:30,10155.6
5/23/2025,13:45,9788.1
5/23/2025,14:00,9284.1
5/23/2025,14:15,9456.3
5/23/2025,14:30,9949.8
5/23/2025,14:45,9798.6
5/23/2025,15:00,9592.8
5/23/2025,15:15,10023.3
5/23/2025,15:30,10063.2
5/23/2025,15:45,10187.1
5/23/2025,16:00,9483.6
5/23/2025,16:15,10189.2
5/23/2025,16:30,10185
5/23/2025,16:45,9359.7
5/23/2025,17:00,9779.7
5/23/2025,17:15,9693.6
5/23/2025,17:30,9376.5
5/23/2025,17:45,9880.5
5/23/2025,18:00,9943.5
5/23/2025,18:15,10508.4
5/23/2025,18:30,10560.9
5/23/2025,18:45,10680.6
5/23/2025,19:00,10768.8
5/23/2025,19:15,10760.4
5/23/2025,19:30,10770.9
5/23/2025,19:45,10800.3
5/23/2025,20:00,10758.3
5/23/2025,20:15,10808.7
5/23/2025,20:30,10821.3
5/23/2025,20:45,10827.6
5/23/2025,21:00,10760.4
5/23/2025,21:15,10775.1
5/23/2025,21:30,10791.9
5/23/2025,21:45,10794
5/23/2025,22:00,10777.2
5/23/2025,22:15,10745.7
5/23/2025,22:30,10754.1
5/23/2025,22:45,10760.4
5/23/2025,23:00,10747.8
5/23/2025,23:15,10745.7
5/23/2025,23:30,10703.7
5/23/2025,23:45,10728.9
5/24/2025,0:00,10621.8
5/24/2025,0:15,10644.9
5/24/2025,0:30,10617.6
5/24/2025,0:45,10623.9
5/24/2025,1:00,10586.1
5/24/2025,1:15,10596.6
5/24/2025,1:30,10596.6
5/24/2025,1:45,10533.6
5/24/2025,2:00,10586.1
5/24/2025,2:15,10609.2
5/24/2025,2:30,10579.8
5/24/2025,2:45,10623.9
5/24/2025,3:00,10623.9
5/24/2025,3:15,10569.3
5/24/2025,3:30,10586.1
5/24/2025,3:45,10573.5
5/24/2025,4:00,10567.2
5/24/2025,4:15,10592.4
5/24/2025,4:30,10542
5/24/2025,4:45,10563
5/24/2025,5:00,10529.4
5/24/2025,5:15,10506.3
5/24/2025,5:30,10411.8
5/24/2025,5:45,10353
5/24/2025,6:00,10332
5/24/2025,6:15,10332
5/24/2025,6:30,10332
5/24/2025,6:45,9865.8
5/24/2025,7:00,9678.9
5/24/2025,7:15,9615.9
5/24/2025,7:30,8841
5/24/2025,7:45,9090.9
5/24/2025,8:00,8200.5
5/24/2025,8:15,8171.1
5/24/2025,8:30,8904
5/24/2025,8:45,8813.7
5/24/2025,9:00,8922.9
5/24/2025,9:15,7425.6
5/24/2025,9:30,6711.6
5/24/2025,9:45,6211.8
5/24/2025,10:00,5955.6
5/24/2025,10:15,6846
5/24/2025,10:30,8022
5/24/2025,10:45,8599.5
5/24/2025,11:00,6457.5
5/24/2025,11:15,6457.5
5/24/2025,11:30,5546.1
5/24/2025,11:45,7284.9
5/24/2025,12:00,6201.3
5/24/2025,12:15,5012.7
5/24/2025,12:30,5121.9
5/24/2025,12:45,6132
5/24/2025,13:00,5016.9
5/24/2025,13:15,5176.5
5/24/2025,13:30,5415.9
5/24/2025,13:45,5550.3
5/24/2025,14:00,5550.3
5/24/2025,14:15,7329
5/24/2025,14:30,8232
5/24/2025,14:45,7946.4
5/24/2025,15:00,7507.5
5/24/2025,15:15,8055.6
5/24/2025,15:30,8943.9
5/24/2025,15:45,8557.5
5/24/2025,16:00,9357.6
5/24/2025,16:15,9405.9
5/24/2025,16:30,10008.6
5/24/2025,16:45,10325.7
5/24/2025,17:00,10369.8
5/24/2025,17:15,10143
5/24/2025,17:30,9926.7
5/24/2025,17:45,10046.4
5/24/2025,18:00,10086.3
5/24/2025,18:15,10195.5
5/24/2025,18:30,10413.9
5/24/2025,18:45,10472.7
5/24/2025,19:00,10529.4
5/24/2025,19:15,10571.4
5/24/2025,19:30,10621.8
5/24/2025,19:45,10647
5/24/2025,20:00,10527.3
5/24/2025,20:15,10550.4
5/24/2025,20:30,8526
5/24/2025,20:45,8547
5/24/2025,21:00,10483.2
5/24/2025,21:15,10628.1
5/24/2025,21:30,10632.3
5/24/2025,21:45,10670.1
5/24/2025,22:00,10575.6
5/24/2025,22:15,10619.7
5/24/2025,22:30,10487.4
5/24/2025,22:45,10445.4
5/24/2025,23:00,10531.5
5/24/2025,23:15,10560.9
5/24/2025,23:30,10556.7
5/24/2025,23:45,10500
5/25/2025,0:00,10514.7
5/25/2025,0:15,10590.3
5/25/2025,0:30,10510.5
5/25/2025,0:45,10556.7
5/25/2025,1:00,10546.2
5/25/2025,1:15,10575.6
5/25/2025,1:30,10476.9
5/25/2025,1:45,10455.9
5/25/2025,2:00,10506.3
5/25/2025,2:15,10443.3
5/25/2025,2:30,10565.1
5/25/2025,2:45,10449.6
5/25/2025,3:00,10508.4
5/25/2025,3:15,10567.2
5/25/2025,3:30,10512.6
5/25/2025,3:45,10472.7
5/25/2025,4:00,10420.2
5/25/2025,4:15,10416
5/25/2025,4:30,10502.1
5/25/2025,4:45,10493.7
5/25/2025,5:00,10455.9
5/25/2025,5:15,10386.6
5/25/2025,5:30,10323.6
5/25/2025,5:45,10155.6
5/25/2025,6:00,9983.4
5/25/2025,6:15,9624.3
5/25/2025,6:30,9349.2
5/25/2025,6:45,9084.6
5/25/2025,7:00,8759.1
5/25/2025,7:15,8450.4
5/25/2025,7:30,8078.7
5/25/2025,7:45,7851.9
5/25/2025,8:00,7518
5/25/2025,8:15,7140
5/25/2025,8:30,6818.7
5/25/2025,8:45,6570.9
5/25/2025,9:00,6276.9
5/25/2025,9:15,6031.2
5/25/2025,9:30,5846.4
5/25/2025,9:45,5659.5
5/25/2025,10:00,5531.4
5/25/2025,10:15,5497.8
5/25/2025,10:30,5399.1
5/25/2025,10:45,5285.7
5/25/2025,11:00,5174.4
5/25/2025,11:15,5136.6
5/25/2025,11:30,5145
5/25/2025,11:45,5065.2
5/25/2025,12:00,5928.3
5/25/2025,12:15,6478.5
5/25/2025,12:30,5890.5
5/25/2025,12:45,6182.4
5/25/2025,13:00,5094.6
5/25/2025,13:15,5094.6
5/25/2025,13:30,5226.9
5/25/2025,13:45,6098.4
5/25/2025,14:00,7652.4
5/25/2025,14:15,5892.6
5/25/2025,14:30,7140
5/25/2025,14:45,6272.7
5/25/2025,15:00,4977
5/25/2025,15:15,6199.2
5/25/2025,15:30,8360.1
5/25/2025,15:45,8536.5
5/25/2025,16:00,8807.4
5/25/2025,16:15,9214.8
5/25/2025,16:30,8759.1
5/25/2025,16:45,8904
5/25/2025,17:00,9038.4
5/25/2025,17:15,9357.6
5/25/2025,17:30,9607.5
5/25/2025,17:45,9513
5/25/2025,18:00,9607.5
5/25/2025,18:15,9643.2
5/25/2025,18:30,10073.7
5/25/2025,18:45,10325.7
5/25/2025,19:00,10397.1
5/25/2025,19:15,10491.6
5/25/2025,19:30,10476.9
5/25/2025,19:45,10516.8
5/25/2025,20:00,10455.9
5/25/2025,20:15,10476.9
5/25/2025,20:30,10447.5
5/25/2025,20:45,10428.6
5/25/2025,21:00,10533.6
5/25/2025,21:15,10479
5/25/2025,21:30,10451.7
5/25/2025,21:45,10479
5/25/2025,22:00,10495.8
5/25/2025,22:15,10502.1
5/25/2025,22:30,10458
5/25/2025,22:45,10468.5
5/25/2025,23:00,10479
5/25/2025,23:15,10544.1
5/25/2025,23:30,10460.1
5/25/2025,23:45,10558.8
5/26/2025,0:00,10590.3
5/26/2025,0:15,10531.5
5/26/2025,0:30,10535.7
5/26/2025,0:45,10516.8
5/26/2025,1:00,10584
5/26/2025,1:15,10544.1
5/26/2025,1:30,10539.9
5/26/2025,1:45,10523.1
5/26/2025,2:00,10579.8
5/26/2025,2:15,10596.6
5/26/2025,2:30,10552.5
5/26/2025,2:45,10623.9
5/26/2025,3:00,10619.7
5/26/2025,3:15,10575.6
5/26/2025,3:30,10502.1
5/26/2025,3:45,10626
5/26/2025,4:00,10626
5/26/2025,4:15,10634.4
5/26/2025,4:30,10573.5
5/26/2025,4:45,10531.5
5/26/2025,5:00,10539.9
5/26/2025,5:15,10485.3
5/26/2025,5:30,10472.7
5/26/2025,5:45,10476.9
5/26/2025,6:00,10281.6
5/26/2025,6:15,10069.5
5/26/2025,6:30,10038
5/26/2025,6:45,9878.4
5/26/2025,7:00,9494.1
5/26/2025,7:15,9828
5/26/2025,7:30,9063.6
5/26/2025,7:45,8887.2
5/26/2025,8:00,9195.9
5/26/2025,8:15,9544.5
5/26/2025,8:30,9187.5
5/26/2025,8:45,9141.3
5/26/2025,9:00,7425.6
5/26/2025,9:15,6419.7
5/26/2025,9:30,6058.5
5/26/2025,9:45,5705.7
5/26/2025,10:00,6428.1
5/26/2025,10:15,6220.2
5/26/2025,10:30,5733
5/26/2025,10:45,7646.1
5/26/2025,11:00,8866.2
5/26/2025,11:15,10149.3
5/26/2025,11:30,10134.6
5/26/2025,11:45,10191.3
5/26/2025,12:00,9538.2
5/26/2025,12:15,8473.5
5/26/2025,12:30,4615.8
5/26/2025,12:45,8410.5
5/26/2025,13:00,8370.6
5/26/2025,13:15,8494.5
5/26/2025,13:30,8668.8
5/26/2025,13:45,9355.5
5/26/2025,14:00,9103.5
5/26/2025,14:15,9191.7
5/26/2025,14:30,10159.8
5/26/2025,14:45,10170.3
5/26/2025,15:00,10176.6
5/26/2025,15:15,9914.1
5/26/2025,15:30,9334.5
5/26/2025,15:45,9452.1
5/26/2025,16:00,9189.6
5/26/2025,16:15,9565.5
5/26/2025,16:30,9586.5
5/26/2025,16:45,9966.6
5/26/2025,17:00,9290.4
5/26/2025,17:15,10206
5/26/2025,17:30,10101
5/26/2025,17:45,10264.8
5/26/2025,18:00,10464.3
5/26/2025,18:15,10521
5/26/2025,18:30,10623.9
5/26/2025,18:45,10686.9
5/26/2025,19:00,10737.3
5/26/2025,19:15,10829.7
5/26/2025,19:30,10798.2
5/26/2025,19:45,10762.5
5/26/2025,20:00,10789.8
5/26/2025,20:15,10804.5
5/26/2025,20:30,10794
5/26/2025,20:45,10773
5/26/2025,21:00,10846.5
5/26/2025,21:15,10815
5/26/2025,21:30,10754.1
5/26/2025,21:45,10791.9
5/26/2025,22:00,10752
5/26/2025,22:15,10817.1
5/26/2025,22:30,10806.6
5/26/2025,22:45,10781.4
5/26/2025,23:00,10724.7
5/26/2025,23:15,10743.6
5/26/2025,23:30,10760.4
5/26/2025,23:45,10817.1
5/27/2025,0:00,10720.5
5/27/2025,0:15,10812.9
5/27/2025,0:30,10804.5
5/27/2025,0:45,10859.1
5/27/2025,1:00,10848.6
5/27/2025,1:15,10926.3
5/27/2025,1:30,10892.7
5/27/2025,1:45,10934.7
5/27/2025,2:00,10932.6
5/27/2025,2:15,10838.1
5/27/2025,2:30,10867.5
5/27/2025,2:45,10901.1
5/27/2025,3:00,10917.9
5/27/2025,3:15,10890.6
5/27/2025,3:30,10850.7
5/27/2025,3:45,10884.3
5/27/2025,4:00,10850.7
5/27/2025,4:15,10926.3
5/27/2025,4:30,10892.7
5/27/2025,4:45,10823.4
5/27/2025,5:00,10896.9
5/27/2025,5:15,10833.9
5/27/2025,5:30,10743.6
5/27/2025,5:45,10701.6
5/27/2025,6:00,10619.7
5/27/2025,6:15,10428.6
5/27/2025,6:30,10399.2
5/27/2025,6:45,10119.9
5/27/2025,7:00,9956.1
5/27/2025,7:15,9767.1
5/27/2025,7:30,9647.4
5/27/2025,7:45,9046.8
5/27/2025,8:00,8240.4
5/27/2025,8:15,9177
5/27/2025,8:30,8670.9
5/27/2025,8:45,8395.8
5/27/2025,9:00,7919.1
5/27/2025,9:15,7654.5
5/27/2025,9:30,8013.6
5/27/2025,9:45,6566.7
5/27/2025,10:00,6545.7
5/27/2025,10:15,6327.3
5/27/2025,10:30,7368.9
5/27/2025,10:45,7211.4
5/27/2025,11:00,6852.3
5/27/2025,11:15,6459.6
5/27/2025,11:30,6251.7
5/27/2025,11:45,6633.9
5/27/2025,12:00,6117.3
5/27/2025,12:15,6014.4
5/27/2025,12:30,6877.5
5/27/2025,12:45,6705.3
5/27/2025,13:00,6785.1
5/27/2025,13:15,6119.4
5/27/2025,13:30,6045.9
5/27/2025,13:45,7377.3
5/27/2025,14:00,7627.2
5/27/2025,14:15,8040.9
5/27/2025,14:30,8085
5/27/2025,14:45,8019.9
5/27/2025,15:00,7534.8
5/27/2025,15:15,8339.1
5/27/2025,15:30,8326.5
5/27/2025,15:45,8885.1
5/27/2025,16:00,8809.5
5/27/2025,16:15,8866.2
5/27/2025,16:30,8977.5
5/27/2025,16:45,9179.1
5/27/2025,17:00,9576
5/27/2025,17:15,9477.3
5/27/2025,17:30,9914.1
5/27/2025,17:45,9964.5
5/27/2025,18:00,10319.4
5/27/2025,18:15,10500
5/27/2025,18:30,10476.9
5/27/2025,18:45,10518.9
5/27/2025,19:00,10823.4
5/27/2025,19:15,10773
5/27/2025,19:30,10705.8
5/27/2025,19:45,10850.7
5/27/2025,20:00,10775.1
5/27/2025,20:15,10707.9
5/27/2025,20:30,10802.4
5/27/2025,20:45,10752
5/27/2025,21:00,10638.6
5/27/2025,21:15,10779.3
5/27/2025,21:30,10789.8
5/27/2025,21:45,10525.2
5/27/2025,22:00,10869.6
5/27/2025,22:15,10821.3
5/27/2025,22:30,10542
5/27/2025,22:45,10760.4
5/27/2025,23:00,10823.4
5/27/2025,23:15,10602.9
5/27/2025,23:30,10747.8
5/27/2025,23:45,10695.3
5/28/2025,0:00,10670.1
5/28/2025,0:15,10737.3
5/28/2025,0:30,10833.9
5/28/2025,0:45,10747.8
5/28/2025,1:00,10695.3
5/28/2025,1:15,10766.7
5/28/2025,1:30,10800.3
5/28/2025,1:45,10686.9
5/28/2025,2:00,10781.4
5/28/2025,2:15,10762.5
5/28/2025,2:30,10691.1
5/28/2025,2:45,10798.2
5/28/2025,3:00,10794
5/28/2025,3:15,10718.4
5/28/2025,3:30,10833.9
5/28/2025,3:45,10838.1
5/28/2025,4:00,10745.7
5/28/2025,4:15,10852.8
5/28/2025,4:30,10873.8
5/28/2025,4:45,10705.8
5/28/2025,5:00,10894.8
5/28/2025,5:15,10693.2
5/28/2025,5:30,10500
5/28/2025,5:45,10529.4
5/28/2025,6:00,10227
5/28/2025,6:15,9758.7
5/28/2025,6:30,9821.7
5/28/2025,6:45,9643.2
5/28/2025,7:00,9229.5
5/28/2025,7:15,9219
5/28/2025,7:30,8969.1
5/28/2025,7:45,8284.5
5/28/2025,8:00,8801.1
5/28/2025,8:15,7872.9
5/28/2025,8:30,8024.1
5/28/2025,8:45,7763.7
5/28/2025,9:00,6932.1
5/28/2025,9:15,6900.6
5/28/2025,9:30,7457.1
5/28/2025,9:45,6621.3
5/28/2025,10:00,6547.8
5/28/2025,10:15,6197.1
5/28/2025,10:30,6113.1
5/28/2025,10:45,5949.3
5/28/2025,11:00,5825.4
5/28/2025,11:15,5974.5
5/28/2025,11:30,5888.4
5/28/2025,11:45,5943
5/28/2025,12:00,6255.9
5/28/2025,12:15,5850.6
5/28/2025,12:30,5751.9
5/28/2025,12:45,6039.6
5/28/2025,13:00,5688.9
5/28/2025,13:15,6818.7
5/28/2025,13:30,6396.6
5/28/2025,13:45,8715
5/28/2025,14:00,5911.5
5/28/2025,14:15,6314.7
5/28/2025,14:30,6570.9
5/28/2025,14:45,6440.7
5/28/2025,15:00,8429.4
5/28/2025,15:15,6881.7
5/28/2025,15:30,7253.4
5/28/2025,15:45,8416.8
5/28/2025,16:00,9544.5
5/28/2025,16:15,7547.4
5/28/2025,16:30,6581.4
5/28/2025,16:45,6892.2
5/28/2025,17:00,9074.1
5/28/2025,17:15,9672.6
5/28/2025,17:30,10117.8
5/28/2025,17:45,10443.3
5/28/2025,18:00,10560.9
5/28/2025,18:15,10678.5
5/28/2025,18:30,10764.6
5/28/2025,18:45,10867.5
5/28/2025,19:00,11073.3
5/28/2025,19:15,11022.9
5/28/2025,19:30,10970.4
5/28/2025,19:45,11102.7
5/28/2025,20:00,11043.9
5/28/2025,20:15,11004
5/28/2025,20:30,11115.3
5/28/2025,20:45,11016.6
5/28/2025,21:00,10953.6
5/28/2025,21:15,11043.9
5/28/2025,21:30,10976.7
5/28/2025,21:45,10781.4
5/28/2025,22:00,10716.3
5/28/2025,22:15,10689
5/28/2025,22:30,10626
5/28/2025,22:45,10720.5
5/28/2025,23:00,10623.9
5/28/2025,23:15,10420.2
5/28/2025,23:30,10695.3
5/28/2025,23:45,10705.8
5/29/2025,0:00,10466.4
5/29/2025,0:15,10636.5
5/29/2025,0:30,10739.4
5/29/2025,0:45,10539.9
5/29/2025,1:00,10684.8
5/29/2025,1:15,10661.7
5/29/2025,1:30,10659.6
5/29/2025,1:45,10592.4
5/29/2025,2:00,10699.5
5/29/2025,2:15,10615.5
5/29/2025,2:30,10628.1
5/29/2025,2:45,10705.8
5/29/2025,3:00,10665.9
5/29/2025,3:15,10611.3
5/29/2025,3:30,10728.9
5/29/2025,3:45,10724.7
5/29/2025,4:00,10695.3
5/29/2025,4:15,10720.5
5/29/2025,4:30,10712.1
5/29/2025,4:45,10638.6
5/29/2025,5:00,10827.6
5/29/2025,5:15,10791.9
5/29/2025,5:30,10752
5/29/2025,5:45,10722.6
5/29/2025,6:00,10407.6
5/29/2025,6:15,10048.5
5/29/2025,6:30,10056.9
5/29/2025,6:45,9769.2
5/29/2025,7:00,9399.6
5/29/2025,7:15,9319.8
5/29/2025,7:30,9032.1
5/29/2025,7:45,8452.5
5/29/2025,8:00,8509.2
5/29/2025,8:15,8211
5/29/2025,8:30,7614.6
5/29/2025,8:45,7557.9
5/29/2025,9:00,7402.5
5/29/2025,9:15,7127.4
5/29/2025,9:30,6993
5/29/2025,9:45,6890.1
5/29/2025,10:00,6688.5
5/29/2025,10:15,6352.5
5/29/2025,10:30,6428.1
5/29/2025,10:45,6390.3
5/29/2025,11:00,6287.4
5/29/2025,11:15,6029.1
5/29/2025,11:30,8085
5/29/2025,11:45,5728.8
5/29/2025,12:00,6247.5
5/29/2025,12:15,5804.4
5/29/2025,12:30,5756.1
5/29/2025,12:45,5985
5/29/2025,13:00,6056.4
5/29/2025,13:15,6182.4
5/29/2025,13:30,6203.4
5/29/2025,13:45,6333.6
5/29/2025,14:00,6237
5/29/2025,14:15,6455.4
5/29/2025,14:30,6648.6
5/29/2025,14:45,6841.8
5/29/2025,15:00,7079.1
5/29/2025,15:15,7035
5/29/2025,15:30,7312.2
5/29/2025,15:45,7711.2
5/29/2025,16:00,6457.5
5/29/2025,16:15,6237
5/29/2025,16:30,8553.3
5/29/2025,16:45,8908.2
5/29/2025,17:00,9861.6
5/29/2025,17:15,9590.7
5/29/2025,17:30,10193.4
5/29/2025,17:45,10004.4
5/29/2025,18:00,10048.5
5/29/2025,18:15,10264.8
5/29/2025,18:30,10491.6
5/29/2025,18:45,10617.6
5/29/2025,19:00,10621.8
5/29/2025,19:15,10773
5/29/2025,19:30,10777.2
5/29/2025,19:45,10703.7
5/29/2025,20:00,10724.7
5/29/2025,20:15,10775.1
5/29/2025,20:30,10678.5
5/29/2025,20:45,10768.8
5/29/2025,21:00,10789.8
5/29/2025,21:15,10705.8
5/29/2025,21:30,10762.5
5/29/2025,21:45,10722.6
5/29/2025,22:00,10632.3
5/29/2025,22:15,10766.7
5/29/2025,22:30,10724.7
5/29/2025,22:45,10577.7
5/29/2025,23:00,10699.5
5/29/2025,23:15,10718.4
5/29/2025,23:30,10537.8
5/29/2025,23:45,10682.7
5/30/2025,0:00,10621.8
5/30/2025,0:15,10418.1
5/30/2025,0:30,10659.6
5/30/2025,0:45,10569.3
5/30/2025,1:00,10346.7
5/30/2025,1:15,10609.2
5/30/2025,1:30,10632.3
5/30/2025,1:45,10474.8
5/30/2025,2:00,10745.7
5/30/2025,2:15,10567.2
5/30/2025,2:30,10518.9
5/30/2025,2:45,10569.3
5/30/2025,3:00,10560.9
5/30/2025,3:15,10584
5/30/2025,3:30,10510.5
5/30/2025,3:45,10542
5/30/2025,4:00,10552.5
5/30/2025,4:15,10521
5/30/2025,4:30,10592.4
5/30/2025,4:45,10605
5/30/2025,5:00,10424.4
5/30/2025,5:15,10466.4
5/30/2025,5:30,10380.3
5/30/2025,5:45,10229.1
5/30/2025,6:00,10126.2
5/30/2025,6:15,9888.9
5/30/2025,6:30,9529.8
5/30/2025,6:45,9414.3
5/30/2025,7:00,9095.1
5/30/2025,7:15,8706.6
5/30/2025,7:30,8446.2
5/30/2025,7:45,8160.6
5/30/2025,8:00,7736.4
5/30/2025,8:15,7572.6
5/30/2025,8:30,7337.4
5/30/2025,8:45,6711.6
5/30/2025,9:00,6791.4
5/30/2025,9:15,6568.8
5/30/2025,9:30,6069
5/30/2025,9:45,6115.2
5/30/2025,10:00,6003.9
5/30/2025,10:15,5745.6
5/30/2025,10:30,5632.2
5/30/2025,10:45,5924.1
5/30/2025,11:00,5642.7
5/30/2025,11:15,5476.8
5/30/2025,11:30,5420.1
5/30/2025,11:45,5313
5/30/2025,12:00,5411.7
5/30/2025,12:15,5489.4
5/30/2025,12:30,5520.9
5/30/2025,12:45,5640.6
5/30/2025,13:00,5739.3
5/30/2025,13:15,5728.8
5/30/2025,13:30,5644.8
5/30/2025,13:45,5709.9
5/30/2025,14:00,6518.4
5/30/2025,14:15,5682.6
5/30/2025,14:30,6140.4
5/30/2025,14:45,7106.4
5/30/2025,15:00,8080.8
5/30/2025,15:15,8477.7
5/30/2025,15:30,8183.7
5/30/2025,15:45,8639.4
5/30/2025,16:00,9149.7
5/30/2025,16:15,9235.8
5/30/2025,16:30,8171.1
5/30/2025,16:45,9382.8
5/30/2025,17:00,9145.5
5/30/2025,17:15,9414.3
5/30/2025,17:30,9857.4
5/30/2025,17:45,10033.8
5/30/2025,18:00,9771.3
5/30/2025,18:15,10256.4
5/30/2025,18:30,10483.2
5/30/2025,18:45,10449.6
5/30/2025,19:00,10596.6
5/30/2025,19:15,10649.1
5/30/2025,19:30,10535.7
5/30/2025,19:45,10571.4
5/30/2025,20:00,10594.5
5/30/2025,20:15,10676.4
5/30/2025,20:30,10775.1
5/30/2025,20:45,10749.9
5/30/2025,21:00,10691.1
5/30/2025,21:15,10592.4
5/30/2025,21:30,10657.5
5/30/2025,21:45,10689
5/30/2025,22:00,10615.5
5/30/2025,22:15,10668
5/30/2025,22:30,10579.8
5/30/2025,22:45,10565.1
5/30/2025,23:00,10686.9
5/30/2025,23:15,10691.1
5/30/2025,23:30,10649.1
5/30/2025,23:45,10676.4
5/31/2025,0:00,10672.2
5/31/2025,0:15,10596.6
5/31/2025,0:30,10676.4
5/31/2025,0:45,10626
5/31/2025,1:00,10472.7
5/31/2025,1:15,10682.7
5/31/2025,1:30,10640.7
5/31/2025,1:45,10441.2
5/31/2025,2:00,10571.4
5/31/2025,2:15,10598.7
5/31/2025,2:30,10598.7
5/31/2025,2:45,10590.3
5/31/2025,3:00,10575.6
5/31/2025,3:15,10420.2
5/31/2025,3:30,10621.8
5/31/2025,3:45,10655.4
5/31/2025,4:00,10600.8
5/31/2025,4:15,10586.1
5/31/2025,4:30,10644.9
5/31/2025,4:45,10632.3
5/31/2025,5:00,10636.5
5/31/2025,5:15,10651.2
5/31/2025,5:30,10657.5
5/31/2025,5:45,10527.3
5/31/2025,6:00,10449.6
5/31/2025,6:15,10376.1
5/31/2025,6:30,10384.5
5/31/2025,6:45,10111.5
5/31/2025,7:00,10248
5/31/2025,7:15,10103.1
5/31/2025,7:30,10122
5/31/2025,7:45,9935.1
5/31/2025,8:00,10021.2
5/31/2025,8:15,9435.3
5/31/2025,8:30,9731.4
5/31/2025,8:45,9697.8
5/31/2025,9:00,9504.6
5/31/2025,9:15,9846.9
5/31/2025,9:30,9687.3
5/31/2025,9:45,9863.7
5/31/2025,10:00,9863.7
5/31/2025,10:15,9863.7
5/31/2025,10:30,9708.3
5/31/2025,10:45,9412.2
5/31/2025,11:00,8805.3
5/31/2025,11:15,8922.9
5/31/2025,11:30,8922.9
5/31/2025,11:45,9447.9
5/31/2025,12:00,9979.2
5/31/2025,12:15,10008.6
5/31/2025,12:30,10090.5
5/31/2025,12:45,9737.7
5/31/2025,13:00,9403.8
5/31/2025,13:15,9561.3
5/31/2025,13:30,9916.2
5/31/2025,13:45,10101
5/31/2025,14:00,9998.1
5/31/2025,14:15,9441.6
5/31/2025,14:30,9657.9
5/31/2025,14:45,10067.4
5/31/2025,15:00,10094.7
5/31/2025,15:15,10241.7
5/31/2025,15:30,10096.8
5/31/2025,15:45,10050.6
5/31/2025,16:00,10285.8
5/31/2025,16:15,10376.1
5/31/2025,16:30,10384.5
5/31/2025,16:45,10516.8
5/31/2025,17:00,10504.2
5/31/2025,17:15,10411.8
5/31/2025,17:30,10571.4
5/31/2025,17:45,10542
5/31/2025,18:00,10472.7
5/31/2025,18:15,10649.1
5/31/2025,18:30,10552.5
5/31/2025,18:45,10407.6
5/31/2025,19:00,10707.9
5/31/2025,19:15,10770.9
5/31/2025,19:30,10472.7
5/31/2025,19:45,10714.2
5/31/2025,20:00,10703.7
5/31/2025,20:15,10527.3
5/31/2025,20:30,10705.8
5/31/2025,20:45,10718.4
5/31/2025,21:00,10592.4
5/31/2025,21:15,10689
5/31/2025,21:30,10697.4
5/31/2025,21:45,10699.5
5/31/2025,22:00,10791.9
5/31/2025,22:15,10718.4
5/31/2025,22:30,10762.5
5/31/2025,22:45,10653.3
5/31/2025,23:00,10653.3
5/31/2025,23:15,10752
5/31/2025,23:30,10668
5/31/2025,23:45,10779.3
6/1/2025,0:00,10787.7
6/1/2025,0:15,10638.6
6/1/2025,0:30,10787.7
6/1/2025,0:45,10741.5
6/1/2025,1:00,10705.8
6/1/2025,1:15,10756.2
6/1/2025,1:30,10716.3
6/1/2025,1:45,10665.9
6/1/2025,2:00,10741.5
6/1/2025,2:15,10735.2
6/1/2025,2:30,10573.5
6/1/2025,2:45,10743.6
6/1/2025,3:00,10663.8
6/1/2025,3:15,10563
6/1/2025,3:30,10773
6/1/2025,3:45,10735.2
6/1/2025,4:00,10439.1
6/1/2025,4:15,10735.2
6/1/2025,4:30,10701.6
6/1/2025,4:45,10479
6/1/2025,5:00,10699.5
6/1/2025,5:15,10737.3
6/1/2025,5:30,10584
6/1/2025,5:45,10678.5
6/1/2025,6:00,10682.7
6/1/2025,6:15,10581.9
6/1/2025,6:30,10523.1
6/1/2025,6:45,10470.6
6/1/2025,7:00,10569.3
6/1/2025,7:15,10323.6
6/1/2025,7:30,10357.2
6/1/2025,7:45,10371.9
6/1/2025,8:00,10218.6
6/1/2025,8:15,10319.4
6/1/2025,8:30,10453.8
6/1/2025,8:45,10340.4
6/1/2025,9:00,10472.7
6/1/2025,9:15,10311
6/1/2025,9:30,10311
6/1/2025,9:45,10073.7
6/1/2025,10:00,9769.2
6/1/2025,10:15,10008.6
6/1/2025,10:30,10073.7
6/1/2025,10:45,10145.1
6/1/2025,11:00,9968.7
6/1/2025,11:15,9668.4
6/1/2025,11:30,10311
6/1/2025,11:45,9807
6/1/2025,12:00,9979.2
6/1/2025,12:15,10180.8
6/1/2025,12:30,9716.7
6/1/2025,12:45,10101
6/1/2025,13:00,10098.9
6/1/2025,13:15,9832.2
6/1/2025,13:30,10149.3
6/1/2025,13:45,10059
6/1/2025,14:00,10115.7
6/1/2025,14:15,10164
6/1/2025,14:30,10203.9
6/1/2025,14:45,10237.5
6/1/2025,15:00,10403.4
6/1/2025,15:15,10424.4
6/1/2025,15:30,10500
6/1/2025,15:45,10290
6/1/2025,16:00,10571.4
6/1/2025,16:15,10649.1
6/1/2025,16:30,10584
6/1/2025,16:45,10546.2
6/1/2025,17:00,10615.5
6/1/2025,17:15,10565.1
6/1/2025,17:30,10705.8
6/1/2025,17:45,10764.6
6/1/2025,18:00,10640.7
6/1/2025,18:15,10794
6/1/2025,18:30,10577.7
6/1/2025,18:45,10678.5
6/1/2025,19:00,10735.2
6/1/2025,19:15,10888.5
6/1/2025,19:30,10691.1
6/1/2025,19:45,10936.8
6/1/2025,20:00,10869.6
6/1/2025,20:15,10701.6
6/1/2025,20:30,10941
6/1/2025,20:45,10917.9
6/1/2025,21:00,10588.2
6/1/2025,21:15,10871.7
6/1/2025,21:30,10857
6/1/2025,21:45,10743.6
6/1/2025,22:00,10903.2
6/1/2025,22:15,10896.9
6/1/2025,22:30,10737.3
6/1/2025,22:45,10831.8
6/1/2025,23:00,10905.3
6/1/2025,23:15,10764.6
6/1/2025,23:30,10779.3
6/1/2025,23:45,10812.9
6/2/2025,0:00,10882.2
6/2/2025,0:15,10737.3
6/2/2025,0:30,10737.3
6/2/2025,0:45,10840.2
6/2/2025,1:00,10791.9
6/2/2025,1:15,10842.3
6/2/2025,1:30,10800.3
6/2/2025,1:45,10752
6/2/2025,2:00,10829.7
6/2/2025,2:15,10707.9
6/2/2025,2:30,10760.4
6/2/2025,2:45,10825.5
6/2/2025,3:00,10821.3
6/2/2025,3:15,10724.7
6/2/2025,3:30,10749.9
6/2/2025,3:45,10745.7
6/2/2025,4:00,10668
6/2/2025,4:15,10852.8
6/2/2025,4:30,10823.4
6/2/2025,4:45,10619.7
6/2/2025,5:00,10869.6
6/2/2025,5:15,10880.1
6/2/2025,5:30,10584
6/2/2025,5:45,10819.2
6/2/2025,6:00,10766.7
6/2/2025,6:15,10460.1
6/2/2025,6:30,10439.1
6/2/2025,6:45,10663.8
6/2/2025,7:00,10535.7
6/2/2025,7:15,10386.6
6/2/2025,7:30,10292.1
6/2/2025,7:45,10149.3
6/2/2025,8:00,9702
6/2/2025,8:15,10346.7
6/2/2025,8:30,10575.6
6/2/2025,8:45,9924.6
6/2/2025,9:00,9924.6
6/2/2025,9:15,9966.6
6/2/2025,9:30,9739.8
6/2/2025,9:45,9802.8
6/2/2025,10:00,10214.4
6/2/2025,10:15,9720.9
6/2/2025,10:30,10399.2
6/2/2025,10:45,9962.4
6/2/2025,11:00,9754.5
6/2/2025,11:15,10128.3
6/2/2025,11:30,10201.8
6/2/2025,11:45,9893.1
6/2/2025,12:00,9332.4
6/2/2025,12:15,9332.4
6/2/2025,12:30,9956.1
6/2/2025,12:45,10046.4
6/2/2025,13:00,9538.2
6/2/2025,13:15,8922.9
6/2/2025,13:30,9951.9
6/2/2025,13:45,10111.5
6/2/2025,14:00,9660
6/2/2025,14:15,9991.8
6/2/2025,14:30,8849.4
6/2/2025,14:45,8790.6
6/2/2025,15:00,9420.6
6/2/2025,15:15,9420.6
6/2/2025,15:30,8994.3
6/2/2025,15:45,9788.1
6/2/2025,16:00,9668.4
6/2/2025,16:15,9752.4
6/2/2025,16:30,9689.4
6/2/2025,16:45,10258.5
6/2/2025,17:00,10273.2
6/2/2025,17:15,10189.2
6/2/2025,17:30,10348.8
6/2/2025,17:45,10086.3
6/2/2025,18:00,10413.9
6/2/2025,18:15,10518.9
6/2/2025,18:30,10628.1
6/2/2025,18:45,10668
6/2/2025,19:00,10840.2
6/2/2025,19:15,10854.9
6/2/2025,19:30,10695.3
6/2/2025,19:45,10854.9
6/2/2025,20:00,10840.2
6/2/2025,20:15,10842.3
6/2/2025,20:30,10842.3
6/2/2025,20:45,10894.8
6/2/2025,21:00,10716.3
6/2/2025,21:15,10842.3
6/2/2025,21:30,10882.2
6/2/2025,21:45,10703.7
6/2/2025,22:00,10907.4
6/2/2025,22:15,10867.5
6/2/2025,22:30,10607.1
6/2/2025,22:45,10871.7
6/2/2025,23:00,10869.6
6/2/2025,23:15,10577.7
6/2/2025,23:30,10928.4
6/2/2025,23:45,10800.3
6/3/2025,0:00,10718.4
6/3/2025,0:15,10844.4
6/3/2025,0:30,10920
6/3/2025,0:45,10844.4
6/3/2025,1:00,10785.6
6/3/2025,1:15,10878
6/3/2025,1:30,10825.5
6/3/2025,1:45,10890.6
6/3/2025,2:00,10907.4
6/3/2025,2:15,10905.3
6/3/2025,2:30,10791.9
6/3/2025,2:45,10875.9
6/3/2025,3:00,10930.5
6/3/2025,3:15,10821.3
6/3/2025,3:30,10936.8
6/3/2025,3:45,10915.8
6/3/2025,4:00,10884.3
6/3/2025,4:15,10987.2
6/3/2025,4:30,10980.9
6/3/2025,4:45,10863.3
6/3/2025,5:00,10922.1
6/3/2025,5:15,10861.2
6/3/2025,5:30,10676.4
6/3/2025,5:45,10598.7
6/3/2025,6:00,10474.8
6/3/2025,6:15,10059
6/3/2025,6:30,10006.5
6/3/2025,6:45,9739.8
6/3/2025,7:00,9166.5
6/3/2025,7:15,9135
6/3/2025,7:30,8765.4
6/3/2025,7:45,8320.2
6/3/2025,8:00,8152.2
6/3/2025,8:15,7784.7
6/3/2025,8:30,7398.3
6/3/2025,8:45,7301.7
6/3/2025,9:00,7079.1
6/3/2025,9:15,6869.1
6/3/2025,9:30,6825
6/3/2025,9:45,6657
6/3/2025,10:00,6457.5
6/3/2025,10:15,6291.6
6/3/2025,10:30,6696.9
6/3/2025,10:45,6182.4
6/3/2025,11:00,6043.8
6/3/2025,11:15,6020.7
6/3/2025,11:30,6071.1
6/3/2025,11:45,5982.9
6/3/2025,12:00,5476.8
6/3/2025,12:15,6726.3
6/3/2025,12:30,8891.4
6/3/2025,12:45,8091.3
6/3/2025,13:00,6892.2
6/3/2025,13:15,7276.5
6/3/2025,13:30,6600.3
6/3/2025,13:45,8601.6
6/3/2025,14:00,8240.4
6/3/2025,14:15,9111.9
6/3/2025,14:30,9141.3
6/3/2025,14:45,8679.3
6/3/2025,15:00,9183.3
6/3/2025,15:15,9315.6
6/3/2025,15:30,8880.9
6/3/2025,15:45,9107.7
6/3/2025,16:00,9594.9
6/3/2025,16:15,9559.2
6/3/2025,16:30,9168.6
6/3/2025,16:45,9284.1
6/3/2025,17:00,9460.5
6/3/2025,17:15,9397.5
6/3/2025,17:30,10094.7
6/3/2025,17:45,10084.2
6/3/2025,18:00,10304.7
6/3/2025,18:15,10523.1
6/3/2025,18:30,10569.3
6/3/2025,18:45,10712.1
6/3/2025,19:00,10781.4
6/3/2025,19:15,10894.8
6/3/2025,19:30,10899
6/3/2025,19:45,10752
6/3/2025,20:00,10602.9
6/3/2025,20:15,10674.3
6/3/2025,20:30,10781.4
6/3/2025,20:45,10798.2
6/3/2025,21:00,10888.5
6/3/2025,21:15,10829.7
6/3/2025,21:30,10968.3
6/3/2025,21:45,10875.9
6/3/2025,22:00,10789.8
6/3/2025,22:15,10844.4
6/3/2025,22:30,10836
6/3/2025,22:45,10869.6
6/3/2025,23:00,10867.5
6/3/2025,23:15,10644.9
6/3/2025,23:30,10661.7
6/3/2025,23:45,10779.3
6/4/2025,0:00,10695.3
6/4/2025,0:15,10766.7
6/4/2025,0:30,10808.7
6/4/2025,0:45,10838.1
6/4/2025,1:00,10804.5
6/4/2025,1:15,10762.5
6/4/2025,1:30,10806.6
6/4/2025,1:45,10766.7
6/4/2025,2:00,10859.1
6/4/2025,2:15,10819.2
6/4/2025,2:30,10737.3
6/4/2025,2:45,10563
6/4/2025,3:00,10810.8
6/4/2025,3:15,10745.7
6/4/2025,3:30,10773
6/4/2025,3:45,10800.3
6/4/2025,4:00,10886.4
6/4/2025,4:15,10804.5
6/4/2025,4:30,10791.9
6/4/2025,4:45,10762.5
6/4/2025,5:00,10810.8
6/4/2025,5:15,10770.9
6/4/2025,5:30,10714.2
6/4/2025,5:45,10428.6
6/4/2025,6:00,10067.4
6/4/2025,6:15,10048.5
6/4/2025,6:30,9746.1
6/4/2025,6:45,9531.9
6/4/2025,7:00,9303
6/4/2025,7:15,8981.7
6/4/2025,7:30,8717.1
6/4/2025,7:45,8366.4
6/4/2025,8:00,8087.1
6/4/2025,8:15,7759.5
6/4/2025,8:30,7530.6
6/4/2025,8:45,7268.1
6/4/2025,9:00,7045.5
6/4/2025,9:15,6600.3
6/4/2025,9:30,6663.3
6/4/2025,9:45,6447
6/4/2025,10:00,6310.5
6/4/2025,10:15,6058.5
6/4/2025,10:30,5980.8
6/4/2025,10:45,6035.4
6/4/2025,11:00,5867.4
6/4/2025,11:15,5968.2
6/4/2025,11:30,5928.3
6/4/2025,11:45,5846.4
6/4/2025,12:00,5968.2
6/4/2025,12:15,5894.7
6/4/2025,12:30,5388.6
6/4/2025,12:45,5642.7
6/4/2025,13:00,5724.6
6/4/2025,13:15,6134.1
6/4/2025,13:30,7062.3
6/4/2025,13:45,6694.8
6/4/2025,14:00,5667.9
6/4/2025,14:15,8574.3
6/4/2025,14:30,7387.8
6/4/2025,14:45,6507.9
6/4/2025,15:00,8229.9
6/4/2025,15:15,9166.5
6/4/2025,15:30,8765.4
6/4/2025,15:45,7417.2
6/4/2025,16:00,9074.1
6/4/2025,16:15,9510.9
6/4/2025,16:30,8889.3
6/4/2025,16:45,8790.6
6/4/2025,17:00,8775.9
6/4/2025,17:15,9441.6
6/4/2025,17:30,9624.3
6/4/2025,17:45,9857.4
6/4/2025,18:00,10109.4
6/4/2025,18:15,10306.8
6/4/2025,18:30,10647
6/4/2025,18:45,10605
6/4/2025,19:00,10489.5
6/4/2025,19:15,10689
6/4/2025,19:30,10850.7
6/4/2025,19:45,10810.8
6/4/2025,20:00,10836
6/4/2025,20:15,10842.3
6/4/2025,20:30,10928.4
6/4/2025,20:45,10840.2
6/4/2025,21:00,10867.5
6/4/2025,21:15,10865.4
6/4/2025,21:30,10911.6
6/4/2025,21:45,10838.1
6/4/2025,22:00,10880.1
6/4/2025,22:15,10661.7
6/4/2025,22:30,10716.3
6/4/2025,22:45,10756.2
6/4/2025,23:00,10791.9
6/4/2025,23:15,10773
6/4/2025,23:30,10812.9
6/4/2025,23:45,10880.1
6/5/2025,0:00,10817.1
6/5/2025,0:15,10796.1
6/5/2025,0:30,10819.2
6/5/2025,0:45,10833.9
6/5/2025,1:00,10806.6
6/5/2025,1:15,10762.5
6/5/2025,1:30,10565.1
6/5/2025,1:45,10567.2
6/5/2025,2:00,10760.4
6/5/2025,2:15,10733.1
6/5/2025,2:30,10783.5
6/5/2025,2:45,10804.5
6/5/2025,3:00,10779.3
6/5/2025,3:15,10789.8
6/5/2025,3:30,10749.9
6/5/2025,3:45,10726.8
6/5/2025,4:00,10815
6/5/2025,4:15,10773
6/5/2025,4:30,10796.1
6/5/2025,4:45,10636.5
6/5/2025,5:00,10628.1
6/5/2025,5:15,10665.9
6/5/2025,5:30,10695.3
6/5/2025,5:45,10640.7
6/5/2025,6:00,10357.2
6/5/2025,6:15,10065.3
6/5/2025,6:30,9685.2
6/5/2025,6:45,9221.1
6/5/2025,7:00,9061.5
6/5/2025,7:15,8733.9
6/5/2025,7:30,8729.7
6/5/2025,7:45,8259.3
6/5/2025,8:00,7929.6
6/5/2025,8:15,7224
6/5/2025,8:30,7719.6
6/5/2025,8:45,6980.4
6/5/2025,9:00,7318.5
6/5/2025,9:15,6541.5
6/5/2025,9:30,6379.8
6/5/2025,9:45,5987.1
6/5/2025,10:00,7713.3
6/5/2025,10:15,5928.3
6/5/2025,10:30,5315.1
6/5/2025,10:45,5363.4
6/5/2025,11:00,6247.5
6/5/2025,11:15,5537.7
6/5/2025,11:30,5308.8
6/5/2025,11:45,5575.5
6/5/2025,12:00,5588.1
6/5/2025,12:15,5573.4
6/5/2025,12:30,5695.2
6/5/2025,12:45,5676.3
6/5/2025,13:00,5861.1
6/5/2025,13:15,5835.9
6/5/2025,13:30,6001.8
6/5/2025,13:45,5919.9
6/5/2025,14:00,6123.6
6/5/2025,14:15,6239.1
6/5/2025,14:30,7213.5
6/5/2025,14:45,6938.4
6/5/2025,15:00,6764.1
6/5/2025,15:15,6917.4
6/5/2025,15:30,7316.4
6/5/2025,15:45,7446.6
6/5/2025,16:00,7900.2
6/5/2025,16:15,8087.1
6/5/2025,16:30,8307.6
6/5/2025,16:45,8576.4
6/5/2025,17:00,8950.2
6/5/2025,17:15,9290.4
6/5/2025,17:30,9462.6
6/5/2025,17:45,9588.6
6/5/2025,18:00,9494.1
6/5/2025,18:15,10140.9
6/5/2025,18:30,10384.5
6/5/2025,18:45,10596.6
6/5/2025,19:00,10819.2
6/5/2025,19:15,10930.5
6/5/2025,19:30,10951.5
6/5/2025,19:45,10875.9
6/5/2025,20:00,10869.6
6/5/2025,20:15,10836
6/5/2025,20:30,10869.6
6/5/2025,20:45,10884.3
6/5/2025,21:00,10880.1
6/5/2025,21:15,10649.1
6/5/2025,21:30,10815
6/5/2025,21:45,10815
6/5/2025,22:00,10827.6
6/5/2025,22:15,10873.8
6/5/2025,22:30,10865.4
6/5/2025,22:45,10827.6
6/5/2025,23:00,10829.7
6/5/2025,23:15,10810.8
6/5/2025,23:30,10882.2
6/5/2025,23:45,10846.5
6/6/2025,0:00,10777.2
6/6/2025,0:15,10794
6/6/2025,0:30,10556.7
6/6/2025,0:45,10670.1
6/6/2025,1:00,10670.1
6/6/2025,1:15,10672.2
6/6/2025,1:30,10787.7
6/6/2025,1:45,10659.6
6/6/2025,2:00,10852.8
6/6/2025,2:15,10758.3
6/6/2025,2:30,10749.9
6/6/2025,2:45,10770.9
6/6/2025,3:00,10716.3
6/6/2025,3:15,10815
6/6/2025,3:30,10821.3
6/6/2025,3:45,10728.9
6/6/2025,4:00,10686.9
6/6/2025,4:15,10800.3
6/6/2025,4:30,10802.4
6/6/2025,4:45,10840.2
6/6/2025,5:00,10848.6
6/6/2025,5:15,10875.9
6/6/2025,5:30,10865.4
6/6/2025,5:45,10737.3
6/6/2025,6:00,10678.5
6/6/2025,6:15,10602.9
6/6/2025,6:30,10479
6/6/2025,6:45,10315.2
6/6/2025,7:00,10115.7
6/6/2025,7:15,9678.9
6/6/2025,7:30,9601.2
6/6/2025,7:45,9506.7
6/6/2025,8:00,9300.9
6/6/2025,8:15,8988
6/6/2025,8:30,8601.6
6/6/2025,8:45,8643.6
6/6/2025,9:00,7564.2
6/6/2025,9:15,7007.7
6/6/2025,9:30,7276.5
6/6/2025,9:45,6276.9
6/6/2025,10:00,6207.6
6/6/2025,10:15,8341.2
6/6/2025,10:30,8355.9
6/6/2025,10:45,6123.6
6/6/2025,11:00,6018.6
6/6/2025,11:15,6285.3
6/6/2025,11:30,7515.9
6/6/2025,11:45,6161.4
6/6/2025,12:00,7946.4
6/6/2025,12:15,7984.2
6/6/2025,12:30,8820
6/6/2025,12:45,8169
6/6/2025,13:00,8169
6/6/2025,13:15,9051
6/6/2025,13:30,7602
6/6/2025,13:45,7259.7
6/6/2025,14:00,8013.6
6/6/2025,14:15,9265.2
6/6/2025,14:30,8954.4
6/6/2025,14:45,9405.9
6/6/2025,15:00,9838.5
6/6/2025,15:15,9733.5
6/6/2025,15:30,9733.5
6/6/2025,15:45,10185
6/6/2025,16:00,10313.1
6/6/2025,16:15,10126.2
6/6/2025,16:30,10449.6
6/6/2025,16:45,10663.8
6/6/2025,17:00,10325.7
6/6/2025,17:15,8914.5
6/6/2025,17:30,9689.4
6/6/2025,17:45,10670.1
6/6/2025,18:00,10829.7
6/6/2025,18:15,10865.4
6/6/2025,18:30,10806.6
6/6/2025,18:45,10878
6/6/2025,19:00,10846.5
6/6/2025,19:15,10691.1
6/6/2025,19:30,10739.4
6/6/2025,19:45,10884.3
6/6/2025,20:00,10880.1
6/6/2025,20:15,10865.4
6/6/2025,20:30,10934.7
6/6/2025,20:45,10972.5
6/6/2025,21:00,10930.5
6/6/2025,21:15,10913.7
6/6/2025,21:30,11020.8
6/6/2025,21:45,10901.1
6/6/2025,22:00,10915.8
6/6/2025,22:15,11014.5
6/6/2025,22:30,10764.6
6/6/2025,22:45,10735.2
6/6/2025,23:00,10867.5
6/6/2025,23:15,10829.7
6/6/2025,23:30,10833.9
6/6/2025,23:45,10884.3
6/7/2025,0:00,10907.4
6/7/2025,0:15,10922.1
6/7/2025,0:30,10945.2
6/7/2025,0:45,10840.2
6/7/2025,1:00,10938.9
6/7/2025,1:15,10936.8
6/7/2025,1:30,10890.6
6/7/2025,1:45,10789.8
6/7/2025,2:00,10726.8
6/7/2025,2:15,10838.1
6/7/2025,2:30,10838.1
6/7/2025,2:45,10838.1
6/7/2025,3:00,10907.4
6/7/2025,3:15,11037.6
6/7/2025,3:30,10983
6/7/2025,3:45,10934.7
6/7/2025,4:00,10896.9
6/7/2025,4:15,10903.2
6/7/2025,4:30,10899
6/7/2025,4:45,10926.3
6/7/2025,5:00,10823.4
6/7/2025,5:15,10605
6/7/2025,5:30,10808.7
6/7/2025,5:45,10726.8
6/7/2025,6:00,10882.2
6/7/2025,6:15,10680.6
6/7/2025,6:30,10647
6/7/2025,6:45,10632.3
6/7/2025,7:00,10476.9
6/7/2025,7:15,10334.1
6/7/2025,7:30,10302.6
6/7/2025,7:45,9907.8
6/7/2025,8:00,9508.8
6/7/2025,8:15,9426.9
6/7/2025,8:30,8731.8
6/7/2025,8:45,8456.7
6/7/2025,9:00,6270.6
6/7/2025,9:15,5890.5
6/7/2025,9:30,8246.7
6/7/2025,9:45,7385.7
6/7/2025,10:00,8074.5
6/7/2025,10:15,9097.2
6/7/2025,10:30,9439.5
6/7/2025,10:45,9529.8
6/7/2025,11:00,9846.9
6/7/2025,11:15,9622.2
6/7/2025,11:30,7856.1
6/7/2025,11:45,6365.1
6/7/2025,12:00,5951.4
6/7/2025,12:15,9229.5
6/7/2025,12:30,9345
6/7/2025,12:45,9760.8
6/7/2025,13:00,9460.5
6/7/2025,13:15,9817.5
6/7/2025,13:30,9601.2
6/7/2025,13:45,9662.1
6/7/2025,14:00,9750.3
6/7/2025,14:15,10021.2
6/7/2025,14:30,9846.9
6/7/2025,14:45,8763.3
6/7/2025,15:00,9861.6
6/7/2025,15:15,10147.2
6/7/2025,15:30,10233.3
6/7/2025,15:45,10256.4
6/7/2025,16:00,10260.6
6/7/2025,16:15,10239.6
6/7/2025,16:30,10275.3
6/7/2025,16:45,10397.1
6/7/2025,17:00,10388.7
6/7/2025,17:15,10560.9
6/7/2025,17:30,10863.3
6/7/2025,17:45,10829.7
6/7/2025,18:00,10745.7
6/7/2025,18:15,10586.1
6/7/2025,18:30,10701.6
6/7/2025,18:45,10844.4
6/7/2025,19:00,10865.4
6/7/2025,19:15,10888.5
6/7/2025,19:30,10926.3
6/7/2025,19:45,11022.9
6/7/2025,20:00,10970.4
6/7/2025,20:15,10949.4
6/7/2025,20:30,10951.5
6/7/2025,20:45,10966.2
6/7/2025,21:00,10911.6
6/7/2025,21:15,10924.2
6/7/2025,21:30,10821.3
6/7/2025,21:45,10773
6/7/2025,22:00,10854.9
6/7/2025,22:15,10901.1
6/7/2025,22:30,10932.6
6/7/2025,22:45,10970.4
6/7/2025,23:00,10980.9
6/7/2025,23:15,10926.3
6/7/2025,23:30,10907.4
6/7/2025,23:45,10865.4
6/8/2025,0:00,10878
6/8/2025,0:15,10932.6
6/8/2025,0:30,10901.1
6/8/2025,0:45,10854.9
6/8/2025,1:00,10756.2
6/8/2025,1:15,10917.9
6/8/2025,1:30,10926.3
6/8/2025,1:45,10907.4
6/8/2025,2:00,10980.9
6/8/2025,2:15,11014.5
6/8/2025,2:30,10970.4
6/8/2025,2:45,10938.9
6/8/2025,3:00,10926.3
6/8/2025,3:15,10924.2
6/8/2025,3:30,10920
6/8/2025,3:45,10932.6
6/8/2025,4:00,10867.5
6/8/2025,4:15,10712.1
6/8/2025,4:30,10846.5
6/8/2025,4:45,10852.8
6/8/2025,5:00,10833.9
6/8/2025,5:15,10869.6
6/8/2025,5:30,10705.8
6/8/2025,5:45,10680.6
6/8/2025,6:00,10682.7
6/8/2025,6:15,10323.6
6/8/2025,6:30,10386.6
6/8/2025,6:45,10195.5
6/8/2025,7:00,10090.5
6/8/2025,7:15,9926.7
6/8/2025,7:30,8183.7
6/8/2025,7:45,9468.9
6/8/2025,8:00,8908.2
6/8/2025,8:15,9284.1
6/8/2025,8:30,9315.6
6/8/2025,8:45,6598.2
6/8/2025,9:00,8633.1
6/8/2025,9:15,8681.4
6/8/2025,9:30,8488.2
6/8/2025,9:45,8738.1
6/8/2025,10:00,8208.9
6/8/2025,10:15,7522.2
6/8/2025,10:30,8286.6
6/8/2025,10:45,7488.6
6/8/2025,11:00,7062.3
6/8/2025,11:15,7182
6/8/2025,11:30,7568.4
6/8/2025,11:45,7553.7
6/8/2025,12:00,7400.4
6/8/2025,12:15,7830.9
6/8/2025,12:30,7658.7
6/8/2025,12:45,5754
6/8/2025,13:00,8013.6
6/8/2025,13:15,8278.2
6/8/2025,13:30,8601.6
6/8/2025,13:45,8563.8
6/8/2025,14:00,8122.8
6/8/2025,14:15,8954.4
6/8/2025,14:30,8112.3
6/8/2025,14:45,8935.5
6/8/2025,15:00,9313.5
6/8/2025,15:15,9034.2
6/8/2025,15:30,9628.5
6/8/2025,15:45,9601.2
6/8/2025,16:00,9739.8
6/8/2025,16:15,9903.6
6/8/2025,16:30,10010.7
6/8/2025,16:45,10317.3
6/8/2025,17:00,10485.3
6/8/2025,17:15,10287.9
6/8/2025,17:30,10531.5
6/8/2025,17:45,10626
6/8/2025,18:00,10758.3
6/8/2025,18:15,10854.9
6/8/2025,18:30,10934.7
6/8/2025,18:45,11012.4
6/8/2025,19:00,10987.2
6/8/2025,19:15,10968.3
6/8/2025,19:30,11029.2
6/8/2025,19:45,11006.1
6/8/2025,20:00,11014.5
6/8/2025,20:15,10995.6
6/8/2025,20:30,10720.5
6/8/2025,20:45,10833.9
6/8/2025,21:00,11012.4
6/8/2025,21:15,10945.2
6/8/2025,21:30,10980.9
6/8/2025,21:45,11033.4
6/8/2025,22:00,11056.5
6/8/2025,22:15,11010.3
6/8/2025,22:30,10989.3
6/8/2025,22:45,10993.5
6/8/2025,23:00,11052.3
6/8/2025,23:15,11012.4
6/8/2025,23:30,10999.8
6/8/2025,23:45,10867.5
6/9/2025,0:00,10815
6/9/2025,0:15,10936.8
6/9/2025,0:30,10938.9
6/9/2025,0:45,10943.1
6/9/2025,1:00,11031.3
6/9/2025,1:15,11020.8
6/9/2025,1:30,10983
6/9/2025,1:45,10968.3
6/9/2025,2:00,10949.4
6/9/2025,2:15,10983
6/9/2025,2:30,11018.7
6/9/2025,2:45,10962
6/9/2025,3:00,10819.2
6/9/2025,3:15,10731
6/9/2025,3:30,10907.4
6/9/2025,3:45,10941
6/9/2025,4:00,10892.7
6/9/2025,4:15,10928.4
6/9/2025,4:30,11092.2
6/9/2025,4:45,10983
6/9/2025,5:00,10995.6
6/9/2025,5:15,10985.1
6/9/2025,5:30,10884.3
6/9/2025,5:45,10678.5
6/9/2025,6:00,10386.6
6/9/2025,6:15,10061.1
6/9/2025,6:30,9660
6/9/2025,6:45,9538.2
6/9/2025,7:00,10115.7
6/9/2025,7:15,8584.8
6/9/2025,7:30,8418.9
6/9/2025,7:45,8429.4
6/9/2025,8:00,8116.5
6/9/2025,8:15,7837.2
6/9/2025,8:30,7442.4
6/9/2025,8:45,7320.6
6/9/2025,9:00,7085.4
6/9/2025,9:15,6724.2
6/9/2025,9:30,6839.7
6/9/2025,9:45,6127.8
6/9/2025,10:00,7667.1
6/9/2025,10:15,7707
6/9/2025,10:30,6619.2
6/9/2025,10:45,5491.5
6/9/2025,11:00,5449.5
6/9/2025,11:15,5856.9
6/9/2025,11:30,6808.2
6/9/2025,11:45,5516.7
6/9/2025,12:00,5712
6/9/2025,12:15,5770.8
6/9/2025,12:30,6058.5
6/9/2025,12:45,5968.2
6/9/2025,13:00,5772.9
6/9/2025,13:15,5919.9
6/9/2025,13:30,7847.7
6/9/2025,13:45,7259.7
6/9/2025,14:00,8725.5
6/9/2025,14:15,7877.1
6/9/2025,14:30,8397.9
6/9/2025,14:45,8500.8
6/9/2025,15:00,6678
6/9/2025,15:15,8622.6
6/9/2025,15:30,8150.1
6/9/2025,15:45,7541.1
6/9/2025,16:00,7872.9
6/9/2025,16:15,7982.1
6/9/2025,16:30,8418.9
6/9/2025,16:45,9632.7
6/9/2025,17:00,8969.1
6/9/2025,17:15,9424.8
6/9/2025,17:30,10483.2
6/9/2025,17:45,9496.2
6/9/2025,18:00,9817.5
6/9/2025,18:15,10550.4
6/9/2025,18:30,10537.8
6/9/2025,18:45,10823.4
6/9/2025,19:00,10936.8
6/9/2025,19:15,11004
6/9/2025,19:30,10798.2
6/9/2025,19:45,10926.3
6/9/2025,20:00,10978.8
6/9/2025,20:15,10951.5
6/9/2025,20:30,11025
6/9/2025,20:45,11035.5
6/9/2025,21:00,11046
6/9/2025,21:15,11029.2
6/9/2025,21:30,11056.5
6/9/2025,21:45,10999.8
6/9/2025,22:00,11058.6
6/9/2025,22:15,11067
6/9/2025,22:30,11018.7
6/9/2025,22:45,10901.1
6/9/2025,23:00,10884.3
6/9/2025,23:15,10957.8
6/9/2025,23:30,10964.1
6/9/2025,23:45,11033.4
6/10/2025,0:00,11033.4
6/10/2025,0:15,11079.6
6/10/2025,0:30,10999.8
6/10/2025,0:45,10966.2
6/10/2025,1:00,10999.8
6/10/2025,1:15,11014.5
6/10/2025,1:30,11043.9
6/10/2025,1:45,10987.2
6/10/2025,2:00,10920
6/10/2025,2:15,10854.9
6/10/2025,2:30,10955.7
6/10/2025,2:45,10920
6/10/2025,3:00,10985.1
6/10/2025,3:15,11016.6
6/10/2025,3:30,11109
6/10/2025,3:45,10995.6
6/10/2025,4:00,11006.1
6/10/2025,4:15,11039.7
6/10/2025,4:30,11069.1
6/10/2025,4:45,11037.6
6/10/2025,5:00,11054.4
6/10/2025,5:15,10892.7
6/10/2025,5:30,10789.8
6/10/2025,5:45,10932.6
6/10/2025,6:00,10854.9
6/10/2025,6:15,10869.6
6/10/2025,6:30,10873.8
6/10/2025,6:45,10743.6
6/10/2025,7:00,10590.3
6/10/2025,7:15,10224.9
6/10/2025,7:30,10256.4
6/10/2025,7:45,10365.6
6/10/2025,8:00,10552.5
6/10/2025,8:15,10313.1
6/10/2025,8:30,10203.9
6/10/2025,8:45,10038
6/10/2025,9:00,10109.4
6/10/2025,9:15,9678.9
6/10/2025,9:30,9828
6/10/2025,9:45,9609.6
6/10/2025,10:00,9993.9
6/10/2025,10:15,9706.2
6/10/2025,10:30,7686
6/10/2025,10:45,6176.1
6/10/2025,11:00,7822.5
6/10/2025,11:15,6436.5
6/10/2025,11:30,8026.2
6/10/2025,11:45,7673.4
6/10/2025,12:00,8141.7
6/10/2025,12:15,8784.3
6/10/2025,12:30,7484.4
6/10/2025,12:45,8095.5
6/10/2025,13:00,9219
6/10/2025,13:15,9240
6/10/2025,13:30,9368.1
6/10/2025,13:45,9590.7
6/10/2025,14:00,8931.3
6/10/2025,14:15,9025.8
6/10/2025,14:30,8622.6
6/10/2025,14:45,7797.3
6/10/2025,15:00,8941.8
6/10/2025,15:15,10180.8
6/10/2025,15:30,10563
6/10/2025,15:45,9991.8
6/10/2025,16:00,9739.8
6/10/2025,16:15,9634.8
6/10/2025,16:30,10044.3
6/10/2025,16:45,10231.2
6/10/2025,17:00,9853.2
6/10/2025,17:15,9968.7
6/10/2025,17:30,10113.6
6/10/2025,17:45,10323.6
6/10/2025,18:00,10525.2
6/10/2025,18:15,10413.9
6/10/2025,18:30,10472.7
6/10/2025,18:45,10928.4
6/10/2025,19:00,10938.9
6/10/2025,19:15,10959.9
6/10/2025,19:30,11022.9
6/10/2025,19:45,11022.9
6/10/2025,20:00,11067
6/10/2025,20:15,10993.5
6/10/2025,20:30,10980.9
6/10/2025,20:45,10978.8
6/10/2025,21:00,11050.2
6/10/2025,21:15,11004
6/10/2025,21:30,10955.7
6/10/2025,21:45,10701.6
6/10/2025,22:00,10911.6
6/10/2025,22:15,10915.8
6/10/2025,22:30,10886.4
6/10/2025,22:45,10922.1
6/10/2025,23:00,10987.2
6/10/2025,23:15,10974.6
6/10/2025,23:30,10985.1
6/10/2025,23:45,10955.7
6/11/2025,0:00,10949.4
6/11/2025,0:15,10964.1
6/11/2025,0:30,10955.7
6/11/2025,0:45,10934.7
6/11/2025,1:00,10655.4
6/11/2025,1:15,10766.7
6/11/2025,1:30,10896.9
6/11/2025,1:45,10878
6/11/2025,2:00,10932.6
6/11/2025,2:15,10962
6/11/2025,2:30,10987.2
6/11/2025,2:45,10953.6
6/11/2025,3:00,10901.1
6/11/2025,3:15,10957.8
6/11/2025,3:30,10993.5
6/11/2025,3:45,11037.6
6/11/2025,4:00,11006.1
6/11/2025,4:15,10850.7
6/11/2025,4:30,10827.6
6/11/2025,4:45,10903.2
6/11/2025,5:00,10878
6/11/2025,5:15,10846.5
6/11/2025,5:30,10817.1
6/11/2025,5:45,10682.7
6/11/2025,6:00,10468.5
6/11/2025,6:15,10405.5
6/11/2025,6:30,9998.1
6/11/2025,6:45,10035.9
6/11/2025,7:00,9641.1
6/11/2025,7:15,9093
6/11/2025,7:30,8502.9
6/11/2025,7:45,9384.9
6/11/2025,8:00,8817.9
6/11/2025,8:15,8498.7
6/11/2025,8:30,8937.6
6/11/2025,8:45,9282
6/11/2025,9:00,9006.9
6/11/2025,9:15,8811.6
6/11/2025,9:30,7723.8
6/11/2025,9:45,6157.2
6/11/2025,10:00,8502.9
6/11/2025,10:15,8267.7
6/11/2025,10:30,7587.3
6/11/2025,10:45,5852.7
6/11/2025,11:00,7835.1
6/11/2025,11:15,7102.2
6/11/2025,11:30,8534.4
6/11/2025,11:45,5842.2
6/11/2025,12:00,5497.8
6/11/2025,12:15,5840.1
6/11/2025,12:30,6930
6/11/2025,12:45,7473.9
6/11/2025,13:00,5680.5
6/11/2025,13:15,6720
6/11/2025,13:30,6587.7
6/11/2025,13:45,5915.7
6/11/2025,14:00,5959.8
6/11/2025,14:15,8773.8
6/11/2025,14:30,5474.7
6/11/2025,14:45,5934.6
6/11/2025,15:00,6396.6
6/11/2025,15:15,7904.4
6/11/2025,15:30,8477.7
6/11/2025,15:45,8013.6
6/11/2025,16:00,8916.6
6/11/2025,16:15,8561.7
6/11/2025,16:30,9208.5
6/11/2025,16:45,8175.3
6/11/2025,17:00,9681
6/11/2025,17:15,9710.4
6/11/2025,17:30,9296.7
6/11/2025,17:45,9632.7
6/11/2025,18:00,9540.3
6/11/2025,18:15,10185
6/11/2025,18:30,10420.2
6/11/2025,18:45,10726.8
6/11/2025,19:00,10945.2
6/11/2025,19:15,10915.8
6/11/2025,19:30,11006.1
6/11/2025,19:45,11006.1
6/11/2025,20:00,11050.2
6/11/2025,20:15,10397.1
6/11/2025,20:30,10978.8
6/11/2025,20:45,10840.2
6/11/2025,21:00,11004
6/11/2025,21:15,10995.6
6/11/2025,21:30,11010.3
6/11/2025,21:45,11043.9
6/11/2025,22:00,11056.5
6/11/2025,22:15,11008.2
6/11/2025,22:30,10983
6/11/2025,22:45,10949.4
6/11/2025,23:00,10966.2
6/11/2025,23:15,10993.5
6/11/2025,23:30,10953.6
6/11/2025,23:45,10945.2
6/12/2025,0:00,10682.7
6/12/2025,0:15,10840.2
6/12/2025,0:30,10917.9
6/12/2025,0:45,10899
6/12/2025,1:00,10934.7
6/12/2025,1:15,10999.8
6/12/2025,1:30,10995.6
6/12/2025,1:45,10932.6
6/12/2025,2:00,10934.7
6/12/2025,2:15,10905.3
6/12/2025,2:30,10928.4
6/12/2025,2:45,10968.3
6/12/2025,3:00,10962
6/12/2025,3:15,10728.9
6/12/2025,3:30,10815
6/12/2025,3:45,10846.5
6/12/2025,4:00,10882.2
6/12/2025,4:15,10955.7
6/12/2025,4:30,10928.4
6/12/2025,4:45,11008.2
6/12/2025,5:00,10959.9
6/12/2025,5:15,10913.7
6/12/2025,5:30,10754.1
6/12/2025,5:45,10489.5
6/12/2025,6:00,10350.9
6/12/2025,6:15,10342.5
6/12/2025,6:30,9771.3
6/12/2025,6:45,9594.9
6/12/2025,7:00,9384.9
6/12/2025,7:15,8580.6
6/12/2025,7:30,9693.6
6/12/2025,7:45,8990.1
6/12/2025,8:00,8458.8
6/12/2025,8:15,8246.7
6/12/2025,8:30,7331.1
6/12/2025,8:45,9926.7
6/12/2025,9:00,7207.2
6/12/2025,9:15,7085.4
6/12/2025,9:30,8639.4
6/12/2025,9:45,7669.2
6/12/2025,10:00,6778.8
6/12/2025,10:15,9017.4
6/12/2025,10:30,6216
6/12/2025,10:45,6470.1
6/12/2025,11:00,6654.9
6/12/2025,11:15,7851.9
6/12/2025,11:30,7503.3
6/12/2025,11:45,7801.5
6/12/2025,12:00,6995.1
6/12/2025,12:15,5384.4
6/12/2025,12:30,6186.6
6/12/2025,12:45,9468.9
6/12/2025,13:00,8977.5
6/12/2025,13:15,7660.8
6/12/2025,13:30,9130.8
6/12/2025,13:45,7644
6/12/2025,14:00,7116.9
6/12/2025,14:15,9080.4
6/12/2025,14:30,8593.2
6/12/2025,14:45,9767.1
6/12/2025,15:00,9731.4
6/12/2025,15:15,9576
6/12/2025,15:30,9284.1
6/12/2025,15:45,10105.2
6/12/2025,16:00,9704.1
6/12/2025,16:15,10033.8
6/12/2025,16:30,9702
6/12/2025,16:45,10384.5
6/12/2025,17:00,10082.1
6/12/2025,17:15,10563
6/12/2025,17:30,10464.3
6/12/2025,17:45,10617.6
6/12/2025,18:00,10768.8
6/12/2025,18:15,10794
6/12/2025,18:30,10852.8
6/12/2025,18:45,10913.7
6/12/2025,19:00,10980.9
6/12/2025,19:15,10983
6/12/2025,19:30,10854.9
6/12/2025,19:45,10665.9
6/12/2025,20:00,10875.9
6/12/2025,20:15,10903.2
6/12/2025,20:30,10957.8
6/12/2025,20:45,10964.1
6/12/2025,21:00,10980.9
6/12/2025,21:15,10951.5
6/12/2025,21:30,10915.8
6/12/2025,21:45,10894.8
6/12/2025,22:00,10896.9
6/12/2025,22:15,10924.2
6/12/2025,22:30,10964.1
6/12/2025,22:45,10915.8
6/12/2025,23:00,10770.9
6/12/2025,23:15,10848.6
6/12/2025,23:30,10846.5
6/12/2025,23:45,10850.7
6/13/2025,0:00,10932.6
6/13/2025,0:15,10972.5
6/13/2025,0:30,10949.4
6/13/2025,0:45,10905.3
6/13/2025,1:00,10926.3
6/13/2025,1:15,10905.3
6/13/2025,1:30,10934.7
6/13/2025,1:45,10926.3
6/13/2025,2:00,10875.9
6/13/2025,2:15,10653.3
6/13/2025,2:30,10878
6/13/2025,2:45,10840.2
6/13/2025,3:00,10852.8
6/13/2025,3:15,10907.4
6/13/2025,3:30,10970.4
6/13/2025,3:45,10995.6
6/13/2025,4:00,10907.4
6/13/2025,4:15,10920
6/13/2025,4:30,10945.2
6/13/2025,4:45,10892.7
6/13/2025,5:00,10953.6
6/13/2025,5:15,10911.6
6/13/2025,5:30,10752
6/13/2025,5:45,10691.1
6/13/2025,6:00,10802.4
6/13/2025,6:15,10668
6/13/2025,6:30,10493.7
6/13/2025,6:45,10512.6
6/13/2025,7:00,10523.1
6/13/2025,7:15,10668
6/13/2025,7:30,10460.1
6/13/2025,7:45,9821.7
6/13/2025,8:00,9561.3
6/13/2025,8:15,9450
6/13/2025,8:30,8868.3
6/13/2025,8:45,8792.7
6/13/2025,9:00,8794.8
6/13/2025,9:15,8841
6/13/2025,9:30,7633.5
6/13/2025,9:45,7335.3
6/13/2025,10:00,6199.2
6/13/2025,10:15,6228.6
6/13/2025,10:30,6434.4
6/13/2025,10:45,5565
6/13/2025,11:00,5462.1
6/13/2025,11:15,6988.8
6/13/2025,11:30,5613.3
6/13/2025,11:45,8637.3
6/13/2025,12:00,8349.6
6/13/2025,12:15,7001.4
6/13/2025,12:30,6066.9
6/13/2025,12:45,5214.3
6/13/2025,13:00,7820.4
6/13/2025,13:15,5418
6/13/2025,13:30,5919.9
6/13/2025,13:45,5632.2
6/13/2025,14:00,5808.6
6/13/2025,14:15,8618.4
6/13/2025,14:30,8952.3
6/13/2025,14:45,8171.1
6/13/2025,15:00,9135
6/13/2025,15:15,9305.1
6/13/2025,15:30,9065.7
6/13/2025,15:45,9760.8
6/13/2025,16:00,9760.8
6/13/2025,16:15,9836.4
6/13/2025,16:30,10096.8
6/13/2025,16:45,10210.2
6/13/2025,17:00,10264.8
6/13/2025,17:15,10227
6/13/2025,17:30,9618
6/13/2025,17:45,9924.6
6/13/2025,18:00,10296.3
6/13/2025,18:15,10411.8
6/13/2025,18:30,10512.6
6/13/2025,18:45,10443.3
6/13/2025,19:00,10760.4
6/13/2025,19:15,10827.6
6/13/2025,19:30,10920
6/13/2025,19:45,10917.9
6/13/2025,20:00,10926.3
6/13/2025,20:15,10978.8
6/13/2025,20:30,10888.5
6/13/2025,20:45,10875.9
6/13/2025,21:00,10941
6/13/2025,21:15,10938.9
6/13/2025,21:30,10922.1
6/13/2025,21:45,10880.1
6/13/2025,22:00,10636.5
6/13/2025,22:15,10819.2
6/13/2025,22:30,10815
6/13/2025,22:45,10850.7
6/13/2025,23:00,10913.7
6/13/2025,23:15,10943.1
6/13/2025,23:30,10951.5
6/13/2025,23:45,10882.2
6/14/2025,0:00,10911.6
6/14/2025,0:15,10899
6/14/2025,0:30,10917.9
6/14/2025,0:45,10938.9
6/14/2025,1:00,10861.2
6/14/2025,1:15,10598.7
6/14/2025,1:30,10815
6/14/2025,1:45,10861.2
6/14/2025,2:00,10787.7
6/14/2025,2:15,10873.8
6/14/2025,2:30,10934.7
6/14/2025,2:45,11006.1
6/14/2025,3:00,10890.6
6/14/2025,3:15,10875.9
6/14/2025,3:30,10934.7
6/14/2025,3:45,10934.7
6/14/2025,4:00,10901.1
6/14/2025,4:15,10953.6
6/14/2025,4:30,10588.2
6/14/2025,4:45,10764.6
6/14/2025,5:00,10815
6/14/2025,5:15,10745.7
6/14/2025,5:30,10722.6
6/14/2025,5:45,10722.6
6/14/2025,6:00,10665.9
6/14/2025,6:15,10535.7
6/14/2025,6:30,10455.9
6/14/2025,6:45,10376.1
6/14/2025,7:00,10279.5
6/14/2025,7:15,10300.5
6/14/2025,7:30,10126.2
6/14/2025,7:45,10014.9
6/14/2025,8:00,9695.7
6/14/2025,8:15,9510.9
6/14/2025,8:30,9118.2
6/14/2025,8:45,8807.4
6/14/2025,9:00,7459.2
6/14/2025,9:15,7060.2
6/14/2025,9:30,7072.8
6/14/2025,9:45,6440.7
6/14/2025,10:00,6694.8
6/14/2025,10:15,6207.6
6/14/2025,10:30,6146.7
6/14/2025,10:45,6232.8
6/14/2025,11:00,5892.6
6/14/2025,11:15,5583.9
6/14/2025,11:30,6079.5
6/14/2025,11:45,5094.6
6/14/2025,12:00,7266
6/14/2025,12:15,9227.4
6/14/2025,12:30,5273.1
6/14/2025,12:45,6816.6
6/14/2025,13:00,8912.4
6/14/2025,13:15,5487.3
6/14/2025,13:30,8794.8
6/14/2025,13:45,5716.2
6/14/2025,14:00,8576.4
6/14/2025,14:15,7077
6/14/2025,14:30,6736.8
6/14/2025,14:45,6411.3
6/14/2025,15:00,7226.1
6/14/2025,15:15,6969.9
6/14/2025,15:30,7095.9
6/14/2025,15:45,7253.4
6/14/2025,16:00,7127.4
6/14/2025,16:15,8055.6
6/14/2025,16:30,8456.7
6/14/2025,16:45,10119.9
6/14/2025,17:00,10651.2
6/14/2025,17:15,10938.9
6/14/2025,17:30,10833.9
6/14/2025,17:45,10737.3
6/14/2025,18:00,10842.3
6/14/2025,18:15,10905.3
6/14/2025,18:30,10899
6/14/2025,18:45,10945.2
6/14/2025,19:00,11016.6
6/14/2025,19:15,11056.5
6/14/2025,19:30,10976.7
6/14/2025,19:45,10959.9
6/14/2025,20:00,11012.4
6/14/2025,20:15,10983
6/14/2025,20:30,10989.3
6/14/2025,20:45,10917.9
6/14/2025,21:00,10789.8
6/14/2025,21:15,10920
6/14/2025,21:30,10892.7
6/14/2025,21:45,10976.7
6/14/2025,22:00,10970.4
6/14/2025,22:15,10999.8
6/14/2025,22:30,11058.6
6/14/2025,22:45,10930.5
6/14/2025,23:00,10932.6
6/14/2025,23:15,10962
6/14/2025,23:30,10970.4
6/14/2025,23:45,10930.5
6/15/2025,0:00,10859.1
6/15/2025,0:15,10619.7
6/15/2025,0:30,10840.2
6/15/2025,0:45,10882.2
6/15/2025,1:00,10854.9
6/15/2025,1:15,10875.9
6/15/2025,1:30,10907.4
6/15/2025,1:45,10917.9
6/15/2025,2:00,10890.6
6/15/2025,2:15,10930.5
6/15/2025,2:30,10888.5
6/15/2025,2:45,10957.8
6/15/2025,3:00,10905.3
6/15/2025,3:15,10861.2
6/15/2025,3:30,10674.3
6/15/2025,3:45,10808.7
6/15/2025,4:00,10867.5
6/15/2025,4:15,10901.1
6/15/2025,4:30,10924.2
6/15/2025,4:45,10964.1
6/15/2025,5:00,11010.3
6/15/2025,5:15,10955.7
6/15/2025,5:30,10896.9
6/15/2025,5:45,10823.4
6/15/2025,6:00,10724.7
6/15/2025,6:15,10768.8
6/15/2025,6:30,10686.9
6/15/2025,6:45,10187.1
6/15/2025,7:00,10334.1
6/15/2025,7:15,10147.2
6/15/2025,7:30,9758.7
6/15/2025,7:45,9410.1
6/15/2025,8:00,9603.3
6/15/2025,8:15,7089.6
6/15/2025,8:30,7373.1
6/15/2025,8:45,8786.4
6/15/2025,9:00,6797.7
6/15/2025,9:15,7358.4
6/15/2025,9:30,7889.7
6/15/2025,9:45,8282.4
6/15/2025,10:00,8223.6
6/15/2025,10:15,6409.2
6/15/2025,10:30,8374.8
6/15/2025,10:45,8353.8
6/15/2025,11:00,5300.4
6/15/2025,11:15,6119.4
6/15/2025,11:30,5718.3
6/15/2025,11:45,5712
6/15/2025,12:00,8221.5
6/15/2025,12:15,6520.5
6/15/2025,12:30,5833.8
6/15/2025,12:45,5632.2
6/15/2025,13:00,6531
6/15/2025,13:15,6474.3
6/15/2025,13:30,7608.3
6/15/2025,13:45,6022.8
6/15/2025,14:00,5831.7
6/15/2025,14:15,6335.7
6/15/2025,14:30,7329
6/15/2025,14:45,8330.7
6/15/2025,15:00,6671.7
6/15/2025,15:15,6524.7
6/15/2025,15:30,6377.7
6/15/2025,15:45,7301.7
6/15/2025,16:00,8626.8
6/15/2025,16:15,7135.8
6/15/2025,16:30,7835.1
6/15/2025,16:45,7791
6/15/2025,17:00,7881.3
6/15/2025,17:15,8811.6
6/15/2025,17:30,9939.3
6/15/2025,17:45,9601.2
6/15/2025,18:00,10403.4
6/15/2025,18:15,10105.2
6/15/2025,18:30,10382.4
6/15/2025,18:45,10657.5
6/15/2025,19:00,10718.4
6/15/2025,19:15,10941
6/15/2025,19:30,10989.3
6/15/2025,19:45,10821.3
6/15/2025,20:00,10705.8
6/15/2025,20:15,10848.6
6/15/2025,20:30,10968.3
6/15/2025,20:45,10911.6
6/15/2025,21:00,10964.1
6/15/2025,21:15,11031.3
6/15/2025,21:30,10987.2
6/15/2025,21:45,10957.8
6/15/2025,22:00,11025
6/15/2025,22:15,11022.9
6/15/2025,22:30,10957.8
6/15/2025,22:45,10976.7
6/15/2025,23:00,10821.3
6/15/2025,23:15,10733.1
6/15/2025,23:30,10930.5
6/15/2025,23:45,10899
6/16/2025,0:00,10886.4
6/16/2025,0:15,10924.2
6/16/2025,0:30,10999.8
6/16/2025,0:45,10989.3
6/16/2025,1:00,10993.5
6/16/2025,1:15,10890.6
6/16/2025,1:30,10970.4
6/16/2025,1:45,10922.1
6/16/2025,2:00,10930.5
6/16/2025,2:15,10825.5
6/16/2025,2:30,10596.6
6/16/2025,2:45,10838.1
6/16/2025,3:00,10802.4
6/16/2025,3:15,10896.9
6/16/2025,3:30,10938.9
6/16/2025,3:45,10955.7
6/16/2025,4:00,10959.9
6/16/2025,4:15,10922.1
6/16/2025,4:30,10894.8
6/16/2025,4:45,10949.4
6/16/2025,5:00,10917.9
6/16/2025,5:15,10865.4
6/16/2025,5:30,10655.4
6/16/2025,5:45,10313.1
6/16/2025,6:00,10395
6/16/2025,6:15,10113.6
6/16/2025,6:30,9912
6/16/2025,6:45,9716.7
6/16/2025,7:00,9441.6
6/16/2025,7:15,9139.2
6/16/2025,7:30,8704.5
6/16/2025,7:45,8433.6
6/16/2025,8:00,8129.1
6/16/2025,8:15,7845.6
6/16/2025,8:30,7595.7
6/16/2025,8:45,7314.3
6/16/2025,9:00,6820.8
6/16/2025,9:15,6852.3
6/16/2025,9:30,6642.3
6/16/2025,9:45,6459.6
6/16/2025,10:00,6312.6
6/16/2025,10:15,6192.9
6/16/2025,10:30,6159.3
6/16/2025,10:45,5953.5
6/16/2025,11:00,5903.1
6/16/2025,11:15,5880
6/16/2025,11:30,5869.5
6/16/2025,11:45,5867.4
6/16/2025,12:00,5846.4
6/16/2025,12:15,5724.6
6/16/2025,12:30,5670
6/16/2025,12:45,5804.4
6/16/2025,13:00,5825.4
6/16/2025,13:15,5903.1
6/16/2025,13:30,6014.4
6/16/2025,13:45,6213.9
6/16/2025,14:00,6100.5
6/16/2025,14:15,6169.8
6/16/2025,14:30,6531
6/16/2025,14:45,6661.2
6/16/2025,15:00,6787.2
6/16/2025,15:15,7085.4
6/16/2025,15:30,7253.4
6/16/2025,15:45,7490.7
6/16/2025,16:00,7809.9
6/16/2025,16:15,8158.5
6/16/2025,16:30,8463
6/16/2025,16:45,8748.6
6/16/2025,17:00,9183.3
6/16/2025,17:15,9489.9
6/16/2025,17:30,9676.8
6/16/2025,17:45,9798.6
6/16/2025,18:00,10485.3
6/16/2025,18:15,10514.7
6/16/2025,18:30,10724.7
6/16/2025,18:45,10665.9
6/16/2025,19:00,10670.1
6/16/2025,19:15,10976.7
6/16/2025,19:30,10930.5
6/16/2025,19:45,10974.6
6/16/2025,20:00,10941
6/16/2025,20:15,10993.5
6/16/2025,20:30,10966.2
6/16/2025,20:45,10926.3
6/16/2025,21:00,10970.4
6/16/2025,21:15,10980.9
6/16/2025,21:30,10871.7
6/16/2025,21:45,10974.6
6/16/2025,22:00,10838.1
6/16/2025,22:15,10758.3
6/16/2025,22:30,10884.3
6/16/2025,22:45,10846.5
6/16/2025,23:00,10873.8
6/16/2025,23:15,10966.2
6/16/2025,23:30,10993.5
6/16/2025,23:45,11008.2
6/17/2025,0:00,10884.3
6/17/2025,0:15,10943.1
6/17/2025,0:30,10972.5
6/17/2025,0:45,10999.8
6/17/2025,1:00,10909.5
6/17/2025,1:15,10863.3
6/17/2025,1:30,10716.3
6/17/2025,1:45,10894.8
6/17/2025,2:00,10890.6
6/17/2025,2:15,10896.9
6/17/2025,2:30,10892.7
6/17/2025,2:45,10978.8
6/17/2025,3:00,10924.2
6/17/2025,3:15,10949.4
6/17/2025,3:30,10846.5
6/17/2025,3:45,10938.9
6/17/2025,4:00,10968.3
6/17/2025,4:15,10938.9
6/17/2025,4:30,10854.9
6/17/2025,4:45,10628.1
6/17/2025,5:00,10840.2
6/17/2025,5:15,10825.5
6/17/2025,5:30,10680.6
6/17/2025,5:45,10577.7
6/17/2025,6:00,10403.4
6/17/2025,6:15,10218.6
6/17/2025,6:30,9945.6
6/17/2025,6:45,9718.8
6/17/2025,7:00,9424.8
6/17/2025,7:15,9120.3
6/17/2025,7:30,8801.1
6/17/2025,7:45,8593.2
6/17/2025,8:00,8061.9
6/17/2025,8:15,7973.7
6/17/2025,8:30,7717.5
6/17/2025,8:45,7570.5
6/17/2025,9:00,7371
6/17/2025,9:15,7287
6/17/2025,9:30,7112.7
6/17/2025,9:45,6867
6/17/2025,10:00,6484.8
6/17/2025,10:15,6335.7
6/17/2025,10:30,6203.4
6/17/2025,10:45,6058.5
6/17/2025,11:00,5970.3
6/17/2025,11:15,5940.9
6/17/2025,11:30,5846.4
6/17/2025,11:45,5949.3
6/17/2025,12:00,5812.8
6/17/2025,12:15,6016.5
6/17/2025,12:30,5995.5
6/17/2025,12:45,5814.9
6/17/2025,13:00,5888.4
6/17/2025,13:15,5940.9
6/17/2025,13:30,5980.8
6/17/2025,13:45,6041.7
6/17/2025,14:00,6169.8
6/17/2025,14:15,6314.7
6/17/2025,14:30,6283.2
6/17/2025,14:45,6608.7
6/17/2025,15:00,7125.3
6/17/2025,15:15,7782.6
6/17/2025,15:30,9057.3
6/17/2025,15:45,9909.9
6/17/2025,16:00,9897.3
6/17/2025,16:15,9924.6
6/17/2025,16:30,9796.5
6/17/2025,16:45,9783.9
6/17/2025,17:00,9788.1
6/17/2025,17:15,10161.9
6/17/2025,17:30,10298.4
6/17/2025,17:45,10470.6
6/17/2025,18:00,10684.8
6/17/2025,18:15,10707.9
6/17/2025,18:30,10670.1
6/17/2025,18:45,10638.6
6/17/2025,19:00,10827.6
6/17/2025,19:15,10699.5
6/17/2025,19:30,10909.5
6/17/2025,19:45,10899
6/17/2025,20:00,10922.1
6/17/2025,20:15,10985.1
6/17/2025,20:30,11029.2
6/17/2025,20:45,11006.1
6/17/2025,21:00,10873.8
6/17/2025,21:15,10936.8
6/17/2025,21:30,10966.2
6/17/2025,21:45,11018.7
6/17/2025,22:00,10970.4
6/17/2025,22:15,10899
6/17/2025,22:30,10642.8
6/17/2025,22:45,10932.6
6/17/2025,23:00,10884.3
6/17/2025,23:15,10968.3
6/17/2025,23:30,10985.1
6/17/2025,23:45,11069.1
6/18/2025,0:00,11006.1
6/18/2025,0:15,11008.2
6/18/2025,0:30,10905.3
6/18/2025,0:45,10989.3
6/18/2025,1:00,10978.8
6/18/2025,1:15,10985.1
6/18/2025,1:30,10941
6/18/2025,1:45,10670.1
6/18/2025,2:00,10857
6/18/2025,2:15,10873.8
6/18/2025,2:30,10905.3
6/18/2025,2:45,10943.1
6/18/2025,3:00,10938.9
6/18/2025,3:15,11054.4
6/18/2025,3:30,11008.2
6/18/2025,3:45,10930.5
6/18/2025,4:00,10915.8
6/18/2025,4:15,10993.5
6/18/2025,4:30,10972.5
6/18/2025,4:45,10888.5
6/18/2025,5:00,10672.2
6/18/2025,5:15,10848.6
6/18/2025,5:30,10762.5
6/18/2025,5:45,10621.8
6/18/2025,6:00,10602.9
6/18/2025,6:15,10298.4
6/18/2025,6:30,9962.4
6/18/2025,6:45,9607.5
6/18/2025,7:00,9403.8
6/18/2025,7:15,9267.3
6/18/2025,7:30,8801.1
6/18/2025,7:45,8542.8
6/18/2025,8:00,8095.5
6/18/2025,8:15,7606.2
6/18/2025,8:30,7140
6/18/2025,8:45,7696.5
6/18/2025,9:00,7713.3
6/18/2025,9:15,7137.9
6/18/2025,9:30,8045.1
6/18/2025,9:45,6337.8
6/18/2025,10:00,6150.9
6/18/2025,10:15,7879.2
6/18/2025,10:30,5945.1
6/18/2025,10:45,5861.1
6/18/2025,11:00,5697.3
6/18/2025,11:15,5716.2
6/18/2025,11:30,6325.2
6/18/2025,11:45,5600.7
6/18/2025,12:00,5684.7
6/18/2025,12:15,5817
6/18/2025,12:30,6016.5
6/18/2025,12:45,5901
6/18/2025,13:00,5980.8
6/18/2025,13:15,6144.6
6/18/2025,13:30,6239.1
6/18/2025,13:45,6974.1
6/18/2025,14:00,7051.8
6/18/2025,14:15,7667.1
6/18/2025,14:30,7688.1
6/18/2025,14:45,7753.2
6/18/2025,15:00,8001
6/18/2025,15:15,8694
6/18/2025,15:30,8990.1
6/18/2025,15:45,9246.3
6/18/2025,16:00,9429
6/18/2025,16:15,9674.7
6/18/2025,16:30,9697.8
6/18/2025,16:45,9649.5
6/18/2025,17:00,9882.6
6/18/2025,17:15,10157.7
6/18/2025,17:30,10374
6/18/2025,17:45,10481.1
6/18/2025,18:00,10428.6
6/18/2025,18:15,10437
6/18/2025,18:30,10693.2
6/18/2025,18:45,10802.4
6/18/2025,19:00,10846.5
6/18/2025,19:15,10932.6
6/18/2025,19:30,10928.4
6/18/2025,19:45,10987.2
6/18/2025,20:00,10930.5
6/18/2025,20:15,10917.9
6/18/2025,20:30,10913.7
6/18/2025,20:45,10899
6/18/2025,21:00,10867.5
6/18/2025,21:15,10819.2
6/18/2025,21:30,10642.8
6/18/2025,21:45,10823.4
6/18/2025,22:00,10823.4
6/18/2025,22:15,10903.2
6/18/2025,22:30,10899
6/18/2025,22:45,10938.9
6/18/2025,23:00,10846.5
6/18/2025,23:15,10894.8
6/18/2025,23:30,10804.5
6/18/2025,23:45,10888.5
6/19/2025,0:00,10852.8
6/19/2025,0:15,10875.9
6/19/2025,0:30,10762.5
6/19/2025,0:45,10556.7
6/19/2025,1:00,10770.9
6/19/2025,1:15,10852.8
6/19/2025,1:30,10827.6
6/19/2025,1:45,10880.1
6/19/2025,2:00,10896.9
6/19/2025,2:15,10894.8
6/19/2025,2:30,10886.4
6/19/2025,2:45,10844.4
6/19/2025,3:00,10920
6/19/2025,3:15,10934.7
6/19/2025,3:30,10890.6
6/19/2025,3:45,10836
6/19/2025,4:00,10590.3
6/19/2025,4:15,10821.3
6/19/2025,4:30,10756.2
6/19/2025,4:45,10854.9
6/19/2025,5:00,10875.9
6/19/2025,5:15,10833.9
6/19/2025,5:30,10838.1
6/19/2025,5:45,10766.7
6/19/2025,6:00,10632.3
6/19/2025,6:15,10724.7
6/19/2025,6:30,10554.6
6/19/2025,6:45,10691.1
6/19/2025,7:00,10628.1
6/19/2025,7:15,10241.7
6/19/2025,7:30,10191.3
6/19/2025,7:45,10059
6/19/2025,8:00,9653.7
6/19/2025,8:15,9613.8
6/19/2025,8:30,9697.8
6/19/2025,8:45,9355.5
6/19/2025,9:00,10071.6
6/19/2025,9:15,9966.6
6/19/2025,9:30,10054.8
6/19/2025,9:45,8956.5
6/19/2025,10:00,9846.9
6/19/2025,10:15,8895.6
6/19/2025,10:30,6936.3
6/19/2025,10:45,8782.2
6/19/2025,11:00,8733.9
6/19/2025,11:15,9720.9
6/19/2025,11:30,9993.9
6/19/2025,11:45,9956.1
6/19/2025,12:00,9496.2
6/19/2025,12:15,9349.2
6/19/2025,12:30,9750.3
6/19/2025,12:45,7707
6/19/2025,13:00,10180.8
6/19/2025,13:15,9626.4
6/19/2025,13:30,9807
6/19/2025,13:45,9065.7
6/19/2025,14:00,9275.7
6/19/2025,14:15,9101.4
6/19/2025,14:30,8517.6
6/19/2025,14:45,9548.7
6/19/2025,15:00,9462.6
6/19/2025,15:15,10096.8
6/19/2025,15:30,10046.4
6/19/2025,15:45,10308.9
6/19/2025,16:00,10537.8
6/19/2025,16:15,10722.6
6/19/2025,16:30,10588.2
6/19/2025,16:45,10794
6/19/2025,17:00,10661.7
6/19/2025,17:15,10552.5
6/19/2025,17:30,10812.9
6/19/2025,17:45,10693.2
6/19/2025,18:00,10815
6/19/2025,18:15,10875.9
6/19/2025,18:30,10873.8
6/19/2025,18:45,10878
6/19/2025,19:00,10890.6
6/19/2025,19:15,10936.8
6/19/2025,19:30,10915.8
6/19/2025,19:45,10930.5
6/19/2025,20:00,10922.1
6/19/2025,20:15,10768.8
6/19/2025,20:30,10680.6
6/19/2025,20:45,10863.3
6/19/2025,21:00,10810.8
6/19/2025,21:15,10907.4
6/19/2025,21:30,10867.5
6/19/2025,21:45,10959.9
6/19/2025,22:00,10930.5
6/19/2025,22:15,10911.6
6/19/2025,22:30,10859.1
6/19/2025,22:45,10909.5
6/19/2025,23:00,10907.4
6/19/2025,23:15,10922.1
6/19/2025,23:30,10838.1
6/19/2025,23:45,10655.4
6/20/2025,0:00,10808.7
6/20/2025,0:15,10831.8
6/20/2025,0:30,10861.2
6/20/2025,0:45,10901.1
6/20/2025,1:00,10993.5
6/20/2025,1:15,10920
6/20/2025,1:30,10869.6
6/20/2025,1:45,10888.5
6/20/2025,2:00,10865.4
6/20/2025,2:15,10884.3
6/20/2025,2:30,10875.9
6/20/2025,2:45,10825.5
6/20/2025,3:00,10594.5
6/20/2025,3:15,10842.3
6/20/2025,3:30,10819.2
6/20/2025,3:45,10852.8
6/20/2025,4:00,10886.4
6/20/2025,4:15,10920
6/20/2025,4:30,10934.7
6/20/2025,4:45,10869.6
6/20/2025,5:00,10846.5
6/20/2025,5:15,10922.1
6/20/2025,5:30,10821.3
6/20/2025,5:45,10869.6
6/20/2025,6:00,10821.3
6/20/2025,6:15,10521
6/20/2025,6:30,10693.2
6/20/2025,6:45,10634.4
6/20/2025,7:00,10707.9
6/20/2025,7:15,10705.8
6/20/2025,7:30,10806.6
6/20/2025,7:45,10899
6/20/2025,8:00,10884.3
6/20/2025,8:15,10779.3
6/20/2025,8:30,10617.6
6/20/2025,8:45,10741.5
6/20/2025,9:00,10497.9
6/20/2025,9:15,10489.5
6/20/2025,9:30,10222.8
6/20/2025,9:45,10529.4
6/20/2025,10:00,10586.1
6/20/2025,10:15,10657.5
6/20/2025,10:30,10563
6/20/2025,10:45,10535.7
6/20/2025,11:00,10319.4
6/20/2025,11:15,10434.9
6/20/2025,11:30,10584
6/20/2025,11:45,10714.2
6/20/2025,12:00,10554.6
6/20/2025,12:15,10558.8
6/20/2025,12:30,10428.6
6/20/2025,12:45,10147.2
6/20/2025,13:00,10367.7
6/20/2025,13:15,10472.7
6/20/2025,13:30,10495.8
6/20/2025,13:45,10628.1
6/20/2025,14:00,10663.8
6/20/2025,14:15,10525.2
6/20/2025,14:30,10796.1
6/20/2025,14:45,10800.3
6/20/2025,15:00,10762.5
6/20/2025,15:15,10804.5
6/20/2025,15:30,10854.9
6/20/2025,15:45,10896.9
6/20/2025,16:00,10754.1
6/20/2025,16:15,10611.3
6/20/2025,16:30,10844.4
6/20/2025,16:45,10794
6/20/2025,17:00,10863.3
6/20/2025,17:15,10880.1
6/20/2025,17:30,10907.4
6/20/2025,17:45,10861.2
6/20/2025,18:00,10804.5
6/20/2025,18:15,10838.1
6/20/2025,18:30,10947.3
6/20/2025,18:45,10909.5
6/20/2025,19:00,10976.7
6/20/2025,19:15,10823.4
6/20/2025,19:30,10815
6/20/2025,19:45,10915.8
6/20/2025,20:00,10911.6
6/20/2025,20:15,10913.7
6/20/2025,20:30,10989.3
6/20/2025,20:45,10989.3
6/20/2025,21:00,10953.6
6/20/2025,21:15,10911.6
6/20/2025,21:30,10932.6
6/20/2025,21:45,10838.1
6/20/2025,22:00,10945.2
6/20/2025,22:15,11001.9
6/20/2025,22:30,10840.2
6/20/2025,22:45,10758.3
6/20/2025,23:00,10846.5
6/20/2025,23:15,10804.5
6/20/2025,23:30,10869.6
6/20/2025,23:45,10928.4
6/21/2025,0:00,10970.4
6/21/2025,0:15,10917.9
6/21/2025,0:30,10817.1
6/21/2025,0:45,10804.5
6/21/2025,1:00,10899
6/21/2025,1:15,10936.8
6/21/2025,1:30,11014.5
6/21/2025,1:45,10836
6/21/2025,2:00,10649.1
6/21/2025,2:15,10880.1
6/21/2025,2:30,10865.4
6/21/2025,2:45,10915.8
6/21/2025,3:00,10905.3
6/21/2025,3:15,10989.3
6/21/2025,3:30,10980.9
6/21/2025,3:45,10978.8
6/21/2025,4:00,10962
6/21/2025,4:15,10930.5
6/21/2025,4:30,10951.5
6/21/2025,4:45,10968.3
6/21/2025,5:00,10886.4
6/21/2025,5:15,10661.7
6/21/2025,5:30,10899
6/21/2025,5:45,10873.8
6/21/2025,6:00,10842.3
6/21/2025,6:15,10815
6/21/2025,6:30,10789.8
6/21/2025,6:45,10852.8
6/21/2025,7:00,10714.2
6/21/2025,7:15,10628.1
6/21/2025,7:30,10388.7
6/21/2025,7:45,10577.7
6/21/2025,8:00,10449.6
6/21/2025,8:15,10479
6/21/2025,8:30,10317.3
6/21/2025,8:45,10476.9
6/21/2025,9:00,10369.8
6/21/2025,9:15,9788.1
6/21/2025,9:30,9147.6
6/21/2025,9:45,9466.8
6/21/2025,10:00,9286.2
6/21/2025,10:15,9105.6
6/21/2025,10:30,7830.9
6/21/2025,10:45,8904
6/21/2025,11:00,9458.4
6/21/2025,11:15,9880.5
6/21/2025,11:30,9712.5
6/21/2025,11:45,9321.9
6/21/2025,12:00,9221.1
6/21/2025,12:15,9252.6
6/21/2025,12:30,8790.6
6/21/2025,12:45,9093
6/21/2025,13:00,9130.8
6/21/2025,13:15,10117.8
6/21/2025,13:30,9909.9
6/21/2025,13:45,9118.2
6/21/2025,14:00,9857.4
6/21/2025,14:15,10056.9
6/21/2025,14:30,10094.7
6/21/2025,14:45,10327.8
6/21/2025,15:00,10143
6/21/2025,15:15,10380.3
6/21/2025,15:30,10497.9
6/21/2025,15:45,10420.2
6/21/2025,16:00,10605
6/21/2025,16:15,10304.7
6/21/2025,16:30,10355.1
6/21/2025,16:45,10426.5
6/21/2025,17:00,10132.5
6/21/2025,17:15,9989.7
6/21/2025,17:30,9660
6/21/2025,17:45,9962.4
6/21/2025,18:00,10411.8
6/21/2025,18:15,10243.8
6/21/2025,18:30,10378.2
6/21/2025,18:45,10743.6
6/21/2025,19:00,10888.5
6/21/2025,19:15,10880.1
6/21/2025,19:30,10995.6
6/21/2025,19:45,10991.4
6/21/2025,20:00,11010.3
6/21/2025,20:15,10962
6/21/2025,20:30,10896.9
6/21/2025,20:45,10890.6
6/21/2025,21:00,10964.1
6/21/2025,21:15,10947.3
6/21/2025,21:30,10779.3
6/21/2025,21:45,10724.7
6/21/2025,22:00,10869.6
6/21/2025,22:15,10852.8
6/21/2025,22:30,10896.9
6/21/2025,22:45,10917.9
6/21/2025,23:00,10955.7
6/21/2025,23:15,10920
6/21/2025,23:30,10947.3
6/21/2025,23:45,10888.5
6/22/2025,0:00,10869.6
6/22/2025,0:15,10909.5
6/22/2025,0:30,10962
6/22/2025,0:45,10810.8
6/22/2025,1:00,10672.2
6/22/2025,1:15,10844.4
6/22/2025,1:30,10798.2
6/22/2025,1:45,10857
6/22/2025,2:00,10901.1
6/22/2025,2:15,10924.2
6/22/2025,2:30,10865.4
6/22/2025,2:45,10894.8
6/22/2025,3:00,10943.1
6/22/2025,3:15,10875.9
6/22/2025,3:30,10905.3
6/22/2025,3:45,10924.2
6/22/2025,4:00,10888.5
6/22/2025,4:15,10647
6/22/2025,4:30,10821.3
6/22/2025,4:45,10871.7
6/22/2025,5:00,10836
6/22/2025,5:15,10817.1
6/22/2025,5:30,10749.9
6/22/2025,5:45,10571.4
6/22/2025,6:00,10401.3
6/22/2025,6:15,10092.6
6/22/2025,6:30,9876.3
6/22/2025,6:45,10012.8
6/22/2025,7:00,9655.8
6/22/2025,7:15,8127
6/22/2025,7:30,9069.9
6/22/2025,7:45,7818.3
6/22/2025,8:00,8570.1
6/22/2025,8:15,6860.7
6/22/2025,8:30,8160.6
6/22/2025,8:45,8578.5
6/22/2025,9:00,7404.6
6/22/2025,9:15,7875
6/22/2025,9:30,5628
6/22/2025,9:45,6869.1
6/22/2025,10:00,6430.2
6/22/2025,10:15,7914.9
6/22/2025,10:30,5388.6
6/22/2025,10:45,6890.1
6/22/2025,11:00,6573
6/22/2025,11:15,7977.9
6/22/2025,11:30,6209.7
6/22/2025,11:45,8658.3
6/22/2025,12:00,5233.2
6/22/2025,12:15,7667.1
6/22/2025,12:30,8694
6/22/2025,12:45,8137.5
6/22/2025,13:00,8400
6/22/2025,13:15,8423.1
6/22/2025,13:30,8647.8
6/22/2025,13:45,7585.2
6/22/2025,14:00,6447
6/22/2025,14:15,6407.1
6/22/2025,14:30,5657.4
6/22/2025,14:45,9321.9
6/22/2025,15:00,9187.5
6/22/2025,15:15,6159.3
6/22/2025,15:30,6850.2
6/22/2025,15:45,7060.2
6/22/2025,16:00,7291.2
6/22/2025,16:15,7494.9
6/22/2025,16:30,7919.1
6/22/2025,16:45,8307.6
6/22/2025,17:00,8666.7
6/22/2025,17:15,8757
6/22/2025,17:30,9183.3
6/22/2025,17:45,9632.7
6/22/2025,18:00,9922.5
6/22/2025,18:15,10235.4
6/22/2025,18:30,10537.8
6/22/2025,18:45,10773
6/22/2025,19:00,10825.5
6/22/2025,19:15,10899
6/22/2025,19:30,10888.5
6/22/2025,19:45,10846.5
6/22/2025,20:00,10892.7
6/22/2025,20:15,10888.5
6/22/2025,20:30,10735.2
6/22/2025,20:45,10781.4
6/22/2025,21:00,10875.9
6/22/2025,21:15,10888.5
6/22/2025,21:30,10886.4
6/22/2025,21:45,10901.1
6/22/2025,22:00,10917.9
6/22/2025,22:15,10915.8
6/22/2025,22:30,10890.6
6/22/2025,22:45,10901.1
6/22/2025,23:00,10909.5
6/22/2025,23:15,10888.5
6/22/2025,23:30,10821.3
6/22/2025,23:45,10737.3
6/23/2025,0:00,10659.6
6/23/2025,0:15,10752
6/23/2025,0:30,10735.2
6/23/2025,0:45,10789.8
6/23/2025,1:00,10821.3
6/23/2025,1:15,10926.3
6/23/2025,1:30,10915.8
6/23/2025,1:45,10831.8
6/23/2025,2:00,10802.4
6/23/2025,2:15,10861.2
6/23/2025,2:30,10846.5
6/23/2025,2:45,10875.9
6/23/2025,3:00,10760.4
6/23/2025,3:15,10613.4
6/23/2025,3:30,10800.3
6/23/2025,3:45,10781.4
6/23/2025,4:00,10846.5
6/23/2025,4:15,10882.2
6/23/2025,4:30,10884.3
6/23/2025,4:45,10886.4
6/23/2025,5:00,10857
6/23/2025,5:15,10857
6/23/2025,5:30,10754.1
6/23/2025,5:45,10674.3
6/23/2025,6:00,10508.4
6/23/2025,6:15,10376.1
6/23/2025,6:30,10035.9
6/23/2025,6:45,10151.4
6/23/2025,7:00,10086.3
6/23/2025,7:15,10090.5
6/23/2025,7:30,10103.1
6/23/2025,7:45,9670.5
6/23/2025,8:00,9122.4
6/23/2025,8:15,8773.8
6/23/2025,8:30,8666.7
6/23/2025,8:45,5905.2
6/23/2025,9:00,7259.7
6/23/2025,9:15,9009
6/23/2025,9:30,9328.2
6/23/2025,9:45,8591.1
6/23/2025,10:00,8177.4
6/23/2025,10:15,8446.2
6/23/2025,10:30,8332.8
6/23/2025,10:45,8082.9
6/23/2025,11:00,8492.4
6/23/2025,11:15,8162.7
6/23/2025,11:30,8790.6
6/23/2025,11:45,9498.3
6/23/2025,12:00,9261
6/23/2025,12:15,8689.8
6/23/2025,12:30,8477.7
6/23/2025,12:45,8874.6
6/23/2025,13:00,8832.6
6/23/2025,13:15,9122.4
6/23/2025,13:30,8717.1
6/23/2025,13:45,9250.5
6/23/2025,14:00,9544.5
6/23/2025,14:15,9412.2
6/23/2025,14:30,9966.6
6/23/2025,14:45,9912
6/23/2025,15:00,9895.2
6/23/2025,15:15,10260.6
6/23/2025,15:30,10353
6/23/2025,15:45,10592.4
6/23/2025,16:00,10245.9
6/23/2025,16:15,10117.8
6/23/2025,16:30,10145.1
6/23/2025,16:45,10420.2
6/23/2025,17:00,10151.4
6/23/2025,17:15,10019.1
6/23/2025,17:30,10479
6/23/2025,17:45,10728.9
6/23/2025,18:00,10569.3
6/23/2025,18:15,10615.5
6/23/2025,18:30,10808.7
6/23/2025,18:45,10861.2
6/23/2025,19:00,11001.9
6/23/2025,19:15,10949.4
6/23/2025,19:30,10794
6/23/2025,19:45,10873.8
6/23/2025,20:00,10875.9
6/23/2025,20:15,10859.1
6/23/2025,20:30,10865.4
6/23/2025,20:45,10930.5
6/23/2025,21:00,11048.1
6/23/2025,21:15,10831.8
6/23/2025,21:30,10953.6
6/23/2025,21:45,10941
6/23/2025,22:00,10966.2
6/23/2025,22:15,10903.2
6/23/2025,22:30,10962
6/23/2025,22:45,10764.6
6/23/2025,23:00,10720.5
6/23/2025,23:15,10852.8
6/23/2025,23:30,10821.3
6/23/2025,23:45,10899
6/24/2025,0:00,10892.7
6/24/2025,0:15,10945.2
6/24/2025,0:30,10920
6/24/2025,0:45,10878
6/24/2025,1:00,10857
6/24/2025,1:15,10838.1
6/24/2025,1:30,10896.9
6/24/2025,1:45,10905.3
6/24/2025,2:00,10754.1
6/24/2025,2:15,10653.3
6/24/2025,2:30,10819.2
6/24/2025,2:45,10815
6/24/2025,3:00,10831.8
6/24/2025,3:15,10886.4
6/24/2025,3:30,10936.8
6/24/2025,3:45,10888.5
6/24/2025,4:00,10869.6
6/24/2025,4:15,10890.6
6/24/2025,4:30,10922.1
6/24/2025,4:45,10892.7
6/24/2025,5:00,10924.2
6/24/2025,5:15,10705.8
6/24/2025,5:30,10464.3
6/24/2025,5:45,10426.5
6/24/2025,6:00,10166.1
6/24/2025,6:15,9624.3
6/24/2025,6:30,10157.7
6/24/2025,6:45,10122
6/24/2025,7:00,9975
6/24/2025,7:15,9756.6
6/24/2025,7:30,9613.8
6/24/2025,7:45,9389.1
6/24/2025,8:00,8784.3
6/24/2025,8:15,8297.1
6/24/2025,8:30,7074.9
6/24/2025,8:45,7616.7
6/24/2025,9:00,7511.7
6/24/2025,9:15,6829.2
6/24/2025,9:30,7583.1
6/24/2025,9:45,6451.2
6/24/2025,10:00,6631.8
6/24/2025,10:15,6852.3
6/24/2025,10:30,6289.5
6/24/2025,10:45,6539.4
6/24/2025,11:00,9317.7
6/24/2025,11:15,5730.9
6/24/2025,11:30,7125.3
6/24/2025,11:45,7818.3
6/24/2025,12:00,7337.4
6/24/2025,12:15,6531
6/24/2025,12:30,6413.4
6/24/2025,12:45,7784.7
6/24/2025,13:00,7364.7
6/24/2025,13:15,8406.3
6/24/2025,13:30,8112.3
6/24/2025,13:45,7833
6/24/2025,14:00,8507.1
6/24/2025,14:15,8435.7
6/24/2025,14:30,6888
6/24/2025,14:45,8757
6/24/2025,15:00,8101.8
6/24/2025,15:15,5604.9
6/24/2025,15:30,7100.1
6/24/2025,15:45,7637.7
6/24/2025,16:00,7902.3
6/24/2025,16:15,8250.9
6/24/2025,16:30,8540.7
6/24/2025,16:45,8799
6/24/2025,17:00,9111.9
6/24/2025,17:15,9319.8
6/24/2025,17:30,9681
6/24/2025,17:45,10084.2
6/24/2025,18:00,9750.3
6/24/2025,18:15,10231.2
6/24/2025,18:30,10552.5
6/24/2025,18:45,10707.9
6/24/2025,19:00,10764.6
6/24/2025,19:15,10846.5
6/24/2025,19:30,10905.3
6/24/2025,19:45,10928.4
6/24/2025,20:00,11008.2
6/24/2025,20:15,10980.9
6/24/2025,20:30,10915.8
6/24/2025,20:45,10962
6/24/2025,21:00,10936.8
6/24/2025,21:15,10909.5
6/24/2025,21:30,10928.4
6/24/2025,21:45,10737.3
6/24/2025,22:00,10812.9
6/24/2025,22:15,10836
6/24/2025,22:30,10938.9
6/24/2025,22:45,10924.2
6/24/2025,23:00,10945.2
6/24/2025,23:15,10995.6
6/24/2025,23:30,10953.6
6/24/2025,23:45,10913.7
6/25/2025,0:00,10894.8
6/25/2025,0:15,10926.3
6/25/2025,0:30,10917.9
6/25/2025,0:45,10932.6
6/25/2025,1:00,10737.3
6/25/2025,1:15,10686.9
6/25/2025,1:30,10861.2
6/25/2025,1:45,10836
6/25/2025,2:00,10896.9
6/25/2025,2:15,10959.9
6/25/2025,2:30,8733.9
6/25/2025,2:45,9044.7
6/25/2025,3:00,10896.9
6/25/2025,3:15,10964.1
6/25/2025,3:30,10955.7
6/25/2025,3:45,11022.9
6/25/2025,4:00,10987.2
6/25/2025,4:15,10917.9
6/25/2025,4:30,10794
6/25/2025,4:45,10928.4
6/25/2025,5:00,10884.3
6/25/2025,5:15,10836
6/25/2025,5:30,10676.4
6/25/2025,5:45,10718.4
6/25/2025,6:00,10577.7
6/25/2025,6:15,10233.3
6/25/2025,6:30,10214.4
6/25/2025,6:45,10130.4
6/25/2025,7:00,9710.4
6/25/2025,7:15,9519.3
6/25/2025,7:30,9002.7
6/25/2025,7:45,8425.2
6/25/2025,8:00,8316
6/25/2025,8:15,8694
6/25/2025,8:30,8975.4
6/25/2025,8:45,8736
6/25/2025,9:00,8975.4
6/25/2025,9:15,7492.8
6/25/2025,9:30,7749
6/25/2025,9:45,9454.2
6/25/2025,10:00,8717.1
6/25/2025,10:15,7018.2
6/25/2025,10:30,8005.2
6/25/2025,10:45,7228.2
6/25/2025,11:00,7463.4
6/25/2025,11:15,7230.3
6/25/2025,11:30,7020.3
6/25/2025,11:45,6776.7
6/25/2025,12:00,7497
6/25/2025,12:15,7723.8
6/25/2025,12:30,7614.6
6/25/2025,12:45,7961.1
6/25/2025,13:00,6896.4
6/25/2025,13:15,7385.7
6/25/2025,13:30,7207.2
6/25/2025,13:45,8175.3
6/25/2025,14:00,8962.8
6/25/2025,14:15,9139.2
6/25/2025,14:30,8811.6
6/25/2025,14:45,9095.1
6/25/2025,15:00,7419.3
6/25/2025,15:15,9550.8
6/25/2025,15:30,9202.2
6/25/2025,15:45,7583.1
6/25/2025,16:00,8076.6
6/25/2025,16:15,9996
6/25/2025,16:30,9905.7
6/25/2025,16:45,9945.6
6/25/2025,17:00,10143
6/25/2025,17:15,9693.6
6/25/2025,17:30,9443.7
6/25/2025,17:45,9958.2
6/25/2025,18:00,10304.7
6/25/2025,18:15,10443.3
6/25/2025,18:30,10808.7
6/25/2025,18:45,10880.1
6/25/2025,19:00,10781.4
6/25/2025,19:15,10955.7
6/25/2025,19:30,10978.8
6/25/2025,19:45,10661.7
6/25/2025,20:00,10943.1
6/25/2025,20:15,10930.5
6/25/2025,20:30,10794
6/25/2025,20:45,10913.7
6/25/2025,21:00,10980.9
6/25/2025,21:15,10779.3
6/25/2025,21:30,10934.7
6/25/2025,21:45,11008.2
6/25/2025,22:00,10947.3
6/25/2025,22:15,10934.7
6/25/2025,22:30,10978.8
6/25/2025,22:45,11018.7
6/25/2025,23:00,10953.6
6/25/2025,23:15,10968.3
6/25/2025,23:30,11046
6/25/2025,23:45,10859.1
6/26/2025,0:00,10970.4
6/26/2025,0:15,10976.7
6/26/2025,0:30,10911.6
6/26/2025,0:45,10976.7
6/26/2025,1:00,10983
6/26/2025,1:15,10894.8
6/26/2025,1:30,11041.8
6/26/2025,1:45,10987.2
6/26/2025,2:00,10915.8
6/26/2025,2:15,10980.9
6/26/2025,2:30,10945.2
6/26/2025,2:45,10812.9
6/26/2025,3:00,10966.2
6/26/2025,3:15,10949.4
6/26/2025,3:30,10844.4
6/26/2025,3:45,10934.7
6/26/2025,4:00,10922.1
6/26/2025,4:15,10716.3
6/26/2025,4:30,10987.2
6/26/2025,4:45,10894.8
6/26/2025,5:00,10728.9
6/26/2025,5:15,10909.5
6/26/2025,5:30,10829.7
6/26/2025,5:45,10743.6
6/26/2025,6:00,10857
6/26/2025,6:15,10842.3
6/26/2025,6:30,10733.1
6/26/2025,6:45,10430.7
6/26/2025,7:00,10061.1
6/26/2025,7:15,9975
6/26/2025,7:30,9607.5
6/26/2025,7:45,10239.6
6/26/2025,8:00,9758.7
6/26/2025,8:15,9435.3
6/26/2025,8:30,8074.5
6/26/2025,8:45,9859.5
6/26/2025,9:00,9552.9
6/26/2025,9:15,9891
6/26/2025,9:30,9206.4
6/26/2025,9:45,9227.4
6/26/2025,10:00,9088.8
6/26/2025,10:15,8754.9
6/26/2025,10:30,8257.2
6/26/2025,10:45,7885.5
6/26/2025,11:00,7795.2
6/26/2025,11:15,8570.1
6/26/2025,11:30,8043
6/26/2025,11:45,8769.6
6/26/2025,12:00,9269.4
6/26/2025,12:15,8807.4
6/26/2025,12:30,8110.2
6/26/2025,12:45,8794.8
6/26/2025,13:00,8372.7
6/26/2025,13:15,8019.9
6/26/2025,13:30,7064.4
6/26/2025,13:45,7440.3
6/26/2025,14:00,9844.8
6/26/2025,14:15,9746.1
6/26/2025,14:30,8967
6/26/2025,14:45,9156
6/26/2025,15:00,8733.9
6/26/2025,15:15,8649.9
6/26/2025,15:30,9288.3
6/26/2025,15:45,9527.7
6/26/2025,16:00,9191.7
6/26/2025,16:15,9389.1
6/26/2025,16:30,9544.5
6/26/2025,16:45,10103.1
6/26/2025,17:00,9641.1
6/26/2025,17:15,9975
6/26/2025,17:30,10726.8
6/26/2025,17:45,10896.9
6/26/2025,18:00,10754.1
6/26/2025,18:15,10909.5
6/26/2025,18:30,10731
6/26/2025,18:45,10817.1
6/26/2025,19:00,10783.5
6/26/2025,19:15,10945.2
6/26/2025,19:30,10991.4
6/26/2025,19:45,10972.5
6/26/2025,20:00,11014.5
6/26/2025,20:15,10938.9
6/26/2025,20:30,10947.3
6/26/2025,20:45,10913.7
6/26/2025,21:00,10964.1
6/26/2025,21:15,10947.3
6/26/2025,21:30,10894.8
6/26/2025,21:45,10978.8
6/26/2025,22:00,10917.9
6/26/2025,22:15,10928.4
6/26/2025,22:30,10915.8
6/26/2025,22:45,10930.5
6/26/2025,23:00,10892.7
6/26/2025,23:15,10926.3
6/26/2025,23:30,10909.5
6/26/2025,23:45,10941
6/27/2025,0:00,10892.7
6/27/2025,0:15,10850.7
6/27/2025,0:30,10859.1
6/27/2025,0:45,10907.4
6/27/2025,1:00,10882.2
6/27/2025,1:15,10901.1
6/27/2025,1:30,10878
6/27/2025,1:45,10848.6
6/27/2025,2:00,10844.4
6/27/2025,2:15,10873.8
6/27/2025,2:30,10796.1
6/27/2025,2:45,10802.4
6/27/2025,3:00,10836
6/27/2025,3:15,10823.4
6/27/2025,3:30,10871.7
6/27/2025,3:45,10873.8
6/27/2025,4:00,10831.8
6/27/2025,4:15,10865.4
6/27/2025,4:30,10865.4
6/27/2025,4:45,10871.7
6/27/2025,5:00,10819.2
6/27/2025,5:15,10850.7
6/27/2025,5:30,10880.1
6/27/2025,5:45,10739.4
6/27/2025,6:00,10668
6/27/2025,6:15,10493.7
6/27/2025,6:30,10430.7
6/27/2025,6:45,9744
6/27/2025,7:00,9737.7
6/27/2025,7:15,9200.1
6/27/2025,7:30,8996.4
6/27/2025,7:45,9968.7
6/27/2025,8:00,10155.6
6/27/2025,8:15,9523.5
6/27/2025,8:30,9477.3
6/27/2025,8:45,9074.1
6/27/2025,9:00,9298.8
6/27/2025,9:15,9643.2
6/27/2025,9:30,9214.8
6/27/2025,9:45,9330.3
6/27/2025,10:00,9080.4
6/27/2025,10:15,8704.5
6/27/2025,10:30,9076.2
6/27/2025,10:45,9718.8
6/27/2025,11:00,9601.2
6/27/2025,11:15,9582.3
6/27/2025,11:30,8628.9
6/27/2025,11:45,9025.8
6/27/2025,12:00,8767.5
6/27/2025,12:15,9408
6/27/2025,12:30,9048.9
6/27/2025,12:45,8920.8
6/27/2025,13:00,9508.8
6/27/2025,13:15,9336.6
6/27/2025,13:30,9135
6/27/2025,13:45,9233.7
6/27/2025,14:00,8633.1
6/27/2025,14:15,8232
6/27/2025,14:30,7436.1
6/27/2025,14:45,6762
6/27/2025,15:00,6285.3
6/27/2025,15:15,8610
6/27/2025,15:30,9324
6/27/2025,15:45,9765
6/27/2025,16:00,9725.1
6/27/2025,16:15,8557.5
6/27/2025,16:30,9261
6/27/2025,16:45,9195.9
6/27/2025,17:00,8826.3
6/27/2025,17:15,9095.1
6/27/2025,17:30,9630.6
6/27/2025,17:45,9962.4
6/27/2025,18:00,9796.5
6/27/2025,18:15,10187.1
6/27/2025,18:30,10416
6/27/2025,18:45,10661.7
6/27/2025,19:00,10720.5
6/27/2025,19:15,10863.3
6/27/2025,19:30,10924.2
6/27/2025,19:45,10941
6/27/2025,20:00,10917.9
6/27/2025,20:15,10983
6/27/2025,20:30,10869.6
6/27/2025,20:45,10836
6/27/2025,21:00,10892.7
6/27/2025,21:15,10861.2
6/27/2025,21:30,10850.7
6/27/2025,21:45,10882.2
6/27/2025,22:00,10903.2
6/27/2025,22:15,10920
6/27/2025,22:30,10903.2
6/27/2025,22:45,10875.9
6/27/2025,23:00,10907.4
6/27/2025,23:15,10884.3
6/27/2025,23:30,10924.2
6/27/2025,23:45,10941
6/28/2025,0:00,10886.4
6/28/2025,0:15,10917.9
6/28/2025,0:30,10878
6/28/2025,0:45,10878
6/28/2025,1:00,10892.7
6/28/2025,1:15,10907.4
6/28/2025,1:30,10861.2
6/28/2025,1:45,10903.2
6/28/2025,2:00,10922.1
6/28/2025,2:15,10909.5
6/28/2025,2:30,10901.1
6/28/2025,2:45,10875.9
6/28/2025,3:00,10924.2
6/28/2025,3:15,10894.8
6/28/2025,3:30,10875.9
6/28/2025,3:45,10905.3
6/28/2025,4:00,10894.8
6/28/2025,4:15,10913.7
6/28/2025,4:30,10951.5
6/28/2025,4:45,10880.1
6/28/2025,5:00,10945.2
6/28/2025,5:15,10926.3
6/28/2025,5:30,10802.4
6/28/2025,5:45,10642.8
6/28/2025,6:00,10506.3
6/28/2025,6:15,10527.3
6/28/2025,6:30,10229.1
6/28/2025,6:45,10128.3
6/28/2025,7:00,9880.5
6/28/2025,7:15,9735.6
6/28/2025,7:30,9859.5
6/28/2025,7:45,9859.5
6/28/2025,8:00,9057.3
6/28/2025,8:15,10254.3
6/28/2025,8:30,10021.2
6/28/2025,8:45,10951.5
6/28/2025,9:00,10970.4
6/28/2025,9:15,10890.6
6/28/2025,9:30,10670.1
6/28/2025,9:45,10063.2
6/28/2025,10:00,9555
6/28/2025,10:15,10909.5
6/28/2025,10:30,10850.7
6/28/2025,10:45,10638.6
6/28/2025,11:00,9943.5
6/28/2025,11:15,9452.1
6/28/2025,11:30,8757
6/28/2025,11:45,8492.4
6/28/2025,12:00,8916.6
6/28/2025,12:15,7142.1
6/28/2025,12:30,8351.7
6/28/2025,12:45,9615.9
6/28/2025,13:00,10703.7
6/28/2025,13:15,10298.4
6/28/2025,13:30,6612.9
6/28/2025,13:45,8148
6/28/2025,14:00,7347.9
6/28/2025,14:15,4710.3
6/28/2025,14:30,8221.5
6/28/2025,14:45,5529.3
6/28/2025,15:00,8118.6
6/28/2025,15:15,6678
6/28/2025,15:30,6556.2
6/28/2025,15:45,8009.4
6/28/2025,16:00,8914.5
6/28/2025,16:15,6759.9
6/28/2025,16:30,7707
6/28/2025,16:45,7944.3
6/28/2025,17:00,8788.5
6/28/2025,17:15,8712.9
6/28/2025,17:30,9899.4
6/28/2025,17:45,10313.1
6/28/2025,18:00,10348.8
6/28/2025,18:15,9922.5
6/28/2025,18:30,10439.1
6/28/2025,18:45,10416
6/28/2025,19:00,10586.1
6/28/2025,19:15,10892.7
6/28/2025,19:30,10899
6/28/2025,19:45,10731
6/28/2025,20:00,10959.9
6/28/2025,20:15,10947.3
6/28/2025,20:30,10697.4
6/28/2025,20:45,10878
6/28/2025,21:00,10844.4
6/28/2025,21:15,10676.4
6/28/2025,21:30,10859.1
6/28/2025,21:45,10911.6
6/28/2025,22:00,10802.4
6/28/2025,22:15,10865.4
6/28/2025,22:30,10896.9
6/28/2025,22:45,10833.9
6/28/2025,23:00,10815
6/28/2025,23:15,10903.2
6/28/2025,23:30,10859.1
6/28/2025,23:45,10865.4
6/29/2025,0:00,10917.9
6/29/2025,0:15,10886.4
6/29/2025,0:30,10804.5
6/29/2025,0:45,10880.1
6/29/2025,1:00,10911.6
6/29/2025,1:15,10825.5
6/29/2025,1:30,10949.4
6/29/2025,1:45,10934.7
6/29/2025,2:00,10808.7
6/29/2025,2:15,10959.9
6/29/2025,2:30,10892.7
6/29/2025,2:45,10777.2
6/29/2025,3:00,10917.9
6/29/2025,3:15,10920
6/29/2025,3:30,10831.8
6/29/2025,3:45,10943.1
6/29/2025,4:00,10945.2
6/29/2025,4:15,10701.6
6/29/2025,4:30,10899
6/29/2025,4:45,10892.7
6/29/2025,5:00,10640.7
6/29/2025,5:15,10798.2
6/29/2025,5:30,10812.9
6/29/2025,5:45,10686.9
6/29/2025,6:00,10781.4
6/29/2025,6:15,10796.1
6/29/2025,6:30,10556.7
6/29/2025,6:45,10514.7
6/29/2025,7:00,10445.4
6/29/2025,7:15,9880.5
6/29/2025,7:30,9170.7
6/29/2025,7:45,8971.2
6/29/2025,8:00,9569.7
6/29/2025,8:15,6839.7
6/29/2025,8:30,7253.4
6/29/2025,8:45,6961.5
6/29/2025,9:00,8024.1
6/29/2025,9:15,6673.8
6/29/2025,9:30,6451.2
6/29/2025,9:45,6022.8
6/29/2025,10:00,8196.3
6/29/2025,10:15,8939.7
6/29/2025,10:30,6598.2
6/29/2025,10:45,8017.8
6/29/2025,11:00,6642.3
6/29/2025,11:15,7990.5
6/29/2025,11:30,5882.1
6/29/2025,11:45,4888.8
6/29/2025,12:00,8910.3
6/29/2025,12:15,9208.5
6/29/2025,12:30,9943.5
6/29/2025,12:45,8904
6/29/2025,13:00,7438.2
6/29/2025,13:15,8551.2
6/29/2025,13:30,9166.5
6/29/2025,13:45,10577.7
6/29/2025,14:00,10607.1
6/29/2025,14:15,8908.2
6/29/2025,14:30,8631
6/29/2025,14:45,7026.6
6/29/2025,15:00,6463.8
6/29/2025,15:15,6715.8
6/29/2025,15:30,7539
6/29/2025,15:45,9989.7
6/29/2025,16:00,8019.9
6/29/2025,16:15,9231.6
6/29/2025,16:30,7255.5
6/29/2025,16:45,9796.5
6/29/2025,17:00,9765
6/29/2025,17:15,9636.9
6/29/2025,17:30,9823.8
6/29/2025,17:45,10063.2
6/29/2025,18:00,10248
6/29/2025,18:15,10304.7
6/29/2025,18:30,10558.8
6/29/2025,18:45,10846.5
6/29/2025,19:00,10899
6/29/2025,19:15,11004
6/29/2025,19:30,10978.8
6/29/2025,19:45,10917.9
6/29/2025,20:00,10980.9
6/29/2025,20:15,10928.4
6/29/2025,20:30,10867.5
6/29/2025,20:45,10951.5
6/29/2025,21:00,10943.1
6/29/2025,21:15,10672.2
6/29/2025,21:30,10983
6/29/2025,21:45,10907.4
6/29/2025,22:00,10674.3
6/29/2025,22:15,10985.1
6/29/2025,22:30,10949.4
6/29/2025,22:45,10785.6
6/29/2025,23:00,10936.8
6/29/2025,23:15,10848.6
6/29/2025,23:30,10863.3
6/29/2025,23:45,10930.5
6/30/2025,0:00,10894.8
6/30/2025,0:15,10903.2
6/30/2025,0:30,10882.2
6/30/2025,0:45,10892.7
6/30/2025,1:00,10928.4
6/30/2025,1:15,10861.2
6/30/2025,1:30,10962
6/30/2025,1:45,10999.8
6/30/2025,2:00,10922.1
6/30/2025,2:15,10957.8
6/30/2025,2:30,10892.7
6/30/2025,2:45,10586.1
6/30/2025,3:00,10628.1
6/30/2025,3:15,10670.1
6/30/2025,3:30,10655.4
6/30/2025,3:45,10647
6/30/2025,4:00,10628.1
6/30/2025,4:15,10640.7
6/30/2025,4:30,10619.7
6/30/2025,4:45,10644.9
6/30/2025,5:00,10638.6
6/30/2025,5:15,10640.7
6/30/2025,5:30,10869.6
6/30/2025,5:45,10737.3
6/30/2025,6:00,10678.5
6/30/2025,6:15,10346.7
6/30/2025,6:30,9964.5
6/30/2025,6:45,9725.1
6/30/2025,7:00,9437.4
6/30/2025,7:15,9605.4
6/30/2025,7:30,8337
6/30/2025,7:45,8477.7
6/30/2025,8:00,8143.8
6/30/2025,8:15,7784.7
6/30/2025,8:30,7518
6/30/2025,8:45,7305.9
6/30/2025,9:00,7087.5
6/30/2025,9:15,6911.1
6/30/2025,9:30,6738.9
6/30/2025,9:45,6285.3
6/30/2025,10:00,6251.7
6/30/2025,10:15,6083.7
6/30/2025,10:30,6041.7
6/30/2025,10:45,5888.4
6/30/2025,11:00,5833.8
6/30/2025,11:15,5947.2
6/30/2025,11:30,5472.6
6/30/2025,11:45,5619.6
6/30/2025,12:00,5678.4
6/30/2025,12:15,7093.8
6/30/2025,12:30,6963.6
6/30/2025,12:45,7761.6
6/30/2025,13:00,6022.8
6/30/2025,13:15,9664.2
6/30/2025,13:30,8288.7
6/30/2025,13:45,9851.1
6/30/2025,14:00,5838
6/30/2025,14:15,7261.8
6/30/2025,14:30,7572.6
6/30/2025,14:45,9546.6
6/30/2025,15:00,9252.6
6/30/2025,15:15,6461.7
6/30/2025,15:30,9674.7
6/30/2025,15:45,8639.4
6/30/2025,16:00,8194.2
6/30/2025,16:15,7812
6/30/2025,16:30,8313.9
6/30/2025,16:45,8586.9
6/30/2025,17:00,8855.7
6/30/2025,17:15,9872.1
6/30/2025,17:30,9500.4
6/30/2025,17:45,9861.6
6/30/2025,18:00,9949.8
6/30/2025,18:15,10353
6/30/2025,18:30,10613.4
6/30/2025,18:45,10722.6
6/30/2025,19:00,10894.8
6/30/2025,19:15,10970.4
6/30/2025,19:30,10882.2
6/30/2025,19:45,10991.4
6/30/2025,20:00,10945.2
6/30/2025,20:15,10863.3
6/30/2025,20:30,10983
6/30/2025,20:45,10907.4
6/30/2025,21:00,10915.8
6/30/2025,21:15,10873.8
6/30/2025,21:30,10943.1
6/30/2025,21:45,10896.9
6/30/2025,22:00,10701.6
6/30/2025,22:15,10909.5
6/30/2025,22:30,10936.8
6/30/2025,22:45,10760.4
6/30/2025,23:00,10922.1
6/30/2025,23:15,10980.9
6/30/2025,23:30,10873.8
6/30/2025,23:45,10945.2
7/1/2025,0:00,10985.1
7/1/2025,0:15,10915.8
7/1/2025,0:30,10949.4
7/1/2025,0:45,10968.3
7/1/2025,1:00,10867.5
7/1/2025,1:15,10974.6
7/1/2025,1:30,10917.9
7/1/2025,1:45,10928.4
7/1/2025,2:00,10875.9
7/1/2025,2:15,10915.8
7/1/2025,2:30,10903.2
7/1/2025,2:45,10806.6
7/1/2025,3:00,10903.2
7/1/2025,3:15,10955.7
7/1/2025,3:30,10573.5
7/1/2025,3:45,10894.8
7/1/2025,4:00,10892.7
7/1/2025,4:15,10758.3
7/1/2025,4:30,10905.3
7/1/2025,4:45,10964.1
7/1/2025,5:00,10861.2
7/1/2025,5:15,10880.1
7/1/2025,5:30,10783.5
7/1/2025,5:45,10579.8
7/1/2025,6:00,10405.5
7/1/2025,6:15,10122
7/1/2025,6:30,9872.1
7/1/2025,6:45,9794.4
7/1/2025,7:00,9200.1
7/1/2025,7:15,8897.7
7/1/2025,7:30,8517.6
7/1/2025,7:45,8309.7
7/1/2025,8:00,9042.6
7/1/2025,8:15,7942.2
7/1/2025,8:30,7778.4
7/1/2025,8:45,7215.6
7/1/2025,9:00,6793.5
7/1/2025,9:15,6644.4
7/1/2025,9:30,6545.7
7/1/2025,9:45,6234.9
7/1/2025,10:00,6071.1
7/1/2025,10:15,6528.9
7/1/2025,10:30,6283.2
7/1/2025,10:45,6854.4
7/1/2025,11:00,6709.5
7/1/2025,11:15,6106.8
7/1/2025,11:30,5964
7/1/2025,11:45,6560.4
7/1/2025,12:00,6062.7
7/1/2025,12:15,7035
7/1/2025,12:30,7318.5
7/1/2025,12:45,6795.6
7/1/2025,13:00,5919.9
7/1/2025,13:15,6048
7/1/2025,13:30,5806.5
7/1/2025,13:45,6222.3
7/1/2025,14:00,6476.4
7/1/2025,14:15,7047.6
7/1/2025,14:30,7900.2
7/1/2025,14:45,8217.3
7/1/2025,15:00,8043
7/1/2025,15:15,7805.7
7/1/2025,15:30,7402.5
7/1/2025,15:45,7221.9
7/1/2025,16:00,7476
7/1/2025,16:15,8349.6
7/1/2025,16:30,8591.1
7/1/2025,16:45,8490.3
7/1/2025,17:00,8788.5
7/1/2025,17:15,8994.3
7/1/2025,17:30,9162.3
7/1/2025,17:45,9376.5
7/1/2025,18:00,9966.6
7/1/2025,18:15,10353
7/1/2025,18:30,10218.6
7/1/2025,18:45,10634.4
7/1/2025,19:00,10825.5
7/1/2025,19:15,10779.3
7/1/2025,19:30,10888.5
7/1/2025,19:45,11004
7/1/2025,20:00,10884.3
7/1/2025,20:15,10947.3
7/1/2025,20:30,10930.5
7/1/2025,20:45,10863.3
7/1/2025,21:00,10955.7
7/1/2025,21:15,10920
7/1/2025,21:30,10962
7/1/2025,21:45,10861.2
7/1/2025,22:00,10928.4
7/1/2025,22:15,10871.7
7/1/2025,22:30,10886.4
7/1/2025,22:45,10957.8
7/1/2025,23:00,10899
7/1/2025,23:15,10661.7
7/1/2025,23:30,10934.7
7/1/2025,23:45,10945.2
7/2/2025,0:00,10808.7
7/2/2025,0:15,10871.7
7/2/2025,0:30,10913.7
7/2/2025,0:45,10857
7/2/2025,1:00,10913.7
7/2/2025,1:15,10875.9
7/2/2025,1:30,10838.1
7/2/2025,1:45,10913.7
7/2/2025,2:00,10873.8
7/2/2025,2:15,10794
7/2/2025,2:30,10842.3
7/2/2025,2:45,10825.5
7/2/2025,3:00,10844.4
7/2/2025,3:15,10852.8
7/2/2025,3:30,10865.4
7/2/2025,3:45,10861.2
7/2/2025,4:00,10638.6
7/2/2025,4:15,10890.6
7/2/2025,4:30,10936.8
7/2/2025,4:45,10699.5
7/2/2025,5:00,10920
7/2/2025,5:15,10922.1
7/2/2025,5:30,10689
7/2/2025,5:45,10598.7
7/2/2025,6:00,10338.3
7/2/2025,6:15,9880.5
7/2/2025,6:30,9993.9
7/2/2025,6:45,9433.2
7/2/2025,7:00,9494.1
7/2/2025,7:15,9378.6
7/2/2025,7:30,9135
7/2/2025,7:45,8759.1
7/2/2025,8:00,8051.4
7/2/2025,8:15,7799.4
7/2/2025,8:30,7557.9
7/2/2025,8:45,7045.5
7/2/2025,9:00,6980.4
7/2/2025,9:15,6856.5
7/2/2025,9:30,6541.5
7/2/2025,9:45,6554.1
7/2/2025,10:00,6463.8
7/2/2025,10:15,6209.7
7/2/2025,10:30,6346.2
7/2/2025,10:45,6241.2
7/2/2025,11:00,6100.5
7/2/2025,11:15,6060.6
7/2/2025,11:30,5999.7
7/2/2025,11:45,5976.6
7/2/2025,12:00,5980.8
7/2/2025,12:15,5985
7/2/2025,12:30,5957.7
7/2/2025,12:45,6012.3
7/2/2025,13:00,6159.3
7/2/2025,13:15,6094.2
7/2/2025,13:30,5800.2
7/2/2025,13:45,9699.9
7/2/2025,14:00,6129.9
7/2/2025,14:15,6104.7
7/2/2025,14:30,6386.1
7/2/2025,14:45,6631.8
7/2/2025,15:00,6717.9
7/2/2025,15:15,6948.9
7/2/2025,15:30,7194.6
7/2/2025,15:45,7421.4
7/2/2025,16:00,7658.7
7/2/2025,16:15,7969.5
7/2/2025,16:30,8076.6
7/2/2025,16:45,8536.5
7/2/2025,17:00,8775.9
7/2/2025,17:15,8935.5
7/2/2025,17:30,9307.2
7/2/2025,17:45,9660
7/2/2025,18:00,9981.3
7/2/2025,18:15,10182.9
7/2/2025,18:30,10523.1
7/2/2025,18:45,10735.2
7/2/2025,19:00,10510.5
7/2/2025,19:15,10934.7
7/2/2025,19:30,10991.4
7/2/2025,19:45,10857
7/2/2025,20:00,10930.5
7/2/2025,20:15,10970.4
7/2/2025,20:30,10905.3
7/2/2025,20:45,10926.3
7/2/2025,21:00,10922.1
7/2/2025,21:15,10825.5
7/2/2025,21:30,10913.7
7/2/2025,21:45,10884.3
7/2/2025,22:00,10838.1
7/2/2025,22:15,10932.6
7/2/2025,22:30,10854.9
7/2/2025,22:45,10884.3
7/2/2025,23:00,10815
7/2/2025,23:15,10873.8
7/2/2025,23:30,10894.8
7/2/2025,23:45,10632.3
7/3/2025,0:00,10833.9
7/3/2025,0:15,10871.7
7/3/2025,0:30,10733.1
7/3/2025,0:45,10833.9
7/3/2025,1:00,10905.3
7/3/2025,1:15,10829.7
7/3/2025,1:30,10888.5
7/3/2025,1:45,10917.9
7/3/2025,2:00,10854.9
7/3/2025,2:15,10869.6
7/3/2025,2:30,10896.9
7/3/2025,2:45,10815
7/3/2025,3:00,10915.8
7/3/2025,3:15,10890.6
7/3/2025,3:30,10850.7
7/3/2025,3:45,10863.3
7/3/2025,4:00,10848.6
7/3/2025,4:15,10892.7
7/3/2025,4:30,10617.6
7/3/2025,4:45,10936.8
7/3/2025,5:00,10920
7/3/2025,5:15,10647
7/3/2025,5:30,10766.7
7/3/2025,5:45,10676.4
7/3/2025,6:00,10382.4
7/3/2025,6:15,10292.1
7/3/2025,6:30,10019.1
7/3/2025,6:45,9641.1
7/3/2025,7:00,9313.5
7/3/2025,7:15,8998.5
7/3/2025,7:30,8643.6
7/3/2025,7:45,8412.6
7/3/2025,8:00,8137.5
7/3/2025,8:15,7757.4
7/3/2025,8:30,7528.5
7/3/2025,8:45,7368.9
7/3/2025,9:00,7070.7
7/3/2025,9:15,6768.3
7/3/2025,9:30,6734.7
7/3/2025,9:45,6547.8
7/3/2025,10:00,6239.1
7/3/2025,10:15,6337.8
7/3/2025,10:30,6276.9
7/3/2025,10:45,6127.8
7/3/2025,11:00,6163.5
7/3/2025,11:15,6180.3
7/3/2025,11:30,6100.5
7/3/2025,11:45,6006
7/3/2025,12:00,5976.6
7/3/2025,12:15,5938.8
7/3/2025,12:30,5945.1
7/3/2025,12:45,6111
7/3/2025,13:00,5974.5
7/3/2025,13:15,6169.8
7/3/2025,13:30,6146.7
7/3/2025,13:45,6188.7
7/3/2025,14:00,6251.7
7/3/2025,14:15,6438.6
7/3/2025,14:30,6573
7/3/2025,14:45,6365.1
7/3/2025,15:00,6850.2
7/3/2025,15:15,6940.5
7/3/2025,15:30,7102.2
7/3/2025,15:45,7406.7
7/3/2025,16:00,7606.2
7/3/2025,16:15,7990.5
7/3/2025,16:30,8095.5
7/3/2025,16:45,8484
7/3/2025,17:00,8620.5
7/3/2025,17:15,9034.2
7/3/2025,17:30,9296.7
7/3/2025,17:45,9540.3
7/3/2025,18:00,9928.8
7/3/2025,18:15,10233.3
7/3/2025,18:30,10451.7
7/3/2025,18:45,10626
7/3/2025,19:00,10722.6
7/3/2025,19:15,10892.7
7/3/2025,19:30,10676.4
7/3/2025,19:45,10922.1
7/3/2025,20:00,10928.4
7/3/2025,20:15,10766.7
7/3/2025,20:30,10951.5
7/3/2025,20:45,10980.9
7/3/2025,21:00,10882.2
7/3/2025,21:15,10974.6
7/3/2025,21:30,10957.8
7/3/2025,21:45,10852.8
7/3/2025,22:00,10888.5
7/3/2025,22:15,10863.3
7/3/2025,22:30,10852.8
7/3/2025,22:45,10915.8
7/3/2025,23:00,10894.8
7/3/2025,23:15,10863.3
7/3/2025,23:30,10848.6
7/3/2025,23:45,10903.2
7/4/2025,0:00,10882.2
7/4/2025,0:15,10644.9
7/4/2025,0:30,10815
7/4/2025,0:45,10905.3
7/4/2025,1:00,10670.1
7/4/2025,1:15,10869.6
7/4/2025,1:30,10917.9
7/4/2025,1:45,10794
7/4/2025,2:00,10833.9
7/4/2025,2:15,10901.1
7/4/2025,2:30,10812.9
7/4/2025,2:45,10869.6
7/4/2025,3:00,10848.6
7/4/2025,3:15,10829.7
7/4/2025,3:30,10888.5
7/4/2025,3:45,10869.6
7/4/2025,4:00,10764.6
7/4/2025,4:15,10842.3
7/4/2025,4:30,10796.1
7/4/2025,4:45,10896.9
7/4/2025,5:00,10735.2
7/4/2025,5:15,10873.8
7/4/2025,5:30,10762.5
7/4/2025,5:45,10418.1
7/4/2025,6:00,10481.1
7/4/2025,6:15,10281.6
7/4/2025,6:30,9895.2
7/4/2025,6:45,9676.8
7/4/2025,7:00,9487.8
7/4/2025,7:15,9046.8
7/4/2025,7:30,8824.2
7/4/2025,7:45,8578.5
7/4/2025,8:00,8208.9
7/4/2025,8:15,8003.1
7/4/2025,8:30,7732.2
7/4/2025,8:45,7543.2
7/4/2025,9:00,7331.1
7/4/2025,9:15,6982.5
7/4/2025,9:30,6846
7/4/2025,9:45,6671.7
7/4/2025,10:00,6537.3
7/4/2025,10:15,6400.8
7/4/2025,10:30,6052.2
7/4/2025,10:45,6178.2
7/4/2025,11:00,6066.9
7/4/2025,11:15,5882.1
7/4/2025,11:30,6207.6
7/4/2025,11:45,6287.4
7/4/2025,12:00,6171.9
7/4/2025,12:15,6092.1
7/4/2025,12:30,6262.2
7/4/2025,12:45,6111
7/4/2025,13:00,6358.8
7/4/2025,13:15,5974.5
7/4/2025,13:30,6150.9
7/4/2025,13:45,6352.5
7/4/2025,14:00,6329.4
7/4/2025,14:15,6474.3
7/4/2025,14:30,6547.8
7/4/2025,14:45,6726.3
7/4/2025,15:00,6770.4
7/4/2025,15:15,6783
7/4/2025,15:30,7140
7/4/2025,15:45,7377.3
7/4/2025,16:00,7465.5
7/4/2025,16:15,8435.7
7/4/2025,16:30,9164.4
7/4/2025,16:45,8706.6
7/4/2025,17:00,8929.2
7/4/2025,17:15,9097.2
7/4/2025,17:30,9508.8
7/4/2025,17:45,9672.6
7/4/2025,18:00,9924.6
7/4/2025,18:15,10176.6
7/4/2025,18:30,10384.5
7/4/2025,18:45,10644.9
7/4/2025,19:00,10699.5
7/4/2025,19:15,10802.4
7/4/2025,19:30,10890.6
7/4/2025,19:45,10953.6
7/4/2025,20:00,10802.4
7/4/2025,20:15,10880.1
7/4/2025,20:30,10861.2
7/4/2025,20:45,10703.7
7/4/2025,21:00,10901.1
7/4/2025,21:15,10890.6
7/4/2025,21:30,10779.3
7/4/2025,21:45,10917.9
7/4/2025,22:00,10993.5
7/4/2025,22:15,10867.5
7/4/2025,22:30,10888.5
7/4/2025,22:45,10899
7/4/2025,23:00,10894.8
7/4/2025,23:15,10911.6
7/4/2025,23:30,10829.7
7/4/2025,23:45,10848.6
7/5/2025,0:00,10840.2
7/5/2025,0:15,10859.1
7/5/2025,0:30,10796.1
7/5/2025,0:45,10787.7
7/5/2025,1:00,10899
7/5/2025,1:15,10909.5
7/5/2025,1:30,10609.2
7/5/2025,1:45,10850.7
7/5/2025,2:00,10907.4
7/5/2025,2:15,10762.5
7/5/2025,2:30,10836
7/5/2025,2:45,10920
7/5/2025,3:00,10831.8
7/5/2025,3:15,10882.2
7/5/2025,3:30,10907.4
7/5/2025,3:45,10861.2
7/5/2025,4:00,10888.5
7/5/2025,4:15,10947.3
7/5/2025,4:30,10840.2
7/5/2025,4:45,10915.8
7/5/2025,5:00,10878
7/5/2025,5:15,10838.1
7/5/2025,5:30,10762.5
7/5/2025,5:45,10632.3
7/5/2025,6:00,10455.9
7/5/2025,6:15,9991.8
7/5/2025,6:30,9930.9
7/5/2025,6:45,9710.4
7/5/2025,7:00,9174.9
7/5/2025,7:15,9065.7
7/5/2025,7:30,8733.9
7/5/2025,7:45,8337
7/5/2025,8:00,8143.8
7/5/2025,8:15,7933.8
7/5/2025,8:30,7532.7
7/5/2025,8:45,7345.8
7/5/2025,9:00,7037.1
7/5/2025,9:15,6749.4
7/5/2025,9:30,6705.3
7/5/2025,9:45,6554.1
7/5/2025,10:00,6312.6
7/5/2025,10:15,6132
7/5/2025,10:30,6167.7
7/5/2025,10:45,6134.1
7/5/2025,11:00,5739.3
7/5/2025,11:15,6071.1
7/5/2025,11:30,5987.1
7/5/2025,11:45,5762.4
7/5/2025,12:00,6020.7
7/5/2025,12:15,6012.3
7/5/2025,12:30,5869.5
7/5/2025,12:45,6022.8
7/5/2025,13:00,6024.9
7/5/2025,13:15,5894.7
7/5/2025,13:30,6161.4
7/5/2025,13:45,7064.4
7/5/2025,14:00,6253.8
7/5/2025,14:15,6428.1
7/5/2025,14:30,6591.9
7/5/2025,14:45,6837.6
7/5/2025,15:00,6837.6
7/5/2025,15:15,6986.7
7/5/2025,15:30,7793.1
7/5/2025,15:45,7186.2
7/5/2025,16:00,7696.5
7/5/2025,16:15,7784.7
7/5/2025,16:30,7904.4
7/5/2025,16:45,8557.5
7/5/2025,17:00,8859.9
7/5/2025,17:15,9078.3
7/5/2025,17:30,9424.8
7/5/2025,17:45,9775.5
7/5/2025,18:00,9993.9
7/5/2025,18:15,10262.7
7/5/2025,18:30,10632.3
7/5/2025,18:45,10674.3
7/5/2025,19:00,10903.2
7/5/2025,19:15,10880.1
7/5/2025,19:30,10903.2
7/5/2025,19:45,10917.9
7/5/2025,20:00,10928.4
7/5/2025,20:15,10875.9
7/5/2025,20:30,10880.1
7/5/2025,20:45,10915.8
7/5/2025,21:00,10911.6
7/5/2025,21:15,10617.6
7/5/2025,21:30,10871.7
7/5/2025,21:45,10909.5
7/5/2025,22:00,10749.9
7/5/2025,22:15,10882.2
7/5/2025,22:30,10972.5
7/5/2025,22:45,10861.2
7/5/2025,23:00,10915.8
7/5/2025,23:15,10989.3
7/5/2025,23:30,10863.3
7/5/2025,23:45,10905.3
7/6/2025,0:00,10896.9
7/6/2025,0:15,10848.6
7/6/2025,0:30,10875.9
7/6/2025,0:45,10886.4
7/6/2025,1:00,10911.6
7/6/2025,1:15,10829.7
7/6/2025,1:30,10901.1
7/6/2025,1:45,10888.5
7/6/2025,2:00,10712.1
7/6/2025,2:15,10878
7/6/2025,2:30,10928.4
7/6/2025,2:45,10672.2
7/6/2025,3:00,10924.2
7/6/2025,3:15,10938.9
7/6/2025,3:30,10861.2
7/6/2025,3:45,10899
7/6/2025,4:00,11012.4
7/6/2025,4:15,10903.2
7/6/2025,4:30,10959.9
7/6/2025,4:45,10995.6
7/6/2025,5:00,10878
7/6/2025,5:15,10888.5
7/6/2025,5:30,10768.8
7/6/2025,5:45,10674.3
7/6/2025,6:00,10527.3
7/6/2025,6:15,10298.4
7/6/2025,6:30,10000.2
7/6/2025,6:45,9597
7/6/2025,7:00,9443.7
7/6/2025,7:15,9143.4
7/6/2025,7:30,8620.5
7/6/2025,7:45,8521.8
7/6/2025,8:00,8326.5
7/6/2025,8:15,7862.4
7/6/2025,8:30,7602
7/6/2025,8:45,7215.6
7/6/2025,9:00,6995.1
7/6/2025,9:15,6843.9
7/6/2025,9:30,7774.2
7/6/2025,9:45,9051
7/6/2025,10:00,8998.5
7/6/2025,10:15,6268.5
7/6/2025,10:30,6333.6
7/6/2025,10:45,6281.1
7/6/2025,11:00,6031.2
7/6/2025,11:15,6066.9
7/6/2025,11:30,5940.9
7/6/2025,11:45,6043.8
7/6/2025,12:00,6037.5
7/6/2025,12:15,5714.1
7/6/2025,12:30,6016.5
7/6/2025,12:45,6022.8
7/6/2025,13:00,6127.8
7/6/2025,13:15,6165.6
7/6/2025,13:30,6247.5
7/6/2025,13:45,6344.1
7/6/2025,14:00,6549.9
7/6/2025,14:15,6518.4
7/6/2025,14:30,6717.9
7/6/2025,14:45,6711.6
7/6/2025,15:00,5046.3
7/6/2025,15:15,5035.8
7/6/2025,15:30,7066.5
7/6/2025,15:45,7539
7/6/2025,16:00,7807.8
7/6/2025,16:15,7996.8
7/6/2025,16:30,8362.2
7/6/2025,16:45,8578.5
7/6/2025,17:00,8565.9
7/6/2025,17:15,9114
7/6/2025,17:30,9391.2
7/6/2025,17:45,9618
7/6/2025,18:00,10178.7
7/6/2025,18:15,10737.3
7/6/2025,18:30,10819.2
7/6/2025,18:45,10873.8
7/6/2025,19:00,10987.2
7/6/2025,19:15,10852.8
7/6/2025,19:30,10941
7/6/2025,19:45,10934.7
7/6/2025,20:00,10896.9
7/6/2025,20:15,10989.3
7/6/2025,20:30,10909.5
7/6/2025,20:45,10884.3
7/6/2025,21:00,10938.9
7/6/2025,21:15,10892.7
7/6/2025,21:30,10951.5
7/6/2025,21:45,10810.8
7/6/2025,22:00,10894.8
7/6/2025,22:15,10943.1
7/6/2025,22:30,10718.4
7/6/2025,22:45,10840.2
7/6/2025,23:00,10985.1
7/6/2025,23:15,10884.3
7/6/2025,23:30,10928.4
7/6/2025,23:45,10934.7
7/7/2025,0:00,10873.8
7/7/2025,0:15,10888.5
7/7/2025,0:30,10941
7/7/2025,0:45,10791.9
7/7/2025,1:00,10915.8
7/7/2025,1:15,10861.2
7/7/2025,1:30,10857
7/7/2025,1:45,10842.3
7/7/2025,2:00,10871.7
7/7/2025,2:15,10844.4
7/7/2025,2:30,10756.2
7/7/2025,2:45,10945.2
7/7/2025,3:00,10869.6
7/7/2025,3:15,10575.6
7/7/2025,3:30,10831.8
7/7/2025,3:45,10875.9
7/7/2025,4:00,10812.9
7/7/2025,4:15,10859.1
7/7/2025,4:30,10955.7
7/7/2025,4:45,10857
7/7/2025,5:00,10863.3
7/7/2025,5:15,10915.8
7/7/2025,5:30,10741.5
7/7/2025,5:45,10735.2
7/7/2025,6:00,10552.5
7/7/2025,6:15,10222.8
7/7/2025,6:30,10275.3
7/7/2025,6:45,10214.4
7/7/2025,7:00,9783.9
7/7/2025,7:15,9424.8
7/7/2025,7:30,9435.3
7/7/2025,7:45,8790.6
7/7/2025,8:00,8509.2
7/7/2025,8:15,8513.4
7/7/2025,8:30,7914.9
7/7/2025,8:45,7324.8
7/7/2025,9:00,7667.1
7/7/2025,9:15,7190.4
7/7/2025,9:30,6990.9
7/7/2025,9:45,6896.4
7/7/2025,10:00,6806.1
7/7/2025,10:15,6579.3
7/7/2025,10:30,6564.6
7/7/2025,10:45,6354.6
7/7/2025,11:00,6260.1
7/7/2025,11:15,6083.7
7/7/2025,11:30,5705.7
7/7/2025,11:45,5953.5
7/7/2025,12:00,5718.3
7/7/2025,12:15,5829.6
7/7/2025,12:30,6024.9
7/7/2025,12:45,6150.9
7/7/2025,13:00,5737.2
7/7/2025,13:15,6054.3
7/7/2025,13:30,5783.4
7/7/2025,13:45,8593.2
7/7/2025,14:00,6927.9
7/7/2025,14:15,8406.3
7/7/2025,14:30,9544.5
7/7/2025,14:45,9712.5
7/7/2025,15:00,9972.9
7/7/2025,15:15,10621.8
7/7/2025,15:30,10621.8
7/7/2025,15:45,10638.6
7/7/2025,16:00,10770.9
7/7/2025,16:15,10920
7/7/2025,16:30,10785.6
7/7/2025,16:45,10762.5
7/7/2025,17:00,10581.9
7/7/2025,17:15,10185
7/7/2025,17:30,9817.5
7/7/2025,17:45,10063.2
7/7/2025,18:00,10311
7/7/2025,18:15,10069.5
7/7/2025,18:30,10332
7/7/2025,18:45,10647
7/7/2025,19:00,10773
7/7/2025,19:15,10966.2
7/7/2025,19:30,11050.2
7/7/2025,19:45,10962
7/7/2025,20:00,10941
7/7/2025,20:15,10966.2
7/7/2025,20:30,10846.5
7/7/2025,20:45,10951.5
7/7/2025,21:00,10945.2
7/7/2025,21:15,10947.3
7/7/2025,21:30,10892.7
7/7/2025,21:45,10938.9
7/7/2025,22:00,10932.6
7/7/2025,22:15,10884.3
7/7/2025,22:30,10867.5
7/7/2025,22:45,10957.8
7/7/2025,23:00,10674.3
7/7/2025,23:15,10932.6
7/7/2025,23:30,10920
7/7/2025,23:45,10831.8
7/8/2025,0:00,10896.9
7/8/2025,0:15,10911.6
7/8/2025,0:30,10869.6
7/8/2025,0:45,10949.4
7/8/2025,1:00,10934.7
7/8/2025,1:15,10882.2
7/8/2025,1:30,10911.6
7/8/2025,1:45,10953.6
7/8/2025,2:00,10867.5
7/8/2025,2:15,10949.4
7/8/2025,2:30,10829.7
7/8/2025,2:45,10865.4
7/8/2025,3:00,10871.7
7/8/2025,3:15,10890.6
7/8/2025,3:30,10930.5
7/8/2025,3:45,10699.5
7/8/2025,4:00,10957.8
7/8/2025,4:15,10972.5
7/8/2025,4:30,10720.5
7/8/2025,4:45,10941
7/8/2025,5:00,10947.3
7/8/2025,5:15,10833.9
7/8/2025,5:30,10808.7
7/8/2025,5:45,10745.7
7/8/2025,6:00,10462.2
7/8/2025,6:15,10308.9
7/8/2025,6:30,9987.6
7/8/2025,6:45,9733.5
7/8/2025,7:00,9517.2
7/8/2025,7:15,9141.3
7/8/2025,7:30,8706.6
7/8/2025,7:45,8492.4
7/8/2025,8:00,8223.6
7/8/2025,8:15,7814.1
7/8/2025,8:30,7482.3
7/8/2025,8:45,7339.5
7/8/2025,9:00,7175.7
7/8/2025,9:15,6745.2
7/8/2025,9:30,6736.8
7/8/2025,9:45,6573
7/8/2025,10:00,6327.3
7/8/2025,10:15,6222.3
7/8/2025,10:30,5982.9
7/8/2025,10:45,5806.5
7/8/2025,11:00,5777.1
7/8/2025,11:15,6077.4
7/8/2025,11:30,5638.5
7/8/2025,11:45,5688.9
7/8/2025,12:00,5359.2
7/8/2025,12:15,9342.9
7/8/2025,12:30,5598.6
7/8/2025,12:45,8654.1
7/8/2025,13:00,5630.1
7/8/2025,13:15,8129.1
7/8/2025,13:30,6940.5
7/8/2025,13:45,6772.5
7/8/2025,14:00,6741
7/8/2025,14:15,6146.7
7/8/2025,14:30,5678.4
7/8/2025,14:45,8175.3
7/8/2025,15:00,6749.4
7/8/2025,15:15,6877.5
7/8/2025,15:30,8057.7
7/8/2025,15:45,7331.1
7/8/2025,16:00,7501.2
7/8/2025,16:15,7442.4
7/8/2025,16:30,8101.8
7/8/2025,16:45,8748.6
7/8/2025,17:00,8595.3
7/8/2025,17:15,10061.1
7/8/2025,17:30,9139.2
7/8/2025,17:45,9116.1
7/8/2025,18:00,9011.1
7/8/2025,18:15,10151.4
7/8/2025,18:30,10388.7
7/8/2025,18:45,10332
7/8/2025,19:00,10661.7
7/8/2025,19:15,10915.8
7/8/2025,19:30,10676.4
7/8/2025,19:45,10842.3
7/8/2025,20:00,10959.9
7/8/2025,20:15,10934.7
7/8/2025,20:30,10901.1
7/8/2025,20:45,10966.2
7/8/2025,21:00,10791.9
7/8/2025,21:15,10957.8
7/8/2025,21:30,10888.5
7/8/2025,21:45,10823.4
7/8/2025,22:00,10863.3
7/8/2025,22:15,10848.6
7/8/2025,22:30,10833.9
7/8/2025,22:45,10842.3
7/8/2025,23:00,10854.9
7/8/2025,23:15,10852.8
7/8/2025,23:30,10653.3
7/8/2025,23:45,10873.8
7/9/2025,0:00,10871.7
7/9/2025,0:15,10605
7/9/2025,0:30,10861.2
7/9/2025,0:45,10928.4
7/9/2025,1:00,10810.8
7/9/2025,1:15,10909.5
7/9/2025,1:30,10957.8
7/9/2025,1:45,10848.6
7/9/2025,2:00,10831.8
7/9/2025,2:15,10907.4
7/9/2025,2:30,10791.9
7/9/2025,2:45,10882.2
7/9/2025,3:00,10833.9
7/9/2025,3:15,10850.7
7/9/2025,3:30,10852.8
7/9/2025,3:45,10880.1
7/9/2025,4:00,10859.1
7/9/2025,4:15,10722.6
7/9/2025,4:30,10890.6
7/9/2025,4:45,10890.6
7/9/2025,5:00,10581.9
7/9/2025,5:15,10863.3
7/9/2025,5:30,10762.5
7/9/2025,5:45,10632.3
7/9/2025,6:00,10670.1
7/9/2025,6:15,10411.8
7/9/2025,6:30,10321.5
7/9/2025,6:45,10437
7/9/2025,7:00,10290
7/9/2025,7:15,9773.4
7/9/2025,7:30,9924.6
7/9/2025,7:45,9298.8
7/9/2025,8:00,9836.4
7/9/2025,8:15,9420.6
7/9/2025,8:30,8866.2
7/9/2025,8:45,9517.2
7/9/2025,9:00,8070.3
7/9/2025,9:15,9368.1
7/9/2025,9:30,6619.2
7/9/2025,9:45,8425.2
7/9/2025,10:00,8406.3
7/9/2025,10:15,9380.7
7/9/2025,10:30,9305.1
7/9/2025,10:45,5073.6
7/9/2025,11:00,6230.7
7/9/2025,11:15,9231.6
7/9/2025,11:30,8389.5
7/9/2025,11:45,7595.7
7/9/2025,12:00,5235.3
7/9/2025,12:15,5111.4
7/9/2025,12:30,5134.5
7/9/2025,12:45,5174.4
7/9/2025,13:00,5491.5
7/9/2025,13:15,5720.4
7/9/2025,13:30,6085.8
7/9/2025,13:45,6276.9
7/9/2025,14:00,5697.3
7/9/2025,14:15,5730.9
7/9/2025,14:30,5588.1
7/9/2025,14:45,6039.6
7/9/2025,15:00,6138.3
7/9/2025,15:15,6163.5
7/9/2025,15:30,6724.2
7/9/2025,15:45,7175.7
7/9/2025,16:00,9166.5
7/9/2025,16:15,8011.5
7/9/2025,16:30,8028.3
7/9/2025,16:45,8124.9
7/9/2025,17:00,8318.1
7/9/2025,17:15,8996.4
7/9/2025,17:30,9531.9
7/9/2025,17:45,9741.9
7/9/2025,18:00,9891
7/9/2025,18:15,10178.7
7/9/2025,18:30,10405.5
7/9/2025,18:45,10640.7
7/9/2025,19:00,10869.6
7/9/2025,19:15,10743.6
7/9/2025,19:30,10896.9
7/9/2025,19:45,10949.4
7/9/2025,20:00,10678.5
7/9/2025,20:15,10943.1
7/9/2025,20:30,10943.1
7/9/2025,20:45,10804.5
7/9/2025,21:00,10926.3
7/9/2025,21:15,10934.7
7/9/2025,21:30,10861.2
7/9/2025,21:45,10928.4
7/9/2025,22:00,10907.4
7/9/2025,22:15,10865.4
7/9/2025,22:30,10964.1
7/9/2025,22:45,10909.5
7/9/2025,23:00,10911.6
7/9/2025,23:15,10903.2
7/9/2025,23:30,10926.3
7/9/2025,23:45,10899
7/10/2025,0:00,10840.2
7/10/2025,0:15,10903.2
7/10/2025,0:30,10882.2
7/10/2025,0:45,10613.4
7/10/2025,1:00,10901.1
7/10/2025,1:15,10926.3
7/10/2025,1:30,10833.9
7/10/2025,1:45,10903.2
7/10/2025,2:00,10943.1
7/10/2025,2:15,10817.1
7/10/2025,2:30,10945.2
7/10/2025,2:45,10920
7/10/2025,3:00,10817.1
7/10/2025,3:15,10825.5
7/10/2025,3:30,10909.5
7/10/2025,3:45,10775.1
7/10/2025,4:00,10865.4
7/10/2025,4:15,10922.1
7/10/2025,4:30,10875.9
7/10/2025,4:45,10823.4
7/10/2025,5:00,10915.8
7/10/2025,5:15,10863.3
7/10/2025,5:30,10630.2
7/10/2025,5:45,10718.4
7/10/2025,6:00,10630.2
7/10/2025,6:15,10250.1
7/10/2025,6:30,10306.8
7/10/2025,6:45,9830.1
7/10/2025,7:00,9729.3
7/10/2025,7:15,10031.7
7/10/2025,7:30,8614.2
7/10/2025,7:45,8610
7/10/2025,8:00,8899.8
7/10/2025,8:15,7770
7/10/2025,8:30,7698.6
7/10/2025,8:45,7761.6
7/10/2025,9:00,7041.3
7/10/2025,9:15,7555.8
7/10/2025,9:30,6533.1
7/10/2025,9:45,6262.2
7/10/2025,10:00,6100.5
7/10/2025,10:15,6138.3
7/10/2025,10:30,5657.4
7/10/2025,10:45,5670
7/10/2025,11:00,8297.1
7/10/2025,11:15,6060.6
7/10/2025,11:30,7104.3
7/10/2025,11:45,8219.4
7/10/2025,12:00,7245
7/10/2025,12:15,10474.8
7/10/2025,12:30,7996.8
7/10/2025,12:45,7455
7/10/2025,13:00,5743.5
7/10/2025,13:15,5678.4
7/10/2025,13:30,8175.3
7/10/2025,13:45,6575.1
7/10/2025,14:00,5453.7
7/10/2025,14:15,9859.5
7/10/2025,14:30,6125.7
7/10/2025,14:45,5680.5
7/10/2025,15:00,9399.6
7/10/2025,15:15,8715
7/10/2025,15:30,7106.4
7/10/2025,15:45,7784.7
7/10/2025,16:00,9214.8
7/10/2025,16:15,9727.2
7/10/2025,16:30,8076.6
7/10/2025,16:45,8223.6
7/10/2025,17:00,8757
7/10/2025,17:15,8941.8
7/10/2025,17:30,9338.7
7/10/2025,17:45,9926.7
7/10/2025,18:00,10056.9
7/10/2025,18:15,10306.8
7/10/2025,18:30,10644.9
7/10/2025,18:45,10743.6
7/10/2025,19:00,10901.1
7/10/2025,19:15,10894.8
7/10/2025,19:30,10949.4
7/10/2025,19:45,10857
7/10/2025,20:00,10947.3
7/10/2025,20:15,10920
7/10/2025,20:30,10655.4
7/10/2025,20:45,10922.1
7/10/2025,21:00,10970.4
7/10/2025,21:15,10789.8
7/10/2025,21:30,10936.8
7/10/2025,21:45,10957.8
7/10/2025,22:00,10943.1
7/10/2025,22:15,10928.4
7/10/2025,22:30,10993.5
7/10/2025,22:45,10907.4
7/10/2025,23:00,10924.2
7/10/2025,23:15,10878
7/10/2025,23:30,10829.7
7/10/2025,23:45,10949.4
7/11/2025,0:00,10878
7/11/2025,0:15,10875.9
7/11/2025,0:30,10821.3
7/11/2025,0:45,10947.3
7/11/2025,1:00,10859.1
7/11/2025,1:15,10737.3
7/11/2025,1:30,10888.5
7/11/2025,1:45,10894.8
7/11/2025,2:00,10657.5
7/11/2025,2:15,10886.4
7/11/2025,2:30,10934.7
7/11/2025,2:45,10850.7
7/11/2025,3:00,10920
7/11/2025,3:15,10970.4
7/11/2025,3:30,10859.1
7/11/2025,3:45,10915.8
7/11/2025,4:00,10938.9
7/11/2025,4:15,10926.3
7/11/2025,4:30,10955.7
7/11/2025,4:45,10896.9
7/11/2025,5:00,10884.3
7/11/2025,5:15,10802.4
7/11/2025,5:30,10785.6
7/11/2025,5:45,10720.5
7/11/2025,6:00,10392.9
7/11/2025,6:15,10367.7
7/11/2025,6:30,10311
7/11/2025,6:45,9960.3
7/11/2025,7:00,9983.4
7/11/2025,7:15,10033.8
7/11/2025,7:30,8975.4
7/11/2025,7:45,8759.1
7/11/2025,8:00,8925
7/11/2025,8:15,8649.9
7/11/2025,8:30,8723.4
7/11/2025,8:45,8007.3
7/11/2025,9:00,7612.5
7/11/2025,9:15,8643.6
7/11/2025,9:30,7308
7/11/2025,9:45,8618.4
7/11/2025,10:00,6161.4
7/11/2025,10:15,9347.1
7/11/2025,10:30,8265.6
7/11/2025,10:45,6033.3
7/11/2025,11:00,5100.9
7/11/2025,11:15,5493.6
7/11/2025,11:30,5762.4
7/11/2025,11:45,8708.7
7/11/2025,12:00,7469.7
7/11/2025,12:15,8717.1
7/11/2025,12:30,9345
7/11/2025,12:45,5390.7
7/11/2025,13:00,5300.4
7/11/2025,13:15,6816.6
7/11/2025,13:30,5955.6
7/11/2025,13:45,6438.6
7/11/2025,14:00,5653.2
7/11/2025,14:15,5806.5
7/11/2025,14:30,6358.8
7/11/2025,14:45,9825.9
7/11/2025,15:00,8981.7
7/11/2025,15:15,6453.3
7/11/2025,15:30,9508.8
7/11/2025,15:45,7184.1
7/11/2025,16:00,7940.1
7/11/2025,16:15,7347.9
7/11/2025,16:30,9252.6
7/11/2025,16:45,9405.9
7/11/2025,17:00,8597.4
7/11/2025,17:15,9420.6
7/11/2025,17:30,9538.2
7/11/2025,17:45,9510.9
7/11/2025,18:00,9951.9
7/11/2025,18:15,10101
7/11/2025,18:30,10313.1
7/11/2025,18:45,10518.9
7/11/2025,19:00,10699.5
7/11/2025,19:15,10762.5
7/11/2025,19:30,10875.9
7/11/2025,19:45,10882.2
7/11/2025,20:00,10857
7/11/2025,20:15,10794
7/11/2025,20:30,10878
7/11/2025,20:45,10861.2
7/11/2025,21:00,10659.6
7/11/2025,21:15,10861.2
7/11/2025,21:30,10905.3
7/11/2025,21:45,10581.9
7/11/2025,22:00,10846.5
7/11/2025,22:15,10882.2
7/11/2025,22:30,10798.2
7/11/2025,22:45,10831.8
7/11/2025,23:00,10957.8
7/11/2025,23:15,10831.8
7/11/2025,23:30,10848.6
7/11/2025,23:45,10880.1
7/12/2025,0:00,10764.6
7/12/2025,0:15,10865.4
7/12/2025,0:30,10848.6
7/12/2025,0:45,10787.7
7/12/2025,1:00,10825.5
7/12/2025,1:15,10819.2
7/12/2025,1:30,10783.5
7/12/2025,1:45,10733.1
7/12/2025,2:00,10829.7
7/12/2025,2:15,10894.8
7/12/2025,2:30,10550.4
7/12/2025,2:45,10846.5
7/12/2025,3:00,10888.5
7/12/2025,3:15,10726.8
7/12/2025,3:30,10848.6
7/12/2025,3:45,10909.5
7/12/2025,4:00,10827.6
7/12/2025,4:15,10833.9
7/12/2025,4:30,10886.4
7/12/2025,4:45,10764.6
7/12/2025,5:00,10888.5
7/12/2025,5:15,10825.5
7/12/2025,5:30,10722.6
7/12/2025,5:45,10684.8
7/12/2025,6:00,10548.3
7/12/2025,6:15,10365.6
7/12/2025,6:30,10245.9
7/12/2025,6:45,10130.4
7/12/2025,7:00,10201.8
7/12/2025,7:15,9534
7/12/2025,7:30,10019.1
7/12/2025,7:45,9590.7
7/12/2025,8:00,10241.7
7/12/2025,8:15,8387.4
7/12/2025,8:30,7196.7
7/12/2025,8:45,7572.6
7/12/2025,9:00,8578.5
7/12/2025,9:15,8996.4
7/12/2025,9:30,8225.7
7/12/2025,9:45,8742.3
7/12/2025,10:00,8939.7
7/12/2025,10:15,7707
7/12/2025,10:30,8792.7
7/12/2025,10:45,7671.3
7/12/2025,11:00,6965.7
7/12/2025,11:15,7060.2
7/12/2025,11:30,5023.2
7/12/2025,11:45,8977.5
7/12/2025,12:00,6356.7
7/12/2025,12:15,9114
7/12/2025,12:30,6520.5
7/12/2025,12:45,7791
7/12/2025,13:00,7534.8
7/12/2025,13:15,9256.8
7/12/2025,13:30,9500.4
7/12/2025,13:45,6318.9
7/12/2025,14:00,9227.4
7/12/2025,14:15,6111
7/12/2025,14:30,9645.3
7/12/2025,14:45,9412.2
7/12/2025,15:00,5764.5
7/12/2025,15:15,6663.3
7/12/2025,15:30,8643.6
7/12/2025,15:45,6808.2
7/12/2025,16:00,7933.8
7/12/2025,16:15,8003.1
7/12/2025,16:30,9603.3
7/12/2025,16:45,8242.5
7/12/2025,17:00,8857.8
7/12/2025,17:15,9069.9
7/12/2025,17:30,9208.5
7/12/2025,17:45,9804.9
7/12/2025,18:00,10124.1
7/12/2025,18:15,10269
7/12/2025,18:30,10588.2
7/12/2025,18:45,10819.2
7/12/2025,19:00,10808.7
7/12/2025,19:15,10957.8
7/12/2025,19:30,11004
7/12/2025,19:45,10901.1
7/12/2025,20:00,10913.7
7/12/2025,20:15,10886.4
7/12/2025,20:30,10794
7/12/2025,20:45,10913.7
7/12/2025,21:00,10873.8
7/12/2025,21:15,10878
7/12/2025,21:30,10670.1
7/12/2025,21:45,10888.5
7/12/2025,22:00,9160.2
7/12/2025,22:15,8887.2
7/12/2025,22:30,9177
7/12/2025,22:45,10974.6
7/12/2025,23:00,10710
7/12/2025,23:15,10825.5
7/12/2025,23:30,10878
7/12/2025,23:45,10720.5
7/13/2025,0:00,10817.1
7/13/2025,0:15,9223.2
7/13/2025,0:30,10783.5
7/13/2025,0:45,10924.2
7/13/2025,1:00,10846.5
7/13/2025,1:15,10871.7
7/13/2025,1:30,10917.9
7/13/2025,1:45,10962
7/13/2025,2:00,10875.9
7/13/2025,2:15,10873.8
7/13/2025,2:30,10945.2
7/13/2025,2:45,10920
7/13/2025,3:00,10724.7
7/13/2025,3:15,10882.2
7/13/2025,3:30,10936.8
7/13/2025,3:45,10810.8
7/13/2025,4:00,10945.2
7/13/2025,4:15,11018.7
7/13/2025,4:30,10905.3
7/13/2025,4:45,10926.3
7/13/2025,5:00,11001.9
7/13/2025,5:15,10846.5
7/13/2025,5:30,10775.1
7/13/2025,5:45,10745.7
7/13/2025,6:00,10430.7
7/13/2025,6:15,10376.1
7/13/2025,6:30,10069.5
7/13/2025,6:45,9752.4
7/13/2025,7:00,9487.8
7/13/2025,7:15,9170.7
7/13/2025,7:30,8933.4
7/13/2025,7:45,8435.7
7/13/2025,8:00,8164.8
7/13/2025,8:15,8026.2
7/13/2025,8:30,7270.2
7/13/2025,8:45,7301.7
7/13/2025,9:00,7203
7/13/2025,9:15,6957.3
7/13/2025,9:30,6816.6
7/13/2025,9:45,6713.7
7/13/2025,10:00,6302.1
7/13/2025,10:15,6484.8
7/13/2025,10:30,6224.4
7/13/2025,10:45,6075.3
7/13/2025,11:00,5978.7
7/13/2025,11:15,6333.6
7/13/2025,11:30,5817
7/13/2025,11:45,5808.6
7/13/2025,12:00,5775
7/13/2025,12:15,5871.6
7/13/2025,12:30,6174
7/13/2025,12:45,5947.2
7/13/2025,13:00,5938.8
7/13/2025,13:15,5754
7/13/2025,13:30,6098.4
7/13/2025,13:45,6180.3
7/13/2025,14:00,6136.2
7/13/2025,14:15,6850.2
7/13/2025,14:30,6545.7
7/13/2025,14:45,6717.9
7/13/2025,15:00,6915.3
7/13/2025,15:15,6938.4
7/13/2025,15:30,7274.4
7/13/2025,15:45,7385.7
7/13/2025,16:00,9492
7/13/2025,16:15,9168.6
7/13/2025,16:30,8215.2
7/13/2025,16:45,8555.4
7/13/2025,17:00,8939.7
7/13/2025,17:15,9193.8
7/13/2025,17:30,9611.7
7/13/2025,17:45,9840.6
7/13/2025,18:00,9941.4
7/13/2025,18:15,10336.2
7/13/2025,18:30,10539.9
7/13/2025,18:45,10560.9
7/13/2025,19:00,10854.9
7/13/2025,19:15,10905.3
7/13/2025,19:30,10899
7/13/2025,19:45,10959.9
7/13/2025,20:00,10978.8
7/13/2025,20:15,10964.1
7/13/2025,20:30,11027.1
7/13/2025,20:45,10989.3
7/13/2025,21:00,10924.2
7/13/2025,21:15,10972.5
7/13/2025,21:30,10951.5
7/13/2025,21:45,10899
7/13/2025,22:00,10926.3
7/13/2025,22:15,10901.1
7/13/2025,22:30,10941
7/13/2025,22:45,10724.7
7/13/2025,23:00,10909.5
7/13/2025,23:15,10907.4
7/13/2025,23:30,10699.5
7/13/2025,23:45,10909.5
7/14/2025,0:00,10920
7/14/2025,0:15,10787.7
7/14/2025,0:30,10976.7
7/14/2025,0:45,10991.4
7/14/2025,1:00,10827.6
7/14/2025,1:15,10907.4
7/14/2025,1:30,10943.1
7/14/2025,1:45,10833.9
7/14/2025,2:00,10901.1
7/14/2025,2:15,10880.1
7/14/2025,2:30,10817.1
7/14/2025,2:45,10821.3
7/14/2025,3:00,10836
7/14/2025,3:15,10821.3
7/14/2025,3:30,10777.2
7/14/2025,3:45,10865.4
7/14/2025,4:00,10901.1
7/14/2025,4:15,10605
7/14/2025,4:30,10905.3
7/14/2025,4:45,10949.4
7/14/2025,5:00,10821.3
7/14/2025,5:15,10899
7/14/2025,5:30,10922.1
7/14/2025,5:45,10712.1
7/14/2025,6:00,10605
7/14/2025,6:15,10405.5
7/14/2025,6:30,10136.7
7/14/2025,6:45,9949.8
7/14/2025,7:00,9702
7/14/2025,7:15,9202.2
7/14/2025,7:30,9013.2
7/14/2025,7:45,8775.9
7/14/2025,8:00,8368.5
7/14/2025,8:15,6480.6
7/14/2025,8:30,7990.5
7/14/2025,8:45,7503.3
7/14/2025,9:00,7064.4
7/14/2025,9:15,7112.7
7/14/2025,9:30,6955.2
7/14/2025,9:45,6598.2
7/14/2025,10:00,6953.1
7/14/2025,10:15,6533.1
7/14/2025,10:30,8080.8
7/14/2025,10:45,7219.8
7/14/2025,11:00,6027
7/14/2025,11:15,6052.2
7/14/2025,11:30,6234.9
7/14/2025,11:45,7528.5
7/14/2025,12:00,5890.5
7/14/2025,12:15,6934.2
7/14/2025,12:30,8265.6
7/14/2025,12:45,8211
7/14/2025,13:00,8145.9
7/14/2025,13:15,7182
7/14/2025,13:30,5955.6
7/14/2025,13:45,5953.5
7/14/2025,14:00,6955.2
7/14/2025,14:15,6423.9
7/14/2025,14:30,5911.5
7/14/2025,14:45,6297.9
7/14/2025,15:00,6797.7
7/14/2025,15:15,6854.4
7/14/2025,15:30,7681.8
7/14/2025,15:45,6927.9
7/14/2025,16:00,7482.3
7/14/2025,16:15,7887.6
7/14/2025,16:30,8282.4
7/14/2025,16:45,8439.9
7/14/2025,17:00,8700.3
7/14/2025,17:15,9370.2
7/14/2025,17:30,10006.5
7/14/2025,17:45,9603.3
7/14/2025,18:00,10050.6
7/14/2025,18:15,10168.2
7/14/2025,18:30,10523.1
7/14/2025,18:45,10642.8
7/14/2025,19:00,10850.7
7/14/2025,19:15,10626
7/14/2025,19:30,10871.7
7/14/2025,19:45,10915.8
7/14/2025,20:00,10817.1
7/14/2025,20:15,10899
7/14/2025,20:30,10995.6
7/14/2025,20:45,10831.8
7/14/2025,21:00,10936.8
7/14/2025,21:15,10983
7/14/2025,21:30,10903.2
7/14/2025,21:45,10947.3
7/14/2025,22:00,10920
7/14/2025,22:15,10844.4
7/14/2025,22:30,10947.3
7/14/2025,22:45,10894.8
7/14/2025,23:00,10959.9
7/14/2025,23:15,10779.3
7/14/2025,23:30,10884.3
7/14/2025,23:45,10873.8
7/15/2025,0:00,10653.3
7/15/2025,0:15,10878
7/15/2025,0:30,10934.7
7/15/2025,0:45,10794
7/15/2025,1:00,10909.5
7/15/2025,1:15,10920
7/15/2025,1:30,10802.4
7/15/2025,1:45,10924.2
7/15/2025,2:00,10930.5
7/15/2025,2:15,10819.2
7/15/2025,2:30,10848.6
7/15/2025,2:45,10903.2
7/15/2025,3:00,10831.8
7/15/2025,3:15,10932.6
7/15/2025,3:30,10880.1
7/15/2025,3:45,10852.8
7/15/2025,4:00,10817.1
7/15/2025,4:15,10941
7/15/2025,4:30,10936.8
7/15/2025,4:45,10657.5
7/15/2025,5:00,10968.3
7/15/2025,5:15,10890.6
7/15/2025,5:30,10668
7/15/2025,5:45,10806.6
7/15/2025,6:00,10764.6
7/15/2025,6:15,10411.8
7/15/2025,6:30,10256.4
7/15/2025,6:45,10191.3
7/15/2025,7:00,9714.6
7/15/2025,7:15,9531.9
7/15/2025,7:30,9240
7/15/2025,7:45,8937.6
7/15/2025,8:00,8759.1
7/15/2025,8:15,8219.4
7/15/2025,8:30,7940.1
7/15/2025,8:45,7984.2
7/15/2025,9:00,7509.6
7/15/2025,9:15,7389.9
7/15/2025,9:30,6988.8
7/15/2025,9:45,6652.8
7/15/2025,10:00,6696.9
7/15/2025,10:15,8658.3
7/15/2025,10:30,6180.3
7/15/2025,10:45,5953.5
7/15/2025,11:00,6289.5
7/15/2025,11:15,5938.8
7/15/2025,11:30,6673.8
7/15/2025,11:45,6108.9
7/15/2025,12:00,8836.8
7/15/2025,12:15,5844.3
7/15/2025,12:30,5625.9
7/15/2025,12:45,7818.3
7/15/2025,13:00,7971.6
7/15/2025,13:15,6050.1
7/15/2025,13:30,8656.2
7/15/2025,13:45,8259.3
7/15/2025,14:00,6190.8
7/15/2025,14:15,6501.6
7/15/2025,14:30,6869.1
7/15/2025,14:45,6323.1
7/15/2025,15:00,7373.1
7/15/2025,15:15,9019.5
7/15/2025,15:30,8872.5
7/15/2025,15:45,8536.5
7/15/2025,16:00,8733.9
7/15/2025,16:15,9210.6
7/15/2025,16:30,9594.9
7/15/2025,16:45,9492
7/15/2025,17:00,9771.3
7/15/2025,17:15,9844.8
7/15/2025,17:30,10090.5
7/15/2025,17:45,9651.6
7/15/2025,18:00,10245.9
7/15/2025,18:15,10458
7/15/2025,18:30,10605
7/15/2025,18:45,10657.5
7/15/2025,19:00,10726.8
7/15/2025,19:15,10871.7
7/15/2025,19:30,10964.1
7/15/2025,19:45,10707.9
7/15/2025,20:00,10930.5
7/15/2025,20:15,10941
7/15/2025,20:30,10777.2
7/15/2025,20:45,10878
7/15/2025,21:00,10947.3
7/15/2025,21:15,10838.1
7/15/2025,21:30,10833.9
7/15/2025,21:45,10926.3
7/15/2025,22:00,10844.4
7/15/2025,22:15,10970.4
7/15/2025,22:30,10947.3
7/15/2025,22:45,10907.4
7/15/2025,23:00,10901.1
7/15/2025,23:15,10882.2
7/15/2025,23:30,10842.3
7/15/2025,23:45,10791.9
7/16/2025,0:00,10865.4
7/16/2025,0:15,10796.1
7/16/2025,0:30,10693.2
7/16/2025,0:45,10865.4
7/16/2025,1:00,10865.4
7/16/2025,1:15,10600.8
7/16/2025,1:30,10878
7/16/2025,1:45,10884.3
7/16/2025,2:00,10762.5
7/16/2025,2:15,10867.5
7/16/2025,2:30,10911.6
7/16/2025,2:45,10840.2
7/16/2025,3:00,10857
7/16/2025,3:15,10892.7
7/16/2025,3:30,10808.7
7/16/2025,3:45,10890.6
7/16/2025,4:00,10890.6
7/16/2025,4:15,10812.9
7/16/2025,4:30,10869.6
7/16/2025,4:45,10838.1
7/16/2025,5:00,10808.7
7/16/2025,5:15,10785.6
7/16/2025,5:30,10760.4
7/16/2025,5:45,10674.3
7/16/2025,6:00,10283.7
7/16/2025,6:15,10466.4
7/16/2025,6:30,10300.5
7/16/2025,6:45,10222.8
7/16/2025,7:00,9993.9
7/16/2025,7:15,10012.8
7/16/2025,7:30,9838.5
7/16/2025,7:45,9958.2
7/16/2025,8:00,9989.7
7/16/2025,8:15,9586.5
7/16/2025,8:30,9613.8
7/16/2025,8:45,8612.1
7/16/2025,9:00,7917
7/16/2025,9:15,7625.1
7/16/2025,9:30,7444.5
7/16/2025,9:45,6667.5
7/16/2025,10:00,6461.7
7/16/2025,10:15,7146.3
7/16/2025,10:30,6447
7/16/2025,10:45,6554.1
7/16/2025,11:00,7528.5
7/16/2025,11:15,6722.1
7/16/2025,11:30,5686.8
7/16/2025,11:45,6006
7/16/2025,12:00,6106.8
7/16/2025,12:15,6037.5
7/16/2025,12:30,6155.1
7/16/2025,12:45,6125.7
7/16/2025,13:00,5869.5
7/16/2025,13:15,5859
7/16/2025,13:30,6837.6
7/16/2025,13:45,8229.9
7/16/2025,14:00,7677.6
7/16/2025,14:15,6461.7
7/16/2025,14:30,8899.8
7/16/2025,14:45,7041.3
7/16/2025,15:00,8565.9
7/16/2025,15:15,6795.6
7/16/2025,15:30,7406.7
7/16/2025,15:45,7877.1
7/16/2025,16:00,8895.6
7/16/2025,16:15,8696.1
7/16/2025,16:30,8597.4
7/16/2025,16:45,9416.4
7/16/2025,17:00,10359.3
7/16/2025,17:15,10470.6
7/16/2025,17:30,10369.8
7/16/2025,17:45,10119.9
7/16/2025,18:00,10512.6
7/16/2025,18:15,10764.6
7/16/2025,18:30,10689
7/16/2025,18:45,10735.2
7/16/2025,19:00,10695.3
7/16/2025,19:15,10684.8
7/16/2025,19:30,10875.9
7/16/2025,19:45,10875.9
7/16/2025,20:00,10924.2
7/16/2025,20:15,10796.1
7/16/2025,20:30,10836
7/16/2025,20:45,10959.9
7/16/2025,21:00,10571.4
7/16/2025,21:15,10781.4
7/16/2025,21:30,10894.8
7/16/2025,21:45,10779.3
7/16/2025,22:00,10894.8
7/16/2025,22:15,10964.1
7/16/2025,22:30,10831.8
7/16/2025,22:45,10873.8
7/16/2025,23:00,10913.7
7/16/2025,23:15,10838.1
7/16/2025,23:30,10913.7
7/16/2025,23:45,10821.3
7/17/2025,0:00,10823.4
7/17/2025,0:15,10894.8
7/17/2025,0:30,10865.4
7/17/2025,0:45,10852.8
7/17/2025,1:00,10817.1
7/17/2025,1:15,10892.7
7/17/2025,1:30,10823.4
7/17/2025,1:45,10581.9
7/17/2025,2:00,10817.1
7/17/2025,2:15,10867.5
7/17/2025,2:30,10762.5
7/17/2025,2:45,10827.6
7/17/2025,3:00,10903.2
7/17/2025,3:15,10819.2
7/17/2025,3:30,10886.4
7/17/2025,3:45,10920
7/17/2025,4:00,10791.9
7/17/2025,4:15,10926.3
7/17/2025,4:30,10825.5
7/17/2025,4:45,10810.8
7/17/2025,5:00,10875.9
7/17/2025,5:15,10873.8
7/17/2025,5:30,10752
7/17/2025,5:45,10607.1
7/17/2025,6:00,10556.7
7/17/2025,6:15,10487.4
7/17/2025,6:30,10040.1
7/17/2025,6:45,10245.9
7/17/2025,7:00,10367.7
7/17/2025,7:15,9565.5
7/17/2025,7:30,9303
7/17/2025,7:45,8532.3
7/17/2025,8:00,9275.7
7/17/2025,8:15,9231.6
7/17/2025,8:30,9135
7/17/2025,8:45,8708.7
7/17/2025,9:00,8204.7
7/17/2025,9:15,8679.3
7/17/2025,9:30,6245.4
7/17/2025,9:45,7123.2
7/17/2025,10:00,8175.3
7/17/2025,10:15,5959.8
7/17/2025,10:30,8754.9
7/17/2025,10:45,6279
7/17/2025,11:00,7709.1
7/17/2025,11:15,5481
7/17/2025,11:30,6730.5
7/17/2025,11:45,7150.5
7/17/2025,12:00,5082
7/17/2025,12:15,6104.7
7/17/2025,12:30,5100.9
7/17/2025,12:45,6705.3
7/17/2025,13:00,8145.9
7/17/2025,13:15,8059.8
7/17/2025,13:30,5638.5
7/17/2025,13:45,5762.4
7/17/2025,14:00,5579.7
7/17/2025,14:15,7278.6
7/17/2025,14:30,6369.3
7/17/2025,14:45,6312.6
7/17/2025,15:00,6514.2
7/17/2025,15:15,7098
7/17/2025,15:30,7566.3
7/17/2025,15:45,7765.8
7/17/2025,16:00,7587.3
7/17/2025,16:15,7858.2
7/17/2025,16:30,8097.6
7/17/2025,16:45,8089.2
7/17/2025,17:00,8769.6
7/17/2025,17:15,9040.5
7/17/2025,17:30,9263.1
7/17/2025,17:45,9731.4
7/17/2025,18:00,10027.5
7/17/2025,18:15,10264.8
7/17/2025,18:30,10506.3
7/17/2025,18:45,10684.8
7/17/2025,19:00,10731
7/17/2025,19:15,10934.7
7/17/2025,19:30,10836
7/17/2025,19:45,10838.1
7/17/2025,20:00,10848.6
7/17/2025,20:15,10836
7/17/2025,20:30,10833.9
7/17/2025,20:45,10770.9
7/17/2025,21:00,10854.9
7/17/2025,21:15,10836
7/17/2025,21:30,10542
7/17/2025,21:45,10823.4
7/17/2025,22:00,10852.8
7/17/2025,22:15,10728.9
7/17/2025,22:30,10819.2
7/17/2025,22:45,10888.5
7/17/2025,23:00,10783.5
7/17/2025,23:15,10812.9
7/17/2025,23:30,10896.9
7/17/2025,23:45,10754.1
7/18/2025,0:00,10878
7/18/2025,0:15,10905.3
7/18/2025,0:30,10768.8
7/18/2025,0:45,10827.6
7/18/2025,1:00,10770.9
7/18/2025,1:15,10781.4
7/18/2025,1:30,10743.6
7/18/2025,1:45,10823.4
7/18/2025,2:00,10789.8
7/18/2025,2:15,10542
7/18/2025,2:30,10787.7
7/18/2025,2:45,10785.6
7/18/2025,3:00,10565.1
7/18/2025,3:15,10815
7/18/2025,3:30,10798.2
7/18/2025,3:45,10737.3
7/18/2025,4:00,10840.2
7/18/2025,4:15,10892.7
7/18/2025,4:30,10798.2
7/18/2025,4:45,10850.7
7/18/2025,5:00,10829.7
7/18/2025,5:15,10724.7
7/18/2025,5:30,10754.1
7/18/2025,5:45,10592.4
7/18/2025,6:00,10390.8
7/18/2025,6:15,10264.8
7/18/2025,6:30,10050.6
7/18/2025,6:45,9729.3
7/18/2025,7:00,9342.9
7/18/2025,7:15,9172.8
7/18/2025,7:30,8864.1
7/18/2025,7:45,8332.8
7/18/2025,8:00,8391.6
7/18/2025,8:15,8129.1
7/18/2025,8:30,7553.7
7/18/2025,8:45,7476
7/18/2025,9:00,7116.9
7/18/2025,9:15,6814.5
7/18/2025,9:30,6738.9
7/18/2025,9:45,6489
7/18/2025,10:00,6255.9
7/18/2025,10:15,6237
7/18/2025,10:30,6016.5
7/18/2025,10:45,5985
7/18/2025,11:00,6392.4
7/18/2025,11:15,6388.2
7/18/2025,11:30,5592.3
7/18/2025,11:45,5676.3
7/18/2025,12:00,5730.9
7/18/2025,12:15,5709.9
7/18/2025,12:30,5226.9
7/18/2025,12:45,5346.6
7/18/2025,13:00,8521.8
7/18/2025,13:15,5516.7
7/18/2025,13:30,6121.5
7/18/2025,13:45,6274.8
7/18/2025,14:00,5852.7
7/18/2025,14:15,6533.1
7/18/2025,14:30,6921.6
7/18/2025,14:45,6423.9
7/18/2025,15:00,7035
7/18/2025,15:15,7070.7
7/18/2025,15:30,7018.2
7/18/2025,15:45,7501.2
7/18/2025,16:00,7602
7/18/2025,16:15,8007.3
7/18/2025,16:30,8341.2
7/18/2025,16:45,8534.4
7/18/2025,17:00,8845.2
7/18/2025,17:15,8977.5
7/18/2025,17:30,9454.2
7/18/2025,17:45,9781.8
7/18/2025,18:00,9838.5
7/18/2025,18:15,10273.2
7/18/2025,18:30,10510.5
7/18/2025,18:45,10542
7/18/2025,19:00,10718.4
7/18/2025,19:15,10802.4
7/18/2025,19:30,10787.7
7/18/2025,19:45,10842.3
7/18/2025,20:00,10810.8
7/18/2025,20:15,10785.6
7/18/2025,20:30,10741.5
7/18/2025,20:45,10804.5
7/18/2025,21:00,10762.5
7/18/2025,21:15,10777.2
7/18/2025,21:30,10842.3
7/18/2025,21:45,10802.4
7/18/2025,22:00,10663.8
7/18/2025,22:15,10836
7/18/2025,22:30,10838.1
7/18/2025,22:45,10539.9
7/18/2025,23:00,10779.3
7/18/2025,23:15,10871.7
7/18/2025,23:30,10733.1
7/18/2025,23:45,10842.3
7/19/2025,0:00,10844.4
7/19/2025,0:15,10752
7/19/2025,0:30,10815
7/19/2025,0:45,10787.7
7/19/2025,1:00,10720.5
7/19/2025,1:15,10815
7/19/2025,1:30,10777.2
7/19/2025,1:45,10726.8
7/19/2025,2:00,10758.3
7/19/2025,2:15,10758.3
7/19/2025,2:30,10754.1
7/19/2025,2:45,10651.2
7/19/2025,3:00,10773
7/19/2025,3:15,10787.7
7/19/2025,3:30,10571.4
7/19/2025,3:45,10775.1
7/19/2025,4:00,10833.9
7/19/2025,4:15,10647
7/19/2025,4:30,10812.9
7/19/2025,4:45,10846.5
7/19/2025,5:00,10697.4
7/19/2025,5:15,10808.7
7/19/2025,5:30,10745.7
7/19/2025,5:45,10542
7/19/2025,6:00,10464.3
7/19/2025,6:15,10227
7/19/2025,6:30,9893.1
7/19/2025,6:45,9689.4
7/19/2025,7:00,9258.9
7/19/2025,7:15,9004.8
7/19/2025,7:30,8736
7/19/2025,7:45,8402.1
7/19/2025,8:00,8051.4
7/19/2025,8:15,7505.4
7/19/2025,8:30,7320.6
7/19/2025,8:45,7188.3
7/19/2025,9:00,6783
7/19/2025,9:15,6797.7
7/19/2025,9:30,6665.4
7/19/2025,9:45,6369.3
7/19/2025,10:00,6184.5
7/19/2025,10:15,6289.5
7/19/2025,10:30,6125.7
7/19/2025,10:45,6129.9
7/19/2025,11:00,6041.7
7/19/2025,11:15,5856.9
7/19/2025,11:30,5846.4
7/19/2025,11:45,5806.5
7/19/2025,12:00,5697.3
7/19/2025,12:15,7423.5
7/19/2025,12:30,7541.1
7/19/2025,12:45,5756.1
7/19/2025,13:00,5623.8
7/19/2025,13:15,6003.9
7/19/2025,13:30,7123.2
7/19/2025,13:45,8343.3
7/19/2025,14:00,9095.1
7/19/2025,14:15,6279
7/19/2025,14:30,8836.8
7/19/2025,14:45,6430.2
7/19/2025,15:00,9004.8
7/19/2025,15:15,9601.2
7/19/2025,15:30,9590.7
7/19/2025,15:45,9464.7
7/19/2025,16:00,6081.6
7/19/2025,16:15,8198.4
7/19/2025,16:30,8488.2
7/19/2025,16:45,8043
7/19/2025,17:00,9185.4
7/19/2025,17:15,9660
7/19/2025,17:30,9590.7
7/19/2025,17:45,10096.8
7/19/2025,18:00,10143
7/19/2025,18:15,10424.4
7/19/2025,18:30,10164
7/19/2025,18:45,10449.6
7/19/2025,19:00,10815
7/19/2025,19:15,10731
7/19/2025,19:30,10802.4
7/19/2025,19:45,10903.2
7/19/2025,20:00,10739.4
7/19/2025,20:15,10882.2
7/19/2025,20:30,10871.7
7/19/2025,20:45,10749.9
7/19/2025,21:00,10789.8
7/19/2025,21:15,10823.4
7/19/2025,21:30,10693.2
7/19/2025,21:45,10836
7/19/2025,22:00,10764.6
7/19/2025,22:15,10806.6
7/19/2025,22:30,10779.3
7/19/2025,22:45,10880.1
7/19/2025,23:00,10779.3
7/19/2025,23:15,10567.2
7/19/2025,23:30,10863.3
7/19/2025,23:45,10873.8
7/20/2025,0:00,10710
7/20/2025,0:15,10884.3
7/20/2025,0:30,10917.9
7/20/2025,0:45,10812.9
7/20/2025,1:00,10873.8
7/20/2025,1:15,10901.1
7/20/2025,1:30,10808.7
7/20/2025,1:45,10903.2
7/20/2025,2:00,10827.6
7/20/2025,2:15,10783.5
7/20/2025,2:30,10806.6
7/20/2025,2:45,10829.7
7/20/2025,3:00,10783.5
7/20/2025,3:15,10840.2
7/20/2025,3:30,10810.8
7/20/2025,3:45,10829.7
7/20/2025,4:00,10596.6
7/20/2025,4:15,10890.6
7/20/2025,4:30,10873.8
7/20/2025,4:45,10670.1
7/20/2025,5:00,10857
7/20/2025,5:15,10894.8
7/20/2025,5:30,10710
7/20/2025,5:45,10722.6
7/20/2025,6:00,10632.3
7/20/2025,6:15,10306.8
7/20/2025,6:30,10092.6
7/20/2025,6:45,9758.7
7/20/2025,7:00,9296.7
7/20/2025,7:15,9139.2
7/20/2025,7:30,8708.7
7/20/2025,7:45,8322.3
7/20/2025,8:00,8034.6
7/20/2025,8:15,7812
7/20/2025,8:30,7473.9
7/20/2025,8:45,7125.3
7/20/2025,9:00,6963.6
7/20/2025,9:15,6860.7
7/20/2025,9:30,6356.7
7/20/2025,9:45,6470.1
7/20/2025,10:00,6390.3
7/20/2025,10:15,6115.2
7/20/2025,10:30,6073.2
7/20/2025,10:45,6075.3
7/20/2025,11:00,5911.5
7/20/2025,11:15,5888.4
7/20/2025,11:30,5894.7
7/20/2025,11:45,5714.1
7/20/2025,12:00,5865.3
7/20/2025,12:15,6818.7
7/20/2025,12:30,5348.7
7/20/2025,12:45,5006.4
7/20/2025,13:00,9376.5
7/20/2025,13:15,8408.4
7/20/2025,13:30,5037.9
7/20/2025,13:45,5432.7
7/20/2025,14:00,6323.1
7/20/2025,14:15,8773.8
7/20/2025,14:30,9687.3
7/20/2025,14:45,5556.6
7/20/2025,15:00,6220.2
7/20/2025,15:15,8790.6
7/20/2025,15:30,7211.4
7/20/2025,15:45,9727.2
7/20/2025,16:00,7211.4
7/20/2025,16:15,7578.9
7/20/2025,16:30,8043
7/20/2025,16:45,8673
7/20/2025,17:00,9426.9
7/20/2025,17:15,8908.2
7/20/2025,17:30,9263.1
7/20/2025,17:45,9630.6
7/20/2025,18:00,9951.9
7/20/2025,18:15,10233.3
7/20/2025,18:30,10483.2
7/20/2025,18:45,10737.3
7/20/2025,19:00,10579.8
7/20/2025,19:15,10888.5
7/20/2025,19:30,10964.1
7/20/2025,19:45,10770.9
7/20/2025,20:00,10890.6
7/20/2025,20:15,10932.6
7/20/2025,20:30,10850.7
7/20/2025,20:45,10917.9
7/20/2025,21:00,10901.1
7/20/2025,21:15,10833.9
7/20/2025,21:30,10798.2
7/20/2025,21:45,10863.3
7/20/2025,22:00,10764.6
7/20/2025,22:15,10833.9
7/20/2025,22:30,10833.9
7/20/2025,22:45,10804.5
7/20/2025,23:00,10754.1
7/20/2025,23:15,10865.4
7/20/2025,23:30,10842.3
7/20/2025,23:45,10720.5
7/21/2025,0:00,10846.5
7/21/2025,0:15,10852.8
7/21/2025,0:30,10563
7/21/2025,0:45,10808.7
7/21/2025,1:00,10833.9
7/21/2025,1:15,10773
7/21/2025,1:30,10846.5
7/21/2025,1:45,10888.5
7/21/2025,2:00,10781.4
7/21/2025,2:15,10804.5
7/21/2025,2:30,10833.9
7/21/2025,2:45,10789.8
7/21/2025,3:00,10789.8
7/21/2025,3:15,10800.3
7/21/2025,3:30,10760.4
7/21/2025,3:45,10789.8
7/21/2025,4:00,10817.1
7/21/2025,4:15,10775.1
7/21/2025,4:30,10720.5
7/21/2025,4:45,10846.5
7/21/2025,5:00,10833.9
7/21/2025,5:15,10569.3
7/21/2025,5:30,10794
7/21/2025,5:45,10747.8
7/21/2025,6:00,10449.6
7/21/2025,6:15,10313.1
7/21/2025,6:30,10048.5
7/21/2025,6:45,9731.4
7/21/2025,7:00,9454.2
7/21/2025,7:15,9208.5
7/21/2025,7:30,8683.5
7/21/2025,7:45,8463
7/21/2025,8:00,8047.2
7/21/2025,8:15,7702.8
7/21/2025,8:30,8805.3
7/21/2025,8:45,7079.1
7/21/2025,9:00,6581.4
7/21/2025,9:15,6514.2
7/21/2025,9:30,6106.8
7/21/2025,9:45,5905.2
7/21/2025,10:00,5411.7
7/21/2025,10:15,8872.5
7/21/2025,10:30,7228.2
7/21/2025,10:45,8496.6
7/21/2025,11:00,8217.3
7/21/2025,11:15,9153.9
7/21/2025,11:30,6734.7
7/21/2025,11:45,8328.6
7/21/2025,12:00,8668.8
7/21/2025,12:15,8988
7/21/2025,12:30,5775
7/21/2025,12:45,8971.2
7/21/2025,13:00,8194.2
7/21/2025,13:15,7539
7/21/2025,13:30,7305.9
7/21/2025,13:45,8089.2
7/21/2025,14:00,5947.2
7/21/2025,14:15,7835.1
7/21/2025,14:30,7194.6
7/21/2025,14:45,7014
7/21/2025,15:00,9250.5
7/21/2025,15:15,6879.6
7/21/2025,15:30,6892.2
7/21/2025,15:45,7415.1
7/21/2025,16:00,7039.2
7/21/2025,16:15,9489.9
7/21/2025,16:30,8555.4
7/21/2025,16:45,8093.4
7/21/2025,17:00,9147.6
7/21/2025,17:15,8538.6
7/21/2025,17:30,9891
7/21/2025,17:45,9678.9
7/21/2025,18:00,10262.7
7/21/2025,18:15,10248
7/21/2025,18:30,10392.9
7/21/2025,18:45,10621.8
7/21/2025,19:00,10707.9
7/21/2025,19:15,10703.7
7/21/2025,19:30,10623.9
7/21/2025,19:45,10798.2
7/21/2025,20:00,10831.8
7/21/2025,20:15,10592.4
7/21/2025,20:30,10859.1
7/21/2025,20:45,10926.3
7/21/2025,21:00,10659.6
7/21/2025,21:15,10842.3
7/21/2025,21:30,10896.9
7/21/2025,21:45,10823.4
7/21/2025,22:00,10831.8
7/21/2025,22:15,10808.7
7/21/2025,22:30,10787.7
7/21/2025,22:45,10844.4
7/21/2025,23:00,10806.6
7/21/2025,23:15,10773
7/21/2025,23:30,10859.1
7/21/2025,23:45,10827.6
7/22/2025,0:00,10777.2
7/22/2025,0:15,10668
7/22/2025,0:30,10762.5
7/22/2025,0:45,10819.2
7/22/2025,1:00,10525.2
7/22/2025,1:15,10775.1
7/22/2025,1:30,10842.3
7/22/2025,1:45,10678.5
7/22/2025,2:00,10815
7/22/2025,2:15,10796.1
7/22/2025,2:30,10745.7
7/22/2025,2:45,10802.4
7/22/2025,3:00,10823.4
7/22/2025,3:15,10718.4
7/22/2025,3:30,10787.7
7/22/2025,3:45,10779.3
7/22/2025,4:00,10737.3
7/22/2025,4:15,10836
7/22/2025,4:30,10791.9
7/22/2025,4:45,10726.8
7/22/2025,5:00,10710
7/22/2025,5:15,10821.3
7/22/2025,5:30,10693.2
7/22/2025,5:45,10422.3
7/22/2025,6:00,10556.7
7/22/2025,6:15,10323.6
7/22/2025,6:30,9834.3
7/22/2025,6:45,9754.5
7/22/2025,7:00,9439.5
7/22/2025,7:15,8977.5
7/22/2025,7:30,8792.7
7/22/2025,7:45,8509.2
7/22/2025,8:00,8049.3
7/22/2025,8:15,7782.6
7/22/2025,8:30,9542.4
7/22/2025,8:45,6972
7/22/2025,9:00,6552
7/22/2025,9:15,6732.6
7/22/2025,9:30,9420.6
7/22/2025,9:45,8710.8
7/22/2025,10:00,6587.7
7/22/2025,10:15,7026.6
7/22/2025,10:30,5250
7/22/2025,10:45,5661.6
7/22/2025,11:00,5096.7
7/22/2025,11:15,4731.3
7/22/2025,11:30,4983.3
7/22/2025,11:45,5833.8
7/22/2025,12:00,7352.1
7/22/2025,12:15,5054.7
7/22/2025,12:30,6297.9
7/22/2025,12:45,5130.3
7/22/2025,13:00,6205.5
7/22/2025,13:15,7511.7
7/22/2025,13:30,7102.2
7/22/2025,13:45,7786.8
7/22/2025,14:00,7423.5
7/22/2025,14:15,6822.9
7/22/2025,14:30,8015.7
7/22/2025,14:45,7585.2
7/22/2025,15:00,8332.8
7/22/2025,15:15,7963.2
7/22/2025,15:30,7289.1
7/22/2025,15:45,7690.2
7/22/2025,16:00,6759.9
7/22/2025,16:15,9021.6
7/22/2025,16:30,8059.8
7/22/2025,16:45,8015.7
7/22/2025,17:00,8316
7/22/2025,17:15,9237.9
7/22/2025,17:30,9479.4
7/22/2025,17:45,9277.8
7/22/2025,18:00,10266.9
7/22/2025,18:15,10369.8
7/22/2025,18:30,10334.1
7/22/2025,18:45,10548.3
7/22/2025,19:00,10663.8
7/22/2025,19:15,10802.4
7/22/2025,19:30,10779.3
7/22/2025,19:45,10806.6
7/22/2025,20:00,10821.3
7/22/2025,20:15,10829.7
7/22/2025,20:30,10854.9
7/22/2025,20:45,10636.5
7/22/2025,21:00,10888.5
7/22/2025,21:15,10850.7
7/22/2025,21:30,10680.6
7/22/2025,21:45,10804.5
7/22/2025,22:00,10926.3
7/22/2025,22:15,10745.7
7/22/2025,22:30,10873.8
7/22/2025,22:45,10861.2
7/22/2025,23:00,10796.1
7/22/2025,23:15,10836
7/22/2025,23:30,10838.1
7/22/2025,23:45,10777.2
7/23/2025,0:00,10878
7/23/2025,0:15,10827.6
7/23/2025,0:30,10794
7/23/2025,0:45,10760.4
7/23/2025,1:00,10789.8
7/23/2025,1:15,10785.6
7/23/2025,1:30,10655.4
7/23/2025,1:45,10756.2
7/23/2025,2:00,10859.1
7/23/2025,2:15,10590.3
7/23/2025,2:30,10804.5
7/23/2025,2:45,10819.2
7/23/2025,3:00,10699.5
7/23/2025,3:15,10804.5
7/23/2025,3:30,10871.7
7/23/2025,3:45,10825.5
7/23/2025,4:00,10880.1
7/23/2025,4:15,10871.7
7/23/2025,4:30,10764.6
7/23/2025,4:45,10911.6
7/23/2025,5:00,10846.5
7/23/2025,5:15,10741.5
7/23/2025,5:30,10789.8
7/23/2025,5:45,10743.6
7/23/2025,6:00,10676.4
7/23/2025,6:15,10407.6
7/23/2025,6:30,10420.2
7/23/2025,6:45,10248
7/23/2025,7:00,9865.8
7/23/2025,7:15,9899.4
7/23/2025,7:30,9842.7
7/23/2025,7:45,9412.2
7/23/2025,8:00,9298.8
7/23/2025,8:15,8935.5
7/23/2025,8:30,8914.5
7/23/2025,8:45,8565.9
7/23/2025,9:00,8727.6
7/23/2025,9:15,8607.9
7/23/2025,9:30,8364.3
7/23/2025,9:45,8177.4
7/23/2025,10:00,7805.7
7/23/2025,10:15,6169.8
7/23/2025,10:30,7578.9
7/23/2025,10:45,6409.2
7/23/2025,11:00,6129.9
7/23/2025,11:15,7549.5
7/23/2025,11:30,5896.8
7/23/2025,11:45,7100.1
7/23/2025,12:00,7230.3
7/23/2025,12:15,8154.3
7/23/2025,12:30,6776.7
7/23/2025,12:45,7931.7
7/23/2025,13:00,7599.9
7/23/2025,13:15,4798.5
7/23/2025,13:30,5888.4
7/23/2025,13:45,5848.5
7/23/2025,14:00,5296.2
7/23/2025,14:15,5678.4
7/23/2025,14:30,7217.7
7/23/2025,14:45,9683.1
7/23/2025,15:00,6132
7/23/2025,15:15,6327.3
7/23/2025,15:30,7868.7
7/23/2025,15:45,9292.5
7/23/2025,16:00,6969.9
7/23/2025,16:15,8700.3
7/23/2025,16:30,7549.5
7/23/2025,16:45,7956.9
7/23/2025,17:00,8479.8
7/23/2025,17:15,10174.5
7/23/2025,17:30,9231.6
7/23/2025,17:45,9878.4
7/23/2025,18:00,10073.7
7/23/2025,18:15,10208.1
7/23/2025,18:30,10573.5
7/23/2025,18:45,10655.4
7/23/2025,19:00,10831.8
7/23/2025,19:15,10926.3
7/23/2025,19:30,10821.3
7/23/2025,19:45,10964.1
7/23/2025,20:00,10880.1
7/23/2025,20:15,10871.7
7/23/2025,20:30,10812.9
7/23/2025,20:45,10804.5
7/23/2025,21:00,10781.4
7/23/2025,21:15,10716.3
7/23/2025,21:30,10789.8
7/23/2025,21:45,10854.9
7/23/2025,22:00,10596.6
7/23/2025,22:15,10825.5
7/23/2025,22:30,10815
7/23/2025,22:45,10747.8
7/23/2025,23:00,10785.6
7/23/2025,23:15,10901.1
7/23/2025,23:30,10781.4
7/23/2025,23:45,10804.5
7/24/2025,0:00,10773
7/24/2025,0:15,10735.2
7/24/2025,0:30,10810.8
7/24/2025,0:45,10802.4
7/24/2025,1:00,10766.7
7/24/2025,1:15,10852.8
7/24/2025,1:30,10760.4
7/24/2025,1:45,10785.6
7/24/2025,2:00,10731
7/24/2025,2:15,10804.5
7/24/2025,2:30,10846.5
7/24/2025,2:45,10527.3
7/24/2025,3:00,10785.6
7/24/2025,3:15,10880.1
7/24/2025,3:30,10672.2
7/24/2025,3:45,10873.8
7/24/2025,4:00,10938.9
7/24/2025,4:15,10833.9
7/24/2025,4:30,10871.7
7/24/2025,4:45,10949.4
7/24/2025,5:00,10787.7
7/24/2025,5:15,10871.7
7/24/2025,5:30,10859.1
7/24/2025,5:45,10642.8
7/24/2025,6:00,10569.3
7/24/2025,6:15,10353
7/24/2025,6:30,10061.1
7/24/2025,6:45,9689.4
7/24/2025,7:00,9429
7/24/2025,7:15,9158.1
7/24/2025,7:30,8595.3
7/24/2025,7:45,8429.4
7/24/2025,8:00,8219.4
7/24/2025,8:15,7526.4
7/24/2025,8:30,7505.4
7/24/2025,8:45,7270.2
7/24/2025,9:00,6909
7/24/2025,9:15,6696.9
7/24/2025,9:30,6661.2
7/24/2025,9:45,6428.1
7/24/2025,10:00,6291.6
7/24/2025,10:15,6220.2
7/24/2025,10:30,5976.6
7/24/2025,10:45,5928.3
7/24/2025,11:00,5924.1
7/24/2025,11:15,5848.5
7/24/2025,11:30,5644.8
7/24/2025,11:45,5724.6
7/24/2025,12:00,5760.3
7/24/2025,12:15,5451.6
7/24/2025,12:30,5609.1
7/24/2025,12:45,5581.8
7/24/2025,13:00,6827.1
7/24/2025,13:15,5766.6
7/24/2025,13:30,5674.2
7/24/2025,13:45,5743.5
7/24/2025,14:00,9030
7/24/2025,14:15,6027
7/24/2025,14:30,6390.3
7/24/2025,14:45,9851.1
7/24/2025,15:00,6201.3
7/24/2025,15:15,6661.2
7/24/2025,15:30,6566.7
7/24/2025,15:45,7112.7
7/24/2025,16:00,7425.6
7/24/2025,16:15,7742.7
7/24/2025,16:30,8097.6
7/24/2025,16:45,8355.9
7/24/2025,17:00,8496.6
7/24/2025,17:15,9059.4
7/24/2025,17:30,9315.6
7/24/2025,17:45,9489.9
7/24/2025,18:00,9985.5
7/24/2025,18:15,10294.2
7/24/2025,18:30,10380.3
7/24/2025,18:45,10653.3
7/24/2025,19:00,10833.9
7/24/2025,19:15,10808.7
7/24/2025,19:30,10920
7/24/2025,19:45,10947.3
7/24/2025,20:00,10758.3
7/24/2025,20:15,10857
7/24/2025,20:30,10907.4
7/24/2025,20:45,10783.5
7/24/2025,21:00,10850.7
7/24/2025,21:15,10783.5
7/24/2025,21:30,10821.3
7/24/2025,21:45,10737.3
7/24/2025,22:00,10817.1
7/24/2025,22:15,10850.7
7/24/2025,22:30,10621.8
7/24/2025,22:45,10794
7/24/2025,23:00,10844.4
7/24/2025,23:15,10628.1
7/24/2025,23:30,10838.1
7/24/2025,23:45,10817.1
7/25/2025,0:00,10775.1
7/25/2025,0:15,10791.9
7/25/2025,0:30,10932.6
7/25/2025,0:45,10802.4
7/25/2025,1:00,10886.4
7/25/2025,1:15,10840.2
7/25/2025,1:30,10785.6
7/25/2025,1:45,10871.7
7/25/2025,2:00,10922.1
7/25/2025,2:15,10760.4
7/25/2025,2:30,10800.3
7/25/2025,2:45,10798.2
7/25/2025,3:00,10804.5
7/25/2025,3:15,10579.8
7/25/2025,3:30,10798.2
7/25/2025,3:45,10831.8
7/25/2025,4:00,10581.9
7/25/2025,4:15,10854.9
7/25/2025,4:30,10888.5
7/25/2025,4:45,10770.9
7/25/2025,5:00,10798.2
7/25/2025,5:15,10878
7/25/2025,5:30,10716.3
7/25/2025,5:45,10653.3
7/25/2025,6:00,10546.2
7/25/2025,6:15,10304.7
7/25/2025,6:30,10130.4
7/25/2025,6:45,10168.2
7/25/2025,7:00,10077.9
7/25/2025,7:15,9951.9
7/25/2025,7:30,10174.5
7/25/2025,7:45,9920.4
7/25/2025,8:00,9387
7/25/2025,8:15,9118.2
7/25/2025,8:30,7816.2
7/25/2025,8:45,6638.1
7/25/2025,9:00,6228.6
7/25/2025,9:15,6898.5
7/25/2025,9:30,7003.5
7/25/2025,9:45,6295.8
7/25/2025,10:00,6264.3
7/25/2025,10:15,8628.9
7/25/2025,10:30,8227.8
7/25/2025,10:45,5657.4
7/25/2025,11:00,5277.3
7/25/2025,11:15,5502
7/25/2025,11:30,5884.2
7/25/2025,11:45,5489.4
7/25/2025,12:00,5037.9
7/25/2025,12:15,5294.1
7/25/2025,12:30,5077.8
7/25/2025,12:45,7255.5
7/25/2025,13:00,8316
7/25/2025,13:15,5493.6
7/25/2025,13:30,8801.1
7/25/2025,13:45,5275.2
7/25/2025,14:00,5968.2
7/25/2025,14:15,5623.8
7/25/2025,14:30,6096.3
7/25/2025,14:45,6930
7/25/2025,15:00,7742.7
7/25/2025,15:15,7077
7/25/2025,15:30,10044.3
7/25/2025,15:45,7045.5
7/25/2025,16:00,7310.1
7/25/2025,16:15,9926.7
7/25/2025,16:30,8689.8
7/25/2025,16:45,8238.3
7/25/2025,17:00,8780.1
7/25/2025,17:15,9240
7/25/2025,17:30,9502.5
7/25/2025,17:45,9853.2
7/25/2025,18:00,10115.7
7/25/2025,18:15,10266.9
7/25/2025,18:30,10523.1
7/25/2025,18:45,10726.8
7/25/2025,19:00,10605
7/25/2025,19:15,10800.3
7/25/2025,19:30,10878
7/25/2025,19:45,10794
7/25/2025,20:00,10796.1
7/25/2025,20:15,10850.7
7/25/2025,20:30,10739.4
7/25/2025,20:45,10794
7/25/2025,21:00,10827.6
7/25/2025,21:15,10705.8
7/25/2025,21:30,10796.1
7/25/2025,21:45,10865.4
7/25/2025,22:00,10802.4
7/25/2025,22:15,10878
7/25/2025,22:30,10840.2
7/25/2025,22:45,10850.7
7/25/2025,23:00,10649.1
7/25/2025,23:15,10802.4
7/25/2025,23:30,10836
7/25/2025,23:45,10607.1
7/26/2025,0:00,10815
7/26/2025,0:15,10867.5
7/26/2025,0:30,10731
7/26/2025,0:45,10802.4
7/26/2025,1:00,10905.3
7/26/2025,1:15,10781.4
7/26/2025,1:30,10850.7
7/26/2025,1:45,10844.4
7/26/2025,2:00,10827.6
7/26/2025,2:15,10806.6
7/26/2025,2:30,10779.3
7/26/2025,2:45,10743.6
7/26/2025,3:00,10804.5
7/26/2025,3:15,10773
7/26/2025,3:30,10789.8
7/26/2025,3:45,10726.8
7/26/2025,4:00,10819.2
7/26/2025,4:15,10796.1
7/26/2025,4:30,10581.9
7/26/2025,4:45,10854.9
7/26/2025,5:00,10861.2
7/26/2025,5:15,10693.2
7/26/2025,5:30,10745.7
7/26/2025,5:45,10749.9
7/26/2025,6:00,10581.9
7/26/2025,6:15,10443.3
7/26/2025,6:30,10579.8
7/26/2025,6:45,10365.6
7/26/2025,7:00,10119.9
7/26/2025,7:15,9714.6
7/26/2025,7:30,8878.8
7/26/2025,7:45,9443.7
7/26/2025,8:00,9376.5
7/26/2025,8:15,9903.6
7/26/2025,8:30,7931.7
7/26/2025,8:45,9540.3
7/26/2025,9:00,8385.3
7/26/2025,9:15,9250.5
7/26/2025,9:30,9510.9
7/26/2025,9:45,8095.5
7/26/2025,10:00,7784.7
7/26/2025,10:15,6730.5
7/26/2025,10:30,5556.6
7/26/2025,10:45,5959.8
7/26/2025,11:00,8962.8
7/26/2025,11:15,4926.6
7/26/2025,11:30,9015.3
7/26/2025,11:45,8358
7/26/2025,12:00,6352.5
7/26/2025,12:15,6291.6
7/26/2025,12:30,8561.7
7/26/2025,12:45,5646.9
7/26/2025,13:00,8893.5
7/26/2025,13:15,5012.7
7/26/2025,13:30,6037.5
7/26/2025,13:45,8855.7
7/26/2025,14:00,6753.6
7/26/2025,14:15,8070.3
7/26/2025,14:30,9353.4
7/26/2025,14:45,6119.4
7/26/2025,15:00,7648.2
7/26/2025,15:15,7919.1
7/26/2025,15:30,10122
7/26/2025,15:45,7350
7/26/2025,16:00,7646.1
7/26/2025,16:15,7807.8
7/26/2025,16:30,8061.9
7/26/2025,16:45,8179.5
7/26/2025,17:00,8677.2
7/26/2025,17:15,10021.2
7/26/2025,17:30,10275.3
7/26/2025,17:45,9744
7/26/2025,18:00,10082.1
7/26/2025,18:15,10392.9
7/26/2025,18:30,10529.4
7/26/2025,18:45,10670.1
7/26/2025,19:00,10817.1
7/26/2025,19:15,10823.4
7/26/2025,19:30,10665.9
7/26/2025,19:45,10873.8
7/26/2025,20:00,10934.7
7/26/2025,20:15,10724.7
7/26/2025,20:30,10871.7
7/26/2025,20:45,10930.5
7/26/2025,21:00,10817.1
7/26/2025,21:15,10850.7
7/26/2025,21:30,10928.4
7/26/2025,21:45,10802.4
7/26/2025,22:00,10913.7
7/26/2025,22:15,10871.7
7/26/2025,22:30,10863.3
7/26/2025,22:45,10884.3
7/26/2025,23:00,10817.1
7/26/2025,23:15,10842.3
7/26/2025,23:30,10775.1
7/26/2025,23:45,10863.3
7/27/2025,0:00,10825.5
7/27/2025,0:15,10481.1
7/27/2025,0:30,10770.9
7/27/2025,0:45,10838.1
7/27/2025,1:00,10684.8
7/27/2025,1:15,10859.1
7/27/2025,1:30,10882.2
7/27/2025,1:45,10770.9
7/27/2025,2:00,10848.6
7/27/2025,2:15,10859.1
7/27/2025,2:30,10842.3
7/27/2025,2:45,10882.2
7/27/2025,3:00,10852.8
7/27/2025,3:15,10785.6
7/27/2025,3:30,10865.4
7/27/2025,3:45,10894.8
7/27/2025,4:00,10821.3
7/27/2025,4:15,10838.1
7/27/2025,4:30,10896.9
7/27/2025,4:45,10867.5
7/27/2025,5:00,10705.8
7/27/2025,5:15,10852.8
7/27/2025,5:30,10836
7/27/2025,5:45,10546.2
7/27/2025,6:00,10735.2
7/27/2025,6:15,10762.5
7/27/2025,6:30,10430.7
7/27/2025,6:45,10191.3
7/27/2025,7:00,10006.5
7/27/2025,7:15,9926.7
7/27/2025,7:30,10063.2
7/27/2025,7:45,9819.6
7/27/2025,8:00,9754.5
7/27/2025,8:15,9582.3
7/27/2025,8:30,9618
7/27/2025,8:45,9277.8
7/27/2025,9:00,6684.3
7/27/2025,9:15,7108.5
7/27/2025,9:30,9972.9
7/27/2025,9:45,8807.4
7/27/2025,10:00,9544.5
7/27/2025,10:15,7585.2
7/27/2025,10:30,7889.7
7/27/2025,10:45,5728.8
7/27/2025,11:00,6117.3
7/27/2025,11:15,5187
7/27/2025,11:30,5019
7/27/2025,11:45,9013.2
7/27/2025,12:00,9286.2
7/27/2025,12:15,8416.8
7/27/2025,12:30,8937.6
7/27/2025,12:45,9397.5
7/27/2025,13:00,8851.5
7/27/2025,13:15,6398.7
7/27/2025,13:30,6010.2
7/27/2025,13:45,7956.9
7/27/2025,14:00,7637.7
7/27/2025,14:15,7156.8
7/27/2025,14:30,8187.9
7/27/2025,14:45,6304.2
7/27/2025,15:00,5726.7
7/27/2025,15:15,8712.9
7/27/2025,15:30,7154.7
7/27/2025,15:45,8500.8
7/27/2025,16:00,6650.7
7/27/2025,16:15,10048.5
7/27/2025,16:30,10149.3
7/27/2025,16:45,8547
7/27/2025,17:00,10149.3
7/27/2025,17:15,9303
7/27/2025,17:30,9590.7
7/27/2025,17:45,9941.4
7/27/2025,18:00,10539.9
7/27/2025,18:15,10285.8
7/27/2025,18:30,10647
7/27/2025,18:45,10762.5
7/27/2025,19:00,10842.3
7/27/2025,19:15,10836
7/27/2025,19:30,10930.5
7/27/2025,19:45,10829.7
7/27/2025,20:00,10749.9
7/27/2025,20:15,10869.6
7/27/2025,20:30,10928.4
7/27/2025,20:45,10758.3
7/27/2025,21:00,10959.9
7/27/2025,21:15,10930.5
7/27/2025,21:30,10905.3
7/27/2025,21:45,10905.3
7/27/2025,22:00,11035.5
7/27/2025,22:15,10911.6
7/27/2025,22:30,10930.5
7/27/2025,22:45,10959.9
7/27/2025,23:00,10852.8
7/27/2025,23:15,10951.5
7/27/2025,23:30,10959.9
7/27/2025,23:45,10905.3
7/28/2025,0:00,10905.3
7/28/2025,0:15,10838.1
7/28/2025,0:30,10894.8
7/28/2025,0:45,10680.6
7/28/2025,1:00,10926.3
7/28/2025,1:15,10932.6
7/28/2025,1:30,10626
7/28/2025,1:45,10869.6
7/28/2025,2:00,10909.5
7/28/2025,2:15,10804.5
7/28/2025,2:30,10880.1
7/28/2025,2:45,10928.4
7/28/2025,3:00,10831.8
7/28/2025,3:15,10842.3
7/28/2025,3:30,10943.1
7/28/2025,3:45,10865.4
7/28/2025,4:00,10909.5
7/28/2025,4:15,10915.8
7/28/2025,4:30,10882.2
7/28/2025,4:45,10941
7/28/2025,5:00,10913.7
7/28/2025,5:15,10867.5
7/28/2025,5:30,10787.7
7/28/2025,5:45,10770.9
7/28/2025,6:00,10665.9
7/28/2025,6:15,10201.8
7/28/2025,6:30,10453.8
7/28/2025,6:45,10124.1
7/28/2025,7:00,9903.6
7/28/2025,7:15,9588.6
7/28/2025,7:30,9454.2
7/28/2025,7:45,9011.1
7/28/2025,8:00,9290.4
7/28/2025,8:15,9483.6
7/28/2025,8:30,6293.7
7/28/2025,8:45,8160.6
7/28/2025,9:00,9166.5
7/28/2025,9:15,6594
7/28/2025,9:30,8080.8
7/28/2025,9:45,8223.6
7/28/2025,10:00,6203.4
7/28/2025,10:15,8017.8
7/28/2025,10:30,7967.4
7/28/2025,10:45,9664.2
7/28/2025,11:00,8979.6
7/28/2025,11:15,8719.2
7/28/2025,11:30,8811.6
7/28/2025,11:45,7782.6
7/28/2025,12:00,7833
7/28/2025,12:15,8855.7
7/28/2025,12:30,7770
7/28/2025,12:45,7402.5
7/28/2025,13:00,8933.4
7/28/2025,13:15,8381.1
7/28/2025,13:30,8093.4
7/28/2025,13:45,8958.6
7/28/2025,14:00,9082.5
7/28/2025,14:15,9357.6
7/28/2025,14:30,7131.6
7/28/2025,14:45,9256.8
7/28/2025,15:00,10808.7
7/28/2025,15:15,10640.7
7/28/2025,15:30,10031.7
7/28/2025,15:45,9290.4
7/28/2025,16:00,9252.6
7/28/2025,16:15,6489
7/28/2025,16:30,9149.7
7/28/2025,16:45,10560.9
7/28/2025,17:00,10514.7
7/28/2025,17:15,10290
7/28/2025,17:30,9508.8
7/28/2025,17:45,9930.9
7/28/2025,18:00,10388.7
7/28/2025,18:15,10640.7
7/28/2025,18:30,10674.3
7/28/2025,18:45,10678.5
7/28/2025,19:00,10831.8
7/28/2025,19:15,10888.5
7/28/2025,19:30,10844.4
7/28/2025,19:45,10913.7
7/28/2025,20:00,10846.5
7/28/2025,20:15,10840.2
7/28/2025,20:30,10812.9
7/28/2025,20:45,10884.3
7/28/2025,21:00,10831.8
7/28/2025,21:15,10602.9
7/28/2025,21:30,10831.8
7/28/2025,21:45,10962
7/28/2025,22:00,10731
7/28/2025,22:15,10878
7/28/2025,22:30,10964.1
7/28/2025,22:45,10819.2
7/28/2025,23:00,10875.9
7/28/2025,23:15,10926.3
7/28/2025,23:30,10852.8
7/28/2025,23:45,10907.4
7/29/2025,0:00,10911.6
7/29/2025,0:15,10802.4
7/29/2025,0:30,10880.1
7/29/2025,0:45,10857
7/29/2025,1:00,10892.7
7/29/2025,1:15,10844.4
7/29/2025,1:30,10890.6
7/29/2025,1:45,10896.9
7/29/2025,2:00,10659.6
7/29/2025,2:15,10880.1
7/29/2025,2:30,10932.6
7/29/2025,2:45,10701.6
7/29/2025,3:00,10924.2
7/29/2025,3:15,10913.7
7/29/2025,3:30,10821.3
7/29/2025,3:45,10901.1
7/29/2025,4:00,10962
7/29/2025,4:15,10848.6
7/29/2025,4:30,10907.4
7/29/2025,4:45,10863.3
7/29/2025,5:00,10789.8
7/29/2025,5:15,10863.3
7/29/2025,5:30,10829.7
7/29/2025,5:45,10754.1
7/29/2025,6:00,10655.4
7/29/2025,6:15,10701.6
7/29/2025,6:30,10550.4
7/29/2025,6:45,10038
7/29/2025,7:00,9949.8
7/29/2025,7:15,10273.2
7/29/2025,7:30,9823.8
7/29/2025,7:45,9229.5
7/29/2025,8:00,9162.3
7/29/2025,8:15,7312.2
7/29/2025,8:30,7864.5
7/29/2025,8:45,7763.7
7/29/2025,9:00,6799.8
7/29/2025,9:15,8570.1
7/29/2025,9:30,5838
7/29/2025,9:45,8040.9
7/29/2025,10:00,6205.5
7/29/2025,10:15,5695.2
7/29/2025,10:30,8841
7/29/2025,10:45,7455
7/29/2025,11:00,9156
7/29/2025,11:15,9351.3
7/29/2025,11:30,8427.3
7/29/2025,11:45,5109.3
7/29/2025,12:00,7696.5
7/29/2025,12:15,5678.4
7/29/2025,12:30,9212.7
7/29/2025,12:45,8542.8
7/29/2025,13:00,9177
7/29/2025,13:15,5802.3
7/29/2025,13:30,5325.6
7/29/2025,13:45,6312.6
7/29/2025,14:00,6568.8
7/29/2025,14:15,6564.6
7/29/2025,14:30,5987.1
7/29/2025,14:45,6346.2
7/29/2025,15:00,6461.7
7/29/2025,15:15,6642.3
7/29/2025,15:30,7194.6
7/29/2025,15:45,8278.2
7/29/2025,16:00,9735.6
7/29/2025,16:15,9752.4
7/29/2025,16:30,8103.9
7/29/2025,16:45,8456.7
7/29/2025,17:00,9704.1
7/29/2025,17:15,9107.7
7/29/2025,17:30,9508.8
7/29/2025,17:45,9634.8
7/29/2025,18:00,10157.7
7/29/2025,18:15,10472.7
7/29/2025,18:30,10630.2
7/29/2025,18:45,10796.1
7/29/2025,19:00,10938.9
7/29/2025,19:15,10815
7/29/2025,19:30,10920
7/29/2025,19:45,10987.2
7/29/2025,20:00,10922.1
7/29/2025,20:15,10924.2
7/29/2025,20:30,10892.7
7/29/2025,20:45,10867.5
7/29/2025,21:00,10903.2
7/29/2025,21:15,10880.1
7/29/2025,21:30,10917.9
7/29/2025,21:45,10731
7/29/2025,22:00,10926.3
7/29/2025,22:15,10928.4
7/29/2025,22:30,10638.6
7/29/2025,22:45,10859.1
7/29/2025,23:00,10892.7
7/29/2025,23:15,10804.5
7/29/2025,23:30,10888.5
7/29/2025,23:45,10957.8
7/30/2025,0:00,10970.4
7/30/2025,0:15,10896.9
7/30/2025,0:30,10890.6
7/30/2025,0:45,10838.1
7/30/2025,1:00,10962
7/30/2025,1:15,10905.3
7/30/2025,1:30,10873.8
7/30/2025,1:45,10869.6
7/30/2025,2:00,10844.4
7/30/2025,2:15,10812.9
7/30/2025,2:30,10863.3
7/30/2025,2:45,10878
7/30/2025,3:00,10869.6
7/30/2025,3:15,10569.3
7/30/2025,3:30,10852.8
7/30/2025,3:45,10880.1
7/30/2025,4:00,10714.2
7/30/2025,4:15,10884.3
7/30/2025,4:30,10871.7
7/30/2025,4:45,10764.6
7/30/2025,5:00,10888.5
7/30/2025,5:15,10968.3
7/30/2025,5:30,10842.3
7/30/2025,5:45,10741.5
7/30/2025,6:00,10607.1
7/30/2025,6:15,10269
7/30/2025,6:30,10153.5
7/30/2025,6:45,9731.4
7/30/2025,7:00,9126.6
7/30/2025,7:15,9126.6
7/30/2025,7:30,9187.5
7/30/2025,7:45,8975.4
7/30/2025,8:00,7849.8
7/30/2025,8:15,7123.2
7/30/2025,8:30,7123.2
7/30/2025,8:45,7062.3
7/30/2025,9:00,8442
7/30/2025,9:15,7394.1
7/30/2025,9:30,5833.8
7/30/2025,9:45,8418.9
7/30/2025,10:00,6829.2
7/30/2025,10:15,7883.4
7/30/2025,10:30,5693.1
7/30/2025,10:45,9057.3
7/30/2025,11:00,8223.6
7/30/2025,11:15,8240.4
7/30/2025,11:30,6745.2
7/30/2025,11:45,7146.3
7/30/2025,12:00,7316.4
7/30/2025,12:15,7146.3
7/30/2025,12:30,5749.8
7/30/2025,12:45,5180.7
7/30/2025,13:00,5239.5
7/30/2025,13:15,5273.1
7/30/2025,13:30,8985.9
7/30/2025,13:45,5565
7/30/2025,14:00,5913.6
7/30/2025,14:15,6081.6
7/30/2025,14:30,6541.5
7/30/2025,14:45,5273.1
7/30/2025,15:00,8292.9
7/30/2025,15:15,7261.8
7/30/2025,15:30,5340.3
7/30/2025,15:45,5976.6
7/30/2025,16:00,6833.4
7/30/2025,16:15,9733.5
7/30/2025,16:30,9086.7
7/30/2025,16:45,9609.6
7/30/2025,17:00,10197.6
7/30/2025,17:15,10052.7
7/30/2025,17:30,10025.4
7/30/2025,17:45,10002.3
7/30/2025,18:00,10424.4
7/30/2025,18:15,10214.4
7/30/2025,18:30,10760.4
7/30/2025,18:45,11016.6
7/30/2025,19:00,10936.8
7/30/2025,19:15,11012.4
7/30/2025,19:30,11085.9
7/30/2025,19:45,10938.9
7/30/2025,20:00,11041.8
7/30/2025,20:15,11193
7/30/2025,20:30,11056.5
7/30/2025,20:45,11081.7
7/30/2025,21:00,11039.7
7/30/2025,21:15,10978.8
7/30/2025,21:30,11014.5
7/30/2025,21:45,10955.7
7/30/2025,22:00,10987.2
7/30/2025,22:15,10880.1
7/30/2025,22:30,10930.5
7/30/2025,22:45,10945.2
7/30/2025,23:00,10699.5
7/30/2025,23:15,10938.9
7/30/2025,23:30,11029.2
7/30/2025,23:45,10907.4
7/31/2025,0:00,11001.9
7/31/2025,0:15,11008.2
7/31/2025,0:30,10941
7/31/2025,0:45,11014.5
7/31/2025,1:00,11071.2
7/31/2025,1:15,10999.8
7/31/2025,1:30,11016.6
7/31/2025,1:45,10978.8
7/31/2025,2:00,10938.9
7/31/2025,2:15,10964.1
7/31/2025,2:30,10938.9
7/31/2025,2:45,10901.1
7/31/2025,3:00,10896.9
7/31/2025,3:15,10955.7
7/31/2025,3:30,11018.7
7/31/2025,3:45,10791.9
7/31/2025,4:00,11022.9
7/31/2025,4:15,11073.3
7/31/2025,4:30,10827.6
7/31/2025,4:45,11004
7/31/2025,5:00,11020.8
7/31/2025,5:15,10873.8
7/31/2025,5:30,10989.3
7/31/2025,5:45,11022.9
7/31/2025,6:00,10865.4
7/31/2025,6:15,10978.8
7/31/2025,6:30,10894.8
7/31/2025,6:45,10886.4
7/31/2025,7:00,10924.2
7/31/2025,7:15,10569.3
7/31/2025,7:30,10739.4
7/31/2025,7:45,10634.4
7/31/2025,8:00,10521
7/31/2025,8:15,10476.9
7/31/2025,8:30,10680.6
7/31/2025,8:45,10544.1
7/31/2025,9:00,10332
7/31/2025,9:15,10575.6
7/31/2025,9:30,9996
7/31/2025,9:45,9025.8
7/31/2025,10:00,10539.9
7/31/2025,10:15,10724.7
7/31/2025,10:30,10489.5
7/31/2025,10:45,10432.8
7/31/2025,11:00,9668.4
7/31/2025,11:15,10008.6
7/31/2025,11:30,9321.9
7/31/2025,11:45,9603.3
7/31/2025,12:00,10575.6
7/31/2025,12:15,9683.1
7/31/2025,12:30,8286.6
7/31/2025,12:45,7837.2
7/31/2025,13:00,8068.2
7/31/2025,13:15,9424.8
7/31/2025,13:30,9214.8
7/31/2025,13:45,9966.6
7/31/2025,14:00,9962.4
7/31/2025,14:15,10665.9
7/31/2025,14:30,10686.9
7/31/2025,14:45,10359.3
7/31/2025,15:00,9250.5
7/31/2025,15:15,10955.7
7/31/2025,15:30,10783.5
7/31/2025,15:45,10888.5
7/31/2025,16:00,10932.6
7/31/2025,16:15,10661.7
7/31/2025,16:30,10691.1
7/31/2025,16:45,10647
7/31/2025,17:00,10260.6
7/31/2025,17:15,10178.7
7/31/2025,17:30,10388.7
7/31/2025,17:45,10361.4
7/31/2025,18:00,10621.8
7/31/2025,18:15,10733.1
7/31/2025,18:30,10775.1
7/31/2025,18:45,10600.8
7/31/2025,19:00,10703.7
7/31/2025,19:15,10896.9
7/31/2025,19:30,10766.7
7/31/2025,19:45,10833.9
7/31/2025,20:00,10888.5
7/31/2025,20:15,10815
7/31/2025,20:30,10926.3
7/31/2025,20:45,10959.9
7/31/2025,21:00,10791.9
7/31/2025,21:15,10896.9
7/31/2025,21:30,10945.2
7/31/2025,21:45,10802.4
7/31/2025,22:00,10924.2
7/31/2025,22:15,10867.5
7/31/2025,22:30,10875.9
7/31/2025,22:45,10817.1
7/31/2025,23:00,10873.8
7/31/2025,23:15,10846.5
7/31/2025,23:30,10630.2
7/31/2025,23:45,10894.8
8/1/2025,0:00,11004
8/1/2025,0:15,10623.9
8/1/2025,0:30,10896.9
8/1/2025,0:45,10909.5
8/1/2025,1:00,10815
8/1/2025,1:15,10848.6
8/1/2025,1:30,10953.6
8/1/2025,1:45,10865.4
8/1/2025,2:00,10922.1
8/1/2025,2:15,10857
8/1/2025,2:30,10827.6
8/1/2025,2:45,10867.5
8/1/2025,3:00,10903.2
8/1/2025,3:15,10800.3
8/1/2025,3:30,10867.5
8/1/2025,3:45,10890.6
8/1/2025,4:00,10888.5
8/1/2025,4:15,10733.1
8/1/2025,4:30,10917.9
8/1/2025,4:45,10863.3
8/1/2025,5:00,10590.3
8/1/2025,5:15,10846.5
8/1/2025,5:30,10896.9
8/1/2025,5:45,10689
8/1/2025,6:00,10676.4
8/1/2025,6:15,10800.3
8/1/2025,6:30,10594.5
8/1/2025,6:45,10535.7
8/1/2025,7:00,10850.7
8/1/2025,7:15,10747.8
8/1/2025,7:30,10731
8/1/2025,7:45,10655.4
8/1/2025,8:00,10399.2
8/1/2025,8:15,10348.8
8/1/2025,8:30,10325.7
8/1/2025,8:45,10428.6
8/1/2025,9:00,10357.2
8/1/2025,9:15,9861.6
8/1/2025,9:30,8796.9
8/1/2025,9:45,9452.1
8/1/2025,10:00,9265.2
8/1/2025,10:15,9561.3
8/1/2025,10:30,8437.8
8/1/2025,10:45,8967
8/1/2025,11:00,9460.5
8/1/2025,11:15,9160.2
8/1/2025,11:30,9767.1
8/1/2025,11:45,9473.1
8/1/2025,12:00,9815.4
8/1/2025,12:15,9821.7
8/1/2025,12:30,9746.1
8/1/2025,12:45,10025.4
8/1/2025,13:00,10382.4
8/1/2025,13:15,10420.2
8/1/2025,13:30,10506.3
8/1/2025,13:45,10134.6
8/1/2025,14:00,10208.1
8/1/2025,14:15,9120.3
8/1/2025,14:30,8828.4
8/1/2025,14:45,9750.3
8/1/2025,15:00,10258.5
8/1/2025,15:15,10539.9
8/1/2025,15:30,10508.4
8/1/2025,15:45,10684.8
8/1/2025,16:00,9349.2
8/1/2025,16:15,9481.5
8/1/2025,16:30,9527.7
8/1/2025,16:45,9609.6
8/1/2025,17:00,9538.2
8/1/2025,17:15,9408
8/1/2025,17:30,9525.6
8/1/2025,17:45,10584
8/1/2025,18:00,10510.5
8/1/2025,18:15,10852.8
8/1/2025,18:30,10787.7
8/1/2025,18:45,10798.2
8/1/2025,19:00,10804.5
8/1/2025,19:15,10758.3
8/1/2025,19:30,10922.1
8/1/2025,19:45,10892.7
8/1/2025,20:00,10600.8
8/1/2025,20:15,10903.2
8/1/2025,20:30,10930.5
8/1/2025,20:45,10823.4
8/1/2025,21:00,10945.2
8/1/2025,21:15,11033.4
8/1/2025,21:30,10869.6
8/1/2025,21:45,10859.1
8/1/2025,22:00,10989.3
8/1/2025,22:15,10833.9
8/1/2025,22:30,10892.7
8/1/2025,22:45,10859.1
8/1/2025,23:00,10707.9
8/1/2025,23:15,10850.7
8/1/2025,23:30,10768.8
8/1/2025,23:45,10808.7
8/2/2025,0:00,10808.7
8/2/2025,0:15,10812.9
8/2/2025,0:30,10796.1
8/2/2025,0:45,10819.2
8/2/2025,1:00,10859.1
8/2/2025,1:15,10892.7
8/2/2025,1:30,10842.3
8/2/2025,1:45,10848.6
8/2/2025,2:00,10846.5
8/2/2025,2:15,10888.5
8/2/2025,2:30,10913.7
8/2/2025,2:45,10867.5
8/2/2025,3:00,10817.1
8/2/2025,3:15,10867.5
8/2/2025,3:30,10273.2
8/2/2025,3:45,9128.7
8/2/2025,4:00,9076.2
8/2/2025,4:15,10861.2
8/2/2025,4:30,10886.4
8/2/2025,4:45,10928.4
8/2/2025,5:00,10871.7
8/2/2025,5:15,10884.3
8/2/2025,5:30,10878
8/2/2025,5:45,10890.6
8/2/2025,6:00,10854.9
8/2/2025,6:15,10905.3
8/2/2025,6:30,10838.1
8/2/2025,6:45,10613.4
8/2/2025,7:00,10651.2
8/2/2025,7:15,10758.3
8/2/2025,7:30,10535.7
8/2/2025,7:45,10422.3
8/2/2025,8:00,10600.8
8/2/2025,8:15,10430.7
8/2/2025,8:30,8988
8/2/2025,8:45,9578.1
8/2/2025,9:00,9093
8/2/2025,9:15,8832.6
8/2/2025,9:30,9466.8
8/2/2025,9:45,9290.4
8/2/2025,10:00,6801.9
8/2/2025,10:15,10374
8/2/2025,10:30,10151.4
8/2/2025,10:45,10584
8/2/2025,11:00,9378.6
8/2/2025,11:15,7278.6
8/2/2025,11:30,9263.1
8/2/2025,11:45,8263.5
8/2/2025,12:00,9044.7
8/2/2025,12:15,8026.2
8/2/2025,12:30,5403.3
8/2/2025,12:45,7541.1
8/2/2025,13:00,8349.6
8/2/2025,13:15,7274.4
8/2/2025,13:30,7902.3
8/2/2025,13:45,6195
8/2/2025,14:00,9597
8/2/2025,14:15,8773.8
8/2/2025,14:30,8910.3
8/2/2025,14:45,10252.2
8/2/2025,15:00,9874.2
8/2/2025,15:15,9481.5
8/2/2025,15:30,6946.8
8/2/2025,15:45,7123.2
8/2/2025,16:00,7723.8
8/2/2025,16:15,8049.3
8/2/2025,16:30,8334.9
8/2/2025,16:45,8633.1
8/2/2025,17:00,9019.5
8/2/2025,17:15,9277.8
8/2/2025,17:30,9641.1
8/2/2025,17:45,10004.4
8/2/2025,18:00,10149.3
8/2/2025,18:15,10357.2
8/2/2025,18:30,10460.1
8/2/2025,18:45,10871.7
8/2/2025,19:00,10911.6
8/2/2025,19:15,10917.9
8/2/2025,19:30,10892.7
8/2/2025,19:45,11012.4
8/2/2025,20:00,10863.3
8/2/2025,20:15,10880.1
8/2/2025,20:30,10894.8
8/2/2025,20:45,10909.5
8/2/2025,21:00,10840.2
8/2/2025,21:15,10890.6
8/2/2025,21:30,10844.4
8/2/2025,21:45,10915.8
8/2/2025,22:00,10794
8/2/2025,22:15,10882.2
8/2/2025,22:30,10743.6
8/2/2025,22:45,10863.3
8/2/2025,23:00,10760.4
8/2/2025,23:15,10878
8/2/2025,23:30,10798.2
8/2/2025,23:45,10871.7
8/3/2025,0:00,10741.5
8/3/2025,0:15,10888.5
8/3/2025,0:30,10739.4
8/3/2025,0:45,10863.3
8/3/2025,1:00,10800.3
8/3/2025,1:15,10878
8/3/2025,1:30,10735.2
8/3/2025,1:45,10836
8/3/2025,2:00,10762.5
8/3/2025,2:15,10810.8
8/3/2025,2:30,10640.7
8/3/2025,2:45,10854.9
8/3/2025,3:00,10701.6
8/3/2025,3:15,10796.1
8/3/2025,3:30,10731
8/3/2025,3:45,10836
8/3/2025,4:00,10668
8/3/2025,4:15,10821.3
8/3/2025,4:30,10781.4
8/3/2025,4:45,10884.3
8/3/2025,5:00,10649.1
8/3/2025,5:15,10840.2
8/3/2025,5:30,10684.8
8/3/2025,5:45,10812.9
8/3/2025,6:00,10558.8
8/3/2025,6:15,10605
8/3/2025,6:30,10254.3
8/3/2025,6:45,10424.4
8/3/2025,7:00,9832.2
8/3/2025,7:15,10098.9
8/3/2025,7:30,8914.5
8/3/2025,7:45,9261
8/3/2025,8:00,8158.5
8/3/2025,8:15,9095.1
8/3/2025,8:30,9828
8/3/2025,8:45,7398.3
8/3/2025,9:00,9269.4
8/3/2025,9:15,7253.4
8/3/2025,9:30,7440.3
8/3/2025,9:45,8456.7
8/3/2025,10:00,8250.9
8/3/2025,10:15,6119.4
8/3/2025,10:30,5791.8
8/3/2025,10:45,5859
8/3/2025,11:00,5457.9
8/3/2025,11:15,6033.3
8/3/2025,11:30,5546.1
8/3/2025,11:45,5812.8
8/3/2025,12:00,5569.2
8/3/2025,12:15,6222.3
8/3/2025,12:30,6575.1
8/3/2025,12:45,6006
8/3/2025,13:00,6167.7
8/3/2025,13:15,7207.2
8/3/2025,13:30,5764.5
8/3/2025,13:45,6211.8
8/3/2025,14:00,5995.5
8/3/2025,14:15,6491.1
8/3/2025,14:30,6157.2
8/3/2025,14:45,6262.2
8/3/2025,15:00,6541.5
8/3/2025,15:15,7205.1
8/3/2025,15:30,7064.4
8/3/2025,15:45,7522.2
8/3/2025,16:00,7683.9
8/3/2025,16:15,8078.7
8/3/2025,16:30,8324.4
8/3/2025,16:45,8702.4
8/3/2025,17:00,8864.1
8/3/2025,17:15,9389.1
8/3/2025,17:30,9422.7
8/3/2025,17:45,9905.7
8/3/2025,18:00,9968.7
8/3/2025,18:15,10468.5
8/3/2025,18:30,10395
8/3/2025,18:45,10743.6
8/3/2025,19:00,10575.6
8/3/2025,19:15,10882.2
8/3/2025,19:30,10611.3
8/3/2025,19:45,10894.8
8/3/2025,20:00,10605
8/3/2025,20:15,10848.6
8/3/2025,20:30,10590.3
8/3/2025,20:45,10863.3
8/3/2025,21:00,10600.8
8/3/2025,21:15,10838.1
8/3/2025,21:30,10653.3
8/3/2025,21:45,10896.9
8/3/2025,22:00,10695.3
8/3/2025,22:15,10964.1
8/3/2025,22:30,10663.8
8/3/2025,22:45,10850.7
8/3/2025,23:00,10628.1
8/3/2025,23:15,10865.4
8/3/2025,23:30,10665.9
8/3/2025,23:45,10850.7
8/4/2025,0:00,10674.3
8/4/2025,0:15,10875.9
8/4/2025,0:30,10644.9
8/4/2025,0:45,10863.3
8/4/2025,1:00,10714.2
8/4/2025,1:15,10884.3
8/4/2025,1:30,10689
8/4/2025,1:45,10886.4
8/4/2025,2:00,10628.1
8/4/2025,2:15,10890.6
8/4/2025,2:30,10655.4
8/4/2025,2:45,10882.2
8/4/2025,3:00,10668
8/4/2025,3:15,10852.8
8/4/2025,3:30,10626
8/4/2025,3:45,10869.6
8/4/2025,4:00,10657.5
8/4/2025,4:15,10920
8/4/2025,4:30,10720.5
8/4/2025,4:45,10896.9
8/4/2025,5:00,10701.6
8/4/2025,5:15,10854.9
8/4/2025,5:30,10682.7
8/4/2025,5:45,10844.4
8/4/2025,6:00,10493.7
8/4/2025,6:15,10506.3
8/4/2025,6:30,10201.8
8/4/2025,6:45,10038
8/4/2025,7:00,9576
8/4/2025,7:15,9435.3
8/4/2025,7:30,8948.1
8/4/2025,7:45,8799
8/4/2025,8:00,8351.7
8/4/2025,8:15,8187.9
8/4/2025,8:30,7721.7
8/4/2025,8:45,7604.1
8/4/2025,9:00,7163.1
8/4/2025,9:15,7112.7
8/4/2025,9:30,6875.4
8/4/2025,9:45,6783
8/4/2025,10:00,6507.9
8/4/2025,10:15,6539.4
8/4/2025,10:30,6344.1
8/4/2025,10:45,6415.5
8/4/2025,11:00,6203.4
8/4/2025,11:15,6276.9
8/4/2025,11:30,6104.7
8/4/2025,11:45,6129.9
8/4/2025,12:00,6106.8
8/4/2025,12:15,6159.3
8/4/2025,12:30,6008.1
8/4/2025,12:45,6388.2
8/4/2025,13:00,5972.4
8/4/2025,13:15,6209.7
8/4/2025,13:30,6696.9
8/4/2025,13:45,6346.2
8/4/2025,14:00,6648.6
8/4/2025,14:15,7083.3
8/4/2025,14:30,9760.8
8/4/2025,14:45,6936.3
8/4/2025,15:00,7900.2
8/4/2025,15:15,9788.1
8/4/2025,15:30,9687.3
8/4/2025,15:45,9662.1
8/4/2025,16:00,9546.6
8/4/2025,16:15,8036.7
8/4/2025,16:30,9103.5
8/4/2025,16:45,8513.4
8/4/2025,17:00,9300.9
8/4/2025,17:15,9970.8
8/4/2025,17:30,9025.8
8/4/2025,17:45,10033.8
8/4/2025,18:00,10340.4
8/4/2025,18:15,10640.7
8/4/2025,18:30,10594.5
8/4/2025,18:45,10756.2
8/4/2025,19:00,10758.3
8/4/2025,19:15,10953.6
8/4/2025,19:30,10867.5
8/4/2025,19:45,10959.9
8/4/2025,20:00,10861.2
8/4/2025,20:15,10934.7
8/4/2025,20:30,10857
8/4/2025,20:45,10972.5
8/4/2025,21:00,10848.6
8/4/2025,21:15,10930.5
8/4/2025,21:30,10798.2
8/4/2025,21:45,10941
8/4/2025,22:00,10838.1
8/4/2025,22:15,10913.7
8/4/2025,22:30,10873.8
8/4/2025,22:45,10905.3
8/4/2025,23:00,10867.5
8/4/2025,23:15,10943.1
8/4/2025,23:30,10833.9
8/4/2025,23:45,10917.9
8/5/2025,0:00,10859.1
8/5/2025,0:15,10926.3
8/5/2025,0:30,10873.8
8/5/2025,0:45,10913.7
8/5/2025,1:00,10863.3
8/5/2025,1:15,10909.5
8/5/2025,1:30,10812.9
8/5/2025,1:45,10930.5
8/5/2025,2:00,10869.6
8/5/2025,2:15,10903.2
8/5/2025,2:30,10831.8
8/5/2025,2:45,10880.1
8/5/2025,3:00,10844.4
8/5/2025,3:15,10846.5
8/5/2025,3:30,10844.4
8/5/2025,3:45,10896.9
8/5/2025,4:00,10794
8/5/2025,4:15,10833.9
8/5/2025,4:30,10815
8/5/2025,4:45,10922.1
8/5/2025,5:00,10903.2
8/5/2025,5:15,10934.7
8/5/2025,5:30,10810.8
8/5/2025,5:45,10840.2
8/5/2025,6:00,10686.9
8/5/2025,6:15,10535.7
8/5/2025,6:30,10287.9
8/5/2025,6:45,10088.4
8/5/2025,7:00,9710.4
8/5/2025,7:15,9468.9
8/5/2025,7:30,9122.4
8/5/2025,7:45,8805.3
8/5/2025,8:00,8471.4
8/5/2025,8:15,8179.5
8/5/2025,8:30,7872.9
8/5/2025,8:45,7690.2
8/5/2025,9:00,7310.1
8/5/2025,9:15,7192.5
8/5/2025,9:30,6972
8/5/2025,9:45,6778.8
8/5/2025,10:00,6591.9
8/5/2025,10:15,6484.8
8/5/2025,10:30,6304.2
8/5/2025,10:45,6092.1
8/5/2025,11:00,5932.5
8/5/2025,11:15,6230.7
8/5/2025,11:30,5817
8/5/2025,11:45,6232.8
8/5/2025,12:00,7967.4
8/5/2025,12:15,6136.2
8/5/2025,12:30,5919.9
8/5/2025,12:45,5886.3
8/5/2025,13:00,6203.4
8/5/2025,13:15,6249.6
8/5/2025,13:30,6541.5
8/5/2025,13:45,6535.2
8/5/2025,14:00,6793.5
8/5/2025,14:15,6764.1
8/5/2025,14:30,6833.4
8/5/2025,14:45,7098
8/5/2025,15:00,7305.9
8/5/2025,15:15,7440.3
8/5/2025,15:30,7652.4
8/5/2025,15:45,7923.3
8/5/2025,16:00,8030.4
8/5/2025,16:15,8670.9
8/5/2025,16:30,8943.9
8/5/2025,16:45,8977.5
8/5/2025,17:00,9258.9
8/5/2025,17:15,9886.8
8/5/2025,17:30,10178.7
8/5/2025,17:45,10296.3
8/5/2025,18:00,10434.9
8/5/2025,18:15,10754.1
8/5/2025,18:30,10739.4
8/5/2025,18:45,10808.7
8/5/2025,19:00,11064.9
8/5/2025,19:15,10962
8/5/2025,19:30,10966.2
8/5/2025,19:45,10985.1
8/5/2025,20:00,10964.1
8/5/2025,20:15,10955.7
8/5/2025,20:30,10945.2
8/5/2025,20:45,10938.9
8/5/2025,21:00,10913.7
8/5/2025,21:15,10863.3
8/5/2025,21:30,10886.4
8/5/2025,21:45,10913.7
8/5/2025,22:00,10951.5
8/5/2025,22:15,10947.3
8/5/2025,22:30,10945.2
8/5/2025,22:45,10949.4
8/5/2025,23:00,10936.8
8/5/2025,23:15,10932.6
8/5/2025,23:30,10915.8
8/5/2025,23:45,10943.1
8/6/2025,0:00,10955.7
8/6/2025,0:15,10955.7
8/6/2025,0:30,10934.7
8/6/2025,0:45,10922.1
8/6/2025,1:00,10909.5
8/6/2025,1:15,10850.7
8/6/2025,1:30,10854.9
8/6/2025,1:45,10907.4
8/6/2025,2:00,10884.3
8/6/2025,2:15,10833.9
8/6/2025,2:30,10886.4
8/6/2025,2:45,10808.7
8/6/2025,3:00,10890.6
8/6/2025,3:15,10949.4
8/6/2025,3:30,10886.4
8/6/2025,3:45,10884.3
8/6/2025,4:00,10905.3
8/6/2025,4:15,10815
8/6/2025,4:30,10945.2
8/6/2025,4:45,10903.2
8/6/2025,5:00,10880.1
8/6/2025,5:15,10894.8
8/6/2025,5:30,10861.2
8/6/2025,5:45,10804.5
8/6/2025,6:00,10659.6
8/6/2025,6:15,10506.3
8/6/2025,6:30,10308.9
8/6/2025,6:45,10059
8/6/2025,7:00,9863.7
8/6/2025,7:15,9597
8/6/2025,7:30,9303
8/6/2025,7:45,8971.2
8/6/2025,8:00,8662.5
8/6/2025,8:15,8463
8/6/2025,8:30,8190
8/6/2025,8:45,8093.4
8/6/2025,9:00,7641.9
8/6/2025,9:15,7459.2
8/6/2025,9:30,7079.1
8/6/2025,9:45,7135.8
8/6/2025,10:00,7203
8/6/2025,10:15,7473.9
8/6/2025,10:30,8481.9
8/6/2025,10:45,7980
8/6/2025,11:00,6587.7
8/6/2025,11:15,7822.5
8/6/2025,11:30,7276.5
8/6/2025,11:45,7242.9
8/6/2025,12:00,7818.3
8/6/2025,12:15,7032.9
8/6/2025,12:30,8141.7
8/6/2025,12:45,5716.2
8/6/2025,13:00,7814.1
8/6/2025,13:15,5812.8
8/6/2025,13:30,8410.5
8/6/2025,13:45,6690.6
8/6/2025,14:00,7022.4
8/6/2025,14:15,6459.6
8/6/2025,14:30,7196.7
8/6/2025,14:45,7158.9
8/6/2025,15:00,8549.1
8/6/2025,15:15,8502.9
8/6/2025,15:30,9023.7
8/6/2025,15:45,9103.5
8/6/2025,16:00,8906.1
8/6/2025,16:15,9263.1
8/6/2025,16:30,9641.1
8/6/2025,16:45,9678.9
8/6/2025,17:00,9941.4
8/6/2025,17:15,9762.9
8/6/2025,17:30,10172.4
8/6/2025,17:45,10338.3
8/6/2025,18:00,10512.6
8/6/2025,18:15,10657.5
8/6/2025,18:30,10745.7
8/6/2025,18:45,10842.3
8/6/2025,19:00,10905.3
8/6/2025,19:15,10930.5
8/6/2025,19:30,10913.7
8/6/2025,19:45,10890.6
8/6/2025,20:00,10968.3
8/6/2025,20:15,10907.4
8/6/2025,20:30,10848.6
8/6/2025,20:45,10941
8/6/2025,21:00,10926.3
8/6/2025,21:15,10901.1
8/6/2025,21:30,10953.6
8/6/2025,21:45,10859.1
8/6/2025,22:00,10924.2
8/6/2025,22:15,10911.6
8/6/2025,22:30,10974.6
8/6/2025,22:45,10884.3
8/6/2025,23:00,10978.8
8/6/2025,23:15,10854.9
8/6/2025,23:30,10922.1
8/6/2025,23:45,10844.4
8/7/2025,0:00,10943.1
8/7/2025,0:15,10863.3
8/7/2025,0:30,10884.3
8/7/2025,0:45,10844.4
8/7/2025,1:00,10886.4
8/7/2025,1:15,10878
8/7/2025,1:30,10871.7
8/7/2025,1:45,10777.2
8/7/2025,2:00,10892.7
8/7/2025,2:15,10815
8/7/2025,2:30,10911.6
8/7/2025,2:45,10875.9
8/7/2025,3:00,10846.5
8/7/2025,3:15,10836
8/7/2025,3:30,10863.3
8/7/2025,3:45,10821.3
8/7/2025,4:00,10896.9
8/7/2025,4:15,10869.6
8/7/2025,4:30,10896.9
8/7/2025,4:45,10854.9
8/7/2025,5:00,10888.5
8/7/2025,5:15,10865.4
8/7/2025,5:30,10903.2
8/7/2025,5:45,10724.7
8/7/2025,6:00,10556.7
8/7/2025,6:15,10332
8/7/2025,6:30,10256.4
8/7/2025,6:45,9983.4
8/7/2025,7:00,9834.3
8/7/2025,7:15,9584.4
8/7/2025,7:30,9408
8/7/2025,7:45,9420.6
8/7/2025,8:00,9443.7
8/7/2025,8:15,9118.2
8/7/2025,8:30,9080.4
8/7/2025,8:45,8813.7
8/7/2025,9:00,7526.4
8/7/2025,9:15,8114.4
8/7/2025,9:30,8542.8
8/7/2025,9:45,9525.6
8/7/2025,10:00,9660
8/7/2025,10:15,9985.5
8/7/2025,10:30,10035.9
8/7/2025,10:45,9082.5
8/7/2025,11:00,9237.9
8/7/2025,11:15,7005.6
8/7/2025,11:30,6871.2
8/7/2025,11:45,7700.7
8/7/2025,12:00,8364.3
8/7/2025,12:15,8351.7
8/7/2025,12:30,9962.4
8/7/2025,12:45,9437.4
8/7/2025,13:00,8183.7
8/7/2025,13:15,9834.3
8/7/2025,13:30,10399.2
8/7/2025,13:45,9517.2
8/7/2025,14:00,10388.7
8/7/2025,14:15,10422.3
8/7/2025,14:30,10277.4
8/7/2025,14:45,10082.1
8/7/2025,15:00,9825.9
8/7/2025,15:15,9855.3
8/7/2025,15:30,10021.2
8/7/2025,15:45,9798.6
8/7/2025,16:00,9790.2
8/7/2025,16:15,10371.9
8/7/2025,16:30,10684.8
8/7/2025,16:45,10489.5
8/7/2025,17:00,10791.9
8/7/2025,17:15,10665.9
8/7/2025,17:30,10649.1
8/7/2025,17:45,10632.3
8/7/2025,18:00,10691.1
8/7/2025,18:15,10707.9
8/7/2025,18:30,10821.3
8/7/2025,18:45,10823.4
8/7/2025,19:00,10896.9
8/7/2025,19:15,10810.8
8/7/2025,19:30,10867.5
8/7/2025,19:45,10819.2
8/7/2025,20:00,10859.1
8/7/2025,20:15,10794
8/7/2025,20:30,10896.9
8/7/2025,20:45,10892.7
8/7/2025,21:00,10924.2
8/7/2025,21:15,10804.5
8/7/2025,21:30,10920
8/7/2025,21:45,10796.1
8/7/2025,22:00,10878
8/7/2025,22:15,10821.3
8/7/2025,22:30,10901.1
8/7/2025,22:45,10842.3
8/7/2025,23:00,10875.9
8/7/2025,23:15,10844.4
8/7/2025,23:30,10886.4
8/7/2025,23:45,10791.9
8/8/2025,0:00,10941
8/8/2025,0:15,10823.4
8/8/2025,0:30,10848.6
8/8/2025,0:45,10875.9
8/8/2025,1:00,10857
8/8/2025,1:15,10825.5
8/8/2025,1:30,10949.4
8/8/2025,1:45,10808.7
8/8/2025,2:00,10899
8/8/2025,2:15,10848.6
8/8/2025,2:30,10896.9
8/8/2025,2:45,10833.9
8/8/2025,3:00,10890.6
8/8/2025,3:15,10781.4
8/8/2025,3:30,10886.4
8/8/2025,3:45,10848.6
8/8/2025,4:00,10882.2
8/8/2025,4:15,10829.7
8/8/2025,4:30,10865.4
8/8/2025,4:45,10791.9
8/8/2025,5:00,10836
8/8/2025,5:15,10787.7
8/8/2025,5:30,10812.9
8/8/2025,5:45,10682.7
8/8/2025,6:00,10699.5
8/8/2025,6:15,10546.2
8/8/2025,6:30,10338.3
8/8/2025,6:45,10056.9
8/8/2025,7:00,9865.8
8/8/2025,7:15,9479.4
8/8/2025,7:30,9212.7
8/8/2025,7:45,8920.8
8/8/2025,8:00,8620.5
8/8/2025,8:15,8387.4
8/8/2025,8:30,8133.3
8/8/2025,8:45,7833
8/8/2025,9:00,7772.1
8/8/2025,9:15,7417.2
8/8/2025,9:30,7186.2
8/8/2025,9:45,7026.6
8/8/2025,10:00,6705.3
8/8/2025,10:15,7820.4
8/8/2025,10:30,6176.1
8/8/2025,10:45,6348.3
8/8/2025,11:00,6035.4
8/8/2025,11:15,5865.3
8/8/2025,11:30,6008.1
8/8/2025,11:45,5531.4
8/8/2025,12:00,7423.5
8/8/2025,12:15,6381.9
8/8/2025,12:30,5844.3
8/8/2025,12:45,5691
8/8/2025,13:00,5823.3
8/8/2025,13:15,8133.3
8/8/2025,13:30,9817.5
8/8/2025,13:45,9857.4
8/8/2025,14:00,9779.7
8/8/2025,14:15,9471
8/8/2025,14:30,8996.4
8/8/2025,14:45,9206.4
8/8/2025,15:00,9744
8/8/2025,15:15,10059
8/8/2025,15:30,10096.8
8/8/2025,15:45,10281.6
8/8/2025,16:00,10491.6
8/8/2025,16:15,10491.6
8/8/2025,16:30,10527.3
8/8/2025,16:45,10495.8
8/8/2025,17:00,10504.2
8/8/2025,17:15,10497.9
8/8/2025,17:30,10626
8/8/2025,17:45,10617.6
8/8/2025,18:00,10525.2
8/8/2025,18:15,10567.2
8/8/2025,18:30,10758.3
8/8/2025,18:45,10783.5
8/8/2025,19:00,10924.2
8/8/2025,19:15,10865.4
8/8/2025,19:30,10871.7
8/8/2025,19:45,10932.6
8/8/2025,20:00,10924.2
8/8/2025,20:15,10905.3
8/8/2025,20:30,10949.4
8/8/2025,20:45,10917.9
8/8/2025,21:00,10953.6
8/8/2025,21:15,10882.2
8/8/2025,21:30,10911.6
8/8/2025,21:45,10928.4
8/8/2025,22:00,10945.2
8/8/2025,22:15,10884.3
8/8/2025,22:30,10899
8/8/2025,22:45,10884.3
8/8/2025,23:00,10896.9
8/8/2025,23:15,10903.2
8/8/2025,23:30,10890.6
8/8/2025,23:45,10857
8/9/2025,0:00,10936.8
8/9/2025,0:15,10901.1
8/9/2025,0:30,10924.2
8/9/2025,0:45,10815
8/9/2025,1:00,10789.8
8/9/2025,1:15,10779.3
8/9/2025,1:30,10831.8
8/9/2025,1:45,10817.1
8/9/2025,2:00,10819.2
8/9/2025,2:15,10827.6
8/9/2025,2:30,10899
8/9/2025,2:45,10903.2
8/9/2025,3:00,10894.8
8/9/2025,3:15,10865.4
8/9/2025,3:30,10903.2
8/9/2025,3:45,10875.9
8/9/2025,4:00,10938.9
8/9/2025,4:15,10890.6
8/9/2025,4:30,10899
8/9/2025,4:45,10899
8/9/2025,5:00,10924.2
8/9/2025,5:15,10869.6
8/9/2025,5:30,10888.5
8/9/2025,5:45,10842.3
8/9/2025,6:00,10825.5
8/9/2025,6:15,10691.1
8/9/2025,6:30,10684.8
8/9/2025,6:45,10516.8
8/9/2025,7:00,10472.7
8/9/2025,7:15,10384.5
8/9/2025,7:30,10437
8/9/2025,7:45,10071.6
8/9/2025,8:00,9725.1
8/9/2025,8:15,9804.9
8/9/2025,8:30,9842.7
8/9/2025,8:45,9632.7
8/9/2025,9:00,9466.8
8/9/2025,9:15,8311.8
8/9/2025,9:30,8471.4
8/9/2025,9:45,9246.3
8/9/2025,10:00,9727.2
8/9/2025,10:15,9786
8/9/2025,10:30,10109.4
8/9/2025,10:45,9989.7
8/9/2025,11:00,10077.9
8/9/2025,11:15,9775.5
8/9/2025,11:30,9823.8
8/9/2025,11:45,10168.2
8/9/2025,12:00,10189.2
8/9/2025,12:15,10128.3
8/9/2025,12:30,10132.5
8/9/2025,12:45,10105.2
8/9/2025,13:00,10321.5
8/9/2025,13:15,10390.8
8/9/2025,13:30,10422.3
8/9/2025,13:45,10346.7
8/9/2025,14:00,10348.8
8/9/2025,14:15,10208.1
8/9/2025,14:30,10220.7
8/9/2025,14:45,10040.1
8/9/2025,15:00,10082.1
8/9/2025,15:15,10010.7
8/9/2025,15:30,10017
8/9/2025,15:45,9924.6
8/9/2025,16:00,10044.3
8/9/2025,16:15,10361.4
8/9/2025,16:30,10558.8
8/9/2025,16:45,10537.8
8/9/2025,17:00,10655.4
8/9/2025,17:15,10773
8/9/2025,17:30,10871.7
8/9/2025,17:45,10747.8
8/9/2025,18:00,10863.3
8/9/2025,18:15,10762.5
8/9/2025,18:30,10869.6
8/9/2025,18:45,10831.8
8/9/2025,19:00,10878
8/9/2025,19:15,10815
8/9/2025,19:30,10894.8
8/9/2025,19:45,10789.8
8/9/2025,20:00,10907.4
8/9/2025,20:15,10808.7
8/9/2025,20:30,10869.6
8/9/2025,20:45,10861.2
8/9/2025,21:00,10920
8/9/2025,21:15,10758.3
8/9/2025,21:30,10850.7
8/9/2025,21:45,10846.5
8/9/2025,22:00,10932.6
8/9/2025,22:15,10815
8/9/2025,22:30,10899
8/9/2025,22:45,10840.2
8/9/2025,23:00,10951.5
8/9/2025,23:15,10815
8/9/2025,23:30,10943.1
8/9/2025,23:45,10783.5
8/10/2025,0:00,10972.5
8/10/2025,0:15,10823.4
8/10/2025,0:30,10945.2
8/10/2025,0:45,10819.2
8/10/2025,1:00,10934.7
8/10/2025,1:15,10743.6
8/10/2025,1:30,10928.4
8/10/2025,1:45,10743.6
8/10/2025,2:00,10882.2
8/10/2025,2:15,10764.6
8/10/2025,2:30,10924.2
8/10/2025,2:45,10691.1
8/10/2025,3:00,10899
8/10/2025,3:15,10707.9
8/10/2025,3:30,10865.4
8/10/2025,3:45,10718.4
8/10/2025,4:00,10917.9
8/10/2025,4:15,10670.1
8/10/2025,4:30,10917.9
8/10/2025,4:45,10735.2
8/10/2025,5:00,10899
8/10/2025,5:15,10710
8/10/2025,5:30,10871.7
8/10/2025,5:45,10663.8
8/10/2025,6:00,10987.2
8/10/2025,6:15,10659.6
8/10/2025,6:30,10842.3
8/10/2025,6:45,10605
8/10/2025,7:00,10871.7
8/10/2025,7:15,10485.3
8/10/2025,7:30,10728.9
8/10/2025,7:45,10502.1
8/10/2025,8:00,10880.1
8/10/2025,8:15,10346.7
8/10/2025,8:30,10634.4
8/10/2025,8:45,10000.2
8/10/2025,9:00,10642.8
8/10/2025,9:15,9584.4
8/10/2025,9:30,9601.2
8/10/2025,9:45,9006.9
8/10/2025,10:00,9641.1
8/10/2025,10:15,9170.7
8/10/2025,10:30,8133.3
8/10/2025,10:45,8824.2
8/10/2025,11:00,10050.6
8/10/2025,11:15,9874.2
8/10/2025,11:30,9849
8/10/2025,11:45,10140.9
8/10/2025,12:00,10684.8
8/10/2025,12:15,10294.2
8/10/2025,12:30,10411.8
8/10/2025,12:45,9450
8/10/2025,13:00,10355.1
8/10/2025,13:15,9981.3
8/10/2025,13:30,9466.8
8/10/2025,13:45,9059.4
8/10/2025,14:00,10231.2
8/10/2025,14:15,10025.4
8/10/2025,14:30,10546.2
8/10/2025,14:45,10300.5
8/10/2025,15:00,10680.6
8/10/2025,15:15,10172.4
8/10/2025,15:30,10140.9
8/10/2025,15:45,9800.7
8/10/2025,16:00,9582.3
8/10/2025,16:15,9216.9
8/10/2025,16:30,10136.7
8/10/2025,16:45,9540.3
8/10/2025,17:00,10182.9
8/10/2025,17:15,10025.4
8/10/2025,17:30,10378.2
8/10/2025,17:45,10428.6
8/10/2025,18:00,10598.7
8/10/2025,18:15,10418.1
8/10/2025,18:30,10836
8/10/2025,18:45,10556.7
8/10/2025,19:00,10901.1
8/10/2025,19:15,10676.4
8/10/2025,19:30,10852.8
8/10/2025,19:45,10617.6
8/10/2025,20:00,10852.8
8/10/2025,20:15,10651.2
8/10/2025,20:30,10890.6
8/10/2025,20:45,10670.1
8/10/2025,21:00,10861.2
8/10/2025,21:15,10586.1
8/10/2025,21:30,10922.1
8/10/2025,21:45,10703.7
8/10/2025,22:00,10861.2
8/10/2025,22:15,10710
8/10/2025,22:30,10863.3
8/10/2025,22:45,10718.4
8/10/2025,23:00,10934.7
8/10/2025,23:15,10596.6
8/10/2025,23:30,10896.9
8/10/2025,23:45,10661.7
8/11/2025,0:00,10812.9
8/11/2025,0:15,10573.5
8/11/2025,0:30,10846.5
8/11/2025,0:45,10682.7
8/11/2025,1:00,10859.1
8/11/2025,1:15,10579.8
8/11/2025,1:30,10850.7
8/11/2025,1:45,10674.3
8/11/2025,2:00,10888.5
8/11/2025,2:15,10684.8
8/11/2025,2:30,10899
8/11/2025,2:45,10659.6
8/11/2025,3:00,10873.8
8/11/2025,3:15,10739.4
8/11/2025,3:30,10905.3
8/11/2025,3:45,10699.5
8/11/2025,4:00,10873.8
8/11/2025,4:15,10707.9
8/11/2025,4:30,10930.5
8/11/2025,4:45,10779.3
8/11/2025,5:00,10869.6
8/11/2025,5:15,10659.6
8/11/2025,5:30,10838.1
8/11/2025,5:45,10726.8
8/11/2025,6:00,10848.6
8/11/2025,6:15,10747.8
8/11/2025,6:30,10907.4
8/11/2025,6:45,10651.2
8/11/2025,7:00,10752
8/11/2025,7:15,10588.2
8/11/2025,7:30,10817.1
8/11/2025,7:45,10701.6
8/11/2025,8:00,10516.8
8/11/2025,8:15,10296.3
8/11/2025,8:30,10630.2
8/11/2025,8:45,10214.4
8/11/2025,9:00,10737.3
8/11/2025,9:15,10334.1
8/11/2025,9:30,10371.9
8/11/2025,9:45,10113.6
8/11/2025,10:00,10682.7
8/11/2025,10:15,10277.4
8/11/2025,10:30,10382.4
8/11/2025,10:45,9823.8
8/11/2025,11:00,10075.8
8/11/2025,11:15,9744
8/11/2025,11:30,10493.7
8/11/2025,11:45,9258.9
8/11/2025,12:00,8832.6
8/11/2025,12:15,9996
8/11/2025,12:30,9387
8/11/2025,12:45,8790.6
8/11/2025,13:00,9378.6
8/11/2025,13:15,9256.8
8/11/2025,13:30,9628.5
8/11/2025,13:45,9500.4
8/11/2025,14:00,9689.4
8/11/2025,14:15,10323.6
8/11/2025,14:30,10189.2
8/11/2025,14:45,10476.9
8/11/2025,15:00,10229.1
8/11/2025,15:15,10531.5
8/11/2025,15:30,10464.3
8/11/2025,15:45,10850.7
8/11/2025,16:00,10888.5
8/11/2025,16:15,10554.6
8/11/2025,16:30,10531.5
8/11/2025,16:45,10233.3
8/11/2025,17:00,9836.4
8/11/2025,17:15,10136.7
8/11/2025,17:30,10409.7
8/11/2025,17:45,10554.6
8/11/2025,18:00,10712.1
8/11/2025,18:15,10657.5
8/11/2025,18:30,10611.3
8/11/2025,18:45,10873.8
8/11/2025,19:00,10882.2
8/11/2025,19:15,10789.8
8/11/2025,19:30,10649.1
8/11/2025,19:45,10802.4
8/11/2025,20:00,10806.6
8/11/2025,20:15,10821.3
8/11/2025,20:30,10842.3
8/11/2025,20:45,10936.8
8/11/2025,21:00,10932.6
8/11/2025,21:15,10863.3
8/11/2025,21:30,10909.5
8/11/2025,21:45,10920
8/11/2025,22:00,10894.8
8/11/2025,22:15,10943.1
8/11/2025,22:30,10941
8/11/2025,22:45,10672.2
8/11/2025,23:00,10844.4
8/11/2025,23:15,10878
8/11/2025,23:30,10848.6
8/11/2025,23:45,10920
8/12/2025,0:00,10957.8
8/12/2025,0:15,10991.4
8/12/2025,0:30,10888.5
8/12/2025,0:45,10917.9
8/12/2025,1:00,10878
8/12/2025,1:15,10928.4
8/12/2025,1:30,10947.3
8/12/2025,1:45,10926.3
8/12/2025,2:00,10707.9
8/12/2025,2:15,10775.1
8/12/2025,2:30,10848.6
8/12/2025,2:45,10825.5
8/12/2025,3:00,10863.3
8/12/2025,3:15,10955.7
8/12/2025,3:30,10949.4
8/12/2025,3:45,10930.5
8/12/2025,4:00,10880.1
8/12/2025,4:15,10922.1
8/12/2025,4:30,10892.7
8/12/2025,4:45,10932.6
8/12/2025,5:00,10894.8
8/12/2025,5:15,10779.3
8/12/2025,5:30,10686.9
8/12/2025,5:45,10890.6
8/12/2025,6:00,10644.9
8/12/2025,6:15,10703.7
8/12/2025,6:30,10495.8
8/12/2025,6:45,10220.7
8/12/2025,7:00,10376.1
8/12/2025,7:15,10428.6
8/12/2025,7:30,10340.4
8/12/2025,7:45,10262.7
8/12/2025,8:00,10378.2
8/12/2025,8:15,10346.7
8/12/2025,8:30,9830.1
8/12/2025,8:45,9708.3
8/12/2025,9:00,9783.9
8/12/2025,9:15,10506.3
8/12/2025,9:30,10546.2
8/12/2025,9:45,9676.8
8/12/2025,10:00,10334.1
8/12/2025,10:15,10630.2
8/12/2025,10:30,9725.1
8/12/2025,10:45,9930.9
8/12/2025,11:00,9926.7
8/12/2025,11:15,9834.3
8/12/2025,11:30,8301.3
8/12/2025,11:45,8448.3
8/12/2025,12:00,8809.5
8/12/2025,12:15,8439.9
8/12/2025,12:30,7845.6
8/12/2025,12:45,9536.1
8/12/2025,13:00,8500.8
8/12/2025,13:15,8908.2
8/12/2025,13:30,8927.1
8/12/2025,13:45,9277.8
8/12/2025,14:00,9391.2
8/12/2025,14:15,9103.5
8/12/2025,14:30,10201.8
8/12/2025,14:45,9370.2
8/12/2025,15:00,9649.5
8/12/2025,15:15,9420.6
8/12/2025,15:30,9258.9
8/12/2025,15:45,9909.9
8/12/2025,16:00,10395
8/12/2025,16:15,10569.3
8/12/2025,16:30,10653.3
8/12/2025,16:45,10833.9
8/12/2025,17:00,10819.2
8/12/2025,17:15,10481.1
8/12/2025,17:30,10628.1
8/12/2025,17:45,10644.9
8/12/2025,18:00,10485.3
8/12/2025,18:15,10684.8
8/12/2025,18:30,10852.8
8/12/2025,18:45,10779.3
8/12/2025,19:00,10886.4
8/12/2025,19:15,10968.3
8/12/2025,19:30,10794
8/12/2025,19:45,10924.2
8/12/2025,20:00,10882.2
8/12/2025,20:15,10842.3
8/12/2025,20:30,10915.8
8/12/2025,20:45,10947.3
8/12/2025,21:00,10947.3
8/12/2025,21:15,10880.1
8/12/2025,21:30,10941
8/12/2025,21:45,10983
8/12/2025,22:00,10724.7
8/12/2025,22:15,10911.6
8/12/2025,22:30,10905.3
8/12/2025,22:45,10745.7
8/12/2025,23:00,10896.9
8/12/2025,23:15,10949.4
8/12/2025,23:30,10901.1
8/12/2025,23:45,10959.9
8/13/2025,0:00,11001.9
8/13/2025,0:15,10934.7
8/13/2025,0:30,10917.9
8/13/2025,0:45,10945.2
8/13/2025,1:00,10850.7
8/13/2025,1:15,10913.7
8/13/2025,1:30,10907.4
8/13/2025,1:45,10802.4
8/13/2025,2:00,10859.1
8/13/2025,2:15,10844.4
8/13/2025,2:30,10894.8
8/13/2025,2:45,10743.6
8/13/2025,3:00,10861.2
8/13/2025,3:15,10894.8
8/13/2025,3:30,10697.4
8/13/2025,3:45,10850.7
8/13/2025,4:00,10913.7
8/13/2025,4:15,10810.8
8/13/2025,4:30,10930.5
8/13/2025,4:45,11006.1
8/13/2025,5:00,10867.5
8/13/2025,5:15,10959.9
8/13/2025,5:30,10913.7
8/13/2025,5:45,10829.7
8/13/2025,6:00,10783.5
8/13/2025,6:15,10626
8/13/2025,6:30,10544.1
8/13/2025,6:45,10361.4
8/13/2025,7:00,10197.6
8/13/2025,7:15,9393.3
8/13/2025,7:30,9015.3
8/13/2025,7:45,8324.4
8/13/2025,8:00,9636.9
8/13/2025,8:15,9462.6
8/13/2025,8:30,9649.5
8/13/2025,8:45,9849
8/13/2025,9:00,8897.7
8/13/2025,9:15,9590.7
8/13/2025,9:30,7480.2
8/13/2025,9:45,8381.1
8/13/2025,10:00,9126.6
8/13/2025,10:15,7688.1
8/13/2025,10:30,7007.7
8/13/2025,10:45,7725.9
8/13/2025,11:00,7807.8
8/13/2025,11:15,9267.3
8/13/2025,11:30,8036.7
8/13/2025,11:45,8551.2
8/13/2025,12:00,8234.1
8/13/2025,12:15,8715
8/13/2025,12:30,8775.9
8/13/2025,12:45,9590.7
8/13/2025,13:00,8773.8
8/13/2025,13:15,9082.5
8/13/2025,13:30,9095.1
8/13/2025,13:45,9105.6
8/13/2025,14:00,8880.9
8/13/2025,14:15,8786.4
8/13/2025,14:30,7707
8/13/2025,14:45,8404.2
8/13/2025,15:00,8110.2
8/13/2025,15:15,8691.9
8/13/2025,15:30,9072
8/13/2025,15:45,8284.5
8/13/2025,16:00,8893.5
8/13/2025,16:15,9559.2
8/13/2025,16:30,9748.2
8/13/2025,16:45,10061.1
8/13/2025,17:00,10252.2
8/13/2025,17:15,10453.8
8/13/2025,17:30,10401.3
8/13/2025,17:45,10061.1
8/13/2025,18:00,10311
8/13/2025,18:15,10210.2
8/13/2025,18:30,10292.1
8/13/2025,18:45,10825.5
8/13/2025,19:00,10955.7
8/13/2025,19:15,10890.6
8/13/2025,19:30,10920
8/13/2025,19:45,11014.5
8/13/2025,20:00,10909.5
8/13/2025,20:15,10924.2
8/13/2025,20:30,10911.6
8/13/2025,20:45,10905.3
8/13/2025,21:00,10932.6
8/13/2025,21:15,10957.8
8/13/2025,21:30,10878
8/13/2025,21:45,10861.2
8/13/2025,22:00,10907.4
8/13/2025,22:15,10920
8/13/2025,22:30,10766.7
8/13/2025,22:45,10922.1
8/13/2025,23:00,10962
8/13/2025,23:15,10674.3
8/13/2025,23:30,10901.1
8/13/2025,23:45,10999.8
8/14/2025,0:00,10812.9
8/14/2025,0:15,10928.4
8/14/2025,0:30,10949.4
8/14/2025,0:45,10852.8
8/14/2025,1:00,10941
8/14/2025,1:15,10890.6
8/14/2025,1:30,10806.6
8/14/2025,1:45,10875.9
8/14/2025,2:00,10863.3
8/14/2025,2:15,10804.5
8/14/2025,2:30,10886.4
8/14/2025,2:45,10836
8/14/2025,3:00,10859.1
8/14/2025,3:15,10829.7
8/14/2025,3:30,10873.8
8/14/2025,3:45,10890.6
8/14/2025,4:00,10605
8/14/2025,4:15,10892.7
8/14/2025,4:30,10915.8
8/14/2025,4:45,10745.7
8/14/2025,5:00,10924.2
8/14/2025,5:15,10947.3
8/14/2025,5:30,10800.3
8/14/2025,5:45,10829.7
8/14/2025,6:00,10670.1
8/14/2025,6:15,10458
8/14/2025,6:30,10479
8/14/2025,6:45,10080
8/14/2025,7:00,10023.3
8/14/2025,7:15,10168.2
8/14/2025,7:30,10117.8
8/14/2025,7:45,10025.4
8/14/2025,8:00,10145.1
8/14/2025,8:15,9786
8/14/2025,8:30,8538.6
8/14/2025,8:45,7431.9
8/14/2025,9:00,7635.6
8/14/2025,9:15,7213.5
8/14/2025,9:30,7341.6
8/14/2025,9:45,6762
8/14/2025,10:00,6604.5
8/14/2025,10:15,6537.3
8/14/2025,10:30,6125.7
8/14/2025,10:45,6108.9
8/14/2025,11:00,5980.8
8/14/2025,11:15,5999.7
8/14/2025,11:30,5877.9
8/14/2025,11:45,5670
8/14/2025,12:00,7062.3
8/14/2025,12:15,7305.9
8/14/2025,12:30,5407.5
8/14/2025,12:45,5329.8
8/14/2025,13:00,5554.5
8/14/2025,13:15,6629.7
8/14/2025,13:30,9139.2
8/14/2025,13:45,5481
8/14/2025,14:00,8992.2
8/14/2025,14:15,9229.5
8/14/2025,14:30,6192.9
8/14/2025,14:45,9424.8
8/14/2025,15:00,8173.2
8/14/2025,15:15,9258.9
8/14/2025,15:30,7765.8
8/14/2025,15:45,10294.2
8/14/2025,16:00,10420.2
8/14/2025,16:15,7272.3
8/14/2025,16:30,9559.2
8/14/2025,16:45,8626.8
8/14/2025,17:00,9107.7
8/14/2025,17:15,9441.6
8/14/2025,17:30,10689
8/14/2025,17:45,10701.6
8/14/2025,18:00,10250.1
8/14/2025,18:15,10539.9
8/14/2025,18:30,10815
8/14/2025,18:45,10867.5
8/14/2025,19:00,10682.7
8/14/2025,19:15,10972.5
8/14/2025,19:30,10993.5
8/14/2025,19:45,10812.9
8/14/2025,20:00,10943.1
8/14/2025,20:15,11027.1
8/14/2025,20:30,10911.6
8/14/2025,20:45,10974.6
8/14/2025,21:00,10903.2
8/14/2025,21:15,10880.1
8/14/2025,21:30,10959.9
8/14/2025,21:45,10924.2
8/14/2025,22:00,10875.9
8/14/2025,22:15,10957.8
8/14/2025,22:30,10924.2
8/14/2025,22:45,10899
8/14/2025,23:00,10865.4
8/14/2025,23:15,10896.9
8/14/2025,23:30,10907.4
8/14/2025,23:45,10670.1
8/15/2025,0:00,10882.2
8/15/2025,0:15,10886.4
8/15/2025,0:30,10701.6
8/15/2025,0:45,10838.1
8/15/2025,1:00,10909.5
8/15/2025,1:15,10779.3
8/15/2025,1:30,10873.8
8/15/2025,1:45,10945.2
8/15/2025,2:00,10806.6
8/15/2025,2:15,10846.5
8/15/2025,2:30,10867.5
8/15/2025,2:45,10770.9
8/15/2025,3:00,10890.6
8/15/2025,3:15,10863.3
8/15/2025,3:30,10823.4
8/15/2025,3:45,10817.1
8/15/2025,4:00,10854.9
8/15/2025,4:15,10859.1
8/15/2025,4:30,10651.2
8/15/2025,4:45,10882.2
8/15/2025,5:00,10878
8/15/2025,5:15,10600.8
8/15/2025,5:30,10842.3
8/15/2025,5:45,10852.8
8/15/2025,6:00,10626
8/15/2025,6:15,10607.1
8/15/2025,6:30,10542
8/15/2025,6:45,10105.2
8/15/2025,7:00,9865.8
8/15/2025,7:15,9641.1
8/15/2025,7:30,9053.1
8/15/2025,7:45,8807.4
8/15/2025,8:00,8649.9
8/15/2025,8:15,8150.1
8/15/2025,8:30,7820.4
8/15/2025,8:45,7612.5
8/15/2025,9:00,7266
8/15/2025,9:15,6993
8/15/2025,9:30,6770.4
8/15/2025,9:45,6654.9
8/15/2025,10:00,6232.8
8/15/2025,10:15,6480.6
8/15/2025,10:30,6379.8
8/15/2025,10:45,6169.8
8/15/2025,11:00,6165.6
8/15/2025,11:15,6125.7
8/15/2025,11:30,6087.9
8/15/2025,11:45,6024.9
8/15/2025,12:00,5970.3
8/15/2025,12:15,5783.4
8/15/2025,12:30,5932.5
8/15/2025,12:45,5915.7
8/15/2025,13:00,6006
8/15/2025,13:15,9506.7
8/15/2025,13:30,5688.9
8/15/2025,13:45,5436.9
8/15/2025,14:00,5682.6
8/15/2025,14:15,6749.4
8/15/2025,14:30,8878.8
8/15/2025,14:45,5930.4
8/15/2025,15:00,9891
8/15/2025,15:15,10117.8
8/15/2025,15:30,9985.5
8/15/2025,15:45,9689.4
8/15/2025,16:00,10195.5
8/15/2025,16:15,10216.5
8/15/2025,16:30,8255.1
8/15/2025,16:45,9750.3
8/15/2025,17:00,10531.5
8/15/2025,17:15,10638.6
8/15/2025,17:30,10737.3
8/15/2025,17:45,10080
8/15/2025,18:00,10321.5
8/15/2025,18:15,10542
8/15/2025,18:30,10617.6
8/15/2025,18:45,10712.1
8/15/2025,19:00,10894.8
8/15/2025,19:15,10890.6
8/15/2025,19:30,10630.2
8/15/2025,19:45,10882.2
8/15/2025,20:00,10905.3
8/15/2025,20:15,10674.3
8/15/2025,20:30,10840.2
8/15/2025,20:45,10936.8
8/15/2025,21:00,10842.3
8/15/2025,21:15,10878
8/15/2025,21:30,10955.7
8/15/2025,21:45,10871.7
8/15/2025,22:00,10907.4
8/15/2025,22:15,10915.8
8/15/2025,22:30,10888.5
8/15/2025,22:45,10903.2
8/15/2025,23:00,10878
8/15/2025,23:15,10859.1
8/15/2025,23:30,10779.3
8/15/2025,23:45,10852.8
8/16/2025,0:00,10859.1
8/16/2025,0:15,10741.5
8/16/2025,0:30,10863.3
8/16/2025,0:45,10901.1
8/16/2025,1:00,10605
8/16/2025,1:15,10854.9
8/16/2025,1:30,10913.7
8/16/2025,1:45,10758.3
8/16/2025,2:00,10915.8
8/16/2025,2:15,10913.7
8/16/2025,2:30,10810.8
8/16/2025,2:45,10888.5
8/16/2025,3:00,10913.7
8/16/2025,3:15,10863.3
8/16/2025,3:30,10913.7
8/16/2025,3:45,10911.6
8/16/2025,4:00,10823.4
8/16/2025,4:15,10901.1
8/16/2025,4:30,10869.6
8/16/2025,4:45,10882.2
8/16/2025,5:00,10844.4
8/16/2025,5:15,10894.8
8/16/2025,5:30,10873.8
8/16/2025,5:45,10558.8
8/16/2025,6:00,10762.5
8/16/2025,6:15,10621.8
8/16/2025,6:30,10210.2
8/16/2025,6:45,10061.1
8/16/2025,7:00,9836.4
8/16/2025,7:15,9462.6
8/16/2025,7:30,9130.8
8/16/2025,7:45,8824.2
8/16/2025,8:00,8395.8
8/16/2025,8:15,8118.6
8/16/2025,8:30,7845.6
8/16/2025,8:45,7574.7
8/16/2025,9:00,7444.5
8/16/2025,9:15,7205.1
8/16/2025,9:30,6846
8/16/2025,9:45,6751.5
8/16/2025,10:00,6631.8
8/16/2025,10:15,6423.9
8/16/2025,10:30,6100.5
8/16/2025,10:45,6289.5
8/16/2025,11:00,6174
8/16/2025,11:15,6182.4
8/16/2025,11:30,9265.2
8/16/2025,11:45,5609.1
8/16/2025,12:00,5665.8
8/16/2025,12:15,6211.8
8/16/2025,12:30,5392.8
8/16/2025,12:45,5411.7
8/16/2025,13:00,5865.3
8/16/2025,13:15,5659.5
8/16/2025,13:30,5957.7
8/16/2025,13:45,6167.7
8/16/2025,14:00,9792.3
8/16/2025,14:15,5964
8/16/2025,14:30,6327.3
8/16/2025,14:45,7056
8/16/2025,15:00,9193.8
8/16/2025,15:15,7142.1
8/16/2025,15:30,10143
8/16/2025,15:45,9666.3
8/16/2025,16:00,10111.5
8/16/2025,16:15,8259.3
8/16/2025,16:30,9298.8
8/16/2025,16:45,8876.7
8/16/2025,17:00,9447.9
8/16/2025,17:15,10684.8
8/16/2025,17:30,10617.6
8/16/2025,17:45,10537.8
8/16/2025,18:00,10325.7
8/16/2025,18:15,10512.6
8/16/2025,18:30,10722.6
8/16/2025,18:45,10867.5
8/16/2025,19:00,10913.7
8/16/2025,19:15,10949.4
8/16/2025,19:30,10999.8
8/16/2025,19:45,10926.3
8/16/2025,20:00,10842.3
8/16/2025,20:15,10924.2
8/16/2025,20:30,10901.1
8/16/2025,20:45,10647
8/16/2025,21:00,10903.2
8/16/2025,21:15,10934.7
8/16/2025,21:30,10831.8
8/16/2025,21:45,10964.1
8/16/2025,22:00,10995.6
8/16/2025,22:15,10941
8/16/2025,22:30,10991.4
8/16/2025,22:45,10957.8
8/16/2025,23:00,10920
8/16/2025,23:15,10962
8/16/2025,23:30,10947.3
8/16/2025,23:45,10924.2
8/17/2025,0:00,10970.4
8/17/2025,0:15,10932.6
8/17/2025,0:30,10892.7
8/17/2025,0:45,10848.6
8/17/2025,1:00,10941
8/17/2025,1:15,10943.1
8/17/2025,1:30,10665.9
8/17/2025,1:45,10880.1
8/17/2025,2:00,10955.7
8/17/2025,2:15,10707.9
8/17/2025,2:30,10905.3
8/17/2025,2:45,10970.4
8/17/2025,3:00,10875.9
8/17/2025,3:15,10875.9
8/17/2025,3:30,10955.7
8/17/2025,3:45,10884.3
8/17/2025,4:00,10980.9
8/17/2025,4:15,10947.3
8/17/2025,4:30,10854.9
8/17/2025,4:45,10957.8
8/17/2025,5:00,10934.7
8/17/2025,5:15,10892.7
8/17/2025,5:30,10829.7
8/17/2025,5:45,10854.9
8/17/2025,6:00,10796.1
8/17/2025,6:15,10424.4
8/17/2025,6:30,10445.4
8/17/2025,6:45,10147.2
8/17/2025,7:00,9603.3
8/17/2025,7:15,9538.2
8/17/2025,7:30,9273.6
8/17/2025,7:45,8855.7
8/17/2025,8:00,8616.3
8/17/2025,8:15,8292.9
8/17/2025,8:30,7833
8/17/2025,8:45,7625.1
8/17/2025,9:00,7381.5
8/17/2025,9:15,7152.6
8/17/2025,9:30,7020.3
8/17/2025,9:45,6860.7
8/17/2025,10:00,6594
8/17/2025,10:15,6629.7
8/17/2025,10:30,6484.8
8/17/2025,10:45,6348.3
8/17/2025,11:00,6174
8/17/2025,11:15,6226.5
8/17/2025,11:30,6157.2
8/17/2025,11:45,5814.9
8/17/2025,12:00,6142.5
8/17/2025,12:15,6115.2
8/17/2025,12:30,6037.5
8/17/2025,12:45,6115.2
8/17/2025,13:00,6203.4
8/17/2025,13:15,6140.4
8/17/2025,13:30,6310.5
8/17/2025,13:45,6486.9
8/17/2025,14:00,6497.4
8/17/2025,14:15,6680.1
8/17/2025,14:30,6757.8
8/17/2025,14:45,6837.6
8/17/2025,15:00,7173.6
8/17/2025,15:15,7320.6
8/17/2025,15:30,7507.5
8/17/2025,15:45,7641.9
8/17/2025,16:00,8019.9
8/17/2025,16:15,8297.1
8/17/2025,16:30,8368.5
8/17/2025,16:45,8899.8
8/17/2025,17:00,9261
8/17/2025,17:15,9429
8/17/2025,17:30,9859.5
8/17/2025,17:45,10182.9
8/17/2025,18:00,10707.9
8/17/2025,18:15,10686.9
8/17/2025,18:30,10899
8/17/2025,18:45,10865.4
8/17/2025,19:00,11001.9
8/17/2025,19:15,10987.2
8/17/2025,19:30,10880.1
8/17/2025,19:45,10983
8/17/2025,20:00,10922.1
8/17/2025,20:15,10903.2
8/17/2025,20:30,10878
8/17/2025,20:45,10892.7
8/17/2025,21:00,10917.9
8/17/2025,21:15,10728.9
8/17/2025,21:30,10951.5
8/17/2025,21:45,11001.9
8/17/2025,22:00,10678.5
8/17/2025,22:15,10930.5
8/17/2025,22:30,10980.9
8/17/2025,22:45,10920
8/17/2025,23:00,10962
8/17/2025,23:15,11050.2
8/17/2025,23:30,10911.6
8/17/2025,23:45,10959.9
8/18/2025,0:00,10997.7
8/18/2025,0:15,10945.2
8/18/2025,0:30,10957.8
8/18/2025,0:45,10947.3
8/18/2025,1:00,10882.2
8/18/2025,1:15,10896.9
8/18/2025,1:30,10915.8
8/18/2025,1:45,10901.1
8/18/2025,2:00,10743.6
8/18/2025,2:15,10920
8/18/2025,2:30,10894.8
8/18/2025,2:45,10626
8/18/2025,3:00,10913.7
8/18/2025,3:15,10924.2
8/18/2025,3:30,10836
8/18/2025,3:45,10915.8
8/18/2025,4:00,10989.3
8/18/2025,4:15,10869.6
8/18/2025,4:30,10974.6
8/18/2025,4:45,10968.3
8/18/2025,5:00,10880.1
8/18/2025,5:15,10968.3
8/18/2025,5:30,10913.7
8/18/2025,5:45,10806.6
8/18/2025,6:00,10777.2
8/18/2025,6:15,10651.2
8/18/2025,6:30,10422.3
8/18/2025,6:45,10088.4
8/18/2025,7:00,9863.7
8/18/2025,7:15,9561.3
8/18/2025,7:30,9011.1
8/18/2025,7:45,8958.6
8/18/2025,8:00,8610
8/18/2025,8:15,8051.4
8/18/2025,8:30,7921.2
8/18/2025,8:45,7719.6
8/18/2025,9:00,7303.8
8/18/2025,9:15,7119
8/18/2025,9:30,6999.3
8/18/2025,9:45,6707.4
8/18/2025,10:00,6720
8/18/2025,10:15,6543.6
8/18/2025,10:30,6373.5
8/18/2025,10:45,6321
8/18/2025,11:00,6270.6
8/18/2025,11:15,6127.8
8/18/2025,11:30,6098.4
8/18/2025,11:45,6102.6
8/18/2025,12:00,6062.7
8/18/2025,12:15,5741.4
8/18/2025,12:30,6006
8/18/2025,12:45,6041.7
8/18/2025,13:00,5781.3
8/18/2025,13:15,5995.5
8/18/2025,13:30,6232.8
8/18/2025,13:45,6081.6
8/18/2025,14:00,6041.7
8/18/2025,14:15,6730.5
8/18/2025,14:30,6155.1
8/18/2025,14:45,6757.8
8/18/2025,15:00,6930
8/18/2025,15:15,9233.7
8/18/2025,15:30,7356.3
8/18/2025,15:45,7662.9
8/18/2025,16:00,7887.6
8/18/2025,16:15,8265.6
8/18/2025,16:30,8591.1
8/18/2025,16:45,8904
8/18/2025,17:00,9111.9
8/18/2025,17:15,9599.1
8/18/2025,17:30,9943.5
8/18/2025,17:45,10050.6
8/18/2025,18:00,10516.8
8/18/2025,18:15,10644.9
8/18/2025,18:30,10791.9
8/18/2025,18:45,10955.7
8/18/2025,19:00,10978.8
8/18/2025,19:15,10880.1
8/18/2025,19:30,10947.3
8/18/2025,19:45,10976.7
8/18/2025,20:00,10926.3
8/18/2025,20:15,10976.7
8/18/2025,20:30,10974.6
8/18/2025,20:45,10848.6
8/18/2025,21:00,10894.8
8/18/2025,21:15,10901.1
8/18/2025,21:30,10854.9
8/18/2025,21:45,10802.4
8/18/2025,22:00,10913.7
8/18/2025,22:15,10905.3
8/18/2025,22:30,10590.3
8/18/2025,22:45,10859.1
8/18/2025,23:00,10947.3
8/18/2025,23:15,10823.4
8/18/2025,23:30,10894.8
8/18/2025,23:45,10928.4
8/19/2025,0:00,10827.6
8/19/2025,0:15,10943.1
8/19/2025,0:30,10938.9
8/19/2025,0:45,10836
8/19/2025,1:00,10930.5
8/19/2025,1:15,10878
8/19/2025,1:30,10829.7
8/19/2025,1:45,10901.1
8/19/2025,2:00,10888.5
8/19/2025,2:15,10852.8
8/19/2025,2:30,10852.8
8/19/2025,2:45,10842.3
8/19/2025,3:00,10831.8
8/19/2025,3:15,10560.9
8/19/2025,3:30,10831.8
8/19/2025,3:45,10892.7
8/19/2025,4:00,10710
8/19/2025,4:15,10899
8/19/2025,4:30,10930.5
8/19/2025,4:45,10810.8
8/19/2025,5:00,10903.2
8/19/2025,5:15,10968.3
8/19/2025,5:30,10852.8
8/19/2025,5:45,10888.5
8/19/2025,6:00,10808.7
8/19/2025,6:15,10579.8
8/19/2025,6:30,10502.1
8/19/2025,6:45,10138.8
8/19/2025,7:00,9804.9
8/19/2025,7:15,9475.2
8/19/2025,7:30,9246.3
8/19/2025,7:45,8841
8/19/2025,8:00,8429.4
8/19/2025,8:15,8145.9
8/19/2025,8:30,7858.2
8/19/2025,8:45,7310.1
8/19/2025,9:00,7335.3
8/19/2025,9:15,7165.2
8/19/2025,9:30,6959.4
8/19/2025,9:45,6839.7
8/19/2025,10:00,6726.3
8/19/2025,10:15,6543.6
8/19/2025,10:30,6468
8/19/2025,10:45,6352.5
8/19/2025,11:00,6216
8/19/2025,11:15,6220.2
8/19/2025,11:30,6108.9
8/19/2025,11:45,6195
8/19/2025,12:00,6066.9
8/19/2025,12:15,6125.7
8/19/2025,12:30,6056.4
8/19/2025,12:45,5924.1
8/19/2025,13:00,6119.4
8/19/2025,13:15,6159.3
8/19/2025,13:30,5779.2
8/19/2025,13:45,6766.2
8/19/2025,14:00,6306.3
8/19/2025,14:15,8368.5
8/19/2025,14:30,6268.5
8/19/2025,14:45,6493.2
8/19/2025,15:00,8276.1
8/19/2025,15:15,7043.4
8/19/2025,15:30,7518
8/19/2025,15:45,7665
8/19/2025,16:00,8030.4
8/19/2025,16:15,8376.9
8/19/2025,16:30,8754.9
8/19/2025,16:45,8864.1
8/19/2025,17:00,9300.9
8/19/2025,17:15,9573.9
8/19/2025,17:30,9941.4
8/19/2025,17:45,10176.6
8/19/2025,18:00,10497.9
8/19/2025,18:15,10697.4
8/19/2025,18:30,10752
8/19/2025,18:45,10913.7
8/19/2025,19:00,10962
8/19/2025,19:15,10980.9
8/19/2025,19:30,11056.5
8/19/2025,19:45,10987.2
8/19/2025,20:00,10945.2
8/19/2025,20:15,11001.9
8/19/2025,20:30,10955.7
8/19/2025,20:45,10964.1
8/19/2025,21:00,10985.1
8/19/2025,21:15,10949.4
8/19/2025,21:30,10857
8/19/2025,21:45,10974.6
8/19/2025,22:00,10955.7
8/19/2025,22:15,10781.4
8/19/2025,22:30,10928.4
8/19/2025,22:45,10913.7
8/19/2025,23:00,10686.9
8/19/2025,23:15,10936.8
8/19/2025,23:30,10928.4
8/19/2025,23:45,10794
8/20/2025,0:00,10938.9
8/20/2025,0:15,10926.3
8/20/2025,0:30,10867.5
8/20/2025,0:45,10909.5
8/20/2025,1:00,10936.8
8/20/2025,1:15,10894.8
8/20/2025,1:30,10869.6
8/20/2025,1:45,10878
8/20/2025,2:00,10953.6
8/20/2025,2:15,10869.6
8/20/2025,2:30,10909.5
8/20/2025,2:45,10932.6
8/20/2025,3:00,10867.5
8/20/2025,3:15,10989.3
8/20/2025,3:30,10932.6
8/20/2025,3:45,10861.2
8/20/2025,4:00,10962
8/20/2025,4:15,10957.8
8/20/2025,4:30,10894.8
8/20/2025,4:45,11022.9
8/20/2025,5:00,10945.2
8/20/2025,5:15,10888.5
8/20/2025,5:30,10978.8
8/20/2025,5:45,10884.3
8/20/2025,6:00,10739.4
8/20/2025,6:15,10768.8
8/20/2025,6:30,10682.7
8/20/2025,6:45,10096.8
8/20/2025,7:00,9983.4
8/20/2025,7:15,9641.1
8/20/2025,7:30,9055.2
8/20/2025,7:45,8994.3
8/20/2025,8:00,8607.9
8/20/2025,8:15,8158.5
8/20/2025,8:30,8570.1
8/20/2025,8:45,7641.9
8/20/2025,9:00,7404.6
8/20/2025,9:15,7266
8/20/2025,9:30,6909
8/20/2025,9:45,7377.3
8/20/2025,10:00,6358.8
8/20/2025,10:15,6400.8
8/20/2025,10:30,6180.3
8/20/2025,10:45,6339.9
8/20/2025,11:00,6056.4
8/20/2025,11:15,6180.3
8/20/2025,11:30,6064.8
8/20/2025,11:45,6087.9
8/20/2025,12:00,6043.8
8/20/2025,12:15,5955.6
8/20/2025,12:30,6176.1
8/20/2025,12:45,6077.4
8/20/2025,13:00,6054.3
8/20/2025,13:15,6564.6
8/20/2025,13:30,6575.1
8/20/2025,13:45,6230.7
8/20/2025,14:00,6696.9
8/20/2025,14:15,6591.9
8/20/2025,14:30,6688.5
8/20/2025,14:45,6843.9
8/20/2025,15:00,7742.7
8/20/2025,15:15,7100.1
8/20/2025,15:30,7421.4
8/20/2025,15:45,7662.9
8/20/2025,16:00,7963.2
8/20/2025,16:15,8832.6
8/20/2025,16:30,8694
8/20/2025,16:45,8960.7
8/20/2025,17:00,9233.7
8/20/2025,17:15,9681
8/20/2025,17:30,10325.7
8/20/2025,17:45,10451.7
8/20/2025,18:00,10315.2
8/20/2025,18:15,10745.7
8/20/2025,18:30,10844.4
8/20/2025,18:45,10787.7
8/20/2025,19:00,10903.2
8/20/2025,19:15,10957.8
8/20/2025,19:30,10859.1
8/20/2025,19:45,10899
8/20/2025,20:00,10993.5
8/20/2025,20:15,10909.5
8/20/2025,20:30,10959.9
8/20/2025,20:45,10943.1
8/20/2025,21:00,10941
8/20/2025,21:15,11025
8/20/2025,21:30,10938.9
8/20/2025,21:45,10936.8
8/20/2025,22:00,10896.9
8/20/2025,22:15,10953.6
8/20/2025,22:30,10962
8/20/2025,22:45,10815
8/20/2025,23:00,10880.1
8/20/2025,23:15,10922.1
8/20/2025,23:30,10735.2
8/20/2025,23:45,10951.5
8/21/2025,0:00,10953.6
8/21/2025,0:15,10875.9
8/21/2025,0:30,10943.1
8/21/2025,0:45,11027.1
8/21/2025,1:00,10882.2
8/21/2025,1:15,10949.4
8/21/2025,1:30,10947.3
8/21/2025,1:45,10884.3
8/21/2025,2:00,11018.7
8/21/2025,2:15,10949.4
8/21/2025,2:30,10861.2
8/21/2025,2:45,10901.1
8/21/2025,3:00,10903.2
8/21/2025,3:15,10934.7
8/21/2025,3:30,10831.8
8/21/2025,3:45,10974.6
8/21/2025,4:00,10930.5
8/21/2025,4:15,10661.7
8/21/2025,4:30,10968.3
8/21/2025,4:45,10959.9
8/21/2025,5:00,10840.2
8/21/2025,5:15,10936.8
8/21/2025,5:30,11043.9
8/21/2025,5:45,10873.8
8/21/2025,6:00,10880.1
8/21/2025,6:15,10781.4
8/21/2025,6:30,10449.6
8/21/2025,6:45,10296.3
8/21/2025,7:00,9943.5
8/21/2025,7:15,9643.2
8/21/2025,7:30,9387
8/21/2025,7:45,8964.9
8/21/2025,8:00,8694
8/21/2025,8:15,8211
8/21/2025,8:30,8064
8/21/2025,8:45,7767.9
8/21/2025,9:00,7182
8/21/2025,9:15,7215.6
8/21/2025,9:30,7135.8
8/21/2025,9:45,6852.3
8/21/2025,10:00,6799.8
8/21/2025,10:15,6736.8
8/21/2025,10:30,6436.5
8/21/2025,10:45,6360.9
8/21/2025,11:00,6363
8/21/2025,11:15,6197.1
8/21/2025,11:30,6318.9
8/21/2025,11:45,6119.4
8/21/2025,12:00,6342
8/21/2025,12:15,9773.4
8/21/2025,12:30,9393.3
8/21/2025,12:45,5195.4
8/21/2025,13:00,5455.8
8/21/2025,13:15,5861.1
8/21/2025,13:30,5672.1
8/21/2025,13:45,9015.3
8/21/2025,14:00,5982.9
8/21/2025,14:15,8169
8/21/2025,14:30,6266.4
8/21/2025,14:45,6927.9
8/21/2025,15:00,7192.5
8/21/2025,15:15,7242.9
8/21/2025,15:30,7476
8/21/2025,15:45,7908.6
8/21/2025,16:00,9590.7
8/21/2025,16:15,9573.9
8/21/2025,16:30,8706.6
8/21/2025,16:45,9046.8
8/21/2025,17:00,9527.7
8/21/2025,17:15,9756.6
8/21/2025,17:30,9918.3
8/21/2025,17:45,10241.7
8/21/2025,18:00,10487.4
8/21/2025,18:15,10689
8/21/2025,18:30,10697.4
8/21/2025,18:45,10884.3
8/21/2025,19:00,10962
8/21/2025,19:15,10760.4
8/21/2025,19:30,10930.5
8/21/2025,19:45,11012.4
8/21/2025,20:00,10833.9
8/21/2025,20:15,10980.9
8/21/2025,20:30,10997.7
8/21/2025,20:45,10976.7
8/21/2025,21:00,10980.9
8/21/2025,21:15,10995.6
8/21/2025,21:30,10947.3
8/21/2025,21:45,11037.6
8/21/2025,22:00,10993.5
8/21/2025,22:15,10974.6
8/21/2025,22:30,10936.8
8/21/2025,22:45,10962
8/21/2025,23:00,10978.8
8/21/2025,23:15,10983
8/21/2025,23:30,10955.7
8/21/2025,23:45,11022.9
8/22/2025,0:00,10701.6
8/22/2025,0:15,10991.4
8/22/2025,0:30,10987.2
8/22/2025,0:45,10810.8
8/22/2025,1:00,10974.6
8/22/2025,1:15,11081.7
8/22/2025,1:30,10865.4
8/22/2025,1:45,11022.9
8/22/2025,2:00,11001.9
8/22/2025,2:15,10924.2
8/22/2025,2:30,10955.7
8/22/2025,2:45,10964.1
8/22/2025,3:00,10932.6
8/22/2025,3:15,10962
8/22/2025,3:30,10945.2
8/22/2025,3:45,10932.6
8/22/2025,4:00,10888.5
8/22/2025,4:15,10972.5
8/22/2025,4:30,10949.4
8/22/2025,4:45,10684.8
8/22/2025,5:00,10945.2
8/22/2025,5:15,10989.3
8/22/2025,5:30,10754.1
8/22/2025,5:45,10917.9
8/22/2025,6:00,10894.8
8/22/2025,6:15,10649.1
8/22/2025,6:30,10563
8/22/2025,6:45,10376.1
8/22/2025,7:00,9968.7
8/22/2025,7:15,9599.1
8/22/2025,7:30,9508.8
8/22/2025,7:45,9057.3
8/22/2025,8:00,8864.1
8/22/2025,8:15,8500.8
8/22/2025,8:30,8171.1
8/22/2025,8:45,7917
8/22/2025,9:00,7673.4
8/22/2025,9:15,7425.6
8/22/2025,9:30,7077
8/22/2025,9:45,7058.1
8/22/2025,10:00,6877.5
8/22/2025,10:15,6423.9
8/22/2025,10:30,6780.9
8/22/2025,10:45,6864.9
8/22/2025,11:00,7954.8
8/22/2025,11:15,8845.2
8/22/2025,11:30,9702
8/22/2025,11:45,9445.8
8/22/2025,12:00,9206.4
8/22/2025,12:15,10019.1
8/22/2025,12:30,9328.2
8/22/2025,12:45,9970.8
8/22/2025,13:00,10894.8
8/22/2025,13:15,10924.2
8/22/2025,13:30,10901.1
8/22/2025,13:45,10678.5
8/22/2025,14:00,10218.6
8/22/2025,14:15,9611.7
8/22/2025,14:30,8116.5
8/22/2025,14:45,7883.4
8/22/2025,15:00,7158.9
8/22/2025,15:15,8305.5
8/22/2025,15:30,8301.3
8/22/2025,15:45,8542.8
8/22/2025,16:00,9328.2
8/22/2025,16:15,8843.1
8/22/2025,16:30,9840.6
8/22/2025,16:45,10094.7
8/22/2025,17:00,10241.7
8/22/2025,17:15,10308.9
8/22/2025,17:30,10663.8
8/22/2025,17:45,10749.9
8/22/2025,18:00,10758.3
8/22/2025,18:15,10836
8/22/2025,18:30,10943.1
8/22/2025,18:45,10894.8
8/22/2025,19:00,10966.2
8/22/2025,19:15,10920
8/22/2025,19:30,10920
8/22/2025,19:45,10705.8
8/22/2025,20:00,10930.5
8/22/2025,20:15,10974.6
8/22/2025,20:30,10758.3
8/22/2025,20:45,10993.5
8/22/2025,21:00,10964.1
8/22/2025,21:15,10888.5
8/22/2025,21:30,10930.5
8/22/2025,21:45,10970.4
8/22/2025,22:00,10896.9
8/22/2025,22:15,10978.8
8/22/2025,22:30,10934.7
8/22/2025,22:45,10836
8/22/2025,23:00,10934.7
8/22/2025,23:15,10930.5
8/22/2025,23:30,10882.2
8/22/2025,23:45,10926.3
8/23/2025,0:00,10949.4
8/23/2025,0:15,10959.9
8/23/2025,0:30,10823.4
8/23/2025,0:45,10945.2
8/23/2025,1:00,10936.8
8/23/2025,1:15,10737.3
8/23/2025,1:30,10920
8/23/2025,1:45,10985.1
8/23/2025,2:00,10836
8/23/2025,2:15,10899
8/23/2025,2:30,10980.9
8/23/2025,2:45,10888.5
8/23/2025,3:00,10968.3
8/23/2025,3:15,10978.8
8/23/2025,3:30,10844.4
8/23/2025,3:45,10959.9
8/23/2025,4:00,10922.1
8/23/2025,4:15,10894.8
8/23/2025,4:30,10970.4
8/23/2025,4:45,10955.7
8/23/2025,5:00,10926.3
8/23/2025,5:15,10829.7
8/23/2025,5:30,10899
8/23/2025,5:45,10930.5
8/23/2025,6:00,10579.8
8/23/2025,6:15,10623.9
8/23/2025,6:30,10481.1
8/23/2025,6:45,9987.6
8/23/2025,7:00,9855.3
8/23/2025,7:15,9653.7
8/23/2025,7:30,9088.8
8/23/2025,7:45,8870.4
8/23/2025,8:00,8824.2
8/23/2025,8:15,8393.7
8/23/2025,8:30,8158.5
8/23/2025,8:45,7704.9
8/23/2025,9:00,7404.6
8/23/2025,9:15,7249.2
8/23/2025,9:30,7186.2
8/23/2025,9:45,6911.1
8/23/2025,10:00,6717.9
8/23/2025,10:15,6636
8/23/2025,10:30,6455.4
8/23/2025,10:45,6159.3
8/23/2025,11:00,6071.1
8/23/2025,11:15,9254.7
8/23/2025,11:30,5516.7
8/23/2025,11:45,6203.4
8/23/2025,12:00,5905.2
8/23/2025,12:15,5718.3
8/23/2025,12:30,6247.5
8/23/2025,12:45,5588.1
8/23/2025,13:00,9158.1
8/23/2025,13:15,7690.2
8/23/2025,13:30,5109.3
8/23/2025,13:45,5703.6
8/23/2025,14:00,7631.4
8/23/2025,14:15,6560.4
8/23/2025,14:30,6684.3
8/23/2025,14:45,7035
8/23/2025,15:00,7129.5
8/23/2025,15:15,7352.1
8/23/2025,15:30,7236.6
8/23/2025,15:45,9000.6
8/23/2025,16:00,7581
8/23/2025,16:15,7602
8/23/2025,16:30,10439.1
8/23/2025,16:45,11022.9
8/23/2025,17:00,10907.4
8/23/2025,17:15,10964.1
8/23/2025,17:30,10974.6
8/23/2025,17:45,10903.2
8/23/2025,18:00,10970.4
8/23/2025,18:15,10909.5
8/23/2025,18:30,10892.7
8/23/2025,18:45,10991.4
8/23/2025,19:00,10938.9
8/23/2025,19:15,10966.2
8/23/2025,19:30,10882.2
8/23/2025,19:45,11016.6
8/23/2025,20:00,10867.5
8/23/2025,20:15,10880.1
8/23/2025,20:30,10888.5
8/23/2025,20:45,11016.6
8/23/2025,21:00,10670.1
8/23/2025,21:15,10987.2
8/23/2025,21:30,10991.4
8/23/2025,21:45,10857
8/23/2025,22:00,10970.4
8/23/2025,22:15,11033.4
8/23/2025,22:30,10794
8/23/2025,22:45,11012.4
8/23/2025,23:00,11006.1
8/23/2025,23:15,10930.5
8/23/2025,23:30,10943.1
8/23/2025,23:45,10930.5
8/24/2025,0:00,10833.9
8/24/2025,0:15,10907.4
8/24/2025,0:30,10917.9
8/24/2025,0:45,10854.9
8/24/2025,1:00,10796.1
8/24/2025,1:15,10911.6
8/24/2025,1:30,10903.2
8/24/2025,1:45,10705.8
8/24/2025,2:00,10890.6
8/24/2025,2:15,10880.1
8/24/2025,2:30,10718.4
8/24/2025,2:45,10880.1
8/24/2025,3:00,10903.2
8/24/2025,3:15,10859.1
8/24/2025,3:30,10861.2
8/24/2025,3:45,10974.6
8/24/2025,4:00,10846.5
8/24/2025,4:15,10985.1
8/24/2025,4:30,10928.4
8/24/2025,4:45,10930.5
8/24/2025,5:00,10873.8
8/24/2025,5:15,10922.1
8/24/2025,5:30,10823.4
8/24/2025,5:45,10846.5
8/24/2025,6:00,10827.6
8/24/2025,6:15,10770.9
8/24/2025,6:30,10449.6
8/24/2025,6:45,10325.7
8/24/2025,7:00,10266.9
8/24/2025,7:15,10166.1
8/24/2025,7:30,9605.4
8/24/2025,7:45,8817.9
8/24/2025,8:00,7864.5
8/24/2025,8:15,9525.6
8/24/2025,8:30,9114
8/24/2025,8:45,7505.4
8/24/2025,9:00,8379
8/24/2025,9:15,7310.1
8/24/2025,9:30,7020.3
8/24/2025,9:45,8830.5
8/24/2025,10:00,6589.8
8/24/2025,10:15,6556.2
8/24/2025,10:30,6447
8/24/2025,10:45,6373.5
8/24/2025,11:00,6146.7
8/24/2025,11:15,7669.2
8/24/2025,11:30,6001.8
8/24/2025,11:45,8847.3
8/24/2025,12:00,5693.1
8/24/2025,12:15,6087.9
8/24/2025,12:30,5970.3
8/24/2025,12:45,5802.3
8/24/2025,13:00,6069
8/24/2025,13:15,6033.3
8/24/2025,13:30,9160.2
8/24/2025,13:45,5911.5
8/24/2025,14:00,6369.3
8/24/2025,14:15,6577.2
8/24/2025,14:30,6732.6
8/24/2025,14:45,6864.9
8/24/2025,15:00,6877.5
8/24/2025,15:15,7148.4
8/24/2025,15:30,8118.6
8/24/2025,15:45,10056.9
8/24/2025,16:00,10479
8/24/2025,16:15,10972.5
8/24/2025,16:30,10844.4
8/24/2025,16:45,10212.3
8/24/2025,17:00,10416
8/24/2025,17:15,10531.5
8/24/2025,17:30,10508.4
8/24/2025,17:45,10867.5
8/24/2025,18:00,10886.4
8/24/2025,18:15,10886.4
8/24/2025,18:30,10993.5
8/24/2025,18:45,10997.7
8/24/2025,19:00,10888.5
8/24/2025,19:15,10997.7
8/24/2025,19:30,10970.4
8/24/2025,19:45,10896.9
8/24/2025,20:00,10945.2
8/24/2025,20:15,10913.7
8/24/2025,20:30,10886.4
8/24/2025,20:45,10829.7
8/24/2025,21:00,10875.9
8/24/2025,21:15,10934.7
8/24/2025,21:30,10754.1
8/24/2025,21:45,10983
8/24/2025,22:00,10974.6
8/24/2025,22:15,10804.5
8/24/2025,22:30,10953.6
8/24/2025,22:45,11008.2
8/24/2025,23:00,10899
8/24/2025,23:15,10959.9
8/24/2025,23:30,10985.1
8/24/2025,23:45,10875.9
8/25/2025,0:00,10951.5
8/25/2025,0:15,11033.4
8/25/2025,0:30,10884.3
8/25/2025,0:45,10968.3
8/25/2025,1:00,10949.4
8/25/2025,1:15,10875.9
8/25/2025,1:30,10880.1
8/25/2025,1:45,10911.6
8/25/2025,2:00,10896.9
8/25/2025,2:15,10676.4
8/25/2025,2:30,10911.6
8/25/2025,2:45,10987.2
8/25/2025,3:00,10701.6
8/25/2025,3:15,10926.3
8/25/2025,3:30,10974.6
8/25/2025,3:45,10894.8
8/25/2025,4:00,10930.5
8/25/2025,4:15,11012.4
8/25/2025,4:30,10842.3
8/25/2025,4:45,10892.7
8/25/2025,5:00,11001.9
8/25/2025,5:15,10915.8
8/25/2025,5:30,10915.8
8/25/2025,5:45,10850.7
8/25/2025,6:00,10812.9
8/25/2025,6:15,10714.2
8/25/2025,6:30,10678.5
8/25/2025,6:45,10453.8
8/25/2025,7:00,10153.5
8/25/2025,7:15,9912
8/25/2025,7:30,9752.4
8/25/2025,7:45,9002.7
8/25/2025,8:00,8994.3
8/25/2025,8:15,8725.5
8/25/2025,8:30,7700.7
8/25/2025,8:45,7360.5
8/25/2025,9:00,7555.8
8/25/2025,9:15,7541.1
8/25/2025,9:30,7308
8/25/2025,9:45,7331.1
8/25/2025,10:00,6350.4
8/25/2025,10:15,6743.1
8/25/2025,10:30,6094.2
8/25/2025,10:45,7843.5
8/25/2025,11:00,6856.5
8/25/2025,11:15,7230.3
8/25/2025,11:30,6730.5
8/25/2025,11:45,6468
8/25/2025,12:00,7434
8/25/2025,12:15,7442.4
8/25/2025,12:30,8540.7
8/25/2025,12:45,8941.8
8/25/2025,13:00,8288.7
8/25/2025,13:15,7354.2
8/25/2025,13:30,8439.9
8/25/2025,13:45,8402.1
8/25/2025,14:00,8935.5
8/25/2025,14:15,8143.8
8/25/2025,14:30,8822.1
8/25/2025,14:45,9166.5
8/25/2025,15:00,8971.2
8/25/2025,15:15,9126.6
8/25/2025,15:30,9265.2
8/25/2025,15:45,8969.1
8/25/2025,16:00,8706.6
8/25/2025,16:15,8717.1
8/25/2025,16:30,9613.8
8/25/2025,16:45,10050.6
8/25/2025,17:00,10283.7
8/25/2025,17:15,9867.9
8/25/2025,17:30,10487.4
8/25/2025,17:45,10674.3
8/25/2025,18:00,10508.4
8/25/2025,18:15,10842.3
8/25/2025,18:30,10896.9
8/25/2025,18:45,10842.3
8/25/2025,19:00,10953.6
8/25/2025,19:15,11039.7
8/25/2025,19:30,10953.6
8/25/2025,19:45,11014.5
8/25/2025,20:00,10955.7
8/25/2025,20:15,10924.2
8/25/2025,20:30,10999.8
8/25/2025,20:45,10930.5
8/25/2025,21:00,10896.9
8/25/2025,21:15,10922.1
8/25/2025,21:30,10915.8
8/25/2025,21:45,10947.3
8/25/2025,22:00,10827.6
8/25/2025,22:15,10943.1
8/25/2025,22:30,10974.6
8/25/2025,22:45,10640.7
8/25/2025,23:00,10941
8/25/2025,23:15,10928.4
8/25/2025,23:30,10806.6
8/25/2025,23:45,10945.2
8/26/2025,0:00,10999.8
8/26/2025,0:15,10848.6
8/26/2025,0:30,10938.9
8/26/2025,0:45,10991.4
8/26/2025,1:00,10848.6
8/26/2025,1:15,10869.6
8/26/2025,1:30,10911.6
8/26/2025,1:45,10850.7
8/26/2025,2:00,10863.3
8/26/2025,2:15,10875.9
8/26/2025,2:30,10884.3
8/26/2025,2:45,10804.5
8/26/2025,3:00,10873.8
8/26/2025,3:15,10875.9
8/26/2025,3:30,10600.8
8/26/2025,3:45,10911.6
8/26/2025,4:00,10913.7
8/26/2025,4:15,10833.9
8/26/2025,4:30,10966.2
8/26/2025,4:45,10968.3
8/26/2025,5:00,10873.8
8/26/2025,5:15,10926.3
8/26/2025,5:30,10926.3
8/26/2025,5:45,10850.7
8/26/2025,6:00,10903.2
8/26/2025,6:15,10819.2
8/26/2025,6:30,10768.8
8/26/2025,6:45,10231.2
8/26/2025,7:00,10329.9
8/26/2025,7:15,10311
8/26/2025,7:30,10390.8
8/26/2025,7:45,10508.4
8/26/2025,8:00,10720.5
8/26/2025,8:15,10407.6
8/26/2025,8:30,10451.7
8/26/2025,8:45,10403.4
8/26/2025,9:00,10241.7
8/26/2025,9:15,10653.3
8/26/2025,9:30,10619.7
8/26/2025,9:45,10493.7
8/26/2025,10:00,10636.5
8/26/2025,10:15,10689
8/26/2025,10:30,10285.8
8/26/2025,10:45,10161.9
8/26/2025,11:00,10243.8
8/26/2025,11:15,10243.8
8/26/2025,11:30,10382.4
8/26/2025,11:45,10437
8/26/2025,12:00,10539.9
8/26/2025,12:15,10439.1
8/26/2025,12:30,10254.3
8/26/2025,12:45,9834.3
8/26/2025,13:00,9177
8/26/2025,13:15,9086.7
8/26/2025,13:30,8954.4
8/26/2025,13:45,8694
8/26/2025,14:00,7599.9
8/26/2025,14:15,7986.3
8/26/2025,14:30,8843.1
8/26/2025,14:45,9107.7
8/26/2025,15:00,7135.8
8/26/2025,15:15,7123.2
8/26/2025,15:30,7879.2
8/26/2025,15:45,7095.9
8/26/2025,16:00,7469.7
8/26/2025,16:15,8284.5
8/26/2025,16:30,8278.2
8/26/2025,16:45,8423.1
8/26/2025,17:00,8933.4
8/26/2025,17:15,9435.3
8/26/2025,17:30,9678.9
8/26/2025,17:45,9884.7
8/26/2025,18:00,10258.5
8/26/2025,18:15,10493.7
8/26/2025,18:30,10523.1
8/26/2025,18:45,10970.4
8/26/2025,19:00,10905.3
8/26/2025,19:15,10842.3
8/26/2025,19:30,10833.9
8/26/2025,19:45,10995.6
8/26/2025,20:00,10785.6
8/26/2025,20:15,10955.7
8/26/2025,20:30,10947.3
8/26/2025,20:45,10926.3
8/26/2025,21:00,10983
8/26/2025,21:15,10968.3
8/26/2025,21:30,10903.2
8/26/2025,21:45,10972.5
8/26/2025,22:00,10953.6
8/26/2025,22:15,10995.6
8/26/2025,22:30,10884.3
8/26/2025,22:45,10970.4
8/26/2025,23:00,10959.9
8/26/2025,23:15,10775.1
8/26/2025,23:30,10955.7
8/26/2025,23:45,10997.7
8/27/2025,0:00,10735.2
8/27/2025,0:15,10959.9
8/27/2025,0:30,10924.2
8/27/2025,0:45,10903.2
8/27/2025,1:00,10938.9
8/27/2025,1:15,10980.9
8/27/2025,1:30,10842.3
8/27/2025,1:45,10949.4
8/27/2025,2:00,10945.2
8/27/2025,2:15,10913.7
8/27/2025,2:30,10920
8/27/2025,2:45,10911.6
8/27/2025,3:00,10857
8/27/2025,3:15,10909.5
8/27/2025,3:30,10903.2
8/27/2025,3:45,10903.2
8/27/2025,4:00,10798.2
8/27/2025,4:15,10999.8
8/27/2025,4:30,10993.5
8/27/2025,4:45,10756.2
8/27/2025,5:00,10863.3
8/27/2025,5:15,10970.4
8/27/2025,5:30,10815
8/27/2025,5:45,10907.4
8/27/2025,6:00,10917.9
8/27/2025,6:15,10720.5
8/27/2025,6:30,10512.6
8/27/2025,6:45,10319.4
8/27/2025,7:00,10006.5
8/27/2025,7:15,9760.8
8/27/2025,7:30,9420.6
8/27/2025,7:45,9069.9
8/27/2025,8:00,8750.7
8/27/2025,8:15,8458.8
8/27/2025,8:30,8101.8
8/27/2025,8:45,7730.1
8/27/2025,9:00,7492.8
8/27/2025,9:15,7360.5
8/27/2025,9:30,6795.6
8/27/2025,9:45,7137.9
8/27/2025,10:00,6787.2
8/27/2025,10:15,6768.3
8/27/2025,10:30,6528.9
8/27/2025,10:45,6709.5
8/27/2025,11:00,6218.1
8/27/2025,11:15,6394.5
8/27/2025,11:30,6171.9
8/27/2025,11:45,5970.3
8/27/2025,12:00,6054.3
8/27/2025,12:15,6182.4
8/27/2025,12:30,6027
8/27/2025,12:45,6125.7
8/27/2025,13:00,6136.2
8/27/2025,13:15,6146.7
8/27/2025,13:30,6138.3
8/27/2025,13:45,6400.8
8/27/2025,14:00,6537.3
8/27/2025,14:15,6480.6
8/27/2025,14:30,6785.1
8/27/2025,14:45,7056
8/27/2025,15:00,7150.5
8/27/2025,15:15,7469.7
8/27/2025,15:30,7759.5
8/27/2025,15:45,7671.3
8/27/2025,16:00,7837.2
8/27/2025,16:15,8099.7
8/27/2025,16:30,8108.1
8/27/2025,16:45,8542.8
8/27/2025,17:00,8786.4
8/27/2025,17:15,9069.9
8/27/2025,17:30,9576
8/27/2025,17:45,9922.5
8/27/2025,18:00,10212.3
8/27/2025,18:15,10567.2
8/27/2025,18:30,10800.3
8/27/2025,18:45,10997.7
8/27/2025,19:00,10806.6
8/27/2025,19:15,11010.3
8/27/2025,19:30,10972.5
8/27/2025,19:45,10875.9
8/27/2025,20:00,11025
8/27/2025,20:15,11123.7
8/27/2025,20:30,10951.5
8/27/2025,20:45,10959.9
8/27/2025,21:00,10800.3
8/27/2025,21:15,11020.8
8/27/2025,21:30,10943.1
8/27/2025,21:45,10989.3
8/27/2025,22:00,10957.8
8/27/2025,22:15,11052.3
8/27/2025,22:30,11006.1
8/27/2025,22:45,11010.3
8/27/2025,23:00,10966.2
8/27/2025,23:15,11010.3
8/27/2025,23:30,10964.1
8/27/2025,23:45,10962
8/28/2025,0:00,10907.4
8/28/2025,0:15,10676.4
8/28/2025,0:30,10905.3
8/28/2025,0:45,10991.4
8/28/2025,1:00,10936.8
8/28/2025,1:15,11016.6
8/28/2025,1:30,10974.6
8/28/2025,1:45,11016.6
8/28/2025,2:00,10934.7
8/28/2025,2:15,10913.7
8/28/2025,2:30,10951.5
8/28/2025,2:45,10964.1
8/28/2025,3:00,10966.2
8/28/2025,3:15,10955.7
8/28/2025,3:30,10676.4
8/28/2025,3:45,10915.8
8/28/2025,4:00,10922.1
8/28/2025,4:15,10945.2
8/28/2025,4:30,10926.3
8/28/2025,4:45,11020.8
8/28/2025,5:00,11035.5
8/28/2025,5:15,11010.3
8/28/2025,5:30,10913.7
8/28/2025,5:45,10945.2
8/28/2025,6:00,10815
8/28/2025,6:15,10770.9
8/28/2025,6:30,10546.2
8/28/2025,6:45,10073.7
8/28/2025,7:00,9968.7
8/28/2025,7:15,9744
8/28/2025,7:30,9429
8/28/2025,7:45,9116.1
8/28/2025,8:00,8836.8
8/28/2025,8:15,8616.3
8/28/2025,8:30,8061.9
8/28/2025,8:45,7824.6
8/28/2025,9:00,7553.7
8/28/2025,9:15,7392
8/28/2025,9:30,7291.2
8/28/2025,9:45,7083.3
8/28/2025,10:00,6652.8
8/28/2025,10:15,6600.3
8/28/2025,10:30,6405
8/28/2025,10:45,6428.1
8/28/2025,11:00,6411.3
8/28/2025,11:15,6465.9
8/28/2025,11:30,6306.3
8/28/2025,11:45,6167.7
8/28/2025,12:00,5970.3
8/28/2025,12:15,5972.4
8/28/2025,12:30,6199.2
8/28/2025,12:45,6258
8/28/2025,13:00,6228.6
8/28/2025,13:15,6205.5
8/28/2025,13:30,6415.5
8/28/2025,13:45,6531
8/28/2025,14:00,6755.7
8/28/2025,14:15,6734.7
8/28/2025,14:30,6955.2
8/28/2025,14:45,8026.2
8/28/2025,15:00,7492.8
8/28/2025,15:15,7434
8/28/2025,15:30,7629.3
8/28/2025,15:45,8269.8
8/28/2025,16:00,8322.3
8/28/2025,16:15,8620.5
8/28/2025,16:30,8765.4
8/28/2025,16:45,10231.2
8/28/2025,17:00,9513
8/28/2025,17:15,9796.5
8/28/2025,17:30,10124.1
8/28/2025,17:45,10275.3
8/28/2025,18:00,10468.5
8/28/2025,18:15,10812.9
8/28/2025,18:30,10959.9
8/28/2025,18:45,11088
8/28/2025,19:00,11018.7
8/28/2025,19:15,11041.8
8/28/2025,19:30,11027.1
8/28/2025,19:45,10980.9
8/28/2025,20:00,10947.3
8/28/2025,20:15,11006.1
8/28/2025,20:30,10978.8
8/28/2025,20:45,11092.2
8/28/2025,21:00,11079.6
8/28/2025,21:15,11085.9
8/28/2025,21:30,11010.3
8/28/2025,21:45,11022.9
8/28/2025,22:00,10995.6
8/28/2025,22:15,10991.4
8/28/2025,22:30,11010.3
8/28/2025,22:45,10812.9
8/28/2025,23:00,10804.5
8/28/2025,23:15,10983
8/28/2025,23:30,11033.4
8/28/2025,23:45,11085.9
8/29/2025,0:00,11041.8
8/29/2025,0:15,11041.8
8/29/2025,0:30,11001.9
8/29/2025,0:45,10983
8/29/2025,1:00,10985.1
8/29/2025,1:15,11012.4
8/29/2025,1:30,10968.3
8/29/2025,1:45,11022.9
8/29/2025,2:00,11035.5
8/29/2025,2:15,11010.3
8/29/2025,2:30,10997.7
8/29/2025,2:45,10926.3
8/29/2025,3:00,10911.6
8/29/2025,3:15,10913.7
8/29/2025,3:30,10947.3
8/29/2025,3:45,10886.4
8/29/2025,4:00,10787.7
8/29/2025,4:15,10894.8
8/29/2025,4:30,10974.6
8/29/2025,4:45,11035.5
8/29/2025,5:00,11001.9
8/29/2025,5:15,10976.7
8/29/2025,5:30,10989.3
8/29/2025,5:45,10966.2
8/29/2025,6:00,10886.4
8/29/2025,6:15,10819.2
8/29/2025,6:30,10594.5
8/29/2025,6:45,10409.7
8/29/2025,7:00,10250.1
8/29/2025,7:15,9951.9
8/29/2025,7:30,9529.8
8/29/2025,7:45,9227.4
8/29/2025,8:00,8943.9
8/29/2025,8:15,8484
8/29/2025,8:30,8162.7
8/29/2025,8:45,7866.6
8/29/2025,9:00,7463.4
8/29/2025,9:15,7425.6
8/29/2025,9:30,7272.3
8/29/2025,9:45,7146.3
8/29/2025,10:00,6957.3
8/29/2025,10:15,6898.5
8/29/2025,10:30,6682.2
8/29/2025,10:45,6549.9
8/29/2025,11:00,6363
8/29/2025,11:15,6287.4
8/29/2025,11:30,6142.5
8/29/2025,11:45,6113.1
8/29/2025,12:00,6176.1
8/29/2025,12:15,6054.3
8/29/2025,12:30,6321
8/29/2025,12:45,5905.2
8/29/2025,13:00,6295.8
8/29/2025,13:15,8925
8/29/2025,13:30,6854.4
8/29/2025,13:45,9630.6
8/29/2025,14:00,8068.2
8/29/2025,14:15,5562.9
8/29/2025,14:30,9370.2
8/29/2025,14:45,10046.4
8/29/2025,15:00,9645.3
8/29/2025,15:15,7440.3
8/29/2025,15:30,7770
8/29/2025,15:45,7942.2
8/29/2025,16:00,8442
8/29/2025,16:15,8885.1
8/29/2025,16:30,10195.5
8/29/2025,16:45,9788.1
8/29/2025,17:00,10896.9
8/29/2025,17:15,10821.3
8/29/2025,17:30,10836
8/29/2025,17:45,10888.5
8/29/2025,18:00,10871.7
8/29/2025,18:15,10846.5
8/29/2025,18:30,11071.2
8/29/2025,18:45,10972.5
8/29/2025,19:00,10815
8/29/2025,19:15,10722.6
8/29/2025,19:30,10911.6
8/29/2025,19:45,10968.3
8/29/2025,20:00,11033.4
8/29/2025,20:15,11085.9
8/29/2025,20:30,11008.2
8/29/2025,20:45,10886.4
8/29/2025,21:00,10941
8/29/2025,21:15,10932.6
8/29/2025,21:30,10882.2
8/29/2025,21:45,10936.8
8/29/2025,22:00,10947.3
8/29/2025,22:15,10756.2
8/29/2025,22:30,10846.5
8/29/2025,22:45,10905.3
8/29/2025,23:00,10972.5
8/29/2025,23:15,10968.3
8/29/2025,23:30,10964.1
8/29/2025,23:45,10938.9
8/30/2025,0:00,10985.1
8/30/2025,0:15,10955.7
8/30/2025,0:30,10932.6
8/30/2025,0:45,10932.6
8/30/2025,1:00,11004
8/30/2025,1:15,11050.2
8/30/2025,1:30,10989.3
8/30/2025,1:45,10970.4
8/30/2025,2:00,10941
8/30/2025,2:15,10899
8/30/2025,2:30,10871.7
8/30/2025,2:45,10890.6
8/30/2025,3:00,10888.5
8/30/2025,3:15,10739.4
8/30/2025,3:30,10737.3
8/30/2025,3:45,10920
8/30/2025,4:00,10989.3
8/30/2025,4:15,11001.9
8/30/2025,4:30,11006.1
8/30/2025,4:45,10966.2
8/30/2025,5:00,10964.1
8/30/2025,5:15,10989.3
8/30/2025,5:30,10930.5
8/30/2025,5:45,10848.6
8/30/2025,6:00,10907.4
8/30/2025,6:15,10808.7
8/30/2025,6:30,10069.5
8/30/2025,6:45,9748.2
8/30/2025,7:00,9246.3
8/30/2025,7:15,9666.3
8/30/2025,7:30,9359.7
8/30/2025,7:45,9622.2
8/30/2025,8:00,10191.3
8/30/2025,8:15,10174.5
8/30/2025,8:30,10445.4
8/30/2025,8:45,10857
8/30/2025,9:00,11010.3
8/30/2025,9:15,11046
8/30/2025,9:30,10888.5
8/30/2025,9:45,10882.2
8/30/2025,10:00,10854.9
8/30/2025,10:15,10626
8/30/2025,10:30,10701.6
8/30/2025,10:45,10623.9
8/30/2025,11:00,10518.9
8/30/2025,11:15,10271.1
8/30/2025,11:30,9970.8
8/30/2025,11:45,9141.3
8/30/2025,12:00,8141.7
8/30/2025,12:15,7362.6
8/30/2025,12:30,7923.3
8/30/2025,12:45,7062.3
8/30/2025,13:00,6692.7
8/30/2025,13:15,6001.8
8/30/2025,13:30,5701.5
8/30/2025,13:45,7095.9
8/30/2025,14:00,7387.8
8/30/2025,14:15,8796.9
8/30/2025,14:30,8286.6
8/30/2025,14:45,8922.9
8/30/2025,15:00,8832.6
8/30/2025,15:15,8874.6
8/30/2025,15:30,9258.9
8/30/2025,15:45,8624.7
8/30/2025,16:00,8446.2
8/30/2025,16:15,8526
8/30/2025,16:30,8855.7
8/30/2025,16:45,9618
8/30/2025,17:00,9788.1
8/30/2025,17:15,10130.4
8/30/2025,17:30,10632.3
8/30/2025,17:45,10657.5
8/30/2025,18:00,10798.2
8/30/2025,18:15,10743.6
8/30/2025,18:30,10638.6
8/30/2025,18:45,10787.7
8/30/2025,19:00,10917.9
8/30/2025,19:15,10947.3
8/30/2025,19:30,10945.2
8/30/2025,19:45,10854.9
8/30/2025,20:00,10901.1
8/30/2025,20:15,10884.3
8/30/2025,20:30,10892.7
8/30/2025,20:45,10875.9
8/30/2025,21:00,10922.1
8/30/2025,21:15,10901.1
8/30/2025,21:30,10945.2
8/30/2025,21:45,10928.4
8/30/2025,22:00,10909.5
8/30/2025,22:15,10842.3
8/30/2025,22:30,10836
8/30/2025,22:45,10812.9
8/30/2025,23:00,10838.1
8/30/2025,23:15,10815
8/30/2025,23:30,10665.9
8/30/2025,23:45,10651.2
8/31/2025,0:00,10871.7
8/31/2025,0:15,10840.2
8/31/2025,0:30,10932.6
8/31/2025,0:45,10890.6
8/31/2025,1:00,10886.4
8/31/2025,1:15,10892.7
8/31/2025,1:30,10894.8
8/31/2025,1:45,10869.6
8/31/2025,2:00,10886.4
8/31/2025,2:15,10846.5
8/31/2025,2:30,10945.2
8/31/2025,2:45,10955.7
8/31/2025,3:00,10909.5
8/31/2025,3:15,10905.3
8/31/2025,3:30,10869.6
8/31/2025,3:45,10867.5
8/31/2025,4:00,10854.9
8/31/2025,4:15,10867.5
8/31/2025,4:30,10766.7
8/31/2025,4:45,10678.5
8/31/2025,5:00,10880.1
8/31/2025,5:15,10911.6
8/31/2025,5:30,10917.9
8/31/2025,5:45,10884.3
8/31/2025,6:00,10817.1
8/31/2025,6:15,10752
8/31/2025,6:30,10670.1
8/31/2025,6:45,10552.5
8/31/2025,7:00,10659.6
8/31/2025,7:15,10739.4
8/31/2025,7:30,10791.9
8/31/2025,7:45,10159.8
8/31/2025,8:00,9508.8
8/31/2025,8:15,9206.4
8/31/2025,8:30,8131.2
8/31/2025,8:45,8702.4
8/31/2025,9:00,9095.1
8/31/2025,9:15,8731.8
8/31/2025,9:30,7650.3
8/31/2025,9:45,7299.6
8/31/2025,10:00,6205.5
8/31/2025,10:15,6064.8
8/31/2025,10:30,8229.9
8/31/2025,10:45,4754.4
8/31/2025,11:00,8502.9
8/31/2025,11:15,7954.8
8/31/2025,11:30,8427.3
8/31/2025,11:45,8780.1
8/31/2025,12:00,6119.4
8/31/2025,12:15,9651.6
8/31/2025,12:30,8038.8
8/31/2025,12:45,7696.5
8/31/2025,13:00,6927.9
8/31/2025,13:15,7532.7
8/31/2025,13:30,7203
8/31/2025,13:45,9168.6
8/31/2025,14:00,7786.8
8/31/2025,14:15,9506.7
8/31/2025,14:30,5628
8/31/2025,14:45,8381.1
8/31/2025,15:00,9181.2
8/31/2025,15:15,8748.6
8/31/2025,15:30,9143.4
8/31/2025,15:45,9695.7
8/31/2025,16:00,9630.6
8/31/2025,16:15,8494.5
8/31/2025,16:30,9441.6
8/31/2025,16:45,9017.4
8/31/2025,17:00,9504.6
8/31/2025,17:15,9846.9
8/31/2025,17:30,10279.5
8/31/2025,17:45,10640.7
8/31/2025,18:00,10749.9
8/31/2025,18:15,10821.3
8/31/2025,18:30,10823.4
8/31/2025,18:45,10827.6
8/31/2025,19:00,10815
8/31/2025,19:15,10850.7
8/31/2025,19:30,10823.4
8/31/2025,19:45,10674.3
8/31/2025,20:00,10833.9
8/31/2025,20:15,10938.9
8/31/2025,20:30,10974.6
8/31/2025,20:45,10930.5
8/31/2025,21:00,10934.7
8/31/2025,21:15,10913.7
8/31/2025,21:30,10899
8/31/2025,21:45,10890.6
8/31/2025,22:00,10909.5
8/31/2025,22:15,10934.7
8/31/2025,22:30,10955.7
8/31/2025,22:45,10915.8
8/31/2025,23:00,10926.3
8/31/2025,23:15,10886.4
8/31/2025,23:30,10884.3
8/31/2025,23:45,10880.1
9/1/2025,0:00,10827.6
9/1/2025,0:15,10838.1
9/1/2025,0:30,10768.8
9/1/2025,0:45,10701.6
9/1/2025,1:00,10703.7
9/1/2025,1:15,10894.8
9/1/2025,1:30,10949.4
9/1/2025,1:45,10907.4
9/1/2025,2:00,10928.4
9/1/2025,2:15,10976.7
9/1/2025,2:30,10899
9/1/2025,2:45,10852.8
9/1/2025,3:00,10907.4
9/1/2025,3:15,10873.8
9/1/2025,3:30,10909.5
9/1/2025,3:45,10985.1
9/1/2025,4:00,10936.8
9/1/2025,4:15,10953.6
9/1/2025,4:30,10871.7
9/1/2025,4:45,10894.8
9/1/2025,5:00,10888.5
9/1/2025,5:15,10873.8
9/1/2025,5:30,10817.1
9/1/2025,5:45,10737.3
9/1/2025,6:00,10724.7
9/1/2025,6:15,10691.1
9/1/2025,6:30,10567.2
9/1/2025,6:45,10273.2
9/1/2025,7:00,10132.5
9/1/2025,7:15,9298.8
9/1/2025,7:30,9662.1
9/1/2025,7:45,8990.1
9/1/2025,8:00,8110.2
9/1/2025,8:15,8601.6
9/1/2025,8:30,9036.3
9/1/2025,8:45,8631
9/1/2025,9:00,8830.5
9/1/2025,9:15,9044.7
9/1/2025,9:30,9212.7
9/1/2025,9:45,8479.8
9/1/2025,10:00,9439.5
9/1/2025,10:15,9886.8
9/1/2025,10:30,10014.9
9/1/2025,10:45,9340.8
9/1/2025,11:00,9105.6
9/1/2025,11:15,9319.8
9/1/2025,11:30,8582.7
9/1/2025,11:45,7585.2
9/1/2025,12:00,6325.2
9/1/2025,12:15,9082.5
9/1/2025,12:30,8866.2
9/1/2025,12:45,9319.8
9/1/2025,13:00,8912.4
9/1/2025,13:15,9269.4
9/1/2025,13:30,9044.7
9/1/2025,13:45,9741.9
9/1/2025,14:00,9783.9
9/1/2025,14:15,9111.9
9/1/2025,14:30,9153.9
9/1/2025,14:45,8551.2
9/1/2025,15:00,8166.9
9/1/2025,15:15,9636.9
9/1/2025,15:30,8410.5
9/1/2025,15:45,9746.1
9/1/2025,16:00,9960.3
9/1/2025,16:15,10094.7
9/1/2025,16:30,10332
9/1/2025,16:45,10187.1
9/1/2025,17:00,10684.8
9/1/2025,17:15,10613.4
9/1/2025,17:30,10590.3
9/1/2025,17:45,10642.8
9/1/2025,18:00,10791.9
9/1/2025,18:15,10896.9
9/1/2025,18:30,10993.5
9/1/2025,18:45,11025
9/1/2025,19:00,11113.2
9/1/2025,19:15,11041.8
9/1/2025,19:30,11064.9
9/1/2025,19:45,11012.4
9/1/2025,20:00,10985.1
9/1/2025,20:15,11010.3
9/1/2025,20:30,11001.9
9/1/2025,20:45,11014.5
9/1/2025,21:00,10997.7
9/1/2025,21:15,11001.9
9/1/2025,21:30,11056.5
9/1/2025,21:45,10980.9
9/1/2025,22:00,10970.4
9/1/2025,22:15,10869.6
9/1/2025,22:30,11001.9
9/1/2025,22:45,11016.6
9/1/2025,23:00,10980.9
9/1/2025,23:15,11025
9/1/2025,23:30,10930.5
9/1/2025,23:45,11010.3
9/2/2025,0:00,11058.6
9/2/2025,0:15,10997.7
9/2/2025,0:30,11029.2
9/2/2025,0:45,11018.7
9/2/2025,1:00,10953.6
9/2/2025,1:15,11022.9
9/2/2025,1:30,10987.2
9/2/2025,1:45,11067
9/2/2025,2:00,10985.1
9/2/2025,2:15,11014.5
9/2/2025,2:30,10985.1
9/2/2025,2:45,11018.7
9/2/2025,3:00,11014.5
9/2/2025,3:15,10962
9/2/2025,3:30,11033.4
9/2/2025,3:45,11058.6
9/2/2025,4:00,11052.3
9/2/2025,4:15,11006.1
9/2/2025,4:30,11008.2
9/2/2025,4:45,11022.9
9/2/2025,5:00,11054.4
9/2/2025,5:15,11035.5
9/2/2025,5:30,11037.6
9/2/2025,5:45,10976.7
9/2/2025,6:00,10903.2
9/2/2025,6:15,10867.5
9/2/2025,6:30,10678.5
9/2/2025,6:45,10630.2
9/2/2025,7:00,10088.4
9/2/2025,7:15,10271.1
9/2/2025,7:30,10254.3
9/2/2025,7:45,10319.4
9/2/2025,8:00,10266.9
9/2/2025,8:15,9823.8
9/2/2025,8:30,9351.3
9/2/2025,8:45,9132.9
9/2/2025,9:00,9160.2
9/2/2025,9:15,9160.2
9/2/2025,9:30,9263.1
9/2/2025,9:45,9290.4
9/2/2025,10:00,9540.3
9/2/2025,10:15,9439.5
9/2/2025,10:30,9964.5
9/2/2025,10:45,9126.6
9/2/2025,11:00,7203
9/2/2025,11:15,9825.9
9/2/2025,11:30,9613.8
9/2/2025,11:45,5077.8
9/2/2025,12:00,8847.3
9/2/2025,12:15,8698.2
9/2/2025,12:30,6056.4
9/2/2025,12:45,6927.9
9/2/2025,13:00,6491.1
9/2/2025,13:15,8162.7
9/2/2025,13:30,8164.8
9/2/2025,13:45,8177.4
9/2/2025,14:00,8423.1
9/2/2025,14:15,8080.8
9/2/2025,14:30,6289.5
9/2/2025,14:45,7457.1
9/2/2025,15:00,9435.3
9/2/2025,15:15,9363.9
9/2/2025,15:30,9221.1
9/2/2025,15:45,8775.9
9/2/2025,16:00,9422.7
9/2/2025,16:15,8801.1
9/2/2025,16:30,9731.4
9/2/2025,16:45,9691.5
9/2/2025,17:00,10195.5
9/2/2025,17:15,10027.5
9/2/2025,17:30,10558.8
9/2/2025,17:45,10754.1
9/2/2025,18:00,10785.6
9/2/2025,18:15,10955.7
9/2/2025,18:30,11075.4
9/2/2025,18:45,11151
9/2/2025,19:00,11052.3
9/2/2025,19:15,11083.8
9/2/2025,19:30,11039.7
9/2/2025,19:45,11073.3
9/2/2025,20:00,11016.6
9/2/2025,20:15,11033.4
9/2/2025,20:30,11022.9
9/2/2025,20:45,11115.3
9/2/2025,21:00,11035.5
9/2/2025,21:15,11113.2
9/2/2025,21:30,10980.9
9/2/2025,21:45,11077.5
9/2/2025,22:00,11008.2
9/2/2025,22:15,11012.4
9/2/2025,22:30,11058.6
9/2/2025,22:45,11064.9
9/2/2025,23:00,11081.7
9/2/2025,23:15,11031.3
9/2/2025,23:30,10995.6
9/2/2025,23:45,11037.6
9/3/2025,0:00,11027.1
9/3/2025,0:15,10989.3
9/3/2025,0:30,11001.9
9/3/2025,0:45,10735.2
9/3/2025,1:00,10945.2
9/3/2025,1:15,10999.8
9/3/2025,1:30,10991.4
9/3/2025,1:45,10995.6
9/3/2025,2:00,11062.8
9/3/2025,2:15,11062.8
9/3/2025,2:30,10932.6
9/3/2025,2:45,10987.2
9/3/2025,3:00,11001.9
9/3/2025,3:15,10966.2
9/3/2025,3:30,11001.9
9/3/2025,3:45,10962
9/3/2025,4:00,10726.8
9/3/2025,4:15,10672.2
9/3/2025,4:30,10934.7
9/3/2025,4:45,10989.3
9/3/2025,5:00,11022.9
9/3/2025,5:15,10999.8
9/3/2025,5:30,11058.6
9/3/2025,5:45,10964.1
9/3/2025,6:00,10899
9/3/2025,6:15,10781.4
9/3/2025,6:30,10764.6
9/3/2025,6:45,10483.2
9/3/2025,7:00,10103.1
9/3/2025,7:15,9639
9/3/2025,7:30,9412.2
9/3/2025,7:45,9271.5
9/3/2025,8:00,8891.4
9/3/2025,8:15,8435.7
9/3/2025,8:30,8656.2
9/3/2025,8:45,7996.8
9/3/2025,9:00,7738.5
9/3/2025,9:15,7320.6
9/3/2025,9:30,7045.5
9/3/2025,9:45,7446.6
9/3/2025,10:00,7213.5
9/3/2025,10:15,6146.7
9/3/2025,10:30,8948.1
9/3/2025,10:45,8670.9
9/3/2025,11:00,8927.1
9/3/2025,11:15,8645.7
9/3/2025,11:30,8467.2
9/3/2025,11:45,5779.2
9/3/2025,12:00,8702.4
9/3/2025,12:15,7331.1
9/3/2025,12:30,6915.3
9/3/2025,12:45,8112.3
9/3/2025,13:00,8767.5
9/3/2025,13:15,7992.6
9/3/2025,13:30,8217.3
9/3/2025,13:45,8876.7
9/3/2025,14:00,8389.5
9/3/2025,14:15,8922.9
9/3/2025,14:30,9248.4
9/3/2025,14:45,7660.8
9/3/2025,15:00,6617.1
9/3/2025,15:15,8433.6
9/3/2025,15:30,10067.4
9/3/2025,15:45,8540.7
9/3/2025,16:00,9523.5
9/3/2025,16:15,9710.4
9/3/2025,16:30,9790.2
9/3/2025,16:45,9996
9/3/2025,17:00,10111.5
9/3/2025,17:15,9872.1
9/3/2025,17:30,10413.9
9/3/2025,17:45,10451.7
9/3/2025,18:00,10812.9
9/3/2025,18:15,11020.8
9/3/2025,18:30,11134.2
9/3/2025,18:45,11100.6
9/3/2025,19:00,11102.7
9/3/2025,19:15,11067
9/3/2025,19:30,11111.1
9/3/2025,19:45,11123.7
9/3/2025,20:00,11090.1
9/3/2025,20:15,11085.9
9/3/2025,20:30,10773
9/3/2025,20:45,11075.4
9/3/2025,21:00,11130
9/3/2025,21:15,11085.9
9/3/2025,21:30,11092.2
9/3/2025,21:45,11121.6
9/3/2025,22:00,11142.6
9/3/2025,22:15,11092.2
9/3/2025,22:30,10997.7
9/3/2025,22:45,10701.6
9/3/2025,23:00,10945.2
9/3/2025,23:15,10985.1
9/3/2025,23:30,11014.5
9/3/2025,23:45,11081.7
9/4/2025,0:00,11046
9/4/2025,0:15,11079.6
9/4/2025,0:30,11050.2
9/4/2025,0:45,11025
9/4/2025,1:00,11071.2
9/4/2025,1:15,11006.1
9/4/2025,1:30,11050.2
9/4/2025,1:45,11014.5
9/4/2025,2:00,10718.4
9/4/2025,2:15,11033.4
9/4/2025,2:30,10976.7
9/4/2025,2:45,10949.4
9/4/2025,3:00,11077.5
9/4/2025,3:15,11102.7
9/4/2025,3:30,11157.3
9/4/2025,3:45,11083.8
9/4/2025,4:00,11056.5
9/4/2025,4:15,11062.8
9/4/2025,4:30,11077.5
9/4/2025,4:45,11092.2
9/4/2025,5:00,11050.2
9/4/2025,5:15,10789.8
9/4/2025,5:30,10964.1
9/4/2025,5:45,10920
9/4/2025,6:00,10892.7
9/4/2025,6:15,10831.8
9/4/2025,6:30,10447.5
9/4/2025,6:45,10073.7
9/4/2025,7:00,9731.4
9/4/2025,7:15,9737.7
9/4/2025,7:30,9471
9/4/2025,7:45,10122
9/4/2025,8:00,8765.4
9/4/2025,8:15,8593.2
9/4/2025,8:30,7782.6
9/4/2025,8:45,7742.7
9/4/2025,9:00,7788.9
9/4/2025,9:15,7211.4
9/4/2025,9:30,7669.2
9/4/2025,9:45,9105.6
9/4/2025,10:00,6705.3
9/4/2025,10:15,6312.6
9/4/2025,10:30,6266.4
9/4/2025,10:45,6029.1
9/4/2025,11:00,6178.2
9/4/2025,11:15,8236.2
9/4/2025,11:30,5720.4
9/4/2025,11:45,7914.9
9/4/2025,12:00,7803.6
9/4/2025,12:15,8580.6
9/4/2025,12:30,8381.1
9/4/2025,12:45,7933.8
9/4/2025,13:00,8662.5
9/4/2025,13:15,8106
9/4/2025,13:30,8404.2
9/4/2025,13:45,8085
9/4/2025,14:00,8698.2
9/4/2025,14:15,8832.6
9/4/2025,14:30,9676.8
9/4/2025,14:45,8089.2
9/4/2025,15:00,8463
9/4/2025,15:15,8706.6
9/4/2025,15:30,9298.8
9/4/2025,15:45,9930.9
9/4/2025,16:00,10109.4
9/4/2025,16:15,10218.6
9/4/2025,16:30,10474.8
9/4/2025,16:45,10462.2
9/4/2025,17:00,10348.8
9/4/2025,17:15,10374
9/4/2025,17:30,10248
9/4/2025,17:45,10523.1
9/4/2025,18:00,10758.3
9/4/2025,18:15,10838.1
9/4/2025,18:30,10823.4
9/4/2025,18:45,10964.1
9/4/2025,19:00,10926.3
9/4/2025,19:15,11054.4
9/4/2025,19:30,11148.9
9/4/2025,19:45,11157.3
9/4/2025,20:00,11106.9
9/4/2025,20:15,11067
9/4/2025,20:30,11054.4
9/4/2025,20:45,11073.3
9/4/2025,21:00,11058.6
9/4/2025,21:15,11102.7
9/4/2025,21:30,10955.7
9/4/2025,21:45,10760.4
9/4/2025,22:00,11069.1
9/4/2025,22:15,11058.6
9/4/2025,22:30,11033.4
9/4/2025,22:45,11092.2
9/4/2025,23:00,11096.4
9/4/2025,23:15,11165.7
9/4/2025,23:30,11081.7
9/4/2025,23:45,11071.2
9/5/2025,0:00,11064.9
9/5/2025,0:15,11041.8
9/5/2025,0:30,11050.2
9/5/2025,0:45,11041.8
9/5/2025,1:00,10777.2
9/5/2025,1:15,11037.6
9/5/2025,1:30,11027.1
9/5/2025,1:45,11100.6
9/5/2025,2:00,11071.2
9/5/2025,2:15,11111.1
9/5/2025,2:30,11109
9/5/2025,2:45,11123.7
9/5/2025,3:00,11046
9/5/2025,3:15,11073.3
9/5/2025,3:30,11090.1
9/5/2025,3:45,11109
9/5/2025,4:00,11092.2
9/5/2025,4:15,10796.1
9/5/2025,4:30,11064.9
9/5/2025,4:45,11029.2
9/5/2025,5:00,11037.6
9/5/2025,5:15,11092.2
9/5/2025,5:30,11094.3
9/5/2025,5:45,11098.5
9/5/2025,6:00,10974.6
9/5/2025,6:15,10922.1
9/5/2025,6:30,10920
9/5/2025,6:45,10701.6
9/5/2025,7:00,10277.4
9/5/2025,7:15,10025.4
9/5/2025,7:30,9468.9
9/5/2025,7:45,9363.9
9/5/2025,8:00,8950.2
9/5/2025,8:15,8683.5
9/5/2025,8:30,8400
9/5/2025,8:45,8211
9/5/2025,9:00,7893.9
9/5/2025,9:15,7602
9/5/2025,9:30,7488.6
9/5/2025,9:45,7179.9
9/5/2025,10:00,7035
9/5/2025,10:15,6850.2
9/5/2025,10:30,6661.2
9/5/2025,10:45,6388.2
9/5/2025,11:00,6134.1
9/5/2025,11:15,6321
9/5/2025,11:30,6094.2
9/5/2025,11:45,8013.6
9/5/2025,12:00,5831.7
9/5/2025,12:15,6201.3
9/5/2025,12:30,6096.3
9/5/2025,12:45,5817
9/5/2025,13:00,5777.1
9/5/2025,13:15,7169.4
9/5/2025,13:30,6510
9/5/2025,13:45,6715.8
9/5/2025,14:00,6289.5
9/5/2025,14:15,6442.8
9/5/2025,14:30,6923.7
9/5/2025,14:45,9426.9
9/5/2025,15:00,7305.9
9/5/2025,15:15,7885.5
9/5/2025,15:30,8261.4
9/5/2025,15:45,8257.2
9/5/2025,16:00,8599.5
9/5/2025,16:15,8906.1
9/5/2025,16:30,9258.9
9/5/2025,16:45,9525.6
9/5/2025,17:00,10002.3
9/5/2025,17:15,10117.8
9/5/2025,17:30,10172.4
9/5/2025,17:45,10655.4
9/5/2025,18:00,10934.7
9/5/2025,18:15,11020.8
9/5/2025,18:30,11119.5
9/5/2025,18:45,11144.7
9/5/2025,19:00,11085.9
9/5/2025,19:15,11037.6
9/5/2025,19:30,11083.8
9/5/2025,19:45,11132.1
9/5/2025,20:00,11113.2
9/5/2025,20:15,11102.7
9/5/2025,20:30,11020.8
9/5/2025,20:45,10812.9
9/5/2025,21:00,11020.8
9/5/2025,21:15,11041.8
9/5/2025,21:30,11031.3
9/5/2025,21:45,11060.7
9/5/2025,22:00,11157.3
9/5/2025,22:15,11174.1
9/5/2025,22:30,11092.2
9/5/2025,22:45,11098.5
9/5/2025,23:00,11052.3
9/5/2025,23:15,11060.7
9/5/2025,23:30,11113.2
9/5/2025,23:45,11046
9/6/2025,0:00,10747.8
9/6/2025,0:15,10951.5
9/6/2025,0:30,10932.6
9/6/2025,0:45,10955.7
9/6/2025,1:00,11043.9
9/6/2025,1:15,11056.5
9/6/2025,1:30,11085.9
9/6/2025,1:45,11029.2
9/6/2025,2:00,10983
9/6/2025,2:15,11035.5
9/6/2025,2:30,11064.9
9/6/2025,2:45,11064.9
9/6/2025,3:00,11001.9
9/6/2025,3:15,10714.2
9/6/2025,3:30,10890.6
9/6/2025,3:45,10983
9/6/2025,4:00,10985.1
9/6/2025,4:15,11062.8
9/6/2025,4:30,11060.7
9/6/2025,4:45,11090.1
9/6/2025,5:00,11029.2
9/6/2025,5:15,10995.6
9/6/2025,5:30,11083.8
9/6/2025,5:45,11083.8
9/6/2025,6:00,10980.9
9/6/2025,6:15,10825.5
9/6/2025,6:30,10443.3
9/6/2025,6:45,10508.4
9/6/2025,7:00,10340.4
9/6/2025,7:15,10185
9/6/2025,7:30,9949.8
9/6/2025,7:45,10067.4
9/6/2025,8:00,9893.1
9/6/2025,8:15,9666.3
9/6/2025,8:30,10384.5
9/6/2025,8:45,8849.4
9/6/2025,9:00,8475.6
9/6/2025,9:15,9288.3
9/6/2025,9:30,7163.1
9/6/2025,9:45,8292.9
9/6/2025,10:00,7591.5
9/6/2025,10:15,8379
9/6/2025,10:30,9420.6
9/6/2025,10:45,7501.2
9/6/2025,11:00,8368.5
9/6/2025,11:15,9074.1
9/6/2025,11:30,8517.6
9/6/2025,11:45,9960.3
9/6/2025,12:00,10021.2
9/6/2025,12:15,8563.8
9/6/2025,12:30,7925.4
9/6/2025,12:45,8981.7
9/6/2025,13:00,8484
9/6/2025,13:15,8156.4
9/6/2025,13:30,8796.9
9/6/2025,13:45,9011.1
9/6/2025,14:00,9405.9
9/6/2025,14:15,9506.7
9/6/2025,14:30,9804.9
9/6/2025,14:45,8729.7
9/6/2025,15:00,8977.5
9/6/2025,15:15,9649.5
9/6/2025,15:30,8950.2
9/6/2025,15:45,8826.3
9/6/2025,16:00,9918.3
9/6/2025,16:15,9781.8
9/6/2025,16:30,9454.2
9/6/2025,16:45,9439.5
9/6/2025,17:00,9271.5
9/6/2025,17:15,10287.9
9/6/2025,17:30,10712.1
9/6/2025,17:45,10691.1
9/6/2025,18:00,10794
9/6/2025,18:15,10926.3
9/6/2025,18:30,10995.6
9/6/2025,18:45,10974.6
9/6/2025,19:00,10993.5
9/6/2025,19:15,11054.4
9/6/2025,19:30,10928.4
9/6/2025,19:45,10754.1
9/6/2025,20:00,10953.6
9/6/2025,20:15,10941
9/6/2025,20:30,10930.5
9/6/2025,20:45,11039.7
9/6/2025,21:00,11153.1
9/6/2025,21:15,11088
9/6/2025,21:30,10993.5
9/6/2025,21:45,11006.1
9/6/2025,22:00,11004
9/6/2025,22:15,11039.7
9/6/2025,22:30,11102.7
9/6/2025,22:45,10968.3
9/6/2025,23:00,10686.9
9/6/2025,23:15,10943.1
9/6/2025,23:30,10972.5
9/6/2025,23:45,10987.2
9/7/2025,0:00,11020.8
9/7/2025,0:15,11043.9
9/7/2025,0:30,11016.6
9/7/2025,0:45,10978.8
9/7/2025,1:00,10968.3
9/7/2025,1:15,10943.1
9/7/2025,1:30,11004
9/7/2025,1:45,11081.7
9/7/2025,2:00,10999.8
9/7/2025,2:15,10739.4
9/7/2025,2:30,10917.9
9/7/2025,2:45,10928.4
9/7/2025,3:00,10966.2
9/7/2025,3:15,11018.7
9/7/2025,3:30,11048.1
9/7/2025,3:45,11073.3
9/7/2025,4:00,11050.2
9/7/2025,4:15,11046
9/7/2025,4:30,11033.4
9/7/2025,4:45,11094.3
9/7/2025,5:00,11064.9
9/7/2025,5:15,11043.9
9/7/2025,5:30,10859.1
9/7/2025,5:45,10884.3
9/7/2025,6:00,10920
9/7/2025,6:15,10731
9/7/2025,6:30,10823.4
9/7/2025,6:45,10510.5
9/7/2025,7:00,10103.1
9/7/2025,7:15,10052.7
9/7/2025,7:30,10021.2
9/7/2025,7:45,9363.9
9/7/2025,8:00,8584.8
9/7/2025,8:15,8828.4
9/7/2025,8:30,8765.4
9/7/2025,8:45,8681.4
9/7/2025,9:00,8133.3
9/7/2025,9:15,7818.3
9/7/2025,9:30,7133.7
9/7/2025,9:45,7179.9
9/7/2025,10:00,7074.9
9/7/2025,10:15,6686.4
9/7/2025,10:30,6310.5
9/7/2025,10:45,6104.7
9/7/2025,11:00,6350.4
9/7/2025,11:15,7364.7
9/7/2025,11:30,7171.5
9/7/2025,11:45,7177.8
9/7/2025,12:00,7087.5
9/7/2025,12:15,7211.4
9/7/2025,12:30,6967.8
9/7/2025,12:45,7530.6
9/7/2025,13:00,8458.8
9/7/2025,13:15,7765.8
9/7/2025,13:30,8486.1
9/7/2025,13:45,8265.6
9/7/2025,14:00,6785.1
9/7/2025,14:15,7734.3
9/7/2025,14:30,8702.4
9/7/2025,14:45,8120.7
9/7/2025,15:00,9504.6
9/7/2025,15:15,8956.5
9/7/2025,15:30,8706.6
9/7/2025,15:45,8880.9
9/7/2025,16:00,9456.3
9/7/2025,16:15,9846.9
9/7/2025,16:30,10189.2
9/7/2025,16:45,10424.4
9/7/2025,17:00,10468.5
9/7/2025,17:15,10445.4
9/7/2025,17:30,10621.8
9/7/2025,17:45,10758.3
9/7/2025,18:00,10915.8
9/7/2025,18:15,10980.9
9/7/2025,18:30,10997.7
9/7/2025,18:45,10712.1
9/7/2025,19:00,10957.8
9/7/2025,19:15,10964.1
9/7/2025,19:30,10924.2
9/7/2025,19:45,11060.7
9/7/2025,20:00,11037.6
9/7/2025,20:15,11096.4
9/7/2025,20:30,10995.6
9/7/2025,20:45,10995.6
9/7/2025,21:00,11041.8
9/7/2025,21:15,11046
9/7/2025,21:30,11050.2
9/7/2025,21:45,10968.3
9/7/2025,22:00,10735.2
9/7/2025,22:15,10955.7
9/7/2025,22:30,10980.9
9/7/2025,22:45,11022.9
9/7/2025,23:00,11016.6
9/7/2025,23:15,11012.4
9/7/2025,23:30,11025
9/7/2025,23:45,10987.2
9/8/2025,0:00,10970.4
9/8/2025,0:15,10980.9
9/8/2025,0:30,10989.3
9/8/2025,0:45,11027.1
9/8/2025,1:00,10976.7
9/8/2025,1:15,10804.5
9/8/2025,1:30,10936.8
9/8/2025,1:45,10917.9
9/8/2025,2:00,10917.9
9/8/2025,2:15,10978.8
9/8/2025,2:30,11035.5
9/8/2025,2:45,11054.4
9/8/2025,3:00,10978.8
9/8/2025,3:15,10974.6
9/8/2025,3:30,11039.7
9/8/2025,3:45,11014.5
9/8/2025,4:00,11001.9
9/8/2025,4:15,10987.2
9/8/2025,4:30,10770.9
9/8/2025,4:45,10833.9
9/8/2025,5:00,10913.7
9/8/2025,5:15,10867.5
9/8/2025,5:30,10913.7
9/8/2025,5:45,10964.1
9/8/2025,6:00,11008.2
9/8/2025,6:15,10955.7
9/8/2025,6:30,10768.8
9/8/2025,6:45,10594.5
9/8/2025,7:00,10586.1
9/8/2025,7:15,10630.2
9/8/2025,7:30,10374
9/8/2025,7:45,10416
9/8/2025,8:00,10542
9/8/2025,8:15,10422.3
9/8/2025,8:30,9928.8
9/8/2025,8:45,9051
9/8/2025,9:00,9271.5
9/8/2025,9:15,9300.9
9/8/2025,9:30,9345
9/8/2025,9:45,8845.2
9/8/2025,10:00,9725.1
9/8/2025,10:15,9634.8
9/8/2025,10:30,8574.3
9/8/2025,10:45,6608.7
9/8/2025,11:00,7532.7
9/8/2025,11:15,6829.2
9/8/2025,11:30,7499.1
9/8/2025,11:45,8045.1
9/8/2025,12:00,7282.8
9/8/2025,12:15,6818.7
9/8/2025,12:30,7786.8
9/8/2025,12:45,7637.7
9/8/2025,13:00,7799.4
9/8/2025,13:15,10010.7
9/8/2025,13:30,11027.1
9/8/2025,13:45,10989.3
9/8/2025,14:00,9991.8
9/8/2025,14:15,10588.2
9/8/2025,14:30,10487.4
9/8/2025,14:45,10634.4
9/8/2025,15:00,10647
9/8/2025,15:15,10886.4
9/8/2025,15:30,10924.2
9/8/2025,15:45,10655.4
9/8/2025,16:00,9928.8
9/8/2025,16:15,10754.1
9/8/2025,16:30,10920
9/8/2025,16:45,10938.9
9/8/2025,17:00,10901.1
9/8/2025,17:15,11054.4
9/8/2025,17:30,10924.2
9/8/2025,17:45,10766.7
9/8/2025,18:00,10930.5
9/8/2025,18:15,10987.2
9/8/2025,18:30,11018.7
9/8/2025,18:45,11010.3
9/8/2025,19:00,11094.3
9/8/2025,19:15,11022.9
9/8/2025,19:30,10999.8
9/8/2025,19:45,11027.1
9/8/2025,20:00,11031.3
9/8/2025,20:15,11010.3
9/8/2025,20:30,11058.6
9/8/2025,20:45,10936.8
9/8/2025,21:00,10684.8
9/8/2025,21:15,10941
9/8/2025,21:30,10932.6
9/8/2025,21:45,10930.5
9/8/2025,22:00,11014.5
9/8/2025,22:15,11083.8
9/8/2025,22:30,10991.4
9/8/2025,22:45,11008.2
9/8/2025,23:00,10972.5
9/8/2025,23:15,10945.2
9/8/2025,23:30,10934.7
9/8/2025,23:45,11018.7
9/9/2025,0:00,10888.5
9/9/2025,0:15,10632.3
9/9/2025,0:30,10890.6
9/9/2025,0:45,10869.6
9/9/2025,1:00,10833.9
9/9/2025,1:15,10938.9
9/9/2025,1:30,10964.1
9/9/2025,1:45,11029.2
9/9/2025,2:00,10945.2
9/9/2025,2:15,10928.4
9/9/2025,2:30,10917.9
9/9/2025,2:45,10955.7
9/9/2025,3:00,10991.4
9/9/2025,3:15,10886.4
9/9/2025,3:30,10626
9/9/2025,3:45,10827.6
9/9/2025,4:00,10873.8
9/9/2025,4:15,10928.4
9/9/2025,4:30,10959.9
9/9/2025,4:45,11014.5
9/9/2025,5:00,11041.8
9/9/2025,5:15,10972.5
9/9/2025,5:30,10968.3
9/9/2025,5:45,10974.6
9/9/2025,6:00,10945.2
9/9/2025,6:15,10880.1
9/9/2025,6:30,10844.4
9/9/2025,6:45,10630.2
9/9/2025,7:00,10794
9/9/2025,7:15,10873.8
9/9/2025,7:30,10903.2
9/9/2025,7:45,10909.5
9/9/2025,8:00,10953.6
9/9/2025,8:15,10871.7
9/9/2025,8:30,10846.5
9/9/2025,8:45,10716.3
9/9/2025,9:00,10661.7
9/9/2025,9:15,10819.2
9/9/2025,9:30,10699.5
9/9/2025,9:45,10806.6
9/9/2025,10:00,10344.6
9/9/2025,10:15,9284.1
9/9/2025,10:30,7148.4
9/9/2025,10:45,9111.9
9/9/2025,11:00,9918.3
9/9/2025,11:15,9355.5
9/9/2025,11:30,8572.2
9/9/2025,11:45,9744
9/9/2025,12:00,9468.9
9/9/2025,12:15,10128.3
9/9/2025,12:30,10056.9
9/9/2025,12:45,9865.8
9/9/2025,13:00,10227
9/9/2025,13:15,9179.1
9/9/2025,13:30,9051
9/9/2025,13:45,9223.2
9/9/2025,14:00,9210.6
9/9/2025,14:15,10185
9/9/2025,14:30,9857.4
9/9/2025,14:45,9870
9/9/2025,15:00,9762.9
9/9/2025,15:15,9519.3
9/9/2025,15:30,9628.5
9/9/2025,15:45,9206.4
9/9/2025,16:00,9193.8
9/9/2025,16:15,9492
9/9/2025,16:30,9636.9
9/9/2025,16:45,9563.4
9/9/2025,17:00,10059
9/9/2025,17:15,10380.3
9/9/2025,17:30,10491.6
9/9/2025,17:45,10665.9
9/9/2025,18:00,10905.3
9/9/2025,18:15,10959.9
9/9/2025,18:30,10983
9/9/2025,18:45,11014.5
9/9/2025,19:00,10989.3
9/9/2025,19:15,11041.8
9/9/2025,19:30,11006.1
9/9/2025,19:45,10962
9/9/2025,20:00,10781.4
9/9/2025,20:15,10980.9
9/9/2025,20:30,10980.9
9/9/2025,20:45,11001.9
9/9/2025,21:00,10991.4
9/9/2025,21:15,11102.7
9/9/2025,21:30,11094.3
9/9/2025,21:45,11037.6
9/9/2025,22:00,11027.1
9/9/2025,22:15,11016.6
9/9/2025,22:30,11081.7
9/9/2025,22:45,11048.1
9/9/2025,23:00,10941
9/9/2025,23:15,10764.6
9/9/2025,23:30,10949.4
9/9/2025,23:45,10978.8
9/10/2025,0:00,10993.5
9/10/2025,0:15,10995.6
9/10/2025,0:30,10997.7
9/10/2025,0:45,11075.4
9/10/2025,1:00,11004
9/10/2025,1:15,11025
9/10/2025,1:30,11012.4
9/10/2025,1:45,11060.7
9/10/2025,2:00,11001.9
9/10/2025,2:15,10922.1
9/10/2025,2:30,10676.4
9/10/2025,2:45,10941
9/10/2025,3:00,10930.5
9/10/2025,3:15,10966.2
9/10/2025,3:30,11012.4
9/10/2025,3:45,11058.6
9/10/2025,4:00,11052.3
9/10/2025,4:15,11025
9/10/2025,4:30,10972.5
9/10/2025,4:45,11048.1
9/10/2025,5:00,11035.5
9/10/2025,5:15,11014.5
9/10/2025,5:30,11016.6
9/10/2025,5:45,10819.2
9/10/2025,6:00,10798.2
9/10/2025,6:15,10754.1
9/10/2025,6:30,10546.2
9/10/2025,6:45,10516.8
9/10/2025,7:00,10126.2
9/10/2025,7:15,9884.7
9/10/2025,7:30,9359.7
9/10/2025,7:45,8616.3
9/10/2025,8:00,8645.7
9/10/2025,8:15,8280.3
9/10/2025,8:30,7948.5
9/10/2025,8:45,7438.2
9/10/2025,9:00,8618.4
9/10/2025,9:15,7144.2
9/10/2025,9:30,6528.9
9/10/2025,9:45,5575.5
9/10/2025,10:00,6633.9
9/10/2025,10:15,8586.9
9/10/2025,10:30,6564.6
9/10/2025,10:45,9013.2
9/10/2025,11:00,9109.8
9/10/2025,11:15,6932.1
9/10/2025,11:30,9057.3
9/10/2025,11:45,9384.9
9/10/2025,12:00,10298.4
9/10/2025,12:15,9834.3
9/10/2025,12:30,8032.5
9/10/2025,12:45,9256.8
9/10/2025,13:00,10004.4
9/10/2025,13:15,9034.2
9/10/2025,13:30,10044.3
9/10/2025,13:45,8687.7
9/10/2025,14:00,8805.3
9/10/2025,14:15,8223.6
9/10/2025,14:30,8007.3
9/10/2025,14:45,6938.4
9/10/2025,15:00,7805.7
9/10/2025,15:15,7297.5
9/10/2025,15:30,8257.2
9/10/2025,15:45,9410.1
9/10/2025,16:00,9059.4
9/10/2025,16:15,9716.7
9/10/2025,16:30,10059
9/10/2025,16:45,10338.3
9/10/2025,17:00,10689
9/10/2025,17:15,10626
9/10/2025,17:30,10880.1
9/10/2025,17:45,10861.2
9/10/2025,18:00,10997.7
9/10/2025,18:15,11031.3
9/10/2025,18:30,11010.3
9/10/2025,18:45,10930.5
9/10/2025,19:00,10705.8
9/10/2025,19:15,10997.7
9/10/2025,19:30,10922.1
9/10/2025,19:45,10995.6
9/10/2025,20:00,10974.6
9/10/2025,20:15,11136.3
9/10/2025,20:30,11050.2
9/10/2025,20:45,11010.3
9/10/2025,21:00,10993.5
9/10/2025,21:15,11014.5
9/10/2025,21:30,11043.9
9/10/2025,21:45,11081.7
9/10/2025,22:00,10949.4
9/10/2025,22:15,10684.8
9/10/2025,22:30,10938.9
9/10/2025,22:45,10955.7
9/10/2025,23:00,10968.3
9/10/2025,23:15,11012.4
9/10/2025,23:30,11027.1
9/10/2025,23:45,10991.4
9/11/2025,0:00,10993.5
9/11/2025,0:15,11025
9/11/2025,0:30,10985.1
9/11/2025,0:45,11064.9
9/11/2025,1:00,10976.7
9/11/2025,1:15,10976.7
9/11/2025,1:30,10628.1
9/11/2025,1:45,10966.2
9/11/2025,2:00,10922.1
9/11/2025,2:15,10943.1
9/11/2025,2:30,10978.8
9/11/2025,2:45,10970.4
9/11/2025,3:00,11004
9/11/2025,3:15,11073.3
9/11/2025,3:30,10989.3
9/11/2025,3:45,11056.5
9/11/2025,4:00,11031.3
9/11/2025,4:15,11098.5
9/11/2025,4:30,10945.2
9/11/2025,4:45,10674.3
9/11/2025,5:00,10899
9/11/2025,5:15,10890.6
9/11/2025,5:30,10871.7
9/11/2025,5:45,10951.5
9/11/2025,6:00,11010.3
9/11/2025,6:15,10989.3
9/11/2025,6:30,10922.1
9/11/2025,6:45,10943.1
9/11/2025,7:00,10848.6
9/11/2025,7:15,10882.2
9/11/2025,7:30,10794
9/11/2025,7:45,10605
9/11/2025,8:00,10682.7
9/11/2025,8:15,10720.5
9/11/2025,8:30,10672.2
9/11/2025,8:45,10348.8
9/11/2025,9:00,10642.8
9/11/2025,9:15,10605
9/11/2025,9:30,10386.6
9/11/2025,9:45,10172.4
9/11/2025,10:00,9830.1
9/11/2025,10:15,10071.6
9/11/2025,10:30,10306.8
9/11/2025,10:45,10548.3
9/11/2025,11:00,10686.9
9/11/2025,11:15,10525.2
9/11/2025,11:30,10426.5
9/11/2025,11:45,10151.4
9/11/2025,12:00,10197.6
9/11/2025,12:15,10002.3
9/11/2025,12:30,10157.7
9/11/2025,12:45,10642.8
9/11/2025,13:00,10716.3
9/11/2025,13:15,10806.6
9/11/2025,13:30,10762.5
9/11/2025,13:45,10789.8
9/11/2025,14:00,10670.1
9/11/2025,14:15,10697.4
9/11/2025,14:30,10588.2
9/11/2025,14:45,10460.1
9/11/2025,15:00,10210.2
9/11/2025,15:15,10573.5
9/11/2025,15:30,10668
9/11/2025,15:45,10791.9
9/11/2025,16:00,10859.1
9/11/2025,16:15,10600.8
9/11/2025,16:30,10825.5
9/11/2025,16:45,10926.3
9/11/2025,17:00,10789.8
9/11/2025,17:15,10829.7
9/11/2025,17:30,10823.4
9/11/2025,17:45,10783.5
9/11/2025,18:00,10569.3
9/11/2025,18:15,10991.4
9/11/2025,18:30,10945.2
9/11/2025,18:45,11010.3
9/11/2025,19:00,11022.9
9/11/2025,19:15,11052.3
9/11/2025,19:30,10964.1
9/11/2025,19:45,10991.4
9/11/2025,20:00,10873.8
9/11/2025,20:15,11054.4
9/11/2025,20:30,10964.1
9/11/2025,20:45,11077.5
9/11/2025,21:00,10920
9/11/2025,21:15,10785.6
9/11/2025,21:30,10974.6
9/11/2025,21:45,11035.5
9/11/2025,22:00,10955.7
9/11/2025,22:15,11075.4
9/11/2025,22:30,11012.4
9/11/2025,22:45,11046
9/11/2025,23:00,10983
9/11/2025,23:15,11048.1
9/11/2025,23:30,11012.4
9/11/2025,23:45,11039.7
9/12/2025,0:00,11004
9/12/2025,0:15,10911.6
9/12/2025,0:30,10758.3
9/12/2025,0:45,10890.6
9/12/2025,1:00,10892.7
9/12/2025,1:15,10924.2
9/12/2025,1:30,10894.8
9/12/2025,1:45,11029.2
9/12/2025,2:00,10976.7
9/12/2025,2:15,10955.7
9/12/2025,2:30,10924.2
9/12/2025,2:45,10989.3
9/12/2025,3:00,10964.1
9/12/2025,3:15,11031.3
9/12/2025,3:30,10930.5
9/12/2025,3:45,10707.9
9/12/2025,4:00,10861.2
9/12/2025,4:15,10943.1
9/12/2025,4:30,10884.3
9/12/2025,4:45,11012.4
9/12/2025,5:00,10995.6
9/12/2025,5:15,11056.5
9/12/2025,5:30,10978.8
9/12/2025,5:45,11022.9
9/12/2025,6:00,10953.6
9/12/2025,6:15,11018.7
9/12/2025,6:30,10934.7
9/12/2025,6:45,10863.3
9/12/2025,7:00,10411.8
9/12/2025,7:15,10537.8
9/12/2025,7:30,10523.1
9/12/2025,7:45,10518.9
9/12/2025,8:00,10785.6
9/12/2025,8:15,10781.4
9/12/2025,8:30,10829.7
9/12/2025,8:45,10640.7
9/12/2025,9:00,10514.7
9/12/2025,9:15,10554.6
9/12/2025,9:30,10472.7
9/12/2025,9:45,10443.3
9/12/2025,10:00,9939.3
9/12/2025,10:15,9445.8
9/12/2025,10:30,8559.6
9/12/2025,10:45,9237.9
9/12/2025,11:00,10056.9
9/12/2025,11:15,9800.7
9/12/2025,11:30,10302.6
9/12/2025,11:45,10596.6
9/12/2025,12:00,10783.5
9/12/2025,12:15,10722.6
9/12/2025,12:30,10164
9/12/2025,12:45,10794
9/12/2025,13:00,10525.2
9/12/2025,13:15,10432.8
9/12/2025,13:30,9819.6
9/12/2025,13:45,10067.4
9/12/2025,14:00,10663.8
9/12/2025,14:15,10628.1
9/12/2025,14:30,10233.3
9/12/2025,14:45,10090.5
9/12/2025,15:00,10063.2
9/12/2025,15:15,10470.6
9/12/2025,15:30,10374
9/12/2025,15:45,10399.2
9/12/2025,16:00,10584
9/12/2025,16:15,10605
9/12/2025,16:30,10659.6
9/12/2025,16:45,10766.7
9/12/2025,17:00,10623.9
9/12/2025,17:15,10861.2
9/12/2025,17:30,10909.5
9/12/2025,17:45,10941
9/12/2025,18:00,10943.1
9/12/2025,18:15,11018.7
9/12/2025,18:30,11010.3
9/12/2025,18:45,10920
9/12/2025,19:00,10930.5
9/12/2025,19:15,10932.6
9/12/2025,19:30,11027.1
9/12/2025,19:45,10989.3
9/12/2025,20:00,10907.4
9/12/2025,20:15,10724.7
9/12/2025,20:30,10955.7
9/12/2025,20:45,10974.6
9/12/2025,21:00,10951.5
9/12/2025,21:15,10985.1
9/12/2025,21:30,11106.9
9/12/2025,21:45,11064.9
9/12/2025,22:00,11010.3
9/12/2025,22:15,11069.1
9/12/2025,22:30,11054.4
9/12/2025,22:45,11071.2
9/12/2025,23:00,11079.6
9/12/2025,23:15,10970.4
9/12/2025,23:30,10768.8
9/12/2025,23:45,10974.6
9/13/2025,0:00,10945.2
9/13/2025,0:15,10957.8
9/13/2025,0:30,11012.4
9/13/2025,0:45,11058.6
9/13/2025,1:00,11033.4
9/13/2025,1:15,11020.8
9/13/2025,1:30,11012.4
9/13/2025,1:45,10995.6
9/13/2025,2:00,11037.6
9/13/2025,2:15,11027.1
9/13/2025,2:30,10978.8
9/13/2025,2:45,10686.9
9/13/2025,3:00,10901.1
9/13/2025,3:15,10957.8
9/13/2025,3:30,10966.2
9/13/2025,3:45,10972.5
9/13/2025,4:00,11006.1
9/13/2025,4:15,11079.6
9/13/2025,4:30,11029.2
9/13/2025,4:45,11043.9
9/13/2025,5:00,11048.1
9/13/2025,5:15,11048.1
9/13/2025,5:30,11046
9/13/2025,5:45,10978.8
9/13/2025,6:00,10720.5
9/13/2025,6:15,10800.3
9/13/2025,6:30,10766.7
9/13/2025,6:45,10800.3
9/13/2025,7:00,10716.3
9/13/2025,7:15,10928.4
9/13/2025,7:30,10815
9/13/2025,7:45,10735.2
9/13/2025,8:00,10920
9/13/2025,8:15,11012.4
9/13/2025,8:30,10962
9/13/2025,8:45,10831.8
9/13/2025,9:00,10367.7
9/13/2025,9:15,10340.4
9/13/2025,9:30,10594.5
9/13/2025,9:45,10554.6
9/13/2025,10:00,9914.1
9/13/2025,10:15,9021.6
9/13/2025,10:30,9151.8
9/13/2025,10:45,9105.6
9/13/2025,11:00,9078.3
9/13/2025,11:15,9546.6
9/13/2025,11:30,9888.9
9/13/2025,11:45,9655.8
9/13/2025,12:00,9691.5
9/13/2025,12:15,8788.5
9/13/2025,12:30,7704.9
9/13/2025,12:45,7595.7
9/13/2025,13:00,7833
9/13/2025,13:15,5212.2
9/13/2025,13:30,8064
9/13/2025,13:45,9193.8
9/13/2025,14:00,8502.9
9/13/2025,14:15,5598.6
9/13/2025,14:30,8704.5
9/13/2025,14:45,9273.6
9/13/2025,15:00,9720.9
9/13/2025,15:15,8899.8
9/13/2025,15:30,10071.6
9/13/2025,15:45,9153.9
9/13/2025,16:00,9851.1
9/13/2025,16:15,9970.8
9/13/2025,16:30,10210.2
9/13/2025,16:45,10460.1
9/13/2025,17:00,10749.9
9/13/2025,17:15,10462.2
9/13/2025,17:30,10726.8
9/13/2025,17:45,10770.9
9/13/2025,18:00,10907.4
9/13/2025,18:15,11067
9/13/2025,18:30,11048.1
9/13/2025,18:45,11081.7
9/13/2025,19:00,10943.1
9/13/2025,19:15,10836
9/13/2025,19:30,10997.7
9/13/2025,19:45,10999.8
9/13/2025,20:00,11046
9/13/2025,20:15,11048.1
9/13/2025,20:30,11085.9
9/13/2025,20:45,11085.9
9/13/2025,21:00,11054.4
9/13/2025,21:15,11071.2
9/13/2025,21:30,11056.5
9/13/2025,21:45,11104.8
9/13/2025,22:00,11096.4
9/13/2025,22:15,10928.4
9/13/2025,22:30,10831.8
9/13/2025,22:45,10993.5
9/13/2025,23:00,11008.2
9/13/2025,23:15,11010.3
9/13/2025,23:30,11077.5
9/13/2025,23:45,11098.5
9/14/2025,0:00,11113.2
9/14/2025,0:15,11050.2
9/14/2025,0:30,11077.5
9/14/2025,0:45,10976.7
9/14/2025,1:00,11006.1
9/14/2025,1:15,11085.9
9/14/2025,1:30,10911.6
9/14/2025,1:45,10684.8
9/14/2025,2:00,10924.2
9/14/2025,2:15,10867.5
9/14/2025,2:30,10962
9/14/2025,2:45,10949.4
9/14/2025,3:00,11012.4
9/14/2025,3:15,11069.1
9/14/2025,3:30,11052.3
9/14/2025,3:45,11025
9/14/2025,4:00,11046
9/14/2025,4:15,11048.1
9/14/2025,4:30,11035.5
9/14/2025,4:45,10871.7
9/14/2025,5:00,10640.7
9/14/2025,5:15,10869.6
9/14/2025,5:30,10869.6
9/14/2025,5:45,10894.8
9/14/2025,6:00,10991.4
9/14/2025,6:15,10995.6
9/14/2025,6:30,10875.9
9/14/2025,6:45,10710
9/14/2025,7:00,10500
9/14/2025,7:15,10518.9
9/14/2025,7:30,10392.9
9/14/2025,7:45,10355.1
9/14/2025,8:00,10269
9/14/2025,8:15,9909.9
9/14/2025,8:30,9542.4
9/14/2025,8:45,9546.6
9/14/2025,9:00,9124.5
9/14/2025,9:15,9529.8
9/14/2025,9:30,9279.9
9/14/2025,9:45,8030.4
9/14/2025,10:00,8059.8
9/14/2025,10:15,8647.8
9/14/2025,10:30,9202.2
9/14/2025,10:45,9857.4
9/14/2025,11:00,9261
9/14/2025,11:15,9340.8
9/14/2025,11:30,6073.2
9/14/2025,11:45,8019.9
9/14/2025,12:00,7765.8
9/14/2025,12:15,9141.3
9/14/2025,12:30,9370.2
9/14/2025,12:45,8519.7
9/14/2025,13:00,8754.9
9/14/2025,13:15,8874.6
9/14/2025,13:30,10002.3
9/14/2025,13:45,9286.2
9/14/2025,14:00,10080
9/14/2025,14:15,10245.9
9/14/2025,14:30,9515.1
9/14/2025,14:45,9781.8
9/14/2025,15:00,10061.1
9/14/2025,15:15,10472.7
9/14/2025,15:30,10632.3
9/14/2025,15:45,10686.9
9/14/2025,16:00,10794
9/14/2025,16:15,10869.6
9/14/2025,16:30,10737.3
9/14/2025,16:45,11025
9/14/2025,17:00,10934.7
9/14/2025,17:15,10978.8
9/14/2025,17:30,10894.8
9/14/2025,17:45,10899
9/14/2025,18:00,10842.3
9/14/2025,18:15,10785.6
9/14/2025,18:30,10964.1
9/14/2025,18:45,11025
9/14/2025,19:00,10930.5
9/14/2025,19:15,11035.5
9/14/2025,19:30,11035.5
9/14/2025,19:45,11035.5
9/14/2025,20:00,11014.5
9/14/2025,20:15,11006.1
9/14/2025,20:30,11014.5
9/14/2025,20:45,10976.7
9/14/2025,21:00,11039.7
9/14/2025,21:15,10959.9
9/14/2025,21:30,10749.9
9/14/2025,21:45,10991.4
9/14/2025,22:00,10976.7
9/14/2025,22:15,11006.1
9/14/2025,22:30,11027.1
9/14/2025,22:45,11077.5
9/14/2025,23:00,11060.7
9/14/2025,23:15,11014.5
9/14/2025,23:30,10999.8
9/14/2025,23:45,11050.2
9/15/2025,0:00,11025
9/15/2025,0:15,11096.4
9/15/2025,0:30,10949.4
9/15/2025,0:45,10665.9
9/15/2025,1:00,10951.5
9/15/2025,1:15,10928.4
9/15/2025,1:30,10936.8
9/15/2025,1:45,10991.4
9/15/2025,2:00,10991.4
9/15/2025,2:15,11035.5
9/15/2025,2:30,11020.8
9/15/2025,2:45,11025
9/15/2025,3:00,10976.7
9/15/2025,3:15,10993.5
9/15/2025,3:30,11012.4
9/15/2025,3:45,10957.8
9/15/2025,4:00,10741.5
9/15/2025,4:15,10903.2
9/15/2025,4:30,10943.1
9/15/2025,4:45,10993.5
9/15/2025,5:00,10980.9
9/15/2025,5:15,11092.2
9/15/2025,5:30,11092.2
9/15/2025,5:45,11052.3
9/15/2025,6:00,11004
9/15/2025,6:15,10966.2
9/15/2025,6:30,10894.8
9/15/2025,6:45,10791.9
9/15/2025,7:00,10611.3
9/15/2025,7:15,9788.1
9/15/2025,7:30,9592.8
9/15/2025,7:45,9229.5
9/15/2025,8:00,9605.4
9/15/2025,8:15,9909.9
9/15/2025,8:30,8897.7
9/15/2025,8:45,9000.6
9/15/2025,9:00,7906.5
9/15/2025,9:15,9185.4
9/15/2025,9:30,8639.4
9/15/2025,9:45,7828.8
9/15/2025,10:00,9647.4
9/15/2025,10:15,8433.6
9/15/2025,10:30,7896
9/15/2025,10:45,8011.5
9/15/2025,11:00,6459.6
9/15/2025,11:15,5449.5
9/15/2025,11:30,6222.3
9/15/2025,11:45,5947.2
9/15/2025,12:00,5684.7
9/15/2025,12:15,5579.7
9/15/2025,12:30,7347.9
9/15/2025,12:45,8511.3
9/15/2025,13:00,8738.1
9/15/2025,13:15,8087.1
9/15/2025,13:30,7944.3
9/15/2025,13:45,6545.7
9/15/2025,14:00,8929.2
9/15/2025,14:15,9082.5
9/15/2025,14:30,8826.3
9/15/2025,14:45,9363.9
9/15/2025,15:00,9353.4
9/15/2025,15:15,8918.7
9/15/2025,15:30,9693.6
9/15/2025,15:45,9412.2
9/15/2025,16:00,8946
9/15/2025,16:15,9977.1
9/15/2025,16:30,9179.1
9/15/2025,16:45,10143
9/15/2025,17:00,10231.2
9/15/2025,17:15,10371.9
9/15/2025,17:30,10668
9/15/2025,17:45,10733.1
9/15/2025,18:00,10825.5
9/15/2025,18:15,11016.6
9/15/2025,18:30,11113.2
9/15/2025,18:45,11096.4
9/15/2025,19:00,11046
9/15/2025,19:15,11094.3
9/15/2025,19:30,11077.5
9/15/2025,19:45,11121.6
9/15/2025,20:00,11100.6
9/15/2025,20:15,10957.8
9/15/2025,20:30,10875.9
9/15/2025,20:45,10983
9/15/2025,21:00,10993.5
9/15/2025,21:15,11090.1
9/15/2025,21:30,11109
9/15/2025,21:45,11176.2
9/15/2025,22:00,11102.7
9/15/2025,22:15,11046
9/15/2025,22:30,11073.3
9/15/2025,22:45,11094.3
9/15/2025,23:00,11127.9
9/15/2025,23:15,11106.9
9/15/2025,23:30,10962
9/15/2025,23:45,10821.3
9/16/2025,0:00,10959.9
9/16/2025,0:15,10907.4
9/16/2025,0:30,11029.2
9/16/2025,0:45,11062.8
9/16/2025,1:00,11079.6
9/16/2025,1:15,11071.2
9/16/2025,1:30,11064.9
9/16/2025,1:45,11014.5
9/16/2025,2:00,11025
9/16/2025,2:15,11073.3
9/16/2025,2:30,10989.3
9/16/2025,2:45,10951.5
9/16/2025,3:00,10775.1
9/16/2025,3:15,10974.6
9/16/2025,3:30,10964.1
9/16/2025,3:45,10997.7
9/16/2025,4:00,11022.9
9/16/2025,4:15,11127.9
9/16/2025,4:30,11064.9
9/16/2025,4:45,10970.4
9/16/2025,5:00,11014.5
9/16/2025,5:15,11054.4
9/16/2025,5:30,11073.3
9/16/2025,5:45,11071.2
9/16/2025,6:00,10953.6
9/16/2025,6:15,10571.4
9/16/2025,6:30,10676.4
9/16/2025,6:45,10458
9/16/2025,7:00,10195.5
9/16/2025,7:15,9933
9/16/2025,7:30,9655.8
9/16/2025,7:45,10048.5
9/16/2025,8:00,9282
9/16/2025,8:15,9870
9/16/2025,8:30,8074.5
9/16/2025,8:45,7805.7
9/16/2025,9:00,8589
9/16/2025,9:15,8641.5
9/16/2025,9:30,7041.3
9/16/2025,9:45,6936.3
9/16/2025,10:00,6759.9
9/16/2025,10:15,6587.7
9/16/2025,10:30,6545.7
9/16/2025,10:45,6402.9
9/16/2025,11:00,6339.9
9/16/2025,11:15,6171.9
9/16/2025,11:30,6213.9
9/16/2025,11:45,6195
9/16/2025,12:00,6186.6
9/16/2025,12:15,7429.8
9/16/2025,12:30,6024.9
9/16/2025,12:45,5814.9
9/16/2025,13:00,6743.1
9/16/2025,13:15,6249.6
9/16/2025,13:30,6342
9/16/2025,13:45,6738.9
9/16/2025,14:00,8643.6
9/16/2025,14:15,7751.1
9/16/2025,14:30,7106.4
9/16/2025,14:45,9324
9/16/2025,15:00,6108.9
9/16/2025,15:15,7545.3
9/16/2025,15:30,8278.2
9/16/2025,15:45,8771.7
9/16/2025,16:00,8586.9
9/16/2025,16:15,8956.5
9/16/2025,16:30,9622.2
9/16/2025,16:45,9590.7
9/16/2025,17:00,10376.1
9/16/2025,17:15,10626
9/16/2025,17:30,10833.9
9/16/2025,17:45,11037.6
9/16/2025,18:00,11077.5
9/16/2025,18:15,11153.1
9/16/2025,18:30,11180.4
9/16/2025,18:45,11159.4
9/16/2025,19:00,11167.8
9/16/2025,19:15,11001.9
9/16/2025,19:30,10922.1
9/16/2025,19:45,11117.4
9/16/2025,20:00,11041.8
9/16/2025,20:15,11046
9/16/2025,20:30,11085.9
9/16/2025,20:45,11197.2
9/16/2025,21:00,11167.8
9/16/2025,21:15,11109
9/16/2025,21:30,11136.3
9/16/2025,21:45,11102.7
9/16/2025,22:00,11136.3
9/16/2025,22:15,11090.1
9/16/2025,22:30,11012.4
9/16/2025,22:45,10890.6
9/16/2025,23:00,11039.7
9/16/2025,23:15,11035.5
9/16/2025,23:30,11115.3
9/16/2025,23:45,11073.3
9/17/2025,0:00,11113.2
9/17/2025,0:15,11119.5
9/17/2025,0:30,11054.4
9/17/2025,0:45,11022.9
9/17/2025,1:00,11058.6
9/17/2025,1:15,11077.5
9/17/2025,1:30,11079.6
9/17/2025,1:45,10968.3
9/17/2025,2:00,10802.4
9/17/2025,2:15,11018.7
9/17/2025,2:30,10989.3
9/17/2025,2:45,10987.2
9/17/2025,3:00,11022.9
9/17/2025,3:15,11060.7
9/17/2025,3:30,11109
9/17/2025,3:45,10991.4
9/17/2025,4:00,10985.1
9/17/2025,4:15,11062.8
9/17/2025,4:30,11075.4
9/17/2025,4:45,11075.4
9/17/2025,5:00,10989.3
9/17/2025,5:15,10806.6
9/17/2025,5:30,11020.8
9/17/2025,5:45,10995.6
9/17/2025,6:00,10995.6
9/17/2025,6:15,10999.8
9/17/2025,6:30,10884.3
9/17/2025,6:45,10882.2
9/17/2025,7:00,10812.9
9/17/2025,7:15,10880.1
9/17/2025,7:30,10554.6
9/17/2025,7:45,10455.9
9/17/2025,8:00,10521
9/17/2025,8:15,10735.2
9/17/2025,8:30,9597
9/17/2025,8:45,10155.6
9/17/2025,9:00,10241.7
9/17/2025,9:15,9321.9
9/17/2025,9:30,8448.3
9/17/2025,9:45,9670.5
9/17/2025,10:00,10554.6
9/17/2025,10:15,10317.3
9/17/2025,10:30,10590.3
9/17/2025,10:45,10430.7
9/17/2025,11:00,10455.9
9/17/2025,11:15,10101
9/17/2025,11:30,10245.9
9/17/2025,11:45,9380.7
9/17/2025,12:00,9888.9
9/17/2025,12:15,9937.2
9/17/2025,12:30,10577.7
9/17/2025,12:45,9254.7
9/17/2025,13:00,9355.5
9/17/2025,13:15,9540.3
9/17/2025,13:30,10504.2
9/17/2025,13:45,10661.7
9/17/2025,14:00,10140.9
9/17/2025,14:15,10069.5
9/17/2025,14:30,10401.3
9/17/2025,14:45,10405.5
9/17/2025,15:00,10514.7
9/17/2025,15:15,10640.7
9/17/2025,15:30,10859.1
9/17/2025,15:45,10476.9
9/17/2025,16:00,10615.5
9/17/2025,16:15,10728.9
9/17/2025,16:30,10892.7
9/17/2025,16:45,10888.5
9/17/2025,17:00,10920
9/17/2025,17:15,10892.7
9/17/2025,17:30,11029.2
9/17/2025,17:45,11031.3
9/17/2025,18:00,11035.5
9/17/2025,18:15,10905.3
9/17/2025,18:30,10917.9
9/17/2025,18:45,10974.6
9/17/2025,19:00,10943.1
9/17/2025,19:15,10945.2
9/17/2025,19:30,11075.4
9/17/2025,19:45,11134.2
9/17/2025,20:00,11132.1
9/17/2025,20:15,11048.1
9/17/2025,20:30,11029.2
9/17/2025,20:45,11113.2
9/17/2025,21:00,11098.5
9/17/2025,21:15,11113.2
9/17/2025,21:30,10932.6
9/17/2025,21:45,10825.5
9/17/2025,22:00,11014.5
9/17/2025,22:15,10993.5
9/17/2025,22:30,10972.5
9/17/2025,22:45,11022.9
9/17/2025,23:00,11064.9
9/17/2025,23:15,11104.8
9/17/2025,23:30,10993.5
9/17/2025,23:45,11037.6
9/18/2025,0:00,11010.3
9/18/2025,0:15,11054.4
9/18/2025,0:30,10991.4
9/18/2025,0:45,10983
9/18/2025,1:00,10747.8
9/18/2025,1:15,10978.8
9/18/2025,1:30,10945.2
9/18/2025,1:45,10991.4
9/18/2025,2:00,10997.7
9/18/2025,2:15,11073.3
9/18/2025,2:30,10976.7
9/18/2025,2:45,11048.1
9/18/2025,3:00,10974.6
9/18/2025,3:15,11058.6
9/18/2025,3:30,11012.4
9/18/2025,3:45,11067
9/18/2025,4:00,10922.1
9/18/2025,4:15,10728.9
9/18/2025,4:30,10983
9/18/2025,4:45,10955.7
9/18/2025,5:00,10941
9/18/2025,5:15,11008.2
9/18/2025,5:30,11056.5
9/18/2025,5:45,11060.7
9/18/2025,6:00,11008.2
9/18/2025,6:15,11031.3
9/18/2025,6:30,10941
9/18/2025,6:45,10995.6
9/18/2025,7:00,10892.7
9/18/2025,7:15,10691.1
9/18/2025,7:30,10451.7
9/18/2025,7:45,10054.8
9/18/2025,8:00,10285.8
9/18/2025,8:15,10523.1
9/18/2025,8:30,10151.4
9/18/2025,8:45,10208.1
9/18/2025,9:00,9471
9/18/2025,9:15,9120.3
9/18/2025,9:30,9645.3
9/18/2025,9:45,9823.8
9/18/2025,10:00,10073.7
9/18/2025,10:15,9555
9/18/2025,10:30,9439.5
9/18/2025,10:45,9139.2
9/18/2025,11:00,8099.7
9/18/2025,11:15,9065.7
9/18/2025,11:30,9174.9
9/18/2025,11:45,9605.4
9/18/2025,12:00,9166.5
9/18/2025,12:15,9307.2
9/18/2025,12:30,9361.8
9/18/2025,12:45,9657.9
9/18/2025,13:00,9825.9
9/18/2025,13:15,9905.7
9/18/2025,13:30,9960.3
9/18/2025,13:45,10132.5
9/18/2025,14:00,10306.8
9/18/2025,14:15,10323.6
9/18/2025,14:30,10126.2
9/18/2025,14:45,9954
9/18/2025,15:00,10426.5
9/18/2025,15:15,10306.8
9/18/2025,15:30,10407.6
9/18/2025,15:45,10346.7
9/18/2025,16:00,10544.1
9/18/2025,16:15,10550.4
9/18/2025,16:30,10680.6
9/18/2025,16:45,10823.4
9/18/2025,17:00,10852.8
9/18/2025,17:15,10695.3
9/18/2025,17:30,10852.8
9/18/2025,17:45,10941
9/18/2025,18:00,10945.2
9/18/2025,18:15,11031.3
9/18/2025,18:30,11037.6
9/18/2025,18:45,11111.1
9/18/2025,19:00,11109
9/18/2025,19:15,11031.3
9/18/2025,19:30,11119.5
9/18/2025,19:45,11127.9
9/18/2025,20:00,11077.5
9/18/2025,20:15,11096.4
9/18/2025,20:30,10985.1
9/18/2025,20:45,10903.2
9/18/2025,21:00,10989.3
9/18/2025,21:15,10934.7
9/18/2025,21:30,11056.5
9/18/2025,21:45,11113.2
9/18/2025,22:00,11092.2
9/18/2025,22:15,11085.9
9/18/2025,22:30,11014.5
9/18/2025,22:45,11077.5
9/18/2025,23:00,11027.1
9/18/2025,23:15,11037.6
9/18/2025,23:30,11039.7
9/18/2025,23:45,10938.9
9/19/2025,0:00,10819.2
9/19/2025,0:15,10987.2
9/19/2025,0:30,10947.3
9/19/2025,0:45,10972.5
9/19/2025,1:00,11029.2
9/19/2025,1:15,11096.4
9/19/2025,1:30,11064.9
9/19/2025,1:45,11018.7
9/19/2025,2:00,10989.3
9/19/2025,2:15,10947.3
9/19/2025,2:30,10978.8
9/19/2025,2:45,10983
9/19/2025,3:00,10905.3
9/19/2025,3:15,10760.4
9/19/2025,3:30,10938.9
9/19/2025,3:45,10941
9/19/2025,4:00,10949.4
9/19/2025,4:15,11037.6
9/19/2025,4:30,11062.8
9/19/2025,4:45,11025
9/19/2025,5:00,11029.2
9/19/2025,5:15,11048.1
9/19/2025,5:30,10995.6
9/19/2025,5:45,11031.3
9/19/2025,6:00,11085.9
9/19/2025,6:15,10970.4
9/19/2025,6:30,10676.4
9/19/2025,6:45,10869.6
9/19/2025,7:00,10838.1
9/19/2025,7:15,10770.9
9/19/2025,7:30,10707.9
9/19/2025,7:45,10728.9
9/19/2025,8:00,10983
9/19/2025,8:15,10800.3
9/19/2025,8:30,10611.3
9/19/2025,8:45,10886.4
9/19/2025,9:00,10537.8
9/19/2025,9:15,9989.7
9/19/2025,9:30,9943.5
9/19/2025,9:45,9387
9/19/2025,10:00,9506.7
9/19/2025,10:15,8658.3
9/19/2025,10:30,9714.6
9/19/2025,10:45,9811.2
9/19/2025,11:00,8920.8
9/19/2025,11:15,9145.5
9/19/2025,11:30,8694
9/19/2025,11:45,9886.8
9/19/2025,12:00,9746.1
9/19/2025,12:15,9710.4
9/19/2025,12:30,9987.6
9/19/2025,12:45,9811.2
9/19/2025,13:00,9844.8
9/19/2025,13:15,10050.6
9/19/2025,13:30,10602.9
9/19/2025,13:45,10571.4
9/19/2025,14:00,10462.2
9/19/2025,14:15,9897.3
9/19/2025,14:30,10844.4
9/19/2025,14:45,10747.8
9/19/2025,15:00,10815
9/19/2025,15:15,10896.9
9/19/2025,15:30,10808.7
9/19/2025,15:45,10863.3
9/19/2025,16:00,10779.3
9/19/2025,16:15,10762.5
9/19/2025,16:30,10794
9/19/2025,16:45,10920
9/19/2025,17:00,10896.9
9/19/2025,17:15,10949.4
9/19/2025,17:30,11046
9/19/2025,17:45,11052.3
9/19/2025,18:00,11006.1
9/19/2025,18:15,11060.7
9/19/2025,18:30,11048.1
9/19/2025,18:45,11069.1
9/19/2025,19:00,11010.3
9/19/2025,19:15,11067
9/19/2025,19:30,10857
9/19/2025,19:45,10909.5
9/19/2025,20:00,10987.2
9/19/2025,20:15,10949.4
9/19/2025,20:30,10976.7
9/19/2025,20:45,11043.9
9/19/2025,21:00,11062.8
9/19/2025,21:15,11115.3
9/19/2025,21:30,11033.4
9/19/2025,21:45,11039.7
9/19/2025,22:00,11033.4
9/19/2025,22:15,11056.5
9/19/2025,22:30,11100.6
9/19/2025,22:45,10972.5
9/19/2025,23:00,10800.3
9/19/2025,23:15,10983
9/19/2025,23:30,10972.5
9/19/2025,23:45,11077.5
9/20/2025,0:00,11067
9/20/2025,0:15,11104.8
9/20/2025,0:30,11079.6
9/20/2025,0:45,11027.1
9/20/2025,1:00,10970.4
9/20/2025,1:15,11096.4
9/20/2025,1:30,11043.9
9/20/2025,1:45,10985.1
9/20/2025,2:00,10949.4
9/20/2025,2:15,10768.8
9/20/2025,2:30,10922.1
9/20/2025,2:45,10953.6
9/20/2025,3:00,10980.9
9/20/2025,3:15,11035.5
9/20/2025,3:30,11064.9
9/20/2025,3:45,11050.2
9/20/2025,4:00,11039.7
9/20/2025,4:15,11043.9
9/20/2025,4:30,11056.5
9/20/2025,4:45,11001.9
9/20/2025,5:00,11056.5
9/20/2025,5:15,10949.4
9/20/2025,5:30,10743.6
9/20/2025,5:45,10970.4
9/20/2025,6:00,10955.7
9/20/2025,6:15,10970.4
9/20/2025,6:30,10978.8
9/20/2025,6:45,10909.5
9/20/2025,7:00,10857
9/20/2025,7:15,10600.8
9/20/2025,7:30,10577.7
9/20/2025,7:45,10472.7
9/20/2025,8:00,10134.6
9/20/2025,8:15,9788.1
9/20/2025,8:30,9674.7
9/20/2025,8:45,9538.2
9/20/2025,9:00,9153.9
9/20/2025,9:15,9372.3
9/20/2025,9:30,8788.5
9/20/2025,9:45,8208.9
9/20/2025,10:00,9048.9
9/20/2025,10:15,7753.2
9/20/2025,10:30,8481.9
9/20/2025,10:45,7919.1
9/20/2025,11:00,8337
9/20/2025,11:15,6615
9/20/2025,11:30,5338.2
9/20/2025,11:45,8962.8
9/20/2025,12:00,8563.8
9/20/2025,12:15,5751.9
9/20/2025,12:30,8507.1
9/20/2025,12:45,8666.7
9/20/2025,13:00,9601.2
9/20/2025,13:15,7658.7
9/20/2025,13:30,5443.2
9/20/2025,13:45,9458.4
9/20/2025,14:00,8784.3
9/20/2025,14:15,8897.7
9/20/2025,14:30,9542.4
9/20/2025,14:45,9664.2
9/20/2025,15:00,9349.2
9/20/2025,15:15,9729.3
9/20/2025,15:30,9800.7
9/20/2025,15:45,9853.2
9/20/2025,16:00,9870
9/20/2025,16:15,10180.8
9/20/2025,16:30,10132.5
9/20/2025,16:45,10497.9
9/20/2025,17:00,10474.8
9/20/2025,17:15,10657.5
9/20/2025,17:30,10558.8
9/20/2025,17:45,10823.4
9/20/2025,18:00,10934.7
9/20/2025,18:15,11029.2
9/20/2025,18:30,10844.4
9/20/2025,18:45,10974.6
9/20/2025,19:00,11067
9/20/2025,19:15,11031.3
9/20/2025,19:30,11048.1
9/20/2025,19:45,11052.3
9/20/2025,20:00,11132.1
9/20/2025,20:15,10991.4
9/20/2025,20:30,11083.8
9/20/2025,20:45,11048.1
9/20/2025,21:00,11050.2
9/20/2025,21:15,11077.5
9/20/2025,21:30,11052.3
9/20/2025,21:45,10917.9
9/20/2025,22:00,10896.9
9/20/2025,22:15,11018.7
9/20/2025,22:30,10983
9/20/2025,22:45,10936.8
9/20/2025,23:00,11016.6
9/20/2025,23:15,11096.4
9/20/2025,23:30,11025
9/20/2025,23:45,10966.2
9/21/2025,0:00,11001.9
9/21/2025,0:15,10930.5
9/21/2025,0:30,11001.9
9/21/2025,0:45,10995.6
9/21/2025,1:00,10913.7
9/21/2025,1:15,10649.1
9/21/2025,1:30,10962
9/21/2025,1:45,10901.1
9/21/2025,2:00,10938.9
9/21/2025,2:15,10947.3
9/21/2025,2:30,11052.3
9/21/2025,2:45,10945.2
9/21/2025,3:00,10983
9/21/2025,3:15,10991.4
9/21/2025,3:30,11052.3
9/21/2025,3:45,10989.3
9/21/2025,4:00,10987.2
9/21/2025,4:15,10905.3
9/21/2025,4:30,10747.8
9/21/2025,4:45,10985.1
9/21/2025,5:00,10917.9
9/21/2025,5:15,10911.6
9/21/2025,5:30,11008.2
9/21/2025,5:45,10993.5
9/21/2025,6:00,11039.7
9/21/2025,6:15,10970.4
9/21/2025,6:30,10959.9
9/21/2025,6:45,10800.3
9/21/2025,7:00,10689
9/21/2025,7:15,10401.3
9/21/2025,7:30,10023.3
9/21/2025,7:45,9786
9/21/2025,8:00,9870
9/21/2025,8:15,9372.3
9/21/2025,8:30,9086.7
9/21/2025,8:45,8992.2
9/21/2025,9:00,7868.7
9/21/2025,9:15,8731.8
9/21/2025,9:30,8082.9
9/21/2025,9:45,8507.1
9/21/2025,10:00,8242.5
9/21/2025,10:15,7956.9
9/21/2025,10:30,8179.5
9/21/2025,10:45,8032.5
9/21/2025,11:00,7784.7
9/21/2025,11:15,7700.7
9/21/2025,11:30,7730.1
9/21/2025,11:45,7866.6
9/21/2025,12:00,7627.2
9/21/2025,12:15,8162.7
9/21/2025,12:30,8297.1
9/21/2025,12:45,8061.9
9/21/2025,13:00,8011.5
9/21/2025,13:15,7956.9
9/21/2025,13:30,8404.2
9/21/2025,13:45,8183.7
9/21/2025,14:00,9357.6
9/21/2025,14:15,9101.4
9/21/2025,14:30,9542.4
9/21/2025,14:45,9555
9/21/2025,15:00,10218.6
9/21/2025,15:15,10166.1
9/21/2025,15:30,10107.3
9/21/2025,15:45,10210.2
9/21/2025,16:00,10206
9/21/2025,16:15,10497.9
9/21/2025,16:30,10762.5
9/21/2025,16:45,10846.5
9/21/2025,17:00,10962
9/21/2025,17:15,10905.3
9/21/2025,17:30,10754.1
9/21/2025,17:45,10773
9/21/2025,18:00,10947.3
9/21/2025,18:15,10976.7
9/21/2025,18:30,11048.1
9/21/2025,18:45,11039.7
9/21/2025,19:00,11094.3
9/21/2025,19:15,11035.5
9/21/2025,19:30,11046
9/21/2025,19:45,10995.6
9/21/2025,20:00,11054.4
9/21/2025,20:15,11020.8
9/21/2025,20:30,11073.3
9/21/2025,20:45,10852.8
9/21/2025,21:00,10943.1
9/21/2025,21:15,10926.3
9/21/2025,21:30,10989.3
9/21/2025,21:45,11035.5
9/21/2025,22:00,11081.7
9/21/2025,22:15,11054.4
9/21/2025,22:30,11050.2
9/21/2025,22:45,10968.3
9/21/2025,23:00,11016.6
9/21/2025,23:15,11016.6
9/21/2025,23:30,11037.6
9/21/2025,23:45,11025
9/22/2025,0:00,10932.6
9/22/2025,0:15,10836
9/22/2025,0:30,10995.6
9/22/2025,0:45,10953.6
9/22/2025,1:00,10983
9/22/2025,1:15,11025
9/22/2025,1:30,11119.5
9/22/2025,1:45,11014.5
9/22/2025,2:00,11046
9/22/2025,2:15,10951.5
9/22/2025,2:30,11027.1
9/22/2025,2:45,11014.5
9/22/2025,3:00,11043.9
9/22/2025,3:15,10892.7
9/22/2025,3:30,10831.8
9/22/2025,3:45,10951.5
9/22/2025,4:00,10917.9
9/22/2025,4:15,11016.6
9/22/2025,4:30,10985.1
9/22/2025,4:45,10972.5
9/22/2025,5:00,11050.2
9/22/2025,5:15,10995.6
9/22/2025,5:30,11025
9/22/2025,5:45,10959.9
9/22/2025,6:00,11025
9/22/2025,6:15,10907.4
9/22/2025,6:30,10737.3
9/22/2025,6:45,10455.9
9/22/2025,7:00,10777.2
9/22/2025,7:15,10462.2
9/22/2025,7:30,10334.1
9/22/2025,7:45,10191.3
9/22/2025,8:00,9544.5
9/22/2025,8:15,9185.4
9/22/2025,8:30,9748.2
9/22/2025,8:45,10040.1
9/22/2025,9:00,9907.8
9/22/2025,9:15,8943.9
9/22/2025,9:30,9628.5
9/22/2025,9:45,9525.6
9/22/2025,10:00,9078.3
9/22/2025,10:15,8677.2
9/22/2025,10:30,9290.4
9/22/2025,10:45,9347.1
9/22/2025,11:00,8662.5
9/22/2025,11:15,8490.3
9/22/2025,11:30,7234.5
9/22/2025,11:45,8061.9
9/22/2025,12:00,8473.5
9/22/2025,12:15,9282
9/22/2025,12:30,9263.1
9/22/2025,12:45,8828.4
9/22/2025,13:00,9210.6
9/22/2025,13:15,8213.1
9/22/2025,13:30,9210.6
9/22/2025,13:45,9328.2
9/22/2025,14:00,10063.2
9/22/2025,14:15,9813.3
9/22/2025,14:30,8939.7
9/22/2025,14:45,9223.2
9/22/2025,15:00,9109.8
9/22/2025,15:15,9515.1
9/22/2025,15:30,9903.6
9/22/2025,15:45,9958.2
9/22/2025,16:00,10111.5
9/22/2025,16:15,10617.6
9/22/2025,16:30,10567.2
9/22/2025,16:45,10819.2
9/22/2025,17:00,10871.7
9/22/2025,17:15,10865.4
9/22/2025,17:30,11039.7
9/22/2025,17:45,11146.8
9/22/2025,18:00,11172
9/22/2025,18:15,11205.6
9/22/2025,18:30,11172
9/22/2025,18:45,11163.6
9/22/2025,19:00,11172
9/22/2025,19:15,11214
9/22/2025,19:30,11182.5
9/22/2025,19:45,10957.8
9/22/2025,20:00,11046
9/22/2025,20:15,11157.3
9/22/2025,20:30,11079.6
9/22/2025,20:45,11199.3
9/22/2025,21:00,11237.1
9/22/2025,21:15,11277
9/22/2025,21:30,11237.1
9/22/2025,21:45,11161.5
9/22/2025,22:00,11188.8
9/22/2025,22:15,11142.6
9/22/2025,22:30,11188.8
9/22/2025,22:45,11235
9/22/2025,23:00,10955.7
9/22/2025,23:15,10980.9
9/22/2025,23:30,11104.8
9/22/2025,23:45,11041.8
9/23/2025,0:00,11117.4
9/23/2025,0:15,11123.7
9/23/2025,0:30,11167.8
9/23/2025,0:45,11184.6
9/23/2025,1:00,11106.9
9/23/2025,1:15,11132.1
9/23/2025,1:30,11197.2
9/23/2025,1:45,11144.7
9/23/2025,2:00,11188.8
9/23/2025,2:15,11033.4
9/23/2025,2:30,10913.7
9/23/2025,2:45,11060.7
9/23/2025,3:00,11060.7
9/23/2025,3:15,11106.9
9/23/2025,3:30,11176.2
9/23/2025,3:45,11186.7
9/23/2025,4:00,11193
9/23/2025,4:15,11182.5
9/23/2025,4:30,11197.2
9/23/2025,4:45,11159.4
9/23/2025,5:00,11174.1
9/23/2025,5:15,11144.7
9/23/2025,5:30,11100.6
9/23/2025,5:45,10903.2
9/23/2025,6:00,11100.6
9/23/2025,6:15,11043.9
9/23/2025,6:30,11001.9
9/23/2025,6:45,10936.8
9/23/2025,7:00,10882.2
9/23/2025,7:15,10980.9
9/23/2025,7:30,10888.5
9/23/2025,7:45,10770.9
9/23/2025,8:00,10710
9/23/2025,8:15,10781.4
9/23/2025,8:30,10768.8
9/23/2025,8:45,10269
9/23/2025,9:00,9838.5
9/23/2025,9:15,10080
9/23/2025,9:30,9641.1
9/23/2025,9:45,9771.3
9/23/2025,10:00,9786
9/23/2025,10:15,9487.8
9/23/2025,10:30,9960.3
9/23/2025,10:45,10138.8
9/23/2025,11:00,9517.2
9/23/2025,11:15,9754.5
9/23/2025,11:30,9685.2
9/23/2025,11:45,10472.7
9/23/2025,12:00,10115.7
9/23/2025,12:15,9458.4
9/23/2025,12:30,9760.8
9/23/2025,12:45,9187.5
9/23/2025,13:00,9090.9
9/23/2025,13:15,7707
9/23/2025,13:30,9437.4
9/23/2025,13:45,8219.4
9/23/2025,14:00,8725.5
9/23/2025,14:15,9120.3
9/23/2025,14:30,9611.7
9/23/2025,14:45,9565.5
9/23/2025,15:00,9727.2
9/23/2025,15:15,10327.8
9/23/2025,15:30,10017
9/23/2025,15:45,9750.3
9/23/2025,16:00,9773.4
9/23/2025,16:15,10796.1
9/23/2025,16:30,10521
9/23/2025,16:45,10686.9
9/23/2025,17:00,11064.9
9/23/2025,17:15,11090.1
9/23/2025,17:30,11125.8
9/23/2025,17:45,11216.1
9/23/2025,18:00,11264.4
9/23/2025,18:15,11237.1
9/23/2025,18:30,11184.6
9/23/2025,18:45,11056.5
9/23/2025,19:00,11054.4
9/23/2025,19:15,11203.5
9/23/2025,19:30,11094.3
9/23/2025,19:45,11193
9/23/2025,20:00,11193
9/23/2025,20:15,11222.4
9/23/2025,20:30,11184.6
9/23/2025,20:45,11237.1
9/23/2025,21:00,11182.5
9/23/2025,21:15,11256
9/23/2025,21:30,11228.7
9/23/2025,21:45,11270.7
9/23/2025,22:00,11071.2
9/23/2025,22:15,11090.1
9/23/2025,22:30,11165.7
9/23/2025,22:45,11169.9
9/23/2025,23:00,11174.1
9/23/2025,23:15,11197.2
9/23/2025,23:30,11262.3
9/23/2025,23:45,11224.5
9/24/2025,0:00,11184.6
9/24/2025,0:15,11182.5
9/24/2025,0:30,11205.6
9/24/2025,0:45,11222.4
9/24/2025,1:00,11209.8
9/24/2025,1:15,11029.2
9/24/2025,1:30,10962
9/24/2025,1:45,11132.1
9/24/2025,2:00,11075.4
9/24/2025,2:15,11071.2
9/24/2025,2:30,11130
9/24/2025,2:45,11186.7
9/24/2025,3:00,11130
9/24/2025,3:15,11153.1
9/24/2025,3:30,11119.5
9/24/2025,3:45,11153.1
9/24/2025,4:00,11142.6
9/24/2025,4:15,11216.1
9/24/2025,4:30,11056.5
9/24/2025,4:45,10941
9/24/2025,5:00,11069.1
9/24/2025,5:15,11098.5
9/24/2025,5:30,11127.9
9/24/2025,5:45,11195.1
9/24/2025,6:00,11205.6
9/24/2025,6:15,11174.1
9/24/2025,6:30,11119.5
9/24/2025,6:45,11079.6
9/24/2025,7:00,10932.6
9/24/2025,7:15,10846.5
9/24/2025,7:30,10875.9
9/24/2025,7:45,10928.4
9/24/2025,8:00,10653.3
9/24/2025,8:15,10926.3
9/24/2025,8:30,10779.3
9/24/2025,8:45,10455.9
9/24/2025,9:00,10176.6
9/24/2025,9:15,9725.1
9/24/2025,9:30,9294.6
9/24/2025,9:45,9668.4
9/24/2025,10:00,9468.9
9/24/2025,10:15,9552.9
9/24/2025,10:30,9792.3
9/24/2025,10:45,9586.5
9/24/2025,11:00,10132.5
9/24/2025,11:15,9624.3
9/24/2025,11:30,9855.3
9/24/2025,11:45,10491.6
9/24/2025,12:00,9851.1
9/24/2025,12:15,9641.1
9/24/2025,12:30,10218.6
9/24/2025,12:45,10416
9/24/2025,13:00,9956.1
9/24/2025,13:15,10308.9
9/24/2025,13:30,10227
9/24/2025,13:45,9861.6
9/24/2025,14:00,8551.2
9/24/2025,14:15,9802.8
9/24/2025,14:30,9802.8
9/24/2025,14:45,10092.6
9/24/2025,15:00,10271.1
9/24/2025,15:15,9538.2
9/24/2025,15:30,10063.2
9/24/2025,15:45,10369.8
9/24/2025,16:00,10689
9/24/2025,16:15,10569.3
9/24/2025,16:30,10815
9/24/2025,16:45,10901.1
9/24/2025,17:00,11167.8
9/24/2025,17:15,11039.7
9/24/2025,17:30,11062.8
9/24/2025,17:45,10867.5
9/24/2025,18:00,10974.6
9/24/2025,18:15,11069.1
9/24/2025,18:30,11069.1
9/24/2025,18:45,11193
9/24/2025,19:00,11195.1
9/24/2025,19:15,11230.8
9/24/2025,19:30,11188.8
9/24/2025,19:45,11207.7
9/24/2025,20:00,11174.1
9/24/2025,20:15,11230.8
9/24/2025,20:30,11151
9/24/2025,20:45,11251.8
9/24/2025,21:00,11111.1
9/24/2025,21:15,11071.2
9/24/2025,21:30,11117.4
9/24/2025,21:45,11203.5
9/24/2025,22:00,11125.8
9/24/2025,22:15,11295.9
9/24/2025,22:30,11209.8
9/24/2025,22:45,11220.3
9/24/2025,23:00,11079.6
9/24/2025,23:15,11243.4
9/24/2025,23:30,11207.7
9/24/2025,23:45,11253.9
9/25/2025,0:00,11165.7
9/25/2025,0:15,11062.8
9/25/2025,0:30,10962
9/25/2025,0:45,11165.7
9/25/2025,1:00,11081.7
9/25/2025,1:15,11180.4
9/25/2025,1:30,11138.4
9/25/2025,1:45,11230.8
9/25/2025,2:00,11109
9/25/2025,2:15,11157.3
9/25/2025,2:30,11134.2
9/25/2025,2:45,11136.3
9/25/2025,3:00,11106.9
9/25/2025,3:15,11155.2
9/25/2025,3:30,10934.7
9/25/2025,3:45,10827.6
9/25/2025,4:00,11075.4
9/25/2025,4:15,11098.5
9/25/2025,4:30,11127.9
9/25/2025,4:45,11144.7
9/25/2025,5:00,11142.6
9/25/2025,5:15,11178.3
9/25/2025,5:30,11132.1
9/25/2025,5:45,11069.1
9/25/2025,6:00,11127.9
9/25/2025,6:15,11075.4
9/25/2025,6:30,10974.6
9/25/2025,6:45,10743.6
9/25/2025,7:00,10346.7
9/25/2025,7:15,10357.2
9/25/2025,7:30,10296.3
9/25/2025,7:45,10290
9/25/2025,8:00,10164
9/25/2025,8:15,10117.8
9/25/2025,8:30,9872.1
9/25/2025,8:45,9846.9
9/25/2025,9:00,10537.8
9/25/2025,9:15,10699.5
9/25/2025,9:30,10586.1
9/25/2025,9:45,10294.2
9/25/2025,10:00,10216.5
9/25/2025,10:15,10264.8
9/25/2025,10:30,10029.6
9/25/2025,10:45,9901.5
9/25/2025,11:00,9939.3
9/25/2025,11:15,10241.7
9/25/2025,11:30,9672.6
9/25/2025,11:45,9632.7
9/25/2025,12:00,9712.5
9/25/2025,12:15,8834.7
9/25/2025,12:30,9634.8
9/25/2025,12:45,9886.8
9/25/2025,13:00,10281.6
9/25/2025,13:15,10598.7
9/25/2025,13:30,10212.3
9/25/2025,13:45,10311
9/25/2025,14:00,9756.6
9/25/2025,14:15,9693.6
9/25/2025,14:30,9825.9
9/25/2025,14:45,9954
9/25/2025,15:00,10493.7
9/25/2025,15:15,10787.7
9/25/2025,15:30,10957.8
9/25/2025,15:45,10978.8
9/25/2025,16:00,11060.7
9/25/2025,16:15,10930.5
9/25/2025,16:30,11079.6
9/25/2025,16:45,11184.6
9/25/2025,17:00,11090.1
9/25/2025,17:15,11012.4
9/25/2025,17:30,10880.1
9/25/2025,17:45,11083.8
9/25/2025,18:00,11142.6
9/25/2025,18:15,11153.1
9/25/2025,18:30,11186.7
9/25/2025,18:45,11260.2
9/25/2025,19:00,11277
9/25/2025,19:15,11203.5
9/25/2025,19:30,11239.2
9/25/2025,19:45,11268.6
9/25/2025,20:00,11274.9
9/25/2025,20:15,11249.7
9/25/2025,20:30,11151
9/25/2025,20:45,10957.8
9/25/2025,21:00,11111.1
9/25/2025,21:15,11115.3
9/25/2025,21:30,11155.2
9/25/2025,21:45,11268.6
9/25/2025,22:00,11256
9/25/2025,22:15,11237.1
9/25/2025,22:30,11184.6
9/25/2025,22:45,11216.1
9/25/2025,23:00,11232.9
9/25/2025,23:15,11243.4
9/25/2025,23:30,11247.6
9/25/2025,23:45,11193
9/26/2025,0:00,11008.2
9/26/2025,0:15,11077.5
9/26/2025,0:30,11102.7
9/26/2025,0:45,11130
9/26/2025,1:00,11195.1
9/26/2025,1:15,11216.1
9/26/2025,1:30,11268.6
9/26/2025,1:45,11220.3
9/26/2025,2:00,11211.9
9/26/2025,2:15,11228.7
9/26/2025,2:30,11161.5
9/26/2025,2:45,11214
9/26/2025,3:00,11163.6
9/26/2025,3:15,10966.2
9/26/2025,3:30,11041.8
9/26/2025,3:45,11142.6
9/26/2025,4:00,11190.9
9/26/2025,4:15,11230.8
9/26/2025,4:30,11249.7
9/26/2025,4:45,11308.5
9/26/2025,5:00,11211.9
9/26/2025,5:15,11224.5
9/26/2025,5:30,11182.5
9/26/2025,5:45,11291.7
9/26/2025,6:00,11245.5
9/26/2025,6:15,11264.4
9/26/2025,6:30,11098.5
9/26/2025,6:45,11004
9/26/2025,7:00,11006.1
9/26/2025,7:15,10989.3
9/26/2025,7:30,11014.5
9/26/2025,7:45,10894.8
9/26/2025,8:00,10762.5
9/26/2025,8:15,10382.4
9/26/2025,8:30,10281.6
9/26/2025,8:45,9859.5
9/26/2025,9:00,10050.6
9/26/2025,9:15,9849
9/26/2025,9:30,9972.9
9/26/2025,9:45,10082.1
9/26/2025,10:00,9664.2
9/26/2025,10:15,9823.8
9/26/2025,10:30,9372.3
9/26/2025,10:45,9979.2
9/26/2025,11:00,9960.3
9/26/2025,11:15,10143
9/26/2025,11:30,10313.1
9/26/2025,11:45,10516.8
9/26/2025,12:00,10693.2
9/26/2025,12:15,10600.8
9/26/2025,12:30,10596.6
9/26/2025,12:45,10718.4
9/26/2025,13:00,10636.5
9/26/2025,13:15,10680.6
9/26/2025,13:30,10745.7
9/26/2025,13:45,10579.8
9/26/2025,14:00,10838.1
9/26/2025,14:15,10920
9/26/2025,14:30,10943.1
9/26/2025,14:45,10854.9
9/26/2025,15:00,10953.6
9/26/2025,15:15,10892.7
9/26/2025,15:30,11048.1
9/26/2025,15:45,11071.2
9/26/2025,16:00,11186.7
9/26/2025,16:15,11178.3
9/26/2025,16:30,10995.6
9/26/2025,16:45,11249.7
9/26/2025,17:00,11274.9
9/26/2025,17:15,11249.7
9/26/2025,17:30,11321.1
9/26/2025,17:45,11281.2
9/26/2025,18:00,11285.4
9/26/2025,18:15,11358.9
9/26/2025,18:30,11417.7
9/26/2025,18:45,11459.7
9/26/2025,19:00,11400.9
9/26/2025,19:15,11419.8
9/26/2025,19:30,11358.9
9/26/2025,19:45,11195.1
9/26/2025,20:00,11459.7
9/26/2025,20:15,11375.7
9/26/2025,20:30,11405.1
9/26/2025,20:45,11451.3
9/26/2025,21:00,11543.7
9/26/2025,21:15,11476.5
9/26/2025,21:30,11480.7
9/26/2025,21:45,11449.2
9/26/2025,22:00,11493.3
9/26/2025,22:15,11491.2
9/26/2025,22:30,11451.3
9/26/2025,22:45,11350.5
9/26/2025,23:00,11209.8
9/26/2025,23:15,11342.1
9/26/2025,23:30,11375.7
9/26/2025,23:45,11199.3
9/27/2025,0:00,11428.2
9/27/2025,0:15,11489.1
9/27/2025,0:30,11539.5
9/27/2025,0:45,11455.5
9/27/2025,1:00,11482.8
9/27/2025,1:15,11432.4
9/27/2025,1:30,11518.5
9/27/2025,1:45,11493.3
9/27/2025,2:00,11428.2
9/27/2025,2:15,11176.2
9/27/2025,2:30,11321.1
9/27/2025,2:45,11354.7
9/27/2025,3:00,11449.2
9/27/2025,3:15,11436.6
9/27/2025,3:30,11531.1
9/27/2025,3:45,11495.4
9/27/2025,4:00,11484.9
9/27/2025,4:15,11449.2
9/27/2025,4:30,11472.3
9/27/2025,4:45,11537.4
9/27/2025,5:00,11501.7
9/27/2025,5:15,11476.5
9/27/2025,5:30,11298
9/27/2025,5:45,11403
9/27/2025,6:00,11470.2
9/27/2025,6:15,11476.5
9/27/2025,6:30,11434.5
9/27/2025,6:45,11394.6
9/27/2025,7:00,11293.8
9/27/2025,7:15,11382
9/27/2025,7:30,11335.8
9/27/2025,7:45,11161.5
9/27/2025,8:00,11064.9
9/27/2025,8:15,11050.2
9/27/2025,8:30,10775.1
9/27/2025,8:45,10243.8
9/27/2025,9:00,10493.7
9/27/2025,9:15,10298.4
9/27/2025,9:30,10466.4
9/27/2025,9:45,10584
9/27/2025,10:00,9859.5
9/27/2025,10:15,9897.3
9/27/2025,10:30,10077.9
9/27/2025,10:45,8469.3
9/27/2025,11:00,8990.1
9/27/2025,11:15,7471.8
9/27/2025,11:30,10080
9/27/2025,11:45,9933
9/27/2025,12:00,9611.7
9/27/2025,12:15,8221.5
9/27/2025,12:30,9975
9/27/2025,12:45,10107.3
9/27/2025,13:00,9653.7
9/27/2025,13:15,9895.2
9/27/2025,13:30,9219
9/27/2025,13:45,10628.1
9/27/2025,14:00,10369.8
9/27/2025,14:15,9319.8
9/27/2025,14:30,9097.2
9/27/2025,14:45,10668
9/27/2025,15:00,10537.8
9/27/2025,15:15,10785.6
9/27/2025,15:30,10718.4
9/27/2025,15:45,11056.5
9/27/2025,16:00,10838.1
9/27/2025,16:15,11069.1
9/27/2025,16:30,11388.3
9/27/2025,16:45,11211.9
9/27/2025,17:00,11619.3
9/27/2025,17:15,11583.6
9/27/2025,17:30,11583.6
9/27/2025,17:45,11655
9/27/2025,18:00,11703.3
9/27/2025,18:15,11730.6
9/27/2025,18:30,11623.5
9/27/2025,18:45,11442.9
9/27/2025,19:00,11665.5
9/27/2025,19:15,11256
9/27/2025,19:30,11335.8
9/27/2025,19:45,11820.9
9/27/2025,20:00,11814.6
9/27/2025,20:15,11867.1
9/27/2025,20:30,11829.3
9/27/2025,20:45,11808.3
9/27/2025,21:00,11789.4
9/27/2025,21:15,11867.1
9/27/2025,21:30,11932.2
9/27/2025,21:45,11804.1
9/27/2025,22:00,11537.4
9/27/2025,22:15,11768.4
9/27/2025,22:30,11764.2
9/27/2025,22:45,11768.4
9/27/2025,23:00,11825.1
9/27/2025,23:15,11896.5
9/27/2025,23:30,11919.6
9/27/2025,23:45,11848.2
9/28/2025,0:00,11825.1
9/28/2025,0:15,11844
9/28/2025,0:30,11823
9/28/2025,0:45,11833.5
9/28/2025,1:00,11886
9/28/2025,1:15,11690.7
9/28/2025,1:30,11776.8
9/28/2025,1:45,11860.8
9/28/2025,2:00,11776.8
9/28/2025,2:15,11802
9/28/2025,2:30,11862.9
9/28/2025,2:45,11965.8
9/28/2025,3:00,11860.8
9/28/2025,3:15,11879.7
9/28/2025,3:30,11902.8
9/28/2025,3:45,11919.6
9/28/2025,4:00,11961.6
9/28/2025,4:15,11925.9
9/28/2025,4:30,11676
9/28/2025,4:45,11812.5
9/28/2025,5:00,11825.1
9/28/2025,5:15,11883.9
9/28/2025,5:30,11940.6
9/28/2025,5:45,11976.3
9/28/2025,6:00,12005.7
9/28/2025,6:15,11944.8
9/28/2025,6:30,11898.6
9/28/2025,6:45,11923.8
9/28/2025,7:00,11875.5
9/28/2025,7:15,11806.2
9/28/2025,7:30,11661.3
9/28/2025,7:45,11153.1
9/28/2025,8:00,11167.8
9/28/2025,8:15,11323.2
9/28/2025,8:30,11088
9/28/2025,8:45,11199.3
9/28/2025,9:00,9552.9
9/28/2025,9:15,10056.9
9/28/2025,9:30,9825.9
9/28/2025,9:45,10525.2
9/28/2025,10:00,11018.7
9/28/2025,10:15,11022.9
9/28/2025,10:30,10966.2
9/28/2025,10:45,11295.9
9/28/2025,11:00,11298
9/28/2025,11:15,10521
9/28/2025,11:30,10833.9
9/28/2025,11:45,10147.2
9/28/2025,12:00,9987.6
9/28/2025,12:15,9893.1
9/28/2025,12:30,10035.9
9/28/2025,12:45,10332
9/28/2025,13:00,9594.9
9/28/2025,13:15,10065.3
9/28/2025,13:30,10852.8
9/28/2025,13:45,10285.8
9/28/2025,14:00,10313.1
9/28/2025,14:15,9151.8
9/28/2025,14:30,9681
9/28/2025,14:45,10004.4
9/28/2025,15:00,10516.8
9/28/2025,15:15,10565.1
9/28/2025,15:30,11117.4
9/28/2025,15:45,10800.3
9/28/2025,16:00,11432.4
9/28/2025,16:15,11148.9
9/28/2025,16:30,11304.3
9/28/2025,16:45,11877.6
9/28/2025,17:00,11942.7
9/28/2025,17:15,11898.6
9/28/2025,17:30,11774.7
9/28/2025,17:45,11694.9
9/28/2025,18:00,11907
9/28/2025,18:15,11875.5
9/28/2025,18:30,11917.5
9/28/2025,18:45,11959.5
9/28/2025,19:00,11991
9/28/2025,19:15,11972.1
9/28/2025,19:30,11972.1
9/28/2025,19:45,11982.6
9/28/2025,20:00,11967.9
9/28/2025,20:15,11965.8
9/28/2025,20:30,11993.1
9/28/2025,20:45,11894.4
9/28/2025,21:00,11732.7
9/28/2025,21:15,11886
9/28/2025,21:30,11944.8
9/28/2025,21:45,11957.4
9/28/2025,22:00,12001.5
9/28/2025,22:15,12028.8
9/28/2025,22:30,12041.4
9/28/2025,22:45,12014.1
9/28/2025,23:00,11967.9
9/28/2025,23:15,11978.4
9/28/2025,23:30,12014.1
9/28/2025,23:45,12028.8
9/29/2025,0:00,11913.3
9/29/2025,0:15,11680.2
9/29/2025,0:30,11869.2
9/29/2025,0:45,11900.7
9/29/2025,1:00,11934.3
9/29/2025,1:15,11965.8
9/29/2025,1:30,11961.6
9/29/2025,1:45,11988.9
9/29/2025,2:00,11923.8
9/29/2025,2:15,11946.9
9/29/2025,2:30,12007.8
9/29/2025,2:45,11963.7
9/29/2025,3:00,11951.1
9/29/2025,3:15,11921.7
9/29/2025,3:30,11650.8
9/29/2025,3:45,11875.5
9/29/2025,4:00,11986.8
9/29/2025,4:15,11942.7
9/29/2025,4:30,11980.5
9/29/2025,4:45,12003.6
9/29/2025,5:00,12077.1
9/29/2025,5:15,11970
9/29/2025,5:30,12020.4
9/29/2025,5:45,11991
9/29/2025,6:00,11993.1
9/29/2025,6:15,11970
9/29/2025,6:30,11963.7
9/29/2025,6:45,11722.2
9/29/2025,7:00,11829.3
9/29/2025,7:15,11831.4
9/29/2025,7:30,11793.6
9/29/2025,7:45,11688.6
9/29/2025,8:00,11692.8
9/29/2025,8:15,11241.3
9/29/2025,8:30,11216.1
9/29/2025,8:45,10703.7
9/29/2025,9:00,10672.2
9/29/2025,9:15,10155.6
9/29/2025,9:30,8710.8
9/29/2025,9:45,10054.8
9/29/2025,10:00,10917.9
9/29/2025,10:15,9198
9/29/2025,10:30,10537.8
9/29/2025,10:45,10304.7
9/29/2025,11:00,10655.4
9/29/2025,11:15,10884.3
9/29/2025,11:30,9689.4
9/29/2025,11:45,10418.1
9/29/2025,12:00,9248.4
9/29/2025,12:15,9132.9
9/29/2025,12:30,9555
9/29/2025,12:45,9233.7
9/29/2025,13:00,9695.7
9/29/2025,13:15,9584.4
9/29/2025,13:30,10271.1
9/29/2025,13:45,10170.3
9/29/2025,14:00,9561.3
9/29/2025,14:15,9748.2
9/29/2025,14:30,10388.7
9/29/2025,14:45,10369.8
9/29/2025,15:00,10535.7
9/29/2025,15:15,11209.8
9/29/2025,15:30,11008.2
9/29/2025,15:45,10056.9
9/29/2025,16:00,11050.2
9/29/2025,16:15,11094.3
9/29/2025,16:30,11367.3
9/29/2025,16:45,11071.2
9/29/2025,17:00,11060.7
9/29/2025,17:15,11459.7
9/29/2025,17:30,11663.4
9/29/2025,17:45,11940.6
9/29/2025,18:00,12012
9/29/2025,18:15,11991
9/29/2025,18:30,11949
9/29/2025,18:45,12014.1
9/29/2025,19:00,11961.6
9/29/2025,19:15,11984.7
9/29/2025,19:30,11930.1
9/29/2025,19:45,11867.1
9/29/2025,20:00,11703.3
9/29/2025,20:15,11802
9/29/2025,20:30,11886
9/29/2025,20:45,11904.9
9/29/2025,21:00,11972.1
9/29/2025,21:15,12014.1
9/29/2025,21:30,11997.3
9/29/2025,21:45,11934.3
9/29/2025,22:00,11957.4
9/29/2025,22:15,11951.1
9/29/2025,22:30,11993.1
9/29/2025,22:45,11988.9
9/29/2025,23:00,11934.3
9/29/2025,23:15,11724.3
9/29/2025,23:30,11904.9
9/29/2025,23:45,11877.6
9/30/2025,0:00,11921.7
9/30/2025,0:15,11955.3
9/30/2025,0:30,11986.8
9/30/2025,0:45,11995.2
9/30/2025,1:00,11938.5
9/30/2025,1:15,11921.7
9/30/2025,1:30,11936.4
9/30/2025,1:45,11961.6
9/30/2025,2:00,11900.7
9/30/2025,2:15,11879.7
9/30/2025,2:30,11585.7
9/30/2025,2:45,11766.3
9/30/2025,3:00,11837.7
9/30/2025,3:15,11865
9/30/2025,3:30,11911.2
9/30/2025,3:45,11942.7
9/30/2025,4:00,11976.3
9/30/2025,4:15,11976.3
9/30/2025,4:30,11961.6
9/30/2025,4:45,11896.5
9/30/2025,5:00,11925.9
9/30/2025,5:15,11925.9
9/30/2025,5:30,11988.9
9/30/2025,5:45,11747.4
9/30/2025,6:00,11804.1
9/30/2025,6:15,11839.8
9/30/2025,6:30,11711.7
9/30/2025,6:45,11673.9
9/30/2025,7:00,11730.6
9/30/2025,7:15,11617.2
9/30/2025,7:30,11879.7
9/30/2025,7:45,11764.2
9/30/2025,8:00,11438.7
9/30/2025,8:15,11795.7
9/30/2025,8:30,11747.4
9/30/2025,8:45,11411.4
9/30/2025,9:00,11461.8
9/30/2025,9:15,11495.4
9/30/2025,9:30,11283.3
9/30/2025,9:45,10237.5
9/30/2025,10:00,11052.3
9/30/2025,10:15,11281.2
9/30/2025,10:30,10819.2
9/30/2025,10:45,10581.9
9/30/2025,11:00,11453.4
9/30/2025,11:15,10890.6
9/30/2025,11:30,9040.5
9/30/2025,11:45,10128.3
9/30/2025,12:00,9536.1
9/30/2025,12:15,9015.3
9/30/2025,12:30,8030.4
9/30/2025,12:45,9336.6
9/30/2025,13:00,8916.6
9/30/2025,13:15,8622.6
9/30/2025,13:30,8868.3
9/30/2025,13:45,10500
9/30/2025,14:00,10586.1
9/30/2025,14:15,10737.3
9/30/2025,14:30,10737.3
9/30/2025,14:45,10363.5
9/30/2025,15:00,9678.9
9/30/2025,15:15,9706.2
9/30/2025,15:30,10096.8
9/30/2025,15:45,10103.1
9/30/2025,16:00,10817.1
9/30/2025,16:15,11159.4
9/30/2025,16:30,11157.3
9/30/2025,16:45,11369.4
9/30/2025,17:00,11550
9/30/2025,17:15,11646.6
9/30/2025,17:30,11839.8
9/30/2025,17:45,12014.1
9/30/2025,18:00,11980.5
9/30/2025,18:15,12024.6
9/30/2025,18:30,12079.2
9/30/2025,18:45,11995.2
9/30/2025,19:00,11980.5
9/30/2025,19:15,12062.4
9/30/2025,19:30,12075
9/30/2025,19:45,11965.8
9/30/2025,20:00,12087.6
9/30/2025,20:15,12039.3
9/30/2025,20:30,11951.1
9/30/2025,20:45,11919.6
9/30/2025,21:00,12018.3
9/30/2025,21:15,12079.2
9/30/2025,21:30,11997.3
9/30/2025,21:45,12049.8
9/30/2025,22:00,12001.5
9/30/2025,22:15,11974.2
9/30/2025,22:30,11932.2
9/30/2025,22:45,12028.8
9/30/2025,23:00,11965.8
9/30/2025,23:15,11856.6
9/30/2025,23:30,12014.1
9/30/2025,23:45,12003.6
,,
,,
,,
,,
,,
,,
,,
,,
,,
,,
,,
,,
,,
,,
,,
,,
,,
,,
,,
,,
,,
,,
,,
,,
,,
,,
,,
,,
,,
,,
,,
,,
,,
,,
,,
,,
,,
,,
,,
,,
,,
,,
,,
,,
,,
,,
,,
,,
,,
,,
,,
,,
,,
,,
,,
,,
,,
,,
,,
,,
,,
,,
,,
,,
,,
,,
,,
,,
,,
,,
,,
,,
,,
,,
,,
,,
,,
,,
,,
,,
,,
,,
,,
,,
,,
,,
,,
,,
,,
,,
,,
,,
,,
,,
,,
,,
,,
,,
,,
,,
,,
,,
,,
,,
,,
,,
,,
,,
,,
,,
,,
,,
,,
,,
,,
,,
,,
,,
,,
,,
,,
,,
,,
,,
,,
,,
,,
,,
,,
,,
,,
,,
,,
,,
,,
,,
,,
,,
,,
,,
,,
,,
,,
,,
,,
,,
,,
,,
,,
,,
,,
,,
,,
,,
,,
,,
,,
,,
,,
,,
,,
,,
,,
,,
,,
,,
,,
,,
,,
,,
,,
,,
,,
,,
,,
,,
,,
,,
,,
,,
,,
,,
,,
,,
,,
,,
,,
,,
,,
,,
,,
,,
,,
,,
,,
,,
,,
,,
,,
,,
,,
,,
,,
,,
,,
,,
,,
,,
,,
,,
,,
,,
,,
,,
,,
,,
,,
,,
,,
,,
,,
,,
,,
,,
,,
,,
,,
,,
,,
,,
,,
,,
,,
,,
,,
,,
,,
,,
,,
,,
,,
,,
,,
,,
,,
,,
,,
,,
,,
,,
,,
,,
,,
,,
,,
,,
,,
,,
,,
,,
,,
,,
,,
,,
,,
,,
,,
,,
,,
,,
,,
,,
,,
,,
,,
,,
,,
,,
,,
,,
,,
,,
,,
,,
,,
,,
,,
,,
,,
,,
,,
,,
,,
,,
,,
,,
,,
,,
,,
,,
,,
,,
,,
,,
,,
,,
,,
,,
,,
,,
,,
,,
,,
,,
,,
,,
,,
,,
,,
,,
,,
,,
,,
,,
,,
,,
,,
,,
,,
,,
,,
,,
,,
,,
,,
,,
,,
,,
,,
,,
,,
,,
,,
,,
,,
,,
,,
,,
,,
,,
,,
,,
,,
,,
,,
,,
,,
,,
,,
,,
,,
,,
,,
,,
,,
,,
,,
,,
,,
,,
,,
,,
,,
,,
,,
,,
,,
,,
,,
,,
,,
,,
,,
,,
,,
,,
,,
,,
,,
,,
,,
,,
,,
,,
,,
,,
,,
,,
,,
,,
,,
,,
,,
,,
,,
,,
,,
,,
,,
,,
,,
,,
,,
,,
,,
,,
,,
,,
,,
,,
,,
,,
,,
,,
,,
,,
,,
,,
,,
,,
,,
,,
,,
,,
,,
,,
,,
,,
,,
,,
,,
,,
,,
,,
,,
,,
,,
,,
,,
,,
,,
,,
,,
,,
,,
,,
,,
,,
,,
,,
,,
,,
,,
,,
,,
,,
,,
,,
,,
,,
,,
,,
,,
,,
,,
,,
,,
,,
,,
,,
,,
,,
,,
,,
,,
,,
,,
,,
,,
,,
,,
,,
,,
,,
,,
,,
,,
,,
,,
,,
,,
,,
,,
,,
,,
,,
,,
,,
,,
,,
,,
,,
,,
,,
,,
,,
,,
,,
,,
,,
,,
,,
,,
,,
,,
,,
,,
,,
,,
,,
,,
,,
,,
,,
,,
,,
,,
,,
,,
,,
,,
,,
,,
,,
,,
,,
,,s
