数据日期,时间,功率(KW)
11/18/2024,0:00,104
11/18/2024,0:15,184
11/18/2024,0:30,231.2
11/18/2024,0:45,220
11/18/2024,1:00,214.4
11/18/2024,1:15,
11/18/2024,1:30,
11/18/2024,1:45,
11/18/2024,2:00,
11/18/2024,2:15,
11/18/2024,2:30,
11/18/2024,2:45,
11/18/2024,3:00,
11/18/2024,3:15,
11/18/2024,3:30,
11/18/2024,3:45,219.2
11/18/2024,4:00,221.6
11/18/2024,4:15,109.6
11/18/2024,4:30,110.4
11/18/2024,4:45,106.4
11/18/2024,5:00,120
11/18/2024,5:15,111.2
11/18/2024,5:30,186.4
11/18/2024,5:45,198.4
11/18/2024,6:00,212.8
11/18/2024,6:15,184
11/18/2024,6:30,238.4
11/18/2024,6:45,226.4
11/18/2024,7:00,162.4
11/18/2024,7:15,181.6
11/18/2024,7:30,119.2
11/18/2024,7:45,244
11/18/2024,8:00,224.8
11/18/2024,8:15,206.4
11/18/2024,8:30,205.6
11/18/2024,8:45,235.2
11/18/2024,9:00,220.8
11/18/2024,9:15,228
11/18/2024,9:30,287.2
11/18/2024,9:45,318.4
11/18/2024,10:00,192
11/18/2024,10:15,177.6
11/18/2024,10:30,204
11/18/2024,10:45,256.8
11/18/2024,11:00,228.8
11/18/2024,11:15,212.8
11/18/2024,11:30,208.8
11/18/2024,11:45,242.4
11/18/2024,12:00,210.4
11/18/2024,12:15,127.2
11/18/2024,12:30,128
11/18/2024,12:45,295.2
11/18/2024,13:00,252
11/18/2024,13:15,237.6
11/18/2024,13:30,235.2
11/18/2024,13:45,215.2
11/18/2024,14:00,220
11/18/2024,14:15,198.4
11/18/2024,14:30,198.4
11/18/2024,14:45,228.8
11/18/2024,15:00,217.6
11/18/2024,15:15,204.8
11/18/2024,15:30,155.2
11/18/2024,15:45,180
11/18/2024,16:00,199.2
11/18/2024,16:15,246.4
11/18/2024,16:30,247.2
11/18/2024,16:45,208.8
11/18/2024,17:00,236
11/18/2024,17:15,201.6
11/18/2024,17:30,200
11/18/2024,17:45,136.8
11/18/2024,18:00,145.6
11/18/2024,18:15,137.6
11/18/2024,18:30,228
11/18/2024,18:45,273.6
11/18/2024,19:00,279.2
11/18/2024,19:15,242.4
11/18/2024,19:30,247.2
11/18/2024,19:45,232
11/18/2024,20:00,230.4
11/18/2024,20:15,220
11/18/2024,20:30,205.6
11/18/2024,20:45,213.6
11/18/2024,21:00,159.2
11/18/2024,21:15,125.6
11/18/2024,21:30,224
11/18/2024,21:45,254.4
11/18/2024,22:00,266.4
11/18/2024,22:15,232.8
11/18/2024,22:30,223.2
11/18/2024,22:45,177.6
11/18/2024,23:00,187.2
11/18/2024,23:15,179.2
11/18/2024,23:30,180
11/18/2024,23:45,104.8
11/19/2024,0:00,106.4
11/19/2024,0:15,109.6
11/19/2024,0:30,105.6
11/19/2024,0:45,240
11/19/2024,1:00,248
11/19/2024,1:15,214.4
11/19/2024,1:30,248
11/19/2024,1:45,244
11/19/2024,2:00,235.2
11/19/2024,2:15,214.4
11/19/2024,2:30,172.8
11/19/2024,2:45,110.4
11/19/2024,3:00,103.2
11/19/2024,3:15,104
11/19/2024,3:30,216
11/19/2024,3:45,179.2
11/19/2024,4:00,173.6
11/19/2024,4:15,189.6
11/19/2024,4:30,206.4
11/19/2024,4:45,177.6
11/19/2024,5:00,177.6
11/19/2024,5:15,222.4
11/19/2024,5:30,163.2
11/19/2024,5:45,192
11/19/2024,6:00,159.2
11/19/2024,6:15,246.4
11/19/2024,6:30,187.2
11/19/2024,6:45,205.6
11/19/2024,7:00,200
11/19/2024,7:15,189.6
11/19/2024,7:30,203.2
11/19/2024,7:45,212
11/19/2024,8:00,208.8
11/19/2024,8:15,250.4
11/19/2024,8:30,275.2
11/19/2024,8:45,276
11/19/2024,9:00,238.4
11/19/2024,9:15,205.6
11/19/2024,9:30,246.4
11/19/2024,9:45,242.4
11/19/2024,10:00,229.6
11/19/2024,10:15,232
11/19/2024,10:30,267.2
11/19/2024,10:45,240
11/19/2024,11:00,283.2
11/19/2024,11:15,250.4
11/19/2024,11:30,283.2
11/19/2024,11:45,277.6
11/19/2024,12:00,208
11/19/2024,12:15,201.6
11/19/2024,12:30,237.6
11/19/2024,12:45,219.2
11/19/2024,13:00,126.4
11/19/2024,13:15,130.4
11/19/2024,13:30,123.2
11/19/2024,13:45,238.4
11/19/2024,14:00,247.2
11/19/2024,14:15,240.8
11/19/2024,14:30,234.4
11/19/2024,14:45,267.2
11/19/2024,15:00,213.6
11/19/2024,15:15,208.8
11/19/2024,15:30,205.6
11/19/2024,15:45,218.4
11/19/2024,16:00,220
11/19/2024,16:15,148.8
11/19/2024,16:30,144.8
11/19/2024,16:45,210.4
11/19/2024,17:00,231.2
11/19/2024,17:15,238.4
11/19/2024,17:30,268.8
11/19/2024,17:45,251.2
11/19/2024,18:00,212.8
11/19/2024,18:15,204.8
11/19/2024,18:30,220.8
11/19/2024,18:45,132
11/19/2024,19:00,132
11/19/2024,19:15,129.6
11/19/2024,19:30,159.2
11/19/2024,19:45,244
11/19/2024,20:00,238.4
11/19/2024,20:15,232
11/19/2024,20:30,238.4
11/19/2024,20:45,233.6
11/19/2024,21:00,204.8
11/19/2024,21:15,121.6
11/19/2024,21:30,140
11/19/2024,21:45,132
11/19/2024,22:00,131.2
11/19/2024,22:15,200
11/19/2024,22:30,188
11/19/2024,22:45,227.2
11/19/2024,23:00,219.2
11/19/2024,23:15,248.8
11/19/2024,23:30,224.8
11/19/2024,23:45,183.2
11/20/2024,0:00,112
11/20/2024,0:15,136
11/20/2024,0:30,115.2
11/20/2024,0:45,142.4
11/20/2024,1:00,180
11/20/2024,1:15,216
11/20/2024,1:30,201.6
11/20/2024,1:45,213.6
11/20/2024,2:00,213.6
11/20/2024,2:15,174.4
11/20/2024,2:30,142.4
11/20/2024,2:45,109.6
11/20/2024,3:00,104.8
11/20/2024,3:15,176.8
11/20/2024,3:30,211.2
11/20/2024,3:45,177.6
11/20/2024,4:00,179.2
11/20/2024,4:15,182.4
11/20/2024,4:30,173.6
11/20/2024,4:45,140
11/20/2024,5:00,148.8
11/20/2024,5:15,152
11/20/2024,5:30,248.8
11/20/2024,5:45,225.6
11/20/2024,6:00,208.8
11/20/2024,6:15,208.8
11/20/2024,6:30,193.6
11/20/2024,6:45,195.2
11/20/2024,7:00,133.6
11/20/2024,7:15,123.2
11/20/2024,7:30,151.2
11/20/2024,7:45,257.6
11/20/2024,8:00,276
11/20/2024,8:15,243.2
11/20/2024,8:30,199.2
11/20/2024,8:45,201.6
11/20/2024,9:00,256
11/20/2024,9:15,243.2
11/20/2024,9:30,240
11/20/2024,9:45,227.2
11/20/2024,10:00,264.8
11/20/2024,10:15,247.2
11/20/2024,10:30,255.2
11/20/2024,10:45,272.8
11/20/2024,11:00,283.2
11/20/2024,11:15,233.6
11/20/2024,11:30,226.4
11/20/2024,11:45,216
11/20/2024,12:00,236
11/20/2024,12:15,244
11/20/2024,12:30,209.6
11/20/2024,12:45,196.8
11/20/2024,13:00,228
11/20/2024,13:15,291.2
11/20/2024,13:30,236.8
11/20/2024,13:45,235.2
11/20/2024,14:00,260.8
11/20/2024,14:15,225.6
11/20/2024,14:30,200.8
11/20/2024,14:45,212
11/20/2024,15:00,227.2
11/20/2024,15:15,236
11/20/2024,15:30,207.2
11/20/2024,15:45,232.8
11/20/2024,16:00,237.6
11/20/2024,16:15,308
11/20/2024,16:30,252
11/20/2024,16:45,244.8
11/20/2024,17:00,234.4
11/20/2024,17:15,259.2
11/20/2024,17:30,220
11/20/2024,17:45,219.2
11/20/2024,18:00,229.6
11/20/2024,18:15,153.6
11/20/2024,18:30,132.8
11/20/2024,18:45,129.6
11/20/2024,19:00,291.2
11/20/2024,19:15,240.8
11/20/2024,19:30,247.2
11/20/2024,19:45,247.2
11/20/2024,20:00,204.8
11/20/2024,20:15,202.4
11/20/2024,20:30,208
11/20/2024,20:45,205.6
11/20/2024,21:00,213.6
11/20/2024,21:15,202.4
11/20/2024,21:30,203.2
11/20/2024,21:45,207.2
11/20/2024,22:00,272
11/20/2024,22:15,193.6
11/20/2024,22:30,172.8
11/20/2024,22:45,170.4
11/20/2024,23:00,249.6
11/20/2024,23:15,232
11/20/2024,23:30,222.4
11/20/2024,23:45,174.4
11/21/2024,0:00,222.4
11/21/2024,0:15,179.2
11/21/2024,0:30,180
11/21/2024,0:45,179.2
11/21/2024,1:00,188
11/21/2024,1:15,182.4
11/21/2024,1:30,216
11/21/2024,1:45,231.2
11/21/2024,2:00,231.2
11/21/2024,2:15,214.4
11/21/2024,2:30,184.8
11/21/2024,2:45,112
11/21/2024,3:00,149.6
11/21/2024,3:15,105.6
11/21/2024,3:30,203.2
11/21/2024,3:45,188.8
11/21/2024,4:00,188
11/21/2024,4:15,187.2
11/21/2024,4:30,216.8
11/21/2024,4:45,220.8
11/21/2024,5:00,232
11/21/2024,5:15,220.8
11/21/2024,5:30,198.4
11/21/2024,5:45,204.8
11/21/2024,6:00,209.6
11/21/2024,6:15,148
11/21/2024,6:30,136
11/21/2024,6:45,134.4
11/21/2024,7:00,232
11/21/2024,7:15,217.6
11/21/2024,7:30,232
11/21/2024,7:45,228
11/21/2024,8:00,241.6
11/21/2024,8:15,256
11/21/2024,8:30,219.2
11/21/2024,8:45,232.8
11/21/2024,9:00,222.4
11/21/2024,9:15,219.2
11/21/2024,9:30,222.4
11/21/2024,9:45,206.4
11/21/2024,10:00,214.4
11/21/2024,10:15,264
11/21/2024,10:30,284.8
11/21/2024,10:45,264.8
11/21/2024,11:00,272.8
11/21/2024,11:15,214.4
11/21/2024,11:30,211.2
11/21/2024,11:45,219.2
11/21/2024,12:00,215.2
11/21/2024,12:15,202.4
11/21/2024,12:30,211.2
11/21/2024,12:45,195.2
11/21/2024,13:00,200
11/21/2024,13:15,228.8
11/21/2024,13:30,228
11/21/2024,13:45,157.6
11/21/2024,14:00,162.4
11/21/2024,14:15,140.8
11/21/2024,14:30,188.8
11/21/2024,14:45,212
11/21/2024,15:00,211.2
11/21/2024,15:15,200
11/21/2024,15:30,208
11/21/2024,15:45,207.2
11/21/2024,16:00,217.6
11/21/2024,16:15,250.4
11/21/2024,16:30,168
11/21/2024,16:45,162.4
11/21/2024,17:00,147.2
11/21/2024,17:15,187.2
11/21/2024,17:30,212.8
11/21/2024,17:45,205.6
11/21/2024,18:00,204.8
11/21/2024,18:15,200.8
11/21/2024,18:30,224
11/21/2024,18:45,145.6
11/21/2024,19:00,158.4
11/21/2024,19:15,236.8
11/21/2024,19:30,265.6
11/21/2024,19:45,244.8
11/21/2024,20:00,212
11/21/2024,20:15,201.6
11/21/2024,20:30,235.2
11/21/2024,20:45,214.4
11/21/2024,21:00,200.8
11/21/2024,21:15,213.6
11/21/2024,21:30,132
11/21/2024,21:45,158.4
11/21/2024,22:00,163.2
11/21/2024,22:15,164.8
11/21/2024,22:30,220
11/21/2024,22:45,235.2
11/21/2024,23:00,184.8
11/21/2024,23:15,179.2
11/21/2024,23:30,172
11/21/2024,23:45,186.4
11/22/2024,0:00,183.2
11/22/2024,0:15,178.4
11/22/2024,0:30,180
11/22/2024,0:45,217.6
11/22/2024,1:00,220.8
11/22/2024,1:15,217.6
11/22/2024,1:30,234.4
11/22/2024,1:45,194.4
11/22/2024,2:00,188.8
11/22/2024,2:15,177.6
11/22/2024,2:30,174.4
11/22/2024,2:45,184
11/22/2024,3:00,174.4
11/22/2024,3:15,174.4
11/22/2024,3:30,180.8
11/22/2024,3:45,217.6
11/22/2024,4:00,218.4
11/22/2024,4:15,222.4
11/22/2024,4:30,226.4
11/22/2024,4:45,186.4
11/22/2024,5:00,181.6
11/22/2024,5:15,177.6
11/22/2024,5:30,195.2
11/22/2024,5:45,213.6
11/22/2024,6:00,200
11/22/2024,6:15,193.6
11/22/2024,6:30,192
11/22/2024,6:45,252.8
11/22/2024,7:00,240.8
11/22/2024,7:15,224.8
11/22/2024,7:30,226.4
11/22/2024,7:45,207.2
11/22/2024,8:00,200
11/22/2024,8:15,211.2
11/22/2024,8:30,221.6
11/22/2024,8:45,218.4
11/22/2024,9:00,204.8
11/22/2024,9:15,198.4
11/22/2024,9:30,249.6
11/22/2024,9:45,252.8
11/22/2024,10:00,259.2
11/22/2024,10:15,223.2
11/22/2024,10:30,239.2
11/22/2024,10:45,241.6
11/22/2024,11:00,216.8
11/22/2024,11:15,214.4
11/22/2024,11:30,224.8
11/22/2024,11:45,209.6
11/22/2024,12:00,214.4
11/22/2024,12:15,271.2
11/22/2024,12:30,243.2
11/22/2024,12:45,233.6
11/22/2024,13:00,234.4
11/22/2024,13:15,196.8
11/22/2024,13:30,192.8
11/22/2024,13:45,198.4
11/22/2024,14:00,189.6
11/22/2024,14:15,200.8
11/22/2024,14:30,129.6
11/22/2024,14:45,113.6
11/22/2024,15:00,125.6
11/22/2024,15:15,226.4
11/22/2024,15:30,228.8
11/22/2024,15:45,231.2
11/22/2024,16:00,248.8
11/22/2024,16:15,210.4
11/22/2024,16:30,205.6
11/22/2024,16:45,117.6
11/22/2024,17:00,123.2
11/22/2024,17:15,123.2
11/22/2024,17:30,206.4
11/22/2024,17:45,216.8
11/22/2024,18:00,219.2
11/22/2024,18:15,301.6
11/22/2024,18:30,247.2
11/22/2024,18:45,255.2
11/22/2024,19:00,157.6
11/22/2024,19:15,133.6
11/22/2024,19:30,147.2
11/22/2024,19:45,196
11/22/2024,20:00,204
11/22/2024,20:15,207.2
11/22/2024,20:30,272
11/22/2024,20:45,258.4
11/22/2024,21:00,265.6
11/22/2024,21:15,264
11/22/2024,21:30,246.4
11/22/2024,21:45,162.4
11/22/2024,22:00,174.4
11/22/2024,22:15,128
11/22/2024,22:30,128.8
11/22/2024,22:45,183.2
11/22/2024,23:00,182.4
11/22/2024,23:15,178.4
11/22/2024,23:30,181.6
11/22/2024,23:45,175.2
11/23/2024,0:00,248.8
11/23/2024,0:15,144
11/23/2024,0:30,143.2
11/23/2024,0:45,159.2
11/23/2024,1:00,124
11/23/2024,1:15,179.2
11/23/2024,1:30,181.6
11/23/2024,1:45,190.4
11/23/2024,2:00,183.2
11/23/2024,2:15,199.2
11/23/2024,2:30,182.4
11/23/2024,2:45,217.6
11/23/2024,3:00,185.6
11/23/2024,3:15,154.4
11/23/2024,3:30,148.8
11/23/2024,3:45,270.4
11/23/2024,4:00,192
11/23/2024,4:15,185.6
11/23/2024,4:30,199.2
11/23/2024,4:45,217.6
11/23/2024,5:00,190.4
11/23/2024,5:15,186.4
11/23/2024,5:30,200
11/23/2024,5:45,240
11/23/2024,6:00,237.6
11/23/2024,6:15,230.4
11/23/2024,6:30,157.6
11/23/2024,6:45,188.8
11/23/2024,7:00,134.4
11/23/2024,7:15,207.2
11/23/2024,7:30,192.8
11/23/2024,7:45,242.4
11/23/2024,8:00,194.4
11/23/2024,8:15,209.6
11/23/2024,8:30,216
11/23/2024,8:45,290.4
11/23/2024,9:00,271.2
11/23/2024,9:15,274.4
11/23/2024,9:30,272.8
11/23/2024,9:45,282.4
11/23/2024,10:00,276
11/23/2024,10:15,248.8
11/23/2024,10:30,238.4
11/23/2024,10:45,268.8
11/23/2024,11:00,249.6
11/23/2024,11:15,216
11/23/2024,11:30,224
11/23/2024,11:45,255.2
11/23/2024,12:00,259.2
11/23/2024,12:15,271.2
11/23/2024,12:30,251.2
11/23/2024,12:45,120.8
11/23/2024,13:00,112
11/23/2024,13:15,116.8
11/23/2024,13:30,183.2
11/23/2024,13:45,199.2
11/23/2024,14:00,225.6
11/23/2024,14:15,199.2
11/23/2024,14:30,204
11/23/2024,14:45,180.8
11/23/2024,15:00,174.4
11/23/2024,15:15,162.4
11/23/2024,15:30,228
11/23/2024,15:45,218.4
11/23/2024,16:00,208.8
11/23/2024,16:15,215.2
11/23/2024,16:30,228.8
11/23/2024,16:45,218.4
11/23/2024,17:00,144
11/23/2024,17:15,136.8
11/23/2024,17:30,140
11/23/2024,17:45,283.2
11/23/2024,18:00,256
11/23/2024,18:15,267.2
11/23/2024,18:30,244.8
11/23/2024,18:45,239.2
11/23/2024,19:00,220
11/23/2024,19:15,125.6
11/23/2024,19:30,128.8
11/23/2024,19:45,176
11/23/2024,20:00,221.6
11/23/2024,20:15,204.8
11/23/2024,20:30,203.2
11/23/2024,20:45,266.4
11/23/2024,21:00,270.4
11/23/2024,21:15,236.8
11/23/2024,21:30,217.6
11/23/2024,21:45,173.6
11/23/2024,22:00,166.4
11/23/2024,22:15,233.6
11/23/2024,22:30,188
11/23/2024,22:45,190.4
11/23/2024,23:00,212.8
11/23/2024,23:15,193.6
11/23/2024,23:30,235.2
11/23/2024,23:45,209.6
11/24/2024,0:00,175.2
11/24/2024,0:15,144.8
11/24/2024,0:30,104.8
11/24/2024,0:45,181.6
11/24/2024,1:00,187.2
11/24/2024,1:15,192
11/24/2024,1:30,180
11/24/2024,1:45,173.6
11/24/2024,2:00,205.6
11/24/2024,2:15,180
11/24/2024,2:30,217.6
11/24/2024,2:45,136.8
11/24/2024,3:00,168.8
11/24/2024,3:15,149.6
11/24/2024,3:30,203.2
11/24/2024,3:45,186.4
11/24/2024,4:00,186.4
11/24/2024,4:15,178.4
11/24/2024,4:30,175.2
11/24/2024,4:45,200
11/24/2024,5:00,200
11/24/2024,5:15,197.6
11/24/2024,5:30,230.4
11/24/2024,5:45,232
11/24/2024,6:00,246.4
11/24/2024,6:15,221.6
11/24/2024,6:30,115.2
11/24/2024,6:45,128
11/24/2024,7:00,234.4
11/24/2024,7:15,212.8
11/24/2024,7:30,200
11/24/2024,7:45,199.2
11/24/2024,8:00,219.2
11/24/2024,8:15,250.4
11/24/2024,8:30,253.6
11/24/2024,8:45,240.8
11/24/2024,9:00,250.4
11/24/2024,9:15,203.2
11/24/2024,9:30,233.6
11/24/2024,9:45,257.6
11/24/2024,10:00,248.8
11/24/2024,10:15,218.4
11/24/2024,10:30,226.4
11/24/2024,10:45,228
11/24/2024,11:00,266.4
11/24/2024,11:15,272
11/24/2024,11:30,260
11/24/2024,11:45,188
11/24/2024,12:00,155.2
11/24/2024,12:15,151.2
11/24/2024,12:30,204
11/24/2024,12:45,204.8
11/24/2024,13:00,216.8
11/24/2024,13:15,209.6
11/24/2024,13:30,193.6
11/24/2024,13:45,200
11/24/2024,14:00,272
11/24/2024,14:15,232
11/24/2024,14:30,157.6
11/24/2024,14:45,120.8
11/24/2024,15:00,196.8
11/24/2024,15:15,205.6
11/24/2024,15:30,196.8
11/24/2024,15:45,209.6
11/24/2024,16:00,215.2
11/24/2024,16:15,267.2
11/24/2024,16:30,184.8
11/24/2024,16:45,161.6
11/24/2024,17:00,236
11/24/2024,17:15,188
11/24/2024,17:30,208
11/24/2024,17:45,258.4
11/24/2024,18:00,203.2
11/24/2024,18:15,148.8
11/24/2024,18:30,129.6
11/24/2024,18:45,161.6
11/24/2024,19:00,216
11/24/2024,19:15,271.2
11/24/2024,19:30,247.2
11/24/2024,19:45,288
11/24/2024,20:00,288.8
11/24/2024,20:15,168.8
11/24/2024,20:30,163.2
11/24/2024,20:45,191.2
11/24/2024,21:00,177.6
11/24/2024,21:15,236.8
11/24/2024,21:30,244
11/24/2024,21:45,222.4
11/24/2024,22:00,218.4
11/24/2024,22:15,201.6
11/24/2024,22:30,181.6
11/24/2024,22:45,122.4
11/24/2024,23:00,136
11/24/2024,23:15,110.4
11/24/2024,23:30,194.4
11/24/2024,23:45,218.4
11/25/2024,0:00,244.8
11/25/2024,0:15,232.8
11/25/2024,0:30,215.2
11/25/2024,0:45,176.8
11/25/2024,1:00,128
11/25/2024,1:15,104
11/25/2024,1:30,108
11/25/2024,1:45,111.2
11/25/2024,2:00,188
11/25/2024,2:15,175.2
11/25/2024,2:30,183.2
11/25/2024,2:45,212
11/25/2024,3:00,216
11/25/2024,3:15,216.8
11/25/2024,3:30,118.4
11/25/2024,3:45,108.8
11/25/2024,4:00,106.4
11/25/2024,4:15,104
11/25/2024,4:30,184
11/25/2024,4:45,188.8
11/25/2024,5:00,184
11/25/2024,5:15,184.8
11/25/2024,5:30,198.4
11/25/2024,5:45,206.4
11/25/2024,6:00,164
11/25/2024,6:15,268
11/25/2024,6:30,196.8
11/25/2024,6:45,183.2
11/25/2024,7:00,201.6
11/25/2024,7:15,188.8
11/25/2024,7:30,108
11/25/2024,7:45,123.2
11/25/2024,8:00,129.6
11/25/2024,8:15,212
11/25/2024,8:30,222.4
11/25/2024,8:45,243.2
11/25/2024,9:00,249.6
11/25/2024,9:15,247.2
11/25/2024,9:30,248.8
11/25/2024,9:45,236.8
11/25/2024,10:00,224.8
11/25/2024,10:15,220.8
11/25/2024,10:30,242.4
11/25/2024,10:45,223.2
11/25/2024,11:00,208
11/25/2024,11:15,203.2
11/25/2024,11:30,185.6
11/25/2024,11:45,256
11/25/2024,12:00,255.2
11/25/2024,12:15,270.4
11/25/2024,12:30,241.6
11/25/2024,12:45,208.8
11/25/2024,13:00,194.4
11/25/2024,13:15,192
11/25/2024,13:30,218.4
11/25/2024,13:45,216
11/25/2024,14:00,204
11/25/2024,14:15,193.6
11/25/2024,14:30,250.4
11/25/2024,14:45,236.8
11/25/2024,15:00,228
11/25/2024,15:15,242.4
11/25/2024,15:30,194.4
11/25/2024,15:45,201.6
11/25/2024,16:00,236.8
11/25/2024,16:15,222.4
11/25/2024,16:30,224.8
11/25/2024,16:45,224
11/25/2024,17:00,214.4
11/25/2024,17:15,209.6
11/25/2024,17:30,283.2
11/25/2024,17:45,253.6
11/25/2024,18:00,248.8
11/25/2024,18:15,246.4
11/25/2024,18:30,221.6
11/25/2024,18:45,229.6
11/25/2024,19:00,207.2
11/25/2024,19:15,207.2
11/25/2024,19:30,236.8
11/25/2024,19:45,220.8
11/25/2024,20:00,207.2
11/25/2024,20:15,208.8
11/25/2024,20:30,275.2
11/25/2024,20:45,248.8
11/25/2024,21:00,260
11/25/2024,21:15,249.6
11/25/2024,21:30,236.8
11/25/2024,21:45,205.6
11/25/2024,22:00,204
11/25/2024,22:15,199.2
11/25/2024,22:30,197.6
11/25/2024,22:45,189.6
11/25/2024,23:00,195.2
11/25/2024,23:15,223.2
11/25/2024,23:30,237.6
11/25/2024,23:45,220
11/26/2024,0:00,224.8
11/26/2024,0:15,259.2
11/26/2024,0:30,194.4
11/26/2024,0:45,184
11/26/2024,1:00,184
11/26/2024,1:15,196
11/26/2024,1:30,181.6
11/26/2024,1:45,184
11/26/2024,2:00,188.8
11/26/2024,2:15,224
11/26/2024,2:30,224
11/26/2024,2:45,225.6
11/26/2024,3:00,221.6
11/26/2024,3:15,196
11/26/2024,3:30,183.2
11/26/2024,3:45,184
11/26/2024,4:00,184
11/26/2024,4:15,183.2
11/26/2024,4:30,204
11/26/2024,4:45,181.6
11/26/2024,5:00,181.6
11/26/2024,5:15,261.6
11/26/2024,5:30,221.6
11/26/2024,5:45,234.4
11/26/2024,6:00,234.4
11/26/2024,6:15,244.8
11/26/2024,6:30,219.2
11/26/2024,6:45,186.4
11/26/2024,7:00,183.2
11/26/2024,7:15,239.2
11/26/2024,7:30,212.8
11/26/2024,7:45,189.6
11/26/2024,8:00,191.2
11/26/2024,8:15,241.6
11/26/2024,8:30,256
11/26/2024,8:45,278.4
11/26/2024,9:00,323.2
11/26/2024,9:15,289.6
11/26/2024,9:30,294.4
11/26/2024,9:45,305.6
11/26/2024,10:00,248.8
11/26/2024,10:15,261.6
11/26/2024,10:30,255.2
11/26/2024,10:45,256
11/26/2024,11:00,318.4
11/26/2024,11:15,303.2
11/26/2024,11:30,288
11/26/2024,11:45,286.4
11/26/2024,12:00,229.6
11/26/2024,12:15,252
11/26/2024,12:30,248.8
11/26/2024,12:45,235.2
11/26/2024,13:00,250.4
11/26/2024,13:15,240.8
11/26/2024,13:30,233.6
11/26/2024,13:45,232
11/26/2024,14:00,265.6
11/26/2024,14:15,267.2
11/26/2024,14:30,299.2
11/26/2024,14:45,280.8
11/26/2024,15:00,213.6
11/26/2024,15:15,269.6
11/26/2024,15:30,249.6
11/26/2024,15:45,237.6
11/26/2024,16:00,255.2
11/26/2024,16:15,252
11/26/2024,16:30,236
11/26/2024,16:45,248
11/26/2024,17:00,273.6
11/26/2024,17:15,271.2
11/26/2024,17:30,269.6
11/26/2024,17:45,274.4
11/26/2024,18:00,245.6
11/26/2024,18:15,236.8
11/26/2024,18:30,245.6
11/26/2024,18:45,230.4
11/26/2024,19:00,222.4
11/26/2024,19:15,230.4
11/26/2024,19:30,229.6
11/26/2024,19:45,304
11/26/2024,20:00,285.6
11/26/2024,20:15,285.6
11/26/2024,20:30,286.4
11/26/2024,20:45,265.6
11/26/2024,21:00,268
11/26/2024,21:15,294.4
11/26/2024,21:30,328.8
11/26/2024,21:45,264.8
11/26/2024,22:00,266.4
11/26/2024,22:15,264.8
11/26/2024,22:30,279.2
11/26/2024,22:45,216
11/26/2024,23:00,224.8
11/26/2024,23:15,210.4
11/26/2024,23:30,224.8
11/26/2024,23:45,216.8
11/27/2024,0:00,256
11/27/2024,0:15,212
11/27/2024,0:30,206.4
11/27/2024,0:45,230.4
11/27/2024,1:00,241.6
11/27/2024,1:15,236.8
11/27/2024,1:30,238.4
11/27/2024,1:45,232.8
11/27/2024,2:00,229.6
11/27/2024,2:15,262.4
11/27/2024,2:30,244
11/27/2024,2:45,239.2
11/27/2024,3:00,233.6
11/27/2024,3:15,264.8
11/27/2024,3:30,215.2
11/27/2024,3:45,219.2
11/27/2024,4:00,204.8
11/27/2024,4:15,210.4
11/27/2024,4:30,204.8
11/27/2024,4:45,253.6
11/27/2024,5:00,243.2
11/27/2024,5:15,234.4
11/27/2024,5:30,284
11/27/2024,5:45,283.2
11/27/2024,6:00,279.2
11/27/2024,6:15,256
11/27/2024,6:30,235.2
11/27/2024,6:45,228.8
11/27/2024,7:00,217.6
11/27/2024,7:15,221.6
11/27/2024,7:30,224
11/27/2024,7:45,272.8
11/27/2024,8:00,282.4
11/27/2024,8:15,274.4
11/27/2024,8:30,326.4
11/27/2024,8:45,268.8
11/27/2024,9:00,235.2
11/27/2024,9:15,253.6
11/27/2024,9:30,260
11/27/2024,9:45,274.4
11/27/2024,10:00,285.6
11/27/2024,10:15,258.4
11/27/2024,10:30,263.2
11/27/2024,10:45,292
11/27/2024,11:00,272.8
11/27/2024,11:15,272.8
11/27/2024,11:30,281.6
11/27/2024,11:45,269.6
11/27/2024,12:00,252.8
11/27/2024,12:15,273.6
11/27/2024,12:30,256.8
11/27/2024,12:45,240.8
11/27/2024,13:00,249.6
11/27/2024,13:15,254.4
11/27/2024,13:30,256.8
11/27/2024,13:45,247.2
11/27/2024,14:00,248
11/27/2024,14:15,238.4
11/27/2024,14:30,232
11/27/2024,14:45,224.8
11/27/2024,15:00,216.8
11/27/2024,15:15,228.8
11/27/2024,15:30,217.6
11/27/2024,15:45,258.4
11/27/2024,16:00,300
11/27/2024,16:15,296.8
11/27/2024,16:30,259.2
11/27/2024,16:45,236
11/27/2024,17:00,224
11/27/2024,17:15,206.4
11/27/2024,17:30,228
11/27/2024,17:45,239.2
11/27/2024,18:00,239.2
11/27/2024,18:15,244.8
11/27/2024,18:30,266.4
11/27/2024,18:45,259.2
11/27/2024,19:00,277.6
11/27/2024,19:15,282.4
11/27/2024,19:30,240.8
11/27/2024,19:45,229.6
11/27/2024,20:00,259.2
11/27/2024,20:15,225.6
11/27/2024,20:30,226.4
11/27/2024,20:45,234.4
11/27/2024,21:00,240
11/27/2024,21:15,296
11/27/2024,21:30,264.8
11/27/2024,21:45,279.2
11/27/2024,22:00,271.2
11/27/2024,22:15,229.6
11/27/2024,22:30,209.6
11/27/2024,22:45,205.6
11/27/2024,23:00,204.8
11/27/2024,23:15,202.4
11/27/2024,23:30,200
11/27/2024,23:45,216
11/28/2024,0:00,241.6
11/28/2024,0:15,254.4
11/28/2024,0:30,260.8
11/28/2024,0:45,240
11/28/2024,1:00,202.4
11/28/2024,1:15,204
11/28/2024,1:30,204.8
11/28/2024,1:45,197.6
11/28/2024,2:00,201.6
11/28/2024,2:15,196
11/28/2024,2:30,215.2
11/28/2024,2:45,225.6
11/28/2024,3:00,229.6
11/28/2024,3:15,245.6
11/28/2024,3:30,264
11/28/2024,3:45,228.8
11/28/2024,4:00,224.8
11/28/2024,4:15,224
11/28/2024,4:30,259.2
11/28/2024,4:45,240
11/28/2024,5:00,226.4
11/28/2024,5:15,237.6
11/28/2024,5:30,232
11/28/2024,5:45,284
11/28/2024,6:00,301.6
11/28/2024,6:15,279.2
11/28/2024,6:30,293.6
11/28/2024,6:45,271.2
11/28/2024,7:00,259.2
11/28/2024,7:15,250.4
11/28/2024,7:30,280
11/28/2024,7:45,260
11/28/2024,8:00,218.4
11/28/2024,8:15,252.8
11/28/2024,8:30,236
11/28/2024,8:45,244.8
11/28/2024,9:00,225.6
11/28/2024,9:15,240.8
11/28/2024,9:30,288.8
11/28/2024,9:45,284
11/28/2024,10:00,294.4
11/28/2024,10:15,304
11/28/2024,10:30,304.8
11/28/2024,10:45,251.2
11/28/2024,11:00,246.4
11/28/2024,11:15,260
11/28/2024,11:30,240
11/28/2024,11:45,224.8
11/28/2024,12:00,255.2
11/28/2024,12:15,267.2
11/28/2024,12:30,261.6
11/28/2024,12:45,248.8
11/28/2024,13:00,262.4
11/28/2024,13:15,271.2
11/28/2024,13:30,208
11/28/2024,13:45,221.6
11/28/2024,14:00,242.4
11/28/2024,14:15,235.2
11/28/2024,14:30,219.2
11/28/2024,14:45,220
11/28/2024,15:00,243.2
11/28/2024,15:15,257.6
11/28/2024,15:30,228
11/28/2024,15:45,239.2
11/28/2024,16:00,273.6
11/28/2024,16:15,272.8
11/28/2024,16:30,250.4
11/28/2024,16:45,255.2
11/28/2024,17:00,262.4
11/28/2024,17:15,261.6
11/28/2024,17:30,269.6
11/28/2024,17:45,266.4
11/28/2024,18:00,268
11/28/2024,18:15,256
11/28/2024,18:30,224
11/28/2024,18:45,219.2
11/28/2024,19:00,258.4
11/28/2024,19:15,244.8
11/28/2024,19:30,224
11/28/2024,19:45,216.8
11/28/2024,20:00,275.2
11/28/2024,20:15,268.8
11/28/2024,20:30,254.4
11/28/2024,20:45,251.2
11/28/2024,21:00,246.4
11/28/2024,21:15,242.4
11/28/2024,21:30,224
11/28/2024,21:45,228.8
11/28/2024,22:00,220
11/28/2024,22:15,239.2
11/28/2024,22:30,200.8
11/28/2024,22:45,241.6
11/28/2024,23:00,252
11/28/2024,23:15,244.8
11/28/2024,23:30,256
11/28/2024,23:45,199.2
11/29/2024,0:00,236
11/29/2024,0:15,223.2
11/29/2024,0:30,195.2
11/29/2024,0:45,206.4
11/29/2024,1:00,183.2
11/29/2024,1:15,216
11/29/2024,1:30,250.4
11/29/2024,1:45,232
11/29/2024,2:00,264
11/29/2024,2:15,265.6
11/29/2024,2:30,233.6
11/29/2024,2:45,189.6
11/29/2024,3:00,193.6
11/29/2024,3:15,204
11/29/2024,3:30,202.4
11/29/2024,3:45,203.2
11/29/2024,4:00,235.2
11/29/2024,4:15,248.8
11/29/2024,4:30,221.6
11/29/2024,4:45,217.6
11/29/2024,5:00,280
11/29/2024,5:15,227.2
11/29/2024,5:30,233.6
11/29/2024,5:45,251.2
11/29/2024,6:00,290.4
11/29/2024,6:15,267.2
11/29/2024,6:30,228
11/29/2024,6:45,217.6
11/29/2024,7:00,244
11/29/2024,7:15,230.4
11/29/2024,7:30,232.8
11/29/2024,7:45,218.4
11/29/2024,8:00,236.8
11/29/2024,8:15,226.4
11/29/2024,8:30,212
11/29/2024,8:45,205.6
11/29/2024,9:00,254.4
11/29/2024,9:15,242.4
11/29/2024,9:30,253.6
11/29/2024,9:45,311.2
11/29/2024,10:00,312
11/29/2024,10:15,280.8
11/29/2024,10:30,277.6
11/29/2024,10:45,294.4
11/29/2024,11:00,267.2
11/29/2024,11:15,252
11/29/2024,11:30,227.2
11/29/2024,11:45,245.6
11/29/2024,12:00,255.2
11/29/2024,12:15,230.4
11/29/2024,12:30,264
11/29/2024,12:45,256.8
11/29/2024,13:00,263.2
11/29/2024,13:15,251.2
11/29/2024,13:30,229.6
11/29/2024,13:45,241.6
11/29/2024,14:00,232
11/29/2024,14:15,212.8
11/29/2024,14:30,220.8
11/29/2024,14:45,263.2
11/29/2024,15:00,245.6
11/29/2024,15:15,253.6
11/29/2024,15:30,269.6
11/29/2024,15:45,273.6
11/29/2024,16:00,292.8
11/29/2024,16:15,264
11/29/2024,16:30,238.4
11/29/2024,16:45,260.8
11/29/2024,17:00,230.4
11/29/2024,17:15,212.8
11/29/2024,17:30,228.8
11/29/2024,17:45,301.6
11/29/2024,18:00,248
11/29/2024,18:15,290.4
11/29/2024,18:30,262.4
11/29/2024,18:45,276
11/29/2024,19:00,309.6
11/29/2024,19:15,276
11/29/2024,19:30,306.4
11/29/2024,19:45,285.6
11/29/2024,20:00,261.6
11/29/2024,20:15,274.4
11/29/2024,20:30,252.8
11/29/2024,20:45,266.4
11/29/2024,21:00,278.4
11/29/2024,21:15,231.2
11/29/2024,21:30,228.8
11/29/2024,21:45,235.2
11/29/2024,22:00,245.6
11/29/2024,22:15,232
11/29/2024,22:30,199.2
11/29/2024,22:45,236.8
11/29/2024,23:00,268
11/29/2024,23:15,228
11/29/2024,23:30,228.8
11/29/2024,23:45,240.8
11/30/2024,0:00,233.6
11/30/2024,0:15,218.4
11/30/2024,0:30,227.2
11/30/2024,0:45,260.8
11/30/2024,1:00,226.4
11/30/2024,1:15,223.2
11/30/2024,1:30,237.6
11/30/2024,1:45,231.2
11/30/2024,2:00,232.8
11/30/2024,2:15,208.8
11/30/2024,2:30,200.8
11/30/2024,2:45,203.2
11/30/2024,3:00,200.8
11/30/2024,3:15,207.2
11/30/2024,3:30,202.4
11/30/2024,3:45,195.2
11/30/2024,4:00,238.4
11/30/2024,4:15,249.6
11/30/2024,4:30,237.6
11/30/2024,4:45,252.8
11/30/2024,5:00,284.8
11/30/2024,5:15,230.4
11/30/2024,5:30,231.2
11/30/2024,5:45,237.6
11/30/2024,6:00,278.4
11/30/2024,6:15,248.8
11/30/2024,6:30,269.6
11/30/2024,6:45,257.6
11/30/2024,7:00,252
11/30/2024,7:15,267.2
11/30/2024,7:30,255.2
11/30/2024,7:45,244
11/30/2024,8:00,228.8
11/30/2024,8:15,349.6
11/30/2024,8:30,256.8
11/30/2024,8:45,251.2
11/30/2024,9:00,291.2
11/30/2024,9:15,309.6
11/30/2024,9:30,300
11/30/2024,9:45,280.8
11/30/2024,10:00,270.4
11/30/2024,10:15,265.6
11/30/2024,10:30,268
11/30/2024,10:45,260
11/30/2024,11:00,236.8
11/30/2024,11:15,249.6
11/30/2024,11:30,278.4
11/30/2024,11:45,278.4
11/30/2024,12:00,264
11/30/2024,12:15,280.8
11/30/2024,12:30,254.4
11/30/2024,12:45,236.8
11/30/2024,13:00,224
11/30/2024,13:15,243.2
11/30/2024,13:30,234.4
11/30/2024,13:45,224.8
11/30/2024,14:00,237.6
11/30/2024,14:15,256
11/30/2024,14:30,251.2
11/30/2024,14:45,272
11/30/2024,15:00,277.6
11/30/2024,15:15,228
11/30/2024,15:30,229.6
11/30/2024,15:45,217.6
11/30/2024,16:00,220.8
11/30/2024,16:15,241.6
11/30/2024,16:30,232
11/30/2024,16:45,233.6
11/30/2024,17:00,264
11/30/2024,17:15,277.6
11/30/2024,17:30,259.2
11/30/2024,17:45,277.6
11/30/2024,18:00,234.4
11/30/2024,18:15,254.4
11/30/2024,18:30,221.6
11/30/2024,18:45,227.2
11/30/2024,19:00,220.8
11/30/2024,19:15,215.2
11/30/2024,19:30,222.4
11/30/2024,19:45,221.6
11/30/2024,20:00,275.2
11/30/2024,20:15,267.2
11/30/2024,20:30,264
11/30/2024,20:45,249.6
11/30/2024,21:00,252.8
11/30/2024,21:15,226.4
11/30/2024,21:30,238.4
11/30/2024,21:45,221.6
11/30/2024,22:00,224.8
11/30/2024,22:15,260
11/30/2024,22:30,217.6
11/30/2024,22:45,256
11/30/2024,23:00,248
11/30/2024,23:15,240.8
11/30/2024,23:30,248.8
11/30/2024,23:45,242.4
12/1/2024,0:00,188
12/1/2024,0:15,220.8
12/1/2024,0:30,212.8
12/1/2024,0:45,215.2
12/1/2024,1:00,200
12/1/2024,1:15,274.4
12/1/2024,1:30,217.6
12/1/2024,1:45,216
12/1/2024,2:00,232.8
12/1/2024,2:15,248.8
12/1/2024,2:30,222.4
12/1/2024,2:45,218.4
12/1/2024,3:00,236.8
12/1/2024,3:15,228
12/1/2024,3:30,257.6
12/1/2024,3:45,228
12/1/2024,4:00,211.2
12/1/2024,4:15,224
12/1/2024,4:30,208
12/1/2024,4:45,200
12/1/2024,5:00,200.8
12/1/2024,5:15,220.8
12/1/2024,5:30,233.6
12/1/2024,5:45,253.6
12/1/2024,6:00,248
12/1/2024,6:15,252
12/1/2024,6:30,260
12/1/2024,6:45,268.8
12/1/2024,7:00,209.6
12/1/2024,7:15,252
12/1/2024,7:30,210.4
12/1/2024,7:45,258.4
12/1/2024,8:00,246.4
12/1/2024,8:15,256.8
12/1/2024,8:30,237.6
12/1/2024,8:45,290.4
12/1/2024,9:00,298.4
12/1/2024,9:15,300
12/1/2024,9:30,308.8
12/1/2024,9:45,264.8
12/1/2024,10:00,259.2
12/1/2024,10:15,238.4
12/1/2024,10:30,267.2
12/1/2024,10:45,259.2
12/1/2024,11:00,259.2
12/1/2024,11:15,244
12/1/2024,11:30,283.2
12/1/2024,11:45,276
12/1/2024,12:00,271.2
12/1/2024,12:15,257.6
12/1/2024,12:30,233.6
12/1/2024,12:45,221.6
12/1/2024,13:00,236.8
12/1/2024,13:15,218.4
12/1/2024,13:30,228.8
12/1/2024,13:45,216.8
12/1/2024,14:00,240
12/1/2024,14:15,279.2
12/1/2024,14:30,242.4
12/1/2024,14:45,255.2
12/1/2024,15:00,239.2
12/1/2024,15:15,242.4
12/1/2024,15:30,241.6
12/1/2024,15:45,274.4
12/1/2024,16:00,256
12/1/2024,16:15,268
12/1/2024,16:30,251.2
12/1/2024,16:45,216
12/1/2024,17:00,236.8
12/1/2024,17:15,249.6
12/1/2024,17:30,260
12/1/2024,17:45,244.8
12/1/2024,18:00,281.6
12/1/2024,18:15,285.6
12/1/2024,18:30,278.4
12/1/2024,18:45,279.2
12/1/2024,19:00,278.4
12/1/2024,19:15,285.6
12/1/2024,19:30,289.6
12/1/2024,19:45,264.8
12/1/2024,20:00,282.4
12/1/2024,20:15,277.6
12/1/2024,20:30,265.6
12/1/2024,20:45,266.4
12/1/2024,21:00,228.8
12/1/2024,21:15,254.4
12/1/2024,21:30,244
12/1/2024,21:45,255.2
12/1/2024,22:00,211.2
12/1/2024,22:15,321.6
12/1/2024,22:30,250.4
12/1/2024,22:45,242.4
12/1/2024,23:00,240.8
12/1/2024,23:15,266.4
12/1/2024,23:30,211.2
12/1/2024,23:45,231.2
12/2/2024,0:00,208
12/2/2024,0:15,194.4
12/2/2024,0:30,193.6
12/2/2024,0:45,241.6
12/2/2024,1:00,221.6
12/2/2024,1:15,250.4
12/2/2024,1:30,232
12/2/2024,1:45,268
12/2/2024,2:00,237.6
12/2/2024,2:15,221.6
12/2/2024,2:30,240.8
12/2/2024,2:45,272.8
12/2/2024,3:00,232.8
12/2/2024,3:15,268
12/2/2024,3:30,218.4
12/2/2024,3:45,233.6
12/2/2024,4:00,226.4
12/2/2024,4:15,224.8
12/2/2024,4:30,238.4
12/2/2024,4:45,245.6
12/2/2024,5:00,247.2
12/2/2024,5:15,220.8
12/2/2024,5:30,199.2
12/2/2024,5:45,227.2
12/2/2024,6:00,236
12/2/2024,6:15,256
12/2/2024,6:30,258.4
12/2/2024,6:45,235.2
12/2/2024,7:00,224
12/2/2024,7:15,280
12/2/2024,7:30,284.8
12/2/2024,7:45,277.6
12/2/2024,8:00,268.8
12/2/2024,8:15,247.2
12/2/2024,8:30,280.8
12/2/2024,8:45,232
12/2/2024,9:00,239.2
12/2/2024,9:15,256.8
12/2/2024,9:30,246.4
12/2/2024,9:45,293.6
12/2/2024,10:00,308
12/2/2024,10:15,304
12/2/2024,10:30,329.6
12/2/2024,10:45,308.8
12/2/2024,11:00,251.2
12/2/2024,11:15,232.8
12/2/2024,11:30,243.2
12/2/2024,11:45,234.4
12/2/2024,12:00,224.8
12/2/2024,12:15,212
12/2/2024,12:30,221.6
12/2/2024,12:45,224
12/2/2024,13:00,268.8
12/2/2024,13:15,250.4
12/2/2024,13:30,253.6
12/2/2024,13:45,234.4
12/2/2024,14:00,231.2
12/2/2024,14:15,221.6
12/2/2024,14:30,218.4
12/2/2024,14:45,214.4
12/2/2024,15:00,223.2
12/2/2024,15:15,265.6
12/2/2024,15:30,256
12/2/2024,15:45,280.8
12/2/2024,16:00,282.4
12/2/2024,16:15,172
12/2/2024,16:30,182.4
12/2/2024,16:45,152.8
12/2/2024,17:00,158.4
12/2/2024,17:15,143.2
12/2/2024,17:30,230.4
12/2/2024,17:45,233.6
12/2/2024,18:00,229.6
12/2/2024,18:15,289.6
12/2/2024,18:30,268.8
12/2/2024,18:45,263.2
12/2/2024,19:00,188.8
12/2/2024,19:15,177.6
12/2/2024,19:30,168
12/2/2024,19:45,263.2
12/2/2024,20:00,246.4
12/2/2024,20:15,220
12/2/2024,20:30,226.4
12/2/2024,20:45,264
12/2/2024,21:00,230.4
12/2/2024,21:15,272.8
12/2/2024,21:30,250.4
12/2/2024,21:45,255.2
12/2/2024,22:00,251.2
12/2/2024,22:15,244.8
12/2/2024,22:30,252.8
12/2/2024,22:45,248
12/2/2024,23:00,221.6
12/2/2024,23:15,232
12/2/2024,23:30,276.8
12/2/2024,23:45,254.4
12/3/2024,0:00,200.8
12/3/2024,0:15,214.4
12/3/2024,0:30,230.4
12/3/2024,0:45,214.4
12/3/2024,1:00,204.8
12/3/2024,1:15,205.6
12/3/2024,1:30,230.4
12/3/2024,1:45,250.4
12/3/2024,2:00,240.8
12/3/2024,2:15,237.6
12/3/2024,2:30,232.8
12/3/2024,2:45,259.2
12/3/2024,3:00,219.2
12/3/2024,3:15,208.8
12/3/2024,3:30,199.2
12/3/2024,3:45,202.4
12/3/2024,4:00,199.2
12/3/2024,4:15,217.6
12/3/2024,4:30,213.6
12/3/2024,4:45,218.4
12/3/2024,5:00,238.4
12/3/2024,5:15,244.8
12/3/2024,5:30,273.6
12/3/2024,5:45,251.2
12/3/2024,6:00,231.2
12/3/2024,6:15,244
12/3/2024,6:30,297.6
12/3/2024,6:45,264.8
12/3/2024,7:00,228
12/3/2024,7:15,228.8
12/3/2024,7:30,236
12/3/2024,7:45,237.6
12/3/2024,8:00,252.8
12/3/2024,8:15,292.8
12/3/2024,8:30,291.2
12/3/2024,8:45,264.8
12/3/2024,9:00,286.4
12/3/2024,9:15,275.2
12/3/2024,9:30,292.8
12/3/2024,9:45,302.4
12/3/2024,10:00,264.8
12/3/2024,10:15,241.6
12/3/2024,10:30,260
12/3/2024,10:45,276
12/3/2024,11:00,245.6
12/3/2024,11:15,235.2
12/3/2024,11:30,252.8
12/3/2024,11:45,301.6
12/3/2024,12:00,263.2
12/3/2024,12:15,252.8
12/3/2024,12:30,256.8
12/3/2024,12:45,248.8
12/3/2024,13:00,216.8
12/3/2024,13:15,220.8
12/3/2024,13:30,207.2
12/3/2024,13:45,225.6
12/3/2024,14:00,248
12/3/2024,14:15,224.8
12/3/2024,14:30,235.2
12/3/2024,14:45,256
12/3/2024,15:00,285.6
12/3/2024,15:15,271.2
12/3/2024,15:30,259.2
12/3/2024,15:45,299.2
12/3/2024,16:00,315.2
12/3/2024,16:15,259.2
12/3/2024,16:30,259.2
12/3/2024,16:45,264.8
12/3/2024,17:00,262.4
12/3/2024,17:15,204.8
12/3/2024,17:30,231.2
12/3/2024,17:45,237.6
12/3/2024,18:00,236
12/3/2024,18:15,248.8
12/3/2024,18:30,220.8
12/3/2024,18:45,224.8
12/3/2024,19:00,275.2
12/3/2024,19:15,256
12/3/2024,19:30,259.2
12/3/2024,19:45,252
12/3/2024,20:00,278.4
12/3/2024,20:15,226.4
12/3/2024,20:30,218.4
12/3/2024,20:45,214.4
12/3/2024,21:00,225.6
12/3/2024,21:15,234.4
12/3/2024,21:30,148
12/3/2024,21:45,142.4
12/3/2024,22:00,192
12/3/2024,22:15,272
12/3/2024,22:30,223.2
12/3/2024,22:45,220.8
12/3/2024,23:00,228.8
12/3/2024,23:15,239.2
12/3/2024,23:30,223.2
12/3/2024,23:45,222.4
12/4/2024,0:00,229.6
12/4/2024,0:15,219.2
12/4/2024,0:30,202.4
12/4/2024,0:45,195.2
12/4/2024,1:00,208
12/4/2024,1:15,190.4
12/4/2024,1:30,210.4
12/4/2024,1:45,129.6
12/4/2024,2:00,129.6
12/4/2024,2:15,117.6
12/4/2024,2:30,264
12/4/2024,2:45,248
12/4/2024,3:00,229.6
12/4/2024,3:15,228.8
12/4/2024,3:30,232
12/4/2024,3:45,228
12/4/2024,4:00,200.8
12/4/2024,4:15,204
12/4/2024,4:30,198.4
12/4/2024,4:45,209.6
12/4/2024,5:00,192
12/4/2024,5:15,244
12/4/2024,5:30,233.6
12/4/2024,5:45,267.2
12/4/2024,6:00,272.8
12/4/2024,6:15,170.4
12/4/2024,6:30,137.6
12/4/2024,6:45,164
12/4/2024,7:00,233.6
12/4/2024,7:15,231.2
12/4/2024,7:30,234.4
12/4/2024,7:45,248
12/4/2024,8:00,267.2
12/4/2024,8:15,262.4
12/4/2024,8:30,261.6
12/4/2024,8:45,295.2
12/4/2024,9:00,274.4
12/4/2024,9:15,260.8
12/4/2024,9:30,266.4
12/4/2024,9:45,275.2
12/4/2024,10:00,265.6
12/4/2024,10:15,241.6
12/4/2024,10:30,254.4
12/4/2024,10:45,240.8
12/4/2024,11:00,319.2
12/4/2024,11:15,266.4
12/4/2024,11:30,278.4
12/4/2024,11:45,259.2
12/4/2024,12:00,248
12/4/2024,12:15,256.8
12/4/2024,12:30,255.2
12/4/2024,12:45,275.2
12/4/2024,13:00,233.6
12/4/2024,13:15,241.6
12/4/2024,13:30,252.8
12/4/2024,13:45,217.6
12/4/2024,14:00,230.4
12/4/2024,14:15,247.2
12/4/2024,14:30,215.2
12/4/2024,14:45,223.2
12/4/2024,15:00,244.8
12/4/2024,15:15,276.8
12/4/2024,15:30,266.4
12/4/2024,15:45,283.2
12/4/2024,16:00,291.2
12/4/2024,16:15,329.6
12/4/2024,16:30,253.6
12/4/2024,16:45,228
12/4/2024,17:00,208.8
12/4/2024,17:15,215.2
12/4/2024,17:30,243.2
12/4/2024,17:45,252.8
12/4/2024,18:00,237.6
12/4/2024,18:15,276
12/4/2024,18:30,295.2
12/4/2024,18:45,277.6
12/4/2024,19:00,269.6
12/4/2024,19:15,242.4
12/4/2024,19:30,248.8
12/4/2024,19:45,270.4
12/4/2024,20:00,222.4
12/4/2024,20:15,228.8
12/4/2024,20:30,248.8
12/4/2024,20:45,240
12/4/2024,21:00,284
12/4/2024,21:15,256.8
12/4/2024,21:30,288.8
12/4/2024,21:45,294.4
12/4/2024,22:00,240.8
12/4/2024,22:15,243.2
12/4/2024,22:30,228
12/4/2024,22:45,254.4
12/4/2024,23:00,196
12/4/2024,23:15,251.2
12/4/2024,23:30,212
12/4/2024,23:45,276
12/5/2024,0:00,252.8
12/5/2024,0:15,289.6
12/5/2024,0:30,288.8
12/5/2024,0:45,276
12/5/2024,1:00,252
12/5/2024,1:15,224.8
12/5/2024,1:30,243.2
12/5/2024,1:45,238.4
12/5/2024,2:00,226.4
12/5/2024,2:15,240.8
12/5/2024,2:30,221.6
12/5/2024,2:45,260
12/5/2024,3:00,228.8
12/5/2024,3:15,244
12/5/2024,3:30,223.2
12/5/2024,3:45,202.4
12/5/2024,4:00,200
12/5/2024,4:15,219.2
12/5/2024,4:30,204
12/5/2024,4:45,226.4
12/5/2024,5:00,202.4
12/5/2024,5:15,208
12/5/2024,5:30,256
12/5/2024,5:45,260
12/5/2024,6:00,268
12/5/2024,6:15,266.4
12/5/2024,6:30,212
12/5/2024,6:45,219.2
12/5/2024,7:00,226.4
12/5/2024,7:15,225.6
12/5/2024,7:30,279.2
12/5/2024,7:45,238.4
12/5/2024,8:00,221.6
12/5/2024,8:15,256.8
12/5/2024,8:30,252
12/5/2024,8:45,295.2
12/5/2024,9:00,262.4
12/5/2024,9:15,300.8
12/5/2024,9:30,318.4
12/5/2024,9:45,301.6
12/5/2024,10:00,259.2
12/5/2024,10:15,258.4
12/5/2024,10:30,283.2
12/5/2024,10:45,240
12/5/2024,11:00,238.4
12/5/2024,11:15,249.6
12/5/2024,11:30,317.6
12/5/2024,11:45,257.6
12/5/2024,12:00,264.8
12/5/2024,12:15,254.4
12/5/2024,12:30,284.8
12/5/2024,12:45,286.4
12/5/2024,13:00,249.6
12/5/2024,13:15,251.2
12/5/2024,13:30,246.4
12/5/2024,13:45,252
12/5/2024,14:00,237.6
12/5/2024,14:15,220.8
12/5/2024,14:30,225.6
12/5/2024,14:45,263.2
12/5/2024,15:00,233.6
12/5/2024,15:15,230.4
12/5/2024,15:30,251.2
12/5/2024,15:45,286.4
12/5/2024,16:00,279.2
12/5/2024,16:15,286.4
12/5/2024,16:30,288
12/5/2024,16:45,223.2
12/5/2024,17:00,220.8
12/5/2024,17:15,224.8
12/5/2024,17:30,261.6
12/5/2024,17:45,249.6
12/5/2024,18:00,258.4
12/5/2024,18:15,230.4
12/5/2024,18:30,296
12/5/2024,18:45,312.8
12/5/2024,19:00,300
12/5/2024,19:15,260
12/5/2024,19:30,227.2
12/5/2024,19:45,226.4
12/5/2024,20:00,220
12/5/2024,20:15,226.4
12/5/2024,20:30,226.4
12/5/2024,20:45,217.6
12/5/2024,21:00,243.2
12/5/2024,21:15,260.8
12/5/2024,21:30,257.6
12/5/2024,21:45,268.8
12/5/2024,22:00,282.4
12/5/2024,22:15,269.6
12/5/2024,22:30,238.4
12/5/2024,22:45,250.4
12/5/2024,23:00,248
12/5/2024,23:15,273.6
12/5/2024,23:30,235.2
12/5/2024,23:45,220
12/6/2024,0:00,192
12/6/2024,0:15,239.2
12/6/2024,0:30,204
12/6/2024,0:45,212.8
12/6/2024,1:00,216.8
12/6/2024,1:15,260.8
12/6/2024,1:30,247.2
12/6/2024,1:45,276
12/6/2024,2:00,254.4
12/6/2024,2:15,217.6
12/6/2024,2:30,196.8
12/6/2024,2:45,200.8
12/6/2024,3:00,196
12/6/2024,3:15,202.4
12/6/2024,3:30,207.2
12/6/2024,3:45,228.8
12/6/2024,4:00,254.4
12/6/2024,4:15,263.2
12/6/2024,4:30,256.8
12/6/2024,4:45,255.2
12/6/2024,5:00,264.8
12/6/2024,5:15,205.6
12/6/2024,5:30,217.6
12/6/2024,5:45,219.2
12/6/2024,6:00,256
12/6/2024,6:15,242.4
12/6/2024,6:30,219.2
12/6/2024,6:45,251.2
12/6/2024,7:00,252.8
12/6/2024,7:15,264
12/6/2024,7:30,265.6
12/6/2024,7:45,242.4
12/6/2024,8:00,246.4
12/6/2024,8:15,244
12/6/2024,8:30,259.2
12/6/2024,8:45,284
12/6/2024,9:00,261.6
12/6/2024,9:15,266.4
12/6/2024,9:30,287.2
12/6/2024,9:45,294.4
12/6/2024,10:00,302.4
12/6/2024,10:15,294.4
12/6/2024,10:30,276
12/6/2024,10:45,311.2
12/6/2024,11:00,274.4
12/6/2024,11:15,256.8
12/6/2024,11:30,294.4
12/6/2024,11:45,261.6
12/6/2024,12:00,227.2
12/6/2024,12:15,228
12/6/2024,12:30,228
12/6/2024,12:45,239.2
12/6/2024,13:00,212.8
12/6/2024,13:15,214.4
12/6/2024,13:30,252.8
12/6/2024,13:45,265.6
12/6/2024,14:00,259.2
12/6/2024,14:15,257.6
12/6/2024,14:30,274.4
12/6/2024,14:45,281.6
12/6/2024,15:00,277.6
12/6/2024,15:15,260
12/6/2024,15:30,274.4
12/6/2024,15:45,289.6
12/6/2024,16:00,270.4
12/6/2024,16:15,265.6
12/6/2024,16:30,266.4
12/6/2024,16:45,272.8
12/6/2024,17:00,231.2
12/6/2024,17:15,242.4
12/6/2024,17:30,260.8
12/6/2024,17:45,258.4
12/6/2024,18:00,272
12/6/2024,18:15,236.8
12/6/2024,18:30,289.6
12/6/2024,18:45,280
12/6/2024,19:00,282.4
12/6/2024,19:15,308.8
12/6/2024,19:30,237.6
12/6/2024,19:45,244
12/6/2024,20:00,245.6
12/6/2024,20:15,241.6
12/6/2024,20:30,252.8
12/6/2024,20:45,244.8
12/6/2024,21:00,235.2
12/6/2024,21:15,253.6
12/6/2024,21:30,257.6
12/6/2024,21:45,281.6
12/6/2024,22:00,280
12/6/2024,22:15,255.2
12/6/2024,22:30,256
12/6/2024,22:45,260
12/6/2024,23:00,237.6
12/6/2024,23:15,300.8
12/6/2024,23:30,261.6
12/6/2024,23:45,251.2
12/7/2024,0:00,237.6
12/7/2024,0:15,210.4
12/7/2024,0:30,204.8
12/7/2024,0:45,212.8
12/7/2024,1:00,209.6
12/7/2024,1:15,216.8
12/7/2024,1:30,241.6
12/7/2024,1:45,226.4
12/7/2024,2:00,289.6
12/7/2024,2:15,236.8
12/7/2024,2:30,256
12/7/2024,2:45,282.4
12/7/2024,3:00,227.2
12/7/2024,3:15,246.4
12/7/2024,3:30,206.4
12/7/2024,3:45,202.4
12/7/2024,4:00,214.4
12/7/2024,4:15,214.4
12/7/2024,4:30,198.4
12/7/2024,4:45,254.4
12/7/2024,5:00,256.8
12/7/2024,5:15,268
12/7/2024,5:30,264.8
12/7/2024,5:45,286.4
12/7/2024,6:00,232
12/7/2024,6:15,224
12/7/2024,6:30,225.6
12/7/2024,6:45,249.6
12/7/2024,7:00,240.8
12/7/2024,7:15,251.2
12/7/2024,7:30,285.6
12/7/2024,7:45,265.6
12/7/2024,8:00,300
12/7/2024,8:15,272.8
12/7/2024,8:30,351.2
12/7/2024,8:45,283.2
12/7/2024,9:00,284
12/7/2024,9:15,261.6
12/7/2024,9:30,260.8
12/7/2024,9:45,274.4
12/7/2024,10:00,269.6
12/7/2024,10:15,318.4
12/7/2024,10:30,320
12/7/2024,10:45,290.4
12/7/2024,11:00,276.8
12/7/2024,11:15,252
12/7/2024,11:30,272
12/7/2024,11:45,239.2
12/7/2024,12:00,260
12/7/2024,12:15,242.4
12/7/2024,12:30,256
12/7/2024,12:45,233.6
12/7/2024,13:00,260.8
12/7/2024,13:15,250.4
12/7/2024,13:30,244.8
12/7/2024,13:45,236.8
12/7/2024,14:00,286.4
12/7/2024,14:15,249.6
12/7/2024,14:30,232
12/7/2024,14:45,240
12/7/2024,15:00,230.4
12/7/2024,15:15,251.2
12/7/2024,15:30,265.6
12/7/2024,15:45,232.8
12/7/2024,16:00,272.8
12/7/2024,16:15,261.6
12/7/2024,16:30,252.8
12/7/2024,16:45,276.8
12/7/2024,17:00,243.2
12/7/2024,17:15,212
12/7/2024,17:30,249.6
12/7/2024,17:45,240.8
12/7/2024,18:00,251.2
12/7/2024,18:15,234.4
12/7/2024,18:30,302.4
12/7/2024,18:45,282.4
12/7/2024,19:00,297.6
12/7/2024,19:15,310.4
12/7/2024,19:30,234.4
12/7/2024,19:45,225.6
12/7/2024,20:00,223.2
12/7/2024,20:15,228.8
12/7/2024,20:30,221.6
12/7/2024,20:45,220
12/7/2024,21:00,239.2
12/7/2024,21:15,275.2
12/7/2024,21:30,256.8
12/7/2024,21:45,284.8
12/7/2024,22:00,293.6
12/7/2024,22:15,235.2
12/7/2024,22:30,216
12/7/2024,22:45,190.4
12/7/2024,23:00,186.4
12/7/2024,23:15,226.4
12/7/2024,23:30,198.4
12/7/2024,23:45,225.6
12/8/2024,0:00,254.4
12/8/2024,0:15,257.6
12/8/2024,0:30,267.2
12/8/2024,0:45,242.4
12/8/2024,1:00,225.6
12/8/2024,1:15,204.8
12/8/2024,1:30,202.4
12/8/2024,1:45,210.4
12/8/2024,2:00,216
12/8/2024,2:15,221.6
12/8/2024,2:30,211.2
12/8/2024,2:45,240
12/8/2024,3:00,268
12/8/2024,3:15,280.8
12/8/2024,3:30,248
12/8/2024,3:45,248.8
12/8/2024,4:00,212
12/8/2024,4:15,205.6
12/8/2024,4:30,203.2
12/8/2024,4:45,200.8
12/8/2024,5:00,208.8
12/8/2024,5:15,219.2
12/8/2024,5:30,241.6
12/8/2024,5:45,250.4
12/8/2024,6:00,258.4
12/8/2024,6:15,272
12/8/2024,6:30,242.4
12/8/2024,6:45,243.2
12/8/2024,7:00,245.6
12/8/2024,7:15,254.4
12/8/2024,7:30,281.6
12/8/2024,7:45,270.4
12/8/2024,8:00,268
12/8/2024,8:15,270.4
12/8/2024,8:30,274.4
12/8/2024,8:45,268
12/8/2024,9:00,312.8
12/8/2024,9:15,283.2
12/8/2024,9:30,288.8
12/8/2024,9:45,300
12/8/2024,10:00,283.2
12/8/2024,10:15,310.4
12/8/2024,10:30,285.6
12/8/2024,10:45,276
12/8/2024,11:00,254.4
12/8/2024,11:15,232
12/8/2024,11:30,230.4
12/8/2024,11:45,250.4
12/8/2024,12:00,218.4
12/8/2024,12:15,220
12/8/2024,12:30,229.6
12/8/2024,12:45,275.2
12/8/2024,13:00,288
12/8/2024,13:15,268.8
12/8/2024,13:30,240.8
12/8/2024,13:45,198.4
12/8/2024,14:00,208
12/8/2024,14:15,232
12/8/2024,14:30,208
12/8/2024,14:45,212
12/8/2024,15:00,200.8
12/8/2024,15:15,233.6
12/8/2024,15:30,246.4
12/8/2024,15:45,244
12/8/2024,16:00,234.4
12/8/2024,16:15,262.4
12/8/2024,16:30,251.2
12/8/2024,16:45,255.2
12/8/2024,17:00,260.8
12/8/2024,17:15,241.6
12/8/2024,17:30,271.2
12/8/2024,17:45,272
12/8/2024,18:00,301.6
12/8/2024,18:15,306.4
12/8/2024,18:30,240
12/8/2024,18:45,227.2
12/8/2024,19:00,220.8
12/8/2024,19:15,232
12/8/2024,19:30,256.8
12/8/2024,19:45,232.8
12/8/2024,20:00,285.6
12/8/2024,20:15,276
12/8/2024,20:30,300.8
12/8/2024,20:45,282.4
12/8/2024,21:00,275.2
12/8/2024,21:15,256.8
12/8/2024,21:30,239.2
12/8/2024,21:45,242.4
12/8/2024,22:00,246.4
12/8/2024,22:15,226.4
12/8/2024,22:30,256.8
12/8/2024,22:45,255.2
12/8/2024,23:00,259.2
12/8/2024,23:15,252
12/8/2024,23:30,251.2
12/8/2024,23:45,232
12/9/2024,0:00,207.2
12/9/2024,0:15,227.2
12/9/2024,0:30,204.8
12/9/2024,0:45,229.6
12/9/2024,1:00,237.6
12/9/2024,1:15,246.4
12/9/2024,1:30,243.2
12/9/2024,1:45,240.8
12/9/2024,2:00,252.8
12/9/2024,2:15,228.8
12/9/2024,2:30,206.4
12/9/2024,2:45,186.4
12/9/2024,3:00,211.2
12/9/2024,3:15,218.4
12/9/2024,3:30,250.4
12/9/2024,3:45,244.8
12/9/2024,4:00,245.6
12/9/2024,4:15,251.2
12/9/2024,4:30,259.2
12/9/2024,4:45,208.8
12/9/2024,5:00,224
12/9/2024,5:15,228.8
12/9/2024,5:30,229.6
12/9/2024,5:45,234.4
12/9/2024,6:00,255.2
12/9/2024,6:15,273.6
12/9/2024,6:30,241.6
12/9/2024,6:45,241.6
12/9/2024,7:00,240
12/9/2024,7:15,240.8
12/9/2024,7:30,256
12/9/2024,7:45,249.6
12/9/2024,8:00,249.6
12/9/2024,8:15,246.4
12/9/2024,8:30,262.4
12/9/2024,8:45,280.8
12/9/2024,9:00,281.6
12/9/2024,9:15,274.4
12/9/2024,9:30,309.6
12/9/2024,9:45,317.6
12/9/2024,10:00,262.4
12/9/2024,10:15,280.8
12/9/2024,10:30,263.2
12/9/2024,10:45,262.4
12/9/2024,11:00,256
12/9/2024,11:15,256.8
12/9/2024,11:30,318.4
12/9/2024,11:45,289.6
12/9/2024,12:00,301.6
12/9/2024,12:15,308
12/9/2024,12:30,268
12/9/2024,12:45,236
12/9/2024,13:00,244
12/9/2024,13:15,245.6
12/9/2024,13:30,239.2
12/9/2024,13:45,240.8
12/9/2024,14:00,254.4
12/9/2024,14:15,245.6
12/9/2024,14:30,292
12/9/2024,14:45,267.2
12/9/2024,15:00,241.6
12/9/2024,15:15,232.8
12/9/2024,15:30,234.4
12/9/2024,15:45,257.6
12/9/2024,16:00,236.8
12/9/2024,16:15,238.4
12/9/2024,16:30,256
12/9/2024,16:45,263.2
12/9/2024,17:00,283.2
12/9/2024,17:15,261.6
12/9/2024,17:30,298.4
12/9/2024,17:45,249.6
12/9/2024,18:00,252.8
12/9/2024,18:15,272
12/9/2024,18:30,236
12/9/2024,18:45,230.4
12/9/2024,19:00,231.2
12/9/2024,19:15,280.8
12/9/2024,19:30,301.6
12/9/2024,19:45,288
12/9/2024,20:00,287.2
12/9/2024,20:15,296.8
12/9/2024,20:30,270.4
12/9/2024,20:45,332.8
12/9/2024,21:00,252
12/9/2024,21:15,281.6
12/9/2024,21:30,255.2
12/9/2024,21:45,258.4
12/9/2024,22:00,256
12/9/2024,22:15,255.2
12/9/2024,22:30,225.6
12/9/2024,22:45,236
12/9/2024,23:00,226.4
12/9/2024,23:15,234.4
12/9/2024,23:30,245.6
12/9/2024,23:45,251.2
12/10/2024,0:00,256
12/10/2024,0:15,212.8
12/10/2024,0:30,210.4
12/10/2024,0:45,228.8
12/10/2024,1:00,223.2
12/10/2024,1:15,232
12/10/2024,1:30,236.8
12/10/2024,1:45,256
12/10/2024,2:00,243.2
12/10/2024,2:15,256.8
12/10/2024,2:30,232
12/10/2024,2:45,203.2
12/10/2024,3:00,233.6
12/10/2024,3:15,204.8
12/10/2024,3:30,209.6
12/10/2024,3:45,201.6
12/10/2024,4:00,239.2
12/10/2024,4:15,212.8
12/10/2024,4:30,240.8
12/10/2024,4:45,239.2
12/10/2024,5:00,254.4
12/10/2024,5:15,256.8
12/10/2024,5:30,206.4
12/10/2024,5:45,229.6
12/10/2024,6:00,214.4
12/10/2024,6:15,245.6
12/10/2024,6:30,232
12/10/2024,6:45,239.2
12/10/2024,7:00,237.6
12/10/2024,7:15,248
12/10/2024,7:30,259.2
12/10/2024,7:45,267.2
12/10/2024,8:00,297.6
12/10/2024,8:15,266.4
12/10/2024,8:30,268.8
12/10/2024,8:45,270.4
12/10/2024,9:00,274.4
12/10/2024,9:15,253.6
12/10/2024,9:30,295.2
12/10/2024,9:45,300
12/10/2024,10:00,252
12/10/2024,10:15,260
12/10/2024,10:30,304.8
12/10/2024,10:45,293.6
12/10/2024,11:00,270.4
12/10/2024,11:15,250.4
12/10/2024,11:30,308
12/10/2024,11:45,301.6
12/10/2024,12:00,271.2
12/10/2024,12:15,292.8
12/10/2024,12:30,239.2
12/10/2024,12:45,229.6
12/10/2024,13:00,248
12/10/2024,13:15,228.8
12/10/2024,13:30,220
12/10/2024,13:45,246.4
12/10/2024,14:00,274.4
12/10/2024,14:15,268
12/10/2024,14:30,256.8
12/10/2024,14:45,255.2
12/10/2024,15:00,249.6
12/10/2024,15:15,261.6
12/10/2024,15:30,271.2
12/10/2024,15:45,244.8
12/10/2024,16:00,275.2
12/10/2024,16:15,272.8
12/10/2024,16:30,268.8
12/10/2024,16:45,267.2
12/10/2024,17:00,260
12/10/2024,17:15,236
12/10/2024,17:30,243.2
12/10/2024,17:45,243.2
12/10/2024,18:00,284
12/10/2024,18:15,239.2
12/10/2024,18:30,240.8
12/10/2024,18:45,280
12/10/2024,19:00,241.6
12/10/2024,19:15,227.2
12/10/2024,19:30,294.4
12/10/2024,19:45,264
12/10/2024,20:00,265.6
12/10/2024,20:15,264.8
12/10/2024,20:30,284.8
12/10/2024,20:45,296.8
12/10/2024,21:00,260
12/10/2024,21:15,256.8
12/10/2024,21:30,252.8
12/10/2024,21:45,254.4
12/10/2024,22:00,276
12/10/2024,22:15,254.4
12/10/2024,22:30,228
12/10/2024,22:45,235.2
12/10/2024,23:00,232.8
12/10/2024,23:15,200.8
12/10/2024,23:30,224.8
12/10/2024,23:45,208.8
12/11/2024,0:00,205.6
12/11/2024,0:15,204
12/11/2024,0:30,253.6
12/11/2024,0:45,272
12/11/2024,1:00,229.6
12/11/2024,1:15,232
12/11/2024,1:30,224.8
12/11/2024,1:45,216.8
12/11/2024,2:00,254.4
12/11/2024,2:15,228.8
12/11/2024,2:30,228.8
12/11/2024,2:45,232
12/11/2024,3:00,242.4
12/11/2024,3:15,257.6
12/11/2024,3:30,236
12/11/2024,3:45,235.2
12/11/2024,4:00,235.2
12/11/2024,4:15,215.2
12/11/2024,4:30,198.4
12/11/2024,4:45,212
12/11/2024,5:00,214.4
12/11/2024,5:15,214.4
12/11/2024,5:30,209.6
12/11/2024,5:45,300.8
12/11/2024,6:00,291.2
12/11/2024,6:15,280.8
12/11/2024,6:30,264.8
12/11/2024,6:45,249.6
12/11/2024,7:00,284.8
12/11/2024,7:15,284.8
12/11/2024,7:30,289.6
12/11/2024,7:45,258.4
12/11/2024,8:00,272
12/11/2024,8:15,300.8
12/11/2024,8:30,304.8
12/11/2024,8:45,307.2
12/11/2024,9:00,318.4
12/11/2024,9:15,312
12/11/2024,9:30,340.8
12/11/2024,9:45,331.2
12/11/2024,10:00,325.6
12/11/2024,10:15,324
12/11/2024,10:30,253.6
12/11/2024,10:45,239.2
12/11/2024,11:00,250.4
12/11/2024,11:15,272.8
12/11/2024,11:30,264
12/11/2024,11:45,260.8
12/11/2024,12:00,243.2
12/11/2024,12:15,239.2
12/11/2024,12:30,240
12/11/2024,12:45,236
12/11/2024,13:00,218.4
12/11/2024,13:15,187.2
12/11/2024,13:30,188.8
12/11/2024,13:45,191.2
12/11/2024,14:00,208.8
12/11/2024,14:15,204.8
12/11/2024,14:30,196
12/11/2024,14:45,186.4
12/11/2024,15:00,207.2
12/11/2024,15:15,218.4
12/11/2024,15:30,206.4
12/11/2024,15:45,224.8
12/11/2024,16:00,291.2
12/11/2024,16:15,416.8
12/11/2024,16:30,288.8
12/11/2024,16:45,292
12/11/2024,17:00,273.6
12/11/2024,17:15,247.2
12/11/2024,17:30,210.4
12/11/2024,17:45,201.6
12/11/2024,18:00,192.8
12/11/2024,18:15,208
12/11/2024,18:30,203.2
12/11/2024,18:45,200
12/11/2024,19:00,185.6
12/11/2024,19:15,179.2
12/11/2024,19:30,177.6
12/11/2024,19:45,200.8
12/11/2024,20:00,168.8
12/11/2024,20:15,164.8
12/11/2024,20:30,193.6
12/11/2024,20:45,185.6
12/11/2024,21:00,203.2
12/11/2024,21:15,196.8
12/11/2024,21:30,196.8
12/11/2024,21:45,214.4
12/11/2024,22:00,194.4
12/11/2024,22:15,228.8
12/11/2024,22:30,168.8
12/11/2024,22:45,177.6
12/11/2024,23:00,170.4
12/11/2024,23:15,164.8
12/11/2024,23:30,166.4
12/11/2024,23:45,188
12/12/2024,0:00,142.4
12/12/2024,0:15,124
12/12/2024,0:30,148
12/12/2024,0:45,148
12/12/2024,1:00,151.2
12/12/2024,1:15,196
12/12/2024,1:30,189.6
12/12/2024,1:45,173.6
12/12/2024,2:00,165.6
12/12/2024,2:15,190.4
12/12/2024,2:30,218.4
12/12/2024,2:45,160
12/12/2024,3:00,175.2
12/12/2024,3:15,172.8
12/12/2024,3:30,188
12/12/2024,3:45,181.6
12/12/2024,4:00,191.2
12/12/2024,4:15,164
12/12/2024,4:30,176.8
12/12/2024,4:45,177.6
12/12/2024,5:00,177.6
12/12/2024,5:15,202.4
12/12/2024,5:30,200.8
12/12/2024,5:45,221.6
12/12/2024,6:00,200
12/12/2024,6:15,202.4
12/12/2024,6:30,175.2
12/12/2024,6:45,212.8
12/12/2024,7:00,213.6
12/12/2024,7:15,197.6
12/12/2024,7:30,176.8
12/12/2024,7:45,210.4
12/12/2024,8:00,238.4
12/12/2024,8:15,223.2
12/12/2024,8:30,234.4
12/12/2024,8:45,345.6
12/12/2024,9:00,348.8
12/12/2024,9:15,322.4
12/12/2024,9:30,447.2
12/12/2024,9:45,397.6
12/12/2024,10:00,431.2
12/12/2024,10:15,461.6
12/12/2024,10:30,450.4
12/12/2024,10:45,420
12/12/2024,11:00,423.2
12/12/2024,11:15,336
12/12/2024,11:30,471.2
12/12/2024,11:45,426.4
12/12/2024,12:00,472.8
12/12/2024,12:15,442.4
12/12/2024,12:30,482.4
12/12/2024,12:45,406.4
12/12/2024,13:00,380.8
12/12/2024,13:15,391.2
12/12/2024,13:30,451.2
12/12/2024,13:45,461.6
12/12/2024,14:00,418.4
12/12/2024,14:15,355.2
12/12/2024,14:30,365.6
12/12/2024,14:45,364.8
12/12/2024,15:00,387.2
12/12/2024,15:15,297.6
12/12/2024,15:30,312
12/12/2024,15:45,296
12/12/2024,16:00,414.4
12/12/2024,16:15,448.8
12/12/2024,16:30,472
12/12/2024,16:45,480
12/12/2024,17:00,487.2
12/12/2024,17:15,466.4
12/12/2024,17:30,483.2
12/12/2024,17:45,488
12/12/2024,18:00,503.2
12/12/2024,18:15,500
12/12/2024,18:30,542.4
12/12/2024,18:45,477.6
12/12/2024,19:00,480
12/12/2024,19:15,480.8
12/12/2024,19:30,492
12/12/2024,19:45,479.2
12/12/2024,20:00,485.6
12/12/2024,20:15,505.6
12/12/2024,20:30,494.4
12/12/2024,20:45,495.2
12/12/2024,21:00,457.6
12/12/2024,21:15,476
12/12/2024,21:30,495.2
12/12/2024,21:45,448
12/12/2024,22:00,413.6
12/12/2024,22:15,432
12/12/2024,22:30,394.4
12/12/2024,22:45,387.2
12/12/2024,23:00,412.8
12/12/2024,23:15,372.8
12/12/2024,23:30,370.4
12/12/2024,23:45,376
12/13/2024,0:00,363.2
12/13/2024,0:15,410.4
12/13/2024,0:30,395.2
12/13/2024,0:45,300.8
12/13/2024,1:00,305.6
12/13/2024,1:15,303.2
12/13/2024,1:30,313.6
12/13/2024,1:45,328
12/13/2024,2:00,324.8
12/13/2024,2:15,296.8
12/13/2024,2:30,309.6
12/13/2024,2:45,344.8
12/13/2024,3:00,304.8
12/13/2024,3:15,325.6
12/13/2024,3:30,332.8
12/13/2024,3:45,301.6
12/13/2024,4:00,292
12/13/2024,4:15,325.6
12/13/2024,4:30,292.8
12/13/2024,4:45,289.6
12/13/2024,5:00,293.6
12/13/2024,5:15,312.8
12/13/2024,5:30,340.8
12/13/2024,5:45,310.4
12/13/2024,6:00,332.8
12/13/2024,6:15,319.2
12/13/2024,6:30,336
12/13/2024,6:45,314.4
12/13/2024,7:00,319.2
12/13/2024,7:15,318.4
12/13/2024,7:30,376
12/13/2024,7:45,353.6
12/13/2024,8:00,349.6
12/13/2024,8:15,396.8
12/13/2024,8:30,368.8
12/13/2024,8:45,352.8
12/13/2024,9:00,360
12/13/2024,9:15,432
12/13/2024,9:30,504
12/13/2024,9:45,464
12/13/2024,10:00,508
12/13/2024,10:15,449.6
12/13/2024,10:30,480
12/13/2024,10:45,461.6
12/13/2024,11:00,496.8
12/13/2024,11:15,484
12/13/2024,11:30,487.2
12/13/2024,11:45,438.4
12/13/2024,12:00,472.8
12/13/2024,12:15,449.6
12/13/2024,12:30,432.8
12/13/2024,12:45,453.6
12/13/2024,13:00,454.4
12/13/2024,13:15,420
12/13/2024,13:30,404.8
12/13/2024,13:45,423.2
12/13/2024,14:00,469.6
12/13/2024,14:15,412.8
12/13/2024,14:30,415.2
12/13/2024,14:45,444.8
12/13/2024,15:00,413.6
12/13/2024,15:15,436.8
12/13/2024,15:30,427.2
12/13/2024,15:45,412
12/13/2024,16:00,421.6
12/13/2024,16:15,432.8
12/13/2024,16:30,449.6
12/13/2024,16:45,438.4
12/13/2024,17:00,466.4
12/13/2024,17:15,395.2
12/13/2024,17:30,416.8
12/13/2024,17:45,436
12/13/2024,18:00,432
12/13/2024,18:15,434.4
12/13/2024,18:30,436
12/13/2024,18:45,424
12/13/2024,19:00,356.8
12/13/2024,19:15,383.2
12/13/2024,19:30,345.6
12/13/2024,19:45,330.4
12/13/2024,20:00,329.6
12/13/2024,20:15,341.6
12/13/2024,20:30,347.2
12/13/2024,20:45,335.2
12/13/2024,21:00,355.2
12/13/2024,21:15,337.6
12/13/2024,21:30,336
12/13/2024,21:45,330.4
12/13/2024,22:00,358.4
12/13/2024,22:15,332.8
12/13/2024,22:30,313.6
12/13/2024,22:45,316.8
12/13/2024,23:00,316
12/13/2024,23:15,324.8
12/13/2024,23:30,340
12/13/2024,23:45,308
12/14/2024,0:00,296.8
12/14/2024,0:15,307.2
12/14/2024,0:30,305.6
12/14/2024,0:45,315.2
12/14/2024,1:00,335.2
12/14/2024,1:15,368.8
12/14/2024,1:30,312
12/14/2024,1:45,323.2
12/14/2024,2:00,310.4
12/14/2024,2:15,293.6
12/14/2024,2:30,348
12/14/2024,2:45,299.2
12/14/2024,3:00,296.8
12/14/2024,3:15,325.6
12/14/2024,3:30,312
12/14/2024,3:45,350.4
12/14/2024,4:00,326.4
12/14/2024,4:15,322.4
12/14/2024,4:30,304.8
12/14/2024,4:45,303.2
12/14/2024,5:00,320.8
12/14/2024,5:15,306.4
12/14/2024,5:30,353.6
12/14/2024,5:45,332
12/14/2024,6:00,328
12/14/2024,6:15,356.8
12/14/2024,6:30,346.4
12/14/2024,6:45,356.8
12/14/2024,7:00,341.6
12/14/2024,7:15,365.6
12/14/2024,7:30,350.4
12/14/2024,7:45,330.4
12/14/2024,8:00,336.8
12/14/2024,8:15,328.8
12/14/2024,8:30,369.6
12/14/2024,8:45,367.2
12/14/2024,9:00,369.6
12/14/2024,9:15,372
12/14/2024,9:30,367.2
12/14/2024,9:45,364.8
12/14/2024,10:00,376
12/14/2024,10:15,365.6
12/14/2024,10:30,360
12/14/2024,10:45,354.4
12/14/2024,11:00,371.2
12/14/2024,11:15,428.8
12/14/2024,11:30,370.4
12/14/2024,11:45,366.4
12/14/2024,12:00,348.8
12/14/2024,12:15,370.4
12/14/2024,12:30,372.8
12/14/2024,12:45,330.4
12/14/2024,13:00,312
12/14/2024,13:15,314.4
12/14/2024,13:30,306.4
12/14/2024,13:45,312
12/14/2024,14:00,316.8
12/14/2024,14:15,326.4
12/14/2024,14:30,324.8
12/14/2024,14:45,304.8
12/14/2024,15:00,307.2
12/14/2024,15:15,321.6
12/14/2024,15:30,333.6
12/14/2024,15:45,304.8
12/14/2024,16:00,326.4
12/14/2024,16:15,315.2
12/14/2024,16:30,334.4
12/14/2024,16:45,404.8
12/14/2024,17:00,358.4
12/14/2024,17:15,347.2
12/14/2024,17:30,380
12/14/2024,17:45,364.8
12/14/2024,18:00,385.6
12/14/2024,18:15,386.4
12/14/2024,18:30,355.2
12/14/2024,18:45,365.6
12/14/2024,19:00,352
12/14/2024,19:15,379.2
12/14/2024,19:30,356.8
12/14/2024,19:45,362.4
12/14/2024,20:00,368.8
12/14/2024,20:15,391.2
12/14/2024,20:30,388
12/14/2024,20:45,387.2
12/14/2024,21:00,384.8
12/14/2024,21:15,391.2
12/14/2024,21:30,387.2
12/14/2024,21:45,383.2
12/14/2024,22:00,362.4
12/14/2024,22:15,343.2
12/14/2024,22:30,352.8
12/14/2024,22:45,352
12/14/2024,23:00,320.8
12/14/2024,23:15,340.8
12/14/2024,23:30,288.8
12/14/2024,23:45,279.2
12/15/2024,0:00,282.4
12/15/2024,0:15,282.4
12/15/2024,0:30,300.8
12/15/2024,0:45,320
12/15/2024,1:00,315.2
12/15/2024,1:15,322.4
12/15/2024,1:30,329.6
12/15/2024,1:45,371.2
12/15/2024,2:00,378.4
12/15/2024,2:15,302.4
12/15/2024,2:30,293.6
12/15/2024,2:45,292.8
12/15/2024,3:00,278.4
12/15/2024,3:15,304
12/15/2024,3:30,299.2
12/15/2024,3:45,314.4
12/15/2024,4:00,300.8
12/15/2024,4:15,316.8
12/15/2024,4:30,317.6
12/15/2024,4:45,333.6
12/15/2024,5:00,324.8
12/15/2024,5:15,304
12/15/2024,5:30,280.8
12/15/2024,5:45,297.6
12/15/2024,6:00,321.6
12/15/2024,6:15,300.8
12/15/2024,6:30,297.6
12/15/2024,6:45,330.4
12/15/2024,7:00,364.8
12/15/2024,7:15,384.8
12/15/2024,7:30,325.6
12/15/2024,7:45,328
12/15/2024,8:00,315.2
12/15/2024,8:15,340.8
12/15/2024,8:30,386.4
12/15/2024,8:45,377.6
12/15/2024,9:00,411.2
12/15/2024,9:15,424.8
12/15/2024,9:30,379.2
12/15/2024,9:45,374.4
12/15/2024,10:00,395.2
12/15/2024,10:15,348
12/15/2024,10:30,353.6
12/15/2024,10:45,385.6
12/15/2024,11:00,336
12/15/2024,11:15,347.2
12/15/2024,11:30,337.6
12/15/2024,11:45,324
12/15/2024,12:00,319.2
12/15/2024,12:15,327.2
12/15/2024,12:30,310.4
12/15/2024,12:45,302.4
12/15/2024,13:00,344.8
12/15/2024,13:15,306.4
12/15/2024,13:30,325.6
12/15/2024,13:45,357.6
12/15/2024,14:00,300.8
12/15/2024,14:15,292.8
12/15/2024,14:30,307.2
12/15/2024,14:45,312
12/15/2024,15:00,304
12/15/2024,15:15,327.2
12/15/2024,15:30,338.4
12/15/2024,15:45,328
12/15/2024,16:00,354.4
12/15/2024,16:15,352
12/15/2024,16:30,319.2
12/15/2024,16:45,304
12/15/2024,17:00,292
12/15/2024,17:15,269.6
12/15/2024,17:30,284.8
12/15/2024,17:45,352.8
12/15/2024,18:00,335.2
12/15/2024,18:15,369.6
12/15/2024,18:30,350.4
12/15/2024,18:45,305.6
12/15/2024,19:00,323.2
12/15/2024,19:15,292
12/15/2024,19:30,323.2
12/15/2024,19:45,316.8
12/15/2024,20:00,307.2
12/15/2024,20:15,353.6
12/15/2024,20:30,375.2
12/15/2024,20:45,360.8
12/15/2024,21:00,345.6
12/15/2024,21:15,308
12/15/2024,21:30,334.4
12/15/2024,21:45,325.6
12/15/2024,22:00,305.6
12/15/2024,22:15,328.8
12/15/2024,22:30,325.6
12/15/2024,22:45,303.2
12/15/2024,23:00,345.6
12/15/2024,23:15,327.2
12/15/2024,23:30,331.2
12/15/2024,23:45,297.6
12/16/2024,0:00,272.8
12/16/2024,0:15,287.2
12/16/2024,0:30,291.2
12/16/2024,0:45,303.2
12/16/2024,1:00,301.6
12/16/2024,1:15,352
12/16/2024,1:30,320
12/16/2024,1:45,304.8
12/16/2024,2:00,347.2
12/16/2024,2:15,318.4
12/16/2024,2:30,311.2
12/16/2024,2:45,296
12/16/2024,3:00,287.2
12/16/2024,3:15,304
12/16/2024,3:30,291.2
12/16/2024,3:45,292.8
12/16/2024,4:00,314.4
12/16/2024,4:15,320
12/16/2024,4:30,319.2
12/16/2024,4:45,315.2
12/16/2024,5:00,332.8
12/16/2024,5:15,320.8
12/16/2024,5:30,279.2
12/16/2024,5:45,301.6
12/16/2024,6:00,304
12/16/2024,6:15,300.8
12/16/2024,6:30,337.6
12/16/2024,6:45,306.4
12/16/2024,7:00,367.2
12/16/2024,7:15,380.8
12/16/2024,7:30,354.4
12/16/2024,7:45,332
12/16/2024,8:00,346.4
12/16/2024,8:15,348
12/16/2024,8:30,327.2
12/16/2024,8:45,320
12/16/2024,9:00,324.8
12/16/2024,9:15,330.4
12/16/2024,9:30,336.8
12/16/2024,9:45,406.4
12/16/2024,10:00,348.8
12/16/2024,10:15,358.4
12/16/2024,10:30,340.8
12/16/2024,10:45,306.4
12/16/2024,11:00,356.8
12/16/2024,11:15,347.2
12/16/2024,11:30,334.4
12/16/2024,11:45,331.2
12/16/2024,12:00,302.4
12/16/2024,12:15,353.6
12/16/2024,12:30,346.4
12/16/2024,12:45,365.6
12/16/2024,13:00,361.6
12/16/2024,13:15,359.2
12/16/2024,13:30,347.2
12/16/2024,13:45,324
12/16/2024,14:00,324.8
12/16/2024,14:15,358.4
12/16/2024,14:30,330.4
12/16/2024,14:45,304.8
12/16/2024,15:00,288
12/16/2024,15:15,279.2
12/16/2024,15:30,284
12/16/2024,15:45,292.8
12/16/2024,16:00,297.6
12/16/2024,16:15,308.8
12/16/2024,16:30,308.8
12/16/2024,16:45,364.8
12/16/2024,17:00,368
12/16/2024,17:15,346.4
12/16/2024,17:30,320
12/16/2024,17:45,315.2
12/16/2024,18:00,345.6
12/16/2024,18:15,324
12/16/2024,18:30,300.8
12/16/2024,18:45,309.6
12/16/2024,19:00,344.8
12/16/2024,19:15,334.4
12/16/2024,19:30,364
12/16/2024,19:45,349.6
12/16/2024,20:00,330.4
12/16/2024,20:15,328
12/16/2024,20:30,314.4
12/16/2024,20:45,312.8
12/16/2024,21:00,308.8
12/16/2024,21:15,306.4
12/16/2024,21:30,378.4
12/16/2024,21:45,337.6
12/16/2024,22:00,358.4
12/16/2024,22:15,348
12/16/2024,22:30,294.4
12/16/2024,22:45,311.2
12/16/2024,23:00,294.4
12/16/2024,23:15,304
12/16/2024,23:30,286.4
12/16/2024,23:45,324.8
12/17/2024,0:00,341.6
12/17/2024,0:15,320.8
12/17/2024,0:30,369.6
12/17/2024,0:45,352.8
12/17/2024,1:00,323.2
12/17/2024,1:15,294.4
12/17/2024,1:30,290.4
12/17/2024,1:45,307.2
12/17/2024,2:00,317.6
12/17/2024,2:15,292.8
12/17/2024,2:30,293.6
12/17/2024,2:45,345.6
12/17/2024,3:00,362.4
12/17/2024,3:15,347.2
12/17/2024,3:30,340.8
12/17/2024,3:45,347.2
12/17/2024,4:00,320
12/17/2024,4:15,327.2
12/17/2024,4:30,310.4
12/17/2024,4:45,320.8
12/17/2024,5:00,320
12/17/2024,5:15,349.6
12/17/2024,5:30,372
12/17/2024,5:45,380
12/17/2024,6:00,408
12/17/2024,6:15,390.4
12/17/2024,6:30,352.8
12/17/2024,6:45,368
12/17/2024,7:00,348.8
12/17/2024,7:15,344.8
12/17/2024,7:30,375.2
12/17/2024,7:45,377.6
12/17/2024,8:00,420.8
12/17/2024,8:15,368.8
12/17/2024,8:30,390.4
12/17/2024,8:45,371.2
12/17/2024,9:00,417.6
12/17/2024,9:15,330.4
12/17/2024,9:30,347.2
12/17/2024,9:45,325.6
12/17/2024,10:00,464.8
12/17/2024,10:15,445.6
12/17/2024,10:30,548
12/17/2024,10:45,520
12/17/2024,11:00,536.8
12/17/2024,11:15,546.4
12/17/2024,11:30,549.6
12/17/2024,11:45,511.2
12/17/2024,12:00,506.4
12/17/2024,12:15,480.8
12/17/2024,12:30,499.2
12/17/2024,12:45,507.2
12/17/2024,13:00,550.4
12/17/2024,13:15,532
12/17/2024,13:30,538.4
12/17/2024,13:45,530.4
12/17/2024,14:00,495.2
12/17/2024,14:15,551.2
12/17/2024,14:30,490.4
12/17/2024,14:45,504
12/17/2024,15:00,504
12/17/2024,15:15,527.2
12/17/2024,15:30,568
12/17/2024,15:45,535.2
12/17/2024,16:00,560.8
12/17/2024,16:15,560.8
12/17/2024,16:30,544.8
12/17/2024,16:45,547.2
12/17/2024,17:00,521.6
12/17/2024,17:15,520.8
12/17/2024,17:30,524.8
12/17/2024,17:45,524.8
12/17/2024,18:00,562.4
12/17/2024,18:15,520
12/17/2024,18:30,516.8
12/17/2024,18:45,515.2
12/17/2024,19:00,522.4
12/17/2024,19:15,619.2
12/17/2024,19:30,595.2
12/17/2024,19:45,492
12/17/2024,20:00,519.2
12/17/2024,20:15,573.6
12/17/2024,20:30,491.2
12/17/2024,20:45,437.6
12/17/2024,21:00,463.2
12/17/2024,21:15,464.8
12/17/2024,21:30,454.4
12/17/2024,21:45,448
12/17/2024,22:00,444
12/17/2024,22:15,480.8
12/17/2024,22:30,464.8
12/17/2024,22:45,466.4
12/17/2024,23:00,463.2
12/17/2024,23:15,450.4
12/17/2024,23:30,380.8
12/17/2024,23:45,420.8
12/18/2024,0:00,437.6
12/18/2024,0:15,408
12/18/2024,0:30,410.4
12/18/2024,0:45,415.2
12/18/2024,1:00,431.2
12/18/2024,1:15,465.6
12/18/2024,1:30,464
12/18/2024,1:45,405.6
12/18/2024,2:00,384.8
12/18/2024,2:15,364
12/18/2024,2:30,360
12/18/2024,2:45,345.6
12/18/2024,3:00,301.6
12/18/2024,3:15,292.8
12/18/2024,3:30,276
12/18/2024,3:45,255.2
12/18/2024,4:00,271.2
12/18/2024,4:15,296.8
12/18/2024,4:30,294.4
12/18/2024,4:45,291.2
12/18/2024,5:00,284
12/18/2024,5:15,303.2
12/18/2024,5:30,284.8
12/18/2024,5:45,321.6
12/18/2024,6:00,323.2
12/18/2024,6:15,300.8
12/18/2024,6:30,289.6
12/18/2024,6:45,272.8
12/18/2024,7:00,282.4
12/18/2024,7:15,287.2
12/18/2024,7:30,313.6
12/18/2024,7:45,367.2
12/18/2024,8:00,320
12/18/2024,8:15,313.6
12/18/2024,8:30,312
12/18/2024,8:45,340
12/18/2024,9:00,328
12/18/2024,9:15,281.6
12/18/2024,9:30,296
12/18/2024,9:45,321.6
12/18/2024,10:00,306.4
12/18/2024,10:15,276
12/18/2024,10:30,292.8
12/18/2024,10:45,346.4
12/18/2024,11:00,340
12/18/2024,11:15,392.8
12/18/2024,11:30,356
12/18/2024,11:45,320
12/18/2024,12:00,290.4
12/18/2024,12:15,291.2
12/18/2024,12:30,315.2
12/18/2024,12:45,258.4
12/18/2024,13:00,260
12/18/2024,13:15,286.4
12/18/2024,13:30,280
12/18/2024,13:45,306.4
12/18/2024,14:00,297.6
12/18/2024,14:15,279.2
12/18/2024,14:30,273.6
12/18/2024,14:45,266.4
12/18/2024,15:00,280.8
12/18/2024,15:15,283.2
12/18/2024,15:30,253.6
12/18/2024,15:45,336.8
12/18/2024,16:00,356.8
12/18/2024,16:15,326.4
12/18/2024,16:30,303.2
12/18/2024,16:45,277.6
12/18/2024,17:00,271.2
12/18/2024,17:15,268
12/18/2024,17:30,281.6
12/18/2024,17:45,273.6
12/18/2024,18:00,304.8
12/18/2024,18:15,308.8
12/18/2024,18:30,302.4
12/18/2024,18:45,302.4
12/18/2024,19:00,280.8
12/18/2024,19:15,278.4
12/18/2024,19:30,276
12/18/2024,19:45,266.4
12/18/2024,20:00,267.2
12/18/2024,20:15,268.8
12/18/2024,20:30,323.2
12/18/2024,20:45,321.6
12/18/2024,21:00,312
12/18/2024,21:15,324.8
12/18/2024,21:30,268.8
12/18/2024,21:45,275.2
12/18/2024,22:00,284
12/18/2024,22:15,306.4
12/18/2024,22:30,264
12/18/2024,22:45,250.4
12/18/2024,23:00,226.4
12/18/2024,23:15,329.6
12/18/2024,23:30,295.2
12/18/2024,23:45,305.6
12/19/2024,0:00,299.2
12/19/2024,0:15,272.8
12/19/2024,0:30,272
12/19/2024,0:45,244.8
12/19/2024,1:00,256.8
12/19/2024,1:15,251.2
12/19/2024,1:30,239.2
12/19/2024,1:45,240.8
12/19/2024,2:00,254.4
12/19/2024,2:15,264.8
12/19/2024,2:30,320
12/19/2024,2:45,280.8
12/19/2024,3:00,296.8
12/19/2024,3:15,320
12/19/2024,3:30,281.6
12/19/2024,3:45,271.2
12/19/2024,4:00,260.8
12/19/2024,4:15,225.6
12/19/2024,4:30,265.6
12/19/2024,4:45,275.2
12/19/2024,5:00,264.8
12/19/2024,5:15,281.6
12/19/2024,5:30,312
12/19/2024,5:45,310.4
12/19/2024,6:00,320
12/19/2024,6:15,327.2
12/19/2024,6:30,303.2
12/19/2024,6:45,272.8
12/19/2024,7:00,275.2
12/19/2024,7:15,273.6
12/19/2024,7:30,291.2
12/19/2024,7:45,288
12/19/2024,8:00,338.4
12/19/2024,8:15,332
12/19/2024,8:30,369.6
12/19/2024,8:45,359.2
12/19/2024,9:00,374.4
12/19/2024,9:15,364.8
12/19/2024,9:30,332.8
12/19/2024,9:45,367.2
12/19/2024,10:00,314.4
12/19/2024,10:15,317.6
12/19/2024,10:30,327.2
12/19/2024,10:45,336.8
12/19/2024,11:00,344.8
12/19/2024,11:15,360.8
12/19/2024,11:30,318.4
12/19/2024,11:45,305.6
12/19/2024,12:00,283.2
12/19/2024,12:15,275.2
12/19/2024,12:30,252.8
12/19/2024,12:45,280.8
12/19/2024,13:00,304
12/19/2024,13:15,284
12/19/2024,13:30,309.6
12/19/2024,13:45,302.4
12/19/2024,14:00,276.8
12/19/2024,14:15,298.4
12/19/2024,14:30,310.4
12/19/2024,14:45,329.6
12/19/2024,15:00,380
12/19/2024,15:15,314.4
12/19/2024,15:30,328.8
12/19/2024,15:45,349.6
12/19/2024,16:00,333.6
12/19/2024,16:15,347.2
12/19/2024,16:30,393.6
12/19/2024,16:45,371.2
12/19/2024,17:00,352.8
12/19/2024,17:15,349.6
12/19/2024,17:30,349.6
12/19/2024,17:45,322.4
12/19/2024,18:00,323.2
12/19/2024,18:15,339.2
12/19/2024,18:30,297.6
12/19/2024,18:45,272.8
12/19/2024,19:00,322.4
12/19/2024,19:15,312.8
12/19/2024,19:30,306.4
12/19/2024,19:45,299.2
12/19/2024,20:00,264
12/19/2024,20:15,276
12/19/2024,20:30,275.2
12/19/2024,20:45,276.8
12/19/2024,21:00,264.8
12/19/2024,21:15,300.8
12/19/2024,21:30,312
12/19/2024,21:45,309.6
12/19/2024,22:00,313.6
12/19/2024,22:15,299.2
12/19/2024,22:30,248
12/19/2024,22:45,276.8
12/19/2024,23:00,274.4
12/19/2024,23:15,240.8
12/19/2024,23:30,242.4
12/19/2024,23:45,251.2
12/20/2024,0:00,258.4
12/20/2024,0:15,300.8
12/20/2024,0:30,265.6
12/20/2024,0:45,279.2
12/20/2024,1:00,284.8
12/20/2024,1:15,294.4
12/20/2024,1:30,244.8
12/20/2024,1:45,244
12/20/2024,2:00,263.2
12/20/2024,2:15,244
12/20/2024,2:30,252.8
12/20/2024,2:45,237.6
12/20/2024,3:00,312.8
12/20/2024,3:15,291.2
12/20/2024,3:30,276
12/20/2024,3:45,270.4
12/20/2024,4:00,280.8
12/20/2024,4:15,259.2
12/20/2024,4:30,231.2
12/20/2024,4:45,244
12/20/2024,5:00,245.6
12/20/2024,5:15,277.6
12/20/2024,5:30,244
12/20/2024,5:45,275.2
12/20/2024,6:00,313.6
12/20/2024,6:15,299.2
12/20/2024,6:30,302.4
12/20/2024,6:45,319.2
12/20/2024,7:00,300
12/20/2024,7:15,312.8
12/20/2024,7:30,300
12/20/2024,7:45,296.8
12/20/2024,8:00,316.8
12/20/2024,8:15,296.8
12/20/2024,8:30,282.4
12/20/2024,8:45,288
12/20/2024,9:00,300.8
12/20/2024,9:15,282.4
12/20/2024,9:30,312
12/20/2024,9:45,320
12/20/2024,10:00,321.6
12/20/2024,10:15,287.2
12/20/2024,10:30,305.6
12/20/2024,10:45,364
12/20/2024,11:00,376.8
12/20/2024,11:15,388.8
12/20/2024,11:30,397.6
12/20/2024,11:45,391.2
12/20/2024,12:00,380
12/20/2024,12:15,336.8
12/20/2024,12:30,308
12/20/2024,12:45,316
12/20/2024,13:00,306.4
12/20/2024,13:15,280
12/20/2024,13:30,379.2
12/20/2024,13:45,324
12/20/2024,14:00,339.2
12/20/2024,14:15,336
12/20/2024,14:30,276
12/20/2024,14:45,360.8
12/20/2024,15:00,294.4
12/20/2024,15:15,319.2
12/20/2024,15:30,330.4
12/20/2024,15:45,295.2
12/20/2024,16:00,368.8
12/20/2024,16:15,381.6
12/20/2024,16:30,379.2
12/20/2024,16:45,356
12/20/2024,17:00,366.4
12/20/2024,17:15,373.6
12/20/2024,17:30,372
12/20/2024,17:45,361.6
12/20/2024,18:00,371.2
12/20/2024,18:15,368
12/20/2024,18:30,358.4
12/20/2024,18:45,357.6
12/20/2024,19:00,330.4
12/20/2024,19:15,341.6
12/20/2024,19:30,339.2
12/20/2024,19:45,354.4
12/20/2024,20:00,357.6
12/20/2024,20:15,316.8
12/20/2024,20:30,314.4
12/20/2024,20:45,344
12/20/2024,21:00,316
12/20/2024,21:15,377.6
12/20/2024,21:30,341.6
12/20/2024,21:45,332
12/20/2024,22:00,378.4
12/20/2024,22:15,386.4
12/20/2024,22:30,330.4
12/20/2024,22:45,284.8
12/20/2024,23:00,281.6
12/20/2024,23:15,298.4
12/20/2024,23:30,321.6
12/20/2024,23:45,284
12/21/2024,0:00,307.2
12/21/2024,0:15,294.4
12/21/2024,0:30,310.4
12/21/2024,0:45,364
12/21/2024,1:00,346.4
12/21/2024,1:15,371.2
12/21/2024,1:30,345.6
12/21/2024,1:45,352.8
12/21/2024,2:00,332.8
12/21/2024,2:15,278.4
12/21/2024,2:30,323.2
12/21/2024,2:45,296.8
12/21/2024,3:00,346.4
12/21/2024,3:15,330.4
12/21/2024,3:30,323.2
12/21/2024,3:45,360.8
12/21/2024,4:00,350.4
12/21/2024,4:15,334.4
12/21/2024,4:30,322.4
12/21/2024,4:45,308.8
12/21/2024,5:00,318.4
12/21/2024,5:15,334.4
12/21/2024,5:30,373.6
12/21/2024,5:45,365.6
12/21/2024,6:00,335.2
12/21/2024,6:15,338.4
12/21/2024,6:30,340
12/21/2024,6:45,348.8
12/21/2024,7:00,364.8
12/21/2024,7:15,344
12/21/2024,7:30,359.2
12/21/2024,7:45,337.6
12/21/2024,8:00,385.6
12/21/2024,8:15,435.2
12/21/2024,8:30,393.6
12/21/2024,8:45,396.8
12/21/2024,9:00,392
12/21/2024,9:15,411.2
12/21/2024,9:30,442.4
12/21/2024,9:45,408.8
12/21/2024,10:00,435.2
12/21/2024,10:15,396.8
12/21/2024,10:30,412
12/21/2024,10:45,394.4
12/21/2024,11:00,414.4
12/21/2024,11:15,448
12/21/2024,11:30,424.8
12/21/2024,11:45,384
12/21/2024,12:00,377.6
12/21/2024,12:15,373.6
12/21/2024,12:30,344
12/21/2024,12:45,326.4
12/21/2024,13:00,376
12/21/2024,13:15,367.2
12/21/2024,13:30,390.4
12/21/2024,13:45,392
12/21/2024,14:00,369.6
12/21/2024,14:15,334.4
12/21/2024,14:30,345.6
12/21/2024,14:45,328.8
12/21/2024,15:00,407.2
12/21/2024,15:15,367.2
12/21/2024,15:30,375.2
12/21/2024,15:45,392
12/21/2024,16:00,404
12/21/2024,16:15,375.2
12/21/2024,16:30,349.6
12/21/2024,16:45,349.6
12/21/2024,17:00,372
12/21/2024,17:15,328
12/21/2024,17:30,344
12/21/2024,17:45,356
12/21/2024,18:00,388
12/21/2024,18:15,400
12/21/2024,18:30,378.4
12/21/2024,18:45,408.8
12/21/2024,19:00,368
12/21/2024,19:15,393.6
12/21/2024,19:30,384.8
12/21/2024,19:45,388
12/21/2024,20:00,407.2
12/21/2024,20:15,399.2
12/21/2024,20:30,421.6
12/21/2024,20:45,392.8
12/21/2024,21:00,372.8
12/21/2024,21:15,404
12/21/2024,21:30,376.8
12/21/2024,21:45,398.4
12/21/2024,22:00,378.4
12/21/2024,22:15,352.8
12/21/2024,22:30,348.8
12/21/2024,22:45,330.4
12/21/2024,23:00,316.8
12/21/2024,23:15,305.6
12/21/2024,23:30,318.4
12/21/2024,23:45,309.6
12/22/2024,0:00,324
12/22/2024,0:15,365.6
12/22/2024,0:30,362.4
12/22/2024,0:45,352.8
12/22/2024,1:00,379.2
12/22/2024,1:15,371.2
12/22/2024,1:30,414.4
12/22/2024,1:45,397.6
12/22/2024,2:00,321.6
12/22/2024,2:15,306.4
12/22/2024,2:30,336
12/22/2024,2:45,320
12/22/2024,3:00,350.4
12/22/2024,3:15,206.4
12/22/2024,3:30,204
12/22/2024,3:45,266.4
12/22/2024,4:00,265.6
12/22/2024,4:15,278.4
12/22/2024,4:30,272
12/22/2024,4:45,258.4
12/22/2024,5:00,250.4
12/22/2024,5:15,246.4
12/22/2024,5:30,211.2
12/22/2024,5:45,201.6
12/22/2024,6:00,228.8
12/22/2024,6:15,268.8
12/22/2024,6:30,262.4
12/22/2024,6:45,208
12/22/2024,7:00,228
12/22/2024,7:15,283.2
12/22/2024,7:30,252.8
12/22/2024,7:45,260
12/22/2024,8:00,272.8
12/22/2024,8:15,268.8
12/22/2024,8:30,289.6
12/22/2024,8:45,335.2
12/22/2024,9:00,274.4
12/22/2024,9:15,254.4
12/22/2024,9:30,280
12/22/2024,9:45,266.4
12/22/2024,10:00,261.6
12/22/2024,10:15,231.2
12/22/2024,10:30,280
12/22/2024,10:45,338.4
12/22/2024,11:00,431.2
12/22/2024,11:15,513.6
12/22/2024,11:30,481.6
12/22/2024,11:45,468
12/22/2024,12:00,438.4
12/22/2024,12:15,443.2
12/22/2024,12:30,448
12/22/2024,12:45,418.4
12/22/2024,13:00,460
12/22/2024,13:15,438.4
12/22/2024,13:30,448.8
12/22/2024,13:45,462.4
12/22/2024,14:00,428.8
12/22/2024,14:15,425.6
12/22/2024,14:30,423.2
12/22/2024,14:45,439.2
12/22/2024,15:00,443.2
12/22/2024,15:15,456
12/22/2024,15:30,448
12/22/2024,15:45,457.6
12/22/2024,16:00,467.2
12/22/2024,16:15,448.8
12/22/2024,16:30,461.6
12/22/2024,16:45,443.2
12/22/2024,17:00,418.4
12/22/2024,17:15,409.6
12/22/2024,17:30,459.2
12/22/2024,17:45,471.2
12/22/2024,18:00,480.8
12/22/2024,18:15,500.8
12/22/2024,18:30,461.6
12/22/2024,18:45,424
12/22/2024,19:00,407.2
12/22/2024,19:15,416.8
12/22/2024,19:30,401.6
12/22/2024,19:45,418.4
12/22/2024,20:00,443.2
12/22/2024,20:15,440
12/22/2024,20:30,455.2
12/22/2024,20:45,464.8
12/22/2024,21:00,460.8
12/22/2024,21:15,461.6
12/22/2024,21:30,449.6
12/22/2024,21:45,423.2
12/22/2024,22:00,437.6
12/22/2024,22:15,414.4
12/22/2024,22:30,428
12/22/2024,22:45,406.4
12/22/2024,23:00,389.6
12/22/2024,23:15,428
12/22/2024,23:30,461.6
12/22/2024,23:45,465.6
12/23/2024,0:00,434.4
12/23/2024,0:15,428
12/23/2024,0:30,399.2
12/23/2024,0:45,392.8
12/23/2024,1:00,408.8
12/23/2024,1:15,391.2
12/23/2024,1:30,432.8
12/23/2024,1:45,414.4
12/23/2024,2:00,447.2
12/23/2024,2:15,432.8
12/23/2024,2:30,426.4
12/23/2024,2:45,437.6
12/23/2024,3:00,413.6
12/23/2024,3:15,464.8
12/23/2024,3:30,404.8
12/23/2024,3:45,399.2
12/23/2024,4:00,405.6
12/23/2024,4:15,396.8
12/23/2024,4:30,424.8
12/23/2024,4:45,392
12/23/2024,5:00,420.8
12/23/2024,5:15,456
12/23/2024,5:30,457.6
12/23/2024,5:45,460.8
12/23/2024,6:00,464.8
12/23/2024,6:15,444.8
12/23/2024,6:30,462.4
12/23/2024,6:45,432
12/23/2024,7:00,464
12/23/2024,7:15,463.2
12/23/2024,7:30,445.6
12/23/2024,7:45,365.6
12/23/2024,8:00,375.2
12/23/2024,8:15,370.4
12/23/2024,8:30,430.4
12/23/2024,8:45,429.6
12/23/2024,9:00,412.8
12/23/2024,9:15,418.4
12/23/2024,9:30,445.6
12/23/2024,9:45,451.2
12/23/2024,10:00,407.2
12/23/2024,10:15,409.6
12/23/2024,10:30,409.6
12/23/2024,10:45,410.4
12/23/2024,11:00,440
12/23/2024,11:15,406.4
12/23/2024,11:30,411.2
12/23/2024,11:45,396
12/23/2024,12:00,395.2
12/23/2024,12:15,372
12/23/2024,12:30,348
12/23/2024,12:45,338.4
12/23/2024,13:00,355.2
12/23/2024,13:15,382.4
12/23/2024,13:30,362.4
12/23/2024,13:45,379.2
12/23/2024,14:00,400
12/23/2024,14:15,374.4
12/23/2024,14:30,372
12/23/2024,14:45,349.6
12/23/2024,15:00,324.8
12/23/2024,15:15,335.2
12/23/2024,15:30,364.8
12/23/2024,15:45,390.4
12/23/2024,16:00,347.2
12/23/2024,16:15,336.8
12/23/2024,16:30,339.2
12/23/2024,16:45,382.4
12/23/2024,17:00,395.2
12/23/2024,17:15,368.8
12/23/2024,17:30,404.8
12/23/2024,17:45,406.4
12/23/2024,18:00,362.4
12/23/2024,18:15,351.2
12/23/2024,18:30,332.8
12/23/2024,18:45,309.6
12/23/2024,19:00,344
12/23/2024,19:15,363.2
12/23/2024,19:30,340.8
12/23/2024,19:45,354.4
12/23/2024,20:00,360
12/23/2024,20:15,374.4
12/23/2024,20:30,386.4
12/23/2024,20:45,356.8
12/23/2024,21:00,362.4
12/23/2024,21:15,402.4
12/23/2024,21:30,356.8
12/23/2024,21:45,384
12/23/2024,22:00,372
12/23/2024,22:15,362.4
12/23/2024,22:30,341.6
12/23/2024,22:45,367.2
12/23/2024,23:00,352
12/23/2024,23:15,352.8
12/23/2024,23:30,339.2
12/23/2024,23:45,336.8
12/24/2024,0:00,326.4
12/24/2024,0:15,313.6
12/24/2024,0:30,345.6
12/24/2024,0:45,329.6
12/24/2024,1:00,317.6
12/24/2024,1:15,371.2
12/24/2024,1:30,345.6
12/24/2024,1:45,367.2
12/24/2024,2:00,368
12/24/2024,2:15,336.8
12/24/2024,2:30,308.8
12/24/2024,2:45,316
12/24/2024,3:00,308
12/24/2024,3:15,312
12/24/2024,3:30,339.2
12/24/2024,3:45,354.4
12/24/2024,4:00,342.4
12/24/2024,4:15,364
12/24/2024,4:30,355.2
12/24/2024,4:45,372
12/24/2024,5:00,320
12/24/2024,5:15,316.8
12/24/2024,5:30,328
12/24/2024,5:45,331.2
12/24/2024,6:00,366.4
12/24/2024,6:15,336.8
12/24/2024,6:30,403.2
12/24/2024,6:45,360.8
12/24/2024,7:00,380.8
12/24/2024,7:15,396.8
12/24/2024,7:30,383.2
12/24/2024,7:45,396.8
12/24/2024,8:00,368.8
12/24/2024,8:15,362.4
12/24/2024,8:30,370.4
12/24/2024,8:45,371.2
12/24/2024,9:00,358.4
12/24/2024,9:15,404
12/24/2024,9:30,436.8
12/24/2024,9:45,419.2
12/24/2024,10:00,387.2
12/24/2024,10:15,377.6
12/24/2024,10:30,376
12/24/2024,10:45,359.2
12/24/2024,11:00,377.6
12/24/2024,11:15,380.8
12/24/2024,11:30,401.6
12/24/2024,11:45,384
12/24/2024,12:00,365.6
12/24/2024,12:15,365.6
12/24/2024,12:30,367.2
12/24/2024,12:45,387.2
12/24/2024,13:00,404
12/24/2024,13:15,379.2
12/24/2024,13:30,351.2
12/24/2024,13:45,347.2
12/24/2024,14:00,361.6
12/24/2024,14:15,389.6
12/24/2024,14:30,364
12/24/2024,14:45,362.4
12/24/2024,15:00,363.2
12/24/2024,15:15,368.8
12/24/2024,15:30,376
12/24/2024,15:45,364.8
12/24/2024,16:00,336.8
12/24/2024,16:15,377.6
12/24/2024,16:30,359.2
12/24/2024,16:45,352.8
12/24/2024,17:00,364.8
12/24/2024,17:15,393.6
12/24/2024,17:30,383.2
12/24/2024,17:45,373.6
12/24/2024,18:00,383.2
12/24/2024,18:15,385.6
12/24/2024,18:30,381.6
12/24/2024,18:45,401.6
12/24/2024,19:00,376.8
12/24/2024,19:15,399.2
12/24/2024,19:30,371.2
12/24/2024,19:45,370.4
12/24/2024,20:00,404.8
12/24/2024,20:15,377.6
12/24/2024,20:30,357.6
12/24/2024,20:45,335.2
12/24/2024,21:00,340.8
12/24/2024,21:15,348.8
12/24/2024,21:30,340
12/24/2024,21:45,346.4
12/24/2024,22:00,343.2
12/24/2024,22:15,356.8
12/24/2024,22:30,321.6
12/24/2024,22:45,298.4
12/24/2024,23:00,354.4
12/24/2024,23:15,348.8
12/24/2024,23:30,350.4
12/24/2024,23:45,336
12/25/2024,0:00,376
12/25/2024,0:15,371.2
12/25/2024,0:30,292.8
12/25/2024,0:45,314.4
12/25/2024,1:00,304
12/25/2024,1:15,293.6
12/25/2024,1:30,306.4
12/25/2024,1:45,339.2
12/25/2024,2:00,316.8
12/25/2024,2:15,304.8
12/25/2024,2:30,339.2
12/25/2024,2:45,328
12/25/2024,3:00,340.8
12/25/2024,3:15,321.6
12/25/2024,3:30,352
12/25/2024,3:45,320
12/25/2024,4:00,350.4
12/25/2024,4:15,343.2
12/25/2024,4:30,340
12/25/2024,4:45,327.2
12/25/2024,5:00,334.4
12/25/2024,5:15,314.4
12/25/2024,5:30,352
12/25/2024,5:45,340
12/25/2024,6:00,361.6
12/25/2024,6:15,364
12/25/2024,6:30,354.4
12/25/2024,6:45,352.8
12/25/2024,7:00,340
12/25/2024,7:15,330.4
12/25/2024,7:30,359.2
12/25/2024,7:45,320.8
12/25/2024,8:00,390.4
12/25/2024,8:15,455.2
12/25/2024,8:30,399.2
12/25/2024,8:45,422.4
12/25/2024,9:00,369.6
12/25/2024,9:15,334.4
12/25/2024,9:30,371.2
12/25/2024,9:45,376.8
12/25/2024,10:00,362.4
12/25/2024,10:15,360.8
12/25/2024,10:30,364
12/25/2024,10:45,338.4
12/25/2024,11:00,395.2
12/25/2024,11:15,440.8
12/25/2024,11:30,410.4
12/25/2024,11:45,408
12/25/2024,12:00,401.6
12/25/2024,12:15,386.4
12/25/2024,12:30,332
12/25/2024,12:45,371.2
12/25/2024,13:00,372
12/25/2024,13:15,347.2
12/25/2024,13:30,334.4
12/25/2024,13:45,344
12/25/2024,14:00,356
12/25/2024,14:15,401.6
12/25/2024,14:30,395.2
12/25/2024,14:45,400.8
12/25/2024,15:00,356.8
12/25/2024,15:15,344
12/25/2024,15:30,325.6
12/25/2024,15:45,365.6
12/25/2024,16:00,363.2
12/25/2024,16:15,369.6
12/25/2024,16:30,361.6
12/25/2024,16:45,380.8
12/25/2024,17:00,400.8
12/25/2024,17:15,396.8
12/25/2024,17:30,384
12/25/2024,17:45,379.2
12/25/2024,18:00,358.4
12/25/2024,18:15,376
12/25/2024,18:30,329.6
12/25/2024,18:45,323.2
12/25/2024,19:00,314.4
12/25/2024,19:15,345.6
12/25/2024,19:30,313.6
12/25/2024,19:45,357.6
12/25/2024,20:00,336.8
12/25/2024,20:15,338.4
12/25/2024,20:30,338.4
12/25/2024,20:45,336.8
12/25/2024,21:00,350.4
12/25/2024,21:15,380.8
12/25/2024,21:30,384
12/25/2024,21:45,350.4
12/25/2024,22:00,343.2
12/25/2024,22:15,349.6
12/25/2024,22:30,304.8
12/25/2024,22:45,300.8
12/25/2024,23:00,340
12/25/2024,23:15,325.6
12/25/2024,23:30,306.4
12/25/2024,23:45,304
12/26/2024,0:00,371.2
12/26/2024,0:15,343.2
12/26/2024,0:30,355.2
12/26/2024,0:45,366.4
12/26/2024,1:00,330.4
12/26/2024,1:15,304
12/26/2024,1:30,304
12/26/2024,1:45,289.6
12/26/2024,2:00,298.4
12/26/2024,2:15,311.2
12/26/2024,2:30,346.4
12/26/2024,2:45,331.2
12/26/2024,3:00,345.6
12/26/2024,3:15,351.2
12/26/2024,3:30,316.8
12/26/2024,3:45,287.2
12/26/2024,4:00,312
12/26/2024,4:15,323.2
12/26/2024,4:30,296.8
12/26/2024,4:45,297.6
12/26/2024,5:00,344
12/26/2024,5:15,342.4
12/26/2024,5:30,347.2
12/26/2024,5:45,381.6
12/26/2024,6:00,330.4
12/26/2024,6:15,320.8
12/26/2024,6:30,350.4
12/26/2024,6:45,333.6
12/26/2024,7:00,338.4
12/26/2024,7:15,368
12/26/2024,7:30,347.2
12/26/2024,7:45,344
12/26/2024,8:00,361.6
12/26/2024,8:15,392.8
12/26/2024,8:30,411.2
12/26/2024,8:45,387.2
12/26/2024,9:00,378.4
12/26/2024,9:15,402.4
12/26/2024,9:30,413.6
12/26/2024,9:45,428.8
12/26/2024,10:00,420.8
12/26/2024,10:15,415.2
12/26/2024,10:30,376
12/26/2024,10:45,376.8
12/26/2024,11:00,387.2
12/26/2024,11:15,384
12/26/2024,11:30,425.6
12/26/2024,11:45,436.8
12/26/2024,12:00,428.8
12/26/2024,12:15,420
12/26/2024,12:30,419.2
12/26/2024,12:45,394.4
12/26/2024,13:00,424.8
12/26/2024,13:15,452
12/26/2024,13:30,387.2
12/26/2024,13:45,371.2
12/26/2024,14:00,358.4
12/26/2024,14:15,368.8
12/26/2024,14:30,367.2
12/26/2024,14:45,387.2
12/26/2024,15:00,330.4
12/26/2024,15:15,335.2
12/26/2024,15:30,332
12/26/2024,15:45,364.8
12/26/2024,16:00,360.8
12/26/2024,16:15,360
12/26/2024,16:30,359.2
12/26/2024,16:45,387.2
12/26/2024,17:00,398.4
12/26/2024,17:15,370.4
12/26/2024,17:30,372.8
12/26/2024,17:45,326.4
12/26/2024,18:00,360.8
12/26/2024,18:15,363.2
12/26/2024,18:30,328.8
12/26/2024,18:45,313.6
12/26/2024,19:00,304.8
12/26/2024,19:15,326.4
12/26/2024,19:30,357.6
12/26/2024,19:45,347.2
12/26/2024,20:00,356
12/26/2024,20:15,362.4
12/26/2024,20:30,354.4
12/26/2024,20:45,349.6
12/26/2024,21:00,349.6
12/26/2024,21:15,353.6
12/26/2024,21:30,356
12/26/2024,21:45,356
12/26/2024,22:00,361.6
12/26/2024,22:15,360
12/26/2024,22:30,304
12/26/2024,22:45,307.2
12/26/2024,23:00,320
12/26/2024,23:15,323.2
12/26/2024,23:30,318.4
12/26/2024,23:45,313.6
12/27/2024,0:00,370.4
12/27/2024,0:15,332.8
12/27/2024,0:30,352.8
12/27/2024,0:45,343.2
12/27/2024,1:00,348.8
12/27/2024,1:15,332
12/27/2024,1:30,290.4
12/27/2024,1:45,325.6
12/27/2024,2:00,278.4
12/27/2024,2:15,298.4
12/27/2024,2:30,309.6
12/27/2024,2:45,346.4
12/27/2024,3:00,339.2
12/27/2024,3:15,344
12/27/2024,3:30,356.8
12/27/2024,3:45,304
12/27/2024,4:00,304
12/27/2024,4:15,340.8
12/27/2024,4:30,319.2
12/27/2024,4:45,326.4
12/27/2024,5:00,330.4
12/27/2024,5:15,358.4
12/27/2024,5:30,356
12/27/2024,5:45,407.2
12/27/2024,6:00,381.6
12/27/2024,6:15,332
12/27/2024,6:30,313.6
12/27/2024,6:45,316.8
12/27/2024,7:00,339.2
12/27/2024,7:15,340
12/27/2024,7:30,339.2
12/27/2024,7:45,296
12/27/2024,8:00,363.2
12/27/2024,8:15,364.8
12/27/2024,8:30,379.2
12/27/2024,8:45,428.8
12/27/2024,9:00,392.8
12/27/2024,9:15,398.4
12/27/2024,9:30,365.6
12/27/2024,9:45,356.8
12/27/2024,10:00,376.8
12/27/2024,10:15,362.4
12/27/2024,10:30,375.2
12/27/2024,10:45,346.4
12/27/2024,11:00,355.2
12/27/2024,11:15,408
12/27/2024,11:30,418.4
12/27/2024,11:45,409.6
12/27/2024,12:00,407.2
12/27/2024,12:15,357.6
12/27/2024,12:30,346.4
12/27/2024,12:45,352
12/27/2024,13:00,372
12/27/2024,13:15,341.6
12/27/2024,13:30,355.2
12/27/2024,13:45,357.6
12/27/2024,14:00,324.8
12/27/2024,14:15,326.4
12/27/2024,14:30,316.8
12/27/2024,14:45,324
12/27/2024,15:00,316
12/27/2024,15:15,324
12/27/2024,15:30,369.6
12/27/2024,15:45,389.6
12/27/2024,16:00,407.2
12/27/2024,16:15,434.4
12/27/2024,16:30,337.6
12/27/2024,16:45,332
12/27/2024,17:00,375.2
12/27/2024,17:15,319.2
12/27/2024,17:30,332.8
12/27/2024,17:45,344.8
12/27/2024,18:00,360.8
12/27/2024,18:15,388.8
12/27/2024,18:30,420
12/27/2024,18:45,371.2
12/27/2024,19:00,346.4
12/27/2024,19:15,332.8
12/27/2024,19:30,348
12/27/2024,19:45,332
12/27/2024,20:00,340.8
12/27/2024,20:15,376.8
12/27/2024,20:30,392
12/27/2024,20:45,376
12/27/2024,21:00,380.8
12/27/2024,21:15,373.6
12/27/2024,21:30,364.8
12/27/2024,21:45,392
12/27/2024,22:00,375.2
12/27/2024,22:15,375.2
12/27/2024,22:30,344.8
12/27/2024,22:45,344
12/27/2024,23:00,343.2
12/27/2024,23:15,328.8
12/27/2024,23:30,333.6
12/27/2024,23:45,335.2
12/28/2024,0:00,329.6
12/28/2024,0:15,347.2
12/28/2024,0:30,311.2
12/28/2024,0:45,317.6
12/28/2024,1:00,328.8
12/28/2024,1:15,339.2
12/28/2024,1:30,332
12/28/2024,1:45,333.6
12/28/2024,2:00,354.4
12/28/2024,2:15,334.4
12/28/2024,2:30,324.8
12/28/2024,2:45,356.8
12/28/2024,3:00,307.2
12/28/2024,3:15,319.2
12/28/2024,3:30,301.6
12/28/2024,3:45,300.8
12/28/2024,4:00,340
12/28/2024,4:15,302.4
12/28/2024,4:30,340.8
12/28/2024,4:45,344.8
12/28/2024,5:00,342.4
12/28/2024,5:15,356
12/28/2024,5:30,339.2
12/28/2024,5:45,380.8
12/28/2024,6:00,394.4
12/28/2024,6:15,369.6
12/28/2024,6:30,363.2
12/28/2024,6:45,341.6
12/28/2024,7:00,368.8
12/28/2024,7:15,334.4
12/28/2024,7:30,333.6
12/28/2024,7:45,371.2
12/28/2024,8:00,394.4
12/28/2024,8:15,491.2
12/28/2024,8:30,396
12/28/2024,8:45,426.4
12/28/2024,9:00,409.6
12/28/2024,9:15,419.2
12/28/2024,9:30,414.4
12/28/2024,9:45,367.2
12/28/2024,10:00,359.2
12/28/2024,10:15,368
12/28/2024,10:30,396
12/28/2024,10:45,347.2
12/28/2024,11:00,342.4
12/28/2024,11:15,364
12/28/2024,11:30,353.6
12/28/2024,11:45,421.6
12/28/2024,12:00,382.4
12/28/2024,12:15,356.8
12/28/2024,12:30,369.6
12/28/2024,12:45,349.6
12/28/2024,13:00,354.4
12/28/2024,13:15,293.6
12/28/2024,13:30,333.6
12/28/2024,13:45,304.8
12/28/2024,14:00,299.2
12/28/2024,14:15,314.4
12/28/2024,14:30,318.4
12/28/2024,14:45,309.6
12/28/2024,15:00,355.2
12/28/2024,15:15,343.2
12/28/2024,15:30,358.4
12/28/2024,15:45,380
12/28/2024,16:00,381.6
12/28/2024,16:15,327.2
12/28/2024,16:30,331.2
12/28/2024,16:45,342.4
12/28/2024,17:00,323.2
12/28/2024,17:15,360.8
12/28/2024,17:30,357.6
12/28/2024,17:45,366.4
12/28/2024,18:00,394.4
12/28/2024,18:15,388.8
12/28/2024,18:30,373.6
12/28/2024,18:45,374.4
12/28/2024,19:00,397.6
12/28/2024,19:15,349.6
12/28/2024,19:30,336
12/28/2024,19:45,332.8
12/28/2024,20:00,331.2
12/28/2024,20:15,358.4
12/28/2024,20:30,357.6
12/28/2024,20:45,372.8
12/28/2024,21:00,356
12/28/2024,21:15,348
12/28/2024,21:30,405.6
12/28/2024,21:45,380
12/28/2024,22:00,398.4
12/28/2024,22:15,381.6
12/28/2024,22:30,351.2
12/28/2024,22:45,364
12/28/2024,23:00,343.2
12/28/2024,23:15,355.2
12/28/2024,23:30,344
12/28/2024,23:45,364
12/29/2024,0:00,378.4
12/29/2024,0:15,384
12/29/2024,0:30,381.6
12/29/2024,0:45,364.8
12/29/2024,1:00,244.8
12/29/2024,1:15,241.6
12/29/2024,1:30,242.4
12/29/2024,1:45,220.8
12/29/2024,2:00,236.8
12/29/2024,2:15,237.6
12/29/2024,2:30,208
12/29/2024,2:45,220.8
12/29/2024,3:00,231.2
12/29/2024,3:15,216.8
12/29/2024,3:30,241.6
12/29/2024,3:45,222.4
12/29/2024,4:00,224.8
12/29/2024,4:15,221.6
12/29/2024,4:30,247.2
12/29/2024,4:45,228.8
12/29/2024,5:00,195.2
12/29/2024,5:15,192.8
12/29/2024,5:30,211.2
12/29/2024,5:45,227.2
12/29/2024,6:00,281.6
12/29/2024,6:15,280.8
12/29/2024,6:30,300.8
12/29/2024,6:45,275.2
12/29/2024,7:00,284
12/29/2024,7:15,233.6
12/29/2024,7:30,286.4
12/29/2024,7:45,242.4
12/29/2024,8:00,213.6
12/29/2024,8:15,232.8
12/29/2024,8:30,226.4
12/29/2024,8:45,191.2
12/29/2024,9:00,270.4
12/29/2024,9:15,253.6
12/29/2024,9:30,273.6
12/29/2024,9:45,275.2
12/29/2024,10:00,272
12/29/2024,10:15,248.8
12/29/2024,10:30,208.8
12/29/2024,10:45,222.4
12/29/2024,11:00,224.8
12/29/2024,11:15,246.4
12/29/2024,11:30,211.2
12/29/2024,11:45,225.6
12/29/2024,12:00,256.8
12/29/2024,12:15,267.2
12/29/2024,12:30,244.8
12/29/2024,12:45,266.4
12/29/2024,13:00,267.2
12/29/2024,13:15,229.6
12/29/2024,13:30,240.8
12/29/2024,13:45,240.8
12/29/2024,14:00,230.4
12/29/2024,14:15,250.4
12/29/2024,14:30,252.8
12/29/2024,14:45,228
12/29/2024,15:00,234.4
12/29/2024,15:15,198.4
12/29/2024,15:30,181.6
12/29/2024,15:45,191.2
12/29/2024,16:00,226.4
12/29/2024,16:15,219.2
12/29/2024,16:30,207.2
12/29/2024,16:45,240.8
12/29/2024,17:00,236
12/29/2024,17:15,227.2
12/29/2024,17:30,227.2
12/29/2024,17:45,248
12/29/2024,18:00,253.6
12/29/2024,18:15,243.2
12/29/2024,18:30,232
12/29/2024,18:45,224.8
12/29/2024,19:00,242.4
12/29/2024,19:15,240
12/29/2024,19:30,229.6
12/29/2024,19:45,226.4
12/29/2024,20:00,223.2
12/29/2024,20:15,213.6
12/29/2024,20:30,225.6
12/29/2024,20:45,233.6
12/29/2024,21:00,202.4
12/29/2024,21:15,201.6
12/29/2024,21:30,203.2
12/29/2024,21:45,240.8
12/29/2024,22:00,241.6
12/29/2024,22:15,240.8
12/29/2024,22:30,230.4
12/29/2024,22:45,217.6
12/29/2024,23:00,183.2
12/29/2024,23:15,183.2
12/29/2024,23:30,196.8
12/29/2024,23:45,184.8
12/30/2024,0:00,173.6
12/30/2024,0:15,196.8
12/30/2024,0:30,214.4
12/30/2024,0:45,214.4
12/30/2024,1:00,220
12/30/2024,1:15,217.6
12/30/2024,1:30,224
12/30/2024,1:45,276
12/30/2024,2:00,217.6
12/30/2024,2:15,180.8
12/30/2024,2:30,188
12/30/2024,2:45,183.2
12/30/2024,3:00,190.4
12/30/2024,3:15,213.6
12/30/2024,3:30,208
12/30/2024,3:45,205.6
12/30/2024,4:00,236.8
12/30/2024,4:15,221.6
12/30/2024,4:30,220.8
12/30/2024,4:45,260.8
12/30/2024,5:00,252
12/30/2024,5:15,244
12/30/2024,5:30,203.2
12/30/2024,5:45,224
12/30/2024,6:00,230.4
12/30/2024,6:15,234.4
12/30/2024,6:30,232
12/30/2024,6:45,240
12/30/2024,7:00,258.4
12/30/2024,7:15,227.2
12/30/2024,7:30,241.6
12/30/2024,7:45,274.4
12/30/2024,8:00,237.6
12/30/2024,8:15,241.6
12/30/2024,8:30,357.6
12/30/2024,8:45,393.6
12/30/2024,9:00,443.2
12/30/2024,9:15,383.2
12/30/2024,9:30,438.4
12/30/2024,9:45,411.2
12/30/2024,10:00,364.8
12/30/2024,10:15,411.2
12/30/2024,10:30,389.6
12/30/2024,10:45,401.6
12/30/2024,11:00,381.6
12/30/2024,11:15,382.4
12/30/2024,11:30,424.8
12/30/2024,11:45,356.8
12/30/2024,12:00,357.6
12/30/2024,12:15,356.8
12/30/2024,12:30,357.6
12/30/2024,12:45,323.2
12/30/2024,13:00,345.6
12/30/2024,13:15,384
12/30/2024,13:30,359.2
12/30/2024,13:45,350.4
12/30/2024,14:00,320.8
12/30/2024,14:15,317.6
12/30/2024,14:30,338.4
12/30/2024,14:45,331.2
12/30/2024,15:00,322.4
12/30/2024,15:15,339.2
12/30/2024,15:30,376
12/30/2024,15:45,374.4
12/30/2024,16:00,384
12/30/2024,16:15,375.2
12/30/2024,16:30,364.8
12/30/2024,16:45,332
12/30/2024,17:00,355.2
12/30/2024,17:15,336
12/30/2024,17:30,360
12/30/2024,17:45,411.2
12/30/2024,18:00,398.4
12/30/2024,18:15,378.4
12/30/2024,18:30,409.6
12/30/2024,18:45,336
12/30/2024,19:00,333.6
12/30/2024,19:15,347.2
12/30/2024,19:30,342.4
12/30/2024,19:45,399.2
12/30/2024,20:00,370.4
12/30/2024,20:15,384.8
12/30/2024,20:30,368
12/30/2024,20:45,360.8
12/30/2024,21:00,364.8
12/30/2024,21:15,357.6
12/30/2024,21:30,372.8
12/30/2024,21:45,358.4
12/30/2024,22:00,375.2
12/30/2024,22:15,387.2
12/30/2024,22:30,332.8
12/30/2024,22:45,359.2
12/30/2024,23:00,340
12/30/2024,23:15,340.8
12/30/2024,23:30,351.2
12/30/2024,23:45,320
12/31/2024,0:00,340
12/31/2024,0:15,304
12/31/2024,0:30,319.2
12/31/2024,0:45,307.2
12/31/2024,1:00,327.2
12/31/2024,1:15,321.6
12/31/2024,1:30,311.2
12/31/2024,1:45,342.4
12/31/2024,2:00,360
12/31/2024,2:15,341.6
12/31/2024,2:30,351.2
12/31/2024,2:45,320
12/31/2024,3:00,311.2
12/31/2024,3:15,350.4
12/31/2024,3:30,307.2
12/31/2024,3:45,325.6
12/31/2024,4:00,328.8
12/31/2024,4:15,367.2
12/31/2024,4:30,388
12/31/2024,4:45,372
12/31/2024,5:00,364.8
12/31/2024,5:15,327.2
12/31/2024,5:30,317.6
12/31/2024,5:45,374.4
12/31/2024,6:00,343.2
12/31/2024,6:15,368
12/31/2024,6:30,329.6
12/31/2024,6:45,367.2
12/31/2024,7:00,371.2
12/31/2024,7:15,360
12/31/2024,7:30,325.6
12/31/2024,7:45,356.8
12/31/2024,8:00,317.6
12/31/2024,8:15,381.6
12/31/2024,8:30,351.2
12/31/2024,8:45,352.8
12/31/2024,9:00,352.8
12/31/2024,9:15,361.6
12/31/2024,9:30,407.2
12/31/2024,9:45,428
12/31/2024,10:00,402.4
12/31/2024,10:15,403.2
12/31/2024,10:30,430.4
12/31/2024,10:45,423.2
12/31/2024,11:00,416.8
12/31/2024,11:15,422.4
12/31/2024,11:30,401.6
12/31/2024,11:45,437.6
12/31/2024,12:00,420
12/31/2024,12:15,387.2
12/31/2024,12:30,401.6
12/31/2024,12:45,380
12/31/2024,13:00,336
12/31/2024,13:15,318.4
12/31/2024,13:30,316.8
12/31/2024,13:45,328.8
12/31/2024,14:00,309.6
12/31/2024,14:15,319.2
12/31/2024,14:30,352
12/31/2024,14:45,364.8
12/31/2024,15:00,359.2
12/31/2024,15:15,362.4
12/31/2024,15:30,338.4
12/31/2024,15:45,345.6
12/31/2024,16:00,369.6
12/31/2024,16:15,364.8
12/31/2024,16:30,348.8
12/31/2024,16:45,340.8
12/31/2024,17:00,374.4
12/31/2024,17:15,369.6
12/31/2024,17:30,364
12/31/2024,17:45,433.6
12/31/2024,18:00,372.8
12/31/2024,18:15,317.6
12/31/2024,18:30,309.6
12/31/2024,18:45,322.4
12/31/2024,19:00,327.2
12/31/2024,19:15,366.4
12/31/2024,19:30,368
12/31/2024,19:45,360.8
12/31/2024,20:00,364
12/31/2024,20:15,374.4
12/31/2024,20:30,338.4
12/31/2024,20:45,329.6
12/31/2024,21:00,332.8
12/31/2024,21:15,330.4
12/31/2024,21:30,327.2
12/31/2024,21:45,359.2
12/31/2024,22:00,348
12/31/2024,22:15,362.4
12/31/2024,22:30,364.8
12/31/2024,22:45,353.6
12/31/2024,23:00,354.4
12/31/2024,23:15,357.6
12/31/2024,23:30,324.8
12/31/2024,23:45,357.6
1/1/2025,0:00,317.6
1/1/2025,0:15,365.6
1/1/2025,0:30,364.8
1/1/2025,0:45,351.2
1/1/2025,1:00,340.8
1/1/2025,1:15,344.8
1/1/2025,1:30,342.4
1/1/2025,1:45,344
1/1/2025,2:00,336
1/1/2025,2:15,320.8
1/1/2025,2:30,312
1/1/2025,2:45,318.4
1/1/2025,3:00,320.8
1/1/2025,3:15,339.2
1/1/2025,3:30,356.8
1/1/2025,3:45,353.6
1/1/2025,4:00,378.4
1/1/2025,4:15,357.6
1/1/2025,4:30,378.4
1/1/2025,4:45,334.4
1/1/2025,5:00,324
1/1/2025,5:15,331.2
1/1/2025,5:30,336.8
1/1/2025,5:45,368
1/1/2025,6:00,346.4
1/1/2025,6:15,352
1/1/2025,6:30,378.4
1/1/2025,6:45,347.2
1/1/2025,7:00,357.6
1/1/2025,7:15,357.6
1/1/2025,7:30,391.2
1/1/2025,7:45,388
1/1/2025,8:00,344.8
1/1/2025,8:15,369.6
1/1/2025,8:30,344.8
1/1/2025,8:45,347.2
1/1/2025,9:00,356
1/1/2025,9:15,363.2
1/1/2025,9:30,432.8
1/1/2025,9:45,389.6
1/1/2025,10:00,384.8
1/1/2025,10:15,422.4
1/1/2025,10:30,369.6
1/1/2025,10:45,352.8
1/1/2025,11:00,344
1/1/2025,11:15,348
1/1/2025,11:30,372.8
1/1/2025,11:45,352
1/1/2025,12:00,396.8
1/1/2025,12:15,376
1/1/2025,12:30,369.6
1/1/2025,12:45,364
1/1/2025,13:00,314.4
1/1/2025,13:15,324.8
1/1/2025,13:30,314.4
1/1/2025,13:45,322.4
1/1/2025,14:00,338.4
1/1/2025,14:15,321.6
1/1/2025,14:30,334.4
1/1/2025,14:45,333.6
1/1/2025,15:00,357.6
1/1/2025,15:15,384.8
1/1/2025,15:30,367.2
1/1/2025,15:45,379.2
1/1/2025,16:00,380
1/1/2025,16:15,376.8
1/1/2025,16:30,385.6
1/1/2025,16:45,368
1/1/2025,17:00,344
1/1/2025,17:15,362.4
1/1/2025,17:30,334.4
1/1/2025,17:45,340.8
1/1/2025,18:00,332.8
1/1/2025,18:15,377.6
1/1/2025,18:30,366.4
1/1/2025,18:45,410.4
1/1/2025,19:00,399.2
1/1/2025,19:15,375.2
1/1/2025,19:30,368
1/1/2025,19:45,372
1/1/2025,20:00,373.6
1/1/2025,20:15,385.6
1/1/2025,20:30,381.6
1/1/2025,20:45,355.2
1/1/2025,21:00,356
1/1/2025,21:15,353.6
1/1/2025,21:30,363.2
1/1/2025,21:45,324
1/1/2025,22:00,321.6
1/1/2025,22:15,327.2
1/1/2025,22:30,307.2
1/1/2025,22:45,308
1/1/2025,23:00,300.8
1/1/2025,23:15,323.2
1/1/2025,23:30,307.2
1/1/2025,23:45,354.4
1/2/2025,0:00,372
1/2/2025,0:15,332.8
1/2/2025,0:30,368
1/2/2025,0:45,346.4
1/2/2025,1:00,372.8
1/2/2025,1:15,339.2
1/2/2025,1:30,324.8
1/2/2025,1:45,342.4
1/2/2025,2:00,333.6
1/2/2025,2:15,349.6
1/2/2025,2:30,328
1/2/2025,2:45,324
1/2/2025,3:00,364
1/2/2025,3:15,347.2
1/2/2025,3:30,387.2
1/2/2025,3:45,361.6
1/2/2025,4:00,332
1/2/2025,4:15,384
1/2/2025,4:30,332.8
1/2/2025,4:45,341.6
1/2/2025,5:00,340.8
1/2/2025,5:15,356
1/2/2025,5:30,372
1/2/2025,5:45,373.6
1/2/2025,6:00,407.2
1/2/2025,6:15,379.2
1/2/2025,6:30,378.4
1/2/2025,6:45,404.8
1/2/2025,7:00,352.8
1/2/2025,7:15,404
1/2/2025,7:30,344.8
1/2/2025,7:45,362.4
1/2/2025,8:00,376.8
1/2/2025,8:15,356.8
1/2/2025,8:30,390.4
1/2/2025,8:45,359.2
1/2/2025,9:00,436
1/2/2025,9:15,369.6
1/2/2025,9:30,385.6
1/2/2025,9:45,397.6
1/2/2025,10:00,379.2
1/2/2025,10:15,312.8
1/2/2025,10:30,327.2
1/2/2025,10:45,393.6
1/2/2025,11:00,328.8
1/2/2025,11:15,302.4
1/2/2025,11:30,296.8
1/2/2025,11:45,284.8
1/2/2025,12:00,279.2
1/2/2025,12:15,296
1/2/2025,12:30,284
1/2/2025,12:45,283.2
1/2/2025,13:00,276.8
1/2/2025,13:15,300.8
1/2/2025,13:30,264.8
1/2/2025,13:45,244
1/2/2025,14:00,245.6
1/2/2025,14:15,267.2
1/2/2025,14:30,246.4
1/2/2025,14:45,282.4
1/2/2025,15:00,288
1/2/2025,15:15,287.2
1/2/2025,15:30,284.8
1/2/2025,15:45,315.2
1/2/2025,16:00,313.6
1/2/2025,16:15,280
1/2/2025,16:30,272.8
1/2/2025,16:45,268
1/2/2025,17:00,263.2
1/2/2025,17:15,260
1/2/2025,17:30,334.4
1/2/2025,17:45,299.2
1/2/2025,18:00,317.6
1/2/2025,18:15,296
1/2/2025,18:30,267.2
1/2/2025,18:45,267.2
1/2/2025,19:00,284
1/2/2025,19:15,312.8
1/2/2025,19:30,259.2
1/2/2025,19:45,260
1/2/2025,20:00,297.6
1/2/2025,20:15,309.6
1/2/2025,20:30,303.2
1/2/2025,20:45,300.8
1/2/2025,21:00,287.2
1/2/2025,21:15,284
1/2/2025,21:30,276
1/2/2025,21:45,270.4
1/2/2025,22:00,281.6
1/2/2025,22:15,270.4
1/2/2025,22:30,259.2
1/2/2025,22:45,251.2
1/2/2025,23:00,318.4
1/2/2025,23:15,292
1/2/2025,23:30,292
1/2/2025,23:45,288
1/3/2025,0:00,281.6
1/3/2025,0:15,268.8
1/3/2025,0:30,243.2
1/3/2025,0:45,261.6
1/3/2025,1:00,265.6
1/3/2025,1:15,240
1/3/2025,1:30,269.6
1/3/2025,1:45,240
1/3/2025,2:00,250.4
1/3/2025,2:15,288.8
1/3/2025,2:30,274.4
1/3/2025,2:45,302.4
1/3/2025,3:00,269.6
1/3/2025,3:15,248
1/3/2025,3:30,256
1/3/2025,3:45,240.8
1/3/2025,4:00,267.2
1/3/2025,4:15,231.2
1/3/2025,4:30,268
1/3/2025,4:45,282.4
1/3/2025,5:00,284.8
1/3/2025,5:15,280
1/3/2025,5:30,285.6
1/3/2025,5:45,298.4
1/3/2025,6:00,334.4
1/3/2025,6:15,339.2
1/3/2025,6:30,284
1/3/2025,6:45,282.4
1/3/2025,7:00,264
1/3/2025,7:15,256.8
1/3/2025,7:30,259.2
1/3/2025,7:45,308.8
1/3/2025,8:00,304
1/3/2025,8:15,328
1/3/2025,8:30,289.6
1/3/2025,8:45,310.4
1/3/2025,9:00,327.2
1/3/2025,9:15,320
1/3/2025,9:30,304
1/3/2025,9:45,345.6
1/3/2025,10:00,306.4
1/3/2025,10:15,304.8
1/3/2025,10:30,326.4
1/3/2025,10:45,348.8
1/3/2025,11:00,332
1/3/2025,11:15,323.2
1/3/2025,11:30,321.6
1/3/2025,11:45,299.2
1/3/2025,12:00,296.8
1/3/2025,12:15,299.2
1/3/2025,12:30,308
1/3/2025,12:45,262.4
1/3/2025,13:00,311.2
1/3/2025,13:15,225.6
1/3/2025,13:30,256
1/3/2025,13:45,243.2
1/3/2025,14:00,273.6
1/3/2025,14:15,288
1/3/2025,14:30,308.8
1/3/2025,14:45,303.2
1/3/2025,15:00,292
1/3/2025,15:15,259.2
1/3/2025,15:30,262.4
1/3/2025,15:45,248.8
1/3/2025,16:00,288
1/3/2025,16:15,273.6
1/3/2025,16:30,281.6
1/3/2025,16:45,296
1/3/2025,17:00,351.2
1/3/2025,17:15,336
1/3/2025,17:30,361.6
1/3/2025,17:45,331.2
1/3/2025,18:00,336.8
1/3/2025,18:15,345.6
1/3/2025,18:30,326.4
1/3/2025,18:45,355.2
1/3/2025,19:00,322.4
1/3/2025,19:15,370.4
1/3/2025,19:30,374.4
1/3/2025,19:45,440
1/3/2025,20:00,376
1/3/2025,20:15,382.4
1/3/2025,20:30,388.8
1/3/2025,20:45,368.8
1/3/2025,21:00,390.4
1/3/2025,21:15,376
1/3/2025,21:30,366.4
1/3/2025,21:45,376
1/3/2025,22:00,368
1/3/2025,22:15,356.8
1/3/2025,22:30,306.4
1/3/2025,22:45,306.4
1/3/2025,23:00,320
1/3/2025,23:15,300
1/3/2025,23:30,319.2
1/3/2025,23:45,320.8
1/4/2025,0:00,301.6
1/4/2025,0:15,288
1/4/2025,0:30,297.6
1/4/2025,0:45,356
1/4/2025,1:00,350.4
1/4/2025,1:15,327.2
1/4/2025,1:30,346.4
1/4/2025,1:45,348.8
1/4/2025,2:00,323.2
1/4/2025,2:15,293.6
1/4/2025,2:30,310.4
1/4/2025,2:45,312
1/4/2025,3:00,290.4
1/4/2025,3:15,293.6
1/4/2025,3:30,315.2
1/4/2025,3:45,292.8
1/4/2025,4:00,329.6
1/4/2025,4:15,350.4
1/4/2025,4:30,320
1/4/2025,4:45,368
1/4/2025,5:00,318.4
1/4/2025,5:15,316
1/4/2025,5:30,346.4
1/4/2025,5:45,334.4
1/4/2025,6:00,350.4
1/4/2025,6:15,373.6
1/4/2025,6:30,320
1/4/2025,6:45,336
1/4/2025,7:00,345.6
1/4/2025,7:15,358.4
1/4/2025,7:30,362.4
1/4/2025,7:45,356.8
1/4/2025,8:00,381.6
1/4/2025,8:15,373.6
1/4/2025,8:30,340
1/4/2025,8:45,363.2
1/4/2025,9:00,375.2
1/4/2025,9:15,371.2
1/4/2025,9:30,384.8
1/4/2025,9:45,431.2
1/4/2025,10:00,341.6
1/4/2025,10:15,364
1/4/2025,10:30,356.8
1/4/2025,10:45,372.8
1/4/2025,11:00,345.6
1/4/2025,11:15,348
1/4/2025,11:30,364
1/4/2025,11:45,340.8
1/4/2025,12:00,403.2
1/4/2025,12:15,364
1/4/2025,12:30,339.2
1/4/2025,12:45,311.2
1/4/2025,13:00,320.8
1/4/2025,13:15,312
1/4/2025,13:30,321.6
1/4/2025,13:45,315.2
1/4/2025,14:00,361.6
1/4/2025,14:15,383.2
1/4/2025,14:30,391.2
1/4/2025,14:45,356
1/4/2025,15:00,318.4
1/4/2025,15:15,331.2
1/4/2025,15:30,324
1/4/2025,15:45,341.6
1/4/2025,16:00,336
1/4/2025,16:15,348
1/4/2025,16:30,353.6
1/4/2025,16:45,352
1/4/2025,17:00,379.2
1/4/2025,17:15,324
1/4/2025,17:30,335.2
1/4/2025,17:45,313.6
1/4/2025,18:00,323.2
1/4/2025,18:15,329.6
1/4/2025,18:30,305.6
1/4/2025,18:45,322.4
1/4/2025,19:00,354.4
1/4/2025,19:15,336.8
1/4/2025,19:30,356.8
1/4/2025,19:45,372
1/4/2025,20:00,332.8
1/4/2025,20:15,373.6
1/4/2025,20:30,324.8
1/4/2025,20:45,330.4
1/4/2025,21:00,330.4
1/4/2025,21:15,324.8
1/4/2025,21:30,367.2
1/4/2025,21:45,362.4
1/4/2025,22:00,374.4
1/4/2025,22:15,377.6
1/4/2025,22:30,312
1/4/2025,22:45,298.4
1/4/2025,23:00,311.2
1/4/2025,23:15,324
1/4/2025,23:30,312
1/4/2025,23:45,327.2
1/5/2025,0:00,351.2
1/5/2025,0:15,319.2
1/5/2025,0:30,342.4
1/5/2025,0:45,322.4
1/5/2025,1:00,293.6
1/5/2025,1:15,288.8
1/5/2025,1:30,321.6
1/5/2025,1:45,308.8
1/5/2025,2:00,295.2
1/5/2025,2:15,309.6
1/5/2025,2:30,340.8
1/5/2025,2:45,309.6
1/5/2025,3:00,299.2
1/5/2025,3:15,336
1/5/2025,3:30,349.6
1/5/2025,3:45,320.8
1/5/2025,4:00,327.2
1/5/2025,4:15,331.2
1/5/2025,4:30,333.6
1/5/2025,4:45,339.2
1/5/2025,5:00,352.8
1/5/2025,5:15,302.4
1/5/2025,5:30,344
1/5/2025,5:45,328.8
1/5/2025,6:00,307.2
1/5/2025,6:15,336.8
1/5/2025,6:30,293.6
1/5/2025,6:45,315.2
1/5/2025,7:00,373.6
1/5/2025,7:15,374.4
1/5/2025,7:30,358.4
1/5/2025,7:45,366.4
1/5/2025,8:00,400
1/5/2025,8:15,332.8
1/5/2025,8:30,384.8
1/5/2025,8:45,367.2
1/5/2025,9:00,354.4
1/5/2025,9:15,384
1/5/2025,9:30,408
1/5/2025,9:45,432.8
1/5/2025,10:00,392.8
1/5/2025,10:15,380.8
1/5/2025,10:30,408
1/5/2025,10:45,379.2
1/5/2025,11:00,369.6
1/5/2025,11:15,345.6
1/5/2025,11:30,369.6
1/5/2025,11:45,357.6
1/5/2025,12:00,339.2
1/5/2025,12:15,360.8
1/5/2025,12:30,344.8
1/5/2025,12:45,340.8
1/5/2025,13:00,342.4
1/5/2025,13:15,322.4
1/5/2025,13:30,312.8
1/5/2025,13:45,336
1/5/2025,14:00,324.8
1/5/2025,14:15,320.8
1/5/2025,14:30,322.4
1/5/2025,14:45,368
1/5/2025,15:00,368
1/5/2025,15:15,366.4
1/5/2025,15:30,356.8
1/5/2025,15:45,344
1/5/2025,16:00,331.2
1/5/2025,16:15,354.4
1/5/2025,16:30,316
1/5/2025,16:45,305.6
1/5/2025,17:00,369.6
1/5/2025,17:15,364.8
1/5/2025,17:30,350.4
1/5/2025,17:45,350.4
1/5/2025,18:00,392
1/5/2025,18:15,368.8
1/5/2025,18:30,411.2
1/5/2025,18:45,405.6
1/5/2025,19:00,376.8
1/5/2025,19:15,378.4
1/5/2025,19:30,394.4
1/5/2025,19:45,357.6
1/5/2025,20:00,374.4
1/5/2025,20:15,405.6
1/5/2025,20:30,365.6
1/5/2025,20:45,347.2
1/5/2025,21:00,354.4
1/5/2025,21:15,368
1/5/2025,21:30,326.4
1/5/2025,21:45,370.4
1/5/2025,22:00,340
1/5/2025,22:15,334.4
1/5/2025,22:30,300.8
1/5/2025,22:45,309.6
1/5/2025,23:00,315.2
1/5/2025,23:15,292
1/5/2025,23:30,353.6
1/5/2025,23:45,336.8
1/6/2025,0:00,327.2
1/6/2025,0:15,326.4
1/6/2025,0:30,326.4
1/6/2025,0:45,324
1/6/2025,1:00,319.2
1/6/2025,1:15,336
1/6/2025,1:30,343.2
1/6/2025,1:45,340.8
1/6/2025,2:00,340
1/6/2025,2:15,329.6
1/6/2025,2:30,321.6
1/6/2025,2:45,344.8
1/6/2025,3:00,331.2
1/6/2025,3:15,300.8
1/6/2025,3:30,301.6
1/6/2025,3:45,324.8
1/6/2025,4:00,303.2
1/6/2025,4:15,298.4
1/6/2025,4:30,305.6
1/6/2025,4:45,369.6
1/6/2025,5:00,332.8
1/6/2025,5:15,344
1/6/2025,5:30,360.8
1/6/2025,5:45,408
1/6/2025,6:00,320.8
1/6/2025,6:15,328.8
1/6/2025,6:30,392.8
1/6/2025,6:45,320
1/6/2025,7:00,305.6
1/6/2025,7:15,292.8
1/6/2025,7:30,308.8
1/6/2025,7:45,308
1/6/2025,8:00,395.2
1/6/2025,8:15,358.4
1/6/2025,8:30,378.4
1/6/2025,8:45,392.8
1/6/2025,9:00,388.8
1/6/2025,9:15,384
1/6/2025,9:30,343.2
1/6/2025,9:45,349.6
1/6/2025,10:00,333.6
1/6/2025,10:15,334.4
1/6/2025,10:30,328.8
1/6/2025,10:45,312
1/6/2025,11:00,336.8
1/6/2025,11:15,394.4
1/6/2025,11:30,365.6
1/6/2025,11:45,359.2
1/6/2025,12:00,376.8
1/6/2025,12:15,346.4
1/6/2025,12:30,310.4
1/6/2025,12:45,305.6
1/6/2025,13:00,308.8
1/6/2025,13:15,310.4
1/6/2025,13:30,333.6
1/6/2025,13:45,351.2
1/6/2025,14:00,317.6
1/6/2025,14:15,330.4
1/6/2025,14:30,331.2
1/6/2025,14:45,323.2
1/6/2025,15:00,319.2
1/6/2025,15:15,348
1/6/2025,15:30,333.6
1/6/2025,15:45,353.6
1/6/2025,16:00,342.4
1/6/2025,16:15,331.2
1/6/2025,16:30,324
1/6/2025,16:45,313.6
1/6/2025,17:00,364.8
1/6/2025,17:15,312
1/6/2025,17:30,307.2
1/6/2025,17:45,320
1/6/2025,18:00,341.6
1/6/2025,18:15,348.8
1/6/2025,18:30,357.6
1/6/2025,18:45,366.4
1/6/2025,19:00,363.2
1/6/2025,19:15,385.6
1/6/2025,19:30,367.2
1/6/2025,19:45,360
1/6/2025,20:00,359.2
1/6/2025,20:15,400.8
1/6/2025,20:30,358.4
1/6/2025,20:45,348.8
1/6/2025,21:00,368.8
1/6/2025,21:15,344.8
1/6/2025,21:30,348.8
1/6/2025,21:45,376
1/6/2025,22:00,328
1/6/2025,22:15,340
1/6/2025,22:30,299.2
1/6/2025,22:45,282.4
1/6/2025,23:00,288.8
1/6/2025,23:15,297.6
1/6/2025,23:30,300
1/6/2025,23:45,327.2
1/7/2025,0:00,334.4
1/7/2025,0:15,325.6
1/7/2025,0:30,348
1/7/2025,0:45,320.8
1/7/2025,1:00,296.8
1/7/2025,1:15,293.6
1/7/2025,1:30,299.2
1/7/2025,1:45,288.8
1/7/2025,2:00,304.8
1/7/2025,2:15,289.6
1/7/2025,2:30,288.8
1/7/2025,2:45,311.2
1/7/2025,3:00,352
1/7/2025,3:15,314.4
1/7/2025,3:30,313.6
1/7/2025,3:45,314.4
1/7/2025,4:00,308.8
1/7/2025,4:15,310.4
1/7/2025,4:30,308.8
1/7/2025,4:45,309.6
1/7/2025,5:00,338.4
1/7/2025,5:15,327.2
1/7/2025,5:30,324
1/7/2025,5:45,336
1/7/2025,6:00,324
1/7/2025,6:15,376
1/7/2025,6:30,324.8
1/7/2025,6:45,340
1/7/2025,7:00,339.2
1/7/2025,7:15,328
1/7/2025,7:30,300.8
1/7/2025,7:45,307.2
1/7/2025,8:00,340
1/7/2025,8:15,328
1/7/2025,8:30,324.8
1/7/2025,8:45,393.6
1/7/2025,9:00,368
1/7/2025,9:15,347.2
1/7/2025,9:30,412.8
1/7/2025,9:45,406.4
1/7/2025,10:00,378.4
1/7/2025,10:15,390.4
1/7/2025,10:30,372
1/7/2025,10:45,370.4
1/7/2025,11:00,348
1/7/2025,11:15,388.8
1/7/2025,11:30,369.6
1/7/2025,11:45,384
1/7/2025,12:00,391.2
1/7/2025,12:15,348.8
1/7/2025,12:30,346.4
1/7/2025,12:45,336.8
1/7/2025,13:00,356.8
1/7/2025,13:15,322.4
1/7/2025,13:30,367.2
1/7/2025,13:45,340
1/7/2025,14:00,342.4
1/7/2025,14:15,352.8
1/7/2025,14:30,312
1/7/2025,14:45,311.2
1/7/2025,15:00,297.6
1/7/2025,15:15,313.6
1/7/2025,15:30,312
1/7/2025,15:45,355.2
1/7/2025,16:00,356
1/7/2025,16:15,373.6
1/7/2025,16:30,380.8
1/7/2025,16:45,369.6
1/7/2025,17:00,300.8
1/7/2025,17:15,331.2
1/7/2025,17:30,328
1/7/2025,17:45,342.4
1/7/2025,18:00,350.4
1/7/2025,18:15,338.4
1/7/2025,18:30,353.6
1/7/2025,18:45,360.8
1/7/2025,19:00,351.2
1/7/2025,19:15,356
1/7/2025,19:30,354.4
1/7/2025,19:45,374.4
1/7/2025,20:00,356
1/7/2025,20:15,340.8
1/7/2025,20:30,352
1/7/2025,20:45,351.2
1/7/2025,21:00,361.6
1/7/2025,21:15,348
1/7/2025,21:30,347.2
1/7/2025,21:45,308
1/7/2025,22:00,331.2
1/7/2025,22:15,320
1/7/2025,22:30,303.2
1/7/2025,22:45,304.8
1/7/2025,23:00,304.8
1/7/2025,23:15,371.2
1/7/2025,23:30,357.6
1/7/2025,23:45,344
1/8/2025,0:00,357.6
1/8/2025,0:15,309.6
1/8/2025,0:30,315.2
1/8/2025,0:45,293.6
1/8/2025,1:00,322.4
1/8/2025,1:15,305.6
1/8/2025,1:30,279.2
1/8/2025,1:45,372
1/8/2025,2:00,351.2
1/8/2025,2:15,370.4
1/8/2025,2:30,351.2
1/8/2025,2:45,345.6
1/8/2025,3:00,330.4
1/8/2025,3:15,304.8
1/8/2025,3:30,176
1/8/2025,3:45,181.6
1/8/2025,4:00,199.2
1/8/2025,4:15,178.4
1/8/2025,4:30,173.6
1/8/2025,4:45,245.6
1/8/2025,5:00,232
1/8/2025,5:15,208
1/8/2025,5:30,223.2
1/8/2025,5:45,237.6
1/8/2025,6:00,245.6
1/8/2025,6:15,237.6
1/8/2025,6:30,174.4
1/8/2025,6:45,199.2
1/8/2025,7:00,212.8
1/8/2025,7:15,208
1/8/2025,7:30,223.2
1/8/2025,7:45,244
1/8/2025,8:00,258.4
1/8/2025,8:15,284.8
1/8/2025,8:30,279.2
1/8/2025,8:45,284.8
1/8/2025,9:00,290.4
1/8/2025,9:15,285.6
1/8/2025,9:30,286.4
1/8/2025,9:45,272
1/8/2025,10:00,310.4
1/8/2025,10:15,296.8
1/8/2025,10:30,268
1/8/2025,10:45,272
1/8/2025,11:00,262.4
1/8/2025,11:15,297.6
1/8/2025,11:30,334.4
1/8/2025,11:45,227.2
1/8/2025,12:00,220.8
1/8/2025,12:15,184.8
1/8/2025,12:30,217.6
1/8/2025,12:45,199.2
1/8/2025,13:00,222.4
1/8/2025,13:15,210.4
1/8/2025,13:30,196.8
1/8/2025,13:45,254.4
1/8/2025,14:00,220.8
1/8/2025,14:15,336.8
1/8/2025,14:30,364.8
1/8/2025,14:45,340
1/8/2025,15:00,359.2
1/8/2025,15:15,320
1/8/2025,15:30,309.6
1/8/2025,15:45,312.8
1/8/2025,16:00,309.6
1/8/2025,16:15,321.6
1/8/2025,16:30,363.2
1/8/2025,16:45,316
1/8/2025,17:00,339.2
1/8/2025,17:15,327.2
1/8/2025,17:30,338.4
1/8/2025,17:45,347.2
1/8/2025,18:00,348
1/8/2025,18:15,367.2
1/8/2025,18:30,336
1/8/2025,18:45,337.6
1/8/2025,19:00,343.2
1/8/2025,19:15,329.6
1/8/2025,19:30,330.4
1/8/2025,19:45,336.8
1/8/2025,20:00,343.2
1/8/2025,20:15,353.6
1/8/2025,20:30,304
1/8/2025,20:45,312.8
1/8/2025,21:00,310.4
1/8/2025,21:15,332
1/8/2025,21:30,335.2
1/8/2025,21:45,312.8
1/8/2025,22:00,353.6
1/8/2025,22:15,365.6
1/8/2025,22:30,326.4
1/8/2025,22:45,336.8
1/8/2025,23:00,277.6
1/8/2025,23:15,288
1/8/2025,23:30,292.8
1/8/2025,23:45,285.6
1/9/2025,0:00,284
1/9/2025,0:15,309.6
1/9/2025,0:30,336.8
1/9/2025,0:45,318.4
1/9/2025,1:00,320
1/9/2025,1:15,332.8
1/9/2025,1:30,293.6
1/9/2025,1:45,314.4
1/9/2025,2:00,277.6
1/9/2025,2:15,317.6
1/9/2025,2:30,299.2
1/9/2025,2:45,316
1/9/2025,3:00,350.4
1/9/2025,3:15,330.4
1/9/2025,3:30,348.8
1/9/2025,3:45,346.4
1/9/2025,4:00,360
1/9/2025,4:15,310.4
1/9/2025,4:30,289.6
1/9/2025,4:45,289.6
1/9/2025,5:00,292
1/9/2025,5:15,313.6
1/9/2025,5:30,312.8
1/9/2025,5:45,336.8
1/9/2025,6:00,361.6
1/9/2025,6:15,391.2
1/9/2025,6:30,364.8
1/9/2025,6:45,348
1/9/2025,7:00,363.2
1/9/2025,7:15,369.6
1/9/2025,7:30,288.8
1/9/2025,7:45,312.8
1/9/2025,8:00,328.8
1/9/2025,8:15,345.6
1/9/2025,8:30,339.2
1/9/2025,8:45,331.2
1/9/2025,9:00,377.6
1/9/2025,9:15,387.2
1/9/2025,9:30,426.4
1/9/2025,9:45,400.8
1/9/2025,10:00,384
1/9/2025,10:15,406.4
1/9/2025,10:30,352
1/9/2025,10:45,329.6
1/9/2025,11:00,352.8
1/9/2025,11:15,352
1/9/2025,11:30,341.6
1/9/2025,11:45,337.6
1/9/2025,12:00,385.6
1/9/2025,12:15,364
1/9/2025,12:30,352
1/9/2025,12:45,348
1/9/2025,13:00,321.6
1/9/2025,13:15,341.6
1/9/2025,13:30,354.4
1/9/2025,13:45,374.4
1/9/2025,14:00,368.8
1/9/2025,14:15,350.4
1/9/2025,14:30,356
1/9/2025,14:45,356.8
1/9/2025,15:00,336
1/9/2025,15:15,355.2
1/9/2025,15:30,359.2
1/9/2025,15:45,377.6
1/9/2025,16:00,352.8
1/9/2025,16:15,344
1/9/2025,16:30,328
1/9/2025,16:45,352
1/9/2025,17:00,333.6
1/9/2025,17:15,314.4
1/9/2025,17:30,393.6
1/9/2025,17:45,361.6
1/9/2025,18:00,337.6
1/9/2025,18:15,379.2
1/9/2025,18:30,368
1/9/2025,18:45,372.8
1/9/2025,19:00,365.6
1/9/2025,19:15,376
1/9/2025,19:30,372.8
1/9/2025,19:45,376
1/9/2025,20:00,381.6
1/9/2025,20:15,380
1/9/2025,20:30,367.2
1/9/2025,20:45,388.8
1/9/2025,21:00,352.8
1/9/2025,21:15,360.8
1/9/2025,21:30,380
1/9/2025,21:45,334.4
1/9/2025,22:00,344.8
1/9/2025,22:15,338.4
1/9/2025,22:30,319.2
1/9/2025,22:45,276
1/9/2025,23:00,303.2
1/9/2025,23:15,304
1/9/2025,23:30,328
1/9/2025,23:45,338.4
1/10/2025,0:00,374.4
1/10/2025,0:15,360
1/10/2025,0:30,335.2
1/10/2025,0:45,357.6
1/10/2025,1:00,354.4
1/10/2025,1:15,318.4
1/10/2025,1:30,322.4
1/10/2025,1:45,308.8
1/10/2025,2:00,253.6
1/10/2025,2:15,252.8
1/10/2025,2:30,280.8
1/10/2025,2:45,265.6
1/10/2025,3:00,277.6
1/10/2025,3:15,348
1/10/2025,3:30,280.8
1/10/2025,3:45,281.6
1/10/2025,4:00,280.8
1/10/2025,4:15,299.2
1/10/2025,4:30,279.2
1/10/2025,4:45,276.8
1/10/2025,5:00,272.8
1/10/2025,5:15,254.4
1/10/2025,5:30,304.8
1/10/2025,5:45,322.4
1/10/2025,6:00,328.8
1/10/2025,6:15,299.2
1/10/2025,6:30,302.4
1/10/2025,6:45,290.4
1/10/2025,7:00,280.8
1/10/2025,7:15,256
1/10/2025,7:30,292.8
1/10/2025,7:45,288
1/10/2025,8:00,302.4
1/10/2025,8:15,342.4
1/10/2025,8:30,324.8
1/10/2025,8:45,350.4
1/10/2025,9:00,325.6
1/10/2025,9:15,299.2
1/10/2025,9:30,316.8
1/10/2025,9:45,328
1/10/2025,10:00,326.4
1/10/2025,10:15,306.4
1/10/2025,10:30,316.8
1/10/2025,10:45,304
1/10/2025,11:00,361.6
1/10/2025,11:15,334.4
1/10/2025,11:30,313.6
1/10/2025,11:45,288.8
1/10/2025,12:00,296
1/10/2025,12:15,275.2
1/10/2025,12:30,278.4
1/10/2025,12:45,273.6
1/10/2025,13:00,308.8
1/10/2025,13:15,301.6
1/10/2025,13:30,254.4
1/10/2025,13:45,292
1/10/2025,14:00,305.6
1/10/2025,14:15,302.4
1/10/2025,14:30,264
1/10/2025,14:45,256
1/10/2025,15:00,264
1/10/2025,15:15,256
1/10/2025,15:30,310.4
1/10/2025,15:45,341.6
1/10/2025,16:00,320
1/10/2025,16:15,304.8
1/10/2025,16:30,276.8
1/10/2025,16:45,243.2
1/10/2025,17:00,258.4
1/10/2025,17:15,249.6
1/10/2025,17:30,276.8
1/10/2025,17:45,328.8
1/10/2025,18:00,334.4
1/10/2025,18:15,318.4
1/10/2025,18:30,319.2
1/10/2025,18:45,322.4
1/10/2025,19:00,303.2
1/10/2025,19:15,264
1/10/2025,19:30,296.8
1/10/2025,19:45,284
1/10/2025,20:00,273.6
1/10/2025,20:15,270.4
1/10/2025,20:30,252
1/10/2025,20:45,325.6
1/10/2025,21:00,296.8
1/10/2025,21:15,300
1/10/2025,21:30,314.4
1/10/2025,21:45,307.2
1/10/2025,22:00,296.8
1/10/2025,22:15,258.4
1/10/2025,22:30,250.4
1/10/2025,22:45,250.4
1/10/2025,23:00,246.4
1/10/2025,23:15,248.8
1/10/2025,23:30,263.2
1/10/2025,23:45,269.6
1/11/2025,0:00,275.2
1/11/2025,0:15,264
1/11/2025,0:30,277.6
1/11/2025,0:45,289.6
1/11/2025,1:00,275.2
1/11/2025,1:15,272.8
1/11/2025,1:30,265.6
1/11/2025,1:45,236.8
1/11/2025,2:00,237.6
1/11/2025,2:15,237.6
1/11/2025,2:30,248.8
1/11/2025,2:45,290.4
1/11/2025,3:00,262.4
1/11/2025,3:15,332
1/11/2025,3:30,269.6
1/11/2025,3:45,272
1/11/2025,4:00,251.2
1/11/2025,4:15,239.2
1/11/2025,4:30,244.8
1/11/2025,4:45,249.6
1/11/2025,5:00,257.6
1/11/2025,5:15,243.2
1/11/2025,5:30,287.2
1/11/2025,5:45,324
1/11/2025,6:00,308.8
1/11/2025,6:15,309.6
1/11/2025,6:30,318.4
1/11/2025,6:45,296.8
1/11/2025,7:00,289.6
1/11/2025,7:15,300.8
1/11/2025,7:30,320
1/11/2025,7:45,332.8
1/11/2025,8:00,317.6
1/11/2025,8:15,382.4
1/11/2025,8:30,412.8
1/11/2025,8:45,397.6
1/11/2025,9:00,420.8
1/11/2025,9:15,417.6
1/11/2025,9:30,397.6
1/11/2025,9:45,348.8
1/11/2025,10:00,348.8
1/11/2025,10:15,340.8
1/11/2025,10:30,364.8
1/11/2025,10:45,343.2
1/11/2025,11:00,308
1/11/2025,11:15,317.6
1/11/2025,11:30,292.8
1/11/2025,11:45,304.8
1/11/2025,12:00,286.4
1/11/2025,12:15,299.2
1/11/2025,12:30,272.8
1/11/2025,12:45,266.4
1/11/2025,13:00,303.2
1/11/2025,13:15,296.8
1/11/2025,13:30,288.8
1/11/2025,13:45,327.2
1/11/2025,14:00,327.2
1/11/2025,14:15,264
1/11/2025,14:30,274.4
1/11/2025,14:45,253.6
1/11/2025,15:00,284.8
1/11/2025,15:15,284.8
1/11/2025,15:30,255.2
1/11/2025,15:45,302.4
1/11/2025,16:00,324
1/11/2025,16:15,356.8
1/11/2025,16:30,352
1/11/2025,16:45,356.8
1/11/2025,17:00,342.4
1/11/2025,17:15,370.4
1/11/2025,17:30,363.2
1/11/2025,17:45,380
1/11/2025,18:00,352
1/11/2025,18:15,354.4
1/11/2025,18:30,355.2
1/11/2025,18:45,369.6
1/11/2025,19:00,388.8
1/11/2025,19:15,358.4
1/11/2025,19:30,362.4
1/11/2025,19:45,358.4
1/11/2025,20:00,359.2
1/11/2025,20:15,405.6
1/11/2025,20:30,336
1/11/2025,20:45,324.8
1/11/2025,21:00,363.2
1/11/2025,21:15,347.2
1/11/2025,21:30,365.6
1/11/2025,21:45,388.8
1/11/2025,22:00,393.6
1/11/2025,22:15,396
1/11/2025,22:30,359.2
1/11/2025,22:45,395.2
1/11/2025,23:00,324
1/11/2025,23:15,358.4
1/11/2025,23:30,313.6
1/11/2025,23:45,300.8
1/12/2025,0:00,334.4
1/12/2025,0:15,312.8
1/12/2025,0:30,324.8
1/12/2025,0:45,346.4
1/12/2025,1:00,340
1/12/2025,1:15,330.4
1/12/2025,1:30,360.8
1/12/2025,1:45,392
1/12/2025,2:00,342.4
1/12/2025,2:15,308.8
1/12/2025,2:30,314.4
1/12/2025,2:45,312
1/12/2025,3:00,331.2
1/12/2025,3:15,317.6
1/12/2025,3:30,327.2
1/12/2025,3:45,342.4
1/12/2025,4:00,341.6
1/12/2025,4:15,360
1/12/2025,4:30,340.8
1/12/2025,4:45,356.8
1/12/2025,5:00,345.6
1/12/2025,5:15,340.8
1/12/2025,5:30,348.8
1/12/2025,5:45,361.6
1/12/2025,6:00,407.2
1/12/2025,6:15,414.4
1/12/2025,6:30,344.8
1/12/2025,6:45,350.4
1/12/2025,7:00,388.8
1/12/2025,7:15,368
1/12/2025,7:30,350.4
1/12/2025,7:45,336
1/12/2025,8:00,408
1/12/2025,8:15,354.4
1/12/2025,8:30,388.8
1/12/2025,8:45,374.4
1/12/2025,9:00,345.6
1/12/2025,9:15,368.8
1/12/2025,9:30,381.6
1/12/2025,9:45,360.8
1/12/2025,10:00,346.4
1/12/2025,10:15,328.8
1/12/2025,10:30,334.4
1/12/2025,10:45,313.6
1/12/2025,11:00,327.2
1/12/2025,11:15,418.4
1/12/2025,11:30,435.2
1/12/2025,11:45,384.8
1/12/2025,12:00,366.4
1/12/2025,12:15,320.8
1/12/2025,12:30,341.6
1/12/2025,12:45,330.4
1/12/2025,13:00,324.8
1/12/2025,13:15,314.4
1/12/2025,13:30,356
1/12/2025,13:45,339.2
1/12/2025,14:00,354.4
1/12/2025,14:15,344
1/12/2025,14:30,343.2
1/12/2025,14:45,353.6
1/12/2025,15:00,338.4
1/12/2025,15:15,366.4
1/12/2025,15:30,368
1/12/2025,15:45,359.2
1/12/2025,16:00,375.2
1/12/2025,16:15,346.4
1/12/2025,16:30,378.4
1/12/2025,16:45,360.8
1/12/2025,17:00,356.8
1/12/2025,17:15,393.6
1/12/2025,17:30,376
1/12/2025,17:45,350.4
1/12/2025,18:00,358.4
1/12/2025,18:15,328
1/12/2025,18:30,354.4
1/12/2025,18:45,355.2
1/12/2025,19:00,330.4
1/12/2025,19:15,344.8
1/12/2025,19:30,386.4
1/12/2025,19:45,396.8
1/12/2025,20:00,384.8
1/12/2025,20:15,376.8
1/12/2025,20:30,416.8
1/12/2025,20:45,408.8
1/12/2025,21:00,371.2
1/12/2025,21:15,378.4
1/12/2025,21:30,374.4
1/12/2025,21:45,388.8
1/12/2025,22:00,407.2
1/12/2025,22:15,396.8
1/12/2025,22:30,336
1/12/2025,22:45,353.6
1/12/2025,23:00,370.4
1/12/2025,23:15,347.2
1/12/2025,23:30,324.8
1/12/2025,23:45,312
1/13/2025,0:00,316
1/13/2025,0:15,302.4
1/13/2025,0:30,336
1/13/2025,0:45,344
1/13/2025,1:00,336.8
1/13/2025,1:15,380
1/13/2025,1:30,370.4
1/13/2025,1:45,344
1/13/2025,2:00,367.2
1/13/2025,2:15,340.8
1/13/2025,2:30,363.2
1/13/2025,2:45,338.4
1/13/2025,3:00,322.4
1/13/2025,3:15,314.4
1/13/2025,3:30,324
1/13/2025,3:45,324
1/13/2025,4:00,310.4
1/13/2025,4:15,308
1/13/2025,4:30,352.8
1/13/2025,4:45,393.6
1/13/2025,5:00,384.8
1/13/2025,5:15,352
1/13/2025,5:30,343.2
1/13/2025,5:45,308
1/13/2025,6:00,335.2
1/13/2025,6:15,343.2
1/13/2025,6:30,290.4
1/13/2025,6:45,276
1/13/2025,7:00,319.2
1/13/2025,7:15,293.6
1/13/2025,7:30,309.6
1/13/2025,7:45,277.6
1/13/2025,8:00,308
1/13/2025,8:15,347.2
1/13/2025,8:30,335.2
1/13/2025,8:45,328
1/13/2025,9:00,364.8
1/13/2025,9:15,403.2
1/13/2025,9:30,407.2
1/13/2025,9:45,378.4
1/13/2025,10:00,393.6
1/13/2025,10:15,327.2
1/13/2025,10:30,362.4
1/13/2025,10:45,344
1/13/2025,11:00,360.8
1/13/2025,11:15,382.4
1/13/2025,11:30,354.4
1/13/2025,11:45,397.6
1/13/2025,12:00,379.2
1/13/2025,12:15,381.6
1/13/2025,12:30,381.6
1/13/2025,12:45,373.6
1/13/2025,13:00,365.6
1/13/2025,13:15,334.4
1/13/2025,13:30,312.8
1/13/2025,13:45,332
1/13/2025,14:00,316.8
1/13/2025,14:15,320
1/13/2025,14:30,319.2
1/13/2025,14:45,344
1/13/2025,15:00,350.4
1/13/2025,15:15,376.8
1/13/2025,15:30,361.6
1/13/2025,15:45,336.8
1/13/2025,16:00,328.8
1/13/2025,16:15,372.8
1/13/2025,16:30,339.2
1/13/2025,16:45,352.8
1/13/2025,17:00,321.6
1/13/2025,17:15,370.4
1/13/2025,17:30,377.6
1/13/2025,17:45,367.2
1/13/2025,18:00,370.4
1/13/2025,18:15,348
1/13/2025,18:30,330.4
1/13/2025,18:45,353.6
1/13/2025,19:00,329.6
1/13/2025,19:15,344.8
1/13/2025,19:30,333.6
1/13/2025,19:45,344.8
1/13/2025,20:00,364.8
1/13/2025,20:15,379.2
1/13/2025,20:30,400.8
1/13/2025,20:45,359.2
1/13/2025,21:00,326.4
1/13/2025,21:15,320
1/13/2025,21:30,331.2
1/13/2025,21:45,335.2
1/13/2025,22:00,328.8
1/13/2025,22:15,365.6
1/13/2025,22:30,372
1/13/2025,22:45,340
1/13/2025,23:00,338.4
1/13/2025,23:15,306.4
1/13/2025,23:30,317.6
1/13/2025,23:45,300
1/14/2025,0:00,300.8
1/14/2025,0:15,314.4
1/14/2025,0:30,337.6
1/14/2025,0:45,326.4
1/14/2025,1:00,332
1/14/2025,1:15,356
1/14/2025,1:30,327.2
1/14/2025,1:45,326.4
1/14/2025,2:00,324
1/14/2025,2:15,328.8
1/14/2025,2:30,345.6
1/14/2025,2:45,328.8
1/14/2025,3:00,373.6
1/14/2025,3:15,328
1/14/2025,3:30,315.2
1/14/2025,3:45,300.8
1/14/2025,4:00,298.4
1/14/2025,4:15,312.8
1/14/2025,4:30,327.2
1/14/2025,4:45,308.8
1/14/2025,5:00,350.4
1/14/2025,5:15,333.6
1/14/2025,5:30,323.2
1/14/2025,5:45,362.4
1/14/2025,6:00,339.2
1/14/2025,6:15,351.2
1/14/2025,6:30,321.6
1/14/2025,6:45,311.2
1/14/2025,7:00,335.2
1/14/2025,7:15,323.2
1/14/2025,7:30,380
1/14/2025,7:45,349.6
1/14/2025,8:00,409.6
1/14/2025,8:15,384.8
1/14/2025,8:30,401.6
1/14/2025,8:45,369.6
1/14/2025,9:00,415.2
1/14/2025,9:15,406.4
1/14/2025,9:30,387.2
1/14/2025,9:45,422.4
1/14/2025,10:00,389.6
1/14/2025,10:15,396
1/14/2025,10:30,385.6
1/14/2025,10:45,336
1/14/2025,11:00,350.4
1/14/2025,11:15,361.6
1/14/2025,11:30,374.4
1/14/2025,11:45,325.6
1/14/2025,12:00,331.2
1/14/2025,12:15,348
1/14/2025,12:30,386.4
1/14/2025,12:45,379.2
1/14/2025,13:00,388
1/14/2025,13:15,353.6
1/14/2025,13:30,323.2
1/14/2025,13:45,332.8
1/14/2025,14:00,340
1/14/2025,14:15,323.2
1/14/2025,14:30,342.4
1/14/2025,14:45,341.6
1/14/2025,15:00,363.2
1/14/2025,15:15,379.2
1/14/2025,15:30,360.8
1/14/2025,15:45,385.6
1/14/2025,16:00,396
1/14/2025,16:15,399.2
1/14/2025,16:30,410.4
1/14/2025,16:45,398.4
1/14/2025,17:00,382.4
1/14/2025,17:15,388
1/14/2025,17:30,380.8
1/14/2025,17:45,396.8
1/14/2025,18:00,336.8
1/14/2025,18:15,353.6
1/14/2025,18:30,358.4
1/14/2025,18:45,356
1/14/2025,19:00,346.4
1/14/2025,19:15,349.6
1/14/2025,19:30,403.2
1/14/2025,19:45,385.6
1/14/2025,20:00,390.4
1/14/2025,20:15,393.6
1/14/2025,20:30,368.8
1/14/2025,20:45,348
1/14/2025,21:00,349.6
1/14/2025,21:15,352
1/14/2025,21:30,374.4
1/14/2025,21:45,365.6
1/14/2025,22:00,342.4
1/14/2025,22:15,340.8
1/14/2025,22:30,375.2
1/14/2025,22:45,353.6
1/14/2025,23:00,353.6
1/14/2025,23:15,382.4
1/14/2025,23:30,350.4
1/14/2025,23:45,317.6
1/15/2025,0:00,316
1/15/2025,0:15,328
1/15/2025,0:30,324
1/15/2025,0:45,334.4
1/15/2025,1:00,373.6
1/15/2025,1:15,372.8
1/15/2025,1:30,368
1/15/2025,1:45,372
1/15/2025,2:00,318.4
1/15/2025,2:15,312
1/15/2025,2:30,317.6
1/15/2025,2:45,314.4
1/15/2025,3:00,316
1/15/2025,3:15,329.6
1/15/2025,3:30,327.2
1/15/2025,3:45,344.8
1/15/2025,4:00,348.8
1/15/2025,4:15,372
1/15/2025,4:30,352
1/15/2025,4:45,343.2
1/15/2025,5:00,326.4
1/15/2025,5:15,339.2
1/15/2025,5:30,317.6
1/15/2025,5:45,363.2
1/15/2025,6:00,332.8
1/15/2025,6:15,380
1/15/2025,6:30,366.4
1/15/2025,6:45,350.4
1/15/2025,7:00,363.2
1/15/2025,7:15,356
1/15/2025,7:30,348
1/15/2025,7:45,361.6
1/15/2025,8:00,382.4
1/15/2025,8:15,395.2
1/15/2025,8:30,388
1/15/2025,8:45,397.6
1/15/2025,9:00,397.6
1/15/2025,9:15,395.2
1/15/2025,9:30,425.6
1/15/2025,9:45,414.4
1/15/2025,10:00,430.4
1/15/2025,10:15,408
1/15/2025,10:30,389.6
1/15/2025,10:45,393.6
1/15/2025,11:00,396
1/15/2025,11:15,389.6
1/15/2025,11:30,382.4
1/15/2025,11:45,375.2
1/15/2025,12:00,375.2
1/15/2025,12:15,387.2
1/15/2025,12:30,390.4
1/15/2025,12:45,385.6
1/15/2025,13:00,378.4
1/15/2025,13:15,351.2
1/15/2025,13:30,370.4
1/15/2025,13:45,339.2
1/15/2025,14:00,336
1/15/2025,14:15,333.6
1/15/2025,14:30,376.8
1/15/2025,14:45,372.8
1/15/2025,15:00,383.2
1/15/2025,15:15,385.6
1/15/2025,15:30,388.8
1/15/2025,15:45,369.6
1/15/2025,16:00,390.4
1/15/2025,16:15,388.8
1/15/2025,16:30,376
1/15/2025,16:45,376.8
1/15/2025,17:00,352
1/15/2025,17:15,393.6
1/15/2025,17:30,420
1/15/2025,17:45,404.8
1/15/2025,18:00,392
1/15/2025,18:15,368.8
1/15/2025,18:30,354.4
1/15/2025,18:45,372.8
1/15/2025,19:00,368.8
1/15/2025,19:15,360
1/15/2025,19:30,400
1/15/2025,19:45,408.8
1/15/2025,20:00,396.8
1/15/2025,20:15,388.8
1/15/2025,20:30,428
1/15/2025,20:45,378.4
1/15/2025,21:00,347.2
1/15/2025,21:15,387.2
1/15/2025,21:30,354.4
1/15/2025,21:45,386.4
1/15/2025,22:00,428.8
1/15/2025,22:15,375.2
1/15/2025,22:30,386.4
1/15/2025,22:45,379.2
1/15/2025,23:00,372.8
1/15/2025,23:15,373.6
1/15/2025,23:30,373.6
1/15/2025,23:45,372.8
1/16/2025,0:00,405.6
1/16/2025,0:15,383.2
1/16/2025,0:30,372
1/16/2025,0:45,410.4
1/16/2025,1:00,374.4
1/16/2025,1:15,420
1/16/2025,1:30,407.2
1/16/2025,1:45,401.6
1/16/2025,2:00,423.2
1/16/2025,2:15,413.6
1/16/2025,2:30,421.6
1/16/2025,2:45,396.8
1/16/2025,3:00,374.4
1/16/2025,3:15,389.6
1/16/2025,3:30,384.8
1/16/2025,3:45,388.8
1/16/2025,4:00,381.6
1/16/2025,4:15,380.8
1/16/2025,4:30,381.6
1/16/2025,4:45,400
1/16/2025,5:00,331.2
1/16/2025,5:15,380
1/16/2025,5:30,326.4
1/16/2025,5:45,344.8
1/16/2025,6:00,335.2
1/16/2025,6:15,358.4
1/16/2025,6:30,321.6
1/16/2025,6:45,348.8
1/16/2025,7:00,361.6
1/16/2025,7:15,352.8
1/16/2025,7:30,368.8
1/16/2025,7:45,374.4
1/16/2025,8:00,367.2
1/16/2025,8:15,387.2
1/16/2025,8:30,359.2
1/16/2025,8:45,360
1/16/2025,9:00,319.2
1/16/2025,9:15,329.6
1/16/2025,9:30,354.4
1/16/2025,9:45,330.4
1/16/2025,10:00,303.2
1/16/2025,10:15,336
1/16/2025,10:30,312
1/16/2025,10:45,312
1/16/2025,11:00,396
1/16/2025,11:15,346.4
1/16/2025,11:30,352
1/16/2025,11:45,343.2
1/16/2025,12:00,340.8
1/16/2025,12:15,303.2
1/16/2025,12:30,324
1/16/2025,12:45,299.2
1/16/2025,13:00,306.4
1/16/2025,13:15,299.2
1/16/2025,13:30,348
1/16/2025,13:45,296.8
1/16/2025,14:00,300.8
1/16/2025,14:15,314.4
1/16/2025,14:30,312.8
1/16/2025,14:45,306.4
1/16/2025,15:00,304
1/16/2025,15:15,304
1/16/2025,15:30,280
1/16/2025,15:45,293.6
1/16/2025,16:00,291.2
1/16/2025,16:15,287.2
1/16/2025,16:30,324
1/16/2025,16:45,304.8
1/16/2025,17:00,396
1/16/2025,17:15,388
1/16/2025,17:30,350.4
1/16/2025,17:45,348
1/16/2025,18:00,336
1/16/2025,18:15,330.4
1/16/2025,18:30,360
1/16/2025,18:45,370.4
1/16/2025,19:00,334.4
1/16/2025,19:15,348
1/16/2025,19:30,387.2
1/16/2025,19:45,384
1/16/2025,20:00,377.6
1/16/2025,20:15,368
1/16/2025,20:30,397.6
1/16/2025,20:45,348.8
1/16/2025,21:00,352.8
1/16/2025,21:15,330.4
1/16/2025,21:30,363.2
1/16/2025,21:45,358.4
1/16/2025,22:00,359.2
1/16/2025,22:15,356
1/16/2025,22:30,363.2
1/16/2025,22:45,363.2
1/16/2025,23:00,370.4
1/16/2025,23:15,372
1/16/2025,23:30,393.6
1/16/2025,23:45,388
1/17/2025,0:00,357.6
1/17/2025,0:15,380
1/17/2025,0:30,335.2
1/17/2025,0:45,336.8
1/17/2025,1:00,356
1/17/2025,1:15,345.6
1/17/2025,1:30,376
1/17/2025,1:45,323.2
1/17/2025,2:00,351.2
1/17/2025,2:15,365.6
1/17/2025,2:30,348.8
1/17/2025,2:45,367.2
1/17/2025,3:00,375.2
1/17/2025,3:15,363.2
1/17/2025,3:30,360.8
1/17/2025,3:45,378.4
1/17/2025,4:00,380.8
1/17/2025,4:15,375.2
1/17/2025,4:30,362.4
1/17/2025,4:45,364
1/17/2025,5:00,376
1/17/2025,5:15,360
1/17/2025,5:30,372.8
1/17/2025,5:45,346.4
1/17/2025,6:00,317.6
1/17/2025,6:15,324.8
1/17/2025,6:30,333.6
1/17/2025,6:45,308.8
1/17/2025,7:00,297.6
1/17/2025,7:15,356
1/17/2025,7:30,329.6
1/17/2025,7:45,316
1/17/2025,8:00,332.8
1/17/2025,8:15,340.8
1/17/2025,8:30,326.4
1/17/2025,8:45,337.6
1/17/2025,9:00,364
1/17/2025,9:15,369.6
1/17/2025,9:30,331.2
1/17/2025,9:45,325.6
1/17/2025,10:00,283.2
1/17/2025,10:15,307.2
1/17/2025,10:30,310.4
1/17/2025,10:45,304.8
1/17/2025,11:00,306.4
1/17/2025,11:15,330.4
1/17/2025,11:30,339.2
1/17/2025,11:45,323.2
1/17/2025,12:00,300
1/17/2025,12:15,293.6
1/17/2025,12:30,284.8
1/17/2025,12:45,258.4
1/17/2025,13:00,260
1/17/2025,13:15,264
1/17/2025,13:30,288.8
1/17/2025,13:45,284
1/17/2025,14:00,300
1/17/2025,14:15,290.4
1/17/2025,14:30,262.4
1/17/2025,14:45,260.8
1/17/2025,15:00,276.8
1/17/2025,15:15,252.8
1/17/2025,15:30,306.4
1/17/2025,15:45,424.8
1/17/2025,16:00,394.4
1/17/2025,16:15,400
1/17/2025,16:30,365.6
1/17/2025,16:45,378.4
1/17/2025,17:00,322.4
1/17/2025,17:15,338.4
1/17/2025,17:30,368
1/17/2025,17:45,358.4
1/17/2025,18:00,346.4
1/17/2025,18:15,392
1/17/2025,18:30,379.2
1/17/2025,18:45,374.4
1/17/2025,19:00,408
1/17/2025,19:15,338.4
1/17/2025,19:30,340
1/17/2025,19:45,368
1/17/2025,20:00,336
1/17/2025,20:15,327.2
1/17/2025,20:30,359.2
1/17/2025,20:45,421.6
1/17/2025,21:00,416
1/17/2025,21:15,382.4
1/17/2025,21:30,384
1/17/2025,21:45,385.6
1/17/2025,22:00,385.6
1/17/2025,22:15,375.2
1/17/2025,22:30,363.2
1/17/2025,22:45,364
1/17/2025,23:00,359.2
1/17/2025,23:15,348
1/17/2025,23:30,345.6
1/17/2025,23:45,346.4
1/18/2025,0:00,312
1/18/2025,0:15,300.8
1/18/2025,0:30,313.6
1/18/2025,0:45,315.2
1/18/2025,1:00,321.6
1/18/2025,1:15,309.6
1/18/2025,1:30,358.4
1/18/2025,1:45,310.4
1/18/2025,2:00,392
1/18/2025,2:15,360.8
1/18/2025,2:30,355.2
1/18/2025,2:45,355.2
1/18/2025,3:00,342.4
1/18/2025,3:15,385.6
1/18/2025,3:30,329.6
1/18/2025,3:45,344
1/18/2025,4:00,326.4
1/18/2025,4:15,328
1/18/2025,4:30,350.4
1/18/2025,4:45,336
1/18/2025,5:00,345.6
1/18/2025,5:15,341.6
1/18/2025,5:30,346.4
1/18/2025,5:45,400.8
1/18/2025,6:00,394.4
1/18/2025,6:15,397.6
1/18/2025,6:30,424
1/18/2025,6:45,453.6
1/18/2025,7:00,426.4
1/18/2025,7:15,435.2
1/18/2025,7:30,436
1/18/2025,7:45,385.6
1/18/2025,8:00,491.2
1/18/2025,8:15,396.8
1/18/2025,8:30,420
1/18/2025,8:45,404.8
1/18/2025,9:00,437.6
1/18/2025,9:15,448
1/18/2025,9:30,441.6
1/18/2025,9:45,427.2
1/18/2025,10:00,416
1/18/2025,10:15,411.2
1/18/2025,10:30,408.8
1/18/2025,10:45,412.8
1/18/2025,11:00,416
1/18/2025,11:15,391.2
1/18/2025,11:30,384.8
1/18/2025,11:45,388.8
1/18/2025,12:00,370.4
1/18/2025,12:15,378.4
1/18/2025,12:30,391.2
1/18/2025,12:45,394.4
1/18/2025,13:00,330.4
1/18/2025,13:15,335.2
1/18/2025,13:30,342.4
1/18/2025,13:45,370.4
1/18/2025,14:00,357.6
1/18/2025,14:15,378.4
1/18/2025,14:30,390.4
1/18/2025,14:45,378.4
1/18/2025,15:00,370.4
1/18/2025,15:15,347.2
1/18/2025,15:30,353.6
1/18/2025,15:45,344.8
1/18/2025,16:00,356
1/18/2025,16:15,361.6
1/18/2025,16:30,380
1/18/2025,16:45,359.2
1/18/2025,17:00,368
1/18/2025,17:15,369.6
1/18/2025,17:30,380.8
1/18/2025,17:45,354.4
1/18/2025,18:00,356
1/18/2025,18:15,360.8
1/18/2025,18:30,352
1/18/2025,18:45,340
1/18/2025,19:00,340.8
1/18/2025,19:15,374.4
1/18/2025,19:30,372.8
1/18/2025,19:45,381.6
1/18/2025,20:00,382.4
1/18/2025,20:15,360
1/18/2025,20:30,343.2
1/18/2025,20:45,350.4
1/18/2025,21:00,339.2
1/18/2025,21:15,354.4
1/18/2025,21:30,354.4
1/18/2025,21:45,397.6
1/18/2025,22:00,370.4
1/18/2025,22:15,377.6
1/18/2025,22:30,351.2
1/18/2025,22:45,324
1/18/2025,23:00,342.4
1/18/2025,23:15,320.8
1/18/2025,23:30,328
1/18/2025,23:45,323.2
1/19/2025,0:00,326.4
1/19/2025,0:15,360.8
1/19/2025,0:30,364
1/19/2025,0:45,356
1/19/2025,1:00,353.6
1/19/2025,1:15,358.4
1/19/2025,1:30,344.8
1/19/2025,1:45,347.2
1/19/2025,2:00,341.6
1/19/2025,2:15,348
1/19/2025,2:30,348.8
1/19/2025,2:45,347.2
1/19/2025,3:00,346.4
1/19/2025,3:15,345.6
1/19/2025,3:30,388.8
1/19/2025,3:45,361.6
1/19/2025,4:00,324.8
1/19/2025,4:15,356
1/19/2025,4:30,316
1/19/2025,4:45,319.2
1/19/2025,5:00,341.6
1/19/2025,5:15,380.8
1/19/2025,5:30,347.2
1/19/2025,5:45,388
1/19/2025,6:00,376.8
1/19/2025,6:15,422.4
1/19/2025,6:30,345.6
1/19/2025,6:45,336
1/19/2025,7:00,350.4
1/19/2025,7:15,379.2
1/19/2025,7:30,341.6
1/19/2025,7:45,398.4
1/19/2025,8:00,372.8
1/19/2025,8:15,402.4
1/19/2025,8:30,408.8
1/19/2025,8:45,393.6
1/19/2025,9:00,353.6
1/19/2025,9:15,383.2
1/19/2025,9:30,393.6
1/19/2025,9:45,385.6
1/19/2025,10:00,358.4
1/19/2025,10:15,384
1/19/2025,10:30,379.2
1/19/2025,10:45,418.4
1/19/2025,11:00,398.4
1/19/2025,11:15,381.6
1/19/2025,11:30,372.8
1/19/2025,11:45,383.2
1/19/2025,12:00,393.6
1/19/2025,12:15,357.6
1/19/2025,12:30,350.4
1/19/2025,12:45,381.6
1/19/2025,13:00,386.4
1/19/2025,13:15,367.2
1/19/2025,13:30,360
1/19/2025,13:45,368
1/19/2025,14:00,393.6
1/19/2025,14:15,368.8
1/19/2025,14:30,355.2
1/19/2025,14:45,388.8
1/19/2025,15:00,364
1/19/2025,15:15,354.4
1/19/2025,15:30,366.4
1/19/2025,15:45,364.8
1/19/2025,16:00,350.4
1/19/2025,16:15,351.2
1/19/2025,16:30,302.4
1/19/2025,16:45,300
1/19/2025,17:00,352
1/19/2025,17:15,296.8
1/19/2025,17:30,306.4
1/19/2025,17:45,289.6
1/19/2025,18:00,374.4
1/19/2025,18:15,406.4
1/19/2025,18:30,360.8
1/19/2025,18:45,360
1/19/2025,19:00,423.2
1/19/2025,19:15,397.6
1/19/2025,19:30,401.6
1/19/2025,19:45,384.8
1/19/2025,20:00,360
1/19/2025,20:15,364.8
1/19/2025,20:30,353.6
1/19/2025,20:45,344.8
1/19/2025,21:00,338.4
1/19/2025,21:15,359.2
1/19/2025,21:30,397.6
1/19/2025,21:45,416.8
1/19/2025,22:00,395.2
1/19/2025,22:15,388
1/19/2025,22:30,404
1/19/2025,22:45,394.4
1/19/2025,23:00,376.8
1/19/2025,23:15,384.8
1/19/2025,23:30,428
1/19/2025,23:45,362.4
1/20/2025,0:00,356.8
1/20/2025,0:15,387.2
1/20/2025,0:30,371.2
1/20/2025,0:45,388
1/20/2025,1:00,329.6
1/20/2025,1:15,332
1/20/2025,1:30,335.2
1/20/2025,1:45,332.8
1/20/2025,2:00,322.4
1/20/2025,2:15,345.6
1/20/2025,2:30,355.2
1/20/2025,2:45,336.8
1/20/2025,3:00,324
1/20/2025,3:15,361.6
1/20/2025,3:30,356
1/20/2025,3:45,345.6
1/20/2025,4:00,361.6
1/20/2025,4:15,348.8
1/20/2025,4:30,344
1/20/2025,4:45,343.2
1/20/2025,5:00,354.4
1/20/2025,5:15,368.8
1/20/2025,5:30,388.8
1/20/2025,5:45,424.8
1/20/2025,6:00,412.8
1/20/2025,6:15,397.6
1/20/2025,6:30,358.4
1/20/2025,6:45,371.2
1/20/2025,7:00,369.6
1/20/2025,7:15,369.6
1/20/2025,7:30,401.6
1/20/2025,7:45,335.2
1/20/2025,8:00,376
1/20/2025,8:15,411.2
1/20/2025,8:30,372
1/20/2025,8:45,347.2
1/20/2025,9:00,417.6
1/20/2025,9:15,416
1/20/2025,9:30,424
1/20/2025,9:45,439.2
1/20/2025,10:00,395.2
1/20/2025,10:15,381.6
1/20/2025,10:30,368.8
1/20/2025,10:45,352
1/20/2025,11:00,344.8
1/20/2025,11:15,344.8
1/20/2025,11:30,359.2
1/20/2025,11:45,372
1/20/2025,12:00,377.6
1/20/2025,12:15,397.6
1/20/2025,12:30,381.6
1/20/2025,12:45,380
1/20/2025,13:00,393.6
1/20/2025,13:15,340
1/20/2025,13:30,324
1/20/2025,13:45,334.4
1/20/2025,14:00,344.8
1/20/2025,14:15,343.2
1/20/2025,14:30,335.2
1/20/2025,14:45,380
1/20/2025,15:00,388.8
1/20/2025,15:15,392
1/20/2025,15:30,416
1/20/2025,15:45,380.8
1/20/2025,16:00,352
1/20/2025,16:15,359.2
1/20/2025,16:30,351.2
1/20/2025,16:45,269.6
1/20/2025,17:00,284
1/20/2025,17:15,304.8
1/20/2025,17:30,310.4
1/20/2025,17:45,319.2
1/20/2025,18:00,430.4
1/20/2025,18:15,438.4
1/20/2025,18:30,359.2
1/20/2025,18:45,351.2
1/20/2025,19:00,349.6
1/20/2025,19:15,360
1/20/2025,19:30,361.6
1/20/2025,19:45,362.4
1/20/2025,20:00,373.6
1/20/2025,20:15,373.6
1/20/2025,20:30,376
1/20/2025,20:45,372.8
1/20/2025,21:00,370.4
1/20/2025,21:15,367.2
1/20/2025,21:30,407.2
1/20/2025,21:45,378.4
1/20/2025,22:00,392.8
1/20/2025,22:15,420.8
1/20/2025,22:30,364.8
1/20/2025,22:45,388.8
1/20/2025,23:00,374.4
1/20/2025,23:15,356
1/20/2025,23:30,338.4
1/20/2025,23:45,336
1/21/2025,0:00,338.4
1/21/2025,0:15,356
1/21/2025,0:30,323.2
1/21/2025,0:45,331.2
1/21/2025,1:00,376.8
1/21/2025,1:15,358.4
1/21/2025,1:30,340
1/21/2025,1:45,381.6
1/21/2025,2:00,340.8
1/21/2025,2:15,327.2
1/21/2025,2:30,317.6
1/21/2025,2:45,332
1/21/2025,3:00,328.8
1/21/2025,3:15,356.8
1/21/2025,3:30,356.8
1/21/2025,3:45,366.4
1/21/2025,4:00,368
1/21/2025,4:15,381.6
1/21/2025,4:30,396
1/21/2025,4:45,317.6
1/21/2025,5:00,332.8
1/21/2025,5:15,324.8
1/21/2025,5:30,322.4
1/21/2025,5:45,428
1/21/2025,6:00,335.2
1/21/2025,6:15,403.2
1/21/2025,6:30,405.6
1/21/2025,6:45,380
1/21/2025,7:00,373.6
1/21/2025,7:15,352
1/21/2025,7:30,360.8
1/21/2025,7:45,344.8
1/21/2025,8:00,373.6
1/21/2025,8:15,367.2
1/21/2025,8:30,344
1/21/2025,8:45,373.6
1/21/2025,9:00,371.2
1/21/2025,9:15,391.2
1/21/2025,9:30,391.2
1/21/2025,9:45,385.6
1/21/2025,10:00,380.8
1/21/2025,10:15,361.6
1/21/2025,10:30,394.4
1/21/2025,10:45,392.8
1/21/2025,11:00,367.2
1/21/2025,11:15,384.8
1/21/2025,11:30,375.2
1/21/2025,11:45,347.2
1/21/2025,12:00,356.8
1/21/2025,12:15,328.8
1/21/2025,12:30,333.6
1/21/2025,12:45,342.4
1/21/2025,13:00,352
1/21/2025,13:15,397.6
1/21/2025,13:30,364.8
1/21/2025,13:45,374.4
1/21/2025,14:00,387.2
1/21/2025,14:15,334.4
1/21/2025,14:30,330.4
1/21/2025,14:45,346.4
1/21/2025,15:00,258.4
1/21/2025,15:15,257.6
1/21/2025,15:30,340
1/21/2025,15:45,342.4
1/21/2025,16:00,329.6
1/21/2025,16:15,327.2
1/21/2025,16:30,347.2
1/21/2025,16:45,290.4
1/21/2025,17:00,261.6
1/21/2025,17:15,247.2
1/21/2025,17:30,284
1/21/2025,17:45,272.8
1/21/2025,18:00,273.6
1/21/2025,18:15,279.2
1/21/2025,18:30,331.2
1/21/2025,18:45,298.4
1/21/2025,19:00,401.6
1/21/2025,19:15,418.4
1/21/2025,19:30,383.2
1/21/2025,19:45,272.8
1/21/2025,20:00,273.6
1/21/2025,20:15,268.8
1/21/2025,20:30,362.4
1/21/2025,20:45,262.4
1/21/2025,21:00,275.2
1/21/2025,21:15,372
1/21/2025,21:30,428.8
1/21/2025,21:45,334.4
1/21/2025,22:00,400.8
1/21/2025,22:15,427.2
1/21/2025,22:30,396
1/21/2025,22:45,389.6
1/21/2025,23:00,410.4
1/21/2025,23:15,395.2
1/21/2025,23:30,408.8
1/21/2025,23:45,304.8
1/22/2025,0:00,303.2
1/22/2025,0:15,352.8
1/22/2025,0:30,359.2
1/22/2025,0:45,328.8
1/22/2025,1:00,325.6
1/22/2025,1:15,325.6
1/22/2025,1:30,314.4
1/22/2025,1:45,228.8
1/22/2025,2:00,244
1/22/2025,2:15,237.6
1/22/2025,2:30,253.6
1/22/2025,2:45,408
1/22/2025,3:00,388
1/22/2025,3:15,344
1/22/2025,3:30,364.8
1/22/2025,3:45,348.8
1/22/2025,4:00,348
1/22/2025,4:15,364
1/22/2025,4:30,355.2
1/22/2025,4:45,351.2
1/22/2025,5:00,363.2
1/22/2025,5:15,358.4
1/22/2025,5:30,336.8
1/22/2025,5:45,403.2
1/22/2025,6:00,362.4
1/22/2025,6:15,338.4
1/22/2025,6:30,339.2
1/22/2025,6:45,322.4
1/22/2025,7:00,354.4
1/22/2025,7:15,362.4
1/22/2025,7:30,385.6
1/22/2025,7:45,379.2
1/22/2025,8:00,390.4
1/22/2025,8:15,378.4
1/22/2025,8:30,387.2
1/22/2025,8:45,375.2
1/22/2025,9:00,372
1/22/2025,9:15,374.4
1/22/2025,9:30,389.6
1/22/2025,9:45,382.4
1/22/2025,10:00,392.8
1/22/2025,10:15,359.2
1/22/2025,10:30,386.4
1/22/2025,10:45,416
1/22/2025,11:00,399.2
1/22/2025,11:15,404
1/22/2025,11:30,420
1/22/2025,11:45,392
1/22/2025,12:00,302.4
1/22/2025,12:15,298.4
1/22/2025,12:30,298.4
1/22/2025,12:45,284
1/22/2025,13:00,274.4
1/22/2025,13:15,301.6
1/22/2025,13:30,295.2
1/22/2025,13:45,428.8
1/22/2025,14:00,316.8
1/22/2025,14:15,285.6
1/22/2025,14:30,280.8
1/22/2025,14:45,297.6
1/22/2025,15:00,311.2
1/22/2025,15:15,297.6
1/22/2025,15:30,297.6
1/22/2025,15:45,284.8
1/22/2025,16:00,283.2
1/22/2025,16:15,282.4
1/22/2025,16:30,295.2
1/22/2025,16:45,271.2
1/22/2025,17:00,270.4
1/22/2025,17:15,313.6
1/22/2025,17:30,308.8
1/22/2025,17:45,331.2
1/22/2025,18:00,313.6
1/22/2025,18:15,285.6
1/22/2025,18:30,290.4
1/22/2025,18:45,289.6
1/22/2025,19:00,279.2
1/22/2025,19:15,268.8
1/22/2025,19:30,264
1/22/2025,19:45,296.8
1/22/2025,20:00,362.4
1/22/2025,20:15,380.8
1/22/2025,20:30,395.2
1/22/2025,20:45,418.4
1/22/2025,21:00,388.8
1/22/2025,21:15,340.8
1/22/2025,21:30,274.4
1/22/2025,21:45,281.6
1/22/2025,22:00,275.2
1/22/2025,22:15,288.8
1/22/2025,22:30,308.8
1/22/2025,22:45,392.8
1/22/2025,23:00,404.8
1/22/2025,23:15,418.4
1/22/2025,23:30,427.2
1/22/2025,23:45,388.8
1/23/2025,0:00,375.2
1/23/2025,0:15,263.2
1/23/2025,0:30,332
1/23/2025,0:45,321.6
1/23/2025,1:00,304.8
1/23/2025,1:15,346.4
1/23/2025,1:30,380.8
1/23/2025,1:45,362.4
1/23/2025,2:00,399.2
1/23/2025,2:15,309.6
1/23/2025,2:30,295.2
1/23/2025,2:45,264.8
1/23/2025,3:00,273.6
1/23/2025,3:15,287.2
1/23/2025,3:30,316.8
1/23/2025,3:45,384
1/23/2025,4:00,370.4
1/23/2025,4:15,378.4
1/23/2025,4:30,399.2
1/23/2025,4:45,248
1/23/2025,5:00,265.6
1/23/2025,5:15,248.8
1/23/2025,5:30,263.2
1/23/2025,5:45,270.4
1/23/2025,6:00,285.6
1/23/2025,6:15,336.8
1/23/2025,6:30,312
1/23/2025,6:45,295.2
1/23/2025,7:00,343.2
1/23/2025,7:15,288.8
1/23/2025,7:30,267.2
1/23/2025,7:45,262.4
1/23/2025,8:00,284.8
1/23/2025,8:15,291.2
1/23/2025,8:30,313.6
1/23/2025,8:45,291.2
1/23/2025,9:00,309.6
1/23/2025,9:15,354.4
1/23/2025,9:30,367.2
1/23/2025,9:45,358.4
1/23/2025,10:00,310.4
1/23/2025,10:15,293.6
1/23/2025,10:30,325.6
1/23/2025,10:45,203.2
1/23/2025,11:00,219.2
1/23/2025,11:15,180
1/23/2025,11:30,206.4
1/23/2025,11:45,257.6
1/23/2025,12:00,260
1/23/2025,12:15,235.2
1/23/2025,12:30,214.4
1/23/2025,12:45,240
1/23/2025,13:00,192
1/23/2025,13:15,186.4
1/23/2025,13:30,170.4
1/23/2025,13:45,200
1/23/2025,14:00,170.4
1/23/2025,14:15,183.2
1/23/2025,14:30,369.6
1/23/2025,14:45,349.6
1/23/2025,15:00,290.4
1/23/2025,15:15,284.8
1/23/2025,15:30,247.2
1/23/2025,15:45,282.4
1/23/2025,16:00,270.4
1/23/2025,16:15,268.8
1/23/2025,16:30,255.2
1/23/2025,16:45,301.6
1/23/2025,17:00,294.4
1/23/2025,17:15,275.2
1/23/2025,17:30,283.2
1/23/2025,17:45,284.8
1/23/2025,18:00,280
1/23/2025,18:15,296.8
1/23/2025,18:30,286.4
1/23/2025,18:45,300.8
1/23/2025,19:00,282.4
1/23/2025,19:15,304
1/23/2025,19:30,292
1/23/2025,19:45,308.8
1/23/2025,20:00,254.4
1/23/2025,20:15,280
1/23/2025,20:30,249.6
1/23/2025,20:45,244
1/23/2025,21:00,301.6
1/23/2025,21:15,329.6
1/23/2025,21:30,308.8
1/23/2025,21:45,297.6
1/23/2025,22:00,304.8
1/23/2025,22:15,319.2
1/23/2025,22:30,276
1/23/2025,22:45,285.6
1/23/2025,23:00,272.8
1/23/2025,23:15,269.6
1/23/2025,23:30,291.2
1/23/2025,23:45,243.2
1/24/2025,0:00,250.4
1/24/2025,0:15,247.2
1/24/2025,0:30,245.6
1/24/2025,0:45,240
1/24/2025,1:00,270.4
1/24/2025,1:15,273.6
1/24/2025,1:30,282.4
1/24/2025,1:45,278.4
1/24/2025,2:00,278.4
1/24/2025,2:15,268.8
1/24/2025,2:30,274.4
1/24/2025,2:45,248
1/24/2025,3:00,252
1/24/2025,3:15,236
1/24/2025,3:30,243.2
1/24/2025,3:45,247.2
1/24/2025,4:00,232.8
1/24/2025,4:15,259.2
1/24/2025,4:30,242.4
1/24/2025,4:45,287.2
1/24/2025,5:00,250.4
1/24/2025,5:15,267.2
1/24/2025,5:30,254.4
1/24/2025,5:45,319.2
1/24/2025,6:00,278.4
1/24/2025,6:15,312.8
1/24/2025,6:30,285.6
1/24/2025,6:45,260
1/24/2025,7:00,253.6
1/24/2025,7:15,252.8
1/24/2025,7:30,256.8
1/24/2025,7:45,320
1/24/2025,8:00,288.8
1/24/2025,8:15,288.8
1/24/2025,8:30,365.6
1/24/2025,8:45,324
1/24/2025,9:00,308.8
1/24/2025,9:15,328.8
1/24/2025,9:30,316
1/24/2025,9:45,305.6
1/24/2025,10:00,258.4
1/24/2025,10:15,273.6
1/24/2025,10:30,277.6
1/24/2025,10:45,269.6
1/24/2025,11:00,276.8
1/24/2025,11:15,319.2
1/24/2025,11:30,298.4
1/24/2025,11:45,293.6
1/24/2025,12:00,304
1/24/2025,12:15,235.2
1/24/2025,12:30,252.8
1/24/2025,12:45,256.8
1/24/2025,13:00,246.4
1/24/2025,13:15,259.2
1/24/2025,13:30,245.6
1/24/2025,13:45,266.4
1/24/2025,14:00,298.4
1/24/2025,14:15,284.8
1/24/2025,14:30,321.6
1/24/2025,14:45,284.8
1/24/2025,15:00,277.6
1/24/2025,15:15,284.8
1/24/2025,15:30,288.8
1/24/2025,15:45,240
1/24/2025,16:00,264.8
1/24/2025,16:15,272.8
1/24/2025,16:30,295.2
1/24/2025,16:45,304
1/24/2025,17:00,299.2
1/24/2025,17:15,240.8
1/24/2025,17:30,305.6
1/24/2025,17:45,279.2
1/24/2025,18:00,325.6
1/24/2025,18:15,289.6
1/24/2025,18:30,275.2
1/24/2025,18:45,277.6
1/24/2025,19:00,276
1/24/2025,19:15,303.2
1/24/2025,19:30,280.8
1/24/2025,19:45,279.2
1/24/2025,20:00,252.8
1/24/2025,20:15,244.8
1/24/2025,20:30,266.4
1/24/2025,20:45,240
1/24/2025,21:00,260.8
1/24/2025,21:15,248.8
1/24/2025,21:30,282.4
1/24/2025,21:45,284
1/24/2025,22:00,299.2
1/24/2025,22:15,283.2
1/24/2025,22:30,240.8
1/24/2025,22:45,265.6
1/24/2025,23:00,232
1/24/2025,23:15,240.8
1/24/2025,23:30,218.4
1/24/2025,23:45,234.4
1/25/2025,0:00,226.4
1/25/2025,0:15,265.6
1/25/2025,0:30,250.4
1/25/2025,0:45,258.4
1/25/2025,1:00,269.6
1/25/2025,1:15,232
1/25/2025,1:30,213.6
1/25/2025,1:45,224.8
1/25/2025,2:00,229.6
1/25/2025,2:15,224
1/25/2025,2:30,222.4
1/25/2025,2:45,230.4
1/25/2025,3:00,276.8
1/25/2025,3:15,263.2
1/25/2025,3:30,271.2
1/25/2025,3:45,284
1/25/2025,4:00,261.6
1/25/2025,4:15,260.8
1/25/2025,4:30,260.8
1/25/2025,4:45,236.8
1/25/2025,5:00,258.4
1/25/2025,5:15,303.2
1/25/2025,5:30,256
1/25/2025,5:45,268.8
1/25/2025,6:00,278.4
1/25/2025,6:15,265.6
1/25/2025,6:30,222.4
1/25/2025,6:45,257.6
1/25/2025,7:00,236.8
1/25/2025,7:15,252
1/25/2025,7:30,248.8
1/25/2025,7:45,273.6
1/25/2025,8:00,303.2
1/25/2025,8:15,232
1/25/2025,8:30,216
1/25/2025,8:45,197.6
1/25/2025,9:00,200.8
1/25/2025,9:15,195.2
1/25/2025,9:30,212.8
1/25/2025,9:45,204
1/25/2025,10:00,220.8
1/25/2025,10:15,208.8
1/25/2025,10:30,232.8
1/25/2025,10:45,224
1/25/2025,11:00,226.4
1/25/2025,11:15,220.8
1/25/2025,11:30,184.8
1/25/2025,11:45,235.2
1/25/2025,12:00,212.8
1/25/2025,12:15,199.2
1/25/2025,12:30,194.4
1/25/2025,12:45,184
1/25/2025,13:00,173.6
1/25/2025,13:15,210.4
1/25/2025,13:30,229.6
1/25/2025,13:45,211.2
1/25/2025,14:00,193.6
1/25/2025,14:15,226.4
1/25/2025,14:30,172.8
1/25/2025,14:45,172.8
1/25/2025,15:00,174.4
1/25/2025,15:15,185.6
1/25/2025,15:30,165.6
1/25/2025,15:45,199.2
1/25/2025,16:00,241.6
1/25/2025,16:15,232.8
1/25/2025,16:30,208.8
1/25/2025,16:45,245.6
1/25/2025,17:00,229.6
1/25/2025,17:15,158.4
1/25/2025,17:30,186.4
1/25/2025,17:45,193.6
1/25/2025,18:00,186.4
1/25/2025,18:15,188
1/25/2025,18:30,194.4
1/25/2025,18:45,220.8
1/25/2025,19:00,208
1/25/2025,19:15,211.2
1/25/2025,19:30,212
1/25/2025,19:45,238.4
1/25/2025,20:00,262.4
1/25/2025,20:15,272
1/25/2025,20:30,227.2
1/25/2025,20:45,242.4
1/25/2025,21:00,240
1/25/2025,21:15,227.2
1/25/2025,21:30,208
1/25/2025,21:45,248.8
1/25/2025,22:00,239.2
1/25/2025,22:15,214.4
1/25/2025,22:30,153.6
1/25/2025,22:45,173.6
1/25/2025,23:00,155.2
1/25/2025,23:15,162.4
1/25/2025,23:30,149.6
1/25/2025,23:45,198.4
1/26/2025,0:00,155.2
1/26/2025,0:15,168
1/26/2025,0:30,194.4
1/26/2025,0:45,189.6
1/26/2025,1:00,180
1/26/2025,1:15,212.8
1/26/2025,1:30,164
1/26/2025,1:45,188.8
1/26/2025,2:00,185.6
1/26/2025,2:15,184.8
1/26/2025,2:30,205.6
1/26/2025,2:45,209.6
1/26/2025,3:00,216
1/26/2025,3:15,172
1/26/2025,3:30,187.2
1/26/2025,3:45,177.6
1/26/2025,4:00,153.6
1/26/2025,4:15,152
1/26/2025,4:30,218.4
1/26/2025,4:45,171.2
1/26/2025,5:00,152
1/26/2025,5:15,198.4
1/26/2025,5:30,192
1/26/2025,5:45,226.4
1/26/2025,6:00,260
1/26/2025,6:15,236.8
1/26/2025,6:30,188
1/26/2025,6:45,211.2
1/26/2025,7:00,192.8
1/26/2025,7:15,183.2
1/26/2025,7:30,186.4
1/26/2025,7:45,184
1/26/2025,8:00,184
1/26/2025,8:15,224
1/26/2025,8:30,323.2
1/26/2025,8:45,296
1/26/2025,9:00,294.4
1/26/2025,9:15,316
1/26/2025,9:30,300.8
1/26/2025,9:45,240.8
1/26/2025,10:00,214.4
1/26/2025,10:15,217.6
1/26/2025,10:30,210.4
1/26/2025,10:45,260
1/26/2025,11:00,248
1/26/2025,11:15,272
1/26/2025,11:30,239.2
1/26/2025,11:45,244
1/26/2025,12:00,234.4
1/26/2025,12:15,208.8
1/26/2025,12:30,219.2
1/26/2025,12:45,204.8
1/26/2025,13:00,202.4
1/26/2025,13:15,200
1/26/2025,13:30,241.6
1/26/2025,13:45,228
1/26/2025,14:00,278.4
1/26/2025,14:15,230.4
1/26/2025,14:30,208.8
1/26/2025,14:45,222.4
1/26/2025,15:00,227.2
1/26/2025,15:15,233.6
1/26/2025,15:30,291.2
1/26/2025,15:45,315.2
1/26/2025,16:00,229.6
1/26/2025,16:15,336
1/26/2025,16:30,296.8
1/26/2025,16:45,264.8
1/26/2025,17:00,256
1/26/2025,17:15,220.8
1/26/2025,17:30,233.6
1/26/2025,17:45,178.4
1/26/2025,18:00,194.4
1/26/2025,18:15,196
1/26/2025,18:30,210.4
1/26/2025,18:45,200.8
1/26/2025,19:00,248.8
1/26/2025,19:15,247.2
1/26/2025,19:30,238.4
1/26/2025,19:45,232.8
1/26/2025,20:00,228.8
1/26/2025,20:15,240.8
1/26/2025,20:30,196.8
1/26/2025,20:45,197.6
1/26/2025,21:00,196
1/26/2025,21:15,196
1/26/2025,21:30,220
1/26/2025,21:45,194.4
1/26/2025,22:00,191.2
1/26/2025,22:15,220.8
1/26/2025,22:30,218.4
1/26/2025,22:45,223.2
1/26/2025,23:00,258.4
1/26/2025,23:15,193.6
1/26/2025,23:30,208.8
1/26/2025,23:45,171.2
1/27/2025,0:00,169.6
1/27/2025,0:15,168.8
1/27/2025,0:30,166.4
1/27/2025,0:45,191.2
1/27/2025,1:00,186.4
1/27/2025,1:15,242.4
1/27/2025,1:30,228
1/27/2025,1:45,228.8
1/27/2025,2:00,254.4
1/27/2025,2:15,225.6
1/27/2025,2:30,216
1/27/2025,2:45,225.6
1/27/2025,3:00,188.8
1/27/2025,3:15,190.4
1/27/2025,3:30,171.2
1/27/2025,3:45,168.8
1/27/2025,4:00,176.8
1/27/2025,4:15,175.2
1/27/2025,4:30,213.6
1/27/2025,4:45,209.6
1/27/2025,5:00,212.8
1/27/2025,5:15,208
1/27/2025,5:30,211.2
1/27/2025,5:45,232
1/27/2025,6:00,255.2
1/27/2025,6:15,202.4
1/27/2025,6:30,191.2
1/27/2025,6:45,183.2
1/27/2025,7:00,200
1/27/2025,7:15,184.8
1/27/2025,7:30,199.2
1/27/2025,7:45,212.8
1/27/2025,8:00,226.4
1/27/2025,8:15,208.8
1/27/2025,8:30,227.2
1/27/2025,8:45,232.8
1/27/2025,9:00,280
1/27/2025,9:15,238.4
1/27/2025,9:30,245.6
1/27/2025,9:45,242.4
1/27/2025,10:00,244
1/27/2025,10:15,222.4
1/27/2025,10:30,248.8
1/27/2025,10:45,265.6
1/27/2025,11:00,232
1/27/2025,11:15,234.4
1/27/2025,11:30,212.8
1/27/2025,11:45,217.6
1/27/2025,12:00,228
1/27/2025,12:15,244
1/27/2025,12:30,219.2
1/27/2025,12:45,228.8
1/27/2025,13:00,216.8
1/27/2025,13:15,181.6
1/27/2025,13:30,183.2
1/27/2025,13:45,183.2
1/27/2025,14:00,200.8
1/27/2025,14:15,224.8
1/27/2025,14:30,217.6
1/27/2025,14:45,262.4
1/27/2025,15:00,273.6
1/27/2025,15:15,275.2
1/27/2025,15:30,394.4
1/27/2025,15:45,396
1/27/2025,16:00,364.8
1/27/2025,16:15,400
1/27/2025,16:30,376.8
1/27/2025,16:45,379.2
1/27/2025,17:00,373.6
1/27/2025,17:15,412.8
1/27/2025,17:30,416
1/27/2025,17:45,433.6
1/27/2025,18:00,421.6
1/27/2025,18:15,419.2
1/27/2025,18:30,395.2
1/27/2025,18:45,329.6
1/27/2025,19:00,325.6
1/27/2025,19:15,316
1/27/2025,19:30,390.4
1/27/2025,19:45,392.8
1/27/2025,20:00,360.8
1/27/2025,20:15,389.6
1/27/2025,20:30,389.6
1/27/2025,20:45,394.4
1/27/2025,21:00,422.4
1/27/2025,21:15,430.4
1/27/2025,21:30,346.4
1/27/2025,21:45,333.6
1/27/2025,22:00,360
1/27/2025,22:15,353.6
1/27/2025,22:30,347.2
1/27/2025,22:45,370.4
1/27/2025,23:00,374.4
1/27/2025,23:15,384
1/27/2025,23:30,391.2
1/27/2025,23:45,369.6
1/28/2025,0:00,429.6
1/28/2025,0:15,370.4
1/28/2025,0:30,339.2
1/28/2025,0:45,345.6
1/28/2025,1:00,324.8
1/28/2025,1:15,320.8
1/28/2025,1:30,391.2
1/28/2025,1:45,325.6
1/28/2025,2:00,370.4
1/28/2025,2:15,394.4
1/28/2025,2:30,372.8
1/28/2025,2:45,400
1/28/2025,3:00,395.2
1/28/2025,3:15,394.4
1/28/2025,3:30,346.4
1/28/2025,3:45,360.8
1/28/2025,4:00,339.2
1/28/2025,4:15,355.2
1/28/2025,4:30,272.8
1/28/2025,4:45,267.2
1/28/2025,5:00,320
1/28/2025,5:15,296
1/28/2025,5:30,300
1/28/2025,5:45,298.4
1/28/2025,6:00,300.8
1/28/2025,6:15,332.8
1/28/2025,6:30,317.6
1/28/2025,6:45,330.4
1/28/2025,7:00,278.4
1/28/2025,7:15,308.8
1/28/2025,7:30,317.6
1/28/2025,7:45,308
1/28/2025,8:00,325.6
1/28/2025,8:15,313.6
1/28/2025,8:30,329.6
1/28/2025,8:45,309.6
1/28/2025,9:00,328
1/28/2025,9:15,322.4
1/28/2025,9:30,337.6
1/28/2025,9:45,318.4
1/28/2025,10:00,320
1/28/2025,10:15,294.4
1/28/2025,10:30,305.6
1/28/2025,10:45,278.4
1/28/2025,11:00,289.6
1/28/2025,11:15,336
1/28/2025,11:30,292.8
1/28/2025,11:45,338.4
1/28/2025,12:00,290.4
1/28/2025,12:15,267.2
1/28/2025,12:30,249.6
1/28/2025,12:45,257.6
1/28/2025,13:00,256
1/28/2025,13:15,236.8
1/28/2025,13:30,270.4
1/28/2025,13:45,297.6
1/28/2025,14:00,297.6
1/28/2025,14:15,310.4
1/28/2025,14:30,306.4
1/28/2025,14:45,263.2
1/28/2025,15:00,284.8
1/28/2025,15:15,256
1/28/2025,15:30,268.8
1/28/2025,15:45,256
1/28/2025,16:00,252.8
1/28/2025,16:15,303.2
1/28/2025,16:30,303.2
1/28/2025,16:45,280
1/28/2025,17:00,303.2
1/28/2025,17:15,266.4
1/28/2025,17:30,265.6
1/28/2025,17:45,277.6
1/28/2025,18:00,288
1/28/2025,18:15,260.8
1/28/2025,18:30,285.6
1/28/2025,18:45,312
1/28/2025,19:00,304.8
1/28/2025,19:15,299.2
1/28/2025,19:30,316.8
1/28/2025,19:45,276.8
1/28/2025,20:00,278.4
1/28/2025,20:15,275.2
1/28/2025,20:30,274.4
1/28/2025,20:45,277.6
1/28/2025,21:00,275.2
1/28/2025,21:15,298.4
1/28/2025,21:30,324
1/28/2025,21:45,332.8
1/28/2025,22:00,332.8
1/28/2025,22:15,337.6
1/28/2025,22:30,274.4
1/28/2025,22:45,272
1/28/2025,23:00,266.4
1/28/2025,23:15,261.6
1/28/2025,23:30,278.4
1/28/2025,23:45,264
1/29/2025,0:00,260.8
1/29/2025,0:15,314.4
1/29/2025,0:30,284
1/29/2025,0:45,333.6
1/29/2025,1:00,332.8
1/29/2025,1:15,333.6
1/29/2025,1:30,346.4
1/29/2025,1:45,289.6
1/29/2025,2:00,264.8
1/29/2025,2:15,308
1/29/2025,2:30,270.4
1/29/2025,2:45,295.2
1/29/2025,3:00,298.4
1/29/2025,3:15,348
1/29/2025,3:30,320
1/29/2025,3:45,339.2
1/29/2025,4:00,353.6
1/29/2025,4:15,333.6
1/29/2025,4:30,337.6
1/29/2025,4:45,326.4
1/29/2025,5:00,258.4
1/29/2025,5:15,263.2
1/29/2025,5:30,270.4
1/29/2025,5:45,259.2
1/29/2025,6:00,284.8
1/29/2025,6:15,329.6
1/29/2025,6:30,304.8
1/29/2025,6:45,304.8
1/29/2025,7:00,315.2
1/29/2025,7:15,303.2
1/29/2025,7:30,316.8
1/29/2025,7:45,334.4
1/29/2025,8:00,346.4
1/29/2025,8:15,344.8
1/29/2025,8:30,331.2
1/29/2025,8:45,332
1/29/2025,9:00,343.2
1/29/2025,9:15,324
1/29/2025,9:30,326.4
1/29/2025,9:45,322.4
1/29/2025,10:00,356
1/29/2025,10:15,342.4
1/29/2025,10:30,323.2
1/29/2025,10:45,314.4
1/29/2025,11:00,316.8
1/29/2025,11:15,279.2
1/29/2025,11:30,279.2
1/29/2025,11:45,294.4
1/29/2025,12:00,273.6
1/29/2025,12:15,247.2
1/29/2025,12:30,252
1/29/2025,12:45,236.8
1/29/2025,13:00,248.8
1/29/2025,13:15,252.8
1/29/2025,13:30,290.4
1/29/2025,13:45,293.6
1/29/2025,14:00,298.4
1/29/2025,14:15,285.6
1/29/2025,14:30,280
1/29/2025,14:45,281.6
1/29/2025,15:00,280.8
1/29/2025,15:15,298.4
1/29/2025,15:30,281.6
1/29/2025,15:45,265.6
1/29/2025,16:00,310.4
1/29/2025,16:15,311.2
1/29/2025,16:30,275.2
1/29/2025,16:45,263.2
1/29/2025,17:00,304
1/29/2025,17:15,291.2
1/29/2025,17:30,288
1/29/2025,17:45,255.2
1/29/2025,18:00,278.4
1/29/2025,18:15,272
1/29/2025,18:30,314.4
1/29/2025,18:45,272
1/29/2025,19:00,261.6
1/29/2025,19:15,310.4
1/29/2025,19:30,307.2
1/29/2025,19:45,319.2
1/29/2025,20:00,308
1/29/2025,20:15,288.8
1/29/2025,20:30,283.2
1/29/2025,20:45,271.2
1/29/2025,21:00,268.8
1/29/2025,21:15,260.8
1/29/2025,21:30,264
1/29/2025,21:45,287.2
1/29/2025,22:00,265.6
1/29/2025,22:15,334.4
1/29/2025,22:30,293.6
1/29/2025,22:45,290.4
1/29/2025,23:00,308
1/29/2025,23:15,293.6
1/29/2025,23:30,334.4
1/29/2025,23:45,276
1/30/2025,0:00,256
1/30/2025,0:15,240.8
1/30/2025,0:30,242.4
1/30/2025,0:45,244.8
1/30/2025,1:00,250.4
1/30/2025,1:15,252.8
1/30/2025,1:30,294.4
1/30/2025,1:45,272.8
1/30/2025,2:00,333.6
1/30/2025,2:15,272
1/30/2025,2:30,300.8
1/30/2025,2:45,300
1/30/2025,3:00,278.4
1/30/2025,3:15,271.2
1/30/2025,3:30,280
1/30/2025,3:45,278.4
1/30/2025,4:00,276.8
1/30/2025,4:15,307.2
1/30/2025,4:30,284
1/30/2025,4:45,285.6
1/30/2025,5:00,297.6
1/30/2025,5:15,279.2
1/30/2025,5:30,284
1/30/2025,5:45,284.8
1/30/2025,6:00,291.2
1/30/2025,6:15,296
1/30/2025,6:30,275.2
1/30/2025,6:45,281.6
1/30/2025,7:00,268
1/30/2025,7:15,252.8
1/30/2025,7:30,276
1/30/2025,7:45,303.2
1/30/2025,8:00,303.2
1/30/2025,8:15,328
1/30/2025,8:30,313.6
1/30/2025,8:45,316
1/30/2025,9:00,259.2
1/30/2025,9:15,257.6
1/30/2025,9:30,258.4
1/30/2025,9:45,271.2
1/30/2025,10:00,280
1/30/2025,10:15,292
1/30/2025,10:30,291.2
1/30/2025,10:45,309.6
1/30/2025,11:00,282.4
1/30/2025,11:15,305.6
1/30/2025,11:30,299.2
1/30/2025,11:45,248
1/30/2025,12:00,234.4
1/30/2025,12:15,252.8
1/30/2025,12:30,240.8
1/30/2025,12:45,254.4
1/30/2025,13:00,248
1/30/2025,13:15,283.2
1/30/2025,13:30,285.6
1/30/2025,13:45,309.6
1/30/2025,14:00,300
1/30/2025,14:15,255.2
1/30/2025,14:30,254.4
1/30/2025,14:45,257.6
1/30/2025,15:00,245.6
1/30/2025,15:15,244
1/30/2025,15:30,275.2
1/30/2025,15:45,304
1/30/2025,16:00,280
1/30/2025,16:15,293.6
1/30/2025,16:30,348
1/30/2025,16:45,245.6
1/30/2025,17:00,253.6
1/30/2025,17:15,268
1/30/2025,17:30,257.6
1/30/2025,17:45,260.8
1/30/2025,18:00,272
1/30/2025,18:15,267.2
1/30/2025,18:30,298.4
1/30/2025,18:45,300.8
1/30/2025,19:00,340
1/30/2025,19:15,300.8
1/30/2025,19:30,292
1/30/2025,19:45,281.6
1/30/2025,20:00,283.2
1/30/2025,20:15,296.8
1/30/2025,20:30,288
1/30/2025,20:45,267.2
1/30/2025,21:00,328
1/30/2025,21:15,332
1/30/2025,21:30,316.8
1/30/2025,21:45,329.6
1/30/2025,22:00,299.2
1/30/2025,22:15,279.2
1/30/2025,22:30,242.4
1/30/2025,22:45,242.4
1/30/2025,23:00,297.6
1/30/2025,23:15,259.2
1/30/2025,23:30,268.8
1/30/2025,23:45,281.6
1/31/2025,0:00,282.4
1/31/2025,0:15,282.4
1/31/2025,0:30,298.4
1/31/2025,0:45,300.8
1/31/2025,1:00,284
1/31/2025,1:15,280.8
1/31/2025,1:30,300
1/31/2025,1:45,267.2
1/31/2025,2:00,290.4
1/31/2025,2:15,281.6
1/31/2025,2:30,268.8
1/31/2025,2:45,258.4
1/31/2025,3:00,258.4
1/31/2025,3:15,244
1/31/2025,3:30,257.6
1/31/2025,3:45,271.2
1/31/2025,4:00,268.8
1/31/2025,4:15,288.8
1/31/2025,4:30,283.2
1/31/2025,4:45,307.2
1/31/2025,5:00,296
1/31/2025,5:15,256
1/31/2025,5:30,258.4
1/31/2025,5:45,250.4
1/31/2025,6:00,263.2
1/31/2025,6:15,268
1/31/2025,6:30,262.4
1/31/2025,6:45,280
1/31/2025,7:00,299.2
1/31/2025,7:15,309.6
1/31/2025,7:30,308
1/31/2025,7:45,324
1/31/2025,8:00,281.6
1/31/2025,8:15,287.2
1/31/2025,8:30,271.2
1/31/2025,8:45,296
1/31/2025,9:00,293.6
1/31/2025,9:15,284
1/31/2025,9:30,334.4
1/31/2025,9:45,320
1/31/2025,10:00,336
1/31/2025,10:15,332.8
1/31/2025,10:30,315.2
1/31/2025,10:45,300.8
1/31/2025,11:00,305.6
1/31/2025,11:15,308.8
1/31/2025,11:30,319.2
1/31/2025,11:45,308.8
1/31/2025,12:00,310.4
1/31/2025,12:15,318.4
1/31/2025,12:30,274.4
1/31/2025,12:45,268
1/31/2025,13:00,266.4
1/31/2025,13:15,280
1/31/2025,13:30,288.8
1/31/2025,13:45,282.4
1/31/2025,14:00,307.2
1/31/2025,14:15,294.4
1/31/2025,14:30,329.6
1/31/2025,14:45,311.2
1/31/2025,15:00,272.8
1/31/2025,15:15,264.8
1/31/2025,15:30,267.2
1/31/2025,15:45,263.2
1/31/2025,16:00,264.8
1/31/2025,16:15,273.6
1/31/2025,16:30,280.8
1/31/2025,16:45,305.6
1/31/2025,17:00,295.2
1/31/2025,17:15,310.4
1/31/2025,17:30,343.2
1/31/2025,17:45,285.6
1/31/2025,18:00,275.2
1/31/2025,18:15,281.6
1/31/2025,18:30,275.2
1/31/2025,18:45,288
1/31/2025,19:00,316.8
1/31/2025,19:15,344
1/31/2025,19:30,332
1/31/2025,19:45,315.2
1/31/2025,20:00,324
1/31/2025,20:15,297.6
1/31/2025,20:30,320.8
1/31/2025,20:45,309.6
1/31/2025,21:00,283.2
1/31/2025,21:15,272
1/31/2025,21:30,258.4
1/31/2025,21:45,283.2
1/31/2025,22:00,340
1/31/2025,22:15,318.4
1/31/2025,22:30,302.4
1/31/2025,22:45,299.2
1/31/2025,23:00,240.8
1/31/2025,23:15,244.8
1/31/2025,23:30,246.4
1/31/2025,23:45,233.6
2/1/2025,0:00,266.4
2/1/2025,0:15,263.2
2/1/2025,0:30,256
2/1/2025,0:45,295.2
2/1/2025,1:00,282.4
2/1/2025,1:15,275.2
2/1/2025,1:30,292
2/1/2025,1:45,293.6
2/1/2025,2:00,295.2
2/1/2025,2:15,299.2
2/1/2025,2:30,284
2/1/2025,2:45,310.4
2/1/2025,3:00,304
2/1/2025,3:15,292.8
2/1/2025,3:30,293.6
2/1/2025,3:45,257.6
2/1/2025,4:00,278.4
2/1/2025,4:15,266.4
2/1/2025,4:30,248
2/1/2025,4:45,243.2
2/1/2025,5:00,276.8
2/1/2025,5:15,315.2
2/1/2025,5:30,293.6
2/1/2025,5:45,295.2
2/1/2025,6:00,292
2/1/2025,6:15,250.4
2/1/2025,6:30,286.4
2/1/2025,6:45,284.8
2/1/2025,7:00,246.4
2/1/2025,7:15,272
2/1/2025,7:30,265.6
2/1/2025,7:45,256.8
2/1/2025,8:00,339.2
2/1/2025,8:15,308.8
2/1/2025,8:30,316.8
2/1/2025,8:45,332
2/1/2025,9:00,276
2/1/2025,9:15,271.2
2/1/2025,9:30,278.4
2/1/2025,9:45,302.4
2/1/2025,10:00,278.4
2/1/2025,10:15,270.4
2/1/2025,10:30,324
2/1/2025,10:45,305.6
2/1/2025,11:00,321.6
2/1/2025,11:15,336
2/1/2025,11:30,276
2/1/2025,11:45,265.6
2/1/2025,12:00,284.8
2/1/2025,12:15,262.4
2/1/2025,12:30,266.4
2/1/2025,12:45,281.6
2/1/2025,13:00,286.4
2/1/2025,13:15,312.8
2/1/2025,13:30,301.6
2/1/2025,13:45,304.8
2/1/2025,14:00,289.6
2/1/2025,14:15,274.4
2/1/2025,14:30,265.6
2/1/2025,14:45,254.4
2/1/2025,15:00,280
2/1/2025,15:15,301.6
2/1/2025,15:30,274.4
2/1/2025,15:45,296.8
2/1/2025,16:00,293.6
2/1/2025,16:15,332.8
2/1/2025,16:30,296.8
2/1/2025,16:45,276.8
2/1/2025,17:00,276
2/1/2025,17:15,266.4
2/1/2025,17:30,301.6
2/1/2025,17:45,284.8
2/1/2025,18:00,307.2
2/1/2025,18:15,301.6
2/1/2025,18:30,311.2
2/1/2025,18:45,269.6
2/1/2025,19:00,289.6
2/1/2025,19:15,270.4
2/1/2025,19:30,272
2/1/2025,19:45,286.4
2/1/2025,20:00,299.2
2/1/2025,20:15,314.4
2/1/2025,20:30,299.2
2/1/2025,20:45,300.8
2/1/2025,21:00,295.2
2/1/2025,21:15,289.6
2/1/2025,21:30,272.8
2/1/2025,21:45,267.2
2/1/2025,22:00,282.4
2/1/2025,22:15,266.4
2/1/2025,22:30,252
2/1/2025,22:45,238.4
2/1/2025,23:00,275.2
2/1/2025,23:15,305.6
2/1/2025,23:30,291.2
2/1/2025,23:45,278.4
2/2/2025,0:00,239.2
2/2/2025,0:15,238.4
2/2/2025,0:30,236.8
2/2/2025,0:45,260.8
2/2/2025,1:00,243.2
2/2/2025,1:15,243.2
2/2/2025,1:30,296.8
2/2/2025,1:45,267.2
2/2/2025,2:00,285.6
2/2/2025,2:15,299.2
2/2/2025,2:30,267.2
2/2/2025,2:45,242.4
2/2/2025,3:00,239.2
2/2/2025,3:15,236
2/2/2025,3:30,231.2
2/2/2025,3:45,229.6
2/2/2025,4:00,261.6
2/2/2025,4:15,260
2/2/2025,4:30,274.4
2/2/2025,4:45,269.6
2/2/2025,5:00,256
2/2/2025,5:15,257.6
2/2/2025,5:30,248
2/2/2025,5:45,284.8
2/2/2025,6:00,284.8
2/2/2025,6:15,282.4
2/2/2025,6:30,280
2/2/2025,6:45,277.6
2/2/2025,7:00,274.4
2/2/2025,7:15,310.4
2/2/2025,7:30,280
2/2/2025,7:45,240
2/2/2025,8:00,268
2/2/2025,8:15,260.8
2/2/2025,8:30,265.6
2/2/2025,8:45,267.2
2/2/2025,9:00,347.2
2/2/2025,9:15,303.2
2/2/2025,9:30,305.6
2/2/2025,9:45,302.4
2/2/2025,10:00,324.8
2/2/2025,10:15,270.4
2/2/2025,10:30,299.2
2/2/2025,10:45,301.6
2/2/2025,11:00,267.2
2/2/2025,11:15,288.8
2/2/2025,11:30,311.2
2/2/2025,11:45,296
2/2/2025,12:00,276
2/2/2025,12:15,304.8
2/2/2025,12:30,304.8
2/2/2025,12:45,271.2
2/2/2025,13:00,263.2
2/2/2025,13:15,300
2/2/2025,13:30,275.2
2/2/2025,13:45,277.6
2/2/2025,14:00,320.8
2/2/2025,14:15,307.2
2/2/2025,14:30,311.2
2/2/2025,14:45,301.6
2/2/2025,15:00,294.4
2/2/2025,15:15,295.2
2/2/2025,15:30,274.4
2/2/2025,15:45,268.8
2/2/2025,16:00,276
2/2/2025,16:15,280
2/2/2025,16:30,308
2/2/2025,16:45,293.6
2/2/2025,17:00,295.2
2/2/2025,17:15,312.8
2/2/2025,17:30,309.6
2/2/2025,17:45,273.6
2/2/2025,18:00,272
2/2/2025,18:15,278.4
2/2/2025,18:30,273.6
2/2/2025,18:45,295.2
2/2/2025,19:00,322.4
2/2/2025,19:15,301.6
2/2/2025,19:30,307.2
2/2/2025,19:45,291.2
2/2/2025,20:00,295.2
2/2/2025,20:15,293.6
2/2/2025,20:30,299.2
2/2/2025,20:45,338.4
2/2/2025,21:00,296.8
2/2/2025,21:15,292.8
2/2/2025,21:30,295.2
2/2/2025,21:45,290.4
2/2/2025,22:00,272
2/2/2025,22:15,290.4
2/2/2025,22:30,262.4
2/2/2025,22:45,258.4
2/2/2025,23:00,245.6
2/2/2025,23:15,256
2/2/2025,23:30,277.6
2/2/2025,23:45,282.4
2/3/2025,0:00,315.2
2/3/2025,0:15,313.6
2/3/2025,0:30,269.6
2/3/2025,0:45,272.8
2/3/2025,1:00,257.6
2/3/2025,1:15,234.4
2/3/2025,1:30,251.2
2/3/2025,1:45,242.4
2/3/2025,2:00,292
2/3/2025,2:15,280.8
2/3/2025,2:30,282.4
2/3/2025,2:45,283.2
2/3/2025,3:00,267.2
2/3/2025,3:15,245.6
2/3/2025,3:30,242.4
2/3/2025,3:45,240
2/3/2025,4:00,251.2
2/3/2025,4:15,261.6
2/3/2025,4:30,295.2
2/3/2025,4:45,307.2
2/3/2025,5:00,300
2/3/2025,5:15,284.8
2/3/2025,5:30,255.2
2/3/2025,5:45,263.2
2/3/2025,6:00,246.4
2/3/2025,6:15,252.8
2/3/2025,6:30,268.8
2/3/2025,6:45,250.4
2/3/2025,7:00,304
2/3/2025,7:15,284.8
2/3/2025,7:30,291.2
2/3/2025,7:45,304
2/3/2025,8:00,297.6
2/3/2025,8:15,302.4
2/3/2025,8:30,301.6
2/3/2025,8:45,300
2/3/2025,9:00,290.4
2/3/2025,9:15,292.8
2/3/2025,9:30,366.4
2/3/2025,9:45,378.4
2/3/2025,10:00,340
2/3/2025,10:15,352
2/3/2025,10:30,276.8
2/3/2025,10:45,274.4
2/3/2025,11:00,303.2
2/3/2025,11:15,344
2/3/2025,11:30,354.4
2/3/2025,11:45,330.4
2/3/2025,12:00,320
2/3/2025,12:15,290.4
2/3/2025,12:30,285.6
2/3/2025,12:45,277.6
2/3/2025,13:00,275.2
2/3/2025,13:15,279.2
2/3/2025,13:30,278.4
2/3/2025,13:45,324
2/3/2025,14:00,314.4
2/3/2025,14:15,385.6
2/3/2025,14:30,383.2
2/3/2025,14:45,353.6
2/3/2025,15:00,350.4
2/3/2025,15:15,346.4
2/3/2025,15:30,334.4
2/3/2025,15:45,336
2/3/2025,16:00,338.4
2/3/2025,16:15,400.8
2/3/2025,16:30,316
2/3/2025,16:45,315.2
2/3/2025,17:00,294.4
2/3/2025,17:15,275.2
2/3/2025,17:30,290.4
2/3/2025,17:45,291.2
2/3/2025,18:00,297.6
2/3/2025,18:15,275.2
2/3/2025,18:30,276
2/3/2025,18:45,303.2
2/3/2025,19:00,300.8
2/3/2025,19:15,332
2/3/2025,19:30,324
2/3/2025,19:45,327.2
2/3/2025,20:00,352.8
2/3/2025,20:15,305.6
2/3/2025,20:30,341.6
2/3/2025,20:45,289.6
2/3/2025,21:00,312.8
2/3/2025,21:15,307.2
2/3/2025,21:30,337.6
2/3/2025,21:45,340
2/3/2025,22:00,324.8
2/3/2025,22:15,324
2/3/2025,22:30,300
2/3/2025,22:45,329.6
2/3/2025,23:00,303.2
2/3/2025,23:15,311.2
2/3/2025,23:30,332
2/3/2025,23:45,309.6
2/4/2025,0:00,314.4
2/4/2025,0:15,309.6
2/4/2025,0:30,295.2
2/4/2025,0:45,288
2/4/2025,1:00,311.2
2/4/2025,1:15,293.6
2/4/2025,1:30,249.6
2/4/2025,1:45,265.6
2/4/2025,2:00,264.8
2/4/2025,2:15,271.2
2/4/2025,2:30,262.4
2/4/2025,2:45,279.2
2/4/2025,3:00,280.8
2/4/2025,3:15,263.2
2/4/2025,3:30,309.6
2/4/2025,3:45,288
2/4/2025,4:00,279.2
2/4/2025,4:15,276
2/4/2025,4:30,284.8
2/4/2025,4:45,310.4
2/4/2025,5:00,288
2/4/2025,5:15,309.6
2/4/2025,5:30,292.8
2/4/2025,5:45,305.6
2/4/2025,6:00,328.8
2/4/2025,6:15,321.6
2/4/2025,6:30,312
2/4/2025,6:45,300.8
2/4/2025,7:00,326.4
2/4/2025,7:15,285.6
2/4/2025,7:30,305.6
2/4/2025,7:45,300.8
2/4/2025,8:00,344
2/4/2025,8:15,335.2
2/4/2025,8:30,304
2/4/2025,8:45,332.8
2/4/2025,9:00,296.8
2/4/2025,9:15,296.8
2/4/2025,9:30,272
2/4/2025,9:45,342.4
2/4/2025,10:00,321.6
2/4/2025,10:15,318.4
2/4/2025,10:30,325.6
2/4/2025,10:45,295.2
2/4/2025,11:00,304
2/4/2025,11:15,297.6
2/4/2025,11:30,276
2/4/2025,11:45,299.2
2/4/2025,12:00,299.2
2/4/2025,12:15,295.2
2/4/2025,12:30,294.4
2/4/2025,12:45,291.2
2/4/2025,13:00,305.6
2/4/2025,13:15,312.8
2/4/2025,13:30,288
2/4/2025,13:45,300
2/4/2025,14:00,276.8
2/4/2025,14:15,282.4
2/4/2025,14:30,273.6
2/4/2025,14:45,276.8
2/4/2025,15:00,266.4
2/4/2025,15:15,271.2
2/4/2025,15:30,292
2/4/2025,15:45,291.2
2/4/2025,16:00,296
2/4/2025,16:15,300.8
2/4/2025,16:30,311.2
2/4/2025,16:45,286.4
2/4/2025,17:00,280
2/4/2025,17:15,280.8
2/4/2025,17:30,284.8
2/4/2025,17:45,290.4
2/4/2025,18:00,294.4
2/4/2025,18:15,315.2
2/4/2025,18:30,296
2/4/2025,18:45,305.6
2/4/2025,19:00,295.2
2/4/2025,19:15,294.4
2/4/2025,19:30,297.6
2/4/2025,19:45,314.4
2/4/2025,20:00,284
2/4/2025,20:15,273.6
2/4/2025,20:30,272.8
2/4/2025,20:45,291.2
2/4/2025,21:00,317.6
2/4/2025,21:15,305.6
2/4/2025,21:30,330.4
2/4/2025,21:45,311.2
2/4/2025,22:00,300
2/4/2025,22:15,295.2
2/4/2025,22:30,288.8
2/4/2025,22:45,280
2/4/2025,23:00,271.2
2/4/2025,23:15,275.2
2/4/2025,23:30,296.8
2/4/2025,23:45,292
2/5/2025,0:00,296.8
2/5/2025,0:15,287.2
2/5/2025,0:30,282.4
2/5/2025,0:45,299.2
2/5/2025,1:00,300
2/5/2025,1:15,295.2
2/5/2025,1:30,279.2
2/5/2025,1:45,265.6
2/5/2025,2:00,297.6
2/5/2025,2:15,267.2
2/5/2025,2:30,263.2
2/5/2025,2:45,249.6
2/5/2025,3:00,279.2
2/5/2025,3:15,291.2
2/5/2025,3:30,294.4
2/5/2025,3:45,291.2
2/5/2025,4:00,308.8
2/5/2025,4:15,291.2
2/5/2025,4:30,297.6
2/5/2025,4:45,304
2/5/2025,5:00,319.2
2/5/2025,5:15,323.2
2/5/2025,5:30,347.2
2/5/2025,5:45,344
2/5/2025,6:00,361.6
2/5/2025,6:15,321.6
2/5/2025,6:30,272.8
2/5/2025,6:45,300.8
2/5/2025,7:00,308
2/5/2025,7:15,308
2/5/2025,7:30,344
2/5/2025,7:45,296
2/5/2025,8:00,332.8
2/5/2025,8:15,316
2/5/2025,8:30,334.4
2/5/2025,8:45,321.6
2/5/2025,9:00,313.6
2/5/2025,9:15,347.2
2/5/2025,9:30,356
2/5/2025,9:45,342.4
2/5/2025,10:00,307.2
2/5/2025,10:15,310.4
2/5/2025,10:30,290.4
2/5/2025,10:45,274.4
2/5/2025,11:00,277.6
2/5/2025,11:15,288
2/5/2025,11:30,269.6
2/5/2025,11:45,254.4
2/5/2025,12:00,265.6
2/5/2025,12:15,296
2/5/2025,12:30,282.4
2/5/2025,12:45,307.2
2/5/2025,13:00,297.6
2/5/2025,13:15,277.6
2/5/2025,13:30,271.2
2/5/2025,13:45,273.6
2/5/2025,14:00,284.8
2/5/2025,14:15,288
2/5/2025,14:30,290.4
2/5/2025,14:45,296.8
2/5/2025,15:00,269.6
2/5/2025,15:15,282.4
2/5/2025,15:30,286.4
2/5/2025,15:45,300
2/5/2025,16:00,315.2
2/5/2025,16:15,306.4
2/5/2025,16:30,306.4
2/5/2025,16:45,312.8
2/5/2025,17:00,315.2
2/5/2025,17:15,249.6
2/5/2025,17:30,265.6
2/5/2025,17:45,256
2/5/2025,18:00,264.8
2/5/2025,18:15,269.6
2/5/2025,18:30,260.8
2/5/2025,18:45,313.6
2/5/2025,19:00,288
2/5/2025,19:15,291.2
2/5/2025,19:30,282.4
2/5/2025,19:45,312.8
2/5/2025,20:00,288
2/5/2025,20:15,316.8
2/5/2025,20:30,292
2/5/2025,20:45,283.2
2/5/2025,21:00,284
2/5/2025,21:15,308.8
2/5/2025,21:30,312.8
2/5/2025,21:45,299.2
2/5/2025,22:00,292
2/5/2025,22:15,296
2/5/2025,22:30,292
2/5/2025,22:45,307.2
2/5/2025,23:00,277.6
2/5/2025,23:15,264.8
2/5/2025,23:30,248.8
2/5/2025,23:45,260
2/6/2025,0:00,263.2
2/6/2025,0:15,258.4
2/6/2025,0:30,333.6
2/6/2025,0:45,298.4
2/6/2025,1:00,274.4
2/6/2025,1:15,286.4
2/6/2025,1:30,282.4
2/6/2025,1:45,270.4
2/6/2025,2:00,288.8
2/6/2025,2:15,283.2
2/6/2025,2:30,286.4
2/6/2025,2:45,275.2
2/6/2025,3:00,285.6
2/6/2025,3:15,278.4
2/6/2025,3:30,296
2/6/2025,3:45,312.8
2/6/2025,4:00,292
2/6/2025,4:15,288
2/6/2025,4:30,262.4
2/6/2025,4:45,291.2
2/6/2025,5:00,285.6
2/6/2025,5:15,296.8
2/6/2025,5:30,302.4
2/6/2025,5:45,335.2
2/6/2025,6:00,296
2/6/2025,6:15,300.8
2/6/2025,6:30,292
2/6/2025,6:45,274.4
2/6/2025,7:00,268
2/6/2025,7:15,302.4
2/6/2025,7:30,290.4
2/6/2025,7:45,315.2
2/6/2025,8:00,324.8
2/6/2025,8:15,336.8
2/6/2025,8:30,336.8
2/6/2025,8:45,301.6
2/6/2025,9:00,331.2
2/6/2025,9:15,331.2
2/6/2025,9:30,340
2/6/2025,9:45,330.4
2/6/2025,10:00,302.4
2/6/2025,10:15,324
2/6/2025,10:30,320.8
2/6/2025,10:45,300.8
2/6/2025,11:00,329.6
2/6/2025,11:15,312.8
2/6/2025,11:30,315.2
2/6/2025,11:45,332
2/6/2025,12:00,278.4
2/6/2025,12:15,283.2
2/6/2025,12:30,267.2
2/6/2025,12:45,285.6
2/6/2025,13:00,258.4
2/6/2025,13:15,292
2/6/2025,13:30,311.2
2/6/2025,13:45,304.8
2/6/2025,14:00,264.8
2/6/2025,14:15,296.8
2/6/2025,14:30,348
2/6/2025,14:45,283.2
2/6/2025,15:00,308
2/6/2025,15:15,313.6
2/6/2025,15:30,301.6
2/6/2025,15:45,332.8
2/6/2025,16:00,336
2/6/2025,16:15,328.8
2/6/2025,16:30,299.2
2/6/2025,16:45,273.6
2/6/2025,17:00,302.4
2/6/2025,17:15,268.8
2/6/2025,17:30,298.4
2/6/2025,17:45,306.4
2/6/2025,18:00,305.6
2/6/2025,18:15,310.4
2/6/2025,18:30,322.4
2/6/2025,18:45,302.4
2/6/2025,19:00,303.2
2/6/2025,19:15,314.4
2/6/2025,19:30,313.6
2/6/2025,19:45,296
2/6/2025,20:00,309.6
2/6/2025,20:15,303.2
2/6/2025,20:30,324
2/6/2025,20:45,323.2
2/6/2025,21:00,302.4
2/6/2025,21:15,314.4
2/6/2025,21:30,308.8
2/6/2025,21:45,318.4
2/6/2025,22:00,333.6
2/6/2025,22:15,324
2/6/2025,22:30,307.2
2/6/2025,22:45,310.4
2/6/2025,23:00,285.6
2/6/2025,23:15,288
2/6/2025,23:30,272.8
2/6/2025,23:45,296.8
2/7/2025,0:00,284.8
2/7/2025,0:15,302.4
2/7/2025,0:30,298.4
2/7/2025,0:45,280
2/7/2025,1:00,276.8
2/7/2025,1:15,281.6
2/7/2025,1:30,292.8
2/7/2025,1:45,283.2
2/7/2025,2:00,310.4
2/7/2025,2:15,282.4
2/7/2025,2:30,268
2/7/2025,2:45,288.8
2/7/2025,3:00,274.4
2/7/2025,3:15,280.8
2/7/2025,3:30,290.4
2/7/2025,3:45,293.6
2/7/2025,4:00,284
2/7/2025,4:15,255.2
2/7/2025,4:30,256
2/7/2025,4:45,257.6
2/7/2025,5:00,264
2/7/2025,5:15,261.6
2/7/2025,5:30,296
2/7/2025,5:45,262.4
2/7/2025,6:00,303.2
2/7/2025,6:15,298.4
2/7/2025,6:30,291.2
2/7/2025,6:45,320
2/7/2025,7:00,304
2/7/2025,7:15,284
2/7/2025,7:30,319.2
2/7/2025,7:45,296
2/7/2025,8:00,335.2
2/7/2025,8:15,346.4
2/7/2025,8:30,317.6
2/7/2025,8:45,328.8
2/7/2025,9:00,333.6
2/7/2025,9:15,332
2/7/2025,9:30,374.4
2/7/2025,9:45,312.8
2/7/2025,10:00,330.4
2/7/2025,10:15,348
2/7/2025,10:30,332
2/7/2025,10:45,325.6
2/7/2025,11:00,324
2/7/2025,11:15,319.2
2/7/2025,11:30,328.8
2/7/2025,11:45,310.4
2/7/2025,12:00,308
2/7/2025,12:15,282.4
2/7/2025,12:30,266.4
2/7/2025,12:45,262.4
2/7/2025,13:00,280
2/7/2025,13:15,266.4
2/7/2025,13:30,260
2/7/2025,13:45,268.8
2/7/2025,14:00,286.4
2/7/2025,14:15,303.2
2/7/2025,14:30,321.6
2/7/2025,14:45,305.6
2/7/2025,15:00,309.6
2/7/2025,15:15,308.8
2/7/2025,15:30,311.2
2/7/2025,15:45,304
2/7/2025,16:00,314.4
2/7/2025,16:15,331.2
2/7/2025,16:30,309.6
2/7/2025,16:45,318.4
2/7/2025,17:00,314.4
2/7/2025,17:15,308.8
2/7/2025,17:30,352
2/7/2025,17:45,331.2
2/7/2025,18:00,337.6
2/7/2025,18:15,325.6
2/7/2025,18:30,324.8
2/7/2025,18:45,306.4
2/7/2025,19:00,323.2
2/7/2025,19:15,315.2
2/7/2025,19:30,352.8
2/7/2025,19:45,368
2/7/2025,20:00,319.2
2/7/2025,20:15,315.2
2/7/2025,20:30,333.6
2/7/2025,20:45,319.2
2/7/2025,21:00,336
2/7/2025,21:15,320
2/7/2025,21:30,323.2
2/7/2025,21:45,354.4
2/7/2025,22:00,289.6
2/7/2025,22:15,316.8
2/7/2025,22:30,267.2
2/7/2025,22:45,270.4
2/7/2025,23:00,276.8
2/7/2025,23:15,309.6
2/7/2025,23:30,298.4
2/7/2025,23:45,291.2
2/8/2025,0:00,267.2
2/8/2025,0:15,295.2
2/8/2025,0:30,295.2
2/8/2025,0:45,288.8
2/8/2025,1:00,290.4
2/8/2025,1:15,322.4
2/8/2025,1:30,321.6
2/8/2025,1:45,324.8
2/8/2025,2:00,304.8
2/8/2025,2:15,314.4
2/8/2025,2:30,310.4
2/8/2025,2:45,311.2
2/8/2025,3:00,323.2
2/8/2025,3:15,322.4
2/8/2025,3:30,312
2/8/2025,3:45,316
2/8/2025,4:00,316
2/8/2025,4:15,334.4
2/8/2025,4:30,293.6
2/8/2025,4:45,297.6
2/8/2025,5:00,292
2/8/2025,5:15,287.2
2/8/2025,5:30,311.2
2/8/2025,5:45,308.8
2/8/2025,6:00,299.2
2/8/2025,6:15,323.2
2/8/2025,6:30,346.4
2/8/2025,6:45,340
2/8/2025,7:00,306.4
2/8/2025,7:15,320
2/8/2025,7:30,343.2
2/8/2025,7:45,282.4
2/8/2025,8:00,346.4
2/8/2025,8:15,341.6
2/8/2025,8:30,360
2/8/2025,8:45,358.4
2/8/2025,9:00,353.6
2/8/2025,9:15,358.4
2/8/2025,9:30,374.4
2/8/2025,9:45,344.8
2/8/2025,10:00,314.4
2/8/2025,10:15,341.6
2/8/2025,10:30,333.6
2/8/2025,10:45,350.4
2/8/2025,11:00,332
2/8/2025,11:15,329.6
2/8/2025,11:30,336.8
2/8/2025,11:45,328
2/8/2025,12:00,392
2/8/2025,12:15,324
2/8/2025,12:30,308
2/8/2025,12:45,301.6
2/8/2025,13:00,297.6
2/8/2025,13:15,313.6
2/8/2025,13:30,297.6
2/8/2025,13:45,300.8
2/8/2025,14:00,308
2/8/2025,14:15,301.6
2/8/2025,14:30,285.6
2/8/2025,14:45,308
2/8/2025,15:00,299.2
2/8/2025,15:15,292.8
2/8/2025,15:30,335.2
2/8/2025,15:45,326.4
2/8/2025,16:00,324.8
2/8/2025,16:15,332
2/8/2025,16:30,308.8
2/8/2025,16:45,283.2
2/8/2025,17:00,268.8
2/8/2025,17:15,277.6
2/8/2025,17:30,289.6
2/8/2025,17:45,335.2
2/8/2025,18:00,312
2/8/2025,18:15,314.4
2/8/2025,18:30,344.8
2/8/2025,18:45,316.8
2/8/2025,19:00,317.6
2/8/2025,19:15,311.2
2/8/2025,19:30,324
2/8/2025,19:45,322.4
2/8/2025,20:00,312
2/8/2025,20:15,340.8
2/8/2025,20:30,333.6
2/8/2025,20:45,324
2/8/2025,21:00,344.8
2/8/2025,21:15,340
2/8/2025,21:30,324.8
2/8/2025,21:45,330.4
2/8/2025,22:00,292
2/8/2025,22:15,340
2/8/2025,22:30,298.4
2/8/2025,22:45,319.2
2/8/2025,23:00,340
2/8/2025,23:15,309.6
2/8/2025,23:30,304.8
2/8/2025,23:45,309.6
2/9/2025,0:00,315.2
2/9/2025,0:15,308
2/9/2025,0:30,303.2
2/9/2025,0:45,300
2/9/2025,1:00,300.8
2/9/2025,1:15,303.2
2/9/2025,1:30,341.6
2/9/2025,1:45,315.2
2/9/2025,2:00,333.6
2/9/2025,2:15,343.2
2/9/2025,2:30,328
2/9/2025,2:45,316
2/9/2025,3:00,316
2/9/2025,3:15,323.2
2/9/2025,3:30,315.2
2/9/2025,3:45,311.2
2/9/2025,4:00,308.8
2/9/2025,4:15,309.6
2/9/2025,4:30,317.6
2/9/2025,4:45,335.2
2/9/2025,5:00,326.4
2/9/2025,5:15,310.4
2/9/2025,5:30,312
2/9/2025,5:45,314.4
2/9/2025,6:00,345.6
2/9/2025,6:15,360.8
2/9/2025,6:30,362.4
2/9/2025,6:45,347.2
2/9/2025,7:00,344
2/9/2025,7:15,342.4
2/9/2025,7:30,327.2
2/9/2025,7:45,315.2
2/9/2025,8:00,320
2/9/2025,8:15,356
2/9/2025,8:30,408
2/9/2025,8:45,433.6
2/9/2025,9:00,381.6
2/9/2025,9:15,412
2/9/2025,9:30,405.6
2/9/2025,9:45,391.2
2/9/2025,10:00,400.8
2/9/2025,10:15,371.2
2/9/2025,10:30,358.4
2/9/2025,10:45,392.8
2/9/2025,11:00,437.6
2/9/2025,11:15,400
2/9/2025,11:30,389.6
2/9/2025,11:45,406.4
2/9/2025,12:00,382.4
2/9/2025,12:15,373.6
2/9/2025,12:30,380
2/9/2025,12:45,368.8
2/9/2025,13:00,363.2
2/9/2025,13:15,360
2/9/2025,13:30,324
2/9/2025,13:45,384.8
2/9/2025,14:00,352.8
2/9/2025,14:15,370.4
2/9/2025,14:30,399.2
2/9/2025,14:45,349.6
2/9/2025,15:00,330.4
2/9/2025,15:15,333.6
2/9/2025,15:30,332.8
2/9/2025,15:45,339.2
2/9/2025,16:00,424
2/9/2025,16:15,382.4
2/9/2025,16:30,388.8
2/9/2025,16:45,372.8
2/9/2025,17:00,368
2/9/2025,17:15,400.8
2/9/2025,17:30,405.6
2/9/2025,17:45,387.2
2/9/2025,18:00,391.2
2/9/2025,18:15,403.2
2/9/2025,18:30,398.4
2/9/2025,18:45,410.4
2/9/2025,19:00,368.8
2/9/2025,19:15,399.2
2/9/2025,19:30,383.2
2/9/2025,19:45,368
2/9/2025,20:00,391.2
2/9/2025,20:15,389.6
2/9/2025,20:30,407.2
2/9/2025,20:45,397.6
2/9/2025,21:00,396
2/9/2025,21:15,377.6
2/9/2025,21:30,382.4
2/9/2025,21:45,390.4
2/9/2025,22:00,372
2/9/2025,22:15,375.2
2/9/2025,22:30,361.6
2/9/2025,22:45,376.8
2/9/2025,23:00,370.4
2/9/2025,23:15,386.4
2/9/2025,23:30,390.4
2/9/2025,23:45,378.4
2/10/2025,0:00,379.2
2/10/2025,0:15,372
2/10/2025,0:30,352.8
2/10/2025,0:45,398.4
2/10/2025,1:00,367.2
2/10/2025,1:15,357.6
2/10/2025,1:30,376.8
2/10/2025,1:45,349.6
2/10/2025,2:00,390.4
2/10/2025,2:15,369.6
2/10/2025,2:30,372.8
2/10/2025,2:45,381.6
2/10/2025,3:00,388.8
2/10/2025,3:15,369.6
2/10/2025,3:30,389.6
2/10/2025,3:45,368
2/10/2025,4:00,321.6
2/10/2025,4:15,382.4
2/10/2025,4:30,374.4
2/10/2025,4:45,382.4
2/10/2025,5:00,404
2/10/2025,5:15,379.2
2/10/2025,5:30,404.8
2/10/2025,5:45,379.2
2/10/2025,6:00,405.6
2/10/2025,6:15,457.6
2/10/2025,6:30,420
2/10/2025,6:45,400
2/10/2025,7:00,415.2
2/10/2025,7:15,408
2/10/2025,7:30,397.6
2/10/2025,7:45,437.6
2/10/2025,8:00,396
2/10/2025,8:15,404.8
2/10/2025,8:30,387.2
2/10/2025,8:45,380
2/10/2025,9:00,402.4
2/10/2025,9:15,391.2
2/10/2025,9:30,393.6
2/10/2025,9:45,281.6
2/10/2025,10:00,270.4
2/10/2025,10:15,270.4
2/10/2025,10:30,283.2
2/10/2025,10:45,256
2/10/2025,11:00,253.6
2/10/2025,11:15,260.8
2/10/2025,11:30,293.6
2/10/2025,11:45,260.8
2/10/2025,12:00,255.2
2/10/2025,12:15,271.2
2/10/2025,12:30,248
2/10/2025,12:45,235.2
2/10/2025,13:00,227.2
2/10/2025,13:15,234.4
2/10/2025,13:30,232
2/10/2025,13:45,220.8
2/10/2025,14:00,236
2/10/2025,14:15,233.6
2/10/2025,14:30,229.6
2/10/2025,14:45,213.6
2/10/2025,15:00,201.6
2/10/2025,15:15,234.4
2/10/2025,15:30,218.4
2/10/2025,15:45,255.2
2/10/2025,16:00,252.8
2/10/2025,16:15,255.2
2/10/2025,16:30,249.6
2/10/2025,16:45,221.6
2/10/2025,17:00,222.4
2/10/2025,17:15,220
2/10/2025,17:30,274.4
2/10/2025,17:45,270.4
2/10/2025,18:00,240
2/10/2025,18:15,248
2/10/2025,18:30,234.4
2/10/2025,18:45,229.6
2/10/2025,19:00,244.8
2/10/2025,19:15,248
2/10/2025,19:30,241.6
2/10/2025,19:45,241.6
2/10/2025,20:00,235.2
2/10/2025,20:15,233.6
2/10/2025,20:30,228
2/10/2025,20:45,242.4
2/10/2025,21:00,216
2/10/2025,21:15,236.8
2/10/2025,21:30,227.2
2/10/2025,21:45,263.2
2/10/2025,22:00,237.6
2/10/2025,22:15,264
2/10/2025,22:30,223.2
2/10/2025,22:45,219.2
2/10/2025,23:00,215.2
2/10/2025,23:15,219.2
2/10/2025,23:30,229.6
2/10/2025,23:45,196.8
2/11/2025,0:00,229.6
2/11/2025,0:15,243.2
2/11/2025,0:30,219.2
2/11/2025,0:45,208
2/11/2025,1:00,213.6
2/11/2025,1:15,208.8
2/11/2025,1:30,216.8
2/11/2025,1:45,224.8
2/11/2025,2:00,192.8
2/11/2025,2:15,191.2
2/11/2025,2:30,188.8
2/11/2025,2:45,183.2
2/11/2025,3:00,172
2/11/2025,3:15,239.2
2/11/2025,3:30,243.2
2/11/2025,3:45,220
2/11/2025,4:00,232
2/11/2025,4:15,216
2/11/2025,4:30,208
2/11/2025,4:45,210.4
2/11/2025,5:00,199.2
2/11/2025,5:15,226.4
2/11/2025,5:30,218.4
2/11/2025,5:45,225.6
2/11/2025,6:00,239.2
2/11/2025,6:15,260
2/11/2025,6:30,228.8
2/11/2025,6:45,233.6
2/11/2025,7:00,276
2/11/2025,7:15,224
2/11/2025,7:30,210.4
2/11/2025,7:45,216.8
2/11/2025,8:00,215.2
2/11/2025,8:15,247.2
2/11/2025,8:30,276.8
2/11/2025,8:45,276.8
2/11/2025,9:00,276
2/11/2025,9:15,294.4
2/11/2025,9:30,285.6
2/11/2025,9:45,304.8
2/11/2025,10:00,282.4
2/11/2025,10:15,292.8
2/11/2025,10:30,297.6
2/11/2025,10:45,278.4
2/11/2025,11:00,304
2/11/2025,11:15,274.4
2/11/2025,11:30,273.6
2/11/2025,11:45,268.8
2/11/2025,12:00,282.4
2/11/2025,12:15,260
2/11/2025,12:30,258.4
2/11/2025,12:45,245.6
2/11/2025,13:00,216
2/11/2025,13:15,227.2
2/11/2025,13:30,208.8
2/11/2025,13:45,213.6
2/11/2025,14:00,220.8
2/11/2025,14:15,269.6
2/11/2025,14:30,251.2
2/11/2025,14:45,238.4
2/11/2025,15:00,239.2
2/11/2025,15:15,294.4
2/11/2025,15:30,293.6
2/11/2025,15:45,305.6
2/11/2025,16:00,299.2
2/11/2025,16:15,336
2/11/2025,16:30,317.6
2/11/2025,16:45,300.8
2/11/2025,17:00,269.6
2/11/2025,17:15,223.2
2/11/2025,17:30,242.4
2/11/2025,17:45,212
2/11/2025,18:00,213.6
2/11/2025,18:15,240.8
2/11/2025,18:30,236
2/11/2025,18:45,239.2
2/11/2025,19:00,252.8
2/11/2025,19:15,244
2/11/2025,19:30,235.2
2/11/2025,19:45,247.2
2/11/2025,20:00,244
2/11/2025,20:15,239.2
2/11/2025,20:30,233.6
2/11/2025,20:45,235.2
2/11/2025,21:00,252
2/11/2025,21:15,265.6
2/11/2025,21:30,244.8
2/11/2025,21:45,240
2/11/2025,22:00,228
2/11/2025,22:15,215.2
2/11/2025,22:30,208
2/11/2025,22:45,188.8
2/11/2025,23:00,217.6
2/11/2025,23:15,234.4
2/11/2025,23:30,214.4
2/11/2025,23:45,230.4
2/12/2025,0:00,241.6
2/12/2025,0:15,211.2
2/12/2025,0:30,249.6
2/12/2025,0:45,224
2/12/2025,1:00,206.4
2/12/2025,1:15,206.4
2/12/2025,1:30,210.4
2/12/2025,1:45,204.8
2/12/2025,2:00,284
2/12/2025,2:15,208.8
2/12/2025,2:30,214.4
2/12/2025,2:45,201.6
2/12/2025,3:00,189.6
2/12/2025,3:15,185.6
2/12/2025,3:30,201.6
2/12/2025,3:45,240
2/12/2025,4:00,219.2
2/12/2025,4:15,221.6
2/12/2025,4:30,210.4
2/12/2025,4:45,212.8
2/12/2025,5:00,208.8
2/12/2025,5:15,216
2/12/2025,5:30,211.2
2/12/2025,5:45,220.8
2/12/2025,6:00,248.8
2/12/2025,6:15,245.6
2/12/2025,6:30,233.6
2/12/2025,6:45,201.6
2/12/2025,7:00,213.6
2/12/2025,7:15,224
2/12/2025,7:30,202.4
2/12/2025,7:45,228
2/12/2025,8:00,252.8
2/12/2025,8:15,248.8
2/12/2025,8:30,363.2
2/12/2025,8:45,351.2
2/12/2025,9:00,263.2
2/12/2025,9:15,261.6
2/12/2025,9:30,276
2/12/2025,9:45,275.2
2/12/2025,10:00,256
2/12/2025,10:15,277.6
2/12/2025,10:30,268.8
2/12/2025,10:45,252.8
2/12/2025,11:00,307.2
2/12/2025,11:15,300
2/12/2025,11:30,273.6
2/12/2025,11:45,254.4
2/12/2025,12:00,264.8
2/12/2025,12:15,229.6
2/12/2025,12:30,233.6
2/12/2025,12:45,196.8
2/12/2025,13:00,271.2
2/12/2025,13:15,280
2/12/2025,13:30,248
2/12/2025,13:45,255.2
2/12/2025,14:00,251.2
2/12/2025,14:15,232
2/12/2025,14:30,230.4
2/12/2025,14:45,233.6
2/12/2025,15:00,232
2/12/2025,15:15,266.4
2/12/2025,15:30,236.8
2/12/2025,15:45,240.8
2/12/2025,16:00,285.6
2/12/2025,16:15,249.6
2/12/2025,16:30,254.4
2/12/2025,16:45,262.4
2/12/2025,17:00,268
2/12/2025,17:15,198.4
2/12/2025,17:30,216
2/12/2025,17:45,217.6
2/12/2025,18:00,244
2/12/2025,18:15,231.2
2/12/2025,18:30,260.8
2/12/2025,18:45,258.4
2/12/2025,19:00,260.8
2/12/2025,19:15,245.6
2/12/2025,19:30,238.4
2/12/2025,19:45,254.4
2/12/2025,20:00,244
2/12/2025,20:15,260.8
2/12/2025,20:30,223.2
2/12/2025,20:45,228
2/12/2025,21:00,204.8
2/12/2025,21:15,230.4
2/12/2025,21:30,236.8
2/12/2025,21:45,248.8
2/12/2025,22:00,238.4
2/12/2025,22:15,231.2
2/12/2025,22:30,221.6
2/12/2025,22:45,211.2
2/12/2025,23:00,200.8
2/12/2025,23:15,220.8
2/12/2025,23:30,248.8
2/12/2025,23:45,230.4
2/13/2025,0:00,216.8
2/13/2025,0:15,230.4
2/13/2025,0:30,224.8
2/13/2025,0:45,194.4
2/13/2025,1:00,174.4
2/13/2025,1:15,235.2
2/13/2025,1:30,212
2/13/2025,1:45,226.4
2/13/2025,2:00,219.2
2/13/2025,2:15,215.2
2/13/2025,2:30,252.8
2/13/2025,2:45,237.6
2/13/2025,3:00,197.6
2/13/2025,3:15,241.6
2/13/2025,3:30,225.6
2/13/2025,3:45,232
2/13/2025,4:00,250.4
2/13/2025,4:15,209.6
2/13/2025,4:30,230.4
2/13/2025,4:45,252
2/13/2025,5:00,215.2
2/13/2025,5:15,240
2/13/2025,5:30,232
2/13/2025,5:45,228.8
2/13/2025,6:00,244
2/13/2025,6:15,269.6
2/13/2025,6:30,302.4
2/13/2025,6:45,266.4
2/13/2025,7:00,246.4
2/13/2025,7:15,238.4
2/13/2025,7:30,244.8
2/13/2025,7:45,257.6
2/13/2025,8:00,298.4
2/13/2025,8:15,238.4
2/13/2025,8:30,272
2/13/2025,8:45,257.6
2/13/2025,9:00,262.4
2/13/2025,9:15,286.4
2/13/2025,9:30,280
2/13/2025,9:45,268
2/13/2025,10:00,284
2/13/2025,10:15,288
2/13/2025,10:30,262.4
2/13/2025,10:45,236
2/13/2025,11:00,226.4
2/13/2025,11:15,228.8
2/13/2025,11:30,268
2/13/2025,11:45,276.8
2/13/2025,12:00,235.2
2/13/2025,12:15,242.4
2/13/2025,12:30,240
2/13/2025,12:45,241.6
2/13/2025,13:00,230.4
2/13/2025,13:15,224.8
2/13/2025,13:30,228.8
2/13/2025,13:45,225.6
2/13/2025,14:00,225.6
2/13/2025,14:15,244.8
2/13/2025,14:30,231.2
2/13/2025,14:45,221.6
2/13/2025,15:00,213.6
2/13/2025,15:15,185.6
2/13/2025,15:30,212
2/13/2025,15:45,227.2
2/13/2025,16:00,224
2/13/2025,16:15,228
2/13/2025,16:30,234.4
2/13/2025,16:45,281.6
2/13/2025,17:00,260
2/13/2025,17:15,239.2
2/13/2025,17:30,237.6
2/13/2025,17:45,228.8
2/13/2025,18:00,234.4
2/13/2025,18:15,275.2
2/13/2025,18:30,239.2
2/13/2025,18:45,228
2/13/2025,19:00,240.8
2/13/2025,19:15,240.8
2/13/2025,19:30,210.4
2/13/2025,19:45,221.6
2/13/2025,20:00,238.4
2/13/2025,20:15,217.6
2/13/2025,20:30,208
2/13/2025,20:45,243.2
2/13/2025,21:00,239.2
2/13/2025,21:15,234.4
2/13/2025,21:30,223.2
2/13/2025,21:45,246.4
2/13/2025,22:00,239.2
2/13/2025,22:15,244.8
2/13/2025,22:30,217.6
2/13/2025,22:45,212
2/13/2025,23:00,201.6
2/13/2025,23:15,232.8
2/13/2025,23:30,210.4
2/13/2025,23:45,225.6
2/14/2025,0:00,179.2
2/14/2025,0:15,197.6
2/14/2025,0:30,193.6
2/14/2025,0:45,224
2/14/2025,1:00,221.6
2/14/2025,1:15,216
2/14/2025,1:30,210.4
2/14/2025,1:45,212
2/14/2025,2:00,207.2
2/14/2025,2:15,209.6
2/14/2025,2:30,250.4
2/14/2025,2:45,208
2/14/2025,3:00,241.6
2/14/2025,3:15,208
2/14/2025,3:30,208
2/14/2025,3:45,195.2
2/14/2025,4:00,210.4
2/14/2025,4:15,218.4
2/14/2025,4:30,219.2
2/14/2025,4:45,208.8
2/14/2025,5:00,210.4
2/14/2025,5:15,197.6
2/14/2025,5:30,222.4
2/14/2025,5:45,216.8
2/14/2025,6:00,251.2
2/14/2025,6:15,246.4
2/14/2025,6:30,217.6
2/14/2025,6:45,239.2
2/14/2025,7:00,202.4
2/14/2025,7:15,206.4
2/14/2025,7:30,237.6
2/14/2025,7:45,240.8
2/14/2025,8:00,228.8
2/14/2025,8:15,230.4
2/14/2025,8:30,228
2/14/2025,8:45,256
2/14/2025,9:00,251.2
2/14/2025,9:15,393.6
2/14/2025,9:30,318.4
2/14/2025,9:45,320.8
2/14/2025,10:00,257.6
2/14/2025,10:15,262.4
2/14/2025,10:30,257.6
2/14/2025,10:45,273.6
2/14/2025,11:00,236
2/14/2025,11:15,248.8
2/14/2025,11:30,250.4
2/14/2025,11:45,243.2
2/14/2025,12:00,240.8
2/14/2025,12:15,234.4
2/14/2025,12:30,276.8
2/14/2025,12:45,242.4
2/14/2025,13:00,248
2/14/2025,13:15,251.2
2/14/2025,13:30,240
2/14/2025,13:45,224
2/14/2025,14:00,218.4
2/14/2025,14:15,236.8
2/14/2025,14:30,228.8
2/14/2025,14:45,229.6
2/14/2025,15:00,253.6
2/14/2025,15:15,251.2
2/14/2025,15:30,317.6
2/14/2025,15:45,288
2/14/2025,16:00,328
2/14/2025,16:15,300.8
2/14/2025,16:30,278.4
2/14/2025,16:45,237.6
2/14/2025,17:00,272.8
2/14/2025,17:15,220.8
2/14/2025,17:30,208
2/14/2025,17:45,233.6
2/14/2025,18:00,253.6
2/14/2025,18:15,237.6
2/14/2025,18:30,236.8
2/14/2025,18:45,252
2/14/2025,19:00,225.6
2/14/2025,19:15,238.4
2/14/2025,19:30,240.8
2/14/2025,19:45,222.4
2/14/2025,20:00,241.6
2/14/2025,20:15,252
2/14/2025,20:30,233.6
2/14/2025,20:45,240.8
2/14/2025,21:00,248
2/14/2025,21:15,233.6
2/14/2025,21:30,220
2/14/2025,21:45,223.2
2/14/2025,22:00,188.8
2/14/2025,22:15,210.4
2/14/2025,22:30,177.6
2/14/2025,22:45,184
2/14/2025,23:00,177.6
2/14/2025,23:15,264
2/14/2025,23:30,210.4
2/14/2025,23:45,196.8
2/15/2025,0:00,200
2/15/2025,0:15,212
2/15/2025,0:30,220.8
2/15/2025,0:45,208
2/15/2025,1:00,200
2/15/2025,1:15,220
2/15/2025,1:30,208
2/15/2025,1:45,212.8
2/15/2025,2:00,196.8
2/15/2025,2:15,194.4
2/15/2025,2:30,167.2
2/15/2025,2:45,171.2
2/15/2025,3:00,206.4
2/15/2025,3:15,198.4
2/15/2025,3:30,224.8
2/15/2025,3:45,212
2/15/2025,4:00,222.4
2/15/2025,4:15,238.4
2/15/2025,4:30,202.4
2/15/2025,4:45,223.2
2/15/2025,5:00,224.8
2/15/2025,5:15,218.4
2/15/2025,5:30,204
2/15/2025,5:45,208.8
2/15/2025,6:00,216.8
2/15/2025,6:15,237.6
2/15/2025,6:30,254.4
2/15/2025,6:45,209.6
2/15/2025,7:00,217.6
2/15/2025,7:15,204
2/15/2025,7:30,183.2
2/15/2025,7:45,242.4
2/15/2025,8:00,228.8
2/15/2025,8:15,295.2
2/15/2025,8:30,262.4
2/15/2025,8:45,292.8
2/15/2025,9:00,288.8
2/15/2025,9:15,294.4
2/15/2025,9:30,278.4
2/15/2025,9:45,277.6
2/15/2025,10:00,293.6
2/15/2025,10:15,284.8
2/15/2025,10:30,301.6
2/15/2025,10:45,302.4
2/15/2025,11:00,288
2/15/2025,11:15,300
2/15/2025,11:30,287.2
2/15/2025,11:45,238.4
2/15/2025,12:00,268.8
2/15/2025,12:15,230.4
2/15/2025,12:30,236
2/15/2025,12:45,218.4
2/15/2025,13:00,216
2/15/2025,13:15,252
2/15/2025,13:30,255.2
2/15/2025,13:45,249.6
2/15/2025,14:00,240
2/15/2025,14:15,266.4
2/15/2025,14:30,230.4
2/15/2025,14:45,243.2
2/15/2025,15:00,236
2/15/2025,15:15,260
2/15/2025,15:30,239.2
2/15/2025,15:45,256.8
2/15/2025,16:00,280
2/15/2025,16:15,236
2/15/2025,16:30,225.6
2/15/2025,16:45,224.8
2/15/2025,17:00,209.6
2/15/2025,17:15,216.8
2/15/2025,17:30,233.6
2/15/2025,17:45,246.4
2/15/2025,18:00,230.4
2/15/2025,18:15,279.2
2/15/2025,18:30,271.2
2/15/2025,18:45,247.2
2/15/2025,19:00,247.2
2/15/2025,19:15,243.2
2/15/2025,19:30,267.2
2/15/2025,19:45,243.2
2/15/2025,20:00,263.2
2/15/2025,20:15,288.8
2/15/2025,20:30,265.6
2/15/2025,20:45,243.2
2/15/2025,21:00,224
2/15/2025,21:15,224.8
2/15/2025,21:30,236
2/15/2025,21:45,215.2
2/15/2025,22:00,276
2/15/2025,22:15,233.6
2/15/2025,22:30,217.6
2/15/2025,22:45,239.2
2/15/2025,23:00,230.4
2/15/2025,23:15,219.2
2/15/2025,23:30,232.8
2/15/2025,23:45,237.6
2/16/2025,0:00,234.4
2/16/2025,0:15,216
2/16/2025,0:30,204.8
2/16/2025,0:45,260
2/16/2025,1:00,215.2
2/16/2025,1:15,200.8
2/16/2025,1:30,203.2
2/16/2025,1:45,224
2/16/2025,2:00,213.6
2/16/2025,2:15,181.6
2/16/2025,2:30,209.6
2/16/2025,2:45,226.4
2/16/2025,3:00,210.4
2/16/2025,3:15,213.6
2/16/2025,3:30,211.2
2/16/2025,3:45,208
2/16/2025,4:00,220
2/16/2025,4:15,220
2/16/2025,4:30,213.6
2/16/2025,4:45,207.2
2/16/2025,5:00,212.8
2/16/2025,5:15,256.8
2/16/2025,5:30,230.4
2/16/2025,5:45,207.2
2/16/2025,6:00,249.6
2/16/2025,6:15,253.6
2/16/2025,6:30,267.2
2/16/2025,6:45,249.6
2/16/2025,7:00,247.2
2/16/2025,7:15,248
2/16/2025,7:30,258.4
2/16/2025,7:45,228
2/16/2025,8:00,236
2/16/2025,8:15,292.8
2/16/2025,8:30,270.4
2/16/2025,8:45,272
2/16/2025,9:00,275.2
2/16/2025,9:15,263.2
2/16/2025,9:30,299.2
2/16/2025,9:45,279.2
2/16/2025,10:00,249.6
2/16/2025,10:15,274.4
2/16/2025,10:30,248
2/16/2025,10:45,288
2/16/2025,11:00,248.8
2/16/2025,11:15,231.2
2/16/2025,11:30,245.6
2/16/2025,11:45,235.2
2/16/2025,12:00,215.2
2/16/2025,12:15,215.2
2/16/2025,12:30,219.2
2/16/2025,12:45,213.6
2/16/2025,13:00,229.6
2/16/2025,13:15,238.4
2/16/2025,13:30,221.6
2/16/2025,13:45,206.4
2/16/2025,14:00,222.4
2/16/2025,14:15,200.8
2/16/2025,14:30,195.2
2/16/2025,14:45,194.4
2/16/2025,15:00,207.2
2/16/2025,15:15,219.2
2/16/2025,15:30,236
2/16/2025,15:45,252.8
2/16/2025,16:00,270.4
2/16/2025,16:15,276
2/16/2025,16:30,242.4
2/16/2025,16:45,221.6
2/16/2025,17:00,207.2
2/16/2025,17:15,204.8
2/16/2025,17:30,215.2
2/16/2025,17:45,233.6
2/16/2025,18:00,234.4
2/16/2025,18:15,227.2
2/16/2025,18:30,232.8
2/16/2025,18:45,232
2/16/2025,19:00,256.8
2/16/2025,19:15,230.4
2/16/2025,19:30,253.6
2/16/2025,19:45,203.2
2/16/2025,20:00,208.8
2/16/2025,20:15,204.8
2/16/2025,20:30,253.6
2/16/2025,20:45,249.6
2/16/2025,21:00,240
2/16/2025,21:15,228.8
2/16/2025,21:30,279.2
2/16/2025,21:45,248.8
2/16/2025,22:00,225.6
2/16/2025,22:15,228
2/16/2025,22:30,228
2/16/2025,22:45,208.8
2/16/2025,23:00,200
2/16/2025,23:15,205.6
2/16/2025,23:30,198.4
2/16/2025,23:45,157.6
2/17/2025,0:00,198.4
2/17/2025,0:15,200
2/17/2025,0:30,194.4
2/17/2025,0:45,228.8
2/17/2025,1:00,193.6
2/17/2025,1:15,187.2
2/17/2025,1:30,210.4
2/17/2025,1:45,196
2/17/2025,2:00,196.8
2/17/2025,2:15,215.2
2/17/2025,2:30,199.2
2/17/2025,2:45,217.6
2/17/2025,3:00,200
2/17/2025,3:15,193.6
2/17/2025,3:30,176.8
2/17/2025,3:45,220.8
2/17/2025,4:00,182.4
2/17/2025,4:15,223.2
2/17/2025,4:30,200.8
2/17/2025,4:45,260.8
2/17/2025,5:00,207.2
2/17/2025,5:15,220
2/17/2025,5:30,208
2/17/2025,5:45,204.8
2/17/2025,6:00,221.6
2/17/2025,6:15,245.6
2/17/2025,6:30,210.4
2/17/2025,6:45,225.6
2/17/2025,7:00,257.6
2/17/2025,7:15,236.8
2/17/2025,7:30,182.4
2/17/2025,7:45,199.2
2/17/2025,8:00,238.4
2/17/2025,8:15,263.2
2/17/2025,8:30,237.6
2/17/2025,8:45,252.8
2/17/2025,9:00,262.4
2/17/2025,9:15,273.6
2/17/2025,9:30,288
2/17/2025,9:45,265.6
2/17/2025,10:00,261.6
2/17/2025,10:15,268.8
2/17/2025,10:30,207.2
2/17/2025,10:45,228
2/17/2025,11:00,215.2
2/17/2025,11:15,244.8
2/17/2025,11:30,239.2
2/17/2025,11:45,269.6
2/17/2025,12:00,299.2
2/17/2025,12:15,236.8
2/17/2025,12:30,245.6
2/17/2025,12:45,240
2/17/2025,13:00,228.8
2/17/2025,13:15,220
2/17/2025,13:30,229.6
2/17/2025,13:45,208.8
2/17/2025,14:00,236.8
2/17/2025,14:15,212
2/17/2025,14:30,192.8
2/17/2025,14:45,202.4
2/17/2025,15:00,200
2/17/2025,15:15,244.8
2/17/2025,15:30,230.4
2/17/2025,15:45,213.6
2/17/2025,16:00,213.6
2/17/2025,16:15,244
2/17/2025,16:30,239.2
2/17/2025,16:45,208
2/17/2025,17:00,222.4
2/17/2025,17:15,215.2
2/17/2025,17:30,239.2
2/17/2025,17:45,198.4
2/17/2025,18:00,216
2/17/2025,18:15,246.4
2/17/2025,18:30,226.4
2/17/2025,18:45,210.4
2/17/2025,19:00,244
2/17/2025,19:15,220
2/17/2025,19:30,222.4
2/17/2025,19:45,240
2/17/2025,20:00,250.4
2/17/2025,20:15,237.6
2/17/2025,20:30,252.8
2/17/2025,20:45,237.6
2/17/2025,21:00,189.6
2/17/2025,21:15,200.8
2/17/2025,21:30,215.2
2/17/2025,21:45,224.8
2/17/2025,22:00,216.8
2/17/2025,22:15,235.2
2/17/2025,22:30,224.8
2/17/2025,22:45,201.6
2/17/2025,23:00,195.2
2/17/2025,23:15,212
2/17/2025,23:30,208.8
2/17/2025,23:45,176
2/18/2025,0:00,203.2
2/18/2025,0:15,193.6
2/18/2025,0:30,169.6
2/18/2025,0:45,195.2
2/18/2025,1:00,204.8
2/18/2025,1:15,182.4
2/18/2025,1:30,202.4
2/18/2025,1:45,220
2/18/2025,2:00,204.8
2/18/2025,2:15,204.8
2/18/2025,2:30,189.6
2/18/2025,2:45,196.8
2/18/2025,3:00,190.4
2/18/2025,3:15,233.6
2/18/2025,3:30,239.2
2/18/2025,3:45,173.6
2/18/2025,4:00,153.6
2/18/2025,4:15,188.8
2/18/2025,4:30,178.4
2/18/2025,4:45,199.2
2/18/2025,5:00,226.4
2/18/2025,5:15,192
2/18/2025,5:30,204
2/18/2025,5:45,199.2
2/18/2025,6:00,226.4
2/18/2025,6:15,236
2/18/2025,6:30,228.8
2/18/2025,6:45,237.6
2/18/2025,7:00,220
2/18/2025,7:15,207.2
2/18/2025,7:30,210.4
2/18/2025,7:45,216.8
2/18/2025,8:00,229.6
2/18/2025,8:15,220.8
2/18/2025,8:30,285.6
2/18/2025,8:45,323.2
2/18/2025,9:00,290.4
2/18/2025,9:15,226.4
2/18/2025,9:30,268.8
2/18/2025,9:45,265.6
2/18/2025,10:00,254.4
2/18/2025,10:15,242.4
2/18/2025,10:30,242.4
2/18/2025,10:45,255.2
2/18/2025,11:00,275.2
2/18/2025,11:15,239.2
2/18/2025,11:30,268
2/18/2025,11:45,225.6
2/18/2025,12:00,220
2/18/2025,12:15,225.6
2/18/2025,12:30,198.4
2/18/2025,12:45,201.6
2/18/2025,13:00,196
2/18/2025,13:15,207.2
2/18/2025,13:30,219.2
2/18/2025,13:45,230.4
2/18/2025,14:00,212
2/18/2025,14:15,209.6
2/18/2025,14:30,264.8
2/18/2025,14:45,265.6
2/18/2025,15:00,288
2/18/2025,15:15,238.4
2/18/2025,15:30,241.6
2/18/2025,15:45,260
2/18/2025,16:00,316.8
2/18/2025,16:15,279.2
2/18/2025,16:30,285.6
2/18/2025,16:45,290.4
2/18/2025,17:00,288
2/18/2025,17:15,269.6
2/18/2025,17:30,288.8
2/18/2025,17:45,265.6
2/18/2025,18:00,281.6
2/18/2025,18:15,281.6
2/18/2025,18:30,261.6
2/18/2025,18:45,271.2
2/18/2025,19:00,251.2
2/18/2025,19:15,316
2/18/2025,19:30,296
2/18/2025,19:45,270.4
2/18/2025,20:00,313.6
2/18/2025,20:15,278.4
2/18/2025,20:30,276
2/18/2025,20:45,277.6
2/18/2025,21:00,299.2
2/18/2025,21:15,315.2
2/18/2025,21:30,291.2
2/18/2025,21:45,258.4
2/18/2025,22:00,293.6
2/18/2025,22:15,257.6
2/18/2025,22:30,283.2
2/18/2025,22:45,260.8
2/18/2025,23:00,264
2/18/2025,23:15,268.8
2/18/2025,23:30,264.8
2/18/2025,23:45,265.6
2/19/2025,0:00,300.8
2/19/2025,0:15,288
2/19/2025,0:30,237.6
2/19/2025,0:45,232
2/19/2025,1:00,278.4
2/19/2025,1:15,254.4
2/19/2025,1:30,260
2/19/2025,1:45,263.2
2/19/2025,2:00,292
2/19/2025,2:15,276
2/19/2025,2:30,260
2/19/2025,2:45,188
2/19/2025,3:00,176.8
2/19/2025,3:15,195.2
2/19/2025,3:30,192.8
2/19/2025,3:45,200.8
2/19/2025,4:00,208.8
2/19/2025,4:15,216.8
2/19/2025,4:30,186.4
2/19/2025,4:45,187.2
2/19/2025,5:00,211.2
2/19/2025,5:15,217.6
2/19/2025,5:30,199.2
2/19/2025,5:45,219.2
2/19/2025,6:00,235.2
2/19/2025,6:15,230.4
2/19/2025,6:30,194.4
2/19/2025,6:45,209.6
2/19/2025,7:00,240
2/19/2025,7:15,198.4
2/19/2025,7:30,205.6
2/19/2025,7:45,222.4
2/19/2025,8:00,212
2/19/2025,8:15,244
2/19/2025,8:30,249.6
2/19/2025,8:45,272
2/19/2025,9:00,261.6
2/19/2025,9:15,236
2/19/2025,9:30,248.8
2/19/2025,9:45,245.6
2/19/2025,10:00,218.4
2/19/2025,10:15,267.2
2/19/2025,10:30,258.4
2/19/2025,10:45,254.4
2/19/2025,11:00,240
2/19/2025,11:15,273.6
2/19/2025,11:30,240.8
2/19/2025,11:45,283.2
2/19/2025,12:00,276
2/19/2025,12:15,236.8
2/19/2025,12:30,244.8
2/19/2025,12:45,259.2
2/19/2025,13:00,210.4
2/19/2025,13:15,228.8
2/19/2025,13:30,247.2
2/19/2025,13:45,218.4
2/19/2025,14:00,178.4
2/19/2025,14:15,192
2/19/2025,14:30,202.4
2/19/2025,14:45,223.2
2/19/2025,15:00,213.6
2/19/2025,15:15,229.6
2/19/2025,15:30,210.4
2/19/2025,15:45,211.2
2/19/2025,16:00,220.8
2/19/2025,16:15,215.2
2/19/2025,16:30,233.6
2/19/2025,16:45,221.6
2/19/2025,17:00,227.2
2/19/2025,17:15,204
2/19/2025,17:30,224
2/19/2025,17:45,212
2/19/2025,18:00,210.4
2/19/2025,18:15,220.8
2/19/2025,18:30,248.8
2/19/2025,18:45,207.2
2/19/2025,19:00,208
2/19/2025,19:15,205.6
2/19/2025,19:30,218.4
2/19/2025,19:45,214.4
2/19/2025,20:00,215.2
2/19/2025,20:15,264.8
2/19/2025,20:30,214.4
2/19/2025,20:45,227.2
2/19/2025,21:00,209.6
2/19/2025,21:15,217.6
2/19/2025,21:30,204.8
2/19/2025,21:45,226.4
2/19/2025,22:00,234.4
2/19/2025,22:15,219.2
2/19/2025,22:30,190.4
2/19/2025,22:45,193.6
2/19/2025,23:00,196.8
2/19/2025,23:15,203.2
2/19/2025,23:30,213.6
2/19/2025,23:45,191.2
2/20/2025,0:00,194.4
2/20/2025,0:15,196
2/20/2025,0:30,201.6
2/20/2025,0:45,193.6
2/20/2025,1:00,197.6
2/20/2025,1:15,221.6
2/20/2025,1:30,196.8
2/20/2025,1:45,192
2/20/2025,2:00,208.8
2/20/2025,2:15,228.8
2/20/2025,2:30,215.2
2/20/2025,2:45,201.6
2/20/2025,3:00,200.8
2/20/2025,3:15,205.6
2/20/2025,3:30,218.4
2/20/2025,3:45,208
2/20/2025,4:00,222.4
2/20/2025,4:15,208.8
2/20/2025,4:30,200.8
2/20/2025,4:45,218.4
2/20/2025,5:00,228.8
2/20/2025,5:15,191.2
2/20/2025,5:30,218.4
2/20/2025,5:45,208.8
2/20/2025,6:00,257.6
2/20/2025,6:15,212
2/20/2025,6:30,200.8
2/20/2025,6:45,212
2/20/2025,7:00,212
2/20/2025,7:15,212.8
2/20/2025,7:30,201.6
2/20/2025,7:45,166.4
2/20/2025,8:00,200
2/20/2025,8:15,249.6
2/20/2025,8:30,236
2/20/2025,8:45,242.4
2/20/2025,9:00,273.6
2/20/2025,9:15,277.6
2/20/2025,9:30,287.2
2/20/2025,9:45,271.2
2/20/2025,10:00,262.4
2/20/2025,10:15,276.8
2/20/2025,10:30,249.6
2/20/2025,10:45,281.6
2/20/2025,11:00,284.8
2/20/2025,11:15,287.2
2/20/2025,11:30,315.2
2/20/2025,11:45,293.6
2/20/2025,12:00,277.6
2/20/2025,12:15,222.4
2/20/2025,12:30,224.8
2/20/2025,12:45,268
2/20/2025,13:00,212
2/20/2025,13:15,204.8
2/20/2025,13:30,248
2/20/2025,13:45,265.6
2/20/2025,14:00,274.4
2/20/2025,14:15,266.4
2/20/2025,14:30,243.2
2/20/2025,14:45,244
2/20/2025,15:00,232.8
2/20/2025,15:15,247.2
2/20/2025,15:30,232.8
2/20/2025,15:45,272.8
2/20/2025,16:00,271.2
2/20/2025,16:15,259.2
2/20/2025,16:30,227.2
2/20/2025,16:45,256
2/20/2025,17:00,218.4
2/20/2025,17:15,212
2/20/2025,17:30,256
2/20/2025,17:45,251.2
2/20/2025,18:00,236
2/20/2025,18:15,224
2/20/2025,18:30,253.6
2/20/2025,18:45,235.2
2/20/2025,19:00,238.4
2/20/2025,19:15,234.4
2/20/2025,19:30,224.8
2/20/2025,19:45,215.2
2/20/2025,20:00,196.8
2/20/2025,20:15,220
2/20/2025,20:30,259.2
2/20/2025,20:45,253.6
2/20/2025,21:00,238.4
2/20/2025,21:15,222.4
2/20/2025,21:30,231.2
2/20/2025,21:45,236.8
2/20/2025,22:00,238.4
2/20/2025,22:15,228.8
2/20/2025,22:30,231.2
2/20/2025,22:45,224
2/20/2025,23:00,203.2
2/20/2025,23:15,212
2/20/2025,23:30,214.4
2/20/2025,23:45,188
2/21/2025,0:00,186.4
2/21/2025,0:15,215.2
2/21/2025,0:30,208
2/21/2025,0:45,195.2
2/21/2025,1:00,212.8
2/21/2025,1:15,225.6
2/21/2025,1:30,224.8
2/21/2025,1:45,220.8
2/21/2025,2:00,232.8
2/21/2025,2:15,208.8
2/21/2025,2:30,202.4
2/21/2025,2:45,241.6
2/21/2025,3:00,225.6
2/21/2025,3:15,188.8
2/21/2025,3:30,211.2
2/21/2025,3:45,208.8
2/21/2025,4:00,203.2
2/21/2025,4:15,214.4
2/21/2025,4:30,207.2
2/21/2025,4:45,204.8
2/21/2025,5:00,206.4
2/21/2025,5:15,208.8
2/21/2025,5:30,200.8
2/21/2025,5:45,202.4
2/21/2025,6:00,224
2/21/2025,6:15,244.8
2/21/2025,6:30,228.8
2/21/2025,6:45,217.6
2/21/2025,7:00,216.8
2/21/2025,7:15,219.2
2/21/2025,7:30,208.8
2/21/2025,7:45,248.8
2/21/2025,8:00,268
2/21/2025,8:15,237.6
2/21/2025,8:30,273.6
2/21/2025,8:45,260
2/21/2025,9:00,277.6
2/21/2025,9:15,279.2
2/21/2025,9:30,268.8
2/21/2025,9:45,269.6
2/21/2025,10:00,273.6
2/21/2025,10:15,274.4
2/21/2025,10:30,266.4
2/21/2025,10:45,264.8
2/21/2025,11:00,282.4
2/21/2025,11:15,291.2
2/21/2025,11:30,291.2
2/21/2025,11:45,265.6
2/21/2025,12:00,243.2
2/21/2025,12:15,237.6
2/21/2025,12:30,232
2/21/2025,12:45,204
2/21/2025,13:00,200.8
2/21/2025,13:15,206.4
2/21/2025,13:30,196
2/21/2025,13:45,199.2
2/21/2025,14:00,206.4
2/21/2025,14:15,188
2/21/2025,14:30,219.2
2/21/2025,14:45,214.4
2/21/2025,15:00,206.4
2/21/2025,15:15,221.6
2/21/2025,15:30,228
2/21/2025,15:45,226.4
2/21/2025,16:00,239.2
2/21/2025,16:15,269.6
2/21/2025,16:30,226.4
2/21/2025,16:45,196.8
2/21/2025,17:00,187.2
2/21/2025,17:15,183.2
2/21/2025,17:30,209.6
2/21/2025,17:45,236.8
2/21/2025,18:00,217.6
2/21/2025,18:15,229.6
2/21/2025,18:30,220.8
2/21/2025,18:45,206.4
2/21/2025,19:00,236
2/21/2025,19:15,210.4
2/21/2025,19:30,192.8
2/21/2025,19:45,200
2/21/2025,20:00,194.4
2/21/2025,20:15,208
2/21/2025,20:30,233.6
2/21/2025,20:45,240
2/21/2025,21:00,251.2
2/21/2025,21:15,239.2
2/21/2025,21:30,293.6
2/21/2025,21:45,224
2/21/2025,22:00,238.4
2/21/2025,22:15,200
2/21/2025,22:30,206.4
2/21/2025,22:45,187.2
2/21/2025,23:00,170.4
2/21/2025,23:15,176.8
2/21/2025,23:30,176
2/21/2025,23:45,195.2
2/22/2025,0:00,172
2/22/2025,0:15,168
2/22/2025,0:30,176.8
2/22/2025,0:45,185.6
2/22/2025,1:00,177.6
2/22/2025,1:15,180.8
2/22/2025,1:30,200.8
2/22/2025,1:45,199.2
2/22/2025,2:00,174.4
2/22/2025,2:15,166.4
2/22/2025,2:30,183.2
2/22/2025,2:45,175.2
2/22/2025,3:00,173.6
2/22/2025,3:15,175.2
2/22/2025,3:30,169.6
2/22/2025,3:45,188.8
2/22/2025,4:00,174.4
2/22/2025,4:15,164
2/22/2025,4:30,171.2
2/22/2025,4:45,172.8
2/22/2025,5:00,208.8
2/22/2025,5:15,208
2/22/2025,5:30,188
2/22/2025,5:45,204
2/22/2025,6:00,222.4
2/22/2025,6:15,230.4
2/22/2025,6:30,198.4
2/22/2025,6:45,182.4
2/22/2025,7:00,188.8
2/22/2025,7:15,180
2/22/2025,7:30,197.6
2/22/2025,7:45,218.4
2/22/2025,8:00,208.8
2/22/2025,8:15,261.6
2/22/2025,8:30,237.6
2/22/2025,8:45,256.8
2/22/2025,9:00,247.2
2/22/2025,9:15,268.8
2/22/2025,9:30,253.6
2/22/2025,9:45,249.6
2/22/2025,10:00,272
2/22/2025,10:15,258.4
2/22/2025,10:30,249.6
2/22/2025,10:45,239.2
2/22/2025,11:00,248
2/22/2025,11:15,242.4
2/22/2025,11:30,232.8
2/22/2025,11:45,257.6
2/22/2025,12:00,239.2
2/22/2025,12:15,242.4
2/22/2025,12:30,222.4
2/22/2025,12:45,225.6
2/22/2025,13:00,205.6
2/22/2025,13:15,229.6
2/22/2025,13:30,239.2
2/22/2025,13:45,255.2
2/22/2025,14:00,240.8
2/22/2025,14:15,237.6
2/22/2025,14:30,231.2
2/22/2025,14:45,257.6
2/22/2025,15:00,265.6
2/22/2025,15:15,212
2/22/2025,15:30,209.6
2/22/2025,15:45,216.8
2/22/2025,16:00,226.4
2/22/2025,16:15,242.4
2/22/2025,16:30,239.2
2/22/2025,16:45,237.6
2/22/2025,17:00,212.8
2/22/2025,17:15,221.6
2/22/2025,17:30,249.6
2/22/2025,17:45,227.2
2/22/2025,18:00,218.4
2/22/2025,18:15,224
2/22/2025,18:30,225.6
2/22/2025,18:45,208.8
2/22/2025,19:00,218.4
2/22/2025,19:15,188.8
2/22/2025,19:30,260
2/22/2025,19:45,227.2
2/22/2025,20:00,219.2
2/22/2025,20:15,216.8
2/22/2025,20:30,205.6
2/22/2025,20:45,212.8
2/22/2025,21:00,210.4
2/22/2025,21:15,260
2/22/2025,21:30,259.2
2/22/2025,21:45,243.2
2/22/2025,22:00,234.4
2/22/2025,22:15,236.8
2/22/2025,22:30,193.6
2/22/2025,22:45,206.4
2/22/2025,23:00,198.4
2/22/2025,23:15,203.2
2/22/2025,23:30,180.8
2/22/2025,23:45,195.2
2/23/2025,0:00,179.2
2/23/2025,0:15,185.6
2/23/2025,0:30,188
2/23/2025,0:45,191.2
2/23/2025,1:00,188
2/23/2025,1:15,191.2
2/23/2025,1:30,174.4
2/23/2025,1:45,193.6
2/23/2025,2:00,192
2/23/2025,2:15,220
2/23/2025,2:30,195.2
2/23/2025,2:45,194.4
2/23/2025,3:00,207.2
2/23/2025,3:15,208.8
2/23/2025,3:30,192
2/23/2025,3:45,204
2/23/2025,4:00,209.6
2/23/2025,4:15,243.2
2/23/2025,4:30,216.8
2/23/2025,4:45,191.2
2/23/2025,5:00,205.6
2/23/2025,5:15,241.6
2/23/2025,5:30,200.8
2/23/2025,5:45,235.2
2/23/2025,6:00,260
2/23/2025,6:15,280
2/23/2025,6:30,206.4
2/23/2025,6:45,252
2/23/2025,7:00,224.8
2/23/2025,7:15,220.8
2/23/2025,7:30,249.6
2/23/2025,7:45,263.2
2/23/2025,8:00,241.6
2/23/2025,8:15,248.8
2/23/2025,8:30,282.4
2/23/2025,8:45,266.4
2/23/2025,9:00,258.4
2/23/2025,9:15,259.2
2/23/2025,9:30,310.4
2/23/2025,9:45,296
2/23/2025,10:00,300.8
2/23/2025,10:15,263.2
2/23/2025,10:30,268
2/23/2025,10:45,258.4
2/23/2025,11:00,304.8
2/23/2025,11:15,278.4
2/23/2025,11:30,292
2/23/2025,11:45,320
2/23/2025,12:00,268
2/23/2025,12:15,256.8
2/23/2025,12:30,292.8
2/23/2025,12:45,261.6
2/23/2025,13:00,256.8
2/23/2025,13:15,240
2/23/2025,13:30,233.6
2/23/2025,13:45,261.6
2/23/2025,14:00,260
2/23/2025,14:15,220.8
2/23/2025,14:30,212
2/23/2025,14:45,252.8
2/23/2025,15:00,237.6
2/23/2025,15:15,228
2/23/2025,15:30,228
2/23/2025,15:45,196
2/23/2025,16:00,219.2
2/23/2025,16:15,214.4
2/23/2025,16:30,204.8
2/23/2025,16:45,194.4
2/23/2025,17:00,188
2/23/2025,17:15,208
2/23/2025,17:30,208.8
2/23/2025,17:45,201.6
2/23/2025,18:00,217.6
2/23/2025,18:15,208
2/23/2025,18:30,199.2
2/23/2025,18:45,194.4
2/23/2025,19:00,191.2
2/23/2025,19:15,190.4
2/23/2025,19:30,209.6
2/23/2025,19:45,209.6
2/23/2025,20:00,188.8
2/23/2025,20:15,214.4
2/23/2025,20:30,210.4
2/23/2025,20:45,187.2
2/23/2025,21:00,233.6
2/23/2025,21:15,225.6
2/23/2025,21:30,208
2/23/2025,21:45,197.6
2/23/2025,22:00,194.4
2/23/2025,22:15,200.8
2/23/2025,22:30,193.6
2/23/2025,22:45,195.2
2/23/2025,23:00,188
2/23/2025,23:15,184.8
2/23/2025,23:30,211.2
2/23/2025,23:45,204
2/24/2025,0:00,154.4
2/24/2025,0:15,204.8
2/24/2025,0:30,170.4
2/24/2025,0:45,172
2/24/2025,1:00,173.6
2/24/2025,1:15,172.8
2/24/2025,1:30,180.8
2/24/2025,1:45,175.2
2/24/2025,2:00,176.8
2/24/2025,2:15,192
2/24/2025,2:30,164.8
2/24/2025,2:45,176.8
2/24/2025,3:00,161.6
2/24/2025,3:15,172.8
2/24/2025,3:30,168
2/24/2025,3:45,173.6
2/24/2025,4:00,171.2
2/24/2025,4:15,208
2/24/2025,4:30,202.4
2/24/2025,4:45,249.6
2/24/2025,5:00,234.4
2/24/2025,5:15,229.6
2/24/2025,5:30,228.8
2/24/2025,5:45,248
2/24/2025,6:00,265.6
2/24/2025,6:15,255.2
2/24/2025,6:30,260
2/24/2025,6:45,250.4
2/24/2025,7:00,235.2
2/24/2025,7:15,223.2
2/24/2025,7:30,198.4
2/24/2025,7:45,187.2
2/24/2025,8:00,241.6
2/24/2025,8:15,252
2/24/2025,8:30,236
2/24/2025,8:45,230.4
2/24/2025,9:00,240
2/24/2025,9:15,255.2
2/24/2025,9:30,252
2/24/2025,9:45,253.6
2/24/2025,10:00,255.2
2/24/2025,10:15,238.4
2/24/2025,10:30,231.2
2/24/2025,10:45,226.4
2/24/2025,11:00,235.2
2/24/2025,11:15,243.2
2/24/2025,11:30,217.6
2/24/2025,11:45,224
2/24/2025,12:00,219.2
2/24/2025,12:15,226.4
2/24/2025,12:30,195.2
2/24/2025,12:45,203.2
2/24/2025,13:00,220
2/24/2025,13:15,208
2/24/2025,13:30,234.4
2/24/2025,13:45,211.2
2/24/2025,14:00,200
2/24/2025,14:15,203.2
2/24/2025,14:30,204
2/24/2025,14:45,208
2/24/2025,15:00,213.6
2/24/2025,15:15,203.2
2/24/2025,15:30,208
2/24/2025,15:45,231.2
2/24/2025,16:00,263.2
2/24/2025,16:15,266.4
2/24/2025,16:30,240.8
2/24/2025,16:45,261.6
2/24/2025,17:00,235.2
2/24/2025,17:15,226.4
2/24/2025,17:30,244.8
2/24/2025,17:45,204.8
2/24/2025,18:00,228.8
2/24/2025,18:15,204.8
2/24/2025,18:30,198.4
2/24/2025,18:45,232
2/24/2025,19:00,234.4
2/24/2025,19:15,207.2
2/24/2025,19:30,226.4
2/24/2025,19:45,195.2
2/24/2025,20:00,210.4
2/24/2025,20:15,234.4
2/24/2025,20:30,232
2/24/2025,20:45,228.8
2/24/2025,21:00,205.6
2/24/2025,21:15,212
2/24/2025,21:30,201.6
2/24/2025,21:45,211.2
2/24/2025,22:00,207.2
2/24/2025,22:15,219.2
2/24/2025,22:30,192.8
2/24/2025,22:45,185.6
2/24/2025,23:00,191.2
2/24/2025,23:15,188.8
2/24/2025,23:30,188.8
2/24/2025,23:45,168
2/25/2025,0:00,184.8
2/25/2025,0:15,177.6
2/25/2025,0:30,180
2/25/2025,0:45,176.8
2/25/2025,1:00,189.6
2/25/2025,1:15,192.8
2/25/2025,1:30,161.6
2/25/2025,1:45,196.8
2/25/2025,2:00,176
2/25/2025,2:15,172
2/25/2025,2:30,173.6
2/25/2025,2:45,174.4
2/25/2025,3:00,180
2/25/2025,3:15,172
2/25/2025,3:30,180.8
2/25/2025,3:45,203.2
2/25/2025,4:00,175.2
2/25/2025,4:15,192.8
2/25/2025,4:30,193.6
2/25/2025,4:45,175.2
2/25/2025,5:00,228
2/25/2025,5:15,224.8
2/25/2025,5:30,242.4
2/25/2025,5:45,218.4
2/25/2025,6:00,243.2
2/25/2025,6:15,248.8
2/25/2025,6:30,240
2/25/2025,6:45,232.8
2/25/2025,7:00,256.8
2/25/2025,7:15,240
2/25/2025,7:30,242.4
2/25/2025,7:45,240.8
2/25/2025,8:00,254.4
2/25/2025,8:15,244
2/25/2025,8:30,260.8
2/25/2025,8:45,291.2
2/25/2025,9:00,258.4
2/25/2025,9:15,280.8
2/25/2025,9:30,266.4
2/25/2025,9:45,288
2/25/2025,10:00,265.6
2/25/2025,10:15,306.4
2/25/2025,10:30,240.8
2/25/2025,10:45,258.4
2/25/2025,11:00,270.4
2/25/2025,11:15,277.6
2/25/2025,11:30,270.4
2/25/2025,11:45,246.4
2/25/2025,12:00,256
2/25/2025,12:15,236.8
2/25/2025,12:30,232.8
2/25/2025,12:45,221.6
2/25/2025,13:00,216.8
2/25/2025,13:15,235.2
2/25/2025,13:30,272
2/25/2025,13:45,244.8
2/25/2025,14:00,266.4
2/25/2025,14:15,282.4
2/25/2025,14:30,218.4
2/25/2025,14:45,216
2/25/2025,15:00,221.6
2/25/2025,15:15,204.8
2/25/2025,15:30,246.4
2/25/2025,15:45,227.2
2/25/2025,16:00,224
2/25/2025,16:15,242.4
2/25/2025,16:30,245.6
2/25/2025,16:45,224.8
2/25/2025,17:00,239.2
2/25/2025,17:15,206.4
2/25/2025,17:30,225.6
2/25/2025,17:45,220.8
2/25/2025,18:00,228
2/25/2025,18:15,244
2/25/2025,18:30,236
2/25/2025,18:45,214.4
2/25/2025,19:00,236.8
2/25/2025,19:15,241.6
2/25/2025,19:30,232.8
2/25/2025,19:45,232.8
2/25/2025,20:00,224
2/25/2025,20:15,252.8
2/25/2025,20:30,233.6
2/25/2025,20:45,256
2/25/2025,21:00,213.6
2/25/2025,21:15,200.8
2/25/2025,21:30,208.8
2/25/2025,21:45,200
2/25/2025,22:00,204
2/25/2025,22:15,216
2/25/2025,22:30,185.6
2/25/2025,22:45,181.6
2/25/2025,23:00,176
2/25/2025,23:15,187.2
2/25/2025,23:30,190.4
2/25/2025,23:45,184
2/26/2025,0:00,164.8
2/26/2025,0:15,174.4
2/26/2025,0:30,164.8
2/26/2025,0:45,212.8
2/26/2025,1:00,172.8
2/26/2025,1:15,191.2
2/26/2025,1:30,191.2
2/26/2025,1:45,180
2/26/2025,2:00,200
2/26/2025,2:15,179.2
2/26/2025,2:30,192.8
2/26/2025,2:45,233.6
2/26/2025,3:00,228.8
2/26/2025,3:15,238.4
2/26/2025,3:30,203.2
2/26/2025,3:45,214.4
2/26/2025,4:00,200.8
2/26/2025,4:15,161.6
2/26/2025,4:30,164
2/26/2025,4:45,184
2/26/2025,5:00,172
2/26/2025,5:15,167.2
2/26/2025,5:30,192.8
2/26/2025,5:45,203.2
2/26/2025,6:00,197.6
2/26/2025,6:15,193.6
2/26/2025,6:30,210.4
2/26/2025,6:45,201.6
2/26/2025,7:00,187.2
2/26/2025,7:15,236.8
2/26/2025,7:30,223.2
2/26/2025,7:45,221.6
2/26/2025,8:00,235.2
2/26/2025,8:15,266.4
2/26/2025,8:30,220.8
2/26/2025,8:45,232.8
2/26/2025,9:00,216.8
2/26/2025,9:15,257.6
2/26/2025,9:30,244
2/26/2025,9:45,259.2
2/26/2025,10:00,232.8
2/26/2025,10:15,252
2/26/2025,10:30,243.2
2/26/2025,10:45,249.6
2/26/2025,11:00,248
2/26/2025,11:15,241.6
2/26/2025,11:30,252
2/26/2025,11:45,224
2/26/2025,12:00,219.2
2/26/2025,12:15,256
2/26/2025,12:30,250.4
2/26/2025,12:45,214.4
2/26/2025,13:00,200
2/26/2025,13:15,202.4
2/26/2025,13:30,191.2
2/26/2025,13:45,192.8
2/26/2025,14:00,192
2/26/2025,14:15,181.6
2/26/2025,14:30,195.2
2/26/2025,14:45,188.8
2/26/2025,15:00,213.6
2/26/2025,15:15,208
2/26/2025,15:30,216
2/26/2025,15:45,273.6
2/26/2025,16:00,300.8
2/26/2025,16:15,291.2
2/26/2025,16:30,290.4
2/26/2025,16:45,202.4
2/26/2025,17:00,205.6
2/26/2025,17:15,204.8
2/26/2025,17:30,228
2/26/2025,17:45,245.6
2/26/2025,18:00,195.2
2/26/2025,18:15,184.8
2/26/2025,18:30,220.8
2/26/2025,18:45,188
2/26/2025,19:00,221.6
2/26/2025,19:15,192.8
2/26/2025,19:30,265.6
2/26/2025,19:45,267.2
2/26/2025,20:00,269.6
2/26/2025,20:15,253.6
2/26/2025,20:30,287.2
2/26/2025,20:45,256
2/26/2025,21:00,239.2
2/26/2025,21:15,220
2/26/2025,21:30,244.8
2/26/2025,21:45,241.6
2/26/2025,22:00,191.2
2/26/2025,22:15,202.4
2/26/2025,22:30,207.2
2/26/2025,22:45,172.8
2/26/2025,23:00,190.4
2/26/2025,23:15,175.2
2/26/2025,23:30,204.8
2/26/2025,23:45,165.6
2/27/2025,0:00,167.2
2/27/2025,0:15,186.4
2/27/2025,0:30,166.4
2/27/2025,0:45,157.6
2/27/2025,1:00,159.2
2/27/2025,1:15,167.2
2/27/2025,1:30,148.8
2/27/2025,1:45,166.4
2/27/2025,2:00,163.2
2/27/2025,2:15,163.2
2/27/2025,2:30,205.6
2/27/2025,2:45,173.6
2/27/2025,3:00,188
2/27/2025,3:15,158.4
2/27/2025,3:30,176.8
2/27/2025,3:45,192
2/27/2025,4:00,148.8
2/27/2025,4:15,188
2/27/2025,4:30,177.6
2/27/2025,4:45,170.4
2/27/2025,5:00,169.6
2/27/2025,5:15,168
2/27/2025,5:30,185.6
2/27/2025,5:45,179.2
2/27/2025,6:00,199.2
2/27/2025,6:15,199.2
2/27/2025,6:30,193.6
2/27/2025,6:45,173.6
2/27/2025,7:00,179.2
2/27/2025,7:15,203.2
2/27/2025,7:30,183.2
2/27/2025,7:45,193.6
2/27/2025,8:00,215.2
2/27/2025,8:15,245.6
2/27/2025,8:30,256.8
2/27/2025,8:45,221.6
2/27/2025,9:00,222.4
2/27/2025,9:15,220
2/27/2025,9:30,287.2
2/27/2025,9:45,244
2/27/2025,10:00,244.8
2/27/2025,10:15,222.4
2/27/2025,10:30,218.4
2/27/2025,10:45,282.4
2/27/2025,11:00,293.6
2/27/2025,11:15,305.6
2/27/2025,11:30,271.2
2/27/2025,11:45,229.6
2/27/2025,12:00,224.8
2/27/2025,12:15,204
2/27/2025,12:30,185.6
2/27/2025,12:45,196.8
2/27/2025,13:00,188
2/27/2025,13:15,187.2
2/27/2025,13:30,205.6
2/27/2025,13:45,191.2
2/27/2025,14:00,188
2/27/2025,14:15,204
2/27/2025,14:30,224
2/27/2025,14:45,264
2/27/2025,15:00,217.6
2/27/2025,15:15,190.4
2/27/2025,15:30,184
2/27/2025,15:45,190.4
2/27/2025,16:00,272
2/27/2025,16:15,235.2
2/27/2025,16:30,211.2
2/27/2025,16:45,213.6
2/27/2025,17:00,204
2/27/2025,17:15,193.6
2/27/2025,17:30,231.2
2/27/2025,17:45,235.2
2/27/2025,18:00,218.4
2/27/2025,18:15,207.2
2/27/2025,18:30,192
2/27/2025,18:45,187.2
2/27/2025,19:00,192
2/27/2025,19:15,183.2
2/27/2025,19:30,213.6
2/27/2025,19:45,196.8
2/27/2025,20:00,206.4
2/27/2025,20:15,198.4
2/27/2025,20:30,198.4
2/27/2025,20:45,193.6
2/27/2025,21:00,204.8
2/27/2025,21:15,196
2/27/2025,21:30,231.2
2/27/2025,21:45,240.8
2/27/2025,22:00,216
2/27/2025,22:15,190.4
2/27/2025,22:30,178.4
2/27/2025,22:45,166.4
2/27/2025,23:00,193.6
2/27/2025,23:15,171.2
2/27/2025,23:30,195.2
2/27/2025,23:45,184.8
2/28/2025,0:00,191.2
2/28/2025,0:15,186.4
2/28/2025,0:30,165.6
2/28/2025,0:45,166.4
2/28/2025,1:00,161.6
2/28/2025,1:15,153.6
2/28/2025,1:30,166.4
2/28/2025,1:45,159.2
2/28/2025,2:00,159.2
2/28/2025,2:15,199.2
2/28/2025,2:30,164
2/28/2025,2:45,175.2
2/28/2025,3:00,174.4
2/28/2025,3:15,170.4
2/28/2025,3:30,228.8
2/28/2025,3:45,222.4
2/28/2025,4:00,196.8
2/28/2025,4:15,232.8
2/28/2025,4:30,160
2/28/2025,4:45,176
2/28/2025,5:00,164.8
2/28/2025,5:15,152.8
2/28/2025,5:30,157.6
2/28/2025,5:45,164.8
2/28/2025,6:00,181.6
2/28/2025,6:15,204
2/28/2025,6:30,203.2
2/28/2025,6:45,175.2
2/28/2025,7:00,176
2/28/2025,7:15,175.2
2/28/2025,7:30,186.4
2/28/2025,7:45,184.8
2/28/2025,8:00,200
2/28/2025,8:15,200
2/28/2025,8:30,203.2
2/28/2025,8:45,208
2/28/2025,9:00,201.6
2/28/2025,9:15,217.6
2/28/2025,9:30,241.6
2/28/2025,9:45,263.2
2/28/2025,10:00,224.8
2/28/2025,10:15,233.6
2/28/2025,10:30,236
2/28/2025,10:45,240.8
2/28/2025,11:00,220.8
2/28/2025,11:15,194.4
2/28/2025,11:30,216
2/28/2025,11:45,204
2/28/2025,12:00,202.4
2/28/2025,12:15,215.2
2/28/2025,12:30,190.4
2/28/2025,12:45,172.8
2/28/2025,13:00,193.6
2/28/2025,13:15,184.8
2/28/2025,13:30,179.2
2/28/2025,13:45,180.8
2/28/2025,14:00,171.2
2/28/2025,14:15,174.4
2/28/2025,14:30,237.6
2/28/2025,14:45,254.4
2/28/2025,15:00,231.2
2/28/2025,15:15,237.6
2/28/2025,15:30,234.4
2/28/2025,15:45,228.8
2/28/2025,16:00,240.8
2/28/2025,16:15,268.8
2/28/2025,16:30,189.6
2/28/2025,16:45,212
2/28/2025,17:00,191.2
2/28/2025,17:15,175.2
2/28/2025,17:30,211.2
2/28/2025,17:45,222.4
2/28/2025,18:00,201.6
2/28/2025,18:15,197.6
2/28/2025,18:30,200.8
2/28/2025,18:45,209.6
2/28/2025,19:00,190.4
2/28/2025,19:15,188
2/28/2025,19:30,187.2
2/28/2025,19:45,182.4
2/28/2025,20:00,212
2/28/2025,20:15,205.6
2/28/2025,20:30,173.6
2/28/2025,20:45,180.8
2/28/2025,21:00,178.4
2/28/2025,21:15,207.2
2/28/2025,21:30,196
2/28/2025,21:45,185.6
2/28/2025,22:00,184.8
2/28/2025,22:15,188
2/28/2025,22:30,163.2
2/28/2025,22:45,173.6
2/28/2025,23:00,160.8
2/28/2025,23:15,160
2/28/2025,23:30,174.4
2/28/2025,23:45,166.4
3/1/2025,0:00,168.8
3/1/2025,0:15,160.8
3/1/2025,0:30,156.8
3/1/2025,0:45,184
3/1/2025,1:00,195.2
3/1/2025,1:15,200.8
3/1/2025,1:30,161.6
3/1/2025,1:45,162.4
3/1/2025,2:00,181.6
3/1/2025,2:15,164
3/1/2025,2:30,187.2
3/1/2025,2:45,161.6
3/1/2025,3:00,157.6
3/1/2025,3:15,160.8
3/1/2025,3:30,160
3/1/2025,3:45,166.4
3/1/2025,4:00,166.4
3/1/2025,4:15,175.2
3/1/2025,4:30,147.2
3/1/2025,4:45,184.8
3/1/2025,5:00,172
3/1/2025,5:15,186.4
3/1/2025,5:30,160
3/1/2025,5:45,183.2
3/1/2025,6:00,202.4
3/1/2025,6:15,272
3/1/2025,6:30,278.4
3/1/2025,6:45,212.8
3/1/2025,7:00,212
3/1/2025,7:15,170.4
3/1/2025,7:30,180.8
3/1/2025,7:45,179.2
3/1/2025,8:00,191.2
3/1/2025,8:15,212.8
3/1/2025,8:30,206.4
3/1/2025,8:45,182.4
3/1/2025,9:00,204.8
3/1/2025,9:15,200.8
3/1/2025,9:30,209.6
3/1/2025,9:45,216.8
3/1/2025,10:00,208.8
3/1/2025,10:15,192.8
3/1/2025,10:30,200
3/1/2025,10:45,204
3/1/2025,11:00,208.8
3/1/2025,11:15,189.6
3/1/2025,11:30,198.4
3/1/2025,11:45,193.6
3/1/2025,12:00,208.8
3/1/2025,12:15,182.4
3/1/2025,12:30,176
3/1/2025,12:45,177.6
3/1/2025,13:00,164
3/1/2025,13:15,189.6
3/1/2025,13:30,190.4
3/1/2025,13:45,165.6
3/1/2025,14:00,173.6
3/1/2025,14:15,183.2
3/1/2025,14:30,173.6
3/1/2025,14:45,170.4
3/1/2025,15:00,172.8
3/1/2025,15:15,176.8
3/1/2025,15:30,218.4
3/1/2025,15:45,193.6
3/1/2025,16:00,182.4
3/1/2025,16:15,198.4
3/1/2025,16:30,196.8
3/1/2025,16:45,183.2
3/1/2025,17:00,190.4
3/1/2025,17:15,235.2
3/1/2025,17:30,242.4
3/1/2025,17:45,244.8
3/1/2025,18:00,252.8
3/1/2025,18:15,242.4
3/1/2025,18:30,230.4
3/1/2025,18:45,213.6
3/1/2025,19:00,224
3/1/2025,19:15,191.2
3/1/2025,19:30,180.8
3/1/2025,19:45,200.8
3/1/2025,20:00,188
3/1/2025,20:15,180.8
3/1/2025,20:30,193.6
3/1/2025,20:45,177.6
3/1/2025,21:00,174.4
3/1/2025,21:15,184
3/1/2025,21:30,184
3/1/2025,21:45,176
3/1/2025,22:00,180.8
3/1/2025,22:15,171.2
3/1/2025,22:30,155.2
3/1/2025,22:45,156
3/1/2025,23:00,152.8
3/1/2025,23:15,147.2
3/1/2025,23:30,157.6
3/1/2025,23:45,170.4
3/2/2025,0:00,162.4
3/2/2025,0:15,172
3/2/2025,0:30,158.4
3/2/2025,0:45,161.6
3/2/2025,1:00,147.2
3/2/2025,1:15,168
3/2/2025,1:30,164
3/2/2025,1:45,168
3/2/2025,2:00,152
3/2/2025,2:15,152
3/2/2025,2:30,152
3/2/2025,2:45,151.2
3/2/2025,3:00,152
3/2/2025,3:15,150.4
3/2/2025,3:30,149.6
3/2/2025,3:45,143.2
3/2/2025,4:00,154.4
3/2/2025,4:15,150.4
3/2/2025,4:30,148
3/2/2025,4:45,150.4
3/2/2025,5:00,146.4
3/2/2025,5:15,155.2
3/2/2025,5:30,152
3/2/2025,5:45,189.6
3/2/2025,6:00,182.4
3/2/2025,6:15,178.4
3/2/2025,6:30,166.4
3/2/2025,6:45,164.8
3/2/2025,7:00,166.4
3/2/2025,7:15,196
3/2/2025,7:30,184
3/2/2025,7:45,165.6
3/2/2025,8:00,183.2
3/2/2025,8:15,172
3/2/2025,8:30,213.6
3/2/2025,8:45,185.6
3/2/2025,9:00,214.4
3/2/2025,9:15,204
3/2/2025,9:30,214.4
3/2/2025,9:45,224
3/2/2025,10:00,208
3/2/2025,10:15,197.6
3/2/2025,10:30,202.4
3/2/2025,10:45,272.8
3/2/2025,11:00,241.6
3/2/2025,11:15,228.8
3/2/2025,11:30,184
3/2/2025,11:45,196
3/2/2025,12:00,193.6
3/2/2025,12:15,184
3/2/2025,12:30,176
3/2/2025,12:45,161.6
3/2/2025,13:00,195.2
3/2/2025,13:15,168
3/2/2025,13:30,175.2
3/2/2025,13:45,177.6
3/2/2025,14:00,175.2
3/2/2025,14:15,186.4
3/2/2025,14:30,184
3/2/2025,14:45,212
3/2/2025,15:00,212
3/2/2025,15:15,197.6
3/2/2025,15:30,166.4
3/2/2025,15:45,172.8
3/2/2025,16:00,199.2
3/2/2025,16:15,204.8
3/2/2025,16:30,196
3/2/2025,16:45,188
3/2/2025,17:00,191.2
3/2/2025,17:15,172.8
3/2/2025,17:30,207.2
3/2/2025,17:45,193.6
3/2/2025,18:00,200.8
3/2/2025,18:15,213.6
3/2/2025,18:30,207.2
3/2/2025,18:45,172.8
3/2/2025,19:00,172
3/2/2025,19:15,176.8
3/2/2025,19:30,180
3/2/2025,19:45,175.2
3/2/2025,20:00,176.8
3/2/2025,20:15,224.8
3/2/2025,20:30,199.2
3/2/2025,20:45,186.4
3/2/2025,21:00,186.4
3/2/2025,21:15,187.2
3/2/2025,21:30,196
3/2/2025,21:45,231.2
3/2/2025,22:00,199.2
3/2/2025,22:15,176
3/2/2025,22:30,155.2
3/2/2025,22:45,163.2
3/2/2025,23:00,165.6
3/2/2025,23:15,176.8
3/2/2025,23:30,173.6
3/2/2025,23:45,185.6
3/3/2025,0:00,164
3/3/2025,0:15,151.2
3/3/2025,0:30,196
3/3/2025,0:45,170.4
3/3/2025,1:00,149.6
3/3/2025,1:15,154.4
3/3/2025,1:30,164
3/3/2025,1:45,164.8
3/3/2025,2:00,181.6
3/3/2025,2:15,224.8
3/3/2025,2:30,216.8
3/3/2025,2:45,218.4
3/3/2025,3:00,252
3/3/2025,3:15,210.4
3/3/2025,3:30,218.4
3/3/2025,3:45,216
3/3/2025,4:00,185.6
3/3/2025,4:15,211.2
3/3/2025,4:30,162.4
3/3/2025,4:45,156
3/3/2025,5:00,170.4
3/3/2025,5:15,157.6
3/3/2025,5:30,200
3/3/2025,5:45,188.8
3/3/2025,6:00,188
3/3/2025,6:15,188.8
3/3/2025,6:30,172
3/3/2025,6:45,188
3/3/2025,7:00,198.4
3/3/2025,7:15,170.4
3/3/2025,7:30,163.2
3/3/2025,7:45,191.2
3/3/2025,8:00,217.6
3/3/2025,8:15,220
3/3/2025,8:30,187.2
3/3/2025,8:45,194.4
3/3/2025,9:00,197.6
3/3/2025,9:15,213.6
3/3/2025,9:30,218.4
3/3/2025,9:45,227.2
3/3/2025,10:00,244
3/3/2025,10:15,271.2
3/3/2025,10:30,205.6
3/3/2025,10:45,202.4
3/3/2025,11:00,252.8
3/3/2025,11:15,315.2
3/3/2025,11:30,292
3/3/2025,11:45,256.8
3/3/2025,12:00,227.2
3/3/2025,12:15,315.2
3/3/2025,12:30,251.2
3/3/2025,12:45,245.6
3/3/2025,13:00,211.2
3/3/2025,13:15,201.6
3/3/2025,13:30,222.4
3/3/2025,13:45,197.6
3/3/2025,14:00,193.6
3/3/2025,14:15,227.2
3/3/2025,14:30,192.8
3/3/2025,14:45,204.8
3/3/2025,15:00,196
3/3/2025,15:15,213.6
3/3/2025,15:30,199.2
3/3/2025,15:45,199.2
3/3/2025,16:00,224.8
3/3/2025,16:15,240
3/3/2025,16:30,180.8
3/3/2025,16:45,175.2
3/3/2025,17:00,175.2
3/3/2025,17:15,172.8
3/3/2025,17:30,188
3/3/2025,17:45,204.8
3/3/2025,18:00,192.8
3/3/2025,18:15,191.2
3/3/2025,18:30,214.4
3/3/2025,18:45,205.6
3/3/2025,19:00,201.6
3/3/2025,19:15,225.6
3/3/2025,19:30,220.8
3/3/2025,19:45,268
3/3/2025,20:00,263.2
3/3/2025,20:15,251.2
3/3/2025,20:30,206.4
3/3/2025,20:45,204.8
3/3/2025,21:00,196.8
3/3/2025,21:15,180.8
3/3/2025,21:30,221.6
3/3/2025,21:45,185.6
3/3/2025,22:00,196.8
3/3/2025,22:15,179.2
3/3/2025,22:30,181.6
3/3/2025,22:45,186.4
3/3/2025,23:00,178.4
3/3/2025,23:15,150.4
3/3/2025,23:30,203.2
3/3/2025,23:45,164
3/4/2025,0:00,168.8
3/4/2025,0:15,194.4
3/4/2025,0:30,160.8
3/4/2025,0:45,144.8
3/4/2025,1:00,169.6
3/4/2025,1:15,164.8
3/4/2025,1:30,146.4
3/4/2025,1:45,164.8
3/4/2025,2:00,152
3/4/2025,2:15,148.8
3/4/2025,2:30,157.6
3/4/2025,2:45,199.2
3/4/2025,3:00,193.6
3/4/2025,3:15,149.6
3/4/2025,3:30,167.2
3/4/2025,3:45,148
3/4/2025,4:00,165.6
3/4/2025,4:15,152
3/4/2025,4:30,148
3/4/2025,4:45,158.4
3/4/2025,5:00,152.8
3/4/2025,5:15,192
3/4/2025,5:30,148.8
3/4/2025,5:45,155.2
3/4/2025,6:00,192.8
3/4/2025,6:15,188
3/4/2025,6:30,195.2
3/4/2025,6:45,182.4
3/4/2025,7:00,221.6
3/4/2025,7:15,213.6
3/4/2025,7:30,171.2
3/4/2025,7:45,184
3/4/2025,8:00,175.2
3/4/2025,8:15,208.8
3/4/2025,8:30,216
3/4/2025,8:45,220.8
3/4/2025,9:00,219.2
3/4/2025,9:15,195.2
3/4/2025,9:30,228
3/4/2025,9:45,218.4
3/4/2025,10:00,275.2
3/4/2025,10:15,300
3/4/2025,10:30,288
3/4/2025,10:45,239.2
3/4/2025,11:00,241.6
3/4/2025,11:15,240.8
3/4/2025,11:30,230.4
3/4/2025,11:45,272
3/4/2025,12:00,228
3/4/2025,12:15,226.4
3/4/2025,12:30,187.2
3/4/2025,12:45,224
3/4/2025,13:00,186.4
3/4/2025,13:15,264
3/4/2025,13:30,254.4
3/4/2025,13:45,210.4
3/4/2025,14:00,220.8
3/4/2025,14:15,220.8
3/4/2025,14:30,188
3/4/2025,14:45,262.4
3/4/2025,15:00,198.4
3/4/2025,15:15,194.4
3/4/2025,15:30,200
3/4/2025,15:45,207.2
3/4/2025,16:00,214.4
3/4/2025,16:15,232.8
3/4/2025,16:30,215.2
3/4/2025,16:45,200.8
3/4/2025,17:00,221.6
3/4/2025,17:15,204.8
3/4/2025,17:30,208
3/4/2025,17:45,212
3/4/2025,18:00,224.8
3/4/2025,18:15,192
3/4/2025,18:30,184
3/4/2025,18:45,176.8
3/4/2025,19:00,198.4
3/4/2025,19:15,238.4
3/4/2025,19:30,189.6
3/4/2025,19:45,183.2
3/4/2025,20:00,174.4
3/4/2025,20:15,198.4
3/4/2025,20:30,191.2
3/4/2025,20:45,196.8
3/4/2025,21:00,210.4
3/4/2025,21:15,209.6
3/4/2025,21:30,194.4
3/4/2025,21:45,208
3/4/2025,22:00,235.2
3/4/2025,22:15,195.2
3/4/2025,22:30,173.6
3/4/2025,22:45,179.2
3/4/2025,23:00,163.2
3/4/2025,23:15,173.6
3/4/2025,23:30,172.8
3/4/2025,23:45,162.4
3/5/2025,0:00,150.4
3/5/2025,0:15,164.8
3/5/2025,0:30,179.2
3/5/2025,0:45,169.6
3/5/2025,1:00,189.6
3/5/2025,1:15,186.4
3/5/2025,1:30,228
3/5/2025,1:45,224.8
3/5/2025,2:00,252.8
3/5/2025,2:15,214.4
3/5/2025,2:30,247.2
3/5/2025,2:45,244
3/5/2025,3:00,220.8
3/5/2025,3:15,192
3/5/2025,3:30,188.8
3/5/2025,3:45,195.2
3/5/2025,4:00,164.8
3/5/2025,4:15,150.4
3/5/2025,4:30,155.2
3/5/2025,4:45,165.6
3/5/2025,5:00,149.6
3/5/2025,5:15,174.4
3/5/2025,5:30,174.4
3/5/2025,5:45,162.4
3/5/2025,6:00,196
3/5/2025,6:15,212.8
3/5/2025,6:30,191.2
3/5/2025,6:45,160.8
3/5/2025,7:00,164.8
3/5/2025,7:15,172.8
3/5/2025,7:30,180
3/5/2025,7:45,205.6
3/5/2025,8:00,216
3/5/2025,8:15,196
3/5/2025,8:30,202.4
3/5/2025,8:45,234.4
3/5/2025,9:00,217.6
3/5/2025,9:15,269.6
3/5/2025,9:30,286.4
3/5/2025,9:45,329.6
3/5/2025,10:00,310.4
3/5/2025,10:15,264.8
3/5/2025,10:30,246.4
3/5/2025,10:45,285.6
3/5/2025,11:00,256.8
3/5/2025,11:15,276.8
3/5/2025,11:30,260.8
3/5/2025,11:45,246.4
3/5/2025,12:00,243.2
3/5/2025,12:15,205.6
3/5/2025,12:30,209.6
3/5/2025,12:45,236.8
3/5/2025,13:00,213.6
3/5/2025,13:15,224.8
3/5/2025,13:30,258.4
3/5/2025,13:45,243.2
3/5/2025,14:00,239.2
3/5/2025,14:15,238.4
3/5/2025,14:30,240
3/5/2025,14:45,226.4
3/5/2025,15:00,182.4
3/5/2025,15:15,198.4
3/5/2025,15:30,196
3/5/2025,15:45,199.2
3/5/2025,16:00,219.2
3/5/2025,16:15,256
3/5/2025,16:30,239.2
3/5/2025,16:45,238.4
3/5/2025,17:00,266.4
3/5/2025,17:15,248
3/5/2025,17:30,260
3/5/2025,17:45,245.6
3/5/2025,18:00,214.4
3/5/2025,18:15,189.6
3/5/2025,18:30,192.8
3/5/2025,18:45,241.6
3/5/2025,19:00,196
3/5/2025,19:15,184
3/5/2025,19:30,247.2
3/5/2025,19:45,181.6
3/5/2025,20:00,236.8
3/5/2025,20:15,236
3/5/2025,20:30,220
3/5/2025,20:45,233.6
3/5/2025,21:00,247.2
3/5/2025,21:15,235.2
3/5/2025,21:30,203.2
3/5/2025,21:45,200
3/5/2025,22:00,196
3/5/2025,22:15,172.8
3/5/2025,22:30,187.2
3/5/2025,22:45,212
3/5/2025,23:00,196
3/5/2025,23:15,214.4
3/5/2025,23:30,196
3/5/2025,23:45,192.8
3/6/2025,0:00,220
3/6/2025,0:15,159.2
3/6/2025,0:30,165.6
3/6/2025,0:45,152
3/6/2025,1:00,148
3/6/2025,1:15,173.6
3/6/2025,1:30,155.2
3/6/2025,1:45,172
3/6/2025,2:00,192
3/6/2025,2:15,192
3/6/2025,2:30,210.4
3/6/2025,2:45,228
3/6/2025,3:00,192
3/6/2025,3:15,211.2
3/6/2025,3:30,165.6
3/6/2025,3:45,164.8
3/6/2025,4:00,166.4
3/6/2025,4:15,191.2
3/6/2025,4:30,177.6
3/6/2025,4:45,164
3/6/2025,5:00,195.2
3/6/2025,5:15,234.4
3/6/2025,5:30,193.6
3/6/2025,5:45,214.4
3/6/2025,6:00,217.6
3/6/2025,6:15,208
3/6/2025,6:30,219.2
3/6/2025,6:45,171.2
3/6/2025,7:00,183.2
3/6/2025,7:15,199.2
3/6/2025,7:30,188.8
3/6/2025,7:45,191.2
3/6/2025,8:00,221.6
3/6/2025,8:15,228
3/6/2025,8:30,246.4
3/6/2025,8:45,252.8
3/6/2025,9:00,243.2
3/6/2025,9:15,270.4
3/6/2025,9:30,284
3/6/2025,9:45,272.8
3/6/2025,10:00,230.4
3/6/2025,10:15,229.6
3/6/2025,10:30,235.2
3/6/2025,10:45,232
3/6/2025,11:00,203.2
3/6/2025,11:15,246.4
3/6/2025,11:30,249.6
3/6/2025,11:45,248.8
3/6/2025,12:00,256
3/6/2025,12:15,234.4
3/6/2025,12:30,227.2
3/6/2025,12:45,254.4
3/6/2025,13:00,248
3/6/2025,13:15,199.2
3/6/2025,13:30,202.4
3/6/2025,13:45,217.6
3/6/2025,14:00,187.2
3/6/2025,14:15,199.2
3/6/2025,14:30,208
3/6/2025,14:45,268.8
3/6/2025,15:00,224
3/6/2025,15:15,220
3/6/2025,15:30,239.2
3/6/2025,15:45,256.8
3/6/2025,16:00,256.8
3/6/2025,16:15,219.2
3/6/2025,16:30,246.4
3/6/2025,16:45,226.4
3/6/2025,17:00,188
3/6/2025,17:15,205.6
3/6/2025,17:30,255.2
3/6/2025,17:45,245.6
3/6/2025,18:00,240.8
3/6/2025,18:15,221.6
3/6/2025,18:30,210.4
3/6/2025,18:45,244.8
3/6/2025,19:00,228
3/6/2025,19:15,255.2
3/6/2025,19:30,251.2
3/6/2025,19:45,250.4
3/6/2025,20:00,269.6
3/6/2025,20:15,223.2
3/6/2025,20:30,215.2
3/6/2025,20:45,255.2
3/6/2025,21:00,232
3/6/2025,21:15,213.6
3/6/2025,21:30,238.4
3/6/2025,21:45,248
3/6/2025,22:00,232
3/6/2025,22:15,238.4
3/6/2025,22:30,208
3/6/2025,22:45,228.8
3/6/2025,23:00,196
3/6/2025,23:15,232.8
3/6/2025,23:30,216.8
3/6/2025,23:45,213.6
3/7/2025,0:00,209.6
3/7/2025,0:15,209.6
3/7/2025,0:30,168.8
3/7/2025,0:45,167.2
3/7/2025,1:00,177.6
3/7/2025,1:15,177.6
3/7/2025,1:30,175.2
3/7/2025,1:45,189.6
3/7/2025,2:00,220
3/7/2025,2:15,200.8
3/7/2025,2:30,204
3/7/2025,2:45,205.6
3/7/2025,3:00,212.8
3/7/2025,3:15,204
3/7/2025,3:30,212
3/7/2025,3:45,213.6
3/7/2025,4:00,201.6
3/7/2025,4:15,196.8
3/7/2025,4:30,196.8
3/7/2025,4:45,224
3/7/2025,5:00,257.6
3/7/2025,5:15,224
3/7/2025,5:30,202.4
3/7/2025,5:45,203.2
3/7/2025,6:00,233.6
3/7/2025,6:15,262.4
3/7/2025,6:30,219.2
3/7/2025,6:45,216.8
3/7/2025,7:00,221.6
3/7/2025,7:15,203.2
3/7/2025,7:30,198.4
3/7/2025,7:45,217.6
3/7/2025,8:00,241.6
3/7/2025,8:15,256
3/7/2025,8:30,233.6
3/7/2025,8:45,242.4
3/7/2025,9:00,244.8
3/7/2025,9:15,260.8
3/7/2025,9:30,278.4
3/7/2025,9:45,283.2
3/7/2025,10:00,253.6
3/7/2025,10:15,244.8
3/7/2025,10:30,239.2
3/7/2025,10:45,283.2
3/7/2025,11:00,247.2
3/7/2025,11:15,240.8
3/7/2025,11:30,243.2
3/7/2025,11:45,259.2
3/7/2025,12:00,245.6
3/7/2025,12:15,242.4
3/7/2025,12:30,224
3/7/2025,12:45,225.6
3/7/2025,13:00,224
3/7/2025,13:15,225.6
3/7/2025,13:30,251.2
3/7/2025,13:45,212
3/7/2025,14:00,214.4
3/7/2025,14:15,210.4
3/7/2025,14:30,200
3/7/2025,14:45,216
3/7/2025,15:00,221.6
3/7/2025,15:15,224.8
3/7/2025,15:30,219.2
3/7/2025,15:45,215.2
3/7/2025,16:00,221.6
3/7/2025,16:15,248
3/7/2025,16:30,255.2
3/7/2025,16:45,211.2
3/7/2025,17:00,208.8
3/7/2025,17:15,236.8
3/7/2025,17:30,264.8
3/7/2025,17:45,223.2
3/7/2025,18:00,243.2
3/7/2025,18:15,234.4
3/7/2025,18:30,240
3/7/2025,18:45,252
3/7/2025,19:00,226.4
3/7/2025,19:15,233.6
3/7/2025,19:30,244
3/7/2025,19:45,245.6
3/7/2025,20:00,239.2
3/7/2025,20:15,216.8
3/7/2025,20:30,228.8
3/7/2025,20:45,232.8
3/7/2025,21:00,228
3/7/2025,21:15,234.4
3/7/2025,21:30,237.6
3/7/2025,21:45,204
3/7/2025,22:00,226.4
3/7/2025,22:15,236.8
3/7/2025,22:30,216.8
3/7/2025,22:45,204
3/7/2025,23:00,183.2
3/7/2025,23:15,162.4
3/7/2025,23:30,167.2
3/7/2025,23:45,188.8
3/8/2025,0:00,235.2
3/8/2025,0:15,208
3/8/2025,0:30,198.4
3/8/2025,0:45,198.4
3/8/2025,1:00,217.6
3/8/2025,1:15,194.4
3/8/2025,1:30,188.8
3/8/2025,1:45,187.2
3/8/2025,2:00,244
3/8/2025,2:15,188.8
3/8/2025,2:30,220
3/8/2025,2:45,201.6
3/8/2025,3:00,207.2
3/8/2025,3:15,212
3/8/2025,3:30,197.6
3/8/2025,3:45,226.4
3/8/2025,4:00,196
3/8/2025,4:15,220
3/8/2025,4:30,227.2
3/8/2025,4:45,187.2
3/8/2025,5:00,192
3/8/2025,5:15,208.8
3/8/2025,5:30,199.2
3/8/2025,5:45,232
3/8/2025,6:00,265.6
3/8/2025,6:15,245.6
3/8/2025,6:30,204.8
3/8/2025,6:45,212
3/8/2025,7:00,246.4
3/8/2025,7:15,242.4
3/8/2025,7:30,221.6
3/8/2025,7:45,217.6
3/8/2025,8:00,236.8
3/8/2025,8:15,231.2
3/8/2025,8:30,245.6
3/8/2025,8:45,256.8
3/8/2025,9:00,256.8
3/8/2025,9:15,252
3/8/2025,9:30,242.4
3/8/2025,9:45,270.4
3/8/2025,10:00,271.2
3/8/2025,10:15,273.6
3/8/2025,10:30,244.8
3/8/2025,10:45,248
3/8/2025,11:00,251.2
3/8/2025,11:15,244
3/8/2025,11:30,286.4
3/8/2025,11:45,252
3/8/2025,12:00,236
3/8/2025,12:15,251.2
3/8/2025,12:30,237.6
3/8/2025,12:45,223.2
3/8/2025,13:00,220.8
3/8/2025,13:15,210.4
3/8/2025,13:30,208.8
3/8/2025,13:45,220
3/8/2025,14:00,202.4
3/8/2025,14:15,212
3/8/2025,14:30,213.6
3/8/2025,14:45,203.2
3/8/2025,15:00,231.2
3/8/2025,15:15,261.6
3/8/2025,15:30,240.8
3/8/2025,15:45,216.8
3/8/2025,16:00,215.2
3/8/2025,16:15,235.2
3/8/2025,16:30,255.2
3/8/2025,16:45,217.6
3/8/2025,17:00,208
3/8/2025,17:15,192.8
3/8/2025,17:30,223.2
3/8/2025,17:45,216.8
3/8/2025,18:00,212.8
3/8/2025,18:15,253.6
3/8/2025,18:30,234.4
3/8/2025,18:45,208.8
3/8/2025,19:00,207.2
3/8/2025,19:15,216
3/8/2025,19:30,216
3/8/2025,19:45,229.6
3/8/2025,20:00,230.4
3/8/2025,20:15,219.2
3/8/2025,20:30,233.6
3/8/2025,20:45,235.2
3/8/2025,21:00,211.2
3/8/2025,21:15,255.2
3/8/2025,21:30,215.2
3/8/2025,21:45,210.4
3/8/2025,22:00,218.4
3/8/2025,22:15,229.6
3/8/2025,22:30,196.8
3/8/2025,22:45,206.4
3/8/2025,23:00,191.2
3/8/2025,23:15,175.2
3/8/2025,23:30,202.4
3/8/2025,23:45,202.4
3/9/2025,0:00,196.8
3/9/2025,0:15,188
3/9/2025,0:30,203.2
3/9/2025,0:45,195.2
3/9/2025,1:00,191.2
3/9/2025,1:15,192.8
3/9/2025,1:30,193.6
3/9/2025,1:45,174.4
3/9/2025,2:00,219.2
3/9/2025,2:15,184.8
3/9/2025,2:30,180.8
3/9/2025,2:45,178.4
3/9/2025,3:00,176.8
3/9/2025,3:15,208
3/9/2025,3:30,208
3/9/2025,3:45,196.8
3/9/2025,4:00,204.8
3/9/2025,4:15,180
3/9/2025,4:30,178.4
3/9/2025,4:45,188
3/9/2025,5:00,202.4
3/9/2025,5:15,187.2
3/9/2025,5:30,185.6
3/9/2025,5:45,216
3/9/2025,6:00,233.6
3/9/2025,6:15,215.2
3/9/2025,6:30,211.2
3/9/2025,6:45,196.8
3/9/2025,7:00,185.6
3/9/2025,7:15,220.8
3/9/2025,7:30,214.4
3/9/2025,7:45,220
3/9/2025,8:00,218.4
3/9/2025,8:15,218.4
3/9/2025,8:30,208.8
3/9/2025,8:45,243.2
3/9/2025,9:00,250.4
3/9/2025,9:15,264.8
3/9/2025,9:30,259.2
3/9/2025,9:45,266.4
3/9/2025,10:00,268
3/9/2025,10:15,240.8
3/9/2025,10:30,246.4
3/9/2025,10:45,226.4
3/9/2025,11:00,259.2
3/9/2025,11:15,250.4
3/9/2025,11:30,276
3/9/2025,11:45,241.6
3/9/2025,12:00,236.8
3/9/2025,12:15,229.6
3/9/2025,12:30,248
3/9/2025,12:45,208
3/9/2025,13:00,206.4
3/9/2025,13:15,206.4
3/9/2025,13:30,215.2
3/9/2025,13:45,225.6
3/9/2025,14:00,200.8
3/9/2025,14:15,196.8
3/9/2025,14:30,212
3/9/2025,14:45,216
3/9/2025,15:00,217.6
3/9/2025,15:15,200
3/9/2025,15:30,185.6
3/9/2025,15:45,213.6
3/9/2025,16:00,214.4
3/9/2025,16:15,230.4
3/9/2025,16:30,245.6
3/9/2025,16:45,224
3/9/2025,17:00,208
3/9/2025,17:15,199.2
3/9/2025,17:30,215.2
3/9/2025,17:45,215.2
3/9/2025,18:00,239.2
3/9/2025,18:15,224
3/9/2025,18:30,225.6
3/9/2025,18:45,235.2
3/9/2025,19:00,208.8
3/9/2025,19:15,222.4
3/9/2025,19:30,210.4
3/9/2025,19:45,214.4
3/9/2025,20:00,228.8
3/9/2025,20:15,220.8
3/9/2025,20:30,224
3/9/2025,20:45,208.8
3/9/2025,21:00,199.2
3/9/2025,21:15,198.4
3/9/2025,21:30,213.6
3/9/2025,21:45,228
3/9/2025,22:00,212
3/9/2025,22:15,223.2
3/9/2025,22:30,204.8
3/9/2025,22:45,196
3/9/2025,23:00,166.4
3/9/2025,23:15,186.4
3/9/2025,23:30,182.4
3/9/2025,23:45,183.2
3/10/2025,0:00,202.4
3/10/2025,0:15,215.2
3/10/2025,0:30,226.4
3/10/2025,0:45,208.8
3/10/2025,1:00,198.4
3/10/2025,1:15,186.4
3/10/2025,1:30,180.8
3/10/2025,1:45,184.8
3/10/2025,2:00,226.4
3/10/2025,2:15,184.8
3/10/2025,2:30,182.4
3/10/2025,2:45,196
3/10/2025,3:00,209.6
3/10/2025,3:15,214.4
3/10/2025,3:30,197.6
3/10/2025,3:45,198.4
3/10/2025,4:00,214.4
3/10/2025,4:15,189.6
3/10/2025,4:30,209.6
3/10/2025,4:45,184
3/10/2025,5:00,174.4
3/10/2025,5:15,172.8
3/10/2025,5:30,205.6
3/10/2025,5:45,231.2
3/10/2025,6:00,230.4
3/10/2025,6:15,202.4
3/10/2025,6:30,202.4
3/10/2025,6:45,217.6
3/10/2025,7:00,228.8
3/10/2025,7:15,223.2
3/10/2025,7:30,206.4
3/10/2025,7:45,193.6
3/10/2025,8:00,215.2
3/10/2025,8:15,208.8
3/10/2025,8:30,236
3/10/2025,8:45,240
3/10/2025,9:00,236.8
3/10/2025,9:15,242.4
3/10/2025,9:30,284
3/10/2025,9:45,285.6
3/10/2025,10:00,246.4
3/10/2025,10:15,229.6
3/10/2025,10:30,238.4
3/10/2025,10:45,218.4
3/10/2025,11:00,232.8
3/10/2025,11:15,229.6
3/10/2025,11:30,236.8
3/10/2025,11:45,223.2
3/10/2025,12:00,223.2
3/10/2025,12:15,207.2
3/10/2025,12:30,208.8
3/10/2025,12:45,211.2
3/10/2025,13:00,215.2
3/10/2025,13:15,195.2
3/10/2025,13:30,217.6
3/10/2025,13:45,251.2
3/10/2025,14:00,236.8
3/10/2025,14:15,218.4
3/10/2025,14:30,202.4
3/10/2025,14:45,237.6
3/10/2025,15:00,246.4
3/10/2025,15:15,214.4
3/10/2025,15:30,203.2
3/10/2025,15:45,207.2
3/10/2025,16:00,204.8
3/10/2025,16:15,225.6
3/10/2025,16:30,228.8
3/10/2025,16:45,211.2
3/10/2025,17:00,224.8
3/10/2025,17:15,233.6
3/10/2025,17:30,236
3/10/2025,17:45,256.8
3/10/2025,18:00,250.4
3/10/2025,18:15,228.8
3/10/2025,18:30,228.8
3/10/2025,18:45,252
3/10/2025,19:00,242.4
3/10/2025,19:15,234.4
3/10/2025,19:30,226.4
3/10/2025,19:45,221.6
3/10/2025,20:00,219.2
3/10/2025,20:15,236.8
3/10/2025,20:30,249.6
3/10/2025,20:45,230.4
3/10/2025,21:00,196
3/10/2025,21:15,203.2
3/10/2025,21:30,199.2
3/10/2025,21:45,193.6
3/10/2025,22:00,197.6
3/10/2025,22:15,177.6
3/10/2025,22:30,196
3/10/2025,22:45,182.4
3/10/2025,23:00,189.6
3/10/2025,23:15,193.6
3/10/2025,23:30,195.2
3/10/2025,23:45,194.4
3/11/2025,0:00,208.8
3/11/2025,0:15,236
3/11/2025,0:30,198.4
3/11/2025,0:45,185.6
3/11/2025,1:00,183.2
3/11/2025,1:15,229.6
3/11/2025,1:30,202.4
3/11/2025,1:45,215.2
3/11/2025,2:00,212
3/11/2025,2:15,184
3/11/2025,2:30,194.4
3/11/2025,2:45,175.2
3/11/2025,3:00,194.4
3/11/2025,3:15,210.4
3/11/2025,3:30,189.6
3/11/2025,3:45,200
3/11/2025,4:00,205.6
3/11/2025,4:15,224
3/11/2025,4:30,186.4
3/11/2025,4:45,178.4
3/11/2025,5:00,189.6
3/11/2025,5:15,196
3/11/2025,5:30,192
3/11/2025,5:45,170.4
3/11/2025,6:00,196.8
3/11/2025,6:15,204
3/11/2025,6:30,195.2
3/11/2025,6:45,160
3/11/2025,7:00,197.6
3/11/2025,7:15,209.6
3/11/2025,7:30,204
3/11/2025,7:45,225.6
3/11/2025,8:00,240
3/11/2025,8:15,277.6
3/11/2025,8:30,244
3/11/2025,8:45,232
3/11/2025,9:00,222.4
3/11/2025,9:15,241.6
3/11/2025,9:30,268.8
3/11/2025,9:45,247.2
3/11/2025,10:00,239.2
3/11/2025,10:15,232
3/11/2025,10:30,228.8
3/11/2025,10:45,256
3/11/2025,11:00,268.8
3/11/2025,11:15,216.8
3/11/2025,11:30,228.8
3/11/2025,11:45,223.2
3/11/2025,12:00,211.2
3/11/2025,12:15,194.4
3/11/2025,12:30,186.4
3/11/2025,12:45,187.2
3/11/2025,13:00,193.6
3/11/2025,13:15,204
3/11/2025,13:30,199.2
3/11/2025,13:45,196
3/11/2025,14:00,220
3/11/2025,14:15,204
3/11/2025,14:30,195.2
3/11/2025,14:45,225.6
3/11/2025,15:00,227.2
3/11/2025,15:15,201.6
3/11/2025,15:30,213.6
3/11/2025,15:45,226.4
3/11/2025,16:00,197.6
3/11/2025,16:15,204.8
3/11/2025,16:30,200
3/11/2025,16:45,180.8
3/11/2025,17:00,203.2
3/11/2025,17:15,202.4
3/11/2025,17:30,228.8
3/11/2025,17:45,225.6
3/11/2025,18:00,208.8
3/11/2025,18:15,208
3/11/2025,18:30,209.6
3/11/2025,18:45,209.6
3/11/2025,19:00,236
3/11/2025,19:15,216.8
3/11/2025,19:30,207.2
3/11/2025,19:45,212
3/11/2025,20:00,208
3/11/2025,20:15,212
3/11/2025,20:30,208
3/11/2025,20:45,215.2
3/11/2025,21:00,211.2
3/11/2025,21:15,225.6
3/11/2025,21:30,252.8
3/11/2025,21:45,202.4
3/11/2025,22:00,234.4
3/11/2025,22:15,204
3/11/2025,22:30,213.6
3/11/2025,22:45,181.6
3/11/2025,23:00,185.6
3/11/2025,23:15,188
3/11/2025,23:30,181.6
3/11/2025,23:45,207.2
3/12/2025,0:00,207.2
3/12/2025,0:15,196.8
3/12/2025,0:30,181.6
3/12/2025,0:45,192
3/12/2025,1:00,181.6
3/12/2025,1:15,172.8
3/12/2025,1:30,199.2
3/12/2025,1:45,184.8
3/12/2025,2:00,212.8
3/12/2025,2:15,174.4
3/12/2025,2:30,191.2
3/12/2025,2:45,188
3/12/2025,3:00,203.2
3/12/2025,3:15,183.2
3/12/2025,3:30,178.4
3/12/2025,3:45,181.6
3/12/2025,4:00,195.2
3/12/2025,4:15,180
3/12/2025,4:30,184
3/12/2025,4:45,178.4
3/12/2025,5:00,202.4
3/12/2025,5:15,194.4
3/12/2025,5:30,196
3/12/2025,5:45,188.8
3/12/2025,6:00,224
3/12/2025,6:15,250.4
3/12/2025,6:30,224.8
3/12/2025,6:45,205.6
3/12/2025,7:00,224
3/12/2025,7:15,207.2
3/12/2025,7:30,205.6
3/12/2025,7:45,229.6
3/12/2025,8:00,192
3/12/2025,8:15,203.2
3/12/2025,8:30,202.4
3/12/2025,8:45,180
3/12/2025,9:00,197.6
3/12/2025,9:15,223.2
3/12/2025,9:30,211.2
3/12/2025,9:45,250.4
3/12/2025,10:00,264.8
3/12/2025,10:15,236.8
3/12/2025,10:30,229.6
3/12/2025,10:45,239.2
3/12/2025,11:00,270.4
3/12/2025,11:15,256.8
3/12/2025,11:30,248.8
3/12/2025,11:45,259.2
3/12/2025,12:00,270.4
3/12/2025,12:15,236
3/12/2025,12:30,235.2
3/12/2025,12:45,243.2
3/12/2025,13:00,241.6
3/12/2025,13:15,221.6
3/12/2025,13:30,232
3/12/2025,13:45,215.2
3/12/2025,14:00,209.6
3/12/2025,14:15,248.8
3/12/2025,14:30,220
3/12/2025,14:45,211.2
3/12/2025,15:00,215.2
3/12/2025,15:15,234.4
3/12/2025,15:30,219.2
3/12/2025,15:45,249.6
3/12/2025,16:00,237.6
3/12/2025,16:15,244
3/12/2025,16:30,255.2
3/12/2025,16:45,229.6
3/12/2025,17:00,208.8
3/12/2025,17:15,208.8
3/12/2025,17:30,232
3/12/2025,17:45,244.8
3/12/2025,18:00,231.2
3/12/2025,18:15,228.8
3/12/2025,18:30,270.4
3/12/2025,18:45,215.2
3/12/2025,19:00,222.4
3/12/2025,19:15,221.6
3/12/2025,19:30,221.6
3/12/2025,19:45,249.6
3/12/2025,20:00,250.4
3/12/2025,20:15,232
3/12/2025,20:30,189.6
3/12/2025,20:45,208
3/12/2025,21:00,191.2
3/12/2025,21:15,191.2
3/12/2025,21:30,192
3/12/2025,21:45,187.2
3/12/2025,22:00,209.6
3/12/2025,22:15,203.2
3/12/2025,22:30,228.8
3/12/2025,22:45,212.8
3/12/2025,23:00,193.6
3/12/2025,23:15,192
3/12/2025,23:30,209.6
3/12/2025,23:45,224
3/13/2025,0:00,205.6
3/13/2025,0:15,180
3/13/2025,0:30,188.8
3/13/2025,0:45,194.4
3/13/2025,1:00,190.4
3/13/2025,1:15,188.8
3/13/2025,1:30,198.4
3/13/2025,1:45,196.8
3/13/2025,2:00,191.2
3/13/2025,2:15,191.2
3/13/2025,2:30,210.4
3/13/2025,2:45,190.4
3/13/2025,3:00,207.2
3/13/2025,3:15,211.2
3/13/2025,3:30,195.2
3/13/2025,3:45,212.8
3/13/2025,4:00,177.6
3/13/2025,4:15,169.6
3/13/2025,4:30,168.8
3/13/2025,4:45,192
3/13/2025,5:00,192.8
3/13/2025,5:15,194.4
3/13/2025,5:30,199.2
3/13/2025,5:45,201.6
3/13/2025,6:00,198.4
3/13/2025,6:15,238.4
3/13/2025,6:30,216.8
3/13/2025,6:45,206.4
3/13/2025,7:00,216
3/13/2025,7:15,204.8
3/13/2025,7:30,210.4
3/13/2025,7:45,210.4
3/13/2025,8:00,216.8
3/13/2025,8:15,228
3/13/2025,8:30,222.4
3/13/2025,8:45,238.4
3/13/2025,9:00,232
3/13/2025,9:15,234.4
3/13/2025,9:30,249.6
3/13/2025,9:45,240.8
3/13/2025,10:00,260
3/13/2025,10:15,275.2
3/13/2025,10:30,248
3/13/2025,10:45,272
3/13/2025,11:00,239.2
3/13/2025,11:15,206.4
3/13/2025,11:30,204
3/13/2025,11:45,207.2
3/13/2025,12:00,200.8
3/13/2025,12:15,196.8
3/13/2025,12:30,185.6
3/13/2025,12:45,224
3/13/2025,13:00,238.4
3/13/2025,13:15,212.8
3/13/2025,13:30,210.4
3/13/2025,13:45,216
3/13/2025,14:00,220
3/13/2025,14:15,236.8
3/13/2025,14:30,201.6
3/13/2025,14:45,219.2
3/13/2025,15:00,225.6
3/13/2025,15:15,204
3/13/2025,15:30,200
3/13/2025,15:45,222.4
3/13/2025,16:00,206.4
3/13/2025,16:15,234.4
3/13/2025,16:30,242.4
3/13/2025,16:45,271.2
3/13/2025,17:00,237.6
3/13/2025,17:15,228
3/13/2025,17:30,274.4
3/13/2025,17:45,228
3/13/2025,18:00,232
3/13/2025,18:15,259.2
3/13/2025,18:30,223.2
3/13/2025,18:45,226.4
3/13/2025,19:00,212.8
3/13/2025,19:15,252
3/13/2025,19:30,224
3/13/2025,19:45,193.6
3/13/2025,20:00,206.4
3/13/2025,20:15,187.2
3/13/2025,20:30,197.6
3/13/2025,20:45,242.4
3/13/2025,21:00,217.6
3/13/2025,21:15,218.4
3/13/2025,21:30,210.4
3/13/2025,21:45,226.4
3/13/2025,22:00,200.8
3/13/2025,22:15,232.8
3/13/2025,22:30,196
3/13/2025,22:45,191.2
3/13/2025,23:00,229.6
3/13/2025,23:15,177.6
3/13/2025,23:30,199.2
3/13/2025,23:45,200.8
3/14/2025,0:00,189.6
3/14/2025,0:15,204.8
3/14/2025,0:30,192
3/14/2025,0:45,216
3/14/2025,1:00,186.4
3/14/2025,1:15,179.2
3/14/2025,1:30,193.6
3/14/2025,1:45,178.4
3/14/2025,2:00,190.4
3/14/2025,2:15,222.4
3/14/2025,2:30,207.2
3/14/2025,2:45,184.8
3/14/2025,3:00,180.8
3/14/2025,3:15,195.2
3/14/2025,3:30,200.8
3/14/2025,3:45,182.4
3/14/2025,4:00,176.8
3/14/2025,4:15,183.2
3/14/2025,4:30,176.8
3/14/2025,4:45,192
3/14/2025,5:00,182.4
3/14/2025,5:15,194.4
3/14/2025,5:30,198.4
3/14/2025,5:45,184
3/14/2025,6:00,216.8
3/14/2025,6:15,216.8
3/14/2025,6:30,182.4
3/14/2025,6:45,190.4
3/14/2025,7:00,202.4
3/14/2025,7:15,220.8
3/14/2025,7:30,229.6
3/14/2025,7:45,210.4
3/14/2025,8:00,232.8
3/14/2025,8:15,204.8
3/14/2025,8:30,200.8
3/14/2025,8:45,216
3/14/2025,9:00,214.4
3/14/2025,9:15,236
3/14/2025,9:30,245.6
3/14/2025,9:45,240.8
3/14/2025,10:00,276
3/14/2025,10:15,264.8
3/14/2025,10:30,231.2
3/14/2025,10:45,226.4
3/14/2025,11:00,242.4
3/14/2025,11:15,267.2
3/14/2025,11:30,252.8
3/14/2025,11:45,224
3/14/2025,12:00,212.8
3/14/2025,12:15,204.8
3/14/2025,12:30,202.4
3/14/2025,12:45,216.8
3/14/2025,13:00,216.8
3/14/2025,13:15,218.4
3/14/2025,13:30,204
3/14/2025,13:45,208
3/14/2025,14:00,197.6
3/14/2025,14:15,217.6
3/14/2025,14:30,218.4
3/14/2025,14:45,222.4
3/14/2025,15:00,209.6
3/14/2025,15:15,255.2
3/14/2025,15:30,233.6
3/14/2025,15:45,236
3/14/2025,16:00,231.2
3/14/2025,16:15,245.6
3/14/2025,16:30,239.2
3/14/2025,16:45,220.8
3/14/2025,17:00,239.2
3/14/2025,17:15,200
3/14/2025,17:30,220.8
3/14/2025,17:45,252.8
3/14/2025,18:00,257.6
3/14/2025,18:15,240
3/14/2025,18:30,225.6
3/14/2025,18:45,241.6
3/14/2025,19:00,220.8
3/14/2025,19:15,212.8
3/14/2025,19:30,221.6
3/14/2025,19:45,239.2
3/14/2025,20:00,229.6
3/14/2025,20:15,214.4
3/14/2025,20:30,224.8
3/14/2025,20:45,236
3/14/2025,21:00,188.8
3/14/2025,21:15,184
3/14/2025,21:30,179.2
3/14/2025,21:45,176
3/14/2025,22:00,178.4
3/14/2025,22:15,230.4
3/14/2025,22:30,207.2
3/14/2025,22:45,186.4
3/14/2025,23:00,176
3/14/2025,23:15,186.4
3/14/2025,23:30,204
3/14/2025,23:45,195.2
3/15/2025,0:00,263.2
3/15/2025,0:15,188.8
3/15/2025,0:30,190.4
3/15/2025,0:45,189.6
3/15/2025,1:00,212
3/15/2025,1:15,188
3/15/2025,1:30,188
3/15/2025,1:45,180
3/15/2025,2:00,235.2
3/15/2025,2:15,226.4
3/15/2025,2:30,182.4
3/15/2025,2:45,182.4
3/15/2025,3:00,175.2
3/15/2025,3:15,196.8
3/15/2025,3:30,189.6
3/15/2025,3:45,198.4
3/15/2025,4:00,219.2
3/15/2025,4:15,185.6
3/15/2025,4:30,181.6
3/15/2025,4:45,215.2
3/15/2025,5:00,201.6
3/15/2025,5:15,198.4
3/15/2025,5:30,161.6
3/15/2025,5:45,155.2
3/15/2025,6:00,168.8
3/15/2025,6:15,224
3/15/2025,6:30,199.2
3/15/2025,6:45,192
3/15/2025,7:00,241.6
3/15/2025,7:15,189.6
3/15/2025,7:30,220
3/15/2025,7:45,214.4
3/15/2025,8:00,247.2
3/15/2025,8:15,278.4
3/15/2025,8:30,268.8
3/15/2025,8:45,224.8
3/15/2025,9:00,259.2
3/15/2025,9:15,244.8
3/15/2025,9:30,270.4
3/15/2025,9:45,262.4
3/15/2025,10:00,264
3/15/2025,10:15,266.4
3/15/2025,10:30,263.2
3/15/2025,10:45,257.6
3/15/2025,11:00,246.4
3/15/2025,11:15,283.2
3/15/2025,11:30,242.4
3/15/2025,11:45,265.6
3/15/2025,12:00,232.8
3/15/2025,12:15,303.2
3/15/2025,12:30,278.4
3/15/2025,12:45,280.8
3/15/2025,13:00,223.2
3/15/2025,13:15,232
3/15/2025,13:30,248
3/15/2025,13:45,236
3/15/2025,14:00,200.8
3/15/2025,14:15,220.8
3/15/2025,14:30,221.6
3/15/2025,14:45,235.2
3/15/2025,15:00,244
3/15/2025,15:15,234.4
3/15/2025,15:30,241.6
3/15/2025,15:45,284
3/15/2025,16:00,234.4
3/15/2025,16:15,264
3/15/2025,16:30,246.4
3/15/2025,16:45,251.2
3/15/2025,17:00,262.4
3/15/2025,17:15,249.6
3/15/2025,17:30,242.4
3/15/2025,17:45,240.8
3/15/2025,18:00,256
3/15/2025,18:15,228.8
3/15/2025,18:30,259.2
3/15/2025,18:45,255.2
3/15/2025,19:00,241.6
3/15/2025,19:15,251.2
3/15/2025,19:30,237.6
3/15/2025,19:45,260
3/15/2025,20:00,225.6
3/15/2025,20:15,220.8
3/15/2025,20:30,219.2
3/15/2025,20:45,212.8
3/15/2025,21:00,221.6
3/15/2025,21:15,224.8
3/15/2025,21:30,221.6
3/15/2025,21:45,220.8
3/15/2025,22:00,231.2
3/15/2025,22:15,251.2
3/15/2025,22:30,191.2
3/15/2025,22:45,202.4
3/15/2025,23:00,204.8
3/15/2025,23:15,193.6
3/15/2025,23:30,218.4
3/15/2025,23:45,200
3/16/2025,0:00,202.4
3/16/2025,0:15,199.2
3/16/2025,0:30,192
3/16/2025,0:45,217.6
3/16/2025,1:00,208.8
3/16/2025,1:15,186.4
3/16/2025,1:30,192.8
3/16/2025,1:45,188.8
3/16/2025,2:00,182.4
3/16/2025,2:15,225.6
3/16/2025,2:30,193.6
3/16/2025,2:45,208.8
3/16/2025,3:00,199.2
3/16/2025,3:15,188
3/16/2025,3:30,201.6
3/16/2025,3:45,200
3/16/2025,4:00,196.8
3/16/2025,4:15,193.6
3/16/2025,4:30,203.2
3/16/2025,4:45,185.6
3/16/2025,5:00,221.6
3/16/2025,5:15,192
3/16/2025,5:30,194.4
3/16/2025,5:45,204.8
3/16/2025,6:00,232.8
3/16/2025,6:15,240.8
3/16/2025,6:30,225.6
3/16/2025,6:45,244
3/16/2025,7:00,215.2
3/16/2025,7:15,210.4
3/16/2025,7:30,232.8
3/16/2025,7:45,255.2
3/16/2025,8:00,204
3/16/2025,8:15,236
3/16/2025,8:30,239.2
3/16/2025,8:45,238.4
3/16/2025,9:00,244
3/16/2025,9:15,252.8
3/16/2025,9:30,272
3/16/2025,9:45,252
3/16/2025,10:00,258.4
3/16/2025,10:15,256.8
3/16/2025,10:30,265.6
3/16/2025,10:45,256
3/16/2025,11:00,268
3/16/2025,11:15,249.6
3/16/2025,11:30,295.2
3/16/2025,11:45,283.2
3/16/2025,12:00,300.8
3/16/2025,12:15,308.8
3/16/2025,12:30,263.2
3/16/2025,12:45,277.6
3/16/2025,13:00,268
3/16/2025,13:15,228.8
3/16/2025,13:30,261.6
3/16/2025,13:45,248.8
3/16/2025,14:00,235.2
3/16/2025,14:15,222.4
3/16/2025,14:30,255.2
3/16/2025,14:45,231.2
3/16/2025,15:00,234.4
3/16/2025,15:15,234.4
3/16/2025,15:30,210.4
3/16/2025,15:45,215.2
3/16/2025,16:00,244
3/16/2025,16:15,241.6
3/16/2025,16:30,248.8
3/16/2025,16:45,244
3/16/2025,17:00,257.6
3/16/2025,17:15,254.4
3/16/2025,17:30,232
3/16/2025,17:45,231.2
3/16/2025,18:00,208.8
3/16/2025,18:15,233.6
3/16/2025,18:30,216
3/16/2025,18:45,231.2
3/16/2025,19:00,228
3/16/2025,19:15,225.6
3/16/2025,19:30,233.6
3/16/2025,19:45,212
3/16/2025,20:00,218.4
3/16/2025,20:15,235.2
3/16/2025,20:30,227.2
3/16/2025,20:45,220
3/16/2025,21:00,231.2
3/16/2025,21:15,253.6
3/16/2025,21:30,223.2
3/16/2025,21:45,249.6
3/16/2025,22:00,216.8
3/16/2025,22:15,251.2
3/16/2025,22:30,229.6
3/16/2025,22:45,238.4
3/16/2025,23:00,182.4
3/16/2025,23:15,176.8
3/16/2025,23:30,192
3/16/2025,23:45,195.2
3/17/2025,0:00,188
3/17/2025,0:15,228
3/17/2025,0:30,216
3/17/2025,0:45,228
3/17/2025,1:00,203.2
3/17/2025,1:15,222.4
3/17/2025,1:30,208.8
3/17/2025,1:45,213.6
3/17/2025,2:00,210.4
3/17/2025,2:15,223.2
3/17/2025,2:30,197.6
3/17/2025,2:45,213.6
3/17/2025,3:00,205.6
3/17/2025,3:15,176.8
3/17/2025,3:30,242.4
3/17/2025,3:45,223.2
3/17/2025,4:00,209.6
3/17/2025,4:15,194.4
3/17/2025,4:30,221.6
3/17/2025,4:45,214.4
3/17/2025,5:00,196.8
3/17/2025,5:15,208
3/17/2025,5:30,204.8
3/17/2025,5:45,242.4
3/17/2025,6:00,243.2
3/17/2025,6:15,236
3/17/2025,6:30,236
3/17/2025,6:45,202.4
3/17/2025,7:00,208.8
3/17/2025,7:15,244.8
3/17/2025,7:30,216.8
3/17/2025,7:45,226.4
3/17/2025,8:00,245.6
3/17/2025,8:15,245.6
3/17/2025,8:30,272
3/17/2025,8:45,282.4
3/17/2025,9:00,286.4
3/17/2025,9:15,286.4
3/17/2025,9:30,268.8
3/17/2025,9:45,264
3/17/2025,10:00,264
3/17/2025,10:15,266.4
3/17/2025,10:30,264
3/17/2025,10:45,233.6
3/17/2025,11:00,232
3/17/2025,11:15,270.4
3/17/2025,11:30,273.6
3/17/2025,11:45,248.8
3/17/2025,12:00,232.8
3/17/2025,12:15,225.6
3/17/2025,12:30,236
3/17/2025,12:45,237.6
3/17/2025,13:00,238.4
3/17/2025,13:15,240
3/17/2025,13:30,247.2
3/17/2025,13:45,230.4
3/17/2025,14:00,228
3/17/2025,14:15,261.6
3/17/2025,14:30,237.6
3/17/2025,14:45,222.4
3/17/2025,15:00,212
3/17/2025,15:15,230.4
3/17/2025,15:30,246.4
3/17/2025,15:45,220
3/17/2025,16:00,258.4
3/17/2025,16:15,263.2
3/17/2025,16:30,252
3/17/2025,16:45,228.8
3/17/2025,17:00,260
3/17/2025,17:15,228.8
3/17/2025,17:30,238.4
3/17/2025,17:45,241.6
3/17/2025,18:00,256.8
3/17/2025,18:15,228.8
3/17/2025,18:30,234.4
3/17/2025,18:45,234.4
3/17/2025,19:00,240.8
3/17/2025,19:15,239.2
3/17/2025,19:30,235.2
3/17/2025,19:45,240
3/17/2025,20:00,252
3/17/2025,20:15,241.6
3/17/2025,20:30,257.6
3/17/2025,20:45,244
3/17/2025,21:00,224.8
3/17/2025,21:15,225.6
3/17/2025,21:30,232.8
3/17/2025,21:45,222.4
3/17/2025,22:00,252
3/17/2025,22:15,208.8
3/17/2025,22:30,200.8
3/17/2025,22:45,184
3/17/2025,23:00,187.2
3/17/2025,23:15,177.6
3/17/2025,23:30,184.8
3/17/2025,23:45,180.8
3/18/2025,0:00,185.6
3/18/2025,0:15,200
3/18/2025,0:30,177.6
3/18/2025,0:45,185.6
3/18/2025,1:00,192.8
3/18/2025,1:15,191.2
3/18/2025,1:30,173.6
3/18/2025,1:45,196
3/18/2025,2:00,217.6
3/18/2025,2:15,204
3/18/2025,2:30,205.6
3/18/2025,2:45,196.8
3/18/2025,3:00,204
3/18/2025,3:15,198.4
3/18/2025,3:30,200
3/18/2025,3:45,184.8
3/18/2025,4:00,184
3/18/2025,4:15,188.8
3/18/2025,4:30,214.4
3/18/2025,4:45,224.8
3/18/2025,5:00,192.8
3/18/2025,5:15,204
3/18/2025,5:30,204
3/18/2025,5:45,192.8
3/18/2025,6:00,219.2
3/18/2025,6:15,244
3/18/2025,6:30,260.8
3/18/2025,6:45,212.8
3/18/2025,7:00,199.2
3/18/2025,7:15,206.4
3/18/2025,7:30,244
3/18/2025,7:45,239.2
3/18/2025,8:00,234.4
3/18/2025,8:15,212
3/18/2025,8:30,253.6
3/18/2025,8:45,275.2
3/18/2025,9:00,266.4
3/18/2025,9:15,237.6
3/18/2025,9:30,249.6
3/18/2025,9:45,256.8
3/18/2025,10:00,236
3/18/2025,10:15,299.2
3/18/2025,10:30,280.8
3/18/2025,10:45,254.4
3/18/2025,11:00,250.4
3/18/2025,11:15,252.8
3/18/2025,11:30,248.8
3/18/2025,11:45,233.6
3/18/2025,12:00,224.8
3/18/2025,12:15,264.8
3/18/2025,12:30,226.4
3/18/2025,12:45,212.8
3/18/2025,13:00,227.2
3/18/2025,13:15,189.6
3/18/2025,13:30,215.2
3/18/2025,13:45,211.2
3/18/2025,14:00,228
3/18/2025,14:15,210.4
3/18/2025,14:30,204.8
3/18/2025,14:45,214.4
3/18/2025,15:00,204
3/18/2025,15:15,190.4
3/18/2025,15:30,223.2
3/18/2025,15:45,204.8
3/18/2025,16:00,210.4
3/18/2025,16:15,285.6
3/18/2025,16:30,228
3/18/2025,16:45,248.8
3/18/2025,17:00,252
3/18/2025,17:15,209.6
3/18/2025,17:30,225.6
3/18/2025,17:45,218.4
3/18/2025,18:00,234.4
3/18/2025,18:15,219.2
3/18/2025,18:30,202.4
3/18/2025,18:45,234.4
3/18/2025,19:00,211.2
3/18/2025,19:15,195.2
3/18/2025,19:30,204.8
3/18/2025,19:45,246.4
3/18/2025,20:00,220.8
3/18/2025,20:15,220.8
3/18/2025,20:30,216.8
3/18/2025,20:45,216
3/18/2025,21:00,212.8
3/18/2025,21:15,208
3/18/2025,21:30,199.2
3/18/2025,21:45,208
3/18/2025,22:00,192
3/18/2025,22:15,228
3/18/2025,22:30,193.6
3/18/2025,22:45,207.2
3/18/2025,23:00,217.6
3/18/2025,23:15,192.8
3/18/2025,23:30,238.4
3/18/2025,23:45,192
3/19/2025,0:00,212
3/19/2025,0:15,204
3/19/2025,0:30,200.8
3/19/2025,0:45,206.4
3/19/2025,1:00,219.2
3/19/2025,1:15,204.8
3/19/2025,1:30,224.8
3/19/2025,1:45,200.8
3/19/2025,2:00,176
3/19/2025,2:15,190.4
3/19/2025,2:30,193.6
3/19/2025,2:45,188.8
3/19/2025,3:00,195.2
3/19/2025,3:15,188.8
3/19/2025,3:30,221.6
3/19/2025,3:45,199.2
3/19/2025,4:00,207.2
3/19/2025,4:15,226.4
3/19/2025,4:30,204
3/19/2025,4:45,201.6
3/19/2025,5:00,196
3/19/2025,5:15,222.4
3/19/2025,5:30,195.2
3/19/2025,5:45,215.2
3/19/2025,6:00,213.6
3/19/2025,6:15,224.8
3/19/2025,6:30,219.2
3/19/2025,6:45,205.6
3/19/2025,7:00,220.8
3/19/2025,7:15,228
3/19/2025,7:30,227.2
3/19/2025,7:45,217.6
3/19/2025,8:00,234.4
3/19/2025,8:15,272
3/19/2025,8:30,236.8
3/19/2025,8:45,238.4
3/19/2025,9:00,236
3/19/2025,9:15,251.2
3/19/2025,9:30,306.4
3/19/2025,9:45,280
3/19/2025,10:00,244
3/19/2025,10:15,257.6
3/19/2025,10:30,252.8
3/19/2025,10:45,292.8
3/19/2025,11:00,182.4
3/19/2025,11:15,180
3/19/2025,11:30,188.8
3/19/2025,11:45,189.6
3/19/2025,12:00,196.8
3/19/2025,12:15,188
3/19/2025,12:30,194.4
3/19/2025,12:45,185.6
3/19/2025,13:00,179.2
3/19/2025,13:15,189.6
3/19/2025,13:30,195.2
3/19/2025,13:45,182.4
3/19/2025,14:00,188
3/19/2025,14:15,195.2
3/19/2025,14:30,189.6
3/19/2025,14:45,193.6
3/19/2025,15:00,196
3/19/2025,15:15,186.4
3/19/2025,15:30,202.4
3/19/2025,15:45,196.8
3/19/2025,16:00,204
3/19/2025,16:15,218.4
3/19/2025,16:30,212
3/19/2025,16:45,214.4
3/19/2025,17:00,184.8
3/19/2025,17:15,184.8
3/19/2025,17:30,207.2
3/19/2025,17:45,202.4
3/19/2025,18:00,185.6
3/19/2025,18:15,184.8
3/19/2025,18:30,196
3/19/2025,18:45,180
3/19/2025,19:00,188.8
3/19/2025,19:15,177.6
3/19/2025,19:30,178.4
3/19/2025,19:45,196.8
3/19/2025,20:00,176
3/19/2025,20:15,180
3/19/2025,20:30,177.6
3/19/2025,20:45,181.6
3/19/2025,21:00,209.6
3/19/2025,21:15,196
3/19/2025,21:30,172.8
3/19/2025,21:45,179.2
3/19/2025,22:00,188
3/19/2025,22:15,194.4
3/19/2025,22:30,160
3/19/2025,22:45,156.8
3/19/2025,23:00,156.8
3/19/2025,23:15,160
3/19/2025,23:30,158.4
3/19/2025,23:45,155.2
3/20/2025,0:00,156.8
3/20/2025,0:15,152.8
3/20/2025,0:30,157.6
3/20/2025,0:45,150.4
3/20/2025,1:00,168
3/20/2025,1:15,152.8
3/20/2025,1:30,153.6
3/20/2025,1:45,158.4
3/20/2025,2:00,158.4
3/20/2025,2:15,154.4
3/20/2025,2:30,160
3/20/2025,2:45,152
3/20/2025,3:00,156.8
3/20/2025,3:15,152.8
3/20/2025,3:30,155.2
3/20/2025,3:45,158.4
3/20/2025,4:00,152
3/20/2025,4:15,159.2
3/20/2025,4:30,152
3/20/2025,4:45,169.6
3/20/2025,5:00,164.8
3/20/2025,5:15,168.8
3/20/2025,5:30,152
3/20/2025,5:45,162.4
3/20/2025,6:00,170.4
3/20/2025,6:15,180.8
3/20/2025,6:30,177.6
3/20/2025,6:45,173.6
3/20/2025,7:00,176
3/20/2025,7:15,174.4
3/20/2025,7:30,181.6
3/20/2025,7:45,193.6
3/20/2025,8:00,200
3/20/2025,8:15,192.8
3/20/2025,8:30,202.4
3/20/2025,8:45,204.8
3/20/2025,9:00,218.4
3/20/2025,9:15,197.6
3/20/2025,9:30,235.2
3/20/2025,9:45,234.4
3/20/2025,10:00,248.8
3/20/2025,10:15,240.8
3/20/2025,10:30,213.6
3/20/2025,10:45,219.2
3/20/2025,11:00,236
3/20/2025,11:15,208
3/20/2025,11:30,211.2
3/20/2025,11:45,208.8
3/20/2025,12:00,215.2
3/20/2025,12:15,211.2
3/20/2025,12:30,204
3/20/2025,12:45,200.8
3/20/2025,13:00,196
3/20/2025,13:15,203.2
3/20/2025,13:30,184
3/20/2025,13:45,180.8
3/20/2025,14:00,176.8
3/20/2025,14:15,189.6
3/20/2025,14:30,206.4
3/20/2025,14:45,198.4
3/20/2025,15:00,161.6
3/20/2025,15:15,156.8
3/20/2025,15:30,151.2
3/20/2025,15:45,165.6
3/20/2025,16:00,154.4
3/20/2025,16:15,199.2
3/20/2025,16:30,211.2
3/20/2025,16:45,193.6
3/20/2025,17:00,189.6
3/20/2025,17:15,196.8
3/20/2025,17:30,216.8
3/20/2025,17:45,200.8
3/20/2025,18:00,191.2
3/20/2025,18:15,187.2
3/20/2025,18:30,190.4
3/20/2025,18:45,188.8
3/20/2025,19:00,206.4
3/20/2025,19:15,188.8
3/20/2025,19:30,186.4
3/20/2025,19:45,197.6
3/20/2025,20:00,186.4
3/20/2025,20:15,202.4
3/20/2025,20:30,208
3/20/2025,20:45,193.6
3/20/2025,21:00,187.2
3/20/2025,21:15,193.6
3/20/2025,21:30,206.4
3/20/2025,21:45,198.4
3/20/2025,22:00,185.6
3/20/2025,22:15,193.6
3/20/2025,22:30,166.4
3/20/2025,22:45,164.8
3/20/2025,23:00,163.2
3/20/2025,23:15,168
3/20/2025,23:30,163.2
3/20/2025,23:45,160
3/21/2025,0:00,162.4
3/21/2025,0:15,156.8
3/21/2025,0:30,188
3/21/2025,0:45,158.4
3/21/2025,1:00,163.2
3/21/2025,1:15,157.6
3/21/2025,1:30,158.4
3/21/2025,1:45,172
3/21/2025,2:00,162.4
3/21/2025,2:15,157.6
3/21/2025,2:30,159.2
3/21/2025,2:45,156.8
3/21/2025,3:00,169.6
3/21/2025,3:15,156
3/21/2025,3:30,159.2
3/21/2025,3:45,155.2
3/21/2025,4:00,156.8
3/21/2025,4:15,156.8
3/21/2025,4:30,158.4
3/21/2025,4:45,163.2
3/21/2025,5:00,168.8
3/21/2025,5:15,159.2
3/21/2025,5:30,148
3/21/2025,5:45,187.2
3/21/2025,6:00,174.4
3/21/2025,6:15,185.6
3/21/2025,6:30,180
3/21/2025,6:45,165.6
3/21/2025,7:00,183.2
3/21/2025,7:15,194.4
3/21/2025,7:30,182.4
3/21/2025,7:45,189.6
3/21/2025,8:00,198.4
3/21/2025,8:15,211.2
3/21/2025,8:30,202.4
3/21/2025,8:45,232.8
3/21/2025,9:00,246.4
3/21/2025,9:15,241.6
3/21/2025,9:30,252
3/21/2025,9:45,247.2
3/21/2025,10:00,260
3/21/2025,10:15,241.6
3/21/2025,10:30,247.2
3/21/2025,10:45,242.4
3/21/2025,11:00,228.8
3/21/2025,11:15,216
3/21/2025,11:30,236
3/21/2025,11:45,219.2
3/21/2025,12:00,209.6
3/21/2025,12:15,216.8
3/21/2025,12:30,200.8
3/21/2025,12:45,221.6
3/21/2025,13:00,225.6
3/21/2025,13:15,175.2
3/21/2025,13:30,172
3/21/2025,13:45,192.8
3/21/2025,14:00,189.6
3/21/2025,14:15,169.6
3/21/2025,14:30,198.4
3/21/2025,14:45,182.4
3/21/2025,15:00,176.8
3/21/2025,15:15,181.6
3/21/2025,15:30,184.8
3/21/2025,15:45,194.4
3/21/2025,16:00,191.2
3/21/2025,16:15,209.6
3/21/2025,16:30,215.2
3/21/2025,16:45,200
3/21/2025,17:00,186.4
3/21/2025,17:15,156.8
3/21/2025,17:30,177.6
3/21/2025,17:45,180.8
3/21/2025,18:00,189.6
3/21/2025,18:15,189.6
3/21/2025,18:30,199.2
3/21/2025,18:45,183.2
3/21/2025,19:00,193.6
3/21/2025,19:15,184.8
3/21/2025,19:30,189.6
3/21/2025,19:45,202.4
3/21/2025,20:00,196.8
3/21/2025,20:15,192
3/21/2025,20:30,204
3/21/2025,20:45,195.2
3/21/2025,21:00,186.4
3/21/2025,21:15,180.8
3/21/2025,21:30,157.6
3/21/2025,21:45,164
3/21/2025,22:00,165.6
3/21/2025,22:15,164.8
3/21/2025,22:30,170.4
3/21/2025,22:45,185.6
3/21/2025,23:00,171.2
3/21/2025,23:15,157.6
3/21/2025,23:30,168
3/21/2025,23:45,162.4
3/22/2025,0:00,165.6
3/22/2025,0:15,160
3/22/2025,0:30,164
3/22/2025,0:45,183.2
3/22/2025,1:00,164
3/22/2025,1:15,163.2
3/22/2025,1:30,168
3/22/2025,1:45,177.6
3/22/2025,2:00,159.2
3/22/2025,2:15,170.4
3/22/2025,2:30,160.8
3/22/2025,2:45,168
3/22/2025,3:00,160
3/22/2025,3:15,163.2
3/22/2025,3:30,160
3/22/2025,3:45,160
3/22/2025,4:00,161.6
3/22/2025,4:15,160.8
3/22/2025,4:30,164
3/22/2025,4:45,164.8
3/22/2025,5:00,164
3/22/2025,5:15,178.4
3/22/2025,5:30,159.2
3/22/2025,5:45,164
3/22/2025,6:00,177.6
3/22/2025,6:15,184
3/22/2025,6:30,185.6
3/22/2025,6:45,173.6
3/22/2025,7:00,168.8
3/22/2025,7:15,171.2
3/22/2025,7:30,174.4
3/22/2025,7:45,195.2
3/22/2025,8:00,258.4
3/22/2025,8:15,215.2
3/22/2025,8:30,226.4
3/22/2025,8:45,220.8
3/22/2025,9:00,226.4
3/22/2025,9:15,236.8
3/22/2025,9:30,240
3/22/2025,9:45,232
3/22/2025,10:00,248
3/22/2025,10:15,229.6
3/22/2025,10:30,232.8
3/22/2025,10:45,226.4
3/22/2025,11:00,222.4
3/22/2025,11:15,230.4
3/22/2025,11:30,228
3/22/2025,11:45,233.6
3/22/2025,12:00,203.2
3/22/2025,12:15,219.2
3/22/2025,12:30,199.2
3/22/2025,12:45,200.8
3/22/2025,13:00,200
3/22/2025,13:15,199.2
3/22/2025,13:30,193.6
3/22/2025,13:45,193.6
3/22/2025,14:00,188.8
3/22/2025,14:15,212
3/22/2025,14:30,192.8
3/22/2025,14:45,166.4
3/22/2025,15:00,179.2
3/22/2025,15:15,167.2
3/22/2025,15:30,200
3/22/2025,15:45,184
3/22/2025,16:00,215.2
3/22/2025,16:15,245.6
3/22/2025,16:30,224
3/22/2025,16:45,226.4
3/22/2025,17:00,229.6
3/22/2025,17:15,202.4
3/22/2025,17:30,196
3/22/2025,17:45,183.2
3/22/2025,18:00,192
3/22/2025,18:15,208.8
3/22/2025,18:30,178.4
3/22/2025,18:45,176.8
3/22/2025,19:00,172
3/22/2025,19:15,193.6
3/22/2025,19:30,173.6
3/22/2025,19:45,202.4
3/22/2025,20:00,212.8
3/22/2025,20:15,216.8
3/22/2025,20:30,196.8
3/22/2025,20:45,206.4
3/22/2025,21:00,192
3/22/2025,21:15,234.4
3/22/2025,21:30,200.8
3/22/2025,21:45,207.2
3/22/2025,22:00,205.6
3/22/2025,22:15,200.8
3/22/2025,22:30,180
3/22/2025,22:45,188.8
3/22/2025,23:00,190.4
3/22/2025,23:15,182.4
3/22/2025,23:30,158.4
3/22/2025,23:45,145.6
3/23/2025,0:00,168.8
3/23/2025,0:15,201.6
3/23/2025,0:30,181.6
3/23/2025,0:45,189.6
3/23/2025,1:00,179.2
3/23/2025,1:15,181.6
3/23/2025,1:30,182.4
3/23/2025,1:45,179.2
3/23/2025,2:00,179.2
3/23/2025,2:15,184.8
3/23/2025,2:30,175.2
3/23/2025,2:45,182.4
3/23/2025,3:00,176
3/23/2025,3:15,185.6
3/23/2025,3:30,184
3/23/2025,3:45,179.2
3/23/2025,4:00,175.2
3/23/2025,4:15,157.6
3/23/2025,4:30,150.4
3/23/2025,4:45,157.6
3/23/2025,5:00,147.2
3/23/2025,5:15,188.8
3/23/2025,5:30,176
3/23/2025,5:45,209.6
3/23/2025,6:00,194.4
3/23/2025,6:15,232
3/23/2025,6:30,237.6
3/23/2025,6:45,211.2
3/23/2025,7:00,192
3/23/2025,7:15,188
3/23/2025,7:30,199.2
3/23/2025,7:45,212
3/23/2025,8:00,209.6
3/23/2025,8:15,232
3/23/2025,8:30,223.2
3/23/2025,8:45,216.8
3/23/2025,9:00,267.2
3/23/2025,9:15,226.4
3/23/2025,9:30,224.8
3/23/2025,9:45,198.4
3/23/2025,10:00,208.8
3/23/2025,10:15,192
3/23/2025,10:30,204
3/23/2025,10:45,236.8
3/23/2025,11:00,224.8
3/23/2025,11:15,215.2
3/23/2025,11:30,196
3/23/2025,11:45,204.8
3/23/2025,12:00,217.6
3/23/2025,12:15,204.8
3/23/2025,12:30,193.6
3/23/2025,12:45,206.4
3/23/2025,13:00,186.4
3/23/2025,13:15,206.4
3/23/2025,13:30,186.4
3/23/2025,13:45,192.8
3/23/2025,14:00,194.4
3/23/2025,14:15,196
3/23/2025,14:30,194.4
3/23/2025,14:45,188.8
3/23/2025,15:00,197.6
3/23/2025,15:15,190.4
3/23/2025,15:30,215.2
3/23/2025,15:45,215.2
3/23/2025,16:00,210.4
3/23/2025,16:15,221.6
3/23/2025,16:30,228
3/23/2025,16:45,202.4
3/23/2025,17:00,200
3/23/2025,17:15,218.4
3/23/2025,17:30,208
3/23/2025,17:45,199.2
3/23/2025,18:00,201.6
3/23/2025,18:15,188.8
3/23/2025,18:30,197.6
3/23/2025,18:45,200.8
3/23/2025,19:00,204.8
3/23/2025,19:15,207.2
3/23/2025,19:30,195.2
3/23/2025,19:45,212.8
3/23/2025,20:00,198.4
3/23/2025,20:15,211.2
3/23/2025,20:30,200.8
3/23/2025,20:45,228.8
3/23/2025,21:00,213.6
3/23/2025,21:15,225.6
3/23/2025,21:30,198.4
3/23/2025,21:45,216.8
3/23/2025,22:00,193.6
3/23/2025,22:15,181.6
3/23/2025,22:30,157.6
3/23/2025,22:45,152.8
3/23/2025,23:00,200
3/23/2025,23:15,174.4
3/23/2025,23:30,155.2
3/23/2025,23:45,177.6
3/24/2025,0:00,195.2
3/24/2025,0:15,189.6
3/24/2025,0:30,195.2
3/24/2025,0:45,182.4
3/24/2025,1:00,179.2
3/24/2025,1:15,172.8
3/24/2025,1:30,190.4
3/24/2025,1:45,174.4
3/24/2025,2:00,188
3/24/2025,2:15,196.8
3/24/2025,2:30,188
3/24/2025,2:45,180
3/24/2025,3:00,164
3/24/2025,3:15,189.6
3/24/2025,3:30,182.4
3/24/2025,3:45,156
3/24/2025,4:00,159.2
3/24/2025,4:15,172
3/24/2025,4:30,172
3/24/2025,4:45,153.6
3/24/2025,5:00,152.8
3/24/2025,5:15,160
3/24/2025,5:30,177.6
3/24/2025,5:45,180.8
3/24/2025,6:00,185.6
3/24/2025,6:15,207.2
3/24/2025,6:30,225.6
3/24/2025,6:45,204.8
3/24/2025,7:00,196
3/24/2025,7:15,191.2
3/24/2025,7:30,199.2
3/24/2025,7:45,211.2
3/24/2025,8:00,207.2
3/24/2025,8:15,212.8
3/24/2025,8:30,213.6
3/24/2025,8:45,211.2
3/24/2025,9:00,224
3/24/2025,9:15,220.8
3/24/2025,9:30,231.2
3/24/2025,9:45,208.8
3/24/2025,10:00,192
3/24/2025,10:15,188
3/24/2025,10:30,191.2
3/24/2025,10:45,196.8
3/24/2025,11:00,184
3/24/2025,11:15,198.4
3/24/2025,11:30,211.2
3/24/2025,11:45,223.2
3/24/2025,12:00,216.8
3/24/2025,12:15,192
3/24/2025,12:30,204
3/24/2025,12:45,192.8
3/24/2025,13:00,208
3/24/2025,13:15,208
3/24/2025,13:30,160
3/24/2025,13:45,178.4
3/24/2025,14:00,179.2
3/24/2025,14:15,169.6
3/24/2025,14:30,166.4
3/24/2025,14:45,223.2
3/24/2025,15:00,230.4
3/24/2025,15:15,193.6
3/24/2025,15:30,208.8
3/24/2025,15:45,192
3/24/2025,16:00,223.2
3/24/2025,16:15,231.2
3/24/2025,16:30,218.4
3/24/2025,16:45,186.4
3/24/2025,17:00,187.2
3/24/2025,17:15,159.2
3/24/2025,17:30,190.4
3/24/2025,17:45,164
3/24/2025,18:00,176.8
3/24/2025,18:15,176
3/24/2025,18:30,197.6
3/24/2025,18:45,195.2
3/24/2025,19:00,195.2
3/24/2025,19:15,197.6
3/24/2025,19:30,204.8
3/24/2025,19:45,202.4
3/24/2025,20:00,194.4
3/24/2025,20:15,200
3/24/2025,20:30,174.4
3/24/2025,20:45,196
3/24/2025,21:00,174.4
3/24/2025,21:15,171.2
3/24/2025,21:30,176
3/24/2025,21:45,173.6
3/24/2025,22:00,169.6
3/24/2025,22:15,193.6
3/24/2025,22:30,192
3/24/2025,22:45,180.8
3/24/2025,23:00,175.2
3/24/2025,23:15,176
3/24/2025,23:30,208
3/24/2025,23:45,199.2
3/25/2025,0:00,177.6
3/25/2025,0:15,176
3/25/2025,0:30,176
3/25/2025,0:45,180
3/25/2025,1:00,180.8
3/25/2025,1:15,167.2
3/25/2025,1:30,162.4
3/25/2025,1:45,155.2
3/25/2025,2:00,160
3/25/2025,2:15,156
3/25/2025,2:30,159.2
3/25/2025,2:45,151.2
3/25/2025,3:00,170.4
3/25/2025,3:15,174.4
3/25/2025,3:30,194.4
3/25/2025,3:45,192.8
3/25/2025,4:00,177.6
3/25/2025,4:15,172
3/25/2025,4:30,186.4
3/25/2025,4:45,212
3/25/2025,5:00,184.8
3/25/2025,5:15,176
3/25/2025,5:30,180
3/25/2025,5:45,176
3/25/2025,6:00,174.4
3/25/2025,6:15,171.2
3/25/2025,6:30,179.2
3/25/2025,6:45,202.4
3/25/2025,7:00,164.8
3/25/2025,7:15,187.2
3/25/2025,7:30,175.2
3/25/2025,7:45,193.6
3/25/2025,8:00,209.6
3/25/2025,8:15,202.4
3/25/2025,8:30,215.2
3/25/2025,8:45,234.4
3/25/2025,9:00,223.2
3/25/2025,9:15,223.2
3/25/2025,9:30,212
3/25/2025,9:45,224.8
3/25/2025,10:00,216.8
3/25/2025,10:15,212.8
3/25/2025,10:30,205.6
3/25/2025,10:45,184
3/25/2025,11:00,190.4
3/25/2025,11:15,214.4
3/25/2025,11:30,186.4
3/25/2025,11:45,257.6
3/25/2025,12:00,213.6
3/25/2025,12:15,206.4
3/25/2025,12:30,204.8
3/25/2025,12:45,202.4
3/25/2025,13:00,200.8
3/25/2025,13:15,194.4
3/25/2025,13:30,192.8
3/25/2025,13:45,189.6
3/25/2025,14:00,188.8
3/25/2025,14:15,204
3/25/2025,14:30,188.8
3/25/2025,14:45,184.8
3/25/2025,15:00,192.8
3/25/2025,15:15,185.6
3/25/2025,15:30,208
3/25/2025,15:45,196
3/25/2025,16:00,220
3/25/2025,16:15,225.6
3/25/2025,16:30,239.2
3/25/2025,16:45,212.8
3/25/2025,17:00,203.2
3/25/2025,17:15,198.4
3/25/2025,17:30,202.4
3/25/2025,17:45,188.8
3/25/2025,18:00,179.2
3/25/2025,18:15,192.8
3/25/2025,18:30,207.2
3/25/2025,18:45,208.8
3/25/2025,19:00,200
3/25/2025,19:15,208.8
3/25/2025,19:30,202.4
3/25/2025,19:45,201.6
3/25/2025,20:00,164.8
3/25/2025,20:15,197.6
3/25/2025,20:30,204.8
3/25/2025,20:45,168.8
3/25/2025,21:00,176
3/25/2025,21:15,187.2
3/25/2025,21:30,167.2
3/25/2025,21:45,189.6
3/25/2025,22:00,189.6
3/25/2025,22:15,202.4
3/25/2025,22:30,172
3/25/2025,22:45,182.4
3/25/2025,23:00,177.6
3/25/2025,23:15,187.2
3/25/2025,23:30,174.4
3/25/2025,23:45,184
3/26/2025,0:00,174.4
3/26/2025,0:15,172.8
3/26/2025,0:30,199.2
3/26/2025,0:45,160.8
3/26/2025,1:00,148
3/26/2025,1:15,147.2
3/26/2025,1:30,153.6
3/26/2025,1:45,147.2
3/26/2025,2:00,149.6
3/26/2025,2:15,150.4
3/26/2025,2:30,148
3/26/2025,2:45,182.4
3/26/2025,3:00,196
3/26/2025,3:15,169.6
3/26/2025,3:30,173.6
3/26/2025,3:45,176
3/26/2025,4:00,173.6
3/26/2025,4:15,176.8
3/26/2025,4:30,171.2
3/26/2025,4:45,176
3/26/2025,5:00,186.4
3/26/2025,5:15,190.4
3/26/2025,5:30,171.2
3/26/2025,5:45,175.2
3/26/2025,6:00,171.2
3/26/2025,6:15,168.8
3/26/2025,6:30,185.6
3/26/2025,6:45,188
3/26/2025,7:00,169.6
3/26/2025,7:15,168
3/26/2025,7:30,176.8
3/26/2025,7:45,173.6
3/26/2025,8:00,200.8
3/26/2025,8:15,213.6
3/26/2025,8:30,197.6
3/26/2025,8:45,233.6
3/26/2025,9:00,213.6
3/26/2025,9:15,224
3/26/2025,9:30,228.8
3/26/2025,9:45,226.4
3/26/2025,10:00,228
3/26/2025,10:15,207.2
3/26/2025,10:30,207.2
3/26/2025,10:45,181.6
3/26/2025,11:00,180.8
3/26/2025,11:15,175.2
3/26/2025,11:30,192.8
3/26/2025,11:45,205.6
3/26/2025,12:00,192.8
3/26/2025,12:15,176.8
3/26/2025,12:30,201.6
3/26/2025,12:45,192.8
3/26/2025,13:00,204
3/26/2025,13:15,214.4
3/26/2025,13:30,212.8
3/26/2025,13:45,187.2
3/26/2025,14:00,219.2
3/26/2025,14:15,201.6
3/26/2025,14:30,167.2
3/26/2025,14:45,188
3/26/2025,15:00,172.8
3/26/2025,15:15,173.6
3/26/2025,15:30,178.4
3/26/2025,15:45,178.4
3/26/2025,16:00,257.6
3/26/2025,16:15,252.8
3/26/2025,16:30,230.4
3/26/2025,16:45,204.8
3/26/2025,17:00,216.8
3/26/2025,17:15,208.8
3/26/2025,17:30,210.4
3/26/2025,17:45,204
3/26/2025,18:00,186.4
3/26/2025,18:15,162.4
3/26/2025,18:30,165.6
3/26/2025,18:45,170.4
3/26/2025,19:00,174.4
3/26/2025,19:15,168
3/26/2025,19:30,170.4
3/26/2025,19:45,192
3/26/2025,20:00,191.2
3/26/2025,20:15,199.2
3/26/2025,20:30,198.4
3/26/2025,20:45,204.8
3/26/2025,21:00,192.8
3/26/2025,21:15,213.6
3/26/2025,21:30,190.4
3/26/2025,21:45,185.6
3/26/2025,22:00,167.2
3/26/2025,22:15,166.4
3/26/2025,22:30,152
3/26/2025,22:45,147.2
3/26/2025,23:00,150.4
3/26/2025,23:15,168
3/26/2025,23:30,180.8
3/26/2025,23:45,175.2
3/27/2025,0:00,164
3/27/2025,0:15,168
3/27/2025,0:30,200
3/27/2025,0:45,176.8
3/27/2025,1:00,152.8
3/27/2025,1:15,146.4
3/27/2025,1:30,145.6
3/27/2025,1:45,144
3/27/2025,2:00,153.6
3/27/2025,2:15,142.4
3/27/2025,2:30,162.4
3/27/2025,2:45,163.2
3/27/2025,3:00,172.8
3/27/2025,3:15,168
3/27/2025,3:30,176.8
3/27/2025,3:45,177.6
3/27/2025,4:00,192.8
3/27/2025,4:15,184
3/27/2025,4:30,138.4
3/27/2025,4:45,153.6
3/27/2025,5:00,149.6
3/27/2025,5:15,155.2
3/27/2025,5:30,140
3/27/2025,5:45,140
3/27/2025,6:00,179.2
3/27/2025,6:15,188.8
3/27/2025,6:30,207.2
3/27/2025,6:45,216
3/27/2025,7:00,183.2
3/27/2025,7:15,195.2
3/27/2025,7:30,174.4
3/27/2025,7:45,192
3/27/2025,8:00,193.6
3/27/2025,8:15,186.4
3/27/2025,8:30,189.6
3/27/2025,8:45,195.2
3/27/2025,9:00,220.8
3/27/2025,9:15,226.4
3/27/2025,9:30,240.8
3/27/2025,9:45,228
3/27/2025,10:00,221.6
3/27/2025,10:15,231.2
3/27/2025,10:30,228
3/27/2025,10:45,216.8
3/27/2025,11:00,205.6
3/27/2025,11:15,181.6
3/27/2025,11:30,198.4
3/27/2025,11:45,206.4
3/27/2025,12:00,190.4
3/27/2025,12:15,171.2
3/27/2025,12:30,204.8
3/27/2025,12:45,187.2
3/27/2025,13:00,187.2
3/27/2025,13:15,228
3/27/2025,13:30,191.2
3/27/2025,13:45,196
3/27/2025,14:00,214.4
3/27/2025,14:15,196
3/27/2025,14:30,186.4
3/27/2025,14:45,184.8
3/27/2025,15:00,204
3/27/2025,15:15,188
3/27/2025,15:30,205.6
3/27/2025,15:45,191.2
3/27/2025,16:00,210.4
3/27/2025,16:15,250.4
3/27/2025,16:30,196.8
3/27/2025,16:45,196
3/27/2025,17:00,216.8
3/27/2025,17:15,190.4
3/27/2025,17:30,218.4
3/27/2025,17:45,184
3/27/2025,18:00,188
3/27/2025,18:15,188
3/27/2025,18:30,200.8
3/27/2025,18:45,204.8
3/27/2025,19:00,203.2
3/27/2025,19:15,192.8
3/27/2025,19:30,196
3/27/2025,19:45,191.2
3/27/2025,20:00,192.8
3/27/2025,20:15,203.2
3/27/2025,20:30,192.8
3/27/2025,20:45,206.4
3/27/2025,21:00,191.2
3/27/2025,21:15,188.8
3/27/2025,21:30,209.6
3/27/2025,21:45,186.4
3/27/2025,22:00,188
3/27/2025,22:15,200.8
3/27/2025,22:30,169.6
3/27/2025,22:45,168.8
3/27/2025,23:00,182.4
3/27/2025,23:15,168
3/27/2025,23:30,139.2
3/27/2025,23:45,138.4
3/28/2025,0:00,135.2
3/28/2025,0:15,148.8
3/28/2025,0:30,143.2
3/28/2025,0:45,135.2
3/28/2025,1:00,141.6
3/28/2025,1:15,152.8
3/28/2025,1:30,172
3/28/2025,1:45,158.4
3/28/2025,2:00,185.6
3/28/2025,2:15,156.8
3/28/2025,2:30,178.4
3/28/2025,2:45,171.2
3/28/2025,3:00,162.4
3/28/2025,3:15,171.2
3/28/2025,3:30,181.6
3/28/2025,3:45,189.6
3/28/2025,4:00,165.6
3/28/2025,4:15,164
3/28/2025,4:30,164
3/28/2025,4:45,186.4
3/28/2025,5:00,172.8
3/28/2025,5:15,171.2
3/28/2025,5:30,178.4
3/28/2025,5:45,161.6
3/28/2025,6:00,157.6
3/28/2025,6:15,166.4
3/28/2025,6:30,167.2
3/28/2025,6:45,168
3/28/2025,7:00,154.4
3/28/2025,7:15,149.6
3/28/2025,7:30,162.4
3/28/2025,7:45,153.6
3/28/2025,8:00,200.8
3/28/2025,8:15,208
3/28/2025,8:30,216.8
3/28/2025,8:45,212.8
3/28/2025,9:00,230.4
3/28/2025,9:15,242.4
3/28/2025,9:30,295.2
3/28/2025,9:45,254.4
3/28/2025,10:00,230.4
3/28/2025,10:15,257.6
3/28/2025,10:30,200.8
3/28/2025,10:45,215.2
3/28/2025,11:00,213.6
3/28/2025,11:15,222.4
3/28/2025,11:30,254.4
3/28/2025,11:45,222.4
3/28/2025,12:00,218.4
3/28/2025,12:15,171.2
3/28/2025,12:30,172.8
3/28/2025,12:45,169.6
3/28/2025,13:00,164
3/28/2025,13:15,164
3/28/2025,13:30,154.4
3/28/2025,13:45,190.4
3/28/2025,14:00,211.2
3/28/2025,14:15,216.8
3/28/2025,14:30,208
3/28/2025,14:45,230.4
3/28/2025,15:00,220.8
3/28/2025,15:15,171.2
3/28/2025,15:30,166.4
3/28/2025,15:45,214.4
3/28/2025,16:00,199.2
3/28/2025,16:15,206.4
3/28/2025,16:30,172.8
3/28/2025,16:45,188
3/28/2025,17:00,204
3/28/2025,17:15,156
3/28/2025,17:30,160
3/28/2025,17:45,157.6
3/28/2025,18:00,177.6
3/28/2025,18:15,171.2
3/28/2025,18:30,166.4
3/28/2025,18:45,172
3/28/2025,19:00,154.4
3/28/2025,19:15,144
3/28/2025,19:30,129.6
3/28/2025,19:45,140.8
3/28/2025,20:00,119.2
3/28/2025,20:15,173.6
3/28/2025,20:30,153.6
3/28/2025,20:45,172
3/28/2025,21:00,146.4
3/28/2025,21:15,137.6
3/28/2025,21:30,148
3/28/2025,21:45,152.8
3/28/2025,22:00,168.8
3/28/2025,22:15,144
3/28/2025,22:30,120
3/28/2025,22:45,109.6
3/28/2025,23:00,179.2
3/28/2025,23:15,116.8
3/28/2025,23:30,119.2
3/28/2025,23:45,113.6
3/29/2025,0:00,116
3/29/2025,0:15,116
3/29/2025,0:30,116.8
3/29/2025,0:45,118.4
3/29/2025,1:00,144.8
3/29/2025,1:15,117.6
3/29/2025,1:30,117.6
3/29/2025,1:45,140.8
3/29/2025,2:00,149.6
3/29/2025,2:15,120
3/29/2025,2:30,134.4
3/29/2025,2:45,151.2
3/29/2025,3:00,116.8
3/29/2025,3:15,113.6
3/29/2025,3:30,104
3/29/2025,3:45,141.6
3/29/2025,4:00,140.8
3/29/2025,4:15,113.6
3/29/2025,4:30,155.2
3/29/2025,4:45,112.8
3/29/2025,5:00,109.6
3/29/2025,5:15,119.2
3/29/2025,5:30,122.4
3/29/2025,5:45,138.4
3/29/2025,6:00,113.6
3/29/2025,6:15,142.4
3/29/2025,6:30,167.2
3/29/2025,6:45,172.8
3/29/2025,7:00,141.6
3/29/2025,7:15,125.6
3/29/2025,7:30,136
3/29/2025,7:45,185.6
3/29/2025,8:00,184
3/29/2025,8:15,168.8
3/29/2025,8:30,183.2
3/29/2025,8:45,191.2
3/29/2025,9:00,161.6
3/29/2025,9:15,184
3/29/2025,9:30,189.6
3/29/2025,9:45,212
3/29/2025,10:00,196
3/29/2025,10:15,182.4
3/29/2025,10:30,159.2
3/29/2025,10:45,204.8
3/29/2025,11:00,171.2
3/29/2025,11:15,176
3/29/2025,11:30,168
3/29/2025,11:45,180
3/29/2025,12:00,205.6
3/29/2025,12:15,160
3/29/2025,12:30,153.6
3/29/2025,12:45,184.8
3/29/2025,13:00,180.8
3/29/2025,13:15,180.8
3/29/2025,13:30,153.6
3/29/2025,13:45,131.2
3/29/2025,14:00,182.4
3/29/2025,14:15,159.2
3/29/2025,14:30,146.4
3/29/2025,14:45,161.6
3/29/2025,15:00,152.8
3/29/2025,15:15,136.8
3/29/2025,15:30,148.8
3/29/2025,15:45,144
3/29/2025,16:00,168
3/29/2025,16:15,201.6
3/29/2025,16:30,163.2
3/29/2025,16:45,164.8
3/29/2025,17:00,142.4
3/29/2025,17:15,128
3/29/2025,17:30,149.6
3/29/2025,17:45,141.6
3/29/2025,18:00,148
3/29/2025,18:15,123.2
3/29/2025,18:30,168.8
3/29/2025,18:45,176.8
3/29/2025,19:00,178.4
3/29/2025,19:15,172.8
3/29/2025,19:30,155.2
3/29/2025,19:45,168
3/29/2025,20:00,162.4
3/29/2025,20:15,146.4
3/29/2025,20:30,139.2
3/29/2025,20:45,228.8
3/29/2025,21:00,161.6
3/29/2025,21:15,143.2
3/29/2025,21:30,140
3/29/2025,21:45,168.8
3/29/2025,22:00,174.4
3/29/2025,22:15,152
3/29/2025,22:30,124
3/29/2025,22:45,134.4
3/29/2025,23:00,125.6
3/29/2025,23:15,132
3/29/2025,23:30,132
3/29/2025,23:45,156.8
3/30/2025,0:00,137.6
3/30/2025,0:15,121.6
3/30/2025,0:30,116.8
3/30/2025,0:45,147.2
3/30/2025,1:00,154.4
3/30/2025,1:15,122.4
3/30/2025,1:30,120.8
3/30/2025,1:45,143.2
3/30/2025,2:00,147.2
3/30/2025,2:15,114.4
3/30/2025,2:30,123.2
3/30/2025,2:45,145.6
3/30/2025,3:00,124
3/30/2025,3:15,122.4
3/30/2025,3:30,128
3/30/2025,3:45,144.8
3/30/2025,4:00,142.4
3/30/2025,4:15,128
3/30/2025,4:30,121.6
3/30/2025,4:45,118.4
3/30/2025,5:00,130.4
3/30/2025,5:15,157.6
3/30/2025,5:30,130.4
3/30/2025,5:45,158.4
3/30/2025,6:00,150.4
3/30/2025,6:15,135.2
3/30/2025,6:30,146.4
3/30/2025,6:45,144.8
3/30/2025,7:00,136
3/30/2025,7:15,148
3/30/2025,7:30,128
3/30/2025,7:45,148
3/30/2025,8:00,146.4
3/30/2025,8:15,177.6
3/30/2025,8:30,158.4
3/30/2025,8:45,144
3/30/2025,9:00,167.2
3/30/2025,9:15,175.2
3/30/2025,9:30,175.2
3/30/2025,9:45,204.8
3/30/2025,10:00,187.2
3/30/2025,10:15,177.6
3/30/2025,10:30,172.8
3/30/2025,10:45,184
3/30/2025,11:00,185.6
3/30/2025,11:15,164
3/30/2025,11:30,160.8
3/30/2025,11:45,156
3/30/2025,12:00,163.2
3/30/2025,12:15,163.2
3/30/2025,12:30,133.6
3/30/2025,12:45,139.2
3/30/2025,13:00,124.8
3/30/2025,13:15,133.6
3/30/2025,13:30,138.4
3/30/2025,13:45,147.2
3/30/2025,14:00,146.4
3/30/2025,14:15,185.6
3/30/2025,14:30,151.2
3/30/2025,14:45,131.2
3/30/2025,15:00,130.4
3/30/2025,15:15,152
3/30/2025,15:30,140
3/30/2025,15:45,144
3/30/2025,16:00,133.6
3/30/2025,16:15,145.6
3/30/2025,16:30,174.4
3/30/2025,16:45,176.8
3/30/2025,17:00,144
3/30/2025,17:15,130.4
3/30/2025,17:30,123.2
3/30/2025,17:45,119.2
3/30/2025,18:00,126.4
3/30/2025,18:15,148
3/30/2025,18:30,141.6
3/30/2025,18:45,130.4
3/30/2025,19:00,149.6
3/30/2025,19:15,163.2
3/30/2025,19:30,154.4
3/30/2025,19:45,146.4
3/30/2025,20:00,153.6
3/30/2025,20:15,161.6
3/30/2025,20:30,152.8
3/30/2025,20:45,143.2
3/30/2025,21:00,143.2
3/30/2025,21:15,172
3/30/2025,21:30,160
3/30/2025,21:45,148.8
3/30/2025,22:00,140
3/30/2025,22:15,170.4
3/30/2025,22:30,144.8
3/30/2025,22:45,122.4
3/30/2025,23:00,114.4
3/30/2025,23:15,126.4
3/30/2025,23:30,150.4
3/30/2025,23:45,117.6
3/31/2025,0:00,125.6
3/31/2025,0:15,126.4
3/31/2025,0:30,131.2
3/31/2025,0:45,105.6
3/31/2025,1:00,117.6
3/31/2025,1:15,176
3/31/2025,1:30,125.6
3/31/2025,1:45,119.2
3/31/2025,2:00,117.6
3/31/2025,2:15,121.6
3/31/2025,2:30,136.8
3/31/2025,2:45,161.6
3/31/2025,3:00,147.2
3/31/2025,3:15,112.8
3/31/2025,3:30,126.4
3/31/2025,3:45,124.8
3/31/2025,4:00,131.2
3/31/2025,4:15,140
3/31/2025,4:30,124.8
3/31/2025,4:45,110.4
3/31/2025,5:00,110.4
3/31/2025,5:15,144
3/31/2025,5:30,129.6
3/31/2025,5:45,171.2
3/31/2025,6:00,136
3/31/2025,6:15,153.6
3/31/2025,6:30,145.6
3/31/2025,6:45,168.8
3/31/2025,7:00,134.4
3/31/2025,7:15,141.6
3/31/2025,7:30,149.6
3/31/2025,7:45,124.8
3/31/2025,8:00,154.4
3/31/2025,8:15,180
3/31/2025,8:30,162.4
3/31/2025,8:45,144.8
3/31/2025,9:00,153.6
3/31/2025,9:15,172.8
3/31/2025,9:30,190.4
3/31/2025,9:45,182.4
3/31/2025,10:00,172
3/31/2025,10:15,159.2
3/31/2025,10:30,153.6
3/31/2025,10:45,165.6
3/31/2025,11:00,146.4
3/31/2025,11:15,180
3/31/2025,11:30,164
3/31/2025,11:45,151.2
3/31/2025,12:00,160.8
3/31/2025,12:15,132
3/31/2025,12:30,134.4
3/31/2025,12:45,144.8
3/31/2025,13:00,128.8
3/31/2025,13:15,144.8
3/31/2025,13:30,124.8
3/31/2025,13:45,153.6
3/31/2025,14:00,144.8
3/31/2025,14:15,141.6
3/31/2025,14:30,138.4
3/31/2025,14:45,162.4
3/31/2025,15:00,155.2
3/31/2025,15:15,128
3/31/2025,15:30,142.4
3/31/2025,15:45,126.4
3/31/2025,16:00,148.8
3/31/2025,16:15,159.2
3/31/2025,16:30,168
3/31/2025,16:45,160
3/31/2025,17:00,148
3/31/2025,17:15,123.2
3/31/2025,17:30,118.4
3/31/2025,17:45,128.8
3/31/2025,18:00,128.8
3/31/2025,18:15,116.8
3/31/2025,18:30,138.4
3/31/2025,18:45,126.4
3/31/2025,19:00,156
3/31/2025,19:15,150.4
3/31/2025,19:30,144
3/31/2025,19:45,144.8
3/31/2025,20:00,153.6
3/31/2025,20:15,138.4
3/31/2025,20:30,130.4
3/31/2025,20:45,160.8
3/31/2025,21:00,141.6
3/31/2025,21:15,148
3/31/2025,21:30,134.4
3/31/2025,21:45,144.8
3/31/2025,22:00,137.6
3/31/2025,22:15,163.2
3/31/2025,22:30,124
3/31/2025,22:45,120
3/31/2025,23:00,136.8
3/31/2025,23:15,144
3/31/2025,23:30,130.4
3/31/2025,23:45,113.6
4/1/2025,0:00,123.2
4/1/2025,0:15,116.8
4/1/2025,0:30,116.8
4/1/2025,0:45,105.6
4/1/2025,1:00,109.6
4/1/2025,1:15,124
4/1/2025,1:30,112.8
4/1/2025,1:45,127.2
4/1/2025,2:00,118.4
4/1/2025,2:15,129.6
4/1/2025,2:30,114.4
4/1/2025,2:45,132.8
4/1/2025,3:00,127.2
4/1/2025,3:15,132
4/1/2025,3:30,113.6
4/1/2025,3:45,148.8
4/1/2025,4:00,160.8
4/1/2025,4:15,128
4/1/2025,4:30,127.2
4/1/2025,4:45,159.2
4/1/2025,5:00,125.6
4/1/2025,5:15,114.4
4/1/2025,5:30,129.6
4/1/2025,5:45,114.4
4/1/2025,6:00,113.6
4/1/2025,6:15,167.2
4/1/2025,6:30,136
4/1/2025,6:45,136.8
4/1/2025,7:00,112.8
4/1/2025,7:15,152.8
4/1/2025,7:30,133.6
4/1/2025,7:45,134.4
4/1/2025,8:00,175.2
4/1/2025,8:15,144.8
4/1/2025,8:30,186.4
4/1/2025,8:45,164
4/1/2025,9:00,156.8
4/1/2025,9:15,171.2
4/1/2025,9:30,176.8
4/1/2025,9:45,187.2
4/1/2025,10:00,189.6
4/1/2025,10:15,184.8
4/1/2025,10:30,219.2
4/1/2025,10:45,173.6
4/1/2025,11:00,176.8
4/1/2025,11:15,189.6
4/1/2025,11:30,170.4
4/1/2025,11:45,188.8
4/1/2025,12:00,152.8
4/1/2025,12:15,158.4
4/1/2025,12:30,148
4/1/2025,12:45,142.4
4/1/2025,13:00,149.6
4/1/2025,13:15,149.6
4/1/2025,13:30,144
4/1/2025,13:45,158.4
4/1/2025,14:00,138.4
4/1/2025,14:15,130.4
4/1/2025,14:30,135.2
4/1/2025,14:45,174.4
4/1/2025,15:00,146.4
4/1/2025,15:15,148.8
4/1/2025,15:30,127.2
4/1/2025,15:45,144
4/1/2025,16:00,156.8
4/1/2025,16:15,169.6
4/1/2025,16:30,151.2
4/1/2025,16:45,130.4
4/1/2025,17:00,127.2
4/1/2025,17:15,124.8
4/1/2025,17:30,122.4
4/1/2025,17:45,119.2
4/1/2025,18:00,138.4
4/1/2025,18:15,121.6
4/1/2025,18:30,141.6
4/1/2025,18:45,142.4
4/1/2025,19:00,160.8
4/1/2025,19:15,182.4
4/1/2025,19:30,169.6
4/1/2025,19:45,142.4
4/1/2025,20:00,139.2
4/1/2025,20:15,136
4/1/2025,20:30,135.2
4/1/2025,20:45,146.4
4/1/2025,21:00,142.4
4/1/2025,21:15,156.8
4/1/2025,21:30,133.6
4/1/2025,21:45,137.6
4/1/2025,22:00,144.8
4/1/2025,22:15,160
4/1/2025,22:30,120
4/1/2025,22:45,124
4/1/2025,23:00,114.4
4/1/2025,23:15,148
4/1/2025,23:30,110.4
4/1/2025,23:45,118.4
4/2/2025,0:00,112.8
4/2/2025,0:15,105.6
4/2/2025,0:30,132.8
4/2/2025,0:45,121.6
4/2/2025,1:00,116
4/2/2025,1:15,114.4
4/2/2025,1:30,109.6
4/2/2025,1:45,114.4
4/2/2025,2:00,131.2
4/2/2025,2:15,113.6
4/2/2025,2:30,108.8
4/2/2025,2:45,112
4/2/2025,3:00,111.2
4/2/2025,3:15,117.6
4/2/2025,3:30,125.6
4/2/2025,3:45,121.6
4/2/2025,4:00,116
4/2/2025,4:15,116
4/2/2025,4:30,122.4
4/2/2025,4:45,125.6
4/2/2025,5:00,168.8
4/2/2025,5:15,126.4
4/2/2025,5:30,125.6
4/2/2025,5:45,132
4/2/2025,6:00,114.4
4/2/2025,6:15,119.2
4/2/2025,6:30,110.4
4/2/2025,6:45,123.2
4/2/2025,7:00,123.2
4/2/2025,7:15,126.4
4/2/2025,7:30,96
4/2/2025,7:45,107.2
4/2/2025,8:00,142.4
4/2/2025,8:15,131.2
4/2/2025,8:30,144
4/2/2025,8:45,137.6
4/2/2025,9:00,158.4
4/2/2025,9:15,136
4/2/2025,9:30,148
4/2/2025,9:45,165.6
4/2/2025,10:00,140
4/2/2025,10:15,128.8
4/2/2025,10:30,159.2
4/2/2025,10:45,143.2
4/2/2025,11:00,127.2
4/2/2025,11:15,125.6
4/2/2025,11:30,123.2
4/2/2025,11:45,130.4
4/2/2025,12:00,123.2
4/2/2025,12:15,128.8
4/2/2025,12:30,131.2
4/2/2025,12:45,105.6
4/2/2025,13:00,108
4/2/2025,13:15,108.8
4/2/2025,13:30,112
4/2/2025,13:45,111.2
4/2/2025,14:00,106.4
4/2/2025,14:15,110.4
4/2/2025,14:30,121.6
4/2/2025,14:45,112.8
4/2/2025,15:00,123.2
4/2/2025,15:15,122.4
4/2/2025,15:30,108.8
4/2/2025,15:45,140.8
4/2/2025,16:00,111.2
4/2/2025,16:15,149.6
4/2/2025,16:30,131.2
4/2/2025,16:45,131.2
4/2/2025,17:00,140.8
4/2/2025,17:15,114.4
4/2/2025,17:30,104
4/2/2025,17:45,98.4
4/2/2025,18:00,122.4
4/2/2025,18:15,148
4/2/2025,18:30,160
4/2/2025,18:45,132.8
4/2/2025,19:00,140.8
4/2/2025,19:15,148
4/2/2025,19:30,160
4/2/2025,19:45,137.6
4/2/2025,20:00,135.2
4/2/2025,20:15,121.6
4/2/2025,20:30,121.6
4/2/2025,20:45,112.8
4/2/2025,21:00,109.6
4/2/2025,21:15,114.4
4/2/2025,21:30,127.2
4/2/2025,21:45,113.6
4/2/2025,22:00,109.6
4/2/2025,22:15,127.2
4/2/2025,22:30,103.2
4/2/2025,22:45,92
4/2/2025,23:00,93.6
4/2/2025,23:15,94.4
4/2/2025,23:30,90.4
4/2/2025,23:45,88.8
4/3/2025,0:00,85.6
4/3/2025,0:15,110.4
4/3/2025,0:30,113.6
4/3/2025,0:45,89.6
4/3/2025,1:00,89.6
4/3/2025,1:15,87.2
4/3/2025,1:30,83.2
4/3/2025,1:45,117.6
4/3/2025,2:00,81.6
4/3/2025,2:15,92
4/3/2025,2:30,80
4/3/2025,2:45,83.2
4/3/2025,3:00,85.6
4/3/2025,3:15,107.2
4/3/2025,3:30,94.4
4/3/2025,3:45,84.8
4/3/2025,4:00,84.8
4/3/2025,4:15,85.6
4/3/2025,4:30,112.8
4/3/2025,4:45,90.4
4/3/2025,5:00,86.4
4/3/2025,5:15,96.8
4/3/2025,5:30,90.4
4/3/2025,5:45,100
4/3/2025,6:00,103.2
4/3/2025,6:15,113.6
4/3/2025,6:30,120
4/3/2025,6:45,105.6
4/3/2025,7:00,95.2
4/3/2025,7:15,101.6
4/3/2025,7:30,100.8
4/3/2025,7:45,120
4/3/2025,8:00,136
4/3/2025,8:15,148.8
4/3/2025,8:30,172
4/3/2025,8:45,161.6
4/3/2025,9:00,164.8
4/3/2025,9:15,184.8
4/3/2025,9:30,159.2
4/3/2025,9:45,164
4/3/2025,10:00,180.8
4/3/2025,10:15,176
4/3/2025,10:30,165.6
4/3/2025,10:45,128.8
4/3/2025,11:00,131.2
4/3/2025,11:15,129.6
4/3/2025,11:30,125.6
4/3/2025,11:45,130.4
4/3/2025,12:00,128.8
4/3/2025,12:15,144.8
4/3/2025,12:30,150.4
4/3/2025,12:45,120.8
4/3/2025,13:00,120
4/3/2025,13:15,113.6
4/3/2025,13:30,113.6
4/3/2025,13:45,108
4/3/2025,14:00,111.2
4/3/2025,14:15,118.4
4/3/2025,14:30,118.4
4/3/2025,14:45,111.2
4/3/2025,15:00,114.4
4/3/2025,15:15,112.8
4/3/2025,15:30,106.4
4/3/2025,15:45,132
4/3/2025,16:00,153.6
4/3/2025,16:15,122.4
4/3/2025,16:30,141.6
4/3/2025,16:45,151.2
4/3/2025,17:00,114.4
4/3/2025,17:15,108
4/3/2025,17:30,121.6
4/3/2025,17:45,106.4
4/3/2025,18:00,95.2
4/3/2025,18:15,94.4
4/3/2025,18:30,133.6
4/3/2025,18:45,110.4
4/3/2025,19:00,120
4/3/2025,19:15,112.8
4/3/2025,19:30,139.2
4/3/2025,19:45,120
4/3/2025,20:00,121.6
4/3/2025,20:15,126.4
4/3/2025,20:30,116
4/3/2025,20:45,116.8
4/3/2025,21:00,144
4/3/2025,21:15,131.2
4/3/2025,21:30,144.8
4/3/2025,21:45,142.4
4/3/2025,22:00,136.8
4/3/2025,22:15,135.2
4/3/2025,22:30,128
4/3/2025,22:45,141.6
4/3/2025,23:00,117.6
4/3/2025,23:15,107.2
4/3/2025,23:30,110.4
4/3/2025,23:45,112
4/4/2025,0:00,115.2
4/4/2025,0:15,117.6
4/4/2025,0:30,112
4/4/2025,0:45,109.6
4/4/2025,1:00,123.2
4/4/2025,1:15,112.8
4/4/2025,1:30,115.2
4/4/2025,1:45,108.8
4/4/2025,2:00,111.2
4/4/2025,2:15,110.4
4/4/2025,2:30,115.2
4/4/2025,2:45,112
4/4/2025,3:00,112
4/4/2025,3:15,110.4
4/4/2025,3:30,136
4/4/2025,3:45,103.2
4/4/2025,4:00,112.8
4/4/2025,4:15,127.2
4/4/2025,4:30,112.8
4/4/2025,4:45,85.6
4/4/2025,5:00,88
4/4/2025,5:15,89.6
4/4/2025,5:30,88.8
4/4/2025,5:45,85.6
4/4/2025,6:00,86.4
4/4/2025,6:15,104.8
4/4/2025,6:30,111.2
4/4/2025,6:45,104.8
4/4/2025,7:00,111.2
4/4/2025,7:15,98.4
4/4/2025,7:30,119.2
4/4/2025,7:45,93.6
4/4/2025,8:00,101.6
4/4/2025,8:15,144
4/4/2025,8:30,129.6
4/4/2025,8:45,139.2
4/4/2025,9:00,192.8
4/4/2025,9:15,145.6
4/4/2025,9:30,142.4
4/4/2025,9:45,174.4
4/4/2025,10:00,152.8
4/4/2025,10:15,145.6
4/4/2025,10:30,158.4
4/4/2025,10:45,128.8
4/4/2025,11:00,131.2
4/4/2025,11:15,133.6
4/4/2025,11:30,144
4/4/2025,11:45,124
4/4/2025,12:00,123.2
4/4/2025,12:15,110.4
4/4/2025,12:30,117.6
4/4/2025,12:45,128
4/4/2025,13:00,126.4
4/4/2025,13:15,130.4
4/4/2025,13:30,127.2
4/4/2025,13:45,106.4
4/4/2025,14:00,111.2
4/4/2025,14:15,114.4
4/4/2025,14:30,133.6
4/4/2025,14:45,116.8
4/4/2025,15:00,106.4
4/4/2025,15:15,112.8
4/4/2025,15:30,110.4
4/4/2025,15:45,129.6
4/4/2025,16:00,140
4/4/2025,16:15,127.2
4/4/2025,16:30,120
4/4/2025,16:45,128.8
4/4/2025,17:00,156.8
4/4/2025,17:15,108
4/4/2025,17:30,103.2
4/4/2025,17:45,110.4
4/4/2025,18:00,114.4
4/4/2025,18:15,124
4/4/2025,18:30,148
4/4/2025,18:45,141.6
4/4/2025,19:00,156
4/4/2025,19:15,156.8
4/4/2025,19:30,145.6
4/4/2025,19:45,148.8
4/4/2025,20:00,142.4
4/4/2025,20:15,132
4/4/2025,20:30,139.2
4/4/2025,20:45,111.2
4/4/2025,21:00,106.4
4/4/2025,21:15,114.4
4/4/2025,21:30,110.4
4/4/2025,21:45,109.6
4/4/2025,22:00,117.6
4/4/2025,22:15,109.6
4/4/2025,22:30,103.2
4/4/2025,22:45,96.8
4/4/2025,23:00,85.6
4/4/2025,23:15,95.2
4/4/2025,23:30,96.8
4/4/2025,23:45,89.6
4/5/2025,0:00,88
4/5/2025,0:15,108
4/5/2025,0:30,88
4/5/2025,0:45,93.6
4/5/2025,1:00,88.8
4/5/2025,1:15,91.2
4/5/2025,1:30,98.4
4/5/2025,1:45,88
4/5/2025,2:00,84.8
4/5/2025,2:15,88.8
4/5/2025,2:30,96
4/5/2025,2:45,91.2
4/5/2025,3:00,98.4
4/5/2025,3:15,90.4
4/5/2025,3:30,83.2
4/5/2025,3:45,96
4/5/2025,4:00,102.4
4/5/2025,4:15,91.2
4/5/2025,4:30,80.8
4/5/2025,4:45,88
4/5/2025,5:00,86.4
4/5/2025,5:15,86.4
4/5/2025,5:30,96.8
4/5/2025,5:45,112
4/5/2025,6:00,116
4/5/2025,6:15,106.4
4/5/2025,6:30,106.4
4/5/2025,6:45,91.2
4/5/2025,7:00,124
4/5/2025,7:15,110.4
4/5/2025,7:30,107.2
4/5/2025,7:45,114.4
4/5/2025,8:00,138.4
4/5/2025,8:15,116.8
4/5/2025,8:30,128
4/5/2025,8:45,120.8
4/5/2025,9:00,108.8
4/5/2025,9:15,140
4/5/2025,9:30,152.8
4/5/2025,9:45,152.8
4/5/2025,10:00,132.8
4/5/2025,10:15,161.6
4/5/2025,10:30,154.4
4/5/2025,10:45,144
4/5/2025,11:00,128
4/5/2025,11:15,132.8
4/5/2025,11:30,135.2
4/5/2025,11:45,127.2
4/5/2025,12:00,109.6
4/5/2025,12:15,100.8
4/5/2025,12:30,100
4/5/2025,12:45,95.2
4/5/2025,13:00,107.2
4/5/2025,13:15,107.2
4/5/2025,13:30,100.8
4/5/2025,13:45,115.2
4/5/2025,14:00,107.2
4/5/2025,14:15,104
4/5/2025,14:30,106.4
4/5/2025,14:45,103.2
4/5/2025,15:00,99.2
4/5/2025,15:15,92.8
4/5/2025,15:30,98.4
4/5/2025,15:45,113.6
4/5/2025,16:00,108
4/5/2025,16:15,103.2
4/5/2025,16:30,121.6
4/5/2025,16:45,111.2
4/5/2025,17:00,94.4
4/5/2025,17:15,100
4/5/2025,17:30,88
4/5/2025,17:45,88
4/5/2025,18:00,93.6
4/5/2025,18:15,88
4/5/2025,18:30,112.8
4/5/2025,18:45,121.6
4/5/2025,19:00,113.6
4/5/2025,19:15,106.4
4/5/2025,19:30,148.8
4/5/2025,19:45,107.2
4/5/2025,20:00,114.4
4/5/2025,20:15,108
4/5/2025,20:30,112
4/5/2025,20:45,100
4/5/2025,21:00,112
4/5/2025,21:15,108.8
4/5/2025,21:30,105.6
4/5/2025,21:45,100.8
4/5/2025,22:00,106.4
4/5/2025,22:15,107.2
4/5/2025,22:30,87.2
4/5/2025,22:45,91.2
4/5/2025,23:00,100.8
4/5/2025,23:15,91.2
4/5/2025,23:30,86.4
4/5/2025,23:45,87.2
4/6/2025,0:00,112.8
4/6/2025,0:15,105.6
4/6/2025,0:30,114.4
4/6/2025,0:45,108
4/6/2025,1:00,105.6
4/6/2025,1:15,104.8
4/6/2025,1:30,104.8
4/6/2025,1:45,106.4
4/6/2025,2:00,109.6
4/6/2025,2:15,99.2
4/6/2025,2:30,93.6
4/6/2025,2:45,83.2
4/6/2025,3:00,88.8
4/6/2025,3:15,80.8
4/6/2025,3:30,84.8
4/6/2025,3:45,80.8
4/6/2025,4:00,80.8
4/6/2025,4:15,115.2
4/6/2025,4:30,84.8
4/6/2025,4:45,97.6
4/6/2025,5:00,78.4
4/6/2025,5:15,81.6
4/6/2025,5:30,81.6
4/6/2025,5:45,83.2
4/6/2025,6:00,99.2
4/6/2025,6:15,111.2
4/6/2025,6:30,114.4
4/6/2025,6:45,108.8
4/6/2025,7:00,104
4/6/2025,7:15,92
4/6/2025,7:30,93.6
4/6/2025,7:45,96
4/6/2025,8:00,101.6
4/6/2025,8:15,115.2
4/6/2025,8:30,116
4/6/2025,8:45,129.6
4/6/2025,9:00,127.2
4/6/2025,9:15,126.4
4/6/2025,9:30,137.6
4/6/2025,9:45,128
4/6/2025,10:00,124.8
4/6/2025,10:15,116
4/6/2025,10:30,111.2
4/6/2025,10:45,112.8
4/6/2025,11:00,116
4/6/2025,11:15,95.2
4/6/2025,11:30,115.2
4/6/2025,11:45,108.8
4/6/2025,12:00,131.2
4/6/2025,12:15,113.6
4/6/2025,12:30,108.8
4/6/2025,12:45,96
4/6/2025,13:00,104.8
4/6/2025,13:15,108
4/6/2025,13:30,130.4
4/6/2025,13:45,136.8
4/6/2025,14:00,94.4
4/6/2025,14:15,135.2
4/6/2025,14:30,143.2
4/6/2025,14:45,124
4/6/2025,15:00,137.6
4/6/2025,15:15,131.2
4/6/2025,15:30,150.4
4/6/2025,15:45,134.4
4/6/2025,16:00,148
4/6/2025,16:15,148.8
4/6/2025,16:30,137.6
4/6/2025,16:45,115.2
4/6/2025,17:00,124
4/6/2025,17:15,121.6
4/6/2025,17:30,124.8
4/6/2025,17:45,157.6
4/6/2025,18:00,129.6
4/6/2025,18:15,121.6
4/6/2025,18:30,147.2
4/6/2025,18:45,132.8
4/6/2025,19:00,150.4
4/6/2025,19:15,132.8
4/6/2025,19:30,125.6
4/6/2025,19:45,148
4/6/2025,20:00,121.6
4/6/2025,20:15,111.2
4/6/2025,20:30,104
4/6/2025,20:45,108
4/6/2025,21:00,108.8
4/6/2025,21:15,116
4/6/2025,21:30,108
4/6/2025,21:45,108
4/6/2025,22:00,104.8
4/6/2025,22:15,124
4/6/2025,22:30,93.6
4/6/2025,22:45,90.4
4/6/2025,23:00,84
4/6/2025,23:15,95.2
4/6/2025,23:30,83.2
4/6/2025,23:45,85.6
4/7/2025,0:00,89.6
4/7/2025,0:15,86.4
4/7/2025,0:30,84.8
4/7/2025,0:45,85.6
4/7/2025,1:00,92.8
4/7/2025,1:15,91.2
4/7/2025,1:30,95.2
4/7/2025,1:45,84
4/7/2025,2:00,83.2
4/7/2025,2:15,84.8
4/7/2025,2:30,91.2
4/7/2025,2:45,104.8
4/7/2025,3:00,88.8
4/7/2025,3:15,90.4
4/7/2025,3:30,90.4
4/7/2025,3:45,90.4
4/7/2025,4:00,88.8
4/7/2025,4:15,98.4
4/7/2025,4:30,85.6
4/7/2025,4:45,91.2
4/7/2025,5:00,89.6
4/7/2025,5:15,88
4/7/2025,5:30,83.2
4/7/2025,5:45,84
4/7/2025,6:00,106.4
4/7/2025,6:15,140
4/7/2025,6:30,123.2
4/7/2025,6:45,113.6
4/7/2025,7:00,104
4/7/2025,7:15,96
4/7/2025,7:30,100.8
4/7/2025,7:45,109.6
4/7/2025,8:00,124.8
4/7/2025,8:15,129.6
4/7/2025,8:30,128
4/7/2025,8:45,117.6
4/7/2025,9:00,155.2
4/7/2025,9:15,141.6
4/7/2025,9:30,137.6
4/7/2025,9:45,152
4/7/2025,10:00,150.4
4/7/2025,10:15,154.4
4/7/2025,10:30,158.4
4/7/2025,10:45,163.2
4/7/2025,11:00,148.8
4/7/2025,11:15,144
4/7/2025,11:30,136
4/7/2025,11:45,132
4/7/2025,12:00,148
4/7/2025,12:15,107.2
4/7/2025,12:30,102.4
4/7/2025,12:45,105.6
4/7/2025,13:00,100.8
4/7/2025,13:15,109.6
4/7/2025,13:30,116
4/7/2025,13:45,126.4
4/7/2025,14:00,100
4/7/2025,14:15,100.8
4/7/2025,14:30,96
4/7/2025,14:45,112.8
4/7/2025,15:00,100
4/7/2025,15:15,132.8
4/7/2025,15:30,170.4
4/7/2025,15:45,173.6
4/7/2025,16:00,125.6
4/7/2025,16:15,152
4/7/2025,16:30,149.6
4/7/2025,16:45,126.4
4/7/2025,17:00,124.8
4/7/2025,17:15,123.2
4/7/2025,17:30,115.2
4/7/2025,17:45,108
4/7/2025,18:00,108
4/7/2025,18:15,99.2
4/7/2025,18:30,122.4
4/7/2025,18:45,146.4
4/7/2025,19:00,124.8
4/7/2025,19:15,132.8
4/7/2025,19:30,131.2
4/7/2025,19:45,124
4/7/2025,20:00,130.4
4/7/2025,20:15,118.4
4/7/2025,20:30,116
4/7/2025,20:45,119.2
4/7/2025,21:00,116
4/7/2025,21:15,119.2
4/7/2025,21:30,118.4
4/7/2025,21:45,152.8
4/7/2025,22:00,140.8
4/7/2025,22:15,154.4
4/7/2025,22:30,128
4/7/2025,22:45,124.8
4/7/2025,23:00,132
4/7/2025,23:15,130.4
4/7/2025,23:30,123.2
4/7/2025,23:45,119.2
4/8/2025,0:00,120
4/8/2025,0:15,92.8
4/8/2025,0:30,90.4
4/8/2025,0:45,83.2
4/8/2025,1:00,124
4/8/2025,1:15,102.4
4/8/2025,1:30,98.4
4/8/2025,1:45,99.2
4/8/2025,2:00,93.6
4/8/2025,2:15,102.4
4/8/2025,2:30,104
4/8/2025,2:45,110.4
4/8/2025,3:00,97.6
4/8/2025,3:15,95.2
4/8/2025,3:30,115.2
4/8/2025,3:45,101.6
4/8/2025,4:00,104
4/8/2025,4:15,100
4/8/2025,4:30,105.6
4/8/2025,4:45,104.8
4/8/2025,5:00,97.6
4/8/2025,5:15,116.8
4/8/2025,5:30,88
4/8/2025,5:45,112
4/8/2025,6:00,112
4/8/2025,6:15,124.8
4/8/2025,6:30,120.8
4/8/2025,6:45,116
4/8/2025,7:00,108
4/8/2025,7:15,134.4
4/8/2025,7:30,131.2
4/8/2025,7:45,161.6
4/8/2025,8:00,137.6
4/8/2025,8:15,146.4
4/8/2025,8:30,154.4
4/8/2025,8:45,156
4/8/2025,9:00,166.4
4/8/2025,9:15,186.4
4/8/2025,9:30,129.6
4/8/2025,9:45,140.8
4/8/2025,10:00,123.2
4/8/2025,10:15,161.6
4/8/2025,10:30,124.8
4/8/2025,10:45,138.4
4/8/2025,11:00,116.8
4/8/2025,11:15,144.8
4/8/2025,11:30,120.8
4/8/2025,11:45,125.6
4/8/2025,12:00,136
4/8/2025,12:15,117.6
4/8/2025,12:30,129.6
4/8/2025,12:45,155.2
4/8/2025,13:00,128.8
4/8/2025,13:15,111.2
4/8/2025,13:30,140
4/8/2025,13:45,118.4
4/8/2025,14:00,142.4
4/8/2025,14:15,109.6
4/8/2025,14:30,134.4
4/8/2025,14:45,168
4/8/2025,15:00,156
4/8/2025,15:15,164
4/8/2025,15:30,176
4/8/2025,15:45,180.8
4/8/2025,16:00,172.8
4/8/2025,16:15,198.4
4/8/2025,16:30,152
4/8/2025,16:45,151.2
4/8/2025,17:00,126.4
4/8/2025,17:15,132
4/8/2025,17:30,124
4/8/2025,17:45,110.4
4/8/2025,18:00,118.4
4/8/2025,18:15,123.2
4/8/2025,18:30,131.2
4/8/2025,18:45,133.6
4/8/2025,19:00,120.8
4/8/2025,19:15,131.2
4/8/2025,19:30,118.4
4/8/2025,19:45,120
4/8/2025,20:00,134.4
4/8/2025,20:15,113.6
4/8/2025,20:30,111.2
4/8/2025,20:45,127.2
4/8/2025,21:00,120
4/8/2025,21:15,120.8
4/8/2025,21:30,128
4/8/2025,21:45,116
4/8/2025,22:00,120
4/8/2025,22:15,122.4
4/8/2025,22:30,93.6
4/8/2025,22:45,92.8
4/8/2025,23:00,91.2
4/8/2025,23:15,115.2
4/8/2025,23:30,141.6
4/8/2025,23:45,113.6
4/9/2025,0:00,112.8
4/9/2025,0:15,129.6
4/9/2025,0:30,121.6
4/9/2025,0:45,120
4/9/2025,1:00,148
4/9/2025,1:15,120
4/9/2025,1:30,116
4/9/2025,1:45,78.4
4/9/2025,2:00,116
4/9/2025,2:15,90.4
4/9/2025,2:30,141.6
4/9/2025,2:45,88
4/9/2025,3:00,87.2
4/9/2025,3:15,116.8
4/9/2025,3:30,98.4
4/9/2025,3:45,84
4/9/2025,4:00,96.8
4/9/2025,4:15,90.4
4/9/2025,4:30,110.4
4/9/2025,4:45,88.8
4/9/2025,5:00,108.8
4/9/2025,5:15,89.6
4/9/2025,5:30,100
4/9/2025,5:45,92.8
4/9/2025,6:00,120.8
4/9/2025,6:15,120
4/9/2025,6:30,94.4
4/9/2025,6:45,131.2
4/9/2025,7:00,112.8
4/9/2025,7:15,104.8
4/9/2025,7:30,104.8
4/9/2025,7:45,105.6
4/9/2025,8:00,114.4
4/9/2025,8:15,124.8
4/9/2025,8:30,135.2
4/9/2025,8:45,142.4
4/9/2025,9:00,158.4
4/9/2025,9:15,152.8
4/9/2025,9:30,168
4/9/2025,9:45,177.6
4/9/2025,10:00,177.6
4/9/2025,10:15,194.4
4/9/2025,10:30,156
4/9/2025,10:45,168.8
4/9/2025,11:00,166.4
4/9/2025,11:15,157.6
4/9/2025,11:30,143.2
4/9/2025,11:45,127.2
4/9/2025,12:00,155.2
4/9/2025,12:15,148
4/9/2025,12:30,132.8
4/9/2025,12:45,132.8
4/9/2025,13:00,138.4
4/9/2025,13:15,120.8
4/9/2025,13:30,131.2
4/9/2025,13:45,124
4/9/2025,14:00,116.8
4/9/2025,14:15,120
4/9/2025,14:30,124
4/9/2025,14:45,134.4
4/9/2025,15:00,132.8
4/9/2025,15:15,131.2
4/9/2025,15:30,114.4
4/9/2025,15:45,127.2
4/9/2025,16:00,123.2
4/9/2025,16:15,150.4
4/9/2025,16:30,132.8
4/9/2025,16:45,128
4/9/2025,17:00,125.6
4/9/2025,17:15,108
4/9/2025,17:30,108
4/9/2025,17:45,109.6
4/9/2025,18:00,152
4/9/2025,18:15,137.6
4/9/2025,18:30,170.4
4/9/2025,18:45,151.2
4/9/2025,19:00,152.8
4/9/2025,19:15,159.2
4/9/2025,19:30,149.6
4/9/2025,19:45,119.2
4/9/2025,20:00,120.8
4/9/2025,20:15,116.8
4/9/2025,20:30,119.2
4/9/2025,20:45,113.6
4/9/2025,21:00,123.2
4/9/2025,21:15,129.6
4/9/2025,21:30,112.8
4/9/2025,21:45,120
4/9/2025,22:00,132.8
4/9/2025,22:15,119.2
4/9/2025,22:30,116
4/9/2025,22:45,131.2
4/9/2025,23:00,140
4/9/2025,23:15,128
4/9/2025,23:30,136
4/9/2025,23:45,126.4
4/10/2025,0:00,130.4
4/10/2025,0:15,136.8
4/10/2025,0:30,134.4
4/10/2025,0:45,106.4
4/10/2025,1:00,103.2
4/10/2025,1:15,112
4/10/2025,1:30,100.8
4/10/2025,1:45,107.2
4/10/2025,2:00,103.2
4/10/2025,2:15,86.4
4/10/2025,2:30,74.4
4/10/2025,2:45,80.8
4/10/2025,3:00,102.4
4/10/2025,3:15,104
4/10/2025,3:30,117.6
4/10/2025,3:45,102.4
4/10/2025,4:00,106.4
4/10/2025,4:15,75.2
4/10/2025,4:30,86.4
4/10/2025,4:45,90.4
4/10/2025,5:00,76.8
4/10/2025,5:15,96
4/10/2025,5:30,86.4
4/10/2025,5:45,88
4/10/2025,6:00,152
4/10/2025,6:15,138.4
4/10/2025,6:30,143.2
4/10/2025,6:45,113.6
4/10/2025,7:00,120.8
4/10/2025,7:15,97.6
4/10/2025,7:30,88.8
4/10/2025,7:45,95.2
4/10/2025,8:00,126.4
4/10/2025,8:15,139.2
4/10/2025,8:30,138.4
4/10/2025,8:45,148.8
4/10/2025,9:00,116.8
4/10/2025,9:15,129.6
4/10/2025,9:30,146.4
4/10/2025,9:45,121.6
4/10/2025,10:00,156.8
4/10/2025,10:15,146.4
4/10/2025,10:30,151.2
4/10/2025,10:45,141.6
4/10/2025,11:00,113.6
4/10/2025,11:15,119.2
4/10/2025,11:30,107.2
4/10/2025,11:45,134.4
4/10/2025,12:00,151.2
4/10/2025,12:15,124.8
4/10/2025,12:30,141.6
4/10/2025,12:45,126.4
4/10/2025,13:00,129.6
4/10/2025,13:15,111.2
4/10/2025,13:30,106.4
4/10/2025,13:45,136.8
4/10/2025,14:00,105.6
4/10/2025,14:15,126.4
4/10/2025,14:30,140
4/10/2025,14:45,136.8
4/10/2025,15:00,141.6
4/10/2025,15:15,121.6
4/10/2025,15:30,123.2
4/10/2025,15:45,115.2
4/10/2025,16:00,108.8
4/10/2025,16:15,132
4/10/2025,16:30,161.6
4/10/2025,16:45,163.2
4/10/2025,17:00,128
4/10/2025,17:15,127.2
4/10/2025,17:30,93.6
4/10/2025,17:45,100
4/10/2025,18:00,107.2
4/10/2025,18:15,95.2
4/10/2025,18:30,152
4/10/2025,18:45,131.2
4/10/2025,19:00,136.8
4/10/2025,19:15,165.6
4/10/2025,19:30,134.4
4/10/2025,19:45,101.6
4/10/2025,20:00,118.4
4/10/2025,20:15,100.8
4/10/2025,20:30,108.8
4/10/2025,20:45,163.2
4/10/2025,21:00,130.4
4/10/2025,21:15,127.2
4/10/2025,21:30,128.8
4/10/2025,21:45,136
4/10/2025,22:00,102.4
4/10/2025,22:15,101.6
4/10/2025,22:30,92.8
4/10/2025,22:45,88
4/10/2025,23:00,106.4
4/10/2025,23:15,106.4
4/10/2025,23:30,109.6
4/10/2025,23:45,105.6
4/11/2025,0:00,108
4/11/2025,0:15,84
4/11/2025,0:30,81.6
4/11/2025,0:45,80.8
4/11/2025,1:00,96.8
4/11/2025,1:15,105.6
4/11/2025,1:30,117.6
4/11/2025,1:45,119.2
4/11/2025,2:00,107.2
4/11/2025,2:15,97.6
4/11/2025,2:30,93.6
4/11/2025,2:45,80
4/11/2025,3:00,82.4
4/11/2025,3:15,132.8
4/11/2025,3:30,112.8
4/11/2025,3:45,102.4
4/11/2025,4:00,106.4
4/11/2025,4:15,101.6
4/11/2025,4:30,79.2
4/11/2025,4:45,80.8
4/11/2025,5:00,79.2
4/11/2025,5:15,88
4/11/2025,5:30,112
4/11/2025,5:45,107.2
4/11/2025,6:00,125.6
4/11/2025,6:15,144
4/11/2025,6:30,104.8
4/11/2025,6:45,89.6
4/11/2025,7:00,82.4
4/11/2025,7:15,90.4
4/11/2025,7:30,144.8
4/11/2025,7:45,118.4
4/11/2025,8:00,129.6
4/11/2025,8:15,129.6
4/11/2025,8:30,126.4
4/11/2025,8:45,103.2
4/11/2025,9:00,110.4
4/11/2025,9:15,123.2
4/11/2025,9:30,164
4/11/2025,9:45,148.8
4/11/2025,10:00,157.6
4/11/2025,10:15,127.2
4/11/2025,10:30,119.2
4/11/2025,10:45,128.8
4/11/2025,11:00,173.6
4/11/2025,11:15,159.2
4/11/2025,11:30,140.8
4/11/2025,11:45,140.8
4/11/2025,12:00,150.4
4/11/2025,12:15,125.6
4/11/2025,12:30,116
4/11/2025,12:45,98.4
4/11/2025,13:00,103.2
4/11/2025,13:15,144
4/11/2025,13:30,148
4/11/2025,13:45,131.2
4/11/2025,14:00,130.4
4/11/2025,14:15,108
4/11/2025,14:30,108.8
4/11/2025,14:45,94.4
4/11/2025,15:00,101.6
4/11/2025,15:15,114.4
4/11/2025,15:30,143.2
4/11/2025,15:45,124.8
4/11/2025,16:00,165.6
4/11/2025,16:15,137.6
4/11/2025,16:30,130.4
4/11/2025,16:45,145.6
4/11/2025,17:00,162.4
4/11/2025,17:15,135.2
4/11/2025,17:30,164
4/11/2025,17:45,120.8
4/11/2025,18:00,92
4/11/2025,18:15,112.8
4/11/2025,18:30,120.8
4/11/2025,18:45,146.4
4/11/2025,19:00,146.4
4/11/2025,19:15,133.6
4/11/2025,19:30,135.2
4/11/2025,19:45,140.8
4/11/2025,20:00,138.4
4/11/2025,20:15,119.2
4/11/2025,20:30,112
4/11/2025,20:45,107.2
4/11/2025,21:00,122.4
4/11/2025,21:15,137.6
4/11/2025,21:30,139.2
4/11/2025,21:45,134.4
4/11/2025,22:00,128
4/11/2025,22:15,138.4
4/11/2025,22:30,85.6
4/11/2025,22:45,86.4
4/11/2025,23:00,83.2
4/11/2025,23:15,86.4
4/11/2025,23:30,116
4/11/2025,23:45,96.8
4/12/2025,0:00,84
4/12/2025,0:15,100
4/12/2025,0:30,125.6
4/12/2025,0:45,108
4/12/2025,1:00,101.6
4/12/2025,1:15,98.4
4/12/2025,1:30,99.2
4/12/2025,1:45,96.8
4/12/2025,2:00,88.8
4/12/2025,2:15,92.8
4/12/2025,2:30,91.2
4/12/2025,2:45,96
4/12/2025,3:00,98.4
4/12/2025,3:15,102.4
4/12/2025,3:30,90.4
4/12/2025,3:45,96
4/12/2025,4:00,93.6
4/12/2025,4:15,95.2
4/12/2025,4:30,95.2
4/12/2025,4:45,96
4/12/2025,5:00,97.6
4/12/2025,5:15,96.8
4/12/2025,5:30,115.2
4/12/2025,5:45,105.6
4/12/2025,6:00,118.4
4/12/2025,6:15,112.8
4/12/2025,6:30,112
4/12/2025,6:45,107.2
4/12/2025,7:00,123.2
4/12/2025,7:15,120
4/12/2025,7:30,105.6
4/12/2025,7:45,116
4/12/2025,8:00,109.6
4/12/2025,8:15,124.8
4/12/2025,8:30,136.8
4/12/2025,8:45,148
4/12/2025,9:00,140.8
4/12/2025,9:15,133.6
4/12/2025,9:30,140
4/12/2025,9:45,165.6
4/12/2025,10:00,158.4
4/12/2025,10:15,133.6
4/12/2025,10:30,143.2
4/12/2025,10:45,147.2
4/12/2025,11:00,155.2
4/12/2025,11:15,134.4
4/12/2025,11:30,152.8
4/12/2025,11:45,142.4
4/12/2025,12:00,177.6
4/12/2025,12:15,130.4
4/12/2025,12:30,113.6
4/12/2025,12:45,124.8
4/12/2025,13:00,114.4
4/12/2025,13:15,128
4/12/2025,13:30,113.6
4/12/2025,13:45,111.2
4/12/2025,14:00,124
4/12/2025,14:15,110.4
4/12/2025,14:30,115.2
4/12/2025,14:45,129.6
4/12/2025,15:00,112
4/12/2025,15:15,108.8
4/12/2025,15:30,121.6
4/12/2025,15:45,112
4/12/2025,16:00,134.4
4/12/2025,16:15,163.2
4/12/2025,16:30,151.2
4/12/2025,16:45,143.2
4/12/2025,17:00,159.2
4/12/2025,17:15,124.8
4/12/2025,17:30,132
4/12/2025,17:45,127.2
4/12/2025,18:00,103.2
4/12/2025,18:15,112.8
4/12/2025,18:30,118.4
4/12/2025,18:45,119.2
4/12/2025,19:00,125.6
4/12/2025,19:15,114.4
4/12/2025,19:30,125.6
4/12/2025,19:45,119.2
4/12/2025,20:00,117.6
4/12/2025,20:15,118.4
4/12/2025,20:30,114.4
4/12/2025,20:45,125.6
4/12/2025,21:00,113.6
4/12/2025,21:15,146.4
4/12/2025,21:30,130.4
4/12/2025,21:45,116
4/12/2025,22:00,116
4/12/2025,22:15,117.6
4/12/2025,22:30,123.2
4/12/2025,22:45,97.6
4/12/2025,23:00,94.4
4/12/2025,23:15,93.6
4/12/2025,23:30,88.8
4/12/2025,23:45,89.6
4/13/2025,0:00,99.2
4/13/2025,0:15,100.8
4/13/2025,0:30,93.6
4/13/2025,0:45,94.4
4/13/2025,1:00,92
4/13/2025,1:15,90.4
4/13/2025,1:30,100.8
4/13/2025,1:45,108
4/13/2025,2:00,92.8
4/13/2025,2:15,87.2
4/13/2025,2:30,98.4
4/13/2025,2:45,93.6
4/13/2025,3:00,105.6
4/13/2025,3:15,93.6
4/13/2025,3:30,93.6
4/13/2025,3:45,93.6
4/13/2025,4:00,88.8
4/13/2025,4:15,95.2
4/13/2025,4:30,102.4
4/13/2025,4:45,91.2
4/13/2025,5:00,104
4/13/2025,5:15,102.4
4/13/2025,5:30,104.8
4/13/2025,5:45,92.8
4/13/2025,6:00,121.6
4/13/2025,6:15,118.4
4/13/2025,6:30,117.6
4/13/2025,6:45,108
4/13/2025,7:00,131.2
4/13/2025,7:15,119.2
4/13/2025,7:30,118.4
4/13/2025,7:45,124
4/13/2025,8:00,137.6
4/13/2025,8:15,121.6
4/13/2025,8:30,125.6
4/13/2025,8:45,145.6
4/13/2025,9:00,162.4
4/13/2025,9:15,143.2
4/13/2025,9:30,138.4
4/13/2025,9:45,152.8
4/13/2025,10:00,157.6
4/13/2025,10:15,152.8
4/13/2025,10:30,137.6
4/13/2025,10:45,124
4/13/2025,11:00,117.6
4/13/2025,11:15,120
4/13/2025,11:30,122.4
4/13/2025,11:45,138.4
4/13/2025,12:00,122.4
4/13/2025,12:15,123.2
4/13/2025,12:30,135.2
4/13/2025,12:45,120
4/13/2025,13:00,123.2
4/13/2025,13:15,108
4/13/2025,13:30,122.4
4/13/2025,13:45,108.8
4/13/2025,14:00,112
4/13/2025,14:15,132.8
4/13/2025,14:30,108.8
4/13/2025,14:45,116
4/13/2025,15:00,126.4
4/13/2025,15:15,119.2
4/13/2025,15:30,123.2
4/13/2025,15:45,121.6
4/13/2025,16:00,118.4
4/13/2025,16:15,135.2
4/13/2025,16:30,161.6
4/13/2025,16:45,135.2
4/13/2025,17:00,118.4
4/13/2025,17:15,130.4
4/13/2025,17:30,124.8
4/13/2025,17:45,120
4/13/2025,18:00,120.8
4/13/2025,18:15,114.4
4/13/2025,18:30,116
4/13/2025,18:45,118.4
4/13/2025,19:00,115.2
4/13/2025,19:15,128
4/13/2025,19:30,113.6
4/13/2025,19:45,114.4
4/13/2025,20:00,132
4/13/2025,20:15,126.4
4/13/2025,20:30,112.8
4/13/2025,20:45,119.2
4/13/2025,21:00,113.6
4/13/2025,21:15,112.8
4/13/2025,21:30,112.8
4/13/2025,21:45,115.2
4/13/2025,22:00,112
4/13/2025,22:15,116
4/13/2025,22:30,93.6
4/13/2025,22:45,95.2
4/13/2025,23:00,96.8
4/13/2025,23:15,92
4/13/2025,23:30,92.8
4/13/2025,23:45,108.8
4/14/2025,0:00,96
4/14/2025,0:15,88.8
4/14/2025,0:30,92
4/14/2025,0:45,95.2
4/14/2025,1:00,93.6
4/14/2025,1:15,106.4
4/14/2025,1:30,100
4/14/2025,1:45,100.8
4/14/2025,2:00,91.2
4/14/2025,2:15,108
4/14/2025,2:30,90.4
4/14/2025,2:45,93.6
4/14/2025,3:00,92
4/14/2025,3:15,100.8
4/14/2025,3:30,91.2
4/14/2025,3:45,88.8
4/14/2025,4:00,91.2
4/14/2025,4:15,92.8
4/14/2025,4:30,84.8
4/14/2025,4:45,92
4/14/2025,5:00,97.6
4/14/2025,5:15,112
4/14/2025,5:30,88.8
4/14/2025,5:45,100
4/14/2025,6:00,108.8
4/14/2025,6:15,116.8
4/14/2025,6:30,135.2
4/14/2025,6:45,100.8
4/14/2025,7:00,117.6
4/14/2025,7:15,114.4
4/14/2025,7:30,111.2
4/14/2025,7:45,113.6
4/14/2025,8:00,146.4
4/14/2025,8:15,116
4/14/2025,8:30,136
4/14/2025,8:45,122.4
4/14/2025,9:00,140.8
4/14/2025,9:15,142.4
4/14/2025,9:30,147.2
4/14/2025,9:45,147.2
4/14/2025,10:00,131.2
4/14/2025,10:15,128
4/14/2025,10:30,152.8
4/14/2025,10:45,124.8
4/14/2025,11:00,120
4/14/2025,11:15,117.6
4/14/2025,11:30,128
4/14/2025,11:45,123.2
4/14/2025,12:00,160
4/14/2025,12:15,113.6
4/14/2025,12:30,113.6
4/14/2025,12:45,108.8
4/14/2025,13:00,113.6
4/14/2025,13:15,108.8
4/14/2025,13:30,119.2
4/14/2025,13:45,112
4/14/2025,14:00,111.2
4/14/2025,14:15,112.8
4/14/2025,14:30,105.6
4/14/2025,14:45,109.6
4/14/2025,15:00,111.2
4/14/2025,15:15,128
4/14/2025,15:30,132.8
4/14/2025,15:45,140
4/14/2025,16:00,127.2
4/14/2025,16:15,113.6
4/14/2025,16:30,115.2
4/14/2025,16:45,110.4
4/14/2025,17:00,119.2
4/14/2025,17:15,128.8
4/14/2025,17:30,122.4
4/14/2025,17:45,105.6
4/14/2025,18:00,96.8
4/14/2025,18:15,132
4/14/2025,18:30,122.4
4/14/2025,18:45,114.4
4/14/2025,19:00,120
4/14/2025,19:15,116.8
4/14/2025,19:30,114.4
4/14/2025,19:45,118.4
4/14/2025,20:00,123.2
4/14/2025,20:15,121.6
4/14/2025,20:30,114.4
4/14/2025,20:45,113.6
4/14/2025,21:00,112.8
4/14/2025,21:15,116.8
4/14/2025,21:30,115.2
4/14/2025,21:45,108
4/14/2025,22:00,113.6
4/14/2025,22:15,108
4/14/2025,22:30,92
4/14/2025,22:45,90.4
4/14/2025,23:00,97.6
4/14/2025,23:15,93.6
4/14/2025,23:30,92.8
4/14/2025,23:45,90.4
4/15/2025,0:00,96
4/15/2025,0:15,92
4/15/2025,0:30,90.4
4/15/2025,0:45,90.4
4/15/2025,1:00,92
4/15/2025,1:15,87.2
4/15/2025,1:30,92.8
4/15/2025,1:45,94.4
4/15/2025,2:00,111.2
4/15/2025,2:15,88
4/15/2025,2:30,95.2
4/15/2025,2:45,95.2
4/15/2025,3:00,90.4
4/15/2025,3:15,92
4/15/2025,3:30,93.6
4/15/2025,3:45,92
4/15/2025,4:00,91.2
4/15/2025,4:15,92.8
4/15/2025,4:30,108
4/15/2025,4:45,104
4/15/2025,5:00,87.2
4/15/2025,5:15,111.2
4/15/2025,5:30,104
4/15/2025,5:45,90.4
4/15/2025,6:00,113.6
4/15/2025,6:15,112
4/15/2025,6:30,122.4
4/15/2025,6:45,97.6
4/15/2025,7:00,97.6
4/15/2025,7:15,100
4/15/2025,7:30,100.8
4/15/2025,7:45,107.2
4/15/2025,8:00,140
4/15/2025,8:15,128
4/15/2025,8:30,126.4
4/15/2025,8:45,134.4
4/15/2025,9:00,128.8
4/15/2025,9:15,154.4
4/15/2025,9:30,161.6
4/15/2025,9:45,159.2
4/15/2025,10:00,141.6
4/15/2025,10:15,133.6
4/15/2025,10:30,112.8
4/15/2025,10:45,121.6
4/15/2025,11:00,136.8
4/15/2025,11:15,135.2
4/15/2025,11:30,120.8
4/15/2025,11:45,129.6
4/15/2025,12:00,121.6
4/15/2025,12:15,116
4/15/2025,12:30,123.2
4/15/2025,12:45,147.2
4/15/2025,13:00,124
4/15/2025,13:15,108
4/15/2025,13:30,124
4/15/2025,13:45,114.4
4/15/2025,14:00,124
4/15/2025,14:15,126.4
4/15/2025,14:30,117.6
4/15/2025,14:45,119.2
4/15/2025,15:00,120.8
4/15/2025,15:15,134.4
4/15/2025,15:30,140
4/15/2025,15:45,128.8
4/15/2025,16:00,149.6
4/15/2025,16:15,160
4/15/2025,16:30,131.2
4/15/2025,16:45,112
4/15/2025,17:00,120
4/15/2025,17:15,100.8
4/15/2025,17:30,113.6
4/15/2025,17:45,106.4
4/15/2025,18:00,120
4/15/2025,18:15,107.2
4/15/2025,18:30,120.8
4/15/2025,18:45,134.4
4/15/2025,19:00,122.4
4/15/2025,19:15,118.4
4/15/2025,19:30,120.8
4/15/2025,19:45,116.8
4/15/2025,20:00,120.8
4/15/2025,20:15,119.2
4/15/2025,20:30,108
4/15/2025,20:45,121.6
4/15/2025,21:00,115.2
4/15/2025,21:15,116.8
4/15/2025,21:30,132
4/15/2025,21:45,114.4
4/15/2025,22:00,117.6
4/15/2025,22:15,112.8
4/15/2025,22:30,100.8
4/15/2025,22:45,107.2
4/15/2025,23:00,93.6
4/15/2025,23:15,90.4
4/15/2025,23:30,93.6
4/15/2025,23:45,93.6
4/16/2025,0:00,111.2
4/16/2025,0:15,93.6
4/16/2025,0:30,115.2
4/16/2025,0:45,92
4/16/2025,1:00,101.6
4/16/2025,1:15,89.6
4/16/2025,1:30,90.4
4/16/2025,1:45,95.2
4/16/2025,2:00,87.2
4/16/2025,2:15,114.4
4/16/2025,2:30,111.2
4/16/2025,2:45,104.8
4/16/2025,3:00,90.4
4/16/2025,3:15,89.6
4/16/2025,3:30,92.8
4/16/2025,3:45,100.8
4/16/2025,4:00,92
4/16/2025,4:15,90.4
4/16/2025,4:30,90.4
4/16/2025,4:45,98.4
4/16/2025,5:00,91.2
4/16/2025,5:15,96.8
4/16/2025,5:30,101.6
4/16/2025,5:45,106.4
4/16/2025,6:00,96.8
4/16/2025,6:15,114.4
4/16/2025,6:30,140
4/16/2025,6:45,102.4
4/16/2025,7:00,116
4/16/2025,7:15,103.2
4/16/2025,7:30,101.6
4/16/2025,7:45,104
4/16/2025,8:00,136.8
4/16/2025,8:15,119.2
4/16/2025,8:30,113.6
4/16/2025,8:45,119.2
4/16/2025,9:00,116.8
4/16/2025,9:15,123.2
4/16/2025,9:30,137.6
4/16/2025,9:45,151.2
4/16/2025,10:00,124.8
4/16/2025,10:15,118.4
4/16/2025,10:30,136.8
4/16/2025,10:45,142.4
4/16/2025,11:00,137.6
4/16/2025,11:15,132.8
4/16/2025,11:30,144.8
4/16/2025,11:45,141.6
4/16/2025,12:00,132.8
4/16/2025,12:15,137.6
4/16/2025,12:30,124
4/16/2025,12:45,130.4
4/16/2025,13:00,132.8
4/16/2025,13:15,131.2
4/16/2025,13:30,116
4/16/2025,13:45,118.4
4/16/2025,14:00,132
4/16/2025,14:15,124
4/16/2025,14:30,161.6
4/16/2025,14:45,160.8
4/16/2025,15:00,156
4/16/2025,15:15,163.2
4/16/2025,15:30,178.4
4/16/2025,15:45,177.6
4/16/2025,16:00,163.2
4/16/2025,16:15,204.8
4/16/2025,16:30,184
4/16/2025,16:45,170.4
4/16/2025,17:00,181.6
4/16/2025,17:15,172.8
4/16/2025,17:30,188
4/16/2025,17:45,165.6
4/16/2025,18:00,180.8
4/16/2025,18:15,153.6
4/16/2025,18:30,163.2
4/16/2025,18:45,190.4
4/16/2025,19:00,172.8
4/16/2025,19:15,126.4
4/16/2025,19:30,112
4/16/2025,19:45,144
4/16/2025,20:00,111.2
4/16/2025,20:15,140
4/16/2025,20:30,109.6
4/16/2025,20:45,113.6
4/16/2025,21:00,135.2
4/16/2025,21:15,120
4/16/2025,21:30,143.2
4/16/2025,21:45,115.2
4/16/2025,22:00,116.8
4/16/2025,22:15,149.6
4/16/2025,22:30,95.2
4/16/2025,22:45,97.6
4/16/2025,23:00,88.8
4/16/2025,23:15,91.2
4/16/2025,23:30,94.4
4/16/2025,23:45,84.8
4/17/2025,0:00,91.2
4/17/2025,0:15,86.4
4/17/2025,0:30,93.6
4/17/2025,0:45,98.4
4/17/2025,1:00,89.6
4/17/2025,1:15,90.4
4/17/2025,1:30,88.8
4/17/2025,1:45,89.6
4/17/2025,2:00,92
4/17/2025,2:15,90.4
4/17/2025,2:30,87.2
4/17/2025,2:45,112.8
4/17/2025,3:00,88
4/17/2025,3:15,114.4
4/17/2025,3:30,90.4
4/17/2025,3:45,91.2
4/17/2025,4:00,87.2
4/17/2025,4:15,95.2
4/17/2025,4:30,113.6
4/17/2025,4:45,116.8
4/17/2025,5:00,129.6
4/17/2025,5:15,116
4/17/2025,5:30,114.4
4/17/2025,5:45,117.6
4/17/2025,6:00,167.2
4/17/2025,6:15,137.6
4/17/2025,6:30,173.6
4/17/2025,6:45,110.4
4/17/2025,7:00,127.2
4/17/2025,7:15,88.8
4/17/2025,7:30,112
4/17/2025,7:45,111.2
4/17/2025,8:00,102.4
4/17/2025,8:15,131.2
4/17/2025,8:30,124
4/17/2025,8:45,132.8
4/17/2025,9:00,132
4/17/2025,9:15,141.6
4/17/2025,9:30,143.2
4/17/2025,9:45,136
4/17/2025,10:00,152.8
4/17/2025,10:15,127.2
4/17/2025,10:30,128
4/17/2025,10:45,130.4
4/17/2025,11:00,133.6
4/17/2025,11:15,136.8
4/17/2025,11:30,144
4/17/2025,11:45,122.4
4/17/2025,12:00,132.8
4/17/2025,12:15,133.6
4/17/2025,12:30,128
4/17/2025,12:45,132
4/17/2025,13:00,133.6
4/17/2025,13:15,127.2
4/17/2025,13:30,128.8
4/17/2025,13:45,119.2
4/17/2025,14:00,177.6
4/17/2025,14:15,186.4
4/17/2025,14:30,175.2
4/17/2025,14:45,164.8
4/17/2025,15:00,212
4/17/2025,15:15,172.8
4/17/2025,15:30,156.8
4/17/2025,15:45,128.8
4/17/2025,16:00,124
4/17/2025,16:15,127.2
4/17/2025,16:30,130.4
4/17/2025,16:45,159.2
4/17/2025,17:00,156
4/17/2025,17:15,113.6
4/17/2025,17:30,98.4
4/17/2025,17:45,105.6
4/17/2025,18:00,108
4/17/2025,18:15,99.2
4/17/2025,18:30,114.4
4/17/2025,18:45,127.2
4/17/2025,19:00,124
4/17/2025,19:15,139.2
4/17/2025,19:30,136.8
4/17/2025,19:45,122.4
4/17/2025,20:00,118.4
4/17/2025,20:15,116.8
4/17/2025,20:30,116.8
4/17/2025,20:45,132.8
4/17/2025,21:00,114.4
4/17/2025,21:15,115.2
4/17/2025,21:30,107.2
4/17/2025,21:45,129.6
4/17/2025,22:00,118.4
4/17/2025,22:15,112
4/17/2025,22:30,89.6
4/17/2025,22:45,92
4/17/2025,23:00,91.2
4/17/2025,23:15,92
4/17/2025,23:30,124
4/17/2025,23:45,127.2
4/18/2025,0:00,119.2
4/18/2025,0:15,116.8
4/18/2025,0:30,124
4/18/2025,0:45,112.8
4/18/2025,1:00,160.8
4/18/2025,1:15,116
4/18/2025,1:30,89.6
4/18/2025,1:45,90.4
4/18/2025,2:00,89.6
4/18/2025,2:15,92.8
4/18/2025,2:30,96.8
4/18/2025,2:45,93.6
4/18/2025,3:00,93.6
4/18/2025,3:15,90.4
4/18/2025,3:30,88.8
4/18/2025,3:45,93.6
4/18/2025,4:00,113.6
4/18/2025,4:15,104
4/18/2025,4:30,91.2
4/18/2025,4:45,88
4/18/2025,5:00,93.6
4/18/2025,5:15,89.6
4/18/2025,5:30,90.4
4/18/2025,5:45,90.4
4/18/2025,6:00,112
4/18/2025,6:15,119.2
4/18/2025,6:30,133.6
4/18/2025,6:45,104
4/18/2025,7:00,108.8
4/18/2025,7:15,97.6
4/18/2025,7:30,110.4
4/18/2025,7:45,106.4
4/18/2025,8:00,135.2
4/18/2025,8:15,115.2
4/18/2025,8:30,109.6
4/18/2025,8:45,145.6
4/18/2025,9:00,156
4/18/2025,9:15,171.2
4/18/2025,9:30,164.8
4/18/2025,9:45,172.8
4/18/2025,10:00,162.4
4/18/2025,10:15,131.2
4/18/2025,10:30,133.6
4/18/2025,10:45,121.6
4/18/2025,11:00,127.2
4/18/2025,11:15,137.6
4/18/2025,11:30,129.6
4/18/2025,11:45,142.4
4/18/2025,12:00,125.6
4/18/2025,12:15,112.8
4/18/2025,12:30,144.8
4/18/2025,12:45,126.4
4/18/2025,13:00,120
4/18/2025,13:15,111.2
4/18/2025,13:30,113.6
4/18/2025,13:45,118.4
4/18/2025,14:00,120
4/18/2025,14:15,128.8
4/18/2025,14:30,124
4/18/2025,14:45,125.6
4/18/2025,15:00,127.2
4/18/2025,15:15,140
4/18/2025,15:30,138.4
4/18/2025,15:45,157.6
4/18/2025,16:00,293.6
4/18/2025,16:15,140.8
4/18/2025,16:30,146.4
4/18/2025,16:45,131.2
4/18/2025,17:00,124
4/18/2025,17:15,128
4/18/2025,17:30,142.4
4/18/2025,17:45,158.4
4/18/2025,18:00,164.8
4/18/2025,18:15,132
4/18/2025,18:30,145.6
4/18/2025,18:45,164
4/18/2025,19:00,168
4/18/2025,19:15,154.4
4/18/2025,19:30,148.8
4/18/2025,19:45,120.8
4/18/2025,20:00,127.2
4/18/2025,20:15,131.2
4/18/2025,20:30,116
4/18/2025,20:45,120.8
4/18/2025,21:00,129.6
4/18/2025,21:15,122.4
4/18/2025,21:30,119.2
4/18/2025,21:45,129.6
4/18/2025,22:00,135.2
4/18/2025,22:15,116
4/18/2025,22:30,116
4/18/2025,22:45,102.4
4/18/2025,23:00,93.6
4/18/2025,23:15,98.4
4/18/2025,23:30,108.8
4/18/2025,23:45,96
4/19/2025,0:00,98.4
4/19/2025,0:15,100
4/19/2025,0:30,100
4/19/2025,0:45,100.8
4/19/2025,1:00,119.2
4/19/2025,1:15,97.6
4/19/2025,1:30,96
4/19/2025,1:45,92
4/19/2025,2:00,101.6
4/19/2025,2:15,95.2
4/19/2025,2:30,94.4
4/19/2025,2:45,104
4/19/2025,3:00,93.6
4/19/2025,3:15,135.2
4/19/2025,3:30,118.4
4/19/2025,3:45,123.2
4/19/2025,4:00,120.8
4/19/2025,4:15,124
4/19/2025,4:30,119.2
4/19/2025,4:45,128.8
4/19/2025,5:00,125.6
4/19/2025,5:15,112.8
4/19/2025,5:30,96
4/19/2025,5:45,101.6
4/19/2025,6:00,98.4
4/19/2025,6:15,112
4/19/2025,6:30,112.8
4/19/2025,6:45,104.8
4/19/2025,7:00,107.2
4/19/2025,7:15,118.4
4/19/2025,7:30,112
4/19/2025,7:45,125.6
4/19/2025,8:00,155.2
4/19/2025,8:15,136.8
4/19/2025,8:30,148
4/19/2025,8:45,144.8
4/19/2025,9:00,131.2
4/19/2025,9:15,150.4
4/19/2025,9:30,205.6
4/19/2025,9:45,155.2
4/19/2025,10:00,136.8
4/19/2025,10:15,162.4
4/19/2025,10:30,151.2
4/19/2025,10:45,142.4
4/19/2025,11:00,137.6
4/19/2025,11:15,142.4
4/19/2025,11:30,137.6
4/19/2025,11:45,132.8
4/19/2025,12:00,137.6
4/19/2025,12:15,133.6
4/19/2025,12:30,156.8
4/19/2025,12:45,142.4
4/19/2025,13:00,168
4/19/2025,13:15,143.2
4/19/2025,13:30,136
4/19/2025,13:45,121.6
4/19/2025,14:00,130.4
4/19/2025,14:15,114.4
4/19/2025,14:30,136
4/19/2025,14:45,128.8
4/19/2025,15:00,118.4
4/19/2025,15:15,121.6
4/19/2025,15:30,135.2
4/19/2025,15:45,129.6
4/19/2025,16:00,152
4/19/2025,16:15,156
4/19/2025,16:30,144
4/19/2025,16:45,132
4/19/2025,17:00,143.2
4/19/2025,17:15,158.4
4/19/2025,17:30,161.6
4/19/2025,17:45,146.4
4/19/2025,18:00,132.8
4/19/2025,18:15,143.2
4/19/2025,18:30,146.4
4/19/2025,18:45,145.6
4/19/2025,19:00,150.4
4/19/2025,19:15,152
4/19/2025,19:30,156.8
4/19/2025,19:45,167.2
4/19/2025,20:00,117.6
4/19/2025,20:15,131.2
4/19/2025,20:30,120.8
4/19/2025,20:45,120
4/19/2025,21:00,118.4
4/19/2025,21:15,128.8
4/19/2025,21:30,122.4
4/19/2025,21:45,118.4
4/19/2025,22:00,127.2
4/19/2025,22:15,116
4/19/2025,22:30,102.4
4/19/2025,22:45,105.6
4/19/2025,23:00,114.4
4/19/2025,23:15,100
4/19/2025,23:30,98.4
4/19/2025,23:45,102.4
4/20/2025,0:00,155.2
4/20/2025,0:15,94.4
4/20/2025,0:30,112
4/20/2025,0:45,97.6
4/20/2025,1:00,96.8
4/20/2025,1:15,104.8
4/20/2025,1:30,99.2
4/20/2025,1:45,99.2
4/20/2025,2:00,100.8
4/20/2025,2:15,95.2
4/20/2025,2:30,102.4
4/20/2025,2:45,100
4/20/2025,3:00,93.6
4/20/2025,3:15,99.2
4/20/2025,3:30,107.2
4/20/2025,3:45,95.2
4/20/2025,4:00,96
4/20/2025,4:15,130.4
4/20/2025,4:30,121.6
4/20/2025,4:45,123.2
4/20/2025,5:00,124.8
4/20/2025,5:15,124.8
4/20/2025,5:30,123.2
4/20/2025,5:45,141.6
4/20/2025,6:00,129.6
4/20/2025,6:15,159.2
4/20/2025,6:30,181.6
4/20/2025,6:45,100
4/20/2025,7:00,132.8
4/20/2025,7:15,107.2
4/20/2025,7:30,128.8
4/20/2025,7:45,105.6
4/20/2025,8:00,134.4
4/20/2025,8:15,126.4
4/20/2025,8:30,119.2
4/20/2025,8:45,125.6
4/20/2025,9:00,137.6
4/20/2025,9:15,146.4
4/20/2025,9:30,174.4
4/20/2025,9:45,142.4
4/20/2025,10:00,138.4
4/20/2025,10:15,139.2
4/20/2025,10:30,134.4
4/20/2025,10:45,152.8
4/20/2025,11:00,148
4/20/2025,11:15,154.4
4/20/2025,11:30,168
4/20/2025,11:45,135.2
4/20/2025,12:00,148
4/20/2025,12:15,147.2
4/20/2025,12:30,121.6
4/20/2025,12:45,123.2
4/20/2025,13:00,109.6
4/20/2025,13:15,116.8
4/20/2025,13:30,117.6
4/20/2025,13:45,128.8
4/20/2025,14:00,117.6
4/20/2025,14:15,112.8
4/20/2025,14:30,109.6
4/20/2025,14:45,129.6
4/20/2025,15:00,150.4
4/20/2025,15:15,160.8
4/20/2025,15:30,170.4
4/20/2025,15:45,142.4
4/20/2025,16:00,184.8
4/20/2025,16:15,196
4/20/2025,16:30,160
4/20/2025,16:45,120
4/20/2025,17:00,114.4
4/20/2025,17:15,128
4/20/2025,17:30,111.2
4/20/2025,17:45,112
4/20/2025,18:00,122.4
4/20/2025,18:15,118.4
4/20/2025,18:30,121.6
4/20/2025,18:45,117.6
4/20/2025,19:00,122.4
4/20/2025,19:15,150.4
4/20/2025,19:30,116
4/20/2025,19:45,131.2
4/20/2025,20:00,120.8
4/20/2025,20:15,120.8
4/20/2025,20:30,115.2
4/20/2025,20:45,122.4
4/20/2025,21:00,124
4/20/2025,21:15,130.4
4/20/2025,21:30,119.2
4/20/2025,21:45,117.6
4/20/2025,22:00,124
4/20/2025,22:15,112.8
4/20/2025,22:30,99.2
4/20/2025,22:45,108.8
4/20/2025,23:00,105.6
4/20/2025,23:15,106.4
4/20/2025,23:30,126.4
4/20/2025,23:45,97.6
4/21/2025,0:00,97.6
4/21/2025,0:15,153.6
4/21/2025,0:30,127.2
4/21/2025,0:45,126.4
4/21/2025,1:00,128
4/21/2025,1:15,143.2
4/21/2025,1:30,128
4/21/2025,1:45,129.6
4/21/2025,2:00,119.2
4/21/2025,2:15,98.4
4/21/2025,2:30,98.4
4/21/2025,2:45,99.2
4/21/2025,3:00,108.8
4/21/2025,3:15,100.8
4/21/2025,3:30,96.8
4/21/2025,3:45,108.8
4/21/2025,4:00,108.8
4/21/2025,4:15,120.8
4/21/2025,4:30,97.6
4/21/2025,4:45,100
4/21/2025,5:00,96
4/21/2025,5:15,109.6
4/21/2025,5:30,96.8
4/21/2025,5:45,123.2
4/21/2025,6:00,107.2
4/21/2025,6:15,128
4/21/2025,6:30,135.2
4/21/2025,6:45,116
4/21/2025,7:00,116.8
4/21/2025,7:15,116.8
4/21/2025,7:30,110.4
4/21/2025,7:45,131.2
4/21/2025,8:00,133.6
4/21/2025,8:15,151.2
4/21/2025,8:30,140
4/21/2025,8:45,140.8
4/21/2025,9:00,136
4/21/2025,9:15,187.2
4/21/2025,9:30,186.4
4/21/2025,9:45,181.6
4/21/2025,10:00,188.8
4/21/2025,10:15,172
4/21/2025,10:30,164.8
4/21/2025,10:45,134.4
4/21/2025,11:00,138.4
4/21/2025,11:15,135.2
4/21/2025,11:30,141.6
4/21/2025,11:45,114.4
4/21/2025,12:00,142.4
4/21/2025,12:15,132.8
4/21/2025,12:30,124
4/21/2025,12:45,121.6
4/21/2025,13:00,141.6
4/21/2025,13:15,122.4
4/21/2025,13:30,118.4
4/21/2025,13:45,128
4/21/2025,14:00,126.4
4/21/2025,14:15,132
4/21/2025,14:30,127.2
4/21/2025,14:45,118.4
4/21/2025,15:00,122.4
4/21/2025,15:15,120.8
4/21/2025,15:30,123.2
4/21/2025,15:45,128
4/21/2025,16:00,158.4
4/21/2025,16:15,152
4/21/2025,16:30,148
4/21/2025,16:45,150.4
4/21/2025,17:00,180
4/21/2025,17:15,180.8
4/21/2025,17:30,152.8
4/21/2025,17:45,147.2
4/21/2025,18:00,140
4/21/2025,18:15,156
4/21/2025,18:30,159.2
4/21/2025,18:45,153.6
4/21/2025,19:00,165.6
4/21/2025,19:15,170.4
4/21/2025,19:30,164
4/21/2025,19:45,162.4
4/21/2025,20:00,145.6
4/21/2025,20:15,126.4
4/21/2025,20:30,120.8
4/21/2025,20:45,126.4
4/21/2025,21:00,119.2
4/21/2025,21:15,136.8
4/21/2025,21:30,136.8
4/21/2025,21:45,124
4/21/2025,22:00,125.6
4/21/2025,22:15,120.8
4/21/2025,22:30,109.6
4/21/2025,22:45,124
4/21/2025,23:00,104
4/21/2025,23:15,101.6
4/21/2025,23:30,101.6
4/21/2025,23:45,103.2
4/22/2025,0:00,97.6
4/22/2025,0:15,96.8
4/22/2025,0:30,96.8
4/22/2025,0:45,98.4
4/22/2025,1:00,115.2
4/22/2025,1:15,102.4
4/22/2025,1:30,99.2
4/22/2025,1:45,100.8
4/22/2025,2:00,108
4/22/2025,2:15,99.2
4/22/2025,2:30,99.2
4/22/2025,2:45,110.4
4/22/2025,3:00,100.8
4/22/2025,3:15,133.6
4/22/2025,3:30,133.6
4/22/2025,3:45,138.4
4/22/2025,4:00,132
4/22/2025,4:15,128
4/22/2025,4:30,129.6
4/22/2025,4:45,130.4
4/22/2025,5:00,100
4/22/2025,5:15,108.8
4/22/2025,5:30,114.4
4/22/2025,5:45,113.6
4/22/2025,6:00,128.8
4/22/2025,6:15,132
4/22/2025,6:30,113.6
4/22/2025,6:45,112
4/22/2025,7:00,116
4/22/2025,7:15,127.2
4/22/2025,7:30,113.6
4/22/2025,7:45,114.4
4/22/2025,8:00,133.6
4/22/2025,8:15,136
4/22/2025,8:30,136.8
4/22/2025,8:45,136.8
4/22/2025,9:00,160
4/22/2025,9:15,176
4/22/2025,9:30,170.4
4/22/2025,9:45,140.8
4/22/2025,10:00,164
4/22/2025,10:15,136.8
4/22/2025,10:30,135.2
4/22/2025,10:45,128.8
4/22/2025,11:00,136.8
4/22/2025,11:15,154.4
4/22/2025,11:30,138.4
4/22/2025,11:45,126.4
4/22/2025,12:00,132
4/22/2025,12:15,150.4
4/22/2025,12:30,155.2
4/22/2025,12:45,159.2
4/22/2025,13:00,154.4
4/22/2025,13:15,142.4
4/22/2025,13:30,144
4/22/2025,13:45,120.8
4/22/2025,14:00,118.4
4/22/2025,14:15,123.2
4/22/2025,14:30,117.6
4/22/2025,14:45,123.2
4/22/2025,15:00,126.4
4/22/2025,15:15,122.4
4/22/2025,15:30,152.8
4/22/2025,15:45,152
4/22/2025,16:00,144.8
4/22/2025,16:15,124.8
4/22/2025,16:30,119.2
4/22/2025,16:45,117.6
4/22/2025,17:00,109.6
4/22/2025,17:15,128.8
4/22/2025,17:30,129.6
4/22/2025,17:45,104
4/22/2025,18:00,108
4/22/2025,18:15,107.2
4/22/2025,18:30,153.6
4/22/2025,18:45,131.2
4/22/2025,19:00,125.6
4/22/2025,19:15,124
4/22/2025,19:30,118.4
4/22/2025,19:45,128.8
4/22/2025,20:00,119.2
4/22/2025,20:15,122.4
4/22/2025,20:30,120
4/22/2025,20:45,153.6
4/22/2025,21:00,144.8
4/22/2025,21:15,151.2
4/22/2025,21:30,144.8
4/22/2025,21:45,168.8
4/22/2025,22:00,142.4
4/22/2025,22:15,152
4/22/2025,22:30,108
4/22/2025,22:45,97.6
4/22/2025,23:00,99.2
4/22/2025,23:15,102.4
4/22/2025,23:30,100
4/22/2025,23:45,96
4/23/2025,0:00,116.8
4/23/2025,0:15,97.6
4/23/2025,0:30,103.2
4/23/2025,0:45,112
4/23/2025,1:00,96.8
4/23/2025,1:15,114.4
4/23/2025,1:30,101.6
4/23/2025,1:45,104.8
4/23/2025,2:00,104.8
4/23/2025,2:15,97.6
4/23/2025,2:30,100
4/23/2025,2:45,103.2
4/23/2025,3:00,98.4
4/23/2025,3:15,106.4
4/23/2025,3:30,133.6
4/23/2025,3:45,112.8
4/23/2025,4:00,96
4/23/2025,4:15,93.6
4/23/2025,4:30,96.8
4/23/2025,4:45,89.6
4/23/2025,5:00,96.8
4/23/2025,5:15,121.6
4/23/2025,5:30,124.8
4/23/2025,5:45,161.6
4/23/2025,6:00,148
4/23/2025,6:15,165.6
4/23/2025,6:30,145.6
4/23/2025,6:45,136.8
4/23/2025,7:00,137.6
4/23/2025,7:15,119.2
4/23/2025,7:30,116
4/23/2025,7:45,124.8
4/23/2025,8:00,148
4/23/2025,8:15,124
4/23/2025,8:30,144
4/23/2025,8:45,157.6
4/23/2025,9:00,148
4/23/2025,9:15,150.4
4/23/2025,9:30,155.2
4/23/2025,9:45,138.4
4/23/2025,10:00,157.6
4/23/2025,10:15,146.4
4/23/2025,10:30,144
4/23/2025,10:45,136
4/23/2025,11:00,139.2
4/23/2025,11:15,144
4/23/2025,11:30,146.4
4/23/2025,11:45,140.8
4/23/2025,12:00,142.4
4/23/2025,12:15,149.6
4/23/2025,12:30,143.2
4/23/2025,12:45,137.6
4/23/2025,13:00,127.2
4/23/2025,13:15,124
4/23/2025,13:30,132.8
4/23/2025,13:45,116.8
4/23/2025,14:00,116
4/23/2025,14:15,120.8
4/23/2025,14:30,159.2
4/23/2025,14:45,166.4
4/23/2025,15:00,160.8
4/23/2025,15:15,163.2
4/23/2025,15:30,147.2
4/23/2025,15:45,156
4/23/2025,16:00,173.6
4/23/2025,16:15,152.8
4/23/2025,16:30,144
4/23/2025,16:45,124
4/23/2025,17:00,144
4/23/2025,17:15,133.6
4/23/2025,17:30,120.8
4/23/2025,17:45,136.8
4/23/2025,18:00,115.2
4/23/2025,18:15,116.8
4/23/2025,18:30,123.2
4/23/2025,18:45,125.6
4/23/2025,19:00,137.6
4/23/2025,19:15,125.6
4/23/2025,19:30,124.8
4/23/2025,19:45,132
4/23/2025,20:00,128.8
4/23/2025,20:15,125.6
4/23/2025,20:30,124.8
4/23/2025,20:45,119.2
4/23/2025,21:00,119.2
4/23/2025,21:15,120.8
4/23/2025,21:30,120
4/23/2025,21:45,147.2
4/23/2025,22:00,124.8
4/23/2025,22:15,121.6
4/23/2025,22:30,134.4
4/23/2025,22:45,125.6
4/23/2025,23:00,127.2
4/23/2025,23:15,125.6
4/23/2025,23:30,145.6
4/23/2025,23:45,124
4/24/2025,0:00,128.8
4/24/2025,0:15,125.6
4/24/2025,0:30,140.8
4/24/2025,0:45,118.4
4/24/2025,1:00,127.2
4/24/2025,1:15,129.6
4/24/2025,1:30,120
4/24/2025,1:45,119.2
4/24/2025,2:00,118.4
4/24/2025,2:15,92
4/24/2025,2:30,99.2
4/24/2025,2:45,117.6
4/24/2025,3:00,96
4/24/2025,3:15,117.6
4/24/2025,3:30,104
4/24/2025,3:45,96
4/24/2025,4:00,100
4/24/2025,4:15,96
4/24/2025,4:30,96
4/24/2025,4:45,104
4/24/2025,5:00,92.8
4/24/2025,5:15,89.6
4/24/2025,5:30,98.4
4/24/2025,5:45,117.6
4/24/2025,6:00,154.4
4/24/2025,6:15,132.8
4/24/2025,6:30,122.4
4/24/2025,6:45,127.2
4/24/2025,7:00,112.8
4/24/2025,7:15,106.4
4/24/2025,7:30,118.4
4/24/2025,7:45,110.4
4/24/2025,8:00,109.6
4/24/2025,8:15,123.2
4/24/2025,8:30,131.2
4/24/2025,8:45,141.6
4/24/2025,9:00,167.2
4/24/2025,9:15,153.6
4/24/2025,9:30,143.2
4/24/2025,9:45,184.8
4/24/2025,10:00,131.2
4/24/2025,10:15,170.4
4/24/2025,10:30,174.4
4/24/2025,10:45,154.4
4/24/2025,11:00,171.2
4/24/2025,11:15,185.6
4/24/2025,11:30,152.8
4/24/2025,11:45,155.2
4/24/2025,12:00,156
4/24/2025,12:15,136
4/24/2025,12:30,121.6
4/24/2025,12:45,128
4/24/2025,13:00,124
4/24/2025,13:15,148.8
4/24/2025,13:30,132.8
4/24/2025,13:45,118.4
4/24/2025,14:00,132
4/24/2025,14:15,133.6
4/24/2025,14:30,123.2
4/24/2025,14:45,122.4
4/24/2025,15:00,136.8
4/24/2025,15:15,134.4
4/24/2025,15:30,119.2
4/24/2025,15:45,140
4/24/2025,16:00,161.6
4/24/2025,16:15,146.4
4/24/2025,16:30,152.8
4/24/2025,16:45,144.8
4/24/2025,17:00,119.2
4/24/2025,17:15,144
4/24/2025,17:30,128
4/24/2025,17:45,114.4
4/24/2025,18:00,108.8
4/24/2025,18:15,112.8
4/24/2025,18:30,124.8
4/24/2025,18:45,130.4
4/24/2025,19:00,132
4/24/2025,19:15,169.6
4/24/2025,19:30,152.8
4/24/2025,19:45,150.4
4/24/2025,20:00,154.4
4/24/2025,20:15,146.4
4/24/2025,20:30,156
4/24/2025,20:45,147.2
4/24/2025,21:00,152
4/24/2025,21:15,132.8
4/24/2025,21:30,135.2
4/24/2025,21:45,133.6
4/24/2025,22:00,120
4/24/2025,22:15,121.6
4/24/2025,22:30,127.2
4/24/2025,22:45,103.2
4/24/2025,23:00,104
4/24/2025,23:15,100
4/24/2025,23:30,101.6
4/24/2025,23:45,132.8
4/25/2025,0:00,97.6
4/25/2025,0:15,100.8
4/25/2025,0:30,105.6
4/25/2025,0:45,103.2
4/25/2025,1:00,103.2
4/25/2025,1:15,93.6
4/25/2025,1:30,102.4
4/25/2025,1:45,111.2
4/25/2025,2:00,100.8
4/25/2025,2:15,100
4/25/2025,2:30,94.4
4/25/2025,2:45,102.4
4/25/2025,3:00,96.8
4/25/2025,3:15,100.8
4/25/2025,3:30,102.4
4/25/2025,3:45,102.4
4/25/2025,4:00,93.6
4/25/2025,4:15,151.2
4/25/2025,4:30,135.2
4/25/2025,4:45,121.6
4/25/2025,5:00,128.8
4/25/2025,5:15,130.4
4/25/2025,5:30,123.2
4/25/2025,5:45,152
4/25/2025,6:00,147.2
4/25/2025,6:15,146.4
4/25/2025,6:30,135.2
4/25/2025,6:45,136.8
4/25/2025,7:00,94.4
4/25/2025,7:15,100.8
4/25/2025,7:30,140.8
4/25/2025,7:45,123.2
4/25/2025,8:00,144
4/25/2025,8:15,107.2
4/25/2025,8:30,98.4
4/25/2025,8:45,157.6
4/25/2025,9:00,116.8
4/25/2025,9:15,148
4/25/2025,9:30,146.4
4/25/2025,9:45,151.2
4/25/2025,10:00,134.4
4/25/2025,10:15,129.6
4/25/2025,10:30,148.8
4/25/2025,10:45,114.4
4/25/2025,11:00,125.6
4/25/2025,11:15,131.2
4/25/2025,11:30,139.2
4/25/2025,11:45,132
4/25/2025,12:00,148
4/25/2025,12:15,130.4
4/25/2025,12:30,112
4/25/2025,12:45,117.6
4/25/2025,13:00,128
4/25/2025,13:15,128.8
4/25/2025,13:30,120.8
4/25/2025,13:45,132
4/25/2025,14:00,124.8
4/25/2025,14:15,141.6
4/25/2025,14:30,123.2
4/25/2025,14:45,134.4
4/25/2025,15:00,118.4
4/25/2025,15:15,148
4/25/2025,15:30,139.2
4/25/2025,15:45,123.2
4/25/2025,16:00,120
4/25/2025,16:15,147.2
4/25/2025,16:30,181.6
4/25/2025,16:45,162.4
4/25/2025,17:00,149.6
4/25/2025,17:15,148
4/25/2025,17:30,148
4/25/2025,17:45,159.2
4/25/2025,18:00,151.2
4/25/2025,18:15,142.4
4/25/2025,18:30,142.4
4/25/2025,18:45,120
4/25/2025,19:00,155.2
4/25/2025,19:15,113.6
4/25/2025,19:30,108
4/25/2025,19:45,147.2
4/25/2025,20:00,114.4
4/25/2025,20:15,119.2
4/25/2025,20:30,142.4
4/25/2025,20:45,120.8
4/25/2025,21:00,142.4
4/25/2025,21:15,112
4/25/2025,21:30,111.2
4/25/2025,21:45,148
4/25/2025,22:00,104
4/25/2025,22:15,106.4
4/25/2025,22:30,96
4/25/2025,22:45,104
4/25/2025,23:00,98.4
4/25/2025,23:15,92
4/25/2025,23:30,95.2
4/25/2025,23:45,111.2
4/26/2025,0:00,100
4/26/2025,0:15,92
4/26/2025,0:30,136
4/26/2025,0:45,96
4/26/2025,1:00,109.6
4/26/2025,1:15,97.6
4/26/2025,1:30,96
4/26/2025,1:45,89.6
4/26/2025,2:00,97.6
4/26/2025,2:15,99.2
4/26/2025,2:30,108
4/26/2025,2:45,96
4/26/2025,3:00,89.6
4/26/2025,3:15,100
4/26/2025,3:30,91.2
4/26/2025,3:45,94.4
4/26/2025,4:00,95.2
4/26/2025,4:15,110.4
4/26/2025,4:30,95.2
4/26/2025,4:45,94.4
4/26/2025,5:00,92
4/26/2025,5:15,126.4
4/26/2025,5:30,118.4
4/26/2025,5:45,139.2
4/26/2025,6:00,155.2
4/26/2025,6:15,146.4
4/26/2025,6:30,155.2
4/26/2025,6:45,135.2
4/26/2025,7:00,156
4/26/2025,7:15,128.8
4/26/2025,7:30,132
4/26/2025,7:45,138.4
4/26/2025,8:00,116
4/26/2025,8:15,121.6
4/26/2025,8:30,177.6
4/26/2025,8:45,196
4/26/2025,9:00,187.2
4/26/2025,9:15,177.6
4/26/2025,9:30,187.2
4/26/2025,9:45,204
4/26/2025,10:00,175.2
4/26/2025,10:15,176
4/26/2025,10:30,139.2
4/26/2025,10:45,166.4
4/26/2025,11:00,137.6
4/26/2025,11:15,119.2
4/26/2025,11:30,168.8
4/26/2025,11:45,115.2
4/26/2025,12:00,124.8
4/26/2025,12:15,136
4/26/2025,12:30,104
4/26/2025,12:45,131.2
4/26/2025,13:00,117.6
4/26/2025,13:15,120
4/26/2025,13:30,118.4
4/26/2025,13:45,125.6
4/26/2025,14:00,124
4/26/2025,14:15,123.2
4/26/2025,14:30,126.4
4/26/2025,14:45,113.6
4/26/2025,15:00,128
4/26/2025,15:15,130.4
4/26/2025,15:30,120
4/26/2025,15:45,136.8
4/26/2025,16:00,148.8
4/26/2025,16:15,154.4
4/26/2025,16:30,143.2
4/26/2025,16:45,136
4/26/2025,17:00,136.8
4/26/2025,17:15,120
4/26/2025,17:30,122.4
4/26/2025,17:45,111.2
4/26/2025,18:00,119.2
4/26/2025,18:15,111.2
4/26/2025,18:30,144
4/26/2025,18:45,127.2
4/26/2025,19:00,116.8
4/26/2025,19:15,130.4
4/26/2025,19:30,125.6
4/26/2025,19:45,127.2
4/26/2025,20:00,120.8
4/26/2025,20:15,142.4
4/26/2025,20:30,156
4/26/2025,20:45,166.4
4/26/2025,21:00,161.6
4/26/2025,21:15,144.8
4/26/2025,21:30,150.4
4/26/2025,21:45,150.4
4/26/2025,22:00,149.6
4/26/2025,22:15,143.2
4/26/2025,22:30,148.8
4/26/2025,22:45,97.6
4/26/2025,23:00,87.2
4/26/2025,23:15,122.4
4/26/2025,23:30,86.4
4/26/2025,23:45,101.6
4/27/2025,0:00,89.6
4/27/2025,0:15,88
4/27/2025,0:30,118.4
4/27/2025,0:45,92.8
4/27/2025,1:00,84
4/27/2025,1:15,129.6
4/27/2025,1:30,88
4/27/2025,1:45,116
4/27/2025,2:00,96.8
4/27/2025,2:15,96
4/27/2025,2:30,143.2
4/27/2025,2:45,85.6
4/27/2025,3:00,90.4
4/27/2025,3:15,122.4
4/27/2025,3:30,98.4
4/27/2025,3:45,136.8
4/27/2025,4:00,102.4
4/27/2025,4:15,93.6
4/27/2025,4:30,97.6
4/27/2025,4:45,99.2
4/27/2025,5:00,101.6
4/27/2025,5:15,100
4/27/2025,5:30,104
4/27/2025,5:45,108
4/27/2025,6:00,118.4
4/27/2025,6:15,124
4/27/2025,6:30,112.8
4/27/2025,6:45,108
4/27/2025,7:00,106.4
4/27/2025,7:15,114.4
4/27/2025,7:30,106.4
4/27/2025,7:45,113.6
4/27/2025,8:00,139.2
4/27/2025,8:15,126.4
4/27/2025,8:30,132.8
4/27/2025,8:45,128
4/27/2025,9:00,140
4/27/2025,9:15,129.6
4/27/2025,9:30,152.8
4/27/2025,9:45,153.6
4/27/2025,10:00,139.2
4/27/2025,10:15,136.8
4/27/2025,10:30,128
4/27/2025,10:45,121.6
4/27/2025,11:00,119.2
4/27/2025,11:15,140
4/27/2025,11:30,154.4
4/27/2025,11:45,156.8
4/27/2025,12:00,168.8
4/27/2025,12:15,145.6
4/27/2025,12:30,160
4/27/2025,12:45,148.8
4/27/2025,13:00,146.4
4/27/2025,13:15,143.2
4/27/2025,13:30,131.2
4/27/2025,13:45,112.8
4/27/2025,14:00,126.4
4/27/2025,14:15,122.4
4/27/2025,14:30,120
4/27/2025,14:45,121.6
4/27/2025,15:00,120.8
4/27/2025,15:15,117.6
4/27/2025,15:30,136
4/27/2025,15:45,118.4
4/27/2025,16:00,141.6
4/27/2025,16:15,142.4
4/27/2025,16:30,128.8
4/27/2025,16:45,129.6
4/27/2025,17:00,130.4
4/27/2025,17:15,116.8
4/27/2025,17:30,132
4/27/2025,17:45,118.4
4/27/2025,18:00,116
4/27/2025,18:15,115.2
4/27/2025,18:30,128
4/27/2025,18:45,136
4/27/2025,19:00,124.8
4/27/2025,19:15,155.2
4/27/2025,19:30,124.8
4/27/2025,19:45,120
4/27/2025,20:00,125.6
4/27/2025,20:15,131.2
4/27/2025,20:30,160.8
4/27/2025,20:45,148.8
4/27/2025,21:00,148.8
4/27/2025,21:15,165.6
4/27/2025,21:30,142.4
4/27/2025,21:45,146.4
4/27/2025,22:00,157.6
4/27/2025,22:15,121.6
4/27/2025,22:30,110.4
4/27/2025,22:45,120.8
4/27/2025,23:00,138.4
4/27/2025,23:15,100
4/27/2025,23:30,98.4
4/27/2025,23:45,108
4/28/2025,0:00,97.6
4/28/2025,0:15,98.4
4/28/2025,0:30,106.4
4/28/2025,0:45,96
4/28/2025,1:00,100.8
4/28/2025,1:15,105.6
4/28/2025,1:30,106.4
4/28/2025,1:45,99.2
4/28/2025,2:00,103.2
4/28/2025,2:15,100.8
4/28/2025,2:30,99.2
4/28/2025,2:45,102.4
4/28/2025,3:00,104.8
4/28/2025,3:15,96
4/28/2025,3:30,104
4/28/2025,3:45,100
4/28/2025,4:00,93.6
4/28/2025,4:15,104.8
4/28/2025,4:30,103.2
4/28/2025,4:45,107.2
4/28/2025,5:00,113.6
4/28/2025,5:15,130.4
4/28/2025,5:30,127.2
4/28/2025,5:45,155.2
4/28/2025,6:00,151.2
4/28/2025,6:15,159.2
4/28/2025,6:30,135.2
4/28/2025,6:45,120.8
4/28/2025,7:00,124
4/28/2025,7:15,116
4/28/2025,7:30,108.8
4/28/2025,7:45,123.2
4/28/2025,8:00,140.8
4/28/2025,8:15,115.2
4/28/2025,8:30,133.6
4/28/2025,8:45,136.8
4/28/2025,9:00,159.2
4/28/2025,9:15,157.6
4/28/2025,9:30,163.2
4/28/2025,9:45,147.2
4/28/2025,10:00,222.4
4/28/2025,10:15,132
4/28/2025,10:30,155.2
4/28/2025,10:45,137.6
4/28/2025,11:00,136
4/28/2025,11:15,128.8
4/28/2025,11:30,140.8
4/28/2025,11:45,128
4/28/2025,12:00,127.2
4/28/2025,12:15,131.2
4/28/2025,12:30,123.2
4/28/2025,12:45,116
4/28/2025,13:00,148
4/28/2025,13:15,121.6
4/28/2025,13:30,112
4/28/2025,13:45,116.8
4/28/2025,14:00,143.2
4/28/2025,14:15,147.2
4/28/2025,14:30,149.6
4/28/2025,14:45,148.8
4/28/2025,15:00,160.8
4/28/2025,15:15,164.8
4/28/2025,15:30,157.6
4/28/2025,15:45,150.4
4/28/2025,16:00,137.6
4/28/2025,16:15,124.8
4/28/2025,16:30,124.8
4/28/2025,16:45,124
4/28/2025,17:00,114.4
4/28/2025,17:15,134.4
4/28/2025,17:30,111.2
4/28/2025,17:45,125.6
4/28/2025,18:00,124.8
4/28/2025,18:15,106.4
4/28/2025,18:30,139.2
4/28/2025,18:45,119.2
4/28/2025,19:00,133.6
4/28/2025,19:15,133.6
4/28/2025,19:30,120.8
4/28/2025,19:45,132
4/28/2025,20:00,115.2
4/28/2025,20:15,137.6
4/28/2025,20:30,126.4
4/28/2025,20:45,124
4/28/2025,21:00,150.4
4/28/2025,21:15,148
4/28/2025,21:30,150.4
4/28/2025,21:45,146.4
4/28/2025,22:00,149.6
4/28/2025,22:15,159.2
4/28/2025,22:30,175.2
4/28/2025,22:45,120.8
4/28/2025,23:00,128
4/28/2025,23:15,128
4/28/2025,23:30,134.4
4/28/2025,23:45,125.6
4/29/2025,0:00,123.2
4/29/2025,0:15,141.6
4/29/2025,0:30,103.2
4/29/2025,0:45,100
4/29/2025,1:00,100
4/29/2025,1:15,84.8
4/29/2025,1:30,99.2
4/29/2025,1:45,93.6
4/29/2025,2:00,108.8
4/29/2025,2:15,95.2
4/29/2025,2:30,112
4/29/2025,2:45,97.6
4/29/2025,3:00,95.2
4/29/2025,3:15,102.4
4/29/2025,3:30,103.2
4/29/2025,3:45,96.8
4/29/2025,4:00,100
4/29/2025,4:15,122.4
4/29/2025,4:30,102.4
4/29/2025,4:45,111.2
4/29/2025,5:00,91.2
4/29/2025,5:15,95.2
4/29/2025,5:30,94.4
4/29/2025,5:45,113.6
4/29/2025,6:00,103.2
4/29/2025,6:15,136
4/29/2025,6:30,96.8
4/29/2025,6:45,140.8
4/29/2025,7:00,115.2
4/29/2025,7:15,109.6
4/29/2025,7:30,119.2
4/29/2025,7:45,111.2
4/29/2025,8:00,140.8
4/29/2025,8:15,136
4/29/2025,8:30,144
4/29/2025,8:45,142.4
4/29/2025,9:00,182.4
4/29/2025,9:15,172
4/29/2025,9:30,164
4/29/2025,9:45,174.4
4/29/2025,10:00,156
4/29/2025,10:15,161.6
4/29/2025,10:30,154.4
4/29/2025,10:45,129.6
4/29/2025,11:00,132.8
4/29/2025,11:15,155.2
4/29/2025,11:30,152
4/29/2025,11:45,130.4
4/29/2025,12:00,130.4
4/29/2025,12:15,131.2
4/29/2025,12:30,127.2
4/29/2025,12:45,132
4/29/2025,13:00,132.8
4/29/2025,13:15,139.2
4/29/2025,13:30,123.2
4/29/2025,13:45,122.4
4/29/2025,14:00,135.2
4/29/2025,14:15,129.6
4/29/2025,14:30,126.4
4/29/2025,14:45,136
4/29/2025,15:00,141.6
4/29/2025,15:15,129.6
4/29/2025,15:30,133.6
4/29/2025,15:45,141.6
4/29/2025,16:00,152
4/29/2025,16:15,148.8
4/29/2025,16:30,143.2
4/29/2025,16:45,122.4
4/29/2025,17:00,132
4/29/2025,17:15,124.8
4/29/2025,17:30,129.6
4/29/2025,17:45,124.8
4/29/2025,18:00,144
4/29/2025,18:15,113.6
4/29/2025,18:30,127.2
4/29/2025,18:45,144
4/29/2025,19:00,162.4
4/29/2025,19:15,179.2
4/29/2025,19:30,149.6
4/29/2025,19:45,156.8
4/29/2025,20:00,162.4
4/29/2025,20:15,154.4
4/29/2025,20:30,150.4
4/29/2025,20:45,129.6
4/29/2025,21:00,133.6
4/29/2025,21:15,125.6
4/29/2025,21:30,126.4
4/29/2025,21:45,124
4/29/2025,22:00,136.8
4/29/2025,22:15,119.2
4/29/2025,22:30,101.6
4/29/2025,22:45,108.8
4/29/2025,23:00,110.4
4/29/2025,23:15,96.8
4/29/2025,23:30,92
4/29/2025,23:45,109.6
4/30/2025,0:00,100.8
4/30/2025,0:15,100
4/30/2025,0:30,96
4/30/2025,0:45,108.8
4/30/2025,1:00,98.4
4/30/2025,1:15,95.2
4/30/2025,1:30,99.2
4/30/2025,1:45,103.2
4/30/2025,2:00,96
4/30/2025,2:15,109.6
4/30/2025,2:30,105.6
4/30/2025,2:45,100
4/30/2025,3:00,96
4/30/2025,3:15,94.4
4/30/2025,3:30,102.4
4/30/2025,3:45,96
4/30/2025,4:00,104
4/30/2025,4:15,104.8
4/30/2025,4:30,120.8
4/30/2025,4:45,125.6
4/30/2025,5:00,126.4
4/30/2025,5:15,127.2
4/30/2025,5:30,140
4/30/2025,5:45,140.8
4/30/2025,6:00,150.4
4/30/2025,6:15,131.2
4/30/2025,6:30,126.4
4/30/2025,6:45,98.4
4/30/2025,7:00,114.4
4/30/2025,7:15,108
4/30/2025,7:30,112
4/30/2025,7:45,130.4
4/30/2025,8:00,128
4/30/2025,8:15,133.6
4/30/2025,8:30,156.8
4/30/2025,8:45,156.8
4/30/2025,9:00,154.4
4/30/2025,9:15,174.4
4/30/2025,9:30,174.4
4/30/2025,9:45,164
4/30/2025,10:00,146.4
4/30/2025,10:15,144
4/30/2025,10:30,148
4/30/2025,10:45,161.6
4/30/2025,11:00,146.4
4/30/2025,11:15,157.6
4/30/2025,11:30,165.6
4/30/2025,11:45,138.4
4/30/2025,12:00,148
4/30/2025,12:15,152
4/30/2025,12:30,140
4/30/2025,12:45,134.4
4/30/2025,13:00,142.4
4/30/2025,13:15,134.4
4/30/2025,13:30,146.4
4/30/2025,13:45,160.8
4/30/2025,14:00,149.6
4/30/2025,14:15,154.4
4/30/2025,14:30,187.2
4/30/2025,14:45,149.6
4/30/2025,15:00,165.6
4/30/2025,15:15,126.4
4/30/2025,15:30,133.6
4/30/2025,15:45,127.2
4/30/2025,16:00,152
4/30/2025,16:15,141.6
4/30/2025,16:30,160
4/30/2025,16:45,128.8
4/30/2025,17:00,131.2
4/30/2025,17:15,118.4
4/30/2025,17:30,131.2
4/30/2025,17:45,124.8
4/30/2025,18:00,123.2
4/30/2025,18:15,124.8
4/30/2025,18:30,127.2
4/30/2025,18:45,127.2
4/30/2025,19:00,124.8
4/30/2025,19:15,139.2
4/30/2025,19:30,121.6
4/30/2025,19:45,122.4
4/30/2025,20:00,128
4/30/2025,20:15,136
4/30/2025,20:30,130.4
4/30/2025,20:45,124.8
4/30/2025,21:00,120.8
4/30/2025,21:15,128.8
4/30/2025,21:30,117.6
4/30/2025,21:45,122.4
4/30/2025,22:00,128.8
4/30/2025,22:15,124.8
4/30/2025,22:30,108
4/30/2025,22:45,114.4
4/30/2025,23:00,121.6
4/30/2025,23:15,137.6
4/30/2025,23:30,131.2
4/30/2025,23:45,125.6
5/1/2025,0:00,147.2
5/1/2025,0:15,125.6
5/1/2025,0:30,132.8
5/1/2025,0:45,124
5/1/2025,1:00,98.4
5/1/2025,1:15,103.2
5/1/2025,1:30,110.4
5/1/2025,1:45,100.8
5/1/2025,2:00,100
5/1/2025,2:15,104
5/1/2025,2:30,99.2
5/1/2025,2:45,104
5/1/2025,3:00,107.2
5/1/2025,3:15,103.2
5/1/2025,3:30,113.6
5/1/2025,3:45,107.2
5/1/2025,4:00,108.8
5/1/2025,4:15,96.8
5/1/2025,4:30,114.4
5/1/2025,4:45,96
5/1/2025,5:00,106.4
5/1/2025,5:15,110.4
5/1/2025,5:30,121.6
5/1/2025,5:45,108.8
5/1/2025,6:00,140.8
5/1/2025,6:15,127.2
5/1/2025,6:30,102.4
5/1/2025,6:45,123.2
5/1/2025,7:00,140.8
5/1/2025,7:15,140.8
5/1/2025,7:30,150.4
5/1/2025,7:45,140.8
5/1/2025,8:00,162.4
5/1/2025,8:15,162.4
5/1/2025,8:30,172.8
5/1/2025,8:45,202.4
5/1/2025,9:00,207.2
5/1/2025,9:15,179.2
5/1/2025,9:30,195.2
5/1/2025,9:45,177.6
5/1/2025,10:00,173.6
5/1/2025,10:15,153.6
5/1/2025,10:30,153.6
5/1/2025,10:45,134.4
5/1/2025,11:00,136.8
5/1/2025,11:15,139.2
5/1/2025,11:30,122.4
5/1/2025,11:45,124
5/1/2025,12:00,132.8
5/1/2025,12:15,133.6
5/1/2025,12:30,130.4
5/1/2025,12:45,132.8
5/1/2025,13:00,121.6
5/1/2025,13:15,154.4
5/1/2025,13:30,136
5/1/2025,13:45,128
5/1/2025,14:00,127.2
5/1/2025,14:15,138.4
5/1/2025,14:30,142.4
5/1/2025,14:45,129.6
5/1/2025,15:00,124.8
5/1/2025,15:15,128.8
5/1/2025,15:30,156.8
5/1/2025,15:45,135.2
5/1/2025,16:00,152
5/1/2025,16:15,146.4
5/1/2025,16:30,140
5/1/2025,16:45,121.6
5/1/2025,17:00,145.6
5/1/2025,17:15,121.6
5/1/2025,17:30,109.6
5/1/2025,17:45,119.2
5/1/2025,18:00,124.8
5/1/2025,18:15,108
5/1/2025,18:30,148.8
5/1/2025,18:45,149.6
5/1/2025,19:00,148.8
5/1/2025,19:15,146.4
5/1/2025,19:30,159.2
5/1/2025,19:45,142.4
5/1/2025,20:00,164.8
5/1/2025,20:15,148
5/1/2025,20:30,121.6
5/1/2025,20:45,156.8
5/1/2025,21:00,108.8
5/1/2025,21:15,107.2
5/1/2025,21:30,154.4
5/1/2025,21:45,115.2
5/1/2025,22:00,104.8
5/1/2025,22:15,160
5/1/2025,22:30,96.8
5/1/2025,22:45,88
5/1/2025,23:00,128.8
5/1/2025,23:15,88
5/1/2025,23:30,84.8
5/1/2025,23:45,127.2
5/2/2025,0:00,85.6
5/2/2025,0:15,92
5/2/2025,0:30,127.2
5/2/2025,0:45,100.8
5/2/2025,1:00,97.6
5/2/2025,1:15,144
5/2/2025,1:30,87.2
5/2/2025,1:45,105.6
5/2/2025,2:00,96
5/2/2025,2:15,95.2
5/2/2025,2:30,100
5/2/2025,2:45,97.6
5/2/2025,3:00,108
5/2/2025,3:15,104.8
5/2/2025,3:30,103.2
5/2/2025,3:45,94.4
5/2/2025,4:00,91.2
5/2/2025,4:15,105.6
5/2/2025,4:30,100
5/2/2025,4:45,96
5/2/2025,5:00,108
5/2/2025,5:15,99.2
5/2/2025,5:30,106.4
5/2/2025,5:45,101.6
5/2/2025,6:00,127.2
5/2/2025,6:15,120.8
5/2/2025,6:30,108.8
5/2/2025,6:45,117.6
5/2/2025,7:00,130.4
5/2/2025,7:15,120
5/2/2025,7:30,102.4
5/2/2025,7:45,126.4
5/2/2025,8:00,123.2
5/2/2025,8:15,145.6
5/2/2025,8:30,132
5/2/2025,8:45,145.6
5/2/2025,9:00,151.2
5/2/2025,9:15,157.6
5/2/2025,9:30,159.2
5/2/2025,9:45,144.8
5/2/2025,10:00,138.4
5/2/2025,10:15,172
5/2/2025,10:30,161.6
5/2/2025,10:45,161.6
5/2/2025,11:00,158.4
5/2/2025,11:15,157.6
5/2/2025,11:30,159.2
5/2/2025,11:45,168
5/2/2025,12:00,129.6
5/2/2025,12:15,130.4
5/2/2025,12:30,140
5/2/2025,12:45,121.6
5/2/2025,13:00,120
5/2/2025,13:15,126.4
5/2/2025,13:30,110.4
5/2/2025,13:45,116.8
5/2/2025,14:00,116
5/2/2025,14:15,127.2
5/2/2025,14:30,116
5/2/2025,14:45,132
5/2/2025,15:00,136
5/2/2025,15:15,125.6
5/2/2025,15:30,125.6
5/2/2025,15:45,136.8
5/2/2025,16:00,140
5/2/2025,16:15,154.4
5/2/2025,16:30,152
5/2/2025,16:45,140
5/2/2025,17:00,136.8
5/2/2025,17:15,111.2
5/2/2025,17:30,120.8
5/2/2025,17:45,133.6
5/2/2025,18:00,116
5/2/2025,18:15,136
5/2/2025,18:30,128
5/2/2025,18:45,156
5/2/2025,19:00,148
5/2/2025,19:15,132
5/2/2025,19:30,144
5/2/2025,19:45,130.4
5/2/2025,20:00,140
5/2/2025,20:15,121.6
5/2/2025,20:30,142.4
5/2/2025,20:45,152
5/2/2025,21:00,166.4
5/2/2025,21:15,160.8
5/2/2025,21:30,149.6
5/2/2025,21:45,164
5/2/2025,22:00,156.8
5/2/2025,22:15,171.2
5/2/2025,22:30,102.4
5/2/2025,22:45,104.8
5/2/2025,23:00,116.8
5/2/2025,23:15,104
5/2/2025,23:30,120.8
5/2/2025,23:45,106.4
5/3/2025,0:00,109.6
5/3/2025,0:15,109.6
5/3/2025,0:30,112
5/3/2025,0:45,97.6
5/3/2025,1:00,118.4
5/3/2025,1:15,104.8
5/3/2025,1:30,102.4
5/3/2025,1:45,120.8
5/3/2025,2:00,113.6
5/3/2025,2:15,100.8
5/3/2025,2:30,106.4
5/3/2025,2:45,112.8
5/3/2025,3:00,127.2
5/3/2025,3:15,108
5/3/2025,3:30,108
5/3/2025,3:45,116
5/3/2025,4:00,103.2
5/3/2025,4:15,102.4
5/3/2025,4:30,95.2
5/3/2025,4:45,121.6
5/3/2025,5:00,113.6
5/3/2025,5:15,101.6
5/3/2025,5:30,108.8
5/3/2025,5:45,112.8
5/3/2025,6:00,122.4
5/3/2025,6:15,122.4
5/3/2025,6:30,131.2
5/3/2025,6:45,133.6
5/3/2025,7:00,140
5/3/2025,7:15,149.6
5/3/2025,7:30,152.8
5/3/2025,7:45,144.8
5/3/2025,8:00,164
5/3/2025,8:15,155.2
5/3/2025,8:30,143.2
5/3/2025,8:45,144
5/3/2025,9:00,144
5/3/2025,9:15,156.8
5/3/2025,9:30,169.6
5/3/2025,9:45,164
5/3/2025,10:00,143.2
5/3/2025,10:15,160
5/3/2025,10:30,143.2
5/3/2025,10:45,156
5/3/2025,11:00,144.8
5/3/2025,11:15,140
5/3/2025,11:30,129.6
5/3/2025,11:45,132
5/3/2025,12:00,137.6
5/3/2025,12:15,127.2
5/3/2025,12:30,133.6
5/3/2025,12:45,135.2
5/3/2025,13:00,129.6
5/3/2025,13:15,125.6
5/3/2025,13:30,120.8
5/3/2025,13:45,163.2
5/3/2025,14:00,118.4
5/3/2025,14:15,123.2
5/3/2025,14:30,116
5/3/2025,14:45,128.8
5/3/2025,15:00,122.4
5/3/2025,15:15,122.4
5/3/2025,15:30,148
5/3/2025,15:45,133.6
5/3/2025,16:00,123.2
5/3/2025,16:15,139.2
5/3/2025,16:30,135.2
5/3/2025,16:45,127.2
5/3/2025,17:00,120
5/3/2025,17:15,147.2
5/3/2025,17:30,151.2
5/3/2025,17:45,156.8
5/3/2025,18:00,171.2
5/3/2025,18:15,155.2
5/3/2025,18:30,160
5/3/2025,18:45,172.8
5/3/2025,19:00,150.4
5/3/2025,19:15,127.2
5/3/2025,19:30,131.2
5/3/2025,19:45,129.6
5/3/2025,20:00,117.6
5/3/2025,20:15,123.2
5/3/2025,20:30,152
5/3/2025,20:45,109.6
5/3/2025,21:00,112
5/3/2025,21:15,168.8
5/3/2025,21:30,164
5/3/2025,21:45,150.4
5/3/2025,22:00,149.6
5/3/2025,22:15,156.8
5/3/2025,22:30,129.6
5/3/2025,22:45,140.8
5/3/2025,23:00,140
5/3/2025,23:15,127.2
5/3/2025,23:30,124.8
5/3/2025,23:45,128
5/4/2025,0:00,150.4
5/4/2025,0:15,88.8
5/4/2025,0:30,84.8
5/4/2025,0:45,140
5/4/2025,1:00,106.4
5/4/2025,1:15,108
5/4/2025,1:30,111.2
5/4/2025,1:45,104.8
5/4/2025,2:00,112
5/4/2025,2:15,102.4
5/4/2025,2:30,112
5/4/2025,2:45,108
5/4/2025,3:00,123.2
5/4/2025,3:15,112.8
5/4/2025,3:30,95.2
5/4/2025,3:45,105.6
5/4/2025,4:00,120.8
5/4/2025,4:15,104
5/4/2025,4:30,102.4
5/4/2025,4:45,100
5/4/2025,5:00,98.4
5/4/2025,5:15,100.8
5/4/2025,5:30,109.6
5/4/2025,5:45,124.8
5/4/2025,6:00,104
5/4/2025,6:15,117.6
5/4/2025,6:30,154.4
5/4/2025,6:45,109.6
5/4/2025,7:00,109.6
5/4/2025,7:15,110.4
5/4/2025,7:30,114.4
5/4/2025,7:45,108.8
5/4/2025,8:00,115.2
5/4/2025,8:15,125.6
5/4/2025,8:30,138.4
5/4/2025,8:45,136.8
5/4/2025,9:00,132.8
5/4/2025,9:15,165.6
5/4/2025,9:30,173.6
5/4/2025,9:45,176.8
5/4/2025,10:00,166.4
5/4/2025,10:15,159.2
5/4/2025,10:30,170.4
5/4/2025,10:45,152.8
5/4/2025,11:00,161.6
5/4/2025,11:15,140
5/4/2025,11:30,152
5/4/2025,11:45,141.6
5/4/2025,12:00,126.4
5/4/2025,12:15,132
5/4/2025,12:30,116
5/4/2025,12:45,130.4
5/4/2025,13:00,114.4
5/4/2025,13:15,115.2
5/4/2025,13:30,124.8
5/4/2025,13:45,116.8
5/4/2025,14:00,112.8
5/4/2025,14:15,136
5/4/2025,14:30,112
5/4/2025,14:45,121.6
5/4/2025,15:00,117.6
5/4/2025,15:15,149.6
5/4/2025,15:30,131.2
5/4/2025,15:45,134.4
5/4/2025,16:00,149.6
5/4/2025,16:15,133.6
5/4/2025,16:30,109.6
5/4/2025,16:45,119.2
5/4/2025,17:00,139.2
5/4/2025,17:15,112.8
5/4/2025,17:30,142.4
5/4/2025,17:45,120.8
5/4/2025,18:00,127.2
5/4/2025,18:15,113.6
5/4/2025,18:30,136
5/4/2025,18:45,128
5/4/2025,19:00,124.8
5/4/2025,19:15,128.8
5/4/2025,19:30,151.2
5/4/2025,19:45,164
5/4/2025,20:00,151.2
5/4/2025,20:15,149.6
5/4/2025,20:30,152
5/4/2025,20:45,152
5/4/2025,21:00,148.8
5/4/2025,21:15,154.4
5/4/2025,21:30,148.8
5/4/2025,21:45,154.4
5/4/2025,22:00,126.4
5/4/2025,22:15,124
5/4/2025,22:30,134.4
5/4/2025,22:45,106.4
5/4/2025,23:00,112
5/4/2025,23:15,104.8
5/4/2025,23:30,100
5/4/2025,23:45,101.6
5/5/2025,0:00,101.6
5/5/2025,0:15,101.6
5/5/2025,0:30,108
5/5/2025,0:45,101.6
5/5/2025,1:00,108.8
5/5/2025,1:15,107.2
5/5/2025,1:30,112.8
5/5/2025,1:45,118.4
5/5/2025,2:00,98.4
5/5/2025,2:15,100
5/5/2025,2:30,103.2
5/5/2025,2:45,105.6
5/5/2025,3:00,102.4
5/5/2025,3:15,111.2
5/5/2025,3:30,104
5/5/2025,3:45,96
5/5/2025,4:00,102.4
5/5/2025,4:15,113.6
5/5/2025,4:30,112
5/5/2025,4:45,103.2
5/5/2025,5:00,102.4
5/5/2025,5:15,119.2
5/5/2025,5:30,100
5/5/2025,5:45,128
5/5/2025,6:00,166.4
5/5/2025,6:15,153.6
5/5/2025,6:30,152.8
5/5/2025,6:45,164
5/5/2025,7:00,167.2
5/5/2025,7:15,138.4
5/5/2025,7:30,145.6
5/5/2025,7:45,150.4
5/5/2025,8:00,118.4
5/5/2025,8:15,128
5/5/2025,8:30,129.6
5/5/2025,8:45,151.2
5/5/2025,9:00,152.8
5/5/2025,9:15,159.2
5/5/2025,9:30,140
5/5/2025,9:45,188.8
5/5/2025,10:00,113.6
5/5/2025,10:15,132
5/5/2025,10:30,178.4
5/5/2025,10:45,143.2
5/5/2025,11:00,119.2
5/5/2025,11:15,128.8
5/5/2025,11:30,142.4
5/5/2025,11:45,129.6
5/5/2025,12:00,124.8
5/5/2025,12:15,132.8
5/5/2025,12:30,132
5/5/2025,12:45,118.4
5/5/2025,13:00,128.8
5/5/2025,13:15,128
5/5/2025,13:30,127.2
5/5/2025,13:45,124
5/5/2025,14:00,132.8
5/5/2025,14:15,123.2
5/5/2025,14:30,131.2
5/5/2025,14:45,120
5/5/2025,15:00,121.6
5/5/2025,15:15,124.8
5/5/2025,15:30,165.6
5/5/2025,15:45,136
5/5/2025,16:00,148
5/5/2025,16:15,148.8
5/5/2025,16:30,142.4
5/5/2025,16:45,144.8
5/5/2025,17:00,132.8
5/5/2025,17:15,113.6
5/5/2025,17:30,124
5/5/2025,17:45,125.6
5/5/2025,18:00,118.4
5/5/2025,18:15,107.2
5/5/2025,18:30,118.4
5/5/2025,18:45,145.6
5/5/2025,19:00,144.8
5/5/2025,19:15,149.6
5/5/2025,19:30,146.4
5/5/2025,19:45,182.4
5/5/2025,20:00,158.4
5/5/2025,20:15,147.2
5/5/2025,20:30,168
5/5/2025,20:45,154.4
5/5/2025,21:00,132
5/5/2025,21:15,122.4
5/5/2025,21:30,120.8
5/5/2025,21:45,127.2
5/5/2025,22:00,120.8
5/5/2025,22:15,113.6
5/5/2025,22:30,101.6
5/5/2025,22:45,121.6
5/5/2025,23:00,92.8
5/5/2025,23:15,103.2
5/5/2025,23:30,97.6
5/5/2025,23:45,96.8
5/6/2025,0:00,124.8
5/6/2025,0:15,101.6
5/6/2025,0:30,101.6
5/6/2025,0:45,96.8
5/6/2025,1:00,100.8
5/6/2025,1:15,101.6
5/6/2025,1:30,97.6
5/6/2025,1:45,102.4
5/6/2025,2:00,100.8
5/6/2025,2:15,107.2
5/6/2025,2:30,100.8
5/6/2025,2:45,103.2
5/6/2025,3:00,100
5/6/2025,3:15,100.8
5/6/2025,3:30,101.6
5/6/2025,3:45,92
5/6/2025,4:00,135.2
5/6/2025,4:15,116
5/6/2025,4:30,123.2
5/6/2025,4:45,135.2
5/6/2025,5:00,124.8
5/6/2025,5:15,128
5/6/2025,5:30,147.2
5/6/2025,5:45,187.2
5/6/2025,6:00,93.6
5/6/2025,6:15,130.4
5/6/2025,6:30,136.8
5/6/2025,6:45,123.2
5/6/2025,7:00,116
5/6/2025,7:15,104
5/6/2025,7:30,113.6
5/6/2025,7:45,128
5/6/2025,8:00,137.6
5/6/2025,8:15,132
5/6/2025,8:30,144
5/6/2025,8:45,141.6
5/6/2025,9:00,155.2
5/6/2025,9:15,178.4
5/6/2025,9:30,155.2
5/6/2025,9:45,159.2
5/6/2025,10:00,159.2
5/6/2025,10:15,154.4
5/6/2025,10:30,137.6
5/6/2025,10:45,132
5/6/2025,11:00,136.8
5/6/2025,11:15,153.6
5/6/2025,11:30,128.8
5/6/2025,11:45,132.8
5/6/2025,12:00,160.8
5/6/2025,12:15,132.8
5/6/2025,12:30,137.6
5/6/2025,12:45,127.2
5/6/2025,13:00,149.6
5/6/2025,13:15,145.6
5/6/2025,13:30,154.4
5/6/2025,13:45,147.2
5/6/2025,14:00,171.2
5/6/2025,14:15,146.4
5/6/2025,14:30,156.8
5/6/2025,14:45,121.6
5/6/2025,15:00,137.6
5/6/2025,15:15,120
5/6/2025,15:30,141.6
5/6/2025,15:45,128
5/6/2025,16:00,134.4
5/6/2025,16:15,147.2
5/6/2025,16:30,133.6
5/6/2025,16:45,136.8
5/6/2025,17:00,118.4
5/6/2025,17:15,133.6
5/6/2025,17:30,124.8
5/6/2025,17:45,131.2
5/6/2025,18:00,126.4
5/6/2025,18:15,120.8
5/6/2025,18:30,115.2
5/6/2025,18:45,125.6
5/6/2025,19:00,128.8
5/6/2025,19:15,126.4
5/6/2025,19:30,138.4
5/6/2025,19:45,119.2
5/6/2025,20:00,146.4
5/6/2025,20:15,127.2
5/6/2025,20:30,121.6
5/6/2025,20:45,124
5/6/2025,21:00,150.4
5/6/2025,21:15,161.6
5/6/2025,21:30,144.8
5/6/2025,21:45,152
5/6/2025,22:00,148
5/6/2025,22:15,165.6
5/6/2025,22:30,136.8
5/6/2025,22:45,134.4
5/6/2025,23:00,141.6
5/6/2025,23:15,119.2
5/6/2025,23:30,130.4
5/6/2025,23:45,123.2
5/7/2025,0:00,126.4
5/7/2025,0:15,134.4
5/7/2025,0:30,127.2
5/7/2025,0:45,124.8
5/7/2025,1:00,127.2
5/7/2025,1:15,96
5/7/2025,1:30,98.4
5/7/2025,1:45,93.6
5/7/2025,2:00,99.2
5/7/2025,2:15,97.6
5/7/2025,2:30,92.8
5/7/2025,2:45,125.6
5/7/2025,3:00,111.2
5/7/2025,3:15,96.8
5/7/2025,3:30,106.4
5/7/2025,3:45,114.4
5/7/2025,4:00,95.2
5/7/2025,4:15,102.4
5/7/2025,4:30,105.6
5/7/2025,4:45,104.8
5/7/2025,5:00,112.8
5/7/2025,5:15,109.6
5/7/2025,5:30,96
5/7/2025,5:45,121.6
5/7/2025,6:00,100.8
5/7/2025,6:15,132
5/7/2025,6:30,135.2
5/7/2025,6:45,124
5/7/2025,7:00,119.2
5/7/2025,7:15,123.2
5/7/2025,7:30,113.6
5/7/2025,7:45,122.4
5/7/2025,8:00,129.6
5/7/2025,8:15,137.6
5/7/2025,8:30,134.4
5/7/2025,8:45,142.4
5/7/2025,9:00,157.6
5/7/2025,9:15,175.2
5/7/2025,9:30,179.2
5/7/2025,9:45,202.4
5/7/2025,10:00,170.4
5/7/2025,10:15,177.6
5/7/2025,10:30,173.6
5/7/2025,10:45,192
5/7/2025,11:00,172
5/7/2025,11:15,136.8
5/7/2025,11:30,174.4
5/7/2025,11:45,145.6
5/7/2025,12:00,148.8
5/7/2025,12:15,146.4
5/7/2025,12:30,139.2
5/7/2025,12:45,120
5/7/2025,13:00,123.2
5/7/2025,13:15,140
5/7/2025,13:30,124
5/7/2025,13:45,137.6
5/7/2025,14:00,124.8
5/7/2025,14:15,141.6
5/7/2025,14:30,124
5/7/2025,14:45,117.6
5/7/2025,15:00,142.4
5/7/2025,15:15,149.6
5/7/2025,15:30,146.4
5/7/2025,15:45,160
5/7/2025,16:00,145.6
5/7/2025,16:15,142.4
5/7/2025,16:30,127.2
5/7/2025,16:45,136
5/7/2025,17:00,138.4
5/7/2025,17:15,121.6
5/7/2025,17:30,132.8
5/7/2025,17:45,119.2
5/7/2025,18:00,127.2
5/7/2025,18:15,123.2
5/7/2025,18:30,140
5/7/2025,18:45,124.8
5/7/2025,19:00,122.4
5/7/2025,19:15,120.8
5/7/2025,19:30,152.8
5/7/2025,19:45,148.8
5/7/2025,20:00,148
5/7/2025,20:15,160
5/7/2025,20:30,159.2
5/7/2025,20:45,168
5/7/2025,21:00,156
5/7/2025,21:15,130.4
5/7/2025,21:30,134.4
5/7/2025,21:45,116.8
5/7/2025,22:00,126.4
5/7/2025,22:15,136
5/7/2025,22:30,106.4
5/7/2025,22:45,104.8
5/7/2025,23:00,109.6
5/7/2025,23:15,108.8
5/7/2025,23:30,115.2
5/7/2025,23:45,100.8
5/8/2025,0:00,114.4
5/8/2025,0:15,100
5/8/2025,0:30,101.6
5/8/2025,0:45,109.6
5/8/2025,1:00,95.2
5/8/2025,1:15,92.8
5/8/2025,1:30,95.2
5/8/2025,1:45,99.2
5/8/2025,2:00,96
5/8/2025,2:15,107.2
5/8/2025,2:30,91.2
5/8/2025,2:45,97.6
5/8/2025,3:00,108.8
5/8/2025,3:15,109.6
5/8/2025,3:30,98.4
5/8/2025,3:45,108
5/8/2025,4:00,109.6
5/8/2025,4:15,99.2
5/8/2025,4:30,129.6
5/8/2025,4:45,129.6
5/8/2025,5:00,131.2
5/8/2025,5:15,132
5/8/2025,5:30,138.4
5/8/2025,5:45,137.6
5/8/2025,6:00,132
5/8/2025,6:15,122.4
5/8/2025,6:30,132.8
5/8/2025,6:45,109.6
5/8/2025,7:00,106.4
5/8/2025,7:15,118.4
5/8/2025,7:30,117.6
5/8/2025,7:45,128.8
5/8/2025,8:00,129.6
5/8/2025,8:15,128.8
5/8/2025,8:30,153.6
5/8/2025,8:45,148.8
5/8/2025,9:00,166.4
5/8/2025,9:15,161.6
5/8/2025,9:30,172.8
5/8/2025,9:45,169.6
5/8/2025,10:00,150.4
5/8/2025,10:15,143.2
5/8/2025,10:30,136.8
5/8/2025,10:45,150.4
5/8/2025,11:00,155.2
5/8/2025,11:15,128.8
5/8/2025,11:30,128.8
5/8/2025,11:45,138.4
5/8/2025,12:00,144
5/8/2025,12:15,170.4
5/8/2025,12:30,127.2
5/8/2025,12:45,140.8
5/8/2025,13:00,125.6
5/8/2025,13:15,159.2
5/8/2025,13:30,146.4
5/8/2025,13:45,155.2
5/8/2025,14:00,158.4
5/8/2025,14:15,150.4
5/8/2025,14:30,150.4
5/8/2025,14:45,124
5/8/2025,15:00,121.6
5/8/2025,15:15,109.6
5/8/2025,15:30,132
5/8/2025,15:45,134.4
5/8/2025,16:00,136.8
5/8/2025,16:15,126.4
5/8/2025,16:30,152.8
5/8/2025,16:45,136
5/8/2025,17:00,129.6
5/8/2025,17:15,126.4
5/8/2025,17:30,114.4
5/8/2025,17:45,116
5/8/2025,18:00,108
5/8/2025,18:15,108.8
5/8/2025,18:30,164.8
5/8/2025,18:45,120.8
5/8/2025,19:00,124
5/8/2025,19:15,125.6
5/8/2025,19:30,120
5/8/2025,19:45,151.2
5/8/2025,20:00,123.2
5/8/2025,20:15,120.8
5/8/2025,20:30,120.8
5/8/2025,20:45,128.8
5/8/2025,21:00,122.4
5/8/2025,21:15,145.6
5/8/2025,21:30,145.6
5/8/2025,21:45,151.2
5/8/2025,22:00,176.8
5/8/2025,22:15,140.8
5/8/2025,22:30,135.2
5/8/2025,22:45,131.2
5/8/2025,23:00,156
5/8/2025,23:15,128
5/8/2025,23:30,142.4
5/8/2025,23:45,138.4
5/9/2025,0:00,124
5/9/2025,0:15,125.6
5/9/2025,0:30,107.2
5/9/2025,0:45,97.6
5/9/2025,1:00,106.4
5/9/2025,1:15,105.6
5/9/2025,1:30,101.6
5/9/2025,1:45,97.6
5/9/2025,2:00,108
5/9/2025,2:15,99.2
5/9/2025,2:30,119.2
5/9/2025,2:45,97.6
5/9/2025,3:00,96
5/9/2025,3:15,104
5/9/2025,3:30,100
5/9/2025,3:45,101.6
5/9/2025,4:00,102.4
5/9/2025,4:15,100
5/9/2025,4:30,111.2
5/9/2025,4:45,106.4
5/9/2025,5:00,103.2
5/9/2025,5:15,92
5/9/2025,5:30,98.4
5/9/2025,5:45,111.2
5/9/2025,6:00,103.2
5/9/2025,6:15,120.8
5/9/2025,6:30,115.2
5/9/2025,6:45,115.2
5/9/2025,7:00,111.2
5/9/2025,7:15,120.8
5/9/2025,7:30,149.6
5/9/2025,7:45,149.6
5/9/2025,8:00,150.4
5/9/2025,8:15,178.4
5/9/2025,8:30,172
5/9/2025,8:45,155.2
5/9/2025,9:00,138.4
5/9/2025,9:15,144.8
5/9/2025,9:30,168
5/9/2025,9:45,159.2
5/9/2025,10:00,150.4
5/9/2025,10:15,147.2
5/9/2025,10:30,137.6
5/9/2025,10:45,136
5/9/2025,11:00,125.6
5/9/2025,11:15,127.2
5/9/2025,11:30,147.2
5/9/2025,11:45,136
5/9/2025,12:00,137.6
5/9/2025,12:15,129.6
5/9/2025,12:30,123.2
5/9/2025,12:45,124
5/9/2025,13:00,131.2
5/9/2025,13:15,110.4
5/9/2025,13:30,108
5/9/2025,13:45,132.8
5/9/2025,14:00,128.8
5/9/2025,14:15,126.4
5/9/2025,14:30,129.6
5/9/2025,14:45,137.6
5/9/2025,15:00,125.6
5/9/2025,15:15,122.4
5/9/2025,15:30,132.8
5/9/2025,15:45,152.8
5/9/2025,16:00,138.4
5/9/2025,16:15,148
5/9/2025,16:30,138.4
5/9/2025,16:45,121.6
5/9/2025,17:00,129.6
5/9/2025,17:15,110.4
5/9/2025,17:30,140
5/9/2025,17:45,116
5/9/2025,18:00,124.8
5/9/2025,18:15,122.4
5/9/2025,18:30,120
5/9/2025,18:45,129.6
5/9/2025,19:00,137.6
5/9/2025,19:15,122.4
5/9/2025,19:30,135.2
5/9/2025,19:45,127.2
5/9/2025,20:00,125.6
5/9/2025,20:15,130.4
5/9/2025,20:30,122.4
5/9/2025,20:45,122.4
5/9/2025,21:00,140.8
5/9/2025,21:15,137.6
5/9/2025,21:30,120.8
5/9/2025,21:45,132.8
5/9/2025,22:00,130.4
5/9/2025,22:15,120.8
5/9/2025,22:30,97.6
5/9/2025,22:45,97.6
5/9/2025,23:00,112.8
5/9/2025,23:15,107.2
5/9/2025,23:30,104.8
5/9/2025,23:45,96
5/10/2025,0:00,104
5/10/2025,0:15,99.2
5/10/2025,0:30,88
5/10/2025,0:45,104
5/10/2025,1:00,98.4
5/10/2025,1:15,84
5/10/2025,1:30,113.6
5/10/2025,1:45,93.6
5/10/2025,2:00,120
5/10/2025,2:15,100.8
5/10/2025,2:30,94.4
5/10/2025,2:45,112.8
5/10/2025,3:00,93.6
5/10/2025,3:15,103.2
5/10/2025,3:30,110.4
5/10/2025,3:45,97.6
5/10/2025,4:00,97.6
5/10/2025,4:15,104
5/10/2025,4:30,88.8
5/10/2025,4:45,94.4
5/10/2025,5:00,101.6
5/10/2025,5:15,100.8
5/10/2025,5:30,97.6
5/10/2025,5:45,91.2
5/10/2025,6:00,103.2
5/10/2025,6:15,124.8
5/10/2025,6:30,128
5/10/2025,6:45,131.2
5/10/2025,7:00,120
5/10/2025,7:15,104.8
5/10/2025,7:30,110.4
5/10/2025,7:45,148
5/10/2025,8:00,102.4
5/10/2025,8:15,154.4
5/10/2025,8:30,158.4
5/10/2025,8:45,140.8
5/10/2025,9:00,163.2
5/10/2025,9:15,154.4
5/10/2025,9:30,152
5/10/2025,9:45,167.2
5/10/2025,10:00,139.2
5/10/2025,10:15,138.4
5/10/2025,10:30,136.8
5/10/2025,10:45,140
5/10/2025,11:00,150.4
5/10/2025,11:15,134.4
5/10/2025,11:30,134.4
5/10/2025,11:45,127.2
5/10/2025,12:00,131.2
5/10/2025,12:15,138.4
5/10/2025,12:30,118.4
5/10/2025,12:45,98.4
5/10/2025,13:00,119.2
5/10/2025,13:15,117.6
5/10/2025,13:30,113.6
5/10/2025,13:45,120.8
5/10/2025,14:00,112
5/10/2025,14:15,122.4
5/10/2025,14:30,132
5/10/2025,14:45,120.8
5/10/2025,15:00,116
5/10/2025,15:15,116.8
5/10/2025,15:30,120.8
5/10/2025,15:45,116
5/10/2025,16:00,154.4
5/10/2025,16:15,143.2
5/10/2025,16:30,147.2
5/10/2025,16:45,129.6
5/10/2025,17:00,123.2
5/10/2025,17:15,112
5/10/2025,17:30,110.4
5/10/2025,17:45,108.8
5/10/2025,18:00,120
5/10/2025,18:15,128.8
5/10/2025,18:30,129.6
5/10/2025,18:45,124
5/10/2025,19:00,114.4
5/10/2025,19:15,130.4
5/10/2025,19:30,138.4
5/10/2025,19:45,117.6
5/10/2025,20:00,112.8
5/10/2025,20:15,120
5/10/2025,20:30,120.8
5/10/2025,20:45,120
5/10/2025,21:00,122.4
5/10/2025,21:15,109.6
5/10/2025,21:30,117.6
5/10/2025,21:45,114.4
5/10/2025,22:00,120.8
5/10/2025,22:15,117.6
5/10/2025,22:30,98.4
5/10/2025,22:45,96
5/10/2025,23:00,114.4
5/10/2025,23:15,89.6
5/10/2025,23:30,94.4
5/10/2025,23:45,100.8
5/11/2025,0:00,94.4
5/11/2025,0:15,94.4
5/11/2025,0:30,89.6
5/11/2025,0:45,100
5/11/2025,1:00,111.2
5/11/2025,1:15,93.6
5/11/2025,1:30,94.4
5/11/2025,1:45,92.8
5/11/2025,2:00,96.8
5/11/2025,2:15,100
5/11/2025,2:30,97.6
5/11/2025,2:45,100.8
5/11/2025,3:00,124
5/11/2025,3:15,93.6
5/11/2025,3:30,96
5/11/2025,3:45,99.2
5/11/2025,4:00,96
5/11/2025,4:15,81.6
5/11/2025,4:30,93.6
5/11/2025,4:45,93.6
5/11/2025,5:00,102.4
5/11/2025,5:15,114.4
5/11/2025,5:30,96
5/11/2025,5:45,134.4
5/11/2025,6:00,118.4
5/11/2025,6:15,127.2
5/11/2025,6:30,121.6
5/11/2025,6:45,98.4
5/11/2025,7:00,110.4
5/11/2025,7:15,108
5/11/2025,7:30,95.2
5/11/2025,7:45,107.2
5/11/2025,8:00,135.2
5/11/2025,8:15,140
5/11/2025,8:30,124
5/11/2025,8:45,124
5/11/2025,9:00,130.4
5/11/2025,9:15,136
5/11/2025,9:30,133.6
5/11/2025,9:45,144
5/11/2025,10:00,156.8
5/11/2025,10:15,148.8
5/11/2025,10:30,128
5/11/2025,10:45,145.6
5/11/2025,11:00,131.2
5/11/2025,11:15,120.8
5/11/2025,11:30,136
5/11/2025,11:45,140.8
5/11/2025,12:00,124
5/11/2025,12:15,128.8
5/11/2025,12:30,125.6
5/11/2025,12:45,116.8
5/11/2025,13:00,119.2
5/11/2025,13:15,114.4
5/11/2025,13:30,114.4
5/11/2025,13:45,121.6
5/11/2025,14:00,136
5/11/2025,14:15,108.8
5/11/2025,14:30,118.4
5/11/2025,14:45,120.8
5/11/2025,15:00,119.2
5/11/2025,15:15,124.8
5/11/2025,15:30,125.6
5/11/2025,15:45,124.8
5/11/2025,16:00,156.8
5/11/2025,16:15,143.2
5/11/2025,16:30,135.2
5/11/2025,16:45,104
5/11/2025,17:00,115.2
5/11/2025,17:15,110.4
5/11/2025,17:30,112
5/11/2025,17:45,108
5/11/2025,18:00,108.8
5/11/2025,18:15,104.8
5/11/2025,18:30,119.2
5/11/2025,18:45,124
5/11/2025,19:00,129.6
5/11/2025,19:15,118.4
5/11/2025,19:30,136.8
5/11/2025,19:45,124.8
5/11/2025,20:00,120
5/11/2025,20:15,135.2
5/11/2025,20:30,129.6
5/11/2025,20:45,144.8
5/11/2025,21:00,110.4
5/11/2025,21:15,128.8
5/11/2025,21:30,123.2
5/11/2025,21:45,108
5/11/2025,22:00,120
5/11/2025,22:15,118.4
5/11/2025,22:30,97.6
5/11/2025,22:45,110.4
5/11/2025,23:00,109.6
5/11/2025,23:15,92.8
5/11/2025,23:30,105.6
5/11/2025,23:45,94.4
5/12/2025,0:00,108.8
5/12/2025,0:15,108.8
5/12/2025,0:30,114.4
5/12/2025,0:45,135.2
5/12/2025,1:00,102.4
5/12/2025,1:15,108.8
5/12/2025,1:30,111.2
5/12/2025,1:45,111.2
5/12/2025,2:00,102.4
5/12/2025,2:15,121.6
5/12/2025,2:30,108.8
5/12/2025,2:45,112
5/12/2025,3:00,109.6
5/12/2025,3:15,114.4
5/12/2025,3:30,112.8
5/12/2025,3:45,104
5/12/2025,4:00,104
5/12/2025,4:15,111.2
5/12/2025,4:30,85.6
5/12/2025,4:45,84.8
5/12/2025,5:00,92
5/12/2025,5:15,82.4
5/12/2025,5:30,84
5/12/2025,5:45,109.6
5/12/2025,6:00,104
5/12/2025,6:15,101.6
5/12/2025,6:30,86.4
5/12/2025,6:45,102.4
5/12/2025,7:00,98.4
5/12/2025,7:15,92
5/12/2025,7:30,109.6
5/12/2025,7:45,108.8
5/12/2025,8:00,104
5/12/2025,8:15,118.4
5/12/2025,8:30,128.8
5/12/2025,8:45,136.8
5/12/2025,9:00,156
5/12/2025,9:15,139.2
5/12/2025,9:30,148
5/12/2025,9:45,135.2
5/12/2025,10:00,133.6
5/12/2025,10:15,131.2
5/12/2025,10:30,136.8
5/12/2025,10:45,132.8
5/12/2025,11:00,115.2
5/12/2025,11:15,113.6
5/12/2025,11:30,156
5/12/2025,11:45,123.2
5/12/2025,12:00,119.2
5/12/2025,12:15,128.8
5/12/2025,12:30,101.6
5/12/2025,12:45,107.2
5/12/2025,13:00,108.8
5/12/2025,13:15,112
5/12/2025,13:30,97.6
5/12/2025,13:45,96.8
5/12/2025,14:00,104
5/12/2025,14:15,105.6
5/12/2025,14:30,116
5/12/2025,14:45,192.8
5/12/2025,15:00,153.6
5/12/2025,15:15,215.2
5/12/2025,15:30,157.6
5/12/2025,15:45,153.6
5/12/2025,16:00,170.4
5/12/2025,16:15,169.6
5/12/2025,16:30,132
5/12/2025,16:45,140.8
5/12/2025,17:00,147.2
5/12/2025,17:15,153.6
5/12/2025,17:30,164
5/12/2025,17:45,142.4
5/12/2025,18:00,113.6
5/12/2025,18:15,130.4
5/12/2025,18:30,124
5/12/2025,18:45,122.4
5/12/2025,19:00,140
5/12/2025,19:15,150.4
5/12/2025,19:30,125.6
5/12/2025,19:45,124.8
5/12/2025,20:00,124.8
5/12/2025,20:15,116.8
5/12/2025,20:30,124.8
5/12/2025,20:45,129.6
5/12/2025,21:00,130.4
5/12/2025,21:15,118.4
5/12/2025,21:30,124.8
5/12/2025,21:45,129.6
5/12/2025,22:00,136.8
5/12/2025,22:15,132
5/12/2025,22:30,106.4
5/12/2025,22:45,100.8
5/12/2025,23:00,110.4
5/12/2025,23:15,93.6
5/12/2025,23:30,100
5/12/2025,23:45,94.4
5/13/2025,0:00,95.2
5/13/2025,0:15,104.8
5/13/2025,0:30,99.2
5/13/2025,0:45,103.2
5/13/2025,1:00,99.2
5/13/2025,1:15,96.8
5/13/2025,1:30,95.2
5/13/2025,1:45,103.2
5/13/2025,2:00,102.4
5/13/2025,2:15,92.8
5/13/2025,2:30,96.8
5/13/2025,2:45,109.6
5/13/2025,3:00,97.6
5/13/2025,3:15,95.2
5/13/2025,3:30,100.8
5/13/2025,3:45,92
5/13/2025,4:00,95.2
5/13/2025,4:15,92
5/13/2025,4:30,95.2
5/13/2025,4:45,91.2
5/13/2025,5:00,97.6
5/13/2025,5:15,103.2
5/13/2025,5:30,110.4
5/13/2025,5:45,116.8
5/13/2025,6:00,111.2
5/13/2025,6:15,129.6
5/13/2025,6:30,109.6
5/13/2025,6:45,120.8
5/13/2025,7:00,128
5/13/2025,7:15,121.6
5/13/2025,7:30,105.6
5/13/2025,7:45,114.4
5/13/2025,8:00,114.4
5/13/2025,8:15,156.8
5/13/2025,8:30,145.6
5/13/2025,8:45,135.2
5/13/2025,9:00,139.2
5/13/2025,9:15,189.6
5/13/2025,9:30,170.4
5/13/2025,9:45,204
5/13/2025,10:00,157.6
5/13/2025,10:15,163.2
5/13/2025,10:30,189.6
5/13/2025,10:45,177.6
5/13/2025,11:00,158.4
5/13/2025,11:15,160.8
5/13/2025,11:30,151.2
5/13/2025,11:45,160
5/13/2025,12:00,151.2
5/13/2025,12:15,160
5/13/2025,12:30,146.4
5/13/2025,12:45,153.6
5/13/2025,13:00,135.2
5/13/2025,13:15,130.4
5/13/2025,13:30,147.2
5/13/2025,13:45,136
5/13/2025,14:00,151.2
5/13/2025,14:15,140
5/13/2025,14:30,140.8
5/13/2025,14:45,149.6
5/13/2025,15:00,133.6
5/13/2025,15:15,150.4
5/13/2025,15:30,162.4
5/13/2025,15:45,179.2
5/13/2025,16:00,170.4
5/13/2025,16:15,341.6
5/13/2025,16:30,223.2
5/13/2025,16:45,228
5/13/2025,17:00,228
5/13/2025,17:15,144
5/13/2025,17:30,144.8
5/13/2025,17:45,134.4
5/13/2025,18:00,127.2
5/13/2025,18:15,116.8
5/13/2025,18:30,136
5/13/2025,18:45,144.8
5/13/2025,19:00,146.4
5/13/2025,19:15,125.6
5/13/2025,19:30,121.6
5/13/2025,19:45,136.8
5/13/2025,20:00,132
5/13/2025,20:15,121.6
5/13/2025,20:30,122.4
5/13/2025,20:45,124.8
5/13/2025,21:00,132
5/13/2025,21:15,120
5/13/2025,21:30,123.2
5/13/2025,21:45,115.2
5/13/2025,22:00,117.6
5/13/2025,22:15,121.6
5/13/2025,22:30,93.6
5/13/2025,22:45,116.8
5/13/2025,23:00,105.6
5/13/2025,23:15,94.4
5/13/2025,23:30,99.2
5/13/2025,23:45,96.8
5/14/2025,0:00,110.4
5/14/2025,0:15,98.4
5/14/2025,0:30,95.2
5/14/2025,0:45,99.2
5/14/2025,1:00,97.6
5/14/2025,1:15,110.4
5/14/2025,1:30,99.2
5/14/2025,1:45,130.4
5/14/2025,2:00,101.6
5/14/2025,2:15,102.4
5/14/2025,2:30,99.2
5/14/2025,2:45,91.2
5/14/2025,3:00,92
5/14/2025,3:15,96
5/14/2025,3:30,109.6
5/14/2025,3:45,91.2
5/14/2025,4:00,118.4
5/14/2025,4:15,102.4
5/14/2025,4:30,94.4
5/14/2025,4:45,94.4
5/14/2025,5:00,93.6
5/14/2025,5:15,97.6
5/14/2025,5:30,120
5/14/2025,5:45,112.8
5/14/2025,6:00,140
5/14/2025,6:15,108
5/14/2025,6:30,125.6
5/14/2025,6:45,112
5/14/2025,7:00,118.4
5/14/2025,7:15,129.6
5/14/2025,7:30,120.8
5/14/2025,7:45,121.6
5/14/2025,8:00,131.2
5/14/2025,8:15,162.4
5/14/2025,8:30,128.8
5/14/2025,8:45,153.6
5/14/2025,9:00,194.4
5/14/2025,9:15,239.2
5/14/2025,9:30,182.4
5/14/2025,9:45,186.4
5/14/2025,10:00,184.8
5/14/2025,10:15,156
5/14/2025,10:30,166.4
5/14/2025,10:45,175.2
5/14/2025,11:00,177.6
5/14/2025,11:15,153.6
5/14/2025,11:30,179.2
5/14/2025,11:45,160.8
5/14/2025,12:00,159.2
5/14/2025,12:15,174.4
5/14/2025,12:30,169.6
5/14/2025,12:45,145.6
5/14/2025,13:00,157.6
5/14/2025,13:15,170.4
5/14/2025,13:30,152
5/14/2025,13:45,140
5/14/2025,14:00,147.2
5/14/2025,14:15,168.8
5/14/2025,14:30,155.2
5/14/2025,14:45,144
5/14/2025,15:00,199.2
5/14/2025,15:15,154.4
5/14/2025,15:30,164
5/14/2025,15:45,325.6
5/14/2025,16:00,328
5/14/2025,16:15,356.8
5/14/2025,16:30,327.2
5/14/2025,16:45,368.8
5/14/2025,17:00,380.8
5/14/2025,17:15,359.2
5/14/2025,17:30,343.2
5/14/2025,17:45,271.2
5/14/2025,18:00,260.8
5/14/2025,18:15,256
5/14/2025,18:30,275.2
5/14/2025,18:45,283.2
5/14/2025,19:00,270.4
5/14/2025,19:15,268
5/14/2025,19:30,283.2
5/14/2025,19:45,278.4
5/14/2025,20:00,273.6
5/14/2025,20:15,260.8
5/14/2025,20:30,280
5/14/2025,20:45,272.8
5/14/2025,21:00,273.6
5/14/2025,21:15,264
5/14/2025,21:30,262.4
5/14/2025,21:45,261.6
5/14/2025,22:00,265.6
5/14/2025,22:15,263.2
5/14/2025,22:30,257.6
5/14/2025,22:45,243.2
5/14/2025,23:00,242.4
5/14/2025,23:15,241.6
5/14/2025,23:30,238.4
5/14/2025,23:45,233.6
5/15/2025,0:00,248.8
5/15/2025,0:15,251.2
5/15/2025,0:30,249.6
5/15/2025,0:45,241.6
5/15/2025,1:00,243.2
5/15/2025,1:15,216.8
5/15/2025,1:30,224.8
5/15/2025,1:45,218.4
5/15/2025,2:00,213.6
5/15/2025,2:15,211.2
5/15/2025,2:30,208
5/15/2025,2:45,205.6
5/15/2025,3:00,221.6
5/15/2025,3:15,220
5/15/2025,3:30,208
5/15/2025,3:45,220
5/15/2025,4:00,158.4
5/15/2025,4:15,208
5/15/2025,4:30,160.8
5/15/2025,4:45,212
5/15/2025,5:00,156
5/15/2025,5:15,204.8
5/15/2025,5:30,168
5/15/2025,5:45,251.2
5/15/2025,6:00,170.4
5/15/2025,6:15,232
5/15/2025,6:30,172
5/15/2025,6:45,222.4
5/15/2025,7:00,188
5/15/2025,7:15,225.6
5/15/2025,7:30,213.6
5/15/2025,7:45,224.8
5/15/2025,8:00,232
5/15/2025,8:15,224.8
5/15/2025,8:30,275.2
5/15/2025,8:45,252.8
5/15/2025,9:00,289.6
5/15/2025,9:15,272.8
5/15/2025,9:30,282.4
5/15/2025,9:45,284.8
5/15/2025,10:00,272
5/15/2025,10:15,300.8
5/15/2025,10:30,312
5/15/2025,10:45,302.4
5/15/2025,11:00,301.6
5/15/2025,11:15,298.4
5/15/2025,11:30,308
5/15/2025,11:45,296
5/15/2025,12:00,302.4
5/15/2025,12:15,305.6
5/15/2025,12:30,291.2
5/15/2025,12:45,280.8
5/15/2025,13:00,292.8
5/15/2025,13:15,295.2
5/15/2025,13:30,299.2
5/15/2025,13:45,306.4
5/15/2025,14:00,320
5/15/2025,14:15,291.2
5/15/2025,14:30,305.6
5/15/2025,14:45,300
5/15/2025,15:00,294.4
5/15/2025,15:15,296.8
5/15/2025,15:30,316.8
5/15/2025,15:45,363.2
5/15/2025,16:00,320.8
5/15/2025,16:15,323.2
5/15/2025,16:30,299.2
5/15/2025,16:45,288.8
5/15/2025,17:00,292.8
5/15/2025,17:15,278.4
5/15/2025,17:30,271.2
5/15/2025,17:45,274.4
5/15/2025,18:00,263.2
5/15/2025,18:15,255.2
5/15/2025,18:30,275.2
5/15/2025,18:45,277.6
5/15/2025,19:00,272.8
5/15/2025,19:15,309.6
5/15/2025,19:30,272.8
5/15/2025,19:45,270.4
5/15/2025,20:00,268
5/15/2025,20:15,263.2
5/15/2025,20:30,252.8
5/15/2025,20:45,239.2
5/15/2025,21:00,251.2
5/15/2025,21:15,247.2
5/15/2025,21:30,249.6
5/15/2025,21:45,240
5/15/2025,22:00,240
5/15/2025,22:15,246.4
5/15/2025,22:30,250.4
5/15/2025,22:45,248.8
5/15/2025,23:00,247.2
5/15/2025,23:15,266.4
5/15/2025,23:30,220.8
5/15/2025,23:45,223.2
5/16/2025,0:00,221.6
5/16/2025,0:15,226.4
5/16/2025,0:30,230.4
5/16/2025,0:45,220.8
5/16/2025,1:00,215.2
5/16/2025,1:15,216.8
5/16/2025,1:30,216.8
5/16/2025,1:45,217.6
5/16/2025,2:00,232
5/16/2025,2:15,248
5/16/2025,2:30,240.8
5/16/2025,2:45,245.6
5/16/2025,3:00,249.6
5/16/2025,3:15,245.6
5/16/2025,3:30,252.8
5/16/2025,3:45,232.8
5/16/2025,4:00,208.8
5/16/2025,4:15,224.8
5/16/2025,4:30,217.6
5/16/2025,4:45,221.6
5/16/2025,5:00,228
5/16/2025,5:15,212
5/16/2025,5:30,219.2
5/16/2025,5:45,213.6
5/16/2025,6:00,247.2
5/16/2025,6:15,245.6
5/16/2025,6:30,251.2
5/16/2025,6:45,251.2
5/16/2025,7:00,264
5/16/2025,7:15,263.2
5/16/2025,7:30,254.4
5/16/2025,7:45,230.4
5/16/2025,8:00,246.4
5/16/2025,8:15,268
5/16/2025,8:30,249.6
5/16/2025,8:45,262.4
5/16/2025,9:00,262.4
5/16/2025,9:15,273.6
5/16/2025,9:30,283.2
5/16/2025,9:45,288
5/16/2025,10:00,264
5/16/2025,10:15,298.4
5/16/2025,10:30,287.2
5/16/2025,10:45,282.4
5/16/2025,11:00,293.6
5/16/2025,11:15,288
5/16/2025,11:30,293.6
5/16/2025,11:45,278.4
5/16/2025,12:00,269.6
5/16/2025,12:15,252.8
5/16/2025,12:30,260
5/16/2025,12:45,236
5/16/2025,13:00,236.8
5/16/2025,13:15,242.4
5/16/2025,13:30,177.6
5/16/2025,13:45,236
5/16/2025,14:00,262.4
5/16/2025,14:15,223.2
5/16/2025,14:30,228
5/16/2025,14:45,233.6
5/16/2025,15:00,248.8
5/16/2025,15:15,330.4
5/16/2025,15:30,281.6
5/16/2025,15:45,236.8
5/16/2025,16:00,250.4
5/16/2025,16:15,284.8
5/16/2025,16:30,248.8
5/16/2025,16:45,200
5/16/2025,17:00,247.2
5/16/2025,17:15,169.6
5/16/2025,17:30,213.6
5/16/2025,17:45,221.6
5/16/2025,18:00,220.8
5/16/2025,18:15,225.6
5/16/2025,18:30,194.4
5/16/2025,18:45,232.8
5/16/2025,19:00,223.2
5/16/2025,19:15,243.2
5/16/2025,19:30,232.8
5/16/2025,19:45,173.6
5/16/2025,20:00,240.8
5/16/2025,20:15,178.4
5/16/2025,20:30,247.2
5/16/2025,20:45,224
5/16/2025,21:00,220.8
5/16/2025,21:15,217.6
5/16/2025,21:30,214.4
5/16/2025,21:45,239.2
5/16/2025,22:00,203.2
5/16/2025,22:15,219.2
5/16/2025,22:30,195.2
5/16/2025,22:45,217.6
5/16/2025,23:00,180
5/16/2025,23:15,200.8
5/16/2025,23:30,211.2
5/16/2025,23:45,140.8
5/17/2025,0:00,235.2
5/17/2025,0:15,168
5/17/2025,0:30,208
5/17/2025,0:45,159.2
5/17/2025,1:00,158.4
5/17/2025,1:15,192
5/17/2025,1:30,152
5/17/2025,1:45,197.6
5/17/2025,2:00,141.6
5/17/2025,2:15,204.8
5/17/2025,2:30,154.4
5/17/2025,2:45,197.6
5/17/2025,3:00,139.2
5/17/2025,3:15,196.8
5/17/2025,3:30,136
5/17/2025,3:45,197.6
5/17/2025,4:00,140.8
5/17/2025,4:15,211.2
5/17/2025,4:30,152
5/17/2025,4:45,196.8
5/17/2025,5:00,144
5/17/2025,5:15,201.6
5/17/2025,5:30,168.8
5/17/2025,5:45,226.4
5/17/2025,6:00,167.2
5/17/2025,6:15,202.4
5/17/2025,6:30,154.4
5/17/2025,6:45,224.8
5/17/2025,7:00,156.8
5/17/2025,7:15,219.2
5/17/2025,7:30,212
5/17/2025,7:45,228.8
5/17/2025,8:00,249.6
5/17/2025,8:15,252.8
5/17/2025,8:30,268
5/17/2025,8:45,283.2
5/17/2025,9:00,304
5/17/2025,9:15,296.8
5/17/2025,9:30,276.8
5/17/2025,9:45,257.6
5/17/2025,10:00,282.4
5/17/2025,10:15,303.2
5/17/2025,10:30,284.8
5/17/2025,10:45,293.6
5/17/2025,11:00,317.6
5/17/2025,11:15,309.6
5/17/2025,11:30,342.4
5/17/2025,11:45,384.8
5/17/2025,12:00,339.2
5/17/2025,12:15,340
5/17/2025,12:30,324.8
5/17/2025,12:45,257.6
5/17/2025,13:00,284.8
5/17/2025,13:15,300.8
5/17/2025,13:30,278.4
5/17/2025,13:45,289.6
5/17/2025,14:00,302.4
5/17/2025,14:15,292.8
5/17/2025,14:30,283.2
5/17/2025,14:45,288.8
5/17/2025,15:00,277.6
5/17/2025,15:15,267.2
5/17/2025,15:30,270.4
5/17/2025,15:45,187.2
5/17/2025,16:00,260.8
5/17/2025,16:15,227.2
5/17/2025,16:30,227.2
5/17/2025,16:45,257.6
5/17/2025,17:00,245.6
5/17/2025,17:15,236
5/17/2025,17:30,248
5/17/2025,17:45,234.4
5/17/2025,18:00,159.2
5/17/2025,18:15,227.2
5/17/2025,18:30,244.8
5/17/2025,18:45,221.6
5/17/2025,19:00,236
5/17/2025,19:15,242.4
5/17/2025,19:30,212
5/17/2025,19:45,219.2
5/17/2025,20:00,156
5/17/2025,20:15,233.6
5/17/2025,20:30,238.4
5/17/2025,20:45,221.6
5/17/2025,21:00,206.4
5/17/2025,21:15,159.2
5/17/2025,21:30,210.4
5/17/2025,21:45,230.4
5/17/2025,22:00,232.8
5/17/2025,22:15,221.6
5/17/2025,22:30,138.4
5/17/2025,22:45,217.6
5/17/2025,23:00,200.8
5/17/2025,23:15,191.2
5/17/2025,23:30,219.2
5/17/2025,23:45,196
5/18/2025,0:00,209.6
5/18/2025,0:15,176.8
5/18/2025,0:30,185.6
5/18/2025,0:45,180
5/18/2025,1:00,184
5/18/2025,1:15,168
5/18/2025,1:30,214.4
5/18/2025,1:45,160.8
5/18/2025,2:00,183.2
5/18/2025,2:15,140.8
5/18/2025,2:30,181.6
5/18/2025,2:45,132.8
5/18/2025,3:00,184.8
5/18/2025,3:15,140.8
5/18/2025,3:30,177.6
5/18/2025,3:45,144
5/18/2025,4:00,176
5/18/2025,4:15,136.8
5/18/2025,4:30,206.4
5/18/2025,4:45,144
5/18/2025,5:00,198.4
5/18/2025,5:15,144.8
5/18/2025,5:30,226.4
5/18/2025,5:45,146.4
5/18/2025,6:00,196.8
5/18/2025,6:15,152
5/18/2025,6:30,184
5/18/2025,6:45,149.6
5/18/2025,7:00,235.2
5/18/2025,7:15,148.8
5/18/2025,7:30,214.4
5/18/2025,7:45,152.8
5/18/2025,8:00,238.4
5/18/2025,8:15,160
5/18/2025,8:30,212
5/18/2025,8:45,170.4
5/18/2025,9:00,233.6
5/18/2025,9:15,176.8
5/18/2025,9:30,229.6
5/18/2025,9:45,186.4
5/18/2025,10:00,226.4
5/18/2025,10:15,166.4
5/18/2025,10:30,232
5/18/2025,10:45,161.6
5/18/2025,11:00,216.8
5/18/2025,11:15,151.2
5/18/2025,11:30,232
5/18/2025,11:45,159.2
5/18/2025,12:00,207.2
5/18/2025,12:15,154.4
5/18/2025,12:30,229.6
5/18/2025,12:45,164.8
5/18/2025,13:00,213.6
5/18/2025,13:15,169.6
5/18/2025,13:30,232
5/18/2025,13:45,144.8
5/18/2025,14:00,206.4
5/18/2025,14:15,153.6
5/18/2025,14:30,291.2
5/18/2025,14:45,236.8
5/18/2025,15:00,247.2
5/18/2025,15:15,248
5/18/2025,15:30,251.2
5/18/2025,15:45,264.8
5/18/2025,16:00,286.4
5/18/2025,16:15,289.6
5/18/2025,16:30,195.2
5/18/2025,16:45,280
5/18/2025,17:00,204.8
5/18/2025,17:15,231.2
5/18/2025,17:30,243.2
5/18/2025,17:45,186.4
5/18/2025,18:00,219.2
5/18/2025,18:15,145.6
5/18/2025,18:30,226.4
5/18/2025,18:45,219.2
5/18/2025,19:00,157.6
5/18/2025,19:15,223.2
5/18/2025,19:30,200.8
5/18/2025,19:45,206.4
5/18/2025,20:00,217.6
5/18/2025,20:15,155.2
5/18/2025,20:30,234.4
5/18/2025,20:45,208.8
5/18/2025,21:00,169.6
5/18/2025,21:15,218.4
5/18/2025,21:30,154.4
5/18/2025,21:45,223.2
5/18/2025,22:00,208.8
5/18/2025,22:15,168
5/18/2025,22:30,196
5/18/2025,22:45,147.2
5/18/2025,23:00,167.2
5/18/2025,23:15,190.4
5/18/2025,23:30,135.2
5/18/2025,23:45,188
5/19/2025,0:00,224
5/19/2025,0:15,129.6
5/19/2025,0:30,195.2
5/19/2025,0:45,138.4
5/19/2025,1:00,193.6
5/19/2025,1:15,128.8
5/19/2025,1:30,141.6
5/19/2025,1:45,178.4
5/19/2025,2:00,128
5/19/2025,2:15,187.2
5/19/2025,2:30,145.6
5/19/2025,2:45,191.2
5/19/2025,3:00,132
5/19/2025,3:15,212
5/19/2025,3:30,161.6
5/19/2025,3:45,186.4
5/19/2025,4:00,133.6
5/19/2025,4:15,220
5/19/2025,4:30,126.4
5/19/2025,4:45,192
5/19/2025,5:00,139.2
5/19/2025,5:15,189.6
5/19/2025,5:30,148
5/19/2025,5:45,186.4
5/19/2025,6:00,140.8
5/19/2025,6:15,216
5/19/2025,6:30,192
5/19/2025,6:45,157.6
5/19/2025,7:00,215.2
5/19/2025,7:15,153.6
5/19/2025,7:30,200.8
5/19/2025,7:45,201.6
5/19/2025,8:00,198.4
5/19/2025,8:15,214.4
5/19/2025,8:30,184
5/19/2025,8:45,129.6
5/19/2025,9:00,200
5/19/2025,9:15,235.2
5/19/2025,9:30,238.4
5/19/2025,9:45,252
5/19/2025,10:00,206.4
5/19/2025,10:15,301.6
5/19/2025,10:30,249.6
5/19/2025,10:45,318.4
5/19/2025,11:00,270.4
5/19/2025,11:15,252.8
5/19/2025,11:30,291.2
5/19/2025,11:45,259.2
5/19/2025,12:00,275.2
5/19/2025,12:15,270.4
5/19/2025,12:30,260
5/19/2025,12:45,275.2
5/19/2025,13:00,255.2
5/19/2025,13:15,250.4
5/19/2025,13:30,259.2
5/19/2025,13:45,262.4
5/19/2025,14:00,260
5/19/2025,14:15,244
5/19/2025,14:30,176
5/19/2025,14:45,190.4
5/19/2025,15:00,321.6
5/19/2025,15:15,312
5/19/2025,15:30,338.4
5/19/2025,15:45,336
5/19/2025,16:00,338.4
5/19/2025,16:15,347.2
5/19/2025,16:30,364.8
5/19/2025,16:45,331.2
5/19/2025,17:00,339.2
5/19/2025,17:15,337.6
5/19/2025,17:30,328.8
5/19/2025,17:45,355.2
5/19/2025,18:00,320
5/19/2025,18:15,327.2
5/19/2025,18:30,341.6
5/19/2025,18:45,345.6
5/19/2025,19:00,278.4
5/19/2025,19:15,277.6
5/19/2025,19:30,279.2
5/19/2025,19:45,270.4
5/19/2025,20:00,280.8
5/19/2025,20:15,264
5/19/2025,20:30,267.2
5/19/2025,20:45,252.8
5/19/2025,21:00,252
5/19/2025,21:15,263.2
5/19/2025,21:30,249.6
5/19/2025,21:45,252
5/19/2025,22:00,251.2
5/19/2025,22:15,250.4
5/19/2025,22:30,248
5/19/2025,22:45,223.2
5/19/2025,23:00,227.2
5/19/2025,23:15,237.6
5/19/2025,23:30,233.6
5/19/2025,23:45,249.6
5/20/2025,0:00,244
5/20/2025,0:15,242.4
5/20/2025,0:30,231.2
5/20/2025,0:45,236
5/20/2025,1:00,247.2
5/20/2025,1:15,229.6
5/20/2025,1:30,232.8
5/20/2025,1:45,230.4
5/20/2025,2:00,234.4
5/20/2025,2:15,275.2
5/20/2025,2:30,260.8
5/20/2025,2:45,256.8
5/20/2025,3:00,251.2
5/20/2025,3:15,258.4
5/20/2025,3:30,256.8
5/20/2025,3:45,240
5/20/2025,4:00,232
5/20/2025,4:15,232.8
5/20/2025,4:30,248.8
5/20/2025,4:45,232.8
5/20/2025,5:00,231.2
5/20/2025,5:15,225.6
5/20/2025,5:30,235.2
5/20/2025,5:45,236
5/20/2025,6:00,266.4
5/20/2025,6:15,257.6
5/20/2025,6:30,260.8
5/20/2025,6:45,264
5/20/2025,7:00,253.6
5/20/2025,7:15,235.2
5/20/2025,7:30,239.2
5/20/2025,7:45,246.4
5/20/2025,8:00,261.6
5/20/2025,8:15,261.6
5/20/2025,8:30,280.8
5/20/2025,8:45,275.2
5/20/2025,9:00,321.6
5/20/2025,9:15,348
5/20/2025,9:30,340
5/20/2025,9:45,344.8
5/20/2025,10:00,326.4
5/20/2025,10:15,300
5/20/2025,10:30,282.4
5/20/2025,10:45,252.8
5/20/2025,11:00,243.2
5/20/2025,11:15,252
5/20/2025,11:30,240
5/20/2025,11:45,236.8
5/20/2025,12:00,240.8
5/20/2025,12:15,236.8
5/20/2025,12:30,254.4
5/20/2025,12:45,240
5/20/2025,13:00,232
5/20/2025,13:15,246.4
5/20/2025,13:30,247.2
5/20/2025,13:45,246.4
5/20/2025,14:00,240
5/20/2025,14:15,167.2
5/20/2025,14:30,154.4
5/20/2025,14:45,136
5/20/2025,15:00,138.4
5/20/2025,15:15,163.2
5/20/2025,15:30,174.4
5/20/2025,15:45,164
5/20/2025,16:00,343.2
5/20/2025,16:15,324
5/20/2025,16:30,305.6
5/20/2025,16:45,302.4
5/20/2025,17:00,316.8
5/20/2025,17:15,248.8
5/20/2025,17:30,287.2
5/20/2025,17:45,251.2
5/20/2025,18:00,300
5/20/2025,18:15,282.4
5/20/2025,18:30,245.6
5/20/2025,18:45,260
5/20/2025,19:00,253.6
5/20/2025,19:15,252.8
5/20/2025,19:30,264.8
5/20/2025,19:45,228.8
5/20/2025,20:00,230.4
5/20/2025,20:15,219.2
5/20/2025,20:30,224
5/20/2025,20:45,240.8
5/20/2025,21:00,220.8
5/20/2025,21:15,231.2
5/20/2025,21:30,224.8
5/20/2025,21:45,212.8
5/20/2025,22:00,215.2
5/20/2025,22:15,221.6
5/20/2025,22:30,210.4
5/20/2025,22:45,205.6
5/20/2025,23:00,209.6
5/20/2025,23:15,206.4
5/20/2025,23:30,190.4
5/20/2025,23:45,205.6
5/21/2025,0:00,200.8
5/21/2025,0:15,200.8
5/21/2025,0:30,198.4
5/21/2025,0:45,200.8
5/21/2025,1:00,202.4
5/21/2025,1:15,200.8
5/21/2025,1:30,200
5/21/2025,1:45,219.2
5/21/2025,2:00,195.2
5/21/2025,2:15,198.4
5/21/2025,2:30,207.2
5/21/2025,2:45,204
5/21/2025,3:00,180
5/21/2025,3:15,236
5/21/2025,3:30,238.4
5/21/2025,3:45,241.6
5/21/2025,4:00,239.2
5/21/2025,4:15,202.4
5/21/2025,4:30,215.2
5/21/2025,4:45,208
5/21/2025,5:00,193.6
5/21/2025,5:15,209.6
5/21/2025,5:30,201.6
5/21/2025,5:45,244.8
5/21/2025,6:00,227.2
5/21/2025,6:15,220.8
5/21/2025,6:30,208
5/21/2025,6:45,156
5/21/2025,7:00,245.6
5/21/2025,7:15,225.6
5/21/2025,7:30,250.4
5/21/2025,7:45,230.4
5/21/2025,8:00,244
5/21/2025,8:15,225.6
5/21/2025,8:30,269.6
5/21/2025,8:45,336
5/21/2025,9:00,412
5/21/2025,9:15,403.2
5/21/2025,9:30,380.8
5/21/2025,9:45,344.8
5/21/2025,10:00,312
5/21/2025,10:15,372
5/21/2025,10:30,394.4
5/21/2025,10:45,284
5/21/2025,11:00,300.8
5/21/2025,11:15,275.2
5/21/2025,11:30,272.8
5/21/2025,11:45,265.6
5/21/2025,12:00,267.2
5/21/2025,12:15,286.4
5/21/2025,12:30,265.6
5/21/2025,12:45,256.8
5/21/2025,13:00,279.2
5/21/2025,13:15,255.2
5/21/2025,13:30,265.6
5/21/2025,13:45,266.4
5/21/2025,14:00,260
5/21/2025,14:15,287.2
5/21/2025,14:30,260.8
5/21/2025,14:45,288
5/21/2025,15:00,288.8
5/21/2025,15:15,292
5/21/2025,15:30,328.8
5/21/2025,15:45,329.6
5/21/2025,16:00,302.4
5/21/2025,16:15,274.4
5/21/2025,16:30,294.4
5/21/2025,16:45,268
5/21/2025,17:00,268.8
5/21/2025,17:15,297.6
5/21/2025,17:30,325.6
5/21/2025,17:45,277.6
5/21/2025,18:00,251.2
5/21/2025,18:15,256
5/21/2025,18:30,244.8
5/21/2025,18:45,220
5/21/2025,19:00,246.4
5/21/2025,19:15,254.4
5/21/2025,19:30,248
5/21/2025,19:45,265.6
5/21/2025,20:00,269.6
5/21/2025,20:15,245.6
5/21/2025,20:30,252.8
5/21/2025,20:45,253.6
5/21/2025,21:00,263.2
5/21/2025,21:15,256.8
5/21/2025,21:30,246.4
5/21/2025,21:45,240
5/21/2025,22:00,252
5/21/2025,22:15,248.8
5/21/2025,22:30,228
5/21/2025,22:45,232
5/21/2025,23:00,221.6
5/21/2025,23:15,222.4
5/21/2025,23:30,219.2
5/21/2025,23:45,230.4
5/22/2025,0:00,231.2
5/22/2025,0:15,220
5/22/2025,0:30,207.2
5/22/2025,0:45,230.4
5/22/2025,1:00,223.2
5/22/2025,1:15,224
5/22/2025,1:30,223.2
5/22/2025,1:45,225.6
5/22/2025,2:00,223.2
5/22/2025,2:15,222.4
5/22/2025,2:30,220.8
5/22/2025,2:45,228.8
5/22/2025,3:00,232
5/22/2025,3:15,216
5/22/2025,3:30,212
5/22/2025,3:45,213.6
5/22/2025,4:00,215.2
5/22/2025,4:15,216.8
5/22/2025,4:30,211.2
5/22/2025,4:45,216
5/22/2025,5:00,220
5/22/2025,5:15,228
5/22/2025,5:30,220
5/22/2025,5:45,233.6
5/22/2025,6:00,245.6
5/22/2025,6:15,248
5/22/2025,6:30,232.8
5/22/2025,6:45,248.8
5/22/2025,7:00,232.8
5/22/2025,7:15,232
5/22/2025,7:30,242.4
5/22/2025,7:45,260.8
5/22/2025,8:00,244.8
5/22/2025,8:15,261.6
5/22/2025,8:30,272
5/22/2025,8:45,292.8
5/22/2025,9:00,295.2
5/22/2025,9:15,289.6
5/22/2025,9:30,275.2
5/22/2025,9:45,266.4
5/22/2025,10:00,294.4
5/22/2025,10:15,281.6
5/22/2025,10:30,280
5/22/2025,10:45,339.2
5/22/2025,11:00,336
5/22/2025,11:15,274.4
5/22/2025,11:30,346.4
5/22/2025,11:45,283.2
5/22/2025,12:00,365.6
5/22/2025,12:15,422.4
5/22/2025,12:30,405.6
5/22/2025,12:45,378.4
5/22/2025,13:00,366.4
5/22/2025,13:15,375.2
5/22/2025,13:30,356
5/22/2025,13:45,273.6
5/22/2025,14:00,340.8
5/22/2025,14:15,276.8
5/22/2025,14:30,323.2
5/22/2025,14:45,368
5/22/2025,15:00,372
5/22/2025,15:15,461.6
5/22/2025,15:30,444.8
5/22/2025,15:45,432.8
5/22/2025,16:00,467.2
5/22/2025,16:15,454.4
5/22/2025,16:30,444
5/22/2025,16:45,342.4
5/22/2025,17:00,424.8
5/22/2025,17:15,322.4
5/22/2025,17:30,337.6
5/22/2025,17:45,490.4
5/22/2025,18:00,330.4
5/22/2025,18:15,322.4
5/22/2025,18:30,236
5/22/2025,18:45,235.2
5/22/2025,19:00,284
5/22/2025,19:15,262.4
5/22/2025,19:30,246.4
5/22/2025,19:45,259.2
5/22/2025,20:00,247.2
5/22/2025,20:15,241.6
5/22/2025,20:30,240
5/22/2025,20:45,286.4
5/22/2025,21:00,296.8
5/22/2025,21:15,236.8
5/22/2025,21:30,264
5/22/2025,21:45,248.8
5/22/2025,22:00,251.2
5/22/2025,22:15,232
5/22/2025,22:30,227.2
5/22/2025,22:45,218.4
5/22/2025,23:00,219.2
5/22/2025,23:15,280.8
5/22/2025,23:30,268
5/22/2025,23:45,272.8
5/23/2025,0:00,211.2
5/23/2025,0:15,224.8
5/23/2025,0:30,232
5/23/2025,0:45,212
5/23/2025,1:00,205.6
5/23/2025,1:15,219.2
5/23/2025,1:30,224
5/23/2025,1:45,220.8
5/23/2025,2:00,265.6
5/23/2025,2:15,273.6
5/23/2025,2:30,231.2
5/23/2025,2:45,214.4
5/23/2025,3:00,216
5/23/2025,3:15,215.2
5/23/2025,3:30,216.8
5/23/2025,3:45,216
5/23/2025,4:00,218.4
5/23/2025,4:15,212.8
5/23/2025,4:30,288
5/23/2025,4:45,255.2
5/23/2025,5:00,253.6
5/23/2025,5:15,205.6
5/23/2025,5:30,211.2
5/23/2025,5:45,250.4
5/23/2025,6:00,239.2
5/23/2025,6:15,238.4
5/23/2025,6:30,224.8
5/23/2025,6:45,228
5/23/2025,7:00,228.8
5/23/2025,7:15,264
5/23/2025,7:30,266.4
5/23/2025,7:45,227.2
5/23/2025,8:00,228
5/23/2025,8:15,244.8
5/23/2025,8:30,228
5/23/2025,8:45,234.4
5/23/2025,9:00,253.6
5/23/2025,9:15,266.4
5/23/2025,9:30,276
5/23/2025,9:45,384.8
5/23/2025,10:00,418.4
5/23/2025,10:15,414.4
5/23/2025,10:30,347.2
5/23/2025,10:45,295.2
5/23/2025,11:00,294.4
5/23/2025,11:15,300
5/23/2025,11:30,308
5/23/2025,11:45,289.6
5/23/2025,12:00,289.6
5/23/2025,12:15,322.4
5/23/2025,12:30,265.6
5/23/2025,12:45,271.2
5/23/2025,13:00,225.6
5/23/2025,13:15,224.8
5/23/2025,13:30,247.2
5/23/2025,13:45,238.4
5/23/2025,14:00,225.6
5/23/2025,14:15,283.2
5/23/2025,14:30,283.2
5/23/2025,14:45,335.2
5/23/2025,15:00,298.4
5/23/2025,15:15,258.4
5/23/2025,15:30,260
5/23/2025,15:45,254.4
5/23/2025,16:00,239.2
5/23/2025,16:15,230.4
5/23/2025,16:30,272
5/23/2025,16:45,280.8
5/23/2025,17:00,215.2
5/23/2025,17:15,216
5/23/2025,17:30,253.6
5/23/2025,17:45,265.6
5/23/2025,18:00,268
5/23/2025,18:15,216
5/23/2025,18:30,223.2
5/23/2025,18:45,192
5/23/2025,19:00,333.6
5/23/2025,19:15,259.2
5/23/2025,19:30,265.6
5/23/2025,19:45,227.2
5/23/2025,20:00,215.2
5/23/2025,20:15,252.8
5/23/2025,20:30,260.8
5/23/2025,20:45,228
5/23/2025,21:00,228
5/23/2025,21:15,231.2
5/23/2025,21:30,223.2
5/23/2025,21:45,217.6
5/23/2025,22:00,217.6
5/23/2025,22:15,225.6
5/23/2025,22:30,211.2
5/23/2025,22:45,234.4
5/23/2025,23:00,236
5/23/2025,23:15,224.8
5/23/2025,23:30,246.4
5/23/2025,23:45,240.8
5/24/2025,0:00,207.2
5/24/2025,0:15,208.8
5/24/2025,0:30,197.6
5/24/2025,0:45,200.8
5/24/2025,1:00,213.6
5/24/2025,1:15,240.8
5/24/2025,1:30,240
5/24/2025,1:45,212.8
5/24/2025,2:00,203.2
5/24/2025,2:15,197.6
5/24/2025,2:30,201.6
5/24/2025,2:45,207.2
5/24/2025,3:00,210.4
5/24/2025,3:15,220.8
5/24/2025,3:30,203.2
5/24/2025,3:45,241.6
5/24/2025,4:00,237.6
5/24/2025,4:15,212
5/24/2025,4:30,200
5/24/2025,4:45,204.8
5/24/2025,5:00,201.6
5/24/2025,5:15,195.2
5/24/2025,5:30,205.6
5/24/2025,5:45,219.2
5/24/2025,6:00,238.4
5/24/2025,6:15,263.2
5/24/2025,6:30,256.8
5/24/2025,6:45,208
5/24/2025,7:00,216.8
5/24/2025,7:15,221.6
5/24/2025,7:30,217.6
5/24/2025,7:45,249.6
5/24/2025,8:00,233.6
5/24/2025,8:15,320.8
5/24/2025,8:30,298.4
5/24/2025,8:45,286.4
5/24/2025,9:00,288
5/24/2025,9:15,262.4
5/24/2025,9:30,255.2
5/24/2025,9:45,250.4
5/24/2025,10:00,250.4
5/24/2025,10:15,244.8
5/24/2025,10:30,272
5/24/2025,10:45,253.6
5/24/2025,11:00,282.4
5/24/2025,11:15,298.4
5/24/2025,11:30,296.8
5/24/2025,11:45,247.2
5/24/2025,12:00,240
5/24/2025,12:15,234.4
5/24/2025,12:30,220.8
5/24/2025,12:45,261.6
5/24/2025,13:00,274.4
5/24/2025,13:15,224
5/24/2025,13:30,266.4
5/24/2025,13:45,281.6
5/24/2025,14:00,232.8
5/24/2025,14:15,224.8
5/24/2025,14:30,234.4
5/24/2025,14:45,240
5/24/2025,15:00,224
5/24/2025,15:15,226.4
5/24/2025,15:30,217.6
5/24/2025,15:45,292
5/24/2025,16:00,280
5/24/2025,16:15,268.8
5/24/2025,16:30,245.6
5/24/2025,16:45,236
5/24/2025,17:00,225.6
5/24/2025,17:15,229.6
5/24/2025,17:30,226.4
5/24/2025,17:45,217.6
5/24/2025,18:00,214.4
5/24/2025,18:15,246.4
5/24/2025,18:30,251.2
5/24/2025,18:45,217.6
5/24/2025,19:00,212.8
5/24/2025,19:15,221.6
5/24/2025,19:30,214.4
5/24/2025,19:45,218.4
5/24/2025,20:00,217.6
5/24/2025,20:15,230.4
5/24/2025,20:30,295.2
5/24/2025,20:45,264.8
5/24/2025,21:00,256
5/24/2025,21:15,208
5/24/2025,21:30,217.6
5/24/2025,21:45,220
5/24/2025,22:00,216
5/24/2025,22:15,213.6
5/24/2025,22:30,208.8
5/24/2025,22:45,240
5/24/2025,23:00,229.6
5/24/2025,23:15,232
5/24/2025,23:30,209.6
5/24/2025,23:45,205.6
5/25/2025,0:00,194.4
5/25/2025,0:15,196.8
5/25/2025,0:30,200.8
5/25/2025,0:45,200.8
5/25/2025,1:00,245.6
5/25/2025,1:15,251.2
5/25/2025,1:30,202.4
5/25/2025,1:45,202.4
5/25/2025,2:00,192
5/25/2025,2:15,202.4
5/25/2025,2:30,220
5/25/2025,2:45,235.2
5/25/2025,3:00,273.6
5/25/2025,3:15,236.8
5/25/2025,3:30,232.8
5/25/2025,3:45,192
5/25/2025,4:00,201.6
5/25/2025,4:15,207.2
5/25/2025,4:30,192
5/25/2025,4:45,185.6
5/25/2025,5:00,192
5/25/2025,5:15,239.2
5/25/2025,5:30,245.6
5/25/2025,5:45,224
5/25/2025,6:00,227.2
5/25/2025,6:15,214.4
5/25/2025,6:30,199.2
5/25/2025,6:45,198.4
5/25/2025,7:00,197.6
5/25/2025,7:15,204
5/25/2025,7:30,280
5/25/2025,7:45,248
5/25/2025,8:00,212
5/25/2025,8:15,215.2
5/25/2025,8:30,224
5/25/2025,8:45,218.4
5/25/2025,9:00,255.2
5/25/2025,9:15,240.8
5/25/2025,9:30,223.2
5/25/2025,9:45,172.8
5/25/2025,10:00,172.8
5/25/2025,10:15,125.6
5/25/2025,10:30,135.2
5/25/2025,10:45,158.4
5/25/2025,11:00,145.6
5/25/2025,11:15,132
5/25/2025,11:30,134.4
5/25/2025,11:45,206.4
5/25/2025,12:00,172
5/25/2025,12:15,124
5/25/2025,12:30,110.4
5/25/2025,12:45,116
5/25/2025,13:00,109.6
5/25/2025,13:15,109.6
5/25/2025,13:30,130.4
5/25/2025,13:45,155.2
5/25/2025,14:00,142.4
5/25/2025,14:15,107.2
5/25/2025,14:30,112
5/25/2025,14:45,116.8
5/25/2025,15:00,124
5/25/2025,15:15,116
5/25/2025,15:30,139.2
5/25/2025,15:45,176
5/25/2025,16:00,176
5/25/2025,16:15,171.2
5/25/2025,16:30,129.6
5/25/2025,16:45,118.4
5/25/2025,17:00,136
5/25/2025,17:15,127.2
5/25/2025,17:30,113.6
5/25/2025,17:45,119.2
5/25/2025,18:00,147.2
5/25/2025,18:15,144.8
5/25/2025,18:30,106.4
5/25/2025,18:45,95.2
5/25/2025,19:00,115.2
5/25/2025,19:15,109.6
5/25/2025,19:30,135.2
5/25/2025,19:45,111.2
5/25/2025,20:00,171.2
5/25/2025,20:15,159.2
5/25/2025,20:30,158.4
5/25/2025,20:45,111.2
5/25/2025,21:00,110.4
5/25/2025,21:15,125.6
5/25/2025,21:30,108.8
5/25/2025,21:45,105.6
5/25/2025,22:00,108.8
5/25/2025,22:15,153.6
5/25/2025,22:30,130.4
5/25/2025,22:45,96
5/25/2025,23:00,103.2
5/25/2025,23:15,113.6
5/25/2025,23:30,82.4
5/25/2025,23:45,96.8
5/26/2025,0:00,89.6
5/26/2025,0:15,134.4
5/26/2025,0:30,132
5/26/2025,0:45,108.8
5/26/2025,1:00,88
5/26/2025,1:15,97.6
5/26/2025,1:30,89.6
5/26/2025,1:45,92.8
5/26/2025,2:00,101.6
5/26/2025,2:15,100.8
5/26/2025,2:30,122.4
5/26/2025,2:45,133.6
5/26/2025,3:00,90.4
5/26/2025,3:15,93.6
5/26/2025,3:30,90.4
5/26/2025,3:45,94.4
5/26/2025,4:00,88
5/26/2025,4:15,94.4
5/26/2025,4:30,134.4
5/26/2025,4:45,124
5/26/2025,5:00,103.2
5/26/2025,5:15,99.2
5/26/2025,5:30,106.4
5/26/2025,5:45,92.8
5/26/2025,6:00,104
5/26/2025,6:15,132
5/26/2025,6:30,129.6
5/26/2025,6:45,151.2
5/26/2025,7:00,156.8
5/26/2025,7:15,107.2
5/26/2025,7:30,102.4
5/26/2025,7:45,93.6
5/26/2025,8:00,128
5/26/2025,8:15,403.2
5/26/2025,8:30,413.6
5/26/2025,8:45,442.4
5/26/2025,9:00,355.2
5/26/2025,9:15,358.4
5/26/2025,9:30,336
5/26/2025,9:45,217.6
5/26/2025,10:00,160
5/26/2025,10:15,160.8
5/26/2025,10:30,153.6
5/26/2025,10:45,253.6
5/26/2025,11:00,243.2
5/26/2025,11:15,216
5/26/2025,11:30,211.2
5/26/2025,11:45,212.8
5/26/2025,12:00,207.2
5/26/2025,12:15,204.8
5/26/2025,12:30,196
5/26/2025,12:45,225.6
5/26/2025,13:00,257.6
5/26/2025,13:15,197.6
5/26/2025,13:30,188.8
5/26/2025,13:45,208.8
5/26/2025,14:00,149.6
5/26/2025,14:15,157.6
5/26/2025,14:30,138.4
5/26/2025,14:45,233.6
5/26/2025,15:00,224
5/26/2025,15:15,185.6
5/26/2025,15:30,209.6
5/26/2025,15:45,224
5/26/2025,16:00,178.4
5/26/2025,16:15,133.6
5/26/2025,16:30,231.2
5/26/2025,16:45,340.8
5/26/2025,17:00,363.2
5/26/2025,17:15,300.8
5/26/2025,17:30,306.4
5/26/2025,17:45,295.2
5/26/2025,18:00,276.8
5/26/2025,18:15,204
5/26/2025,18:30,188.8
5/26/2025,18:45,244.8
5/26/2025,19:00,239.2
5/26/2025,19:15,143.2
5/26/2025,19:30,212.8
5/26/2025,19:45,265.6
5/26/2025,20:00,290.4
5/26/2025,20:15,264
5/26/2025,20:30,239.2
5/26/2025,20:45,234.4
5/26/2025,21:00,221.6
5/26/2025,21:15,201.6
5/26/2025,21:30,201.6
5/26/2025,21:45,197.6
5/26/2025,22:00,192
5/26/2025,22:15,211.2
5/26/2025,22:30,174.4
5/26/2025,22:45,264.8
5/26/2025,23:00,214.4
5/26/2025,23:15,213.6
5/26/2025,23:30,179.2
5/26/2025,23:45,195.2
5/27/2025,0:00,192
5/27/2025,0:15,187.2
5/27/2025,0:30,194.4
5/27/2025,0:45,184
5/27/2025,1:00,186.4
5/27/2025,1:15,162.4
5/27/2025,1:30,161.6
5/27/2025,1:45,164
5/27/2025,2:00,119.2
5/27/2025,2:15,237.6
5/27/2025,2:30,184.8
5/27/2025,2:45,187.2
5/27/2025,3:00,169.6
5/27/2025,3:15,208.8
5/27/2025,3:30,190.4
5/27/2025,3:45,211.2
5/27/2025,4:00,227.2
5/27/2025,4:15,190.4
5/27/2025,4:30,171.2
5/27/2025,4:45,178.4
5/27/2025,5:00,180
5/27/2025,5:15,125.6
5/27/2025,5:30,120
5/27/2025,5:45,140
5/27/2025,6:00,248
5/27/2025,6:15,237.6
5/27/2025,6:30,272
5/27/2025,6:45,192.8
5/27/2025,7:00,185.6
5/27/2025,7:15,184
5/27/2025,7:30,184.8
5/27/2025,7:45,204
5/27/2025,8:00,224.8
5/27/2025,8:15,243.2
5/27/2025,8:30,258.4
5/27/2025,8:45,270.4
5/27/2025,9:00,288
5/27/2025,9:15,263.2
5/27/2025,9:30,223.2
5/27/2025,9:45,238.4
5/27/2025,10:00,260
5/27/2025,10:15,259.2
5/27/2025,10:30,418.4
5/27/2025,10:45,427.2
5/27/2025,11:00,433.6
5/27/2025,11:15,376
5/27/2025,11:30,352.8
5/27/2025,11:45,372.8
5/27/2025,12:00,362.4
5/27/2025,12:15,350.4
5/27/2025,12:30,342.4
5/27/2025,12:45,331.2
5/27/2025,13:00,310.4
5/27/2025,13:15,366.4
5/27/2025,13:30,348
5/27/2025,13:45,324
5/27/2025,14:00,247.2
5/27/2025,14:15,266.4
5/27/2025,14:30,270.4
5/27/2025,14:45,320
5/27/2025,15:00,310.4
5/27/2025,15:15,318.4
5/27/2025,15:30,383.2
5/27/2025,15:45,357.6
5/27/2025,16:00,379.2
5/27/2025,16:15,324
5/27/2025,16:30,337.6
5/27/2025,16:45,337.6
5/27/2025,17:00,319.2
5/27/2025,17:15,294.4
5/27/2025,17:30,319.2
5/27/2025,17:45,320
5/27/2025,18:00,345.6
5/27/2025,18:15,335.2
5/27/2025,18:30,308.8
5/27/2025,18:45,308.8
5/27/2025,19:00,307.2
5/27/2025,19:15,249.6
5/27/2025,19:30,257.6
5/27/2025,19:45,248
5/27/2025,20:00,245.6
5/27/2025,20:15,360
5/27/2025,20:30,348
5/27/2025,20:45,344.8
5/27/2025,21:00,324
5/27/2025,21:15,301.6
5/27/2025,21:30,304.8
5/27/2025,21:45,309.6
5/27/2025,22:00,303.2
5/27/2025,22:15,296.8
5/27/2025,22:30,324
5/27/2025,22:45,333.6
5/27/2025,23:00,319.2
5/27/2025,23:15,306.4
5/27/2025,23:30,280
5/27/2025,23:45,290.4
5/28/2025,0:00,288
5/28/2025,0:15,220
5/28/2025,0:30,219.2
5/28/2025,0:45,248.8
5/28/2025,1:00,253.6
5/28/2025,1:15,260.8
5/28/2025,1:30,282.4
5/28/2025,1:45,267.2
5/28/2025,2:00,276.8
5/28/2025,2:15,308.8
5/28/2025,2:30,277.6
5/28/2025,2:45,266.4
5/28/2025,3:00,328.8
5/28/2025,3:15,312.8
5/28/2025,3:30,306.4
5/28/2025,3:45,280
5/28/2025,4:00,287.2
5/28/2025,4:15,272.8
5/28/2025,4:30,287.2
5/28/2025,4:45,283.2
5/28/2025,5:00,270.4
5/28/2025,5:15,341.6
5/28/2025,5:30,253.6
5/28/2025,5:45,264
5/28/2025,6:00,209.6
5/28/2025,6:15,226.4
5/28/2025,6:30,304.8
5/28/2025,6:45,296
5/28/2025,7:00,283.2
5/28/2025,7:15,274.4
5/28/2025,7:30,318.4
5/28/2025,7:45,334.4
5/28/2025,8:00,329.6
5/28/2025,8:15,314.4
5/28/2025,8:30,305.6
5/28/2025,8:45,309.6
5/28/2025,9:00,346.4
5/28/2025,9:15,394.4
5/28/2025,9:30,366.4
5/28/2025,9:45,360
5/28/2025,10:00,340
5/28/2025,10:15,344
5/28/2025,10:30,332
5/28/2025,10:45,352
5/28/2025,11:00,364
5/28/2025,11:15,342.4
5/28/2025,11:30,334.4
5/28/2025,11:45,308.8
5/28/2025,12:00,304.8
5/28/2025,12:15,287.2
5/28/2025,12:30,300.8
5/28/2025,12:45,257.6
5/28/2025,13:00,251.2
5/28/2025,13:15,236
5/28/2025,13:30,269.6
5/28/2025,13:45,292.8
5/28/2025,14:00,303.2
5/28/2025,14:15,278.4
5/28/2025,14:30,290.4
5/28/2025,14:45,310.4
5/28/2025,15:00,269.6
5/28/2025,15:15,245.6
5/28/2025,15:30,308.8
5/28/2025,15:45,309.6
5/28/2025,16:00,268
5/28/2025,16:15,350.4
5/28/2025,16:30,337.6
5/28/2025,16:45,332.8
5/28/2025,17:00,354.4
5/28/2025,17:15,357.6
5/28/2025,17:30,384.8
5/28/2025,17:45,382.4
5/28/2025,18:00,341.6
5/28/2025,18:15,348.8
5/28/2025,18:30,365.6
5/28/2025,18:45,351.2
5/28/2025,19:00,392.8
5/28/2025,19:15,360
5/28/2025,19:30,344
5/28/2025,19:45,416
5/28/2025,20:00,409.6
5/28/2025,20:15,388
5/28/2025,20:30,389.6
5/28/2025,20:45,382.4
5/28/2025,21:00,384.8
5/28/2025,21:15,368.8
5/28/2025,21:30,373.6
5/28/2025,21:45,366.4
5/28/2025,22:00,393.6
5/28/2025,22:15,300.8
5/28/2025,22:30,285.6
5/28/2025,22:45,277.6
5/28/2025,23:00,307.2
5/28/2025,23:15,280
5/28/2025,23:30,372
5/28/2025,23:45,360.8
5/29/2025,0:00,351.2
5/29/2025,0:15,348.8
5/29/2025,0:30,304
5/29/2025,0:45,292
5/29/2025,1:00,336
5/29/2025,1:15,348
5/29/2025,1:30,303.2
5/29/2025,1:45,305.6
5/29/2025,2:00,299.2
5/29/2025,2:15,292
5/29/2025,2:30,292
5/29/2025,2:45,332
5/29/2025,3:00,334.4
5/29/2025,3:15,304
5/29/2025,3:30,296
5/29/2025,3:45,297.6
5/29/2025,4:00,294.4
5/29/2025,4:15,293.6
5/29/2025,4:30,334.4
5/29/2025,4:45,303.2
5/29/2025,5:00,295.2
5/29/2025,5:15,290.4
5/29/2025,5:30,302.4
5/29/2025,5:45,305.6
5/29/2025,6:00,313.6
5/29/2025,6:15,314.4
5/29/2025,6:30,351.2
5/29/2025,6:45,368
5/29/2025,7:00,302.4
5/29/2025,7:15,383.2
5/29/2025,7:30,360.8
5/29/2025,7:45,359.2
5/29/2025,8:00,382.4
5/29/2025,8:15,432.8
5/29/2025,8:30,449.6
5/29/2025,8:45,367.2
5/29/2025,9:00,372.8
5/29/2025,9:15,403.2
5/29/2025,9:30,370.4
5/29/2025,9:45,375.2
5/29/2025,10:00,444
5/29/2025,10:15,429.6
5/29/2025,10:30,449.6
5/29/2025,10:45,457.6
5/29/2025,11:00,428.8
5/29/2025,11:15,420.8
5/29/2025,11:30,411.2
5/29/2025,11:45,432
5/29/2025,12:00,438.4
5/29/2025,12:15,468.8
5/29/2025,12:30,444
5/29/2025,12:45,470.4
5/29/2025,13:00,417.6
5/29/2025,13:15,399.2
5/29/2025,13:30,398.4
5/29/2025,13:45,426.4
5/29/2025,14:00,412.8
5/29/2025,14:15,404.8
5/29/2025,14:30,390.4
5/29/2025,14:45,425.6
5/29/2025,15:00,437.6
5/29/2025,15:15,428.8
5/29/2025,15:30,428.8
5/29/2025,15:45,424
5/29/2025,16:00,446.4
5/29/2025,16:15,407.2
5/29/2025,16:30,383.2
5/29/2025,16:45,380
5/29/2025,17:00,388
5/29/2025,17:15,385.6
5/29/2025,17:30,380
5/29/2025,17:45,380
5/29/2025,18:00,416
5/29/2025,18:15,360
5/29/2025,18:30,372.8
5/29/2025,18:45,381.6
5/29/2025,19:00,344
5/29/2025,19:15,344
5/29/2025,19:30,331.2
5/29/2025,19:45,441.6
5/29/2025,20:00,425.6
5/29/2025,20:15,397.6
5/29/2025,20:30,416.8
5/29/2025,20:45,400.8
5/29/2025,21:00,404
5/29/2025,21:15,326.4
5/29/2025,21:30,330.4
5/29/2025,21:45,376.8
5/29/2025,22:00,348.8
5/29/2025,22:15,372.8
5/29/2025,22:30,387.2
5/29/2025,22:45,392
5/29/2025,23:00,376
5/29/2025,23:15,304
5/29/2025,23:30,358.4
5/29/2025,23:45,353.6
5/30/2025,0:00,306.4
5/30/2025,0:15,301.6
5/30/2025,0:30,318.4
5/30/2025,0:45,322.4
5/30/2025,1:00,356.8
5/30/2025,1:15,432
5/30/2025,1:30,418.4
5/30/2025,1:45,332.8
5/30/2025,2:00,315.2
5/30/2025,2:15,313.6
5/30/2025,2:30,315.2
5/30/2025,2:45,309.6
5/30/2025,3:00,318.4
5/30/2025,3:15,340
5/30/2025,3:30,350.4
5/30/2025,3:45,322.4
5/30/2025,4:00,303.2
5/30/2025,4:15,300.8
5/30/2025,4:30,307.2
5/30/2025,4:45,368
5/30/2025,5:00,420
5/30/2025,5:15,414.4
5/30/2025,5:30,324
5/30/2025,5:45,305.6
5/30/2025,6:00,307.2
5/30/2025,6:15,337.6
5/30/2025,6:30,376
5/30/2025,6:45,346.4
5/30/2025,7:00,324
5/30/2025,7:15,388
5/30/2025,7:30,400
5/30/2025,7:45,386.4
5/30/2025,8:00,368
5/30/2025,8:15,364
5/30/2025,8:30,415.2
5/30/2025,8:45,411.2
5/30/2025,9:00,379.2
5/30/2025,9:15,392
5/30/2025,9:30,412
5/30/2025,9:45,476.8
5/30/2025,10:00,429.6
5/30/2025,10:15,412.8
5/30/2025,10:30,412.8
5/30/2025,10:45,401.6
5/30/2025,11:00,418.4
5/30/2025,11:15,437.6
5/30/2025,11:30,394.4
5/30/2025,11:45,383.2
5/30/2025,12:00,405.6
5/30/2025,12:15,427.2
5/30/2025,12:30,451.2
5/30/2025,12:45,401.6
5/30/2025,13:00,433.6
5/30/2025,13:15,389.6
5/30/2025,13:30,380
5/30/2025,13:45,414.4
5/30/2025,14:00,390.4
5/30/2025,14:15,398.4
5/30/2025,14:30,417.6
5/30/2025,14:45,384.8
5/30/2025,15:00,394.4
5/30/2025,15:15,392
5/30/2025,15:30,464.8
5/30/2025,15:45,401.6
5/30/2025,16:00,329.6
5/30/2025,16:15,333.6
5/30/2025,16:30,391.2
5/30/2025,16:45,399.2
5/30/2025,17:00,432
5/30/2025,17:15,372
5/30/2025,17:30,364
5/30/2025,17:45,365.6
5/30/2025,18:00,331.2
5/30/2025,18:15,372
5/30/2025,18:30,329.6
5/30/2025,18:45,303.2
5/30/2025,19:00,368.8
5/30/2025,19:15,368
5/30/2025,19:30,400
5/30/2025,19:45,448
5/30/2025,20:00,349.6
5/30/2025,20:15,324
5/30/2025,20:30,321.6
5/30/2025,20:45,336.8
5/30/2025,21:00,380
5/30/2025,21:15,449.6
5/30/2025,21:30,408
5/30/2025,21:45,427.2
5/30/2025,22:00,400.8
5/30/2025,22:15,368.8
5/30/2025,22:30,343.2
5/30/2025,22:45,309.6
5/30/2025,23:00,317.6
5/30/2025,23:15,298.4
5/30/2025,23:30,352.8
5/30/2025,23:45,355.2
5/31/2025,0:00,355.2
5/31/2025,0:15,392
5/31/2025,0:30,362.4
5/31/2025,0:45,353.6
5/31/2025,1:00,323.2
5/31/2025,1:15,309.6
5/31/2025,1:30,304.8
5/31/2025,1:45,316.8
5/31/2025,2:00,308.8
5/31/2025,2:15,318.4
5/31/2025,2:30,347.2
5/31/2025,2:45,390.4
5/31/2025,3:00,420
5/31/2025,3:15,370.4
5/31/2025,3:30,312.8
5/31/2025,3:45,325.6
5/31/2025,4:00,320
5/31/2025,4:15,352
5/31/2025,4:30,352.8
5/31/2025,4:45,301.6
5/31/2025,5:00,301.6
5/31/2025,5:15,320.8
5/31/2025,5:30,372.8
5/31/2025,5:45,373.6
5/31/2025,6:00,319.2
5/31/2025,6:15,386.4
5/31/2025,6:30,377.6
5/31/2025,6:45,329.6
5/31/2025,7:00,373.6
5/31/2025,7:15,404
5/31/2025,7:30,328
5/31/2025,7:45,359.2
5/31/2025,8:00,347.2
5/31/2025,8:15,325.6
5/31/2025,8:30,353.6
5/31/2025,8:45,407.2
5/31/2025,9:00,435.2
5/31/2025,9:15,372.8
5/31/2025,9:30,328.8
5/31/2025,9:45,308
5/31/2025,10:00,320.8
5/31/2025,10:15,316
5/31/2025,10:30,304.8
5/31/2025,10:45,312
5/31/2025,11:00,305.6
5/31/2025,11:15,297.6
5/31/2025,11:30,343.2
5/31/2025,11:45,372.8
5/31/2025,12:00,352
5/31/2025,12:15,311.2
5/31/2025,12:30,293.6
5/31/2025,12:45,297.6
5/31/2025,13:00,344
5/31/2025,13:15,351.2
5/31/2025,13:30,332.8
5/31/2025,13:45,350.4
5/31/2025,14:00,306.4
5/31/2025,14:15,293.6
5/31/2025,14:30,304
5/31/2025,14:45,307.2
5/31/2025,15:00,301.6
5/31/2025,15:15,350.4
5/31/2025,15:30,404.8
5/31/2025,15:45,372.8
5/31/2025,16:00,316.8
5/31/2025,16:15,337.6
5/31/2025,16:30,293.6
5/31/2025,16:45,333.6
5/31/2025,17:00,322.4
5/31/2025,17:15,277.6
5/31/2025,17:30,362.4
5/31/2025,17:45,342.4
5/31/2025,18:00,333.6
5/31/2025,18:15,293.6
5/31/2025,18:30,291.2
5/31/2025,18:45,287.2
5/31/2025,19:00,336.8
5/31/2025,19:15,309.6
5/31/2025,19:30,286.4
5/31/2025,19:45,345.6
5/31/2025,20:00,353.6
5/31/2025,20:15,302.4
5/31/2025,20:30,313.6
5/31/2025,20:45,359.2
5/31/2025,21:00,344
5/31/2025,21:15,296.8
5/31/2025,21:30,315.2
5/31/2025,21:45,292
5/31/2025,22:00,286.4
5/31/2025,22:15,335.2
5/31/2025,22:30,297.6
5/31/2025,22:45,271.2
5/31/2025,23:00,268.8
5/31/2025,23:15,272.8
5/31/2025,23:30,279.2
5/31/2025,23:45,312
6/1/2025,0:00,317.6
6/1/2025,0:15,321.6
6/1/2025,0:30,329.6
6/1/2025,0:45,288
6/1/2025,1:00,277.6
6/1/2025,1:15,264.8
6/1/2025,1:30,310.4
6/1/2025,1:45,286.4
6/1/2025,2:00,284
6/1/2025,2:15,264
6/1/2025,2:30,314.4
6/1/2025,2:45,320
6/1/2025,3:00,270.4
6/1/2025,3:15,272
6/1/2025,3:30,288.8
6/1/2025,3:45,288.8
6/1/2025,4:00,324
6/1/2025,4:15,326.4
6/1/2025,4:30,327.2
6/1/2025,4:45,281.6
6/1/2025,5:00,292
6/1/2025,5:15,272
6/1/2025,5:30,324.8
6/1/2025,5:45,276.8
6/1/2025,6:00,278.4
6/1/2025,6:15,287.2
6/1/2025,6:30,316.8
6/1/2025,6:45,340.8
6/1/2025,7:00,331.2
6/1/2025,7:15,367.2
6/1/2025,7:30,346.4
6/1/2025,7:45,344.8
6/1/2025,8:00,318.4
6/1/2025,8:15,334.4
6/1/2025,8:30,353.6
6/1/2025,8:45,337.6
6/1/2025,9:00,326.4
6/1/2025,9:15,333.6
6/1/2025,9:30,321.6
6/1/2025,9:45,367.2
6/1/2025,10:00,363.2
6/1/2025,10:15,371.2
6/1/2025,10:30,328
6/1/2025,10:45,319.2
6/1/2025,11:00,344
6/1/2025,11:15,339.2
6/1/2025,11:30,314.4
6/1/2025,11:45,316
6/1/2025,12:00,368.8
6/1/2025,12:15,360
6/1/2025,12:30,432
6/1/2025,12:45,350.4
6/1/2025,13:00,296
6/1/2025,13:15,292.8
6/1/2025,13:30,348.8
6/1/2025,13:45,416
6/1/2025,14:00,348
6/1/2025,14:15,353.6
6/1/2025,14:30,360
6/1/2025,14:45,311.2
6/1/2025,15:00,316
6/1/2025,15:15,293.6
6/1/2025,15:30,269.6
6/1/2025,15:45,276
6/1/2025,16:00,286.4
6/1/2025,16:15,299.2
6/1/2025,16:30,266.4
6/1/2025,16:45,339.2
6/1/2025,17:00,308.8
6/1/2025,17:15,250.4
6/1/2025,17:30,267.2
6/1/2025,17:45,261.6
6/1/2025,18:00,249.6
6/1/2025,18:15,255.2
6/1/2025,18:30,285.6
6/1/2025,18:45,295.2
6/1/2025,19:00,271.2
6/1/2025,19:15,256.8
6/1/2025,19:30,248
6/1/2025,19:45,256
6/1/2025,20:00,252.8
6/1/2025,20:15,254.4
6/1/2025,20:30,297.6
6/1/2025,20:45,274.4
6/1/2025,21:00,248.8
6/1/2025,21:15,255.2
6/1/2025,21:30,247.2
6/1/2025,21:45,246.4
6/1/2025,22:00,288
6/1/2025,22:15,240.8
6/1/2025,22:30,243.2
6/1/2025,22:45,232
6/1/2025,23:00,269.6
6/1/2025,23:15,247.2
6/1/2025,23:30,229.6
6/1/2025,23:45,228.8
6/2/2025,0:00,226.4
6/2/2025,0:15,284
6/2/2025,0:30,277.6
6/2/2025,0:45,249.6
6/2/2025,1:00,225.6
6/2/2025,1:15,235.2
6/2/2025,1:30,231.2
6/2/2025,1:45,273.6
6/2/2025,2:00,250.4
6/2/2025,2:15,225.6
6/2/2025,2:30,234.4
6/2/2025,2:45,223.2
6/2/2025,3:00,302.4
6/2/2025,3:15,237.6
6/2/2025,3:30,242.4
6/2/2025,3:45,299.2
6/2/2025,4:00,249.6
6/2/2025,4:15,273.6
6/2/2025,4:30,234.4
6/2/2025,4:45,228.8
6/2/2025,5:00,248
6/2/2025,5:15,248
6/2/2025,5:30,274.4
6/2/2025,5:45,245.6
6/2/2025,6:00,253.6
6/2/2025,6:15,243.2
6/2/2025,6:30,253.6
6/2/2025,6:45,236.8
6/2/2025,7:00,246.4
6/2/2025,7:15,272
6/2/2025,7:30,288
6/2/2025,7:45,248.8
6/2/2025,8:00,266.4
6/2/2025,8:15,253.6
6/2/2025,8:30,264
6/2/2025,8:45,332
6/2/2025,9:00,328
6/2/2025,9:15,278.4
6/2/2025,9:30,241.6
6/2/2025,9:45,285.6
6/2/2025,10:00,239.2
6/2/2025,10:15,340.8
6/2/2025,10:30,292
6/2/2025,10:45,292.8
6/2/2025,11:00,319.2
6/2/2025,11:15,300
6/2/2025,11:30,286.4
6/2/2025,11:45,289.6
6/2/2025,12:00,259.2
6/2/2025,12:15,240.8
6/2/2025,12:30,239.2
6/2/2025,12:45,225.6
6/2/2025,13:00,252
6/2/2025,13:15,232
6/2/2025,13:30,247.2
6/2/2025,13:45,312
6/2/2025,14:00,273.6
6/2/2025,14:15,247.2
6/2/2025,14:30,234.4
6/2/2025,14:45,236
6/2/2025,15:00,264
6/2/2025,15:15,239.2
6/2/2025,15:30,240.8
6/2/2025,15:45,256
6/2/2025,16:00,295.2
6/2/2025,16:15,268.8
6/2/2025,16:30,220.8
6/2/2025,16:45,208
6/2/2025,17:00,215.2
6/2/2025,17:15,205.6
6/2/2025,17:30,194.4
6/2/2025,17:45,206.4
6/2/2025,18:00,192
6/2/2025,18:15,234.4
6/2/2025,18:30,234.4
6/2/2025,18:45,199.2
6/2/2025,19:00,198.4
6/2/2025,19:15,210.4
6/2/2025,19:30,231.2
6/2/2025,19:45,252
6/2/2025,20:00,240
6/2/2025,20:15,161.6
6/2/2025,20:30,145.6
6/2/2025,20:45,192
6/2/2025,21:00,193.6
6/2/2025,21:15,192
6/2/2025,21:30,200
6/2/2025,21:45,188.8
6/2/2025,22:00,228.8
6/2/2025,22:15,228
6/2/2025,22:30,117.6
6/2/2025,22:45,128.8
6/2/2025,23:00,174.4
6/2/2025,23:15,175.2
6/2/2025,23:30,190.4
6/2/2025,23:45,171.2
6/3/2025,0:00,244
6/3/2025,0:15,216
6/3/2025,0:30,130.4
6/3/2025,0:45,126.4
6/3/2025,1:00,175.2
6/3/2025,1:15,172
6/3/2025,1:30,169.6
6/3/2025,1:45,181.6
6/3/2025,2:00,247.2
6/3/2025,2:15,216.8
6/3/2025,2:30,172
6/3/2025,2:45,172.8
6/3/2025,3:00,116.8
6/3/2025,3:15,140
6/3/2025,3:30,116.8
6/3/2025,3:45,172.8
6/3/2025,4:00,171.2
6/3/2025,4:15,217.6
6/3/2025,4:30,220
6/3/2025,4:45,168
6/3/2025,5:00,171.2
6/3/2025,5:15,171.2
6/3/2025,5:30,172.8
6/3/2025,5:45,192.8
6/3/2025,6:00,212
6/3/2025,6:15,235.2
6/3/2025,6:30,196
6/3/2025,6:45,204.8
6/3/2025,7:00,180.8
6/3/2025,7:15,188.8
6/3/2025,7:30,185.6
6/3/2025,7:45,251.2
6/3/2025,8:00,240
6/3/2025,8:15,158.4
6/3/2025,8:30,173.6
6/3/2025,8:45,179.2
6/3/2025,9:00,180.8
6/3/2025,9:15,239.2
6/3/2025,9:30,274.4
6/3/2025,9:45,241.6
6/3/2025,10:00,226.4
6/3/2025,10:15,236
6/3/2025,10:30,224.8
6/3/2025,10:45,230.4
6/3/2025,11:00,268
6/3/2025,11:15,223.2
6/3/2025,11:30,240
6/3/2025,11:45,223.2
6/3/2025,12:00,277.6
6/3/2025,12:15,208.8
6/3/2025,12:30,243.2
6/3/2025,12:45,229.6
6/3/2025,13:00,215.2
6/3/2025,13:15,208.8
6/3/2025,13:30,215.2
6/3/2025,13:45,290.4
6/3/2025,14:00,260.8
6/3/2025,14:15,211.2
6/3/2025,14:30,218.4
6/3/2025,14:45,213.6
6/3/2025,15:00,251.2
6/3/2025,15:15,211.2
6/3/2025,15:30,224
6/3/2025,15:45,282.4
6/3/2025,16:00,225.6
6/3/2025,16:15,212.8
6/3/2025,16:30,212
6/3/2025,16:45,220.8
6/3/2025,17:00,256
6/3/2025,17:15,200
6/3/2025,17:30,196
6/3/2025,17:45,203.2
6/3/2025,18:00,194.4
6/3/2025,18:15,208.8
6/3/2025,18:30,231.2
6/3/2025,18:45,197.6
6/3/2025,19:00,192
6/3/2025,19:15,191.2
6/3/2025,19:30,196
6/3/2025,19:45,238.4
6/3/2025,20:00,208.8
6/3/2025,20:15,203.2
6/3/2025,20:30,135.2
6/3/2025,20:45,134.4
6/3/2025,21:00,134.4
6/3/2025,21:15,244
6/3/2025,21:30,229.6
6/3/2025,21:45,189.6
6/3/2025,22:00,191.2
6/3/2025,22:15,210.4
6/3/2025,22:30,179.2
6/3/2025,22:45,175.2
6/3/2025,23:00,226.4
6/3/2025,23:15,212
6/3/2025,23:30,192.8
6/3/2025,23:45,180
6/4/2025,0:00,178.4
6/4/2025,0:15,173.6
6/4/2025,0:30,194.4
6/4/2025,0:45,216.8
6/4/2025,1:00,197.6
6/4/2025,1:15,117.6
6/4/2025,1:30,119.2
6/4/2025,1:45,121.6
6/4/2025,2:00,113.6
6/4/2025,2:15,228
6/4/2025,2:30,216
6/4/2025,2:45,188
6/4/2025,3:00,189.6
6/4/2025,3:15,200.8
6/4/2025,3:30,176.8
6/4/2025,3:45,171.2
6/4/2025,4:00,211.2
6/4/2025,4:15,186.4
6/4/2025,4:30,172
6/4/2025,4:45,171.2
6/4/2025,5:00,180
6/4/2025,5:15,184
6/4/2025,5:30,235.2
6/4/2025,5:45,226.4
6/4/2025,6:00,200
6/4/2025,6:15,198.4
6/4/2025,6:30,182.4
6/4/2025,6:45,196.8
6/4/2025,7:00,196
6/4/2025,7:15,172.8
6/4/2025,7:30,126.4
6/4/2025,7:45,200.8
6/4/2025,8:00,207.2
6/4/2025,8:15,213.6
6/4/2025,8:30,243.2
6/4/2025,8:45,282.4
6/4/2025,9:00,282.4
6/4/2025,9:15,300
6/4/2025,9:30,365.6
6/4/2025,9:45,305.6
6/4/2025,10:00,400
6/4/2025,10:15,397.6
6/4/2025,10:30,444
6/4/2025,10:45,451.2
6/4/2025,11:00,432
6/4/2025,11:15,255.2
6/4/2025,11:30,239.2
6/4/2025,11:45,242.4
6/4/2025,12:00,264.8
6/4/2025,12:15,247.2
6/4/2025,12:30,241.6
6/4/2025,12:45,268.8
6/4/2025,13:00,242.4
6/4/2025,13:15,232
6/4/2025,13:30,250.4
6/4/2025,13:45,228
6/4/2025,14:00,236.8
6/4/2025,14:15,228.8
6/4/2025,14:30,276
6/4/2025,14:45,307.2
6/4/2025,15:00,298.4
6/4/2025,15:15,234.4
6/4/2025,15:30,248.8
6/4/2025,15:45,303.2
6/4/2025,16:00,356.8
6/4/2025,16:15,340.8
6/4/2025,16:30,313.6
6/4/2025,16:45,288
6/4/2025,17:00,235.2
6/4/2025,17:15,232.8
6/4/2025,17:30,237.6
6/4/2025,17:45,222.4
6/4/2025,18:00,225.6
6/4/2025,18:15,227.2
6/4/2025,18:30,236
6/4/2025,18:45,288.8
6/4/2025,19:00,292
6/4/2025,19:15,229.6
6/4/2025,19:30,228
6/4/2025,19:45,245.6
6/4/2025,20:00,244.8
6/4/2025,20:15,248
6/4/2025,20:30,232.8
6/4/2025,20:45,267.2
6/4/2025,21:00,276.8
6/4/2025,21:15,236.8
6/4/2025,21:30,227.2
6/4/2025,21:45,229.6
6/4/2025,22:00,223.2
6/4/2025,22:15,276
6/4/2025,22:30,201.6
6/4/2025,22:45,204.8
6/4/2025,23:00,207.2
6/4/2025,23:15,205.6
6/4/2025,23:30,272
6/4/2025,23:45,211.2
6/5/2025,0:00,200.8
6/5/2025,0:15,204
6/5/2025,0:30,184.8
6/5/2025,0:45,190.4
6/5/2025,1:00,227.2
6/5/2025,1:15,199.2
6/5/2025,1:30,192.8
6/5/2025,1:45,189.6
6/5/2025,2:00,202.4
6/5/2025,2:15,198.4
6/5/2025,2:30,256
6/5/2025,2:45,229.6
6/5/2025,3:00,209.6
6/5/2025,3:15,189.6
6/5/2025,3:30,191.2
6/5/2025,3:45,193.6
6/5/2025,4:00,202.4
6/5/2025,4:15,219.2
6/5/2025,4:30,176
6/5/2025,4:45,197.6
6/5/2025,5:00,179.2
6/5/2025,5:15,196
6/5/2025,5:30,173.6
6/5/2025,5:45,187.2
6/5/2025,6:00,243.2
6/5/2025,6:15,205.6
6/5/2025,6:30,196.8
6/5/2025,6:45,197.6
6/5/2025,7:00,204
6/5/2025,7:15,208.8
6/5/2025,7:30,200.8
6/5/2025,7:45,239.2
6/5/2025,8:00,214.4
6/5/2025,8:15,210.4
6/5/2025,8:30,232
6/5/2025,8:45,256
6/5/2025,9:00,260.8
6/5/2025,9:15,279.2
6/5/2025,9:30,310.4
6/5/2025,9:45,304.8
6/5/2025,10:00,356.8
6/5/2025,10:15,317.6
6/5/2025,10:30,262.4
6/5/2025,10:45,258.4
6/5/2025,11:00,261.6
6/5/2025,11:15,266.4
6/5/2025,11:30,259.2
6/5/2025,11:45,251.2
6/5/2025,12:00,244.8
6/5/2025,12:15,243.2
6/5/2025,12:30,249.6
6/5/2025,12:45,260
6/5/2025,13:00,257.6
6/5/2025,13:15,298.4
6/5/2025,13:30,300
6/5/2025,13:45,300
6/5/2025,14:00,237.6
6/5/2025,14:15,278.4
6/5/2025,14:30,250.4
6/5/2025,14:45,245.6
6/5/2025,15:00,245.6
6/5/2025,15:15,267.2
6/5/2025,15:30,248.8
6/5/2025,15:45,268.8
6/5/2025,16:00,292.8
6/5/2025,16:15,352.8
6/5/2025,16:30,356.8
6/5/2025,16:45,309.6
6/5/2025,17:00,243.2
6/5/2025,17:15,255.2
6/5/2025,17:30,242.4
6/5/2025,17:45,242.4
6/5/2025,18:00,264.8
6/5/2025,18:15,241.6
6/5/2025,18:30,246.4
6/5/2025,18:45,260
6/5/2025,19:00,256
6/5/2025,19:15,236.8
6/5/2025,19:30,232.8
6/5/2025,19:45,220
6/5/2025,20:00,234.4
6/5/2025,20:15,227.2
6/5/2025,20:30,221.6
6/5/2025,20:45,227.2
6/5/2025,21:00,267.2
6/5/2025,21:15,254.4
6/5/2025,21:30,214.4
6/5/2025,21:45,222.4
6/5/2025,22:00,219.2
6/5/2025,22:15,221.6
6/5/2025,22:30,230.4
6/5/2025,22:45,209.6
6/5/2025,23:00,228
6/5/2025,23:15,236
6/5/2025,23:30,231.2
6/5/2025,23:45,199.2
6/6/2025,0:00,219.2
6/6/2025,0:15,190.4
6/6/2025,0:30,208
6/6/2025,0:45,192
6/6/2025,1:00,188
6/6/2025,1:15,207.2
6/6/2025,1:30,238.4
6/6/2025,1:45,212
6/6/2025,2:00,188
6/6/2025,2:15,252
6/6/2025,2:30,175.2
6/6/2025,2:45,173.6
6/6/2025,3:00,185.6
6/6/2025,3:15,117.6
6/6/2025,3:30,193.6
6/6/2025,3:45,197.6
6/6/2025,4:00,217.6
6/6/2025,4:15,210.4
6/6/2025,4:30,184.8
6/6/2025,4:45,124.8
6/6/2025,5:00,182.4
6/6/2025,5:15,190.4
6/6/2025,5:30,183.2
6/6/2025,5:45,217.6
6/6/2025,6:00,191.2
6/6/2025,6:15,240.8
6/6/2025,6:30,244.8
6/6/2025,6:45,210.4
6/6/2025,7:00,189.6
6/6/2025,7:15,198.4
6/6/2025,7:30,196
6/6/2025,7:45,205.6
6/6/2025,8:00,216.8
6/6/2025,8:15,211.2
6/6/2025,8:30,258.4
6/6/2025,8:45,294.4
6/6/2025,9:00,276
6/6/2025,9:15,267.2
6/6/2025,9:30,256
6/6/2025,9:45,258.4
6/6/2025,10:00,255.2
6/6/2025,10:15,252.8
6/6/2025,10:30,284
6/6/2025,10:45,260
6/6/2025,11:00,266.4
6/6/2025,11:15,279.2
6/6/2025,11:30,344.8
6/6/2025,11:45,336
6/6/2025,12:00,321.6
6/6/2025,12:15,328.8
6/6/2025,12:30,288.8
6/6/2025,12:45,249.6
6/6/2025,13:00,249.6
6/6/2025,13:15,325.6
6/6/2025,13:30,310.4
6/6/2025,13:45,310.4
6/6/2025,14:00,327.2
6/6/2025,14:15,325.6
6/6/2025,14:30,334.4
6/6/2025,14:45,299.2
6/6/2025,15:00,322.4
6/6/2025,15:15,322.4
6/6/2025,15:30,332
6/6/2025,15:45,354.4
6/6/2025,16:00,344.8
6/6/2025,16:15,321.6
6/6/2025,16:30,249.6
6/6/2025,16:45,237.6
6/6/2025,17:00,224.8
6/6/2025,17:15,208.8
6/6/2025,17:30,271.2
6/6/2025,17:45,274.4
6/6/2025,18:00,238.4
6/6/2025,18:15,210.4
6/6/2025,18:30,215.2
6/6/2025,18:45,231.2
6/6/2025,19:00,224.8
6/6/2025,19:15,215.2
6/6/2025,19:30,240.8
6/6/2025,19:45,245.6
6/6/2025,20:00,218.4
6/6/2025,20:15,291.2
6/6/2025,20:30,282.4
6/6/2025,20:45,217.6
6/6/2025,21:00,225.6
6/6/2025,21:15,300.8
6/6/2025,21:30,287.2
6/6/2025,21:45,285.6
6/6/2025,22:00,274.4
6/6/2025,22:15,281.6
6/6/2025,22:30,256.8
6/6/2025,22:45,239.2
6/6/2025,23:00,208.8
6/6/2025,23:15,268.8
6/6/2025,23:30,277.6
6/6/2025,23:45,200.8
6/7/2025,0:00,136.8
6/7/2025,0:15,134.4
6/7/2025,0:30,262.4
6/7/2025,0:45,256.8
6/7/2025,1:00,144.8
6/7/2025,1:15,127.2
6/7/2025,1:30,183.2
6/7/2025,1:45,263.2
6/7/2025,2:00,250.4
6/7/2025,2:15,129.6
6/7/2025,2:30,144
6/7/2025,2:45,240
6/7/2025,3:00,264.8
6/7/2025,3:15,147.2
6/7/2025,3:30,149.6
6/7/2025,3:45,196
6/7/2025,4:00,251.2
6/7/2025,4:15,297.6
6/7/2025,4:30,151.2
6/7/2025,4:45,143.2
6/7/2025,5:00,255.2
6/7/2025,5:15,248
6/7/2025,5:30,166.4
6/7/2025,5:45,141.6
6/7/2025,6:00,271.2
6/7/2025,6:15,312
6/7/2025,6:30,154.4
6/7/2025,6:45,140
6/7/2025,7:00,261.6
6/7/2025,7:15,268.8
6/7/2025,7:30,265.6
6/7/2025,7:45,171.2
6/7/2025,8:00,237.6
6/7/2025,8:15,295.2
6/7/2025,8:30,367.2
6/7/2025,8:45,348
6/7/2025,9:00,362.4
6/7/2025,9:15,278.4
6/7/2025,9:30,203.2
6/7/2025,9:45,299.2
6/7/2025,10:00,313.6
6/7/2025,10:15,334.4
6/7/2025,10:30,320.8
6/7/2025,10:45,239.2
6/7/2025,11:00,182.4
6/7/2025,11:15,303.2
6/7/2025,11:30,304
6/7/2025,11:45,298.4
6/7/2025,12:00,178.4
6/7/2025,12:15,180
6/7/2025,12:30,281.6
6/7/2025,12:45,353.6
6/7/2025,13:00,308.8
6/7/2025,13:15,192
6/7/2025,13:30,152.8
6/7/2025,13:45,280.8
6/7/2025,14:00,280
6/7/2025,14:15,309.6
6/7/2025,14:30,167.2
6/7/2025,14:45,164
6/7/2025,15:00,294.4
6/7/2025,15:15,271.2
6/7/2025,15:30,279.2
6/7/2025,15:45,220
6/7/2025,16:00,263.2
6/7/2025,16:15,275.2
6/7/2025,16:30,309.6
6/7/2025,16:45,307.2
6/7/2025,17:00,288
6/7/2025,17:15,286.4
6/7/2025,17:30,217.6
6/7/2025,17:45,156
6/7/2025,18:00,159.2
6/7/2025,18:15,264
6/7/2025,18:30,272
6/7/2025,18:45,197.6
6/7/2025,19:00,169.6
6/7/2025,19:15,202.4
6/7/2025,19:30,317.6
6/7/2025,19:45,308.8
6/7/2025,20:00,249.6
6/7/2025,20:15,217.6
6/7/2025,20:30,233.6
6/7/2025,20:45,202.4
6/7/2025,21:00,227.2
6/7/2025,21:15,212
6/7/2025,21:30,215.2
6/7/2025,21:45,216
6/7/2025,22:00,222.4
6/7/2025,22:15,225.6
6/7/2025,22:30,197.6
6/7/2025,22:45,197.6
6/7/2025,23:00,242.4
6/7/2025,23:15,238.4
6/7/2025,23:30,200.8
6/7/2025,23:45,197.6
6/8/2025,0:00,198.4
6/8/2025,0:15,202.4
6/8/2025,0:30,188.8
6/8/2025,0:45,192
6/8/2025,1:00,192.8
6/8/2025,1:15,190.4
6/8/2025,1:30,194.4
6/8/2025,1:45,212
6/8/2025,2:00,204
6/8/2025,2:15,238.4
6/8/2025,2:30,232.8
6/8/2025,2:45,208.8
6/8/2025,3:00,192
6/8/2025,3:15,191.2
6/8/2025,3:30,202.4
6/8/2025,3:45,204.8
6/8/2025,4:00,203.2
6/8/2025,4:15,185.6
6/8/2025,4:30,211.2
6/8/2025,4:45,203.2
6/8/2025,5:00,200
6/8/2025,5:15,191.2
6/8/2025,5:30,240.8
6/8/2025,5:45,199.2
6/8/2025,6:00,240.8
6/8/2025,6:15,275.2
6/8/2025,6:30,257.6
6/8/2025,6:45,200
6/8/2025,7:00,199.2
6/8/2025,7:15,232
6/8/2025,7:30,216
6/8/2025,7:45,202.4
6/8/2025,8:00,220
6/8/2025,8:15,208.8
6/8/2025,8:30,311.2
6/8/2025,8:45,381.6
6/8/2025,9:00,368
6/8/2025,9:15,362.4
6/8/2025,9:30,340.8
6/8/2025,9:45,332
6/8/2025,10:00,337.6
6/8/2025,10:15,330.4
6/8/2025,10:30,362.4
6/8/2025,10:45,302.4
6/8/2025,11:00,301.6
6/8/2025,11:15,302.4
6/8/2025,11:30,319.2
6/8/2025,11:45,234.4
6/8/2025,12:00,254.4
6/8/2025,12:15,260.8
6/8/2025,12:30,257.6
6/8/2025,12:45,260.8
6/8/2025,13:00,285.6
6/8/2025,13:15,291.2
6/8/2025,13:30,158.4
6/8/2025,13:45,154.4
6/8/2025,14:00,269.6
6/8/2025,14:15,280.8
6/8/2025,14:30,272.8
6/8/2025,14:45,234.4
6/8/2025,15:00,221.6
6/8/2025,15:15,276
6/8/2025,15:30,244.8
6/8/2025,15:45,362.4
6/8/2025,16:00,300.8
6/8/2025,16:15,241.6
6/8/2025,16:30,222.4
6/8/2025,16:45,193.6
6/8/2025,17:00,205.6
6/8/2025,17:15,213.6
6/8/2025,17:30,250.4
6/8/2025,17:45,213.6
6/8/2025,18:00,216
6/8/2025,18:15,206.4
6/8/2025,18:30,266.4
6/8/2025,18:45,234.4
6/8/2025,19:00,246.4
6/8/2025,19:15,205.6
6/8/2025,19:30,220
6/8/2025,19:45,210.4
6/8/2025,20:00,214.4
6/8/2025,20:15,210.4
6/8/2025,20:30,200.8
6/8/2025,20:45,205.6
6/8/2025,21:00,202.4
6/8/2025,21:15,225.6
6/8/2025,21:30,216.8
6/8/2025,21:45,245.6
6/8/2025,22:00,238.4
6/8/2025,22:15,228.8
6/8/2025,22:30,190.4
6/8/2025,22:45,196.8
6/8/2025,23:00,188.8
6/8/2025,23:15,189.6
6/8/2025,23:30,183.2
6/8/2025,23:45,189.6
6/9/2025,0:00,183.2
6/9/2025,0:15,191.2
6/9/2025,0:30,194.4
6/9/2025,0:45,181.6
6/9/2025,1:00,163.2
6/9/2025,1:15,178.4
6/9/2025,1:30,237.6
6/9/2025,1:45,193.6
6/9/2025,2:00,136
6/9/2025,2:15,138.4
6/9/2025,2:30,244.8
6/9/2025,2:45,179.2
6/9/2025,3:00,144
6/9/2025,3:15,132
6/9/2025,3:30,248.8
6/9/2025,3:45,248.8
6/9/2025,4:00,190.4
6/9/2025,4:15,157.6
6/9/2025,4:30,216.8
6/9/2025,4:45,245.6
6/9/2025,5:00,139.2
6/9/2025,5:15,136
6/9/2025,5:30,133.6
6/9/2025,5:45,255.2
6/9/2025,6:00,272.8
6/9/2025,6:15,157.6
6/9/2025,6:30,146.4
6/9/2025,6:45,250.4
6/9/2025,7:00,260.8
6/9/2025,7:15,171.2
6/9/2025,7:30,173.6
6/9/2025,7:45,164.8
6/9/2025,8:00,281.6
6/9/2025,8:15,286.4
6/9/2025,8:30,165.6
6/9/2025,8:45,171.2
6/9/2025,9:00,296.8
6/9/2025,9:15,342.4
6/9/2025,9:30,249.6
6/9/2025,9:45,198.4
6/9/2025,10:00,234.4
6/9/2025,10:15,324
6/9/2025,10:30,320.8
6/9/2025,10:45,190.4
6/9/2025,11:00,178.4
6/9/2025,11:15,300.8
6/9/2025,11:30,303.2
6/9/2025,11:45,231.2
6/9/2025,12:00,167.2
6/9/2025,12:15,170.4
6/9/2025,12:30,283.2
6/9/2025,12:45,278.4
6/9/2025,13:00,151.2
6/9/2025,13:15,225.6
6/9/2025,13:30,303.2
6/9/2025,13:45,307.2
6/9/2025,14:00,204
6/9/2025,14:15,151.2
6/9/2025,14:30,148
6/9/2025,14:45,285.6
6/9/2025,15:00,271.2
6/9/2025,15:15,156.8
6/9/2025,15:30,155.2
6/9/2025,15:45,304.8
6/9/2025,16:00,292.8
6/9/2025,16:15,308.8
6/9/2025,16:30,213.6
6/9/2025,16:45,198.4
6/9/2025,17:00,272
6/9/2025,17:15,267.2
6/9/2025,17:30,150.4
6/9/2025,17:45,148
6/9/2025,18:00,160.8
6/9/2025,18:15,269.6
6/9/2025,18:30,255.2
6/9/2025,18:45,144.8
6/9/2025,19:00,172.8
6/9/2025,19:15,248.8
6/9/2025,19:30,300.8
6/9/2025,19:45,310.4
6/9/2025,20:00,165.6
6/9/2025,20:15,159.2
6/9/2025,20:30,246.4
6/9/2025,20:45,277.6
6/9/2025,21:00,212.8
6/9/2025,21:15,146.4
6/9/2025,21:30,145.6
6/9/2025,21:45,193.6
6/9/2025,22:00,198.4
6/9/2025,22:15,267.2
6/9/2025,22:30,224.8
6/9/2025,22:45,220.8
6/9/2025,23:00,184
6/9/2025,23:15,194.4
6/9/2025,23:30,197.6
6/9/2025,23:45,204.8
6/10/2025,0:00,196
6/10/2025,0:15,180.8
6/10/2025,0:30,229.6
6/10/2025,0:45,188.8
6/10/2025,1:00,184
6/10/2025,1:15,245.6
6/10/2025,1:30,217.6
6/10/2025,1:45,195.2
6/10/2025,2:00,181.6
6/10/2025,2:15,181.6
6/10/2025,2:30,200
6/10/2025,2:45,178.4
6/10/2025,3:00,192
6/10/2025,3:15,143.2
6/10/2025,3:30,124.8
6/10/2025,3:45,184
6/10/2025,4:00,246.4
6/10/2025,4:15,239.2
6/10/2025,4:30,163.2
6/10/2025,4:45,124
6/10/2025,5:00,231.2
6/10/2025,5:15,241.6
6/10/2025,5:30,150.4
6/10/2025,5:45,154.4
6/10/2025,6:00,232
6/10/2025,6:15,277.6
6/10/2025,6:30,182.4
6/10/2025,6:45,144
6/10/2025,7:00,132.8
6/10/2025,7:15,230.4
6/10/2025,7:30,228
6/10/2025,7:45,216
6/10/2025,8:00,216.8
6/10/2025,8:15,235.2
6/10/2025,8:30,236
6/10/2025,8:45,229.6
6/10/2025,9:00,246.4
6/10/2025,9:15,248
6/10/2025,9:30,184.8
6/10/2025,9:45,256
6/10/2025,10:00,344.8
6/10/2025,10:15,259.2
6/10/2025,10:30,216
6/10/2025,10:45,166.4
6/10/2025,11:00,268.8
6/10/2025,11:15,296
6/10/2025,11:30,246.4
6/10/2025,11:45,168
6/10/2025,12:00,215.2
6/10/2025,12:15,276
6/10/2025,12:30,335.2
6/10/2025,12:45,218.4
6/10/2025,13:00,158.4
6/10/2025,13:15,211.2
6/10/2025,13:30,285.6
6/10/2025,13:45,269.6
6/10/2025,14:00,216.8
6/10/2025,14:15,171.2
6/10/2025,14:30,211.2
6/10/2025,14:45,278.4
6/10/2025,15:00,277.6
6/10/2025,15:15,166.4
6/10/2025,15:30,168.8
6/10/2025,15:45,287.2
6/10/2025,16:00,364.8
6/10/2025,16:15,376
6/10/2025,16:30,232.8
6/10/2025,16:45,233.6
6/10/2025,17:00,292
6/10/2025,17:15,358.4
6/10/2025,17:30,244
6/10/2025,17:45,200
6/10/2025,18:00,154.4
6/10/2025,18:15,249.6
6/10/2025,18:30,252
6/10/2025,18:45,135.2
6/10/2025,19:00,155.2
6/10/2025,19:15,192
6/10/2025,19:30,257.6
6/10/2025,19:45,206.4
6/10/2025,20:00,200.8
6/10/2025,20:15,141.6
6/10/2025,20:30,212.8
6/10/2025,20:45,234.4
6/10/2025,21:00,196.8
6/10/2025,21:15,213.6
6/10/2025,21:30,220
6/10/2025,21:45,208.8
6/10/2025,22:00,155.2
6/10/2025,22:15,138.4
6/10/2025,22:30,185.6
6/10/2025,22:45,179.2
6/10/2025,23:00,172.8
6/10/2025,23:15,187.2
6/10/2025,23:30,177.6
6/10/2025,23:45,180
6/11/2025,0:00,202.4
6/11/2025,0:15,176.8
6/11/2025,0:30,185.6
6/11/2025,0:45,181.6
6/11/2025,1:00,179.2
6/11/2025,1:15,196
6/11/2025,1:30,172.8
6/11/2025,1:45,115.2
6/11/2025,2:00,121.6
6/11/2025,2:15,131.2
6/11/2025,2:30,225.6
6/11/2025,2:45,186.4
6/11/2025,3:00,126.4
6/11/2025,3:15,139.2
6/11/2025,3:30,180
6/11/2025,3:45,236.8
6/11/2025,4:00,140.8
6/11/2025,4:15,128
6/11/2025,4:30,120
6/11/2025,4:45,228.8
6/11/2025,5:00,239.2
6/11/2025,5:15,126.4
6/11/2025,5:30,135.2
6/11/2025,5:45,196.8
6/11/2025,6:00,268.8
6/11/2025,6:15,196
6/11/2025,6:30,128
6/11/2025,6:45,160
6/11/2025,7:00,249.6
6/11/2025,7:15,252.8
6/11/2025,7:30,152.8
6/11/2025,7:45,145.6
6/11/2025,8:00,156.8
6/11/2025,8:15,288
6/11/2025,8:30,276
6/11/2025,8:45,176
6/11/2025,9:00,200.8
6/11/2025,9:15,285.6
6/11/2025,9:30,315.2
6/11/2025,9:45,264
6/11/2025,10:00,164.8
6/11/2025,10:15,181.6
6/11/2025,10:30,288.8
6/11/2025,10:45,287.2
6/11/2025,11:00,207.2
6/11/2025,11:15,225.6
6/11/2025,11:30,231.2
6/11/2025,11:45,223.2
6/11/2025,12:00,217.6
6/11/2025,12:15,244.8
6/11/2025,12:30,205.6
6/11/2025,12:45,202.4
6/11/2025,13:00,211.2
6/11/2025,13:15,208
6/11/2025,13:30,204
6/11/2025,13:45,195.2
6/11/2025,14:00,208.8
6/11/2025,14:15,222.4
6/11/2025,14:30,200
6/11/2025,14:45,201.6
6/11/2025,15:00,196.8
6/11/2025,15:15,211.2
6/11/2025,15:30,222.4
6/11/2025,15:45,270.4
6/11/2025,16:00,287.2
6/11/2025,16:15,181.6
6/11/2025,16:30,148.8
6/11/2025,16:45,243.2
6/11/2025,17:00,274.4
6/11/2025,17:15,206.4
6/11/2025,17:30,161.6
6/11/2025,17:45,139.2
6/11/2025,18:00,260
6/11/2025,18:15,240.8
6/11/2025,18:30,132
6/11/2025,18:45,124.8
6/11/2025,19:00,204
6/11/2025,19:15,259.2
6/11/2025,19:30,148
6/11/2025,19:45,137.6
6/11/2025,20:00,147.2
6/11/2025,20:15,322.4
6/11/2025,20:30,239.2
6/11/2025,20:45,180
6/11/2025,21:00,138.4
6/11/2025,21:15,196.8
6/11/2025,21:30,197.6
6/11/2025,21:45,199.2
6/11/2025,22:00,197.6
6/11/2025,22:15,207.2
6/11/2025,22:30,192.8
6/11/2025,22:45,184.8
6/11/2025,23:00,123.2
6/11/2025,23:15,128.8
6/11/2025,23:30,194.4
6/11/2025,23:45,252.8
6/12/2025,0:00,127.2
6/12/2025,0:15,132.8
6/12/2025,0:30,163.2
6/12/2025,0:45,236
6/12/2025,1:00,197.6
6/12/2025,1:15,116.8
6/12/2025,1:30,129.6
6/12/2025,1:45,186.4
6/12/2025,2:00,230.4
6/12/2025,2:15,124
6/12/2025,2:30,115.2
6/12/2025,2:45,121.6
6/12/2025,3:00,220
6/12/2025,3:15,240
6/12/2025,3:30,118.4
6/12/2025,3:45,120.8
6/12/2025,4:00,168.8
6/12/2025,4:15,255.2
6/12/2025,4:30,178.4
6/12/2025,4:45,125.6
6/12/2025,5:00,123.2
6/12/2025,5:15,223.2
6/12/2025,5:30,254.4
6/12/2025,5:45,140
6/12/2025,6:00,143.2
6/12/2025,6:15,191.2
6/12/2025,6:30,251.2
6/12/2025,6:45,206.4
6/12/2025,7:00,132.8
6/12/2025,7:15,133.6
6/12/2025,7:30,212
6/12/2025,7:45,257.6
6/12/2025,8:00,248.8
6/12/2025,8:15,237.6
6/12/2025,8:30,226.4
6/12/2025,8:45,221.6
6/12/2025,9:00,236
6/12/2025,9:15,238.4
6/12/2025,9:30,241.6
6/12/2025,9:45,288.8
6/12/2025,10:00,292
6/12/2025,10:15,250.4
6/12/2025,10:30,265.6
6/12/2025,10:45,243.2
6/12/2025,11:00,223.2
6/12/2025,11:15,291.2
6/12/2025,11:30,289.6
6/12/2025,11:45,231.2
6/12/2025,12:00,229.6
6/12/2025,12:15,236
6/12/2025,12:30,227.2
6/12/2025,12:45,222.4
6/12/2025,13:00,284
6/12/2025,13:15,280.8
6/12/2025,13:30,305.6
6/12/2025,13:45,276.8
6/12/2025,14:00,232
6/12/2025,14:15,228
6/12/2025,14:30,226.4
6/12/2025,14:45,276
6/12/2025,15:00,276
6/12/2025,15:15,278.4
6/12/2025,15:30,287.2
6/12/2025,15:45,244
6/12/2025,16:00,236
6/12/2025,16:15,248
6/12/2025,16:30,317.6
6/12/2025,16:45,326.4
6/12/2025,17:00,312.8
6/12/2025,17:15,211.2
6/12/2025,17:30,220
6/12/2025,17:45,195.2
6/12/2025,18:00,212
6/12/2025,18:15,187.2
6/12/2025,18:30,191.2
6/12/2025,18:45,206.4
6/12/2025,19:00,269.6
6/12/2025,19:15,270.4
6/12/2025,19:30,212.8
6/12/2025,19:45,152.8
6/12/2025,20:00,261.6
6/12/2025,20:15,300.8
6/12/2025,20:30,312
6/12/2025,20:45,154.4
6/12/2025,21:00,140
6/12/2025,21:15,204
6/12/2025,21:30,259.2
6/12/2025,21:45,210.4
6/12/2025,22:00,157.6
6/12/2025,22:15,152
6/12/2025,22:30,205.6
6/12/2025,22:45,256
6/12/2025,23:00,188
6/12/2025,23:15,139.2
6/12/2025,23:30,167.2
6/12/2025,23:45,288.8
6/13/2025,0:00,264
6/13/2025,0:15,126.4
6/13/2025,0:30,127.2
6/13/2025,0:45,184
6/13/2025,1:00,264.8
6/13/2025,1:15,179.2
6/13/2025,1:30,149.6
6/13/2025,1:45,137.6
6/13/2025,2:00,181.6
6/13/2025,2:15,243.2
6/13/2025,2:30,131.2
6/13/2025,2:45,192
6/13/2025,3:00,168
6/13/2025,3:15,286.4
6/13/2025,3:30,251.2
6/13/2025,3:45,146.4
6/13/2025,4:00,127.2
6/13/2025,4:15,188.8
6/13/2025,4:30,248
6/13/2025,4:45,185.6
6/13/2025,5:00,120.8
6/13/2025,5:15,124.8
6/13/2025,5:30,240
6/13/2025,5:45,259.2
6/13/2025,6:00,176.8
6/13/2025,6:15,187.2
6/13/2025,6:30,253.6
6/13/2025,6:45,256
6/13/2025,7:00,198.4
6/13/2025,7:15,155.2
6/13/2025,7:30,148
6/13/2025,7:45,276
6/13/2025,8:00,310.4
6/13/2025,8:15,232
6/13/2025,8:30,228
6/13/2025,8:45,250.4
6/13/2025,9:00,280.8
6/13/2025,9:15,275.2
6/13/2025,9:30,315.2
6/13/2025,9:45,365.6
6/13/2025,10:00,360.8
6/13/2025,10:15,386.4
6/13/2025,10:30,388.8
6/13/2025,10:45,232.8
6/13/2025,11:00,288.8
6/13/2025,11:15,354.4
6/13/2025,11:30,297.6
6/13/2025,11:45,321.6
6/13/2025,12:00,307.2
6/13/2025,12:15,222.4
6/13/2025,12:30,236
6/13/2025,12:45,259.2
6/13/2025,13:00,286.4
6/13/2025,13:15,284.8
6/13/2025,13:30,292.8
6/13/2025,13:45,283.2
6/13/2025,14:00,280.8
6/13/2025,14:15,295.2
6/13/2025,14:30,295.2
6/13/2025,14:45,322.4
6/13/2025,15:00,347.2
6/13/2025,15:15,331.2
6/13/2025,15:30,327.2
6/13/2025,15:45,331.2
6/13/2025,16:00,329.6
6/13/2025,16:15,324
6/13/2025,16:30,324.8
6/13/2025,16:45,324.8
6/13/2025,17:00,303.2
6/13/2025,17:15,272
6/13/2025,17:30,154.4
6/13/2025,17:45,224
6/13/2025,18:00,275.2
6/13/2025,18:15,288.8
6/13/2025,18:30,268.8
6/13/2025,18:45,220.8
6/13/2025,19:00,191.2
6/13/2025,19:15,256.8
6/13/2025,19:30,266.4
6/13/2025,19:45,277.6
6/13/2025,20:00,277.6
6/13/2025,20:15,209.6
6/13/2025,20:30,220.8
6/13/2025,20:45,211.2
6/13/2025,21:00,220
6/13/2025,21:15,208.8
6/13/2025,21:30,261.6
6/13/2025,21:45,211.2
6/13/2025,22:00,229.6
6/13/2025,22:15,214.4
6/13/2025,22:30,192.8
6/13/2025,22:45,253.6
6/13/2025,23:00,286.4
6/13/2025,23:15,256.8
6/13/2025,23:30,181.6
6/13/2025,23:45,193.6
6/14/2025,0:00,255.2
6/14/2025,0:15,260
6/14/2025,0:30,133.6
6/14/2025,0:45,136
6/14/2025,1:00,198.4
6/14/2025,1:15,262.4
6/14/2025,1:30,259.2
6/14/2025,1:45,186.4
6/14/2025,2:00,133.6
6/14/2025,2:15,194.4
6/14/2025,2:30,264
6/14/2025,2:45,256.8
6/14/2025,3:00,139.2
6/14/2025,3:15,174.4
6/14/2025,3:30,277.6
6/14/2025,3:45,257.6
6/14/2025,4:00,211.2
6/14/2025,4:15,139.2
6/14/2025,4:30,130.4
6/14/2025,4:45,236
6/14/2025,5:00,166.4
6/14/2025,5:15,169.6
6/14/2025,5:30,177.6
6/14/2025,5:45,189.6
6/14/2025,6:00,131.2
6/14/2025,6:15,132.8
6/14/2025,6:30,182.4
6/14/2025,6:45,204.8
6/14/2025,7:00,199.2
6/14/2025,7:15,260
6/14/2025,7:30,236.8
6/14/2025,7:45,226.4
6/14/2025,8:00,202.4
6/14/2025,8:15,202.4
6/14/2025,8:30,220.8
6/14/2025,8:45,229.6
6/14/2025,9:00,240.8
6/14/2025,9:15,249.6
6/14/2025,9:30,243.2
6/14/2025,9:45,265.6
6/14/2025,10:00,396
6/14/2025,10:15,423.2
6/14/2025,10:30,416.8
6/14/2025,10:45,393.6
6/14/2025,11:00,391.2
6/14/2025,11:15,342.4
6/14/2025,11:30,255.2
6/14/2025,11:45,278.4
6/14/2025,12:00,248.8
6/14/2025,12:15,268
6/14/2025,12:30,259.2
6/14/2025,12:45,250.4
6/14/2025,13:00,249.6
6/14/2025,13:15,248.8
6/14/2025,13:30,247.2
6/14/2025,13:45,252.8
6/14/2025,14:00,252.8
6/14/2025,14:15,233.6
6/14/2025,14:30,297.6
6/14/2025,14:45,304
6/14/2025,15:00,304.8
6/14/2025,15:15,284
6/14/2025,15:30,341.6
6/14/2025,15:45,337.6
6/14/2025,16:00,317.6
6/14/2025,16:15,321.6
6/14/2025,16:30,319.2
6/14/2025,16:45,298.4
6/14/2025,17:00,290.4
6/14/2025,17:15,310.4
6/14/2025,17:30,288
6/14/2025,17:45,281.6
6/14/2025,18:00,232
6/14/2025,18:15,264.8
6/14/2025,18:30,263.2
6/14/2025,18:45,252
6/14/2025,19:00,233.6
6/14/2025,19:15,256.8
6/14/2025,19:30,232
6/14/2025,19:45,232
6/14/2025,20:00,241.6
6/14/2025,20:15,265.6
6/14/2025,20:30,218.4
6/14/2025,20:45,235.2
6/14/2025,21:00,231.2
6/14/2025,21:15,221.6
6/14/2025,21:30,236
6/14/2025,21:45,232.8
6/14/2025,22:00,288
6/14/2025,22:15,299.2
6/14/2025,22:30,252.8
6/14/2025,22:45,215.2
6/14/2025,23:00,216.8
6/14/2025,23:15,212
6/14/2025,23:30,204.8
6/14/2025,23:45,215.2
6/15/2025,0:00,209.6
6/15/2025,0:15,213.6
6/15/2025,0:30,240
6/15/2025,0:45,204
6/15/2025,1:00,210.4
6/15/2025,1:15,211.2
6/15/2025,1:30,206.4
6/15/2025,1:45,253.6
6/15/2025,2:00,252.8
6/15/2025,2:15,238.4
6/15/2025,2:30,209.6
6/15/2025,2:45,203.2
6/15/2025,3:00,210.4
6/15/2025,3:15,212
6/15/2025,3:30,205.6
6/15/2025,3:45,222.4
6/15/2025,4:00,206.4
6/15/2025,4:15,210.4
6/15/2025,4:30,238.4
6/15/2025,4:45,211.2
6/15/2025,5:00,212.8
6/15/2025,5:15,282.4
6/15/2025,5:30,241.6
6/15/2025,5:45,243.2
6/15/2025,6:00,212.8
6/15/2025,6:15,222.4
6/15/2025,6:30,233.6
6/15/2025,6:45,224
6/15/2025,7:00,222.4
6/15/2025,7:15,220
6/15/2025,7:30,243.2
6/15/2025,7:45,225.6
6/15/2025,8:00,243.2
6/15/2025,8:15,249.6
6/15/2025,8:30,247.2
6/15/2025,8:45,244
6/15/2025,9:00,262.4
6/15/2025,9:15,280.8
6/15/2025,9:30,338.4
6/15/2025,9:45,292.8
6/15/2025,10:00,324
6/15/2025,10:15,294.4
6/15/2025,10:30,348.8
6/15/2025,10:45,344.8
6/15/2025,11:00,372
6/15/2025,11:15,337.6
6/15/2025,11:30,336
6/15/2025,11:45,329.6
6/15/2025,12:00,331.2
6/15/2025,12:15,315.2
6/15/2025,12:30,308.8
6/15/2025,12:45,312
6/15/2025,13:00,331.2
6/15/2025,13:15,366.4
6/15/2025,13:30,352.8
6/15/2025,13:45,388.8
6/15/2025,14:00,384
6/15/2025,14:15,402.4
6/15/2025,14:30,364.8
6/15/2025,14:45,297.6
6/15/2025,15:00,305.6
6/15/2025,15:15,282.4
6/15/2025,15:30,300
6/15/2025,15:45,263.2
6/15/2025,16:00,255.2
6/15/2025,16:15,264.8
6/15/2025,16:30,253.6
6/15/2025,16:45,268
6/15/2025,17:00,256.8
6/15/2025,17:15,286.4
6/15/2025,17:30,291.2
6/15/2025,17:45,226.4
6/15/2025,18:00,230.4
6/15/2025,18:15,227.2
6/15/2025,18:30,224
6/15/2025,18:45,226.4
6/15/2025,19:00,219.2
6/15/2025,19:15,207.2
6/15/2025,19:30,197.6
6/15/2025,19:45,208
6/15/2025,20:00,211.2
6/15/2025,20:15,195.2
6/15/2025,20:30,184.8
6/15/2025,20:45,173.6
6/15/2025,21:00,195.2
6/15/2025,21:15,197.6
6/15/2025,21:30,200
6/15/2025,21:45,188
6/15/2025,22:00,187.2
6/15/2025,22:15,190.4
6/15/2025,22:30,196.8
6/15/2025,22:45,175.2
6/15/2025,23:00,213.6
6/15/2025,23:15,214.4
6/15/2025,23:30,224.8
6/15/2025,23:45,185.6
6/16/2025,0:00,181.6
6/16/2025,0:15,184
6/16/2025,0:30,176
6/16/2025,0:45,174.4
6/16/2025,1:00,184
6/16/2025,1:15,117.6
6/16/2025,1:30,116.8
6/16/2025,1:45,140
6/16/2025,2:00,228
6/16/2025,2:15,209.6
6/16/2025,2:30,195.2
6/16/2025,2:45,168.8
6/16/2025,3:00,183.2
6/16/2025,3:15,190.4
6/16/2025,3:30,179.2
6/16/2025,3:45,193.6
6/16/2025,4:00,184
6/16/2025,4:15,165.6
6/16/2025,4:30,193.6
6/16/2025,4:45,253.6
6/16/2025,5:00,219.2
6/16/2025,5:15,210.4
6/16/2025,5:30,176.8
6/16/2025,5:45,180
6/16/2025,6:00,128.8
6/16/2025,6:15,148
6/16/2025,6:30,134.4
6/16/2025,6:45,187.2
6/16/2025,7:00,182.4
6/16/2025,7:15,188.8
6/16/2025,7:30,190.4
6/16/2025,7:45,226.4
6/16/2025,8:00,237.6
6/16/2025,8:15,246.4
6/16/2025,8:30,226.4
6/16/2025,8:45,220
6/16/2025,9:00,256
6/16/2025,9:15,253.6
6/16/2025,9:30,248
6/16/2025,9:45,249.6
6/16/2025,10:00,260
6/16/2025,10:15,244.8
6/16/2025,10:30,269.6
6/16/2025,10:45,278.4
6/16/2025,11:00,268.8
6/16/2025,11:15,216
6/16/2025,11:30,232.8
6/16/2025,11:45,257.6
6/16/2025,12:00,242.4
6/16/2025,12:15,232.8
6/16/2025,12:30,232.8
6/16/2025,12:45,248.8
6/16/2025,13:00,242.4
6/16/2025,13:15,231.2
6/16/2025,13:30,304.8
6/16/2025,13:45,285.6
6/16/2025,14:00,272.8
6/16/2025,14:15,241.6
6/16/2025,14:30,264.8
6/16/2025,14:45,254.4
6/16/2025,15:00,257.6
6/16/2025,15:15,292
6/16/2025,15:30,297.6
6/16/2025,15:45,312
6/16/2025,16:00,336
6/16/2025,16:15,340.8
6/16/2025,16:30,351.2
6/16/2025,16:45,300
6/16/2025,17:00,304
6/16/2025,17:15,287.2
6/16/2025,17:30,287.2
6/16/2025,17:45,271.2
6/16/2025,18:00,272
6/16/2025,18:15,220.8
6/16/2025,18:30,217.6
6/16/2025,18:45,264
6/16/2025,19:00,306.4
6/16/2025,19:15,244.8
6/16/2025,19:30,252.8
6/16/2025,19:45,239.2
6/16/2025,20:00,235.2
6/16/2025,20:15,243.2
6/16/2025,20:30,229.6
6/16/2025,20:45,228.8
6/16/2025,21:00,276
6/16/2025,21:15,276
6/16/2025,21:30,228
6/16/2025,21:45,275.2
6/16/2025,22:00,222.4
6/16/2025,22:15,223.2
6/16/2025,22:30,224.8
6/16/2025,22:45,216
6/16/2025,23:00,272.8
6/16/2025,23:15,262.4
6/16/2025,23:30,215.2
6/16/2025,23:45,208
6/17/2025,0:00,222.4
6/17/2025,0:15,216
6/17/2025,0:30,217.6
6/17/2025,0:45,214.4
6/17/2025,1:00,260.8
6/17/2025,1:15,245.6
6/17/2025,1:30,208
6/17/2025,1:45,202.4
6/17/2025,2:00,217.6
6/17/2025,2:15,223.2
6/17/2025,2:30,204.8
6/17/2025,2:45,210.4
6/17/2025,3:00,253.6
6/17/2025,3:15,242.4
6/17/2025,3:30,233.6
6/17/2025,3:45,224.8
6/17/2025,4:00,206.4
6/17/2025,4:15,206.4
6/17/2025,4:30,208
6/17/2025,4:45,223.2
6/17/2025,5:00,215.2
6/17/2025,5:15,224.8
6/17/2025,5:30,206.4
6/17/2025,5:45,178.4
6/17/2025,6:00,176.8
6/17/2025,6:15,196
6/17/2025,6:30,207.2
6/17/2025,6:45,147.2
6/17/2025,7:00,152
6/17/2025,7:15,184.8
6/17/2025,7:30,241.6
6/17/2025,7:45,186.4
6/17/2025,8:00,236
6/17/2025,8:15,243.2
6/17/2025,8:30,228
6/17/2025,8:45,248
6/17/2025,9:00,337.6
6/17/2025,9:15,356
6/17/2025,9:30,374.4
6/17/2025,9:45,336
6/17/2025,10:00,337.6
6/17/2025,10:15,323.2
6/17/2025,10:30,350.4
6/17/2025,10:45,344.8
6/17/2025,11:00,387.2
6/17/2025,11:15,372.8
6/17/2025,11:30,324.8
6/17/2025,11:45,352.8
6/17/2025,12:00,344.8
6/17/2025,12:15,312
6/17/2025,12:30,310.4
6/17/2025,12:45,332.8
6/17/2025,13:00,371.2
6/17/2025,13:15,333.6
6/17/2025,13:30,335.2
6/17/2025,13:45,359.2
6/17/2025,14:00,360.8
6/17/2025,14:15,376
6/17/2025,14:30,396
6/17/2025,14:45,372.8
6/17/2025,15:00,368.8
6/17/2025,15:15,325.6
6/17/2025,15:30,327.2
6/17/2025,15:45,382.4
6/17/2025,16:00,381.6
6/17/2025,16:15,381.6
6/17/2025,16:30,390.4
6/17/2025,16:45,408
6/17/2025,17:00,380.8
6/17/2025,17:15,372
6/17/2025,17:30,352.8
6/17/2025,17:45,300.8
6/17/2025,18:00,302.4
6/17/2025,18:15,304.8
6/17/2025,18:30,314.4
6/17/2025,18:45,236.8
6/17/2025,19:00,238.4
6/17/2025,19:15,255.2
6/17/2025,19:30,280.8
6/17/2025,19:45,237.6
6/17/2025,20:00,237.6
6/17/2025,20:15,252.8
6/17/2025,20:30,257.6
6/17/2025,20:45,230.4
6/17/2025,21:00,235.2
6/17/2025,21:15,296.8
6/17/2025,21:30,265.6
6/17/2025,21:45,237.6
6/17/2025,22:00,226.4
6/17/2025,22:15,208
6/17/2025,22:30,180
6/17/2025,22:45,204.8
6/17/2025,23:00,184.8
6/17/2025,23:15,244.8
6/17/2025,23:30,229.6
6/17/2025,23:45,188
6/18/2025,0:00,182.4
6/18/2025,0:15,183.2
6/18/2025,0:30,192
6/18/2025,0:45,180.8
6/18/2025,1:00,176.8
6/18/2025,1:15,216
6/18/2025,1:30,206.4
6/18/2025,1:45,183.2
6/18/2025,2:00,180
6/18/2025,2:15,180
6/18/2025,2:30,219.2
6/18/2025,2:45,176
6/18/2025,3:00,192.8
6/18/2025,3:15,224
6/18/2025,3:30,240.8
6/18/2025,3:45,187.2
6/18/2025,4:00,203.2
6/18/2025,4:15,176
6/18/2025,4:30,210.4
6/18/2025,4:45,184
6/18/2025,5:00,177.6
6/18/2025,5:15,230.4
6/18/2025,5:30,225.6
6/18/2025,5:45,176.8
6/18/2025,6:00,197.6
6/18/2025,6:15,216.8
6/18/2025,6:30,202.4
6/18/2025,6:45,217.6
6/18/2025,7:00,212.8
6/18/2025,7:15,264.8
6/18/2025,7:30,258.4
6/18/2025,7:45,240
6/18/2025,8:00,284
6/18/2025,8:15,347.2
6/18/2025,8:30,320
6/18/2025,8:45,382.4
6/18/2025,9:00,362.4
6/18/2025,9:15,354.4
6/18/2025,9:30,361.6
6/18/2025,9:45,386.4
6/18/2025,10:00,416.8
6/18/2025,10:15,400
6/18/2025,10:30,432
6/18/2025,10:45,471.2
6/18/2025,11:00,440.8
6/18/2025,11:15,396
6/18/2025,11:30,406.4
6/18/2025,11:45,421.6
6/18/2025,12:00,395.2
6/18/2025,12:15,369.6
6/18/2025,12:30,372
6/18/2025,12:45,382.4
6/18/2025,13:00,376.8
6/18/2025,13:15,380
6/18/2025,13:30,375.2
6/18/2025,13:45,340.8
6/18/2025,14:00,343.2
6/18/2025,14:15,336.8
6/18/2025,14:30,346.4
6/18/2025,14:45,356.8
6/18/2025,15:00,372.8
6/18/2025,15:15,421.6
6/18/2025,15:30,385.6
6/18/2025,15:45,387.2
6/18/2025,16:00,416
6/18/2025,16:15,367.2
6/18/2025,16:30,368.8
6/18/2025,16:45,366.4
6/18/2025,17:00,358.4
6/18/2025,17:15,407.2
6/18/2025,17:30,340.8
6/18/2025,17:45,322.4
6/18/2025,18:00,336.8
6/18/2025,18:15,311.2
6/18/2025,18:30,296
6/18/2025,18:45,320.8
6/18/2025,19:00,316
6/18/2025,19:15,352
6/18/2025,19:30,318.4
6/18/2025,19:45,307.2
6/18/2025,20:00,251.2
6/18/2025,20:15,241.6
6/18/2025,20:30,243.2
6/18/2025,20:45,252.8
6/18/2025,21:00,246.4
6/18/2025,21:15,276.8
6/18/2025,21:30,285.6
6/18/2025,21:45,298.4
6/18/2025,22:00,296.8
6/18/2025,22:15,334.4
6/18/2025,22:30,349.6
6/18/2025,22:45,348
6/18/2025,23:00,264.8
6/18/2025,23:15,261.6
6/18/2025,23:30,229.6
6/18/2025,23:45,246.4
6/19/2025,0:00,218.4
6/19/2025,0:15,229.6
6/19/2025,0:30,240.8
6/19/2025,0:45,224.8
6/19/2025,1:00,232.8
6/19/2025,1:15,282.4
6/19/2025,1:30,266.4
6/19/2025,1:45,230.4
6/19/2025,2:00,218.4
6/19/2025,2:15,226.4
6/19/2025,2:30,218.4
6/19/2025,2:45,216.8
6/19/2025,3:00,213.6
6/19/2025,3:15,226.4
6/19/2025,3:30,269.6
6/19/2025,3:45,253.6
6/19/2025,4:00,243.2
6/19/2025,4:15,219.2
6/19/2025,4:30,229.6
6/19/2025,4:45,219.2
6/19/2025,5:00,213.6
6/19/2025,5:15,226.4
6/19/2025,5:30,261.6
6/19/2025,5:45,252
6/19/2025,6:00,232.8
6/19/2025,6:15,252.8
6/19/2025,6:30,236
6/19/2025,6:45,236
6/19/2025,7:00,225.6
6/19/2025,7:15,224
6/19/2025,7:30,278.4
6/19/2025,7:45,268.8
6/19/2025,8:00,243.2
6/19/2025,8:15,265.6
6/19/2025,8:30,355.2
6/19/2025,8:45,358.4
6/19/2025,9:00,372
6/19/2025,9:15,355.2
6/19/2025,9:30,376
6/19/2025,9:45,361.6
6/19/2025,10:00,364
6/19/2025,10:15,388
6/19/2025,10:30,374.4
6/19/2025,10:45,351.2
6/19/2025,11:00,359.2
6/19/2025,11:15,352
6/19/2025,11:30,351.2
6/19/2025,11:45,336
6/19/2025,12:00,355.2
6/19/2025,12:15,360
6/19/2025,12:30,287.2
6/19/2025,12:45,367.2
6/19/2025,13:00,368.8
6/19/2025,13:15,362.4
6/19/2025,13:30,385.6
6/19/2025,13:45,356.8
6/19/2025,14:00,352
6/19/2025,14:15,408
6/19/2025,14:30,366.4
6/19/2025,14:45,404.8
6/19/2025,15:00,384
6/19/2025,15:15,402.4
6/19/2025,15:30,390.4
6/19/2025,15:45,469.6
6/19/2025,16:00,470.4
6/19/2025,16:15,491.2
6/19/2025,16:30,441.6
6/19/2025,16:45,438.4
6/19/2025,17:00,364.8
6/19/2025,17:15,353.6
6/19/2025,17:30,360.8
6/19/2025,17:45,372.8
6/19/2025,18:00,335.2
6/19/2025,18:15,358.4
6/19/2025,18:30,268.8
6/19/2025,18:45,252
6/19/2025,19:00,252.8
6/19/2025,19:15,260
6/19/2025,19:30,259.2
6/19/2025,19:45,247.2
6/19/2025,20:00,380.8
6/19/2025,20:15,362.4
6/19/2025,20:30,360.8
6/19/2025,20:45,360
6/19/2025,21:00,300
6/19/2025,21:15,313.6
6/19/2025,21:30,323.2
6/19/2025,21:45,295.2
6/19/2025,22:00,288
6/19/2025,22:15,264.8
6/19/2025,22:30,233.6
6/19/2025,22:45,235.2
6/19/2025,23:00,230.4
6/19/2025,23:15,223.2
6/19/2025,23:30,234.4
6/19/2025,23:45,232
6/20/2025,0:00,274.4
6/20/2025,0:15,341.6
6/20/2025,0:30,299.2
6/20/2025,0:45,293.6
6/20/2025,1:00,236
6/20/2025,1:15,254.4
6/20/2025,1:30,229.6
6/20/2025,1:45,231.2
6/20/2025,2:00,277.6
6/20/2025,2:15,272
6/20/2025,2:30,241.6
6/20/2025,2:45,224.8
6/20/2025,3:00,242.4
6/20/2025,3:15,218.4
6/20/2025,3:30,232
6/20/2025,3:45,232.8
6/20/2025,4:00,264.8
6/20/2025,4:15,281.6
6/20/2025,4:30,236.8
6/20/2025,4:45,240.8
6/20/2025,5:00,291.2
6/20/2025,5:15,288.8
6/20/2025,5:30,314.4
6/20/2025,5:45,249.6
6/20/2025,6:00,275.2
6/20/2025,6:15,316
6/20/2025,6:30,284
6/20/2025,6:45,261.6
6/20/2025,7:00,252
6/20/2025,7:15,241.6
6/20/2025,7:30,243.2
6/20/2025,7:45,258.4
6/20/2025,8:00,337.6
6/20/2025,8:15,380
6/20/2025,8:30,408.8
6/20/2025,8:45,382.4
6/20/2025,9:00,364
6/20/2025,9:15,376
6/20/2025,9:30,363.2
6/20/2025,9:45,344.8
6/20/2025,10:00,351.2
6/20/2025,10:15,384.8
6/20/2025,10:30,375.2
6/20/2025,10:45,358.4
6/20/2025,11:00,320.8
6/20/2025,11:15,336
6/20/2025,11:30,344.8
6/20/2025,11:45,343.2
6/20/2025,12:00,330.4
6/20/2025,12:15,361.6
6/20/2025,12:30,400
6/20/2025,12:45,337.6
6/20/2025,13:00,332
6/20/2025,13:15,333.6
6/20/2025,13:30,336.8
6/20/2025,13:45,335.2
6/20/2025,14:00,328.8
6/20/2025,14:15,388.8
6/20/2025,14:30,385.6
6/20/2025,14:45,321.6
6/20/2025,15:00,317.6
6/20/2025,15:15,340.8
6/20/2025,15:30,331.2
6/20/2025,15:45,332.8
6/20/2025,16:00,360.8
6/20/2025,16:15,387.2
6/20/2025,16:30,368
6/20/2025,16:45,379.2
6/20/2025,17:00,392
6/20/2025,17:15,330.4
6/20/2025,17:30,322.4
6/20/2025,17:45,289.6
6/20/2025,18:00,300
6/20/2025,18:15,272.8
6/20/2025,18:30,308.8
6/20/2025,18:45,318.4
6/20/2025,19:00,339.2
6/20/2025,19:15,316.8
6/20/2025,19:30,264
6/20/2025,19:45,255.2
6/20/2025,20:00,298.4
6/20/2025,20:15,286.4
6/20/2025,20:30,255.2
6/20/2025,20:45,257.6
6/20/2025,21:00,298.4
6/20/2025,21:15,320
6/20/2025,21:30,316
6/20/2025,21:45,320.8
6/20/2025,22:00,254.4
6/20/2025,22:15,300.8
6/20/2025,22:30,287.2
6/20/2025,22:45,250.4
6/20/2025,23:00,226.4
6/20/2025,23:15,244.8
6/20/2025,23:30,233.6
6/20/2025,23:45,238.4
6/21/2025,0:00,223.2
6/21/2025,0:15,263.2
6/21/2025,0:30,282.4
6/21/2025,0:45,241.6
6/21/2025,1:00,238.4
6/21/2025,1:15,299.2
6/21/2025,1:30,296
6/21/2025,1:45,232
6/21/2025,2:00,244.8
6/21/2025,2:15,279.2
6/21/2025,2:30,274.4
6/21/2025,2:45,228.8
6/21/2025,3:00,220.8
6/21/2025,3:15,242.4
6/21/2025,3:30,230.4
6/21/2025,3:45,234.4
6/21/2025,4:00,225.6
6/21/2025,4:15,235.2
6/21/2025,4:30,264.8
6/21/2025,4:45,264.8
6/21/2025,5:00,231.2
6/21/2025,5:15,277.6
6/21/2025,5:30,296.8
6/21/2025,5:45,292
6/21/2025,6:00,288.8
6/21/2025,6:15,260
6/21/2025,6:30,311.2
6/21/2025,6:45,311.2
6/21/2025,7:00,261.6
6/21/2025,7:15,254.4
6/21/2025,7:30,320
6/21/2025,7:45,303.2
6/21/2025,8:00,347.2
6/21/2025,8:15,364
6/21/2025,8:30,389.6
6/21/2025,8:45,392
6/21/2025,9:00,382.4
6/21/2025,9:15,397.6
6/21/2025,9:30,384.8
6/21/2025,9:45,415.2
6/21/2025,10:00,384
6/21/2025,10:15,453.6
6/21/2025,10:30,477.6
6/21/2025,10:45,436
6/21/2025,11:00,471.2
6/21/2025,11:15,464.8
6/21/2025,11:30,428.8
6/21/2025,11:45,427.2
6/21/2025,12:00,424.8
6/21/2025,12:15,344
6/21/2025,12:30,362.4
6/21/2025,12:45,339.2
6/21/2025,13:00,411.2
6/21/2025,13:15,397.6
6/21/2025,13:30,353.6
6/21/2025,13:45,352
6/21/2025,14:00,380.8
6/21/2025,14:15,325.6
6/21/2025,14:30,352
6/21/2025,14:45,333.6
6/21/2025,15:00,348.8
6/21/2025,15:15,373.6
6/21/2025,15:30,325.6
6/21/2025,15:45,324.8
6/21/2025,16:00,334.4
6/21/2025,16:15,329.6
6/21/2025,16:30,323.2
6/21/2025,16:45,324.8
6/21/2025,17:00,261.6
6/21/2025,17:15,291.2
6/21/2025,17:30,275.2
6/21/2025,17:45,240.8
6/21/2025,18:00,237.6
6/21/2025,18:15,241.6
6/21/2025,18:30,219.2
6/21/2025,18:45,231.2
6/21/2025,19:00,226.4
6/21/2025,19:15,299.2
6/21/2025,19:30,272
6/21/2025,19:45,268.8
6/21/2025,20:00,272.8
6/21/2025,20:15,278.4
6/21/2025,20:30,284.8
6/21/2025,20:45,278.4
6/21/2025,21:00,271.2
6/21/2025,21:15,242.4
6/21/2025,21:30,234.4
6/21/2025,21:45,248
6/21/2025,22:00,228.8
6/21/2025,22:15,234.4
6/21/2025,22:30,234.4
6/21/2025,22:45,220
6/21/2025,23:00,219.2
6/21/2025,23:15,256.8
6/21/2025,23:30,254.4
6/21/2025,23:45,219.2
6/22/2025,0:00,209.6
6/22/2025,0:15,204
6/22/2025,0:30,233.6
6/22/2025,0:45,215.2
6/22/2025,1:00,205.6
6/22/2025,1:15,209.6
6/22/2025,1:30,218.4
6/22/2025,1:45,278.4
6/22/2025,2:00,272
6/22/2025,2:15,248.8
6/22/2025,2:30,201.6
6/22/2025,2:45,190.4
6/22/2025,3:00,185.6
6/22/2025,3:15,181.6
6/22/2025,3:30,135.2
6/22/2025,3:45,124
6/22/2025,4:00,179.2
6/22/2025,4:15,232.8
6/22/2025,4:30,236
6/22/2025,4:45,194.4
6/22/2025,5:00,192.8
6/22/2025,5:15,188
6/22/2025,5:30,187.2
6/22/2025,5:45,195.2
6/22/2025,6:00,198.4
6/22/2025,6:15,205.6
6/22/2025,6:30,235.2
6/22/2025,6:45,232.8
6/22/2025,7:00,231.2
6/22/2025,7:15,192
6/22/2025,7:30,204.8
6/22/2025,7:45,208
6/22/2025,8:00,239.2
6/22/2025,8:15,238.4
6/22/2025,8:30,219.2
6/22/2025,8:45,231.2
6/22/2025,9:00,283.2
6/22/2025,9:15,304
6/22/2025,9:30,255.2
6/22/2025,9:45,271.2
6/22/2025,10:00,267.2
6/22/2025,10:15,256.8
6/22/2025,10:30,255.2
6/22/2025,10:45,248.8
6/22/2025,11:00,240
6/22/2025,11:15,281.6
6/22/2025,11:30,296.8
6/22/2025,11:45,255.2
6/22/2025,12:00,259.2
6/22/2025,12:15,244.8
6/22/2025,12:30,240.8
6/22/2025,12:45,243.2
6/22/2025,13:00,245.6
6/22/2025,13:15,281.6
6/22/2025,13:30,275.2
6/22/2025,13:45,253.6
6/22/2025,14:00,310.4
6/22/2025,14:15,312
6/22/2025,14:30,322.4
6/22/2025,14:45,334.4
6/22/2025,15:00,314.4
6/22/2025,15:15,333.6
6/22/2025,15:30,373.6
6/22/2025,15:45,393.6
6/22/2025,16:00,365.6
6/22/2025,16:15,376.8
6/22/2025,16:30,348
6/22/2025,16:45,321.6
6/22/2025,17:00,290.4
6/22/2025,17:15,240
6/22/2025,17:30,291.2
6/22/2025,17:45,277.6
6/22/2025,18:00,227.2
6/22/2025,18:15,240.8
6/22/2025,18:30,238.4
6/22/2025,18:45,220
6/22/2025,19:00,229.6
6/22/2025,19:15,228.8
6/22/2025,19:30,271.2
6/22/2025,19:45,280.8
6/22/2025,20:00,228
6/22/2025,20:15,228.8
6/22/2025,20:30,225.6
6/22/2025,20:45,228.8
6/22/2025,21:00,239.2
6/22/2025,21:15,228.8
6/22/2025,21:30,275.2
6/22/2025,21:45,264.8
6/22/2025,22:00,228
6/22/2025,22:15,228
6/22/2025,22:30,216
6/22/2025,22:45,221.6
6/22/2025,23:00,224
6/22/2025,23:15,221.6
6/22/2025,23:30,268.8
6/22/2025,23:45,236
6/23/2025,0:00,208
6/23/2025,0:15,195.2
6/23/2025,0:30,151.2
6/23/2025,0:45,172
6/23/2025,1:00,200.8
6/23/2025,1:15,198.4
6/23/2025,1:30,249.6
6/23/2025,1:45,231.2
6/23/2025,2:00,224
6/23/2025,2:15,201.6
6/23/2025,2:30,205.6
6/23/2025,2:45,188
6/23/2025,3:00,187.2
6/23/2025,3:15,183.2
6/23/2025,3:30,228.8
6/23/2025,3:45,232.8
6/23/2025,4:00,193.6
6/23/2025,4:15,185.6
6/23/2025,4:30,184.8
6/23/2025,4:45,196.8
6/23/2025,5:00,202.4
6/23/2025,5:15,180
6/23/2025,5:30,226.4
6/23/2025,5:45,248
6/23/2025,6:00,202.4
6/23/2025,6:15,205.6
6/23/2025,6:30,201.6
6/23/2025,6:45,213.6
6/23/2025,7:00,224.8
6/23/2025,7:15,230.4
6/23/2025,7:30,247.2
6/23/2025,7:45,260.8
6/23/2025,8:00,231.2
6/23/2025,8:15,223.2
6/23/2025,8:30,229.6
6/23/2025,8:45,254.4
6/23/2025,9:00,289.6
6/23/2025,9:15,283.2
6/23/2025,9:30,328
6/23/2025,9:45,424
6/23/2025,10:00,351.2
6/23/2025,10:15,347.2
6/23/2025,10:30,372
6/23/2025,10:45,360.8
6/23/2025,11:00,361.6
6/23/2025,11:15,376
6/23/2025,11:30,387.2
6/23/2025,11:45,400.8
6/23/2025,12:00,340.8
6/23/2025,12:15,344.8
6/23/2025,12:30,341.6
6/23/2025,12:45,248.8
6/23/2025,13:00,247.2
6/23/2025,13:15,302.4
6/23/2025,13:30,290.4
6/23/2025,13:45,256.8
6/23/2025,14:00,237.6
6/23/2025,14:15,251.2
6/23/2025,14:30,248
6/23/2025,14:45,244.8
6/23/2025,15:00,248.8
6/23/2025,15:15,304.8
6/23/2025,15:30,296.8
6/23/2025,15:45,284
6/23/2025,16:00,256.8
6/23/2025,16:15,276.8
6/23/2025,16:30,274.4
6/23/2025,16:45,254.4
6/23/2025,17:00,268
6/23/2025,17:15,289.6
6/23/2025,17:30,279.2
6/23/2025,17:45,228.8
6/23/2025,18:00,230.4
6/23/2025,18:15,236
6/23/2025,18:30,222.4
6/23/2025,18:45,216
6/23/2025,19:00,263.2
6/23/2025,19:15,284.8
6/23/2025,19:30,269.6
6/23/2025,19:45,282.4
6/23/2025,20:00,280.8
6/23/2025,20:15,306.4
6/23/2025,20:30,289.6
6/23/2025,20:45,275.2
6/23/2025,21:00,269.6
6/23/2025,21:15,227.2
6/23/2025,21:30,231.2
6/23/2025,21:45,227.2
6/23/2025,22:00,234.4
6/23/2025,22:15,228
6/23/2025,22:30,217.6
6/23/2025,22:45,215.2
6/23/2025,23:00,280
6/23/2025,23:15,256
6/23/2025,23:30,207.2
6/23/2025,23:45,181.6
6/24/2025,0:00,147.2
6/24/2025,0:15,174.4
6/24/2025,0:30,192
6/24/2025,0:45,192.8
6/24/2025,1:00,198.4
6/24/2025,1:15,248
6/24/2025,1:30,226.4
6/24/2025,1:45,231.2
6/24/2025,2:00,182.4
6/24/2025,2:15,194.4
6/24/2025,2:30,199.2
6/24/2025,2:45,190.4
6/24/2025,3:00,187.2
6/24/2025,3:15,185.6
6/24/2025,3:30,194.4
6/24/2025,3:45,228.8
6/24/2025,4:00,234.4
6/24/2025,4:15,138.4
6/24/2025,4:30,129.6
6/24/2025,4:45,186.4
6/24/2025,5:00,185.6
6/24/2025,5:15,204
6/24/2025,5:30,196
6/24/2025,5:45,184.8
6/24/2025,6:00,222.4
6/24/2025,6:15,248.8
6/24/2025,6:30,253.6
6/24/2025,6:45,223.2
6/24/2025,7:00,235.2
6/24/2025,7:15,200.8
6/24/2025,7:30,203.2
6/24/2025,7:45,200.8
6/24/2025,8:00,246.4
6/24/2025,8:15,280.8
6/24/2025,8:30,294.4
6/24/2025,8:45,316.8
6/24/2025,9:00,286.4
6/24/2025,9:15,301.6
6/24/2025,9:30,258.4
6/24/2025,9:45,262.4
6/24/2025,10:00,244.8
6/24/2025,10:15,252
6/24/2025,10:30,339.2
6/24/2025,10:45,304
6/24/2025,11:00,317.6
6/24/2025,11:15,260
6/24/2025,11:30,258.4
6/24/2025,11:45,264.8
6/24/2025,12:00,252.8
6/24/2025,12:15,247.2
6/24/2025,12:30,249.6
6/24/2025,12:45,277.6
6/24/2025,13:00,288.8
6/24/2025,13:15,295.2
6/24/2025,13:30,240.8
6/24/2025,13:45,245.6
6/24/2025,14:00,251.2
6/24/2025,14:15,250.4
6/24/2025,14:30,267.2
6/24/2025,14:45,316.8
6/24/2025,15:00,364.8
6/24/2025,15:15,352.8
6/24/2025,15:30,272.8
6/24/2025,15:45,254.4
6/24/2025,16:00,275.2
6/24/2025,16:15,270.4
6/24/2025,16:30,264.8
6/24/2025,16:45,249.6
6/24/2025,17:00,296
6/24/2025,17:15,273.6
6/24/2025,17:30,252.8
6/24/2025,17:45,223.2
6/24/2025,18:00,238.4
6/24/2025,18:15,233.6
6/24/2025,18:30,225.6
6/24/2025,18:45,225.6
6/24/2025,19:00,280
6/24/2025,19:15,272.8
6/24/2025,19:30,253.6
6/24/2025,19:45,246.4
6/24/2025,20:00,234.4
6/24/2025,20:15,242.4
6/24/2025,20:30,234.4
6/24/2025,20:45,232.8
6/24/2025,21:00,280
6/24/2025,21:15,260
6/24/2025,21:30,219.2
6/24/2025,21:45,203.2
6/24/2025,22:00,143.2
6/24/2025,22:15,161.6
6/24/2025,22:30,190.4
6/24/2025,22:45,200.8
6/24/2025,23:00,235.2
6/24/2025,23:15,244
6/24/2025,23:30,186.4
6/24/2025,23:45,186.4
6/25/2025,0:00,206.4
6/25/2025,0:15,188
6/25/2025,0:30,184
6/25/2025,0:45,200
6/25/2025,1:00,217.6
6/25/2025,1:15,232
6/25/2025,1:30,188
6/25/2025,1:45,192.8
6/25/2025,2:00,192.8
6/25/2025,2:15,116
6/25/2025,2:30,115.2
6/25/2025,2:45,179.2
6/25/2025,3:00,222.4
6/25/2025,3:15,244
6/25/2025,3:30,179.2
6/25/2025,3:45,182.4
6/25/2025,4:00,173.6
6/25/2025,4:15,175.2
6/25/2025,4:30,180
6/25/2025,4:45,200
6/25/2025,5:00,212
6/25/2025,5:15,217.6
6/25/2025,5:30,188
6/25/2025,5:45,196
6/25/2025,6:00,199.2
6/25/2025,6:15,206.4
6/25/2025,6:30,132.8
6/25/2025,6:45,204
6/25/2025,7:00,244.8
6/25/2025,7:15,207.2
6/25/2025,7:30,204.8
6/25/2025,7:45,205.6
6/25/2025,8:00,236.8
6/25/2025,8:15,264.8
6/25/2025,8:30,275.2
6/25/2025,8:45,373.6
6/25/2025,9:00,410.4
6/25/2025,9:15,412
6/25/2025,9:30,416.8
6/25/2025,9:45,402.4
6/25/2025,10:00,348.8
6/25/2025,10:15,364.8
6/25/2025,10:30,420.8
6/25/2025,10:45,438.4
6/25/2025,11:00,396
6/25/2025,11:15,378.4
6/25/2025,11:30,355.2
6/25/2025,11:45,296
6/25/2025,12:00,285.6
6/25/2025,12:15,282.4
6/25/2025,12:30,333.6
6/25/2025,12:45,326.4
6/25/2025,13:00,358.4
6/25/2025,13:15,369.6
6/25/2025,13:30,356.8
6/25/2025,13:45,337.6
6/25/2025,14:00,312
6/25/2025,14:15,316.8
6/25/2025,14:30,349.6
6/25/2025,14:45,328
6/25/2025,15:00,324
6/25/2025,15:15,332.8
6/25/2025,15:30,368
6/25/2025,15:45,388
6/25/2025,16:00,352.8
6/25/2025,16:15,338.4
6/25/2025,16:30,332.8
6/25/2025,16:45,343.2
6/25/2025,17:00,311.2
6/25/2025,17:15,228.8
6/25/2025,17:30,273.6
6/25/2025,17:45,275.2
6/25/2025,18:00,234.4
6/25/2025,18:15,224
6/25/2025,18:30,230.4
6/25/2025,18:45,222.4
6/25/2025,19:00,237.6
6/25/2025,19:15,236
6/25/2025,19:30,277.6
6/25/2025,19:45,277.6
6/25/2025,20:00,227.2
6/25/2025,20:15,235.2
6/25/2025,20:30,253.6
6/25/2025,20:45,237.6
6/25/2025,21:00,239.2
6/25/2025,21:15,246.4
6/25/2025,21:30,279.2
6/25/2025,21:45,267.2
6/25/2025,22:00,234.4
6/25/2025,22:15,245.6
6/25/2025,22:30,238.4
6/25/2025,22:45,225.6
6/25/2025,23:00,219.2
6/25/2025,23:15,255.2
6/25/2025,23:30,262.4
6/25/2025,23:45,215.2
6/26/2025,0:00,232
6/26/2025,0:15,212.8
6/26/2025,0:30,236.8
6/26/2025,0:45,214.4
6/26/2025,1:00,226.4
6/26/2025,1:15,258.4
6/26/2025,1:30,285.6
6/26/2025,1:45,212.8
6/26/2025,2:00,213.6
6/26/2025,2:15,224.8
6/26/2025,2:30,196.8
6/26/2025,2:45,198.4
6/26/2025,3:00,186.4
6/26/2025,3:15,240.8
6/26/2025,3:30,226.4
6/26/2025,3:45,136
6/26/2025,4:00,192.8
6/26/2025,4:15,204.8
6/26/2025,4:30,188
6/26/2025,4:45,188
6/26/2025,5:00,183.2
6/26/2025,5:15,228
6/26/2025,5:30,231.2
6/26/2025,5:45,201.6
6/26/2025,6:00,204
6/26/2025,6:15,196.8
6/26/2025,6:30,214.4
6/26/2025,6:45,203.2
6/26/2025,7:00,245.6
6/26/2025,7:15,239.2
6/26/2025,7:30,216.8
6/26/2025,7:45,217.6
6/26/2025,8:00,256.8
6/26/2025,8:15,258.4
6/26/2025,8:30,276
6/26/2025,8:45,372
6/26/2025,9:00,428
6/26/2025,9:15,417.6
6/26/2025,9:30,437.6
6/26/2025,9:45,373.6
6/26/2025,10:00,425.6
6/26/2025,10:15,425.6
6/26/2025,10:30,420.8
6/26/2025,10:45,418.4
6/26/2025,11:00,431.2
6/26/2025,11:15,414.4
6/26/2025,11:30,453.6
6/26/2025,11:45,404.8
6/26/2025,12:00,425.6
6/26/2025,12:15,437.6
6/26/2025,12:30,441.6
6/26/2025,12:45,415.2
6/26/2025,13:00,424
6/26/2025,13:15,374.4
6/26/2025,13:30,374.4
6/26/2025,13:45,394.4
6/26/2025,14:00,401.6
6/26/2025,14:15,400
6/26/2025,14:30,406.4
6/26/2025,14:45,386.4
6/26/2025,15:00,444.8
6/26/2025,15:15,433.6
6/26/2025,15:30,373.6
6/26/2025,15:45,387.2
6/26/2025,16:00,410.4
6/26/2025,16:15,396
6/26/2025,16:30,384.8
6/26/2025,16:45,408.8
6/26/2025,17:00,387.2
6/26/2025,17:15,382.4
6/26/2025,17:30,363.2
6/26/2025,17:45,400.8
6/26/2025,18:00,366.4
6/26/2025,18:15,346.4
6/26/2025,18:30,348.8
6/26/2025,18:45,340.8
6/26/2025,19:00,343.2
6/26/2025,19:15,305.6
6/26/2025,19:30,262.4
6/26/2025,19:45,294.4
6/26/2025,20:00,250.4
6/26/2025,20:15,248
6/26/2025,20:30,256
6/26/2025,20:45,249.6
6/26/2025,21:00,252
6/26/2025,21:15,260
6/26/2025,21:30,339.2
6/26/2025,21:45,357.6
6/26/2025,22:00,323.2
6/26/2025,22:15,273.6
6/26/2025,22:30,250.4
6/26/2025,22:45,229.6
6/26/2025,23:00,240.8
6/26/2025,23:15,248.8
6/26/2025,23:30,255.2
6/26/2025,23:45,277.6
6/27/2025,0:00,233.6
6/27/2025,0:15,244.8
6/27/2025,0:30,232
6/27/2025,0:45,234.4
6/27/2025,1:00,221.6
6/27/2025,1:15,246.4
6/27/2025,1:30,275.2
6/27/2025,1:45,264.8
6/27/2025,2:00,232.8
6/27/2025,2:15,228.8
6/27/2025,2:30,231.2
6/27/2025,2:45,217.6
6/27/2025,3:00,228
6/27/2025,3:15,221.6
6/27/2025,3:30,268.8
6/27/2025,3:45,264.8
6/27/2025,4:00,228
6/27/2025,4:15,218.4
6/27/2025,4:30,232.8
6/27/2025,4:45,236
6/27/2025,5:00,226.4
6/27/2025,5:15,225.6
6/27/2025,5:30,275.2
6/27/2025,5:45,280.8
6/27/2025,6:00,270.4
6/27/2025,6:15,244
6/27/2025,6:30,274.4
6/27/2025,6:45,271.2
6/27/2025,7:00,256
6/27/2025,7:15,252.8
6/27/2025,7:30,360
6/27/2025,7:45,348.8
6/27/2025,8:00,365.6
6/27/2025,8:15,407.2
6/27/2025,8:30,456
6/27/2025,8:45,377.6
6/27/2025,9:00,349.6
6/27/2025,9:15,349.6
6/27/2025,9:30,390.4
6/27/2025,9:45,388.8
6/27/2025,10:00,373.6
6/27/2025,10:15,380
6/27/2025,10:30,402.4
6/27/2025,10:45,358.4
6/27/2025,11:00,428
6/27/2025,11:15,441.6
6/27/2025,11:30,404.8
6/27/2025,11:45,370.4
6/27/2025,12:00,364
6/27/2025,12:15,355.2
6/27/2025,12:30,348
6/27/2025,12:45,345.6
6/27/2025,13:00,336
6/27/2025,13:15,380.8
6/27/2025,13:30,366.4
6/27/2025,13:45,325.6
6/27/2025,14:00,334.4
6/27/2025,14:15,362.4
6/27/2025,14:30,335.2
6/27/2025,14:45,277.6
6/27/2025,15:00,292.8
6/27/2025,15:15,263.2
6/27/2025,15:30,302.4
6/27/2025,15:45,325.6
6/27/2025,16:00,320
6/27/2025,16:15,268.8
6/27/2025,16:30,330.4
6/27/2025,16:45,343.2
6/27/2025,17:00,355.2
6/27/2025,17:15,280
6/27/2025,17:30,324
6/27/2025,17:45,320.8
6/27/2025,18:00,251.2
6/27/2025,18:15,249.6
6/27/2025,18:30,253.6
6/27/2025,18:45,263.2
6/27/2025,19:00,263.2
6/27/2025,19:15,262.4
6/27/2025,19:30,316.8
6/27/2025,19:45,302.4
6/27/2025,20:00,260.8
6/27/2025,20:15,328
6/27/2025,20:30,321.6
6/27/2025,20:45,321.6
6/27/2025,21:00,271.2
6/27/2025,21:15,260
6/27/2025,21:30,328
6/27/2025,21:45,311.2
6/27/2025,22:00,258.4
6/27/2025,22:15,261.6
6/27/2025,22:30,256.8
6/27/2025,22:45,231.2
6/27/2025,23:00,248.8
6/27/2025,23:15,239.2
6/27/2025,23:30,276.8
6/27/2025,23:45,290.4
6/28/2025,0:00,278.4
6/28/2025,0:15,294.4
6/28/2025,0:30,311.2
6/28/2025,0:45,287.2
6/28/2025,1:00,281.6
6/28/2025,1:15,244.8
6/28/2025,1:30,237.6
6/28/2025,1:45,230.4
6/28/2025,2:00,231.2
6/28/2025,2:15,232.8
6/28/2025,2:30,233.6
6/28/2025,2:45,228.8
6/28/2025,3:00,228
6/28/2025,3:15,272.8
6/28/2025,3:30,277.6
6/28/2025,3:45,244
6/28/2025,4:00,249.6
6/28/2025,4:15,240
6/28/2025,4:30,232.8
6/28/2025,4:45,228.8
6/28/2025,5:00,229.6
6/28/2025,5:15,224
6/28/2025,5:30,259.2
6/28/2025,5:45,289.6
6/28/2025,6:00,296.8
6/28/2025,6:15,240
6/28/2025,6:30,248.8
6/28/2025,6:45,250.4
6/28/2025,7:00,249.6
6/28/2025,7:15,250.4
6/28/2025,7:30,255.2
6/28/2025,7:45,273.6
6/28/2025,8:00,339.2
6/28/2025,8:15,335.2
6/28/2025,8:30,313.6
6/28/2025,8:45,360
6/28/2025,9:00,453.6
6/28/2025,9:15,496
6/28/2025,9:30,396
6/28/2025,9:45,440
6/28/2025,10:00,368.8
6/28/2025,10:15,409.6
6/28/2025,10:30,469.6
6/28/2025,10:45,460
6/28/2025,11:00,440
6/28/2025,11:15,518.4
6/28/2025,11:30,457.6
6/28/2025,11:45,459.2
6/28/2025,12:00,357.6
6/28/2025,12:15,504.8
6/28/2025,12:30,441.6
6/28/2025,12:45,556
6/28/2025,13:00,528
6/28/2025,13:15,517.6
6/28/2025,13:30,509.6
6/28/2025,13:45,531.2
6/28/2025,14:00,522.4
6/28/2025,14:15,516
6/28/2025,14:30,385.6
6/28/2025,14:45,434.4
6/28/2025,15:00,446.4
6/28/2025,15:15,440.8
6/28/2025,15:30,432
6/28/2025,15:45,400
6/28/2025,16:00,431.2
6/28/2025,16:15,436.8
6/28/2025,16:30,402.4
6/28/2025,16:45,427.2
6/28/2025,17:00,416.8
6/28/2025,17:15,397.6
6/28/2025,17:30,380
6/28/2025,17:45,385.6
6/28/2025,18:00,412.8
6/28/2025,18:15,400
6/28/2025,18:30,343.2
6/28/2025,18:45,350.4
6/28/2025,19:00,348
6/28/2025,19:15,344
6/28/2025,19:30,356.8
6/28/2025,19:45,328.8
6/28/2025,20:00,301.6
6/28/2025,20:15,311.2
6/28/2025,20:30,305.6
6/28/2025,20:45,312
6/28/2025,21:00,302.4
6/28/2025,21:15,258.4
6/28/2025,21:30,303.2
6/28/2025,21:45,298.4
6/28/2025,22:00,339.2
6/28/2025,22:15,327.2
6/28/2025,22:30,311.2
6/28/2025,22:45,292
6/28/2025,23:00,309.6
6/28/2025,23:15,300
6/28/2025,23:30,309.6
6/28/2025,23:45,280
6/29/2025,0:00,284
6/29/2025,0:15,289.6
6/29/2025,0:30,284.8
6/29/2025,0:45,284.8
6/29/2025,1:00,233.6
6/29/2025,1:15,286.4
6/29/2025,1:30,242.4
6/29/2025,1:45,279.2
6/29/2025,2:00,276.8
6/29/2025,2:15,311.2
6/29/2025,2:30,263.2
6/29/2025,2:45,316.8
6/29/2025,3:00,266.4
6/29/2025,3:15,311.2
6/29/2025,3:30,260
6/29/2025,3:45,277.6
6/29/2025,4:00,203.2
6/29/2025,4:15,250.4
6/29/2025,4:30,207.2
6/29/2025,4:45,246.4
6/29/2025,5:00,213.6
6/29/2025,5:15,273.6
6/29/2025,5:30,220.8
6/29/2025,5:45,287.2
6/29/2025,6:00,249.6
6/29/2025,6:15,284
6/29/2025,6:30,264
6/29/2025,6:45,290.4
6/29/2025,7:00,258.4
6/29/2025,7:15,304
6/29/2025,7:30,272.8
6/29/2025,7:45,276.8
6/29/2025,8:00,292.8
6/29/2025,8:15,351.2
6/29/2025,8:30,349.6
6/29/2025,8:45,396
6/29/2025,9:00,395.2
6/29/2025,9:15,389.6
6/29/2025,9:30,435.2
6/29/2025,9:45,404.8
6/29/2025,10:00,466.4
6/29/2025,10:15,444
6/29/2025,10:30,440
6/29/2025,10:45,444
6/29/2025,11:00,439.2
6/29/2025,11:15,397.6
6/29/2025,11:30,367.2
6/29/2025,11:45,372.8
6/29/2025,12:00,422.4
6/29/2025,12:15,400.8
6/29/2025,12:30,419.2
6/29/2025,12:45,429.6
6/29/2025,13:00,399.2
6/29/2025,13:15,360
6/29/2025,13:30,396
6/29/2025,13:45,367.2
6/29/2025,14:00,435.2
6/29/2025,14:15,443.2
6/29/2025,14:30,452.8
6/29/2025,14:45,430.4
6/29/2025,15:00,418.4
6/29/2025,15:15,452.8
6/29/2025,15:30,460.8
6/29/2025,15:45,460.8
6/29/2025,16:00,461.6
6/29/2025,16:15,459.2
6/29/2025,16:30,460
6/29/2025,16:45,459.2
6/29/2025,17:00,424.8
6/29/2025,17:15,420.8
6/29/2025,17:30,421.6
6/29/2025,17:45,408
6/29/2025,18:00,421.6
6/29/2025,18:15,313.6
6/29/2025,18:30,329.6
6/29/2025,18:45,314.4
6/29/2025,19:00,274.4
6/29/2025,19:15,340
6/29/2025,19:30,328
6/29/2025,19:45,321.6
6/29/2025,20:00,278.4
6/29/2025,20:15,322.4
6/29/2025,20:30,312.8
6/29/2025,20:45,372.8
6/29/2025,21:00,339.2
6/29/2025,21:15,336
6/29/2025,21:30,346.4
6/29/2025,21:45,336.8
6/29/2025,22:00,344
6/29/2025,22:15,324.8
6/29/2025,22:30,302.4
6/29/2025,22:45,305.6
6/29/2025,23:00,308.8
6/29/2025,23:15,292.8
6/29/2025,23:30,300.8
6/29/2025,23:45,311.2
6/30/2025,0:00,310.4
6/30/2025,0:15,295.2
6/30/2025,0:30,300.8
6/30/2025,0:45,356
6/30/2025,1:00,328.8
6/30/2025,1:15,332
6/30/2025,1:30,336.8
6/30/2025,1:45,337.6
6/30/2025,2:00,316.8
6/30/2025,2:15,254.4
6/30/2025,2:30,289.6
6/30/2025,2:45,272
6/30/2025,3:00,264
6/30/2025,3:15,273.6
6/30/2025,3:30,268
6/30/2025,3:45,291.2
6/30/2025,4:00,275.2
6/30/2025,4:15,271.2
6/30/2025,4:30,301.6
6/30/2025,4:45,275.2
6/30/2025,5:00,298.4
6/30/2025,5:15,317.6
6/30/2025,5:30,311.2
6/30/2025,5:45,325.6
6/30/2025,6:00,322.4
6/30/2025,6:15,303.2
6/30/2025,6:30,287.2
6/30/2025,6:45,300
6/30/2025,7:00,300
6/30/2025,7:15,287.2
6/30/2025,7:30,317.6
6/30/2025,7:45,296.8
6/30/2025,8:00,335.2
6/30/2025,8:15,360
6/30/2025,8:30,416
6/30/2025,8:45,437.6
6/30/2025,9:00,431.2
6/30/2025,9:15,407.2
6/30/2025,9:30,422.4
6/30/2025,9:45,420.8
6/30/2025,10:00,387.2
6/30/2025,10:15,404.8
6/30/2025,10:30,407.2
6/30/2025,10:45,368
6/30/2025,11:00,371.2
6/30/2025,11:15,394.4
6/30/2025,11:30,374.4
6/30/2025,11:45,369.6
6/30/2025,12:00,346.4
6/30/2025,12:15,347.2
6/30/2025,12:30,351.2
6/30/2025,12:45,390.4
6/30/2025,13:00,378.4
6/30/2025,13:15,379.2
6/30/2025,13:30,390.4
6/30/2025,13:45,387.2
6/30/2025,14:00,384
6/30/2025,14:15,372
6/30/2025,14:30,356.8
6/30/2025,14:45,357.6
6/30/2025,15:00,344
6/30/2025,15:15,349.6
6/30/2025,15:30,354.4
6/30/2025,15:45,376
6/30/2025,16:00,386.4
6/30/2025,16:15,385.6
6/30/2025,16:30,443.2
6/30/2025,16:45,429.6
6/30/2025,17:00,401.6
6/30/2025,17:15,396.8
6/30/2025,17:30,392
6/30/2025,17:45,387.2
6/30/2025,18:00,357.6
6/30/2025,18:15,349.6
6/30/2025,18:30,329.6
6/30/2025,18:45,342.4
6/30/2025,19:00,296.8
6/30/2025,19:15,272
6/30/2025,19:30,270.4
6/30/2025,19:45,266.4
6/30/2025,20:00,272
6/30/2025,20:15,317.6
6/30/2025,20:30,288.8
6/30/2025,20:45,292.8
6/30/2025,21:00,313.6
6/30/2025,21:15,301.6
6/30/2025,21:30,301.6
6/30/2025,21:45,304
6/30/2025,22:00,265.6
6/30/2025,22:15,271.2
6/30/2025,22:30,248
6/30/2025,22:45,245.6
6/30/2025,23:00,255.2
6/30/2025,23:15,244
6/30/2025,23:30,242.4
6/30/2025,23:45,253.6
7/1/2025,0:00,237.6
7/1/2025,0:15,272.8
7/1/2025,0:30,280.8
7/1/2025,0:45,268.8
7/1/2025,1:00,296
7/1/2025,1:15,295.2
7/1/2025,1:30,285.6
7/1/2025,1:45,248.8
7/1/2025,2:00,242.4
7/1/2025,2:15,251.2
7/1/2025,2:30,255.2
7/1/2025,2:45,241.6
7/1/2025,3:00,256.8
7/1/2025,3:15,269.6
7/1/2025,3:30,238.4
7/1/2025,3:45,263.2
7/1/2025,4:00,283.2
7/1/2025,4:15,285.6
7/1/2025,4:30,270.4
7/1/2025,4:45,285.6
7/1/2025,5:00,273.6
7/1/2025,5:15,271.2
7/1/2025,5:30,264.8
7/1/2025,5:45,300.8
7/1/2025,6:00,269.6
7/1/2025,6:15,258.4
7/1/2025,6:30,257.6
7/1/2025,6:45,259.2
7/1/2025,7:00,279.2
7/1/2025,7:15,284
7/1/2025,7:30,272
7/1/2025,7:45,317.6
7/1/2025,8:00,347.2
7/1/2025,8:15,336
7/1/2025,8:30,413.6
7/1/2025,8:45,408
7/1/2025,9:00,428
7/1/2025,9:15,416
7/1/2025,9:30,403.2
7/1/2025,9:45,405.6
7/1/2025,10:00,389.6
7/1/2025,10:15,406.4
7/1/2025,10:30,412.8
7/1/2025,10:45,449.6
7/1/2025,11:00,452.8
7/1/2025,11:15,486.4
7/1/2025,11:30,472
7/1/2025,11:45,448
7/1/2025,12:00,459.2
7/1/2025,12:15,441.6
7/1/2025,12:30,436
7/1/2025,12:45,408
7/1/2025,13:00,420.8
7/1/2025,13:15,414.4
7/1/2025,13:30,392
7/1/2025,13:45,419.2
7/1/2025,14:00,412.8
7/1/2025,14:15,413.6
7/1/2025,14:30,433.6
7/1/2025,14:45,400.8
7/1/2025,15:00,481.6
7/1/2025,15:15,439.2
7/1/2025,15:30,444
7/1/2025,15:45,451.2
7/1/2025,16:00,459.2
7/1/2025,16:15,453.6
7/1/2025,16:30,420
7/1/2025,16:45,426.4
7/1/2025,17:00,398.4
7/1/2025,17:15,384.8
7/1/2025,17:30,376.8
7/1/2025,17:45,377.6
7/1/2025,18:00,372.8
7/1/2025,18:15,368
7/1/2025,18:30,358.4
7/1/2025,18:45,371.2
7/1/2025,19:00,370.4
7/1/2025,19:15,318.4
7/1/2025,19:30,316
7/1/2025,19:45,296
7/1/2025,20:00,273.6
7/1/2025,20:15,276
7/1/2025,20:30,286.4
7/1/2025,20:45,280
7/1/2025,21:00,273.6
7/1/2025,21:15,288
7/1/2025,21:30,273.6
7/1/2025,21:45,272
7/1/2025,22:00,287.2
7/1/2025,22:15,308.8
7/1/2025,22:30,312.8
7/1/2025,22:45,310.4
7/1/2025,23:00,288
7/1/2025,23:15,284
7/1/2025,23:30,274.4
7/1/2025,23:45,273.6
7/2/2025,0:00,254.4
7/2/2025,0:15,261.6
7/2/2025,0:30,321.6
7/2/2025,0:45,325.6
7/2/2025,1:00,314.4
7/2/2025,1:15,257.6
7/2/2025,1:30,271.2
7/2/2025,1:45,276
7/2/2025,2:00,280.8
7/2/2025,2:15,276
7/2/2025,2:30,290.4
7/2/2025,2:45,299.2
7/2/2025,3:00,278.4
7/2/2025,3:15,272.8
7/2/2025,3:30,261.6
7/2/2025,3:45,255.2
7/2/2025,4:00,257.6
7/2/2025,4:15,276.8
7/2/2025,4:30,254.4
7/2/2025,4:45,249.6
7/2/2025,5:00,266.4
7/2/2025,5:15,304.8
7/2/2025,5:30,291.2
7/2/2025,5:45,290.4
7/2/2025,6:00,299.2
7/2/2025,6:15,288
7/2/2025,6:30,284
7/2/2025,6:45,267.2
7/2/2025,7:00,268.8
7/2/2025,7:15,285.6
7/2/2025,7:30,352
7/2/2025,7:45,374.4
7/2/2025,8:00,397.6
7/2/2025,8:15,408.8
7/2/2025,8:30,413.6
7/2/2025,8:45,484.8
7/2/2025,9:00,488
7/2/2025,9:15,474.4
7/2/2025,9:30,462.4
7/2/2025,9:45,480
7/2/2025,10:00,429.6
7/2/2025,10:15,430.4
7/2/2025,10:30,422.4
7/2/2025,10:45,436
7/2/2025,11:00,438.4
7/2/2025,11:15,418.4
7/2/2025,11:30,472.8
7/2/2025,11:45,424
7/2/2025,12:00,454.4
7/2/2025,12:15,469.6
7/2/2025,12:30,454.4
7/2/2025,12:45,442.4
7/2/2025,13:00,427.2
7/2/2025,13:15,404.8
7/2/2025,13:30,416
7/2/2025,13:45,402.4
7/2/2025,14:00,407.2
7/2/2025,14:15,412
7/2/2025,14:30,444
7/2/2025,14:45,424.8
7/2/2025,15:00,445.6
7/2/2025,15:15,461.6
7/2/2025,15:30,451.2
7/2/2025,15:45,478.4
7/2/2025,16:00,464
7/2/2025,16:15,499.2
7/2/2025,16:30,512
7/2/2025,16:45,512.8
7/2/2025,17:00,423.2
7/2/2025,17:15,392.8
7/2/2025,17:30,385.6
7/2/2025,17:45,372.8
7/2/2025,18:00,370.4
7/2/2025,18:15,376.8
7/2/2025,18:30,388
7/2/2025,18:45,380.8
7/2/2025,19:00,408
7/2/2025,19:15,409.6
7/2/2025,19:30,397.6
7/2/2025,19:45,368.8
7/2/2025,20:00,368.8
7/2/2025,20:15,376.8
7/2/2025,20:30,371.2
7/2/2025,20:45,359.2
7/2/2025,21:00,365.6
7/2/2025,21:15,364
7/2/2025,21:30,350.4
7/2/2025,21:45,340.8
7/2/2025,22:00,368
7/2/2025,22:15,295.2
7/2/2025,22:30,293.6
7/2/2025,22:45,284
7/2/2025,23:00,283.2
7/2/2025,23:15,297.6
7/2/2025,23:30,308.8
7/2/2025,23:45,324.8
7/3/2025,0:00,308.8
7/3/2025,0:15,324.8
7/3/2025,0:30,247.2
7/3/2025,0:45,256
7/3/2025,1:00,248
7/3/2025,1:15,272.8
7/3/2025,1:30,280
7/3/2025,1:45,348
7/3/2025,2:00,328.8
7/3/2025,2:15,335.2
7/3/2025,2:30,262.4
7/3/2025,2:45,264
7/3/2025,3:00,241.6
7/3/2025,3:15,247.2
7/3/2025,3:30,252
7/3/2025,3:45,234.4
7/3/2025,4:00,251.2
7/3/2025,4:15,250.4
7/3/2025,4:30,272
7/3/2025,4:45,332
7/3/2025,5:00,340
7/3/2025,5:15,361.6
7/3/2025,5:30,296.8
7/3/2025,5:45,264.8
7/3/2025,6:00,248
7/3/2025,6:15,267.2
7/3/2025,6:30,253.6
7/3/2025,6:45,266.4
7/3/2025,7:00,323.2
7/3/2025,7:15,353.6
7/3/2025,7:30,328
7/3/2025,7:45,356
7/3/2025,8:00,378.4
7/3/2025,8:15,409.6
7/3/2025,8:30,413.6
7/3/2025,8:45,409.6
7/3/2025,9:00,433.6
7/3/2025,9:15,364
7/3/2025,9:30,321.6
7/3/2025,9:45,423.2
7/3/2025,10:00,388.8
7/3/2025,10:15,423.2
7/3/2025,10:30,406.4
7/3/2025,10:45,439.2
7/3/2025,11:00,482.4
7/3/2025,11:15,436.8
7/3/2025,11:30,421.6
7/3/2025,11:45,440
7/3/2025,12:00,394.4
7/3/2025,12:15,400
7/3/2025,12:30,403.2
7/3/2025,12:45,396
7/3/2025,13:00,380
7/3/2025,13:15,421.6
7/3/2025,13:30,396.8
7/3/2025,13:45,427.2
7/3/2025,14:00,434.4
7/3/2025,14:15,449.6
7/3/2025,14:30,448.8
7/3/2025,14:45,416
7/3/2025,15:00,407.2
7/3/2025,15:15,371.2
7/3/2025,15:30,408
7/3/2025,15:45,392
7/3/2025,16:00,411.2
7/3/2025,16:15,416.8
7/3/2025,16:30,435.2
7/3/2025,16:45,411.2
7/3/2025,17:00,429.6
7/3/2025,17:15,420
7/3/2025,17:30,413.6
7/3/2025,17:45,407.2
7/3/2025,18:00,379.2
7/3/2025,18:15,367.2
7/3/2025,18:30,357.6
7/3/2025,18:45,361.6
7/3/2025,19:00,368.8
7/3/2025,19:15,375.2
7/3/2025,19:30,368.8
7/3/2025,19:45,360.8
7/3/2025,20:00,408.8
7/3/2025,20:15,381.6
7/3/2025,20:30,369.6
7/3/2025,20:45,367.2
7/3/2025,21:00,288
7/3/2025,21:15,294.4
7/3/2025,21:30,275.2
7/3/2025,21:45,284
7/3/2025,22:00,262.4
7/3/2025,22:15,341.6
7/3/2025,22:30,316
7/3/2025,22:45,320.8
7/3/2025,23:00,332
7/3/2025,23:15,353.6
7/3/2025,23:30,280.8
7/3/2025,23:45,279.2
7/4/2025,0:00,278.4
7/4/2025,0:15,252.8
7/4/2025,0:30,310.4
7/4/2025,0:45,304.8
7/4/2025,1:00,318.4
7/4/2025,1:15,316
7/4/2025,1:30,236
7/4/2025,1:45,251.2
7/4/2025,2:00,240
7/4/2025,2:15,262.4
7/4/2025,2:30,271.2
7/4/2025,2:45,264
7/4/2025,3:00,270.4
7/4/2025,3:15,244.8
7/4/2025,3:30,236.8
7/4/2025,3:45,293.6
7/4/2025,4:00,300
7/4/2025,4:15,300.8
7/4/2025,4:30,237.6
7/4/2025,4:45,235.2
7/4/2025,5:00,271.2
7/4/2025,5:15,278.4
7/4/2025,5:30,276
7/4/2025,5:45,322.4
7/4/2025,6:00,283.2
7/4/2025,6:15,296.8
7/4/2025,6:30,315.2
7/4/2025,6:45,329.6
7/4/2025,7:00,330.4
7/4/2025,7:15,317.6
7/4/2025,7:30,332.8
7/4/2025,7:45,343.2
7/4/2025,8:00,384
7/4/2025,8:15,391.2
7/4/2025,8:30,394.4
7/4/2025,8:45,434.4
7/4/2025,9:00,457.6
7/4/2025,9:15,444
7/4/2025,9:30,449.6
7/4/2025,9:45,406.4
7/4/2025,10:00,419.2
7/4/2025,10:15,420.8
7/4/2025,10:30,435.2
7/4/2025,10:45,409.6
7/4/2025,11:00,421.6
7/4/2025,11:15,433.6
7/4/2025,11:30,439.2
7/4/2025,11:45,498.4
7/4/2025,12:00,444.8
7/4/2025,12:15,428
7/4/2025,12:30,440
7/4/2025,12:45,392
7/4/2025,13:00,376
7/4/2025,13:15,396
7/4/2025,13:30,385.6
7/4/2025,13:45,396.8
7/4/2025,14:00,407.2
7/4/2025,14:15,392
7/4/2025,14:30,444
7/4/2025,14:45,424
7/4/2025,15:00,432
7/4/2025,15:15,424.8
7/4/2025,15:30,420
7/4/2025,15:45,417.6
7/4/2025,16:00,426.4
7/4/2025,16:15,440.8
7/4/2025,16:30,404
7/4/2025,16:45,396
7/4/2025,17:00,421.6
7/4/2025,17:15,396.8
7/4/2025,17:30,404.8
7/4/2025,17:45,412.8
7/4/2025,18:00,397.6
7/4/2025,18:15,397.6
7/4/2025,18:30,393.6
7/4/2025,18:45,372
7/4/2025,19:00,388
7/4/2025,19:15,388
7/4/2025,19:30,370.4
7/4/2025,19:45,372
7/4/2025,20:00,360
7/4/2025,20:15,368
7/4/2025,20:30,351.2
7/4/2025,20:45,394.4
7/4/2025,21:00,390.4
7/4/2025,21:15,386.4
7/4/2025,21:30,379.2
7/4/2025,21:45,368
7/4/2025,22:00,340.8
7/4/2025,22:15,316.8
7/4/2025,22:30,333.6
7/4/2025,22:45,328
7/4/2025,23:00,256.8
7/4/2025,23:15,258.4
7/4/2025,23:30,264
7/4/2025,23:45,349.6
7/5/2025,0:00,370.4
7/5/2025,0:15,328.8
7/5/2025,0:30,336
7/5/2025,0:45,337.6
7/5/2025,1:00,253.6
7/5/2025,1:15,248
7/5/2025,1:30,299.2
7/5/2025,1:45,329.6
7/5/2025,2:00,305.6
7/5/2025,2:15,305.6
7/5/2025,2:30,314.4
7/5/2025,2:45,269.6
7/5/2025,3:00,263.2
7/5/2025,3:15,280.8
7/5/2025,3:30,335.2
7/5/2025,3:45,333.6
7/5/2025,4:00,297.6
7/5/2025,4:15,265.6
7/5/2025,4:30,256.8
7/5/2025,4:45,238.4
7/5/2025,5:00,252
7/5/2025,5:15,260.8
7/5/2025,5:30,260.8
7/5/2025,5:45,320
7/5/2025,6:00,354.4
7/5/2025,6:15,306.4
7/5/2025,6:30,288
7/5/2025,6:45,299.2
7/5/2025,7:00,332.8
7/5/2025,7:15,324
7/5/2025,7:30,329.6
7/5/2025,7:45,335.2
7/5/2025,8:00,347.2
7/5/2025,8:15,388
7/5/2025,8:30,395.2
7/5/2025,8:45,397.6
7/5/2025,9:00,420
7/5/2025,9:15,441.6
7/5/2025,9:30,452
7/5/2025,9:45,428.8
7/5/2025,10:00,454.4
7/5/2025,10:15,413.6
7/5/2025,10:30,427.2
7/5/2025,10:45,410.4
7/5/2025,11:00,435.2
7/5/2025,11:15,406.4
7/5/2025,11:30,409.6
7/5/2025,11:45,435.2
7/5/2025,12:00,447.2
7/5/2025,12:15,416
7/5/2025,12:30,418.4
7/5/2025,12:45,436
7/5/2025,13:00,407.2
7/5/2025,13:15,392
7/5/2025,13:30,412
7/5/2025,13:45,448.8
7/5/2025,14:00,426.4
7/5/2025,14:15,415.2
7/5/2025,14:30,440.8
7/5/2025,14:45,415.2
7/5/2025,15:00,420
7/5/2025,15:15,451.2
7/5/2025,15:30,420.8
7/5/2025,15:45,448
7/5/2025,16:00,428.8
7/5/2025,16:15,428.8
7/5/2025,16:30,452.8
7/5/2025,16:45,440
7/5/2025,17:00,396.8
7/5/2025,17:15,408
7/5/2025,17:30,407.2
7/5/2025,17:45,388
7/5/2025,18:00,392
7/5/2025,18:15,404
7/5/2025,18:30,377.6
7/5/2025,18:45,376
7/5/2025,19:00,384
7/5/2025,19:15,401.6
7/5/2025,19:30,361.6
7/5/2025,19:45,332
7/5/2025,20:00,326.4
7/5/2025,20:15,280.8
7/5/2025,20:30,299.2
7/5/2025,20:45,336
7/5/2025,21:00,337.6
7/5/2025,21:15,340
7/5/2025,21:30,334.4
7/5/2025,21:45,273.6
7/5/2025,22:00,304.8
7/5/2025,22:15,292
7/5/2025,22:30,352
7/5/2025,22:45,339.2
7/5/2025,23:00,318.4
7/5/2025,23:15,311.2
7/5/2025,23:30,320.8
7/5/2025,23:45,268.8
7/6/2025,0:00,252.8
7/6/2025,0:15,264.8
7/6/2025,0:30,323.2
7/6/2025,0:45,316.8
7/6/2025,1:00,320.8
7/6/2025,1:15,270.4
7/6/2025,1:30,288.8
7/6/2025,1:45,284.8
7/6/2025,2:00,272.8
7/6/2025,2:15,272
7/6/2025,2:30,259.2
7/6/2025,2:45,268
7/6/2025,3:00,314.4
7/6/2025,3:15,304
7/6/2025,3:30,248.8
7/6/2025,3:45,248.8
7/6/2025,4:00,248.8
7/6/2025,4:15,247.2
7/6/2025,4:30,244.8
7/6/2025,4:45,236
7/6/2025,5:00,259.2
7/6/2025,5:15,272.8
7/6/2025,5:30,271.2
7/6/2025,5:45,279.2
7/6/2025,6:00,318.4
7/6/2025,6:15,354.4
7/6/2025,6:30,349.6
7/6/2025,6:45,254.4
7/6/2025,7:00,292
7/6/2025,7:15,352.8
7/6/2025,7:30,336.8
7/6/2025,7:45,344
7/6/2025,8:00,377.6
7/6/2025,8:15,383.2
7/6/2025,8:30,408
7/6/2025,8:45,419.2
7/6/2025,9:00,419.2
7/6/2025,9:15,499.2
7/6/2025,9:30,472
7/6/2025,9:45,464.8
7/6/2025,10:00,442.4
7/6/2025,10:15,434.4
7/6/2025,10:30,444
7/6/2025,10:45,407.2
7/6/2025,11:00,397.6
7/6/2025,11:15,428.8
7/6/2025,11:30,412
7/6/2025,11:45,404.8
7/6/2025,12:00,395.2
7/6/2025,12:15,412.8
7/6/2025,12:30,424
7/6/2025,12:45,414.4
7/6/2025,13:00,417.6
7/6/2025,13:15,423.2
7/6/2025,13:30,385.6
7/6/2025,13:45,380
7/6/2025,14:00,400
7/6/2025,14:15,392.8
7/6/2025,14:30,375.2
7/6/2025,14:45,400
7/6/2025,15:00,384.8
7/6/2025,15:15,388
7/6/2025,15:30,392
7/6/2025,15:45,405.6
7/6/2025,16:00,426.4
7/6/2025,16:15,428.8
7/6/2025,16:30,436.8
7/6/2025,16:45,425.6
7/6/2025,17:00,424
7/6/2025,17:15,372.8
7/6/2025,17:30,395.2
7/6/2025,17:45,367.2
7/6/2025,18:00,382.4
7/6/2025,18:15,417.6
7/6/2025,18:30,398.4
7/6/2025,18:45,387.2
7/6/2025,19:00,405.6
7/6/2025,19:15,404.8
7/6/2025,19:30,407.2
7/6/2025,19:45,409.6
7/6/2025,20:00,392.8
7/6/2025,20:15,395.2
7/6/2025,20:30,379.2
7/6/2025,20:45,390.4
7/6/2025,21:00,367.2
7/6/2025,21:15,389.6
7/6/2025,21:30,344
7/6/2025,21:45,354.4
7/6/2025,22:00,364
7/6/2025,22:15,376.8
7/6/2025,22:30,345.6
7/6/2025,22:45,254.4
7/6/2025,23:00,254.4
7/6/2025,23:15,262.4
7/6/2025,23:30,319.2
7/6/2025,23:45,311.2
7/7/2025,0:00,307.2
7/7/2025,0:15,312.8
7/7/2025,0:30,318.4
7/7/2025,0:45,244
7/7/2025,1:00,271.2
7/7/2025,1:15,266.4
7/7/2025,1:30,255.2
7/7/2025,1:45,336
7/7/2025,2:00,341.6
7/7/2025,2:15,351.2
7/7/2025,2:30,273.6
7/7/2025,2:45,284.8
7/7/2025,3:00,296
7/7/2025,3:15,256.8
7/7/2025,3:30,256.8
7/7/2025,3:45,319.2
7/7/2025,4:00,308.8
7/7/2025,4:15,301.6
7/7/2025,4:30,260
7/7/2025,4:45,259.2
7/7/2025,5:00,237.6
7/7/2025,5:15,252.8
7/7/2025,5:30,238.4
7/7/2025,5:45,324
7/7/2025,6:00,321.6
7/7/2025,6:15,346.4
7/7/2025,6:30,359.2
7/7/2025,6:45,291.2
7/7/2025,7:00,288.8
7/7/2025,7:15,376
7/7/2025,7:30,368
7/7/2025,7:45,364.8
7/7/2025,8:00,364.8
7/7/2025,8:15,374.4
7/7/2025,8:30,372.8
7/7/2025,8:45,394.4
7/7/2025,9:00,415.2
7/7/2025,9:15,410.4
7/7/2025,9:30,424.8
7/7/2025,9:45,400
7/7/2025,10:00,411.2
7/7/2025,10:15,411.2
7/7/2025,10:30,407.2
7/7/2025,10:45,452
7/7/2025,11:00,440.8
7/7/2025,11:15,446.4
7/7/2025,11:30,436.8
7/7/2025,11:45,439.2
7/7/2025,12:00,429.6
7/7/2025,12:15,390.4
7/7/2025,12:30,400
7/7/2025,12:45,383.2
7/7/2025,13:00,403.2
7/7/2025,13:15,404
7/7/2025,13:30,397.6
7/7/2025,13:45,324
7/7/2025,14:00,409.6
7/7/2025,14:15,424
7/7/2025,14:30,428
7/7/2025,14:45,420.8
7/7/2025,15:00,436
7/7/2025,15:15,427.2
7/7/2025,15:30,452
7/7/2025,15:45,491.2
7/7/2025,16:00,473.6
7/7/2025,16:15,444
7/7/2025,16:30,433.6
7/7/2025,16:45,402.4
7/7/2025,17:00,386.4
7/7/2025,17:15,393.6
7/7/2025,17:30,392
7/7/2025,17:45,369.6
7/7/2025,18:00,376
7/7/2025,18:15,392
7/7/2025,18:30,398.4
7/7/2025,18:45,348.8
7/7/2025,19:00,410.4
7/7/2025,19:15,437.6
7/7/2025,19:30,403.2
7/7/2025,19:45,388.8
7/7/2025,20:00,388.8
7/7/2025,20:15,387.2
7/7/2025,20:30,364
7/7/2025,20:45,363.2
7/7/2025,21:00,372
7/7/2025,21:15,364
7/7/2025,21:30,362.4
7/7/2025,21:45,356.8
7/7/2025,22:00,350.4
7/7/2025,22:15,376
7/7/2025,22:30,358.4
7/7/2025,22:45,363.2
7/7/2025,23:00,380
7/7/2025,23:15,401.6
7/7/2025,23:30,372
7/7/2025,23:45,384.8
7/8/2025,0:00,376.8
7/8/2025,0:15,372
7/8/2025,0:30,368.8
7/8/2025,0:45,385.6
7/8/2025,1:00,364.8
7/8/2025,1:15,361.6
7/8/2025,1:30,335.2
7/8/2025,1:45,336.8
7/8/2025,2:00,337.6
7/8/2025,2:15,334.4
7/8/2025,2:30,328.8
7/8/2025,2:45,333.6
7/8/2025,3:00,340
7/8/2025,3:15,338.4
7/8/2025,3:30,329.6
7/8/2025,3:45,329.6
7/8/2025,4:00,311.2
7/8/2025,4:15,318.4
7/8/2025,4:30,295.2
7/8/2025,4:45,312.8
7/8/2025,5:00,303.2
7/8/2025,5:15,304.8
7/8/2025,5:30,303.2
7/8/2025,5:45,263.2
7/8/2025,6:00,257.6
7/8/2025,6:15,285.6
7/8/2025,6:30,315.2
7/8/2025,6:45,314.4
7/8/2025,7:00,332
7/8/2025,7:15,368
7/8/2025,7:30,384.8
7/8/2025,7:45,408
7/8/2025,8:00,405.6
7/8/2025,8:15,436.8
7/8/2025,8:30,446.4
7/8/2025,8:45,424.8
7/8/2025,9:00,412
7/8/2025,9:15,414.4
7/8/2025,9:30,407.2
7/8/2025,9:45,404
7/8/2025,10:00,401.6
7/8/2025,10:15,400
7/8/2025,10:30,411.2
7/8/2025,10:45,417.6
7/8/2025,11:00,420
7/8/2025,11:15,420
7/8/2025,11:30,415.2
7/8/2025,11:45,435.2
7/8/2025,12:00,447.2
7/8/2025,12:15,432
7/8/2025,12:30,427.2
7/8/2025,12:45,432
7/8/2025,13:00,425.6
7/8/2025,13:15,417.6
7/8/2025,13:30,393.6
7/8/2025,13:45,379.2
7/8/2025,14:00,437.6
7/8/2025,14:15,407.2
7/8/2025,14:30,411.2
7/8/2025,14:45,419.2
7/8/2025,15:00,408.8
7/8/2025,15:15,380.8
7/8/2025,15:30,382.4
7/8/2025,15:45,412
7/8/2025,16:00,409.6
7/8/2025,16:15,417.6
7/8/2025,16:30,408
7/8/2025,16:45,420
7/8/2025,17:00,409.6
7/8/2025,17:15,400
7/8/2025,17:30,420.8
7/8/2025,17:45,407.2
7/8/2025,18:00,381.6
7/8/2025,18:15,374.4
7/8/2025,18:30,379.2
7/8/2025,18:45,363.2
7/8/2025,19:00,369.6
7/8/2025,19:15,376.8
7/8/2025,19:30,372
7/8/2025,19:45,386.4
7/8/2025,20:00,383.2
7/8/2025,20:15,360
7/8/2025,20:30,358.4
7/8/2025,20:45,394.4
7/8/2025,21:00,389.6
7/8/2025,21:15,356.8
7/8/2025,21:30,356
7/8/2025,21:45,357.6
7/8/2025,22:00,299.2
7/8/2025,22:15,275.2
7/8/2025,22:30,248
7/8/2025,22:45,312.8
7/8/2025,23:00,314.4
7/8/2025,23:15,343.2
7/8/2025,23:30,328
7/8/2025,23:45,312.8
7/9/2025,0:00,317.6
7/9/2025,0:15,318.4
7/9/2025,0:30,309.6
7/9/2025,0:45,312
7/9/2025,1:00,286.4
7/9/2025,1:15,276.8
7/9/2025,1:30,276
7/9/2025,1:45,333.6
7/9/2025,2:00,345.6
7/9/2025,2:15,338.4
7/9/2025,2:30,323.2
7/9/2025,2:45,342.4
7/9/2025,3:00,318.4
7/9/2025,3:15,320
7/9/2025,3:30,328.8
7/9/2025,3:45,317.6
7/9/2025,4:00,324.8
7/9/2025,4:15,304
7/9/2025,4:30,261.6
7/9/2025,4:45,258.4
7/9/2025,5:00,254.4
7/9/2025,5:15,322.4
7/9/2025,5:30,353.6
7/9/2025,5:45,369.6
7/9/2025,6:00,356
7/9/2025,6:15,357.6
7/9/2025,6:30,351.2
7/9/2025,6:45,347.2
7/9/2025,7:00,350.4
7/9/2025,7:15,336
7/9/2025,7:30,352
7/9/2025,7:45,376
7/9/2025,8:00,387.2
7/9/2025,8:15,424.8
7/9/2025,8:30,490.4
7/9/2025,8:45,449.6
7/9/2025,9:00,465.6
7/9/2025,9:15,484.8
7/9/2025,9:30,513.6
7/9/2025,9:45,472
7/9/2025,10:00,481.6
7/9/2025,10:15,492.8
7/9/2025,10:30,502.4
7/9/2025,10:45,464
7/9/2025,11:00,435.2
7/9/2025,11:15,453.6
7/9/2025,11:30,478.4
7/9/2025,11:45,450.4
7/9/2025,12:00,479.2
7/9/2025,12:15,467.2
7/9/2025,12:30,473.6
7/9/2025,12:45,458.4
7/9/2025,13:00,461.6
7/9/2025,13:15,476
7/9/2025,13:30,468.8
7/9/2025,13:45,465.6
7/9/2025,14:00,456.8
7/9/2025,14:15,454.4
7/9/2025,14:30,445.6
7/9/2025,14:45,465.6
7/9/2025,15:00,468
7/9/2025,15:15,451.2
7/9/2025,15:30,465.6
7/9/2025,15:45,452
7/9/2025,16:00,455.2
7/9/2025,16:15,448.8
7/9/2025,16:30,454.4
7/9/2025,16:45,453.6
7/9/2025,17:00,462.4
7/9/2025,17:15,407.2
7/9/2025,17:30,381.6
7/9/2025,17:45,374.4
7/9/2025,18:00,394.4
7/9/2025,18:15,356.8
7/9/2025,18:30,372.8
7/9/2025,18:45,360.8
7/9/2025,19:00,396.8
7/9/2025,19:15,386.4
7/9/2025,19:30,372
7/9/2025,19:45,385.6
7/9/2025,20:00,407.2
7/9/2025,20:15,407.2
7/9/2025,20:30,392
7/9/2025,20:45,392
7/9/2025,21:00,392
7/9/2025,21:15,388.8
7/9/2025,21:30,388
7/9/2025,21:45,378.4
7/9/2025,22:00,362.4
7/9/2025,22:15,362.4
7/9/2025,22:30,351.2
7/9/2025,22:45,340.8
7/9/2025,23:00,332.8
7/9/2025,23:15,361.6
7/9/2025,23:30,357.6
7/9/2025,23:45,332
7/10/2025,0:00,350.4
7/10/2025,0:15,340.8
7/10/2025,0:30,345.6
7/10/2025,0:45,362.4
7/10/2025,1:00,355.2
7/10/2025,1:15,380.8
7/10/2025,1:30,336.8
7/10/2025,1:45,336.8
7/10/2025,2:00,346.4
7/10/2025,2:15,336.8
7/10/2025,2:30,308.8
7/10/2025,2:45,322.4
7/10/2025,3:00,310.4
7/10/2025,3:15,300.8
7/10/2025,3:30,300
7/10/2025,3:45,308
7/10/2025,4:00,309.6
7/10/2025,4:15,313.6
7/10/2025,4:30,304
7/10/2025,4:45,308.8
7/10/2025,5:00,300
7/10/2025,5:15,336.8
7/10/2025,5:30,343.2
7/10/2025,5:45,367.2
7/10/2025,6:00,371.2
7/10/2025,6:15,345.6
7/10/2025,6:30,356.8
7/10/2025,6:45,351.2
7/10/2025,7:00,308.8
7/10/2025,7:15,320
7/10/2025,7:30,330.4
7/10/2025,7:45,341.6
7/10/2025,8:00,333.6
7/10/2025,8:15,380.8
7/10/2025,8:30,394.4
7/10/2025,8:45,408
7/10/2025,9:00,408
7/10/2025,9:15,416
7/10/2025,9:30,424
7/10/2025,9:45,412
7/10/2025,10:00,424.8
7/10/2025,10:15,416
7/10/2025,10:30,412.8
7/10/2025,10:45,412
7/10/2025,11:00,415.2
7/10/2025,11:15,415.2
7/10/2025,11:30,400
7/10/2025,11:45,410.4
7/10/2025,12:00,388
7/10/2025,12:15,383.2
7/10/2025,12:30,395.2
7/10/2025,12:45,382.4
7/10/2025,13:00,388.8
7/10/2025,13:15,390.4
7/10/2025,13:30,381.6
7/10/2025,13:45,385.6
7/10/2025,14:00,385.6
7/10/2025,14:15,376
7/10/2025,14:30,381.6
7/10/2025,14:45,381.6
7/10/2025,15:00,389.6
7/10/2025,15:15,373.6
7/10/2025,15:30,384.8
7/10/2025,15:45,402.4
7/10/2025,16:00,393.6
7/10/2025,16:15,412
7/10/2025,16:30,404
7/10/2025,16:45,392
7/10/2025,17:00,379.2
7/10/2025,17:15,378.4
7/10/2025,17:30,382.4
7/10/2025,17:45,389.6
7/10/2025,18:00,354.4
7/10/2025,18:15,355.2
7/10/2025,18:30,372.8
7/10/2025,18:45,381.6
7/10/2025,19:00,356.8
7/10/2025,19:15,366.4
7/10/2025,19:30,361.6
7/10/2025,19:45,364
7/10/2025,20:00,351.2
7/10/2025,20:15,365.6
7/10/2025,20:30,352
7/10/2025,20:45,336
7/10/2025,21:00,340.8
7/10/2025,21:15,337.6
7/10/2025,21:30,328
7/10/2025,21:45,256
7/10/2025,22:00,283.2
7/10/2025,22:15,265.6
7/10/2025,22:30,316
7/10/2025,22:45,309.6
7/10/2025,23:00,335.2
7/10/2025,23:15,320.8
7/10/2025,23:30,312.8
7/10/2025,23:45,313.6
7/11/2025,0:00,308
7/11/2025,0:15,302.4
7/11/2025,0:30,311.2
7/11/2025,0:45,308.8
7/11/2025,1:00,255.2
7/11/2025,1:15,256
7/11/2025,1:30,246.4
7/11/2025,1:45,313.6
7/11/2025,2:00,319.2
7/11/2025,2:15,314.4
7/11/2025,2:30,302.4
7/11/2025,2:45,321.6
7/11/2025,3:00,301.6
7/11/2025,3:15,244.8
7/11/2025,3:30,246.4
7/11/2025,3:45,249.6
7/11/2025,4:00,248.8
7/11/2025,4:15,308.8
7/11/2025,4:30,296
7/11/2025,4:45,303.2
7/11/2025,5:00,308.8
7/11/2025,5:15,263.2
7/11/2025,5:30,282.4
7/11/2025,5:45,260
7/11/2025,6:00,280.8
7/11/2025,6:15,315.2
7/11/2025,6:30,316.8
7/11/2025,6:45,316
7/11/2025,7:00,329.6
7/11/2025,7:15,324.8
7/11/2025,7:30,349.6
7/11/2025,7:45,336.8
7/11/2025,8:00,351.2
7/11/2025,8:15,363.2
7/11/2025,8:30,357.6
7/11/2025,8:45,384
7/11/2025,9:00,405.6
7/11/2025,9:15,395.2
7/11/2025,9:30,387.2
7/11/2025,9:45,392
7/11/2025,10:00,408
7/11/2025,10:15,394.4
7/11/2025,10:30,377.6
7/11/2025,10:45,436.8
7/11/2025,11:00,415.2
7/11/2025,11:15,396
7/11/2025,11:30,390.4
7/11/2025,11:45,397.6
7/11/2025,12:00,392.8
7/11/2025,12:15,408.8
7/11/2025,12:30,388
7/11/2025,12:45,382.4
7/11/2025,13:00,385.6
7/11/2025,13:15,391.2
7/11/2025,13:30,377.6
7/11/2025,13:45,386.4
7/11/2025,14:00,368.8
7/11/2025,14:15,367.2
7/11/2025,14:30,403.2
7/11/2025,14:45,399.2
7/11/2025,15:00,417.6
7/11/2025,15:15,407.2
7/11/2025,15:30,386.4
7/11/2025,15:45,373.6
7/11/2025,16:00,380.8
7/11/2025,16:15,416
7/11/2025,16:30,416.8
7/11/2025,16:45,430.4
7/11/2025,17:00,403.2
7/11/2025,17:15,383.2
7/11/2025,17:30,370.4
7/11/2025,17:45,371.2
7/11/2025,18:00,362.4
7/11/2025,18:15,362.4
7/11/2025,18:30,333.6
7/11/2025,18:45,342.4
7/11/2025,19:00,346.4
7/11/2025,19:15,344
7/11/2025,19:30,344
7/11/2025,19:45,336.8
7/11/2025,20:00,323.2
7/11/2025,20:15,328
7/11/2025,20:30,329.6
7/11/2025,20:45,318.4
7/11/2025,21:00,320
7/11/2025,21:15,332.8
7/11/2025,21:30,324.8
7/11/2025,21:45,319.2
7/11/2025,22:00,330.4
7/11/2025,22:15,328
7/11/2025,22:30,248
7/11/2025,22:45,265.6
7/11/2025,23:00,322.4
7/11/2025,23:15,310.4
7/11/2025,23:30,335.2
7/11/2025,23:45,318.4
7/12/2025,0:00,308
7/12/2025,0:15,322.4
7/12/2025,0:30,329.6
7/12/2025,0:45,254.4
7/12/2025,1:00,244.8
7/12/2025,1:15,259.2
7/12/2025,1:30,329.6
7/12/2025,1:45,316.8
7/12/2025,2:00,320
7/12/2025,2:15,317.6
7/12/2025,2:30,324.8
7/12/2025,2:45,249.6
7/12/2025,3:00,252.8
7/12/2025,3:15,252
7/12/2025,3:30,315.2
7/12/2025,3:45,310.4
7/12/2025,4:00,320
7/12/2025,4:15,315.2
7/12/2025,4:30,308
7/12/2025,4:45,247.2
7/12/2025,5:00,256
7/12/2025,5:15,292.8
7/12/2025,5:30,326.4
7/12/2025,5:45,337.6
7/12/2025,6:00,321.6
7/12/2025,6:15,313.6
7/12/2025,6:30,267.2
7/12/2025,6:45,283.2
7/12/2025,7:00,333.6
7/12/2025,7:15,334.4
7/12/2025,7:30,349.6
7/12/2025,7:45,330.4
7/12/2025,8:00,361.6
7/12/2025,8:15,381.6
7/12/2025,8:30,380
7/12/2025,8:45,364.8
7/12/2025,9:00,388.8
7/12/2025,9:15,391.2
7/12/2025,9:30,381.6
7/12/2025,9:45,378.4
7/12/2025,10:00,371.2
7/12/2025,10:15,368
7/12/2025,10:30,390.4
7/12/2025,10:45,393.6
7/12/2025,11:00,388
7/12/2025,11:15,368.8
7/12/2025,11:30,368.8
7/12/2025,11:45,374.4
7/12/2025,12:00,360.8
7/12/2025,12:15,367.2
7/12/2025,12:30,360.8
7/12/2025,12:45,351.2
7/12/2025,13:00,360.8
7/12/2025,13:15,348.8
7/12/2025,13:30,337.6
7/12/2025,13:45,416.8
7/12/2025,14:00,420
7/12/2025,14:15,411.2
7/12/2025,14:30,422.4
7/12/2025,14:45,411.2
7/12/2025,15:00,404
7/12/2025,15:15,417.6
7/12/2025,15:30,380.8
7/12/2025,15:45,392
7/12/2025,16:00,406.4
7/12/2025,16:15,402.4
7/12/2025,16:30,385.6
7/12/2025,16:45,378.4
7/12/2025,17:00,390.4
7/12/2025,17:15,388
7/12/2025,17:30,412
7/12/2025,17:45,361.6
7/12/2025,18:00,358.4
7/12/2025,18:15,373.6
7/12/2025,18:30,352
7/12/2025,18:45,365.6
7/12/2025,19:00,397.6
7/12/2025,19:15,370.4
7/12/2025,19:30,364
7/12/2025,19:45,362.4
7/12/2025,20:00,371.2
7/12/2025,20:15,358.4
7/12/2025,20:30,358.4
7/12/2025,20:45,334.4
7/12/2025,21:00,331.2
7/12/2025,21:15,335.2
7/12/2025,21:30,272.8
7/12/2025,21:45,286.4
7/12/2025,22:00,280
7/12/2025,22:15,334.4
7/12/2025,22:30,313.6
7/12/2025,22:45,308
7/12/2025,23:00,312
7/12/2025,23:15,311.2
7/12/2025,23:30,267.2
7/12/2025,23:45,251.2
7/13/2025,0:00,256.8
7/13/2025,0:15,245.6
7/13/2025,0:30,251.2
7/13/2025,0:45,248
7/13/2025,1:00,304
7/13/2025,1:15,313.6
7/13/2025,1:30,306.4
7/13/2025,1:45,303.2
7/13/2025,2:00,243.2
7/13/2025,2:15,262.4
7/13/2025,2:30,246.4
7/13/2025,2:45,255.2
7/13/2025,3:00,252.8
7/13/2025,3:15,236
7/13/2025,3:30,249.6
7/13/2025,3:45,245.6
7/13/2025,4:00,332
7/13/2025,4:15,300.8
7/13/2025,4:30,299.2
7/13/2025,4:45,235.2
7/13/2025,5:00,243.2
7/13/2025,5:15,259.2
7/13/2025,5:30,258.4
7/13/2025,5:45,266.4
7/13/2025,6:00,270.4
7/13/2025,6:15,245.6
7/13/2025,6:30,260
7/13/2025,6:45,318.4
7/13/2025,7:00,331.2
7/13/2025,7:15,338.4
7/13/2025,7:30,344
7/13/2025,7:45,336
7/13/2025,8:00,360.8
7/13/2025,8:15,371.2
7/13/2025,8:30,362.4
7/13/2025,8:45,400.8
7/13/2025,9:00,377.6
7/13/2025,9:15,387.2
7/13/2025,9:30,397.6
7/13/2025,9:45,388
7/13/2025,10:00,419.2
7/13/2025,10:15,403.2
7/13/2025,10:30,406.4
7/13/2025,10:45,387.2
7/13/2025,11:00,386.4
7/13/2025,11:15,389.6
7/13/2025,11:30,388.8
7/13/2025,11:45,378.4
7/13/2025,12:00,389.6
7/13/2025,12:15,380.8
7/13/2025,12:30,368
7/13/2025,12:45,379.2
7/13/2025,13:00,388
7/13/2025,13:15,377.6
7/13/2025,13:30,373.6
7/13/2025,13:45,371.2
7/13/2025,14:00,367.2
7/13/2025,14:15,390.4
7/13/2025,14:30,393.6
7/13/2025,14:45,412.8
7/13/2025,15:00,389.6
7/13/2025,15:15,392.8
7/13/2025,15:30,380
7/13/2025,15:45,418.4
7/13/2025,16:00,397.6
7/13/2025,16:15,400
7/13/2025,16:30,416.8
7/13/2025,16:45,390.4
7/13/2025,17:00,370.4
7/13/2025,17:15,358.4
7/13/2025,17:30,369.6
7/13/2025,17:45,350.4
7/13/2025,18:00,364.8
7/13/2025,18:15,385.6
7/13/2025,18:30,340
7/13/2025,18:45,355.2
7/13/2025,19:00,362.4
7/13/2025,19:15,356
7/13/2025,19:30,328.8
7/13/2025,19:45,331.2
7/13/2025,20:00,278.4
7/13/2025,20:15,265.6
7/13/2025,20:30,264.8
7/13/2025,20:45,273.6
7/13/2025,21:00,269.6
7/13/2025,21:15,282.4
7/13/2025,21:30,264.8
7/13/2025,21:45,292
7/13/2025,22:00,321.6
7/13/2025,22:15,325.6
7/13/2025,22:30,308.8
7/13/2025,22:45,275.2
7/13/2025,23:00,253.6
7/13/2025,23:15,245.6
7/13/2025,23:30,252
7/13/2025,23:45,244.8
7/14/2025,0:00,249.6
7/14/2025,0:15,241.6
7/14/2025,0:30,245.6
7/14/2025,0:45,268.8
7/14/2025,1:00,253.6
7/14/2025,1:15,263.2
7/14/2025,1:30,256
7/14/2025,1:45,250.4
7/14/2025,2:00,239.2
7/14/2025,2:15,241.6
7/14/2025,2:30,239.2
7/14/2025,2:45,236
7/14/2025,3:00,242.4
7/14/2025,3:15,239.2
7/14/2025,3:30,256
7/14/2025,3:45,247.2
7/14/2025,4:00,240.8
7/14/2025,4:15,255.2
7/14/2025,4:30,243.2
7/14/2025,4:45,235.2
7/14/2025,5:00,256
7/14/2025,5:15,248
7/14/2025,5:30,258.4
7/14/2025,5:45,256
7/14/2025,6:00,271.2
7/14/2025,6:15,256.8
7/14/2025,6:30,322.4
7/14/2025,6:45,342.4
7/14/2025,7:00,320.8
7/14/2025,7:15,336
7/14/2025,7:30,324
7/14/2025,7:45,290.4
7/14/2025,8:00,308
7/14/2025,8:15,360.8
7/14/2025,8:30,384.8
7/14/2025,8:45,370.4
7/14/2025,9:00,386.4
7/14/2025,9:15,372
7/14/2025,9:30,412
7/14/2025,9:45,422.4
7/14/2025,10:00,407.2
7/14/2025,10:15,423.2
7/14/2025,10:30,428
7/14/2025,10:45,424.8
7/14/2025,11:00,398.4
7/14/2025,11:15,397.6
7/14/2025,11:30,430.4
7/14/2025,11:45,405.6
7/14/2025,12:00,402.4
7/14/2025,12:15,387.2
7/14/2025,12:30,396.8
7/14/2025,12:45,393.6
7/14/2025,13:00,380.8
7/14/2025,13:15,398.4
7/14/2025,13:30,381.6
7/14/2025,13:45,381.6
7/14/2025,14:00,393.6
7/14/2025,14:15,413.6
7/14/2025,14:30,409.6
7/14/2025,14:45,419.2
7/14/2025,15:00,391.2
7/14/2025,15:15,389.6
7/14/2025,15:30,392
7/14/2025,15:45,404.8
7/14/2025,16:00,431.2
7/14/2025,16:15,410.4
7/14/2025,16:30,389.6
7/14/2025,16:45,397.6
7/14/2025,17:00,380.8
7/14/2025,17:15,370.4
7/14/2025,17:30,369.6
7/14/2025,17:45,366.4
7/14/2025,18:00,372
7/14/2025,18:15,360.8
7/14/2025,18:30,372.8
7/14/2025,18:45,364
7/14/2025,19:00,378.4
7/14/2025,19:15,352.8
7/14/2025,19:30,365.6
7/14/2025,19:45,368
7/14/2025,20:00,351.2
7/14/2025,20:15,324.8
7/14/2025,20:30,282.4
7/14/2025,20:45,267.2
7/14/2025,21:00,266.4
7/14/2025,21:15,277.6
7/14/2025,21:30,268.8
7/14/2025,21:45,285.6
7/14/2025,22:00,261.6
7/14/2025,22:15,273.6
7/14/2025,22:30,268.8
7/14/2025,22:45,252
7/14/2025,23:00,257.6
7/14/2025,23:15,248.8
7/14/2025,23:30,256
7/14/2025,23:45,264
7/15/2025,0:00,245.6
7/15/2025,0:15,255.2
7/15/2025,0:30,245.6
7/15/2025,0:45,304.8
7/15/2025,1:00,297.6
7/15/2025,1:15,247.2
7/15/2025,1:30,249.6
7/15/2025,1:45,241.6
7/15/2025,2:00,254.4
7/15/2025,2:15,259.2
7/15/2025,2:30,251.2
7/15/2025,2:45,241.6
7/15/2025,3:00,240.8
7/15/2025,3:15,234.4
7/15/2025,3:30,246.4
7/15/2025,3:45,256.8
7/15/2025,4:00,241.6
7/15/2025,4:15,248
7/15/2025,4:30,240
7/15/2025,4:45,250.4
7/15/2025,5:00,247.2
7/15/2025,5:15,267.2
7/15/2025,5:30,265.6
7/15/2025,5:45,260
7/15/2025,6:00,274.4
7/15/2025,6:15,256.8
7/15/2025,6:30,257.6
7/15/2025,6:45,268.8
7/15/2025,7:00,264
7/15/2025,7:15,276.8
7/15/2025,7:30,316
7/15/2025,7:45,336
7/15/2025,8:00,372
7/15/2025,8:15,365.6
7/15/2025,8:30,371.2
7/15/2025,8:45,401.6
7/15/2025,9:00,427.2
7/15/2025,9:15,437.6
7/15/2025,9:30,434.4
7/15/2025,9:45,456
7/15/2025,10:00,424.8
7/15/2025,10:15,413.6
7/15/2025,10:30,412
7/15/2025,10:45,443.2
7/15/2025,11:00,420.8
7/15/2025,11:15,429.6
7/15/2025,11:30,414.4
7/15/2025,11:45,456
7/15/2025,12:00,422.4
7/15/2025,12:15,401.6
7/15/2025,12:30,408.8
7/15/2025,12:45,410.4
7/15/2025,13:00,399.2
7/15/2025,13:15,422.4
7/15/2025,13:30,390.4
7/15/2025,13:45,400
7/15/2025,14:00,388.8
7/15/2025,14:15,408
7/15/2025,14:30,385.6
7/15/2025,14:45,402.4
7/15/2025,15:00,428.8
7/15/2025,15:15,412
7/15/2025,15:30,399.2
7/15/2025,15:45,408.8
7/15/2025,16:00,394.4
7/15/2025,16:15,421.6
7/15/2025,16:30,435.2
7/15/2025,16:45,404.8
7/15/2025,17:00,372.8
7/15/2025,17:15,377.6
7/15/2025,17:30,369.6
7/15/2025,17:45,377.6
7/15/2025,18:00,361.6
7/15/2025,18:15,404.8
7/15/2025,18:30,364
7/15/2025,18:45,371.2
7/15/2025,19:00,371.2
7/15/2025,19:15,376.8
7/15/2025,19:30,370.4
7/15/2025,19:45,372.8
7/15/2025,20:00,352.8
7/15/2025,20:15,375.2
7/15/2025,20:30,340.8
7/15/2025,20:45,349.6
7/15/2025,21:00,268
7/15/2025,21:15,269.6
7/15/2025,21:30,264
7/15/2025,21:45,271.2
7/15/2025,22:00,294.4
7/15/2025,22:15,320
7/15/2025,22:30,305.6
7/15/2025,22:45,316.8
7/15/2025,23:00,321.6
7/15/2025,23:15,311.2
7/15/2025,23:30,309.6
7/15/2025,23:45,247.2
7/16/2025,0:00,271.2
7/16/2025,0:15,256.8
7/16/2025,0:30,267.2
7/16/2025,0:45,247.2
7/16/2025,1:00,299.2
7/16/2025,1:15,324.8
7/16/2025,1:30,314.4
7/16/2025,1:45,309.6
7/16/2025,2:00,304.8
7/16/2025,2:15,245.6
7/16/2025,2:30,272
7/16/2025,2:45,250.4
7/16/2025,3:00,253.6
7/16/2025,3:15,248
7/16/2025,3:30,245.6
7/16/2025,3:45,250.4
7/16/2025,4:00,250.4
7/16/2025,4:15,260
7/16/2025,4:30,321.6
7/16/2025,4:45,317.6
7/16/2025,5:00,311.2
7/16/2025,5:15,265.6
7/16/2025,5:30,268.8
7/16/2025,5:45,281.6
7/16/2025,6:00,259.2
7/16/2025,6:15,252
7/16/2025,6:30,254.4
7/16/2025,6:45,278.4
7/16/2025,7:00,352
7/16/2025,7:15,349.6
7/16/2025,7:30,355.2
7/16/2025,7:45,352
7/16/2025,8:00,447.2
7/16/2025,8:15,414.4
7/16/2025,8:30,435.2
7/16/2025,8:45,477.6
7/16/2025,9:00,472
7/16/2025,9:15,484.8
7/16/2025,9:30,456
7/16/2025,9:45,440
7/16/2025,10:00,425.6
7/16/2025,10:15,429.6
7/16/2025,10:30,448
7/16/2025,10:45,455.2
7/16/2025,11:00,433.6
7/16/2025,11:15,435.2
7/16/2025,11:30,447.2
7/16/2025,11:45,479.2
7/16/2025,12:00,469.6
7/16/2025,12:15,444
7/16/2025,12:30,458.4
7/16/2025,12:45,461.6
7/16/2025,13:00,467.2
7/16/2025,13:15,432
7/16/2025,13:30,416
7/16/2025,13:45,408.8
7/16/2025,14:00,419.2
7/16/2025,14:15,426.4
7/16/2025,14:30,444
7/16/2025,14:45,429.6
7/16/2025,15:00,435.2
7/16/2025,15:15,432
7/16/2025,15:30,460
7/16/2025,15:45,438.4
7/16/2025,16:00,426.4
7/16/2025,16:15,460.8
7/16/2025,16:30,428.8
7/16/2025,16:45,430.4
7/16/2025,17:00,403.2
7/16/2025,17:15,439.2
7/16/2025,17:30,415.2
7/16/2025,17:45,394.4
7/16/2025,18:00,399.2
7/16/2025,18:15,407.2
7/16/2025,18:30,378.4
7/16/2025,18:45,382.4
7/16/2025,19:00,382.4
7/16/2025,19:15,395.2
7/16/2025,19:30,382.4
7/16/2025,19:45,378.4
7/16/2025,20:00,385.6
7/16/2025,20:15,384
7/16/2025,20:30,400.8
7/16/2025,20:45,376.8
7/16/2025,21:00,390.4
7/16/2025,21:15,400
7/16/2025,21:30,374.4
7/16/2025,21:45,372.8
7/16/2025,22:00,378.4
7/16/2025,22:15,364.8
7/16/2025,22:30,356
7/16/2025,22:45,371.2
7/16/2025,23:00,377.6
7/16/2025,23:15,357.6
7/16/2025,23:30,352
7/16/2025,23:45,362.4
7/17/2025,0:00,350.4
7/17/2025,0:15,366.4
7/17/2025,0:30,344
7/17/2025,0:45,340
7/17/2025,1:00,344.8
7/17/2025,1:15,340
7/17/2025,1:30,368.8
7/17/2025,1:45,362.4
7/17/2025,2:00,343.2
7/17/2025,2:15,311.2
7/17/2025,2:30,316
7/17/2025,2:45,320.8
7/17/2025,3:00,307.2
7/17/2025,3:15,332.8
7/17/2025,3:30,311.2
7/17/2025,3:45,308.8
7/17/2025,4:00,303.2
7/17/2025,4:15,321.6
7/17/2025,4:30,295.2
7/17/2025,4:45,303.2
7/17/2025,5:00,315.2
7/17/2025,5:15,311.2
7/17/2025,5:30,338.4
7/17/2025,5:45,351.2
7/17/2025,6:00,274.4
7/17/2025,6:15,286.4
7/17/2025,6:30,256.8
7/17/2025,6:45,348.8
7/17/2025,7:00,336.8
7/17/2025,7:15,325.6
7/17/2025,7:30,322.4
7/17/2025,7:45,343.2
7/17/2025,8:00,361.6
7/17/2025,8:15,386.4
7/17/2025,8:30,388
7/17/2025,8:45,408
7/17/2025,9:00,400
7/17/2025,9:15,426.4
7/17/2025,9:30,412.8
7/17/2025,9:45,418.4
7/17/2025,10:00,415.2
7/17/2025,10:15,413.6
7/17/2025,10:30,426.4
7/17/2025,10:45,432.8
7/17/2025,11:00,442.4
7/17/2025,11:15,432.8
7/17/2025,11:30,444
7/17/2025,11:45,419.2
7/17/2025,12:00,422.4
7/17/2025,12:15,417.6
7/17/2025,12:30,387.2
7/17/2025,12:45,385.6
7/17/2025,13:00,403.2
7/17/2025,13:15,426.4
7/17/2025,13:30,416
7/17/2025,13:45,407.2
7/17/2025,14:00,391.2
7/17/2025,14:15,414.4
7/17/2025,14:30,398.4
7/17/2025,14:45,399.2
7/17/2025,15:00,394.4
7/17/2025,15:15,408
7/17/2025,15:30,405.6
7/17/2025,15:45,399.2
7/17/2025,16:00,417.6
7/17/2025,16:15,425.6
7/17/2025,16:30,396.8
7/17/2025,16:45,407.2
7/17/2025,17:00,414.4
7/17/2025,17:15,396.8
7/17/2025,17:30,403.2
7/17/2025,17:45,374.4
7/17/2025,18:00,400.8
7/17/2025,18:15,370.4
7/17/2025,18:30,356
7/17/2025,18:45,360
7/17/2025,19:00,365.6
7/17/2025,19:15,369.6
7/17/2025,19:30,370.4
7/17/2025,19:45,385.6
7/17/2025,20:00,364.8
7/17/2025,20:15,362.4
7/17/2025,20:30,372
7/17/2025,20:45,362.4
7/17/2025,21:00,387.2
7/17/2025,21:15,360
7/17/2025,21:30,361.6
7/17/2025,21:45,368
7/17/2025,22:00,375.2
7/17/2025,22:15,391.2
7/17/2025,22:30,350.4
7/17/2025,22:45,340
7/17/2025,23:00,331.2
7/17/2025,23:15,330.4
7/17/2025,23:30,317.6
7/17/2025,23:45,312
7/18/2025,0:00,315.2
7/18/2025,0:15,319.2
7/18/2025,0:30,322.4
7/18/2025,0:45,326.4
7/18/2025,1:00,260.8
7/18/2025,1:15,240
7/18/2025,1:30,251.2
7/18/2025,1:45,312.8
7/18/2025,2:00,311.2
7/18/2025,2:15,312.8
7/18/2025,2:30,300
7/18/2025,2:45,308.8
7/18/2025,3:00,308.8
7/18/2025,3:15,257.6
7/18/2025,3:30,245.6
7/18/2025,3:45,252.8
7/18/2025,4:00,267.2
7/18/2025,4:15,315.2
7/18/2025,4:30,325.6
7/18/2025,4:45,336
7/18/2025,5:00,298.4
7/18/2025,5:15,325.6
7/18/2025,5:30,344
7/18/2025,5:45,292
7/18/2025,6:00,284
7/18/2025,6:15,264
7/18/2025,6:30,336
7/18/2025,6:45,320.8
7/18/2025,7:00,345.6
7/18/2025,7:15,338.4
7/18/2025,7:30,343.2
7/18/2025,7:45,360
7/18/2025,8:00,391.2
7/18/2025,8:15,412.8
7/18/2025,8:30,392.8
7/18/2025,8:45,408.8
7/18/2025,9:00,414.4
7/18/2025,9:15,437.6
7/18/2025,9:30,428.8
7/18/2025,9:45,429.6
7/18/2025,10:00,423.2
7/18/2025,10:15,422.4
7/18/2025,10:30,421.6
7/18/2025,10:45,418.4
7/18/2025,11:00,452.8
7/18/2025,11:15,416
7/18/2025,11:30,414.4
7/18/2025,11:45,415.2
7/18/2025,12:00,432.8
7/18/2025,12:15,406.4
7/18/2025,12:30,406.4
7/18/2025,12:45,411.2
7/18/2025,13:00,432
7/18/2025,13:15,389.6
7/18/2025,13:30,400.8
7/18/2025,13:45,398.4
7/18/2025,14:00,406.4
7/18/2025,14:15,401.6
7/18/2025,14:30,415.2
7/18/2025,14:45,415.2
7/18/2025,15:00,396
7/18/2025,15:15,400.8
7/18/2025,15:30,428
7/18/2025,15:45,431.2
7/18/2025,16:00,420.8
7/18/2025,16:15,412
7/18/2025,16:30,406.4
7/18/2025,16:45,420
7/18/2025,17:00,382.4
7/18/2025,17:15,386.4
7/18/2025,17:30,364
7/18/2025,17:45,387.2
7/18/2025,18:00,365.6
7/18/2025,18:15,360.8
7/18/2025,18:30,361.6
7/18/2025,18:45,350.4
7/18/2025,19:00,372
7/18/2025,19:15,361.6
7/18/2025,19:30,372.8
7/18/2025,19:45,364
7/18/2025,20:00,379.2
7/18/2025,20:15,388
7/18/2025,20:30,364
7/18/2025,20:45,356.8
7/18/2025,21:00,372.8
7/18/2025,21:15,368
7/18/2025,21:30,358.4
7/18/2025,21:45,369.6
7/18/2025,22:00,393.6
7/18/2025,22:15,368
7/18/2025,22:30,351.2
7/18/2025,22:45,363.2
7/18/2025,23:00,364
7/18/2025,23:15,357.6
7/18/2025,23:30,354.4
7/18/2025,23:45,356
7/19/2025,0:00,349.6
7/19/2025,0:15,348
7/19/2025,0:30,356.8
7/19/2025,0:45,356
7/19/2025,1:00,336
7/19/2025,1:15,340.8
7/19/2025,1:30,331.2
7/19/2025,1:45,324.8
7/19/2025,2:00,344
7/19/2025,2:15,334.4
7/19/2025,2:30,328.8
7/19/2025,2:45,324.8
7/19/2025,3:00,334.4
7/19/2025,3:15,328
7/19/2025,3:30,340
7/19/2025,3:45,327.2
7/19/2025,4:00,336
7/19/2025,4:15,332.8
7/19/2025,4:30,328.8
7/19/2025,4:45,337.6
7/19/2025,5:00,322.4
7/19/2025,5:15,314.4
7/19/2025,5:30,333.6
7/19/2025,5:45,325.6
7/19/2025,6:00,321.6
7/19/2025,6:15,343.2
7/19/2025,6:30,331.2
7/19/2025,6:45,340
7/19/2025,7:00,337.6
7/19/2025,7:15,352.8
7/19/2025,7:30,360
7/19/2025,7:45,365.6
7/19/2025,8:00,377.6
7/19/2025,8:15,403.2
7/19/2025,8:30,414.4
7/19/2025,8:45,437.6
7/19/2025,9:00,436
7/19/2025,9:15,440
7/19/2025,9:30,433.6
7/19/2025,9:45,418.4
7/19/2025,10:00,428
7/19/2025,10:15,429.6
7/19/2025,10:30,395.2
7/19/2025,10:45,428.8
7/19/2025,11:00,426.4
7/19/2025,11:15,433.6
7/19/2025,11:30,413.6
7/19/2025,11:45,420.8
7/19/2025,12:00,424
7/19/2025,12:15,416.8
7/19/2025,12:30,412
7/19/2025,12:45,389.6
7/19/2025,13:00,399.2
7/19/2025,13:15,392
7/19/2025,13:30,386.4
7/19/2025,13:45,398.4
7/19/2025,14:00,404
7/19/2025,14:15,396.8
7/19/2025,14:30,400.8
7/19/2025,14:45,419.2
7/19/2025,15:00,447.2
7/19/2025,15:15,440
7/19/2025,15:30,445.6
7/19/2025,15:45,451.2
7/19/2025,16:00,424
7/19/2025,16:15,451.2
7/19/2025,16:30,416
7/19/2025,16:45,403.2
7/19/2025,17:00,395.2
7/19/2025,17:15,389.6
7/19/2025,17:30,396
7/19/2025,17:45,401.6
7/19/2025,18:00,356
7/19/2025,18:15,380
7/19/2025,18:30,372.8
7/19/2025,18:45,346.4
7/19/2025,19:00,379.2
7/19/2025,19:15,392
7/19/2025,19:30,376
7/19/2025,19:45,363.2
7/19/2025,20:00,364.8
7/19/2025,20:15,371.2
7/19/2025,20:30,371.2
7/19/2025,20:45,368.8
7/19/2025,21:00,356.8
7/19/2025,21:15,377.6
7/19/2025,21:30,381.6
7/19/2025,21:45,368
7/19/2025,22:00,377.6
7/19/2025,22:15,384
7/19/2025,22:30,346.4
7/19/2025,22:45,352.8
7/19/2025,23:00,364
7/19/2025,23:15,352.8
7/19/2025,23:30,352.8
7/19/2025,23:45,356.8
7/20/2025,0:00,365.6
7/20/2025,0:15,342.4
7/20/2025,0:30,336
7/20/2025,0:45,331.2
7/20/2025,1:00,311.2
7/20/2025,1:15,322.4
7/20/2025,1:30,333.6
7/20/2025,1:45,304.8
7/20/2025,2:00,304.8
7/20/2025,2:15,239.2
7/20/2025,2:30,244.8
7/20/2025,2:45,237.6
7/20/2025,3:00,311.2
7/20/2025,3:15,318.4
7/20/2025,3:30,311.2
7/20/2025,3:45,311.2
7/20/2025,4:00,312
7/20/2025,4:15,314.4
7/20/2025,4:30,314.4
7/20/2025,4:45,329.6
7/20/2025,5:00,322.4
7/20/2025,5:15,311.2
7/20/2025,5:30,335.2
7/20/2025,5:45,342.4
7/20/2025,6:00,325.6
7/20/2025,6:15,324
7/20/2025,6:30,337.6
7/20/2025,6:45,336.8
7/20/2025,7:00,320
7/20/2025,7:15,329.6
7/20/2025,7:30,364
7/20/2025,7:45,360.8
7/20/2025,8:00,376.8
7/20/2025,8:15,405.6
7/20/2025,8:30,412
7/20/2025,8:45,439.2
7/20/2025,9:00,449.6
7/20/2025,9:15,468.8
7/20/2025,9:30,475.2
7/20/2025,9:45,450.4
7/20/2025,10:00,440.8
7/20/2025,10:15,435.2
7/20/2025,10:30,449.6
7/20/2025,10:45,439.2
7/20/2025,11:00,452.8
7/20/2025,11:15,426.4
7/20/2025,11:30,417.6
7/20/2025,11:45,428.8
7/20/2025,12:00,432.8
7/20/2025,12:15,404.8
7/20/2025,12:30,408
7/20/2025,12:45,416
7/20/2025,13:00,431.2
7/20/2025,13:15,421.6
7/20/2025,13:30,436
7/20/2025,13:45,416
7/20/2025,14:00,420.8
7/20/2025,14:15,420
7/20/2025,14:30,400.8
7/20/2025,14:45,448
7/20/2025,15:00,432.8
7/20/2025,15:15,449.6
7/20/2025,15:30,445.6
7/20/2025,15:45,435.2
7/20/2025,16:00,456
7/20/2025,16:15,444
7/20/2025,16:30,417.6
7/20/2025,16:45,402.4
7/20/2025,17:00,422.4
7/20/2025,17:15,403.2
7/20/2025,17:30,377.6
7/20/2025,17:45,364.8
7/20/2025,18:00,381.6
7/20/2025,18:15,384.8
7/20/2025,18:30,380.8
7/20/2025,18:45,370.4
7/20/2025,19:00,371.2
7/20/2025,19:15,402.4
7/20/2025,19:30,384
7/20/2025,19:45,378.4
7/20/2025,20:00,373.6
7/20/2025,20:15,391.2
7/20/2025,20:30,392
7/20/2025,20:45,389.6
7/20/2025,21:00,379.2
7/20/2025,21:15,380
7/20/2025,21:30,371.2
7/20/2025,21:45,362.4
7/20/2025,22:00,376
7/20/2025,22:15,384.8
7/20/2025,22:30,352.8
7/20/2025,22:45,348.8
7/20/2025,23:00,340.8
7/20/2025,23:15,352
7/20/2025,23:30,359.2
7/20/2025,23:45,348.8
7/21/2025,0:00,354.4
7/21/2025,0:15,346.4
7/21/2025,0:30,348.8
7/21/2025,0:45,347.2
7/21/2025,1:00,356
7/21/2025,1:15,344
7/21/2025,1:30,343.2
7/21/2025,1:45,341.6
7/21/2025,2:00,359.2
7/21/2025,2:15,332
7/21/2025,2:30,324.8
7/21/2025,2:45,314.4
7/21/2025,3:00,316
7/21/2025,3:15,311.2
7/21/2025,3:30,322.4
7/21/2025,3:45,325.6
7/21/2025,4:00,314.4
7/21/2025,4:15,312.8
7/21/2025,4:30,313.6
7/21/2025,4:45,310.4
7/21/2025,5:00,308
7/21/2025,5:15,311.2
7/21/2025,5:30,332
7/21/2025,5:45,345.6
7/21/2025,6:00,348.8
7/21/2025,6:15,321.6
7/21/2025,6:30,319.2
7/21/2025,6:45,335.2
7/21/2025,7:00,330.4
7/21/2025,7:15,344.8
7/21/2025,7:30,336.8
7/21/2025,7:45,345.6
7/21/2025,8:00,404
7/21/2025,8:15,404.8
7/21/2025,8:30,416.8
7/21/2025,8:45,408.8
7/21/2025,9:00,439.2
7/21/2025,9:15,449.6
7/21/2025,9:30,465.6
7/21/2025,9:45,456.8
7/21/2025,10:00,440.8
7/21/2025,10:15,428.8
7/21/2025,10:30,416
7/21/2025,10:45,439.2
7/21/2025,11:00,450.4
7/21/2025,11:15,447.2
7/21/2025,11:30,413.6
7/21/2025,11:45,444.8
7/21/2025,12:00,416
7/21/2025,12:15,428
7/21/2025,12:30,414.4
7/21/2025,12:45,430.4
7/21/2025,13:00,396.8
7/21/2025,13:15,416.8
7/21/2025,13:30,378.4
7/21/2025,13:45,393.6
7/21/2025,14:00,390.4
7/21/2025,14:15,404.8
7/21/2025,14:30,406.4
7/21/2025,14:45,427.2
7/21/2025,15:00,424
7/21/2025,15:15,432
7/21/2025,15:30,428
7/21/2025,15:45,442.4
7/21/2025,16:00,460.8
7/21/2025,16:15,441.6
7/21/2025,16:30,419.2
7/21/2025,16:45,422.4
7/21/2025,17:00,436
7/21/2025,17:15,416
7/21/2025,17:30,398.4
7/21/2025,17:45,400.8
7/21/2025,18:00,402.4
7/21/2025,18:15,390.4
7/21/2025,18:30,382.4
7/21/2025,18:45,380
7/21/2025,19:00,392.8
7/21/2025,19:15,395.2
7/21/2025,19:30,382.4
7/21/2025,19:45,393.6
7/21/2025,20:00,405.6
7/21/2025,20:15,379.2
7/21/2025,20:30,370.4
7/21/2025,20:45,382.4
7/21/2025,21:00,382.4
7/21/2025,21:15,380.8
7/21/2025,21:30,376
7/21/2025,21:45,380.8
7/21/2025,22:00,388
7/21/2025,22:15,372
7/21/2025,22:30,363.2
7/21/2025,22:45,352
7/21/2025,23:00,344
7/21/2025,23:15,352
7/21/2025,23:30,364.8
7/21/2025,23:45,348.8
7/22/2025,0:00,349.6
7/22/2025,0:15,350.4
7/22/2025,0:30,345.6
7/22/2025,0:45,333.6
7/22/2025,1:00,333.6
7/22/2025,1:15,333.6
7/22/2025,1:30,312
7/22/2025,1:45,306.4
7/22/2025,2:00,258.4
7/22/2025,2:15,265.6
7/22/2025,2:30,249.6
7/22/2025,2:45,321.6
7/22/2025,3:00,317.6
7/22/2025,3:15,311.2
7/22/2025,3:30,304.8
7/22/2025,3:45,314.4
7/22/2025,4:00,307.2
7/22/2025,4:15,314.4
7/22/2025,4:30,326.4
7/22/2025,4:45,309.6
7/22/2025,5:00,244
7/22/2025,5:15,256
7/22/2025,5:30,288
7/22/2025,5:45,323.2
7/22/2025,6:00,315.2
7/22/2025,6:15,309.6
7/22/2025,6:30,326.4
7/22/2025,6:45,333.6
7/22/2025,7:00,314.4
7/22/2025,7:15,319.2
7/22/2025,7:30,331.2
7/22/2025,7:45,329.6
7/22/2025,8:00,348.8
7/22/2025,8:15,400.8
7/22/2025,8:30,407.2
7/22/2025,8:45,392.8
7/22/2025,9:00,431.2
7/22/2025,9:15,432.8
7/22/2025,9:30,438.4
7/22/2025,9:45,421.6
7/22/2025,10:00,456
7/22/2025,10:15,457.6
7/22/2025,10:30,453.6
7/22/2025,10:45,452
7/22/2025,11:00,437.6
7/22/2025,11:15,456.8
7/22/2025,11:30,438.4
7/22/2025,11:45,464
7/22/2025,12:00,438.4
7/22/2025,12:15,459.2
7/22/2025,12:30,424
7/22/2025,12:45,442.4
7/22/2025,13:00,426.4
7/22/2025,13:15,417.6
7/22/2025,13:30,431.2
7/22/2025,13:45,428.8
7/22/2025,14:00,419.2
7/22/2025,14:15,420
7/22/2025,14:30,447.2
7/22/2025,14:45,425.6
7/22/2025,15:00,420
7/22/2025,15:15,427.2
7/22/2025,15:30,423.2
7/22/2025,15:45,435.2
7/22/2025,16:00,426.4
7/22/2025,16:15,412
7/22/2025,16:30,421.6
7/22/2025,16:45,403.2
7/22/2025,17:00,399.2
7/22/2025,17:15,374.4
7/22/2025,17:30,396
7/22/2025,17:45,379.2
7/22/2025,18:00,376
7/22/2025,18:15,388
7/22/2025,18:30,379.2
7/22/2025,18:45,368.8
7/22/2025,19:00,395.2
7/22/2025,19:15,380
7/22/2025,19:30,396
7/22/2025,19:45,374.4
7/22/2025,20:00,376.8
7/22/2025,20:15,374.4
7/22/2025,20:30,386.4
7/22/2025,20:45,370.4
7/22/2025,21:00,369.6
7/22/2025,21:15,371.2
7/22/2025,21:30,361.6
7/22/2025,21:45,377.6
7/22/2025,22:00,371.2
7/22/2025,22:15,370.4
7/22/2025,22:30,357.6
7/22/2025,22:45,350.4
7/22/2025,23:00,357.6
7/22/2025,23:15,355.2
7/22/2025,23:30,359.2
7/22/2025,23:45,361.6
7/23/2025,0:00,344.8
7/23/2025,0:15,384
7/23/2025,0:30,365.6
7/23/2025,0:45,336.8
7/23/2025,1:00,344
7/23/2025,1:15,348
7/23/2025,1:30,351.2
7/23/2025,1:45,338.4
7/23/2025,2:00,347.2
7/23/2025,2:15,320.8
7/23/2025,2:30,312.8
7/23/2025,2:45,331.2
7/23/2025,3:00,319.2
7/23/2025,3:15,320
7/23/2025,3:30,317.6
7/23/2025,3:45,307.2
7/23/2025,4:00,334.4
7/23/2025,4:15,316
7/23/2025,4:30,312.8
7/23/2025,4:45,329.6
7/23/2025,5:00,328
7/23/2025,5:15,304
7/23/2025,5:30,313.6
7/23/2025,5:45,320
7/23/2025,6:00,309.6
7/23/2025,6:15,335.2
7/23/2025,6:30,352
7/23/2025,6:45,339.2
7/23/2025,7:00,332
7/23/2025,7:15,368.8
7/23/2025,7:30,337.6
7/23/2025,7:45,362.4
7/23/2025,8:00,422.4
7/23/2025,8:15,422.4
7/23/2025,8:30,450.4
7/23/2025,8:45,457.6
7/23/2025,9:00,444
7/23/2025,9:15,491.2
7/23/2025,9:30,497.6
7/23/2025,9:45,480.8
7/23/2025,10:00,466.4
7/23/2025,10:15,456
7/23/2025,10:30,477.6
7/23/2025,10:45,473.6
7/23/2025,11:00,454.4
7/23/2025,11:15,448.8
7/23/2025,11:30,436.8
7/23/2025,11:45,424.8
7/23/2025,12:00,450.4
7/23/2025,12:15,440
7/23/2025,12:30,432.8
7/23/2025,12:45,419.2
7/23/2025,13:00,412.8
7/23/2025,13:15,416
7/23/2025,13:30,416
7/23/2025,13:45,409.6
7/23/2025,14:00,398.4
7/23/2025,14:15,412.8
7/23/2025,14:30,438.4
7/23/2025,14:45,440
7/23/2025,15:00,433.6
7/23/2025,15:15,440
7/23/2025,15:30,436.8
7/23/2025,15:45,467.2
7/23/2025,16:00,425.6
7/23/2025,16:15,444
7/23/2025,16:30,423.2
7/23/2025,16:45,422.4
7/23/2025,17:00,447.2
7/23/2025,17:15,398.4
7/23/2025,17:30,396
7/23/2025,17:45,394.4
7/23/2025,18:00,408
7/23/2025,18:15,393.6
7/23/2025,18:30,404.8
7/23/2025,18:45,404.8
7/23/2025,19:00,398.4
7/23/2025,19:15,384.8
7/23/2025,19:30,392
7/23/2025,19:45,398.4
7/23/2025,20:00,375.2
7/23/2025,20:15,380.8
7/23/2025,20:30,379.2
7/23/2025,20:45,385.6
7/23/2025,21:00,367.2
7/23/2025,21:15,384.8
7/23/2025,21:30,390.4
7/23/2025,21:45,375.2
7/23/2025,22:00,367.2
7/23/2025,22:15,377.6
7/23/2025,22:30,348
7/23/2025,22:45,358.4
7/23/2025,23:00,362.4
7/23/2025,23:15,361.6
7/23/2025,23:30,342.4
7/23/2025,23:45,348
7/24/2025,0:00,354.4
7/24/2025,0:15,344
7/24/2025,0:30,351.2
7/24/2025,0:45,352
7/24/2025,1:00,337.6
7/24/2025,1:15,356.8
7/24/2025,1:30,332.8
7/24/2025,1:45,321.6
7/24/2025,2:00,333.6
7/24/2025,2:15,326.4
7/24/2025,2:30,307.2
7/24/2025,2:45,313.6
7/24/2025,3:00,314.4
7/24/2025,3:15,338.4
7/24/2025,3:30,311.2
7/24/2025,3:45,309.6
7/24/2025,4:00,319.2
7/24/2025,4:15,323.2
7/24/2025,4:30,336.8
7/24/2025,4:45,328.8
7/24/2025,5:00,321.6
7/24/2025,5:15,325.6
7/24/2025,5:30,274.4
7/24/2025,5:45,265.6
7/24/2025,6:00,323.2
7/24/2025,6:15,323.2
7/24/2025,6:30,340.8
7/24/2025,6:45,339.2
7/24/2025,7:00,361.6
7/24/2025,7:15,336
7/24/2025,7:30,342.4
7/24/2025,7:45,352.8
7/24/2025,8:00,372
7/24/2025,8:15,389.6
7/24/2025,8:30,430.4
7/24/2025,8:45,420.8
7/24/2025,9:00,438.4
7/24/2025,9:15,449.6
7/24/2025,9:30,441.6
7/24/2025,9:45,448.8
7/24/2025,10:00,430.4
7/24/2025,10:15,420.8
7/24/2025,10:30,430.4
7/24/2025,10:45,428.8
7/24/2025,11:00,437.6
7/24/2025,11:15,444.8
7/24/2025,11:30,439.2
7/24/2025,11:45,413.6
7/24/2025,12:00,424
7/24/2025,12:15,412
7/24/2025,12:30,396.8
7/24/2025,12:45,418.4
7/24/2025,13:00,419.2
7/24/2025,13:15,396.8
7/24/2025,13:30,394.4
7/24/2025,13:45,400.8
7/24/2025,14:00,405.6
7/24/2025,14:15,448
7/24/2025,14:30,432.8
7/24/2025,14:45,447.2
7/24/2025,15:00,428
7/24/2025,15:15,456
7/24/2025,15:30,458.4
7/24/2025,15:45,396.8
7/24/2025,16:00,448
7/24/2025,16:15,433.6
7/24/2025,16:30,425.6
7/24/2025,16:45,403.2
7/24/2025,17:00,423.2
7/24/2025,17:15,376.8
7/24/2025,17:30,404.8
7/24/2025,17:45,404
7/24/2025,18:00,392.8
7/24/2025,18:15,373.6
7/24/2025,18:30,400.8
7/24/2025,18:45,381.6
7/24/2025,19:00,375.2
7/24/2025,19:15,391.2
7/24/2025,19:30,390.4
7/24/2025,19:45,385.6
7/24/2025,20:00,378.4
7/24/2025,20:15,376.8
7/24/2025,20:30,376.8
7/24/2025,20:45,394.4
7/24/2025,21:00,385.6
7/24/2025,21:15,381.6
7/24/2025,21:30,376
7/24/2025,21:45,390.4
7/24/2025,22:00,371.2
7/24/2025,22:15,393.6
7/24/2025,22:30,358.4
7/24/2025,22:45,373.6
7/24/2025,23:00,341.6
7/24/2025,23:15,342.4
7/24/2025,23:30,365.6
7/24/2025,23:45,351.2
7/25/2025,0:00,353.6
7/25/2025,0:15,364
7/25/2025,0:30,358.4
7/25/2025,0:45,336
7/25/2025,1:00,348
7/25/2025,1:15,366.4
7/25/2025,1:30,339.2
7/25/2025,1:45,326.4
7/25/2025,2:00,320.8
7/25/2025,2:15,331.2
7/25/2025,2:30,317.6
7/25/2025,2:45,325.6
7/25/2025,3:00,321.6
7/25/2025,3:15,312
7/25/2025,3:30,308
7/25/2025,3:45,330.4
7/25/2025,4:00,330.4
7/25/2025,4:15,332
7/25/2025,4:30,314.4
7/25/2025,4:45,308
7/25/2025,5:00,329.6
7/25/2025,5:15,309.6
7/25/2025,5:30,276
7/25/2025,5:45,278.4
7/25/2025,6:00,284
7/25/2025,6:15,329.6
7/25/2025,6:30,320
7/25/2025,6:45,335.2
7/25/2025,7:00,333.6
7/25/2025,7:15,343.2
7/25/2025,7:30,346.4
7/25/2025,7:45,378.4
7/25/2025,8:00,400.8
7/25/2025,8:15,396.8
7/25/2025,8:30,408.8
7/25/2025,8:45,432
7/25/2025,9:00,429.6
7/25/2025,9:15,458.4
7/25/2025,9:30,474.4
7/25/2025,9:45,434.4
7/25/2025,10:00,432.8
7/25/2025,10:15,434.4
7/25/2025,10:30,444
7/25/2025,10:45,451.2
7/25/2025,11:00,458.4
7/25/2025,11:15,447.2
7/25/2025,11:30,424
7/25/2025,11:45,403.2
7/25/2025,12:00,428
7/25/2025,12:15,440.8
7/25/2025,12:30,432
7/25/2025,12:45,419.2
7/25/2025,13:00,403.2
7/25/2025,13:15,411.2
7/25/2025,13:30,411.2
7/25/2025,13:45,396
7/25/2025,14:00,399.2
7/25/2025,14:15,414.4
7/25/2025,14:30,423.2
7/25/2025,14:45,430.4
7/25/2025,15:00,392.8
7/25/2025,15:15,436.8
7/25/2025,15:30,435.2
7/25/2025,15:45,424
7/25/2025,16:00,430.4
7/25/2025,16:15,444.8
7/25/2025,16:30,445.6
7/25/2025,16:45,440
7/25/2025,17:00,422.4
7/25/2025,17:15,391.2
7/25/2025,17:30,396.8
7/25/2025,17:45,410.4
7/25/2025,18:00,398.4
7/25/2025,18:15,379.2
7/25/2025,18:30,368
7/25/2025,18:45,391.2
7/25/2025,19:00,389.6
7/25/2025,19:15,393.6
7/25/2025,19:30,392.8
7/25/2025,19:45,401.6
7/25/2025,20:00,388.8
7/25/2025,20:15,385.6
7/25/2025,20:30,375.2
7/25/2025,20:45,380.8
7/25/2025,21:00,373.6
7/25/2025,21:15,377.6
7/25/2025,21:30,379.2
7/25/2025,21:45,407.2
7/25/2025,22:00,408.8
7/25/2025,22:15,397.6
7/25/2025,22:30,364
7/25/2025,22:45,360.8
7/25/2025,23:00,352
7/25/2025,23:15,359.2
7/25/2025,23:30,371.2
7/25/2025,23:45,347.2
7/26/2025,0:00,356
7/26/2025,0:15,370.4
7/26/2025,0:30,357.6
7/26/2025,0:45,335.2
7/26/2025,1:00,333.6
7/26/2025,1:15,340.8
7/26/2025,1:30,321.6
7/26/2025,1:45,322.4
7/26/2025,2:00,325.6
7/26/2025,2:15,344
7/26/2025,2:30,310.4
7/26/2025,2:45,334.4
7/26/2025,3:00,327.2
7/26/2025,3:15,333.6
7/26/2025,3:30,324
7/26/2025,3:45,337.6
7/26/2025,4:00,326.4
7/26/2025,4:15,318.4
7/26/2025,4:30,323.2
7/26/2025,4:45,339.2
7/26/2025,5:00,320
7/26/2025,5:15,350.4
7/26/2025,5:30,345.6
7/26/2025,5:45,336
7/26/2025,6:00,342.4
7/26/2025,6:15,348
7/26/2025,6:30,332.8
7/26/2025,6:45,332.8
7/26/2025,7:00,332.8
7/26/2025,7:15,333.6
7/26/2025,7:30,329.6
7/26/2025,7:45,374.4
7/26/2025,8:00,367.2
7/26/2025,8:15,444
7/26/2025,8:30,441.6
7/26/2025,8:45,461.6
7/26/2025,9:00,507.2
7/26/2025,9:15,449.6
7/26/2025,9:30,489.6
7/26/2025,9:45,480.8
7/26/2025,10:00,455.2
7/26/2025,10:15,455.2
7/26/2025,10:30,464
7/26/2025,10:45,456
7/26/2025,11:00,480.8
7/26/2025,11:15,451.2
7/26/2025,11:30,453.6
7/26/2025,11:45,420.8
7/26/2025,12:00,415.2
7/26/2025,12:15,467.2
7/26/2025,12:30,406.4
7/26/2025,12:45,427.2
7/26/2025,13:00,409.6
7/26/2025,13:15,407.2
7/26/2025,13:30,406.4
7/26/2025,13:45,412.8
7/26/2025,14:00,432
7/26/2025,14:15,425.6
7/26/2025,14:30,446.4
7/26/2025,14:45,429.6
7/26/2025,15:00,429.6
7/26/2025,15:15,473.6
7/26/2025,15:30,469.6
7/26/2025,15:45,433.6
7/26/2025,16:00,453.6
7/26/2025,16:15,480.8
7/26/2025,16:30,465.6
7/26/2025,16:45,410.4
7/26/2025,17:00,418.4
7/26/2025,17:15,421.6
7/26/2025,17:30,388.8
7/26/2025,17:45,382.4
7/26/2025,18:00,380.8
7/26/2025,18:15,388.8
7/26/2025,18:30,390.4
7/26/2025,18:45,364
7/26/2025,19:00,385.6
7/26/2025,19:15,373.6
7/26/2025,19:30,374.4
7/26/2025,19:45,380
7/26/2025,20:00,384
7/26/2025,20:15,374.4
7/26/2025,20:30,378.4
7/26/2025,20:45,392.8
7/26/2025,21:00,383.2
7/26/2025,21:15,404
7/26/2025,21:30,392
7/26/2025,21:45,370.4
7/26/2025,22:00,365.6
7/26/2025,22:15,365.6
7/26/2025,22:30,349.6
7/26/2025,22:45,353.6
7/26/2025,23:00,339.2
7/26/2025,23:15,353.6
7/26/2025,23:30,320
7/26/2025,23:45,312
7/27/2025,0:00,342.4
7/27/2025,0:15,263.2
7/27/2025,0:30,280.8
7/27/2025,0:45,262.4
7/27/2025,1:00,324
7/27/2025,1:15,334.4
7/27/2025,1:30,325.6
7/27/2025,1:45,319.2
7/27/2025,2:00,325.6
7/27/2025,2:15,322.4
7/27/2025,2:30,329.6
7/27/2025,2:45,338.4
7/27/2025,3:00,310.4
7/27/2025,3:15,348
7/27/2025,3:30,324
7/27/2025,3:45,316
7/27/2025,4:00,321.6
7/27/2025,4:15,262.4
7/27/2025,4:30,255.2
7/27/2025,4:45,260
7/27/2025,5:00,323.2
7/27/2025,5:15,327.2
7/27/2025,5:30,329.6
7/27/2025,5:45,329.6
7/27/2025,6:00,336.8
7/27/2025,6:15,328
7/27/2025,6:30,330.4
7/27/2025,6:45,346.4
7/27/2025,7:00,335.2
7/27/2025,7:15,332.8
7/27/2025,7:30,326.4
7/27/2025,7:45,344
7/27/2025,8:00,366.4
7/27/2025,8:15,408.8
7/27/2025,8:30,426.4
7/27/2025,8:45,452.8
7/27/2025,9:00,452.8
7/27/2025,9:15,464.8
7/27/2025,9:30,464.8
7/27/2025,9:45,458.4
7/27/2025,10:00,416
7/27/2025,10:15,424.8
7/27/2025,10:30,421.6
7/27/2025,10:45,409.6
7/27/2025,11:00,426.4
7/27/2025,11:15,425.6
7/27/2025,11:30,451.2
7/27/2025,11:45,411.2
7/27/2025,12:00,414.4
7/27/2025,12:15,402.4
7/27/2025,12:30,416
7/27/2025,12:45,399.2
7/27/2025,13:00,382.4
7/27/2025,13:15,392.8
7/27/2025,13:30,390.4
7/27/2025,13:45,398.4
7/27/2025,14:00,405.6
7/27/2025,14:15,394.4
7/27/2025,14:30,423.2
7/27/2025,14:45,432
7/27/2025,15:00,418.4
7/27/2025,15:15,431.2
7/27/2025,15:30,428
7/27/2025,15:45,428
7/27/2025,16:00,432.8
7/27/2025,16:15,431.2
7/27/2025,16:30,424
7/27/2025,16:45,416.8
7/27/2025,17:00,416.8
7/27/2025,17:15,380.8
7/27/2025,17:30,400.8
7/27/2025,17:45,387.2
7/27/2025,18:00,376.8
7/27/2025,18:15,379.2
7/27/2025,18:30,385.6
7/27/2025,18:45,407.2
7/27/2025,19:00,374.4
7/27/2025,19:15,368
7/27/2025,19:30,400.8
7/27/2025,19:45,388
7/27/2025,20:00,380
7/27/2025,20:15,391.2
7/27/2025,20:30,387.2
7/27/2025,20:45,384
7/27/2025,21:00,375.2
7/27/2025,21:15,383.2
7/27/2025,21:30,367.2
7/27/2025,21:45,387.2
7/27/2025,22:00,384
7/27/2025,22:15,386.4
7/27/2025,22:30,360.8
7/27/2025,22:45,363.2
7/27/2025,23:00,375.2
7/27/2025,23:15,360.8
7/27/2025,23:30,350.4
7/27/2025,23:45,368.8
7/28/2025,0:00,364
7/28/2025,0:15,355.2
7/28/2025,0:30,351.2
7/28/2025,0:45,360.8
7/28/2025,1:00,349.6
7/28/2025,1:15,370.4
7/28/2025,1:30,360.8
7/28/2025,1:45,348.8
7/28/2025,2:00,338.4
7/28/2025,2:15,340.8
7/28/2025,2:30,344
7/28/2025,2:45,319.2
7/28/2025,3:00,334.4
7/28/2025,3:15,320
7/28/2025,3:30,315.2
7/28/2025,3:45,324
7/28/2025,4:00,336
7/28/2025,4:15,316.8
7/28/2025,4:30,327.2
7/28/2025,4:45,337.6
7/28/2025,5:00,321.6
7/28/2025,5:15,344
7/28/2025,5:30,344
7/28/2025,5:45,371.2
7/28/2025,6:00,359.2
7/28/2025,6:15,332.8
7/28/2025,6:30,340
7/28/2025,6:45,332
7/28/2025,7:00,331.2
7/28/2025,7:15,352.8
7/28/2025,7:30,353.6
7/28/2025,7:45,358.4
7/28/2025,8:00,411.2
7/28/2025,8:15,400.8
7/28/2025,8:30,438.4
7/28/2025,8:45,404
7/28/2025,9:00,454.4
7/28/2025,9:15,442.4
7/28/2025,9:30,426.4
7/28/2025,9:45,416
7/28/2025,10:00,428
7/28/2025,10:15,416.8
7/28/2025,10:30,423.2
7/28/2025,10:45,425.6
7/28/2025,11:00,431.2
7/28/2025,11:15,426.4
7/28/2025,11:30,430.4
7/28/2025,11:45,436
7/28/2025,12:00,428
7/28/2025,12:15,419.2
7/28/2025,12:30,416
7/28/2025,12:45,404.8
7/28/2025,13:00,399.2
7/28/2025,13:15,408.8
7/28/2025,13:30,396.8
7/28/2025,13:45,407.2
7/28/2025,14:00,400
7/28/2025,14:15,404.8
7/28/2025,14:30,406.4
7/28/2025,14:45,411.2
7/28/2025,15:00,429.6
7/28/2025,15:15,461.6
7/28/2025,15:30,421.6
7/28/2025,15:45,432
7/28/2025,16:00,443.2
7/28/2025,16:15,448.8
7/28/2025,16:30,418.4
7/28/2025,16:45,412.8
7/28/2025,17:00,451.2
7/28/2025,17:15,425.6
7/28/2025,17:30,424.8
7/28/2025,17:45,405.6
7/28/2025,18:00,389.6
7/28/2025,18:15,384
7/28/2025,18:30,383.2
7/28/2025,18:45,380
7/28/2025,19:00,380
7/28/2025,19:15,388
7/28/2025,19:30,416
7/28/2025,19:45,398.4
7/28/2025,20:00,387.2
7/28/2025,20:15,396
7/28/2025,20:30,386.4
7/28/2025,20:45,372
7/28/2025,21:00,387.2
7/28/2025,21:15,375.2
7/28/2025,21:30,376
7/28/2025,21:45,384.8
7/28/2025,22:00,425.6
7/28/2025,22:15,369.6
7/28/2025,22:30,369.6
7/28/2025,22:45,362.4
7/28/2025,23:00,368
7/28/2025,23:15,356
7/28/2025,23:30,387.2
7/28/2025,23:45,373.6
7/29/2025,0:00,349.6
7/29/2025,0:15,356
7/29/2025,0:30,361.6
7/29/2025,0:45,360.8
7/29/2025,1:00,356.8
7/29/2025,1:15,345.6
7/29/2025,1:30,348
7/29/2025,1:45,329.6
7/29/2025,2:00,341.6
7/29/2025,2:15,332
7/29/2025,2:30,336.8
7/29/2025,2:45,325.6
7/29/2025,3:00,335.2
7/29/2025,3:15,327.2
7/29/2025,3:30,344.8
7/29/2025,3:45,334.4
7/29/2025,4:00,329.6
7/29/2025,4:15,317.6
7/29/2025,4:30,316
7/29/2025,4:45,316.8
7/29/2025,5:00,313.6
7/29/2025,5:15,326.4
7/29/2025,5:30,336.8
7/29/2025,5:45,344.8
7/29/2025,6:00,336
7/29/2025,6:15,392.8
7/29/2025,6:30,322.4
7/29/2025,6:45,327.2
7/29/2025,7:00,341.6
7/29/2025,7:15,371.2
7/29/2025,7:30,335.2
7/29/2025,7:45,379.2
7/29/2025,8:00,372.8
7/29/2025,8:15,414.4
7/29/2025,8:30,460
7/29/2025,8:45,451.2
7/29/2025,9:00,480
7/29/2025,9:15,455.2
7/29/2025,9:30,470.4
7/29/2025,9:45,444.8
7/29/2025,10:00,460.8
7/29/2025,10:15,440.8
7/29/2025,10:30,456.8
7/29/2025,10:45,453.6
7/29/2025,11:00,446.4
7/29/2025,11:15,448.8
7/29/2025,11:30,456
7/29/2025,11:45,475.2
7/29/2025,12:00,430.4
7/29/2025,12:15,412.8
7/29/2025,12:30,412.8
7/29/2025,12:45,404
7/29/2025,13:00,412
7/29/2025,13:15,408
7/29/2025,13:30,390.4
7/29/2025,13:45,383.2
7/29/2025,14:00,409.6
7/29/2025,14:15,408
7/29/2025,14:30,397.6
7/29/2025,14:45,387.2
7/29/2025,15:00,410.4
7/29/2025,15:15,440
7/29/2025,15:30,438.4
7/29/2025,15:45,435.2
7/29/2025,16:00,455.2
7/29/2025,16:15,454.4
7/29/2025,16:30,441.6
7/29/2025,16:45,419.2
7/29/2025,17:00,400
7/29/2025,17:15,394.4
7/29/2025,17:30,395.2
7/29/2025,17:45,377.6
7/29/2025,18:00,356.8
7/29/2025,18:15,380.8
7/29/2025,18:30,404
7/29/2025,18:45,376
7/29/2025,19:00,370.4
7/29/2025,19:15,373.6
7/29/2025,19:30,367.2
7/29/2025,19:45,363.2
7/29/2025,20:00,367.2
7/29/2025,20:15,377.6
7/29/2025,20:30,381.6
7/29/2025,20:45,379.2
7/29/2025,21:00,369.6
7/29/2025,21:15,369.6
7/29/2025,21:30,352.8
7/29/2025,21:45,360
7/29/2025,22:00,378.4
7/29/2025,22:15,376.8
7/29/2025,22:30,340
7/29/2025,22:45,368.8
7/29/2025,23:00,374.4
7/29/2025,23:15,352.8
7/29/2025,23:30,374.4
7/29/2025,23:45,341.6
7/30/2025,0:00,325.6
7/30/2025,0:15,316.8
7/30/2025,0:30,332
7/30/2025,0:45,326.4
7/30/2025,1:00,320
7/30/2025,1:15,308
7/30/2025,1:30,321.6
7/30/2025,1:45,320
7/30/2025,2:00,328
7/30/2025,2:15,314.4
7/30/2025,2:30,281.6
7/30/2025,2:45,257.6
7/30/2025,3:00,300.8
7/30/2025,3:15,312
7/30/2025,3:30,327.2
7/30/2025,3:45,320.8
7/30/2025,4:00,308.8
7/30/2025,4:15,304.8
7/30/2025,4:30,306.4
7/30/2025,4:45,306.4
7/30/2025,5:00,252.8
7/30/2025,5:15,260.8
7/30/2025,5:30,255.2
7/30/2025,5:45,322.4
7/30/2025,6:00,336
7/30/2025,6:15,328
7/30/2025,6:30,324
7/30/2025,6:45,336
7/30/2025,7:00,337.6
7/30/2025,7:15,322.4
7/30/2025,7:30,356
7/30/2025,7:45,346.4
7/30/2025,8:00,387.2
7/30/2025,8:15,408
7/30/2025,8:30,393.6
7/30/2025,8:45,399.2
7/30/2025,9:00,420
7/30/2025,9:15,421.6
7/30/2025,9:30,435.2
7/30/2025,9:45,444.8
7/30/2025,10:00,448.8
7/30/2025,10:15,414.4
7/30/2025,10:30,442.4
7/30/2025,10:45,437.6
7/30/2025,11:00,460.8
7/30/2025,11:15,420
7/30/2025,11:30,440.8
7/30/2025,11:45,439.2
7/30/2025,12:00,461.6
7/30/2025,12:15,432.8
7/30/2025,12:30,413.6
7/30/2025,12:45,442.4
7/30/2025,13:00,422.4
7/30/2025,13:15,409.6
7/30/2025,13:30,402.4
7/30/2025,13:45,408
7/30/2025,14:00,407.2
7/30/2025,14:15,405.6
7/30/2025,14:30,416
7/30/2025,14:45,409.6
7/30/2025,15:00,425.6
7/30/2025,15:15,406.4
7/30/2025,15:30,422.4
7/30/2025,15:45,536
7/30/2025,16:00,574.4
7/30/2025,16:15,418.4
7/30/2025,16:30,407.2
7/30/2025,16:45,382.4
7/30/2025,17:00,416
7/30/2025,17:15,380
7/30/2025,17:30,374.4
7/30/2025,17:45,402.4
7/30/2025,18:00,364.8
7/30/2025,18:15,357.6
7/30/2025,18:30,381.6
7/30/2025,18:45,362.4
7/30/2025,19:00,375.2
7/30/2025,19:15,364.8
7/30/2025,19:30,356
7/30/2025,19:45,345.6
7/30/2025,20:00,336.8
7/30/2025,20:15,334.4
7/30/2025,20:30,267.2
7/30/2025,20:45,277.6
7/30/2025,21:00,269.6
7/30/2025,21:15,328.8
7/30/2025,21:30,344.8
7/30/2025,21:45,332.8
7/30/2025,22:00,328.8
7/30/2025,22:15,345.6
7/30/2025,22:30,248.8
7/30/2025,22:45,256.8
7/30/2025,23:00,253.6
7/30/2025,23:15,248.8
7/30/2025,23:30,246.4
7/30/2025,23:45,250.4
7/31/2025,0:00,250.4
7/31/2025,0:15,296
7/31/2025,0:30,319.2
7/31/2025,0:45,332
7/31/2025,1:00,308.8
7/31/2025,1:15,259.2
7/31/2025,1:30,244
7/31/2025,1:45,247.2
7/31/2025,2:00,246.4
7/31/2025,2:15,241.6
7/31/2025,2:30,249.6
7/31/2025,2:45,275.2
7/31/2025,3:00,306.4
7/31/2025,3:15,303.2
7/31/2025,3:30,313.6
7/31/2025,3:45,300.8
7/31/2025,4:00,240.8
7/31/2025,4:15,248.8
7/31/2025,4:30,248
7/31/2025,4:45,247.2
7/31/2025,5:00,241.6
7/31/2025,5:15,252.8
7/31/2025,5:30,332
7/31/2025,5:45,324
7/31/2025,6:00,314.4
7/31/2025,6:15,322.4
7/31/2025,6:30,278.4
7/31/2025,6:45,260
7/31/2025,7:00,255.2
7/31/2025,7:15,255.2
7/31/2025,7:30,320
7/31/2025,7:45,324
7/31/2025,8:00,332.8
7/31/2025,8:15,361.6
7/31/2025,8:30,399.2
7/31/2025,8:45,366.4
7/31/2025,9:00,420.8
7/31/2025,9:15,413.6
7/31/2025,9:30,405.6
7/31/2025,9:45,436
7/31/2025,10:00,471.2
7/31/2025,10:15,471.2
7/31/2025,10:30,503.2
7/31/2025,10:45,473.6
7/31/2025,11:00,468.8
7/31/2025,11:15,460.8
7/31/2025,11:30,464.8
7/31/2025,11:45,474.4
7/31/2025,12:00,448.8
7/31/2025,12:15,445.6
7/31/2025,12:30,436
7/31/2025,12:45,460.8
7/31/2025,13:00,469.6
7/31/2025,13:15,460.8
7/31/2025,13:30,456
7/31/2025,13:45,451.2
7/31/2025,14:00,431.2
7/31/2025,14:15,443.2
7/31/2025,14:30,442.4
7/31/2025,14:45,417.6
7/31/2025,15:00,408.8
7/31/2025,15:15,415.2
7/31/2025,15:30,435.2
7/31/2025,15:45,444
7/31/2025,16:00,405.6
7/31/2025,16:15,445.6
7/31/2025,16:30,428.8
7/31/2025,16:45,408
7/31/2025,17:00,403.2
7/31/2025,17:15,384.8
7/31/2025,17:30,396.8
7/31/2025,17:45,267.2
7/31/2025,18:00,285.6
7/31/2025,18:15,259.2
7/31/2025,18:30,270.4
7/31/2025,18:45,254.4
7/31/2025,19:00,293.6
7/31/2025,19:15,313.6
7/31/2025,19:30,326.4
7/31/2025,19:45,305.6
7/31/2025,20:00,334.4
7/31/2025,20:15,328
7/31/2025,20:30,326.4
7/31/2025,20:45,327.2
7/31/2025,21:00,257.6
7/31/2025,21:15,260.8
7/31/2025,21:30,256
7/31/2025,21:45,254.4
7/31/2025,22:00,270.4
7/31/2025,22:15,267.2
7/31/2025,22:30,306.4
7/31/2025,22:45,284
7/31/2025,23:00,288
7/31/2025,23:15,246.4
7/31/2025,23:30,256
7/31/2025,23:45,291.2
8/1/2025,0:00,302.4
8/1/2025,0:15,238.4
8/1/2025,0:30,230.4
8/1/2025,0:45,240
8/1/2025,1:00,228
8/1/2025,1:15,232.8
8/1/2025,1:30,236
8/1/2025,1:45,284
8/1/2025,2:00,292.8
8/1/2025,2:15,284
8/1/2025,2:30,244.8
8/1/2025,2:45,232.8
8/1/2025,3:00,240
8/1/2025,3:15,240.8
8/1/2025,3:30,234.4
8/1/2025,3:45,250.4
8/1/2025,4:00,244.8
8/1/2025,4:15,233.6
8/1/2025,4:30,244
8/1/2025,4:45,285.6
8/1/2025,5:00,273.6
8/1/2025,5:15,244
8/1/2025,5:30,245.6
8/1/2025,5:45,312
8/1/2025,6:00,292
8/1/2025,6:15,251.2
8/1/2025,6:30,246.4
8/1/2025,6:45,252.8
8/1/2025,7:00,264
8/1/2025,7:15,289.6
8/1/2025,7:30,297.6
8/1/2025,7:45,316
8/1/2025,8:00,311.2
8/1/2025,8:15,354.4
8/1/2025,8:30,404
8/1/2025,8:45,474.4
8/1/2025,9:00,440.8
8/1/2025,9:15,440.8
8/1/2025,9:30,452.8
8/1/2025,9:45,436
8/1/2025,10:00,430.4
8/1/2025,10:15,431.2
8/1/2025,10:30,428.8
8/1/2025,10:45,425.6
8/1/2025,11:00,413.6
8/1/2025,11:15,402.4
8/1/2025,11:30,401.6
8/1/2025,11:45,427.2
8/1/2025,12:00,417.6
8/1/2025,12:15,408
8/1/2025,12:30,394.4
8/1/2025,12:45,392
8/1/2025,13:00,389.6
8/1/2025,13:15,408.8
8/1/2025,13:30,373.6
8/1/2025,13:45,387.2
8/1/2025,14:00,397.6
8/1/2025,14:15,400.8
8/1/2025,14:30,397.6
8/1/2025,14:45,396
8/1/2025,15:00,389.6
8/1/2025,15:15,400
8/1/2025,15:30,392.8
8/1/2025,15:45,384.8
8/1/2025,16:00,380
8/1/2025,16:15,382.4
8/1/2025,16:30,388
8/1/2025,16:45,374.4
8/1/2025,17:00,366.4
8/1/2025,17:15,377.6
8/1/2025,17:30,384
8/1/2025,17:45,364
8/1/2025,18:00,392.8
8/1/2025,18:15,353.6
8/1/2025,18:30,304.8
8/1/2025,18:45,297.6
8/1/2025,19:00,314.4
8/1/2025,19:15,304.8
8/1/2025,19:30,321.6
8/1/2025,19:45,304
8/1/2025,20:00,299.2
8/1/2025,20:15,304
8/1/2025,20:30,264
8/1/2025,20:45,272
8/1/2025,21:00,263.2
8/1/2025,21:15,328
8/1/2025,21:30,334.4
8/1/2025,21:45,353.6
8/1/2025,22:00,261.6
8/1/2025,22:15,273.6
8/1/2025,22:30,278.4
8/1/2025,22:45,241.6
8/1/2025,23:00,294.4
8/1/2025,23:15,276.8
8/1/2025,23:30,276
8/1/2025,23:45,280.8
8/2/2025,0:00,272.8
8/2/2025,0:15,283.2
8/2/2025,0:30,285.6
8/2/2025,0:45,255.2
8/2/2025,1:00,249.6
8/2/2025,1:15,245.6
8/2/2025,1:30,267.2
8/2/2025,1:45,245.6
8/2/2025,2:00,242.4
8/2/2025,2:15,239.2
8/2/2025,2:30,263.2
8/2/2025,2:45,294.4
8/2/2025,3:00,280
8/2/2025,3:15,265.6
8/2/2025,3:30,291.2
8/2/2025,3:45,280.8
8/2/2025,4:00,263.2
8/2/2025,4:15,268
8/2/2025,4:30,247.2
8/2/2025,4:45,252.8
8/2/2025,5:00,263.2
8/2/2025,5:15,248.8
8/2/2025,5:30,262.4
8/2/2025,5:45,288.8
8/2/2025,6:00,260.8
8/2/2025,6:15,284
8/2/2025,6:30,287.2
8/2/2025,6:45,284.8
8/2/2025,7:00,288.8
8/2/2025,7:15,284
8/2/2025,7:30,336.8
8/2/2025,7:45,342.4
8/2/2025,8:00,379.2
8/2/2025,8:15,372
8/2/2025,8:30,380
8/2/2025,8:45,395.2
8/2/2025,9:00,407.2
8/2/2025,9:15,400
8/2/2025,9:30,443.2
8/2/2025,9:45,476
8/2/2025,10:00,419.2
8/2/2025,10:15,460.8
8/2/2025,10:30,424
8/2/2025,10:45,427.2
8/2/2025,11:00,476
8/2/2025,11:15,436.8
8/2/2025,11:30,436.8
8/2/2025,11:45,446.4
8/2/2025,12:00,438.4
8/2/2025,12:15,418.4
8/2/2025,12:30,424.8
8/2/2025,12:45,424.8
8/2/2025,13:00,402.4
8/2/2025,13:15,428.8
8/2/2025,13:30,416.8
8/2/2025,13:45,414.4
8/2/2025,14:00,404.8
8/2/2025,14:15,411.2
8/2/2025,14:30,417.6
8/2/2025,14:45,413.6
8/2/2025,15:00,412.8
8/2/2025,15:15,411.2
8/2/2025,15:30,431.2
8/2/2025,15:45,416
8/2/2025,16:00,436.8
8/2/2025,16:15,434.4
8/2/2025,16:30,404
8/2/2025,16:45,410.4
8/2/2025,17:00,409.6
8/2/2025,17:15,375.2
8/2/2025,17:30,379.2
8/2/2025,17:45,362.4
8/2/2025,18:00,374.4
8/2/2025,18:15,364.8
8/2/2025,18:30,348
8/2/2025,18:45,366.4
8/2/2025,19:00,352
8/2/2025,19:15,369.6
8/2/2025,19:30,362.4
8/2/2025,19:45,362.4
8/2/2025,20:00,337.6
8/2/2025,20:15,336.8
8/2/2025,20:30,281.6
8/2/2025,20:45,305.6
8/2/2025,21:00,332
8/2/2025,21:15,298.4
8/2/2025,21:30,266.4
8/2/2025,21:45,273.6
8/2/2025,22:00,325.6
8/2/2025,22:15,338.4
8/2/2025,22:30,308.8
8/2/2025,22:45,312
8/2/2025,23:00,310.4
8/2/2025,23:15,259.2
8/2/2025,23:30,250.4
8/2/2025,23:45,248.8
8/3/2025,0:00,239.2
8/3/2025,0:15,287.2
8/3/2025,0:30,294.4
8/3/2025,0:45,259.2
8/3/2025,1:00,245.6
8/3/2025,1:15,304.8
8/3/2025,1:30,308
8/3/2025,1:45,313.6
8/3/2025,2:00,314.4
8/3/2025,2:15,264.8
8/3/2025,2:30,246.4
8/3/2025,2:45,249.6
8/3/2025,3:00,251.2
8/3/2025,3:15,280.8
8/3/2025,3:30,284
8/3/2025,3:45,290.4
8/3/2025,4:00,289.6
8/3/2025,4:15,328
8/3/2025,4:30,309.6
8/3/2025,4:45,309.6
8/3/2025,5:00,310.4
8/3/2025,5:15,243.2
8/3/2025,5:30,261.6
8/3/2025,5:45,276.8
8/3/2025,6:00,272.8
8/3/2025,6:15,260
8/3/2025,6:30,250.4
8/3/2025,6:45,296
8/3/2025,7:00,320
8/3/2025,7:15,339.2
8/3/2025,7:30,345.6
8/3/2025,7:45,347.2
8/3/2025,8:00,364
8/3/2025,8:15,424
8/3/2025,8:30,436.8
8/3/2025,8:45,464
8/3/2025,9:00,487.2
8/3/2025,9:15,486.4
8/3/2025,9:30,463.2
8/3/2025,9:45,466.4
8/3/2025,10:00,473.6
8/3/2025,10:15,459.2
8/3/2025,10:30,449.6
8/3/2025,10:45,476.8
8/3/2025,11:00,416
8/3/2025,11:15,420.8
8/3/2025,11:30,418.4
8/3/2025,11:45,414.4
8/3/2025,12:00,479.2
8/3/2025,12:15,438.4
8/3/2025,12:30,444.8
8/3/2025,12:45,449.6
8/3/2025,13:00,398.4
8/3/2025,13:15,388
8/3/2025,13:30,385.6
8/3/2025,13:45,412
8/3/2025,14:00,393.6
8/3/2025,14:15,395.2
8/3/2025,14:30,384.8
8/3/2025,14:45,428
8/3/2025,15:00,424
8/3/2025,15:15,428.8
8/3/2025,15:30,430.4
8/3/2025,15:45,379.2
8/3/2025,16:00,423.2
8/3/2025,16:15,419.2
8/3/2025,16:30,391.2
8/3/2025,16:45,386.4
8/3/2025,17:00,432.8
8/3/2025,17:15,408
8/3/2025,17:30,411.2
8/3/2025,17:45,413.6
8/3/2025,18:00,357.6
8/3/2025,18:15,357.6
8/3/2025,18:30,358.4
8/3/2025,18:45,370.4
8/3/2025,19:00,374.4
8/3/2025,19:15,420.8
8/3/2025,19:30,409.6
8/3/2025,19:45,440.8
8/3/2025,20:00,412.8
8/3/2025,20:15,360
8/3/2025,20:30,383.2
8/3/2025,20:45,376
8/3/2025,21:00,374.4
8/3/2025,21:15,347.2
8/3/2025,21:30,327.2
8/3/2025,21:45,328
8/3/2025,22:00,278.4
8/3/2025,22:15,278.4
8/3/2025,22:30,263.2
8/3/2025,22:45,275.2
8/3/2025,23:00,414.4
8/3/2025,23:15,369.6
8/3/2025,23:30,347.2
8/3/2025,23:45,313.6
8/4/2025,0:00,323.2
8/4/2025,0:15,254.4
8/4/2025,0:30,262.4
8/4/2025,0:45,262.4
8/4/2025,1:00,270.4
8/4/2025,1:15,252
8/4/2025,1:30,310.4
8/4/2025,1:45,312.8
8/4/2025,2:00,308
8/4/2025,2:15,376
8/4/2025,2:30,361.6
8/4/2025,2:45,264.8
8/4/2025,3:00,254.4
8/4/2025,3:15,253.6
8/4/2025,3:30,251.2
8/4/2025,3:45,247.2
8/4/2025,4:00,276
8/4/2025,4:15,307.2
8/4/2025,4:30,313.6
8/4/2025,4:45,324
8/4/2025,5:00,296
8/4/2025,5:15,300.8
8/4/2025,5:30,268
8/4/2025,5:45,261.6
8/4/2025,6:00,276.8
8/4/2025,6:15,255.2
8/4/2025,6:30,319.2
8/4/2025,6:45,342.4
8/4/2025,7:00,325.6
8/4/2025,7:15,333.6
8/4/2025,7:30,137.6
8/4/2025,7:45,186.4
8/4/2025,8:00,254.4
8/4/2025,8:15,228
8/4/2025,8:30,232.8
8/4/2025,8:45,268
8/4/2025,9:00,300
8/4/2025,9:15,348.8
8/4/2025,9:30,381.6
8/4/2025,9:45,364
8/4/2025,10:00,407.2
8/4/2025,10:15,388
8/4/2025,10:30,382.4
8/4/2025,10:45,517.6
8/4/2025,11:00,471.2
8/4/2025,11:15,450.4
8/4/2025,11:30,468.8
8/4/2025,11:45,490.4
8/4/2025,12:00,511.2
8/4/2025,12:15,476.8
8/4/2025,12:30,472.8
8/4/2025,12:45,465.6
8/4/2025,13:00,417.6
8/4/2025,13:15,440.8
8/4/2025,13:30,420
8/4/2025,13:45,430.4
8/4/2025,14:00,418.4
8/4/2025,14:15,454.4
8/4/2025,14:30,457.6
8/4/2025,14:45,458.4
8/4/2025,15:00,428.8
8/4/2025,15:15,437.6
8/4/2025,15:30,437.6
8/4/2025,15:45,416
8/4/2025,16:00,455.2
8/4/2025,16:15,450.4
8/4/2025,16:30,470.4
8/4/2025,16:45,445.6
8/4/2025,17:00,438.4
8/4/2025,17:15,380
8/4/2025,17:30,392.8
8/4/2025,17:45,394.4
8/4/2025,18:00,395.2
8/4/2025,18:15,384.8
8/4/2025,18:30,432.8
8/4/2025,18:45,415.2
8/4/2025,19:00,430.4
8/4/2025,19:15,402.4
8/4/2025,19:30,378.4
8/4/2025,19:45,379.2
8/4/2025,20:00,381.6
8/4/2025,20:15,375.2
8/4/2025,20:30,369.6
8/4/2025,20:45,366.4
8/4/2025,21:00,374.4
8/4/2025,21:15,400
8/4/2025,21:30,408.8
8/4/2025,21:45,424
8/4/2025,22:00,372.8
8/4/2025,22:15,372.8
8/4/2025,22:30,358.4
8/4/2025,22:45,366.4
8/4/2025,23:00,351.2
8/4/2025,23:15,351.2
8/4/2025,23:30,364
8/4/2025,23:45,356
8/5/2025,0:00,344
8/5/2025,0:15,348.8
8/5/2025,0:30,373.6
8/5/2025,0:45,388
8/5/2025,1:00,395.2
8/5/2025,1:15,344.8
8/5/2025,1:30,348
8/5/2025,1:45,359.2
8/5/2025,2:00,340
8/5/2025,2:15,341.6
8/5/2025,2:30,352
8/5/2025,2:45,338.4
8/5/2025,3:00,331.2
8/5/2025,3:15,339.2
8/5/2025,3:30,396
8/5/2025,3:45,396
8/5/2025,4:00,339.2
8/5/2025,4:15,328.8
8/5/2025,4:30,348.8
8/5/2025,4:45,298.4
8/5/2025,5:00,308
8/5/2025,5:15,301.6
8/5/2025,5:30,317.6
8/5/2025,5:45,310.4
8/5/2025,6:00,331.2
8/5/2025,6:15,348.8
8/5/2025,6:30,352
8/5/2025,6:45,328
8/5/2025,7:00,332.8
8/5/2025,7:15,308
8/5/2025,7:30,316
8/5/2025,7:45,353.6
8/5/2025,8:00,382.4
8/5/2025,8:15,491.2
8/5/2025,8:30,448.8
8/5/2025,8:45,468.8
8/5/2025,9:00,465.6
8/5/2025,9:15,452
8/5/2025,9:30,461.6
8/5/2025,9:45,480
8/5/2025,10:00,492.8
8/5/2025,10:15,462.4
8/5/2025,10:30,480
8/5/2025,10:45,472.8
8/5/2025,11:00,469.6
8/5/2025,11:15,408
8/5/2025,11:30,421.6
8/5/2025,11:45,416
8/5/2025,12:00,463.2
8/5/2025,12:15,461.6
8/5/2025,12:30,458.4
8/5/2025,12:45,439.2
8/5/2025,13:00,442.4
8/5/2025,13:15,411.2
8/5/2025,13:30,413.6
8/5/2025,13:45,389.6
8/5/2025,14:00,408
8/5/2025,14:15,444
8/5/2025,14:30,436.8
8/5/2025,14:45,449.6
8/5/2025,15:00,422.4
8/5/2025,15:15,396.8
8/5/2025,15:30,406.4
8/5/2025,15:45,416.8
8/5/2025,16:00,417.6
8/5/2025,16:15,435.2
8/5/2025,16:30,464.8
8/5/2025,16:45,452
8/5/2025,17:00,456
8/5/2025,17:15,440.8
8/5/2025,17:30,372.8
8/5/2025,17:45,360
8/5/2025,18:00,393.6
8/5/2025,18:15,368.8
8/5/2025,18:30,353.6
8/5/2025,18:45,397.6
8/5/2025,19:00,424.8
8/5/2025,19:15,406.4
8/5/2025,19:30,408
8/5/2025,19:45,388
8/5/2025,20:00,379.2
8/5/2025,20:15,384.8
8/5/2025,20:30,376.8
8/5/2025,20:45,375.2
8/5/2025,21:00,381.6
8/5/2025,21:15,362.4
8/5/2025,21:30,368.8
8/5/2025,21:45,371.2
8/5/2025,22:00,388.8
8/5/2025,22:15,369.6
8/5/2025,22:30,397.6
8/5/2025,22:45,403.2
8/5/2025,23:00,362.4
8/5/2025,23:15,363.2
8/5/2025,23:30,348
8/5/2025,23:45,356.8
8/6/2025,0:00,355.2
8/6/2025,0:15,391.2
8/6/2025,0:30,417.6
8/6/2025,0:45,386.4
8/6/2025,1:00,389.6
8/6/2025,1:15,400
8/6/2025,1:30,390.4
8/6/2025,1:45,393.6
8/6/2025,2:00,339.2
8/6/2025,2:15,352
8/6/2025,2:30,342.4
8/6/2025,2:45,326.4
8/6/2025,3:00,333.6
8/6/2025,3:15,348
8/6/2025,3:30,296
8/6/2025,3:45,303.2
8/6/2025,4:00,295.2
8/6/2025,4:15,290.4
8/6/2025,4:30,286.4
8/6/2025,4:45,299.2
8/6/2025,5:00,286.4
8/6/2025,5:15,352.8
8/6/2025,5:30,343.2
8/6/2025,5:45,347.2
8/6/2025,6:00,311.2
8/6/2025,6:15,327.2
8/6/2025,6:30,332
8/6/2025,6:45,314.4
8/6/2025,7:00,323.2
8/6/2025,7:15,318.4
8/6/2025,7:30,353.6
8/6/2025,7:45,370.4
8/6/2025,8:00,374.4
8/6/2025,8:15,469.6
8/6/2025,8:30,493.6
8/6/2025,8:45,436.8
8/6/2025,9:00,472
8/6/2025,9:15,478.4
8/6/2025,9:30,476
8/6/2025,9:45,468
8/6/2025,10:00,481.6
8/6/2025,10:15,464.8
8/6/2025,10:30,472.8
8/6/2025,10:45,487.2
8/6/2025,11:00,508.8
8/6/2025,11:15,471.2
8/6/2025,11:30,460.8
8/6/2025,11:45,420
8/6/2025,12:00,454.4
8/6/2025,12:15,473.6
8/6/2025,12:30,447.2
8/6/2025,12:45,416
8/6/2025,13:00,453.6
8/6/2025,13:15,479.2
8/6/2025,13:30,442.4
8/6/2025,13:45,410.4
8/6/2025,14:00,411.2
8/6/2025,14:15,426.4
8/6/2025,14:30,411.2
8/6/2025,14:45,408.8
8/6/2025,15:00,408.8
8/6/2025,15:15,467.2
8/6/2025,15:30,436.8
8/6/2025,15:45,446.4
8/6/2025,16:00,491.2
8/6/2025,16:15,428.8
8/6/2025,16:30,412
8/6/2025,16:45,412
8/6/2025,17:00,411.2
8/6/2025,17:15,423.2
8/6/2025,17:30,396
8/6/2025,17:45,448.8
8/6/2025,18:00,440
8/6/2025,18:15,411.2
8/6/2025,18:30,425.6
8/6/2025,18:45,370.4
8/6/2025,19:00,392
8/6/2025,19:15,372.8
8/6/2025,19:30,371.2
8/6/2025,19:45,366.4
8/6/2025,20:00,421.6
8/6/2025,20:15,428.8
8/6/2025,20:30,424
8/6/2025,20:45,380.8
8/6/2025,21:00,376.8
8/6/2025,21:15,356
8/6/2025,21:30,388.8
8/6/2025,21:45,363.2
8/6/2025,22:00,364
8/6/2025,22:15,361.6
8/6/2025,22:30,353.6
8/6/2025,22:45,361.6
8/6/2025,23:00,365.6
8/6/2025,23:15,356.8
8/6/2025,23:30,372
8/6/2025,23:45,396
8/7/2025,0:00,400
8/7/2025,0:15,371.2
8/7/2025,0:30,359.2
8/7/2025,0:45,347.2
8/7/2025,1:00,370.4
8/7/2025,1:15,351.2
8/7/2025,1:30,344.8
8/7/2025,1:45,362.4
8/7/2025,2:00,344.8
8/7/2025,2:15,343.2
8/7/2025,2:30,368.8
8/7/2025,2:45,349.6
8/7/2025,3:00,403.2
8/7/2025,3:15,381.6
8/7/2025,3:30,380
8/7/2025,3:45,336
8/7/2025,4:00,343.2
8/7/2025,4:15,326.4
8/7/2025,4:30,330.4
8/7/2025,4:45,322.4
8/7/2025,5:00,289.6
8/7/2025,5:15,322.4
8/7/2025,5:30,307.2
8/7/2025,5:45,339.2
8/7/2025,6:00,339.2
8/7/2025,6:15,320
8/7/2025,6:30,349.6
8/7/2025,6:45,321.6
8/7/2025,7:00,320.8
8/7/2025,7:15,317.6
8/7/2025,7:30,308.8
8/7/2025,7:45,316
8/7/2025,8:00,318.4
8/7/2025,8:15,457.6
8/7/2025,8:30,425.6
8/7/2025,8:45,458.4
8/7/2025,9:00,442.4
8/7/2025,9:15,456.8
8/7/2025,9:30,456
8/7/2025,9:45,457.6
8/7/2025,10:00,468
8/7/2025,10:15,457.6
8/7/2025,10:30,455.2
8/7/2025,10:45,445.6
8/7/2025,11:00,448
8/7/2025,11:15,490.4
8/7/2025,11:30,456
8/7/2025,11:45,413.6
8/7/2025,12:00,406.4
8/7/2025,12:15,399.2
8/7/2025,12:30,391.2
8/7/2025,12:45,421.6
8/7/2025,13:00,458.4
8/7/2025,13:15,433.6
8/7/2025,13:30,433.6
8/7/2025,13:45,386.4
8/7/2025,14:00,386.4
8/7/2025,14:15,386.4
8/7/2025,14:30,414.4
8/7/2025,14:45,413.6
8/7/2025,15:00,458.4
8/7/2025,15:15,468
8/7/2025,15:30,429.6
8/7/2025,15:45,420
8/7/2025,16:00,384.8
8/7/2025,16:15,407.2
8/7/2025,16:30,411.2
8/7/2025,16:45,419.2
8/7/2025,17:00,400.8
8/7/2025,17:15,378.4
8/7/2025,17:30,417.6
8/7/2025,17:45,419.2
8/7/2025,18:00,412
8/7/2025,18:15,401.6
8/7/2025,18:30,366.4
8/7/2025,18:45,372.8
8/7/2025,19:00,360.8
8/7/2025,19:15,364.8
8/7/2025,19:30,366.4
8/7/2025,19:45,393.6
8/7/2025,20:00,435.2
8/7/2025,20:15,432.8
8/7/2025,20:30,420
8/7/2025,20:45,383.2
8/7/2025,21:00,374.4
8/7/2025,21:15,376
8/7/2025,21:30,371.2
8/7/2025,21:45,356.8
8/7/2025,22:00,364.8
8/7/2025,22:15,368
8/7/2025,22:30,375.2
8/7/2025,22:45,361.6
8/7/2025,23:00,360.8
8/7/2025,23:15,349.6
8/7/2025,23:30,339.2
8/7/2025,23:45,386.4
8/8/2025,0:00,392.8
8/8/2025,0:15,369.6
8/8/2025,0:30,341.6
8/8/2025,0:45,336.8
8/8/2025,1:00,339.2
8/8/2025,1:15,334.4
8/8/2025,1:30,318.4
8/8/2025,1:45,292.8
8/8/2025,2:00,297.6
8/8/2025,2:15,310.4
8/8/2025,2:30,288.8
8/8/2025,2:45,295.2
8/8/2025,3:00,296
8/8/2025,3:15,333.6
8/8/2025,3:30,327.2
8/8/2025,3:45,310.4
8/8/2025,4:00,298.4
8/8/2025,4:15,280.8
8/8/2025,4:30,300
8/8/2025,4:45,293.6
8/8/2025,5:00,296.8
8/8/2025,5:15,309.6
8/8/2025,5:30,324.8
8/8/2025,5:45,373.6
8/8/2025,6:00,377.6
8/8/2025,6:15,348
8/8/2025,6:30,314.4
8/8/2025,6:45,320.8
8/8/2025,7:00,316
8/8/2025,7:15,332
8/8/2025,7:30,325.6
8/8/2025,7:45,351.2
8/8/2025,8:00,409.6
8/8/2025,8:15,479.2
8/8/2025,8:30,473.6
8/8/2025,8:45,472.8
8/8/2025,9:00,489.6
8/8/2025,9:15,504.8
8/8/2025,9:30,520
8/8/2025,9:45,508
8/8/2025,10:00,508.8
8/8/2025,10:15,489.6
8/8/2025,10:30,481.6
8/8/2025,10:45,492.8
8/8/2025,11:00,516
8/8/2025,11:15,509.6
8/8/2025,11:30,481.6
8/8/2025,11:45,479.2
8/8/2025,12:00,468
8/8/2025,12:15,444
8/8/2025,12:30,480
8/8/2025,12:45,433.6
8/8/2025,13:00,422.4
8/8/2025,13:15,427.2
8/8/2025,13:30,428
8/8/2025,13:45,442.4
8/8/2025,14:00,442.4
8/8/2025,14:15,450.4
8/8/2025,14:30,449.6
8/8/2025,14:45,448
8/8/2025,15:00,436.8
8/8/2025,15:15,429.6
8/8/2025,15:30,436.8
8/8/2025,15:45,410.4
8/8/2025,16:00,403.2
8/8/2025,16:15,385.6
8/8/2025,16:30,404.8
8/8/2025,16:45,426.4
8/8/2025,17:00,448
8/8/2025,17:15,428
8/8/2025,17:30,372.8
8/8/2025,17:45,359.2
8/8/2025,18:00,386.4
8/8/2025,18:15,373.6
8/8/2025,18:30,364.8
8/8/2025,18:45,408
8/8/2025,19:00,421.6
8/8/2025,19:15,412
8/8/2025,19:30,397.6
8/8/2025,19:45,369.6
8/8/2025,20:00,371.2
8/8/2025,20:15,363.2
8/8/2025,20:30,376.8
8/8/2025,20:45,364
8/8/2025,21:00,373.6
8/8/2025,21:15,359.2
8/8/2025,21:30,353.6
8/8/2025,21:45,356.8
8/8/2025,22:00,364.8
8/8/2025,22:15,356
8/8/2025,22:30,409.6
8/8/2025,22:45,386.4
8/8/2025,23:00,356
8/8/2025,23:15,348
8/8/2025,23:30,372.8
8/8/2025,23:45,357.6
8/9/2025,0:00,340
8/9/2025,0:15,332.8
8/9/2025,0:30,348
8/9/2025,0:45,356
8/9/2025,1:00,336
8/9/2025,1:15,340.8
8/9/2025,1:30,337.6
8/9/2025,1:45,355.2
8/9/2025,2:00,408
8/9/2025,2:15,384.8
8/9/2025,2:30,335.2
8/9/2025,2:45,347.2
8/9/2025,3:00,298.4
8/9/2025,3:15,290.4
8/9/2025,3:30,300.8
8/9/2025,3:45,296.8
8/9/2025,4:00,308.8
8/9/2025,4:15,318.4
8/9/2025,4:30,293.6
8/9/2025,4:45,391.2
8/9/2025,5:00,328
8/9/2025,5:15,339.2
8/9/2025,5:30,302.4
8/9/2025,5:45,320
8/9/2025,6:00,304.8
8/9/2025,6:15,307.2
8/9/2025,6:30,314.4
8/9/2025,6:45,325.6
8/9/2025,7:00,338.4
8/9/2025,7:15,324
8/9/2025,7:30,331.2
8/9/2025,7:45,364
8/9/2025,8:00,396
8/9/2025,8:15,462.4
8/9/2025,8:30,476
8/9/2025,8:45,463.2
8/9/2025,9:00,492
8/9/2025,9:15,462.4
8/9/2025,9:30,455.2
8/9/2025,9:45,468
8/9/2025,10:00,494.4
8/9/2025,10:15,469.6
8/9/2025,10:30,491.2
8/9/2025,10:45,516
8/9/2025,11:00,444.8
8/9/2025,11:15,451.2
8/9/2025,11:30,439.2
8/9/2025,11:45,466.4
8/9/2025,12:00,448
8/9/2025,12:15,492.8
8/9/2025,12:30,460
8/9/2025,12:45,479.2
8/9/2025,13:00,414.4
8/9/2025,13:15,409.6
8/9/2025,13:30,400
8/9/2025,13:45,410.4
8/9/2025,14:00,400.8
8/9/2025,14:15,419.2
8/9/2025,14:30,476
8/9/2025,14:45,456.8
8/9/2025,15:00,457.6
8/9/2025,15:15,451.2
8/9/2025,15:30,408
8/9/2025,15:45,432.8
8/9/2025,16:00,413.6
8/9/2025,16:15,413.6
8/9/2025,16:30,424.8
8/9/2025,16:45,448
8/9/2025,17:00,456.8
8/9/2025,17:15,446.4
8/9/2025,17:30,438.4
8/9/2025,17:45,383.2
8/9/2025,18:00,377.6
8/9/2025,18:15,377.6
8/9/2025,18:30,360.8
8/9/2025,18:45,376.8
8/9/2025,19:00,374.4
8/9/2025,19:15,433.6
8/9/2025,19:30,404.8
8/9/2025,19:45,410.4
8/9/2025,20:00,432
8/9/2025,20:15,372.8
8/9/2025,20:30,383.2
8/9/2025,20:45,377.6
8/9/2025,21:00,376
8/9/2025,21:15,367.2
8/9/2025,21:30,380.8
8/9/2025,21:45,383.2
8/9/2025,22:00,390.4
8/9/2025,22:15,380
8/9/2025,22:30,347.2
8/9/2025,22:45,392
8/9/2025,23:00,390.4
8/9/2025,23:15,356
8/9/2025,23:30,387.2
8/9/2025,23:45,394.4
8/10/2025,0:00,344.8
8/10/2025,0:15,348.8
8/10/2025,0:30,347.2
8/10/2025,0:45,364.8
8/10/2025,1:00,343.2
8/10/2025,1:15,355.2
8/10/2025,1:30,344
8/10/2025,1:45,346.4
8/10/2025,2:00,318.4
8/10/2025,2:15,312
8/10/2025,2:30,321.6
8/10/2025,2:45,297.6
8/10/2025,3:00,334.4
8/10/2025,3:15,350.4
8/10/2025,3:30,311.2
8/10/2025,3:45,312.8
8/10/2025,4:00,300.8
8/10/2025,4:15,310.4
8/10/2025,4:30,317.6
8/10/2025,4:45,292.8
8/10/2025,5:00,293.6
8/10/2025,5:15,298.4
8/10/2025,5:30,285.6
8/10/2025,5:45,386.4
8/10/2025,6:00,336.8
8/10/2025,6:15,353.6
8/10/2025,6:30,332
8/10/2025,6:45,308.8
8/10/2025,7:00,322.4
8/10/2025,7:15,315.2
8/10/2025,7:30,354.4
8/10/2025,7:45,360.8
8/10/2025,8:00,389.6
8/10/2025,8:15,412
8/10/2025,8:30,471.2
8/10/2025,8:45,467.2
8/10/2025,9:00,459.2
8/10/2025,9:15,484
8/10/2025,9:30,467.2
8/10/2025,9:45,480.8
8/10/2025,10:00,496
8/10/2025,10:15,451.2
8/10/2025,10:30,444.8
8/10/2025,10:45,428.8
8/10/2025,11:00,416.8
8/10/2025,11:15,426.4
8/10/2025,11:30,423.2
8/10/2025,11:45,489.6
8/10/2025,12:00,456.8
8/10/2025,12:15,606.4
8/10/2025,12:30,424
8/10/2025,12:45,404.8
8/10/2025,13:00,434.4
8/10/2025,13:15,552.8
8/10/2025,13:30,522.4
8/10/2025,13:45,658.4
8/10/2025,14:00,719.2
8/10/2025,14:15,439.2
8/10/2025,14:30,463.2
8/10/2025,14:45,455.2
8/10/2025,15:00,388
8/10/2025,15:15,391.2
8/10/2025,15:30,399.2
8/10/2025,15:45,411.2
8/10/2025,16:00,495.2
8/10/2025,16:15,593.6
8/10/2025,16:30,447.2
8/10/2025,16:45,447.2
8/10/2025,17:00,447.2
8/10/2025,17:15,527.2
8/10/2025,17:30,484
8/10/2025,17:45,444.8
8/10/2025,18:00,401.6
8/10/2025,18:15,405.6
8/10/2025,18:30,438.4
8/10/2025,18:45,415.2
8/10/2025,19:00,448
8/10/2025,19:15,434.4
8/10/2025,19:30,425.6
8/10/2025,19:45,420
8/10/2025,20:00,412.8
8/10/2025,20:15,419.2
8/10/2025,20:30,434.4
8/10/2025,20:45,372.8
8/10/2025,21:00,376
8/10/2025,21:15,368.8
8/10/2025,21:30,371.2
8/10/2025,21:45,362.4
8/10/2025,22:00,363.2
8/10/2025,22:15,355.2
8/10/2025,22:30,362.4
8/10/2025,22:45,360.8
8/10/2025,23:00,352
8/10/2025,23:15,356
8/10/2025,23:30,345.6
8/10/2025,23:45,341.6
8/11/2025,0:00,384
8/11/2025,0:15,390.4
8/11/2025,0:30,338.4
8/11/2025,0:45,354.4
8/11/2025,1:00,361.6
8/11/2025,1:15,352
8/11/2025,1:30,330.4
8/11/2025,1:45,354.4
8/11/2025,2:00,336
8/11/2025,2:15,333.6
8/11/2025,2:30,328
8/11/2025,2:45,330.4
8/11/2025,3:00,340.8
8/11/2025,3:15,339.2
8/11/2025,3:30,323.2
8/11/2025,3:45,370.4
8/11/2025,4:00,378.4
8/11/2025,4:15,286.4
8/11/2025,4:30,281.6
8/11/2025,4:45,295.2
8/11/2025,5:00,285.6
8/11/2025,5:15,280.8
8/11/2025,5:30,300.8
8/11/2025,5:45,315.2
8/11/2025,6:00,292.8
8/11/2025,6:15,313.6
8/11/2025,6:30,297.6
8/11/2025,6:45,306.4
8/11/2025,7:00,296.8
8/11/2025,7:15,353.6
8/11/2025,7:30,379.2
8/11/2025,7:45,364.8
8/11/2025,8:00,385.6
8/11/2025,8:15,396.8
8/11/2025,8:30,456
8/11/2025,8:45,448.8
8/11/2025,9:00,457.6
8/11/2025,9:15,475.2
8/11/2025,9:30,604.8
8/11/2025,9:45,468.8
8/11/2025,10:00,468.8
8/11/2025,10:15,596.8
8/11/2025,10:30,475.2
8/11/2025,10:45,483.2
8/11/2025,11:00,727.2
8/11/2025,11:15,664
8/11/2025,11:30,406.4
8/11/2025,11:45,664
8/11/2025,12:00,432.8
8/11/2025,12:15,447.2
8/11/2025,12:30,444.8
8/11/2025,12:45,428.8
8/11/2025,13:00,400.8
8/11/2025,13:15,378.4
8/11/2025,13:30,385.6
8/11/2025,13:45,383.2
8/11/2025,14:00,411.2
8/11/2025,14:15,394.4
8/11/2025,14:30,420.8
8/11/2025,14:45,431.2
8/11/2025,15:00,444.8
8/11/2025,15:15,438.4
8/11/2025,15:30,401.6
8/11/2025,15:45,381.6
8/11/2025,16:00,389.6
8/11/2025,16:15,408.8
8/11/2025,16:30,396.8
8/11/2025,16:45,381.6
8/11/2025,17:00,392
8/11/2025,17:15,422.4
8/11/2025,17:30,412
8/11/2025,17:45,396.8
8/11/2025,18:00,369.6
8/11/2025,18:15,372
8/11/2025,18:30,352
8/11/2025,18:45,356.8
8/11/2025,19:00,357.6
8/11/2025,19:15,359.2
8/11/2025,19:30,363.2
8/11/2025,19:45,412.8
8/11/2025,20:00,400
8/11/2025,20:15,416
8/11/2025,20:30,368
8/11/2025,20:45,342.4
8/11/2025,21:00,351.2
8/11/2025,21:15,363.2
8/11/2025,21:30,353.6
8/11/2025,21:45,354.4
8/11/2025,22:00,360.8
8/11/2025,22:15,391.2
8/11/2025,22:30,376.8
8/11/2025,22:45,387.2
8/11/2025,23:00,385.6
8/11/2025,23:15,360
8/11/2025,23:30,336
8/11/2025,23:45,291.2
8/12/2025,0:00,288.8
8/12/2025,0:15,267.2
8/12/2025,0:30,271.2
8/12/2025,0:45,273.6
8/12/2025,1:00,270.4
8/12/2025,1:15,266.4
8/12/2025,1:30,281.6
8/12/2025,1:45,280.8
8/12/2025,2:00,277.6
8/12/2025,2:15,283.2
8/12/2025,2:30,269.6
8/12/2025,2:45,272
8/12/2025,3:00,283.2
8/12/2025,3:15,297.6
8/12/2025,3:30,329.6
8/12/2025,3:45,318.4
8/12/2025,4:00,268.8
8/12/2025,4:15,264
8/12/2025,4:30,276.8
8/12/2025,4:45,272.8
8/12/2025,5:00,284
8/12/2025,5:15,279.2
8/12/2025,5:30,280
8/12/2025,5:45,275.2
8/12/2025,6:00,286.4
8/12/2025,6:15,291.2
8/12/2025,6:30,280.8
8/12/2025,6:45,309.6
8/12/2025,7:00,331.2
8/12/2025,7:15,341.6
8/12/2025,7:30,339.2
8/12/2025,7:45,348
8/12/2025,8:00,377.6
8/12/2025,8:15,426.4
8/12/2025,8:30,422.4
8/12/2025,8:45,428
8/12/2025,9:00,451.2
8/12/2025,9:15,447.2
8/12/2025,9:30,443.2
8/12/2025,9:45,458.4
8/12/2025,10:00,463.2
8/12/2025,10:15,452.8
8/12/2025,10:30,446.4
8/12/2025,10:45,440
8/12/2025,11:00,428
8/12/2025,11:15,436.8
8/12/2025,11:30,380.8
8/12/2025,11:45,423.2
8/12/2025,12:00,384
8/12/2025,12:15,372.8
8/12/2025,12:30,380.8
8/12/2025,12:45,421.6
8/12/2025,13:00,433.6
8/12/2025,13:15,446.4
8/12/2025,13:30,382.4
8/12/2025,13:45,382.4
8/12/2025,14:00,380.8
8/12/2025,14:15,367.2
8/12/2025,14:30,391.2
8/12/2025,14:45,412
8/12/2025,15:00,416
8/12/2025,15:15,444.8
8/12/2025,15:30,435.2
8/12/2025,15:45,421.6
8/12/2025,16:00,432.8
8/12/2025,16:15,413.6
8/12/2025,16:30,389.6
8/12/2025,16:45,407.2
8/12/2025,17:00,392
8/12/2025,17:15,397.6
8/12/2025,17:30,452.8
8/12/2025,17:45,425.6
8/12/2025,18:00,416.8
8/12/2025,18:15,391.2
8/12/2025,18:30,368
8/12/2025,18:45,366.4
8/12/2025,19:00,360.8
8/12/2025,19:15,404.8
8/12/2025,19:30,360.8
8/12/2025,19:45,370.4
8/12/2025,20:00,365.6
8/12/2025,20:15,404.8
8/12/2025,20:30,424.8
8/12/2025,20:45,352.8
8/12/2025,21:00,384
8/12/2025,21:15,360.8
8/12/2025,21:30,380.8
8/12/2025,21:45,364.8
8/12/2025,22:00,380.8
8/12/2025,22:15,368.8
8/12/2025,22:30,352
8/12/2025,22:45,337.6
8/12/2025,23:00,348
8/12/2025,23:15,344.8
8/12/2025,23:30,336.8
8/12/2025,23:45,409.6
8/13/2025,0:00,372
8/13/2025,0:15,374.4
8/13/2025,0:30,333.6
8/13/2025,0:45,332.8
8/13/2025,1:00,334.4
8/13/2025,1:15,333.6
8/13/2025,1:30,313.6
8/13/2025,1:45,305.6
8/13/2025,2:00,301.6
8/13/2025,2:15,300.8
8/13/2025,2:30,280.8
8/13/2025,2:45,319.2
8/13/2025,3:00,306.4
8/13/2025,3:15,324
8/13/2025,3:30,329.6
8/13/2025,3:45,307.2
8/13/2025,4:00,295.2
8/13/2025,4:15,287.2
8/13/2025,4:30,293.6
8/13/2025,4:45,296.8
8/13/2025,5:00,308.8
8/13/2025,5:15,322.4
8/13/2025,5:30,297.6
8/13/2025,5:45,288
8/13/2025,6:00,300
8/13/2025,6:15,300.8
8/13/2025,6:30,350.4
8/13/2025,6:45,372
8/13/2025,7:00,362.4
8/13/2025,7:15,359.2
8/13/2025,7:30,375.2
8/13/2025,7:45,401.6
8/13/2025,8:00,442.4
8/13/2025,8:15,460.8
8/13/2025,8:30,469.6
8/13/2025,8:45,499.2
8/13/2025,9:00,477.6
8/13/2025,9:15,510.4
8/13/2025,9:30,512.8
8/13/2025,9:45,534.4
8/13/2025,10:00,475.2
8/13/2025,10:15,469.6
8/13/2025,10:30,482.4
8/13/2025,10:45,500.8
8/13/2025,11:00,464
8/13/2025,11:15,500.8
8/13/2025,11:30,484.8
8/13/2025,11:45,478.4
8/13/2025,12:00,498.4
8/13/2025,12:15,501.6
8/13/2025,12:30,458.4
8/13/2025,12:45,452
8/13/2025,13:00,399.2
8/13/2025,13:15,408.8
8/13/2025,13:30,441.6
8/13/2025,13:45,447.2
8/13/2025,14:00,456.8
8/13/2025,14:15,467.2
8/13/2025,14:30,435.2
8/13/2025,14:45,437.6
8/13/2025,15:00,408.8
8/13/2025,15:15,426.4
8/13/2025,15:30,415.2
8/13/2025,15:45,434.4
8/13/2025,16:00,404.8
8/13/2025,16:15,468
8/13/2025,16:30,460.8
8/13/2025,16:45,445.6
8/13/2025,17:00,432
8/13/2025,17:15,448.8
8/13/2025,17:30,388.8
8/13/2025,17:45,391.2
8/13/2025,18:00,407.2
8/13/2025,18:15,408.8
8/13/2025,18:30,408.8
8/13/2025,18:45,400.8
8/13/2025,19:00,421.6
8/13/2025,19:15,372.8
8/13/2025,19:30,376.8
8/13/2025,19:45,380.8
8/13/2025,20:00,370.4
8/13/2025,20:15,377.6
8/13/2025,20:30,394.4
8/13/2025,20:45,356.8
8/13/2025,21:00,366.4
8/13/2025,21:15,412
8/13/2025,21:30,405.6
8/13/2025,21:45,380
8/13/2025,22:00,368
8/13/2025,22:15,368.8
8/13/2025,22:30,357.6
8/13/2025,22:45,357.6
8/13/2025,23:00,344
8/13/2025,23:15,352
8/13/2025,23:30,344
8/13/2025,23:45,343.2
8/14/2025,0:00,347.2
8/14/2025,0:15,337.6
8/14/2025,0:30,346.4
8/14/2025,0:45,353.6
8/14/2025,1:00,360.8
8/14/2025,1:15,361.6
8/14/2025,1:30,313.6
8/14/2025,1:45,285.6
8/14/2025,2:00,299.2
8/14/2025,2:15,232.8
8/14/2025,2:30,240.8
8/14/2025,2:45,299.2
8/14/2025,3:00,305.6
8/14/2025,3:15,305.6
8/14/2025,3:30,304
8/14/2025,3:45,304
8/14/2025,4:00,300.8
8/14/2025,4:15,324.8
8/14/2025,4:30,333.6
8/14/2025,4:45,339.2
8/14/2025,5:00,292.8
8/14/2025,5:15,311.2
8/14/2025,5:30,308
8/14/2025,5:45,304.8
8/14/2025,6:00,327.2
8/14/2025,6:15,327.2
8/14/2025,6:30,311.2
8/14/2025,6:45,302.4
8/14/2025,7:00,362.4
8/14/2025,7:15,369.6
8/14/2025,7:30,380
8/14/2025,7:45,372
8/14/2025,8:00,420
8/14/2025,8:15,460.8
8/14/2025,8:30,471.2
8/14/2025,8:45,488.8
8/14/2025,9:00,494.4
8/14/2025,9:15,485.6
8/14/2025,9:30,490.4
8/14/2025,9:45,491.2
8/14/2025,10:00,474.4
8/14/2025,10:15,469.6
8/14/2025,10:30,469.6
8/14/2025,10:45,454.4
8/14/2025,11:00,501.6
8/14/2025,11:15,504
8/14/2025,11:30,465.6
8/14/2025,11:45,450.4
8/14/2025,12:00,448.8
8/14/2025,12:15,444
8/14/2025,12:30,431.2
8/14/2025,12:45,426.4
8/14/2025,13:00,432
8/14/2025,13:15,436
8/14/2025,13:30,448.8
8/14/2025,13:45,460
8/14/2025,14:00,384.8
8/14/2025,14:15,394.4
8/14/2025,14:30,401.6
8/14/2025,14:45,413.6
8/14/2025,15:00,393.6
8/14/2025,15:15,429.6
8/14/2025,15:30,426.4
8/14/2025,15:45,469.6
8/14/2025,16:00,406.4
8/14/2025,16:15,412
8/14/2025,16:30,434.4
8/14/2025,16:45,432.8
8/14/2025,17:00,410.4
8/14/2025,17:15,389.6
8/14/2025,17:30,388
8/14/2025,17:45,382.4
8/14/2025,18:00,426.4
8/14/2025,18:15,435.2
8/14/2025,18:30,422.4
8/14/2025,18:45,416
8/14/2025,19:00,389.6
8/14/2025,19:15,378.4
8/14/2025,19:30,387.2
8/14/2025,19:45,386.4
8/14/2025,20:00,373.6
8/14/2025,20:15,376
8/14/2025,20:30,382.4
8/14/2025,20:45,434.4
8/14/2025,21:00,415.2
8/14/2025,21:15,431.2
8/14/2025,21:30,368
8/14/2025,21:45,359.2
8/14/2025,22:00,388
8/14/2025,22:15,367.2
8/14/2025,22:30,353.6
8/14/2025,22:45,356
8/14/2025,23:00,361.6
8/14/2025,23:15,345.6
8/14/2025,23:30,346.4
8/14/2025,23:45,346.4
8/15/2025,0:00,344
8/15/2025,0:15,432.8
8/15/2025,0:30,376.8
8/15/2025,0:45,381.6
8/15/2025,1:00,364.8
8/15/2025,1:15,330.4
8/15/2025,1:30,340
8/15/2025,1:45,318.4
8/15/2025,2:00,314.4
8/15/2025,2:15,304
8/15/2025,2:30,294.4
8/15/2025,2:45,255.2
8/15/2025,3:00,292
8/15/2025,3:15,295.2
8/15/2025,3:30,296
8/15/2025,3:45,333.6
8/15/2025,4:00,351.2
8/15/2025,4:15,303.2
8/15/2025,4:30,288
8/15/2025,4:45,307.2
8/15/2025,5:00,300.8
8/15/2025,5:15,309.6
8/15/2025,5:30,312
8/15/2025,5:45,315.2
8/15/2025,6:00,368
8/15/2025,6:15,316.8
8/15/2025,6:30,308
8/15/2025,6:45,308
8/15/2025,7:00,321.6
8/15/2025,7:15,347.2
8/15/2025,7:30,364
8/15/2025,7:45,355.2
8/15/2025,8:00,372
8/15/2025,8:15,412.8
8/15/2025,8:30,456
8/15/2025,8:45,455.2
8/15/2025,9:00,464
8/15/2025,9:15,461.6
8/15/2025,9:30,468
8/15/2025,9:45,459.2
8/15/2025,10:00,456
8/15/2025,10:15,467.2
8/15/2025,10:30,477.6
8/15/2025,10:45,441.6
8/15/2025,11:00,418.4
8/15/2025,11:15,428.8
8/15/2025,11:30,452.8
8/15/2025,11:45,454.4
8/15/2025,12:00,444.8
8/15/2025,12:15,451.2
8/15/2025,12:30,460.8
8/15/2025,12:45,400
8/15/2025,13:00,395.2
8/15/2025,13:15,422.4
8/15/2025,13:30,388.8
8/15/2025,13:45,385.6
8/15/2025,14:00,427.2
8/15/2025,14:15,456
8/15/2025,14:30,456
8/15/2025,14:45,440.8
8/15/2025,15:00,474.4
8/15/2025,15:15,504.8
8/15/2025,15:30,485.6
8/15/2025,15:45,450.4
8/15/2025,16:00,480.8
8/15/2025,16:15,489.6
8/15/2025,16:30,448
8/15/2025,16:45,436
8/15/2025,17:00,444
8/15/2025,17:15,440.8
8/15/2025,17:30,435.2
8/15/2025,17:45,443.2
8/15/2025,18:00,427.2
8/15/2025,18:15,416
8/15/2025,18:30,411.2
8/15/2025,18:45,424.8
8/15/2025,19:00,438.4
8/15/2025,19:15,416.8
8/15/2025,19:30,392
8/15/2025,19:45,388
8/15/2025,20:00,381.6
8/15/2025,20:15,380.8
8/15/2025,20:30,386.4
8/15/2025,20:45,375.2
8/15/2025,21:00,408
8/15/2025,21:15,404.8
8/15/2025,21:30,408.8
8/15/2025,21:45,370.4
8/15/2025,22:00,370.4
8/15/2025,22:15,372
8/15/2025,22:30,378.4
8/15/2025,22:45,359.2
8/15/2025,23:00,363.2
8/15/2025,23:15,352.8
8/15/2025,23:30,359.2
8/15/2025,23:45,354.4
8/16/2025,0:00,361.6
8/16/2025,0:15,360.8
8/16/2025,0:30,344.8
8/16/2025,0:45,389.6
8/16/2025,1:00,392.8
8/16/2025,1:15,316.8
8/16/2025,1:30,320
8/16/2025,1:45,292
8/16/2025,2:00,305.6
8/16/2025,2:15,312
8/16/2025,2:30,311.2
8/16/2025,2:45,289.6
8/16/2025,3:00,288
8/16/2025,3:15,313.6
8/16/2025,3:30,304
8/16/2025,3:45,290.4
8/16/2025,4:00,285.6
8/16/2025,4:15,345.6
8/16/2025,4:30,341.6
8/16/2025,4:45,320
8/16/2025,5:00,299.2
8/16/2025,5:15,292
8/16/2025,5:30,306.4
8/16/2025,5:45,323.2
8/16/2025,6:00,321.6
8/16/2025,6:15,301.6
8/16/2025,6:30,325.6
8/16/2025,6:45,299.2
8/16/2025,7:00,318.4
8/16/2025,7:15,362.4
8/16/2025,7:30,360
8/16/2025,7:45,372
8/16/2025,8:00,383.2
8/16/2025,8:15,404
8/16/2025,8:30,389.6
8/16/2025,8:45,460.8
8/16/2025,9:00,476.8
8/16/2025,9:15,459.2
8/16/2025,9:30,493.6
8/16/2025,9:45,451.2
8/16/2025,10:00,419.2
8/16/2025,10:15,419.2
8/16/2025,10:30,445.6
8/16/2025,10:45,420
8/16/2025,11:00,436.8
8/16/2025,11:15,480.8
8/16/2025,11:30,465.6
8/16/2025,11:45,481.6
8/16/2025,12:00,428.8
8/16/2025,12:15,428.8
8/16/2025,12:30,416
8/16/2025,12:45,388
8/16/2025,13:00,391.2
8/16/2025,13:15,412.8
8/16/2025,13:30,403.2
8/16/2025,13:45,395.2
8/16/2025,14:00,423.2
8/16/2025,14:15,437.6
8/16/2025,14:30,447.2
8/16/2025,14:45,390.4
8/16/2025,15:00,397.6
8/16/2025,15:15,412
8/16/2025,15:30,396.8
8/16/2025,15:45,418.4
8/16/2025,16:00,462.4
8/16/2025,16:15,417.6
8/16/2025,16:30,406.4
8/16/2025,16:45,405.6
8/16/2025,17:00,377.6
8/16/2025,17:15,399.2
8/16/2025,17:30,435.2
8/16/2025,17:45,412.8
8/16/2025,18:00,374.4
8/16/2025,18:15,403.2
8/16/2025,18:30,362.4
8/16/2025,18:45,373.6
8/16/2025,19:00,395.2
8/16/2025,19:15,368.8
8/16/2025,19:30,384.8
8/16/2025,19:45,377.6
8/16/2025,20:00,387.2
8/16/2025,20:15,369.6
8/16/2025,20:30,369.6
8/16/2025,20:45,419.2
8/16/2025,21:00,427.2
8/16/2025,21:15,382.4
8/16/2025,21:30,374.4
8/16/2025,21:45,362.4
8/16/2025,22:00,365.6
8/16/2025,22:15,366.4
8/16/2025,22:30,363.2
8/16/2025,22:45,352.8
8/16/2025,23:00,348
8/16/2025,23:15,352.8
8/16/2025,23:30,421.6
8/16/2025,23:45,413.6
8/17/2025,0:00,344.8
8/17/2025,0:15,342.4
8/17/2025,0:30,347.2
8/17/2025,0:45,350.4
8/17/2025,1:00,354.4
8/17/2025,1:15,329.6
8/17/2025,1:30,335.2
8/17/2025,1:45,344
8/17/2025,2:00,329.6
8/17/2025,2:15,384
8/17/2025,2:30,372
8/17/2025,2:45,300.8
8/17/2025,3:00,320
8/17/2025,3:15,317.6
8/17/2025,3:30,299.2
8/17/2025,3:45,298.4
8/17/2025,4:00,354.4
8/17/2025,4:15,308.8
8/17/2025,4:30,325.6
8/17/2025,4:45,293.6
8/17/2025,5:00,332
8/17/2025,5:15,348
8/17/2025,5:30,323.2
8/17/2025,5:45,344
8/17/2025,6:00,304
8/17/2025,6:15,315.2
8/17/2025,6:30,321.6
8/17/2025,6:45,319.2
8/17/2025,7:00,340
8/17/2025,7:15,317.6
8/17/2025,7:30,349.6
8/17/2025,7:45,391.2
8/17/2025,8:00,380
8/17/2025,8:15,425.6
8/17/2025,8:30,396.8
8/17/2025,8:45,408.8
8/17/2025,9:00,452.8
8/17/2025,9:15,446.4
8/17/2025,9:30,452
8/17/2025,9:45,460
8/17/2025,10:00,450.4
8/17/2025,10:15,397.6
8/17/2025,10:30,399.2
8/17/2025,10:45,389.6
8/17/2025,11:00,420
8/17/2025,11:15,409.6
8/17/2025,11:30,404.8
8/17/2025,11:45,409.6
8/17/2025,12:00,460
8/17/2025,12:15,415.2
8/17/2025,12:30,382.4
8/17/2025,12:45,378.4
8/17/2025,13:00,422.4
8/17/2025,13:15,381.6
8/17/2025,13:30,390.4
8/17/2025,13:45,385.6
8/17/2025,14:00,378.4
8/17/2025,14:15,461.6
8/17/2025,14:30,440.8
8/17/2025,14:45,379.2
8/17/2025,15:00,376.8
8/17/2025,15:15,380.8
8/17/2025,15:30,381.6
8/17/2025,15:45,420
8/17/2025,16:00,423.2
8/17/2025,16:15,396.8
8/17/2025,16:30,440.8
8/17/2025,16:45,452
8/17/2025,17:00,399.2
8/17/2025,17:15,383.2
8/17/2025,17:30,390.4
8/17/2025,17:45,380
8/17/2025,18:00,380
8/17/2025,18:15,364.8
8/17/2025,18:30,377.6
8/17/2025,18:45,419.2
8/17/2025,19:00,412.8
8/17/2025,19:15,375.2
8/17/2025,19:30,376.8
8/17/2025,19:45,404
8/17/2025,20:00,372.8
8/17/2025,20:15,424.8
8/17/2025,20:30,398.4
8/17/2025,20:45,389.6
8/17/2025,21:00,373.6
8/17/2025,21:15,381.6
8/17/2025,21:30,363.2
8/17/2025,21:45,370.4
8/17/2025,22:00,374.4
8/17/2025,22:15,376.8
8/17/2025,22:30,426.4
8/17/2025,22:45,391.2
8/17/2025,23:00,344
8/17/2025,23:15,342.4
8/17/2025,23:30,357.6
8/17/2025,23:45,348
8/18/2025,0:00,343.2
8/18/2025,0:15,341.6
8/18/2025,0:30,348
8/18/2025,0:45,401.6
8/18/2025,1:00,380.8
8/18/2025,1:15,333.6
8/18/2025,1:30,331.2
8/18/2025,1:45,340
8/18/2025,2:00,328.8
8/18/2025,2:15,327.2
8/18/2025,2:30,330.4
8/18/2025,2:45,304
8/18/2025,3:00,353.6
8/18/2025,3:15,313.6
8/18/2025,3:30,307.2
8/18/2025,3:45,306.4
8/18/2025,4:00,334.4
8/18/2025,4:15,316.8
8/18/2025,4:30,315.2
8/18/2025,4:45,339.2
8/18/2025,5:00,394.4
8/18/2025,5:15,352
8/18/2025,5:30,336
8/18/2025,5:45,336
8/18/2025,6:00,345.6
8/18/2025,6:15,335.2
8/18/2025,6:30,324
8/18/2025,6:45,335.2
8/18/2025,7:00,404.8
8/18/2025,7:15,336
8/18/2025,7:30,339.2
8/18/2025,7:45,334.4
8/18/2025,8:00,348
8/18/2025,8:15,444
8/18/2025,8:30,459.2
8/18/2025,8:45,474.4
8/18/2025,9:00,506.4
8/18/2025,9:15,509.6
8/18/2025,9:30,536
8/18/2025,9:45,526.4
8/18/2025,10:00,500
8/18/2025,10:15,488.8
8/18/2025,10:30,495.2
8/18/2025,10:45,510.4
8/18/2025,11:00,528.8
8/18/2025,11:15,512
8/18/2025,11:30,505.6
8/18/2025,11:45,492
8/18/2025,12:00,499.2
8/18/2025,12:15,500.8
8/18/2025,12:30,493.6
8/18/2025,12:45,476.8
8/18/2025,13:00,479.2
8/18/2025,13:15,472.8
8/18/2025,13:30,485.6
8/18/2025,13:45,481.6
8/18/2025,14:00,488.8
8/18/2025,14:15,328.8
8/18/2025,14:30,302.4
8/18/2025,14:45,272.8
8/18/2025,15:00,280.8
8/18/2025,15:15,299.2
8/18/2025,15:30,293.6
8/18/2025,15:45,289.6
8/18/2025,16:00,292.8
8/18/2025,16:15,316.8
8/18/2025,16:30,323.2
8/18/2025,16:45,298.4
8/18/2025,17:00,302.4
8/18/2025,17:15,302.4
8/18/2025,17:30,320
8/18/2025,17:45,300
8/18/2025,18:00,301.6
8/18/2025,18:15,296.8
8/18/2025,18:30,296.8
8/18/2025,18:45,288
8/18/2025,19:00,320
8/18/2025,19:15,299.2
8/18/2025,19:30,288.8
8/18/2025,19:45,295.2
8/18/2025,20:00,281.6
8/18/2025,20:15,280.8
8/18/2025,20:30,283.2
8/18/2025,20:45,297.6
8/18/2025,21:00,304
8/18/2025,21:15,284
8/18/2025,21:30,285.6
8/18/2025,21:45,282.4
8/18/2025,22:00,274.4
8/18/2025,22:15,282.4
8/18/2025,22:30,278.4
8/18/2025,22:45,273.6
8/18/2025,23:00,272.8
8/18/2025,23:15,274.4
8/18/2025,23:30,269.6
8/18/2025,23:45,270.4
8/19/2025,0:00,269.6
8/19/2025,0:15,282.4
8/19/2025,0:30,270.4
8/19/2025,0:45,265.6
8/19/2025,1:00,264
8/19/2025,1:15,262.4
8/19/2025,1:30,266.4
8/19/2025,1:45,260.8
8/19/2025,2:00,262.4
8/19/2025,2:15,262.4
8/19/2025,2:30,260.8
8/19/2025,2:45,260
8/19/2025,3:00,271.2
8/19/2025,3:15,246.4
8/19/2025,3:30,255.2
8/19/2025,3:45,252.8
8/19/2025,4:00,247.2
8/19/2025,4:15,254.4
8/19/2025,4:30,238.4
8/19/2025,4:45,251.2
8/19/2025,5:00,205.6
8/19/2025,5:15,217.6
8/19/2025,5:30,223.2
8/19/2025,5:45,224
8/19/2025,6:00,232
8/19/2025,6:15,215.2
8/19/2025,6:30,218.4
8/19/2025,6:45,218.4
8/19/2025,7:00,220
8/19/2025,7:15,218.4
8/19/2025,7:30,232.8
8/19/2025,7:45,264.8
8/19/2025,8:00,285.6
8/19/2025,8:15,292
8/19/2025,8:30,284
8/19/2025,8:45,294.4
8/19/2025,9:00,295.2
8/19/2025,9:15,304.8
8/19/2025,9:30,314.4
8/19/2025,9:45,323.2
8/19/2025,10:00,296
8/19/2025,10:15,290.4
8/19/2025,10:30,306.4
8/19/2025,10:45,292
8/19/2025,11:00,292.8
8/19/2025,11:15,288
8/19/2025,11:30,295.2
8/19/2025,11:45,292
8/19/2025,12:00,288.8
8/19/2025,12:15,296
8/19/2025,12:30,295.2
8/19/2025,12:45,299.2
8/19/2025,13:00,288
8/19/2025,13:15,303.2
8/19/2025,13:30,291.2
8/19/2025,13:45,292.8
8/19/2025,14:00,276.8
8/19/2025,14:15,287.2
8/19/2025,14:30,287.2
8/19/2025,14:45,288.8
8/19/2025,15:00,288
8/19/2025,15:15,292
8/19/2025,15:30,288
8/19/2025,15:45,304
8/19/2025,16:00,332.8
8/19/2025,16:15,305.6
8/19/2025,16:30,294.4
8/19/2025,16:45,298.4
8/19/2025,17:00,290.4
8/19/2025,17:15,297.6
8/19/2025,17:30,295.2
8/19/2025,17:45,281.6
8/19/2025,18:00,286.4
8/19/2025,18:15,284.8
8/19/2025,18:30,273.6
8/19/2025,18:45,275.2
8/19/2025,19:00,286.4
8/19/2025,19:15,282.4
8/19/2025,19:30,284
8/19/2025,19:45,284.8
8/19/2025,20:00,283.2
8/19/2025,20:15,284
8/19/2025,20:30,292.8
8/19/2025,20:45,286.4
8/19/2025,21:00,282.4
8/19/2025,21:15,279.2
8/19/2025,21:30,280.8
8/19/2025,21:45,278.4
8/19/2025,22:00,280
8/19/2025,22:15,280.8
8/19/2025,22:30,274.4
8/19/2025,22:45,276.8
8/19/2025,23:00,273.6
8/19/2025,23:15,275.2
8/19/2025,23:30,271.2
8/19/2025,23:45,272
8/20/2025,0:00,279.2
8/20/2025,0:15,268
8/20/2025,0:30,268.8
8/20/2025,0:45,269.6
8/20/2025,1:00,268
8/20/2025,1:15,266.4
8/20/2025,1:30,273.6
8/20/2025,1:45,264.8
8/20/2025,2:00,266.4
8/20/2025,2:15,264
8/20/2025,2:30,268.8
8/20/2025,2:45,264.8
8/20/2025,3:00,266.4
8/20/2025,3:15,263.2
8/20/2025,3:30,263.2
8/20/2025,3:45,263.2
8/20/2025,4:00,257.6
8/20/2025,4:15,258.4
8/20/2025,4:30,263.2
8/20/2025,4:45,264.8
8/20/2025,5:00,269.6
8/20/2025,5:15,260.8
8/20/2025,5:30,273.6
8/20/2025,5:45,281.6
8/20/2025,6:00,268.8
8/20/2025,6:15,264.8
8/20/2025,6:30,268.8
8/20/2025,6:45,277.6
8/20/2025,7:00,268.8
8/20/2025,7:15,270.4
8/20/2025,7:30,278.4
8/20/2025,7:45,289.6
8/20/2025,8:00,295.2
8/20/2025,8:15,289.6
8/20/2025,8:30,297.6
8/20/2025,8:45,291.2
8/20/2025,9:00,316
8/20/2025,9:15,320.8
8/20/2025,9:30,332.8
8/20/2025,9:45,312
8/20/2025,10:00,300.8
8/20/2025,10:15,306.4
8/20/2025,10:30,295.2
8/20/2025,10:45,300.8
8/20/2025,11:00,305.6
8/20/2025,11:15,312.8
8/20/2025,11:30,309.6
8/20/2025,11:45,302.4
8/20/2025,12:00,298.4
8/20/2025,12:15,304
8/20/2025,12:30,322.4
8/20/2025,12:45,316
8/20/2025,13:00,296
8/20/2025,13:15,299.2
8/20/2025,13:30,297.6
8/20/2025,13:45,305.6
8/20/2025,14:00,296.8
8/20/2025,14:15,300.8
8/20/2025,14:30,303.2
8/20/2025,14:45,300
8/20/2025,15:00,301.6
8/20/2025,15:15,312.8
8/20/2025,15:30,306.4
8/20/2025,15:45,307.2
8/20/2025,16:00,326.4
8/20/2025,16:15,336
8/20/2025,16:30,332
8/20/2025,16:45,312
8/20/2025,17:00,316.8
8/20/2025,17:15,321.6
8/20/2025,17:30,299.2
8/20/2025,17:45,293.6
8/20/2025,18:00,296
8/20/2025,18:15,284
8/20/2025,18:30,282.4
8/20/2025,18:45,281.6
8/20/2025,19:00,289.6
8/20/2025,19:15,291.2
8/20/2025,19:30,289.6
8/20/2025,19:45,291.2
8/20/2025,20:00,293.6
8/20/2025,20:15,292
8/20/2025,20:30,305.6
8/20/2025,20:45,288
8/20/2025,21:00,282.4
8/20/2025,21:15,286.4
8/20/2025,21:30,280.8
8/20/2025,21:45,276.8
8/20/2025,22:00,284
8/20/2025,22:15,281.6
8/20/2025,22:30,272
8/20/2025,22:45,272
8/20/2025,23:00,276
8/20/2025,23:15,272
8/20/2025,23:30,277.6
8/20/2025,23:45,274.4
8/21/2025,0:00,274.4
8/21/2025,0:15,275.2
8/21/2025,0:30,272.8
8/21/2025,0:45,271.2
8/21/2025,1:00,272
8/21/2025,1:15,272
8/21/2025,1:30,270.4
8/21/2025,1:45,267.2
8/21/2025,2:00,271.2
8/21/2025,2:15,272
8/21/2025,2:30,268.8
8/21/2025,2:45,282.4
8/21/2025,3:00,268.8
8/21/2025,3:15,271.2
8/21/2025,3:30,272.8
8/21/2025,3:45,274.4
8/21/2025,4:00,270.4
8/21/2025,4:15,269.6
8/21/2025,4:30,269.6
8/21/2025,4:45,269.6
8/21/2025,5:00,268
8/21/2025,5:15,284
8/21/2025,5:30,273.6
8/21/2025,5:45,262.4
8/21/2025,6:00,255.2
8/21/2025,6:15,256
8/21/2025,6:30,259.2
8/21/2025,6:45,259.2
8/21/2025,7:00,261.6
8/21/2025,7:15,277.6
8/21/2025,7:30,260.8
8/21/2025,7:45,264.8
8/21/2025,8:00,292.8
8/21/2025,8:15,317.6
8/21/2025,8:30,311.2
8/21/2025,8:45,323.2
8/21/2025,9:00,324
8/21/2025,9:15,333.6
8/21/2025,9:30,341.6
8/21/2025,9:45,320
8/21/2025,10:00,304
8/21/2025,10:15,300.8
8/21/2025,10:30,301.6
8/21/2025,10:45,318.4
8/21/2025,11:00,311.2
8/21/2025,11:15,310.4
8/21/2025,11:30,325.6
8/21/2025,11:45,313.6
8/21/2025,12:00,296
8/21/2025,12:15,300.8
8/21/2025,12:30,301.6
8/21/2025,12:45,300.8
8/21/2025,13:00,307.2
8/21/2025,13:15,305.6
8/21/2025,13:30,292
8/21/2025,13:45,288
8/21/2025,14:00,324.8
8/21/2025,14:15,292
8/21/2025,14:30,296
8/21/2025,14:45,291.2
8/21/2025,15:00,297.6
8/21/2025,15:15,309.6
8/21/2025,15:30,324
8/21/2025,15:45,326.4
8/21/2025,16:00,304.8
8/21/2025,16:15,298.4
8/21/2025,16:30,292.8
8/21/2025,16:45,304
8/21/2025,17:00,313.6
8/21/2025,17:15,280.8
8/21/2025,17:30,296
8/21/2025,17:45,284
8/21/2025,18:00,291.2
8/21/2025,18:15,269.6
8/21/2025,18:30,281.6
8/21/2025,18:45,285.6
8/21/2025,19:00,284
8/21/2025,19:15,282.4
8/21/2025,19:30,289.6
8/21/2025,19:45,276.8
8/21/2025,20:00,278.4
8/21/2025,20:15,272.8
8/21/2025,20:30,270.4
8/21/2025,20:45,272.8
8/21/2025,21:00,272.8
8/21/2025,21:15,275.2
8/21/2025,21:30,273.6
8/21/2025,21:45,272
8/21/2025,22:00,275.2
8/21/2025,22:15,277.6
8/21/2025,22:30,266.4
8/21/2025,22:45,257.6
8/21/2025,23:00,284
8/21/2025,23:15,271.2
8/21/2025,23:30,271.2
8/21/2025,23:45,266.4
8/22/2025,0:00,266.4
8/22/2025,0:15,280
8/22/2025,0:30,268
8/22/2025,0:45,266.4
8/22/2025,1:00,264
8/22/2025,1:15,264
8/22/2025,1:30,262.4
8/22/2025,1:45,264.8
8/22/2025,2:00,253.6
8/22/2025,2:15,256.8
8/22/2025,2:30,255.2
8/22/2025,2:45,260
8/22/2025,3:00,258.4
8/22/2025,3:15,259.2
8/22/2025,3:30,260.8
8/22/2025,3:45,264.8
8/22/2025,4:00,266.4
8/22/2025,4:15,256
8/22/2025,4:30,242.4
8/22/2025,4:45,245.6
8/22/2025,5:00,246.4
8/22/2025,5:15,246.4
8/22/2025,5:30,244
8/22/2025,5:45,253.6
8/22/2025,6:00,258.4
8/22/2025,6:15,244.8
8/22/2025,6:30,252.8
8/22/2025,6:45,233.6
8/22/2025,7:00,240.8
8/22/2025,7:15,228
8/22/2025,7:30,236
8/22/2025,7:45,248
8/22/2025,8:00,238.4
8/22/2025,8:15,280.8
8/22/2025,8:30,291.2
8/22/2025,8:45,296
8/22/2025,9:00,309.6
8/22/2025,9:15,311.2
8/22/2025,9:30,308
8/22/2025,9:45,306.4
8/22/2025,10:00,296
8/22/2025,10:15,295.2
8/22/2025,10:30,289.6
8/22/2025,10:45,290.4
8/22/2025,11:00,303.2
8/22/2025,11:15,293.6
8/22/2025,11:30,288.8
8/22/2025,11:45,304
8/22/2025,12:00,323.2
8/22/2025,12:15,306.4
8/22/2025,12:30,292
8/22/2025,12:45,290.4
8/22/2025,13:00,288
8/22/2025,13:15,289.6
8/22/2025,13:30,291.2
8/22/2025,13:45,322.4
8/22/2025,14:00,324.8
8/22/2025,14:15,320
8/22/2025,14:30,342.4
8/22/2025,14:45,303.2
8/22/2025,15:00,304.8
8/22/2025,15:15,300
8/22/2025,15:30,304.8
8/22/2025,15:45,327.2
8/22/2025,16:00,312
8/22/2025,16:15,308.8
8/22/2025,16:30,291.2
8/22/2025,16:45,307.2
8/22/2025,17:00,283.2
8/22/2025,17:15,285.6
8/22/2025,17:30,285.6
8/22/2025,17:45,270.4
8/22/2025,18:00,276
8/22/2025,18:15,275.2
8/22/2025,18:30,268.8
8/22/2025,18:45,257.6
8/22/2025,19:00,280.8
8/22/2025,19:15,276.8
8/22/2025,19:30,275.2
8/22/2025,19:45,276
8/22/2025,20:00,291.2
8/22/2025,20:15,281.6
8/22/2025,20:30,273.6
8/22/2025,20:45,280
8/22/2025,21:00,276
8/22/2025,21:15,275.2
8/22/2025,21:30,273.6
8/22/2025,21:45,270.4
8/22/2025,22:00,272.8
8/22/2025,22:15,290.4
8/22/2025,22:30,264.8
8/22/2025,22:45,266.4
8/22/2025,23:00,275.2
8/22/2025,23:15,265.6
8/22/2025,23:30,265.6
8/22/2025,23:45,265.6
8/23/2025,0:00,265.6
8/23/2025,0:15,262.4
8/23/2025,0:30,268
8/23/2025,0:45,262.4
8/23/2025,1:00,262.4
8/23/2025,1:15,260
8/23/2025,1:30,258.4
8/23/2025,1:45,260
8/23/2025,2:00,258.4
8/23/2025,2:15,260
8/23/2025,2:30,264
8/23/2025,2:45,257.6
8/23/2025,3:00,259.2
8/23/2025,3:15,236
8/23/2025,3:30,240
8/23/2025,3:45,242.4
8/23/2025,4:00,244
8/23/2025,4:15,228
8/23/2025,4:30,219.2
8/23/2025,4:45,217.6
8/23/2025,5:00,216
8/23/2025,5:15,230.4
8/23/2025,5:30,218.4
8/23/2025,5:45,236
8/23/2025,6:00,238.4
8/23/2025,6:15,236
8/23/2025,6:30,229.6
8/23/2025,6:45,226.4
8/23/2025,7:00,233.6
8/23/2025,7:15,229.6
8/23/2025,7:30,267.2
8/23/2025,7:45,246.4
8/23/2025,8:00,281.6
8/23/2025,8:15,281.6
8/23/2025,8:30,288.8
8/23/2025,8:45,285.6
8/23/2025,9:00,300
8/23/2025,9:15,300
8/23/2025,9:30,304.8
8/23/2025,9:45,306.4
8/23/2025,10:00,305.6
8/23/2025,10:15,293.6
8/23/2025,10:30,296.8
8/23/2025,10:45,291.2
8/23/2025,11:00,300.8
8/23/2025,11:15,298.4
8/23/2025,11:30,307.2
8/23/2025,11:45,301.6
8/23/2025,12:00,302.4
8/23/2025,12:15,305.6
8/23/2025,12:30,304
8/23/2025,12:45,315.2
8/23/2025,13:00,301.6
8/23/2025,13:15,298.4
8/23/2025,13:30,295.2
8/23/2025,13:45,298.4
8/23/2025,14:00,291.2
8/23/2025,14:15,293.6
8/23/2025,14:30,293.6
8/23/2025,14:45,304.8
8/23/2025,15:00,294.4
8/23/2025,15:15,303.2
8/23/2025,15:30,297.6
8/23/2025,15:45,305.6
8/23/2025,16:00,295.2
8/23/2025,16:15,308
8/23/2025,16:30,304.8
8/23/2025,16:45,314.4
8/23/2025,17:00,300.8
8/23/2025,17:15,302.4
8/23/2025,17:30,304
8/23/2025,17:45,297.6
8/23/2025,18:00,285.6
8/23/2025,18:15,288.8
8/23/2025,18:30,282.4
8/23/2025,18:45,284.8
8/23/2025,19:00,316.8
8/23/2025,19:15,293.6
8/23/2025,19:30,292.8
8/23/2025,19:45,282.4
8/23/2025,20:00,291.2
8/23/2025,20:15,292
8/23/2025,20:30,308
8/23/2025,20:45,292
8/23/2025,21:00,318.4
8/23/2025,21:15,292.8
8/23/2025,21:30,296.8
8/23/2025,21:45,291.2
8/23/2025,22:00,292.8
8/23/2025,22:15,294.4
8/23/2025,22:30,283.2
8/23/2025,22:45,288.8
8/23/2025,23:00,280
8/23/2025,23:15,276.8
8/23/2025,23:30,276.8
8/23/2025,23:45,285.6
8/24/2025,0:00,268.8
8/24/2025,0:15,290.4
8/24/2025,0:30,274.4
8/24/2025,0:45,272
8/24/2025,1:00,273.6
8/24/2025,1:15,270.4
8/24/2025,1:30,269.6
8/24/2025,1:45,269.6
8/24/2025,2:00,270.4
8/24/2025,2:15,269.6
8/24/2025,2:30,269.6
8/24/2025,2:45,269.6
8/24/2025,3:00,257.6
8/24/2025,3:15,255.2
8/24/2025,3:30,239.2
8/24/2025,3:45,224.8
8/24/2025,4:00,240.8
8/24/2025,4:15,217.6
8/24/2025,4:30,219.2
8/24/2025,4:45,219.2
8/24/2025,5:00,237.6
8/24/2025,5:15,218.4
8/24/2025,5:30,220
8/24/2025,5:45,217.6
8/24/2025,6:00,237.6
8/24/2025,6:15,255.2
8/24/2025,6:30,248
8/24/2025,6:45,228.8
8/24/2025,7:00,244.8
8/24/2025,7:15,251.2
8/24/2025,7:30,280
8/24/2025,7:45,299.2
8/24/2025,8:00,308
8/24/2025,8:15,292
8/24/2025,8:30,306.4
8/24/2025,8:45,304.8
8/24/2025,9:00,327.2
8/24/2025,9:15,338.4
8/24/2025,9:30,330.4
8/24/2025,9:45,315.2
8/24/2025,10:00,304
8/24/2025,10:15,294.4
8/24/2025,10:30,296
8/24/2025,10:45,306.4
8/24/2025,11:00,295.2
8/24/2025,11:15,296.8
8/24/2025,11:30,301.6
8/24/2025,11:45,308.8
8/24/2025,12:00,316.8
8/24/2025,12:15,312.8
8/24/2025,12:30,313.6
8/24/2025,12:45,296
8/24/2025,13:00,311.2
8/24/2025,13:15,305.6
8/24/2025,13:30,306.4
8/24/2025,13:45,296.8
8/24/2025,14:00,300
8/24/2025,14:15,296.8
8/24/2025,14:30,304
8/24/2025,14:45,316
8/24/2025,15:00,296
8/24/2025,15:15,301.6
8/24/2025,15:30,299.2
8/24/2025,15:45,321.6
8/24/2025,16:00,322.4
8/24/2025,16:15,324.8
8/24/2025,16:30,298.4
8/24/2025,16:45,312.8
8/24/2025,17:00,316.8
8/24/2025,17:15,311.2
8/24/2025,17:30,314.4
8/24/2025,17:45,303.2
8/24/2025,18:00,290.4
8/24/2025,18:15,312.8
8/24/2025,18:30,293.6
8/24/2025,18:45,287.2
8/24/2025,19:00,297.6
8/24/2025,19:15,299.2
8/24/2025,19:30,300
8/24/2025,19:45,302.4
8/24/2025,20:00,304
8/24/2025,20:15,299.2
8/24/2025,20:30,295.2
8/24/2025,20:45,300
8/24/2025,21:00,296
8/24/2025,21:15,297.6
8/24/2025,21:30,289.6
8/24/2025,21:45,295.2
8/24/2025,22:00,292.8
8/24/2025,22:15,297.6
8/24/2025,22:30,282.4
8/24/2025,22:45,282.4
8/24/2025,23:00,274.4
8/24/2025,23:15,293.6
8/24/2025,23:30,276.8
8/24/2025,23:45,274.4
8/25/2025,0:00,276.8
8/25/2025,0:15,277.6
8/25/2025,0:30,270.4
8/25/2025,0:45,270.4
8/25/2025,1:00,272
8/25/2025,1:15,276
8/25/2025,1:30,277.6
8/25/2025,1:45,280
8/25/2025,2:00,272.8
8/25/2025,2:15,273.6
8/25/2025,2:30,275.2
8/25/2025,2:45,274.4
8/25/2025,3:00,272.8
8/25/2025,3:15,270.4
8/25/2025,3:30,276
8/25/2025,3:45,272
8/25/2025,4:00,269.6
8/25/2025,4:15,268
8/25/2025,4:30,268
8/25/2025,4:45,268
8/25/2025,5:00,258.4
8/25/2025,5:15,267.2
8/25/2025,5:30,267.2
8/25/2025,5:45,264.8
8/25/2025,6:00,284.8
8/25/2025,6:15,288
8/25/2025,6:30,275.2
8/25/2025,6:45,272.8
8/25/2025,7:00,272
8/25/2025,7:15,291.2
8/25/2025,7:30,296.8
8/25/2025,7:45,305.6
8/25/2025,8:00,309.6
8/25/2025,8:15,308
8/25/2025,8:30,316.8
8/25/2025,8:45,305.6
8/25/2025,9:00,327.2
8/25/2025,9:15,326.4
8/25/2025,9:30,329.6
8/25/2025,9:45,320.8
8/25/2025,10:00,320.8
8/25/2025,10:15,323.2
8/25/2025,10:30,312.8
8/25/2025,10:45,319.2
8/25/2025,11:00,320.8
8/25/2025,11:15,308
8/25/2025,11:30,331.2
8/25/2025,11:45,315.2
8/25/2025,12:00,314.4
8/25/2025,12:15,325.6
8/25/2025,12:30,307.2
8/25/2025,12:45,302.4
8/25/2025,13:00,301.6
8/25/2025,13:15,306.4
8/25/2025,13:30,297.6
8/25/2025,13:45,308
8/25/2025,14:00,296
8/25/2025,14:15,301.6
8/25/2025,14:30,300.8
8/25/2025,14:45,301.6
8/25/2025,15:00,300
8/25/2025,15:15,301.6
8/25/2025,15:30,303.2
8/25/2025,15:45,313.6
8/25/2025,16:00,308.8
8/25/2025,16:15,329.6
8/25/2025,16:30,317.6
8/25/2025,16:45,295.2
8/25/2025,17:00,288
8/25/2025,17:15,285.6
8/25/2025,17:30,301.6
8/25/2025,17:45,283.2
8/25/2025,18:00,272
8/25/2025,18:15,271.2
8/25/2025,18:30,289.6
8/25/2025,18:45,271.2
8/25/2025,19:00,286.4
8/25/2025,19:15,288.8
8/25/2025,19:30,291.2
8/25/2025,19:45,288.8
8/25/2025,20:00,292.8
8/25/2025,20:15,282.4
8/25/2025,20:30,280.8
8/25/2025,20:45,288
8/25/2025,21:00,312.8
8/25/2025,21:15,279.2
8/25/2025,21:30,278.4
8/25/2025,21:45,269.6
8/25/2025,22:00,275.2
8/25/2025,22:15,282.4
8/25/2025,22:30,268
8/25/2025,22:45,268
8/25/2025,23:00,268.8
8/25/2025,23:15,273.6
8/25/2025,23:30,268
8/25/2025,23:45,280
8/26/2025,0:00,268.8
8/26/2025,0:15,269.6
8/26/2025,0:30,262.4
8/26/2025,0:45,260.8
8/26/2025,1:00,260.8
8/26/2025,1:15,260.8
8/26/2025,1:30,261.6
8/26/2025,1:45,258.4
8/26/2025,2:00,258.4
8/26/2025,2:15,244
8/26/2025,2:30,242.4
8/26/2025,2:45,226.4
8/26/2025,3:00,219.2
8/26/2025,3:15,212.8
8/26/2025,3:30,215.2
8/26/2025,3:45,215.2
8/26/2025,4:00,211.2
8/26/2025,4:15,213.6
8/26/2025,4:30,210.4
8/26/2025,4:45,212.8
8/26/2025,5:00,215.2
8/26/2025,5:15,224.8
8/26/2025,5:30,210.4
8/26/2025,5:45,216.8
8/26/2025,6:00,250.4
8/26/2025,6:15,242.4
8/26/2025,6:30,229.6
8/26/2025,6:45,239.2
8/26/2025,7:00,228
8/26/2025,7:15,250.4
8/26/2025,7:30,254.4
8/26/2025,7:45,260
8/26/2025,8:00,296
8/26/2025,8:15,276.8
8/26/2025,8:30,290.4
8/26/2025,8:45,300
8/26/2025,9:00,304.8
8/26/2025,9:15,310.4
8/26/2025,9:30,285.6
8/26/2025,9:45,294.4
8/26/2025,10:00,300
8/26/2025,10:15,293.6
8/26/2025,10:30,304
8/26/2025,10:45,298.4
8/26/2025,11:00,296.8
8/26/2025,11:15,320
8/26/2025,11:30,309.6
8/26/2025,11:45,318.4
8/26/2025,12:00,312
8/26/2025,12:15,303.2
8/26/2025,12:30,320.8
8/26/2025,12:45,291.2
8/26/2025,13:00,293.6
8/26/2025,13:15,292.8
8/26/2025,13:30,285.6
8/26/2025,13:45,289.6
8/26/2025,14:00,292.8
8/26/2025,14:15,294.4
8/26/2025,14:30,291.2
8/26/2025,14:45,292.8
8/26/2025,15:00,282.4
8/26/2025,15:15,295.2
8/26/2025,15:30,305.6
8/26/2025,15:45,320.8
8/26/2025,16:00,309.6
8/26/2025,16:15,317.6
8/26/2025,16:30,316.8
8/26/2025,16:45,302.4
8/26/2025,17:00,300.8
8/26/2025,17:15,304.8
8/26/2025,17:30,304
8/26/2025,17:45,285.6
8/26/2025,18:00,283.2
8/26/2025,18:15,271.2
8/26/2025,18:30,286.4
8/26/2025,18:45,279.2
8/26/2025,19:00,292.8
8/26/2025,19:15,288
8/26/2025,19:30,306.4
8/26/2025,19:45,289.6
8/26/2025,20:00,292
8/26/2025,20:15,303.2
8/26/2025,20:30,285.6
8/26/2025,20:45,286.4
8/26/2025,21:00,288.8
8/26/2025,21:15,288.8
8/26/2025,21:30,284
8/26/2025,21:45,288
8/26/2025,22:00,304
8/26/2025,22:15,285.6
8/26/2025,22:30,280
8/26/2025,22:45,296
8/26/2025,23:00,272.8
8/26/2025,23:15,273.6
8/26/2025,23:30,271.2
8/26/2025,23:45,275.2
8/27/2025,0:00,272.8
8/27/2025,0:15,268.8
8/27/2025,0:30,268.8
8/27/2025,0:45,281.6
8/27/2025,1:00,267.2
8/27/2025,1:15,264
8/27/2025,1:30,265.6
8/27/2025,1:45,282.4
8/27/2025,2:00,250.4
8/27/2025,2:15,247.2
8/27/2025,2:30,222.4
8/27/2025,2:45,220
8/27/2025,3:00,212
8/27/2025,3:15,228.8
8/27/2025,3:30,219.2
8/27/2025,3:45,222.4
8/27/2025,4:00,221.6
8/27/2025,4:15,232
8/27/2025,4:30,218.4
8/27/2025,4:45,216.8
8/27/2025,5:00,220
8/27/2025,5:15,216
8/27/2025,5:30,231.2
8/27/2025,5:45,228
8/27/2025,6:00,227.2
8/27/2025,6:15,240.8
8/27/2025,6:30,223.2
8/27/2025,6:45,222.4
8/27/2025,7:00,226.4
8/27/2025,7:15,233.6
8/27/2025,7:30,237.6
8/27/2025,7:45,295.2
8/27/2025,8:00,286.4
8/27/2025,8:15,298.4
8/27/2025,8:30,288.8
8/27/2025,8:45,295.2
8/27/2025,9:00,311.2
8/27/2025,9:15,316
8/27/2025,9:30,344.8
8/27/2025,9:45,317.6
8/27/2025,10:00,322.4
8/27/2025,10:15,303.2
8/27/2025,10:30,312.8
8/27/2025,10:45,305.6
8/27/2025,11:00,308.8
8/27/2025,11:15,314.4
8/27/2025,11:30,324.8
8/27/2025,11:45,318.4
8/27/2025,12:00,320.8
8/27/2025,12:15,322.4
8/27/2025,12:30,300
8/27/2025,12:45,320.8
8/27/2025,13:00,318.4
8/27/2025,13:15,307.2
8/27/2025,13:30,304.8
8/27/2025,13:45,298.4
8/27/2025,14:00,304
8/27/2025,14:15,291.2
8/27/2025,14:30,303.2
8/27/2025,14:45,298.4
8/27/2025,15:00,288.8
8/27/2025,15:15,297.6
8/27/2025,15:30,287.2
8/27/2025,15:45,313.6
8/27/2025,16:00,308
8/27/2025,16:15,309.6
8/27/2025,16:30,310.4
8/27/2025,16:45,304
8/27/2025,17:00,300
8/27/2025,17:15,292.8
8/27/2025,17:30,302.4
8/27/2025,17:45,315.2
8/27/2025,18:00,298.4
8/27/2025,18:15,296
8/27/2025,18:30,284.8
8/27/2025,18:45,287.2
8/27/2025,19:00,301.6
8/27/2025,19:15,302.4
8/27/2025,19:30,304.8
8/27/2025,19:45,292.8
8/27/2025,20:00,296.8
8/27/2025,20:15,296
8/27/2025,20:30,296
8/27/2025,20:45,296.8
8/27/2025,21:00,283.2
8/27/2025,21:15,292
8/27/2025,21:30,292.8
8/27/2025,21:45,291.2
8/27/2025,22:00,288
8/27/2025,22:15,284.8
8/27/2025,22:30,276.8
8/27/2025,22:45,276
8/27/2025,23:00,274.4
8/27/2025,23:15,272.8
8/27/2025,23:30,274.4
8/27/2025,23:45,280.8
8/28/2025,0:00,279.2
8/28/2025,0:15,276.8
8/28/2025,0:30,272.8
8/28/2025,0:45,270.4
8/28/2025,1:00,269.6
8/28/2025,1:15,268.8
8/28/2025,1:30,270.4
8/28/2025,1:45,264.8
8/28/2025,2:00,268.8
8/28/2025,2:15,264.8
8/28/2025,2:30,264
8/28/2025,2:45,264.8
8/28/2025,3:00,264.8
8/28/2025,3:15,268
8/28/2025,3:30,267.2
8/28/2025,3:45,263.2
8/28/2025,4:00,256
8/28/2025,4:15,256.8
8/28/2025,4:30,258.4
8/28/2025,4:45,259.2
8/28/2025,5:00,256.8
8/28/2025,5:15,241.6
8/28/2025,5:30,244
8/28/2025,5:45,236.8
8/28/2025,6:00,226.4
8/28/2025,6:15,228
8/28/2025,6:30,216
8/28/2025,6:45,240.8
8/28/2025,7:00,219.2
8/28/2025,7:15,228
8/28/2025,7:30,240
8/28/2025,7:45,252
8/28/2025,8:00,288
8/28/2025,8:15,307.2
8/28/2025,8:30,303.2
8/28/2025,8:45,296
8/28/2025,9:00,310.4
8/28/2025,9:15,316.8
8/28/2025,9:30,312.8
8/28/2025,9:45,322.4
8/28/2025,10:00,320
8/28/2025,10:15,309.6
8/28/2025,10:30,304
8/28/2025,10:45,307.2
8/28/2025,11:00,320.8
8/28/2025,11:15,311.2
8/28/2025,11:30,315.2
8/28/2025,11:45,308
8/28/2025,12:00,312
8/28/2025,12:15,309.6
8/28/2025,12:30,304
8/28/2025,12:45,304.8
8/28/2025,13:00,300
8/28/2025,13:15,297.6
8/28/2025,13:30,300
8/28/2025,13:45,300.8
8/28/2025,14:00,298.4
8/28/2025,14:15,304
8/28/2025,14:30,296
8/28/2025,14:45,303.2
8/28/2025,15:00,298.4
8/28/2025,15:15,311.2
8/28/2025,15:30,310.4
8/28/2025,15:45,321.6
8/28/2025,16:00,325.6
8/28/2025,16:15,328
8/28/2025,16:30,301.6
8/28/2025,16:45,310.4
8/28/2025,17:00,304.8
8/28/2025,17:15,310.4
8/28/2025,17:30,302.4
8/28/2025,17:45,287.2
8/28/2025,18:00,300.8
8/28/2025,18:15,287.2
8/28/2025,18:30,282.4
8/28/2025,18:45,279.2
8/28/2025,19:00,303.2
8/28/2025,19:15,303.2
8/28/2025,19:30,300.8
8/28/2025,19:45,307.2
8/28/2025,20:00,304
8/28/2025,20:15,308.8
8/28/2025,20:30,299.2
8/28/2025,20:45,297.6
8/28/2025,21:00,305.6
8/28/2025,21:15,298.4
8/28/2025,21:30,296.8
8/28/2025,21:45,293.6
8/28/2025,22:00,306.4
8/28/2025,22:15,291.2
8/28/2025,22:30,279.2
8/28/2025,22:45,268.8
8/28/2025,23:00,271.2
8/28/2025,23:15,271.2
8/28/2025,23:30,277.6
8/28/2025,23:45,269.6
8/29/2025,0:00,269.6
8/29/2025,0:15,268
8/29/2025,0:30,267.2
8/29/2025,0:45,260.8
8/29/2025,1:00,269.6
8/29/2025,1:15,269.6
8/29/2025,1:30,271.2
8/29/2025,1:45,268.8
8/29/2025,2:00,256
8/29/2025,2:15,244.8
8/29/2025,2:30,224.8
8/29/2025,2:45,226.4
8/29/2025,3:00,223.2
8/29/2025,3:15,227.2
8/29/2025,3:30,228
8/29/2025,3:45,228
8/29/2025,4:00,225.6
8/29/2025,4:15,228
8/29/2025,4:30,233.6
8/29/2025,4:45,236
8/29/2025,5:00,222.4
8/29/2025,5:15,230.4
8/29/2025,5:30,228
8/29/2025,5:45,224
8/29/2025,6:00,238.4
8/29/2025,6:15,248.8
8/29/2025,6:30,228
8/29/2025,6:45,233.6
8/29/2025,7:00,245.6
8/29/2025,7:15,233.6
8/29/2025,7:30,252.8
8/29/2025,7:45,299.2
8/29/2025,8:00,293.6
8/29/2025,8:15,296.8
8/29/2025,8:30,296.8
8/29/2025,8:45,303.2
8/29/2025,9:00,338.4
8/29/2025,9:15,312.8
8/29/2025,9:30,315.2
8/29/2025,9:45,320
8/29/2025,10:00,327.2
8/29/2025,10:15,301.6
8/29/2025,10:30,309.6
8/29/2025,10:45,327.2
8/29/2025,11:00,307.2
8/29/2025,11:15,308
8/29/2025,11:30,316.8
8/29/2025,11:45,305.6
8/29/2025,12:00,300.8
8/29/2025,12:15,316
8/29/2025,12:30,307.2
8/29/2025,12:45,304
8/29/2025,13:00,299.2
8/29/2025,13:15,295.2
8/29/2025,13:30,296
8/29/2025,13:45,301.6
8/29/2025,14:00,296
8/29/2025,14:15,298.4
8/29/2025,14:30,300.8
8/29/2025,14:45,303.2
8/29/2025,15:00,309.6
8/29/2025,15:15,318.4
8/29/2025,15:30,331.2
8/29/2025,15:45,331.2
8/29/2025,16:00,336.8
8/29/2025,16:15,312
8/29/2025,16:30,324.8
8/29/2025,16:45,303.2
8/29/2025,17:00,308
8/29/2025,17:15,299.2
8/29/2025,17:30,288.8
8/29/2025,17:45,297.6
8/29/2025,18:00,290.4
8/29/2025,18:15,285.6
8/29/2025,18:30,287.2
8/29/2025,18:45,301.6
8/29/2025,19:00,298.4
8/29/2025,19:15,314.4
8/29/2025,19:30,300.8
8/29/2025,19:45,295.2
8/29/2025,20:00,297.6
8/29/2025,20:15,292.8
8/29/2025,20:30,300
8/29/2025,20:45,293.6
8/29/2025,21:00,296.8
8/29/2025,21:15,289.6
8/29/2025,21:30,284
8/29/2025,21:45,290.4
8/29/2025,22:00,288.8
8/29/2025,22:15,287.2
8/29/2025,22:30,276
8/29/2025,22:45,276
8/29/2025,23:00,292
8/29/2025,23:15,274.4
8/29/2025,23:30,270.4
8/29/2025,23:45,271.2
8/30/2025,0:00,268
8/30/2025,0:15,271.2
8/30/2025,0:30,273.6
8/30/2025,0:45,269.6
8/30/2025,1:00,269.6
8/30/2025,1:15,268.8
8/30/2025,1:30,272
8/30/2025,1:45,268
8/30/2025,2:00,268.8
8/30/2025,2:15,271.2
8/30/2025,2:30,268.8
8/30/2025,2:45,267.2
8/30/2025,3:00,269.6
8/30/2025,3:15,254.4
8/30/2025,3:30,270.4
8/30/2025,3:45,268
8/30/2025,4:00,265.6
8/30/2025,4:15,251.2
8/30/2025,4:30,252
8/30/2025,4:45,235.2
8/30/2025,5:00,222.4
8/30/2025,5:15,219.2
8/30/2025,5:30,227.2
8/30/2025,5:45,220.8
8/30/2025,6:00,234.4
8/30/2025,6:15,235.2
8/30/2025,6:30,220.8
8/30/2025,6:45,231.2
8/30/2025,7:00,236
8/30/2025,7:15,228.8
8/30/2025,7:30,233.6
8/30/2025,7:45,241.6
8/30/2025,8:00,282.4
8/30/2025,8:15,280
8/30/2025,8:30,297.6
8/30/2025,8:45,320.8
8/30/2025,9:00,312
8/30/2025,9:15,319.2
8/30/2025,9:30,319.2
8/30/2025,9:45,311.2
8/30/2025,10:00,308
8/30/2025,10:15,310.4
8/30/2025,10:30,302.4
8/30/2025,10:45,307.2
8/30/2025,11:00,305.6
8/30/2025,11:15,325.6
8/30/2025,11:30,310.4
8/30/2025,11:45,300.8
8/30/2025,12:00,306.4
8/30/2025,12:15,299.2
8/30/2025,12:30,296.8
8/30/2025,12:45,295.2
8/30/2025,13:00,300.8
8/30/2025,13:15,297.6
8/30/2025,13:30,312
8/30/2025,13:45,295.2
8/30/2025,14:00,289.6
8/30/2025,14:15,301.6
8/30/2025,14:30,303.2
8/30/2025,14:45,302.4
8/30/2025,15:00,298.4
8/30/2025,15:15,300.8
8/30/2025,15:30,315.2
8/30/2025,15:45,316.8
8/30/2025,16:00,326.4
8/30/2025,16:15,320.8
8/30/2025,16:30,306.4
8/30/2025,16:45,300.8
8/30/2025,17:00,297.6
8/30/2025,17:15,312
8/30/2025,17:30,297.6
8/30/2025,17:45,293.6
8/30/2025,18:00,279.2
8/30/2025,18:15,276
8/30/2025,18:30,276
8/30/2025,18:45,276.8
8/30/2025,19:00,285.6
8/30/2025,19:15,299.2
8/30/2025,19:30,282.4
8/30/2025,19:45,286.4
8/30/2025,20:00,285.6
8/30/2025,20:15,276.8
8/30/2025,20:30,280.8
8/30/2025,20:45,282.4
8/30/2025,21:00,288
8/30/2025,21:15,282.4
8/30/2025,21:30,276
8/30/2025,21:45,276
8/30/2025,22:00,278.4
8/30/2025,22:15,288.8
8/30/2025,22:30,268.8
8/30/2025,22:45,257.6
8/30/2025,23:00,268.8
8/30/2025,23:15,259.2
8/30/2025,23:30,262.4
8/30/2025,23:45,248
8/31/2025,0:00,263.2
8/31/2025,0:15,220
8/31/2025,0:30,220
8/31/2025,0:45,217.6
8/31/2025,1:00,161.6
8/31/2025,1:15,159.2
8/31/2025,1:30,207.2
8/31/2025,1:45,219.2
8/31/2025,2:00,221.6
8/31/2025,2:15,223.2
8/31/2025,2:30,217.6
8/31/2025,2:45,216
8/31/2025,3:00,222.4
8/31/2025,3:15,223.2
8/31/2025,3:30,225.6
8/31/2025,3:45,221.6
8/31/2025,4:00,220
8/31/2025,4:15,219.2
8/31/2025,4:30,213.6
8/31/2025,4:45,216.8
8/31/2025,5:00,224
8/31/2025,5:15,216
8/31/2025,5:30,232
8/31/2025,5:45,215.2
8/31/2025,6:00,229.6
8/31/2025,6:15,236.8
8/31/2025,6:30,224
8/31/2025,6:45,222.4
8/31/2025,7:00,227.2
8/31/2025,7:15,221.6
8/31/2025,7:30,245.6
8/31/2025,7:45,269.6
8/31/2025,8:00,284.8
8/31/2025,8:15,292.8
8/31/2025,8:30,285.6
8/31/2025,8:45,287.2
8/31/2025,9:00,306.4
8/31/2025,9:15,322.4
8/31/2025,9:30,310.4
8/31/2025,9:45,309.6
8/31/2025,10:00,292
8/31/2025,10:15,291.2
8/31/2025,10:30,297.6
8/31/2025,10:45,316.8
8/31/2025,11:00,289.6
8/31/2025,11:15,293.6
8/31/2025,11:30,291.2
8/31/2025,11:45,307.2
8/31/2025,12:00,297.6
8/31/2025,12:15,297.6
8/31/2025,12:30,286.4
8/31/2025,12:45,278.4
8/31/2025,13:00,280.8
8/31/2025,13:15,282.4
8/31/2025,13:30,286.4
8/31/2025,13:45,284
8/31/2025,14:00,277.6
8/31/2025,14:15,276
8/31/2025,14:30,283.2
8/31/2025,14:45,285.6
8/31/2025,15:00,292.8
8/31/2025,15:15,296.8
8/31/2025,15:30,296.8
8/31/2025,15:45,310.4
8/31/2025,16:00,308
8/31/2025,16:15,313.6
8/31/2025,16:30,304
8/31/2025,16:45,292.8
8/31/2025,17:00,310.4
8/31/2025,17:15,288.8
8/31/2025,17:30,294.4
8/31/2025,17:45,277.6
8/31/2025,18:00,285.6
8/31/2025,18:15,276.8
8/31/2025,18:30,276.8
8/31/2025,18:45,276.8
8/31/2025,19:00,291.2
8/31/2025,19:15,278.4
8/31/2025,19:30,284.8
8/31/2025,19:45,284.8
8/31/2025,20:00,285.6
8/31/2025,20:15,284.8
8/31/2025,20:30,287.2
8/31/2025,20:45,289.6
8/31/2025,21:00,299.2
8/31/2025,21:15,286.4
8/31/2025,21:30,284
8/31/2025,21:45,279.2
8/31/2025,22:00,280
8/31/2025,22:15,281.6
8/31/2025,22:30,285.6
8/31/2025,22:45,272
8/31/2025,23:00,256
8/31/2025,23:15,271.2
8/31/2025,23:30,255.2
8/31/2025,23:45,256
9/1/2025,0:00,368.8
9/1/2025,0:15,353.6
9/1/2025,0:30,355.2
9/1/2025,0:45,365.6
9/1/2025,1:00,356.8
9/1/2025,1:15,348
9/1/2025,1:30,347.2
9/1/2025,1:45,415.2
9/1/2025,2:00,358.4
9/1/2025,2:15,370.4
9/1/2025,2:30,337.6
9/1/2025,2:45,324
9/1/2025,3:00,324.8
9/1/2025,3:15,306.4
9/1/2025,3:30,326.4
9/1/2025,3:45,295.2
9/1/2025,4:00,233.6
9/1/2025,4:15,209.6
9/1/2025,4:30,282.4
9/1/2025,4:45,280
9/1/2025,5:00,285.6
9/1/2025,5:15,286.4
9/1/2025,5:30,348.8
9/1/2025,5:45,336.8
9/1/2025,6:00,340.8
9/1/2025,6:15,305.6
9/1/2025,6:30,295.2
9/1/2025,6:45,292.8
9/1/2025,7:00,290.4
9/1/2025,7:15,308
9/1/2025,7:30,305.6
9/1/2025,7:45,312
9/1/2025,8:00,344
9/1/2025,8:15,390.4
9/1/2025,8:30,405.6
9/1/2025,8:45,398.4
9/1/2025,9:00,465.6
9/1/2025,9:15,470.4
9/1/2025,9:30,483.2
9/1/2025,9:45,461.6
9/1/2025,10:00,433.6
9/1/2025,10:15,419.2
9/1/2025,10:30,416
9/1/2025,10:45,416.8
9/1/2025,11:00,439.2
9/1/2025,11:15,420.8
9/1/2025,11:30,414.4
9/1/2025,11:45,408
9/1/2025,12:00,406.4
9/1/2025,12:15,448
9/1/2025,12:30,435.2
9/1/2025,12:45,401.6
9/1/2025,13:00,395.2
9/1/2025,13:15,372.8
9/1/2025,13:30,396.8
9/1/2025,13:45,382.4
9/1/2025,14:00,390.4
9/1/2025,14:15,386.4
9/1/2025,14:30,392.8
9/1/2025,14:45,398.4
9/1/2025,15:00,408
9/1/2025,15:15,414.4
9/1/2025,15:30,386.4
9/1/2025,15:45,496.8
9/1/2025,16:00,441.6
9/1/2025,16:15,457.6
9/1/2025,16:30,408
9/1/2025,16:45,403.2
9/1/2025,17:00,390.4
9/1/2025,17:15,388.8
9/1/2025,17:30,383.2
9/1/2025,17:45,392.8
9/1/2025,18:00,379.2
9/1/2025,18:15,379.2
9/1/2025,18:30,369.6
9/1/2025,18:45,371.2
9/1/2025,19:00,380
9/1/2025,19:15,384
9/1/2025,19:30,429.6
9/1/2025,19:45,444
9/1/2025,20:00,388
9/1/2025,20:15,394.4
9/1/2025,20:30,404
9/1/2025,20:45,406.4
9/1/2025,21:00,424
9/1/2025,21:15,420.8
9/1/2025,21:30,418.4
9/1/2025,21:45,423.2
9/1/2025,22:00,446.4
9/1/2025,22:15,424
9/1/2025,22:30,390.4
9/1/2025,22:45,355.2
9/1/2025,23:00,376.8
9/1/2025,23:15,366.4
9/1/2025,23:30,352
9/1/2025,23:45,358.4
9/2/2025,0:00,364.8
9/2/2025,0:15,360
9/2/2025,0:30,346.4
9/2/2025,0:45,340.8
9/2/2025,1:00,342.4
9/2/2025,1:15,326.4
9/2/2025,1:30,319.2
9/2/2025,1:45,372
9/2/2025,2:00,365.6
9/2/2025,2:15,344.8
9/2/2025,2:30,296
9/2/2025,2:45,313.6
9/2/2025,3:00,306.4
9/2/2025,3:15,298.4
9/2/2025,3:30,305.6
9/2/2025,3:45,309.6
9/2/2025,4:00,296
9/2/2025,4:15,312
9/2/2025,4:30,300
9/2/2025,4:45,312.8
9/2/2025,5:00,306.4
9/2/2025,5:15,336.8
9/2/2025,5:30,379.2
9/2/2025,5:45,352.8
9/2/2025,6:00,332
9/2/2025,6:15,297.6
9/2/2025,6:30,328
9/2/2025,6:45,340
9/2/2025,7:00,336.8
9/2/2025,7:15,349.6
9/2/2025,7:30,328.8
9/2/2025,7:45,304.8
9/2/2025,8:00,392
9/2/2025,8:15,433.6
9/2/2025,8:30,418.4
9/2/2025,8:45,482.4
9/2/2025,9:00,452
9/2/2025,9:15,465.6
9/2/2025,9:30,454.4
9/2/2025,9:45,433.6
9/2/2025,10:00,428
9/2/2025,10:15,429.6
9/2/2025,10:30,412.8
9/2/2025,10:45,425.6
9/2/2025,11:00,446.4
9/2/2025,11:15,407.2
9/2/2025,11:30,403.2
9/2/2025,11:45,412.8
9/2/2025,12:00,454.4
9/2/2025,12:15,449.6
9/2/2025,12:30,420.8
9/2/2025,12:45,399.2
9/2/2025,13:00,395.2
9/2/2025,13:15,408.8
9/2/2025,13:30,385.6
9/2/2025,13:45,388
9/2/2025,14:00,410.4
9/2/2025,14:15,396.8
9/2/2025,14:30,397.6
9/2/2025,14:45,414.4
9/2/2025,15:00,408
9/2/2025,15:15,461.6
9/2/2025,15:30,428
9/2/2025,15:45,492.8
9/2/2025,16:00,428.8
9/2/2025,16:15,424
9/2/2025,16:30,436
9/2/2025,16:45,423.2
9/2/2025,17:00,402.4
9/2/2025,17:15,376
9/2/2025,17:30,398.4
9/2/2025,17:45,390.4
9/2/2025,18:00,379.2
9/2/2025,18:15,373.6
9/2/2025,18:30,380.8
9/2/2025,18:45,441.6
9/2/2025,19:00,420.8
9/2/2025,19:15,441.6
9/2/2025,19:30,394.4
9/2/2025,19:45,384
9/2/2025,20:00,386.4
9/2/2025,20:15,412.8
9/2/2025,20:30,370.4
9/2/2025,20:45,430.4
9/2/2025,21:00,414.4
9/2/2025,21:15,463.2
9/2/2025,21:30,445.6
9/2/2025,21:45,408
9/2/2025,22:00,396
9/2/2025,22:15,401.6
9/2/2025,22:30,338.4
9/2/2025,22:45,294.4
9/2/2025,23:00,227.2
9/2/2025,23:15,220
9/2/2025,23:30,292.8
9/2/2025,23:45,288
9/3/2025,0:00,277.6
9/3/2025,0:15,296
9/3/2025,0:30,279.2
9/3/2025,0:45,284.8
9/3/2025,1:00,285.6
9/3/2025,1:15,290.4
9/3/2025,1:30,288
9/3/2025,1:45,360
9/3/2025,2:00,325.6
9/3/2025,2:15,324.8
9/3/2025,2:30,284
9/3/2025,2:45,281.6
9/3/2025,3:00,283.2
9/3/2025,3:15,275.2
9/3/2025,3:30,280.8
9/3/2025,3:45,289.6
9/3/2025,4:00,291.2
9/3/2025,4:15,288
9/3/2025,4:30,278.4
9/3/2025,4:45,228
9/3/2025,5:00,246.4
9/3/2025,5:15,222.4
9/3/2025,5:30,324
9/3/2025,5:45,337.6
9/3/2025,6:00,305.6
9/3/2025,6:15,296.8
9/3/2025,6:30,296.8
9/3/2025,6:45,305.6
9/3/2025,7:00,332.8
9/3/2025,7:15,311.2
9/3/2025,7:30,316.8
9/3/2025,7:45,332
9/3/2025,8:00,376.8
9/3/2025,8:15,403.2
9/3/2025,8:30,419.2
9/3/2025,8:45,480
9/3/2025,9:00,474.4
9/3/2025,9:15,471.2
9/3/2025,9:30,427.2
9/3/2025,9:45,420
9/3/2025,10:00,435.2
9/3/2025,10:15,419.2
9/3/2025,10:30,434.4
9/3/2025,10:45,436.8
9/3/2025,11:00,474.4
9/3/2025,11:15,420.8
9/3/2025,11:30,420
9/3/2025,11:45,434.4
9/3/2025,12:00,500
9/3/2025,12:15,478.4
9/3/2025,12:30,475.2
9/3/2025,12:45,414.4
9/3/2025,13:00,408.8
9/3/2025,13:15,429.6
9/3/2025,13:30,421.6
9/3/2025,13:45,416
9/3/2025,14:00,416
9/3/2025,14:15,397.6
9/3/2025,14:30,403.2
9/3/2025,14:45,403.2
9/3/2025,15:00,413.6
9/3/2025,15:15,405.6
9/3/2025,15:30,455.2
9/3/2025,15:45,482.4
9/3/2025,16:00,464
9/3/2025,16:15,408.8
9/3/2025,16:30,426.4
9/3/2025,16:45,413.6
9/3/2025,17:00,420.8
9/3/2025,17:15,408.8
9/3/2025,17:30,409.6
9/3/2025,17:45,398.4
9/3/2025,18:00,365.6
9/3/2025,18:15,389.6
9/3/2025,18:30,372.8
9/3/2025,18:45,377.6
9/3/2025,19:00,383.2
9/3/2025,19:15,425.6
9/3/2025,19:30,418.4
9/3/2025,19:45,384
9/3/2025,20:00,373.6
9/3/2025,20:15,382.4
9/3/2025,20:30,423.2
9/3/2025,20:45,434.4
9/3/2025,21:00,460
9/3/2025,21:15,412.8
9/3/2025,21:30,413.6
9/3/2025,21:45,430.4
9/3/2025,22:00,424.8
9/3/2025,22:15,413.6
9/3/2025,22:30,359.2
9/3/2025,22:45,357.6
9/3/2025,23:00,371.2
9/3/2025,23:15,351.2
9/3/2025,23:30,335.2
9/3/2025,23:45,302.4
9/4/2025,0:00,312.8
9/4/2025,0:15,214.4
9/4/2025,0:30,226.4
9/4/2025,0:45,224
9/4/2025,1:00,296
9/4/2025,1:15,284.8
9/4/2025,1:30,357.6
9/4/2025,1:45,337.6
9/4/2025,2:00,323.2
9/4/2025,2:15,284.8
9/4/2025,2:30,284.8
9/4/2025,2:45,288.8
9/4/2025,3:00,299.2
9/4/2025,3:15,276
9/4/2025,3:30,279.2
9/4/2025,3:45,284.8
9/4/2025,4:00,270.4
9/4/2025,4:15,276
9/4/2025,4:30,281.6
9/4/2025,4:45,274.4
9/4/2025,5:00,286.4
9/4/2025,5:15,319.2
9/4/2025,5:30,320
9/4/2025,5:45,295.2
9/4/2025,6:00,283.2
9/4/2025,6:15,296
9/4/2025,6:30,227.2
9/4/2025,6:45,218.4
9/4/2025,7:00,312.8
9/4/2025,7:15,298.4
9/4/2025,7:30,291.2
9/4/2025,7:45,320
9/4/2025,8:00,360.8
9/4/2025,8:15,412.8
9/4/2025,8:30,415.2
9/4/2025,8:45,479.2
9/4/2025,9:00,462.4
9/4/2025,9:15,475.2
9/4/2025,9:30,433.6
9/4/2025,9:45,452
9/4/2025,10:00,424.8
9/4/2025,10:15,422.4
9/4/2025,10:30,444
9/4/2025,10:45,440
9/4/2025,11:00,427.2
9/4/2025,11:15,423.2
9/4/2025,11:30,424
9/4/2025,11:45,445.6
9/4/2025,12:00,459.2
9/4/2025,12:15,472
9/4/2025,12:30,447.2
9/4/2025,12:45,404.8
9/4/2025,13:00,402.4
9/4/2025,13:15,392
9/4/2025,13:30,415.2
9/4/2025,13:45,398.4
9/4/2025,14:00,394.4
9/4/2025,14:15,388
9/4/2025,14:30,400.8
9/4/2025,14:45,403.2
9/4/2025,15:00,416
9/4/2025,15:15,402.4
9/4/2025,15:30,454.4
9/4/2025,15:45,444
9/4/2025,16:00,455.2
9/4/2025,16:15,408
9/4/2025,16:30,398.4
9/4/2025,16:45,404.8
9/4/2025,17:00,404
9/4/2025,17:15,393.6
9/4/2025,17:30,404
9/4/2025,17:45,374.4
9/4/2025,18:00,373.6
9/4/2025,18:15,380.8
9/4/2025,18:30,399.2
9/4/2025,18:45,391.2
9/4/2025,19:00,447.2
9/4/2025,19:15,452
9/4/2025,19:30,423.2
9/4/2025,19:45,390.4
9/4/2025,20:00,396.8
9/4/2025,20:15,406.4
9/4/2025,20:30,385.6
9/4/2025,20:45,444
9/4/2025,21:00,464
9/4/2025,21:15,444
9/4/2025,21:30,423.2
9/4/2025,21:45,417.6
9/4/2025,22:00,429.6
9/4/2025,22:15,421.6
9/4/2025,22:30,347.2
9/4/2025,22:45,361.6
9/4/2025,23:00,368.8
9/4/2025,23:15,336
9/4/2025,23:30,350.4
9/4/2025,23:45,344.8
9/5/2025,0:00,365.6
9/5/2025,0:15,371.2
9/5/2025,0:30,346.4
9/5/2025,0:45,335.2
9/5/2025,1:00,329.6
9/5/2025,1:15,296.8
9/5/2025,1:30,295.2
9/5/2025,1:45,331.2
9/5/2025,2:00,333.6
9/5/2025,2:15,287.2
9/5/2025,2:30,284.8
9/5/2025,2:45,288
9/5/2025,3:00,287.2
9/5/2025,3:15,286.4
9/5/2025,3:30,280.8
9/5/2025,3:45,283.2
9/5/2025,4:00,288
9/5/2025,4:15,279.2
9/5/2025,4:30,286.4
9/5/2025,4:45,283.2
9/5/2025,5:00,293.6
9/5/2025,5:15,365.6
9/5/2025,5:30,351.2
9/5/2025,5:45,343.2
9/5/2025,6:00,301.6
9/5/2025,6:15,298.4
9/5/2025,6:30,316.8
9/5/2025,6:45,300.8
9/5/2025,7:00,339.2
9/5/2025,7:15,344.8
9/5/2025,7:30,337.6
9/5/2025,7:45,358.4
9/5/2025,8:00,376.8
9/5/2025,8:15,395.2
9/5/2025,8:30,385.6
9/5/2025,8:45,425.6
9/5/2025,9:00,467.2
9/5/2025,9:15,453.6
9/5/2025,9:30,430.4
9/5/2025,9:45,417.6
9/5/2025,10:00,410.4
9/5/2025,10:15,420
9/5/2025,10:30,412.8
9/5/2025,10:45,405.6
9/5/2025,11:00,424
9/5/2025,11:15,414.4
9/5/2025,11:30,400.8
9/5/2025,11:45,411.2
9/5/2025,12:00,439.2
9/5/2025,12:15,457.6
9/5/2025,12:30,432
9/5/2025,12:45,412.8
9/5/2025,13:00,411.2
9/5/2025,13:15,397.6
9/5/2025,13:30,387.2
9/5/2025,13:45,392.8
9/5/2025,14:00,401.6
9/5/2025,14:15,422.4
9/5/2025,14:30,400
9/5/2025,14:45,398.4
9/5/2025,15:00,401.6
9/5/2025,15:15,387.2
9/5/2025,15:30,401.6
9/5/2025,15:45,439.2
9/5/2025,16:00,439.2
9/5/2025,16:15,396.8
9/5/2025,16:30,404
9/5/2025,16:45,421.6
9/5/2025,17:00,384.8
9/5/2025,17:15,388
9/5/2025,17:30,372.8
9/5/2025,17:45,381.6
9/5/2025,18:00,386.4
9/5/2025,18:15,388
9/5/2025,18:30,368
9/5/2025,18:45,372
9/5/2025,19:00,376.8
9/5/2025,19:15,437.6
9/5/2025,19:30,439.2
9/5/2025,19:45,403.2
9/5/2025,20:00,380
9/5/2025,20:15,373.6
9/5/2025,20:30,383.2
9/5/2025,20:45,391.2
9/5/2025,21:00,421.6
9/5/2025,21:15,417.6
9/5/2025,21:30,414.4
9/5/2025,21:45,448
9/5/2025,22:00,460
9/5/2025,22:15,428.8
9/5/2025,22:30,413.6
9/5/2025,22:45,355.2
9/5/2025,23:00,342.4
9/5/2025,23:15,346.4
9/5/2025,23:30,332.8
9/5/2025,23:45,374.4
9/6/2025,0:00,336
9/6/2025,0:15,305.6
9/6/2025,0:30,288
9/6/2025,0:45,224
9/6/2025,1:00,220
9/6/2025,1:15,282.4
9/6/2025,1:30,281.6
9/6/2025,1:45,340
9/6/2025,2:00,328.8
9/6/2025,2:15,328.8
9/6/2025,2:30,308.8
9/6/2025,2:45,274.4
9/6/2025,3:00,277.6
9/6/2025,3:15,278.4
9/6/2025,3:30,281.6
9/6/2025,3:45,275.2
9/6/2025,4:00,272.8
9/6/2025,4:15,276.8
9/6/2025,4:30,276.8
9/6/2025,4:45,266.4
9/6/2025,5:00,288
9/6/2025,5:15,282.4
9/6/2025,5:30,336
9/6/2025,5:45,341.6
9/6/2025,6:00,233.6
9/6/2025,6:15,223.2
9/6/2025,6:30,284
9/6/2025,6:45,292.8
9/6/2025,7:00,308.8
9/6/2025,7:15,333.6
9/6/2025,7:30,347.2
9/6/2025,7:45,371.2
9/6/2025,8:00,397.6
9/6/2025,8:15,420.8
9/6/2025,8:30,412.8
9/6/2025,8:45,439.2
9/6/2025,9:00,484
9/6/2025,9:15,548
9/6/2025,9:30,453.6
9/6/2025,9:45,445.6
9/6/2025,10:00,432
9/6/2025,10:15,432.8
9/6/2025,10:30,416.8
9/6/2025,10:45,424
9/6/2025,11:00,442.4
9/6/2025,11:15,440.8
9/6/2025,11:30,441.6
9/6/2025,11:45,454.4
9/6/2025,12:00,454.4
9/6/2025,12:15,471.2
9/6/2025,12:30,465.6
9/6/2025,12:45,450.4
9/6/2025,13:00,436
9/6/2025,13:15,415.2
9/6/2025,13:30,403.2
9/6/2025,13:45,425.6
9/6/2025,14:00,416
9/6/2025,14:15,414.4
9/6/2025,14:30,440.8
9/6/2025,14:45,453.6
9/6/2025,15:00,415.2
9/6/2025,15:15,427.2
9/6/2025,15:30,438.4
9/6/2025,15:45,464.8
9/6/2025,16:00,504.8
9/6/2025,16:15,469.6
9/6/2025,16:30,428.8
9/6/2025,16:45,409.6
9/6/2025,17:00,388.8
9/6/2025,17:15,435.2
9/6/2025,17:30,397.6
9/6/2025,17:45,398.4
9/6/2025,18:00,372
9/6/2025,18:15,365.6
9/6/2025,18:30,374.4
9/6/2025,18:45,368
9/6/2025,19:00,376.8
9/6/2025,19:15,454.4
9/6/2025,19:30,423.2
9/6/2025,19:45,384.8
9/6/2025,20:00,381.6
9/6/2025,20:15,359.2
9/6/2025,20:30,383.2
9/6/2025,20:45,429.6
9/6/2025,21:00,404.8
9/6/2025,21:15,403.2
9/6/2025,21:30,446.4
9/6/2025,21:45,432.8
9/6/2025,22:00,436.8
9/6/2025,22:15,400.8
9/6/2025,22:30,353.6
9/6/2025,22:45,340
9/6/2025,23:00,290.4
9/6/2025,23:15,220.8
9/6/2025,23:30,214.4
9/6/2025,23:45,216.8
9/7/2025,0:00,278.4
9/7/2025,0:15,268
9/7/2025,0:30,287.2
9/7/2025,0:45,272
9/7/2025,1:00,268
9/7/2025,1:15,291.2
9/7/2025,1:30,280
9/7/2025,1:45,271.2
9/7/2025,2:00,272
9/7/2025,2:15,315.2
9/7/2025,2:30,301.6
9/7/2025,2:45,288
9/7/2025,3:00,300.8
9/7/2025,3:15,280
9/7/2025,3:30,282.4
9/7/2025,3:45,276
9/7/2025,4:00,273.6
9/7/2025,4:15,276
9/7/2025,4:30,288
9/7/2025,4:45,281.6
9/7/2025,5:00,219.2
9/7/2025,5:15,224.8
9/7/2025,5:30,252.8
9/7/2025,5:45,336.8
9/7/2025,6:00,327.2
9/7/2025,6:15,309.6
9/7/2025,6:30,312
9/7/2025,6:45,299.2
9/7/2025,7:00,333.6
9/7/2025,7:15,312
9/7/2025,7:30,308
9/7/2025,7:45,311.2
9/7/2025,8:00,340
9/7/2025,8:15,347.2
9/7/2025,8:30,387.2
9/7/2025,8:45,385.6
9/7/2025,9:00,415.2
9/7/2025,9:15,480.8
9/7/2025,9:30,483.2
9/7/2025,9:45,476
9/7/2025,10:00,444.8
9/7/2025,10:15,423.2
9/7/2025,10:30,413.6
9/7/2025,10:45,431.2
9/7/2025,11:00,445.6
9/7/2025,11:15,426.4
9/7/2025,11:30,432
9/7/2025,11:45,446.4
9/7/2025,12:00,411.2
9/7/2025,12:15,410.4
9/7/2025,12:30,450.4
9/7/2025,12:45,463.2
9/7/2025,13:00,424.8
9/7/2025,13:15,412
9/7/2025,13:30,418.4
9/7/2025,13:45,421.6
9/7/2025,14:00,396.8
9/7/2025,14:15,422.4
9/7/2025,14:30,396
9/7/2025,14:45,408.8
9/7/2025,15:00,410.4
9/7/2025,15:15,436.8
9/7/2025,15:30,447.2
9/7/2025,15:45,440
9/7/2025,16:00,439.2
9/7/2025,16:15,430.4
9/7/2025,16:30,460.8
9/7/2025,16:45,408.8
9/7/2025,17:00,393.6
9/7/2025,17:15,401.6
9/7/2025,17:30,392
9/7/2025,17:45,364
9/7/2025,18:00,370.4
9/7/2025,18:15,373.6
9/7/2025,18:30,376
9/7/2025,18:45,358.4
9/7/2025,19:00,393.6
9/7/2025,19:15,398.4
9/7/2025,19:30,430.4
9/7/2025,19:45,413.6
9/7/2025,20:00,414.4
9/7/2025,20:15,383.2
9/7/2025,20:30,380.8
9/7/2025,20:45,388
9/7/2025,21:00,391.2
9/7/2025,21:15,379.2
9/7/2025,21:30,393.6
9/7/2025,21:45,367.2
9/7/2025,22:00,373.6
9/7/2025,22:15,324.8
9/7/2025,22:30,381.6
9/7/2025,22:45,367.2
9/7/2025,23:00,298.4
9/7/2025,23:15,274.4
9/7/2025,23:30,353.6
9/7/2025,23:45,348
9/8/2025,0:00,327.2
9/8/2025,0:15,340.8
9/8/2025,0:30,293.6
9/8/2025,0:45,309.6
9/8/2025,1:00,302.4
9/8/2025,1:15,293.6
9/8/2025,1:30,308.8
9/8/2025,1:45,300
9/8/2025,2:00,297.6
9/8/2025,2:15,292
9/8/2025,2:30,299.2
9/8/2025,2:45,299.2
9/8/2025,3:00,273.6
9/8/2025,3:15,314.4
9/8/2025,3:30,331.2
9/8/2025,3:45,328
9/8/2025,4:00,305.6
9/8/2025,4:15,293.6
9/8/2025,4:30,277.6
9/8/2025,4:45,298.4
9/8/2025,5:00,297.6
9/8/2025,5:15,313.6
9/8/2025,5:30,318.4
9/8/2025,5:45,332.8
9/8/2025,6:00,290.4
9/8/2025,6:15,316
9/8/2025,6:30,310.4
9/8/2025,6:45,284.8
9/8/2025,7:00,314.4
9/8/2025,7:15,336.8
9/8/2025,7:30,368
9/8/2025,7:45,311.2
9/8/2025,8:00,383.2
9/8/2025,8:15,423.2
9/8/2025,8:30,422.4
9/8/2025,8:45,422.4
9/8/2025,9:00,427.2
9/8/2025,9:15,438.4
9/8/2025,9:30,458.4
9/8/2025,9:45,435.2
9/8/2025,10:00,480.8
9/8/2025,10:15,468.8
9/8/2025,10:30,476
9/8/2025,10:45,434.4
9/8/2025,11:00,441.6
9/8/2025,11:15,441.6
9/8/2025,11:30,412.8
9/8/2025,11:45,400
9/8/2025,12:00,425.6
9/8/2025,12:15,411.2
9/8/2025,12:30,397.6
9/8/2025,12:45,428.8
9/8/2025,13:00,406.4
9/8/2025,13:15,394.4
9/8/2025,13:30,436.8
9/8/2025,13:45,436.8
9/8/2025,14:00,440
9/8/2025,14:15,420.8
9/8/2025,14:30,404
9/8/2025,14:45,422.4
9/8/2025,15:00,429.6
9/8/2025,15:15,422.4
9/8/2025,15:30,438.4
9/8/2025,15:45,412
9/8/2025,16:00,426.4
9/8/2025,16:15,409.6
9/8/2025,16:30,419.2
9/8/2025,16:45,436
9/8/2025,17:00,417.6
9/8/2025,17:15,433.6
9/8/2025,17:30,432.8
9/8/2025,17:45,465.6
9/8/2025,18:00,362.4
9/8/2025,18:15,368
9/8/2025,18:30,376.8
9/8/2025,18:45,372
9/8/2025,19:00,373.6
9/8/2025,19:15,376.8
9/8/2025,19:30,369.6
9/8/2025,19:45,377.6
9/8/2025,20:00,367.2
9/8/2025,20:15,370.4
9/8/2025,20:30,370.4
9/8/2025,20:45,420
9/8/2025,21:00,404.8
9/8/2025,21:15,360.8
9/8/2025,21:30,388
9/8/2025,21:45,355.2
9/8/2025,22:00,378.4
9/8/2025,22:15,361.6
9/8/2025,22:30,334.4
9/8/2025,22:45,359.2
9/8/2025,23:00,346.4
9/8/2025,23:15,316
9/8/2025,23:30,300
9/8/2025,23:45,293.6
9/9/2025,0:00,280
9/9/2025,0:15,262.4
9/9/2025,0:30,263.2
9/9/2025,0:45,334.4
9/9/2025,1:00,315.2
9/9/2025,1:15,332.8
9/9/2025,1:30,329.6
9/9/2025,1:45,349.6
9/9/2025,2:00,326.4
9/9/2025,2:15,316
9/9/2025,2:30,280
9/9/2025,2:45,292
9/9/2025,3:00,288
9/9/2025,3:15,276.8
9/9/2025,3:30,296.8
9/9/2025,3:45,284.8
9/9/2025,4:00,289.6
9/9/2025,4:15,276.8
9/9/2025,4:30,286.4
9/9/2025,4:45,289.6
9/9/2025,5:00,321.6
9/9/2025,5:15,296.8
9/9/2025,5:30,348
9/9/2025,5:45,357.6
9/9/2025,6:00,300
9/9/2025,6:15,295.2
9/9/2025,6:30,270.4
9/9/2025,6:45,236.8
9/9/2025,7:00,227.2
9/9/2025,7:15,298.4
9/9/2025,7:30,308
9/9/2025,7:45,308.8
9/9/2025,8:00,393.6
9/9/2025,8:15,420
9/9/2025,8:30,418.4
9/9/2025,8:45,441.6
9/9/2025,9:00,476
9/9/2025,9:15,488.8
9/9/2025,9:30,496
9/9/2025,9:45,449.6
9/9/2025,10:00,443.2
9/9/2025,10:15,444
9/9/2025,10:30,428.8
9/9/2025,10:45,431.2
9/9/2025,11:00,417.6
9/9/2025,11:15,459.2
9/9/2025,11:30,412
9/9/2025,11:45,428.8
9/9/2025,12:00,462.4
9/9/2025,12:15,475.2
9/9/2025,12:30,432.8
9/9/2025,12:45,433.6
9/9/2025,13:00,395.2
9/9/2025,13:15,400
9/9/2025,13:30,434.4
9/9/2025,13:45,366.4
9/9/2025,14:00,390.4
9/9/2025,14:15,367.2
9/9/2025,14:30,380
9/9/2025,14:45,416
9/9/2025,15:00,380.8
9/9/2025,15:15,374.4
9/9/2025,15:30,402.4
9/9/2025,15:45,429.6
9/9/2025,16:00,432.8
9/9/2025,16:15,439.2
9/9/2025,16:30,396
9/9/2025,16:45,392
9/9/2025,17:00,401.6
9/9/2025,17:15,367.2
9/9/2025,17:30,372
9/9/2025,17:45,348
9/9/2025,18:00,364
9/9/2025,18:15,359.2
9/9/2025,18:30,366.4
9/9/2025,18:45,364.8
9/9/2025,19:00,363.2
9/9/2025,19:15,440.8
9/9/2025,19:30,405.6
9/9/2025,19:45,383.2
9/9/2025,20:00,322.4
9/9/2025,20:15,261.6
9/9/2025,20:30,247.2
9/9/2025,20:45,244.8
9/9/2025,21:00,304.8
9/9/2025,21:15,307.2
9/9/2025,21:30,295.2
9/9/2025,21:45,314.4
9/9/2025,22:00,308
9/9/2025,22:15,319.2
9/9/2025,22:30,352.8
9/9/2025,22:45,320.8
9/9/2025,23:00,315.2
9/9/2025,23:15,283.2
9/9/2025,23:30,272
9/9/2025,23:45,277.6
9/10/2025,0:00,294.4
9/10/2025,0:15,281.6
9/10/2025,0:30,278.4
9/10/2025,0:45,283.2
9/10/2025,1:00,275.2
9/10/2025,1:15,269.6
9/10/2025,1:30,272.8
9/10/2025,1:45,282.4
9/10/2025,2:00,325.6
9/10/2025,2:15,324.8
9/10/2025,2:30,320
9/10/2025,2:45,313.6
9/10/2025,3:00,356.8
9/10/2025,3:15,300
9/10/2025,3:30,320.8
9/10/2025,3:45,254.4
9/10/2025,4:00,216.8
9/10/2025,4:15,274.4
9/10/2025,4:30,291.2
9/10/2025,4:45,289.6
9/10/2025,5:00,282.4
9/10/2025,5:15,295.2
9/10/2025,5:30,284
9/10/2025,5:45,281.6
9/10/2025,6:00,291.2
9/10/2025,6:15,280
9/10/2025,6:30,292
9/10/2025,6:45,348.8
9/10/2025,7:00,324
9/10/2025,7:15,340.8
9/10/2025,7:30,309.6
9/10/2025,7:45,300
9/10/2025,8:00,322.4
9/10/2025,8:15,346.4
9/10/2025,8:30,408.8
9/10/2025,8:45,419.2
9/10/2025,9:00,428.8
9/10/2025,9:15,416.8
9/10/2025,9:30,429.6
9/10/2025,9:45,472
9/10/2025,10:00,461.6
9/10/2025,10:15,472.8
9/10/2025,10:30,410.4
9/10/2025,10:45,427.2
9/10/2025,11:00,416.8
9/10/2025,11:15,411.2
9/10/2025,11:30,425.6
9/10/2025,11:45,448
9/10/2025,12:00,440
9/10/2025,12:15,456.8
9/10/2025,12:30,433.6
9/10/2025,12:45,432.8
9/10/2025,13:00,443.2
9/10/2025,13:15,483.2
9/10/2025,13:30,447.2
9/10/2025,13:45,389.6
9/10/2025,14:00,381.6
9/10/2025,14:15,409.6
9/10/2025,14:30,385.6
9/10/2025,14:45,385.6
9/10/2025,15:00,398.4
9/10/2025,15:15,386.4
9/10/2025,15:30,387.2
9/10/2025,15:45,416
9/10/2025,16:00,434.4
9/10/2025,16:15,440
9/10/2025,16:30,469.6
9/10/2025,16:45,441.6
9/10/2025,17:00,440
9/10/2025,17:15,395.2
9/10/2025,17:30,392.8
9/10/2025,17:45,369.6
9/10/2025,18:00,368
9/10/2025,18:15,380
9/10/2025,18:30,371.2
9/10/2025,18:45,371.2
9/10/2025,19:00,372
9/10/2025,19:15,382.4
9/10/2025,19:30,364.8
9/10/2025,19:45,356.8
9/10/2025,20:00,399.2
9/10/2025,20:15,390.4
9/10/2025,20:30,265.6
9/10/2025,20:45,254.4
9/10/2025,21:00,252
9/10/2025,21:15,305.6
9/10/2025,21:30,322.4
9/10/2025,21:45,313.6
9/10/2025,22:00,308.8
9/10/2025,22:15,312
9/10/2025,22:30,280
9/10/2025,22:45,292.8
9/10/2025,23:00,306.4
9/10/2025,23:15,313.6
9/10/2025,23:30,323.2
9/10/2025,23:45,324
9/11/2025,0:00,347.2
9/11/2025,0:15,284
9/11/2025,0:30,259.2
9/11/2025,0:45,272
9/11/2025,1:00,286.4
9/11/2025,1:15,279.2
9/11/2025,1:30,270.4
9/11/2025,1:45,283.2
9/11/2025,2:00,280.8
9/11/2025,2:15,280.8
9/11/2025,2:30,167.2
9/11/2025,2:45,213.6
9/11/2025,3:00,280.8
9/11/2025,3:15,285.6
9/11/2025,3:30,305.6
9/11/2025,3:45,297.6
9/11/2025,4:00,328
9/11/2025,4:15,315.2
9/11/2025,4:30,276
9/11/2025,4:45,176.8
9/11/2025,5:00,232.8
9/11/2025,5:15,264
9/11/2025,5:30,282.4
9/11/2025,5:45,293.6
9/11/2025,6:00,289.6
9/11/2025,6:15,308
9/11/2025,6:30,167.2
9/11/2025,6:45,211.2
9/11/2025,7:00,289.6
9/11/2025,7:15,369.6
9/11/2025,7:30,325.6
9/11/2025,7:45,330.4
9/11/2025,8:00,332
9/11/2025,8:15,387.2
9/11/2025,8:30,364
9/11/2025,8:45,385.6
9/11/2025,9:00,411.2
9/11/2025,9:15,428
9/11/2025,9:30,436.8
9/11/2025,9:45,426.4
9/11/2025,10:00,452
9/11/2025,10:15,471.2
9/11/2025,10:30,489.6
9/11/2025,10:45,437.6
9/11/2025,11:00,435.2
9/11/2025,11:15,444
9/11/2025,11:30,458.4
9/11/2025,11:45,441.6
9/11/2025,12:00,423.2
9/11/2025,12:15,391.2
9/11/2025,12:30,400.8
9/11/2025,12:45,400.8
9/11/2025,13:00,396
9/11/2025,13:15,425.6
9/11/2025,13:30,430.4
9/11/2025,13:45,404.8
9/11/2025,14:00,392
9/11/2025,14:15,377.6
9/11/2025,14:30,393.6
9/11/2025,14:45,403.2
9/11/2025,15:00,379.2
9/11/2025,15:15,403.2
9/11/2025,15:30,388.8
9/11/2025,15:45,432
9/11/2025,16:00,429.6
9/11/2025,16:15,401.6
9/11/2025,16:30,397.6
9/11/2025,16:45,469.6
9/11/2025,17:00,426.4
9/11/2025,17:15,399.2
9/11/2025,17:30,401.6
9/11/2025,17:45,373.6
9/11/2025,18:00,377.6
9/11/2025,18:15,377.6
9/11/2025,18:30,353.6
9/11/2025,18:45,356
9/11/2025,19:00,394.4
9/11/2025,19:15,369.6
9/11/2025,19:30,385.6
9/11/2025,19:45,376
9/11/2025,20:00,419.2
9/11/2025,20:15,408.8
9/11/2025,20:30,395.2
9/11/2025,20:45,339.2
9/11/2025,21:00,320.8
9/11/2025,21:15,271.2
9/11/2025,21:30,266.4
9/11/2025,21:45,252
9/11/2025,22:00,310.4
9/11/2025,22:15,333.6
9/11/2025,22:30,288
9/11/2025,22:45,309.6
9/11/2025,23:00,328.8
9/11/2025,23:15,329.6
9/11/2025,23:30,368
9/11/2025,23:45,348
9/12/2025,0:00,331.2
9/12/2025,0:15,320
9/12/2025,0:30,239.2
9/12/2025,0:45,222.4
9/12/2025,1:00,232.8
9/12/2025,1:15,263.2
9/12/2025,1:30,288
9/12/2025,1:45,268
9/12/2025,2:00,280.8
9/12/2025,2:15,272.8
9/12/2025,2:30,283.2
9/12/2025,2:45,284.8
9/12/2025,3:00,263.2
9/12/2025,3:15,218.4
9/12/2025,3:30,264.8
9/12/2025,3:45,256.8
9/12/2025,4:00,260
9/12/2025,4:15,278.4
9/12/2025,4:30,293.6
9/12/2025,4:45,272.8
9/12/2025,5:00,268.8
9/12/2025,5:15,262.4
9/12/2025,5:30,208
9/12/2025,5:45,152.8
9/12/2025,6:00,262.4
9/12/2025,6:15,324.8
9/12/2025,6:30,292.8
9/12/2025,6:45,336.8
9/12/2025,7:00,332
9/12/2025,7:15,344
9/12/2025,7:30,290.4
9/12/2025,7:45,336
9/12/2025,8:00,323.2
9/12/2025,8:15,328
9/12/2025,8:30,360
9/12/2025,8:45,367.2
9/12/2025,9:00,391.2
9/12/2025,9:15,403.2
9/12/2025,9:30,485.6
9/12/2025,9:45,450.4
9/12/2025,10:00,489.6
9/12/2025,10:15,414.4
9/12/2025,10:30,435.2
9/12/2025,10:45,430.4
9/12/2025,11:00,432
9/12/2025,11:15,436
9/12/2025,11:30,408
9/12/2025,11:45,418.4
9/12/2025,12:00,398.4
9/12/2025,12:15,394.4
9/12/2025,12:30,387.2
9/12/2025,12:45,446.4
9/12/2025,13:00,402.4
9/12/2025,13:15,388.8
9/12/2025,13:30,381.6
9/12/2025,13:45,378.4
9/12/2025,14:00,392.8
9/12/2025,14:15,375.2
9/12/2025,14:30,385.6
9/12/2025,14:45,394.4
9/12/2025,15:00,389.6
9/12/2025,15:15,398.4
9/12/2025,15:30,404
9/12/2025,15:45,400.8
9/12/2025,16:00,454.4
9/12/2025,16:15,452
9/12/2025,16:30,458.4
9/12/2025,16:45,372.8
9/12/2025,17:00,388.8
9/12/2025,17:15,371.2
9/12/2025,17:30,407.2
9/12/2025,17:45,388
9/12/2025,18:00,372
9/12/2025,18:15,374.4
9/12/2025,18:30,369.6
9/12/2025,18:45,353.6
9/12/2025,19:00,370.4
9/12/2025,19:15,395.2
9/12/2025,19:30,417.6
9/12/2025,19:45,411.2
9/12/2025,20:00,372
9/12/2025,20:15,371.2
9/12/2025,20:30,364
9/12/2025,20:45,365.6
9/12/2025,21:00,409.6
9/12/2025,21:15,408.8
9/12/2025,21:30,454.4
9/12/2025,21:45,428.8
9/12/2025,22:00,407.2
9/12/2025,22:15,432.8
9/12/2025,22:30,340
9/12/2025,22:45,327.2
9/12/2025,23:00,342.4
9/12/2025,23:15,291.2
9/12/2025,23:30,304
9/12/2025,23:45,298.4
9/13/2025,0:00,210.4
9/13/2025,0:15,226.4
9/13/2025,0:30,275.2
9/13/2025,0:45,283.2
9/13/2025,1:00,288.8
9/13/2025,1:15,344
9/13/2025,1:30,304.8
9/13/2025,1:45,332
9/13/2025,2:00,284
9/13/2025,2:15,270.4
9/13/2025,2:30,284
9/13/2025,2:45,268
9/13/2025,3:00,269.6
9/13/2025,3:15,269.6
9/13/2025,3:30,267.2
9/13/2025,3:45,279.2
9/13/2025,4:00,296
9/13/2025,4:15,283.2
9/13/2025,4:30,268.8
9/13/2025,4:45,337.6
9/13/2025,5:00,292
9/13/2025,5:15,250.4
9/13/2025,5:30,222.4
9/13/2025,5:45,264.8
9/13/2025,6:00,305.6
9/13/2025,6:15,287.2
9/13/2025,6:30,262.4
9/13/2025,6:45,279.2
9/13/2025,7:00,295.2
9/13/2025,7:15,289.6
9/13/2025,7:30,279.2
9/13/2025,7:45,284
9/13/2025,8:00,317.6
9/13/2025,8:15,377.6
9/13/2025,8:30,378.4
9/13/2025,8:45,389.6
9/13/2025,9:00,380
9/13/2025,9:15,381.6
9/13/2025,9:30,417.6
9/13/2025,9:45,400.8
9/13/2025,10:00,374.4
9/13/2025,10:15,364
9/13/2025,10:30,386.4
9/13/2025,10:45,388.8
9/13/2025,11:00,373.6
9/13/2025,11:15,462.4
9/13/2025,11:30,420.8
9/13/2025,11:45,424.8
9/13/2025,12:00,388.8
9/13/2025,12:15,357.6
9/13/2025,12:30,370.4
9/13/2025,12:45,364
9/13/2025,13:00,387.2
9/13/2025,13:15,367.2
9/13/2025,13:30,371.2
9/13/2025,13:45,360
9/13/2025,14:00,360.8
9/13/2025,14:15,372.8
9/13/2025,14:30,397.6
9/13/2025,14:45,402.4
9/13/2025,15:00,412.8
9/13/2025,15:15,375.2
9/13/2025,15:30,376
9/13/2025,15:45,367.2
9/13/2025,16:00,373.6
9/13/2025,16:15,388
9/13/2025,16:30,363.2
9/13/2025,16:45,352
9/13/2025,17:00,341.6
9/13/2025,17:15,320
9/13/2025,17:30,260.8
9/13/2025,17:45,230.4
9/13/2025,18:00,274.4
9/13/2025,18:15,311.2
9/13/2025,18:30,332
9/13/2025,18:45,279.2
9/13/2025,19:00,312
9/13/2025,19:15,304
9/13/2025,19:30,288
9/13/2025,19:45,308.8
9/13/2025,20:00,291.2
9/13/2025,20:15,314.4
9/13/2025,20:30,325.6
9/13/2025,20:45,278.4
9/13/2025,21:00,284.8
9/13/2025,21:15,355.2
9/13/2025,21:30,380
9/13/2025,21:45,383.2
9/13/2025,22:00,396
9/13/2025,22:15,350.4
9/13/2025,22:30,290.4
9/13/2025,22:45,291.2
9/13/2025,23:00,295.2
9/13/2025,23:15,290.4
9/13/2025,23:30,296.8
9/13/2025,23:45,302.4
9/14/2025,0:00,295.2
9/14/2025,0:15,296.8
9/14/2025,0:30,276
9/14/2025,0:45,279.2
9/14/2025,1:00,272
9/14/2025,1:15,270.4
9/14/2025,1:30,318.4
9/14/2025,1:45,308.8
9/14/2025,2:00,272.8
9/14/2025,2:15,275.2
9/14/2025,2:30,149.6
9/14/2025,2:45,144.8
9/14/2025,3:00,266.4
9/14/2025,3:15,280.8
9/14/2025,3:30,265.6
9/14/2025,3:45,258.4
9/14/2025,4:00,258.4
9/14/2025,4:15,166.4
9/14/2025,4:30,152.8
9/14/2025,4:45,309.6
9/14/2025,5:00,310.4
9/14/2025,5:15,304.8
9/14/2025,5:30,264.8
9/14/2025,5:45,284.8
9/14/2025,6:00,173.6
9/14/2025,6:15,173.6
9/14/2025,6:30,283.2
9/14/2025,6:45,292.8
9/14/2025,7:00,300.8
9/14/2025,7:15,304.8
9/14/2025,7:30,294.4
9/14/2025,7:45,315.2
9/14/2025,8:00,368.8
9/14/2025,8:15,370.4
9/14/2025,8:30,385.6
9/14/2025,8:45,384.8
9/14/2025,9:00,354.4
9/14/2025,9:15,372
9/14/2025,9:30,430.4
9/14/2025,9:45,458.4
9/14/2025,10:00,433.6
9/14/2025,10:15,431.2
9/14/2025,10:30,426.4
9/14/2025,10:45,459.2
9/14/2025,11:00,433.6
9/14/2025,11:15,470.4
9/14/2025,11:30,487.2
9/14/2025,11:45,408.8
9/14/2025,12:00,390.4
9/14/2025,12:15,405.6
9/14/2025,12:30,381.6
9/14/2025,12:45,385.6
9/14/2025,13:00,393.6
9/14/2025,13:15,372.8
9/14/2025,13:30,380.8
9/14/2025,13:45,373.6
9/14/2025,14:00,391.2
9/14/2025,14:15,445.6
9/14/2025,14:30,432
9/14/2025,14:45,434.4
9/14/2025,15:00,386.4
9/14/2025,15:15,393.6
9/14/2025,15:30,416
9/14/2025,15:45,407.2
9/14/2025,16:00,415.2
9/14/2025,16:15,398.4
9/14/2025,16:30,403.2
9/14/2025,16:45,398.4
9/14/2025,17:00,387.2
9/14/2025,17:15,361.6
9/14/2025,17:30,417.6
9/14/2025,17:45,379.2
9/14/2025,18:00,407.2
9/14/2025,18:15,349.6
9/14/2025,18:30,338.4
9/14/2025,18:45,348
9/14/2025,19:00,369.6
9/14/2025,19:15,335.2
9/14/2025,19:30,305.6
9/14/2025,19:45,324
9/14/2025,20:00,244
9/14/2025,20:15,237.6
9/14/2025,20:30,318.4
9/14/2025,20:45,342.4
9/14/2025,21:00,328
9/14/2025,21:15,344.8
9/14/2025,21:30,370.4
9/14/2025,21:45,356
9/14/2025,22:00,326.4
9/14/2025,22:15,353.6
9/14/2025,22:30,307.2
9/14/2025,22:45,313.6
9/14/2025,23:00,283.2
9/14/2025,23:15,272
9/14/2025,23:30,207.2
9/14/2025,23:45,207.2
9/15/2025,0:00,228.8
9/15/2025,0:15,212
9/15/2025,0:30,285.6
9/15/2025,0:45,278.4
9/15/2025,1:00,272.8
9/15/2025,1:15,261.6
9/15/2025,1:30,274.4
9/15/2025,1:45,276.8
9/15/2025,2:00,268
9/15/2025,2:15,264
9/15/2025,2:30,249.6
9/15/2025,2:45,214.4
9/15/2025,3:00,209.6
9/15/2025,3:15,278.4
9/15/2025,3:30,274.4
9/15/2025,3:45,292
9/15/2025,4:00,264
9/15/2025,4:15,196.8
9/15/2025,4:30,168.8
9/15/2025,4:45,168.8
9/15/2025,5:00,272.8
9/15/2025,5:15,308
9/15/2025,5:30,308.8
9/15/2025,5:45,309.6
9/15/2025,6:00,226.4
9/15/2025,6:15,161.6
9/15/2025,6:30,184.8
9/15/2025,6:45,277.6
9/15/2025,7:00,289.6
9/15/2025,7:15,279.2
9/15/2025,7:30,300.8
9/15/2025,7:45,312.8
9/15/2025,8:00,327.2
9/15/2025,8:15,339.2
9/15/2025,8:30,382.4
9/15/2025,8:45,308
9/15/2025,9:00,352
9/15/2025,9:15,331.2
9/15/2025,9:30,307.2
9/15/2025,9:45,283.2
9/15/2025,10:00,300
9/15/2025,10:15,313.6
9/15/2025,10:30,300.8
9/15/2025,10:45,296.8
9/15/2025,11:00,298.4
9/15/2025,11:15,294.4
9/15/2025,11:30,377.6
9/15/2025,11:45,344.8
9/15/2025,12:00,348
9/15/2025,12:15,305.6
9/15/2025,12:30,286.4
9/15/2025,12:45,284
9/15/2025,13:00,284.8
9/15/2025,13:15,273.6
9/15/2025,13:30,264.8
9/15/2025,13:45,287.2
9/15/2025,14:00,272.8
9/15/2025,14:15,287.2
9/15/2025,14:30,296.8
9/15/2025,14:45,330.4
9/15/2025,15:00,360.8
9/15/2025,15:15,336.8
9/15/2025,15:30,298.4
9/15/2025,15:45,308.8
9/15/2025,16:00,312.8
9/15/2025,16:15,316.8
9/15/2025,16:30,303.2
9/15/2025,16:45,276.8
9/15/2025,17:00,289.6
9/15/2025,17:15,272
9/15/2025,17:30,252
9/15/2025,17:45,276.8
9/15/2025,18:00,261.6
9/15/2025,18:15,304
9/15/2025,18:30,304.8
9/15/2025,18:45,276
9/15/2025,19:00,273.6
9/15/2025,19:15,283.2
9/15/2025,19:30,270.4
9/15/2025,19:45,284
9/15/2025,20:00,289.6
9/15/2025,20:15,259.2
9/15/2025,20:30,304
9/15/2025,20:45,368.8
9/15/2025,21:00,356.8
9/15/2025,21:15,344
9/15/2025,21:30,327.2
9/15/2025,21:45,325.6
9/15/2025,22:00,319.2
9/15/2025,22:15,329.6
9/15/2025,22:30,288.8
9/15/2025,22:45,251.2
9/15/2025,23:00,250.4
9/15/2025,23:15,239.2
9/15/2025,23:30,243.2
9/15/2025,23:45,239.2
9/16/2025,0:00,238.4
9/16/2025,0:15,284
9/16/2025,0:30,240.8
9/16/2025,0:45,230.4
9/16/2025,1:00,244
9/16/2025,1:15,248
9/16/2025,1:30,246.4
9/16/2025,1:45,295.2
9/16/2025,2:00,283.2
9/16/2025,2:15,256.8
9/16/2025,2:30,242.4
9/16/2025,2:45,236.8
9/16/2025,3:00,237.6
9/16/2025,3:15,262.4
9/16/2025,3:30,235.2
9/16/2025,3:45,246.4
9/16/2025,4:00,242.4
9/16/2025,4:15,241.6
9/16/2025,4:30,225.6
9/16/2025,4:45,234.4
9/16/2025,5:00,239.2
9/16/2025,5:15,274.4
9/16/2025,5:30,263.2
9/16/2025,5:45,240.8
9/16/2025,6:00,244.8
9/16/2025,6:15,250.4
9/16/2025,6:30,230.4
9/16/2025,6:45,238.4
9/16/2025,7:00,255.2
9/16/2025,7:15,251.2
9/16/2025,7:30,251.2
9/16/2025,7:45,266.4
9/16/2025,8:00,279.2
9/16/2025,8:15,303.2
9/16/2025,8:30,360.8
9/16/2025,8:45,346.4
9/16/2025,9:00,344
9/16/2025,9:15,316.8
9/16/2025,9:30,322.4
9/16/2025,9:45,309.6
9/16/2025,10:00,305.6
9/16/2025,10:15,300.8
9/16/2025,10:30,308.8
9/16/2025,10:45,292
9/16/2025,11:00,298.4
9/16/2025,11:15,321.6
9/16/2025,11:30,384
9/16/2025,11:45,399.2
9/16/2025,12:00,344
9/16/2025,12:15,301.6
9/16/2025,12:30,304.8
9/16/2025,12:45,301.6
9/16/2025,13:00,289.6
9/16/2025,13:15,285.6
9/16/2025,13:30,283.2
9/16/2025,13:45,288
9/16/2025,14:00,283.2
9/16/2025,14:15,275.2
9/16/2025,14:30,304.8
9/16/2025,14:45,286.4
9/16/2025,15:00,337.6
9/16/2025,15:15,312.8
9/16/2025,15:30,323.2
9/16/2025,15:45,284.8
9/16/2025,16:00,307.2
9/16/2025,16:15,302.4
9/16/2025,16:30,310.4
9/16/2025,16:45,288.8
9/16/2025,17:00,293.6
9/16/2025,17:15,288.8
9/16/2025,17:30,288.8
9/16/2025,17:45,302.4
9/16/2025,18:00,260.8
9/16/2025,18:15,263.2
9/16/2025,18:30,289.6
9/16/2025,18:45,284.8
9/16/2025,19:00,302.4
9/16/2025,19:15,270.4
9/16/2025,19:30,268
9/16/2025,19:45,259.2
9/16/2025,20:00,260
9/16/2025,20:15,259.2
9/16/2025,20:30,268.8
9/16/2025,20:45,330.4
9/16/2025,21:00,306.4
9/16/2025,21:15,311.2
9/16/2025,21:30,342.4
9/16/2025,21:45,332.8
9/16/2025,22:00,325.6
9/16/2025,22:15,308.8
9/16/2025,22:30,287.2
9/16/2025,22:45,289.6
9/16/2025,23:00,240
9/16/2025,23:15,237.6
9/16/2025,23:30,248
9/16/2025,23:45,245.6
9/17/2025,0:00,225.6
9/17/2025,0:15,229.6
9/17/2025,0:30,252.8
9/17/2025,0:45,226.4
9/17/2025,1:00,240.8
9/17/2025,1:15,253.6
9/17/2025,1:30,232
9/17/2025,1:45,233.6
9/17/2025,2:00,284
9/17/2025,2:15,270.4
9/17/2025,2:30,294.4
9/17/2025,2:45,235.2
9/17/2025,3:00,228
9/17/2025,3:15,233.6
9/17/2025,3:30,232
9/17/2025,3:45,228
9/17/2025,4:00,225.6
9/17/2025,4:15,219.2
9/17/2025,4:30,221.6
9/17/2025,4:45,239.2
9/17/2025,5:00,242.4
9/17/2025,5:15,264.8
9/17/2025,5:30,280.8
9/17/2025,5:45,278.4
9/17/2025,6:00,280
9/17/2025,6:15,242.4
9/17/2025,6:30,244.8
9/17/2025,6:45,234.4
9/17/2025,7:00,262.4
9/17/2025,7:15,256.8
9/17/2025,7:30,272
9/17/2025,7:45,268.8
9/17/2025,8:00,298.4
9/17/2025,8:15,310.4
9/17/2025,8:30,296.8
9/17/2025,8:45,294.4
9/17/2025,9:00,334.4
9/17/2025,9:15,356
9/17/2025,9:30,386.4
9/17/2025,9:45,333.6
9/17/2025,10:00,326.4
9/17/2025,10:15,316.8
9/17/2025,10:30,320.8
9/17/2025,10:45,308
9/17/2025,11:00,322.4
9/17/2025,11:15,360
9/17/2025,11:30,338.4
9/17/2025,11:45,319.2
9/17/2025,12:00,373.6
9/17/2025,12:15,362.4
9/17/2025,12:30,359.2
9/17/2025,12:45,314.4
9/17/2025,13:00,301.6
9/17/2025,13:15,300.8
9/17/2025,13:30,295.2
9/17/2025,13:45,280
9/17/2025,14:00,284.8
9/17/2025,14:15,288.8
9/17/2025,14:30,287.2
9/17/2025,14:45,301.6
9/17/2025,15:00,297.6
9/17/2025,15:15,286.4
9/17/2025,15:30,356.8
9/17/2025,15:45,362.4
9/17/2025,16:00,340.8
9/17/2025,16:15,304.8
9/17/2025,16:30,296
9/17/2025,16:45,296
9/17/2025,17:00,344.8
9/17/2025,17:15,276.8
9/17/2025,17:30,275.2
9/17/2025,17:45,265.6
9/17/2025,18:00,286.4
9/17/2025,18:15,264
9/17/2025,18:30,264.8
9/17/2025,18:45,259.2
9/17/2025,19:00,309.6
9/17/2025,19:15,303.2
9/17/2025,19:30,300.8
9/17/2025,19:45,276
9/17/2025,20:00,280
9/17/2025,20:15,267.2
9/17/2025,20:30,288.8
9/17/2025,20:45,279.2
9/17/2025,21:00,261.6
9/17/2025,21:15,276.8
9/17/2025,21:30,329.6
9/17/2025,21:45,312
9/17/2025,22:00,313.6
9/17/2025,22:15,312
9/17/2025,22:30,298.4
9/17/2025,22:45,318.4
9/17/2025,23:00,273.6
9/17/2025,23:15,278.4
9/17/2025,23:30,256
9/17/2025,23:45,252.8
9/18/2025,0:00,235.2
9/18/2025,0:15,229.6
9/18/2025,0:30,232.8
9/18/2025,0:45,236
9/18/2025,1:00,223.2
9/18/2025,1:15,236.8
9/18/2025,1:30,235.2
9/18/2025,1:45,240
9/18/2025,2:00,238.4
9/18/2025,2:15,244
9/18/2025,2:30,295.2
9/18/2025,2:45,304
9/18/2025,3:00,251.2
9/18/2025,3:15,232
9/18/2025,3:30,237.6
9/18/2025,3:45,232
9/18/2025,4:00,225.6
9/18/2025,4:15,232
9/18/2025,4:30,235.2
9/18/2025,4:45,230.4
9/18/2025,5:00,236
9/18/2025,5:15,237.6
9/18/2025,5:30,227.2
9/18/2025,5:45,245.6
9/18/2025,6:00,280
9/18/2025,6:15,286.4
9/18/2025,6:30,251.2
9/18/2025,6:45,243.2
9/18/2025,7:00,240.8
9/18/2025,7:15,284.8
9/18/2025,7:30,267.2
9/18/2025,7:45,268.8
9/18/2025,8:00,280
9/18/2025,8:15,269.6
9/18/2025,8:30,312.8
9/18/2025,8:45,292
9/18/2025,9:00,350.4
9/18/2025,9:15,346.4
9/18/2025,9:30,348.8
9/18/2025,9:45,341.6
9/18/2025,10:00,285.6
9/18/2025,10:15,319.2
9/18/2025,10:30,278.4
9/18/2025,10:45,261.6
9/18/2025,11:00,271.2
9/18/2025,11:15,291.2
9/18/2025,11:30,305.6
9/18/2025,11:45,292
9/18/2025,12:00,277.6
9/18/2025,12:15,317.6
9/18/2025,12:30,318.4
9/18/2025,12:45,306.4
9/18/2025,13:00,271.2
9/18/2025,13:15,254.4
9/18/2025,13:30,246.4
9/18/2025,13:45,256.8
9/18/2025,14:00,241.6
9/18/2025,14:15,284
9/18/2025,14:30,244.8
9/18/2025,14:45,248.8
9/18/2025,15:00,260
9/18/2025,15:15,254.4
9/18/2025,15:30,311.2
9/18/2025,15:45,291.2
9/18/2025,16:00,312
9/18/2025,16:15,290.4
9/18/2025,16:30,271.2
9/18/2025,16:45,270.4
9/18/2025,17:00,257.6
9/18/2025,17:15,246.4
9/18/2025,17:30,266.4
9/18/2025,17:45,239.2
9/18/2025,18:00,246.4
9/18/2025,18:15,254.4
9/18/2025,18:30,239.2
9/18/2025,18:45,234.4
9/18/2025,19:00,297.6
9/18/2025,19:15,301.6
9/18/2025,19:30,288.8
9/18/2025,19:45,262.4
9/18/2025,20:00,276.8
9/18/2025,20:15,253.6
9/18/2025,20:30,259.2
9/18/2025,20:45,254.4
9/18/2025,21:00,258.4
9/18/2025,21:15,252.8
9/18/2025,21:30,304
9/18/2025,21:45,288
9/18/2025,22:00,304
9/18/2025,22:15,318.4
9/18/2025,22:30,322.4
9/18/2025,22:45,291.2
9/18/2025,23:00,251.2
9/18/2025,23:15,254.4
9/18/2025,23:30,248
9/18/2025,23:45,196
9/19/2025,0:00,199.2
9/19/2025,0:15,196.8
9/19/2025,0:30,200
9/19/2025,0:45,196
9/19/2025,1:00,188
9/19/2025,1:15,184
9/19/2025,1:30,204.8
9/19/2025,1:45,188
9/19/2025,2:00,192
9/19/2025,2:15,190.4
9/19/2025,2:30,229.6
9/19/2025,2:45,252
9/19/2025,3:00,251.2
9/19/2025,3:15,198.4
9/19/2025,3:30,201.6
9/19/2025,3:45,196.8
9/19/2025,4:00,198.4
9/19/2025,4:15,193.6
9/19/2025,4:30,190.4
9/19/2025,4:45,189.6
9/19/2025,5:00,180
9/19/2025,5:15,197.6
9/19/2025,5:30,183.2
9/19/2025,5:45,189.6
9/19/2025,6:00,241.6
9/19/2025,6:15,257.6
9/19/2025,6:30,235.2
9/19/2025,6:45,204.8
9/19/2025,7:00,225.6
9/19/2025,7:15,214.4
9/19/2025,7:30,213.6
9/19/2025,7:45,208.8
9/19/2025,8:00,238.4
9/19/2025,8:15,234.4
9/19/2025,8:30,261.6
9/19/2025,8:45,303.2
9/19/2025,9:00,334.4
9/19/2025,9:15,317.6
9/19/2025,9:30,356.8
9/19/2025,9:45,304
9/19/2025,10:00,285.6
9/19/2025,10:15,281.6
9/19/2025,10:30,302.4
9/19/2025,10:45,286.4
9/19/2025,11:00,285.6
9/19/2025,11:15,289.6
9/19/2025,11:30,286.4
9/19/2025,11:45,273.6
9/19/2025,12:00,346.4
9/19/2025,12:15,355.2
9/19/2025,12:30,326.4
9/19/2025,12:45,266.4
9/19/2025,13:00,279.2
9/19/2025,13:15,291.2
9/19/2025,13:30,256.8
9/19/2025,13:45,258.4
9/19/2025,14:00,283.2
9/19/2025,14:15,267.2
9/19/2025,14:30,320
9/19/2025,14:45,304.8
9/19/2025,15:00,308
9/19/2025,15:15,321.6
9/19/2025,15:30,312
9/19/2025,15:45,332.8
9/19/2025,16:00,312
9/19/2025,16:15,292.8
9/19/2025,16:30,300
9/19/2025,16:45,296.8
9/19/2025,17:00,280.8
9/19/2025,17:15,283.2
9/19/2025,17:30,264.8
9/19/2025,17:45,256.8
9/19/2025,18:00,274.4
9/19/2025,18:15,268
9/19/2025,18:30,256
9/19/2025,18:45,332
9/19/2025,19:00,312.8
9/19/2025,19:15,308
9/19/2025,19:30,262.4
9/19/2025,19:45,295.2
9/19/2025,20:00,264
9/19/2025,20:15,262.4
9/19/2025,20:30,272
9/19/2025,20:45,291.2
9/19/2025,21:00,263.2
9/19/2025,21:15,268
9/19/2025,21:30,252
9/19/2025,21:45,310.4
9/19/2025,22:00,331.2
9/19/2025,22:15,348
9/19/2025,22:30,294.4
9/19/2025,22:45,296.8
9/19/2025,23:00,268
9/19/2025,23:15,265.6
9/19/2025,23:30,270.4
9/19/2025,23:45,257.6
9/20/2025,0:00,253.6
9/20/2025,0:15,222.4
9/20/2025,0:30,214.4
9/20/2025,0:45,230.4
9/20/2025,1:00,213.6
9/20/2025,1:15,214.4
9/20/2025,1:30,222.4
9/20/2025,1:45,231.2
9/20/2025,2:00,208.8
9/20/2025,2:15,211.2
9/20/2025,2:30,208
9/20/2025,2:45,210.4
9/20/2025,3:00,248
9/20/2025,3:15,258.4
9/20/2025,3:30,256
9/20/2025,3:45,228.8
9/20/2025,4:00,226.4
9/20/2025,4:15,181.6
9/20/2025,4:30,176
9/20/2025,4:45,130.4
9/20/2025,5:00,120.8
9/20/2025,5:15,116.8
9/20/2025,5:30,160
9/20/2025,5:45,186.4
9/20/2025,6:00,203.2
9/20/2025,6:15,210.4
9/20/2025,6:30,264
9/20/2025,6:45,248.8
9/20/2025,7:00,240.8
9/20/2025,7:15,210.4
9/20/2025,7:30,195.2
9/20/2025,7:45,200
9/20/2025,8:00,205.6
9/20/2025,8:15,211.2
9/20/2025,8:30,220.8
9/20/2025,8:45,209.6
9/20/2025,9:00,231.2
9/20/2025,9:15,214.4
9/20/2025,9:30,272.8
9/20/2025,9:45,285.6
9/20/2025,10:00,251.2
9/20/2025,10:15,248.8
9/20/2025,10:30,220
9/20/2025,10:45,208.8
9/20/2025,11:00,221.6
9/20/2025,11:15,260.8
9/20/2025,11:30,169.6
9/20/2025,11:45,154.4
9/20/2025,12:00,160
9/20/2025,12:15,161.6
9/20/2025,12:30,200
9/20/2025,12:45,264
9/20/2025,13:00,242.4
9/20/2025,13:15,248
9/20/2025,13:30,243.2
9/20/2025,13:45,211.2
9/20/2025,14:00,190.4
9/20/2025,14:15,204
9/20/2025,14:30,198.4
9/20/2025,14:45,216
9/20/2025,15:00,213.6
9/20/2025,15:15,210.4
9/20/2025,15:30,207.2
9/20/2025,15:45,225.6
9/20/2025,16:00,232
9/20/2025,16:15,278.4
9/20/2025,16:30,247.2
9/20/2025,16:45,248
9/20/2025,17:00,208.8
9/20/2025,17:15,149.6
9/20/2025,17:30,131.2
9/20/2025,17:45,142.4
9/20/2025,18:00,165.6
9/20/2025,18:15,208
9/20/2025,18:30,188.8
9/20/2025,18:45,177.6
9/20/2025,19:00,198.4
9/20/2025,19:15,202.4
9/20/2025,19:30,248
9/20/2025,19:45,228.8
9/20/2025,20:00,240
9/20/2025,20:15,247.2
9/20/2025,20:30,204.8
9/20/2025,20:45,199.2
9/20/2025,21:00,205.6
9/20/2025,21:15,207.2
9/20/2025,21:30,200.8
9/20/2025,21:45,212
9/20/2025,22:00,145.6
9/20/2025,22:15,142.4
9/20/2025,22:30,128.8
9/20/2025,22:45,177.6
9/20/2025,23:00,184
9/20/2025,23:15,228
9/20/2025,23:30,210.4
9/20/2025,23:45,219.2
9/21/2025,0:00,222.4
9/21/2025,0:15,219.2
9/21/2025,0:30,216.8
9/21/2025,0:45,212.8
9/21/2025,1:00,234.4
9/21/2025,1:15,212.8
9/21/2025,1:30,186.4
9/21/2025,1:45,168
9/21/2025,2:00,168
9/21/2025,2:15,116
9/21/2025,2:30,140.8
9/21/2025,2:45,120
9/21/2025,3:00,120
9/21/2025,3:15,175.2
9/21/2025,3:30,184
9/21/2025,3:45,176.8
9/21/2025,4:00,214.4
9/21/2025,4:15,210.4
9/21/2025,4:30,212
9/21/2025,4:45,209.6
9/21/2025,5:00,170.4
9/21/2025,5:15,169.6
9/21/2025,5:30,184.8
9/21/2025,5:45,196.8
9/21/2025,6:00,123.2
9/21/2025,6:15,109.6
9/21/2025,6:30,145.6
9/21/2025,6:45,124
9/21/2025,7:00,175.2
9/21/2025,7:15,184.8
9/21/2025,7:30,252.8
9/21/2025,7:45,241.6
9/21/2025,8:00,254.4
9/21/2025,8:15,221.6
9/21/2025,8:30,224
9/21/2025,8:45,226.4
9/21/2025,9:00,252.8
9/21/2025,9:15,260
9/21/2025,9:30,259.2
9/21/2025,9:45,240.8
9/21/2025,10:00,249.6
9/21/2025,10:15,264
9/21/2025,10:30,267.2
9/21/2025,10:45,269.6
9/21/2025,11:00,268.8
9/21/2025,11:15,230.4
9/21/2025,11:30,224
9/21/2025,11:45,243.2
9/21/2025,12:00,209.6
9/21/2025,12:15,197.6
9/21/2025,12:30,193.6
9/21/2025,12:45,193.6
9/21/2025,13:00,206.4
9/21/2025,13:15,229.6
9/21/2025,13:30,229.6
9/21/2025,13:45,240.8
9/21/2025,14:00,232
9/21/2025,14:15,239.2
9/21/2025,14:30,190.4
9/21/2025,14:45,205.6
9/21/2025,15:00,204.8
9/21/2025,15:15,216
9/21/2025,15:30,201.6
9/21/2025,15:45,200
9/21/2025,16:00,231.2
9/21/2025,16:15,236.8
9/21/2025,16:30,235.2
9/21/2025,16:45,253.6
9/21/2025,17:00,240
9/21/2025,17:15,269.6
9/21/2025,17:30,214.4
9/21/2025,17:45,128
9/21/2025,18:00,128
9/21/2025,18:15,127.2
9/21/2025,18:30,132.8
9/21/2025,18:45,168.8
9/21/2025,19:00,210.4
9/21/2025,19:15,204.8
9/21/2025,19:30,209.6
9/21/2025,19:45,213.6
9/21/2025,20:00,250.4
9/21/2025,20:15,247.2
9/21/2025,20:30,217.6
9/21/2025,20:45,212
9/21/2025,21:00,208
9/21/2025,21:15,205.6
9/21/2025,21:30,156
9/21/2025,21:45,144.8
9/21/2025,22:00,148.8
9/21/2025,22:15,158.4
9/21/2025,22:30,164.8
9/21/2025,22:45,200.8
9/21/2025,23:00,213.6
9/21/2025,23:15,228.8
9/21/2025,23:30,222.4
9/21/2025,23:45,255.2
9/22/2025,0:00,242.4
9/22/2025,0:15,209.6
9/22/2025,0:30,225.6
9/22/2025,0:45,216
9/22/2025,1:00,118.4
9/22/2025,1:15,121.6
9/22/2025,1:30,130.4
9/22/2025,1:45,135.2
9/22/2025,2:00,121.6
9/22/2025,2:15,177.6
9/22/2025,2:30,181.6
9/22/2025,2:45,196
9/22/2025,3:00,184
9/22/2025,3:15,177.6
9/22/2025,3:30,237.6
9/22/2025,3:45,212.8
9/22/2025,4:00,218.4
9/22/2025,4:15,178.4
9/22/2025,4:30,138.4
9/22/2025,4:45,118.4
9/22/2025,5:00,132.8
9/22/2025,5:15,124
9/22/2025,5:30,165.6
9/22/2025,5:45,205.6
9/22/2025,6:00,182.4
9/22/2025,6:15,181.6
9/22/2025,6:30,177.6
9/22/2025,6:45,243.2
9/22/2025,7:00,234.4
9/22/2025,7:15,232
9/22/2025,7:30,207.2
9/22/2025,7:45,188
9/22/2025,8:00,199.2
9/22/2025,8:15,208
9/22/2025,8:30,249.6
9/22/2025,8:45,250.4
9/22/2025,9:00,258.4
9/22/2025,9:15,319.2
9/22/2025,9:30,298.4
9/22/2025,9:45,296.8
9/22/2025,10:00,304.8
9/22/2025,10:15,261.6
9/22/2025,10:30,265.6
9/22/2025,10:45,244
9/22/2025,11:00,251.2
9/22/2025,11:15,273.6
9/22/2025,11:30,284
9/22/2025,11:45,276.8
9/22/2025,12:00,284
9/22/2025,12:15,320
9/22/2025,12:30,309.6
9/22/2025,12:45,302.4
9/22/2025,13:00,272
9/22/2025,13:15,265.6
9/22/2025,13:30,252.8
9/22/2025,13:45,271.2
9/22/2025,14:00,255.2
9/22/2025,14:15,268
9/22/2025,14:30,283.2
9/22/2025,14:45,271.2
9/22/2025,15:00,276.8
9/22/2025,15:15,316
9/22/2025,15:30,350.4
9/22/2025,15:45,348.8
9/22/2025,16:00,305.6
9/22/2025,16:15,304
9/22/2025,16:30,304
9/22/2025,16:45,273.6
9/22/2025,17:00,276
9/22/2025,17:15,236.8
9/22/2025,17:30,242.4
9/22/2025,17:45,257.6
9/22/2025,18:00,274.4
9/22/2025,18:15,259.2
9/22/2025,18:30,265.6
9/22/2025,18:45,293.6
9/22/2025,19:00,280
9/22/2025,19:15,251.2
9/22/2025,19:30,270.4
9/22/2025,19:45,252.8
9/22/2025,20:00,243.2
9/22/2025,20:15,270.4
9/22/2025,20:30,259.2
9/22/2025,20:45,338.4
9/22/2025,21:00,320.8
9/22/2025,21:15,299.2
9/22/2025,21:30,288
9/22/2025,21:45,287.2
9/22/2025,22:00,316
9/22/2025,22:15,292.8
9/22/2025,22:30,248.8
9/22/2025,22:45,223.2
9/22/2025,23:00,184.8
9/22/2025,23:15,134.4
9/22/2025,23:30,127.2
9/22/2025,23:45,137.6
9/23/2025,0:00,121.6
9/23/2025,0:15,186.4
9/23/2025,0:30,196
9/23/2025,0:45,179.2
9/23/2025,1:00,179.2
9/23/2025,1:15,179.2
9/23/2025,1:30,224.8
9/23/2025,1:45,221.6
9/23/2025,2:00,221.6
9/23/2025,2:15,179.2
9/23/2025,2:30,186.4
9/23/2025,2:45,182.4
9/23/2025,3:00,180
9/23/2025,3:15,125.6
9/23/2025,3:30,127.2
9/23/2025,3:45,123.2
9/23/2025,4:00,118.4
9/23/2025,4:15,187.2
9/23/2025,4:30,197.6
9/23/2025,4:45,240
9/23/2025,5:00,244
9/23/2025,5:15,243.2
9/23/2025,5:30,202.4
9/23/2025,5:45,188
9/23/2025,6:00,196
9/23/2025,6:15,181.6
9/23/2025,6:30,200
9/23/2025,6:45,188
9/23/2025,7:00,159.2
9/23/2025,7:15,133.6
9/23/2025,7:30,202.4
9/23/2025,7:45,238.4
9/23/2025,8:00,264.8
9/23/2025,8:15,275.2
9/23/2025,8:30,295.2
9/23/2025,8:45,244.8
9/23/2025,9:00,282.4
9/23/2025,9:15,320.8
9/23/2025,9:30,303.2
9/23/2025,9:45,309.6
9/23/2025,10:00,339.2
9/23/2025,10:15,330.4
9/23/2025,10:30,357.6
9/23/2025,10:45,350.4
9/23/2025,11:00,347.2
9/23/2025,11:15,341.6
9/23/2025,11:30,300
9/23/2025,11:45,285.6
9/23/2025,12:00,300
9/23/2025,12:15,285.6
9/23/2025,12:30,297.6
9/23/2025,12:45,290.4
9/23/2025,13:00,287.2
9/23/2025,13:15,274.4
9/23/2025,13:30,283.2
9/23/2025,13:45,346.4
9/23/2025,14:00,334.4
9/23/2025,14:15,324
9/23/2025,14:30,299.2
9/23/2025,14:45,284.8
9/23/2025,15:00,312.8
9/23/2025,15:15,279.2
9/23/2025,15:30,279.2
9/23/2025,15:45,282.4
9/23/2025,16:00,276
9/23/2025,16:15,285.6
9/23/2025,16:30,288.8
9/23/2025,16:45,280
9/23/2025,17:00,316.8
9/23/2025,17:15,308.8
9/23/2025,17:30,302.4
9/23/2025,17:45,238.4
9/23/2025,18:00,244.8
9/23/2025,18:15,260
9/23/2025,18:30,255.2
9/23/2025,18:45,271.2
9/23/2025,19:00,267.2
9/23/2025,19:15,276.8
9/23/2025,19:30,261.6
9/23/2025,19:45,256
9/23/2025,20:00,356
9/23/2025,20:15,307.2
9/23/2025,20:30,306.4
9/23/2025,20:45,304.8
9/23/2025,21:00,299.2
9/23/2025,21:15,309.6
9/23/2025,21:30,300.8
9/23/2025,21:45,318.4
9/23/2025,22:00,300.8
9/23/2025,22:15,308.8
9/23/2025,22:30,254.4
9/23/2025,22:45,232
9/23/2025,23:00,231.2
9/23/2025,23:15,230.4
9/23/2025,23:30,238.4
9/23/2025,23:45,242.4
9/24/2025,0:00,241.6
9/24/2025,0:15,232
9/24/2025,0:30,238.4
9/24/2025,0:45,232
9/24/2025,1:00,216
9/24/2025,1:15,250.4
9/24/2025,1:30,248.8
9/24/2025,1:45,248
9/24/2025,2:00,188.8
9/24/2025,2:15,230.4
9/24/2025,2:30,197.6
9/24/2025,2:45,144.8
9/24/2025,3:00,137.6
9/24/2025,3:15,123.2
9/24/2025,3:30,132
9/24/2025,3:45,191.2
9/24/2025,4:00,184.8
9/24/2025,4:15,188.8
9/24/2025,4:30,230.4
9/24/2025,4:45,232.8
9/24/2025,5:00,234.4
9/24/2025,5:15,184.8
9/24/2025,5:30,193.6
9/24/2025,5:45,194.4
9/24/2025,6:00,190.4
9/24/2025,6:15,212
9/24/2025,6:30,188.8
9/24/2025,6:45,185.6
9/24/2025,7:00,188.8
9/24/2025,7:15,205.6
9/24/2025,7:30,201.6
9/24/2025,7:45,248.8
9/24/2025,8:00,245.6
9/24/2025,8:15,257.6
9/24/2025,8:30,264.8
9/24/2025,8:45,240
9/24/2025,9:00,213.6
9/24/2025,9:15,217.6
9/24/2025,9:30,257.6
9/24/2025,9:45,262.4
9/24/2025,10:00,261.6
9/24/2025,10:15,255.2
9/24/2025,10:30,279.2
9/24/2025,10:45,281.6
9/24/2025,11:00,278.4
9/24/2025,11:15,251.2
9/24/2025,11:30,260
9/24/2025,11:45,244.8
9/24/2025,12:00,231.2
9/24/2025,12:15,248.8
9/24/2025,12:30,245.6
9/24/2025,12:45,232
9/24/2025,13:00,211.2
9/24/2025,13:15,232.8
9/24/2025,13:30,244.8
9/24/2025,13:45,246.4
9/24/2025,14:00,266.4
9/24/2025,14:15,252.8
9/24/2025,14:30,236
9/24/2025,14:45,216
9/24/2025,15:00,219.2
9/24/2025,15:15,234.4
9/24/2025,15:30,251.2
9/24/2025,15:45,232.8
9/24/2025,16:00,226.4
9/24/2025,16:15,225.6
9/24/2025,16:30,228.8
9/24/2025,16:45,256.8
9/24/2025,17:00,284
9/24/2025,17:15,292
9/24/2025,17:30,207.2
9/24/2025,17:45,202.4
9/24/2025,18:00,207.2
9/24/2025,18:15,204
9/24/2025,18:30,194.4
9/24/2025,18:45,220
9/24/2025,19:00,216
9/24/2025,19:15,212.8
9/24/2025,19:30,210.4
9/24/2025,19:45,213.6
9/24/2025,20:00,255.2
9/24/2025,20:15,264
9/24/2025,20:30,251.2
9/24/2025,20:45,267.2
9/24/2025,21:00,269.6
9/24/2025,21:15,254.4
9/24/2025,21:30,254.4
9/24/2025,21:45,268
9/24/2025,22:00,248.8
9/24/2025,22:15,258.4
9/24/2025,22:30,225.6
9/24/2025,22:45,194.4
9/24/2025,23:00,191.2
9/24/2025,23:15,181.6
9/24/2025,23:30,185.6
9/24/2025,23:45,177.6
9/25/2025,0:00,123.2
9/25/2025,0:15,113.6
9/25/2025,0:30,118.4
9/25/2025,0:45,140
9/25/2025,1:00,173.6
9/25/2025,1:15,238.4
9/25/2025,1:30,212.8
9/25/2025,1:45,221.6
9/25/2025,2:00,184.8
9/25/2025,2:15,179.2
9/25/2025,2:30,172
9/25/2025,2:45,186.4
9/25/2025,3:00,185.6
9/25/2025,3:15,201.6
9/25/2025,3:30,196.8
9/25/2025,3:45,182.4
9/25/2025,4:00,178.4
9/25/2025,4:15,112.8
9/25/2025,4:30,193.6
9/25/2025,4:45,168
9/25/2025,5:00,163.2
9/25/2025,5:15,131.2
9/25/2025,5:30,218.4
9/25/2025,5:45,227.2
9/25/2025,6:00,193.6
9/25/2025,6:15,185.6
9/25/2025,6:30,196
9/25/2025,6:45,205.6
9/25/2025,7:00,215.2
9/25/2025,7:15,203.2
9/25/2025,7:30,220.8
9/25/2025,7:45,269.6
9/25/2025,8:00,256
9/25/2025,8:15,220
9/25/2025,8:30,211.2
9/25/2025,8:45,173.6
9/25/2025,9:00,238.4
9/25/2025,9:15,248
9/25/2025,9:30,268
9/25/2025,9:45,240
9/25/2025,10:00,232.8
9/25/2025,10:15,224
9/25/2025,10:30,289.6
9/25/2025,10:45,272
9/25/2025,11:00,272.8
9/25/2025,11:15,230.4
9/25/2025,11:30,239.2
9/25/2025,11:45,248
9/25/2025,12:00,232.8
9/25/2025,12:15,217.6
9/25/2025,12:30,237.6
9/25/2025,12:45,252
9/25/2025,13:00,198.4
9/25/2025,13:15,196
9/25/2025,13:30,254.4
9/25/2025,13:45,241.6
9/25/2025,14:00,259.2
9/25/2025,14:15,201.6
9/25/2025,14:30,214.4
9/25/2025,14:45,219.2
9/25/2025,15:00,216
9/25/2025,15:15,216.8
9/25/2025,15:30,248.8
9/25/2025,15:45,262.4
9/25/2025,16:00,243.2
9/25/2025,16:15,255.2
9/25/2025,16:30,292
9/25/2025,16:45,282.4
9/25/2025,17:00,275.2
9/25/2025,17:15,211.2
9/25/2025,17:30,229.6
9/25/2025,17:45,228
9/25/2025,18:00,224
9/25/2025,18:15,222.4
9/25/2025,18:30,208
9/25/2025,18:45,209.6
9/25/2025,19:00,223.2
9/25/2025,19:15,241.6
9/25/2025,19:30,247.2
9/25/2025,19:45,261.6
9/25/2025,20:00,270.4
9/25/2025,20:15,232
9/25/2025,20:30,226.4
9/25/2025,20:45,232
9/25/2025,21:00,246.4
9/25/2025,21:15,215.2
9/25/2025,21:30,212.8
9/25/2025,21:45,223.2
9/25/2025,22:00,268
9/25/2025,22:15,212.8
9/25/2025,22:30,167.2
9/25/2025,22:45,212
9/25/2025,23:00,212
9/25/2025,23:15,252
9/25/2025,23:30,286.4
9/25/2025,23:45,259.2
9/26/2025,0:00,
9/26/2025,0:15,
9/26/2025,0:30,
9/26/2025,0:45,
9/26/2025,1:00,
9/26/2025,1:15,
9/26/2025,1:30,
9/26/2025,1:45,
9/26/2025,2:00,
9/26/2025,2:15,
9/26/2025,2:30,
9/26/2025,2:45,
9/26/2025,3:00,
9/26/2025,3:15,
9/26/2025,3:30,
9/26/2025,3:45,
9/26/2025,4:00,
9/26/2025,4:15,
9/26/2025,4:30,
9/26/2025,4:45,
9/26/2025,5:00,
9/26/2025,5:15,
9/26/2025,5:30,
9/26/2025,5:45,
9/26/2025,6:00,
9/26/2025,6:15,
9/26/2025,6:30,
9/26/2025,6:45,
9/26/2025,7:00,
9/26/2025,7:15,
9/26/2025,7:30,
9/26/2025,7:45,
9/26/2025,8:00,
9/26/2025,8:15,
9/26/2025,8:30,
9/26/2025,8:45,
9/26/2025,9:00,
9/26/2025,9:15,
9/26/2025,9:30,
9/26/2025,9:45,
9/26/2025,10:00,
9/26/2025,10:15,
9/26/2025,10:30,
9/26/2025,10:45,
9/26/2025,11:00,
9/26/2025,11:15,
9/26/2025,11:30,
9/26/2025,11:45,
9/26/2025,12:00,
9/26/2025,12:15,
9/26/2025,12:30,
9/26/2025,12:45,
9/26/2025,13:00,
9/26/2025,13:15,
9/26/2025,13:30,
9/26/2025,13:45,
9/26/2025,14:00,
9/26/2025,14:15,
9/26/2025,14:30,
9/26/2025,14:45,
9/26/2025,15:00,
9/26/2025,15:15,
9/26/2025,15:30,
9/26/2025,15:45,
9/26/2025,16:00,
9/26/2025,16:15,
9/26/2025,16:30,
9/26/2025,16:45,
9/26/2025,17:00,
9/26/2025,17:15,
9/26/2025,17:30,
9/26/2025,17:45,
9/26/2025,18:00,
9/26/2025,18:15,
9/26/2025,18:30,
9/26/2025,18:45,
9/26/2025,19:00,
9/26/2025,19:15,
9/26/2025,19:30,
9/26/2025,19:45,
9/26/2025,20:00,
9/26/2025,20:15,
9/26/2025,20:30,
9/26/2025,20:45,
9/26/2025,21:00,
9/26/2025,21:15,
9/26/2025,21:30,
9/26/2025,21:45,
9/26/2025,22:00,
9/26/2025,22:15,
9/26/2025,22:30,
9/26/2025,22:45,
9/26/2025,23:00,
9/26/2025,23:15,
9/26/2025,23:30,
9/26/2025,23:45,
9/27/2025,0:00,220
9/27/2025,0:15,286.4
9/27/2025,0:30,270.4
9/27/2025,0:45,260.8
9/27/2025,1:00,228.8
9/27/2025,1:15,240.8
9/27/2025,1:30,205.6
9/27/2025,1:45,212.8
9/27/2025,2:00,224
9/27/2025,2:15,249.6
9/27/2025,2:30,200
9/27/2025,2:45,202.4
9/27/2025,3:00,188
9/27/2025,3:15,246.4
9/27/2025,3:30,228.8
9/27/2025,3:45,234.4
9/27/2025,4:00,208
9/27/2025,4:15,184
9/27/2025,4:30,212
9/27/2025,4:45,186.4
9/27/2025,5:00,191.2
9/27/2025,5:15,204.8
9/27/2025,5:30,192.8
9/27/2025,5:45,204.8
9/27/2025,6:00,212.8
9/27/2025,6:15,259.2
9/27/2025,6:30,285.6
9/27/2025,6:45,261.6
9/27/2025,7:00,261.6
9/27/2025,7:15,264.8
9/27/2025,7:30,243.2
9/27/2025,7:45,241.6
9/27/2025,8:00,252
9/27/2025,8:15,231.2
9/27/2025,8:30,268.8
9/27/2025,8:45,276.8
9/27/2025,9:00,297.6
9/27/2025,9:15,277.6
9/27/2025,9:30,303.2
9/27/2025,9:45,284.8
9/27/2025,10:00,292.8
9/27/2025,10:15,324.8
9/27/2025,10:30,344
9/27/2025,10:45,332
9/27/2025,11:00,287.2
9/27/2025,11:15,284.8
9/27/2025,11:30,293.6
9/27/2025,11:45,279.2
9/27/2025,12:00,277.6
9/27/2025,12:15,268.8
9/27/2025,12:30,268
9/27/2025,12:45,279.2
9/27/2025,13:00,271.2
9/27/2025,13:15,288.8
9/27/2025,13:30,315.2
9/27/2025,13:45,332.8
9/27/2025,14:00,307.2
9/27/2025,14:15,298.4
9/27/2025,14:30,289.6
9/27/2025,14:45,265.6
9/27/2025,15:00,281.6
9/27/2025,15:15,275.2
9/27/2025,15:30,330.4
9/27/2025,15:45,322.4
9/27/2025,16:00,305.6
9/27/2025,16:15,284
9/27/2025,16:30,292.8
9/27/2025,16:45,302.4
9/27/2025,17:00,299.2
9/27/2025,17:15,327.2
9/27/2025,17:30,269.6
9/27/2025,17:45,240.8
9/27/2025,18:00,262.4
9/27/2025,18:15,243.2
9/27/2025,18:30,244
9/27/2025,18:45,246.4
9/27/2025,19:00,269.6
9/27/2025,19:15,251.2
9/27/2025,19:30,257.6
9/27/2025,19:45,252.8
9/27/2025,20:00,282.4
9/27/2025,20:15,316
9/27/2025,20:30,312
9/27/2025,20:45,273.6
9/27/2025,21:00,268.8
9/27/2025,21:15,272.8
9/27/2025,21:30,266.4
9/27/2025,21:45,288
9/27/2025,22:00,264.8
9/27/2025,22:15,261.6
9/27/2025,22:30,245.6
9/27/2025,22:45,256.8
9/27/2025,23:00,224.8
9/27/2025,23:15,240
9/27/2025,23:30,278.4
9/27/2025,23:45,272.8
9/28/2025,0:00,236.8
9/28/2025,0:15,223.2
9/28/2025,0:30,236
9/28/2025,0:45,226.4
9/28/2025,1:00,224
9/28/2025,1:15,232
9/28/2025,1:30,234.4
9/28/2025,1:45,229.6
9/28/2025,2:00,235.2
9/28/2025,2:15,235.2
9/28/2025,2:30,279.2
9/28/2025,2:45,274.4
9/28/2025,3:00,222.4
9/28/2025,3:15,224.8
9/28/2025,3:30,228.8
9/28/2025,3:45,222.4
9/28/2025,4:00,237.6
9/28/2025,4:15,232
9/28/2025,4:30,252.8
9/28/2025,4:45,220
9/28/2025,5:00,225.6
9/28/2025,5:15,232
9/28/2025,5:30,273.6
9/28/2025,5:45,269.6
9/28/2025,6:00,224
9/28/2025,6:15,206.4
9/28/2025,6:30,190.4
9/28/2025,6:45,212
9/28/2025,7:00,241.6
9/28/2025,7:15,218.4
9/28/2025,7:30,208
9/28/2025,7:45,221.6
9/28/2025,8:00,203.2
9/28/2025,8:15,240.8
9/28/2025,8:30,282.4
9/28/2025,8:45,293.6
9/28/2025,9:00,310.4
9/28/2025,9:15,281.6
9/28/2025,9:30,280.8
9/28/2025,9:45,285.6
9/28/2025,10:00,284
9/28/2025,10:15,254.4
9/28/2025,10:30,266.4
9/28/2025,10:45,273.6
9/28/2025,11:00,276.8
9/28/2025,11:15,309.6
9/28/2025,11:30,340
9/28/2025,11:45,299.2
9/28/2025,12:00,276.8
9/28/2025,12:15,274.4
9/28/2025,12:30,260.8
9/28/2025,12:45,252.8
9/28/2025,13:00,241.6
9/28/2025,13:15,264.8
9/28/2025,13:30,233.6
9/28/2025,13:45,244
9/28/2025,14:00,322.4
9/28/2025,14:15,300.8
9/28/2025,14:30,308.8
9/28/2025,14:45,243.2
9/28/2025,15:00,253.6
9/28/2025,15:15,247.2
9/28/2025,15:30,240
9/28/2025,15:45,266.4
9/28/2025,16:00,260.8
9/28/2025,16:15,251.2
9/28/2025,16:30,252
9/28/2025,16:45,252.8
9/28/2025,17:00,264.8
9/28/2025,17:15,311.2
9/28/2025,17:30,295.2
9/28/2025,17:45,252.8
9/28/2025,18:00,254.4
9/28/2025,18:15,240.8
9/28/2025,18:30,240
9/28/2025,18:45,244
9/28/2025,19:00,262.4
9/28/2025,19:15,262.4
9/28/2025,19:30,281.6
9/28/2025,19:45,270.4
9/28/2025,20:00,264.8
9/28/2025,20:15,319.2
9/28/2025,20:30,324
9/28/2025,20:45,292
9/28/2025,21:00,294.4
9/28/2025,21:15,353.6
9/28/2025,21:30,321.6
9/28/2025,21:45,329.6
9/28/2025,22:00,332
9/28/2025,22:15,301.6
9/28/2025,22:30,274.4
9/28/2025,22:45,280
9/28/2025,23:00,275.2
9/28/2025,23:15,281.6
9/28/2025,23:30,239.2
9/28/2025,23:45,225.6
9/29/2025,0:00,225.6
9/29/2025,0:15,228.8
9/29/2025,0:30,252
9/29/2025,0:45,224
9/29/2025,1:00,233.6
9/29/2025,1:15,230.4
9/29/2025,1:30,219.2
9/29/2025,1:45,236.8
9/29/2025,2:00,229.6
9/29/2025,2:15,264.8
9/29/2025,2:30,266.4
9/29/2025,2:45,253.6
9/29/2025,3:00,220.8
9/29/2025,3:15,222.4
9/29/2025,3:30,202.4
9/29/2025,3:45,198.4
9/29/2025,4:00,181.6
9/29/2025,4:15,192.8
9/29/2025,4:30,187.2
9/29/2025,4:45,189.6
9/29/2025,5:00,188
9/29/2025,5:15,218.4
9/29/2025,5:30,244
9/29/2025,5:45,247.2
9/29/2025,6:00,227.2
9/29/2025,6:15,207.2
9/29/2025,6:30,208.8
9/29/2025,6:45,212.8
9/29/2025,7:00,201.6
9/29/2025,7:15,196
9/29/2025,7:30,208
9/29/2025,7:45,202.4
9/29/2025,8:00,228
9/29/2025,8:15,234.4
9/29/2025,8:30,236
9/29/2025,8:45,288
9/29/2025,9:00,291.2
9/29/2025,9:15,306.4
9/29/2025,9:30,301.6
9/29/2025,9:45,272.8
9/29/2025,10:00,252.8
9/29/2025,10:15,275.2
9/29/2025,10:30,254.4
9/29/2025,10:45,271.2
9/29/2025,11:00,246.4
9/29/2025,11:15,256
9/29/2025,11:30,247.2
9/29/2025,11:45,303.2
9/29/2025,12:00,318.4
9/29/2025,12:15,291.2
9/29/2025,12:30,296
9/29/2025,12:45,262.4
9/29/2025,13:00,267.2
9/29/2025,13:15,238.4
9/29/2025,13:30,248
9/29/2025,13:45,256
9/29/2025,14:00,258.4
9/29/2025,14:15,255.2
9/29/2025,14:30,254.4
9/29/2025,14:45,254.4
9/29/2025,15:00,320.8
9/29/2025,15:15,288
9/29/2025,15:30,296.8
9/29/2025,15:45,276.8
9/29/2025,16:00,271.2
9/29/2025,16:15,234.4
9/29/2025,16:30,252
9/29/2025,16:45,244
9/29/2025,17:00,252.8
9/29/2025,17:15,234.4
9/29/2025,17:30,235.2
9/29/2025,17:45,237.6
9/29/2025,18:00,243.2
9/29/2025,18:15,221.6
9/29/2025,18:30,244.8
9/29/2025,18:45,275.2
9/29/2025,19:00,260
9/29/2025,19:15,217.6
9/29/2025,19:30,252
9/29/2025,19:45,182.4
9/29/2025,20:00,151.2
9/29/2025,20:15,161.6
9/29/2025,20:30,192
9/29/2025,20:45,217.6
9/29/2025,21:00,214.4
9/29/2025,21:15,215.2
9/29/2025,21:30,254.4
9/29/2025,21:45,267.2
9/29/2025,22:00,260.8
9/29/2025,22:15,226.4
9/29/2025,22:30,201.6
9/29/2025,22:45,208.8
9/29/2025,23:00,188.8
9/29/2025,23:15,200
9/29/2025,23:30,193.6
9/29/2025,23:45,200
9/30/2025,0:00,189.6
9/30/2025,0:15,192.8
9/30/2025,0:30,207.2
9/30/2025,0:45,228
9/30/2025,1:00,240.8
9/30/2025,1:15,183.2
9/30/2025,1:30,196
9/30/2025,1:45,189.6
9/30/2025,2:00,181.6
9/30/2025,2:15,218.4
9/30/2025,2:30,212.8
9/30/2025,2:45,201.6
9/30/2025,3:00,187.2
9/30/2025,3:15,188
9/30/2025,3:30,183.2
9/30/2025,3:45,221.6
9/30/2025,4:00,216.8
9/30/2025,4:15,227.2
9/30/2025,4:30,181.6
9/30/2025,4:45,182.4
9/30/2025,5:00,180.8
9/30/2025,5:15,204
9/30/2025,5:30,201.6
9/30/2025,5:45,196.8
9/30/2025,6:00,182.4
9/30/2025,6:15,192
9/30/2025,6:30,146.4
9/30/2025,6:45,208
9/30/2025,7:00,176.8
9/30/2025,7:15,221.6
9/30/2025,7:30,240
9/30/2025,7:45,226.4
9/30/2025,8:00,255.2
9/30/2025,8:15,298.4
9/30/2025,8:30,283.2
9/30/2025,8:45,268.8
9/30/2025,9:00,283.2
9/30/2025,9:15,232
9/30/2025,9:30,264.8
9/30/2025,9:45,248
9/30/2025,10:00,239.2
9/30/2025,10:15,241.6
9/30/2025,10:30,246.4
9/30/2025,10:45,244.8
9/30/2025,11:00,240
9/30/2025,11:15,239.2
9/30/2025,11:30,272
9/30/2025,11:45,280.8
9/30/2025,12:00,274.4
9/30/2025,12:15,234.4
9/30/2025,12:30,235.2
9/30/2025,12:45,230.4
9/30/2025,13:00,207.2
9/30/2025,13:15,207.2
9/30/2025,13:30,216
9/30/2025,13:45,240.8
9/30/2025,14:00,225.6
9/30/2025,14:15,229.6
9/30/2025,14:30,228
9/30/2025,14:45,259.2
9/30/2025,15:00,258.4
9/30/2025,15:15,278.4
9/30/2025,15:30,252
9/30/2025,15:45,230.4
9/30/2025,16:00,242.4
9/30/2025,16:15,220
9/30/2025,16:30,224.8
9/30/2025,16:45,232.8
9/30/2025,17:00,207.2
9/30/2025,17:15,201.6
9/30/2025,17:30,193.6
9/30/2025,17:45,197.6
9/30/2025,18:00,280
9/30/2025,18:15,246.4
9/30/2025,18:30,228.8
9/30/2025,18:45,226.4
9/30/2025,19:00,152.8
9/30/2025,19:15,180
9/30/2025,19:30,157.6
9/30/2025,19:45,180.8
9/30/2025,20:00,225.6
9/30/2025,20:15,206.4
9/30/2025,20:30,216.8
9/30/2025,20:45,209.6
9/30/2025,21:00,208
9/30/2025,21:15,281.6
9/30/2025,21:30,260.8
9/30/2025,21:45,239.2
9/30/2025,22:00,223.2
9/30/2025,22:15,206.4
9/30/2025,22:30,196
9/30/2025,22:45,205.6
9/30/2025,23:00,187.2
9/30/2025,23:15,125.6
9/30/2025,23:30,118.4
9/30/2025,23:45,131.2
10/1/2025,0:00,122.4
10/1/2025,0:15,224
10/1/2025,0:30,233.6
10/1/2025,0:45,233.6
10/1/2025,1:00,184
10/1/2025,1:15,172.8
10/1/2025,1:30,171.2
10/1/2025,1:45,175.2
10/1/2025,2:00,176
10/1/2025,2:15,170.4
10/1/2025,2:30,128.8
10/1/2025,2:45,120.8
10/1/2025,3:00,126.4
10/1/2025,3:15,194.4
10/1/2025,3:30,169.6
10/1/2025,3:45,212
10/1/2025,4:00,188
10/1/2025,4:15,177.6
10/1/2025,4:30,177.6
10/1/2025,4:45,179.2
10/1/2025,5:00,172.8
10/1/2025,5:15,181.6
10/1/2025,5:30,180.8
10/1/2025,5:45,183.2
10/1/2025,6:00,142.4
10/1/2025,6:15,199.2
10/1/2025,6:30,178.4
10/1/2025,6:45,174.4
10/1/2025,7:00,144
10/1/2025,7:15,213.6
10/1/2025,7:30,199.2
10/1/2025,7:45,200
10/1/2025,8:00,254.4
10/1/2025,8:15,236.8
10/1/2025,8:30,221.6
10/1/2025,8:45,204
10/1/2025,9:00,269.6
10/1/2025,9:15,290.4
10/1/2025,9:30,274.4
10/1/2025,9:45,251.2
10/1/2025,10:00,220
10/1/2025,10:15,240.8
10/1/2025,10:30,241.6
10/1/2025,10:45,235.2
10/1/2025,11:00,252
10/1/2025,11:15,264
10/1/2025,11:30,256.8
10/1/2025,11:45,259.2
10/1/2025,12:00,320.8
10/1/2025,12:15,304
10/1/2025,12:30,263.2
10/1/2025,12:45,266.4
10/1/2025,13:00,249.6
10/1/2025,13:15,247.2
10/1/2025,13:30,258.4
10/1/2025,13:45,243.2
10/1/2025,14:00,243.2
10/1/2025,14:15,243.2
10/1/2025,14:30,252
10/1/2025,14:45,270.4
10/1/2025,15:00,287.2
10/1/2025,15:15,292
10/1/2025,15:30,276
10/1/2025,15:45,268
10/1/2025,16:00,272.8
10/1/2025,16:15,244.8
10/1/2025,16:30,257.6
10/1/2025,16:45,264
10/1/2025,17:00,258.4
10/1/2025,17:15,245.6
10/1/2025,17:30,246.4
10/1/2025,17:45,235.2
10/1/2025,18:00,268
10/1/2025,18:15,281.6
10/1/2025,18:30,236.8
10/1/2025,18:45,263.2
10/1/2025,19:00,271.2
10/1/2025,19:15,258.4
10/1/2025,19:30,245.6
10/1/2025,19:45,227.2
10/1/2025,20:00,215.2
10/1/2025,20:15,220
10/1/2025,20:30,202.4
10/1/2025,20:45,244
10/1/2025,21:00,229.6
10/1/2025,21:15,284.8
10/1/2025,21:30,281.6
10/1/2025,21:45,292.8
10/1/2025,22:00,280
10/1/2025,22:15,243.2
10/1/2025,22:30,236.8
10/1/2025,22:45,194.4
10/1/2025,23:00,184
10/1/2025,23:15,180.8
10/1/2025,23:30,175.2
10/1/2025,23:45,192.8
10/2/2025,0:00,212
10/2/2025,0:15,180
10/2/2025,0:30,191.2
10/2/2025,0:45,192
10/2/2025,1:00,182.4
10/2/2025,1:15,194.4
10/2/2025,1:30,224
10/2/2025,1:45,223.2
10/2/2025,2:00,199.2
10/2/2025,2:15,182.4
10/2/2025,2:30,193.6
10/2/2025,2:45,123.2
10/2/2025,3:00,124
10/2/2025,3:15,133.6
10/2/2025,3:30,164
10/2/2025,3:45,186.4
10/2/2025,4:00,183.2
10/2/2025,4:15,180.8
10/2/2025,4:30,184.8
10/2/2025,4:45,219.2
10/2/2025,5:00,220
10/2/2025,5:15,251.2
10/2/2025,5:30,177.6
10/2/2025,5:45,181.6
10/2/2025,6:00,192.8
10/2/2025,6:15,196.8
10/2/2025,6:30,202.4
10/2/2025,6:45,206.4
10/2/2025,7:00,184
10/2/2025,7:15,205.6
10/2/2025,7:30,151.2
10/2/2025,7:45,137.6
10/2/2025,8:00,241.6
10/2/2025,8:15,260.8
10/2/2025,8:30,279.2
10/2/2025,8:45,243.2
10/2/2025,9:00,234.4
10/2/2025,9:15,247.2
10/2/2025,9:30,237.6
10/2/2025,9:45,242.4
10/2/2025,10:00,245.6
10/2/2025,10:15,247.2
10/2/2025,10:30,250.4
10/2/2025,10:45,288.8
10/2/2025,11:00,296.8
10/2/2025,11:15,300
10/2/2025,11:30,244.8
10/2/2025,11:45,252
10/2/2025,12:00,245.6
10/2/2025,12:15,232
10/2/2025,12:30,248
10/2/2025,12:45,235.2
10/2/2025,13:00,278.4
10/2/2025,13:15,238.4
10/2/2025,13:30,246.4
10/2/2025,13:45,280
10/2/2025,14:00,284
10/2/2025,14:15,294.4
10/2/2025,14:30,256
10/2/2025,14:45,264.8
10/2/2025,15:00,248
10/2/2025,15:15,268.8
10/2/2025,15:30,244
10/2/2025,15:45,244
10/2/2025,16:00,260.8
10/2/2025,16:15,272.8
10/2/2025,16:30,256
10/2/2025,16:45,288.8
10/2/2025,17:00,292
10/2/2025,17:15,284
10/2/2025,17:30,260
10/2/2025,17:45,223.2
10/2/2025,18:00,222.4
10/2/2025,18:15,243.2
10/2/2025,18:30,268
10/2/2025,18:45,231.2
10/2/2025,19:00,251.2
10/2/2025,19:15,262.4
10/2/2025,19:30,264
10/2/2025,19:45,240
10/2/2025,20:00,256
10/2/2025,20:15,294.4
10/2/2025,20:30,291.2
10/2/2025,20:45,284
10/2/2025,21:00,251.2
10/2/2025,21:15,294.4
10/2/2025,21:30,276.8
10/2/2025,21:45,277.6
10/2/2025,22:00,266.4
10/2/2025,22:15,237.6
10/2/2025,22:30,194.4
10/2/2025,22:45,196
10/2/2025,23:00,198.4
10/2/2025,23:15,132.8
10/2/2025,23:30,178.4
10/2/2025,23:45,184.8
10/3/2025,0:00,209.6
10/3/2025,0:15,196
10/3/2025,0:30,194.4
10/3/2025,0:45,202.4
10/3/2025,1:00,196
10/3/2025,1:15,199.2
10/3/2025,1:30,192.8
10/3/2025,1:45,185.6
10/3/2025,2:00,194.4
10/3/2025,2:15,192.8
10/3/2025,2:30,227.2
10/3/2025,2:45,220.8
10/3/2025,3:00,236.8
10/3/2025,3:15,136
10/3/2025,3:30,116
10/3/2025,3:45,123.2
10/3/2025,4:00,129.6
10/3/2025,4:15,183.2
10/3/2025,4:30,181.6
10/3/2025,4:45,179.2
10/3/2025,5:00,196
10/3/2025,5:15,172
10/3/2025,5:30,219.2
10/3/2025,5:45,227.2
10/3/2025,6:00,221.6
10/3/2025,6:15,193.6
10/3/2025,6:30,172.8
10/3/2025,6:45,128.8
10/3/2025,7:00,121.6
10/3/2025,7:15,132
10/3/2025,7:30,137.6
10/3/2025,7:45,192
10/3/2025,8:00,198.4
10/3/2025,8:15,212.8
10/3/2025,8:30,271.2
10/3/2025,8:45,240.8
10/3/2025,9:00,245.6
10/3/2025,9:15,270.4
10/3/2025,9:30,233.6
10/3/2025,9:45,237.6
10/3/2025,10:00,240.8
10/3/2025,10:15,215.2
10/3/2025,10:30,280
10/3/2025,10:45,214.4
10/3/2025,11:00,214.4
10/3/2025,11:15,225.6
10/3/2025,11:30,256.8
10/3/2025,11:45,248
10/3/2025,12:00,269.6
10/3/2025,12:15,208.8
10/3/2025,12:30,216
10/3/2025,12:45,204.8
10/3/2025,13:00,187.2
10/3/2025,13:15,223.2
10/3/2025,13:30,200.8
10/3/2025,13:45,220
10/3/2025,14:00,200.8
10/3/2025,14:15,211.2
10/3/2025,14:30,245.6
10/3/2025,14:45,244.8
10/3/2025,15:00,231.2
10/3/2025,15:15,212.8
10/3/2025,15:30,204
10/3/2025,15:45,208
10/3/2025,16:00,226.4
10/3/2025,16:15,223.2
10/3/2025,16:30,211.2
10/3/2025,16:45,198.4
10/3/2025,17:00,192.8
10/3/2025,17:15,185.6
10/3/2025,17:30,226.4
10/3/2025,17:45,238.4
10/3/2025,18:00,253.6
10/3/2025,18:15,220.8
10/3/2025,18:30,200.8
10/3/2025,18:45,194.4
10/3/2025,19:00,216
10/3/2025,19:15,232
10/3/2025,19:30,217.6
10/3/2025,19:45,219.2
10/3/2025,20:00,212
10/3/2025,20:15,240.8
10/3/2025,20:30,284
10/3/2025,20:45,247.2
10/3/2025,21:00,243.2
10/3/2025,21:15,249.6
10/3/2025,21:30,247.2
10/3/2025,21:45,292
10/3/2025,22:00,268.8
10/3/2025,22:15,270.4
10/3/2025,22:30,236.8
10/3/2025,22:45,170.4
10/3/2025,23:00,140
10/3/2025,23:15,140
10/3/2025,23:30,144.8
10/3/2025,23:45,181.6
10/4/2025,0:00,179.2
10/4/2025,0:15,187.2
10/4/2025,0:30,205.6
10/4/2025,0:45,181.6
10/4/2025,1:00,185.6
10/4/2025,1:15,192
10/4/2025,1:30,196.8
10/4/2025,1:45,229.6
10/4/2025,2:00,221.6
10/4/2025,2:15,221.6
10/4/2025,2:30,192.8
10/4/2025,2:45,142.4
10/4/2025,3:00,132.8
10/4/2025,3:15,133.6
10/4/2025,3:30,136.8
10/4/2025,3:45,198.4
10/4/2025,4:00,180
10/4/2025,4:15,178.4
10/4/2025,4:30,196.8
10/4/2025,4:45,189.6
10/4/2025,5:00,217.6
10/4/2025,5:15,219.2
10/4/2025,5:30,221.6
10/4/2025,5:45,188
10/4/2025,6:00,177.6
10/4/2025,6:15,196.8
10/4/2025,6:30,142.4
10/4/2025,6:45,159.2
10/4/2025,7:00,128.8
10/4/2025,7:15,133.6
10/4/2025,7:30,196.8
10/4/2025,7:45,211.2
10/4/2025,8:00,210.4
10/4/2025,8:15,268
10/4/2025,8:30,268
10/4/2025,8:45,272.8
10/4/2025,9:00,256.8
10/4/2025,9:15,238.4
10/4/2025,9:30,251.2
10/4/2025,9:45,264.8
10/4/2025,10:00,227.2
10/4/2025,10:15,244
10/4/2025,10:30,255.2
10/4/2025,10:45,240.8
10/4/2025,11:00,276
10/4/2025,11:15,271.2
10/4/2025,11:30,289.6
10/4/2025,11:45,244
10/4/2025,12:00,238.4
10/4/2025,12:15,231.2
10/4/2025,12:30,228
10/4/2025,12:45,220
10/4/2025,13:00,230.4
10/4/2025,13:15,246.4
10/4/2025,13:30,230.4
10/4/2025,13:45,236
10/4/2025,14:00,258.4
10/4/2025,14:15,317.6
10/4/2025,14:30,292
10/4/2025,14:45,288.8
10/4/2025,15:00,233.6
10/4/2025,15:15,236
10/4/2025,15:30,263.2
10/4/2025,15:45,270.4
10/4/2025,16:00,242.4
10/4/2025,16:15,247.2
10/4/2025,16:30,251.2
10/4/2025,16:45,237.6
10/4/2025,17:00,244
10/4/2025,17:15,302.4
10/4/2025,17:30,276
10/4/2025,17:45,275.2
10/4/2025,18:00,248.8
10/4/2025,18:15,228.8
10/4/2025,18:30,249.6
10/4/2025,18:45,229.6
10/4/2025,19:00,274.4
10/4/2025,19:15,258.4
10/4/2025,19:30,248.8
10/4/2025,19:45,217.6
10/4/2025,20:00,232.8
10/4/2025,20:15,169.6
10/4/2025,20:30,212.8
10/4/2025,20:45,198.4
10/4/2025,21:00,228.8
10/4/2025,21:15,207.2
10/4/2025,21:30,207.2
10/4/2025,21:45,216.8
10/4/2025,22:00,224
10/4/2025,22:15,209.6
10/4/2025,22:30,180.8
10/4/2025,22:45,200
10/4/2025,23:00,188.8
10/4/2025,23:15,189.6
10/4/2025,23:30,239.2
10/4/2025,23:45,222.4
10/5/2025,0:00,224.8
10/5/2025,0:15,196
10/5/2025,0:30,177.6
10/5/2025,0:45,137.6
10/5/2025,1:00,132.8
10/5/2025,1:15,130.4
10/5/2025,1:30,140.8
10/5/2025,1:45,191.2
10/5/2025,2:00,200.8
10/5/2025,2:15,185.6
10/5/2025,2:30,244.8
10/5/2025,2:45,225.6
10/5/2025,3:00,237.6
10/5/2025,3:15,180
10/5/2025,3:30,197.6
10/5/2025,3:45,184.8
10/5/2025,4:00,185.6
10/5/2025,4:15,190.4
10/5/2025,4:30,180
10/5/2025,4:45,130.4
10/5/2025,5:00,131.2
10/5/2025,5:15,129.6
10/5/2025,5:30,165.6
10/5/2025,5:45,223.2
10/5/2025,6:00,228
10/5/2025,6:15,246.4
10/5/2025,6:30,251.2
10/5/2025,6:45,252
10/5/2025,7:00,232
10/5/2025,7:15,244.8
10/5/2025,7:30,196.8
10/5/2025,7:45,250.4
10/5/2025,8:00,200.8
10/5/2025,8:15,236.8
10/5/2025,8:30,255.2
10/5/2025,8:45,216.8
10/5/2025,9:00,217.6
10/5/2025,9:15,223.2
10/5/2025,9:30,294.4
10/5/2025,9:45,293.6
10/5/2025,10:00,285.6
10/5/2025,10:15,232.8
10/5/2025,10:30,228
10/5/2025,10:45,231.2
10/5/2025,11:00,242.4
10/5/2025,11:15,246.4
10/5/2025,11:30,250.4
10/5/2025,11:45,250.4
10/5/2025,12:00,253.6
10/5/2025,12:15,252.8
10/5/2025,12:30,274.4
10/5/2025,12:45,299.2
10/5/2025,13:00,305.6
10/5/2025,13:15,243.2
10/5/2025,13:30,240.8
10/5/2025,13:45,236.8
10/5/2025,14:00,262.4
10/5/2025,14:15,236.8
10/5/2025,14:30,252.8
10/5/2025,14:45,261.6
10/5/2025,15:00,274.4
10/5/2025,15:15,252.8
10/5/2025,15:30,270.4
10/5/2025,15:45,276
10/5/2025,16:00,320.8
10/5/2025,16:15,303.2
10/5/2025,16:30,288.8
10/5/2025,16:45,257.6
10/5/2025,17:00,250.4
10/5/2025,17:15,260
10/5/2025,17:30,261.6
10/5/2025,17:45,242.4
10/5/2025,18:00,238.4
10/5/2025,18:15,249.6
10/5/2025,18:30,240
10/5/2025,18:45,236
10/5/2025,19:00,247.2
10/5/2025,19:15,293.6
10/5/2025,19:30,291.2
10/5/2025,19:45,301.6
10/5/2025,20:00,248
10/5/2025,20:15,248
10/5/2025,20:30,244
10/5/2025,20:45,248.8
10/5/2025,21:00,269.6
10/5/2025,21:15,236
10/5/2025,21:30,249.6
10/5/2025,21:45,252
10/5/2025,22:00,248.8
10/5/2025,22:15,342.4
10/5/2025,22:30,271.2
10/5/2025,22:45,248
10/5/2025,23:00,208.8
10/5/2025,23:15,193.6
10/5/2025,23:30,197.6
10/5/2025,23:45,197.6
10/6/2025,0:00,197.6
10/6/2025,0:15,129.6
10/6/2025,0:30,132
10/6/2025,0:45,128.8
10/6/2025,1:00,192.8
10/6/2025,1:15,198.4
10/6/2025,1:30,234.4
10/6/2025,1:45,235.2
10/6/2025,2:00,200
10/6/2025,2:15,196.8
10/6/2025,2:30,213.6
10/6/2025,2:45,198.4
10/6/2025,3:00,197.6
10/6/2025,3:15,195.2
10/6/2025,3:30,209.6
10/6/2025,3:45,196
10/6/2025,4:00,192
10/6/2025,4:15,197.6
10/6/2025,4:30,260.8
10/6/2025,4:45,260
10/6/2025,5:00,248
10/6/2025,5:15,275.2
10/6/2025,5:30,234.4
10/6/2025,5:45,241.6
10/6/2025,6:00,180.8
10/6/2025,6:15,196.8
10/6/2025,6:30,188.8
10/6/2025,6:45,196.8
10/6/2025,7:00,198.4
10/6/2025,7:15,211.2
10/6/2025,7:30,144.8
10/6/2025,7:45,147.2
10/6/2025,8:00,210.4
10/6/2025,8:15,236.8
10/6/2025,8:30,289.6
10/6/2025,8:45,282.4
10/6/2025,9:00,290.4
10/6/2025,9:15,290.4
10/6/2025,9:30,312.8
10/6/2025,9:45,274.4
10/6/2025,10:00,286.4
10/6/2025,10:15,283.2
10/6/2025,10:30,280.8
10/6/2025,10:45,277.6
10/6/2025,11:00,256
10/6/2025,11:15,276.8
10/6/2025,11:30,331.2
10/6/2025,11:45,300.8
10/6/2025,12:00,304.8
10/6/2025,12:15,267.2
10/6/2025,12:30,258.4
10/6/2025,12:45,259.2
10/6/2025,13:00,264
10/6/2025,13:15,260.8
10/6/2025,13:30,284
10/6/2025,13:45,250.4
10/6/2025,14:00,266.4
10/6/2025,14:15,270.4
10/6/2025,14:30,259.2
10/6/2025,14:45,310.4
10/6/2025,15:00,298.4
10/6/2025,15:15,298.4
10/6/2025,15:30,262.4
10/6/2025,15:45,272
10/6/2025,16:00,274.4
10/6/2025,16:15,308
10/6/2025,16:30,260
10/6/2025,16:45,271.2
10/6/2025,17:00,258.4
10/6/2025,17:15,246.4
10/6/2025,17:30,245.6
10/6/2025,17:45,241.6
10/6/2025,18:00,241.6
10/6/2025,18:15,288.8
10/6/2025,18:30,304
10/6/2025,18:45,275.2
10/6/2025,19:00,266.4
10/6/2025,19:15,264
10/6/2025,19:30,270.4
10/6/2025,19:45,250.4
10/6/2025,20:00,273.6
10/6/2025,20:15,272
10/6/2025,20:30,246.4
10/6/2025,20:45,252
10/6/2025,21:00,282.4
10/6/2025,21:15,332
10/6/2025,21:30,296.8
10/6/2025,21:45,330.4
10/6/2025,22:00,323.2
10/6/2025,22:15,291.2
10/6/2025,22:30,272.8
10/6/2025,22:45,276
10/6/2025,23:00,240.8
10/6/2025,23:15,235.2
10/6/2025,23:30,232.8
10/6/2025,23:45,236
10/7/2025,0:00,237.6
10/7/2025,0:15,256
10/7/2025,0:30,241.6
10/7/2025,0:45,248.8
10/7/2025,1:00,239.2
10/7/2025,1:15,240
10/7/2025,1:30,233.6
10/7/2025,1:45,288.8
10/7/2025,2:00,284
10/7/2025,2:15,227.2
10/7/2025,2:30,224
10/7/2025,2:45,225.6
10/7/2025,3:00,222.4
10/7/2025,3:15,229.6
10/7/2025,3:30,236
10/7/2025,3:45,220
10/7/2025,4:00,217.6
10/7/2025,4:15,228.8
10/7/2025,4:30,235.2
10/7/2025,4:45,231.2
10/7/2025,5:00,284.8
10/7/2025,5:15,265.6
10/7/2025,5:30,267.2
10/7/2025,5:45,232
10/7/2025,6:00,228
10/7/2025,6:15,264
10/7/2025,6:30,254.4
10/7/2025,6:45,255.2
10/7/2025,7:00,225.6
10/7/2025,7:15,228
10/7/2025,7:30,250.4
10/7/2025,7:45,238.4
10/7/2025,8:00,255.2
10/7/2025,8:15,344
10/7/2025,8:30,293.6
10/7/2025,8:45,306.4
10/7/2025,9:00,272.8
10/7/2025,9:15,276.8
10/7/2025,9:30,288
10/7/2025,9:45,275.2
10/7/2025,10:00,275.2
10/7/2025,10:15,277.6
10/7/2025,10:30,266.4
10/7/2025,10:45,272
10/7/2025,11:00,288
10/7/2025,11:15,315.2
10/7/2025,11:30,340.8
10/7/2025,11:45,320
10/7/2025,12:00,251.2
10/7/2025,12:15,270.4
10/7/2025,12:30,253.6
10/7/2025,12:45,251.2
10/7/2025,13:00,249.6
10/7/2025,13:15,260
10/7/2025,13:30,252.8
10/7/2025,13:45,257.6
10/7/2025,14:00,257.6
10/7/2025,14:15,264
10/7/2025,14:30,295.2
10/7/2025,14:45,300.8
10/7/2025,15:00,299.2
10/7/2025,15:15,285.6
10/7/2025,15:30,260.8
10/7/2025,15:45,288
10/7/2025,16:00,256
10/7/2025,16:15,286.4
10/7/2025,16:30,270.4
10/7/2025,16:45,255.2
10/7/2025,17:00,260
10/7/2025,17:15,268.8
10/7/2025,17:30,258.4
10/7/2025,17:45,300
10/7/2025,18:00,301.6
10/7/2025,18:15,305.6
10/7/2025,18:30,280
10/7/2025,18:45,264.8
10/7/2025,19:00,256
10/7/2025,19:15,271.2
10/7/2025,19:30,264.8
10/7/2025,19:45,269.6
10/7/2025,20:00,265.6
10/7/2025,20:15,260
10/7/2025,20:30,268.8
10/7/2025,20:45,340
10/7/2025,21:00,313.6
10/7/2025,21:15,306.4
10/7/2025,21:30,264.8
10/7/2025,21:45,269.6
10/7/2025,22:00,255.2
10/7/2025,22:15,254.4
10/7/2025,22:30,247.2
10/7/2025,22:45,236
10/7/2025,23:00,239.2
10/7/2025,23:15,241.6
10/7/2025,23:30,240.8
10/7/2025,23:45,247.2
10/8/2025,0:00,296.8
10/8/2025,0:15,288.8
10/8/2025,0:30,301.6
10/8/2025,0:45,300
10/8/2025,1:00,268.8
10/8/2025,1:15,276.8
10/8/2025,1:30,248
10/8/2025,1:45,242.4
10/8/2025,2:00,220.8
10/8/2025,2:15,230.4
10/8/2025,2:30,223.2
10/8/2025,2:45,243.2
10/8/2025,3:00,225.6
10/8/2025,3:15,230.4
10/8/2025,3:30,227.2
10/8/2025,3:45,236.8
10/8/2025,4:00,233.6
10/8/2025,4:15,263.2
10/8/2025,4:30,288
10/8/2025,4:45,272.8
10/8/2025,5:00,227.2
10/8/2025,5:15,240.8
10/8/2025,5:30,224
10/8/2025,5:45,228
10/8/2025,6:00,244
10/8/2025,6:15,240.8
10/8/2025,6:30,240.8
10/8/2025,6:45,232
10/8/2025,7:00,222.4
10/8/2025,7:15,249.6
10/8/2025,7:30,230.4
10/8/2025,7:45,272
10/8/2025,8:00,294.4
10/8/2025,8:15,306.4
10/8/2025,8:30,274.4
10/8/2025,8:45,265.6
10/8/2025,9:00,289.6
10/8/2025,9:15,322.4
10/8/2025,9:30,321.6
10/8/2025,9:45,294.4
10/8/2025,10:00,322.4
10/8/2025,10:15,331.2
10/8/2025,10:30,324
10/8/2025,10:45,322.4
10/8/2025,11:00,339.2
10/8/2025,11:15,309.6
10/8/2025,11:30,304
10/8/2025,11:45,286.4
10/8/2025,12:00,280
10/8/2025,12:15,285.6
10/8/2025,12:30,299.2
10/8/2025,12:45,277.6
10/8/2025,13:00,272.8
10/8/2025,13:15,281.6
10/8/2025,13:30,268
10/8/2025,13:45,304.8
10/8/2025,14:00,309.6
10/8/2025,14:15,308
10/8/2025,14:30,259.2
10/8/2025,14:45,267.2
10/8/2025,15:00,258.4
10/8/2025,15:15,264
10/8/2025,15:30,268.8
10/8/2025,15:45,271.2
10/8/2025,16:00,283.2
10/8/2025,16:15,310.4
10/8/2025,16:30,270.4
10/8/2025,16:45,270.4
10/8/2025,17:00,260.8
10/8/2025,17:15,308.8
10/8/2025,17:30,327.2
10/8/2025,17:45,301.6
10/8/2025,18:00,256.8
10/8/2025,18:15,252.8
10/8/2025,18:30,275.2
10/8/2025,18:45,272.8
10/8/2025,19:00,252.8
10/8/2025,19:15,277.6
10/8/2025,19:30,265.6
10/8/2025,19:45,268.8
10/8/2025,20:00,252
10/8/2025,20:15,270.4
10/8/2025,20:30,309.6
10/8/2025,20:45,302.4
10/8/2025,21:00,302.4
10/8/2025,21:15,315.2
10/8/2025,21:30,290.4
10/8/2025,21:45,299.2
10/8/2025,22:00,300.8
10/8/2025,22:15,301.6
10/8/2025,22:30,278.4
10/8/2025,22:45,283.2
10/8/2025,23:00,284.8
10/8/2025,23:15,276.8
10/8/2025,23:30,283.2
10/8/2025,23:45,238.4
10/9/2025,0:00,221.6
10/9/2025,0:15,221.6
10/9/2025,0:30,231.2
10/9/2025,0:45,259.2
10/9/2025,1:00,225.6
10/9/2025,1:15,244.8
10/9/2025,1:30,231.2
10/9/2025,1:45,220
10/9/2025,2:00,232.8
10/9/2025,2:15,232.8
10/9/2025,2:30,275.2
10/9/2025,2:45,279.2
10/9/2025,3:00,275.2
10/9/2025,3:15,243.2
10/9/2025,3:30,237.6
10/9/2025,3:45,232.8
10/9/2025,4:00,228
10/9/2025,4:15,224.8
10/9/2025,4:30,212
10/9/2025,4:45,216.8
10/9/2025,5:00,224
10/9/2025,5:15,220
10/9/2025,5:30,224.8
10/9/2025,5:45,213.6
10/9/2025,6:00,281.6
10/9/2025,6:15,272
10/9/2025,6:30,260
10/9/2025,6:45,244.8
10/9/2025,7:00,228
10/9/2025,7:15,249.6
10/9/2025,7:30,249.6
10/9/2025,7:45,233.6
10/9/2025,8:00,301.6
10/9/2025,8:15,284
10/9/2025,8:30,304
10/9/2025,8:45,306.4
10/9/2025,9:00,297.6
10/9/2025,9:15,344
10/9/2025,9:30,366.4
10/9/2025,9:45,330.4
10/9/2025,10:00,304
10/9/2025,10:15,305.6
10/9/2025,10:30,296
10/9/2025,10:45,277.6
10/9/2025,11:00,302.4
10/9/2025,11:15,335.2
10/9/2025,11:30,315.2
10/9/2025,11:45,328.8
10/9/2025,12:00,293.6
10/9/2025,12:15,329.6
10/9/2025,12:30,310.4
10/9/2025,12:45,312
10/9/2025,13:00,258.4
10/9/2025,13:15,259.2
10/9/2025,13:30,263.2
10/9/2025,13:45,243.2
10/9/2025,14:00,261.6
10/9/2025,14:15,272.8
10/9/2025,14:30,283.2
10/9/2025,14:45,268
10/9/2025,15:00,256.8
10/9/2025,15:15,260.8
10/9/2025,15:30,312.8
10/9/2025,15:45,307.2
10/9/2025,16:00,320.8
10/9/2025,16:15,284.8
10/9/2025,16:30,299.2
10/9/2025,16:45,278.4
10/9/2025,17:00,280
10/9/2025,17:15,263.2
10/9/2025,17:30,272
10/9/2025,17:45,249.6
10/9/2025,18:00,264.8
10/9/2025,18:15,254.4
10/9/2025,18:30,268.8
10/9/2025,18:45,282.4
10/9/2025,19:00,304.8
10/9/2025,19:15,308
10/9/2025,19:30,321.6
10/9/2025,19:45,279.2
10/9/2025,20:00,269.6
10/9/2025,20:15,266.4
10/9/2025,20:30,256
10/9/2025,20:45,270.4
10/9/2025,21:00,257.6
10/9/2025,21:15,264
10/9/2025,21:30,261.6
10/9/2025,21:45,265.6
10/9/2025,22:00,297.6
10/9/2025,22:15,304
10/9/2025,22:30,236.8
10/9/2025,22:45,228
10/9/2025,23:00,235.2
10/9/2025,23:15,237.6
10/9/2025,23:30,224.8
10/9/2025,23:45,228.8
10/10/2025,0:00,227.2
10/10/2025,0:15,232
10/10/2025,0:30,226.4
10/10/2025,0:45,316.8
10/10/2025,1:00,264
10/10/2025,1:15,265.6
10/10/2025,1:30,230.4
10/10/2025,1:45,237.6
10/10/2025,2:00,214.4
10/10/2025,2:15,216
10/10/2025,2:30,223.2
10/10/2025,2:45,221.6
10/10/2025,3:00,221.6
10/10/2025,3:15,209.6
10/10/2025,3:30,220
10/10/2025,3:45,256
10/10/2025,4:00,246.4
10/10/2025,4:15,232.8
10/10/2025,4:30,228.8
10/10/2025,4:45,224.8
10/10/2025,5:00,230.4
10/10/2025,5:15,217.6
10/10/2025,5:30,230.4
10/10/2025,5:45,215.2
10/10/2025,6:00,214.4
10/10/2025,6:15,238.4
10/10/2025,6:30,283.2
10/10/2025,6:45,264
10/10/2025,7:00,236.8
10/10/2025,7:15,206.4
10/10/2025,7:30,202.4
10/10/2025,7:45,209.6
10/10/2025,8:00,232
10/10/2025,8:15,231.2
10/10/2025,8:30,226.4
10/10/2025,8:45,231.2
10/10/2025,9:00,237.6
10/10/2025,9:15,318.4
10/10/2025,9:30,320.8
10/10/2025,9:45,331.2
10/10/2025,10:00,265.6
10/10/2025,10:15,275.2
10/10/2025,10:30,291.2
10/10/2025,10:45,284.8
10/10/2025,11:00,275.2
10/10/2025,11:15,288
10/10/2025,11:30,285.6
10/10/2025,11:45,278.4
10/10/2025,12:00,318.4
10/10/2025,12:15,320
10/10/2025,12:30,309.6
10/10/2025,12:45,276.8
10/10/2025,13:00,267.2
10/10/2025,13:15,267.2
10/10/2025,13:30,261.6
10/10/2025,13:45,260.8
10/10/2025,14:00,296
10/10/2025,14:15,280.8
10/10/2025,14:30,269.6
10/10/2025,14:45,340
10/10/2025,15:00,304.8
10/10/2025,15:15,309.6
10/10/2025,15:30,262.4
10/10/2025,15:45,264.8
10/10/2025,16:00,303.2
10/10/2025,16:15,292.8
10/10/2025,16:30,277.6
10/10/2025,16:45,265.6
10/10/2025,17:00,289.6
10/10/2025,17:15,273.6
10/10/2025,17:30,256.8
10/10/2025,17:45,328.8
10/10/2025,18:00,310.4
10/10/2025,18:15,292.8
10/10/2025,18:30,277.6
10/10/2025,18:45,264
10/10/2025,19:00,248.8
10/10/2025,19:15,283.2
10/10/2025,19:30,264.8
10/10/2025,19:45,261.6
10/10/2025,20:00,274.4
10/10/2025,20:15,283.2
10/10/2025,20:30,310.4
10/10/2025,20:45,296.8
10/10/2025,21:00,287.2
10/10/2025,21:15,274.4
10/10/2025,21:30,254.4
10/10/2025,21:45,244.8
10/10/2025,22:00,252
10/10/2025,22:15,265.6
10/10/2025,22:30,233.6
10/10/2025,22:45,226.4
10/10/2025,23:00,262.4
10/10/2025,23:15,267.2
10/10/2025,23:30,218.4
10/10/2025,23:45,222.4
10/11/2025,0:00,217.6
10/11/2025,0:15,233.6
10/11/2025,0:30,226.4
10/11/2025,0:45,222.4
10/11/2025,1:00,232.8
10/11/2025,1:15,236.8
10/11/2025,1:30,312
10/11/2025,1:45,284.8
10/11/2025,2:00,239.2
10/11/2025,2:15,225.6
10/11/2025,2:30,205.6
10/11/2025,2:45,211.2
10/11/2025,3:00,212.8
10/11/2025,3:15,224
10/11/2025,3:30,218.4
10/11/2025,3:45,191.2
10/11/2025,4:00,244
10/11/2025,4:15,239.2
10/11/2025,4:30,202.4
10/11/2025,4:45,186.4
10/11/2025,5:00,179.2
10/11/2025,5:15,181.6
10/11/2025,5:30,195.2
10/11/2025,5:45,199.2
10/11/2025,6:00,219.2
10/11/2025,6:15,208.8
10/11/2025,6:30,243.2
10/11/2025,6:45,248
10/11/2025,7:00,256.8
10/11/2025,7:15,236.8
10/11/2025,7:30,216
10/11/2025,7:45,239.2
10/11/2025,8:00,224
10/11/2025,8:15,242.4
10/11/2025,8:30,245.6
10/11/2025,8:45,311.2
10/11/2025,9:00,320
10/11/2025,9:15,320
10/11/2025,9:30,305.6
10/11/2025,9:45,340
10/11/2025,10:00,267.2
10/11/2025,10:15,284
10/11/2025,10:30,277.6
10/11/2025,10:45,268
10/11/2025,11:00,305.6
10/11/2025,11:15,335.2
10/11/2025,11:30,282.4
10/11/2025,11:45,280.8
10/11/2025,12:00,276.8
10/11/2025,12:15,262.4
10/11/2025,12:30,299.2
10/11/2025,12:45,270.4
10/11/2025,13:00,270.4
10/11/2025,13:15,308
10/11/2025,13:30,317.6
10/11/2025,13:45,268.8
10/11/2025,14:00,254.4
10/11/2025,14:15,265.6
10/11/2025,14:30,279.2
10/11/2025,14:45,258.4
10/11/2025,15:00,267.2
10/11/2025,15:15,258.4
10/11/2025,15:30,284
10/11/2025,15:45,298.4
10/11/2025,16:00,318.4
10/11/2025,16:15,260.8
10/11/2025,16:30,240.8
10/11/2025,16:45,251.2
10/11/2025,17:00,236.8
10/11/2025,17:15,255.2
10/11/2025,17:30,221.6
10/11/2025,17:45,227.2
10/11/2025,18:00,259.2
10/11/2025,18:15,274.4
10/11/2025,18:30,253.6
10/11/2025,18:45,227.2
10/11/2025,19:00,254.4
10/11/2025,19:15,271.2
10/11/2025,19:30,234.4
10/11/2025,19:45,243.2
10/11/2025,20:00,273.6
10/11/2025,20:15,288
10/11/2025,20:30,279.2
10/11/2025,20:45,243.2
10/11/2025,21:00,241.6
10/11/2025,21:15,242.4
10/11/2025,21:30,220.8
10/11/2025,21:45,230.4
10/11/2025,22:00,220.8
10/11/2025,22:15,272.8
10/11/2025,22:30,223.2
10/11/2025,22:45,136
10/11/2025,23:00,132
10/11/2025,23:15,134.4
10/11/2025,23:30,166.4
10/11/2025,23:45,180.8
10/12/2025,0:00,179.2
10/12/2025,0:15,185.6
10/12/2025,0:30,221.6
10/12/2025,0:45,217.6
10/12/2025,1:00,178.4
10/12/2025,1:15,189.6
10/12/2025,1:30,188
10/12/2025,1:45,200
10/12/2025,2:00,178.4
10/12/2025,2:15,180.8
10/12/2025,2:30,188.8
10/12/2025,2:45,225.6
10/12/2025,3:00,214.4
10/12/2025,3:15,177.6
10/12/2025,3:30,213.6
10/12/2025,3:45,185.6
10/12/2025,4:00,181.6
10/12/2025,4:15,175.2
10/12/2025,4:30,197.6
10/12/2025,4:45,251.2
10/12/2025,5:00,160
10/12/2025,5:15,133.6
10/12/2025,5:30,134.4
10/12/2025,5:45,202.4
10/12/2025,6:00,186.4
10/12/2025,6:15,223.2
10/12/2025,6:30,204.8
10/12/2025,6:45,188
10/12/2025,7:00,286.4
10/12/2025,7:15,232.8
10/12/2025,7:30,200.8
10/12/2025,7:45,196.8
10/12/2025,8:00,205.6
10/12/2025,8:15,206.4
10/12/2025,8:30,214.4
10/12/2025,8:45,213.6
10/12/2025,9:00,249.6
10/12/2025,9:15,267.2
10/12/2025,9:30,230.4
10/12/2025,9:45,216
10/12/2025,10:00,211.2
10/12/2025,10:15,217.6
10/12/2025,10:30,211.2
10/12/2025,10:45,208.8
10/12/2025,11:00,269.6
10/12/2025,11:15,238.4
10/12/2025,11:30,229.6
10/12/2025,11:45,246.4
10/12/2025,12:00,247.2
10/12/2025,12:15,274.4
10/12/2025,12:30,228
10/12/2025,12:45,245.6
10/12/2025,13:00,242.4
10/12/2025,13:15,200
10/12/2025,13:30,209.6
10/12/2025,13:45,192.8
10/12/2025,14:00,236
10/12/2025,14:15,217.6
10/12/2025,14:30,256
10/12/2025,14:45,261.6
10/12/2025,15:00,269.6
10/12/2025,15:15,241.6
10/12/2025,15:30,236.8
10/12/2025,15:45,251.2
10/12/2025,16:00,244.8
10/12/2025,16:15,248.8
10/12/2025,16:30,287.2
10/12/2025,16:45,309.6
10/12/2025,17:00,300
10/12/2025,17:15,240.8
10/12/2025,17:30,234.4
10/12/2025,17:45,225.6
10/12/2025,18:00,232.8
10/12/2025,18:15,228
10/12/2025,18:30,241.6
10/12/2025,18:45,307.2
10/12/2025,19:00,289.6
10/12/2025,19:15,282.4
10/12/2025,19:30,246.4
10/12/2025,19:45,255.2
10/12/2025,20:00,228
10/12/2025,20:15,230.4
10/12/2025,20:30,210.4
10/12/2025,20:45,211.2
10/12/2025,21:00,250.4
10/12/2025,21:15,194.4
10/12/2025,21:30,160.8
10/12/2025,21:45,164.8
10/12/2025,22:00,212.8
10/12/2025,22:15,201.6
10/12/2025,22:30,194.4
10/12/2025,22:45,179.2
10/12/2025,23:00,180.8
10/12/2025,23:15,230.4
10/12/2025,23:30,226.4
10/12/2025,23:45,179.2
10/13/2025,0:00,185.6
10/13/2025,0:15,190.4
10/13/2025,0:30,195.2
10/13/2025,0:45,188.8
10/13/2025,1:00,179.2
10/13/2025,1:15,197.6
10/13/2025,1:30,212
10/13/2025,1:45,215.2
10/13/2025,2:00,174.4
10/13/2025,2:15,176
10/13/2025,2:30,183.2
10/13/2025,2:45,117.6
10/13/2025,3:00,115.2
10/13/2025,3:15,136
10/13/2025,3:30,157.6
10/13/2025,3:45,220.8
10/13/2025,4:00,248.8
10/13/2025,4:15,194.4
10/13/2025,4:30,174.4
10/13/2025,4:45,192
10/13/2025,5:00,173.6
10/13/2025,5:15,172
10/13/2025,5:30,176
10/13/2025,5:45,220.8
10/13/2025,6:00,224.8
10/13/2025,6:15,193.6
10/13/2025,6:30,182.4
10/13/2025,6:45,130.4
10/13/2025,7:00,128.8
10/13/2025,7:15,132
10/13/2025,7:30,132.8
10/13/2025,7:45,196
10/13/2025,8:00,248
10/13/2025,8:15,253.6
10/13/2025,8:30,237.6
10/13/2025,8:45,220.8
10/13/2025,9:00,222.4
10/13/2025,9:15,253.6
10/13/2025,9:30,226.4
10/13/2025,9:45,239.2
10/13/2025,10:00,255.2
10/13/2025,10:15,255.2
10/13/2025,10:30,150.4
10/13/2025,10:45,160.8
10/13/2025,11:00,164.8
10/13/2025,11:15,148.8
10/13/2025,11:30,145.6
10/13/2025,11:45,219.2
10/13/2025,12:00,244.8
10/13/2025,12:15,262.4
10/13/2025,12:30,214.4
10/13/2025,12:45,199.2
10/13/2025,13:00,207.2
10/13/2025,13:15,203.2
10/13/2025,13:30,209.6
10/13/2025,13:45,202.4
10/13/2025,14:00,252.8
10/13/2025,14:15,244.8
10/13/2025,14:30,214.4
10/13/2025,14:45,153.6
10/13/2025,15:00,173.6
10/13/2025,15:15,155.2
10/13/2025,15:30,185.6
10/13/2025,15:45,236.8
10/13/2025,16:00,300
10/13/2025,16:15,256
10/13/2025,16:30,213.6
10/13/2025,16:45,228
10/13/2025,17:00,208.8
10/13/2025,17:15,188.8
10/13/2025,17:30,188
10/13/2025,17:45,178.4
10/13/2025,18:00,206.4
10/13/2025,18:15,165.6
10/13/2025,18:30,188
10/13/2025,18:45,172.8
10/13/2025,19:00,189.6
10/13/2025,19:15,190.4
10/13/2025,19:30,270.4
10/13/2025,19:45,248
10/13/2025,20:00,248.8
10/13/2025,20:15,216.8
10/13/2025,20:30,201.6
10/13/2025,20:45,199.2
10/13/2025,21:00,211.2
10/13/2025,21:15,147.2
10/13/2025,21:30,151.2
10/13/2025,21:45,159.2
10/13/2025,22:00,195.2
10/13/2025,22:15,183.2
10/13/2025,22:30,187.2
10/13/2025,22:45,168
10/13/2025,23:00,188
10/13/2025,23:15,166.4
10/13/2025,23:30,163.2
10/13/2025,23:45,176.8
10/14/2025,0:00,180
10/14/2025,0:15,164
10/14/2025,0:30,153.6
10/14/2025,0:45,111.2
10/14/2025,1:00,116
10/14/2025,1:15,116.8
10/14/2025,1:30,116
10/14/2025,1:45,173.6
10/14/2025,2:00,172.8
10/14/2025,2:15,191.2
10/14/2025,2:30,208
10/14/2025,2:45,202.4
10/14/2025,3:00,160.8
10/14/2025,3:15,120
10/14/2025,3:30,111.2
10/14/2025,3:45,120
10/14/2025,4:00,120.8
10/14/2025,4:15,105.6
10/14/2025,4:30,180.8
10/14/2025,4:45,204
10/14/2025,5:00,188.8
10/14/2025,5:15,237.6
10/14/2025,5:30,171.2
10/14/2025,5:45,195.2
10/14/2025,6:00,177.6
10/14/2025,6:15,124.8
10/14/2025,6:30,125.6
10/14/2025,6:45,167.2
10/14/2025,7:00,173.6
10/14/2025,7:15,136
10/14/2025,7:30,124
10/14/2025,7:45,184.8
10/14/2025,8:00,215.2
10/14/2025,8:15,195.2
10/14/2025,8:30,276.8
10/14/2025,8:45,258.4
10/14/2025,9:00,261.6
10/14/2025,9:15,230.4
10/14/2025,9:30,171.2
10/14/2025,9:45,180
10/14/2025,10:00,166.4
10/14/2025,10:15,154.4
10/14/2025,10:30,203.2
10/14/2025,10:45,264.8
10/14/2025,11:00,221.6
10/14/2025,11:15,214.4
10/14/2025,11:30,221.6
10/14/2025,11:45,216.8
10/14/2025,12:00,211.2
10/14/2025,12:15,240.8
10/14/2025,12:30,247.2
10/14/2025,12:45,168.8
10/14/2025,13:00,132.8
10/14/2025,13:15,129.6
10/14/2025,13:30,143.2
10/14/2025,13:45,128.8
10/14/2025,14:00,136.8
10/14/2025,14:15,256
10/14/2025,14:30,232.8
10/14/2025,14:45,217.6
10/14/2025,15:00,193.6
10/14/2025,15:15,204
10/14/2025,15:30,215.2
10/14/2025,15:45,156.8
10/14/2025,16:00,154.4
10/14/2025,16:15,182.4
10/14/2025,16:30,189.6
10/14/2025,16:45,153.6
10/14/2025,17:00,142.4
10/14/2025,17:15,198.4
10/14/2025,17:30,186.4
10/14/2025,17:45,178.4
10/14/2025,18:00,210.4
10/14/2025,18:15,244.8
10/14/2025,18:30,248.8
10/14/2025,18:45,200.8
10/14/2025,19:00,183.2
10/14/2025,19:15,204
10/14/2025,19:30,206.4
10/14/2025,19:45,204.8
10/14/2025,20:00,183.2
10/14/2025,20:15,184
10/14/2025,20:30,200.8
10/14/2025,20:45,201.6
10/14/2025,21:00,192
10/14/2025,21:15,211.2
10/14/2025,21:30,190.4
10/14/2025,21:45,191.2
10/14/2025,22:00,259.2
10/14/2025,22:15,174.4
10/14/2025,22:30,156
10/14/2025,22:45,120
10/14/2025,23:00,116.8
10/14/2025,23:15,132
10/14/2025,23:30,121.6
10/14/2025,23:45,184.8
10/15/2025,0:00,172.8
10/15/2025,0:15,216
10/15/2025,0:30,207.2
10/15/2025,0:45,172.8
10/15/2025,1:00,166.4
10/15/2025,1:15,167.2
10/15/2025,1:30,126.4
10/15/2025,1:45,113.6
10/15/2025,2:00,109.6
10/15/2025,2:15,149.6
10/15/2025,2:30,157.6
10/15/2025,2:45,155.2
10/15/2025,3:00,169.6
10/15/2025,3:15,164
10/15/2025,3:30,166.4
10/15/2025,3:45,165.6
10/15/2025,4:00,180
10/15/2025,4:15,171.2
10/15/2025,4:30,204
10/15/2025,4:45,152
10/15/2025,5:00,132
10/15/2025,5:15,105.6
10/15/2025,5:30,120
10/15/2025,5:45,114.4
10/15/2025,6:00,132
10/15/2025,6:15,182.4
10/15/2025,6:30,236.8
10/15/2025,6:45,212
10/15/2025,7:00,234.4
10/15/2025,7:15,194.4
10/15/2025,7:30,195.2
10/15/2025,7:45,195.2
10/15/2025,8:00,199.2
10/15/2025,8:15,204.8
10/15/2025,8:30,192
10/15/2025,8:45,211.2
10/15/2025,9:00,236.8
10/15/2025,9:15,178.4
10/15/2025,9:30,241.6
10/15/2025,9:45,228
10/15/2025,10:00,258.4
10/15/2025,10:15,290.4
10/15/2025,10:30,260.8
10/15/2025,10:45,274.4
10/15/2025,11:00,233.6
10/15/2025,11:15,249.6
10/15/2025,11:30,237.6
10/15/2025,11:45,224
10/15/2025,12:00,273.6
10/15/2025,12:15,248.8
10/15/2025,12:30,228
10/15/2025,12:45,218.4
10/15/2025,13:00,216.8
10/15/2025,13:15,220.8
10/15/2025,13:30,212.8
10/15/2025,13:45,204.8
10/15/2025,14:00,272.8
10/15/2025,14:15,256.8
10/15/2025,14:30,216.8
10/15/2025,14:45,206.4
10/15/2025,15:00,219.2
10/15/2025,15:15,220
10/15/2025,15:30,247.2
10/15/2025,15:45,264.8
10/15/2025,16:00,270.4
10/15/2025,16:15,225.6
10/15/2025,16:30,237.6
10/15/2025,16:45,229.6
10/15/2025,17:00,201.6
10/15/2025,17:15,220
10/15/2025,17:30,196.8
10/15/2025,17:45,228
10/15/2025,18:00,220.8
10/15/2025,18:15,201.6
10/15/2025,18:30,216
10/15/2025,18:45,248.8
10/15/2025,19:00,216.8
10/15/2025,19:15,213.6
10/15/2025,19:30,284
10/15/2025,19:45,244
10/15/2025,20:00,200.8
10/15/2025,20:15,216.8
10/15/2025,20:30,247.2
10/15/2025,20:45,208
10/15/2025,21:00,210.4
10/15/2025,21:15,214.4
10/15/2025,21:30,276
10/15/2025,21:45,287.2
10/15/2025,22:00,268.8
10/15/2025,22:15,309.6
10/15/2025,22:30,223.2
10/15/2025,22:45,238.4
10/15/2025,23:00,214.4
10/15/2025,23:15,217.6
10/15/2025,23:30,161.6
10/15/2025,23:45,131.2
10/16/2025,0:00,136.8
10/16/2025,0:15,117.6
10/16/2025,0:30,172.8
10/16/2025,0:45,173.6
10/16/2025,1:00,172
10/16/2025,1:15,174.4
10/16/2025,1:30,248.8
10/16/2025,1:45,211.2
10/16/2025,2:00,208.8
10/16/2025,2:15,172.8
10/16/2025,2:30,177.6
10/16/2025,2:45,115.2
10/16/2025,3:00,106.4
10/16/2025,3:15,131.2
10/16/2025,3:30,115.2
10/16/2025,3:45,163.2
10/16/2025,4:00,210.4
10/16/2025,4:15,216
10/16/2025,4:30,173.6
10/16/2025,4:45,166.4
10/16/2025,5:00,176
10/16/2025,5:15,174.4
10/16/2025,5:30,180
10/16/2025,5:45,172.8
10/16/2025,6:00,190.4
10/16/2025,6:15,236
10/16/2025,6:30,164
10/16/2025,6:45,153.6
10/16/2025,7:00,140
10/16/2025,7:15,145.6
10/16/2025,7:30,144
10/16/2025,7:45,219.2
10/16/2025,8:00,206.4
10/16/2025,8:15,293.6
10/16/2025,8:30,273.6
10/16/2025,8:45,263.2
10/16/2025,9:00,295.2
10/16/2025,9:15,274.4
10/16/2025,9:30,246.4
10/16/2025,9:45,184
10/16/2025,10:00,173.6
10/16/2025,10:15,173.6
10/16/2025,10:30,207.2
10/16/2025,10:45,207.2
10/16/2025,11:00,196.8
10/16/2025,11:15,236.8
10/16/2025,11:30,224
10/16/2025,11:45,225.6
10/16/2025,12:00,200
10/16/2025,12:15,204
10/16/2025,12:30,202.4
10/16/2025,12:45,185.6
10/16/2025,13:00,231.2
10/16/2025,13:15,227.2
10/16/2025,13:30,128
10/16/2025,13:45,145.6
10/16/2025,14:00,132.8
10/16/2025,14:15,139.2
10/16/2025,14:30,207.2
10/16/2025,14:45,218.4
10/16/2025,15:00,232
10/16/2025,15:15,243.2
10/16/2025,15:30,279.2
10/16/2025,15:45,232
10/16/2025,16:00,229.6
10/16/2025,16:15,210.4
10/16/2025,16:30,154.4
10/16/2025,16:45,149.6
10/16/2025,17:00,163.2
10/16/2025,17:15,155.2
10/16/2025,17:30,183.2
10/16/2025,17:45,218.4
10/16/2025,18:00,209.6
10/16/2025,18:15,196.8
10/16/2025,18:30,192
10/16/2025,18:45,212
10/16/2025,19:00,228.8
10/16/2025,19:15,239.2
10/16/2025,19:30,180.8
10/16/2025,19:45,188
10/16/2025,20:00,192.8
10/16/2025,20:15,160
10/16/2025,20:30,153.6
10/16/2025,20:45,143.2
10/16/2025,21:00,223.2
10/16/2025,21:15,205.6
10/16/2025,21:30,204
10/16/2025,21:45,276.8
10/16/2025,22:00,250.4
10/16/2025,22:15,228.8
10/16/2025,22:30,176
10/16/2025,22:45,177.6
10/16/2025,23:00,116.8
10/16/2025,23:15,120
10/16/2025,23:30,126.4
10/16/2025,23:45,117.6
10/17/2025,0:00,166.4
10/17/2025,0:15,221.6
10/17/2025,0:30,165.6
10/17/2025,0:45,180.8
10/17/2025,1:00,172
10/17/2025,1:15,174.4
10/17/2025,1:30,170.4
10/17/2025,1:45,166.4
10/17/2025,2:00,204.8
10/17/2025,2:15,164
10/17/2025,2:30,120
10/17/2025,2:45,110.4
10/17/2025,3:00,111.2
10/17/2025,3:15,109.6
10/17/2025,3:30,111.2
10/17/2025,3:45,168.8
10/17/2025,4:00,204
10/17/2025,4:15,213.6
10/17/2025,4:30,179.2
10/17/2025,4:45,172.8
10/17/2025,5:00,170.4
10/17/2025,5:15,176
10/17/2025,5:30,145.6
10/17/2025,5:45,130.4
10/17/2025,6:00,122.4
10/17/2025,6:15,191.2
10/17/2025,6:30,176
10/17/2025,6:45,131.2
10/17/2025,7:00,176.8
10/17/2025,7:15,200
10/17/2025,7:30,188
10/17/2025,7:45,188
10/17/2025,8:00,210.4
10/17/2025,8:15,256.8
10/17/2025,8:30,259.2
10/17/2025,8:45,235.2
10/17/2025,9:00,255.2
10/17/2025,9:15,256
10/17/2025,9:30,248
10/17/2025,9:45,248.8
10/17/2025,10:00,281.6
10/17/2025,10:15,280.8
10/17/2025,10:30,240
10/17/2025,10:45,228.8
10/17/2025,11:00,222.4
10/17/2025,11:15,236.8
10/17/2025,11:30,241.6
10/17/2025,11:45,284.8
10/17/2025,12:00,255.2
10/17/2025,12:15,267.2
10/17/2025,12:30,220.8
10/17/2025,12:45,217.6
10/17/2025,13:00,227.2
10/17/2025,13:15,228
10/17/2025,13:30,231.2
10/17/2025,13:45,262.4
10/17/2025,14:00,297.6
10/17/2025,14:15,257.6
10/17/2025,14:30,278.4
10/17/2025,14:45,254.4
10/17/2025,15:00,243.2
10/17/2025,15:15,260
10/17/2025,15:30,292.8
10/17/2025,15:45,283.2
10/17/2025,16:00,245.6
10/17/2025,16:15,267.2
10/17/2025,16:30,264.8
10/17/2025,16:45,253.6
10/17/2025,17:00,236
10/17/2025,17:15,248.8
10/17/2025,17:30,300.8
10/17/2025,17:45,304.8
10/17/2025,18:00,236.8
10/17/2025,18:15,248
10/17/2025,18:30,243.2
10/17/2025,18:45,260
10/17/2025,19:00,251.2
10/17/2025,19:15,272.8
10/17/2025,19:30,280.8
10/17/2025,19:45,263.2
10/17/2025,20:00,259.2
10/17/2025,20:15,304
10/17/2025,20:30,214.4
10/17/2025,20:45,223.2
10/17/2025,21:00,209.6
10/17/2025,21:15,261.6
10/17/2025,21:30,216
10/17/2025,21:45,218.4
10/17/2025,22:00,223.2
10/17/2025,22:15,232
10/17/2025,22:30,184
10/17/2025,22:45,192
10/17/2025,23:00,204.8
10/17/2025,23:15,230.4
10/17/2025,23:30,228.8
10/17/2025,23:45,184
10/18/2025,0:00,182.4
10/18/2025,0:15,181.6
10/18/2025,0:30,181.6
10/18/2025,0:45,190.4
10/18/2025,1:00,190.4
10/18/2025,1:15,181.6
10/18/2025,1:30,214.4
10/18/2025,1:45,223.2
10/18/2025,2:00,196
10/18/2025,2:15,188.8
10/18/2025,2:30,133.6
10/18/2025,2:45,128
10/18/2025,3:00,128
10/18/2025,3:15,118.4
10/18/2025,3:30,178.4
10/18/2025,3:45,213.6
10/18/2025,4:00,218.4
10/18/2025,4:15,176
10/18/2025,4:30,168
10/18/2025,4:45,168
10/18/2025,5:00,178.4
10/18/2025,5:15,164
10/18/2025,5:30,170.4
10/18/2025,5:45,123.2
10/18/2025,6:00,173.6
10/18/2025,6:15,179.2
10/18/2025,6:30,122.4
10/18/2025,6:45,139.2
10/18/2025,7:00,192.8
10/18/2025,7:15,191.2
10/18/2025,7:30,181.6
10/18/2025,7:45,197.6
10/18/2025,8:00,276
10/18/2025,8:15,249.6
10/18/2025,8:30,261.6
10/18/2025,8:45,178.4
10/18/2025,9:00,172.8
10/18/2025,9:15,159.2
10/18/2025,9:30,241.6
10/18/2025,9:45,237.6
10/18/2025,10:00,273.6
10/18/2025,10:15,296.8
10/18/2025,10:30,268
10/18/2025,10:45,221.6
10/18/2025,11:00,202.4
10/18/2025,11:15,222.4
10/18/2025,11:30,240.8
10/18/2025,11:45,202.4
10/18/2025,12:00,258.4
10/18/2025,12:15,232.8
10/18/2025,12:30,214.4
10/18/2025,12:45,199.2
10/18/2025,13:00,191.2
10/18/2025,13:15,191.2
10/18/2025,13:30,188
10/18/2025,13:45,195.2
10/18/2025,14:00,232
10/18/2025,14:15,235.2
10/18/2025,14:30,204
10/18/2025,14:45,209.6
10/18/2025,15:00,198.4
10/18/2025,15:15,189.6
10/18/2025,15:30,196.8
10/18/2025,15:45,194.4
10/18/2025,16:00,251.2
10/18/2025,16:15,232.8
10/18/2025,16:30,206.4
10/18/2025,16:45,189.6
10/18/2025,17:00,181.6
10/18/2025,17:15,203.2
10/18/2025,17:30,197.6
10/18/2025,17:45,209.6
10/18/2025,18:00,263.2
10/18/2025,18:15,230.4
10/18/2025,18:30,228
10/18/2025,18:45,190.4
10/18/2025,19:00,208.8
10/18/2025,19:15,205.6
10/18/2025,19:30,200.8
10/18/2025,19:45,196.8
10/18/2025,20:00,243.2
10/18/2025,20:15,236
10/18/2025,20:30,216
10/18/2025,20:45,206.4
10/18/2025,21:00,191.2
10/18/2025,21:15,152.8
10/18/2025,21:30,135.2
10/18/2025,21:45,192
10/18/2025,22:00,239.2
10/18/2025,22:15,172.8
10/18/2025,22:30,155.2
10/18/2025,22:45,171.2
10/18/2025,23:00,171.2
10/18/2025,23:15,174.4
10/18/2025,23:30,103.2
10/18/2025,23:45,172.8
10/19/2025,0:00,208.8
10/19/2025,0:15,206.4
10/19/2025,0:30,159.2
10/19/2025,0:45,99.2
10/19/2025,1:00,158.4
10/19/2025,1:15,157.6
10/19/2025,1:30,164.8
10/19/2025,1:45,100.8
10/19/2025,2:00,248
10/19/2025,2:15,206.4
10/19/2025,2:30,214.4
10/19/2025,2:45,104.8
10/19/2025,3:00,171.2
10/19/2025,3:15,166.4
10/19/2025,3:30,149.6
10/19/2025,3:45,105.6
10/19/2025,4:00,147.2
10/19/2025,4:15,195.2
10/19/2025,4:30,207.2
10/19/2025,4:45,99.2
10/19/2025,5:00,96.8
10/19/2025,5:15,160.8
10/19/2025,5:30,158.4
10/19/2025,5:45,170.4
10/19/2025,6:00,156
10/19/2025,6:15,160.8
10/19/2025,6:30,204.8
10/19/2025,6:45,208
10/19/2025,7:00,172.8
10/19/2025,7:15,157.6
10/19/2025,7:30,212.8
10/19/2025,7:45,263.2
10/19/2025,8:00,184.8
10/19/2025,8:15,190.4
10/19/2025,8:30,224.8
10/19/2025,8:45,226.4
10/19/2025,9:00,249.6
10/19/2025,9:15,195.2
10/19/2025,9:30,200
10/19/2025,9:45,200
10/19/2025,10:00,193.6
10/19/2025,10:15,220
10/19/2025,10:30,141.6
10/19/2025,10:45,217.6
10/19/2025,11:00,227.2
10/19/2025,11:15,223.2
10/19/2025,11:30,224
10/19/2025,11:45,158.4
10/19/2025,12:00,200.8
10/19/2025,12:15,176.8
10/19/2025,12:30,181.6
10/19/2025,12:45,153.6
10/19/2025,13:00,165.6
10/19/2025,13:15,227.2
10/19/2025,13:30,240
10/19/2025,13:45,207.2
10/19/2025,14:00,156.8
10/19/2025,14:15,188.8
10/19/2025,14:30,194.4
10/19/2025,14:45,194.4
10/19/2025,15:00,125.6
10/19/2025,15:15,182.4
10/19/2025,15:30,196.8
10/19/2025,15:45,253.6
10/19/2025,16:00,181.6
10/19/2025,16:15,192.8
10/19/2025,16:30,202.4
10/19/2025,16:45,184
10/19/2025,17:00,174.4
10/19/2025,17:15,111.2
10/19/2025,17:30,176
10/19/2025,17:45,231.2
10/19/2025,18:00,212
10/19/2025,18:15,177.6
10/19/2025,18:30,167.2
10/19/2025,18:45,172.8
10/19/2025,19:00,216
10/19/2025,19:15,140.8
10/19/2025,19:30,128.8
10/19/2025,19:45,188
10/19/2025,20:00,184.8
10/19/2025,20:15,163.2
10/19/2025,20:30,163.2
10/19/2025,20:45,228
10/19/2025,21:00,190.4
10/19/2025,21:15,157.6
10/19/2025,21:30,136.8
10/19/2025,21:45,190.4
10/19/2025,22:00,192.8
10/19/2025,22:15,224
10/19/2025,22:30,144.8
10/19/2025,22:45,194.4
10/19/2025,23:00,169.6
10/19/2025,23:15,180.8
10/19/2025,23:30,117.6
10/19/2025,23:45,100.8
10/20/2025,0:00,152.8
10/20/2025,0:15,153.6
10/20/2025,0:30,140
10/20/2025,0:45,136
10/20/2025,1:00,167.2
10/20/2025,1:15,151.2
10/20/2025,1:30,98.4
10/20/2025,1:45,102.4
10/20/2025,2:00,160
10/20/2025,2:15,160.8
10/20/2025,2:30,166.4
10/20/2025,2:45,140.8
10/20/2025,3:00,236
10/20/2025,3:15,164
10/20/2025,3:30,105.6
10/20/2025,3:45,103.2
10/20/2025,4:00,171.2
10/20/2025,4:15,162.4
10/20/2025,4:30,196
10/20/2025,4:45,134.4
10/20/2025,5:00,192
10/20/2025,5:15,165.6
10/20/2025,5:30,176.8
10/20/2025,5:45,101.6
10/20/2025,6:00,115.2
10/20/2025,6:15,183.2
10/20/2025,6:30,199.2
10/20/2025,6:45,158.4
10/20/2025,7:00,152
10/20/2025,7:15,179.2
10/20/2025,7:30,172
10/20/2025,7:45,117.6
10/20/2025,8:00,126.4
10/20/2025,8:15,181.6
10/20/2025,8:30,224.8
10/20/2025,8:45,246.4
10/20/2025,9:00,249.6
10/20/2025,9:15,228
10/20/2025,9:30,233.6
10/20/2025,9:45,248
10/20/2025,10:00,240.8
10/20/2025,10:15,247.2
10/20/2025,10:30,264
10/20/2025,10:45,259.2
10/20/2025,11:00,248.8
10/20/2025,11:15,225.6
10/20/2025,11:30,298.4
10/20/2025,11:45,296
10/20/2025,12:00,312.8
10/20/2025,12:15,293.6
10/20/2025,12:30,328
10/20/2025,12:45,328
10/20/2025,13:00,320.8
10/20/2025,13:15,293.6
10/20/2025,13:30,277.6
10/20/2025,13:45,289.6
10/20/2025,14:00,292.8
10/20/2025,14:15,296
10/20/2025,14:30,334.4
10/20/2025,14:45,352
10/20/2025,15:00,368.8
10/20/2025,15:15,392.8
10/20/2025,15:30,428.8
10/20/2025,15:45,378.4
10/20/2025,16:00,356.8
10/20/2025,16:15,359.2
10/20/2025,16:30,323.2
10/20/2025,16:45,337.6
10/20/2025,17:00,316
10/20/2025,17:15,288
10/20/2025,17:30,288.8
10/20/2025,17:45,292
10/20/2025,18:00,292.8
10/20/2025,18:15,294.4
10/20/2025,18:30,330.4
10/20/2025,18:45,329.6
10/20/2025,19:00,346.4
10/20/2025,19:15,358.4
10/20/2025,19:30,312
10/20/2025,19:45,339.2
10/20/2025,20:00,308.8
10/20/2025,20:15,308
10/20/2025,20:30,305.6
10/20/2025,20:45,349.6
10/20/2025,21:00,347.2
10/20/2025,21:15,347.2
10/20/2025,21:30,355.2
10/20/2025,21:45,315.2
10/20/2025,22:00,324.8
10/20/2025,22:15,314.4
10/20/2025,22:30,282.4
10/20/2025,22:45,303.2
10/20/2025,23:00,322.4
10/20/2025,23:15,320.8
10/20/2025,23:30,327.2
10/20/2025,23:45,296
10/21/2025,0:00,278.4
10/21/2025,0:15,279.2
10/21/2025,0:30,281.6
10/21/2025,0:45,279.2
10/21/2025,1:00,324.8
10/21/2025,1:15,327.2
10/21/2025,1:30,326.4
10/21/2025,1:45,286.4
10/21/2025,2:00,283.2
10/21/2025,2:15,281.6
10/21/2025,2:30,286.4
10/21/2025,2:45,291.2
10/21/2025,3:00,357.6
10/21/2025,3:15,320.8
10/21/2025,3:30,324.8
10/21/2025,3:45,337.6
10/21/2025,4:00,289.6
10/21/2025,4:15,302.4
10/21/2025,4:30,284
10/21/2025,4:45,288.8
10/21/2025,5:00,284
10/21/2025,5:15,329.6
10/21/2025,5:30,322.4
10/21/2025,5:45,343.2
10/21/2025,6:00,288
10/21/2025,6:15,312
10/21/2025,6:30,344.8
10/21/2025,6:45,307.2
10/21/2025,7:00,316
10/21/2025,7:15,333.6
10/21/2025,7:30,342.4
10/21/2025,7:45,361.6
10/21/2025,8:00,372.8
10/21/2025,8:15,333.6
10/21/2025,8:30,367.2
10/21/2025,8:45,340
10/21/2025,9:00,356
10/21/2025,9:15,422.4
10/21/2025,9:30,413.6
10/21/2025,9:45,388.8
10/21/2025,10:00,384
10/21/2025,10:15,334.4
10/21/2025,10:30,332
10/21/2025,10:45,348.8
10/21/2025,11:00,364
10/21/2025,11:15,380.8
10/21/2025,11:30,367.2
10/21/2025,11:45,379.2
10/21/2025,12:00,347.2
10/21/2025,12:15,312.8
10/21/2025,12:30,331.2
10/21/2025,12:45,312
10/21/2025,13:00,313.6
10/21/2025,13:15,378.4
10/21/2025,13:30,345.6
10/21/2025,13:45,356.8
10/21/2025,14:00,342.4
10/21/2025,14:15,318.4
10/21/2025,14:30,322.4
10/21/2025,14:45,320
10/21/2025,15:00,328.8
10/21/2025,15:15,368
10/21/2025,15:30,393.6
10/21/2025,15:45,408.8
10/21/2025,16:00,393.6
10/21/2025,16:15,369.6
10/21/2025,16:30,368.8
10/21/2025,16:45,279.2
10/21/2025,17:00,303.2
10/21/2025,17:15,256.8
10/21/2025,17:30,256.8
10/21/2025,17:45,258.4
10/21/2025,18:00,273.6
10/21/2025,18:15,346.4
10/21/2025,18:30,341.6
10/21/2025,18:45,324
10/21/2025,19:00,325.6
10/21/2025,19:15,335.2
10/21/2025,19:30,392
10/21/2025,19:45,374.4
10/21/2025,20:00,355.2
10/21/2025,20:15,370.4
10/21/2025,20:30,249.6
10/21/2025,20:45,242.4
10/21/2025,21:00,259.2
10/21/2025,21:15,236.8
10/21/2025,21:30,248
10/21/2025,21:45,286.4
10/21/2025,22:00,366.4
10/21/2025,22:15,363.2
10/21/2025,22:30,304
10/21/2025,22:45,308
10/21/2025,23:00,312
10/21/2025,23:15,314.4
10/21/2025,23:30,309.6
10/21/2025,23:45,340.8
10/22/2025,0:00,247.2
10/22/2025,0:15,280.8
10/22/2025,0:30,235.2
10/22/2025,0:45,214.4
10/22/2025,1:00,223.2
10/22/2025,1:15,207.2
10/22/2025,1:30,201.6
10/22/2025,1:45,216.8
10/22/2025,2:00,325.6
10/22/2025,2:15,332.8
10/22/2025,2:30,333.6
10/22/2025,2:45,300
10/22/2025,3:00,293.6
10/22/2025,3:15,298.4
10/22/2025,3:30,292.8
10/22/2025,3:45,302.4
10/22/2025,4:00,319.2
10/22/2025,4:15,241.6
10/22/2025,4:30,244.8
10/22/2025,4:45,204.8
10/22/2025,5:00,207.2
10/22/2025,5:15,205.6
10/22/2025,5:30,209.6
10/22/2025,5:45,209.6
10/22/2025,6:00,262.4
10/22/2025,6:15,360
10/22/2025,6:30,352.8
10/22/2025,6:45,354.4
10/22/2025,7:00,308.8
10/22/2025,7:15,320.8
10/22/2025,7:30,316
10/22/2025,7:45,322.4
10/22/2025,8:00,427.2
10/22/2025,8:15,360.8
10/22/2025,8:30,363.2
10/22/2025,8:45,354.4
10/22/2025,9:00,262.4
10/22/2025,9:15,278.4
10/22/2025,9:30,260
10/22/2025,9:45,249.6
10/22/2025,10:00,278.4
10/22/2025,10:15,297.6
10/22/2025,10:30,277.6
10/22/2025,10:45,247.2
10/22/2025,11:00,225.6
10/22/2025,11:15,269.6
10/22/2025,11:30,244.8
10/22/2025,11:45,224
10/22/2025,12:00,288.8
10/22/2025,12:15,250.4
10/22/2025,12:30,257.6
10/22/2025,12:45,224.8
10/22/2025,13:00,218.4
10/22/2025,13:15,211.2
10/22/2025,13:30,217.6
10/22/2025,13:45,206.4
10/22/2025,14:00,250.4
10/22/2025,14:15,246.4
10/22/2025,14:30,246.4
10/22/2025,14:45,212.8
10/22/2025,15:00,214.4
10/22/2025,15:15,240.8
10/22/2025,15:30,242.4
10/22/2025,15:45,228
10/22/2025,16:00,271.2
10/22/2025,16:15,251.2
10/22/2025,16:30,249.6
10/22/2025,16:45,213.6
10/22/2025,17:00,220.8
10/22/2025,17:15,193.6
10/22/2025,17:30,206.4
10/22/2025,17:45,251.2
10/22/2025,18:00,245.6
10/22/2025,18:15,252
10/22/2025,18:30,235.2
10/22/2025,18:45,240.8
10/22/2025,19:00,229.6
10/22/2025,19:15,214.4
10/22/2025,19:30,231.2
10/22/2025,19:45,273.6
10/22/2025,20:00,274.4
10/22/2025,20:15,256
10/22/2025,20:30,257.6
10/22/2025,20:45,275.2
10/22/2025,21:00,288.8
10/22/2025,21:15,315.2
10/22/2025,21:30,289.6
10/22/2025,21:45,288
10/22/2025,22:00,248
10/22/2025,22:15,244.8
10/22/2025,22:30,229.6
10/22/2025,22:45,200
10/22/2025,23:00,186.4
10/22/2025,23:15,192.8
10/22/2025,23:30,189.6
10/22/2025,23:45,194.4
10/23/2025,0:00,187.2
10/23/2025,0:15,224
10/23/2025,0:30,217.6
10/23/2025,0:45,218.4
10/23/2025,1:00,223.2
10/23/2025,1:15,180.8
10/23/2025,1:30,186.4
10/23/2025,1:45,176.8
10/23/2025,2:00,179.2
10/23/2025,2:15,186.4
10/23/2025,2:30,244
10/23/2025,2:45,223.2
10/23/2025,3:00,223.2
10/23/2025,3:15,217.6
10/23/2025,3:30,181.6
10/23/2025,3:45,184
10/23/2025,4:00,200
10/23/2025,4:15,180
10/23/2025,4:30,181.6
10/23/2025,4:45,200
10/23/2025,5:00,212.8
10/23/2025,5:15,215.2
10/23/2025,5:30,223.2
10/23/2025,5:45,180.8
10/23/2025,6:00,200.8
10/23/2025,6:15,200
10/23/2025,6:30,204.8
10/23/2025,6:45,186.4
10/23/2025,7:00,202.4
10/23/2025,7:15,232
10/23/2025,7:30,226.4
10/23/2025,7:45,252.8
10/23/2025,8:00,228
10/23/2025,8:15,243.2
10/23/2025,8:30,227.2
10/23/2025,8:45,263.2
10/23/2025,9:00,264
10/23/2025,9:15,307.2
10/23/2025,9:30,286.4
10/23/2025,9:45,266.4
10/23/2025,10:00,259.2
10/23/2025,10:15,272.8
10/23/2025,10:30,264.8
10/23/2025,10:45,217.6
10/23/2025,11:00,217.6
10/23/2025,11:15,208.8
10/23/2025,11:30,291.2
10/23/2025,11:45,274.4
10/23/2025,12:00,271.2
10/23/2025,12:15,257.6
10/23/2025,12:30,242.4
10/23/2025,12:45,206.4
10/23/2025,13:00,201.6
10/23/2025,13:15,203.2
10/23/2025,13:30,206.4
10/23/2025,13:45,236
10/23/2025,14:00,279.2
10/23/2025,14:15,251.2
10/23/2025,14:30,249.6
10/23/2025,14:45,228.8
10/23/2025,15:00,200.8
10/23/2025,15:15,215.2
10/23/2025,15:30,244
10/23/2025,15:45,200.8
10/23/2025,16:00,203.2
10/23/2025,16:15,244
10/23/2025,16:30,253.6
10/23/2025,16:45,259.2
10/23/2025,17:00,188.8
10/23/2025,17:15,189.6
10/23/2025,17:30,197.6
10/23/2025,17:45,209.6
10/23/2025,18:00,236
10/23/2025,18:15,242.4
10/23/2025,18:30,238.4
10/23/2025,18:45,239.2
10/23/2025,19:00,217.6
10/23/2025,19:15,221.6
10/23/2025,19:30,208.8
10/23/2025,19:45,224.8
10/23/2025,20:00,222.4
10/23/2025,20:15,288
10/23/2025,20:30,255.2
10/23/2025,20:45,264.8
10/23/2025,21:00,232
10/23/2025,21:15,232.8
10/23/2025,21:30,213.6
10/23/2025,21:45,216
10/23/2025,22:00,222.4
10/23/2025,22:15,247.2
10/23/2025,22:30,228
10/23/2025,22:45,239.2
10/23/2025,23:00,196
10/23/2025,23:15,199.2
10/23/2025,23:30,185.6
10/23/2025,23:45,198.4
10/24/2025,0:00,180.8
10/24/2025,0:15,223.2
10/24/2025,0:30,214.4
10/24/2025,0:45,220
10/24/2025,1:00,185.6
10/24/2025,1:15,178.4
10/24/2025,1:30,180
10/24/2025,1:45,178.4
10/24/2025,2:00,180.8
10/24/2025,2:15,223.2
10/24/2025,2:30,228
10/24/2025,2:45,224.8
10/24/2025,3:00,177.6
10/24/2025,3:15,184
10/24/2025,3:30,182.4
10/24/2025,3:45,180.8
10/24/2025,4:00,236.8
10/24/2025,4:15,221.6
10/24/2025,4:30,220.8
10/24/2025,4:45,212.8
10/24/2025,5:00,197.6
10/24/2025,5:15,172.8
10/24/2025,5:30,180.8
10/24/2025,5:45,176
10/24/2025,6:00,228
10/24/2025,6:15,236
10/24/2025,6:30,217.6
10/24/2025,6:45,223.2
10/24/2025,7:00,186.4
10/24/2025,7:15,204
10/24/2025,7:30,189.6
10/24/2025,7:45,196.8
10/24/2025,8:00,313.6
10/24/2025,8:15,294.4
10/24/2025,8:30,274.4
10/24/2025,8:45,268.8
10/24/2025,9:00,282.4
10/24/2025,9:15,306.4
10/24/2025,9:30,284
10/24/2025,9:45,260
10/24/2025,10:00,262.4
10/24/2025,10:15,256.8
10/24/2025,10:30,247.2
10/24/2025,10:45,253.6
10/24/2025,11:00,205.6
10/24/2025,11:15,213.6
10/24/2025,11:30,204.8
10/24/2025,11:45,203.2
10/24/2025,12:00,287.2
10/24/2025,12:15,248.8
10/24/2025,12:30,247.2
10/24/2025,12:45,242.4
10/24/2025,13:00,203.2
10/24/2025,13:15,193.6
10/24/2025,13:30,193.6
10/24/2025,13:45,227.2
10/24/2025,14:00,204.8
10/24/2025,14:15,241.6
10/24/2025,14:30,246.4
10/24/2025,14:45,238.4
10/24/2025,15:00,252
10/24/2025,15:15,208.8
10/24/2025,15:30,205.6
10/24/2025,15:45,194.4
10/24/2025,16:00,192.8
10/24/2025,16:15,213.6
10/24/2025,16:30,235.2
10/24/2025,16:45,236.8
10/24/2025,17:00,260
10/24/2025,17:15,191.2
10/24/2025,17:30,207.2
10/24/2025,17:45,196
10/24/2025,18:00,207.2
10/24/2025,18:15,197.6
10/24/2025,18:30,252
10/24/2025,18:45,238.4
10/24/2025,19:00,246.4
10/24/2025,19:15,228
10/24/2025,19:30,206.4
10/24/2025,19:45,210.4
10/24/2025,20:00,214.4
10/24/2025,20:15,252.8
10/24/2025,20:30,252
10/24/2025,20:45,261.6
10/24/2025,21:00,224.8
10/24/2025,21:15,219.2
10/24/2025,21:30,222.4
10/24/2025,21:45,216
10/24/2025,22:00,248
10/24/2025,22:15,270.4
10/24/2025,22:30,224.8
10/24/2025,22:45,225.6
10/24/2025,23:00,210.4
10/24/2025,23:15,190.4
10/24/2025,23:30,187.2
10/24/2025,23:45,181.6
10/25/2025,0:00,191.2
10/25/2025,0:15,260
10/25/2025,0:30,245.6
10/25/2025,0:45,244
10/25/2025,1:00,192
10/25/2025,1:15,201.6
10/25/2025,1:30,183.2
10/25/2025,1:45,184
10/25/2025,2:00,214.4
10/25/2025,2:15,216.8
10/25/2025,2:30,235.2
10/25/2025,2:45,223.2
10/25/2025,3:00,194.4
10/25/2025,3:15,191.2
10/25/2025,3:30,207.2
10/25/2025,3:45,186.4
10/25/2025,4:00,196.8
10/25/2025,4:15,221.6
10/25/2025,4:30,249.6
10/25/2025,4:45,200
10/25/2025,5:00,184
10/25/2025,5:15,184.8
10/25/2025,5:30,215.2
10/25/2025,5:45,214.4
10/25/2025,6:00,252.8
10/25/2025,6:15,236
10/25/2025,6:30,235.2
10/25/2025,6:45,242.4
10/25/2025,7:00,260.8
10/25/2025,7:15,260.8
10/25/2025,7:30,255.2
10/25/2025,7:45,258.4
10/25/2025,8:00,262.4
10/25/2025,8:15,269.6
10/25/2025,8:30,254.4
10/25/2025,8:45,261.6
10/25/2025,9:00,290.4
10/25/2025,9:15,286.4
10/25/2025,9:30,279.2
10/25/2025,9:45,248
10/25/2025,10:00,222.4
10/25/2025,10:15,235.2
10/25/2025,10:30,227.2
10/25/2025,10:45,270.4
10/25/2025,11:00,271.2
10/25/2025,11:15,270.4
10/25/2025,11:30,280.8
10/25/2025,11:45,213.6
10/25/2025,12:00,208.8
10/25/2025,12:15,204
10/25/2025,12:30,218.4
10/25/2025,12:45,200.8
10/25/2025,13:00,240.8
10/25/2025,13:15,237.6
10/25/2025,13:30,238.4
10/25/2025,13:45,241.6
10/25/2025,14:00,201.6
10/25/2025,14:15,200.8
10/25/2025,14:30,211.2
10/25/2025,14:45,212.8
10/25/2025,15:00,199.2
10/25/2025,15:15,209.6
10/25/2025,15:30,240.8
10/25/2025,15:45,260
10/25/2025,16:00,240
10/25/2025,16:15,203.2
10/25/2025,16:30,217.6
10/25/2025,16:45,199.2
10/25/2025,17:00,200
10/25/2025,17:15,196
10/25/2025,17:30,213.6
10/25/2025,17:45,249.6
10/25/2025,18:00,276.8
10/25/2025,18:15,241.6
10/25/2025,18:30,216
10/25/2025,18:45,204.8
10/25/2025,19:00,213.6
10/25/2025,19:15,217.6
10/25/2025,19:30,211.2
10/25/2025,19:45,273.6
10/25/2025,20:00,249.6
10/25/2025,20:15,253.6
10/25/2025,20:30,225.6
10/25/2025,20:45,220.8
10/25/2025,21:00,238.4
10/25/2025,21:15,212.8
10/25/2025,21:30,212
10/25/2025,21:45,280
10/25/2025,22:00,286.4
10/25/2025,22:15,256.8
10/25/2025,22:30,203.2
10/25/2025,22:45,193.6
10/25/2025,23:00,202.4
10/25/2025,23:15,192.8
10/25/2025,23:30,188
10/25/2025,23:45,206.4
10/26/2025,0:00,223.2
10/26/2025,0:15,236
10/26/2025,0:30,205.6
10/26/2025,0:45,183.2
10/26/2025,1:00,181.6
10/26/2025,1:15,195.2
10/26/2025,1:30,183.2
10/26/2025,1:45,225.6
10/26/2025,2:00,221.6
10/26/2025,2:15,240.8
10/26/2025,2:30,200.8
10/26/2025,2:45,183.2
10/26/2025,3:00,187.2
10/26/2025,3:15,185.6
10/26/2025,3:30,187.2
10/26/2025,3:45,183.2
10/26/2025,4:00,220
10/26/2025,4:15,221.6
10/26/2025,4:30,227.2
10/26/2025,4:45,194.4
10/26/2025,5:00,180.8
10/26/2025,5:15,213.6
10/26/2025,5:30,192
10/26/2025,5:45,197.6
10/26/2025,6:00,241.6
10/26/2025,6:15,227.2
10/26/2025,6:30,207.2
10/26/2025,6:45,187.2
10/26/2025,7:00,188.8
10/26/2025,7:15,186.4
10/26/2025,7:30,210.4
10/26/2025,7:45,244
10/26/2025,8:00,253.6
10/26/2025,8:15,251.2
10/26/2025,8:30,275.2
10/26/2025,8:45,208
10/26/2025,9:00,232.8
10/26/2025,9:15,223.2
10/26/2025,9:30,235.2
10/26/2025,9:45,271.2
10/26/2025,10:00,257.6
10/26/2025,10:15,252
10/26/2025,10:30,212.8
10/26/2025,10:45,215.2
10/26/2025,11:00,203.2
10/26/2025,11:15,216
10/26/2025,11:30,207.2
10/26/2025,11:45,271.2
10/26/2025,12:00,244.8
10/26/2025,12:15,234.4
10/26/2025,12:30,199.2
10/26/2025,12:45,194.4
10/26/2025,13:00,204.8
10/26/2025,13:15,191.2
10/26/2025,13:30,204
10/26/2025,13:45,252
10/26/2025,14:00,228
10/26/2025,14:15,193.6
10/26/2025,14:30,204.8
10/26/2025,14:45,200
10/26/2025,15:00,204
10/26/2025,15:15,198.4
10/26/2025,15:30,250.4
10/26/2025,15:45,256
10/26/2025,16:00,246.4
10/26/2025,16:15,199.2
10/26/2025,16:30,207.2
10/26/2025,16:45,220.8
10/26/2025,17:00,214.4
10/26/2025,17:15,220
10/26/2025,17:30,237.6
10/26/2025,17:45,251.2
10/26/2025,18:00,251.2
10/26/2025,18:15,209.6
10/26/2025,18:30,204
10/26/2025,18:45,207.2
10/26/2025,19:00,212.8
10/26/2025,19:15,221.6
10/26/2025,19:30,265.6
10/26/2025,19:45,251.2
10/26/2025,20:00,278.4
10/26/2025,20:15,280
10/26/2025,20:30,269.6
10/26/2025,20:45,277.6
10/26/2025,21:00,298.4
10/26/2025,21:15,276
10/26/2025,21:30,251.2
10/26/2025,21:45,249.6
10/26/2025,22:00,248.8
10/26/2025,22:15,216
10/26/2025,22:30,190.4
10/26/2025,22:45,200
10/26/2025,23:00,188
10/26/2025,23:15,184.8
10/26/2025,23:30,241.6
10/26/2025,23:45,220
10/27/2025,0:00,236.8
10/27/2025,0:15,196
10/27/2025,0:30,185.6
10/27/2025,0:45,182.4
10/27/2025,1:00,185.6
10/27/2025,1:15,184
10/27/2025,1:30,184.8
10/27/2025,1:45,232
10/27/2025,2:00,236.8
10/27/2025,2:15,217.6
10/27/2025,2:30,191.2
10/27/2025,2:45,208.8
10/27/2025,3:00,182.4
10/27/2025,3:15,191.2
10/27/2025,3:30,188.8
10/27/2025,3:45,185.6
10/27/2025,4:00,230.4
10/27/2025,4:15,220.8
10/27/2025,4:30,230.4
10/27/2025,4:45,204.8
10/27/2025,5:00,208
10/27/2025,5:15,182.4
10/27/2025,5:30,181.6
10/27/2025,5:45,189.6
10/27/2025,6:00,200.8
10/27/2025,6:15,248
10/27/2025,6:30,254.4
10/27/2025,6:45,242.4
10/27/2025,7:00,236
10/27/2025,7:15,199.2
10/27/2025,7:30,212.8
10/27/2025,7:45,213.6
10/27/2025,8:00,217.6
10/27/2025,8:15,271.2
10/27/2025,8:30,256
10/27/2025,8:45,268
10/27/2025,9:00,263.2
10/27/2025,9:15,280.8
10/27/2025,9:30,280
10/27/2025,9:45,236.8
10/27/2025,10:00,224.8
10/27/2025,10:15,208
10/27/2025,10:30,231.2
10/27/2025,10:45,256
10/27/2025,11:00,279.2
10/27/2025,11:15,270.4
10/27/2025,11:30,260.8
10/27/2025,11:45,216.8
10/27/2025,12:00,211.2
10/27/2025,12:15,225.6
10/27/2025,12:30,208.8
10/27/2025,12:45,240
10/27/2025,13:00,236.8
10/27/2025,13:15,240
10/27/2025,13:30,198.4
10/27/2025,13:45,200.8
10/27/2025,14:00,207.2
10/27/2025,14:15,218.4
10/27/2025,14:30,224.8
10/27/2025,14:45,268.8
10/27/2025,15:00,247.2
10/27/2025,15:15,244.8
10/27/2025,15:30,206.4
10/27/2025,15:45,207.2
10/27/2025,16:00,220
10/27/2025,16:15,232.8
10/27/2025,16:30,292.8
10/27/2025,16:45,251.2
10/27/2025,17:00,247.2
10/27/2025,17:15,246.4
10/27/2025,17:30,212.8
10/27/2025,17:45,215.2
10/27/2025,18:00,208
10/27/2025,18:15,216
10/27/2025,18:30,292
10/27/2025,18:45,245.6
10/27/2025,19:00,264.8
10/27/2025,19:15,226.4
10/27/2025,19:30,217.6
10/27/2025,19:45,212
10/27/2025,20:00,238.4
10/27/2025,20:15,220.8
10/27/2025,20:30,279.2
10/27/2025,20:45,274.4
10/27/2025,21:00,255.2
10/27/2025,21:15,221.6
10/27/2025,21:30,221.6
10/27/2025,21:45,230.4
10/27/2025,22:00,225.6
10/27/2025,22:15,220.8
10/27/2025,22:30,255.2
10/27/2025,22:45,235.2
10/27/2025,23:00,236
10/27/2025,23:15,200.8
10/27/2025,23:30,189.6
10/27/2025,23:45,196.8
10/28/2025,0:00,191.2
10/28/2025,0:15,188
10/28/2025,0:30,232
10/28/2025,0:45,225.6
10/28/2025,1:00,228.8
10/28/2025,1:15,188
10/28/2025,1:30,189.6
10/28/2025,1:45,188.8
10/28/2025,2:00,186.4
10/28/2025,2:15,192.8
10/28/2025,2:30,222.4
10/28/2025,2:45,224.8
10/28/2025,3:00,226.4
10/28/2025,3:15,190.4
10/28/2025,3:30,204
10/28/2025,3:45,196.8
10/28/2025,4:00,205.6
10/28/2025,4:15,188
10/28/2025,4:30,228
10/28/2025,4:45,225.6
10/28/2025,5:00,249.6
10/28/2025,5:15,230.4
10/28/2025,5:30,249.6
10/28/2025,5:45,256.8
10/28/2025,6:00,260.8
10/28/2025,6:15,276
10/28/2025,6:30,252.8
10/28/2025,6:45,249.6
10/28/2025,7:00,247.2
10/28/2025,7:15,238.4
10/28/2025,7:30,243.2
10/28/2025,7:45,212.8
10/28/2025,8:00,209.6
10/28/2025,8:15,222.4
10/28/2025,8:30,217.6
10/28/2025,8:45,272
10/28/2025,9:00,279.2
10/28/2025,9:15,275.2
10/28/2025,9:30,267.2
10/28/2025,9:45,276
10/28/2025,10:00,284
10/28/2025,10:15,249.6
10/28/2025,10:30,240.8
10/28/2025,10:45,245.6
10/28/2025,11:00,228.8
10/28/2025,11:15,244
10/28/2025,11:30,285.6
10/28/2025,11:45,277.6
10/28/2025,12:00,257.6
10/28/2025,12:15,249.6
10/28/2025,12:30,212.8
10/28/2025,12:45,231.2
10/28/2025,13:00,233.6
10/28/2025,13:15,208
10/28/2025,13:30,232.8
10/28/2025,13:45,268.8
10/28/2025,14:00,244
10/28/2025,14:15,264
10/28/2025,14:30,249.6
10/28/2025,14:45,217.6
10/28/2025,15:00,211.2
10/28/2025,15:15,205.6
10/28/2025,15:30,219.2
10/28/2025,15:45,234.4
10/28/2025,16:00,232.8
10/28/2025,16:15,277.6
10/28/2025,16:30,264.8
10/28/2025,16:45,248
10/28/2025,17:00,234.4
10/28/2025,17:15,223.2
10/28/2025,17:30,226.4
10/28/2025,17:45,253.6
10/28/2025,18:00,226.4
10/28/2025,18:15,228
10/28/2025,18:30,251.2
10/28/2025,18:45,252
10/28/2025,19:00,267.2
10/28/2025,19:15,233.6
10/28/2025,19:30,220.8
10/28/2025,19:45,220
10/28/2025,20:00,233.6
10/28/2025,20:15,223.2
10/28/2025,20:30,282.4
10/28/2025,20:45,258.4
10/28/2025,21:00,270.4
10/28/2025,21:15,236.8
10/28/2025,21:30,225.6
10/28/2025,21:45,220.8
10/28/2025,22:00,227.2
10/28/2025,22:15,213.6
10/28/2025,22:30,252.8
10/28/2025,22:45,235.2
10/28/2025,23:00,247.2
10/28/2025,23:15,247.2
10/28/2025,23:30,208.8
10/28/2025,23:45,192.8
10/29/2025,0:00,229.6
10/29/2025,0:15,200.8
10/29/2025,0:30,189.6
10/29/2025,0:45,228
10/29/2025,1:00,228.8
10/29/2025,1:15,234.4
10/29/2025,1:30,194.4
10/29/2025,1:45,190.4
10/29/2025,2:00,189.6
10/29/2025,2:15,193.6
10/29/2025,2:30,196.8
10/29/2025,2:45,270.4
10/29/2025,3:00,225.6
10/29/2025,3:15,242.4
10/29/2025,3:30,202.4
10/29/2025,3:45,202.4
10/29/2025,4:00,186.4
10/29/2025,4:15,193.6
10/29/2025,4:30,205.6
10/29/2025,4:45,247.2
10/29/2025,5:00,224
10/29/2025,5:15,224
10/29/2025,5:30,225.6
10/29/2025,5:45,191.2
10/29/2025,6:00,195.2
10/29/2025,6:15,217.6
10/29/2025,6:30,204
10/29/2025,6:45,196
10/29/2025,7:00,228
10/29/2025,7:15,228.8
10/29/2025,7:30,245.6
10/29/2025,7:45,197.6
10/29/2025,8:00,220
10/29/2025,8:15,224
10/29/2025,8:30,218.4
10/29/2025,8:45,259.2
10/29/2025,9:00,276.8
10/29/2025,9:15,287.2
10/29/2025,9:30,277.6
10/29/2025,9:45,305.6
10/29/2025,10:00,307.2
10/29/2025,10:15,292.8
10/29/2025,10:30,303.2
10/29/2025,10:45,262.4
10/29/2025,11:00,279.2
10/29/2025,11:15,274.4
10/29/2025,11:30,277.6
10/29/2025,11:45,287.2
10/29/2025,12:00,252
10/29/2025,12:15,112
10/29/2025,12:30,130.4
10/29/2025,12:45,134.4
10/29/2025,13:00,124.8
10/29/2025,13:15,182.4
10/29/2025,13:30,159.2
10/29/2025,13:45,155.2
10/29/2025,14:00,168
10/29/2025,14:15,147.2
10/29/2025,14:30,140
10/29/2025,14:45,127.2
10/29/2025,15:00,140
10/29/2025,15:15,125.6
10/29/2025,15:30,189.6
10/29/2025,15:45,182.4
10/29/2025,16:00,180.8
10/29/2025,16:15,148
10/29/2025,16:30,139.2
10/29/2025,16:45,136.8
10/29/2025,17:00,142.4
10/29/2025,17:15,134.4
10/29/2025,17:30,117.6
10/29/2025,17:45,164.8
10/29/2025,18:00,160.8
10/29/2025,18:15,191.2
10/29/2025,18:30,117.6
10/29/2025,18:45,119.2
10/29/2025,19:00,126.4
10/29/2025,19:15,129.6
10/29/2025,19:30,133.6
10/29/2025,19:45,192.8
10/29/2025,20:00,174.4
10/29/2025,20:15,175.2
10/29/2025,20:30,151.2
10/29/2025,20:45,145.6
10/29/2025,21:00,139.2
10/29/2025,21:15,132.8
10/29/2025,21:30,144.8
10/29/2025,21:45,174.4
10/29/2025,22:00,180.8
10/29/2025,22:15,139.2
10/29/2025,22:30,108.8
10/29/2025,22:45,110.4
10/29/2025,23:00,112.8
10/29/2025,23:15,107.2
10/29/2025,23:30,118.4
10/29/2025,23:45,164.8
10/30/2025,0:00,140.8
10/30/2025,0:15,100
10/30/2025,0:30,102.4
10/30/2025,0:45,107.2
10/30/2025,1:00,106.4
10/30/2025,1:15,104
10/30/2025,1:30,140
10/30/2025,1:45,140
10/30/2025,2:00,140.8
10/30/2025,2:15,117.6
10/30/2025,2:30,101.6
10/30/2025,2:45,100.8
10/30/2025,3:00,107.2
10/30/2025,3:15,100.8
10/30/2025,3:30,147.2
10/30/2025,3:45,138.4
10/30/2025,4:00,161.6
10/30/2025,4:15,174.4
10/30/2025,4:30,159.2
10/30/2025,4:45,168.8
10/30/2025,5:00,165.6
10/30/2025,5:15,160.8
10/30/2025,5:30,156.8
10/30/2025,5:45,148.8
10/30/2025,6:00,157.6
10/30/2025,6:15,132
10/30/2025,6:30,112
10/30/2025,6:45,113.6
10/30/2025,7:00,110.4
10/30/2025,7:15,109.6
10/30/2025,7:30,108.8
10/30/2025,7:45,164
10/30/2025,8:00,204.8
10/30/2025,8:15,185.6
10/30/2025,8:30,184
10/30/2025,8:45,188.8
10/30/2025,9:00,210.4
10/30/2025,9:15,173.6
10/30/2025,9:30,156
10/30/2025,9:45,158.4
10/30/2025,10:00,153.6
10/30/2025,10:15,196
10/30/2025,10:30,192
10/30/2025,10:45,200
10/30/2025,11:00,232
10/30/2025,11:15,240.8
10/30/2025,11:30,228.8
10/30/2025,11:45,226.4
10/30/2025,12:00,204
10/30/2025,12:15,198.4
10/30/2025,12:30,238.4
10/30/2025,12:45,246.4
10/30/2025,13:00,233.6
10/30/2025,13:15,194.4
10/30/2025,13:30,216.8
10/30/2025,13:45,200.8
10/30/2025,14:00,195.2
10/30/2025,14:15,196.8
10/30/2025,14:30,273.6
10/30/2025,14:45,240
10/30/2025,15:00,251.2
10/30/2025,15:15,200.8
10/30/2025,15:30,220.8
10/30/2025,15:45,222.4
10/30/2025,16:00,223.2
10/30/2025,16:15,209.6
10/30/2025,16:30,234.4
10/30/2025,16:45,256.8
10/30/2025,17:00,284.8
10/30/2025,17:15,273.6
10/30/2025,17:30,226.4
10/30/2025,17:45,249.6
10/30/2025,18:00,226.4
10/30/2025,18:15,211.2
10/30/2025,18:30,217.6
10/30/2025,18:45,277.6
10/30/2025,19:00,254.4
10/30/2025,19:15,255.2
10/30/2025,19:30,260.8
10/30/2025,19:45,212.8
10/30/2025,20:00,232
10/30/2025,20:15,226.4
10/30/2025,20:30,230.4
10/30/2025,20:45,226.4
10/30/2025,21:00,256.8
10/30/2025,21:15,255.2
10/30/2025,21:30,229.6
10/30/2025,21:45,245.6
10/30/2025,22:00,219.2
10/30/2025,22:15,214.4
10/30/2025,22:30,230.4
10/30/2025,22:45,214.4
10/30/2025,23:00,240
10/30/2025,23:15,224
10/30/2025,23:30,230.4
10/30/2025,23:45,209.6
10/31/2025,0:00,195.2
10/31/2025,0:15,192.8
10/31/2025,0:30,189.6
10/31/2025,0:45,213.6
10/31/2025,1:00,230.4
10/31/2025,1:15,228.8
10/31/2025,1:30,236
10/31/2025,1:45,196
10/31/2025,2:00,192.8
10/31/2025,2:15,191.2
10/31/2025,2:30,192
10/31/2025,2:45,198.4
10/31/2025,3:00,230.4
10/31/2025,3:15,240.8
10/31/2025,3:30,207.2
10/31/2025,3:45,196.8
10/31/2025,4:00,192.8
10/31/2025,4:15,199.2
10/31/2025,4:30,197.6
10/31/2025,4:45,201.6
10/31/2025,5:00,232.8
10/31/2025,5:15,253.6
10/31/2025,5:30,228.8
10/31/2025,5:45,209.6
10/31/2025,6:00,212.8
10/31/2025,6:15,203.2
10/31/2025,6:30,196
10/31/2025,6:45,200.8
10/31/2025,7:00,236.8
10/31/2025,7:15,257.6
10/31/2025,7:30,219.2
10/31/2025,7:45,215.2
10/31/2025,8:00,226.4
10/31/2025,8:15,228
10/31/2025,8:30,235.2
10/31/2025,8:45,317.6
10/31/2025,9:00,284
10/31/2025,9:15,288
10/31/2025,9:30,248.8
10/31/2025,9:45,257.6
10/31/2025,10:00,232.8
10/31/2025,10:15,236.8
10/31/2025,10:30,224
10/31/2025,10:45,258.4
10/31/2025,11:00,276
10/31/2025,11:15,242.4
10/31/2025,11:30,220.8
10/31/2025,11:45,236
10/31/2025,12:00,215.2
10/31/2025,12:15,217.6
10/31/2025,12:30,222.4
10/31/2025,12:45,253.6
10/31/2025,13:00,245.6
10/31/2025,13:15,202.4
10/31/2025,13:30,215.2
10/31/2025,13:45,206.4
10/31/2025,14:00,212.8
10/31/2025,14:15,219.2
10/31/2025,14:30,306.4
10/31/2025,14:45,299.2
10/31/2025,15:00,222.4
10/31/2025,15:15,224.8
10/31/2025,15:30,220
10/31/2025,15:45,240
10/31/2025,16:00,254.4
10/31/2025,16:15,276.8
10/31/2025,16:30,257.6
10/31/2025,16:45,251.2
10/31/2025,17:00,219.2
10/31/2025,17:15,225.6
10/31/2025,17:30,224.8
10/31/2025,17:45,232
10/31/2025,18:00,290.4
10/31/2025,18:15,294.4
10/31/2025,18:30,284
10/31/2025,18:45,294.4
10/31/2025,19:00,273.6
10/31/2025,19:15,166.4
10/31/2025,19:30,164.8
10/31/2025,19:45,168
10/31/2025,20:00,164
10/31/2025,20:15,132.8
10/31/2025,20:30,136.8
10/31/2025,20:45,221.6
10/31/2025,21:00,204
10/31/2025,21:15,202.4
10/31/2025,21:30,224
10/31/2025,21:45,241.6
10/31/2025,22:00,244.8
10/31/2025,22:15,253.6
10/31/2025,22:30,210.4
10/31/2025,22:45,207.2
10/31/2025,23:00,184
10/31/2025,23:15,181.6
10/31/2025,23:30,187.2
10/31/2025,23:45,256.8
