数据日期,时间,功率(KW)
2024-08-01,00:00,4233.6
2024-08-01,00:15,4084.8
2024-08-01,00:30,4221.6
2024-08-01,00:45,4453.2
2024-08-01,01:00,4188
2024-08-01,01:15,2670
2024-08-01,01:30,4224
2024-08-01,01:45,4158
2024-08-01,02:00,4114.8
2024-08-01,02:15,1362
2024-08-01,02:30,4173.6
2024-08-01,02:45,4182
2024-08-01,03:00,4221.6
2024-08-01,03:15,3290.4
2024-08-01,03:30,2754
2024-08-01,03:45,4280.4
2024-08-01,04:00,4240.8
2024-08-01,04:15,4263.6
2024-08-01,04:30,2769.6
2024-08-01,04:45,3728.4
2024-08-01,05:00,4269.6
2024-08-01,05:15,4334.4
2024-08-01,05:30,3338.4
2024-08-01,05:45,2720.4
2024-08-01,06:00,4339.2
2024-08-01,06:15,4380
2024-08-01,06:30,4200
2024-08-01,06:45,2366.4
2024-08-01,07:00,1095.6
2024-08-01,07:15,1035.6
2024-08-01,07:30,907.2
2024-08-01,07:45,981.6
2024-08-01,08:00,852
2024-08-01,08:15,919.2
2024-08-01,08:30,734.4
2024-08-01,08:45,729.6
2024-08-01,09:00,643.2
2024-08-01,09:15,638.4
2024-08-01,09:30,496.8
2024-08-01,09:45,390
2024-08-01,10:00,350.4
2024-08-01,10:15,394.8
2024-08-01,10:30,248.4
2024-08-01,10:45,372
2024-08-01,11:00,264
2024-08-01,11:15,96
2024-08-01,11:30,270
2024-08-01,11:45,212.4
2024-08-01,12:00,122.4
2024-08-01,12:15,180
2024-08-01,12:30,328.8
2024-08-01,12:45,201.6
2024-08-01,13:00,206.4
2024-08-01,13:15,716.4
2024-08-01,13:30,135.6
2024-08-01,13:45,146.4
2024-08-01,14:00,367.2
2024-08-01,14:15,194.4
2024-08-01,14:30,621.6
2024-08-01,14:45,453.6
2024-08-01,15:00,424.8
2024-08-01,15:15,391.2
2024-08-01,15:30,966
2024-08-01,15:45,526.8
2024-08-01,16:00,670.8
2024-08-01,16:15,772.8
2024-08-01,16:30,578.4
2024-08-01,16:45,853.2
2024-08-01,17:00,896.4
2024-08-01,17:15,1021.2
2024-08-01,17:30,979.2
2024-08-01,17:45,1017.6
2024-08-01,18:00,1000.8
2024-08-01,18:15,1047.6
2024-08-01,18:30,1142.4
2024-08-01,18:45,1162.8
2024-08-01,19:00,1190.4
2024-08-01,19:15,1105.2
2024-08-01,19:30,1162.8
2024-08-01,19:45,1086
2024-08-01,20:00,1102.8
2024-08-01,20:15,1220.4
2024-08-01,20:30,1044
2024-08-01,20:45,1124.4
2024-08-01,21:00,1177.2
2024-08-01,21:15,1029.6
2024-08-01,21:30,1070.4
2024-08-01,21:45,1140
2024-08-01,22:00,1066.8
2024-08-01,22:15,1141.2
2024-08-01,22:30,991.2
2024-08-01,22:45,979.2
2024-08-01,23:00,1070.4
2024-08-01,23:15,1129.2
2024-08-01,23:30,1092
2024-08-01,23:45,1126.8
2024-08-02,00:00,3956.4
2024-08-02,00:15,3966
2024-08-02,00:30,4150.8
2024-08-02,00:45,4210.8
2024-08-02,01:00,4278
2024-08-02,01:15,2374.8
2024-08-02,01:30,4018.8
2024-08-02,01:45,4214.4
2024-08-02,02:00,4185.6
2024-08-02,02:15,3838.8
2024-08-02,02:30,4027.2
2024-08-02,02:45,4066.8
2024-08-02,03:00,4140
2024-08-02,03:15,3952.8
2024-08-02,03:30,3176.4
2024-08-02,03:45,4132.8
2024-08-02,04:00,4352.4
2024-08-02,04:15,3933.6
2024-08-02,04:30,2542.8
2024-08-02,04:45,3993.6
2024-08-02,05:00,4210.8
2024-08-02,05:15,4182
2024-08-02,05:30,3394.8
2024-08-02,05:45,3693.6
2024-08-02,06:00,3408
2024-08-02,06:15,4338
2024-08-02,06:30,3151.2
2024-08-02,06:45,3648
2024-08-02,07:00,3085.2
2024-08-02,07:15,2965.2
2024-08-02,07:30,2013.6
2024-08-02,07:45,843.6
2024-08-02,08:00,752.4
2024-08-02,08:15,820.8
2024-08-02,08:30,705.6
2024-08-02,08:45,607.2
2024-08-02,09:00,519.6
2024-08-02,09:15,493.2
2024-08-02,09:30,556.8
2024-08-02,09:45,325.2
2024-08-02,10:00,350.4
2024-08-02,10:15,429.6
2024-08-02,10:30,243.6
2024-08-02,10:45,200.4
2024-08-02,11:00,301.2
2024-08-02,11:15,204
2024-08-02,11:30,279.6
2024-08-02,11:45,297.6
2024-08-02,12:00,172.8
2024-08-02,12:15,206.4
2024-08-02,12:30,289.2
2024-08-02,12:45,150
2024-08-02,13:00,236.4
2024-08-02,13:15,274.8
2024-08-02,13:30,195.6
2024-08-02,13:45,187.2
2024-08-02,14:00,352.8
2024-08-02,14:15,334.8
2024-08-02,14:30,243.6
2024-08-02,14:45,186
2024-08-02,15:00,199.2
2024-08-02,15:15,940.8
2024-08-02,15:30,770.4
2024-08-02,15:45,734.4
2024-08-02,16:00,795.6
2024-08-02,16:15,688.8
2024-08-02,16:30,762
2024-08-02,16:45,801.6
2024-08-02,17:00,870
2024-08-02,17:15,1132.8
2024-08-02,17:30,1018.8
2024-08-02,17:45,956.4
2024-08-02,18:00,1069.2
2024-08-02,18:15,1081.2
2024-08-02,18:30,1138.8
2024-08-02,18:45,1039.2
2024-08-02,19:00,1119.6
2024-08-02,19:15,1160.4
2024-08-02,19:30,1026
2024-08-02,19:45,1171.2
2024-08-02,20:00,1197.6
2024-08-02,20:15,1176
2024-08-02,20:30,1154.4
2024-08-02,20:45,1149.6
2024-08-02,21:00,1156.8
2024-08-02,21:15,1117.2
2024-08-02,21:30,1173.6
2024-08-02,21:45,1090.8
2024-08-02,22:00,1116
2024-08-02,22:15,1141.2
2024-08-02,22:30,1152
2024-08-02,22:45,1038
2024-08-02,23:00,1112.4
2024-08-02,23:15,1122
2024-08-02,23:30,1050
2024-08-02,23:45,1035.6
2024-08-03,00:00,4153.2
2024-08-03,00:15,4080
2024-08-03,00:30,4111.2
2024-08-03,00:45,4171.2
2024-08-03,01:00,4162.8
2024-08-03,01:15,2247.6
2024-08-03,01:30,4249.2
2024-08-03,01:45,4245.6
2024-08-03,02:00,4160.4
2024-08-03,02:15,3249.6
2024-08-03,02:30,3910.8
2024-08-03,02:45,4178.4
2024-08-03,03:00,4041.6
2024-08-03,03:15,3414
2024-08-03,03:30,4003.2
2024-08-03,03:45,4244.4
2024-08-03,04:00,4194
2024-08-03,04:15,2362.8
2024-08-03,04:30,3247.2
2024-08-03,04:45,4268.4
2024-08-03,05:00,4183.2
2024-08-03,05:15,3310.8
2024-08-03,05:30,4198.8
2024-08-03,05:45,4244.4
2024-08-03,06:00,4377.6
2024-08-03,06:15,4032
2024-08-03,06:30,2373.6
2024-08-03,06:45,4214.4
2024-08-03,07:00,3180
2024-08-03,07:15,2112
2024-08-03,07:30,1209.6
2024-08-03,07:45,895.2
2024-08-03,08:00,916.8
2024-08-03,08:15,816
2024-08-03,08:30,686.4
2024-08-03,08:45,810
2024-08-03,09:00,1048.8
2024-08-03,09:15,493.2
2024-08-03,09:30,350.4
2024-08-03,09:45,920.4
2024-08-03,10:00,349.2
2024-08-03,10:15,259.2
2024-08-03,10:30,448.8
2024-08-03,10:45,296.4
2024-08-03,11:00,214.8
2024-08-03,11:15,1042.8
2024-08-03,11:30,123.6
2024-08-03,11:45,648
2024-08-03,12:00,928.8
2024-08-03,12:15,224.4
2024-08-03,12:30,574.8
2024-08-03,12:45,264
2024-08-03,13:00,132
2024-08-03,13:15,190.8
2024-08-03,13:30,300
2024-08-03,13:45,344.4
2024-08-03,14:00,130.8
2024-08-03,14:15,231.6
2024-08-03,14:30,702
2024-08-03,14:45,324
2024-08-03,15:00,452.4
2024-08-03,15:15,373.2
2024-08-03,15:30,385.2
2024-08-03,15:45,652.8
2024-08-03,16:00,584.4
2024-08-03,16:15,639.6
2024-08-03,16:30,801.6
2024-08-03,16:45,723.6
2024-08-03,17:00,864
2024-08-03,17:15,993.6
2024-08-03,17:30,879.6
2024-08-03,17:45,1014
2024-08-03,18:00,1128
2024-08-03,18:15,1023.6
2024-08-03,18:30,1092
2024-08-03,18:45,1268.4
2024-08-03,19:00,1045.2
2024-08-03,19:15,1077.6
2024-08-03,19:30,1144.8
2024-08-03,19:45,1208.4
2024-08-03,20:00,1066.8
2024-08-03,20:15,1129.2
2024-08-03,20:30,1252.8
2024-08-03,20:45,1094.4
2024-08-03,21:00,1018.8
2024-08-03,21:15,1174.8
2024-08-03,21:30,1084.8
2024-08-03,21:45,1065.6
2024-08-03,22:00,1052.4
2024-08-03,22:15,1154.4
2024-08-03,22:30,1028.4
2024-08-03,22:45,1048.8
2024-08-03,23:00,1104
2024-08-03,23:15,1066.8
2024-08-03,23:30,1012.8
2024-08-03,23:45,967.2
2024-08-04,00:00,2917.2
2024-08-04,00:15,3946.8
2024-08-04,00:30,3909.6
2024-08-04,00:45,3900
2024-08-04,01:00,3940.8
2024-08-04,01:15,2223.6
2024-08-04,01:30,3913.2
2024-08-04,01:45,3856.8
2024-08-04,02:00,3999.6
2024-08-04,02:15,2324.4
2024-08-04,02:30,2960.4
2024-08-04,02:45,3994.8
2024-08-04,03:00,3972
2024-08-04,03:15,2203.2
2024-08-04,03:30,3014.4
2024-08-04,03:45,4057.2
2024-08-04,04:00,3986.4
2024-08-04,04:15,3891.6
2024-08-04,04:30,2686.8
2024-08-04,04:45,3963.6
2024-08-04,05:00,3951.6
2024-08-04,05:15,3607.2
2024-08-04,05:30,3092.4
2024-08-04,05:45,3948
2024-08-04,06:00,3991.2
2024-08-04,06:15,3069.6
2024-08-04,06:30,2892
2024-08-04,06:45,3842.4
2024-08-04,07:00,3093.6
2024-08-04,07:15,1804.8
2024-08-04,07:30,826.8
2024-08-04,07:45,662.4
2024-08-04,08:00,622.8
2024-08-04,08:15,519.6
2024-08-04,08:30,511.2
2024-08-04,08:45,478.8
2024-08-04,09:00,356.4
2024-08-04,09:15,464.4
2024-08-04,09:30,147.6
2024-08-04,09:45,219.6
2024-08-04,10:00,62.4
2024-08-04,10:15,129.6
2024-08-04,10:30,87.6
2024-08-04,10:45,1.2
2024-08-04,11:00,-20.4
2024-08-04,11:15,44.4
2024-08-04,11:30,9.6
2024-08-04,11:45,67.2
2024-08-04,12:00,-67.2
2024-08-04,12:15,-126
2024-08-04,12:30,-108
2024-08-04,12:45,-67.2
2024-08-04,13:00,-300
2024-08-04,13:15,91.2
2024-08-04,13:30,104.4
2024-08-04,13:45,-232.8
2024-08-04,14:00,-247.2
2024-08-04,14:15,402
2024-08-04,14:30,63.6
2024-08-04,14:45,128.4
2024-08-04,15:00,236.4
2024-08-04,15:15,270
2024-08-04,15:30,81.6
2024-08-04,15:45,388.8
2024-08-04,16:00,361.2
2024-08-04,16:15,460.8
2024-08-04,16:30,651.6
2024-08-04,16:45,558
2024-08-04,17:00,668.4
2024-08-04,17:15,837.6
2024-08-04,17:30,754.8
2024-08-04,17:45,792
2024-08-04,18:00,818.4
2024-08-04,18:15,786
2024-08-04,18:30,848.4
2024-08-04,18:45,796.8
2024-08-04,19:00,859.2
2024-08-04,19:15,834
2024-08-04,19:30,872.4
2024-08-04,19:45,900
2024-08-04,20:00,838.8
2024-08-04,20:15,842.4
2024-08-04,20:30,998.4
2024-08-04,20:45,900
2024-08-04,21:00,871.2
2024-08-04,21:15,897.6
2024-08-04,21:30,870
2024-08-04,21:45,892.8
2024-08-04,22:00,891.6
2024-08-04,22:15,1029.6
2024-08-04,22:30,861.6
2024-08-04,22:45,849.6
2024-08-04,23:00,1048.8
2024-08-04,23:15,925.2
2024-08-04,23:30,762
2024-08-04,23:45,955.2
2024-08-05,00:00,3811.2
2024-08-05,00:15,3734.4
2024-08-05,00:30,3842.4
2024-08-05,00:45,3924
2024-08-05,01:00,3973.2
2024-08-05,01:15,1905.6
2024-08-05,01:30,4014
2024-08-05,01:45,3834
2024-08-05,02:00,3934.8
2024-08-05,02:15,2097.6
2024-08-05,02:30,3730.8
2024-08-05,02:45,3933.6
2024-08-05,03:00,4023.6
2024-08-05,03:15,3124.8
2024-08-05,03:30,3933.6
2024-08-05,03:45,3987.6
2024-08-05,04:00,2253.6
2024-08-05,04:15,4008
2024-08-05,04:30,3846
2024-08-05,04:45,4072.8
2024-08-05,05:00,2263.2
2024-08-05,05:15,3898.8
2024-08-05,05:30,3177.6
2024-08-05,05:45,3978
2024-08-05,06:00,3297.6
2024-08-05,06:15,3996
2024-08-05,06:30,3940.8
2024-08-05,06:45,3806.4
2024-08-05,07:00,2184
2024-08-05,07:15,958.8
2024-08-05,07:30,705.6
2024-08-05,07:45,710.4
2024-08-05,08:00,708
2024-08-05,08:15,582
2024-08-05,08:30,517.2
2024-08-05,08:45,561.6
2024-08-05,09:00,579.6
2024-08-05,09:15,442.8
2024-08-05,09:30,693.6
2024-08-05,09:45,307.2
2024-08-05,10:00,234
2024-08-05,10:15,259.2
2024-08-05,10:30,505.2
2024-08-05,10:45,469.2
2024-08-05,11:00,498
2024-08-05,11:15,483.6
2024-08-05,11:30,504
2024-08-05,11:45,840
2024-08-05,12:00,523.2
2024-08-05,12:15,390
2024-08-05,12:30,486
2024-08-05,12:45,494.4
2024-08-05,13:00,370.8
2024-08-05,13:15,303.6
2024-08-05,13:30,399.6
2024-08-05,13:45,274.8
2024-08-05,14:00,330
2024-08-05,14:15,319.2
2024-08-05,14:30,580.8
2024-08-05,14:45,495.6
2024-08-05,15:00,1284
2024-08-05,15:15,1106.4
2024-08-05,15:30,1292.4
2024-08-05,15:45,1272
2024-08-05,16:00,1395.6
2024-08-05,16:15,1166.4
2024-08-05,16:30,1286.4
2024-08-05,16:45,1329.6
2024-08-05,17:00,1304.4
2024-08-05,17:15,1118.4
2024-08-05,17:30,1273.2
2024-08-05,17:45,1077.6
2024-08-05,18:00,1112.4
2024-08-05,18:15,1210.8
2024-08-05,18:30,1173.6
2024-08-05,18:45,1198.8
2024-08-05,19:00,1185.6
2024-08-05,19:15,1329.6
2024-08-05,19:30,1147.2
2024-08-05,19:45,1302
2024-08-05,20:00,1118.4
2024-08-05,20:15,1206
2024-08-05,20:30,1150.8
2024-08-05,20:45,1192.8
2024-08-05,21:00,1134
2024-08-05,21:15,1072.8
2024-08-05,21:30,1251.6
2024-08-05,21:45,1086
2024-08-05,22:00,1196.4
2024-08-05,22:15,1131.6
2024-08-05,22:30,1209.6
2024-08-05,22:45,1114.8
2024-08-05,23:00,1195.2
2024-08-05,23:15,1130.4
2024-08-05,23:30,1209.6
2024-08-05,23:45,1155.6
2024-08-06,00:00,4130.4
2024-08-06,00:15,3849.6
2024-08-06,00:30,4262.4
2024-08-06,00:45,4179.6
2024-08-06,01:00,4300.8
2024-08-06,01:15,1441.2
2024-08-06,01:30,4028.4
2024-08-06,01:45,4192.8
2024-08-06,02:00,4179.6
2024-08-06,02:15,3344.4
2024-08-06,02:30,4278
2024-08-06,02:45,4234.8
2024-08-06,03:00,4207.2
2024-08-06,03:15,4233.6
2024-08-06,03:30,1479.6
2024-08-06,03:45,3615.6
2024-08-06,04:00,4168.8
2024-08-06,04:15,4316.4
2024-08-06,04:30,4278
2024-08-06,04:45,3486
2024-08-06,05:00,4330.8
2024-08-06,05:15,4251.6
2024-08-06,05:30,2707.2
2024-08-06,05:45,3235.2
2024-08-06,06:00,4365.6
2024-08-06,06:15,4153.2
2024-08-06,06:30,2536.8
2024-08-06,06:45,3100.8
2024-08-06,07:00,4162.8
2024-08-06,07:15,3963.6
2024-08-06,07:30,2204.4
2024-08-06,07:45,951.6
2024-08-06,08:00,877.2
2024-08-06,08:15,834
2024-08-06,08:30,691.2
2024-08-06,08:45,768
2024-08-06,09:00,676.8
2024-08-06,09:15,571.2
2024-08-06,09:30,608.4
2024-08-06,09:45,522
2024-08-06,10:00,366
2024-08-06,10:15,403.2
2024-08-06,10:30,273.6
2024-08-06,10:45,342
2024-08-06,11:00,232.8
2024-08-06,11:15,384
2024-08-06,11:30,297.6
2024-08-06,11:45,208.8
2024-08-06,12:00,332.4
2024-08-06,12:15,290.4
2024-08-06,12:30,237.6
2024-08-06,12:45,381.6
2024-08-06,13:00,213.6
2024-08-06,13:15,235.2
2024-08-06,13:30,379.2
2024-08-06,13:45,291.6
2024-08-06,14:00,394.8
2024-08-06,14:15,327.6
2024-08-06,14:30,446.4
2024-08-06,14:45,403.2
2024-08-06,15:00,481.2
2024-08-06,15:15,476.4
2024-08-06,15:30,411.6
2024-08-06,15:45,562.8
2024-08-06,16:00,700.8
2024-08-06,16:15,726
2024-08-06,16:30,690
2024-08-06,16:45,769.2
2024-08-06,17:00,868.8
2024-08-06,17:15,918
2024-08-06,17:30,921.6
2024-08-06,17:45,1088.4
2024-08-06,18:00,1052.4
2024-08-06,18:15,1108.8
2024-08-06,18:30,1140
2024-08-06,18:45,1042.8
2024-08-06,19:00,1210.8
2024-08-06,19:15,1184.4
2024-08-06,19:30,1186.8
2024-08-06,19:45,1099.2
2024-08-06,20:00,1264.8
2024-08-06,20:15,1204.8
2024-08-06,20:30,1104
2024-08-06,20:45,1192.8
2024-08-06,21:00,1207.2
2024-08-06,21:15,1107.6
2024-08-06,21:30,1191.6
2024-08-06,21:45,1147.2
2024-08-06,22:00,1316.4
2024-08-06,22:15,1138.8
2024-08-06,22:30,1086
2024-08-06,22:45,1346.4
2024-08-06,23:00,1168.8
2024-08-06,23:15,1257.6
2024-08-06,23:30,1231.2
2024-08-06,23:45,1232.4
2024-08-07,00:00,4182
2024-08-07,00:15,4000.8
2024-08-07,00:30,4161.6
2024-08-07,00:45,4101.6
2024-08-07,01:00,4232.4
2024-08-07,01:15,1484.4
2024-08-07,01:30,4231.2
2024-08-07,01:45,4159.2
2024-08-07,02:00,4173.6
2024-08-07,02:15,4242
2024-08-07,02:30,3090
2024-08-07,02:45,4261.2
2024-08-07,03:00,4224
2024-08-07,03:15,4165.2
2024-08-07,03:30,1312.8
2024-08-07,03:45,4105.2
2024-08-07,04:00,4183.2
2024-08-07,04:15,4203.6
2024-08-07,04:30,3403.2
2024-08-07,04:45,3270
2024-08-07,05:00,4203.6
2024-08-07,05:15,4203.6
2024-08-07,05:30,4240.8
2024-08-07,05:45,3676.8
2024-08-07,06:00,3206.4
2024-08-07,06:15,3321.6
2024-08-07,06:30,4252.8
2024-08-07,06:45,3175.2
2024-08-07,07:00,3052.8
2024-08-07,07:15,3021.6
2024-08-07,07:30,1126.8
2024-08-07,07:45,1098
2024-08-07,08:00,814.8
2024-08-07,08:15,740.4
2024-08-07,08:30,798
2024-08-07,08:45,712.8
2024-08-07,09:00,801.6
2024-08-07,09:15,732
2024-08-07,09:30,634.8
2024-08-07,09:45,498
2024-08-07,10:00,579.6
2024-08-07,10:15,495.6
2024-08-07,10:30,412.8
2024-08-07,10:45,390
2024-08-07,11:00,373.2
2024-08-07,11:15,313.2
2024-08-07,11:30,325.2
2024-08-07,11:45,384
2024-08-07,12:00,355.2
2024-08-07,12:15,265.2
2024-08-07,12:30,345.6
2024-08-07,12:45,327.6
2024-08-07,13:00,201.6
2024-08-07,13:15,406.8
2024-08-07,13:30,262.8
2024-08-07,13:45,349.2
2024-08-07,14:00,256.8
2024-08-07,14:15,367.2
2024-08-07,14:30,361.2
2024-08-07,14:45,450
2024-08-07,15:00,488.4
2024-08-07,15:15,482.4
2024-08-07,15:30,673.2
2024-08-07,15:45,564
2024-08-07,16:00,542.4
2024-08-07,16:15,531.6
2024-08-07,16:30,811.2
2024-08-07,16:45,712.8
2024-08-07,17:00,898.8
2024-08-07,17:15,990
2024-08-07,17:30,931.2
2024-08-07,17:45,1063.2
2024-08-07,18:00,962.4
2024-08-07,18:15,1110
2024-08-07,18:30,1251.6
2024-08-07,18:45,1130.4
2024-08-07,19:00,1291.2
2024-08-07,19:15,1212
2024-08-07,19:30,1215.6
2024-08-07,19:45,1372.8
2024-08-07,20:00,1167.6
2024-08-07,20:15,1248
2024-08-07,20:30,1243.2
2024-08-07,20:45,1329.6
2024-08-07,21:00,1129.2
2024-08-07,21:15,1244.4
2024-08-07,21:30,1246.8
2024-08-07,21:45,1093.2
2024-08-07,22:00,1165.2
2024-08-07,22:15,1173.6
2024-08-07,22:30,1161.6
2024-08-07,22:45,1177.2
2024-08-07,23:00,1178.4
2024-08-07,23:15,1202.4
2024-08-07,23:30,2176.8
2024-08-07,23:45,2064
2024-08-08,00:00,4172.4
2024-08-08,00:15,3400.8
2024-08-08,00:30,3254.4
2024-08-08,00:45,3334.8
2024-08-08,01:00,3166.8
2024-08-08,01:15,2310
2024-08-08,01:30,4158
2024-08-08,01:45,4180.8
2024-08-08,02:00,3139.2
2024-08-08,02:15,4194
2024-08-08,02:30,2366.4
2024-08-08,02:45,3685.2
2024-08-08,03:00,3898.8
2024-08-08,03:15,3345.6
2024-08-08,03:30,2995.2
2024-08-08,03:45,3908.4
2024-08-08,04:00,3974.4
2024-08-08,04:15,2931.6
2024-08-08,04:30,3171.6
2024-08-08,04:45,4060.8
2024-08-08,05:00,4051.2
2024-08-08,05:15,3360
2024-08-08,05:30,4172.4
2024-08-08,05:45,4098
2024-08-08,06:00,3270
2024-08-08,06:15,4206
2024-08-08,06:30,4068
2024-08-08,06:45,4041.6
2024-08-08,07:00,2540.4
2024-08-08,07:15,1112.4
2024-08-08,07:30,924
2024-08-08,07:45,951.6
2024-08-08,08:00,928.8
2024-08-08,08:15,807.6
2024-08-08,08:30,675.6
2024-08-08,08:45,843.6
2024-08-08,09:00,592.8
2024-08-08,09:15,742.8
2024-08-08,09:30,673.2
2024-08-08,09:45,541.2
2024-08-08,10:00,501.6
2024-08-08,10:15,489.6
2024-08-08,10:30,396
2024-08-08,10:45,223.2
2024-08-08,11:00,404.4
2024-08-08,11:15,234
2024-08-08,11:30,283.2
2024-08-08,11:45,400.8
2024-08-08,12:00,270
2024-08-08,12:15,195.6
2024-08-08,12:30,246
2024-08-08,12:45,241.2
2024-08-08,13:00,163.2
2024-08-08,13:15,193.2
2024-08-08,13:30,342
2024-08-08,13:45,356.4
2024-08-08,14:00,279.6
2024-08-08,14:15,352.8
2024-08-08,14:30,397.2
2024-08-08,14:45,367.2
2024-08-08,15:00,447.6
2024-08-08,15:15,462
2024-08-08,15:30,616.8
2024-08-08,15:45,710.4
2024-08-08,16:00,566.4
2024-08-08,16:15,705.6
2024-08-08,16:30,864
2024-08-08,16:45,775.2
2024-08-08,17:00,876
2024-08-08,17:15,1047.6
2024-08-08,17:30,994.8
2024-08-08,17:45,946.8
2024-08-08,18:00,1062
2024-08-08,18:15,1124.4
2024-08-08,18:30,1100.4
2024-08-08,18:45,1267.2
2024-08-08,19:00,1212
2024-08-08,19:15,1185.6
2024-08-08,19:30,1189.2
2024-08-08,19:45,1274.4
2024-08-08,20:00,1182
2024-08-08,20:15,1298.4
2024-08-08,20:30,1308
2024-08-08,20:45,1212
2024-08-08,21:00,1207.2
2024-08-08,21:15,1228.8
2024-08-08,21:30,1308
2024-08-08,21:45,1256.4
2024-08-08,22:00,1299.6
2024-08-08,22:15,1147.2
2024-08-08,22:30,1206
2024-08-08,22:45,1066.8
2024-08-08,23:00,1354.8
2024-08-08,23:15,2193.6
2024-08-08,23:30,2060.4
2024-08-08,23:45,2172
2024-08-09,00:00,1389.6
2024-08-09,00:15,3373.2
2024-08-09,00:30,3363.6
2024-08-09,00:45,3346.8
2024-08-09,01:00,3194.4
2024-08-09,01:15,2559.6
2024-08-09,01:30,4237.2
2024-08-09,01:45,4189.2
2024-08-09,02:00,3307.2
2024-08-09,02:15,3268.8
2024-08-09,02:30,3229.2
2024-08-09,02:45,4080
2024-08-09,03:00,4267.2
2024-08-09,03:15,4291.2
2024-08-09,03:30,3266.4
2024-08-09,03:45,4227.6
2024-08-09,04:00,4251.6
2024-08-09,04:15,4321.2
2024-08-09,04:30,2470.8
2024-08-09,04:45,4327.2
2024-08-09,05:00,4272
2024-08-09,05:15,3266.4
2024-08-09,05:30,3520.8
2024-08-09,05:45,3716.4
2024-08-09,06:00,3298.8
2024-08-09,06:15,2347.2
2024-08-09,06:30,2359.2
2024-08-09,06:45,3286.8
2024-08-09,07:00,3045.6
2024-08-09,07:15,1170
2024-08-09,07:30,932.4
2024-08-09,07:45,1090.8
2024-08-09,08:00,838.8
2024-08-09,08:15,813.6
2024-08-09,08:30,889.2
2024-08-09,08:45,711.6
2024-08-09,09:00,768
2024-08-09,09:15,573.6
2024-08-09,09:30,592.8
2024-08-09,09:45,534
2024-08-09,10:00,501.6
2024-08-09,10:15,274.8
2024-08-09,10:30,368.4
2024-08-09,10:45,271.2
2024-08-09,11:00,417.6
2024-08-09,11:15,314.4
2024-08-09,11:30,393.6
2024-08-09,11:45,298.8
2024-08-09,12:00,289.2
2024-08-09,12:15,298.8
2024-08-09,12:30,288
2024-08-09,12:45,296.4
2024-08-09,13:00,259.2
2024-08-09,13:15,338.4
2024-08-09,13:30,244.8
2024-08-09,13:45,390
2024-08-09,14:00,436.8
2024-08-09,14:15,508.8
2024-08-09,14:30,504
2024-08-09,14:45,486
2024-08-09,15:00,595.2
2024-08-09,15:15,736.8
2024-08-09,15:30,799.2
2024-08-09,15:45,813.6
2024-08-09,16:00,799.2
2024-08-09,16:15,757.2
2024-08-09,16:30,838.8
2024-08-09,16:45,913.2
2024-08-09,17:00,1016.4
2024-08-09,17:15,975.6
2024-08-09,17:30,1090.8
2024-08-09,17:45,1153.2
2024-08-09,18:00,1021.2
2024-08-09,18:15,1165.2
2024-08-09,18:30,1209.6
2024-08-09,18:45,1312.8
2024-08-09,19:00,1138.8
2024-08-09,19:15,1180.8
2024-08-09,19:30,1264.8
2024-08-09,19:45,1248
2024-08-09,20:00,1230
2024-08-09,20:15,1242
2024-08-09,20:30,1112.4
2024-08-09,20:45,1190.4
2024-08-09,21:00,1068
2024-08-09,21:15,1162.8
2024-08-09,21:30,1014
2024-08-09,21:45,1195.2
2024-08-09,22:00,1083.6
2024-08-09,22:15,1146
2024-08-09,22:30,1204.8
2024-08-09,22:45,1089.6
2024-08-09,23:00,1071.6
2024-08-09,23:15,1966.8
2024-08-09,23:30,1887.6
2024-08-09,23:45,2184
2024-08-10,00:00,3924
2024-08-10,00:15,3174
2024-08-10,00:30,3124.8
2024-08-10,00:45,3136.8
2024-08-10,01:00,2080.8
2024-08-10,01:15,4009.2
2024-08-10,01:30,4105.2
2024-08-10,01:45,4128
2024-08-10,02:00,3374.4
2024-08-10,02:15,2649.6
2024-08-10,02:30,3723.6
2024-08-10,02:45,4010.4
2024-08-10,03:00,4034.4
2024-08-10,03:15,2847.6
2024-08-10,03:30,3379.2
2024-08-10,03:45,4112.4
2024-08-10,04:00,3079.2
2024-08-10,04:15,3118.8
2024-08-10,04:30,2274
2024-08-10,04:45,4070.4
2024-08-10,05:00,4104
2024-08-10,05:15,4230
2024-08-10,05:30,2792.4
2024-08-10,05:45,3912
2024-08-10,06:00,4089.6
2024-08-10,06:15,2247.6
2024-08-10,06:30,2995.2
2024-08-10,06:45,3981.6
2024-08-10,07:00,3824.4
2024-08-10,07:15,1442.4
2024-08-10,07:30,727.2
2024-08-10,07:45,958.8
2024-08-10,08:00,750
2024-08-10,08:15,656.4
2024-08-10,08:30,704.4
2024-08-10,08:45,621.6
2024-08-10,09:00,484.8
2024-08-10,09:15,582
2024-08-10,09:30,488.4
2024-08-10,09:45,355.2
2024-08-10,10:00,366
2024-08-10,10:15,422.4
2024-08-10,10:30,327.6
2024-08-10,10:45,164.4
2024-08-10,11:00,226.8
2024-08-10,11:15,525.6
2024-08-10,11:30,123.6
2024-08-10,11:45,28.8
2024-08-10,12:00,169.2
2024-08-10,12:15,42
2024-08-10,12:30,85.2
2024-08-10,12:45,128.4
2024-08-10,13:00,75.6
2024-08-10,13:15,57.6
2024-08-10,13:30,-13.2
2024-08-10,13:45,378
2024-08-10,14:00,115.2
2024-08-10,14:15,124.8
2024-08-10,14:30,352.8
2024-08-10,14:45,319.2
2024-08-10,15:00,376.8
2024-08-10,15:15,424.8
2024-08-10,15:30,367.2
2024-08-10,15:45,172.8
2024-08-10,16:00,127.2
2024-08-10,16:15,535.2
2024-08-10,16:30,444
2024-08-10,16:45,560.4
2024-08-10,17:00,577.2
2024-08-10,17:15,625.2
2024-08-10,17:30,554.4
2024-08-10,17:45,824.4
2024-08-10,18:00,555.6
2024-08-10,18:15,565.2
2024-08-10,18:30,681.6
2024-08-10,18:45,627.6
2024-08-10,19:00,730.8
2024-08-10,19:15,625.2
2024-08-10,19:30,676.8
2024-08-10,19:45,655.2
2024-08-10,20:00,640.8
2024-08-10,20:15,720
2024-08-10,20:30,595.2
2024-08-10,20:45,766.8
2024-08-10,21:00,696
2024-08-10,21:15,602.4
2024-08-10,21:30,619.2
2024-08-10,21:45,703.2
2024-08-10,22:00,754.8
2024-08-10,22:15,618
2024-08-10,22:30,794.4
2024-08-10,22:45,564
2024-08-10,23:00,660
2024-08-10,23:15,726
2024-08-10,23:30,591.6
2024-08-10,23:45,829.2
2024-08-11,00:00,3655.2
2024-08-11,00:15,3681.6
2024-08-11,00:30,3669.6
2024-08-11,00:45,3636
2024-08-11,01:00,3703.2
2024-08-11,01:15,1885.2
2024-08-11,01:30,3656.4
2024-08-11,01:45,3793.2
2024-08-11,02:00,3679.2
2024-08-11,02:15,2185.2
2024-08-11,02:30,3692.4
2024-08-11,02:45,3846
2024-08-11,03:00,3733.2
2024-08-11,03:15,1468.8
2024-08-11,03:30,3315.6
2024-08-11,03:45,3723.6
2024-08-11,04:00,3693.6
2024-08-11,04:15,1143.6
2024-08-11,04:30,3680.4
2024-08-11,04:45,3675.6
2024-08-11,05:00,3774
2024-08-11,05:15,1341.6
2024-08-11,05:30,3812.4
2024-08-11,05:45,3808.8
2024-08-11,06:00,3770.4
2024-08-11,06:15,1869.6
2024-08-11,06:30,2856
2024-08-11,06:45,3670.8
2024-08-11,07:00,3230.4
2024-08-11,07:15,2250
2024-08-11,07:30,1174.8
2024-08-11,07:45,931.2
2024-08-11,08:00,765.6
2024-08-11,08:15,672
2024-08-11,08:30,598.8
2024-08-11,08:45,1052.4
2024-08-11,09:00,1051.2
2024-08-11,09:15,728.4
2024-08-11,09:30,892.8
2024-08-11,09:45,763.2
2024-08-11,10:00,754.8
2024-08-11,10:15,704.4
2024-08-11,10:30,561.6
2024-08-11,10:45,418.8
2024-08-11,11:00,458.4
2024-08-11,11:15,484.8
2024-08-11,11:30,313.2
2024-08-11,11:45,354
2024-08-11,12:00,651.6
2024-08-11,12:15,357.6
2024-08-11,12:30,400.8
2024-08-11,12:45,308.4
2024-08-11,13:00,417.6
2024-08-11,13:15,373.2
2024-08-11,13:30,307.2
2024-08-11,13:45,570
2024-08-11,14:00,370.8
2024-08-11,14:15,399.6
2024-08-11,14:30,942
2024-08-11,14:45,1021.2
2024-08-11,15:00,694.8
2024-08-11,15:15,775.2
2024-08-11,15:30,662.4
2024-08-11,15:45,981.6
2024-08-11,16:00,1108.8
2024-08-11,16:15,1030.8
2024-08-11,16:30,1273.2
2024-08-11,16:45,1164
2024-08-11,17:00,1226.4
2024-08-11,17:15,1188
2024-08-11,17:30,1130.4
2024-08-11,17:45,1160.4
2024-08-11,18:00,1106.4
2024-08-11,18:15,1224
2024-08-11,18:30,1149.6
2024-08-11,18:45,1104
2024-08-11,19:00,1296
2024-08-11,19:15,1206
2024-08-11,19:30,1243.2
2024-08-11,19:45,1224
2024-08-11,20:00,1328.4
2024-08-11,20:15,1317.6
2024-08-11,20:30,1362
2024-08-11,20:45,1298.4
2024-08-11,21:00,1278
2024-08-11,21:15,1194
2024-08-11,21:30,1269.6
2024-08-11,21:45,1149.6
2024-08-11,22:00,1196.4
2024-08-11,22:15,1292.4
2024-08-11,22:30,1106.4
2024-08-11,22:45,1230
2024-08-11,23:00,1173.6
2024-08-11,23:15,1142.4
2024-08-11,23:30,1164
2024-08-11,23:45,1242
2024-08-12,00:00,4194
2024-08-12,00:15,4155.6
2024-08-12,00:30,4114.8
2024-08-12,00:45,4281.6
2024-08-12,01:00,4138.8
2024-08-12,01:15,2874
2024-08-12,01:30,4183.2
2024-08-12,01:45,4178.4
2024-08-12,02:00,4237.2
2024-08-12,02:15,3277.2
2024-08-12,02:30,4076.4
2024-08-12,02:45,4197.6
2024-08-12,03:00,4363.2
2024-08-12,03:15,3385.2
2024-08-12,03:30,3354
2024-08-12,03:45,4225.2
2024-08-12,04:00,4221.6
2024-08-12,04:15,4268.4
2024-08-12,04:30,2224.8
2024-08-12,04:45,4359.6
2024-08-12,05:00,4140
2024-08-12,05:15,3303.6
2024-08-12,05:30,2488.8
2024-08-12,05:45,4122
2024-08-12,06:00,4092
2024-08-12,06:15,2402.4
2024-08-12,06:30,3254.4
2024-08-12,06:45,4032
2024-08-12,07:00,4107.6
2024-08-12,07:15,2540.4
2024-08-12,07:30,950.4
2024-08-12,07:45,916.8
2024-08-12,08:00,1011.6
2024-08-12,08:15,865.2
2024-08-12,08:30,766.8
2024-08-12,08:45,849.6
2024-08-12,09:00,884.4
2024-08-12,09:15,789.6
2024-08-12,09:30,576
2024-08-12,09:45,654
2024-08-12,10:00,541.2
2024-08-12,10:15,435.6
2024-08-12,10:30,408
2024-08-12,10:45,376.8
2024-08-12,11:00,356.4
2024-08-12,11:15,333.6
2024-08-12,11:30,403.2
2024-08-12,11:45,183.6
2024-08-12,12:00,312
2024-08-12,12:15,204
2024-08-12,12:30,205.2
2024-08-12,12:45,352.8
2024-08-12,13:00,208.8
2024-08-12,13:15,312
2024-08-12,13:30,142.8
2024-08-12,13:45,313.2
2024-08-12,14:00,303.6
2024-08-12,14:15,477.6
2024-08-12,14:30,610.8
2024-08-12,14:45,566.4
2024-08-12,15:00,697.2
2024-08-12,15:15,874.8
2024-08-12,15:30,1095.6
2024-08-12,15:45,1164
2024-08-12,16:00,1150.8
2024-08-12,16:15,1134
2024-08-12,16:30,1154.4
2024-08-12,16:45,1062
2024-08-12,17:00,1216.8
2024-08-12,17:15,1160.4
2024-08-12,17:30,1040.4
2024-08-12,17:45,1156.8
2024-08-12,18:00,1102.8
2024-08-12,18:15,1135.2
2024-08-12,18:30,1094.4
2024-08-12,18:45,1089.6
2024-08-12,19:00,1147.2
2024-08-12,19:15,1136.4
2024-08-12,19:30,1204.8
2024-08-12,19:45,1117.2
2024-08-12,20:00,1077.6
2024-08-12,20:15,1158
2024-08-12,20:30,1248
2024-08-12,20:45,1162.8
2024-08-12,21:00,1177.2
2024-08-12,21:15,1128
2024-08-12,21:30,1165.2
2024-08-12,21:45,1126.8
2024-08-12,22:00,1126.8
2024-08-12,22:15,1075.2
2024-08-12,22:30,1198.8
2024-08-12,22:45,1102.8
2024-08-12,23:00,1063.2
2024-08-12,23:15,1214.4
2024-08-12,23:30,1125.6
2024-08-12,23:45,1225.2
2024-08-13,00:00,3769.2
2024-08-13,00:15,3763.2
2024-08-13,00:30,4146
2024-08-13,00:45,4256.4
2024-08-13,01:00,4136.4
2024-08-13,01:15,3120
2024-08-13,01:30,4038
2024-08-13,01:45,4178.4
2024-08-13,02:00,4236
2024-08-13,02:15,2360.4
2024-08-13,02:30,3343.2
2024-08-13,02:45,4144.8
2024-08-13,03:00,4196.4
2024-08-13,03:15,4269.6
2024-08-13,03:30,3436.8
2024-08-13,03:45,4207.2
2024-08-13,04:00,4356
2024-08-13,04:15,4238.4
2024-08-13,04:30,2646
2024-08-13,04:45,3394.8
2024-08-13,05:00,4190.4
2024-08-13,05:15,4225.2
2024-08-13,05:30,2562
2024-08-13,05:45,3927.6
2024-08-13,06:00,4356
2024-08-13,06:15,4188
2024-08-13,06:30,3217.2
2024-08-13,06:45,4153.2
2024-08-13,07:00,4164
2024-08-13,07:15,3271.2
2024-08-13,07:30,1153.2
2024-08-13,07:45,1132.8
2024-08-13,08:00,1035.6
2024-08-13,08:15,800.4
2024-08-13,08:30,1014
2024-08-13,08:45,837.6
2024-08-13,09:00,777.6
2024-08-13,09:15,828
2024-08-13,09:30,837.6
2024-08-13,09:45,727.2
2024-08-13,10:00,835.2
2024-08-13,10:15,781.2
2024-08-13,10:30,799.2
2024-08-13,10:45,703.2
2024-08-13,11:00,546
2024-08-13,11:15,193.2
2024-08-13,11:30,176.4
2024-08-13,11:45,601.2
2024-08-13,12:00,718.8
2024-08-13,12:15,744
2024-08-13,12:30,1134
2024-08-13,12:45,924
2024-08-13,13:00,1161.6
2024-08-13,13:15,1174.8
2024-08-13,13:30,1110
2024-08-13,13:45,1048.8
2024-08-13,14:00,1012.8
2024-08-13,14:15,1064.4
2024-08-13,14:30,801.6
2024-08-13,14:45,873.6
2024-08-13,15:00,848.4
2024-08-13,15:15,784.8
2024-08-13,15:30,790.8
2024-08-13,15:45,1009.2
2024-08-13,16:00,868.8
2024-08-13,16:15,938.4
2024-08-13,16:30,602.4
2024-08-13,16:45,705.6
2024-08-13,17:00,722.4
2024-08-13,17:15,901.2
2024-08-13,17:30,846
2024-08-13,17:45,828
2024-08-13,18:00,1042.8
2024-08-13,18:15,1014
2024-08-13,18:30,910.8
2024-08-13,18:45,974.4
2024-08-13,19:00,908.4
2024-08-13,19:15,894
2024-08-13,19:30,952.8
2024-08-13,19:45,991.2
2024-08-13,20:00,945.6
2024-08-13,20:15,984
2024-08-13,20:30,894
2024-08-13,20:45,879.6
2024-08-13,21:00,996
2024-08-13,21:15,880.8
2024-08-13,21:30,896.4
2024-08-13,21:45,960
2024-08-13,22:00,880.8
2024-08-13,22:15,822
2024-08-13,22:30,981.6
2024-08-13,22:45,916.8
2024-08-13,23:00,843.6
2024-08-13,23:15,874.8
2024-08-13,23:30,950.4
2024-08-13,23:45,916.8
2024-08-14,00:00,3705.6
2024-08-14,00:15,3632.4
2024-08-14,00:30,3787.2
2024-08-14,00:45,3969.6
2024-08-14,01:00,3886.8
2024-08-14,01:15,2240.4
2024-08-14,01:30,4048.8
2024-08-14,01:45,3924
2024-08-14,02:00,3956.4
2024-08-14,02:15,1248
2024-08-14,02:30,3435.6
2024-08-14,02:45,3988.8
2024-08-14,03:00,3954
2024-08-14,03:15,4032
2024-08-14,03:30,1278
2024-08-14,03:45,3950.4
2024-08-14,04:00,4122
2024-08-14,04:15,3885.6
2024-08-14,04:30,1174.8
2024-08-14,04:45,3987.6
2024-08-14,05:00,3967.2
2024-08-14,05:15,3956.4
2024-08-14,05:30,3280.8
2024-08-14,05:45,3897.6
2024-08-14,06:00,3949.2
2024-08-14,06:15,3873.6
2024-08-14,06:30,2925.6
2024-08-14,06:45,3898.8
2024-08-14,07:00,3981.6
2024-08-14,07:15,3736.8
2024-08-14,07:30,1318.8
2024-08-14,07:45,790.8
2024-08-14,08:00,866.4
2024-08-14,08:15,708
2024-08-14,08:30,776.4
2024-08-14,08:45,674.4
2024-08-14,09:00,627.6
2024-08-14,09:15,560.4
2024-08-14,09:30,590.4
2024-08-14,09:45,624
2024-08-14,10:00,367.2
2024-08-14,10:15,296.4
2024-08-14,10:30,547.2
2024-08-14,10:45,-24
2024-08-14,11:00,132
2024-08-14,11:15,85.2
2024-08-14,11:30,-13.2
2024-08-14,11:45,68.4
2024-08-14,12:00,466.8
2024-08-14,12:15,-60
2024-08-14,12:30,-134.4
2024-08-14,12:45,553.2
2024-08-14,13:00,-217.2
2024-08-14,13:15,586.8
2024-08-14,13:30,-88.8
2024-08-14,13:45,-232.8
2024-08-14,14:00,370.8
2024-08-14,14:15,391.2
2024-08-14,14:30,-258
2024-08-14,14:45,-132
2024-08-14,15:00,432
2024-08-14,15:15,627.6
2024-08-14,15:30,644.4
2024-08-14,15:45,552
2024-08-14,16:00,610.8
2024-08-14,16:15,650.4
2024-08-14,16:30,655.2
2024-08-14,16:45,548.4
2024-08-14,17:00,564
2024-08-14,17:15,746.4
2024-08-14,17:30,570
2024-08-14,17:45,680.4
2024-08-14,18:00,706.8
2024-08-14,18:15,670.8
2024-08-14,18:30,565.2
2024-08-14,18:45,757.2
2024-08-14,19:00,662.4
2024-08-14,19:15,793.2
2024-08-14,19:30,717.6
2024-08-14,19:45,678
2024-08-14,20:00,680.4
2024-08-14,20:15,648
2024-08-14,20:30,724.8
2024-08-14,20:45,708
2024-08-14,21:00,658.8
2024-08-14,21:15,663.6
2024-08-14,21:30,644.4
2024-08-14,21:45,672
2024-08-14,22:00,685.2
2024-08-14,22:15,717.6
2024-08-14,22:30,628.8
2024-08-14,22:45,642
2024-08-14,23:00,633.6
2024-08-14,23:15,574.8
2024-08-14,23:30,792
2024-08-14,23:45,613.2
2024-08-15,00:00,2430
2024-08-15,00:15,3351.6
2024-08-15,00:30,3772.8
2024-08-15,00:45,3646.8
2024-08-15,01:00,3782.4
2024-08-15,01:15,1862.4
2024-08-15,01:30,2910
2024-08-15,01:45,3710.4
2024-08-15,02:00,3620.4
2024-08-15,02:15,2850
2024-08-15,02:30,2744.4
2024-08-15,02:45,3278.4
2024-08-15,03:00,3645.6
2024-08-15,03:15,3691.2
2024-08-15,03:30,1862.4
2024-08-15,03:45,3192
2024-08-15,04:00,3768
2024-08-15,04:15,3704.4
2024-08-15,04:30,1804.8
2024-08-15,04:45,3796.8
2024-08-15,05:00,3721.2
2024-08-15,05:15,3770.4
2024-08-15,05:30,3544.8
2024-08-15,05:45,3726
2024-08-15,06:00,3820.8
2024-08-15,06:15,3771.6
2024-08-15,06:30,3470.4
2024-08-15,06:45,3364.8
2024-08-15,07:00,2934
2024-08-15,07:15,2578.8
2024-08-15,07:30,648
2024-08-15,07:45,555.6
2024-08-15,08:00,594
2024-08-15,08:15,304.8
2024-08-15,08:30,264
2024-08-15,08:45,398.4
2024-08-15,09:00,307.2
2024-08-15,09:15,188.4
2024-08-15,09:30,110.4
2024-08-15,09:45,-7.2
2024-08-15,10:00,-8.4
2024-08-15,10:15,14.4
2024-08-15,10:30,-180
2024-08-15,10:45,-104.4
2024-08-15,11:00,-290.4
2024-08-15,11:15,-207.6
2024-08-15,11:30,-309.6
2024-08-15,11:45,576
2024-08-15,12:00,-344.4
2024-08-15,12:15,-376.8
2024-08-15,12:30,601.2
2024-08-15,12:45,-326.4
2024-08-15,13:00,-294
2024-08-15,13:15,118.8
2024-08-15,13:30,-20.4
2024-08-15,13:45,423.6
2024-08-15,14:00,258
2024-08-15,14:15,231.6
2024-08-15,14:30,210
2024-08-15,14:45,546
2024-08-15,15:00,14.4
2024-08-15,15:15,493.2
2024-08-15,15:30,516
2024-08-15,15:45,519.6
2024-08-15,16:00,433.2
2024-08-15,16:15,501.6
2024-08-15,16:30,766.8
2024-08-15,16:45,115.2
2024-08-15,17:00,603.6
2024-08-15,17:15,481.2
2024-08-15,17:30,564
2024-08-15,17:45,549.6
2024-08-15,18:00,664.8
2024-08-15,18:15,716.4
2024-08-15,18:30,656.4
2024-08-15,18:45,624
2024-08-15,19:00,799.2
2024-08-15,19:15,580.8
2024-08-15,19:30,628.8
2024-08-15,19:45,770.4
2024-08-15,20:00,594
2024-08-15,20:15,697.2
2024-08-15,20:30,715.2
2024-08-15,20:45,658.8
2024-08-15,21:00,606
2024-08-15,21:15,705.6
2024-08-15,21:30,642
2024-08-15,21:45,585.6
2024-08-15,22:00,828
2024-08-15,22:15,577.2
2024-08-15,22:30,724.8
2024-08-15,22:45,698.4
2024-08-15,23:00,632.4
2024-08-15,23:15,676.8
2024-08-15,23:30,712.8
2024-08-15,23:45,676.8
2024-08-16,00:00,3742.8
2024-08-16,00:15,3592.8
2024-08-16,00:30,3699.6
2024-08-16,00:45,3753.6
2024-08-16,01:00,3679.2
2024-08-16,01:15,1495.2
2024-08-16,01:30,3780
2024-08-16,01:45,3756
2024-08-16,02:00,3621.6
2024-08-16,02:15,1771.2
2024-08-16,02:30,2948.4
2024-08-16,02:45,3651.6
2024-08-16,03:00,3667.2
2024-08-16,03:15,3848.4
2024-08-16,03:30,1089.6
2024-08-16,03:45,3850.8
2024-08-16,04:00,3800.4
2024-08-16,04:15,3760.8
2024-08-16,04:30,969.6
2024-08-16,04:45,3661.2
2024-08-16,05:00,3832.8
2024-08-16,05:15,3822
2024-08-16,05:30,2977.2
2024-08-16,05:45,3602.4
2024-08-16,06:00,3337.2
2024-08-16,06:15,2794.8
2024-08-16,06:30,2654.4
2024-08-16,06:45,3783.6
2024-08-16,07:00,3538.8
2024-08-16,07:15,1609.2
2024-08-16,07:30,559.2
2024-08-16,07:45,442.8
2024-08-16,08:00,327.6
2024-08-16,08:15,481.2
2024-08-16,08:30,285.6
2024-08-16,08:45,199.2
2024-08-16,09:00,178.8
2024-08-16,09:15,613.2
2024-08-16,09:30,84
2024-08-16,09:45,-42
2024-08-16,10:00,10.8
2024-08-16,10:15,-240
2024-08-16,10:30,-261.6
2024-08-16,10:45,-193.2
2024-08-16,11:00,-342
2024-08-16,11:15,-378
2024-08-16,11:30,378
2024-08-16,11:45,40.8
2024-08-16,12:00,-416.4
2024-08-16,12:15,-123.6
2024-08-16,12:30,207.6
2024-08-16,12:45,-314.4
2024-08-16,13:00,-339.6
2024-08-16,13:15,-252
2024-08-16,13:30,-384
2024-08-16,13:45,-153.6
2024-08-16,14:00,-54
2024-08-16,14:15,-60
2024-08-16,14:30,434.4
2024-08-16,14:45,-86.4
2024-08-16,15:00,-51.6
2024-08-16,15:15,135.6
2024-08-16,15:30,4.8
2024-08-16,15:45,98.4
2024-08-16,16:00,181.2
2024-08-16,16:15,248.4
2024-08-16,16:30,363.6
2024-08-16,16:45,409.2
2024-08-16,17:00,422.4
2024-08-16,17:15,517.2
2024-08-16,17:30,536.4
2024-08-16,17:45,577.2
2024-08-16,18:00,598.8
2024-08-16,18:15,752.4
2024-08-16,18:30,547.2
2024-08-16,18:45,607.2
2024-08-16,19:00,685.2
2024-08-16,19:15,634.8
2024-08-16,19:30,624
2024-08-16,19:45,855.6
2024-08-16,20:00,612
2024-08-16,20:15,570
2024-08-16,20:30,832.8
2024-08-16,20:45,564
2024-08-16,21:00,691.2
2024-08-16,21:15,669.6
2024-08-16,21:30,732
2024-08-16,21:45,556.8
2024-08-16,22:00,730.8
2024-08-16,22:15,765.6
2024-08-16,22:30,628.8
2024-08-16,22:45,656.4
2024-08-16,23:00,770.4
2024-08-16,23:15,660
2024-08-16,23:30,733.2
2024-08-16,23:45,630
2024-08-17,00:00,3789.6
2024-08-17,00:15,3464.4
2024-08-17,00:30,3753.6
2024-08-17,00:45,3777.6
2024-08-17,01:00,3753.6
2024-08-17,01:15,1464
2024-08-17,01:30,3769.2
2024-08-17,01:45,3666
2024-08-17,02:00,3738
2024-08-17,02:15,2978.4
2024-08-17,02:30,2942.4
2024-08-17,02:45,3550.8
2024-08-17,03:00,3776.4
2024-08-17,03:15,3692.4
2024-08-17,03:30,2925.6
2024-08-17,03:45,3559.2
2024-08-17,04:00,3944.4
2024-08-17,04:15,3757.2
2024-08-17,04:30,3907.2
2024-08-17,04:45,3856.8
2024-08-17,05:00,3934.8
2024-08-17,05:15,2793.6
2024-08-17,05:30,2232
2024-08-17,05:45,3541.2
2024-08-17,06:00,3789.6
2024-08-17,06:15,2763.6
2024-08-17,06:30,2500.8
2024-08-17,06:45,3476.4
2024-08-17,07:00,3685.2
2024-08-17,07:15,2578.8
2024-08-17,07:30,896.4
2024-08-17,07:45,418.8
2024-08-17,08:00,526.8
2024-08-17,08:15,157.2
2024-08-17,08:30,301.2
2024-08-17,08:45,271.2
2024-08-17,09:00,75.6
2024-08-17,09:15,93.6
2024-08-17,09:30,1.2
2024-08-17,09:45,21.6
2024-08-17,10:00,40.8
2024-08-17,10:15,-56.4
2024-08-17,10:30,-194.4
2024-08-17,10:45,-264
2024-08-17,11:00,-70.8
2024-08-17,11:15,-351.6
2024-08-17,11:30,-304.8
2024-08-17,11:45,394.8
2024-08-17,12:00,-378
2024-08-17,12:15,-252
2024-08-17,12:30,-267.6
2024-08-17,12:45,288
2024-08-17,13:00,387.6
2024-08-17,13:15,-128.4
2024-08-17,13:30,-193.2
2024-08-17,13:45,368.4
2024-08-17,14:00,850.8
2024-08-17,14:15,288
2024-08-17,14:30,409.2
2024-08-17,14:45,487.2
2024-08-17,15:00,547.2
2024-08-17,15:15,382.8
2024-08-17,15:30,603.6
2024-08-17,15:45,554.4
2024-08-17,16:00,547.2
2024-08-17,16:15,488.4
2024-08-17,16:30,708
2024-08-17,16:45,712.8
2024-08-17,17:00,640.8
2024-08-17,17:15,820.8
2024-08-17,17:30,886.8
2024-08-17,17:45,902.4
2024-08-17,18:00,966
2024-08-17,18:15,837.6
2024-08-17,18:30,843.6
2024-08-17,18:45,1009.2
2024-08-17,19:00,955.2
2024-08-17,19:15,930
2024-08-17,19:30,997.2
2024-08-17,19:45,996
2024-08-17,20:00,861.6
2024-08-17,20:15,949.2
2024-08-17,20:30,987.6
2024-08-17,20:45,914.4
2024-08-17,21:00,940.8
2024-08-17,21:15,920.4
2024-08-17,21:30,826.8
2024-08-17,21:45,957.6
2024-08-17,22:00,998.4
2024-08-17,22:15,870
2024-08-17,22:30,860.4
2024-08-17,22:45,858
2024-08-17,23:00,825.6
2024-08-17,23:15,940.8
2024-08-17,23:30,949.2
2024-08-17,23:45,993.6
2024-08-18,00:00,2977.2
2024-08-18,00:15,3152.4
2024-08-18,00:30,3774
2024-08-18,00:45,4038
2024-08-18,01:00,3924
2024-08-18,01:15,2887.2
2024-08-18,01:30,2943.6
2024-08-18,01:45,4010.4
2024-08-18,02:00,3993.6
2024-08-18,02:15,3012
2024-08-18,02:30,2941.2
2024-08-18,02:45,3789.6
2024-08-18,03:00,4080
2024-08-18,03:15,4048.8
2024-08-18,03:30,1093.2
2024-08-18,03:45,4174.8
2024-08-18,04:00,3896.4
2024-08-18,04:15,4087.2
2024-08-18,04:30,2464.8
2024-08-18,04:45,4050
2024-08-18,05:00,3954
2024-08-18,05:15,3228
2024-08-18,05:30,3102
2024-08-18,05:45,3426
2024-08-18,06:00,3938.4
2024-08-18,06:15,2392.8
2024-08-18,06:30,2468.4
2024-08-18,06:45,3085.2
2024-08-18,07:00,2959.2
2024-08-18,07:15,886.8
2024-08-18,07:30,829.2
2024-08-18,07:45,813.6
2024-08-18,08:00,568.8
2024-08-18,08:15,604.8
2024-08-18,08:30,637.2
2024-08-18,08:45,585.6
2024-08-18,09:00,256.8
2024-08-18,09:15,601.2
2024-08-18,09:30,415.2
2024-08-18,09:45,327.6
2024-08-18,10:00,180
2024-08-18,10:15,420
2024-08-18,10:30,219.6
2024-08-18,10:45,250.8
2024-08-18,11:00,-45.6
2024-08-18,11:15,70.8
2024-08-18,11:30,763.2
2024-08-18,11:45,-32.4
2024-08-18,12:00,-64.8
2024-08-18,12:15,88.8
2024-08-18,12:30,73.2
2024-08-18,12:45,-24
2024-08-18,13:00,75.6
2024-08-18,13:15,-16.8
2024-08-18,13:30,-26.4
2024-08-18,13:45,700.8
2024-08-18,14:00,2.4
2024-08-18,14:15,-6
2024-08-18,14:30,784.8
2024-08-18,14:45,700.8
2024-08-18,15:00,572.4
2024-08-18,15:15,530.4
2024-08-18,15:30,450
2024-08-18,15:45,684
2024-08-18,16:00,614.4
2024-08-18,16:15,716.4
2024-08-18,16:30,675.6
2024-08-18,16:45,832.8
2024-08-18,17:00,930
2024-08-18,17:15,936
2024-08-18,17:30,925.2
2024-08-18,17:45,955.2
2024-08-18,18:00,949.2
2024-08-18,18:15,806.4
2024-08-18,18:30,940.8
2024-08-18,18:45,762
2024-08-18,19:00,819.6
2024-08-18,19:15,890.4
2024-08-18,19:30,1048.8
2024-08-18,19:45,846
2024-08-18,20:00,890.4
2024-08-18,20:15,890.4
2024-08-18,20:30,981.6
2024-08-18,20:45,876
2024-08-18,21:00,907.2
2024-08-18,21:15,1035.6
2024-08-18,21:30,979.2
2024-08-18,21:45,878.4
2024-08-18,22:00,897.6
2024-08-18,22:15,921.6
2024-08-18,22:30,814.8
2024-08-18,22:45,974.4
2024-08-18,23:00,789.6
2024-08-18,23:15,872.4
2024-08-18,23:30,957.6
2024-08-18,23:45,895.2
2024-08-19,00:00,3223.2
2024-08-19,00:15,3490.8
2024-08-19,00:30,3829.2
2024-08-19,00:45,3886.8
2024-08-19,01:00,3824.4
2024-08-19,01:15,2217.6
2024-08-19,01:30,3736.8
2024-08-19,01:45,3786
2024-08-19,02:00,3144
2024-08-19,02:15,3039.6
2024-08-19,02:30,3420
2024-08-19,02:45,3968.4
2024-08-19,03:00,2151.6
2024-08-19,03:15,3990
2024-08-19,03:30,3015.6
2024-08-19,03:45,4003.2
2024-08-19,04:00,2798.4
2024-08-19,04:15,4008
2024-08-19,04:30,3140.4
2024-08-19,04:45,3904.8
2024-08-19,05:00,3068.4
2024-08-19,05:15,4050
2024-08-19,05:30,3387.6
2024-08-19,05:45,3949.2
2024-08-19,06:00,3075.6
2024-08-19,06:15,3207.6
2024-08-19,06:30,3067.2
2024-08-19,06:45,3972
2024-08-19,07:00,4039.2
2024-08-19,07:15,1286.4
2024-08-19,07:30,859.2
2024-08-19,07:45,866.4
2024-08-19,08:00,822
2024-08-19,08:15,836.4
2024-08-19,08:30,826.8
2024-08-19,08:45,704.4
2024-08-19,09:00,753.6
2024-08-19,09:15,710.4
2024-08-19,09:30,285.6
2024-08-19,09:45,366
2024-08-19,10:00,369.6
2024-08-19,10:15,180
2024-08-19,10:30,266.4
2024-08-19,10:45,415.2
2024-08-19,11:00,896.4
2024-08-19,11:15,525.6
2024-08-19,11:30,926.4
2024-08-19,11:45,960
2024-08-19,12:00,783.6
2024-08-19,12:15,118.8
2024-08-19,12:30,314.4
2024-08-19,12:45,460.8
2024-08-19,13:00,459.6
2024-08-19,13:15,583.2
2024-08-19,13:30,824.4
2024-08-19,13:45,534
2024-08-19,14:00,848.4
2024-08-19,14:15,1023.6
2024-08-19,14:30,945.6
2024-08-19,14:45,1024.8
2024-08-19,15:00,950.4
2024-08-19,15:15,916.8
2024-08-19,15:30,996
2024-08-19,15:45,1005.6
2024-08-19,16:00,951.6
2024-08-19,16:15,932.4
2024-08-19,16:30,1057.2
2024-08-19,16:45,1004.4
2024-08-19,17:00,811.2
2024-08-19,17:15,1018.8
2024-08-19,17:30,1004.4
2024-08-19,17:45,894
2024-08-19,18:00,780
2024-08-19,18:15,1126.8
2024-08-19,18:30,823.2
2024-08-19,18:45,992.4
2024-08-19,19:00,1014
2024-08-19,19:15,903.6
2024-08-19,19:30,948
2024-08-19,19:45,970.8
2024-08-19,20:00,978
2024-08-19,20:15,888
2024-08-19,20:30,1077.6
2024-08-19,20:45,949.2
2024-08-19,21:00,956.4
2024-08-19,21:15,930
2024-08-19,21:30,963.6
2024-08-19,21:45,967.2
2024-08-19,22:00,889.2
2024-08-19,22:15,987.6
2024-08-19,22:30,889.2
2024-08-19,22:45,831.6
2024-08-19,23:00,1044
2024-08-19,23:15,870
2024-08-19,23:30,934.8
2024-08-19,23:45,885.6
2024-08-20,00:00,3873.6
2024-08-20,00:15,3663.6
2024-08-20,00:30,3994.8
2024-08-20,00:45,4021.2
2024-08-20,01:00,3967.2
2024-08-20,01:15,1340.4
2024-08-20,01:30,3786
2024-08-20,01:45,3864
2024-08-20,02:00,4026
2024-08-20,02:15,2037.6
2024-08-20,02:30,3615.6
2024-08-20,02:45,3704.4
2024-08-20,03:00,4062
2024-08-20,03:15,2575.2
2024-08-20,03:30,3152.4
2024-08-20,03:45,3955.2
2024-08-20,04:00,4077.6
2024-08-20,04:15,2006.4
2024-08-20,04:30,4035.6
2024-08-20,04:45,4023.6
2024-08-20,05:00,3999.6
2024-08-20,05:15,2883.6
2024-08-20,05:30,3093.6
2024-08-20,05:45,3686.4
2024-08-20,06:00,3691.2
2024-08-20,06:15,3063.6
2024-08-20,06:30,4104
2024-08-20,06:45,3896.4
2024-08-20,07:00,3025.2
2024-08-20,07:15,2086.8
2024-08-20,07:30,2005.2
2024-08-20,07:45,943.2
2024-08-20,08:00,1226.4
2024-08-20,08:15,963.6
2024-08-20,08:30,699.6
2024-08-20,08:45,1046.4
2024-08-20,09:00,812.4
2024-08-20,09:15,1070.4
2024-08-20,09:30,818.4
2024-08-20,09:45,811.2
2024-08-20,10:00,822
2024-08-20,10:15,874.8
2024-08-20,10:30,789.6
2024-08-20,10:45,657.6
2024-08-20,11:00,469.2
2024-08-20,11:15,914.4
2024-08-20,11:30,1243.2
2024-08-20,11:45,1057.2
2024-08-20,12:00,778.8
2024-08-20,12:15,729.6
2024-08-20,12:30,225.6
2024-08-20,12:45,685.2
2024-08-20,13:00,1038
2024-08-20,13:15,625.2
2024-08-20,13:30,356.4
2024-08-20,13:45,997.2
2024-08-20,14:00,943.2
2024-08-20,14:15,814.8
2024-08-20,14:30,1197.6
2024-08-20,14:45,1080
2024-08-20,15:00,1190.4
2024-08-20,15:15,1176
2024-08-20,15:30,1154.4
2024-08-20,15:45,1329.6
2024-08-20,16:00,1330.8
2024-08-20,16:15,1027.2
2024-08-20,16:30,859.2
2024-08-20,16:45,918
2024-08-20,17:00,1064.4
2024-08-20,17:15,943.2
2024-08-20,17:30,970.8
2024-08-20,17:45,1058.4
2024-08-20,18:00,946.8
2024-08-20,18:15,979.2
2024-08-20,18:30,1110
2024-08-20,18:45,944.4
2024-08-20,19:00,1002
2024-08-20,19:15,1009.2
2024-08-20,19:30,945.6
2024-08-20,19:45,979.2
2024-08-20,20:00,957.6
2024-08-20,20:15,939.6
2024-08-20,20:30,928.8
2024-08-20,20:45,1046.4
2024-08-20,21:00,1011.6
2024-08-20,21:15,1056
2024-08-20,21:30,999.6
2024-08-20,21:45,1070.4
2024-08-20,22:00,918
2024-08-20,22:15,1011.6
2024-08-20,22:30,981.6
2024-08-20,22:45,975.6
2024-08-20,23:00,931.2
2024-08-20,23:15,886.8
2024-08-20,23:30,1058.4
2024-08-20,23:45,1008
2024-08-21,00:00,3955.2
2024-08-21,00:15,3973.2
2024-08-21,00:30,4123.2
2024-08-21,00:45,4014
2024-08-21,01:00,3994.8
2024-08-21,01:15,3684
2024-08-21,01:30,4018.8
2024-08-21,01:45,3968.4
2024-08-21,02:00,4012.8
2024-08-21,02:15,2120.4
2024-08-21,02:30,3940.8
2024-08-21,02:45,4060.8
2024-08-21,03:00,4030.8
2024-08-21,03:15,1446
2024-08-21,03:30,3624
2024-08-21,03:45,4045.2
2024-08-21,04:00,4008
2024-08-21,04:15,4155.6
2024-08-21,04:30,3062.4
2024-08-21,04:45,4124.4
2024-08-21,05:00,3260.4
2024-08-21,05:15,4041.6
2024-08-21,05:30,4112.4
2024-08-21,05:45,3417.6
2024-08-21,06:00,3349.2
2024-08-21,06:15,3979.2
2024-08-21,06:30,3937.2
2024-08-21,06:45,3822
2024-08-21,07:00,2257.2
2024-08-21,07:15,1918.8
2024-08-21,07:30,841.2
2024-08-21,07:45,848.4
2024-08-21,08:00,976.8
2024-08-21,08:15,938.4
2024-08-21,08:30,805.2
2024-08-21,08:45,807.6
2024-08-21,09:00,990
2024-08-21,09:15,944.4
2024-08-21,09:30,822
2024-08-21,09:45,932.4
2024-08-21,10:00,992.4
2024-08-21,10:15,1200
2024-08-21,10:30,975.6
2024-08-21,10:45,1086
2024-08-21,11:00,967.2
2024-08-21,11:15,1098
2024-08-21,11:30,957.6
2024-08-21,11:45,988.8
2024-08-21,12:00,873.6
2024-08-21,12:15,877.2
2024-08-21,12:30,832.8
2024-08-21,12:45,844.8
2024-08-21,13:00,150
2024-08-21,13:15,595.2
2024-08-21,13:30,464.4
2024-08-21,13:45,502.8
2024-08-21,14:00,586.8
2024-08-21,14:15,771.6
2024-08-21,14:30,685.2
2024-08-21,14:45,436.8
2024-08-21,15:00,520.8
2024-08-21,15:15,634.8
2024-08-21,15:30,686.4
2024-08-21,15:45,714
2024-08-21,16:00,356.4
2024-08-21,16:15,690
2024-08-21,16:30,722.4
2024-08-21,16:45,810
2024-08-21,17:00,691.2
2024-08-21,17:15,986.4
2024-08-21,17:30,854.4
2024-08-21,17:45,812.4
2024-08-21,18:00,850.8
2024-08-21,18:15,892.8
2024-08-21,18:30,907.2
2024-08-21,18:45,897.6
2024-08-21,19:00,870
2024-08-21,19:15,908.4
2024-08-21,19:30,844.8
2024-08-21,19:45,874.8
2024-08-21,20:00,1004.4
2024-08-21,20:15,932.4
2024-08-21,20:30,849.6
2024-08-21,20:45,1149.6
2024-08-21,21:00,902.4
2024-08-21,21:15,970.8
2024-08-21,21:30,888
2024-08-21,21:45,974.4
2024-08-21,22:00,890.4
2024-08-21,22:15,944.4
2024-08-21,22:30,1000.8
2024-08-21,22:45,889.2
2024-08-21,23:00,968.4
2024-08-21,23:15,945.6
2024-08-21,23:30,913.2
2024-08-21,23:45,1026
2024-08-22,00:00,2984.4
2024-08-22,00:15,3685.2
2024-08-22,00:30,3730.8
2024-08-22,00:45,4052.4
2024-08-22,01:00,3968.4
2024-08-22,01:15,2218.8
2024-08-22,01:30,4028.4
2024-08-22,01:45,3969.6
2024-08-22,02:00,3993.6
2024-08-22,02:15,2762.4
2024-08-22,02:30,3963.6
2024-08-22,02:45,3968.4
2024-08-22,03:00,4011.6
2024-08-22,03:15,4100.4
2024-08-22,03:30,2893.2
2024-08-22,03:45,4053.6
2024-08-22,04:00,4101.6
2024-08-22,04:15,3030
2024-08-22,04:30,3105.6
2024-08-22,04:45,3928.8
2024-08-22,05:00,4033.2
2024-08-22,05:15,3147.6
2024-08-22,05:30,3924
2024-08-22,05:45,4015.2
2024-08-22,06:00,3993.6
2024-08-22,06:15,2146.8
2024-08-22,06:30,3564
2024-08-22,06:45,3987.6
2024-08-22,07:00,3980.4
2024-08-22,07:15,3831.6
2024-08-22,07:30,3699.6
2024-08-22,07:45,3730.8
2024-08-22,08:00,1872
2024-08-22,08:15,764.4
2024-08-22,08:30,586.8
2024-08-22,08:45,548.4
2024-08-22,09:00,380.4
2024-08-22,09:15,542.4
2024-08-22,09:30,171.6
2024-08-22,09:45,583.2
2024-08-22,10:00,223.2
2024-08-22,10:15,252
2024-08-22,10:30,144
2024-08-22,10:45,-13.2
2024-08-22,11:00,189.6
2024-08-22,11:15,-111.6
2024-08-22,11:30,-26.4
2024-08-22,11:45,14.4
2024-08-22,12:00,116.4
2024-08-22,12:15,1.2
2024-08-22,12:30,69.6
2024-08-22,12:45,-60
2024-08-22,13:00,61.2
2024-08-22,13:15,-78
2024-08-22,13:30,112.8
2024-08-22,13:45,68.4
2024-08-22,14:00,123.6
2024-08-22,14:15,374.4
2024-08-22,14:30,411.6
2024-08-22,14:45,370.8
2024-08-22,15:00,283.2
2024-08-22,15:15,297.6
2024-08-22,15:30,436.8
2024-08-22,15:45,385.2
2024-08-22,16:00,486
2024-08-22,16:15,540
2024-08-22,16:30,694.8
2024-08-22,16:45,764.4
2024-08-22,17:00,765.6
2024-08-22,17:15,679.2
2024-08-22,17:30,1047.6
2024-08-22,17:45,1100.4
2024-08-22,18:00,1065.6
2024-08-22,18:15,924
2024-08-22,18:30,1014
2024-08-22,18:45,962.4
2024-08-22,19:00,1024.8
2024-08-22,19:15,968.4
2024-08-22,19:30,1071.6
2024-08-22,19:45,952.8
2024-08-22,20:00,1059.6
2024-08-22,20:15,970.8
2024-08-22,20:30,944.4
2024-08-22,20:45,999.6
2024-08-22,21:00,967.2
2024-08-22,21:15,928.8
2024-08-22,21:30,1066.8
2024-08-22,21:45,846
2024-08-22,22:00,1148.4
2024-08-22,22:15,1000.8
2024-08-22,22:30,1080
2024-08-22,22:45,933.6
2024-08-22,23:00,922.8
2024-08-22,23:15,1044
2024-08-22,23:30,932.4
2024-08-22,23:45,1066.8
2024-08-23,00:00,3717.6
2024-08-23,00:15,3816
2024-08-23,00:30,4240.8
2024-08-23,00:45,3928.8
2024-08-23,01:00,4028.4
2024-08-23,01:15,2274
2024-08-23,01:30,3988.8
2024-08-23,01:45,3910.8
2024-08-23,02:00,3432
2024-08-23,02:15,2264.4
2024-08-23,02:30,4040.4
2024-08-23,02:45,4066.8
2024-08-23,03:00,3003.6
2024-08-23,03:15,3200.4
2024-08-23,03:30,3968.4
2024-08-23,03:45,3643.2
2024-08-23,04:00,2812.8
2024-08-23,04:15,3613.2
2024-08-23,04:30,4095.6
2024-08-23,04:45,3231.6
2024-08-23,05:00,2428.8
2024-08-23,05:15,3889.2
2024-08-23,05:30,4208.4
2024-08-23,05:45,3085.2
2024-08-23,06:00,4030.8
2024-08-23,06:15,4026
2024-08-23,06:30,3967.2
2024-08-23,06:45,2902.8
2024-08-23,07:00,3097.2
2024-08-23,07:15,3054
2024-08-23,07:30,2967.6
2024-08-23,07:45,975.6
2024-08-23,08:00,838.8
2024-08-23,08:15,634.8
2024-08-23,08:30,790.8
2024-08-23,08:45,592.8
2024-08-23,09:00,714
2024-08-23,09:15,572.4
2024-08-23,09:30,465.6
2024-08-23,09:45,434.4
2024-08-23,10:00,417.6
2024-08-23,10:15,417.6
2024-08-23,10:30,250.8
2024-08-23,10:45,250.8
2024-08-23,11:00,164.4
2024-08-23,11:15,93.6
2024-08-23,11:30,165.6
2024-08-23,11:45,205.2
2024-08-23,12:00,144
2024-08-23,12:15,44.4
2024-08-23,12:30,266.4
2024-08-23,12:45,88.8
2024-08-23,13:00,106.8
2024-08-23,13:15,159.6
2024-08-23,13:30,72
2024-08-23,13:45,166.8
2024-08-23,14:00,228
2024-08-23,14:15,256.8
2024-08-23,14:30,349.2
2024-08-23,14:45,396
2024-08-23,15:00,369.6
2024-08-23,15:15,466.8
2024-08-23,15:30,494.4
2024-08-23,15:45,494.4
2024-08-23,16:00,511.2
2024-08-23,16:15,688.8
2024-08-23,16:30,577.2
2024-08-23,16:45,973.2
2024-08-23,17:00,757.2
2024-08-23,17:15,1068
2024-08-23,17:30,838.8
2024-08-23,17:45,937.2
2024-08-23,18:00,921.6
2024-08-23,18:15,1053.6
2024-08-23,18:30,1120.8
2024-08-23,18:45,1174.8
2024-08-23,19:00,1112.4
2024-08-23,19:15,1108.8
2024-08-23,19:30,1094.4
2024-08-23,19:45,1284
2024-08-23,20:00,988.8
2024-08-23,20:15,1132.8
2024-08-23,20:30,985.2
2024-08-23,20:45,1026
2024-08-23,21:00,1099.2
2024-08-23,21:15,1135.2
2024-08-23,21:30,1068
2024-08-23,21:45,1009.2
2024-08-23,22:00,1026
2024-08-23,22:15,1028.4
2024-08-23,22:30,944.4
2024-08-23,22:45,1046.4
2024-08-23,23:00,1035.6
2024-08-23,23:15,1180.8
2024-08-23,23:30,1771.2
2024-08-23,23:45,1946.4
2024-08-24,00:00,3901.2
2024-08-24,00:15,3198
2024-08-24,00:30,3756
2024-08-24,00:45,3511.2
2024-08-24,01:00,3693.6
2024-08-24,01:15,2779.2
2024-08-24,01:30,3891.6
2024-08-24,01:45,3883.2
2024-08-24,02:00,3036
2024-08-24,02:15,2181.6
2024-08-24,02:30,3962.4
2024-08-24,02:45,3964.8
2024-08-24,03:00,3403.2
2024-08-24,03:15,2259.6
2024-08-24,03:30,4014
2024-08-24,03:45,4008
2024-08-24,04:00,1419.6
2024-08-24,04:15,3926.4
2024-08-24,04:30,4188
2024-08-24,04:45,3141.6
2024-08-24,05:00,2684.4
2024-08-24,05:15,4053.6
2024-08-24,05:30,4018.8
2024-08-24,05:45,3242.4
2024-08-24,06:00,3085.2
2024-08-24,06:15,3997.2
2024-08-24,06:30,3157.2
2024-08-24,06:45,2154
2024-08-24,07:00,2866.8
2024-08-24,07:15,2054.4
2024-08-24,07:30,774
2024-08-24,07:45,853.2
2024-08-24,08:00,714
2024-08-24,08:15,666
2024-08-24,08:30,421.2
2024-08-24,08:45,450
2024-08-24,09:00,410.4
2024-08-24,09:15,358.8
2024-08-24,09:30,244.8
2024-08-24,09:45,286.8
2024-08-24,10:00,201.6
2024-08-24,10:15,276
2024-08-24,10:30,145.2
2024-08-24,10:45,192
2024-08-24,11:00,73.2
2024-08-24,11:15,33.6
2024-08-24,11:30,14.4
2024-08-24,11:45,182.4
2024-08-24,12:00,-43.2
2024-08-24,12:15,40.8
2024-08-24,12:30,15.6
2024-08-24,12:45,72
2024-08-24,13:00,-104.4
2024-08-24,13:15,96
2024-08-24,13:30,12
2024-08-24,13:45,264
2024-08-24,14:00,126
2024-08-24,14:15,164.4
2024-08-24,14:30,250.8
2024-08-24,14:45,334.8
2024-08-24,15:00,223.2
2024-08-24,15:15,423.6
2024-08-24,15:30,360
2024-08-24,15:45,516
2024-08-24,16:00,546
2024-08-24,16:15,588
2024-08-24,16:30,562.8
2024-08-24,16:45,703.2
2024-08-24,17:00,670.8
2024-08-24,17:15,806.4
2024-08-24,17:30,781.2
2024-08-24,17:45,933.6
2024-08-24,18:00,1076.4
2024-08-24,18:15,924
2024-08-24,18:30,960
2024-08-24,18:45,1093.2
2024-08-24,19:00,992.4
2024-08-24,19:15,962.4
2024-08-24,19:30,1118.4
2024-08-24,19:45,880.8
2024-08-24,20:00,1000.8
2024-08-24,20:15,872.4
2024-08-24,20:30,975.6
2024-08-24,20:45,1035.6
2024-08-24,21:00,1036.8
2024-08-24,21:15,1148.4
2024-08-24,21:30,874.8
2024-08-24,21:45,1107.6
2024-08-24,22:00,1004.4
2024-08-24,22:15,1146
2024-08-24,22:30,915.6
2024-08-24,22:45,1053.6
2024-08-24,23:00,1406.4
2024-08-24,23:15,2020.8
2024-08-24,23:30,1948.8
2024-08-24,23:45,1401.6
2024-08-25,00:00,3200.4
2024-08-25,00:15,4017.6
2024-08-25,00:30,3286.8
2024-08-25,00:45,3288
2024-08-25,01:00,2966.4
2024-08-25,01:15,4030.8
2024-08-25,01:30,3942
2024-08-25,01:45,4024.8
2024-08-25,02:00,2670
2024-08-25,02:15,3265.2
2024-08-25,02:30,3962.4
2024-08-25,02:45,3964.8
2024-08-25,03:00,2546.4
2024-08-25,03:15,4146
2024-08-25,03:30,4051.2
2024-08-25,03:45,4095.6
2024-08-25,04:00,2055.6
2024-08-25,04:15,4077.6
2024-08-25,04:30,4000.8
2024-08-25,04:45,3016.8
2024-08-25,05:00,2726.4
2024-08-25,05:15,3909.6
2024-08-25,05:30,3997.2
2024-08-25,05:45,3024
2024-08-25,06:00,3817.2
2024-08-25,06:15,4026
2024-08-25,06:30,3714
2024-08-25,06:45,2850
2024-08-25,07:00,3438
2024-08-25,07:15,2862
2024-08-25,07:30,1746
2024-08-25,07:45,1702.8
2024-08-25,08:00,608.4
2024-08-25,08:15,554.4
2024-08-25,08:30,568.8
2024-08-25,08:45,332.4
2024-08-25,09:00,298.8
2024-08-25,09:15,398.4
2024-08-25,09:30,248.4
2024-08-25,09:45,163.2
2024-08-25,10:00,208.8
2024-08-25,10:15,745.2
2024-08-25,10:30,225.6
2024-08-25,10:45,345.6
2024-08-25,11:00,2.4
2024-08-25,11:15,114
2024-08-25,11:30,18
2024-08-25,11:45,183.6
2024-08-25,12:00,495.6
2024-08-25,12:15,679.2
2024-08-25,12:30,301.2
2024-08-25,12:45,360
2024-08-25,13:00,279.6
2024-08-25,13:15,312
2024-08-25,13:30,428.4
2024-08-25,13:45,434.4
2024-08-25,14:00,284.4
2024-08-25,14:15,546
2024-08-25,14:30,559.2
2024-08-25,14:45,561.6
2024-08-25,15:00,463.2
2024-08-25,15:15,682.8
2024-08-25,15:30,834
2024-08-25,15:45,781.2
2024-08-25,16:00,710.4
2024-08-25,16:15,890.4
2024-08-25,16:30,979.2
2024-08-25,16:45,962.4
2024-08-25,17:00,960
2024-08-25,17:15,1122
2024-08-25,17:30,1154.4
2024-08-25,17:45,1172.4
2024-08-25,18:00,1222.8
2024-08-25,18:15,1171.2
2024-08-25,18:30,1198.8
2024-08-25,18:45,1266
2024-08-25,19:00,1224
2024-08-25,19:15,1315.2
2024-08-25,19:30,1218
2024-08-25,19:45,1203.6
2024-08-25,20:00,1249.2
2024-08-25,20:15,1297.2
2024-08-25,20:30,1270.8
2024-08-25,20:45,1308
2024-08-25,21:00,1124.4
2024-08-25,21:15,1279.2
2024-08-25,21:30,1110
2024-08-25,21:45,1219.2
2024-08-25,22:00,1116
2024-08-25,22:15,1159.2
2024-08-25,22:30,1180.8
2024-08-25,22:45,1186.8
2024-08-25,23:00,1150.8
2024-08-25,23:15,2085.6
2024-08-25,23:30,2142
2024-08-25,23:45,2043.6
2024-08-26,00:00,4108.8
2024-08-26,00:15,3134.4
2024-08-26,00:30,4045.2
2024-08-26,00:45,3351.6
2024-08-26,01:00,3243.6
2024-08-26,01:15,2977.2
2024-08-26,01:30,4118.4
2024-08-26,01:45,4076.4
2024-08-26,02:00,4254
2024-08-26,02:15,2036.4
2024-08-26,02:30,3913.2
2024-08-26,02:45,4099.2
2024-08-26,03:00,4209.6
2024-08-26,03:15,3043.2
2024-08-26,03:30,3346.8
2024-08-26,03:45,4136.4
2024-08-26,04:00,4344
2024-08-26,04:15,3378
2024-08-26,04:30,3516
2024-08-26,04:45,4116
2024-08-26,05:00,4357.2
2024-08-26,05:15,3201.6
2024-08-26,05:30,3331.2
2024-08-26,05:45,4146
2024-08-26,06:00,3482.4
2024-08-26,06:15,3058.8
2024-08-26,06:30,4225.2
2024-08-26,06:45,3961.2
2024-08-26,07:00,4218
2024-08-26,07:15,2102.4
2024-08-26,07:30,4074
2024-08-26,07:45,2007.6
2024-08-26,08:00,2054.4
2024-08-26,08:15,892.8
2024-08-26,08:30,928.8
2024-08-26,08:45,834
2024-08-26,09:00,904.8
2024-08-26,09:15,640.8
2024-08-26,09:30,616.8
2024-08-26,09:45,558
2024-08-26,10:00,738
2024-08-26,10:15,390
2024-08-26,10:30,399.6
2024-08-26,10:45,403.2
2024-08-26,11:00,309.6
2024-08-26,11:15,285.6
2024-08-26,11:30,414
2024-08-26,11:45,265.2
2024-08-26,12:00,214.8
2024-08-26,12:15,475.2
2024-08-26,12:30,370.8
2024-08-26,12:45,465.6
2024-08-26,13:00,444
2024-08-26,13:15,531.6
2024-08-26,13:30,385.2
2024-08-26,13:45,601.2
2024-08-26,14:00,1017.6
2024-08-26,14:15,787.2
2024-08-26,14:30,610.8
2024-08-26,14:45,776.4
2024-08-26,15:00,885.6
2024-08-26,15:15,916.8
2024-08-26,15:30,712.8
2024-08-26,15:45,1347.6
2024-08-26,16:00,1524
2024-08-26,16:15,973.2
2024-08-26,16:30,1030.8
2024-08-26,16:45,1114.8
2024-08-26,17:00,856.8
2024-08-26,17:15,1118.4
2024-08-26,17:30,975.6
2024-08-26,17:45,920.4
2024-08-26,18:00,1149.6
2024-08-26,18:15,1326
2024-08-26,18:30,1267.2
2024-08-26,18:45,1237.2
2024-08-26,19:00,1148.4
2024-08-26,19:15,1177.2
2024-08-26,19:30,1282.8
2024-08-26,19:45,1357.2
2024-08-26,20:00,1034.4
2024-08-26,20:15,1198.8
2024-08-26,20:30,1208.4
2024-08-26,20:45,1447.2
2024-08-26,21:00,1180.8
2024-08-26,21:15,1288.8
2024-08-26,21:30,1065.6
2024-08-26,21:45,1242
2024-08-26,22:00,1140
2024-08-26,22:15,1268.4
2024-08-26,22:30,1071.6
2024-08-26,22:45,1158
2024-08-26,23:00,1149.6
2024-08-26,23:15,1135.2
2024-08-26,23:30,1238.4
2024-08-26,23:45,1146
2024-08-27,00:00,4099.2
2024-08-27,00:15,3921.6
2024-08-27,00:30,4179.6
2024-08-27,00:45,4231.2
2024-08-27,01:00,3393.6
2024-08-27,01:15,2496
2024-08-27,01:30,4171.2
2024-08-27,01:45,4252.8
2024-08-27,02:00,4150.8
2024-08-27,02:15,4394.4
2024-08-27,02:30,3206.4
2024-08-27,02:45,4368
2024-08-27,03:00,4191.6
2024-08-27,03:15,4183.2
2024-08-27,03:30,3003.6
2024-08-27,03:45,4286.4
2024-08-27,04:00,4112.4
2024-08-27,04:15,3634.8
2024-08-27,04:30,4102.8
2024-08-27,04:45,4248
2024-08-27,05:00,4143.6
2024-08-27,05:15,2712
2024-08-27,05:30,4154.4
2024-08-27,05:45,4126.8
2024-08-27,06:00,4250.4
2024-08-27,06:15,3248.4
2024-08-27,06:30,3764.4
2024-08-27,06:45,4069.2
2024-08-27,07:00,4100.4
2024-08-27,07:15,3926.4
2024-08-27,07:30,4020
2024-08-27,07:45,4044
2024-08-27,08:00,2127.6
2024-08-27,08:15,1219.2
2024-08-27,08:30,943.2
2024-08-27,08:45,1384.8
2024-08-27,09:00,1312.8
2024-08-27,09:15,1416
2024-08-27,09:30,1154.4
2024-08-27,09:45,1148.4
2024-08-27,10:00,1249.2
2024-08-27,10:15,1191.6
2024-08-27,10:30,1390.8
2024-08-27,10:45,1246.8
2024-08-27,11:00,1335.6
2024-08-27,11:15,1396.8
2024-08-27,11:30,1530
2024-08-27,11:45,1663.2
2024-08-27,12:00,1528.8
2024-08-27,12:15,1516.8
2024-08-27,12:30,1377.6
2024-08-27,12:45,1489.2
2024-08-27,13:00,1440
2024-08-27,13:15,1456.8
2024-08-27,13:30,1320
2024-08-27,13:45,1610.4
2024-08-27,14:00,1556.4
2024-08-27,14:15,1329.6
2024-08-27,14:30,1302
2024-08-27,14:45,1542
2024-08-27,15:00,1281.6
2024-08-27,15:15,1231.2
2024-08-27,15:30,1140
2024-08-27,15:45,1090.8
2024-08-27,16:00,1429.2
2024-08-27,16:15,1462.8
2024-08-27,16:30,1332
2024-08-27,16:45,1416
2024-08-27,17:00,1656
2024-08-27,17:15,1353.6
2024-08-27,17:30,1626
2024-08-27,17:45,1484.4
2024-08-27,18:00,1566
2024-08-27,18:15,1471.2
2024-08-27,18:30,1369.2
2024-08-27,18:45,1628.4
2024-08-27,19:00,1351.2
2024-08-27,19:15,1701.6
2024-08-27,19:30,1436.4
2024-08-27,19:45,1574.4
2024-08-27,20:00,1366.8
2024-08-27,20:15,1516.8
2024-08-27,20:30,1418.4
2024-08-27,20:45,1436.4
2024-08-27,21:00,1233.6
2024-08-27,21:15,1408.8
2024-08-27,21:30,1300.8
2024-08-27,21:45,1292.4
2024-08-27,22:00,1419.6
2024-08-27,22:15,1419.6
2024-08-27,22:30,1374
2024-08-27,22:45,1335.6
2024-08-27,23:00,1658.4
2024-08-27,23:15,1288.8
2024-08-27,23:30,1404
2024-08-27,23:45,1461.6
2024-08-28,00:00,4364.4
2024-08-28,00:15,4312.8
2024-08-28,00:30,4526.4
2024-08-28,00:45,4489.2
2024-08-28,01:00,3523.2
2024-08-28,01:15,4059.6
2024-08-28,01:30,4539.6
2024-08-28,01:45,4408.8
2024-08-28,02:00,3614.4
2024-08-28,02:15,3144
2024-08-28,02:30,4354.8
2024-08-28,02:45,4425.6
2024-08-28,03:00,4458
2024-08-28,03:15,3286.8
2024-08-28,03:30,4242
2024-08-28,03:45,4596
2024-08-28,04:00,2674.8
2024-08-28,04:15,4516.8
2024-08-28,04:30,4572
2024-08-28,04:45,4752
2024-08-28,05:00,4442.4
2024-08-28,05:15,4158
2024-08-28,05:30,3297.6
2024-08-28,05:45,4550.4
2024-08-28,06:00,4537.2
2024-08-28,06:15,3835.2
2024-08-28,06:30,4371.6
2024-08-28,06:45,4537.2
2024-08-28,07:00,4370.4
2024-08-28,07:15,3483.6
2024-08-28,07:30,1448.4
2024-08-28,07:45,1219.2
2024-08-28,08:00,1263.6
2024-08-28,08:15,1138.8
2024-08-28,08:30,1142.4
2024-08-28,08:45,1262.4
2024-08-28,09:00,1524
2024-08-28,09:15,835.2
2024-08-28,09:30,792
2024-08-28,09:45,994.8
2024-08-28,10:00,1374
2024-08-28,10:15,1233.6
2024-08-28,10:30,571.2
2024-08-28,10:45,345.6
2024-08-28,11:00,1080
2024-08-28,11:15,728.4
2024-08-28,11:30,1052.4
2024-08-28,11:45,862.8
2024-08-28,12:00,110.4
2024-08-28,12:15,937.2
2024-08-28,12:30,187.2
2024-08-28,12:45,1054.8
2024-08-28,13:00,885.6
2024-08-28,13:15,955.2
2024-08-28,13:30,1092
2024-08-28,13:45,1236
2024-08-28,14:00,1122
2024-08-28,14:15,1244.4
2024-08-28,14:30,922.8
2024-08-28,14:45,946.8
2024-08-28,15:00,789.6
2024-08-28,15:15,1165.2
2024-08-28,15:30,878.4
2024-08-28,15:45,981.6
2024-08-28,16:00,802.8
2024-08-28,16:15,1162.8
2024-08-28,16:30,934.8
2024-08-28,16:45,1183.2
2024-08-28,17:00,1027.2
2024-08-28,17:15,1204.8
2024-08-28,17:30,1077.6
2024-08-28,17:45,1153.2
2024-08-28,18:00,1130.4
2024-08-28,18:15,1180.8
2024-08-28,18:30,1255.2
2024-08-28,18:45,1189.2
2024-08-28,19:00,1329.6
2024-08-28,19:15,1128
2024-08-28,19:30,1434
2024-08-28,19:45,1177.2
2024-08-28,20:00,1290
2024-08-28,20:15,1218
2024-08-28,20:30,1207.2
2024-08-28,20:45,1240.8
2024-08-28,21:00,1154.4
2024-08-28,21:15,1298.4
2024-08-28,21:30,1149.6
2024-08-28,21:45,1220.4
2024-08-28,22:00,1285.2
2024-08-28,22:15,1123.2
2024-08-28,22:30,1272
2024-08-28,22:45,1092
2024-08-28,23:00,1388.4
2024-08-28,23:15,1140
2024-08-28,23:30,1269.6
2024-08-28,23:45,1366.8
2024-08-29,00:00,3247.2
2024-08-29,00:15,3192
2024-08-29,00:30,3330
2024-08-29,00:45,3285.6
2024-08-29,01:00,3273.6
2024-08-29,01:15,3399.6
2024-08-29,01:30,3222
2024-08-29,01:45,3369.6
2024-08-29,02:00,3333.6
2024-08-29,02:15,1636.8
2024-08-29,02:30,2977.2
2024-08-29,02:45,3242.4
2024-08-29,03:00,3378
2024-08-29,03:15,2468.4
2024-08-29,03:30,3074.4
2024-08-29,03:45,3225.6
2024-08-29,04:00,3482.4
2024-08-29,04:15,3298.8
2024-08-29,04:30,1633.2
2024-08-29,04:45,3238.8
2024-08-29,05:00,3430.8
2024-08-29,05:15,3339.6
2024-08-29,05:30,2565.6
2024-08-29,05:45,3273.6
2024-08-29,06:00,3352.8
2024-08-29,06:15,3264
2024-08-29,06:30,3294
2024-08-29,06:45,3039.6
2024-08-29,07:00,3121.2
2024-08-29,07:15,3146.4
2024-08-29,07:30,2276.4
2024-08-29,07:45,2104.8
2024-08-29,08:00,1960.8
2024-08-29,08:15,2193.6
2024-08-29,08:30,844.8
2024-08-29,08:45,1084.8
2024-08-29,09:00,969.6
2024-08-29,09:15,735.6
2024-08-29,09:30,956.4
2024-08-29,09:45,602.4
2024-08-29,10:00,1072.8
2024-08-29,10:15,944.4
2024-08-29,10:30,236.4
2024-08-29,10:45,396
2024-08-29,11:00,260.4
2024-08-29,11:15,525.6
2024-08-29,11:30,1015.2
2024-08-29,11:45,943.2
2024-08-29,12:00,270
2024-08-29,12:15,855.6
2024-08-29,12:30,439.2
2024-08-29,12:45,226.8
2024-08-29,13:00,825.6
2024-08-29,13:15,168
2024-08-29,13:30,217.2
2024-08-29,13:45,219.6
2024-08-29,14:00,195.6
2024-08-29,14:15,345.6
2024-08-29,14:30,339.6
2024-08-29,14:45,430.8
2024-08-29,15:00,456
2024-08-29,15:15,631.2
2024-08-29,15:30,697.2
2024-08-29,15:45,757.2
2024-08-29,16:00,819.6
2024-08-29,16:15,955.2
2024-08-29,16:30,828
2024-08-29,16:45,1035.6
2024-08-29,17:00,934.8
2024-08-29,17:15,1150.8
2024-08-29,17:30,1035.6
2024-08-29,17:45,1155.6
2024-08-29,18:00,1168.8
2024-08-29,18:15,1141.2
2024-08-29,18:30,1261.2
2024-08-29,18:45,1136.4
2024-08-29,19:00,1210.8
2024-08-29,19:15,1332
2024-08-29,19:30,1195.2
2024-08-29,19:45,1222.8
2024-08-29,20:00,1290
2024-08-29,20:15,1190.4
2024-08-29,20:30,1183.2
2024-08-29,20:45,1269.6
2024-08-29,21:00,1209.6
2024-08-29,21:15,1113.6
2024-08-29,21:30,1366.8
2024-08-29,21:45,1136.4
2024-08-29,22:00,1280.4
2024-08-29,22:15,1051.2
2024-08-29,22:30,1204.8
2024-08-29,22:45,1280.4
2024-08-29,23:00,1228.8
2024-08-29,23:15,1135.2
2024-08-29,23:30,1197.6
2024-08-29,23:45,1179.6
2024-08-30,00:00,3084
2024-08-30,00:15,3904.8
2024-08-30,00:30,4267.2
2024-08-30,00:45,4294.8
2024-08-30,01:00,4231.2
2024-08-30,01:15,3513.6
2024-08-30,01:30,4156.8
2024-08-30,01:45,4244.4
2024-08-30,02:00,4221.6
2024-08-30,02:15,2329.2
2024-08-30,02:30,3980.4
2024-08-30,02:45,4238.4
2024-08-30,03:00,4192.8
2024-08-30,03:15,3514.8
2024-08-30,03:30,3986.4
2024-08-30,03:45,4360.8
2024-08-30,04:00,4237.2
2024-08-30,04:15,4357.2
2024-08-30,04:30,3220.8
2024-08-30,04:45,4363.2
2024-08-30,05:00,4170
2024-08-30,05:15,3319.2
2024-08-30,05:30,3300
2024-08-30,05:45,3668.4
2024-08-30,06:00,4120.8
2024-08-30,06:15,3540
2024-08-30,06:30,3572.4
2024-08-30,06:45,3049.2
2024-08-30,07:00,4123.2
2024-08-30,07:15,3327.6
2024-08-30,07:30,3975.6
2024-08-30,07:45,2050.8
2024-08-30,08:00,1880.4
2024-08-30,08:15,853.2
2024-08-30,08:30,711.6
2024-08-30,08:45,722.4
2024-08-30,09:00,753.6
2024-08-30,09:15,633.6
2024-08-30,09:30,553.2
2024-08-30,09:45,477.6
2024-08-30,10:00,513.6
2024-08-30,10:15,404.4
2024-08-30,10:30,394.8
2024-08-30,10:45,258
2024-08-30,11:00,412.8
2024-08-30,11:15,286.8
2024-08-30,11:30,265.2
2024-08-30,11:45,296.4
2024-08-30,12:00,290.4
2024-08-30,12:15,326.4
2024-08-30,12:30,313.2
2024-08-30,12:45,315.6
2024-08-30,13:00,375.6
2024-08-30,13:15,336
2024-08-30,13:30,469.2
2024-08-30,13:45,349.2
2024-08-30,14:00,314.4
2024-08-30,14:15,477.6
2024-08-30,14:30,406.8
2024-08-30,14:45,506.4
2024-08-30,15:00,482.4
2024-08-30,15:15,1045.2
2024-08-30,15:30,1099.2
2024-08-30,15:45,991.2
2024-08-30,16:00,738
2024-08-30,16:15,871.2
2024-08-30,16:30,942
2024-08-30,16:45,820.8
2024-08-30,17:00,1082.4
2024-08-30,17:15,978
2024-08-30,17:30,1252.8
2024-08-30,17:45,1246.8
2024-08-30,18:00,1040.4
2024-08-30,18:15,1059.6
2024-08-30,18:30,1174.8
2024-08-30,18:45,1317.6
2024-08-30,19:00,1106.4
2024-08-30,19:15,1225.2
2024-08-30,19:30,1208.4
2024-08-30,19:45,1262.4
2024-08-30,20:00,1198.8
2024-08-30,20:15,1130.4
2024-08-30,20:30,1072.8
2024-08-30,20:45,1124.4
2024-08-30,21:00,1078.8
2024-08-30,21:15,1148.4
2024-08-30,21:30,1048.8
2024-08-30,21:45,1138.8
2024-08-30,22:00,1066.8
2024-08-30,22:15,1222.8
2024-08-30,22:30,1171.2
2024-08-30,22:45,1257.6
2024-08-30,23:00,1137.6
2024-08-30,23:15,1273.2
2024-08-30,23:30,1074
2024-08-30,23:45,1250.4
2024-08-31,00:00,4072.8
2024-08-31,00:15,4225.2
2024-08-31,00:30,4095.6
2024-08-31,00:45,4329.6
2024-08-31,01:00,4250.4
2024-08-31,01:15,1647.6
2024-08-31,01:30,4174.8
2024-08-31,01:45,4286.4
2024-08-31,02:00,4054.8
2024-08-31,02:15,3436.8
2024-08-31,02:30,3640.8
2024-08-31,02:45,4294.8
2024-08-31,03:00,4309.2
2024-08-31,03:15,4387.2
2024-08-31,03:30,3316.8
2024-08-31,03:45,4395.6
2024-08-31,04:00,4243.2
2024-08-31,04:15,2700
2024-08-31,04:30,3376.8
2024-08-31,04:45,4396.8
2024-08-31,05:00,4348.8
2024-08-31,05:15,4454.4
2024-08-31,05:30,4018.8
2024-08-31,05:45,4249.2
2024-08-31,06:00,3436.8
2024-08-31,06:15,4221.6
2024-08-31,06:30,3315.6
2024-08-31,06:45,3357.6
2024-08-31,07:00,3316.8
2024-08-31,07:15,4152
2024-08-31,07:30,4280.4
2024-08-31,07:45,2168.4
2024-08-31,08:00,1028.4
2024-08-31,08:15,943.2
2024-08-31,08:30,949.2
2024-08-31,08:45,867.6
2024-08-31,09:00,1159.2
2024-08-31,09:15,1113.6
2024-08-31,09:30,1014
2024-08-31,09:45,967.2
2024-08-31,10:00,847.2
2024-08-31,10:15,747.6
2024-08-31,10:30,520.8
2024-08-31,10:45,120
2024-08-31,11:00,255.6
2024-08-31,11:15,205.2
2024-08-31,11:30,381.6
2024-08-31,11:45,99.6
2024-08-31,12:00,33.6
2024-08-31,12:15,442.8
2024-08-31,12:30,-34.8
2024-08-31,12:45,148.8
2024-08-31,13:00,21.6
2024-08-31,13:15,164.4
2024-08-31,13:30,28.8
2024-08-31,13:45,499.2
2024-08-31,14:00,99.6
2024-08-31,14:15,288
2024-08-31,14:30,168
2024-08-31,14:45,249.6
2024-08-31,15:00,364.8
2024-08-31,15:15,486
2024-08-31,15:30,336
2024-08-31,15:45,444
2024-08-31,16:00,478.8
2024-08-31,16:15,508.8
2024-08-31,16:30,661.2
2024-08-31,16:45,711.6
2024-08-31,17:00,717.6
2024-08-31,17:15,876
2024-08-31,17:30,784.8
2024-08-31,17:45,866.4
2024-08-31,18:00,864
2024-08-31,18:15,842.4
2024-08-31,18:30,896.4
2024-08-31,18:45,872.4
2024-08-31,19:00,910.8
2024-08-31,19:15,999.6
2024-08-31,19:30,825.6
2024-08-31,19:45,925.2
2024-08-31,20:00,938.4
2024-08-31,20:15,902.4
2024-08-31,20:30,1016.4
2024-08-31,20:45,830.4
2024-08-31,21:00,943.2
2024-08-31,21:15,1022.4
2024-08-31,21:30,849.6
2024-08-31,21:45,902.4
2024-08-31,22:00,1030.8
2024-08-31,22:15,830.4
2024-08-31,22:30,933.6
2024-08-31,22:45,789.6
2024-08-31,23:00,960
2024-08-31,23:15,846
2024-08-31,23:30,1059.6
2024-08-31,23:45,866.4
2024-09-01,00:00,3927.6
2024-09-01,00:15,3721.2
2024-09-01,00:30,4024.8
2024-09-01,00:45,3838.8
2024-09-01,01:00,4046.4
2024-09-01,01:15,3397.2
2024-09-01,01:30,3967.2
2024-09-01,01:45,3865.2
2024-09-01,02:00,3993.6
2024-09-01,02:15,2266.8
2024-09-01,02:30,3954
2024-09-01,02:45,3854.4
2024-09-01,03:00,4011.6
2024-09-01,03:15,1057.2
2024-09-01,03:30,3924
2024-09-01,03:45,3864
2024-09-01,04:00,4154.4
2024-09-01,04:15,2196
2024-09-01,04:30,3950.4
2024-09-01,04:45,4071.6
2024-09-01,05:00,3079.2
2024-09-01,05:15,3110.4
2024-09-01,05:30,3270
2024-09-01,05:45,3835.2
2024-09-01,06:00,4006.8
2024-09-01,06:15,3013.2
2024-09-01,06:30,2397.6
2024-09-01,06:45,3606
2024-09-01,07:00,3866.4
2024-09-01,07:15,3788.4
2024-09-01,07:30,2098.8
2024-09-01,07:45,688.8
2024-09-01,08:00,715.2
2024-09-01,08:15,585.6
2024-09-01,08:30,590.4
2024-09-01,08:45,511.2
2024-09-01,09:00,427.2
2024-09-01,09:15,439.2
2024-09-01,09:30,384
2024-09-01,09:45,274.8
2024-09-01,10:00,279.6
2024-09-01,10:15,280.8
2024-09-01,10:30,112.8
2024-09-01,10:45,266.4
2024-09-01,11:00,21.6
2024-09-01,11:15,180
2024-09-01,11:30,-4.8
2024-09-01,11:45,2.4
2024-09-01,12:00,96
2024-09-01,12:15,79.2
2024-09-01,12:30,25.2
2024-09-01,12:45,-10.8
2024-09-01,13:00,406.8
2024-09-01,13:15,139.2
2024-09-01,13:30,111.6
2024-09-01,13:45,31.2
2024-09-01,14:00,169.2
2024-09-01,14:15,259.2
2024-09-01,14:30,93.6
2024-09-01,14:45,295.2
2024-09-01,15:00,235.2
2024-09-01,15:15,223.2
2024-09-01,15:30,542.4
2024-09-01,15:45,427.2
2024-09-01,16:00,638.4
2024-09-01,16:15,559.2
2024-09-01,16:30,604.8
2024-09-01,16:45,650.4
2024-09-01,17:00,740.4
2024-09-01,17:15,798
2024-09-01,17:30,974.4
2024-09-01,17:45,844.8
2024-09-01,18:00,916.8
2024-09-01,18:15,937.2
2024-09-01,18:30,770.4
2024-09-01,18:45,800.4
2024-09-01,19:00,1005.6
2024-09-01,19:15,902.4
2024-09-01,19:30,909.6
2024-09-01,19:45,903.6
2024-09-01,20:00,1014
2024-09-01,20:15,895.2
2024-09-01,20:30,904.8
2024-09-01,20:45,1003.2
2024-09-01,21:00,998.4
2024-09-01,21:15,847.2
2024-09-01,21:30,877.2
2024-09-01,21:45,918
2024-09-01,22:00,848.4
2024-09-01,22:15,1002
2024-09-01,22:30,852
2024-09-01,22:45,942
2024-09-01,23:00,841.2
2024-09-01,23:15,902.4
2024-09-01,23:30,848.4
2024-09-01,23:45,934.8
2024-09-02,00:00,3957.6
2024-09-02,00:15,3566.4
2024-09-02,00:30,4044
2024-09-02,00:45,3862.8
2024-09-02,01:00,3967.2
2024-09-02,01:15,3012
2024-09-02,01:30,4052.4
2024-09-02,01:45,3842.4
2024-09-02,02:00,4087.2
2024-09-02,02:15,1076.4
2024-09-02,02:30,4000.8
2024-09-02,02:45,3866.4
2024-09-02,03:00,4027.2
2024-09-02,03:15,1063.2
2024-09-02,03:30,3926.4
2024-09-02,03:45,3808.8
2024-09-02,04:00,4110
2024-09-02,04:15,3970.8
2024-09-02,04:30,2695.2
2024-09-02,04:45,3942
2024-09-02,05:00,4156.8
2024-09-02,05:15,3956.4
2024-09-02,05:30,1204.8
2024-09-02,05:45,3360
2024-09-02,06:00,4065.6
2024-09-02,06:15,3931.2
2024-09-02,06:30,4028.4
2024-09-02,06:45,2142
2024-09-02,07:00,3579.6
2024-09-02,07:15,3759.6
2024-09-02,07:30,3868.8
2024-09-02,07:45,2982
2024-09-02,08:00,1004.4
2024-09-02,08:15,616.8
2024-09-02,08:30,758.4
2024-09-02,08:45,584.4
2024-09-02,09:00,800.4
2024-09-02,09:15,396
2024-09-02,09:30,465.6
2024-09-02,09:45,363.6
2024-09-02,10:00,322.8
2024-09-02,10:15,402
2024-09-02,10:30,160.8
2024-09-02,10:45,416.4
2024-09-02,11:00,127.2
2024-09-02,11:15,294
2024-09-02,11:30,22.8
2024-09-02,11:45,94.8
2024-09-02,12:00,159.6
2024-09-02,12:15,80.4
2024-09-02,12:30,82.8
2024-09-02,12:45,195.6
2024-09-02,13:00,33.6
2024-09-02,13:15,180
2024-09-02,13:30,76.8
2024-09-02,13:45,382.8
2024-09-02,14:00,618
2024-09-02,14:15,674.4
2024-09-02,14:30,633.6
2024-09-02,14:45,811.2
2024-09-02,15:00,778.8
2024-09-02,15:15,859.2
2024-09-02,15:30,902.4
2024-09-02,15:45,842.4
2024-09-02,16:00,955.2
2024-09-02,16:15,805.2
2024-09-02,16:30,963.6
2024-09-02,16:45,807.6
2024-09-02,17:00,801.6
2024-09-02,17:15,811.2
2024-09-02,17:30,949.2
2024-09-02,17:45,938.4
2024-09-02,18:00,822
2024-09-02,18:15,973.2
2024-09-02,18:30,1000.8
2024-09-02,18:45,896.4
2024-09-02,19:00,908.4
2024-09-02,19:15,936
2024-09-02,19:30,862.8
2024-09-02,19:45,882
2024-09-02,20:00,871.2
2024-09-02,20:15,936
2024-09-02,20:30,897.6
2024-09-02,20:45,978
2024-09-02,21:00,796.8
2024-09-02,21:15,799.2
2024-09-02,21:30,835.2
2024-09-02,21:45,858
2024-09-02,22:00,925.2
2024-09-02,22:15,889.2
2024-09-02,22:30,846
2024-09-02,22:45,861.6
2024-09-02,23:00,934.8
2024-09-02,23:15,904.8
2024-09-02,23:30,865.2
2024-09-02,23:45,910.8
2024-09-03,00:00,2952
2024-09-03,00:15,2821.2
2024-09-03,00:30,2905.2
2024-09-03,00:45,2965.2
2024-09-03,01:00,2979.6
2024-09-03,01:15,3032.4
2024-09-03,01:30,3016.8
2024-09-03,01:45,3039.6
2024-09-03,02:00,2938.8
2024-09-03,02:15,1778.4
2024-09-03,02:30,2960.4
2024-09-03,02:45,3066
2024-09-03,03:00,3069.6
2024-09-03,03:15,1213.2
2024-09-03,03:30,3070.8
2024-09-03,03:45,3045.6
2024-09-03,04:00,3084
2024-09-03,04:15,2446.8
2024-09-03,04:30,3060
2024-09-03,04:45,3018
2024-09-03,05:00,1228.8
2024-09-03,05:15,3036
2024-09-03,05:30,3086.4
2024-09-03,05:45,2936.4
2024-09-03,06:00,1281.6
2024-09-03,06:15,3142.8
2024-09-03,06:30,2961.6
2024-09-03,06:45,2151.6
2024-09-03,07:00,3160.8
2024-09-03,07:15,3183.6
2024-09-03,07:30,2268
2024-09-03,07:45,2130
2024-09-03,08:00,1142.4
2024-09-03,08:15,1190.4
2024-09-03,08:30,1006.8
2024-09-03,08:45,1066.8
2024-09-03,09:00,1216.8
2024-09-03,09:15,1118.4
2024-09-03,09:30,1041.6
2024-09-03,09:45,1017.6
2024-09-03,10:00,956.4
2024-09-03,10:15,1059.6
2024-09-03,10:30,1050
2024-09-03,10:45,742.8
2024-09-03,11:00,805.2
2024-09-03,11:15,745.2
2024-09-03,11:30,759.6
2024-09-03,11:45,968.4
2024-09-03,12:00,708
2024-09-03,12:15,842.4
2024-09-03,12:30,693.6
2024-09-03,12:45,290.4
2024-09-03,13:00,391.2
2024-09-03,13:15,222
2024-09-03,13:30,289.2
2024-09-03,13:45,235.2
2024-09-03,14:00,580.8
2024-09-03,14:15,486
2024-09-03,14:30,598.8
2024-09-03,14:45,780
2024-09-03,15:00,614.4
2024-09-03,15:15,589.2
2024-09-03,15:30,646.8
2024-09-03,15:45,640.8
2024-09-03,16:00,349.2
2024-09-03,16:15,525.6
2024-09-03,16:30,523.2
2024-09-03,16:45,698.4
2024-09-03,17:00,609.6
2024-09-03,17:15,564
2024-09-03,17:30,661.2
2024-09-03,17:45,822
2024-09-03,18:00,640.8
2024-09-03,18:15,610.8
2024-09-03,18:30,686.4
2024-09-03,18:45,654
2024-09-03,19:00,630
2024-09-03,19:15,597.6
2024-09-03,19:30,628.8
2024-09-03,19:45,667.2
2024-09-03,20:00,698.4
2024-09-03,20:15,675.6
2024-09-03,20:30,795.6
2024-09-03,20:45,630
2024-09-03,21:00,766.8
2024-09-03,21:15,619.2
2024-09-03,21:30,684
2024-09-03,21:45,610.8
2024-09-03,22:00,634.8
2024-09-03,22:15,615.6
2024-09-03,22:30,691.2
2024-09-03,22:45,564
2024-09-03,23:00,585.6
2024-09-03,23:15,740.4
2024-09-03,23:30,691.2
2024-09-03,23:45,739.2
2024-09-04,00:00,3516
2024-09-04,00:15,3733.2
2024-09-04,00:30,3658.8
2024-09-04,00:45,3691.2
2024-09-04,01:00,3655.2
2024-09-04,01:15,2604
2024-09-04,01:30,3676.8
2024-09-04,01:45,3688.8
2024-09-04,02:00,3658.8
2024-09-04,02:15,1952.4
2024-09-04,02:30,3616.8
2024-09-04,02:45,3687.6
2024-09-04,03:00,3708
2024-09-04,03:15,2750.4
2024-09-04,03:30,3126
2024-09-04,03:45,3633.6
2024-09-04,04:00,3805.2
2024-09-04,04:15,2824.8
2024-09-04,04:30,2259.6
2024-09-04,04:45,3720
2024-09-04,05:00,3684
2024-09-04,05:15,1935.6
2024-09-04,05:30,3616.8
2024-09-04,05:45,3396
2024-09-04,06:00,3813.6
2024-09-04,06:15,2986.8
2024-09-04,06:30,3475.2
2024-09-04,06:45,3423.6
2024-09-04,07:00,2846.4
2024-09-04,07:15,3472.8
2024-09-04,07:30,2521.2
2024-09-04,07:45,1860
2024-09-04,08:00,549.6
2024-09-04,08:15,474
2024-09-04,08:30,721.2
2024-09-04,08:45,724.8
2024-09-04,09:00,388.8
2024-09-04,09:15,571.2
2024-09-04,09:30,214.8
2024-09-04,09:45,33.6
2024-09-04,10:00,424.8
2024-09-04,10:15,273.6
2024-09-04,10:30,481.2
2024-09-04,10:45,403.2
2024-09-04,11:00,-3.6
2024-09-04,11:15,12
2024-09-04,11:30,-19.2
2024-09-04,11:45,-52.8
2024-09-04,12:00,274.8
2024-09-04,12:15,230.4
2024-09-04,12:30,146.4
2024-09-04,12:45,72
2024-09-04,13:00,75.6
2024-09-04,13:15,-10.8
2024-09-04,13:30,120
2024-09-04,13:45,0
2024-09-04,14:00,58.8
2024-09-04,14:15,76.8
2024-09-04,14:30,216
2024-09-04,14:45,122.4
2024-09-04,15:00,289.2
2024-09-04,15:15,331.2
2024-09-04,15:30,447.6
2024-09-04,15:45,702
2024-09-04,16:00,522
2024-09-04,16:15,655.2
2024-09-04,16:30,816
2024-09-04,16:45,658.8
2024-09-04,17:00,902.4
2024-09-04,17:15,882
2024-09-04,17:30,973.2
2024-09-04,17:45,855.6
2024-09-04,18:00,906
2024-09-04,18:15,970.8
2024-09-04,18:30,945.6
2024-09-04,18:45,924
2024-09-04,19:00,944.4
2024-09-04,19:15,1076.4
2024-09-04,19:30,930
2024-09-04,19:45,904.8
2024-09-04,20:00,940.8
2024-09-04,20:15,916.8
2024-09-04,20:30,914.4
2024-09-04,20:45,882
2024-09-04,21:00,894
2024-09-04,21:15,1003.2
2024-09-04,21:30,938.4
2024-09-04,21:45,889.2
2024-09-04,22:00,951.6
2024-09-04,22:15,868.8
2024-09-04,22:30,891.6
2024-09-04,22:45,898.8
2024-09-04,23:00,909.6
2024-09-04,23:15,877.2
2024-09-04,23:30,874.8
2024-09-04,23:45,962.4
2024-09-05,00:00,2955.6
2024-09-05,00:15,2912.4
2024-09-05,00:30,2961.6
2024-09-05,00:45,2946
2024-09-05,01:00,2850
2024-09-05,01:15,1698
2024-09-05,01:30,2520
2024-09-05,01:45,2754
2024-09-05,02:00,2860.8
2024-09-05,02:15,2052
2024-09-05,02:30,2056.8
2024-09-05,02:45,2928
2024-09-05,03:00,2792.4
2024-09-05,03:15,2833.2
2024-09-05,03:30,1917.6
2024-09-05,03:45,2377.2
2024-09-05,04:00,2710.8
2024-09-05,04:15,2734.8
2024-09-05,04:30,1686
2024-09-05,04:45,1765.2
2024-09-05,05:00,2415.6
2024-09-05,05:15,2703.6
2024-09-05,05:30,2698.8
2024-09-05,05:45,1768.8
2024-09-05,06:00,2265.6
2024-09-05,06:15,2781.6
2024-09-05,06:30,2667.6
2024-09-05,06:45,1693.2
2024-09-05,07:00,1329.6
2024-09-05,07:15,2368.8
2024-09-05,07:30,2466
2024-09-05,07:45,2403.6
2024-09-05,08:00,1438.8
2024-09-05,08:15,208.8
2024-09-05,08:30,228
2024-09-05,08:45,157.2
2024-09-05,09:00,73.2
2024-09-05,09:15,40.8
2024-09-05,09:30,10.8
2024-09-05,09:45,-27.6
2024-09-05,10:00,-170.4
2024-09-05,10:15,-56.4
2024-09-05,10:30,-172.8
2024-09-05,10:45,-181.2
2024-09-05,11:00,-225.6
2024-09-05,11:15,-163.2
2024-09-05,11:30,-300
2024-09-05,11:45,-261.6
2024-09-05,12:00,-283.2
2024-09-05,12:15,-277.2
2024-09-05,12:30,-356.4
2024-09-05,12:45,-308.4
2024-09-05,13:00,-223.2
2024-09-05,13:15,-218.4
2024-09-05,13:30,-268.8
2024-09-05,13:45,-231.6
2024-09-05,14:00,-79.2
2024-09-05,14:15,-148.8
2024-09-05,14:30,265.2
2024-09-05,14:45,-64.8
2024-09-05,15:00,441.6
2024-09-05,15:15,436.8
2024-09-05,15:30,564
2024-09-05,15:45,808.8
2024-09-05,16:00,793.2
2024-09-05,16:15,820.8
2024-09-05,16:30,980.4
2024-09-05,16:45,960
2024-09-05,17:00,1090.8
2024-09-05,17:15,962.4
2024-09-05,17:30,862.8
2024-09-05,17:45,986.4
2024-09-05,18:00,1063.2
2024-09-05,18:15,1066.8
2024-09-05,18:30,1018.8
2024-09-05,18:45,987.6
2024-09-05,19:00,892.8
2024-09-05,19:15,945.6
2024-09-05,19:30,939.6
2024-09-05,19:45,943.2
2024-09-05,20:00,846
2024-09-05,20:15,885.6
2024-09-05,20:30,958.8
2024-09-05,20:45,1057.2
2024-09-05,21:00,1029.6
2024-09-05,21:15,951.6
2024-09-05,21:30,1119.6
2024-09-05,21:45,945.6
2024-09-05,22:00,1026
2024-09-05,22:15,812.4
2024-09-05,22:30,1126.8
2024-09-05,22:45,900
2024-09-05,23:00,1032
2024-09-05,23:15,865.2
2024-09-05,23:30,1107.6
2024-09-05,23:45,891.6
2024-09-06,00:00,3903.6
2024-09-06,00:15,3682.8
2024-09-06,00:30,4011.6
2024-09-06,00:45,3898.8
2024-09-06,01:00,4090.8
2024-09-06,01:15,2992.8
2024-09-06,01:30,3884.4
2024-09-06,01:45,3975.6
2024-09-06,02:00,3950.4
2024-09-06,02:15,2071.2
2024-09-06,02:30,3762
2024-09-06,02:45,3878.4
2024-09-06,03:00,3921.6
2024-09-06,03:15,3042
2024-09-06,03:30,1954.8
2024-09-06,03:45,3879.6
2024-09-06,04:00,3961.2
2024-09-06,04:15,4122
2024-09-06,04:30,3034.8
2024-09-06,04:45,4003.2
2024-09-06,05:00,3966
2024-09-06,05:15,4092
2024-09-06,05:30,3452.4
2024-09-06,05:45,2630.4
2024-09-06,06:00,4082.4
2024-09-06,06:15,3890.4
2024-09-06,06:30,2902.8
2024-09-06,06:45,1944
2024-09-06,07:00,2772
2024-09-06,07:15,2824.8
2024-09-06,07:30,2815.2
2024-09-06,07:45,1792.8
2024-09-06,08:00,812.4
2024-09-06,08:15,608.4
2024-09-06,08:30,610.8
2024-09-06,08:45,523.2
2024-09-06,09:00,525.6
2024-09-06,09:15,837.6
2024-09-06,09:30,747.6
2024-09-06,09:45,708
2024-09-06,10:00,606
2024-09-06,10:15,481.2
2024-09-06,10:30,601.2
2024-09-06,10:45,536.4
2024-09-06,11:00,376.8
2024-09-06,11:15,897.6
2024-09-06,11:30,188.4
2024-09-06,11:45,79.2
2024-09-06,12:00,162
2024-09-06,12:15,75.6
2024-09-06,12:30,142.8
2024-09-06,12:45,144
2024-09-06,13:00,552
2024-09-06,13:15,134.4
2024-09-06,13:30,495.6
2024-09-06,13:45,380.4
2024-09-06,14:00,568.8
2024-09-06,14:15,822
2024-09-06,14:30,464.4
2024-09-06,14:45,652.8
2024-09-06,15:00,544.8
2024-09-06,15:15,638.4
2024-09-06,15:30,835.2
2024-09-06,15:45,831.6
2024-09-06,16:00,920.4
2024-09-06,16:15,1004.4
2024-09-06,16:30,1111.2
2024-09-06,16:45,1032
2024-09-06,17:00,1089.6
2024-09-06,17:15,1083.6
2024-09-06,17:30,1134
2024-09-06,17:45,1155.6
2024-09-06,18:00,1254
2024-09-06,18:15,1188
2024-09-06,18:30,1274.4
2024-09-06,18:45,1326
2024-09-06,19:00,1293.6
2024-09-06,19:15,1278
2024-09-06,19:30,1290
2024-09-06,19:45,1153.2
2024-09-06,20:00,1258.8
2024-09-06,20:15,1321.2
2024-09-06,20:30,1341.6
2024-09-06,20:45,1368
2024-09-06,21:00,1246.8
2024-09-06,21:15,1502.4
2024-09-06,21:30,1266
2024-09-06,21:45,1263.6
2024-09-06,22:00,1208.4
2024-09-06,22:15,1231.2
2024-09-06,22:30,1260
2024-09-06,22:45,1248
2024-09-06,23:00,1278
2024-09-06,23:15,1527.6
2024-09-06,23:30,1989.6
2024-09-06,23:45,2078.4
2024-09-07,00:00,4263.6
2024-09-07,00:15,3751.2
2024-09-07,00:30,4165.2
2024-09-07,00:45,3226.8
2024-09-07,01:00,4164
2024-09-07,01:15,3154.8
2024-09-07,01:30,4143.6
2024-09-07,01:45,4150.8
2024-09-07,02:00,3627.6
2024-09-07,02:15,2377.2
2024-09-07,02:30,4146
2024-09-07,02:45,4172.4
2024-09-07,03:00,3360
2024-09-07,03:15,3278.4
2024-09-07,03:30,3302.4
2024-09-07,03:45,4242
2024-09-07,04:00,3846
2024-09-07,04:15,3228
2024-09-07,04:30,4240.8
2024-09-07,04:45,3740.4
2024-09-07,05:00,3657.6
2024-09-07,05:15,3207.6
2024-09-07,05:30,3916.8
2024-09-07,05:45,3999.6
2024-09-07,06:00,4222.8
2024-09-07,06:15,4129.2
2024-09-07,06:30,4190.4
2024-09-07,06:45,3906
2024-09-07,07:00,4021.2
2024-09-07,07:15,3158.4
2024-09-07,07:30,3900
2024-09-07,07:45,3109.2
2024-09-07,08:00,2924.4
2024-09-07,08:15,1035.6
2024-09-07,08:30,987.6
2024-09-07,08:45,973.2
2024-09-07,09:00,726
2024-09-07,09:15,753.6
2024-09-07,09:30,564
2024-09-07,09:45,636
2024-09-07,10:00,564
2024-09-07,10:15,454.8
2024-09-07,10:30,541.2
2024-09-07,10:45,324
2024-09-07,11:00,388.8
2024-09-07,11:15,357.6
2024-09-07,11:30,339.6
2024-09-07,11:45,333.6
2024-09-07,12:00,247.2
2024-09-07,12:15,400.8
2024-09-07,12:30,249.6
2024-09-07,12:45,388.8
2024-09-07,13:00,294
2024-09-07,13:15,362.4
2024-09-07,13:30,388.8
2024-09-07,13:45,334.8
2024-09-07,14:00,442.8
2024-09-07,14:15,506.4
2024-09-07,14:30,549.6
2024-09-07,14:45,498
2024-09-07,15:00,685.2
2024-09-07,15:15,724.8
2024-09-07,15:30,739.2
2024-09-07,15:45,783.6
2024-09-07,16:00,792
2024-09-07,16:15,886.8
2024-09-07,16:30,924
2024-09-07,16:45,1047.6
2024-09-07,17:00,1010.4
2024-09-07,17:15,1189.2
2024-09-07,17:30,1054.8
2024-09-07,17:45,1182
2024-09-07,18:00,1070.4
2024-09-07,18:15,1448.4
2024-09-07,18:30,1118.4
2024-09-07,18:45,1184.4
2024-09-07,19:00,1186.8
2024-09-07,19:15,1200
2024-09-07,19:30,1172.4
2024-09-07,19:45,1162.8
2024-09-07,20:00,1226.4
2024-09-07,20:15,1296
2024-09-07,20:30,1309.2
2024-09-07,20:45,1116
2024-09-07,21:00,1192.8
2024-09-07,21:15,1098
2024-09-07,21:30,1200
2024-09-07,21:45,1105.2
2024-09-07,22:00,1269.6
2024-09-07,22:15,1138.8
2024-09-07,22:30,1200
2024-09-07,22:45,1114.8
2024-09-07,23:00,1320
2024-09-07,23:15,1188
2024-09-07,23:30,1256.4
2024-09-07,23:45,1213.2
2024-09-08,00:00,4038
2024-09-08,00:15,4047.6
2024-09-08,00:30,4227.6
2024-09-08,00:45,4172.4
2024-09-08,01:00,4196.4
2024-09-08,01:15,3595.2
2024-09-08,01:30,4228.8
2024-09-08,01:45,4140
2024-09-08,02:00,4208.4
2024-09-08,02:15,2203.2
2024-09-08,02:30,3871.2
2024-09-08,02:45,4330.8
2024-09-08,03:00,4251.6
2024-09-08,03:15,4069.2
2024-09-08,03:30,3436.8
2024-09-08,03:45,4216.8
2024-09-08,04:00,4124.4
2024-09-08,04:15,3506.4
2024-09-08,04:30,2391.6
2024-09-08,04:45,4252.8
2024-09-08,05:00,4168.8
2024-09-08,05:15,3291.6
2024-09-08,05:30,3266.4
2024-09-08,05:45,4171.2
2024-09-08,06:00,4275.6
2024-09-08,06:15,4122
2024-09-08,06:30,3813.6
2024-09-08,06:45,4101.6
2024-09-08,07:00,4036.8
2024-09-08,07:15,4050
2024-09-08,07:30,2140.8
2024-09-08,07:45,1048.8
2024-09-08,08:00,1015.2
2024-09-08,08:15,864
2024-09-08,08:30,903.6
2024-09-08,08:45,663.6
2024-09-08,09:00,679.2
2024-09-08,09:15,1243.2
2024-09-08,09:30,1041.6
2024-09-08,09:45,532.8
2024-09-08,10:00,643.2
2024-09-08,10:15,360
2024-09-08,10:30,370.8
2024-09-08,10:45,448.8
2024-09-08,11:00,382.8
2024-09-08,11:15,1059.6
2024-09-08,11:30,392.4
2024-09-08,11:45,331.2
2024-09-08,12:00,417.6
2024-09-08,12:15,554.4
2024-09-08,12:30,250.8
2024-09-08,12:45,223.2
2024-09-08,13:00,895.2
2024-09-08,13:15,390
2024-09-08,13:30,314.4
2024-09-08,13:45,343.2
2024-09-08,14:00,414
2024-09-08,14:15,444
2024-09-08,14:30,409.2
2024-09-08,14:45,610.8
2024-09-08,15:00,517.2
2024-09-08,15:15,537.6
2024-09-08,15:30,698.4
2024-09-08,15:45,673.2
2024-09-08,16:00,814.8
2024-09-08,16:15,784.8
2024-09-08,16:30,952.8
2024-09-08,16:45,858
2024-09-08,17:00,1149.6
2024-09-08,17:15,886.8
2024-09-08,17:30,1230
2024-09-08,17:45,1106.4
2024-09-08,18:00,1074
2024-09-08,18:15,1168.8
2024-09-08,18:30,1177.2
2024-09-08,18:45,1256.4
2024-09-08,19:00,1104
2024-09-08,19:15,1258.8
2024-09-08,19:30,1162.8
2024-09-08,19:45,1164
2024-09-08,20:00,1063.2
2024-09-08,20:15,1154.4
2024-09-08,20:30,1159.2
2024-09-08,20:45,1107.6
2024-09-08,21:00,1088.4
2024-09-08,21:15,1088.4
2024-09-08,21:30,1228.8
2024-09-08,21:45,1140
2024-09-08,22:00,1216.8
2024-09-08,22:15,1080
2024-09-08,22:30,1197.6
2024-09-08,22:45,1160.4
2024-09-08,23:00,1147.2
2024-09-08,23:15,1152
2024-09-08,23:30,1182
2024-09-08,23:45,1071.6
2024-09-09,00:00,1056
2024-09-09,00:15,4344
2024-09-09,00:30,3958.8
2024-09-09,00:45,4156.8
2024-09-09,01:00,4387.2
2024-09-09,01:15,3177.6
2024-09-09,01:30,3525.6
2024-09-09,01:45,4194
2024-09-09,02:00,4196.4
2024-09-09,02:15,4076.4
2024-09-09,02:30,1611.6
2024-09-09,02:45,3495.6
2024-09-09,03:00,4184.4
2024-09-09,03:15,4164
2024-09-09,03:30,2271.6
2024-09-09,03:45,3214.8
2024-09-09,04:00,4166.4
2024-09-09,04:15,4350
2024-09-09,04:30,2295.6
2024-09-09,04:45,3210
2024-09-09,05:00,3783.6
2024-09-09,05:15,4299.6
2024-09-09,05:30,3300
2024-09-09,05:45,4203.6
2024-09-09,06:00,3298.8
2024-09-09,06:15,4346.4
2024-09-09,06:30,2258.4
2024-09-09,06:45,3981.6
2024-09-09,07:00,3313.2
2024-09-09,07:15,3754.8
2024-09-09,07:30,4022.4
2024-09-09,07:45,2395.2
2024-09-09,08:00,2134.8
2024-09-09,08:15,999.6
2024-09-09,08:30,789.6
2024-09-09,08:45,818.4
2024-09-09,09:00,837.6
2024-09-09,09:15,636
2024-09-09,09:30,560.4
2024-09-09,09:45,1063.2
2024-09-09,10:00,484.8
2024-09-09,10:15,498
2024-09-09,10:30,684
2024-09-09,10:45,1028.4
2024-09-09,11:00,906
2024-09-09,11:15,973.2
2024-09-09,11:30,183.6
2024-09-09,11:45,262.8
2024-09-09,12:00,354
2024-09-09,12:15,831.6
2024-09-09,12:30,265.2
2024-09-09,12:45,333.6
2024-09-09,13:00,348
2024-09-09,13:15,356.4
2024-09-09,13:30,447.6
2024-09-09,13:45,624
2024-09-09,14:00,553.2
2024-09-09,14:15,600
2024-09-09,14:30,514.8
2024-09-09,14:45,523.2
2024-09-09,15:00,742.8
2024-09-09,15:15,661.2
2024-09-09,15:30,712.8
2024-09-09,15:45,912
2024-09-09,16:00,780
2024-09-09,16:15,681.6
2024-09-09,16:30,1066.8
2024-09-09,16:45,1077.6
2024-09-09,17:00,990
2024-09-09,17:15,1065.6
2024-09-09,17:30,1122
2024-09-09,17:45,1051.2
2024-09-09,18:00,1260
2024-09-09,18:15,1174.8
2024-09-09,18:30,1254
2024-09-09,18:45,1120.8
2024-09-09,19:00,1315.2
2024-09-09,19:15,1209.6
2024-09-09,19:30,1258.8
2024-09-09,19:45,1282.8
2024-09-09,20:00,1263.6
2024-09-09,20:15,1237.2
2024-09-09,20:30,1324.8
2024-09-09,20:45,1153.2
2024-09-09,21:00,1270.8
2024-09-09,21:15,1233.6
2024-09-09,21:30,1269.6
2024-09-09,21:45,1364.4
2024-09-09,22:00,1340.4
2024-09-09,22:15,1338
2024-09-09,22:30,1281.6
2024-09-09,22:45,1172.4
2024-09-09,23:00,2119.2
2024-09-09,23:15,2157.6
2024-09-09,23:30,2186.4
2024-09-09,23:45,1286.4
2024-09-10,00:00,2374.8
2024-09-10,00:15,2431.2
2024-09-10,00:30,2365.2
2024-09-10,00:45,2322
2024-09-10,01:00,2253.6
2024-09-10,01:15,2890.8
2024-09-10,01:30,3181.2
2024-09-10,01:45,3163.2
2024-09-10,02:00,2158.8
2024-09-10,02:15,2312.4
2024-09-10,02:30,3242.4
2024-09-10,02:45,3116.4
2024-09-10,03:00,2347.2
2024-09-10,03:15,3142.8
2024-09-10,03:30,3178.8
2024-09-10,03:45,3122.4
2024-09-10,04:00,2443.2
2024-09-10,04:15,3243.6
2024-09-10,04:30,3199.2
2024-09-10,04:45,3210
2024-09-10,05:00,2380.8
2024-09-10,05:15,2182.8
2024-09-10,05:30,3267.6
2024-09-10,05:45,3271.2
2024-09-10,06:00,3195.6
2024-09-10,06:15,3132
2024-09-10,06:30,3202.8
2024-09-10,06:45,3141.6
2024-09-10,07:00,3162
2024-09-10,07:15,2271.6
2024-09-10,07:30,2144.4
2024-09-10,07:45,1176
2024-09-10,08:00,1131.6
2024-09-10,08:15,1111.2
2024-09-10,08:30,885.6
2024-09-10,08:45,1011.6
2024-09-10,09:00,1094.4
2024-09-10,09:15,758.4
2024-09-10,09:30,591.6
2024-09-10,09:45,813.6
2024-09-10,10:00,1006.8
2024-09-10,10:15,908.4
2024-09-10,10:30,558
2024-09-10,10:45,404.4
2024-09-10,11:00,535.2
2024-09-10,11:15,375.6
2024-09-10,11:30,552
2024-09-10,11:45,559.2
2024-09-10,12:00,680.4
2024-09-10,12:15,774
2024-09-10,12:30,846
2024-09-10,12:45,1047.6
2024-09-10,13:00,447.6
2024-09-10,13:15,561.6
2024-09-10,13:30,724.8
2024-09-10,13:45,456
2024-09-10,14:00,968.4
2024-09-10,14:15,711.6
2024-09-10,14:30,690
2024-09-10,14:45,934.8
2024-09-10,15:00,1039.2
2024-09-10,15:15,980.4
2024-09-10,15:30,1057.2
2024-09-10,15:45,1011.6
2024-09-10,16:00,963.6
2024-09-10,16:15,1106.4
2024-09-10,16:30,1228.8
2024-09-10,16:45,1071.6
2024-09-10,17:00,1123.2
2024-09-10,17:15,1179.6
2024-09-10,17:30,1117.2
2024-09-10,17:45,1131.6
2024-09-10,18:00,1162.8
2024-09-10,18:15,1200
2024-09-10,18:30,1332
2024-09-10,18:45,1118.4
2024-09-10,19:00,1293.6
2024-09-10,19:15,1276.8
2024-09-10,19:30,1245.6
2024-09-10,19:45,1232.4
2024-09-10,20:00,1234.8
2024-09-10,20:15,1332
2024-09-10,20:30,1238.4
2024-09-10,20:45,1290
2024-09-10,21:00,1284
2024-09-10,21:15,1166.4
2024-09-10,21:30,1212
2024-09-10,21:45,1201.2
2024-09-10,22:00,1244.4
2024-09-10,22:15,1285.2
2024-09-10,22:30,1202.4
2024-09-10,22:45,1116
2024-09-10,23:00,1236
2024-09-10,23:15,2307.6
2024-09-10,23:30,2108.4
2024-09-10,23:45,2156.4
2024-09-11,00:00,3170.4
2024-09-11,00:15,2486.4
2024-09-11,00:30,3096
2024-09-11,00:45,3334.8
2024-09-11,01:00,3381.6
2024-09-11,01:15,4212
2024-09-11,01:30,4225.2
2024-09-11,01:45,3514.8
2024-09-11,02:00,4327.2
2024-09-11,02:15,3505.2
2024-09-11,02:30,4122
2024-09-11,02:45,3246
2024-09-11,03:00,4045.2
2024-09-11,03:15,2450.4
2024-09-11,03:30,4135.2
2024-09-11,03:45,4329.6
2024-09-11,04:00,4203.6
2024-09-11,04:15,2583.6
2024-09-11,04:30,4191.6
2024-09-11,04:45,4292.4
2024-09-11,05:00,4159.2
2024-09-11,05:15,2995.2
2024-09-11,05:30,4214.4
2024-09-11,05:45,4209.6
2024-09-11,06:00,3751.2
2024-09-11,06:15,3577.2
2024-09-11,06:30,4390.8
2024-09-11,06:45,4176
2024-09-11,07:00,3890.4
2024-09-11,07:15,2378.4
2024-09-11,07:30,3247.2
2024-09-11,07:45,2478
2024-09-11,08:00,2293.2
2024-09-11,08:15,1490.4
2024-09-11,08:30,1252.8
2024-09-11,08:45,1366.8
2024-09-11,09:00,1406.4
2024-09-11,09:15,1357.2
2024-09-11,09:30,1222.8
2024-09-11,09:45,1238.4
2024-09-11,10:00,1536
2024-09-11,10:15,946.8
2024-09-11,10:30,674.4
2024-09-11,10:45,608.4
2024-09-11,11:00,892.8
2024-09-11,11:15,783.6
2024-09-11,11:30,75.6
2024-09-11,11:45,134.4
2024-09-11,12:00,399.6
2024-09-11,12:15,1052.4
2024-09-11,12:30,913.2
2024-09-11,12:45,976.8
2024-09-11,13:00,370.8
2024-09-11,13:15,1138.8
2024-09-11,13:30,1225.2
2024-09-11,13:45,1071.6
2024-09-11,14:00,1226.4
2024-09-11,14:15,982.8
2024-09-11,14:30,970.8
2024-09-11,14:45,1114.8
2024-09-11,15:00,1126.8
2024-09-11,15:15,1144.8
2024-09-11,15:30,1089.6
2024-09-11,15:45,902.4
2024-09-11,16:00,1114.8
2024-09-11,16:15,1114.8
2024-09-11,16:30,1179.6
2024-09-11,16:45,1033.2
2024-09-11,17:00,1309.2
2024-09-11,17:15,1131.6
2024-09-11,17:30,1117.2
2024-09-11,17:45,1033.2
2024-09-11,18:00,1305.6
2024-09-11,18:15,1054.8
2024-09-11,18:30,1204.8
2024-09-11,18:45,1204.8
2024-09-11,19:00,1179.6
2024-09-11,19:15,1101.6
2024-09-11,19:30,1244.4
2024-09-11,19:45,1196.4
2024-09-11,20:00,1107.6
2024-09-11,20:15,1153.2
2024-09-11,20:30,1228.8
2024-09-11,20:45,1230
2024-09-11,21:00,1158
2024-09-11,21:15,1090.8
2024-09-11,21:30,1214.4
2024-09-11,21:45,1267.2
2024-09-11,22:00,1303.2
2024-09-11,22:15,1244.4
2024-09-11,22:30,1201.2
2024-09-11,22:45,1148.4
2024-09-11,23:00,1153.2
2024-09-11,23:15,1101.6
2024-09-11,23:30,1156.8
2024-09-11,23:45,1100.4
2024-09-12,00:00,4038
2024-09-12,00:15,3784.8
2024-09-12,00:30,4198.8
2024-09-12,00:45,4220.4
2024-09-12,01:00,4098
2024-09-12,01:15,3994.8
2024-09-12,01:30,3734.4
2024-09-12,01:45,4111.2
2024-09-12,02:00,4118.4
2024-09-12,02:15,3382.8
2024-09-12,02:30,3114
2024-09-12,02:45,4020
2024-09-12,03:00,4167.6
2024-09-12,03:15,2296.8
2024-09-12,03:30,3127.2
2024-09-12,03:45,3871.2
2024-09-12,04:00,4260
2024-09-12,04:15,4087.2
2024-09-12,04:30,3398.4
2024-09-12,04:45,4134
2024-09-12,05:00,4266
2024-09-12,05:15,4082.4
2024-09-12,05:30,3398.4
2024-09-12,05:45,3938.4
2024-09-12,06:00,4248
2024-09-12,06:15,4164
2024-09-12,06:30,2970
2024-09-12,06:45,4179.6
2024-09-12,07:00,4108.8
2024-09-12,07:15,3180
2024-09-12,07:30,2406
2024-09-12,07:45,1934.4
2024-09-12,08:00,1926
2024-09-12,08:15,722.4
2024-09-12,08:30,980.4
2024-09-12,08:45,614.4
2024-09-12,09:00,837.6
2024-09-12,09:15,532.8
2024-09-12,09:30,746.4
2024-09-12,09:45,412.8
2024-09-12,10:00,420
2024-09-12,10:15,519.6
2024-09-12,10:30,427.2
2024-09-12,10:45,259.2
2024-09-12,11:00,314.4
2024-09-12,11:15,289.2
2024-09-12,11:30,306
2024-09-12,11:45,237.6
2024-09-12,12:00,1005.6
2024-09-12,12:15,318
2024-09-12,12:30,284.4
2024-09-12,12:45,406.8
2024-09-12,13:00,492
2024-09-12,13:15,733.2
2024-09-12,13:30,808.8
2024-09-12,13:45,987.6
2024-09-12,14:00,817.2
2024-09-12,14:15,811.2
2024-09-12,14:30,880.8
2024-09-12,14:45,447.6
2024-09-12,15:00,927.6
2024-09-12,15:15,740.4
2024-09-12,15:30,604.8
2024-09-12,15:45,848.4
2024-09-12,16:00,786
2024-09-12,16:15,933.6
2024-09-12,16:30,891.6
2024-09-12,16:45,1039.2
2024-09-12,17:00,1040.4
2024-09-12,17:15,993.6
2024-09-12,17:30,1018.8
2024-09-12,17:45,1030.8
2024-09-12,18:00,1102.8
2024-09-12,18:15,1184.4
2024-09-12,18:30,1261.2
2024-09-12,18:45,1255.2
2024-09-12,19:00,1174.8
2024-09-12,19:15,1125.6
2024-09-12,19:30,1038
2024-09-12,19:45,920.4
2024-09-12,20:00,1231.2
2024-09-12,20:15,1236
2024-09-12,20:30,1069.2
2024-09-12,20:45,1200
2024-09-12,21:00,1345.2
2024-09-12,21:15,1170
2024-09-12,21:30,1148.4
2024-09-12,21:45,1237.2
2024-09-12,22:00,1192.8
2024-09-12,22:15,1208.4
2024-09-12,22:30,1184.4
2024-09-12,22:45,1024.8
2024-09-12,23:00,1126.8
2024-09-12,23:15,1107.6
2024-09-12,23:30,1141.2
2024-09-12,23:45,1254
2024-09-13,00:00,4143.6
2024-09-13,00:15,4147.2
2024-09-13,00:30,4131.6
2024-09-13,00:45,4256.4
2024-09-13,01:00,4202.4
2024-09-13,01:15,3483.6
2024-09-13,01:30,4264.8
2024-09-13,01:45,4213.2
2024-09-13,02:00,4170
2024-09-13,02:15,2374.8
2024-09-13,02:30,3187.2
2024-09-13,02:45,4182
2024-09-13,03:00,4262.4
2024-09-13,03:15,4090.8
2024-09-13,03:30,3241.2
2024-09-13,03:45,3236.4
2024-09-13,04:00,4182
2024-09-13,04:15,4129.2
2024-09-13,04:30,3067.2
2024-09-13,04:45,3158.4
2024-09-13,05:00,4114.8
2024-09-13,05:15,4044
2024-09-13,05:30,4209.6
2024-09-13,05:45,1275.6
2024-09-13,06:00,4062
2024-09-13,06:15,3909.6
2024-09-13,06:30,3990
2024-09-13,06:45,2125.2
2024-09-13,07:00,3750
2024-09-13,07:15,3800.4
2024-09-13,07:30,3969.6
2024-09-13,07:45,2970
2024-09-13,08:00,945.6
2024-09-13,08:15,848.4
2024-09-13,08:30,924
2024-09-13,08:45,876
2024-09-13,09:00,583.2
2024-09-13,09:15,493.2
2024-09-13,09:30,588
2024-09-13,09:45,265.2
2024-09-13,10:00,94.8
2024-09-13,10:15,286.8
2024-09-13,10:30,20.4
2024-09-13,10:45,122.4
2024-09-13,11:00,49.2
2024-09-13,11:15,777.6
2024-09-13,11:30,664.8
2024-09-13,11:45,808.8
2024-09-13,12:00,19.2
2024-09-13,12:15,49.2
2024-09-13,12:30,668.4
2024-09-13,12:45,540
2024-09-13,13:00,224.4
2024-09-13,13:15,-14.4
2024-09-13,13:30,102
2024-09-13,13:45,37.2
2024-09-13,14:00,133.2
2024-09-13,14:15,157.2
2024-09-13,14:30,195.6
2024-09-13,14:45,315.6
2024-09-13,15:00,170.4
2024-09-13,15:15,291.6
2024-09-13,15:30,674.4
2024-09-13,15:45,555.6
2024-09-13,16:00,609.6
2024-09-13,16:15,735.6
2024-09-13,16:30,784.8
2024-09-13,16:45,745.2
2024-09-13,17:00,846
2024-09-13,17:15,744
2024-09-13,17:30,688.8
2024-09-13,17:45,758.4
2024-09-13,18:00,781.2
2024-09-13,18:15,1122
2024-09-13,18:30,900
2024-09-13,18:45,932.4
2024-09-13,19:00,799.2
2024-09-13,19:15,1058.4
2024-09-13,19:30,848.4
2024-09-13,19:45,938.4
2024-09-13,20:00,910.8
2024-09-13,20:15,951.6
2024-09-13,20:30,933.6
2024-09-13,20:45,918
2024-09-13,21:00,921.6
2024-09-13,21:15,933.6
2024-09-13,21:30,915.6
2024-09-13,21:45,883.2
2024-09-13,22:00,961.2
2024-09-13,22:15,870
2024-09-13,22:30,878.4
2024-09-13,22:45,938.4
2024-09-13,23:00,885.6
2024-09-13,23:15,901.2
2024-09-13,23:30,907.2
2024-09-13,23:45,1040.4
2024-09-14,00:00,3973.2
2024-09-14,00:15,3781.2
2024-09-14,00:30,4009.2
2024-09-14,00:45,3826.8
2024-09-14,01:00,3999.6
2024-09-14,01:15,2732.4
2024-09-14,01:30,3883.2
2024-09-14,01:45,3895.2
2024-09-14,02:00,4054.8
2024-09-14,02:15,3128.4
2024-09-14,02:30,2040
2024-09-14,02:45,3841.2
2024-09-14,03:00,4095.6
2024-09-14,03:15,3942
2024-09-14,03:30,3204
2024-09-14,03:45,3193.2
2024-09-14,04:00,3990
2024-09-14,04:15,4012.8
2024-09-14,04:30,3945.6
2024-09-14,04:45,3228
2024-09-14,05:00,4002
2024-09-14,05:15,4002
2024-09-14,05:30,3064.8
2024-09-14,05:45,2422.8
2024-09-14,06:00,3945.6
2024-09-14,06:15,4063.2
2024-09-14,06:30,3188.4
2024-09-14,06:45,2953.2
2024-09-14,07:00,3734.4
2024-09-14,07:15,2847.6
2024-09-14,07:30,4101.6
2024-09-14,07:45,3252
2024-09-14,08:00,1852.8
2024-09-14,08:15,886.8
2024-09-14,08:30,799.2
2024-09-14,08:45,532.8
2024-09-14,09:00,430.8
2024-09-14,09:15,406.8
2024-09-14,09:30,278.4
2024-09-14,09:45,710.4
2024-09-14,10:00,448.8
2024-09-14,10:15,302.4
2024-09-14,10:30,181.2
2024-09-14,10:45,9.6
2024-09-14,11:00,198
2024-09-14,11:15,32.4
2024-09-14,11:30,620.4
2024-09-14,11:45,790.8
2024-09-14,12:00,76.8
2024-09-14,12:15,-126
2024-09-14,12:30,715.2
2024-09-14,12:45,92.4
2024-09-14,13:00,694.8
2024-09-14,13:15,66
2024-09-14,13:30,613.2
2024-09-14,13:45,130.8
2024-09-14,14:00,319.2
2024-09-14,14:15,592.8
2024-09-14,14:30,519.6
2024-09-14,14:45,253.2
2024-09-14,15:00,906
2024-09-14,15:15,284.4
2024-09-14,15:30,291.6
2024-09-14,15:45,387.6
2024-09-14,16:00,392.4
2024-09-14,16:15,622.8
2024-09-14,16:30,584.4
2024-09-14,16:45,734.4
2024-09-14,17:00,1016.4
2024-09-14,17:15,976.8
2024-09-14,17:30,921.6
2024-09-14,17:45,882
2024-09-14,18:00,854.4
2024-09-14,18:15,937.2
2024-09-14,18:30,1004.4
2024-09-14,18:45,943.2
2024-09-14,19:00,894
2024-09-14,19:15,981.6
2024-09-14,19:30,991.2
2024-09-14,19:45,928.8
2024-09-14,20:00,967.2
2024-09-14,20:15,1041.6
2024-09-14,20:30,1029.6
2024-09-14,20:45,880.8
2024-09-14,21:00,966
2024-09-14,21:15,838.8
2024-09-14,21:30,1083.6
2024-09-14,21:45,957.6
2024-09-14,22:00,900
2024-09-14,22:15,1084.8
2024-09-14,22:30,906
2024-09-14,22:45,930
2024-09-14,23:00,859.2
2024-09-14,23:15,927.6
2024-09-14,23:30,859.2
2024-09-14,23:45,970.8
2024-09-15,00:00,3542.4
2024-09-15,00:15,3907.2
2024-09-15,00:30,4105.2
2024-09-15,00:45,3416.4
2024-09-15,01:00,4074
2024-09-15,01:15,2277.6
2024-09-15,01:30,3894
2024-09-15,01:45,3975.6
2024-09-15,02:00,3925.2
2024-09-15,02:15,2548.8
2024-09-15,02:30,3980.4
2024-09-15,02:45,4051.2
2024-09-15,03:00,3886.8
2024-09-15,03:15,3105.6
2024-09-15,03:30,3697.2
2024-09-15,03:45,4089.6
2024-09-15,04:00,3938.4
2024-09-15,04:15,3841.2
2024-09-15,04:30,3388.8
2024-09-15,04:45,4087.2
2024-09-15,05:00,3816
2024-09-15,05:15,3894
2024-09-15,05:30,2836.8
2024-09-15,05:45,3350.4
2024-09-15,06:00,3763.2
2024-09-15,06:15,3876
2024-09-15,06:30,2733.6
2024-09-15,06:45,3339.6
2024-09-15,07:00,3867.6
2024-09-15,07:15,3696
2024-09-15,07:30,2751.6
2024-09-15,07:45,957.6
2024-09-15,08:00,763.2
2024-09-15,08:15,927.6
2024-09-15,08:30,877.2
2024-09-15,08:45,988.8
2024-09-15,09:00,1089.6
2024-09-15,09:15,678
2024-09-15,09:30,448.8
2024-09-15,09:45,121.2
2024-09-15,10:00,344.4
2024-09-15,10:15,61.2
2024-09-15,10:30,379.2
2024-09-15,10:45,560.4
2024-09-15,11:00,540
2024-09-15,11:15,715.2
2024-09-15,11:30,62.4
2024-09-15,11:45,-132
2024-09-15,12:00,31.2
2024-09-15,12:15,507.6
2024-09-15,12:30,459.6
2024-09-15,12:45,36
2024-09-15,13:00,-27.6
2024-09-15,13:15,-18
2024-09-15,13:30,73.2
2024-09-15,13:45,50.4
2024-09-15,14:00,127.2
2024-09-15,14:15,78
2024-09-15,14:30,79.2
2024-09-15,14:45,218.4
2024-09-15,15:00,763.2
2024-09-15,15:15,885.6
2024-09-15,15:30,349.2
2024-09-15,15:45,412.8
2024-09-15,16:00,872.4
2024-09-15,16:15,523.2
2024-09-15,16:30,762
2024-09-15,16:45,823.2
2024-09-15,17:00,812.4
2024-09-15,17:15,831.6
2024-09-15,17:30,769.2
2024-09-15,17:45,996
2024-09-15,18:00,800.4
2024-09-15,18:15,903.6
2024-09-15,18:30,886.8
2024-09-15,18:45,885.6
2024-09-15,19:00,898.8
2024-09-15,19:15,780
2024-09-15,19:30,924
2024-09-15,19:45,778.8
2024-09-15,20:00,924
2024-09-15,20:15,884.4
2024-09-15,20:30,924
2024-09-15,20:45,914.4
2024-09-15,21:00,787.2
2024-09-15,21:15,1078.8
2024-09-15,21:30,850.8
2024-09-15,21:45,886.8
2024-09-15,22:00,829.2
2024-09-15,22:15,934.8
2024-09-15,22:30,942
2024-09-15,22:45,884.4
2024-09-15,23:00,984
2024-09-15,23:15,886.8
2024-09-15,23:30,930
2024-09-15,23:45,993.6
2024-09-16,00:00,3830.4
2024-09-16,00:15,3931.2
2024-09-16,00:30,3838.8
2024-09-16,00:45,3902.4
2024-09-16,01:00,3870
2024-09-16,01:15,1744.8
2024-09-16,01:30,4008
2024-09-16,01:45,3945.6
2024-09-16,02:00,3961.2
2024-09-16,02:15,1142.4
2024-09-16,02:30,3748.8
2024-09-16,02:45,3790.8
2024-09-16,03:00,3956.4
2024-09-16,03:15,3834
2024-09-16,03:30,4024.8
2024-09-16,03:45,3726
2024-09-16,04:00,4178.4
2024-09-16,04:15,3895.2
2024-09-16,04:30,2462.4
2024-09-16,04:45,3990
2024-09-16,05:00,4042.8
2024-09-16,05:15,2974.8
2024-09-16,05:30,2064
2024-09-16,05:45,3795.6
2024-09-16,06:00,3937.2
2024-09-16,06:15,4209.6
2024-09-16,06:30,2313.6
2024-09-16,06:45,3003.6
2024-09-16,07:00,3837.6
2024-09-16,07:15,4070.4
2024-09-16,07:30,4087.2
2024-09-16,07:45,1174.8
2024-09-16,08:00,1284
2024-09-16,08:15,1040.4
2024-09-16,08:30,1140
2024-09-16,08:45,1129.2
2024-09-16,09:00,1167.6
2024-09-16,09:15,1075.2
2024-09-16,09:30,1155.6
2024-09-16,09:45,1128
2024-09-16,10:00,1117.2
2024-09-16,10:15,1058.4
2024-09-16,10:30,1126.8
2024-09-16,10:45,1197.6
2024-09-16,11:00,762
2024-09-16,11:15,962.4
2024-09-16,11:30,872.4
2024-09-16,11:45,978
2024-09-16,12:00,897.6
2024-09-16,12:15,1136.4
2024-09-16,12:30,924
2024-09-16,12:45,1014
2024-09-16,13:00,872.4
2024-09-16,13:15,918
2024-09-16,13:30,1014
2024-09-16,13:45,806.4
2024-09-16,14:00,940.8
2024-09-16,14:15,958.8
2024-09-16,14:30,942
2024-09-16,14:45,926.4
2024-09-16,15:00,903.6
2024-09-16,15:15,978
2024-09-16,15:30,986.4
2024-09-16,15:45,997.2
2024-09-16,16:00,954
2024-09-16,16:15,862.8
2024-09-16,16:30,922.8
2024-09-16,16:45,852
2024-09-16,17:00,818.4
2024-09-16,17:15,778.8
2024-09-16,17:30,858
2024-09-16,17:45,742.8
2024-09-16,18:00,657.6
2024-09-16,18:15,838.8
2024-09-16,18:30,747.6
2024-09-16,18:45,759.6
2024-09-16,19:00,660
2024-09-16,19:15,777.6
2024-09-16,19:30,662.4
2024-09-16,19:45,693.6
2024-09-16,20:00,607.2
2024-09-16,20:15,656.4
2024-09-16,20:30,619.2
2024-09-16,20:45,548.4
2024-09-16,21:00,756
2024-09-16,21:15,651.6
2024-09-16,21:30,574.8
2024-09-16,21:45,600
2024-09-16,22:00,588
2024-09-16,22:15,654
2024-09-16,22:30,562.8
2024-09-16,22:45,694.8
2024-09-16,23:00,566.4
2024-09-16,23:15,636
2024-09-16,23:30,603.6
2024-09-16,23:45,620.4
2024-09-17,00:00,3616.8
2024-09-17,00:15,3256.8
2024-09-17,00:30,3775.2
2024-09-17,00:45,3652.8
2024-09-17,01:00,3776.4
2024-09-17,01:15,2208
2024-09-17,01:30,3752.4
2024-09-17,01:45,3649.2
2024-09-17,02:00,3824.4
2024-09-17,02:15,1100.4
2024-09-17,02:30,3685.2
2024-09-17,02:45,3650.4
2024-09-17,03:00,3762
2024-09-17,03:15,2642.4
2024-09-17,03:30,3559.2
2024-09-17,03:45,3594
2024-09-17,04:00,3609.6
2024-09-17,04:15,2787.6
2024-09-17,04:30,2353.2
2024-09-17,04:45,3636
2024-09-17,05:00,3748.8
2024-09-17,05:15,3589.2
2024-09-17,05:30,2532
2024-09-17,05:45,3600
2024-09-17,06:00,3681.6
2024-09-17,06:15,3584.4
2024-09-17,06:30,2192.4
2024-09-17,06:45,627.6
2024-09-17,07:00,663.6
2024-09-17,07:15,480
2024-09-17,07:30,631.2
2024-09-17,07:45,453.6
2024-09-17,08:00,519.6
2024-09-17,08:15,126
2024-09-17,08:30,58.8
2024-09-17,08:45,146.4
2024-09-17,09:00,225.6
2024-09-17,09:15,270
2024-09-17,09:30,-15.6
2024-09-17,09:45,169.2
2024-09-17,10:00,-337.2
2024-09-17,10:15,-252
2024-09-17,10:30,-426
2024-09-17,10:45,-319.2
2024-09-17,11:00,-615.6
2024-09-17,11:15,-507.6
2024-09-17,11:30,-216
2024-09-17,11:45,-144
2024-09-17,12:00,141.6
2024-09-17,12:15,-579.6
2024-09-17,12:30,314.4
2024-09-17,12:45,-384
2024-09-17,13:00,177.6
2024-09-17,13:15,385.2
2024-09-17,13:30,175.2
2024-09-17,13:45,152.4
2024-09-17,14:00,243.6
2024-09-17,14:15,243.6
2024-09-17,14:30,193.2
2024-09-17,14:45,300
2024-09-17,15:00,-339.6
2024-09-17,15:15,344.4
2024-09-17,15:30,426
2024-09-17,15:45,499.2
2024-09-17,16:00,620.4
2024-09-17,16:15,434.4
2024-09-17,16:30,613.2
2024-09-17,16:45,361.2
2024-09-17,17:00,754.8
2024-09-17,17:15,607.2
2024-09-17,17:30,706.8
2024-09-17,17:45,696
2024-09-17,18:00,765.6
2024-09-17,18:15,712.8
2024-09-17,18:30,660
2024-09-17,18:45,682.8
2024-09-17,19:00,752.4
2024-09-17,19:15,691.2
2024-09-17,19:30,795.6
2024-09-17,19:45,633.6
2024-09-17,20:00,778.8
2024-09-17,20:15,637.2
2024-09-17,20:30,705.6
2024-09-17,20:45,568.8
2024-09-17,21:00,704.4
2024-09-17,21:15,572.4
2024-09-17,21:30,690
2024-09-17,21:45,634.8
2024-09-17,22:00,615.6
2024-09-17,22:15,625.2
2024-09-17,22:30,624
2024-09-17,22:45,812.4
2024-09-17,23:00,670.8
2024-09-17,23:15,673.2
2024-09-17,23:30,567.6
2024-09-17,23:45,787.2
2024-09-18,00:00,577.2
2024-09-18,00:15,660
2024-09-18,00:30,614.4
2024-09-18,00:45,580.8
2024-09-18,01:00,624
2024-09-18,01:15,528
2024-09-18,01:30,663.6
2024-09-18,01:45,536.4
2024-09-18,02:00,740.4
2024-09-18,02:15,553.2
2024-09-18,02:30,715.2
2024-09-18,02:45,631.2
2024-09-18,03:00,764.4
2024-09-18,03:15,564
2024-09-18,03:30,720
2024-09-18,03:45,590.4
2024-09-18,04:00,607.2
2024-09-18,04:15,709.2
2024-09-18,04:30,589.2
2024-09-18,04:45,687.6
2024-09-18,05:00,574.8
2024-09-18,05:15,613.2
2024-09-18,05:30,583.2
2024-09-18,05:45,691.2
2024-09-18,06:00,745.2
2024-09-18,06:15,666
2024-09-18,06:30,579.6
2024-09-18,06:45,572.4
2024-09-18,07:00,472.8
2024-09-18,07:15,506.4
2024-09-18,07:30,385.2
2024-09-18,07:45,447.6
2024-09-18,08:00,350.4
2024-09-18,08:15,321.6
2024-09-18,08:30,184.8
2024-09-18,08:45,360
2024-09-18,09:00,96
2024-09-18,09:15,158.4
2024-09-18,09:30,-70.8
2024-09-18,09:45,-22.8
2024-09-18,10:00,-92.4
2024-09-18,10:15,-195.6
2024-09-18,10:30,-199.2
2024-09-18,10:45,-204
2024-09-18,11:00,-243.6
2024-09-18,11:15,310.8
2024-09-18,11:30,397.2
2024-09-18,11:45,936
2024-09-18,12:00,277.2
2024-09-18,12:15,63.6
2024-09-18,12:30,166.8
2024-09-18,12:45,-63.6
2024-09-18,13:00,-4.8
2024-09-18,13:15,12
2024-09-18,13:30,-48
2024-09-18,13:45,162
2024-09-18,14:00,36
2024-09-18,14:15,240
2024-09-18,14:30,176.4
2024-09-18,14:45,277.2
2024-09-18,15:00,307.2
2024-09-18,15:15,273.6
2024-09-18,15:30,465.6
2024-09-18,15:45,1178.4
2024-09-18,16:00,1177.2
2024-09-18,16:15,1250.4
2024-09-18,16:30,1213.2
2024-09-18,16:45,1292.4
2024-09-18,17:00,1437.6
2024-09-18,17:15,1270.8
2024-09-18,17:30,1572
2024-09-18,17:45,1488
2024-09-18,18:00,1333.2
2024-09-18,18:15,1406.4
2024-09-18,18:30,1339.2
2024-09-18,18:45,1209.6
2024-09-18,19:00,1346.4
2024-09-18,19:15,1320
2024-09-18,19:30,1314
2024-09-18,19:45,1188
2024-09-18,20:00,1412.4
2024-09-18,20:15,1194
2024-09-18,20:30,1261.2
2024-09-18,20:45,1243.2
2024-09-18,21:00,1300.8
2024-09-18,21:15,1033.2
2024-09-18,21:30,1087.2
2024-09-18,21:45,1176
2024-09-18,22:00,1032
2024-09-18,22:15,1071.6
2024-09-18,22:30,1075.2
2024-09-18,22:45,1105.2
2024-09-18,23:00,998.4
2024-09-18,23:15,1094.4
2024-09-18,23:30,829.2
2024-09-18,23:45,950.4
2024-09-19,00:00,2913.6
2024-09-19,00:15,4000.8
2024-09-19,00:30,3924
2024-09-19,00:45,4130.4
2024-09-19,01:00,4002
2024-09-19,01:15,3264
2024-09-19,01:30,4008
2024-09-19,01:45,4124.4
2024-09-19,02:00,4028.4
2024-09-19,02:15,2214
2024-09-19,02:30,3753.6
2024-09-19,02:45,3979.2
2024-09-19,03:00,3913.2
2024-09-19,03:15,3105.6
2024-09-19,03:30,1983.6
2024-09-19,03:45,3714
2024-09-19,04:00,4004.4
2024-09-19,04:15,3266.4
2024-09-19,04:30,3178.8
2024-09-19,04:45,3999.6
2024-09-19,05:00,4006.8
2024-09-19,05:15,3091.2
2024-09-19,05:30,3217.2
2024-09-19,05:45,2962.8
2024-09-19,06:00,3996
2024-09-19,06:15,3210
2024-09-19,06:30,3110.4
2024-09-19,06:45,3926.4
2024-09-19,07:00,2958
2024-09-19,07:15,3932.4
2024-09-19,07:30,3705.6
2024-09-19,07:45,3140.4
2024-09-19,08:00,1724.4
2024-09-19,08:15,975.6
2024-09-19,08:30,811.2
2024-09-19,08:45,472.8
2024-09-19,09:00,538.8
2024-09-19,09:15,573.6
2024-09-19,09:30,786
2024-09-19,09:45,913.2
2024-09-19,10:00,783.6
2024-09-19,10:15,972
2024-09-19,10:30,816
2024-09-19,10:45,663.6
2024-09-19,11:00,942
2024-09-19,11:15,462
2024-09-19,11:30,279.6
2024-09-19,11:45,837.6
2024-09-19,12:00,750
2024-09-19,12:15,702
2024-09-19,12:30,561.6
2024-09-19,12:45,118.8
2024-09-19,13:00,292.8
2024-09-19,13:15,429.6
2024-09-19,13:30,-277.2
2024-09-19,13:45,566.4
2024-09-19,14:00,555.6
2024-09-19,14:15,619.2
2024-09-19,14:30,555.6
2024-09-19,14:45,664.8
2024-09-19,15:00,658.8
2024-09-19,15:15,908.4
2024-09-19,15:30,638.4
2024-09-19,15:45,746.4
2024-09-19,16:00,789.6
2024-09-19,16:15,855.6
2024-09-19,16:30,787.2
2024-09-19,16:45,949.2
2024-09-19,17:00,852
2024-09-19,17:15,861.6
2024-09-19,17:30,980.4
2024-09-19,17:45,999.6
2024-09-19,18:00,978
2024-09-19,18:15,974.4
2024-09-19,18:30,1015.2
2024-09-19,18:45,924
2024-09-19,19:00,975.6
2024-09-19,19:15,967.2
2024-09-19,19:30,1014
2024-09-19,19:45,913.2
2024-09-19,20:00,956.4
2024-09-19,20:15,1064.4
2024-09-19,20:30,997.2
2024-09-19,20:45,1118.4
2024-09-19,21:00,936
2024-09-19,21:15,974.4
2024-09-19,21:30,889.2
2024-09-19,21:45,932.4
2024-09-19,22:00,933.6
2024-09-19,22:15,818.4
2024-09-19,22:30,940.8
2024-09-19,22:45,916.8
2024-09-19,23:00,878.4
2024-09-19,23:15,1022.4
2024-09-19,23:30,932.4
2024-09-19,23:45,913.2
2024-09-20,00:00,1246.8
2024-09-20,00:15,3885.6
2024-09-20,00:30,3987.6
2024-09-20,00:45,3888
2024-09-20,01:00,4044
2024-09-20,01:15,2163.6
2024-09-20,01:30,4036.8
2024-09-20,01:45,3974.4
2024-09-20,02:00,3984
2024-09-20,02:15,2024.4
2024-09-20,02:30,3732
2024-09-20,02:45,4034.4
2024-09-20,03:00,3973.2
2024-09-20,03:15,3024
2024-09-20,03:30,2575.2
2024-09-20,03:45,4039.2
2024-09-20,04:00,3960
2024-09-20,04:15,3111.6
2024-09-20,04:30,2036.4
2024-09-20,04:45,3051.6
2024-09-20,05:00,4076.4
2024-09-20,05:15,3891.6
2024-09-20,05:30,3010.8
2024-09-20,05:45,3121.2
2024-09-20,06:00,4008
2024-09-20,06:15,3063.6
2024-09-20,06:30,4022.4
2024-09-20,06:45,2163.6
2024-09-20,07:00,3930
2024-09-20,07:15,2950.8
2024-09-20,07:30,3832.8
2024-09-20,07:45,3934.8
2024-09-20,08:00,2114.4
2024-09-20,08:15,1052.4
2024-09-20,08:30,1023.6
2024-09-20,08:45,960
2024-09-20,09:00,980.4
2024-09-20,09:15,772.8
2024-09-20,09:30,949.2
2024-09-20,09:45,999.6
2024-09-20,10:00,836.4
2024-09-20,10:15,978
2024-09-20,10:30,116.4
2024-09-20,10:45,351.6
2024-09-20,11:00,537.6
2024-09-20,11:15,451.2
2024-09-20,11:30,862.8
2024-09-20,11:45,291.6
2024-09-20,12:00,148.8
2024-09-20,12:15,704.4
2024-09-20,12:30,511.2
2024-09-20,12:45,348
2024-09-20,13:00,-286.8
2024-09-20,13:15,585.6
2024-09-20,13:30,531.6
2024-09-20,13:45,30
2024-09-20,14:00,1.2
2024-09-20,14:15,940.8
2024-09-20,14:30,739.2
2024-09-20,14:45,602.4
2024-09-20,15:00,864
2024-09-20,15:15,776.4
2024-09-20,15:30,592.8
2024-09-20,15:45,504
2024-09-20,16:00,528
2024-09-20,16:15,889.2
2024-09-20,16:30,561.6
2024-09-20,16:45,926.4
2024-09-20,17:00,804
2024-09-20,17:15,927.6
2024-09-20,17:30,878.4
2024-09-20,17:45,968.4
2024-09-20,18:00,842.4
2024-09-20,18:15,837.6
2024-09-20,18:30,981.6
2024-09-20,18:45,837.6
2024-09-20,19:00,850.8
2024-09-20,19:15,853.2
2024-09-20,19:30,814.8
2024-09-20,19:45,916.8
2024-09-20,20:00,898.8
2024-09-20,20:15,944.4
2024-09-20,20:30,889.2
2024-09-20,20:45,874.8
2024-09-20,21:00,944.4
2024-09-20,21:15,870
2024-09-20,21:30,854.4
2024-09-20,21:45,813.6
2024-09-20,22:00,928.8
2024-09-20,22:15,739.2
2024-09-20,22:30,906
2024-09-20,22:45,800.4
2024-09-20,23:00,993.6
2024-09-20,23:15,788.4
2024-09-20,23:30,926.4
2024-09-20,23:45,970.8
2024-09-21,00:00,1722
2024-09-21,00:15,3798
2024-09-21,00:30,3945.6
2024-09-21,00:45,3967.2
2024-09-21,01:00,3936
2024-09-21,01:15,2595.6
2024-09-21,01:30,3799.2
2024-09-21,01:45,4000.8
2024-09-21,02:00,3890.4
2024-09-21,02:15,1123.2
2024-09-21,02:30,3768
2024-09-21,02:45,4008
2024-09-21,03:00,3889.2
2024-09-21,03:15,4093.2
2024-09-21,03:30,2114.4
2024-09-21,03:45,4029.6
2024-09-21,04:00,4021.2
2024-09-21,04:15,3988.8
2024-09-21,04:30,3723.6
2024-09-21,04:45,3714
2024-09-21,05:00,3942
2024-09-21,05:15,4000.8
2024-09-21,05:30,2234.4
2024-09-21,05:45,2883.6
2024-09-21,06:00,4072.8
2024-09-21,06:15,4094.4
2024-09-21,06:30,4099.2
2024-09-21,06:45,2690.4
2024-09-21,07:00,3848.4
2024-09-21,07:15,4028.4
2024-09-21,07:30,4020
2024-09-21,07:45,2073.6
2024-09-21,08:00,968.4
2024-09-21,08:15,925.2
2024-09-21,08:30,835.2
2024-09-21,08:45,870
2024-09-21,09:00,927.6
2024-09-21,09:15,963.6
2024-09-21,09:30,943.2
2024-09-21,09:45,962.4
2024-09-21,10:00,864
2024-09-21,10:15,738
2024-09-21,10:30,805.2
2024-09-21,10:45,985.2
2024-09-21,11:00,866.4
2024-09-21,11:15,946.8
2024-09-21,11:30,816
2024-09-21,11:45,1024.8
2024-09-21,12:00,691.2
2024-09-21,12:15,907.2
2024-09-21,12:30,715.2
2024-09-21,12:45,970.8
2024-09-21,13:00,870
2024-09-21,13:15,873.6
2024-09-21,13:30,774
2024-09-21,13:45,961.2
2024-09-21,14:00,831.6
2024-09-21,14:15,810
2024-09-21,14:30,846
2024-09-21,14:45,951.6
2024-09-21,15:00,840
2024-09-21,15:15,867.6
2024-09-21,15:30,802.8
2024-09-21,15:45,842.4
2024-09-21,16:00,768
2024-09-21,16:15,906
2024-09-21,16:30,812.4
2024-09-21,16:45,886.8
2024-09-21,17:00,790.8
2024-09-21,17:15,825.6
2024-09-21,17:30,828
2024-09-21,17:45,763.2
2024-09-21,18:00,963.6
2024-09-21,18:15,856.8
2024-09-21,18:30,850.8
2024-09-21,18:45,842.4
2024-09-21,19:00,921.6
2024-09-21,19:15,777.6
2024-09-21,19:30,841.2
2024-09-21,19:45,982.8
2024-09-21,20:00,868.8
2024-09-21,20:15,801.6
2024-09-21,20:30,954
2024-09-21,20:45,903.6
2024-09-21,21:00,780
2024-09-21,21:15,806.4
2024-09-21,21:30,938.4
2024-09-21,21:45,759.6
2024-09-21,22:00,750
2024-09-21,22:15,938.4
2024-09-21,22:30,799.2
2024-09-21,22:45,794.4
2024-09-21,23:00,735.6
2024-09-21,23:15,816
2024-09-21,23:30,801.6
2024-09-21,23:45,711.6
2024-09-22,00:00,901.2
2024-09-22,00:15,3657.6
2024-09-22,00:30,3757.2
2024-09-22,00:45,3886.8
2024-09-22,01:00,3848.4
2024-09-22,01:15,1452
2024-09-22,01:30,3512.4
2024-09-22,01:45,3883.2
2024-09-22,02:00,3868.8
2024-09-22,02:15,2966.4
2024-09-22,02:30,2703.6
2024-09-22,02:45,3901.2
2024-09-22,03:00,3162
2024-09-22,03:15,3906
2024-09-22,03:30,2348.4
2024-09-22,03:45,3913.2
2024-09-22,04:00,4020
2024-09-22,04:15,4044
2024-09-22,04:30,3038.4
2024-09-22,04:45,3948
2024-09-22,05:00,2982
2024-09-22,05:15,3792
2024-09-22,05:30,3902.4
2024-09-22,05:45,3144
2024-09-22,06:00,3016.8
2024-09-22,06:15,3990
2024-09-22,06:30,2925.6
2024-09-22,06:45,4009.2
2024-09-22,07:00,2029.2
2024-09-22,07:15,3752.4
2024-09-22,07:30,3828
2024-09-22,07:45,3800.4
2024-09-22,08:00,1938
2024-09-22,08:15,835.2
2024-09-22,08:30,733.2
2024-09-22,08:45,655.2
2024-09-22,09:00,483.6
2024-09-22,09:15,277.2
2024-09-22,09:30,110.4
2024-09-22,09:45,130.8
2024-09-22,10:00,188.4
2024-09-22,10:15,315.6
2024-09-22,10:30,4.8
2024-09-22,10:45,15.6
2024-09-22,11:00,-126
2024-09-22,11:15,-159.6
2024-09-22,11:30,-122.4
2024-09-22,11:45,176.4
2024-09-22,12:00,386.4
2024-09-22,12:15,697.2
2024-09-22,12:30,663.6
2024-09-22,12:45,-322.8
2024-09-22,13:00,-182.4
2024-09-22,13:15,126
2024-09-22,13:30,-266.4
2024-09-22,13:45,699.6
2024-09-22,14:00,-48
2024-09-22,14:15,94.8
2024-09-22,14:30,615.6
2024-09-22,14:45,198
2024-09-22,15:00,91.2
2024-09-22,15:15,360
2024-09-22,15:30,472.8
2024-09-22,15:45,747.6
2024-09-22,16:00,410.4
2024-09-22,16:15,801.6
2024-09-22,16:30,802.8
2024-09-22,16:45,796.8
2024-09-22,17:00,754.8
2024-09-22,17:15,946.8
2024-09-22,17:30,759.6
2024-09-22,17:45,1134
2024-09-22,18:00,769.2
2024-09-22,18:15,921.6
2024-09-22,18:30,852
2024-09-22,18:45,1070.4
2024-09-22,19:00,811.2
2024-09-22,19:15,850.8
2024-09-22,19:30,828
2024-09-22,19:45,1021.2
2024-09-22,20:00,783.6
2024-09-22,20:15,850.8
2024-09-22,20:30,900
2024-09-22,20:45,855.6
2024-09-22,21:00,866.4
2024-09-22,21:15,831.6
2024-09-22,21:30,891.6
2024-09-22,21:45,759.6
2024-09-22,22:00,936
2024-09-22,22:15,844.8
2024-09-22,22:30,909.6
2024-09-22,22:45,781.2
2024-09-22,23:00,885.6
2024-09-22,23:15,794.4
2024-09-22,23:30,829.2
2024-09-22,23:45,825.6
2024-09-23,00:00,3913.2
2024-09-23,00:15,3582
2024-09-23,00:30,3772.8
2024-09-23,00:45,3874.8
2024-09-23,01:00,3777.6
2024-09-23,01:15,2755.2
2024-09-23,01:30,3672
2024-09-23,01:45,3993.6
2024-09-23,02:00,3536.4
2024-09-23,02:15,1969.2
2024-09-23,02:30,2827.2
2024-09-23,02:45,3522
2024-09-23,03:00,3604.8
2024-09-23,03:15,2738.4
2024-09-23,03:30,1824
2024-09-23,03:45,3513.6
2024-09-23,04:00,3654
2024-09-23,04:15,3895.2
2024-09-23,04:30,1868.4
2024-09-23,04:45,2838
2024-09-23,05:00,3696
2024-09-23,05:15,3798
2024-09-23,05:30,2817.6
2024-09-23,05:45,2572.8
2024-09-23,06:00,3901.2
2024-09-23,06:15,4082.4
2024-09-23,06:30,2976
2024-09-23,06:45,2233.2
2024-09-23,07:00,3811.2
2024-09-23,07:15,3830.4
2024-09-23,07:30,3700.8
2024-09-23,07:45,3757.2
2024-09-23,08:00,2078.4
2024-09-23,08:15,595.2
2024-09-23,08:30,320.4
2024-09-23,08:45,484.8
2024-09-23,09:00,378
2024-09-23,09:15,188.4
2024-09-23,09:30,192
2024-09-23,09:45,130.8
2024-09-23,10:00,-4.8
2024-09-23,10:15,72
2024-09-23,10:30,127.2
2024-09-23,10:45,-128.4
2024-09-23,11:00,-147.6
2024-09-23,11:15,-297.6
2024-09-23,11:30,662.4
2024-09-23,11:45,393.6
2024-09-23,12:00,-222
2024-09-23,12:15,422.4
2024-09-23,12:30,589.2
2024-09-23,12:45,-265.2
2024-09-23,13:00,694.8
2024-09-23,13:15,412.8
2024-09-23,13:30,574.8
2024-09-23,13:45,-235.2
2024-09-23,14:00,836.4
2024-09-23,14:15,577.2
2024-09-23,14:30,237.6
2024-09-23,14:45,748.8
2024-09-23,15:00,498
2024-09-23,15:15,301.2
2024-09-23,15:30,507.6
2024-09-23,15:45,489.6
2024-09-23,16:00,746.4
2024-09-23,16:15,514.8
2024-09-23,16:30,784.8
2024-09-23,16:45,711.6
2024-09-23,17:00,826.8
2024-09-23,17:15,777.6
2024-09-23,17:30,1057.2
2024-09-23,17:45,859.2
2024-09-23,18:00,862.8
2024-09-23,18:15,913.2
2024-09-23,18:30,903.6
2024-09-23,18:45,943.2
2024-09-23,19:00,864
2024-09-23,19:15,1090.8
2024-09-23,19:30,877.2
2024-09-23,19:45,954
2024-09-23,20:00,835.2
2024-09-23,20:15,954
2024-09-23,20:30,918
2024-09-23,20:45,1003.2
2024-09-23,21:00,870
2024-09-23,21:15,897.6
2024-09-23,21:30,840
2024-09-23,21:45,836.4
2024-09-23,22:00,813.6
2024-09-23,22:15,800.4
2024-09-23,22:30,933.6
2024-09-23,22:45,733.2
2024-09-23,23:00,847.2
2024-09-23,23:15,868.8
2024-09-23,23:30,828
2024-09-23,23:45,802.8
2024-09-24,00:00,2886
2024-09-24,00:15,3585.6
2024-09-24,00:30,3919.2
2024-09-24,00:45,3840
2024-09-24,01:00,3828
2024-09-24,01:15,2197.2
2024-09-24,01:30,2986.8
2024-09-24,01:45,3912
2024-09-24,02:00,4054.8
2024-09-24,02:15,2212.8
2024-09-24,02:30,3883.2
2024-09-24,02:45,2854.8
2024-09-24,03:00,3693.6
2024-09-24,03:15,2942.4
2024-09-24,03:30,2054.4
2024-09-24,03:45,2973.6
2024-09-24,04:00,2930.4
2024-09-24,04:15,3032.4
2024-09-24,04:30,974.4
2024-09-24,04:45,3050.4
2024-09-24,05:00,2871.6
2024-09-24,05:15,2959.2
2024-09-24,05:30,1120.8
2024-09-24,05:45,2701.2
2024-09-24,06:00,2881.2
2024-09-24,06:15,2930.4
2024-09-24,06:30,2832
2024-09-24,06:45,2100
2024-09-24,07:00,2943.6
2024-09-24,07:15,2971.2
2024-09-24,07:30,3252
2024-09-24,07:45,2302.8
2024-09-24,08:00,1038
2024-09-24,08:15,728.4
2024-09-24,08:30,988.8
2024-09-24,08:45,1111.2
2024-09-24,09:00,1309.2
2024-09-24,09:15,841.2
2024-09-24,09:30,733.2
2024-09-24,09:45,638.4
2024-09-24,10:00,1160.4
2024-09-24,10:15,1014
2024-09-24,10:30,765.6
2024-09-24,10:45,343.2
2024-09-24,11:00,418.8
2024-09-24,11:15,372
2024-09-24,11:30,325.2
2024-09-24,11:45,595.2
2024-09-24,12:00,614.4
2024-09-24,12:15,736.8
2024-09-24,12:30,543.6
2024-09-24,12:45,799.2
2024-09-24,13:00,734.4
2024-09-24,13:15,795.6
2024-09-24,13:30,537.6
2024-09-24,13:45,650.4
2024-09-24,14:00,745.2
2024-09-24,14:15,699.6
2024-09-24,14:30,924
2024-09-24,14:45,858
2024-09-24,15:00,997.2
2024-09-24,15:15,704.4
2024-09-24,15:30,931.2
2024-09-24,15:45,993.6
2024-09-24,16:00,997.2
2024-09-24,16:15,1020
2024-09-24,16:30,1108.8
2024-09-24,16:45,1071.6
2024-09-24,17:00,1048.8
2024-09-24,17:15,1071.6
2024-09-24,17:30,1204.8
2024-09-24,17:45,1132.8
2024-09-24,18:00,1233.6
2024-09-24,18:15,1209.6
2024-09-24,18:30,1234.8
2024-09-24,18:45,1237.2
2024-09-24,19:00,1180.8
2024-09-24,19:15,1243.2
2024-09-24,19:30,1186.8
2024-09-24,19:45,1239.6
2024-09-24,20:00,1106.4
2024-09-24,20:15,1140
2024-09-24,20:30,1204.8
2024-09-24,20:45,1068
2024-09-24,21:00,987.6
2024-09-24,21:15,1105.2
2024-09-24,21:30,1035.6
2024-09-24,21:45,1069.2
2024-09-24,22:00,970.8
2024-09-24,22:15,1184.4
2024-09-24,22:30,931.2
2024-09-24,22:45,1172.4
2024-09-24,23:00,957.6
2024-09-24,23:15,969.6
2024-09-24,23:30,902.4
2024-09-24,23:45,901.2
2024-09-25,00:00,2863.2
2024-09-25,00:15,2730
2024-09-25,00:30,2869.2
2024-09-25,00:45,2826
2024-09-25,01:00,2902.8
2024-09-25,01:15,1819.2
2024-09-25,01:30,2912.4
2024-09-25,01:45,2708.4
2024-09-25,02:00,2664
2024-09-25,02:15,1676.4
2024-09-25,02:30,2235.6
2024-09-25,02:45,2688
2024-09-25,03:00,2630.4
2024-09-25,03:15,2990.4
2024-09-25,03:30,2067.6
2024-09-25,03:45,2706
2024-09-25,04:00,2552.4
2024-09-25,04:15,2967.6
2024-09-25,04:30,1975.2
2024-09-25,04:45,1741.2
2024-09-25,05:00,2827.2
2024-09-25,05:15,2835.6
2024-09-25,05:30,2823.6
2024-09-25,05:45,1830
2024-09-25,06:00,2778
2024-09-25,06:15,2780.4
2024-09-25,06:30,2853.6
2024-09-25,06:45,2001.6
2024-09-25,07:00,1968
2024-09-25,07:15,2853.6
2024-09-25,07:30,2868
2024-09-25,07:45,2940
2024-09-25,08:00,1857.6
2024-09-25,08:15,974.4
2024-09-25,08:30,798
2024-09-25,08:45,896.4
2024-09-25,09:00,787.2
2024-09-25,09:15,769.2
2024-09-25,09:30,648
2024-09-25,09:45,646.8
2024-09-25,10:00,667.2
2024-09-25,10:15,576
2024-09-25,10:30,582
2024-09-25,10:45,388.8
2024-09-25,11:00,438
2024-09-25,11:15,271.2
2024-09-25,11:30,552
2024-09-25,11:45,342
2024-09-25,12:00,646.8
2024-09-25,12:15,542.4
2024-09-25,12:30,490.8
2024-09-25,12:45,433.2
2024-09-25,13:00,513.6
2024-09-25,13:15,656.4
2024-09-25,13:30,558
2024-09-25,13:45,384
2024-09-25,14:00,576
2024-09-25,14:15,615.6
2024-09-25,14:30,477.6
2024-09-25,14:45,480
2024-09-25,15:00,747.6
2024-09-25,15:15,769.2
2024-09-25,15:30,744
2024-09-25,15:45,798
2024-09-25,16:00,781.2
2024-09-25,16:15,852
2024-09-25,16:30,679.2
2024-09-25,16:45,1011.6
2024-09-25,17:00,853.2
2024-09-25,17:15,870
2024-09-25,17:30,830.4
2024-09-25,17:45,855.6
2024-09-25,18:00,919.2
2024-09-25,18:15,808.8
2024-09-25,18:30,960
2024-09-25,18:45,963.6
2024-09-25,19:00,1063.2
2024-09-25,19:15,921.6
2024-09-25,19:30,1209.6
2024-09-25,19:45,1050
2024-09-25,20:00,1039.2
2024-09-25,20:15,990
2024-09-25,20:30,1009.2
2024-09-25,20:45,982.8
2024-09-25,21:00,972
2024-09-25,21:15,1122
2024-09-25,21:30,1052.4
2024-09-25,21:45,1036.8
2024-09-25,22:00,913.2
2024-09-25,22:15,1106.4
2024-09-25,22:30,1048.8
2024-09-25,22:45,1056
2024-09-25,23:00,910.8
2024-09-25,23:15,1070.4
2024-09-25,23:30,2586
2024-09-25,23:45,2745.6
2024-09-26,00:00,3768
2024-09-26,00:15,3856.8
2024-09-26,00:30,2132.4
2024-09-26,00:45,2342.4
2024-09-26,01:00,2967.6
2024-09-26,01:15,3609.6
2024-09-26,01:30,3976.8
2024-09-26,01:45,3848.4
2024-09-26,02:00,3862.8
2024-09-26,02:15,3589.2
2024-09-26,02:30,4022.4
2024-09-26,02:45,3813.6
2024-09-26,03:00,3914.4
2024-09-26,03:15,1959.6
2024-09-26,03:30,3919.2
2024-09-26,03:45,3847.2
2024-09-26,04:00,3906
2024-09-26,04:15,2012.4
2024-09-26,04:30,3784.8
2024-09-26,04:45,3927.6
2024-09-26,05:00,3865.2
2024-09-26,05:15,3906
2024-09-26,05:30,3812.4
2024-09-26,05:45,3855.6
2024-09-26,06:00,4004.4
2024-09-26,06:15,3872.4
2024-09-26,06:30,1934.4
2024-09-26,06:45,3856.8
2024-09-26,07:00,4044
2024-09-26,07:15,3130.8
2024-09-26,07:30,2955.6
2024-09-26,07:45,1958.4
2024-09-26,08:00,1944
2024-09-26,08:15,849.6
2024-09-26,08:30,716.4
2024-09-26,08:45,907.2
2024-09-26,09:00,793.2
2024-09-26,09:15,752.4
2024-09-26,09:30,642
2024-09-26,09:45,709.2
2024-09-26,10:00,718.8
2024-09-26,10:15,985.2
2024-09-26,10:30,716.4
2024-09-26,10:45,927.6
2024-09-26,11:00,387.6
2024-09-26,11:15,798
2024-09-26,11:30,937.2
2024-09-26,11:45,1015.2
2024-09-26,12:00,928.8
2024-09-26,12:15,1256.4
2024-09-26,12:30,1039.2
2024-09-26,12:45,1352.4
2024-09-26,13:00,1196.4
2024-09-26,13:15,1022.4
2024-09-26,13:30,912
2024-09-26,13:45,920.4
2024-09-26,14:00,1304.4
2024-09-26,14:15,746.4
2024-09-26,14:30,1380
2024-09-26,14:45,1101.6
2024-09-26,15:00,1242
2024-09-26,15:15,1093.2
2024-09-26,15:30,1012.8
2024-09-26,15:45,1298.4
2024-09-26,16:00,1419.6
2024-09-26,16:15,1231.2
2024-09-26,16:30,1176
2024-09-26,16:45,1059.6
2024-09-26,17:00,1237.2
2024-09-26,17:15,1201.2
2024-09-26,17:30,1186.8
2024-09-26,17:45,1293.6
2024-09-26,18:00,1234.8
2024-09-26,18:15,1266
2024-09-26,18:30,1230
2024-09-26,18:45,1332
2024-09-26,19:00,1362
2024-09-26,19:15,1213.2
2024-09-26,19:30,1390.8
2024-09-26,19:45,1143.6
2024-09-26,20:00,1464
2024-09-26,20:15,1150.8
2024-09-26,20:30,1243.2
2024-09-26,20:45,1149.6
2024-09-26,21:00,1388.4
2024-09-26,21:15,1128
2024-09-26,21:30,1249.2
2024-09-26,21:45,1359.6
2024-09-26,22:00,1153.2
2024-09-26,22:15,1242
2024-09-26,22:30,1246.8
2024-09-26,22:45,1350
2024-09-26,23:00,1081.2
2024-09-26,23:15,2120.4
2024-09-26,23:30,2113.2
2024-09-26,23:45,2058
2024-09-27,00:00,3288
2024-09-27,00:15,3244.8
2024-09-27,00:30,4233.6
2024-09-27,00:45,3234
2024-09-27,01:00,3250.8
2024-09-27,01:15,3862.8
2024-09-27,01:30,4260
2024-09-27,01:45,4012.8
2024-09-27,02:00,4219.2
2024-09-27,02:15,3574.8
2024-09-27,02:30,4790.4
2024-09-27,02:45,4537.2
2024-09-27,03:00,4708.8
2024-09-27,03:15,2692.8
2024-09-27,03:30,4772.4
2024-09-27,03:45,4527.6
2024-09-27,04:00,4741.2
2024-09-27,04:15,4570.8
2024-09-27,04:30,3794.4
2024-09-27,04:45,4372.8
2024-09-27,05:00,4473.6
2024-09-27,05:15,4412.4
2024-09-27,05:30,3415.2
2024-09-27,05:45,3852
2024-09-27,06:00,4174.8
2024-09-27,06:15,4135.2
2024-09-27,06:30,3372
2024-09-27,06:45,3325.2
2024-09-27,07:00,4160.4
2024-09-27,07:15,4140
2024-09-27,07:30,3366
2024-09-27,07:45,3428.4
2024-09-27,08:00,2175.6
2024-09-27,08:15,1995.6
2024-09-27,08:30,1137.6
2024-09-27,08:45,1418.4
2024-09-27,09:00,1118.4
2024-09-27,09:15,1362
2024-09-27,09:30,1094.4
2024-09-27,09:45,1191.6
2024-09-27,10:00,1059.6
2024-09-27,10:15,1137.6
2024-09-27,10:30,1317.6
2024-09-27,10:45,1479.6
2024-09-27,11:00,1524
2024-09-27,11:15,1508.4
2024-09-27,11:30,1568.4
2024-09-27,11:45,1365.6
2024-09-27,12:00,1323.6
2024-09-27,12:15,1154.4
2024-09-27,12:30,1033.2
2024-09-27,12:45,1230
2024-09-27,13:00,1172.4
2024-09-27,13:15,1411.2
2024-09-27,13:30,1117.2
2024-09-27,13:45,891.6
2024-09-27,14:00,970.8
2024-09-27,14:15,955.2
2024-09-27,14:30,1132.8
2024-09-27,14:45,1098
2024-09-27,15:00,889.2
2024-09-27,15:15,1034.4
2024-09-27,15:30,801.6
2024-09-27,15:45,913.2
2024-09-27,16:00,1366.8
2024-09-27,16:15,1141.2
2024-09-27,16:30,1257.6
2024-09-27,16:45,1161.6
2024-09-27,17:00,1378.8
2024-09-27,17:15,1172.4
2024-09-27,17:30,1401.6
2024-09-27,17:45,1417.2
2024-09-27,18:00,1281.6
2024-09-27,18:15,1212
2024-09-27,18:30,1335.6
2024-09-27,18:45,1429.2
2024-09-27,19:00,1281.6
2024-09-27,19:15,1431.6
2024-09-27,19:30,1300.8
2024-09-27,19:45,1459.2
2024-09-27,20:00,1278
2024-09-27,20:15,1294.8
2024-09-27,20:30,1279.2
2024-09-27,20:45,1441.2
2024-09-27,21:00,1176
2024-09-27,21:15,1261.2
2024-09-27,21:30,1330.8
2024-09-27,21:45,1184.4
2024-09-27,22:00,1250.4
2024-09-27,22:15,1130.4
2024-09-27,22:30,1438.8
2024-09-27,22:45,1250.4
2024-09-27,23:00,1342.8
2024-09-27,23:15,1128
2024-09-27,23:30,1446
2024-09-27,23:45,1255.2
2024-09-28,00:00,4261.2
2024-09-28,00:15,4015.2
2024-09-28,00:30,4360.8
2024-09-28,00:45,4291.2
2024-09-28,01:00,4399.2
2024-09-28,01:15,4107.6
2024-09-28,01:30,4450.8
2024-09-28,01:45,4564.8
2024-09-28,02:00,4369.2
2024-09-28,02:15,2583.6
2024-09-28,02:30,4334.4
2024-09-28,02:45,4449.6
2024-09-28,03:00,4360.8
2024-09-28,03:15,2536.8
2024-09-28,03:30,4453.2
2024-09-28,03:45,4362
2024-09-28,04:00,4458
2024-09-28,04:15,4466.4
2024-09-28,04:30,1968
2024-09-28,04:45,4440
2024-09-28,05:00,4668
2024-09-28,05:15,4448.4
2024-09-28,05:30,2817.6
2024-09-28,05:45,4252.8
2024-09-28,06:00,4623.6
2024-09-28,06:15,4466.4
2024-09-28,06:30,3366
2024-09-28,06:45,3639.6
2024-09-28,07:00,4434
2024-09-28,07:15,4324.8
2024-09-28,07:30,4220.4
2024-09-28,07:45,2799.6
2024-09-28,08:00,2170.8
2024-09-28,08:15,1314
2024-09-28,08:30,1046.4
2024-09-28,08:45,1028.4
2024-09-28,09:00,982.8
2024-09-28,09:15,1064.4
2024-09-28,09:30,531.6
2024-09-28,09:45,843.6
2024-09-28,10:00,999.6
2024-09-28,10:15,1466.4
2024-09-28,10:30,446.4
2024-09-28,10:45,513.6
2024-09-28,11:00,758.4
2024-09-28,11:15,694.8
2024-09-28,11:30,992.4
2024-09-28,11:45,355.2
2024-09-28,12:00,492
2024-09-28,12:15,502.8
2024-09-28,12:30,411.6
2024-09-28,12:45,410.4
2024-09-28,13:00,596.4
2024-09-28,13:15,694.8
2024-09-28,13:30,517.2
2024-09-28,13:45,496.8
2024-09-28,14:00,675.6
2024-09-28,14:15,802.8
2024-09-28,14:30,676.8
2024-09-28,14:45,722.4
2024-09-28,15:00,768
2024-09-28,15:15,1059.6
2024-09-28,15:30,889.2
2024-09-28,15:45,1076.4
2024-09-28,16:00,1012.8
2024-09-28,16:15,1287.6
2024-09-28,16:30,1066.8
2024-09-28,16:45,1256.4
2024-09-28,17:00,1290
2024-09-28,17:15,1586.4
2024-09-28,17:30,1267.2
2024-09-28,17:45,1293.6
2024-09-28,18:00,1434
2024-09-28,18:15,1382.4
2024-09-28,18:30,1432.8
2024-09-28,18:45,1244.4
2024-09-28,19:00,1483.2
2024-09-28,19:15,1208.4
2024-09-28,19:30,1450.8
2024-09-28,19:45,1324.8
2024-09-28,20:00,1488
2024-09-28,20:15,1179.6
2024-09-28,20:30,1441.2
2024-09-28,20:45,1468.8
2024-09-28,21:00,1423.2
2024-09-28,21:15,1264.8
2024-09-28,21:30,1219.2
2024-09-28,21:45,1453.2
2024-09-28,22:00,1177.2
2024-09-28,22:15,1479.6
2024-09-28,22:30,1188
2024-09-28,22:45,1429.2
2024-09-28,23:00,1189.2
2024-09-28,23:15,1305.6
2024-09-28,23:30,1296
2024-09-28,23:45,1386
2024-09-29,00:00,3842.4
2024-09-29,00:15,4249.2
2024-09-29,00:30,4489.2
2024-09-29,00:45,4342.8
2024-09-29,01:00,4353.6
2024-09-29,01:15,4080
2024-09-29,01:30,4262.4
2024-09-29,01:45,4328.4
2024-09-29,02:00,4376.4
2024-09-29,02:15,2612.4
2024-09-29,02:30,4312.8
2024-09-29,02:45,4152
2024-09-29,03:00,4456.8
2024-09-29,03:15,4314
2024-09-29,03:30,2892
2024-09-29,03:45,4426.8
2024-09-29,04:00,4357.2
2024-09-29,04:15,4399.2
2024-09-29,04:30,3432
2024-09-29,04:45,4212
2024-09-29,05:00,4350
2024-09-29,05:15,4455.6
2024-09-29,05:30,4338
2024-09-29,05:45,3427.2
2024-09-29,06:00,3998.4
2024-09-29,06:15,4474.8
2024-09-29,06:30,3392.4
2024-09-29,06:45,3374.4
2024-09-29,07:00,3405.6
2024-09-29,07:15,4336.8
2024-09-29,07:30,3387.6
2024-09-29,07:45,4285.2
2024-09-29,08:00,3513.6
2024-09-29,08:15,2520
2024-09-29,08:30,1842
2024-09-29,08:45,1418.4
2024-09-29,09:00,1431.6
2024-09-29,09:15,1632
2024-09-29,09:30,744
2024-09-29,09:45,770.4
2024-09-29,10:00,854.4
2024-09-29,10:15,1400.4
2024-09-29,10:30,667.2
2024-09-29,10:45,1396.8
2024-09-29,11:00,865.2
2024-09-29,11:15,577.2
2024-09-29,11:30,534
2024-09-29,11:45,411.6
2024-09-29,12:00,459.6
2024-09-29,12:15,458.4
2024-09-29,12:30,1112.4
2024-09-29,12:45,525.6
2024-09-29,13:00,325.2
2024-09-29,13:15,547.2
2024-09-29,13:30,562.8
2024-09-29,13:45,578.4
2024-09-29,14:00,690
2024-09-29,14:15,790.8
2024-09-29,14:30,613.2
2024-09-29,14:45,770.4
2024-09-29,15:00,841.2
2024-09-29,15:15,1003.2
2024-09-29,15:30,932.4
2024-09-29,15:45,920.4
2024-09-29,16:00,1134
2024-09-29,16:15,1210.8
2024-09-29,16:30,1243.2
2024-09-29,16:45,1324.8
2024-09-29,17:00,1269.6
2024-09-29,17:15,1404
2024-09-29,17:30,1393.2
2024-09-29,17:45,1456.8
2024-09-29,18:00,1360.8
2024-09-29,18:15,1502.4
2024-09-29,18:30,1357.2
2024-09-29,18:45,1387.2
2024-09-29,19:00,1396.8
2024-09-29,19:15,1492.8
2024-09-29,19:30,1479.6
2024-09-29,19:45,1388.4
2024-09-29,20:00,1318.8
2024-09-29,20:15,1363.2
2024-09-29,20:30,1497.6
2024-09-29,20:45,1286.4
2024-09-29,21:00,1418.4
2024-09-29,21:15,1435.2
2024-09-29,21:30,1390.8
2024-09-29,21:45,1188
2024-09-29,22:00,1478.4
2024-09-29,22:15,1347.6
2024-09-29,22:30,1377.6
2024-09-29,22:45,1333.2
2024-09-29,23:00,1330.8
2024-09-29,23:15,1399.2
2024-09-29,23:30,1264.8
2024-09-29,23:45,1418.4
2024-09-30,00:00,4296
2024-09-30,00:15,3982.8
2024-09-30,00:30,4321.2
2024-09-30,00:45,4443.6
2024-09-30,01:00,4256.4
2024-09-30,01:15,2793.6
2024-09-30,01:30,4202.4
2024-09-30,01:45,4454.4
2024-09-30,02:00,4234.8
2024-09-30,02:15,1622.4
2024-09-30,02:30,4248
2024-09-30,02:45,4449.6
2024-09-30,03:00,4298.4
2024-09-30,03:15,3628.8
2024-09-30,03:30,4101.6
2024-09-30,03:45,4546.8
2024-09-30,04:00,4219.2
2024-09-30,04:15,4461.6
2024-09-30,04:30,2493.6
2024-09-30,04:45,4452
2024-09-30,05:00,4404
2024-09-30,05:15,4465.2
2024-09-30,05:30,4288.8
2024-09-30,05:45,3712.8
2024-09-30,06:00,4243.2
2024-09-30,06:15,4443.6
2024-09-30,06:30,3334.8
2024-09-30,06:45,3472.8
2024-09-30,07:00,4248
2024-09-30,07:15,4363.2
2024-09-30,07:30,3266.4
2024-09-30,07:45,2330.4
2024-09-30,08:00,1272
2024-09-30,08:15,1333.2
2024-09-30,08:30,1249.2
2024-09-30,08:45,812.4
2024-09-30,09:00,1024.8
2024-09-30,09:15,1287.6
2024-09-30,09:30,853.2
2024-09-30,09:45,759.6
2024-09-30,10:00,592.8
2024-09-30,10:15,1342.8
2024-09-30,10:30,535.2
2024-09-30,10:45,572.4
2024-09-30,11:00,427.2
2024-09-30,11:15,1202.4
2024-09-30,11:30,1161.6
2024-09-30,11:45,1056
2024-09-30,12:00,984
2024-09-30,12:15,1282.8
2024-09-30,12:30,1132.8
2024-09-30,12:45,1150.8
2024-09-30,13:00,975.6
2024-09-30,13:15,1515.6
2024-09-30,13:30,1124.4
2024-09-30,13:45,1029.6
2024-09-30,14:00,1167.6
2024-09-30,14:15,1344
2024-09-30,14:30,642
2024-09-30,14:45,867.6
2024-09-30,15:00,1033.2
2024-09-30,15:15,1059.6
2024-09-30,15:30,895.2
2024-09-30,15:45,1134
2024-09-30,16:00,824.4
2024-09-30,16:15,1027.2
2024-09-30,16:30,1122
2024-09-30,16:45,975.6
2024-09-30,17:00,1226.4
2024-09-30,17:15,1053.6
2024-09-30,17:30,1023.6
2024-09-30,17:45,981.6
2024-09-30,18:00,1162.8
2024-09-30,18:15,1249.2
2024-09-30,18:30,860.4
2024-09-30,18:45,1090.8
2024-09-30,19:00,940.8
2024-09-30,19:15,1050
2024-09-30,19:30,922.8
2024-09-30,19:45,1070.4
2024-09-30,20:00,828
2024-09-30,20:15,951.6
2024-09-30,20:30,868.8
2024-09-30,20:45,818.4
2024-09-30,21:00,817.2
2024-09-30,21:15,769.2
2024-09-30,21:30,913.2
2024-09-30,21:45,680.4
2024-09-30,22:00,662.4
2024-09-30,22:15,620.4
2024-09-30,22:30,680.4
2024-09-30,22:45,6
2024-09-30,23:00,469.2
2024-09-30,23:15,650.4
2024-09-30,23:30,448.8
2024-09-30,23:45,490.8
2024-10-01,00:00,3555.6
2024-10-01,00:15,3387.6
2024-10-01,00:30,3606
2024-10-01,00:45,3627.6
2024-10-01,01:00,3740.4
2024-10-01,01:15,2304
2024-10-01,01:30,3586.8
2024-10-01,01:45,3688.8
2024-10-01,02:00,3638.4
2024-10-01,02:15,756
2024-10-01,02:30,3506.4
2024-10-01,02:45,3680.4
2024-10-01,03:00,3584.4
2024-10-01,03:15,2058
2024-10-01,03:30,3718.8
2024-10-01,03:45,2769.6
2024-10-01,04:00,3524.4
2024-10-01,04:15,3530.4
2024-10-01,04:30,1801.2
2024-10-01,04:45,2641.2
2024-10-01,05:00,3555.6
2024-10-01,05:15,3750
2024-10-01,05:30,3412.8
2024-10-01,05:45,1766.4
2024-10-01,06:00,3649.2
2024-10-01,06:15,3630
2024-10-01,06:30,2649.6
2024-10-01,06:45,1809.6
2024-10-01,07:00,3744
2024-10-01,07:15,3712.8
2024-10-01,07:30,3595.2
2024-10-01,07:45,1760.4
2024-10-01,08:00,622.8
2024-10-01,08:15,556.8
2024-10-01,08:30,622.8
2024-10-01,08:45,650.4
2024-10-01,09:00,555.6
2024-10-01,09:15,711.6
2024-10-01,09:30,493.2
2024-10-01,09:45,648
2024-10-01,10:00,643.2
2024-10-01,10:15,555.6
2024-10-01,10:30,644.4
2024-10-01,10:45,602.4
2024-10-01,11:00,454.8
2024-10-01,11:15,506.4
2024-10-01,11:30,574.8
2024-10-01,11:45,444
2024-10-01,12:00,524.4
2024-10-01,12:15,499.2
2024-10-01,12:30,592.8
2024-10-01,12:45,549.6
2024-10-01,13:00,456
2024-10-01,13:15,565.2
2024-10-01,13:30,499.2
2024-10-01,13:45,558
2024-10-01,14:00,478.8
2024-10-01,14:15,633.6
2024-10-01,14:30,394.8
2024-10-01,14:45,374.4
2024-10-01,15:00,418.8
2024-10-01,15:15,532.8
2024-10-01,15:30,534
2024-10-01,15:45,459.6
2024-10-01,16:00,516
2024-10-01,16:15,532.8
2024-10-01,16:30,409.2
2024-10-01,16:45,508.8
2024-10-01,17:00,526.8
2024-10-01,17:15,542.4
2024-10-01,17:30,518.4
2024-10-01,17:45,492
2024-10-01,18:00,564
2024-10-01,18:15,475.2
2024-10-01,18:30,500.4
2024-10-01,18:45,494.4
2024-10-01,19:00,602.4
2024-10-01,19:15,482.4
2024-10-01,19:30,568.8
2024-10-01,19:45,501.6
2024-10-01,20:00,598.8
2024-10-01,20:15,434.4
2024-10-01,20:30,513.6
2024-10-01,20:45,463.2
2024-10-01,21:00,512.4
2024-10-01,21:15,496.8
2024-10-01,21:30,517.2
2024-10-01,21:45,651.6
2024-10-01,22:00,430.8
2024-10-01,22:15,475.2
2024-10-01,22:30,427.2
2024-10-01,22:45,602.4
2024-10-01,23:00,492
2024-10-01,23:15,417.6
2024-10-01,23:30,477.6
2024-10-01,23:45,499.2
2024-10-02,00:00,439.2
2024-10-02,00:15,555.6
2024-10-02,00:30,612
2024-10-02,00:45,524.4
2024-10-02,01:00,528
2024-10-02,01:15,513.6
2024-10-02,01:30,600
2024-10-02,01:45,481.2
2024-10-02,02:00,643.2
2024-10-02,02:15,546
2024-10-02,02:30,508.8
2024-10-02,02:45,589.2
2024-10-02,03:00,528
2024-10-02,03:15,603.6
2024-10-02,03:30,591.6
2024-10-02,03:45,532.8
2024-10-02,04:00,501.6
2024-10-02,04:15,568.8
2024-10-02,04:30,595.2
2024-10-02,04:45,600
2024-10-02,05:00,612
2024-10-02,05:15,588
2024-10-02,05:30,582
2024-10-02,05:45,654
2024-10-02,06:00,639.6
2024-10-02,06:15,651.6
2024-10-02,06:30,590.4
2024-10-02,06:45,606
2024-10-02,07:00,508.8
2024-10-02,07:15,390
2024-10-02,07:30,314.4
2024-10-02,07:45,432
2024-10-02,08:00,186
2024-10-02,08:15,145.2
2024-10-02,08:30,20.4
2024-10-02,08:45,-124.8
2024-10-02,09:00,-81.6
2024-10-02,09:15,-176.4
2024-10-02,09:30,-183.6
2024-10-02,09:45,-242.4
2024-10-02,10:00,-271.2
2024-10-02,10:15,-266.4
2024-10-02,10:30,-237.6
2024-10-02,10:45,121.2
2024-10-02,11:00,87.6
2024-10-02,11:15,189.6
2024-10-02,11:30,75.6
2024-10-02,11:45,-64.8
2024-10-02,12:00,-213.6
2024-10-02,12:15,-265.2
2024-10-02,12:30,-174
2024-10-02,12:45,-147.6
2024-10-02,13:00,139.2
2024-10-02,13:15,-200.4
2024-10-02,13:30,40.8
2024-10-02,13:45,164.4
2024-10-02,14:00,-88.8
2024-10-02,14:15,-49.2
2024-10-02,14:30,91.2
2024-10-02,14:45,156
2024-10-02,15:00,212.4
2024-10-02,15:15,338.4
2024-10-02,15:30,390
2024-10-02,15:45,454.8
2024-10-02,16:00,478.8
2024-10-02,16:15,534
2024-10-02,16:30,703.2
2024-10-02,16:45,697.2
2024-10-02,17:00,777.6
2024-10-02,17:15,750
2024-10-02,17:30,918
2024-10-02,17:45,764.4
2024-10-02,18:00,806.4
2024-10-02,18:15,931.2
2024-10-02,18:30,855.6
2024-10-02,18:45,826.8
2024-10-02,19:00,837.6
2024-10-02,19:15,866.4
2024-10-02,19:30,826.8
2024-10-02,19:45,938.4
2024-10-02,20:00,866.4
2024-10-02,20:15,806.4
2024-10-02,20:30,802.8
2024-10-02,20:45,938.4
2024-10-02,21:00,843.6
2024-10-02,21:15,852
2024-10-02,21:30,817.2
2024-10-02,21:45,825.6
2024-10-02,22:00,3800.4
2024-10-02,22:15,3825.6
2024-10-02,22:30,3772.8
2024-10-02,22:45,3822
2024-10-02,23:00,3801.6
2024-10-02,23:15,1611.6
2024-10-02,23:30,3852
2024-10-02,23:45,3781.2
2024-10-03,00:00,3847.2
2024-10-03,00:15,2888.4
2024-10-03,00:30,3831.6
2024-10-03,00:45,3763.2
2024-10-03,01:00,3831.6
2024-10-03,01:15,3913.2
2024-10-03,01:30,1886.4
2024-10-03,01:45,3819.6
2024-10-03,02:00,3825.6
2024-10-03,02:15,3895.2
2024-10-03,02:30,2173.2
2024-10-03,02:45,2922
2024-10-03,03:00,4003.2
2024-10-03,03:15,3838.8
2024-10-03,03:30,3975.6
2024-10-03,03:45,2800.8
2024-10-03,04:00,3848.4
2024-10-03,04:15,3874.8
2024-10-03,04:30,4044
2024-10-03,04:45,1982.4
2024-10-03,05:00,3040.8
2024-10-03,05:15,3968.4
2024-10-03,05:30,3996
2024-10-03,05:45,2893.2
2024-10-03,06:00,3022.8
2024-10-03,06:15,3867.6
2024-10-03,06:30,3861.6
2024-10-03,06:45,3908.4
2024-10-03,07:00,1992
2024-10-03,07:15,3645.6
2024-10-03,07:30,3762
2024-10-03,07:45,3542.4
2024-10-03,08:00,1748.4
2024-10-03,08:15,638.4
2024-10-03,08:30,402
2024-10-03,08:45,487.2
2024-10-03,09:00,198
2024-10-03,09:15,363.6
2024-10-03,09:30,126
2024-10-03,09:45,232.8
2024-10-03,10:00,-32.4
2024-10-03,10:15,147.6
2024-10-03,10:30,393.6
2024-10-03,10:45,381.6
2024-10-03,11:00,369.6
2024-10-03,11:15,175.2
2024-10-03,11:30,190.8
2024-10-03,11:45,284.4
2024-10-03,12:00,200.4
2024-10-03,12:15,166.8
2024-10-03,12:30,247.2
2024-10-03,12:45,255.6
2024-10-03,13:00,163.2
2024-10-03,13:15,172.8
2024-10-03,13:30,162
2024-10-03,13:45,1033.2
2024-10-03,14:00,634.8
2024-10-03,14:15,222
2024-10-03,14:30,309.6
2024-10-03,14:45,447.6
2024-10-03,15:00,914.4
2024-10-03,15:15,524.4
2024-10-03,15:30,571.2
2024-10-03,15:45,692.4
2024-10-03,16:00,1082.4
2024-10-03,16:15,1030.8
2024-10-03,16:30,1101.6
2024-10-03,16:45,825.6
2024-10-03,17:00,897.6
2024-10-03,17:15,949.2
2024-10-03,17:30,1438.8
2024-10-03,17:45,1178.4
2024-10-03,18:00,1287.6
2024-10-03,18:15,969.6
2024-10-03,18:30,1185.6
2024-10-03,18:45,1069.2
2024-10-03,19:00,1148.4
2024-10-03,19:15,1341.6
2024-10-03,19:30,1114.8
2024-10-03,19:45,1033.2
2024-10-03,20:00,1276.8
2024-10-03,20:15,1244.4
2024-10-03,20:30,1317.6
2024-10-03,20:45,1117.2
2024-10-03,21:00,1022.4
2024-10-03,21:15,1100.4
2024-10-03,21:30,1248
2024-10-03,21:45,1107.6
2024-10-03,22:00,4290
2024-10-03,22:15,4132.8
2024-10-03,22:30,3429.6
2024-10-03,22:45,4189.2
2024-10-03,23:00,3958.8
2024-10-03,23:15,1608
2024-10-03,23:30,3996
2024-10-03,23:45,4124.4
2024-10-04,00:00,4120.8
2024-10-04,00:15,1446
2024-10-04,00:30,3939.6
2024-10-04,00:45,4263.6
2024-10-04,01:00,4201.2
2024-10-04,01:15,4260
2024-10-04,01:30,3295.2
2024-10-04,01:45,4282.8
2024-10-04,02:00,4118.4
2024-10-04,02:15,4143.6
2024-10-04,02:30,2836.8
2024-10-04,02:45,4214.4
2024-10-04,03:00,4041.6
2024-10-04,03:15,4282.8
2024-10-04,03:30,4202.4
2024-10-04,03:45,2360.4
2024-10-04,04:00,4057.2
2024-10-04,04:15,4272
2024-10-04,04:30,3594
2024-10-04,04:45,2556
2024-10-04,05:00,4177.2
2024-10-04,05:15,4306.8
2024-10-04,05:30,3274.8
2024-10-04,05:45,3159.6
2024-10-04,06:00,4000.8
2024-10-04,06:15,4140
2024-10-04,06:30,4064.4
2024-10-04,06:45,2728.8
2024-10-04,07:00,3343.2
2024-10-04,07:15,4113.6
2024-10-04,07:30,4108.8
2024-10-04,07:45,2966.4
2024-10-04,08:00,2058
2024-10-04,08:15,832.8
2024-10-04,08:30,709.2
2024-10-04,08:45,496.8
2024-10-04,09:00,535.2
2024-10-04,09:15,501.6
2024-10-04,09:30,398.4
2024-10-04,09:45,444
2024-10-04,10:00,440.4
2024-10-04,10:15,240
2024-10-04,10:30,192
2024-10-04,10:45,150
2024-10-04,11:00,375.6
2024-10-04,11:15,61.2
2024-10-04,11:30,226.8
2024-10-04,11:45,106.8
2024-10-04,12:00,178.8
2024-10-04,12:15,685.2
2024-10-04,12:30,733.2
2024-10-04,12:45,584.4
2024-10-04,13:00,88.8
2024-10-04,13:15,46.8
2024-10-04,13:30,236.4
2024-10-04,13:45,994.8
2024-10-04,14:00,778.8
2024-10-04,14:15,267.6
2024-10-04,14:30,300
2024-10-04,14:45,385.2
2024-10-04,15:00,486
2024-10-04,15:15,656.4
2024-10-04,15:30,762
2024-10-04,15:45,795.6
2024-10-04,16:00,838.8
2024-10-04,16:15,903.6
2024-10-04,16:30,890.4
2024-10-04,16:45,1096.8
2024-10-04,17:00,1071.6
2024-10-04,17:15,1104
2024-10-04,17:30,1028.4
2024-10-04,17:45,1106.4
2024-10-04,18:00,1113.6
2024-10-04,18:15,1112.4
2024-10-04,18:30,1054.8
2024-10-04,18:45,984
2024-10-04,19:00,1185.6
2024-10-04,19:15,1100.4
2024-10-04,19:30,1164
2024-10-04,19:45,1130.4
2024-10-04,20:00,1231.2
2024-10-04,20:15,1105.2
2024-10-04,20:30,1197.6
2024-10-04,20:45,1194
2024-10-04,21:00,1184.4
2024-10-04,21:15,1033.2
2024-10-04,21:30,1056
2024-10-04,21:45,1092
2024-10-04,22:00,3314.4
2024-10-04,22:15,4108.8
2024-10-04,22:30,3975.6
2024-10-04,22:45,4098
2024-10-04,23:00,4204.8
2024-10-04,23:15,2053.2
2024-10-04,23:30,3932.4
2024-10-04,23:45,4141.2
2024-10-05,00:00,4125.6
2024-10-05,00:15,3091.2
2024-10-05,00:30,3141.6
2024-10-05,00:45,4105.2
2024-10-05,01:00,4152
2024-10-05,01:15,4065.6
2024-10-05,01:30,2758.8
2024-10-05,01:45,3632.4
2024-10-05,02:00,4146
2024-10-05,02:15,4126.8
2024-10-05,02:30,4126.8
2024-10-05,02:45,2688
2024-10-05,03:00,4190.4
2024-10-05,03:15,4266
2024-10-05,03:30,4268.4
2024-10-05,03:45,2380.8
2024-10-05,04:00,3088.8
2024-10-05,04:15,4245.6
2024-10-05,04:30,4238.4
2024-10-05,04:45,3392.4
2024-10-05,05:00,3398.4
2024-10-05,05:15,4262.4
2024-10-05,05:30,4278
2024-10-05,05:45,2371.2
2024-10-05,06:00,3976.8
2024-10-05,06:15,4275.6
2024-10-05,06:30,4183.2
2024-10-05,06:45,3292.8
2024-10-05,07:00,2469.6
2024-10-05,07:15,3278.4
2024-10-05,07:30,3787.2
2024-10-05,07:45,2286
2024-10-05,08:00,2132.4
2024-10-05,08:15,895.2
2024-10-05,08:30,1011.6
2024-10-05,08:45,998.4
2024-10-05,09:00,896.4
2024-10-05,09:15,1044
2024-10-05,09:30,861.6
2024-10-05,09:45,889.2
2024-10-05,10:00,675.6
2024-10-05,10:15,792
2024-10-05,10:30,836.4
2024-10-05,10:45,668.4
2024-10-05,11:00,655.2
2024-10-05,11:15,870
2024-10-05,11:30,738
2024-10-05,11:45,817.2
2024-10-05,12:00,771.6
2024-10-05,12:15,908.4
2024-10-05,12:30,799.2
2024-10-05,12:45,850.8
2024-10-05,13:00,750
2024-10-05,13:15,920.4
2024-10-05,13:30,768
2024-10-05,13:45,956.4
2024-10-05,14:00,771.6
2024-10-05,14:15,958.8
2024-10-05,14:30,1194
2024-10-05,14:45,1491.6
2024-10-05,15:00,1084.8
2024-10-05,15:15,1201.2
2024-10-05,15:30,999.6
2024-10-05,15:45,1161.6
2024-10-05,16:00,968.4
2024-10-05,16:15,1040.4
2024-10-05,16:30,1147.2
2024-10-05,16:45,1018.8
2024-10-05,17:00,1176
2024-10-05,17:15,1044
2024-10-05,17:30,1150.8
2024-10-05,17:45,1165.2
2024-10-05,18:00,1050
2024-10-05,18:15,1119.6
2024-10-05,18:30,1112.4
2024-10-05,18:45,1170
2024-10-05,19:00,1051.2
2024-10-05,19:15,1311.6
2024-10-05,19:30,1075.2
2024-10-05,19:45,1129.2
2024-10-05,20:00,1117.2
2024-10-05,20:15,1172.4
2024-10-05,20:30,1054.8
2024-10-05,20:45,1093.2
2024-10-05,21:00,1099.2
2024-10-05,21:15,1050
2024-10-05,21:30,1054.8
2024-10-05,21:45,1012.8
2024-10-05,22:00,4003.2
2024-10-05,22:15,4039.2
2024-10-05,22:30,4006.8
2024-10-05,22:45,4062
2024-10-05,23:00,4150.8
2024-10-05,23:15,1488
2024-10-05,23:30,4016.4
2024-10-05,23:45,4180.8
2024-10-06,00:00,4070.4
2024-10-06,00:15,3297.6
2024-10-06,00:30,3268.8
2024-10-06,00:45,4191.6
2024-10-06,01:00,4076.4
2024-10-06,01:15,4220.4
2024-10-06,01:30,2164.8
2024-10-06,01:45,4003.2
2024-10-06,02:00,3949.2
2024-10-06,02:15,4216.8
2024-10-06,02:30,2448
2024-10-06,02:45,3184.8
2024-10-06,03:00,3046.8
2024-10-06,03:15,3316.8
2024-10-06,03:30,2200.8
2024-10-06,03:45,2205.6
2024-10-06,04:00,3067.2
2024-10-06,04:15,3294
2024-10-06,04:30,3090
2024-10-06,04:45,2348.4
2024-10-06,05:00,2264.4
2024-10-06,05:15,3158.4
2024-10-06,05:30,3272.4
2024-10-06,05:45,3213.6
2024-10-06,06:00,2502
2024-10-06,06:15,3307.2
2024-10-06,06:30,3334.8
2024-10-06,06:45,3298.8
2024-10-06,07:00,2336.4
2024-10-06,07:15,3232.8
2024-10-06,07:30,3170.4
2024-10-06,07:45,3213.6
2024-10-06,08:00,2322
2024-10-06,08:15,1340.4
2024-10-06,08:30,1180.8
2024-10-06,08:45,1227.6
2024-10-06,09:00,1194
2024-10-06,09:15,1092
2024-10-06,09:30,1074
2024-10-06,09:45,1041.6
2024-10-06,10:00,1018.8
2024-10-06,10:15,1066.8
2024-10-06,10:30,1054.8
2024-10-06,10:45,1040.4
2024-10-06,11:00,822
2024-10-06,11:15,777.6
2024-10-06,11:30,955.2
2024-10-06,11:45,944.4
2024-10-06,12:00,924
2024-10-06,12:15,906
2024-10-06,12:30,975.6
2024-10-06,12:45,898.8
2024-10-06,13:00,1168.8
2024-10-06,13:15,969.6
2024-10-06,13:30,1009.2
2024-10-06,13:45,970.8
2024-10-06,14:00,1134
2024-10-06,14:15,950.4
2024-10-06,14:30,1116
2024-10-06,14:45,1041.6
2024-10-06,15:00,1122
2024-10-06,15:15,954
2024-10-06,15:30,904.8
2024-10-06,15:45,1174.8
2024-10-06,16:00,1056
2024-10-06,16:15,1062
2024-10-06,16:30,955.2
2024-10-06,16:45,1227.6
2024-10-06,17:00,1154.4
2024-10-06,17:15,1155.6
2024-10-06,17:30,1275.6
2024-10-06,17:45,1254
2024-10-06,18:00,1128
2024-10-06,18:15,1260
2024-10-06,18:30,1164
2024-10-06,18:45,1154.4
2024-10-06,19:00,1165.2
2024-10-06,19:15,1237.2
2024-10-06,19:30,1155.6
2024-10-06,19:45,1106.4
2024-10-06,20:00,1298.4
2024-10-06,20:15,1221.6
2024-10-06,20:30,1266
2024-10-06,20:45,1216.8
2024-10-06,21:00,1201.2
2024-10-06,21:15,1956
2024-10-06,21:30,1959.6
2024-10-06,21:45,2071.2
2024-10-06,22:00,4058.4
2024-10-06,22:15,3301.2
2024-10-06,22:30,3256.8
2024-10-06,22:45,3151.2
2024-10-06,23:00,3925.2
2024-10-06,23:15,2193.6
2024-10-06,23:30,4045.2
2024-10-06,23:45,4101.6
2024-10-07,00:00,4149.6
2024-10-07,00:15,3214.8
2024-10-07,00:30,4141.2
2024-10-07,00:45,4150.8
2024-10-07,01:00,4089.6
2024-10-07,01:15,3840
2024-10-07,01:30,2258.4
2024-10-07,01:45,4147.2
2024-10-07,02:00,4023.6
2024-10-07,02:15,3693.6
2024-10-07,02:30,4130.4
2024-10-07,02:45,3260.4
2024-10-07,03:00,4213.2
2024-10-07,03:15,4216.8
2024-10-07,03:30,3285.6
2024-10-07,03:45,1814.4
2024-10-07,04:00,4122
2024-10-07,04:15,4142.4
2024-10-07,04:30,4245.6
2024-10-07,04:45,2314.8
2024-10-07,05:00,3296.4
2024-10-07,05:15,4039.2
2024-10-07,05:30,4303.2
2024-10-07,05:45,3321.6
2024-10-07,06:00,3274.8
2024-10-07,06:15,3751.2
2024-10-07,06:30,4238.4
2024-10-07,06:45,4251.6
2024-10-07,07:00,3205.2
2024-10-07,07:15,4098
2024-10-07,07:30,4221.6
2024-10-07,07:45,4237.2
2024-10-07,08:00,3308.4
2024-10-07,08:15,1707.6
2024-10-07,08:30,1178.4
2024-10-07,08:45,1417.2
2024-10-07,09:00,1249.2
2024-10-07,09:15,1363.2
2024-10-07,09:30,1154.4
2024-10-07,09:45,1192.8
2024-10-07,10:00,1264.8
2024-10-07,10:15,1150.8
2024-10-07,10:30,1152
2024-10-07,10:45,1158
2024-10-07,11:00,1202.4
2024-10-07,11:15,1136.4
2024-10-07,11:30,1028.4
2024-10-07,11:45,1040.4
2024-10-07,12:00,1242
2024-10-07,12:15,1066.8
2024-10-07,12:30,1141.2
2024-10-07,12:45,1124.4
2024-10-07,13:00,1078.8
2024-10-07,13:15,1087.2
2024-10-07,13:30,985.2
2024-10-07,13:45,1095.6
2024-10-07,14:00,1170
2024-10-07,14:15,1099.2
2024-10-07,14:30,1100.4
2024-10-07,14:45,1173.6
2024-10-07,15:00,1072.8
2024-10-07,15:15,942
2024-10-07,15:30,1137.6
2024-10-07,15:45,1189.2
2024-10-07,16:00,1099.2
2024-10-07,16:15,1059.6
2024-10-07,16:30,1198.8
2024-10-07,16:45,1058.4
2024-10-07,17:00,1071.6
2024-10-07,17:15,1213.2
2024-10-07,17:30,1180.8
2024-10-07,17:45,1161.6
2024-10-07,18:00,1046.4
2024-10-07,18:15,1274.4
2024-10-07,18:30,1030.8
2024-10-07,18:45,1053.6
2024-10-07,19:00,1065.6
2024-10-07,19:15,1161.6
2024-10-07,19:30,1069.2
2024-10-07,19:45,1062
2024-10-07,20:00,1122
2024-10-07,20:15,1131.6
2024-10-07,20:30,1070.4
2024-10-07,20:45,1244.4
2024-10-07,21:00,1020
2024-10-07,21:15,1124.4
2024-10-07,21:30,1000.8
2024-10-07,21:45,1249.2
2024-10-07,22:00,4006.8
2024-10-07,22:15,3997.2
2024-10-07,22:30,4117.2
2024-10-07,22:45,4112.4
2024-10-07,23:00,4027.2
2024-10-07,23:15,2751.6
2024-10-07,23:30,4057.2
2024-10-07,23:45,4113.6
2024-10-08,00:00,3235.2
2024-10-08,00:15,1240.8
2024-10-08,00:30,4260
2024-10-08,00:45,4186.8
2024-10-08,01:00,4118.4
2024-10-08,01:15,3177.6
2024-10-08,01:30,2901.6
2024-10-08,01:45,3926.4
2024-10-08,02:00,4101.6
2024-10-08,02:15,4170
2024-10-08,02:30,2102.4
2024-10-08,02:45,3643.2
2024-10-08,03:00,3862.8
2024-10-08,03:15,4164
2024-10-08,03:30,3687.6
2024-10-08,03:45,3142.8
2024-10-08,04:00,4130.4
2024-10-08,04:15,4248
2024-10-08,04:30,3211.2
2024-10-08,04:45,3174
2024-10-08,05:00,3979.2
2024-10-08,05:15,4194
2024-10-08,05:30,3538.8
2024-10-08,05:45,3440.4
2024-10-08,06:00,4082.4
2024-10-08,06:15,4192.8
2024-10-08,06:30,3393.6
2024-10-08,06:45,3234
2024-10-08,07:00,3000
2024-10-08,07:15,4092
2024-10-08,07:30,3980.4
2024-10-08,07:45,3000
2024-10-08,08:00,1369.2
2024-10-08,08:15,964.8
2024-10-08,08:30,955.2
2024-10-08,08:45,967.2
2024-10-08,09:00,1238.4
2024-10-08,09:15,919.2
2024-10-08,09:30,963.6
2024-10-08,09:45,806.4
2024-10-08,10:00,909.6
2024-10-08,10:15,835.2
2024-10-08,10:30,931.2
2024-10-08,10:45,946.8
2024-10-08,11:00,859.2
2024-10-08,11:15,915.6
2024-10-08,11:30,513.6
2024-10-08,11:45,644.4
2024-10-08,12:00,195.6
2024-10-08,12:15,123.6
2024-10-08,12:30,560.4
2024-10-08,12:45,324
2024-10-08,13:00,156
2024-10-08,13:15,746.4
2024-10-08,13:30,678
2024-10-08,13:45,986.4
2024-10-08,14:00,292.8
2024-10-08,14:15,1123.2
2024-10-08,14:30,754.8
2024-10-08,14:45,544.8
2024-10-08,15:00,686.4
2024-10-08,15:15,830.4
2024-10-08,15:30,685.2
2024-10-08,15:45,674.4
2024-10-08,16:00,892.8
2024-10-08,16:15,822
2024-10-08,16:30,978
2024-10-08,16:45,1029.6
2024-10-08,17:00,1110
2024-10-08,17:15,1000.8
2024-10-08,17:30,1178.4
2024-10-08,17:45,1110
2024-10-08,18:00,1215.6
2024-10-08,18:15,1038
2024-10-08,18:30,1084.8
2024-10-08,18:45,1000.8
2024-10-08,19:00,1197.6
2024-10-08,19:15,1038
2024-10-08,19:30,1087.2
2024-10-08,19:45,1081.2
2024-10-08,20:00,1045.2
2024-10-08,20:15,1152
2024-10-08,20:30,1117.2
2024-10-08,20:45,1314
2024-10-08,21:00,3832.8
2024-10-08,21:15,4160.4
2024-10-08,21:30,3949.2
2024-10-08,21:45,4191.6
2024-10-08,22:00,4083.6
2024-10-08,22:15,1623.6
2024-10-08,22:30,3747.6
2024-10-08,22:45,4202.4
2024-10-08,23:00,4057.2
2024-10-08,23:15,2127.6
2024-10-08,23:30,3657.6
2024-10-08,23:45,4239.6
2024-10-09,00:00,4135.2
2024-10-09,00:15,3285.6
2024-10-09,00:30,2005.2
2024-10-09,00:45,3126
2024-10-09,01:00,4086
2024-10-09,01:15,4130.4
2024-10-09,01:30,3471.6
2024-10-09,01:45,2631.6
2024-10-09,02:00,4021.2
2024-10-09,02:15,4137.6
2024-10-09,02:30,4348.8
2024-10-09,02:45,3068.4
2024-10-09,03:00,3211.2
2024-10-09,03:15,4101.6
2024-10-09,03:30,4136.4
2024-10-09,03:45,3088.8
2024-10-09,04:00,3016.8
2024-10-09,04:15,4066.8
2024-10-09,04:30,4160.4
2024-10-09,04:45,4215.6
2024-10-09,05:00,3840
2024-10-09,05:15,3207.6
2024-10-09,05:30,4083.6
2024-10-09,05:45,4166.4
2024-10-09,06:00,2422.8
2024-10-09,06:15,3963.6
2024-10-09,06:30,4220.4
2024-10-09,06:45,4256.4
2024-10-09,07:00,2516.4
2024-10-09,07:15,4012.8
2024-10-09,07:30,3943.2
2024-10-09,07:45,4017.6
2024-10-09,08:00,2089.2
2024-10-09,08:15,1166.4
2024-10-09,08:30,920.4
2024-10-09,08:45,999.6
2024-10-09,09:00,441.6
2024-10-09,09:15,865.2
2024-10-09,09:30,630
2024-10-09,09:45,469.2
2024-10-09,10:00,223.2
2024-10-09,10:15,356.4
2024-10-09,10:30,340.8
2024-10-09,10:45,139.2
2024-10-09,11:00,261.6
2024-10-09,11:15,319.2
2024-10-09,11:30,200.4
2024-10-09,11:45,60
2024-10-09,12:00,430.8
2024-10-09,12:15,140.4
2024-10-09,12:30,224.4
2024-10-09,12:45,86.4
2024-10-09,13:00,330
2024-10-09,13:15,267.6
2024-10-09,13:30,324
2024-10-09,13:45,280.8
2024-10-09,14:00,422.4
2024-10-09,14:15,484.8
2024-10-09,14:30,345.6
2024-10-09,14:45,553.2
2024-10-09,15:00,490.8
2024-10-09,15:15,651.6
2024-10-09,15:30,662.4
2024-10-09,15:45,800.4
2024-10-09,16:00,794.4
2024-10-09,16:15,897.6
2024-10-09,16:30,1150.8
2024-10-09,16:45,1087.2
2024-10-09,17:00,1174.8
2024-10-09,17:15,1150.8
2024-10-09,17:30,1278
2024-10-09,17:45,1158
2024-10-09,18:00,1286.4
2024-10-09,18:15,1117.2
2024-10-09,18:30,1402.8
2024-10-09,18:45,1118.4
2024-10-09,19:00,1260
2024-10-09,19:15,1117.2
2024-10-09,19:30,1359.6
2024-10-09,19:45,1130.4
2024-10-09,20:00,1273.2
2024-10-09,20:15,1228.8
2024-10-09,20:30,2232
2024-10-09,20:45,2162.4
2024-10-09,21:00,3646.8
2024-10-09,21:15,3165.6
2024-10-09,21:30,3448.8
2024-10-09,21:45,3346.8
2024-10-09,22:00,3226.8
2024-10-09,22:15,2607.6
2024-10-09,22:30,4030.8
2024-10-09,22:45,4096.8
2024-10-09,23:00,3350.4
2024-10-09,23:15,3492
2024-10-09,23:30,3751.2
2024-10-09,23:45,3907.2
2024-10-10,00:00,3228
2024-10-10,00:15,3644.4
2024-10-10,00:30,3328.8
2024-10-10,00:45,4081.2
2024-10-10,01:00,4311.6
2024-10-10,01:15,3325.2
2024-10-10,01:30,2454
2024-10-10,01:45,4086
2024-10-10,02:00,4422
2024-10-10,02:15,3168
2024-10-10,02:30,3260.4
2024-10-10,02:45,3967.2
2024-10-10,03:00,4232.4
2024-10-10,03:15,4256.4
2024-10-10,03:30,4189.2
2024-10-10,03:45,4069.2
2024-10-10,04:00,4053.6
2024-10-10,04:15,4318.8
2024-10-10,04:30,3265.2
2024-10-10,04:45,2650.8
2024-10-10,05:00,4182
2024-10-10,05:15,4202.4
2024-10-10,05:30,3349.2
2024-10-10,05:45,2370
2024-10-10,06:00,3744
2024-10-10,06:15,4233.6
2024-10-10,06:30,3316.8
2024-10-10,06:45,4112.4
2024-10-10,07:00,4086
2024-10-10,07:15,4116
2024-10-10,07:30,4200
2024-10-10,07:45,2211.6
2024-10-10,08:00,1062
2024-10-10,08:15,891.6
2024-10-10,08:30,1126.8
2024-10-10,08:45,842.4
2024-10-10,09:00,879.6
2024-10-10,09:15,691.2
2024-10-10,09:30,702
2024-10-10,09:45,675.6
2024-10-10,10:00,582
2024-10-10,10:15,562.8
2024-10-10,10:30,558
2024-10-10,10:45,361.2
2024-10-10,11:00,466.8
2024-10-10,11:15,476.4
2024-10-10,11:30,657.6
2024-10-10,11:45,291.6
2024-10-10,12:00,476.4
2024-10-10,12:15,826.8
2024-10-10,12:30,834
2024-10-10,12:45,745.2
2024-10-10,13:00,632.4
2024-10-10,13:15,530.4
2024-10-10,13:30,568.8
2024-10-10,13:45,507.6
2024-10-10,14:00,588
2024-10-10,14:15,645.6
2024-10-10,14:30,502.8
2024-10-10,14:45,740.4
2024-10-10,15:00,810
2024-10-10,15:15,771.6
2024-10-10,15:30,921.6
2024-10-10,15:45,1110
2024-10-10,16:00,846
2024-10-10,16:15,1021.2
2024-10-10,16:30,1023.6
2024-10-10,16:45,1292.4
2024-10-10,17:00,1088.4
2024-10-10,17:15,1100.4
2024-10-10,17:30,1254
2024-10-10,17:45,1192.8
2024-10-10,18:00,1065.6
2024-10-10,18:15,1154.4
2024-10-10,18:30,1218
2024-10-10,18:45,1177.2
2024-10-10,19:00,1198.8
2024-10-10,19:15,1159.2
2024-10-10,19:30,1204.8
2024-10-10,19:45,1191.6
2024-10-10,20:00,1284
2024-10-10,20:15,1320
2024-10-10,20:30,2212.8
2024-10-10,20:45,1992
2024-10-10,21:00,4200
2024-10-10,21:15,3272.4
2024-10-10,21:30,4149.6
2024-10-10,21:45,3584.4
2024-10-10,22:00,3403.2
2024-10-10,22:15,4063.2
2024-10-10,22:30,4003.2
2024-10-10,22:45,4098
2024-10-10,23:00,3213.6
2024-10-10,23:15,2150.4
2024-10-10,23:30,4059.6
2024-10-10,23:45,4212
2024-10-11,00:00,3896.4
2024-10-11,00:15,3135.6
2024-10-11,00:30,4106.4
2024-10-11,00:45,4129.2
2024-10-11,01:00,4190.4
2024-10-11,01:15,1486.8
2024-10-11,01:30,4095.6
2024-10-11,01:45,4039.2
2024-10-11,02:00,4246.8
2024-10-11,02:15,2280
2024-10-11,02:30,4149.6
2024-10-11,02:45,4022.4
2024-10-11,03:00,4213.2
2024-10-11,03:15,1465.2
2024-10-11,03:30,4141.2
2024-10-11,03:45,4072.8
2024-10-11,04:00,4180.8
2024-10-11,04:15,4213.2
2024-10-11,04:30,3463.2
2024-10-11,04:45,4118.4
2024-10-11,05:00,4172.4
2024-10-11,05:15,4176
2024-10-11,05:30,1980
2024-10-11,05:45,4366.8
2024-10-11,06:00,4039.2
2024-10-11,06:15,4227.6
2024-10-11,06:30,3321.6
2024-10-11,06:45,3154.8
2024-10-11,07:00,4099.2
2024-10-11,07:15,4184.4
2024-10-11,07:30,4172.4
2024-10-11,07:45,1152
2024-10-11,08:00,892.8
2024-10-11,08:15,933.6
2024-10-11,08:30,810
2024-10-11,08:45,832.8
2024-10-11,09:00,604.8
2024-10-11,09:15,849.6
2024-10-11,09:30,540
2024-10-11,09:45,543.6
2024-10-11,10:00,506.4
2024-10-11,10:15,726
2024-10-11,10:30,399.6
2024-10-11,10:45,424.8
2024-10-11,11:00,361.2
2024-10-11,11:15,469.2
2024-10-11,11:30,400.8
2024-10-11,11:45,498
2024-10-11,12:00,458.4
2024-10-11,12:15,411.6
2024-10-11,12:30,382.8
2024-10-11,12:45,510
2024-10-11,13:00,528
2024-10-11,13:15,494.4
2024-10-11,13:30,421.2
2024-10-11,13:45,558
2024-10-11,14:00,663.6
2024-10-11,14:15,531.6
2024-10-11,14:30,648
2024-10-11,14:45,636
2024-10-11,15:00,816
2024-10-11,15:15,678
2024-10-11,15:30,801.6
2024-10-11,15:45,901.2
2024-10-11,16:00,961.2
2024-10-11,16:15,865.2
2024-10-11,16:30,1170
2024-10-11,16:45,986.4
2024-10-11,17:00,1126.8
2024-10-11,17:15,1206
2024-10-11,17:30,1166.4
2024-10-11,17:45,1102.8
2024-10-11,18:00,1195.2
2024-10-11,18:15,1108.8
2024-10-11,18:30,1183.2
2024-10-11,18:45,1144.8
2024-10-11,19:00,1123.2
2024-10-11,19:15,1182
2024-10-11,19:30,1150.8
2024-10-11,19:45,1052.4
2024-10-11,20:00,1194
2024-10-11,20:15,1002
2024-10-11,20:30,1062
2024-10-11,20:45,1155.6
2024-10-11,21:00,2908.8
2024-10-11,21:15,4030.8
2024-10-11,21:30,4132.8
2024-10-11,21:45,4180.8
2024-10-11,22:00,4058.4
2024-10-11,22:15,3286.8
2024-10-11,22:30,4035.6
2024-10-11,22:45,4172.4
2024-10-11,23:00,4165.2
2024-10-11,23:15,1603.2
2024-10-11,23:30,4116
2024-10-11,23:45,4275.6
2024-10-12,00:00,4069.2
2024-10-12,00:15,4254
2024-10-12,00:30,3566.4
2024-10-12,00:45,4239.6
2024-10-12,01:00,4234.8
2024-10-12,01:15,3415.2
2024-10-12,01:30,2179.2
2024-10-12,01:45,4140
2024-10-12,02:00,4281.6
2024-10-12,02:15,3182.4
2024-10-12,02:30,3348
2024-10-12,02:45,4154.4
2024-10-12,03:00,4358.4
2024-10-12,03:15,4117.2
2024-10-12,03:30,3223.2
2024-10-12,03:45,4201.2
2024-10-12,04:00,4260
2024-10-12,04:15,4203.6
2024-10-12,04:30,2509.2
2024-10-12,04:45,3104.4
2024-10-12,05:00,4322.4
2024-10-12,05:15,4214.4
2024-10-12,05:30,4171.2
2024-10-12,05:45,3518.4
2024-10-12,06:00,4326
2024-10-12,06:15,4206
2024-10-12,06:30,4365.6
2024-10-12,06:45,2284.8
2024-10-12,07:00,4104
2024-10-12,07:15,4258.8
2024-10-12,07:30,4106.4
2024-10-12,07:45,3123.6
2024-10-12,08:00,1204.8
2024-10-12,08:15,1137.6
2024-10-12,08:30,1124.4
2024-10-12,08:45,997.2
2024-10-12,09:00,958.8
2024-10-12,09:15,936
2024-10-12,09:30,843.6
2024-10-12,09:45,739.2
2024-10-12,10:00,973.2
2024-10-12,10:15,808.8
2024-10-12,10:30,853.2
2024-10-12,10:45,728.4
2024-10-12,11:00,591.6
2024-10-12,11:15,584.4
2024-10-12,11:30,751.2
2024-10-12,11:45,564
2024-10-12,12:00,482.4
2024-10-12,12:15,505.2
2024-10-12,12:30,540
2024-10-12,12:45,447.6
2024-10-12,13:00,523.2
2024-10-12,13:15,553.2
2024-10-12,13:30,561.6
2024-10-12,13:45,519.6
2024-10-12,14:00,718.8
2024-10-12,14:15,606
2024-10-12,14:30,652.8
2024-10-12,14:45,630
2024-10-12,15:00,1231.2
2024-10-12,15:15,1060.8
2024-10-12,15:30,952.8
2024-10-12,15:45,1074
2024-10-12,16:00,952.8
2024-10-12,16:15,1062
2024-10-12,16:30,882
2024-10-12,16:45,1096.8
2024-10-12,17:00,1002
2024-10-12,17:15,1164
2024-10-12,17:30,1046.4
2024-10-12,17:45,1222.8
2024-10-12,18:00,1002
2024-10-12,18:15,1021.2
2024-10-12,18:30,1077.6
2024-10-12,18:45,1230
2024-10-12,19:00,1131.6
2024-10-12,19:15,1058.4
2024-10-12,19:30,1147.2
2024-10-12,19:45,1284
2024-10-12,20:00,1236
2024-10-12,20:15,1041.6
2024-10-12,20:30,1294.8
2024-10-12,20:45,1206
2024-10-12,21:00,4202.4
2024-10-12,21:15,3931.2
2024-10-12,21:30,4171.2
2024-10-12,21:45,4155.6
2024-10-12,22:00,4135.2
2024-10-12,22:15,3548.4
2024-10-12,22:30,4118.4
2024-10-12,22:45,4050
2024-10-12,23:00,4095.6
2024-10-12,23:15,1227.6
2024-10-12,23:30,4111.2
2024-10-12,23:45,3988.8
2024-10-13,00:00,4070.4
2024-10-13,00:15,2145.6
2024-10-13,00:30,3075.6
2024-10-13,00:45,4057.2
2024-10-13,01:00,4183.2
2024-10-13,01:15,3169.2
2024-10-13,01:30,3266.4
2024-10-13,01:45,4064.4
2024-10-13,02:00,4088.4
2024-10-13,02:15,4057.2
2024-10-13,02:30,3247.2
2024-10-13,02:45,3994.8
2024-10-13,03:00,4099.2
2024-10-13,03:15,4204.8
2024-10-13,03:30,2389.2
2024-10-13,03:45,4212
2024-10-13,04:00,4087.2
2024-10-13,04:15,3214.8
2024-10-13,04:30,2181.6
2024-10-13,04:45,4029.6
2024-10-13,05:00,4144.8
2024-10-13,05:15,4231.2
2024-10-13,05:30,3200.4
2024-10-13,05:45,4081.2
2024-10-13,06:00,4230
2024-10-13,06:15,4222.8
2024-10-13,06:30,3388.8
2024-10-13,06:45,3201.6
2024-10-13,07:00,4135.2
2024-10-13,07:15,4068
2024-10-13,07:30,4118.4
2024-10-13,07:45,1208.4
2024-10-13,08:00,933.6
2024-10-13,08:15,930
2024-10-13,08:30,769.2
2024-10-13,08:45,1060.8
2024-10-13,09:00,1108.8
2024-10-13,09:15,1033.2
2024-10-13,09:30,896.4
2024-10-13,09:45,979.2
2024-10-13,10:00,867.6
2024-10-13,10:15,991.2
2024-10-13,10:30,894
2024-10-13,10:45,852
2024-10-13,11:00,561.6
2024-10-13,11:15,880.8
2024-10-13,11:30,744
2024-10-13,11:45,43.2
2024-10-13,12:00,682.8
2024-10-13,12:15,582
2024-10-13,12:30,380.4
2024-10-13,12:45,814.8
2024-10-13,13:00,501.6
2024-10-13,13:15,824.4
2024-10-13,13:30,444
2024-10-13,13:45,745.2
2024-10-13,14:00,915.6
2024-10-13,14:15,1114.8
2024-10-13,14:30,1126.8
2024-10-13,14:45,1078.8
2024-10-13,15:00,1174.8
2024-10-13,15:15,1231.2
2024-10-13,15:30,1063.2
2024-10-13,15:45,1280.4
2024-10-13,16:00,1174.8
2024-10-13,16:15,1248
2024-10-13,16:30,948
2024-10-13,16:45,1197.6
2024-10-13,17:00,1076.4
2024-10-13,17:15,1090.8
2024-10-13,17:30,1089.6
2024-10-13,17:45,1089.6
2024-10-13,18:00,1078.8
2024-10-13,18:15,1022.4
2024-10-13,18:30,1149.6
2024-10-13,18:45,1077.6
2024-10-13,19:00,1087.2
2024-10-13,19:15,1140
2024-10-13,19:30,1321.2
2024-10-13,19:45,1114.8
2024-10-13,20:00,1245.6
2024-10-13,20:15,1208.4
2024-10-13,20:30,1150.8
2024-10-13,20:45,1136.4
2024-10-13,21:00,4075.2
2024-10-13,21:15,3948
2024-10-13,21:30,4192.8
2024-10-13,21:45,4096.8
2024-10-13,22:00,4114.8
2024-10-13,22:15,3375.6
2024-10-13,22:30,4246.8
2024-10-13,22:45,4099.2
2024-10-13,23:00,4166.4
2024-10-13,23:15,1311.6
2024-10-13,23:30,3955.2
2024-10-13,23:45,4084.8
2024-10-14,00:00,4239.6
2024-10-14,00:15,3378
2024-10-14,00:30,2415.6
2024-10-14,00:45,4143.6
2024-10-14,01:00,4257.6
2024-10-14,01:15,4207.2
2024-10-14,01:30,2497.2
2024-10-14,01:45,3560.4
2024-10-14,02:00,4246.8
2024-10-14,02:15,4166.4
2024-10-14,02:30,3111.6
2024-10-14,02:45,2336.4
2024-10-14,03:00,4195.2
2024-10-14,03:15,4123.2
2024-10-14,03:30,4117.2
2024-10-14,03:45,3237.6
2024-10-14,04:00,3133.2
2024-10-14,04:15,4216.8
2024-10-14,04:30,4176
2024-10-14,04:45,2462.4
2024-10-14,05:00,3554.4
2024-10-14,05:15,4178.4
2024-10-14,05:30,4227.6
2024-10-14,05:45,3225.6
2024-10-14,06:00,3184.8
2024-10-14,06:15,2773.2
2024-10-14,06:30,3166.8
2024-10-14,06:45,3208.8
2024-10-14,07:00,1399.2
2024-10-14,07:15,3247.2
2024-10-14,07:30,3206.4
2024-10-14,07:45,3196.8
2024-10-14,08:00,1404
2024-10-14,08:15,1251.6
2024-10-14,08:30,1261.2
2024-10-14,08:45,1219.2
2024-10-14,09:00,1226.4
2024-10-14,09:15,1209.6
2024-10-14,09:30,1297.2
2024-10-14,09:45,1251.6
2024-10-14,10:00,1286.4
2024-10-14,10:15,1082.4
2024-10-14,10:30,1100.4
2024-10-14,10:45,1112.4
2024-10-14,11:00,867.6
2024-10-14,11:15,1063.2
2024-10-14,11:30,865.2
2024-10-14,11:45,1105.2
2024-10-14,12:00,954
2024-10-14,12:15,1053.6
2024-10-14,12:30,859.2
2024-10-14,12:45,931.2
2024-10-14,13:00,930
2024-10-14,13:15,735.6
2024-10-14,13:30,811.2
2024-10-14,13:45,697.2
2024-10-14,14:00,1105.2
2024-10-14,14:15,894
2024-10-14,14:30,928.8
2024-10-14,14:45,696
2024-10-14,15:00,1062
2024-10-14,15:15,1066.8
2024-10-14,15:30,910.8
2024-10-14,15:45,950.4
2024-10-14,16:00,1006.8
2024-10-14,16:15,1075.2
2024-10-14,16:30,931.2
2024-10-14,16:45,1066.8
2024-10-14,17:00,1149.6
2024-10-14,17:15,1159.2
2024-10-14,17:30,1236
2024-10-14,17:45,1083.6
2024-10-14,18:00,1360.8
2024-10-14,18:15,1170
2024-10-14,18:30,1218
2024-10-14,18:45,1104
2024-10-14,19:00,1113.6
2024-10-14,19:15,1088.4
2024-10-14,19:30,1070.4
2024-10-14,19:45,1119.6
2024-10-14,20:00,1093.2
2024-10-14,20:15,1952.4
2024-10-14,20:30,1988.4
2024-10-14,20:45,2163.6
2024-10-14,21:00,4065.6
2024-10-14,21:15,3290.4
2024-10-14,21:30,3356.4
2024-10-14,21:45,4107.6
2024-10-14,22:00,3226.8
2024-10-14,22:15,2654.4
2024-10-14,22:30,4196.4
2024-10-14,22:45,4216.8
2024-10-14,23:00,4148.4
2024-10-14,23:15,2283.6
2024-10-14,23:30,4213.2
2024-10-14,23:45,4200
2024-10-15,00:00,4076.4
2024-10-15,00:15,2523.6
2024-10-15,00:30,3289.2
2024-10-15,00:45,4124.4
2024-10-15,01:00,4100.4
2024-10-15,01:15,3427.2
2024-10-15,01:30,3985.2
2024-10-15,01:45,4167.6
2024-10-15,02:00,4249.2
2024-10-15,02:15,4171.2
2024-10-15,02:30,3140.4
2024-10-15,02:45,3235.2
2024-10-15,03:00,4114.8
2024-10-15,03:15,4149.6
2024-10-15,03:30,3445.2
2024-10-15,03:45,2169.6
2024-10-15,04:00,4164
2024-10-15,04:15,3229.2
2024-10-15,04:30,3122.4
2024-10-15,04:45,3025.2
2024-10-15,05:00,4098
2024-10-15,05:15,3028.8
2024-10-15,05:30,2857.2
2024-10-15,05:45,3014.4
2024-10-15,06:00,3980.4
2024-10-15,06:15,4036.8
2024-10-15,06:30,3079.2
2024-10-15,06:45,3048
2024-10-15,07:00,3967.2
2024-10-15,07:15,4078.8
2024-10-15,07:30,4021.2
2024-10-15,07:45,3050.4
2024-10-15,08:00,843.6
2024-10-15,08:15,1046.4
2024-10-15,08:30,1356
2024-10-15,08:45,1387.2
2024-10-15,09:00,1405.2
2024-10-15,09:15,1027.2
2024-10-15,09:30,802.8
2024-10-15,09:45,1528.8
2024-10-15,10:00,1491.6
2024-10-15,10:15,1562.4
2024-10-15,10:30,1411.2
2024-10-15,10:45,1459.2
2024-10-15,11:00,1197.6
2024-10-15,11:15,1225.2
2024-10-15,11:30,1010.4
2024-10-15,11:45,1039.2
2024-10-15,12:00,993.6
2024-10-15,12:15,1231.2
2024-10-15,12:30,1153.2
2024-10-15,12:45,1189.2
2024-10-15,13:00,1051.2
2024-10-15,13:15,1257.6
2024-10-15,13:30,1226.4
2024-10-15,13:45,1363.2
2024-10-15,14:00,1417.2
2024-10-15,14:15,1636.8
2024-10-15,14:30,1204.8
2024-10-15,14:45,1416
2024-10-15,15:00,1240.8
2024-10-15,15:15,1195.2
2024-10-15,15:30,1291.2
2024-10-15,15:45,1506
2024-10-15,16:00,1501.2
2024-10-15,16:15,1275.6
2024-10-15,16:30,1226.4
2024-10-15,16:45,1273.2
2024-10-15,17:00,1214.4
2024-10-15,17:15,1052.4
2024-10-15,17:30,1308
2024-10-15,17:45,1192.8
2024-10-15,18:00,1172.4
2024-10-15,18:15,1213.2
2024-10-15,18:30,1372.8
2024-10-15,18:45,1048.8
2024-10-15,19:00,1342.8
2024-10-15,19:15,1155.6
2024-10-15,19:30,1374
2024-10-15,19:45,1188
2024-10-15,20:00,1249.2
2024-10-15,20:15,1208.4
2024-10-15,20:30,1353.6
2024-10-15,20:45,1165.2
2024-10-15,21:00,4065.6
2024-10-15,21:15,4095.6
2024-10-15,21:30,4238.4
2024-10-15,21:45,4083.6
2024-10-15,22:00,4231.2
2024-10-15,22:15,3285.6
2024-10-15,22:30,4093.2
2024-10-15,22:45,4117.2
2024-10-15,23:00,4225.2
2024-10-15,23:15,1519.2
2024-10-15,23:30,3918
2024-10-15,23:45,4376.4
2024-10-16,00:00,4222.8
2024-10-16,00:15,3368.4
2024-10-16,00:30,2569.2
2024-10-16,00:45,4122
2024-10-16,01:00,4252.8
2024-10-16,01:15,4357.2
2024-10-16,01:30,3228
2024-10-16,01:45,4410
2024-10-16,02:00,4148.4
2024-10-16,02:15,4376.4
2024-10-16,02:30,3242.4
2024-10-16,02:45,3405.6
2024-10-16,03:00,4294.8
2024-10-16,03:15,4167.6
2024-10-16,03:30,3493.2
2024-10-16,03:45,3327.6
2024-10-16,04:00,4206
2024-10-16,04:15,4255.2
2024-10-16,04:30,3294
2024-10-16,04:45,2463.6
2024-10-16,05:00,3879.6
2024-10-16,05:15,4293.6
2024-10-16,05:30,4288.8
2024-10-16,05:45,3613.2
2024-10-16,06:00,3412.8
2024-10-16,06:15,4260
2024-10-16,06:30,4278
2024-10-16,06:45,3310.8
2024-10-16,07:00,3304.8
2024-10-16,07:15,4582.8
2024-10-16,07:30,4494
2024-10-16,07:45,4298.4
2024-10-16,08:00,2436
2024-10-16,08:15,1318.8
2024-10-16,08:30,1183.2
2024-10-16,08:45,1400.4
2024-10-16,09:00,1162.8
2024-10-16,09:15,1308
2024-10-16,09:30,1472.4
2024-10-16,09:45,1384.8
2024-10-16,10:00,1378.8
2024-10-16,10:15,1374
2024-10-16,10:30,1254
2024-10-16,10:45,1399.2
2024-10-16,11:00,1214.4
2024-10-16,11:15,1536
2024-10-16,11:30,1690.8
2024-10-16,11:45,1725.6
2024-10-16,12:00,1354.8
2024-10-16,12:15,1444.8
2024-10-16,12:30,1436.4
2024-10-16,12:45,1274.4
2024-10-16,13:00,1617.6
2024-10-16,13:15,1615.2
2024-10-16,13:30,1364.4
2024-10-16,13:45,1359.6
2024-10-16,14:00,1474.8
2024-10-16,14:15,1420.8
2024-10-16,14:30,1693.2
2024-10-16,14:45,1452
2024-10-16,15:00,2083.2
2024-10-16,15:15,1956
2024-10-16,15:30,2154
2024-10-16,15:45,2083.2
2024-10-16,16:00,2210.4
2024-10-16,16:15,1988.4
2024-10-16,16:30,2004
2024-10-16,16:45,1884
2024-10-16,17:00,1982.4
2024-10-16,17:15,1948.8
2024-10-16,17:30,1765.2
2024-10-16,17:45,1749.6
2024-10-16,18:00,1844.4
2024-10-16,18:15,1731.6
2024-10-16,18:30,1676.4
2024-10-16,18:45,1552.8
2024-10-16,19:00,1634.4
2024-10-16,19:15,1572
2024-10-16,19:30,1584
2024-10-16,19:45,1762.8
2024-10-16,20:00,1714.8
2024-10-16,20:15,1696.8
2024-10-16,20:30,1682.4
2024-10-16,20:45,1822.8
2024-10-16,21:00,4683.6
2024-10-16,21:15,4714.8
2024-10-16,21:30,4748.4
2024-10-16,21:45,4688.4
2024-10-16,22:00,4806
2024-10-16,22:15,3799.2
2024-10-16,22:30,4591.2
2024-10-16,22:45,4756.8
2024-10-16,23:00,4771.2
2024-10-16,23:15,2850
2024-10-16,23:30,4561.2
2024-10-16,23:45,4537.2
2024-10-17,00:00,4650
2024-10-17,00:15,3920.4
2024-10-17,00:30,3739.2
2024-10-17,00:45,4642.8
2024-10-17,01:00,4669.2
2024-10-17,01:15,4669.2
2024-10-17,01:30,2889.6
2024-10-17,01:45,4639.2
2024-10-17,02:00,4699.2
2024-10-17,02:15,4753.2
2024-10-17,02:30,3728.4
2024-10-17,02:45,3848.4
2024-10-17,03:00,4778.4
2024-10-17,03:15,4750.8
2024-10-17,03:30,4659.6
2024-10-17,03:45,3116.4
2024-10-17,04:00,4794
2024-10-17,04:15,4767.6
2024-10-17,04:30,4719.6
2024-10-17,04:45,3764.4
2024-10-17,05:00,3718.8
2024-10-17,05:15,4669.2
2024-10-17,05:30,4629.6
2024-10-17,05:45,4702.8
2024-10-17,06:00,3867.6
2024-10-17,06:15,4701.6
2024-10-17,06:30,4683.6
2024-10-17,06:45,4786.8
2024-10-17,07:00,3049.2
2024-10-17,07:15,4652.4
2024-10-17,07:30,4614
2024-10-17,07:45,4713.6
2024-10-17,08:00,2701.2
2024-10-17,08:15,1494
2024-10-17,08:30,1466.4
2024-10-17,08:45,1564.8
2024-10-17,09:00,1476
2024-10-17,09:15,1242
2024-10-17,09:30,1114.8
2024-10-17,09:45,1130.4
2024-10-17,10:00,1380
2024-10-17,10:15,1492.8
2024-10-17,10:30,1240.8
2024-10-17,10:45,1692
2024-10-17,11:00,1453.2
2024-10-17,11:15,1533.6
2024-10-17,11:30,1119.6
2024-10-17,11:45,1357.2
2024-10-17,12:00,730.8
2024-10-17,12:15,922.8
2024-10-17,12:30,1315.2
2024-10-17,12:45,1408.8
2024-10-17,13:00,1264.8
2024-10-17,13:15,1174.8
2024-10-17,13:30,886.8
2024-10-17,13:45,1363.2
2024-10-17,14:00,792
2024-10-17,14:15,1070.4
2024-10-17,14:30,1508.4
2024-10-17,14:45,1430.4
2024-10-17,15:00,1564.8
2024-10-17,15:15,1542
2024-10-17,15:30,1718.4
2024-10-17,15:45,1538.4
2024-10-17,16:00,1404
2024-10-17,16:15,1556.4
2024-10-17,16:30,1698
2024-10-17,16:45,1438.8
2024-10-17,17:00,1642.8
2024-10-17,17:15,1677.6
2024-10-17,17:30,1644
2024-10-17,17:45,1629.6
2024-10-17,18:00,1574.4
2024-10-17,18:15,1876.8
2024-10-17,18:30,1501.2
2024-10-17,18:45,1560
2024-10-17,19:00,1609.2
2024-10-17,19:15,1867.2
2024-10-17,19:30,1546.8
2024-10-17,19:45,1634.4
2024-10-17,20:00,1708.8
2024-10-17,20:15,1726.8
2024-10-17,20:30,1566
2024-10-17,20:45,1838.4
2024-10-17,21:00,4626
2024-10-17,21:15,4782
2024-10-17,21:30,4614
2024-10-17,21:45,4711.2
2024-10-17,22:00,4746
2024-10-17,22:15,4875.6
2024-10-17,22:30,4640.4
2024-10-17,22:45,4660.8
2024-10-17,23:00,4704
2024-10-17,23:15,1892.4
2024-10-17,23:30,4532.4
2024-10-17,23:45,4670.4
2024-10-18,00:00,4752
2024-10-18,00:15,2750.4
2024-10-18,00:30,3698.4
2024-10-18,00:45,4558.8
2024-10-18,01:00,4736.4
2024-10-18,01:15,3704.4
2024-10-18,01:30,3174
2024-10-18,01:45,4705.2
2024-10-18,02:00,4808.4
2024-10-18,02:15,4822.8
2024-10-18,02:30,2692.8
2024-10-18,02:45,4664.4
2024-10-18,03:00,4658.4
2024-10-18,03:15,4710
2024-10-18,03:30,2846.4
2024-10-18,03:45,4818
2024-10-18,04:00,4759.2
2024-10-18,04:15,4796.4
2024-10-18,04:30,2917.2
2024-10-18,04:45,4461.6
2024-10-18,05:00,4725.6
2024-10-18,05:15,3769.2
2024-10-18,05:30,4242
2024-10-18,05:45,3872.4
2024-10-18,06:00,4743.6
2024-10-18,06:15,4664.4
2024-10-18,06:30,3763.2
2024-10-18,06:45,3697.2
2024-10-18,07:00,3657.6
2024-10-18,07:15,4454.4
2024-10-18,07:30,3778.8
2024-10-18,07:45,1864.8
2024-10-18,08:00,1538.4
2024-10-18,08:15,1264.8
2024-10-18,08:30,1320
2024-10-18,08:45,1156.8
2024-10-18,09:00,1212
2024-10-18,09:15,1146
2024-10-18,09:30,1608
2024-10-18,09:45,1450.8
2024-10-18,10:00,1532.4
2024-10-18,10:15,1413.6
2024-10-18,10:30,1552.8
2024-10-18,10:45,1338
2024-10-18,11:00,1548
2024-10-18,11:15,1408.8
2024-10-18,11:30,702
2024-10-18,11:45,1296
2024-10-18,12:00,1488
2024-10-18,12:15,566.4
2024-10-18,12:30,775.2
2024-10-18,12:45,1240.8
2024-10-18,13:00,1374
2024-10-18,13:15,756
2024-10-18,13:30,1689.6
2024-10-18,13:45,1450.8
2024-10-18,14:00,1569.6
2024-10-18,14:15,1110
2024-10-18,14:30,1166.4
2024-10-18,14:45,1483.2
2024-10-18,15:00,1485.6
2024-10-18,15:15,1560
2024-10-18,15:30,1717.2
2024-10-18,15:45,1714.8
2024-10-18,16:00,1504.8
2024-10-18,16:15,1536
2024-10-18,16:30,1797.6
2024-10-18,16:45,1683.6
2024-10-18,17:00,1678.8
2024-10-18,17:15,1766.4
2024-10-18,17:30,1714.8
2024-10-18,17:45,1804.8
2024-10-18,18:00,1633.2
2024-10-18,18:15,1879.2
2024-10-18,18:30,1684.8
2024-10-18,18:45,1754.4
2024-10-18,19:00,1664.4
2024-10-18,19:15,1808.4
2024-10-18,19:30,1816.8
2024-10-18,19:45,1674
2024-10-18,20:00,1708.8
2024-10-18,20:15,2703.6
2024-10-18,20:30,2620.8
2024-10-18,20:45,2817.6
2024-10-18,21:00,3676.8
2024-10-18,21:15,3807.6
2024-10-18,21:30,4671.6
2024-10-18,21:45,4111.2
2024-10-18,22:00,3661.2
2024-10-18,22:15,3372
2024-10-18,22:30,4669.2
2024-10-18,22:45,4690.8
2024-10-18,23:00,3747.6
2024-10-18,23:15,2776.8
2024-10-18,23:30,4444.8
2024-10-18,23:45,4616.4
2024-10-19,00:00,4846.8
2024-10-19,00:15,2806.8
2024-10-19,00:30,3804
2024-10-19,00:45,4554
2024-10-19,01:00,4803.6
2024-10-19,01:15,3684
2024-10-19,01:30,4108.8
2024-10-19,01:45,4102.8
2024-10-19,02:00,4748.4
2024-10-19,02:15,4695.6
2024-10-19,02:30,3925.2
2024-10-19,02:45,3784.8
2024-10-19,03:00,4605.6
2024-10-19,03:15,4778.4
2024-10-19,03:30,3811.2
2024-10-19,03:45,4659.6
2024-10-19,04:00,3879.6
2024-10-19,04:15,4789.2
2024-10-19,04:30,4843.2
2024-10-19,04:45,2797.2
2024-10-19,05:00,4759.2
2024-10-19,05:15,4665.6
2024-10-19,05:30,4635.6
2024-10-19,05:45,3741.6
2024-10-19,06:00,3560.4
2024-10-19,06:15,4669.2
2024-10-19,06:30,3771.6
2024-10-19,06:45,4824
2024-10-19,07:00,3672
2024-10-19,07:15,4786.8
2024-10-19,07:30,3794.4
2024-10-19,07:45,3753.6
2024-10-19,08:00,3582
2024-10-19,08:15,1839.6
2024-10-19,08:30,1573.2
2024-10-19,08:45,1554
2024-10-19,09:00,1580.4
2024-10-19,09:15,1699.2
2024-10-19,09:30,1591.2
2024-10-19,09:45,1414.8
2024-10-19,10:00,1638
2024-10-19,10:15,1809.6
2024-10-19,10:30,1616.4
2024-10-19,10:45,1725.6
2024-10-19,11:00,1615.2
2024-10-19,11:15,1670.4
2024-10-19,11:30,1519.2
2024-10-19,11:45,1620
2024-10-19,12:00,1512
2024-10-19,12:15,1650
2024-10-19,12:30,1465.2
2024-10-19,12:45,1707.6
2024-10-19,13:00,1666.8
2024-10-19,13:15,1669.2
2024-10-19,13:30,1545.6
2024-10-19,13:45,1814.4
2024-10-19,14:00,1642.8
2024-10-19,14:15,1671.6
2024-10-19,14:30,1816.8
2024-10-19,14:45,1610.4
2024-10-19,15:00,1719.6
2024-10-19,15:15,1635.6
2024-10-19,15:30,1764
2024-10-19,15:45,1567.2
2024-10-19,16:00,1638
2024-10-19,16:15,1705.2
2024-10-19,16:30,1591.2
2024-10-19,16:45,1662
2024-10-19,17:00,1634.4
2024-10-19,17:15,1750.8
2024-10-19,17:30,1623.6
2024-10-19,17:45,1576.8
2024-10-19,18:00,1521.6
2024-10-19,18:15,1602
2024-10-19,18:30,1578
2024-10-19,18:45,1726.8
2024-10-19,19:00,1456.8
2024-10-19,19:15,1777.2
2024-10-19,19:30,1467.6
2024-10-19,19:45,1507.2
2024-10-19,20:00,1614
2024-10-19,20:15,1812
2024-10-19,20:30,1585.2
2024-10-19,20:45,1720.8
2024-10-19,21:00,3696
2024-10-19,21:15,4626
2024-10-19,21:30,4713.6
2024-10-19,21:45,4558.8
2024-10-19,22:00,4690.8
2024-10-19,22:15,3471.6
2024-10-19,22:30,4714.8
2024-10-19,22:45,4656
2024-10-19,23:00,4566
2024-10-19,23:15,2679.6
2024-10-19,23:30,4304.4
2024-10-19,23:45,4647.6
2024-10-20,00:00,4598.4
2024-10-20,00:15,2787.6
2024-10-20,00:30,3855.6
2024-10-20,00:45,4576.8
2024-10-20,01:00,4616.4
2024-10-20,01:15,4610.4
2024-10-20,01:30,2907.6
2024-10-20,01:45,4612.8
2024-10-20,02:00,4707.6
2024-10-20,02:15,4594.8
2024-10-20,02:30,4572
2024-10-20,02:45,4030.8
2024-10-20,03:00,4750.8
2024-10-20,03:15,4668
2024-10-20,03:30,3981.6
2024-10-20,03:45,2844
2024-10-20,04:00,4620
2024-10-20,04:15,4707.6
2024-10-20,04:30,3943.2
2024-10-20,04:45,4666.8
2024-10-20,05:00,4606.8
2024-10-20,05:15,4652.4
2024-10-20,05:30,4836
2024-10-20,05:45,4694.4
2024-10-20,06:00,3770.4
2024-10-20,06:15,4798.8
2024-10-20,06:30,4843.2
2024-10-20,06:45,4647.6
2024-10-20,07:00,3762
2024-10-20,07:15,4693.2
2024-10-20,07:30,4714.8
2024-10-20,07:45,2605.2
2024-10-20,08:00,2643.6
2024-10-20,08:15,1572
2024-10-20,08:30,1520.4
2024-10-20,08:45,1406.4
2024-10-20,09:00,1320
2024-10-20,09:15,1380
2024-10-20,09:30,804
2024-10-20,09:45,1447.2
2024-10-20,10:00,985.2
2024-10-20,10:15,915.6
2024-10-20,10:30,1338
2024-10-20,10:45,824.4
2024-10-20,11:00,1537.2
2024-10-20,11:15,946.8
2024-10-20,11:30,1057.2
2024-10-20,11:45,558
2024-10-20,12:00,1470
2024-10-20,12:15,1466.4
2024-10-20,12:30,1369.2
2024-10-20,12:45,752.4
2024-10-20,13:00,1252.8
2024-10-20,13:15,993.6
2024-10-20,13:30,930
2024-10-20,13:45,744
2024-10-20,14:00,1000.8
2024-10-20,14:15,984
2024-10-20,14:30,1006.8
2024-10-20,14:45,1076.4
2024-10-20,15:00,1036.8
2024-10-20,15:15,1315.2
2024-10-20,15:30,1243.2
2024-10-20,15:45,1316.4
2024-10-20,16:00,1398
2024-10-20,16:15,1455.6
2024-10-20,16:30,1501.2
2024-10-20,16:45,1614
2024-10-20,17:00,1675.2
2024-10-20,17:15,1716
2024-10-20,17:30,1678.8
2024-10-20,17:45,1580.4
2024-10-20,18:00,1569.6
2024-10-20,18:15,1616.4
2024-10-20,18:30,1675.2
2024-10-20,18:45,1612.8
2024-10-20,19:00,1707.6
2024-10-20,19:15,1587.6
2024-10-20,19:30,1630.8
2024-10-20,19:45,1736.4
2024-10-20,20:00,1815.6
2024-10-20,20:15,1622.4
2024-10-20,20:30,2620.8
2024-10-20,20:45,2587.2
2024-10-20,21:00,4269.6
2024-10-20,21:15,4798.8
2024-10-20,21:30,3828
2024-10-20,21:45,4714.8
2024-10-20,22:00,3681.6
2024-10-20,22:15,4516.8
2024-10-20,22:30,4712.4
2024-10-20,22:45,4594.8
2024-10-20,23:00,4516.8
2024-10-20,23:15,2534.4
2024-10-20,23:30,4603.2
2024-10-20,23:45,4203.6
2024-10-21,00:00,3777.6
2024-10-21,00:15,4047.6
2024-10-21,00:30,3680.4
2024-10-21,00:45,4687.2
2024-10-21,01:00,4858.8
2024-10-21,01:15,4572
2024-10-21,01:30,3661.2
2024-10-21,01:45,4684.8
2024-10-21,02:00,4821.6
2024-10-21,02:15,3645.6
2024-10-21,02:30,3734.4
2024-10-21,02:45,3692.4
2024-10-21,03:00,4496.4
2024-10-21,03:15,4720.8
2024-10-21,03:30,3678
2024-10-21,03:45,3859.2
2024-10-21,04:00,4684.8
2024-10-21,04:15,4687.2
2024-10-21,04:30,4651.2
2024-10-21,04:45,4438.8
2024-10-21,05:00,4206
2024-10-21,05:15,4652.4
2024-10-21,05:30,4773.6
2024-10-21,05:45,3734.4
2024-10-21,06:00,2896.8
2024-10-21,06:15,4780.8
2024-10-21,06:30,4839.6
2024-10-21,06:45,4716
2024-10-21,07:00,2835.6
2024-10-21,07:15,4246.8
2024-10-21,07:30,4552.8
2024-10-21,07:45,4688.4
2024-10-21,08:00,3795.6
2024-10-21,08:15,1815.6
2024-10-21,08:30,1639.2
2024-10-21,08:45,1777.2
2024-10-21,09:00,1528.8
2024-10-21,09:15,1852.8
2024-10-21,09:30,1515.6
2024-10-21,09:45,1556.4
2024-10-21,10:00,1518
2024-10-21,10:15,1576.8
2024-10-21,10:30,1245.6
2024-10-21,10:45,1154.4
2024-10-21,11:00,1452
2024-10-21,11:15,1394.4
2024-10-21,11:30,1524
2024-10-21,11:45,1592.4
2024-10-21,12:00,1548
2024-10-21,12:15,1513.2
2024-10-21,12:30,1614
2024-10-21,12:45,1045.2
2024-10-21,13:00,1191.6
2024-10-21,13:15,1124.4
2024-10-21,13:30,1034.4
2024-10-21,13:45,1360.8
2024-10-21,14:00,1371.6
2024-10-21,14:15,1435.2
2024-10-21,14:30,1504.8
2024-10-21,14:45,1390.8
2024-10-21,15:00,1393.2
2024-10-21,15:15,1641.6
2024-10-21,15:30,1306.8
2024-10-21,15:45,1374
2024-10-21,16:00,1381.2
2024-10-21,16:15,1648.8
2024-10-21,16:30,1387.2
2024-10-21,16:45,1779.6
2024-10-21,17:00,1594.8
2024-10-21,17:15,1624.8
2024-10-21,17:30,1579.2
2024-10-21,17:45,1634.4
2024-10-21,18:00,1476
2024-10-21,18:15,1598.4
2024-10-21,18:30,1550.4
2024-10-21,18:45,1458
2024-10-21,19:00,1615.2
2024-10-21,19:15,1609.2
2024-10-21,19:30,1587.6
2024-10-21,19:45,1501.2
2024-10-21,20:00,1639.2
2024-10-21,20:15,1527.6
2024-10-21,20:30,1623.6
2024-10-21,20:45,1672.8
2024-10-21,21:00,4599.6
2024-10-21,21:15,4526.4
2024-10-21,21:30,4626
2024-10-21,21:45,4506
2024-10-21,22:00,4458
2024-10-21,22:15,1951.2
2024-10-21,22:30,4622.4
2024-10-21,22:45,4454.4
2024-10-21,23:00,4558.8
2024-10-21,23:15,3790.8
2024-10-21,23:30,4160.4
2024-10-21,23:45,4659.6
2024-10-22,00:00,4688.4
2024-10-22,00:15,4716
2024-10-22,00:30,1964.4
2024-10-22,00:45,4768.8
2024-10-22,01:00,4653.6
2024-10-22,01:15,4743.6
2024-10-22,01:30,2785.2
2024-10-22,01:45,3927.6
2024-10-22,02:00,4549.2
2024-10-22,02:15,4579.2
2024-10-22,02:30,3649.2
2024-10-22,02:45,4575.6
2024-10-22,03:00,4413.6
2024-10-22,03:15,4552.8
2024-10-22,03:30,3758.4
2024-10-22,03:45,4220.4
2024-10-22,04:00,3592.8
2024-10-22,04:15,4758
2024-10-22,04:30,3844.8
2024-10-22,04:45,4411.2
2024-10-22,05:00,3744
2024-10-22,05:15,4948.8
2024-10-22,05:30,4017.6
2024-10-22,05:45,3895.2
2024-10-22,06:00,4894.8
2024-10-22,06:15,4518
2024-10-22,06:30,4810.8
2024-10-22,06:45,2870.4
2024-10-22,07:00,4964.4
2024-10-22,07:15,4741.2
2024-10-22,07:30,4939.2
2024-10-22,07:45,3867.6
2024-10-22,08:00,2965.2
2024-10-22,08:15,1916.4
2024-10-22,08:30,1818
2024-10-22,08:45,1896
2024-10-22,09:00,1926
2024-10-22,09:15,1957.2
2024-10-22,09:30,1807.2
2024-10-22,09:45,2066.4
2024-10-22,10:00,1675.2
2024-10-22,10:15,1874.4
2024-10-22,10:30,1737.6
2024-10-22,10:45,1940.4
2024-10-22,11:00,1634.4
2024-10-22,11:15,1810.8
2024-10-22,11:30,1737.6
2024-10-22,11:45,1785.6
2024-10-22,12:00,1614
2024-10-22,12:15,1896
2024-10-22,12:30,1730.4
2024-10-22,12:45,1430.4
2024-10-22,13:00,1591.2
2024-10-22,13:15,1758
2024-10-22,13:30,1566
2024-10-22,13:45,1777.2
2024-10-22,14:00,1581.6
2024-10-22,14:15,1748.4
2024-10-22,14:30,1564.8
2024-10-22,14:45,1604.4
2024-10-22,15:00,1726.8
2024-10-22,15:15,1772.4
2024-10-22,15:30,1594.8
2024-10-22,15:45,1624.8
2024-10-22,16:00,1720.8
2024-10-22,16:15,1635.6
2024-10-22,16:30,1610.4
2024-10-22,16:45,1701.6
2024-10-22,17:00,1702.8
2024-10-22,17:15,1742.4
2024-10-22,17:30,1608
2024-10-22,17:45,1638
2024-10-22,18:00,1526.4
2024-10-22,18:15,1525.2
2024-10-22,18:30,1712.4
2024-10-22,18:45,1786.8
2024-10-22,19:00,1653.6
2024-10-22,19:15,1563.6
2024-10-22,19:30,1815.6
2024-10-22,19:45,1653.6
2024-10-22,20:00,1591.2
2024-10-22,20:15,1507.2
2024-10-22,20:30,1873.2
2024-10-22,20:45,1564.8
2024-10-22,21:00,4507.2
2024-10-22,21:15,4336.8
2024-10-22,21:30,4680
2024-10-22,21:45,4572
2024-10-22,22:00,4600.8
2024-10-22,22:15,3656.4
2024-10-22,22:30,4584
2024-10-22,22:45,4604.4
2024-10-22,23:00,4537.2
2024-10-22,23:15,2942.4
2024-10-22,23:30,4143.6
2024-10-22,23:45,4630.8
2024-10-23,00:00,4544.4
2024-10-23,00:15,4581.6
2024-10-23,00:30,2950.8
2024-10-23,00:45,4542
2024-10-23,01:00,4614
2024-10-23,01:15,4604.4
2024-10-23,01:30,2412
2024-10-23,01:45,4489.2
2024-10-23,02:00,4725.6
2024-10-23,02:15,4606.8
2024-10-23,02:30,4622.4
2024-10-23,02:45,3399.6
2024-10-23,03:00,4710
2024-10-23,03:15,4834.8
2024-10-23,03:30,4689.6
2024-10-23,03:45,2919.6
2024-10-23,04:00,4532.4
2024-10-23,04:15,4851.6
2024-10-23,04:30,4807.2
2024-10-23,04:45,2848.8
2024-10-23,05:00,4486.8
2024-10-23,05:15,4738.8
2024-10-23,05:30,4964.4
2024-10-23,05:45,4702.8
2024-10-23,06:00,3812.4
2024-10-23,06:15,4773.6
2024-10-23,06:30,4770
2024-10-23,06:45,4730.4
2024-10-23,07:00,3603.6
2024-10-23,07:15,4662
2024-10-23,07:30,4581.6
2024-10-23,07:45,4696.8
2024-10-23,08:00,2647.2
2024-10-23,08:15,1537.2
2024-10-23,08:30,1323.6
2024-10-23,08:45,1266
2024-10-23,09:00,1154.4
2024-10-23,09:15,1426.8
2024-10-23,09:30,1261.2
2024-10-23,09:45,1640.4
2024-10-23,10:00,1023.6
2024-10-23,10:15,1192.8
2024-10-23,10:30,789.6
2024-10-23,10:45,878.4
2024-10-23,11:00,987.6
2024-10-23,11:15,823.2
2024-10-23,11:30,794.4
2024-10-23,11:45,880.8
2024-10-23,12:00,750
2024-10-23,12:15,678
2024-10-23,12:30,1042.8
2024-10-23,12:45,846
2024-10-23,13:00,940.8
2024-10-23,13:15,960
2024-10-23,13:30,1004.4
2024-10-23,13:45,903.6
2024-10-23,14:00,919.2
2024-10-23,14:15,1018.8
2024-10-23,14:30,1152
2024-10-23,14:45,1140
2024-10-23,15:00,1094.4
2024-10-23,15:15,1406.4
2024-10-23,15:30,1250.4
2024-10-23,15:45,1401.6
2024-10-23,16:00,1362
2024-10-23,16:15,1657.2
2024-10-23,16:30,1411.2
2024-10-23,16:45,1531.2
2024-10-23,17:00,1489.2
2024-10-23,17:15,1689.6
2024-10-23,17:30,1555.2
2024-10-23,17:45,1570.8
2024-10-23,18:00,1605.6
2024-10-23,18:15,1590
2024-10-23,18:30,1506
2024-10-23,18:45,1633.2
2024-10-23,19:00,1441.2
2024-10-23,19:15,1592.4
2024-10-23,19:30,1470
2024-10-23,19:45,1516.8
2024-10-23,20:00,1342.8
2024-10-23,20:15,1477.2
2024-10-23,20:30,1370.4
2024-10-23,20:45,1502.4
2024-10-23,21:00,3820.8
2024-10-23,21:15,4443.6
2024-10-23,21:30,4294.8
2024-10-23,21:45,4470
2024-10-23,22:00,4408.8
2024-10-23,22:15,2168.4
2024-10-23,22:30,4160.4
2024-10-23,22:45,4537.2
2024-10-23,23:00,4478.4
2024-10-23,23:15,4478.4
2024-10-23,23:30,2691.6
2024-10-23,23:45,4581.6
2024-10-24,00:00,4543.2
2024-10-24,00:15,4508.4
2024-10-24,00:30,1743.6
2024-10-24,00:45,4378.8
2024-10-24,01:00,4525.2
2024-10-24,01:15,4398
2024-10-24,01:30,3601.2
2024-10-24,01:45,3062.4
2024-10-24,02:00,4362
2024-10-24,02:15,4466.4
2024-10-24,02:30,4485.6
2024-10-24,02:45,2514
2024-10-24,03:00,4258.8
2024-10-24,03:15,4364.4
2024-10-24,03:30,4436.4
2024-10-24,03:45,2412
2024-10-24,04:00,3798
2024-10-24,04:15,4437.6
2024-10-24,04:30,4486.8
2024-10-24,04:45,3218.4
2024-10-24,05:00,3751.2
2024-10-24,05:15,4461.6
2024-10-24,05:30,4570.8
2024-10-24,05:45,3410.4
2024-10-24,06:00,2726.4
2024-10-24,06:15,4447.2
2024-10-24,06:30,4320
2024-10-24,06:45,4424.4
2024-10-24,07:00,4400.4
2024-10-24,07:15,2488.8
2024-10-24,07:30,3302.4
2024-10-24,07:45,3226.8
2024-10-24,08:00,2456.4
2024-10-24,08:15,1200
2024-10-24,08:30,1256.4
2024-10-24,08:45,1244.4
2024-10-24,09:00,1225.2
2024-10-24,09:15,1248
2024-10-24,09:30,1070.4
2024-10-24,09:45,1058.4
2024-10-24,10:00,978
2024-10-24,10:15,819.6
2024-10-24,10:30,678
2024-10-24,10:45,757.2
2024-10-24,11:00,895.2
2024-10-24,11:15,682.8
2024-10-24,11:30,542.4
2024-10-24,11:45,638.4
2024-10-24,12:00,670.8
2024-10-24,12:15,673.2
2024-10-24,12:30,843.6
2024-10-24,12:45,573.6
2024-10-24,13:00,750
2024-10-24,13:15,654
2024-10-24,13:30,891.6
2024-10-24,13:45,830.4
2024-10-24,14:00,810
2024-10-24,14:15,993.6
2024-10-24,14:30,979.2
2024-10-24,14:45,880.8
2024-10-24,15:00,1089.6
2024-10-24,15:15,1182
2024-10-24,15:30,1123.2
2024-10-24,15:45,1108.8
2024-10-24,16:00,1455.6
2024-10-24,16:15,1424.4
2024-10-24,16:30,1336.8
2024-10-24,16:45,1312.8
2024-10-24,17:00,1492.8
2024-10-24,17:15,1584
2024-10-24,17:30,1480.8
2024-10-24,17:45,1412.4
2024-10-24,18:00,1537.2
2024-10-24,18:15,1428
2024-10-24,18:30,1468.8
2024-10-24,18:45,1448.4
2024-10-24,19:00,1494
2024-10-24,19:15,1316.4
2024-10-24,19:30,1479.6
2024-10-24,19:45,1291.2
2024-10-24,20:00,1423.2
2024-10-24,20:15,1371.6
2024-10-24,20:30,1526.4
2024-10-24,20:45,1196.4
2024-10-24,21:00,4340.4
2024-10-24,21:15,4266
2024-10-24,21:30,4304.4
2024-10-24,21:45,4186.8
2024-10-24,22:00,4410
2024-10-24,22:15,3255.6
2024-10-24,22:30,4292.4
2024-10-24,22:45,4280.4
2024-10-24,23:00,4446
2024-10-24,23:15,2431.2
2024-10-24,23:30,3915.6
2024-10-24,23:45,4350
2024-10-25,00:00,4360.8
2024-10-25,00:15,3613.2
2024-10-25,00:30,2822.4
2024-10-25,00:45,4284
2024-10-25,01:00,4304.4
2024-10-25,01:15,4262.4
2024-10-25,01:30,4335.6
2024-10-25,01:45,3193.2
2024-10-25,02:00,4256.4
2024-10-25,02:15,3651.6
2024-10-25,02:30,3478.8
2024-10-25,02:45,3434.4
2024-10-25,03:00,3774
2024-10-25,03:15,4440
2024-10-25,03:30,3544.8
2024-10-25,03:45,3420
2024-10-25,04:00,3278.4
2024-10-25,04:15,4615.2
2024-10-25,04:30,4429.2
2024-10-25,04:45,3523.2
2024-10-25,05:00,3450
2024-10-25,05:15,4533.6
2024-10-25,05:30,3598.8
2024-10-25,05:45,4507.2
2024-10-25,06:00,3649.2
2024-10-25,06:15,4500
2024-10-25,06:30,3572.4
2024-10-25,06:45,4474.8
2024-10-25,07:00,3723.6
2024-10-25,07:15,3876
2024-10-25,07:30,4519.2
2024-10-25,07:45,3472.8
2024-10-25,08:00,2584.8
2024-10-25,08:15,1471.2
2024-10-25,08:30,1497.6
2024-10-25,08:45,1430.4
2024-10-25,09:00,1390.8
2024-10-25,09:15,1171.2
2024-10-25,09:30,1147.2
2024-10-25,09:45,823.2
2024-10-25,10:00,1134
2024-10-25,10:15,1275.6
2024-10-25,10:30,1447.2
2024-10-25,10:45,1209.6
2024-10-25,11:00,932.4
2024-10-25,11:15,564
2024-10-25,11:30,589.2
2024-10-25,11:45,634.8
2024-10-25,12:00,591.6
2024-10-25,12:15,1170
2024-10-25,12:30,1220.4
2024-10-25,12:45,1077.6
2024-10-25,13:00,643.2
2024-10-25,13:15,700.8
2024-10-25,13:30,726
2024-10-25,13:45,577.2
2024-10-25,14:00,912
2024-10-25,14:15,931.2
2024-10-25,14:30,1066.8
2024-10-25,14:45,1233.6
2024-10-25,15:00,1218
2024-10-25,15:15,1424.4
2024-10-25,15:30,1154.4
2024-10-25,15:45,1219.2
2024-10-25,16:00,1322.4
2024-10-25,16:15,1506
2024-10-25,16:30,1298.4
2024-10-25,16:45,1558.8
2024-10-25,17:00,1365.6
2024-10-25,17:15,1485.6
2024-10-25,17:30,1525.2
2024-10-25,17:45,1232.4
2024-10-25,18:00,1374
2024-10-25,18:15,1410
2024-10-25,18:30,1560
2024-10-25,18:45,1360.8
2024-10-25,19:00,1557.6
2024-10-25,19:15,1467.6
2024-10-25,19:30,1543.2
2024-10-25,19:45,1506
2024-10-25,20:00,1567.2
2024-10-25,20:15,1453.2
2024-10-25,20:30,2120.4
2024-10-25,20:45,2262
2024-10-25,21:00,4350
2024-10-25,21:15,4207.2
2024-10-25,21:30,3573.6
2024-10-25,21:45,4173.6
2024-10-25,22:00,3862.8
2024-10-25,22:15,2431.2
2024-10-25,22:30,4393.2
2024-10-25,22:45,4399.2
2024-10-25,23:00,3462
2024-10-25,23:15,2631.6
2024-10-25,23:30,4266
2024-10-25,23:45,4257.6
2024-10-26,00:00,4362
2024-10-26,00:15,3398.4
2024-10-26,00:30,2648.4
2024-10-26,00:45,4380
2024-10-26,01:00,4446
2024-10-26,01:15,3355.2
2024-10-26,01:30,4426.8
2024-10-26,01:45,4302
2024-10-26,02:00,4354.8
2024-10-26,02:15,4304.4
2024-10-26,02:30,3927.6
2024-10-26,02:45,3500.4
2024-10-26,03:00,3457.2
2024-10-26,03:15,4472.4
2024-10-26,03:30,4394.4
2024-10-26,03:45,3254.4
2024-10-26,04:00,3319.2
2024-10-26,04:15,4386
2024-10-26,04:30,4470
2024-10-26,04:45,3703.2
2024-10-26,05:00,4525.2
2024-10-26,05:15,4143.6
2024-10-26,05:30,4458
2024-10-26,05:45,4416
2024-10-26,06:00,3470.4
2024-10-26,06:15,4474.8
2024-10-26,06:30,4552.8
2024-10-26,06:45,4381.2
2024-10-26,07:00,3234
2024-10-26,07:15,4441.2
2024-10-26,07:30,4564.8
2024-10-26,07:45,4432.8
2024-10-26,08:00,2545.2
2024-10-26,08:15,1534.8
2024-10-26,08:30,1496.4
2024-10-26,08:45,1543.2
2024-10-26,09:00,1381.2
2024-10-26,09:15,1564.8
2024-10-26,09:30,1513.2
2024-10-26,09:45,1454.4
2024-10-26,10:00,1372.8
2024-10-26,10:15,1638
2024-10-26,10:30,1453.2
2024-10-26,10:45,1365.6
2024-10-26,11:00,1474.8
2024-10-26,11:15,1478.4
2024-10-26,11:30,1380
2024-10-26,11:45,1461.6
2024-10-26,12:00,1432.8
2024-10-26,12:15,1540.8
2024-10-26,12:30,1375.2
2024-10-26,12:45,1291.2
2024-10-26,13:00,1543.2
2024-10-26,13:15,1340.4
2024-10-26,13:30,1524
2024-10-26,13:45,1336.8
2024-10-26,14:00,1419.6
2024-10-26,14:15,1354.8
2024-10-26,14:30,1267.2
2024-10-26,14:45,1364.4
2024-10-26,15:00,1338
2024-10-26,15:15,1431.6
2024-10-26,15:30,1311.6
2024-10-26,15:45,1408.8
2024-10-26,16:00,1429.2
2024-10-26,16:15,1467.6
2024-10-26,16:30,1321.2
2024-10-26,16:45,1587.6
2024-10-26,17:00,1362
2024-10-26,17:15,1543.2
2024-10-26,17:30,1430.4
2024-10-26,17:45,1456.8
2024-10-26,18:00,1486.8
2024-10-26,18:15,1479.6
2024-10-26,18:30,1389.6
2024-10-26,18:45,1278
2024-10-26,19:00,1352.4
2024-10-26,19:15,1514.4
2024-10-26,19:30,1450.8
2024-10-26,19:45,1386
2024-10-26,20:00,1425.6
2024-10-26,20:15,1392
2024-10-26,20:30,1518
2024-10-26,20:45,1288.8
2024-10-26,21:00,1438.8
2024-10-26,21:15,1257.6
2024-10-26,21:30,1316.4
2024-10-26,21:45,1346.4
2024-10-26,22:00,3792
2024-10-26,22:15,4387.2
2024-10-26,22:30,4354.8
2024-10-26,22:45,4369.2
2024-10-26,23:00,4401.6
2024-10-26,23:15,2774.4
2024-10-26,23:30,4288.8
2024-10-26,23:45,4425.6
2024-10-27,00:00,4144.8
2024-10-27,00:15,1614
2024-10-27,00:30,4158
2024-10-27,00:45,4342.8
2024-10-27,01:00,4446
2024-10-27,01:15,4185.6
2024-10-27,01:30,3850.8
2024-10-27,01:45,4269.6
2024-10-27,02:00,4323.6
2024-10-27,02:15,4312.8
2024-10-27,02:30,1640.4
2024-10-27,02:45,4098
2024-10-27,03:00,4366.8
2024-10-27,03:15,4333.2
2024-10-27,03:30,3655.2
2024-10-27,03:45,3939.6
2024-10-27,04:00,4190.4
2024-10-27,04:15,4575.6
2024-10-27,04:30,3457.2
2024-10-27,04:45,2656.8
2024-10-27,05:00,4262.4
2024-10-27,05:15,4437.6
2024-10-27,05:30,3615.6
2024-10-27,05:45,4171.2
2024-10-27,06:00,3615.6
2024-10-27,06:15,4482
2024-10-27,06:30,4473.6
2024-10-27,06:45,3960
2024-10-27,07:00,3628.8
2024-10-27,07:15,3985.2
2024-10-27,07:30,3835.2
2024-10-27,07:45,3117.6
2024-10-27,08:00,1762.8
2024-10-27,08:15,1707.6
2024-10-27,08:30,1700.4
2024-10-27,08:45,1946.4
2024-10-27,09:00,1923.6
2024-10-27,09:15,1903.2
2024-10-27,09:30,1872
2024-10-27,09:45,1872
2024-10-27,10:00,1850.4
2024-10-27,10:15,1617.6
2024-10-27,10:30,1639.2
2024-10-27,10:45,1428
2024-10-27,11:00,1446
2024-10-27,11:15,1693.2
2024-10-27,11:30,1314
2024-10-27,11:45,1414.8
2024-10-27,12:00,1628.4
2024-10-27,12:15,1683.6
2024-10-27,12:30,1608
2024-10-27,12:45,1502.4
2024-10-27,13:00,1632
2024-10-27,13:15,1755.6
2024-10-27,13:30,1581.6
2024-10-27,13:45,1635.6
2024-10-27,14:00,1660.8
2024-10-27,14:15,1726.8
2024-10-27,14:30,1580.4
2024-10-27,14:45,1554
2024-10-27,15:00,1538.4
2024-10-27,15:15,1759.2
2024-10-27,15:30,1681.2
2024-10-27,15:45,1660.8
2024-10-27,16:00,1870.8
2024-10-27,16:15,1677.6
2024-10-27,16:30,1734
2024-10-27,16:45,1750.8
2024-10-27,17:00,1776
2024-10-27,17:15,1864.8
2024-10-27,17:30,1684.8
2024-10-27,17:45,1718.4
2024-10-27,18:00,1687.2
2024-10-27,18:15,1636.8
2024-10-27,18:30,1641.6
2024-10-27,18:45,1654.8
2024-10-27,19:00,1698
2024-10-27,19:15,1652.4
2024-10-27,19:30,1813.2
2024-10-27,19:45,1754.4
2024-10-27,20:00,1602
2024-10-27,20:15,1610.4
2024-10-27,20:30,1810.8
2024-10-27,20:45,1437.6
2024-10-27,21:00,1681.2
2024-10-27,21:15,1584
2024-10-27,21:30,1635.6
2024-10-27,21:45,1496.4
2024-10-27,22:00,1537.2
2024-10-27,22:15,4005.6
2024-10-27,22:30,4544.4
2024-10-27,22:45,4509.6
2024-10-27,23:00,4698
2024-10-27,23:15,4722
2024-10-27,23:30,3091.2
2024-10-27,23:45,4705.2
2024-10-28,00:00,4572
2024-10-28,00:15,4839.6
2024-10-28,00:30,3050.4
2024-10-28,00:45,4360.8
2024-10-28,01:00,4692
2024-10-28,01:15,4626
2024-10-28,01:30,3868.8
2024-10-28,01:45,4119.6
2024-10-28,02:00,4671.6
2024-10-28,02:15,4449.6
2024-10-28,02:30,4424.4
2024-10-28,02:45,2823.6
2024-10-28,03:00,4040.4
2024-10-28,03:15,4670.4
2024-10-28,03:30,4542
2024-10-28,03:45,3648
2024-10-28,04:00,3622.8
2024-10-28,04:15,4588.8
2024-10-28,04:30,4574.4
2024-10-28,04:45,3914.4
2024-10-28,05:00,3759.6
2024-10-28,05:15,4819.2
2024-10-28,05:30,4696.8
2024-10-28,05:45,4282.8
2024-10-28,06:00,4638
2024-10-28,06:15,4656
2024-10-28,06:30,3777.6
2024-10-28,06:45,4482
2024-10-28,07:00,3835.2
2024-10-28,07:15,4963.2
2024-10-28,07:30,4598.4
2024-10-28,07:45,2805.6
2024-10-28,08:00,1981.2
2024-10-28,08:15,1874.4
2024-10-28,08:30,1683.6
2024-10-28,08:45,1540.8
2024-10-28,09:00,1706.4
2024-10-28,09:15,1554
2024-10-28,09:30,1718.4
2024-10-28,09:45,1580.4
2024-10-28,10:00,1705.2
2024-10-28,10:15,1497.6
2024-10-28,10:30,1339.2
2024-10-28,10:45,1424.4
2024-10-28,11:00,1438.8
2024-10-28,11:15,1533.6
2024-10-28,11:30,1334.4
2024-10-28,11:45,1395.6
2024-10-28,12:00,1122
2024-10-28,12:15,1293.6
2024-10-28,12:30,876
2024-10-28,12:45,1218
2024-10-28,13:00,1275.6
2024-10-28,13:15,1291.2
2024-10-28,13:30,1380
2024-10-28,13:45,1238.4
2024-10-28,14:00,1395.6
2024-10-28,14:15,1471.2
2024-10-28,14:30,1124.4
2024-10-28,14:45,1368
2024-10-28,15:00,1178.4
2024-10-28,15:15,1326
2024-10-28,15:30,1418.4
2024-10-28,15:45,1239.6
2024-10-28,16:00,1586.4
2024-10-28,16:15,1398
2024-10-28,16:30,1480.8
2024-10-28,16:45,1592.4
2024-10-28,17:00,1546.8
2024-10-28,17:15,1632
2024-10-28,17:30,1522.8
2024-10-28,17:45,1564.8
2024-10-28,18:00,1675.2
2024-10-28,18:15,1465.2
2024-10-28,18:30,1470
2024-10-28,18:45,1672.8
2024-10-28,19:00,1735.2
2024-10-28,19:15,1584
2024-10-28,19:30,1845.6
2024-10-28,19:45,1562.4
2024-10-28,20:00,1704
2024-10-28,20:15,1788
2024-10-28,20:30,1678.8
2024-10-28,20:45,1521.6
2024-10-28,21:00,2470.8
2024-10-28,21:15,2499.6
2024-10-28,21:30,2680.8
2024-10-28,21:45,2550
2024-10-28,22:00,4360.8
2024-10-28,22:15,3823.2
2024-10-28,22:30,3752.4
2024-10-28,22:45,3871.2
2024-10-28,23:00,4584
2024-10-28,23:15,3711.6
2024-10-28,23:30,4650
2024-10-28,23:45,4466.4
2024-10-29,00:00,3807.6
2024-10-29,00:15,3754.8
2024-10-29,00:30,4645.2
2024-10-29,00:45,4580.4
2024-10-29,01:00,3934.8
2024-10-29,01:15,4591.2
2024-10-29,01:30,3542.4
2024-10-29,01:45,4533.6
2024-10-29,02:00,4587.6
2024-10-29,02:15,4815.6
2024-10-29,02:30,2680.8
2024-10-29,02:45,4508.4
2024-10-29,03:00,4546.8
2024-10-29,03:15,3841.2
2024-10-29,03:30,4754.4
2024-10-29,03:45,3662.4
2024-10-29,04:00,4374
2024-10-29,04:15,3734.4
2024-10-29,04:30,4622.4
2024-10-29,04:45,3475.2
2024-10-29,05:00,4597.2
2024-10-29,05:15,4731.6
2024-10-29,05:30,4563.6
2024-10-29,05:45,3812.4
2024-10-29,06:00,4684.8
2024-10-29,06:15,4804.8
2024-10-29,06:30,4802.4
2024-10-29,06:45,4615.2
2024-10-29,07:00,3519.6
2024-10-29,07:15,4705.2
2024-10-29,07:30,3572.4
2024-10-29,07:45,3640.8
2024-10-29,08:00,1815.6
2024-10-29,08:15,1632
2024-10-29,08:30,1668
2024-10-29,08:45,1381.2
2024-10-29,09:00,1513.2
2024-10-29,09:15,1314
2024-10-29,09:30,1324.8
2024-10-29,09:45,1100.4
2024-10-29,10:00,1255.2
2024-10-29,10:15,1376.4
2024-10-29,10:30,1046.4
2024-10-29,10:45,1010.4
2024-10-29,11:00,1177.2
2024-10-29,11:15,1152
2024-10-29,11:30,963.6
2024-10-29,11:45,946.8
2024-10-29,12:00,1143.6
2024-10-29,12:15,903.6
2024-10-29,12:30,980.4
2024-10-29,12:45,726
2024-10-29,13:00,906
2024-10-29,13:15,1125.6
2024-10-29,13:30,1070.4
2024-10-29,13:45,1180.8
2024-10-29,14:00,988.8
2024-10-29,14:15,1018.8
2024-10-29,14:30,1082.4
2024-10-29,14:45,1243.2
2024-10-29,15:00,1392
2024-10-29,15:15,1461.6
2024-10-29,15:30,1298.4
2024-10-29,15:45,1449.6
2024-10-29,16:00,1579.2
2024-10-29,16:15,1570.8
2024-10-29,16:30,1496.4
2024-10-29,16:45,1530
2024-10-29,17:00,1714.8
2024-10-29,17:15,1683.6
2024-10-29,17:30,1615.2
2024-10-29,17:45,1659.6
2024-10-29,18:00,1742.4
2024-10-29,18:15,1822.8
2024-10-29,18:30,1612.8
2024-10-29,18:45,1740
2024-10-29,19:00,1658.4
2024-10-29,19:15,1698
2024-10-29,19:30,1656
2024-10-29,19:45,1855.2
2024-10-29,20:00,1568.4
2024-10-29,20:15,1704
2024-10-29,20:30,1648.8
2024-10-29,20:45,1623.6
2024-10-29,21:00,1762.8
2024-10-29,21:15,1603.2
2024-10-29,21:30,1627.2
2024-10-29,21:45,1651.2
2024-10-29,22:00,4149.6
2024-10-29,22:15,4736.4
2024-10-29,22:30,4525.2
2024-10-29,22:45,4693.2
2024-10-29,23:00,4528.8
2024-10-29,23:15,3678
2024-10-29,23:30,4599.6
2024-10-29,23:45,4594.8
2024-10-30,00:00,4786.8
2024-10-30,00:15,1770
2024-10-30,00:30,4639.2
2024-10-30,00:45,4638
2024-10-30,01:00,4436.4
2024-10-30,01:15,2630.4
2024-10-30,01:30,4015.2
2024-10-30,01:45,4491.6
2024-10-30,02:00,4434
2024-10-30,02:15,3528
2024-10-30,02:30,3441.6
2024-10-30,02:45,4416
2024-10-30,03:00,4380
2024-10-30,03:15,3661.2
2024-10-30,03:30,4329.6
2024-10-30,03:45,4442.4
2024-10-30,04:00,4374
2024-10-30,04:15,3415.2
2024-10-30,04:30,2697.6
2024-10-30,04:45,4353.6
2024-10-30,05:00,4519.2
2024-10-30,05:15,3422.4
2024-10-30,05:30,3636
2024-10-30,05:45,4393.2
2024-10-30,06:00,4569.6
2024-10-30,06:15,4534.8
2024-10-30,06:30,3415.2
2024-10-30,06:45,4393.2
2024-10-30,07:00,4377.6
2024-10-30,07:15,4632
2024-10-30,07:30,2594.4
2024-10-30,07:45,1406.4
2024-10-30,08:00,1537.2
2024-10-30,08:15,1155.6
2024-10-30,08:30,1227.6
2024-10-30,08:45,1011.6
2024-10-30,09:00,1647.6
2024-10-30,09:15,1620
2024-10-30,09:30,1555.2
2024-10-30,09:45,1636.8
2024-10-30,10:00,1482
2024-10-30,10:15,1418.4
2024-10-30,10:30,1426.8
2024-10-30,10:45,1039.2
2024-10-30,11:00,842.4
2024-10-30,11:15,760.8
2024-10-30,11:30,873.6
2024-10-30,11:45,759.6
2024-10-30,12:00,598.8
2024-10-30,12:15,1473.6
2024-10-30,12:30,946.8
2024-10-30,12:45,1190.4
2024-10-30,13:00,766.8
2024-10-30,13:15,1203.6
2024-10-30,13:30,1348.8
2024-10-30,13:45,1352.4
2024-10-30,14:00,1304.4
2024-10-30,14:15,1249.2
2024-10-30,14:30,1508.4
2024-10-30,14:45,1311.6
2024-10-30,15:00,1419.6
2024-10-30,15:15,1508.4
2024-10-30,15:30,1449.6
2024-10-30,15:45,1532.4
2024-10-30,16:00,1712.4
2024-10-30,16:15,1580.4
2024-10-30,16:30,1632
2024-10-30,16:45,1730.4
2024-10-30,17:00,1609.2
2024-10-30,17:15,1902
2024-10-30,17:30,1788
2024-10-30,17:45,1828.8
2024-10-30,18:00,1640.4
2024-10-30,18:15,1581.6
2024-10-30,18:30,1664.4
2024-10-30,18:45,1716
2024-10-30,19:00,1785.6
2024-10-30,19:15,1683.6
2024-10-30,19:30,1681.2
2024-10-30,19:45,1785.6
2024-10-30,20:00,1659.6
2024-10-30,20:15,1735.2
2024-10-30,20:30,1576.8
2024-10-30,20:45,1467.6
2024-10-30,21:00,1645.2
2024-10-30,21:15,1542
2024-10-30,21:30,2898
2024-10-30,21:45,2600.4
2024-10-30,22:00,4216.8
2024-10-30,22:15,3663.6
2024-10-30,22:30,3708
2024-10-30,22:45,3861.6
2024-10-30,23:00,2888.4
2024-10-30,23:15,4558.8
2024-10-30,23:30,3720
2024-10-30,23:45,4442.4
2024-10-31,00:00,4740
2024-10-31,00:15,2870.4
2024-10-31,00:30,4621.2
2024-10-31,00:45,3751.2
2024-10-31,01:00,4647.6
2024-10-31,01:15,3793.2
2024-10-31,01:30,3726
2024-10-31,01:45,4514.4
2024-10-31,02:00,4698
2024-10-31,02:15,4508.4
2024-10-31,02:30,3238.8
2024-10-31,02:45,4560
2024-10-31,03:00,3921.6
2024-10-31,03:15,4858.8
2024-10-31,03:30,2947.2
2024-10-31,03:45,4484.4
2024-10-31,04:00,3661.2
2024-10-31,04:15,4578
2024-10-31,04:30,3817.2
2024-10-31,04:45,4516.8
2024-10-31,05:00,3916.8
2024-10-31,05:15,4645.2
2024-10-31,05:30,4671.6
2024-10-31,05:45,4752
2024-10-31,06:00,4684.8
2024-10-31,06:15,4074
2024-10-31,06:30,4920
2024-10-31,06:45,2829.6
2024-10-31,07:00,3733.2
2024-10-31,07:15,4675.2
2024-10-31,07:30,4652.4
2024-10-31,07:45,4040.4
2024-10-31,08:00,2792.4
2024-10-31,08:15,1762.8
2024-10-31,08:30,1521.6
2024-10-31,08:45,1794
2024-10-31,09:00,1614
2024-10-31,09:15,1674
2024-10-31,09:30,1519.2
2024-10-31,09:45,1581.6
2024-10-31,10:00,1444.8
2024-10-31,10:15,1437.6
2024-10-31,10:30,1437.6
2024-10-31,10:45,1676.4
2024-10-31,11:00,1460.4
2024-10-31,11:15,1434
2024-10-31,11:30,1472.4
2024-10-31,11:45,1548
2024-10-31,12:00,1610.4
2024-10-31,12:15,1627.2
2024-10-31,12:30,1672.8
2024-10-31,12:45,1558.8
2024-10-31,13:00,1796.4
2024-10-31,13:15,1555.2
2024-10-31,13:30,1474.8
2024-10-31,13:45,1525.2
2024-10-31,14:00,1544.4
2024-10-31,14:15,1515.6
2024-10-31,14:30,1688.4
2024-10-31,14:45,1598.4
2024-10-31,15:00,1914
2024-10-31,15:15,1618.8
2024-10-31,15:30,1656
2024-10-31,15:45,1533.6
2024-10-31,16:00,1657.2
2024-10-31,16:15,1749.6
2024-10-31,16:30,1548
2024-10-31,16:45,1659.6
2024-10-31,17:00,1676.4
2024-10-31,17:15,1620
2024-10-31,17:30,1588.8
2024-10-31,17:45,1472.4
2024-10-31,18:00,1581.6
2024-10-31,18:15,1593.6
2024-10-31,18:30,1550.4
2024-10-31,18:45,1744.8
2024-10-31,19:00,1473.6
2024-10-31,19:15,1734
2024-10-31,19:30,1566
2024-10-31,19:45,1513.2
2024-10-31,20:00,1662
2024-10-31,20:15,1591.2
2024-10-31,20:30,1780.8
2024-10-31,20:45,1459.2
2024-10-31,21:00,1539.6
2024-10-31,21:15,1562.4
2024-10-31,21:30,1539.6
2024-10-31,21:45,1437.6
2024-10-31,22:00,4070.4
2024-10-31,22:15,3969.6
2024-10-31,22:30,4447.2
2024-10-31,22:45,4458
2024-10-31,23:00,4339.2
2024-10-31,23:15,2680.8
2024-10-31,23:30,4156.8
2024-10-31,23:45,4536
2024-11-01,00:00,4359.6
2024-11-01,00:15,3618
2024-11-01,00:30,2800.8
2024-11-01,00:45,4344
2024-11-01,01:00,4352.4
2024-11-01,01:15,4525.2
2024-11-01,01:30,3506.4
2024-11-01,01:45,3391.2
2024-11-01,02:00,4275.6
2024-11-01,02:15,4309.2
2024-11-01,02:30,4636.8
2024-11-01,02:45,1752
2024-11-01,03:00,4615.2
2024-11-01,03:15,4382.4
2024-11-01,03:30,4458
2024-11-01,03:45,2949.6
2024-11-01,04:00,3712.8
2024-11-01,04:15,4485.6
2024-11-01,04:30,4444.8
2024-11-01,04:45,3603.6
2024-11-01,05:00,4418.4
2024-11-01,05:15,3466.8
2024-11-01,05:30,4492.8
2024-11-01,05:45,3680.4
2024-11-01,06:00,3229.2
2024-11-01,06:15,3571.2
2024-11-01,06:30,4436.4
2024-11-01,06:45,3493.2
2024-11-01,07:00,3376.8
2024-11-01,07:15,3764.4
2024-11-01,07:30,4462.8
2024-11-01,07:45,4828.8
2024-11-01,08:00,3043.2
2024-11-01,08:15,2131.2
2024-11-01,08:30,1749.6
2024-11-01,08:45,1939.2
2024-11-01,09:00,1659.6
2024-11-01,09:15,1803.6
2024-11-01,09:30,1707.6
2024-11-01,09:45,1681.2
2024-11-01,10:00,1653.6
2024-11-01,10:15,1753.2
2024-11-01,10:30,1581.6
2024-11-01,10:45,1540.8
2024-11-01,11:00,1662
2024-11-01,11:15,1557.6
2024-11-01,11:30,1720.8
2024-11-01,11:45,1585.2
2024-11-01,12:00,1710
2024-11-01,12:15,1592.4
2024-11-01,12:30,1650
2024-11-01,12:45,1778.4
2024-11-01,13:00,1434
2024-11-01,13:15,1488
2024-11-01,13:30,1624.8
2024-11-01,13:45,1444.8
2024-11-01,14:00,1718.4
2024-11-01,14:15,1566
2024-11-01,14:30,1665.6
2024-11-01,14:45,1778.4
2024-11-01,15:00,1598.4
2024-11-01,15:15,1651.2
2024-11-01,15:30,1609.2
2024-11-01,15:45,1716
2024-11-01,16:00,1688.4
2024-11-01,16:15,1652.4
2024-11-01,16:30,1609.2
2024-11-01,16:45,1714.8
2024-11-01,17:00,1531.2
2024-11-01,17:15,1710
2024-11-01,17:30,1635.6
2024-11-01,17:45,1545.6
2024-11-01,18:00,1597.2
2024-11-01,18:15,1509.6
2024-11-01,18:30,1490.4
2024-11-01,18:45,1550.4
2024-11-01,19:00,1734
2024-11-01,19:15,1437.6
2024-11-01,19:30,1520.4
2024-11-01,19:45,1611.6
2024-11-01,20:00,1608
2024-11-01,20:15,1726.8
2024-11-01,20:30,1692
2024-11-01,20:45,1822.8
2024-11-01,21:00,1508.4
2024-11-01,21:15,1656
2024-11-01,21:30,1521.6
2024-11-01,21:45,1603.2
2024-11-01,22:00,4300.8
2024-11-01,22:15,4432.8
2024-11-01,22:30,4456.8
2024-11-01,22:45,4675.2
2024-11-01,23:00,3841.2
2024-11-01,23:15,3616.8
2024-11-01,23:30,4580.4
2024-11-01,23:45,4708.8
2024-11-02,00:00,4650
2024-11-02,00:15,3867.6
2024-11-02,00:30,3993.6
2024-11-02,00:45,3810
2024-11-02,01:00,4648.8
2024-11-02,01:15,3860.4
2024-11-02,01:30,3607.2
2024-11-02,01:45,3784.8
2024-11-02,02:00,4561.2
2024-11-02,02:15,4732.8
2024-11-02,02:30,3038.4
2024-11-02,02:45,4502.4
2024-11-02,03:00,4680
2024-11-02,03:15,4650
2024-11-02,03:30,4648.8
2024-11-02,03:45,4606.8
2024-11-02,04:00,3849.6
2024-11-02,04:15,4669.2
2024-11-02,04:30,2882.4
2024-11-02,04:45,4713.6
2024-11-02,05:00,3816
2024-11-02,05:15,4736.4
2024-11-02,05:30,2778
2024-11-02,05:45,4491.6
2024-11-02,06:00,4004.4
2024-11-02,06:15,4792.8
2024-11-02,06:30,4148.4
2024-11-02,06:45,4802.4
2024-11-02,07:00,3729.6
2024-11-02,07:15,3788.4
2024-11-02,07:30,2856
2024-11-02,07:45,1711.2
2024-11-02,08:00,1610.4
2024-11-02,08:15,1634.4
2024-11-02,08:30,1460.4
2024-11-02,08:45,1359.6
2024-11-02,09:00,1405.2
2024-11-02,09:15,1400.4
2024-11-02,09:30,1099.2
2024-11-02,09:45,1234.8
2024-11-02,10:00,1227.6
2024-11-02,10:15,1130.4
2024-11-02,10:30,1068
2024-11-02,10:45,925.2
2024-11-02,11:00,924
2024-11-02,11:15,924
2024-11-02,11:30,840
2024-11-02,11:45,696
2024-11-02,12:00,985.2
2024-11-02,12:15,733.2
2024-11-02,12:30,844.8
2024-11-02,12:45,780
2024-11-02,13:00,945.6
2024-11-02,13:15,832.8
2024-11-02,13:30,933.6
2024-11-02,13:45,928.8
2024-11-02,14:00,1011.6
2024-11-02,14:15,1147.2
2024-11-02,14:30,1209.6
2024-11-02,14:45,1183.2
2024-11-02,15:00,1190.4
2024-11-02,15:15,1184.4
2024-11-02,15:30,1434
2024-11-02,15:45,1232.4
2024-11-02,16:00,1489.2
2024-11-02,16:15,1352.4
2024-11-02,16:30,1820.4
2024-11-02,16:45,1573.2
2024-11-02,17:00,1507.2
2024-11-02,17:15,1641.6
2024-11-02,17:30,1617.6
2024-11-02,17:45,1572
2024-11-02,18:00,1450.8
2024-11-02,18:15,1555.2
2024-11-02,18:30,1497.6
2024-11-02,18:45,1526.4
2024-11-02,19:00,1603.2
2024-11-02,19:15,1728
2024-11-02,19:30,1460.4
2024-11-02,19:45,1671.6
2024-11-02,20:00,1474.8
2024-11-02,20:15,1630.8
2024-11-02,20:30,1555.2
2024-11-02,20:45,1687.2
2024-11-02,21:00,1574.4
2024-11-02,21:15,1533.6
2024-11-02,21:30,1545.6
2024-11-02,21:45,1660.8
2024-11-02,22:00,1557.6
2024-11-02,22:15,1689.6
2024-11-02,22:30,1411.2
2024-11-02,22:45,1569.6
2024-11-02,23:00,4117.2
2024-11-02,23:15,4483.2
2024-11-02,23:30,4708.8
2024-11-02,23:45,4610.4
2024-11-03,00:00,4567.2
2024-11-03,00:15,3040.8
2024-11-03,00:30,4592.4
2024-11-03,00:45,4668
2024-11-03,01:00,4611.6
2024-11-03,01:15,4711.2
2024-11-03,01:30,3825.6
2024-11-03,01:45,4684.8
2024-11-03,02:00,4076.4
2024-11-03,02:15,3820.8
2024-11-03,02:30,1897.2
2024-11-03,02:45,4644
2024-11-03,03:00,4008
2024-11-03,03:15,4075.2
2024-11-03,03:30,4603.2
2024-11-03,03:45,3562.8
2024-11-03,04:00,4737.6
2024-11-03,04:15,3841.2
2024-11-03,04:30,4688.4
2024-11-03,04:45,3396
2024-11-03,05:00,4732.8
2024-11-03,05:15,3802.8
2024-11-03,05:30,4682.4
2024-11-03,05:45,4908
2024-11-03,06:00,4282.8
2024-11-03,06:15,4728
2024-11-03,06:30,4822.8
2024-11-03,06:45,4848
2024-11-03,07:00,3009.6
2024-11-03,07:15,4574.4
2024-11-03,07:30,3848.4
2024-11-03,07:45,3579.6
2024-11-03,08:00,3708
2024-11-03,08:15,1425.6
2024-11-03,08:30,1430.4
2024-11-03,08:45,1346.4
2024-11-03,09:00,1444.8
2024-11-03,09:15,1340.4
2024-11-03,09:30,1122
2024-11-03,09:45,1142.4
2024-11-03,10:00,1275.6
2024-11-03,10:15,1125.6
2024-11-03,10:30,1050
2024-11-03,10:45,883.2
2024-11-03,11:00,920.4
2024-11-03,11:15,915.6
2024-11-03,11:30,772.8
2024-11-03,11:45,915.6
2024-11-03,12:00,908.4
2024-11-03,12:15,850.8
2024-11-03,12:30,921.6
2024-11-03,12:45,891.6
2024-11-03,13:00,1029.6
2024-11-03,13:15,807.6
2024-11-03,13:30,1014
2024-11-03,13:45,955.2
2024-11-03,14:00,1105.2
2024-11-03,14:15,1120.8
2024-11-03,14:30,1118.4
2024-11-03,14:45,1305.6
2024-11-03,15:00,1227.6
2024-11-03,15:15,1204.8
2024-11-03,15:30,1471.2
2024-11-03,15:45,1286.4
2024-11-03,16:00,1641.6
2024-11-03,16:15,1401.6
2024-11-03,16:30,1592.4
2024-11-03,16:45,1501.2
2024-11-03,17:00,1578
2024-11-03,17:15,1612.8
2024-11-03,17:30,1718.4
2024-11-03,17:45,1374
2024-11-03,18:00,1545.6
2024-11-03,18:15,1603.2
2024-11-03,18:30,1671.6
2024-11-03,18:45,1584
2024-11-03,19:00,1483.2
2024-11-03,19:15,1552.8
2024-11-03,19:30,1676.4
2024-11-03,19:45,1579.2
2024-11-03,20:00,1562.4
2024-11-03,20:15,1786.8
2024-11-03,20:30,1502.4
2024-11-03,20:45,1831.2
2024-11-03,21:00,1509.6
2024-11-03,21:15,1598.4
2024-11-03,21:30,1646.4
2024-11-03,21:45,1488
2024-11-03,22:00,1599.6
2024-11-03,22:15,1482
2024-11-03,22:30,1633.2
2024-11-03,22:45,1599.6
2024-11-03,23:00,4622.4
2024-11-03,23:15,4549.2
2024-11-03,23:30,4606.8
2024-11-03,23:45,4574.4
2024-11-04,00:00,4660.8
2024-11-04,00:15,3202.8
2024-11-04,00:30,4593.6
2024-11-04,00:45,4669.2
2024-11-04,01:00,4624.8
2024-11-04,01:15,2344.8
2024-11-04,01:30,4503.6
2024-11-04,01:45,4558.8
2024-11-04,02:00,4616.4
2024-11-04,02:15,4574.4
2024-11-04,02:30,2841.6
2024-11-04,02:45,4554
2024-11-04,03:00,4629.6
2024-11-04,03:15,4676.4
2024-11-04,03:30,2762.4
2024-11-04,03:45,4719.6
2024-11-04,04:00,4615.2
2024-11-04,04:15,4630.8
2024-11-04,04:30,4725.6
2024-11-04,04:45,2629.2
2024-11-04,05:00,4825.2
2024-11-04,05:15,4712.4
2024-11-04,05:30,3819.6
2024-11-04,05:45,3727.2
2024-11-04,06:00,4729.2
2024-11-04,06:15,4738.8
2024-11-04,06:30,4599.6
2024-11-04,06:45,3786
2024-11-04,07:00,3733.2
2024-11-04,07:15,4605.6
2024-11-04,07:30,4572
2024-11-04,07:45,3783.6
2024-11-04,08:00,1768.8
2024-11-04,08:15,1591.2
2024-11-04,08:30,1380
2024-11-04,08:45,1632
2024-11-04,09:00,1296
2024-11-04,09:15,1423.2
2024-11-04,09:30,1182
2024-11-04,09:45,1285.2
2024-11-04,10:00,1184.4
2024-11-04,10:15,1137.6
2024-11-04,10:30,1184.4
2024-11-04,10:45,1006.8
2024-11-04,11:00,990
2024-11-04,11:15,960
2024-11-04,11:30,930
2024-11-04,11:45,884.4
2024-11-04,12:00,903.6
2024-11-04,12:15,1194
2024-11-04,12:30,1066.8
2024-11-04,12:45,1086
2024-11-04,13:00,876
2024-11-04,13:15,979.2
2024-11-04,13:30,930
2024-11-04,13:45,969.6
2024-11-04,14:00,1048.8
2024-11-04,14:15,1136.4
2024-11-04,14:30,1156.8
2024-11-04,14:45,996
2024-11-04,15:00,1383.6
2024-11-04,15:15,1497.6
2024-11-04,15:30,1402.8
2024-11-04,15:45,1618.8
2024-11-04,16:00,1551.6
2024-11-04,16:15,1608
2024-11-04,16:30,1626
2024-11-04,16:45,1417.2
2024-11-04,17:00,1608
2024-11-04,17:15,1562.4
2024-11-04,17:30,1548
2024-11-04,17:45,1526.4
2024-11-04,18:00,1532.4
2024-11-04,18:15,1542
2024-11-04,18:30,1611.6
2024-11-04,18:45,1483.2
2024-11-04,19:00,1566
2024-11-04,19:15,1594.8
2024-11-04,19:30,1630.8
2024-11-04,19:45,1718.4
2024-11-04,20:00,1392
2024-11-04,20:15,1520.4
2024-11-04,20:30,1574.4
2024-11-04,20:45,1633.2
2024-11-04,21:00,1520.4
2024-11-04,21:15,1528.8
2024-11-04,21:30,1534.8
2024-11-04,21:45,1492.8
2024-11-04,22:00,1418.4
2024-11-04,22:15,1693.2
2024-11-04,22:30,1494
2024-11-04,22:45,1716
2024-11-04,23:00,4581.6
2024-11-04,23:15,4540.8
2024-11-04,23:30,4645.2
2024-11-04,23:45,4467.6
2024-11-05,00:00,4550.4
2024-11-05,00:15,3433.2
2024-11-05,00:30,4506
2024-11-05,00:45,4725.6
2024-11-05,01:00,4621.2
2024-11-05,01:15,3801.6
2024-11-05,01:30,4497.6
2024-11-05,01:45,4550.4
2024-11-05,02:00,4444.8
2024-11-05,02:15,4653.6
2024-11-05,02:30,1749.6
2024-11-05,02:45,4561.2
2024-11-05,03:00,4562.4
2024-11-05,03:15,4548
2024-11-05,03:30,3933.6
2024-11-05,03:45,3507.6
2024-11-05,04:00,4618.8
2024-11-05,04:15,4766.4
2024-11-05,04:30,4670.4
2024-11-05,04:45,2078.4
2024-11-05,05:00,3691.2
2024-11-05,05:15,3664.8
2024-11-05,05:30,3879.6
2024-11-05,05:45,2976
2024-11-05,06:00,3108
2024-11-05,06:15,2666.4
2024-11-05,06:30,2872.8
2024-11-05,06:45,2776.8
2024-11-05,07:00,2788.8
2024-11-05,07:15,2928
2024-11-05,07:30,2620.8
2024-11-05,07:45,2548.8
2024-11-05,08:00,1711.2
2024-11-05,08:15,1500
2024-11-05,08:30,1462.8
2024-11-05,08:45,1400.4
2024-11-05,09:00,1489.2
2024-11-05,09:15,1294.8
2024-11-05,09:30,1209.6
2024-11-05,09:45,1338
2024-11-05,10:00,1173.6
2024-11-05,10:15,1011.6
2024-11-05,10:30,1417.2
2024-11-05,10:45,1346.4
2024-11-05,11:00,1093.2
2024-11-05,11:15,742.8
2024-11-05,11:30,801.6
2024-11-05,11:45,783.6
2024-11-05,12:00,783.6
2024-11-05,12:15,849.6
2024-11-05,12:30,1248
2024-11-05,12:45,1042.8
2024-11-05,13:00,818.4
2024-11-05,13:15,981.6
2024-11-05,13:30,934.8
2024-11-05,13:45,1040.4
2024-11-05,14:00,1048.8
2024-11-05,14:15,1105.2
2024-11-05,14:30,1000.8
2024-11-05,14:45,1350
2024-11-05,15:00,1036.8
2024-11-05,15:15,1324.8
2024-11-05,15:30,1306.8
2024-11-05,15:45,1383.6
2024-11-05,16:00,1526.4
2024-11-05,16:15,1536
2024-11-05,16:30,1642.8
2024-11-05,16:45,1510.8
2024-11-05,17:00,1578
2024-11-05,17:15,1664.4
2024-11-05,17:30,1345.2
2024-11-05,17:45,1570.8
2024-11-05,18:00,1490.4
2024-11-05,18:15,1455.6
2024-11-05,18:30,1636.8
2024-11-05,18:45,1350
2024-11-05,19:00,1578
2024-11-05,19:15,1480.8
2024-11-05,19:30,1599.6
2024-11-05,19:45,1555.2
2024-11-05,20:00,1626
2024-11-05,20:15,1670.4
2024-11-05,20:30,1694.4
2024-11-05,20:45,1720.8
2024-11-05,21:00,1603.2
2024-11-05,21:15,1644
2024-11-05,21:30,1696.8
2024-11-05,21:45,1501.2
2024-11-05,22:00,1628.4
2024-11-05,22:15,1509.6
2024-11-05,22:30,1496.4
2024-11-05,22:45,1653.6
2024-11-05,23:00,4591.2
2024-11-05,23:15,4760.4
2024-11-05,23:30,4507.2
2024-11-05,23:45,4774.8
2024-11-06,00:00,4521.6
2024-11-06,00:15,3753.6
2024-11-06,00:30,4724.4
2024-11-06,00:45,4633.2
2024-11-06,01:00,4722
2024-11-06,01:15,1978.8
2024-11-06,01:30,4534.8
2024-11-06,01:45,4816.8
2024-11-06,02:00,4641.6
2024-11-06,02:15,3058.8
2024-11-06,02:30,3928.8
2024-11-06,02:45,4723.2
2024-11-06,03:00,4772.4
2024-11-06,03:15,4785.6
2024-11-06,03:30,2698.8
2024-11-06,03:45,4417.2
2024-11-06,04:00,4617.6
2024-11-06,04:15,4780.8
2024-11-06,04:30,3822
2024-11-06,04:45,4377.6
2024-11-06,05:00,4545.6
2024-11-06,05:15,4816.8
2024-11-06,05:30,2923.2
2024-11-06,05:45,4038
2024-11-06,06:00,4908
2024-11-06,06:15,4712.4
2024-11-06,06:30,4803.6
2024-11-06,06:45,2667.6
2024-11-06,07:00,4177.2
2024-11-06,07:15,4869.6
2024-11-06,07:30,4831.2
2024-11-06,07:45,2702.4
2024-11-06,08:00,1636.8
2024-11-06,08:15,1458
2024-11-06,08:30,1461.6
2024-11-06,08:45,1466.4
2024-11-06,09:00,1461.6
2024-11-06,09:15,1180.8
2024-11-06,09:30,1306.8
2024-11-06,09:45,1083.6
2024-11-06,10:00,1065.6
2024-11-06,10:15,1117.2
2024-11-06,10:30,1112.4
2024-11-06,10:45,930
2024-11-06,11:00,949.2
2024-11-06,11:15,868.8
2024-11-06,11:30,1093.2
2024-11-06,11:45,861.6
2024-11-06,12:00,825.6
2024-11-06,12:15,937.2
2024-11-06,12:30,733.2
2024-11-06,12:45,1105.2
2024-11-06,13:00,744
2024-11-06,13:15,1255.2
2024-11-06,13:30,813.6
2024-11-06,13:45,1010.4
2024-11-06,14:00,1016.4
2024-11-06,14:15,1173.6
2024-11-06,14:30,1168.8
2024-11-06,14:45,1123.2
2024-11-06,15:00,1105.2
2024-11-06,15:15,1279.2
2024-11-06,15:30,1237.2
2024-11-06,15:45,1348.8
2024-11-06,16:00,1537.2
2024-11-06,16:15,1694.4
2024-11-06,16:30,1406.4
2024-11-06,16:45,1460.4
2024-11-06,17:00,1632
2024-11-06,17:15,1588.8
2024-11-06,17:30,1440
2024-11-06,17:45,1657.2
2024-11-06,18:00,1579.2
2024-11-06,18:15,1564.8
2024-11-06,18:30,1550.4
2024-11-06,18:45,1612.8
2024-11-06,19:00,1629.6
2024-11-06,19:15,1459.2
2024-11-06,19:30,1657.2
2024-11-06,19:45,1544.4
2024-11-06,20:00,1752
2024-11-06,20:15,1719.6
2024-11-06,20:30,1674
2024-11-06,20:45,1736.4
2024-11-06,21:00,1442.4
2024-11-06,21:15,1810.8
2024-11-06,21:30,1573.2
2024-11-06,21:45,1549.2
2024-11-06,22:00,1548
2024-11-06,22:15,1446
2024-11-06,22:30,1695.6
2024-11-06,22:45,1484.4
2024-11-06,23:00,4546.8
2024-11-06,23:15,4582.8
2024-11-06,23:30,4482
2024-11-06,23:45,4680
2024-11-07,00:00,4677.6
2024-11-07,00:15,3475.2
2024-11-07,00:30,4462.8
2024-11-07,00:45,4620
2024-11-07,01:00,4599.6
2024-11-07,01:15,1868.4
2024-11-07,01:30,4496.4
2024-11-07,01:45,4716
2024-11-07,02:00,4594.8
2024-11-07,02:15,3732
2024-11-07,02:30,4447.2
2024-11-07,02:45,4550.4
2024-11-07,03:00,4533.6
2024-11-07,03:15,3487.2
2024-11-07,03:30,3985.2
2024-11-07,03:45,4407.6
2024-11-07,04:00,4549.2
2024-11-07,04:15,3508.8
2024-11-07,04:30,4096.8
2024-11-07,04:45,4508.4
2024-11-07,05:00,4519.2
2024-11-07,05:15,2966.4
2024-11-07,05:30,4597.2
2024-11-07,05:45,4479.6
2024-11-07,06:00,3847.2
2024-11-07,06:15,4540.8
2024-11-07,06:30,4478.4
2024-11-07,06:45,4581.6
2024-11-07,07:00,4671.6
2024-11-07,07:15,3595.2
2024-11-07,07:30,1756.8
2024-11-07,07:45,1387.2
2024-11-07,08:00,1456.8
2024-11-07,08:15,1380
2024-11-07,08:30,1629.6
2024-11-07,08:45,1438.8
2024-11-07,09:00,1498.8
2024-11-07,09:15,1075.2
2024-11-07,09:30,1086
2024-11-07,09:45,930
2024-11-07,10:00,1113.6
2024-11-07,10:15,928.8
2024-11-07,10:30,717.6
2024-11-07,10:45,703.2
2024-11-07,11:00,702
2024-11-07,11:15,546
2024-11-07,11:30,504
2024-11-07,11:45,489.6
2024-11-07,12:00,570
2024-11-07,12:15,570
2024-11-07,12:30,528
2024-11-07,12:45,602.4
2024-11-07,13:00,554.4
2024-11-07,13:15,648
2024-11-07,13:30,658.8
2024-11-07,13:45,589.2
2024-11-07,14:00,532.8
2024-11-07,14:15,816
2024-11-07,14:30,784.8
2024-11-07,14:45,879.6
2024-11-07,15:00,878.4
2024-11-07,15:15,1156.8
2024-11-07,15:30,1149.6
2024-11-07,15:45,1107.6
2024-11-07,16:00,1201.2
2024-11-07,16:15,1249.2
2024-11-07,16:30,1228.8
2024-11-07,16:45,1332
2024-11-07,17:00,1300.8
2024-11-07,17:15,1328.4
2024-11-07,17:30,1249.2
2024-11-07,17:45,1060.8
2024-11-07,18:00,1198.8
2024-11-07,18:15,1140
2024-11-07,18:30,1224
2024-11-07,18:45,1116
2024-11-07,19:00,1237.2
2024-11-07,19:15,1316.4
2024-11-07,19:30,1128
2024-11-07,19:45,1378.8
2024-11-07,20:00,1150.8
2024-11-07,20:15,1136.4
2024-11-07,20:30,1172.4
2024-11-07,20:45,1190.4
2024-11-07,21:00,1076.4
2024-11-07,21:15,987.6
2024-11-07,21:30,1060.8
2024-11-07,21:45,1251.6
2024-11-07,22:00,1220.4
2024-11-07,22:15,1041.6
2024-11-07,22:30,1838.4
2024-11-07,22:45,1828.8
2024-11-07,23:00,4009.2
2024-11-07,23:15,4059.6
2024-11-07,23:30,3314.4
2024-11-07,23:45,3147.6
2024-11-08,00:00,3028.8
2024-11-08,00:15,3277.2
2024-11-08,00:30,4046.4
2024-11-08,00:45,4219.2
2024-11-08,01:00,3163.2
2024-11-08,01:15,2962.8
2024-11-08,01:30,3859.2
2024-11-08,01:45,4094.4
2024-11-08,02:00,4093.2
2024-11-08,02:15,3295.2
2024-11-08,02:30,3128.4
2024-11-08,02:45,4038
2024-11-08,03:00,4404
2024-11-08,03:15,3482.4
2024-11-08,03:30,3960
2024-11-08,03:45,3642
2024-11-08,04:00,4148.4
2024-11-08,04:15,3288
2024-11-08,04:30,3130.8
2024-11-08,04:45,3543.6
2024-11-08,05:00,3990
2024-11-08,05:15,4172.4
2024-11-08,05:30,2436
2024-11-08,05:45,3379.2
2024-11-08,06:00,4045.2
2024-11-08,06:15,4034.4
2024-11-08,06:30,3212.4
2024-11-08,06:45,2140.8
2024-11-08,07:00,3883.2
2024-11-08,07:15,4036.8
2024-11-08,07:30,4008
2024-11-08,07:45,2406
2024-11-08,08:00,886.8
2024-11-08,08:15,842.4
2024-11-08,08:30,786
2024-11-08,08:45,765.6
2024-11-08,09:00,775.2
2024-11-08,09:15,634.8
2024-11-08,09:30,654
2024-11-08,09:45,525.6
2024-11-08,10:00,565.2
2024-11-08,10:15,750
2024-11-08,10:30,704.4
2024-11-08,10:45,440.4
2024-11-08,11:00,388.8
2024-11-08,11:15,482.4
2024-11-08,11:30,417.6
2024-11-08,11:45,338.4
2024-11-08,12:00,570
2024-11-08,12:15,721.2
2024-11-08,12:30,306
2024-11-08,12:45,266.4
2024-11-08,13:00,410.4
2024-11-08,13:15,324
2024-11-08,13:30,441.6
2024-11-08,13:45,601.2
2024-11-08,14:00,753.6
2024-11-08,14:15,487.2
2024-11-08,14:30,728.4
2024-11-08,14:45,802.8
2024-11-08,15:00,672
2024-11-08,15:15,902.4
2024-11-08,15:30,735.6
2024-11-08,15:45,1312.8
2024-11-08,16:00,1700.4
2024-11-08,16:15,1359.6
2024-11-08,16:30,1425.6
2024-11-08,16:45,1540.8
2024-11-08,17:00,1382.4
2024-11-08,17:15,1340.4
2024-11-08,17:30,1254
2024-11-08,17:45,1182
2024-11-08,18:00,1186.8
2024-11-08,18:15,1120.8
2024-11-08,18:30,1153.2
2024-11-08,18:45,1092
2024-11-08,19:00,1321.2
2024-11-08,19:15,1318.8
2024-11-08,19:30,1224
2024-11-08,19:45,1070.4
2024-11-08,20:00,1177.2
2024-11-08,20:15,1110
2024-11-08,20:30,1156.8
2024-11-08,20:45,998.4
2024-11-08,21:00,1070.4
2024-11-08,21:15,1021.2
2024-11-08,21:30,1069.2
2024-11-08,21:45,1045.2
2024-11-08,22:00,3114
2024-11-08,22:15,3018
2024-11-08,22:30,4092
2024-11-08,22:45,4009.2
2024-11-08,23:00,4072.8
2024-11-08,23:15,4179.6
2024-11-08,23:30,3994.8
2024-11-08,23:45,4111.2
2024-11-09,00:00,4111.2
2024-11-09,00:15,2470.8
2024-11-09,00:30,3079.2
2024-11-09,00:45,4236
2024-11-09,01:00,4075.2
2024-11-09,01:15,3247.2
2024-11-09,01:30,3637.2
2024-11-09,01:45,4016.4
2024-11-09,02:00,4058.4
2024-11-09,02:15,3978
2024-11-09,02:30,3109.2
2024-11-09,02:45,3238.8
2024-11-09,03:00,4106.4
2024-11-09,03:15,4088.4
2024-11-09,03:30,3126
2024-11-09,03:45,3127.2
2024-11-09,04:00,2994
2024-11-09,04:15,4083.6
2024-11-09,04:30,4258.8
2024-11-09,04:45,3514.8
2024-11-09,05:00,3766.8
2024-11-09,05:15,4059.6
2024-11-09,05:30,4317.6
2024-11-09,05:45,4243.2
2024-11-09,06:00,2275.2
2024-11-09,06:15,4056
2024-11-09,06:30,4360.8
2024-11-09,06:45,4327.2
2024-11-09,07:00,2413.2
2024-11-09,07:15,3504
2024-11-09,07:30,3235.2
2024-11-09,07:45,3300
2024-11-09,08:00,3283.2
2024-11-09,08:15,1238.4
2024-11-09,08:30,901.2
2024-11-09,08:45,1059.6
2024-11-09,09:00,982.8
2024-11-09,09:15,1062
2024-11-09,09:30,974.4
2024-11-09,09:45,1026
2024-11-09,10:00,934.8
2024-11-09,10:15,1078.8
2024-11-09,10:30,975.6
2024-11-09,10:45,799.2
2024-11-09,11:00,914.4
2024-11-09,11:15,903.6
2024-11-09,11:30,783.6
2024-11-09,11:45,811.2
2024-11-09,12:00,757.2
2024-11-09,12:15,628.8
2024-11-09,12:30,571.2
2024-11-09,12:45,547.2
2024-11-09,13:00,721.2
2024-11-09,13:15,865.2
2024-11-09,13:30,697.2
2024-11-09,13:45,856.8
2024-11-09,14:00,910.8
2024-11-09,14:15,1388.4
2024-11-09,14:30,787.2
2024-11-09,14:45,1239.6
2024-11-09,15:00,1390.8
2024-11-09,15:15,1293.6
2024-11-09,15:30,1155.6
2024-11-09,15:45,1185.6
2024-11-09,16:00,1258.8
2024-11-09,16:15,1246.8
2024-11-09,16:30,1411.2
2024-11-09,16:45,1298.4
2024-11-09,17:00,1460.4
2024-11-09,17:15,1280.4
2024-11-09,17:30,1372.8
2024-11-09,17:45,1336.8
2024-11-09,18:00,1285.2
2024-11-09,18:15,1147.2
2024-11-09,18:30,1339.2
2024-11-09,18:45,1368
2024-11-09,19:00,1335.6
2024-11-09,19:15,1338
2024-11-09,19:30,1336.8
2024-11-09,19:45,1568.4
2024-11-09,20:00,1303.2
2024-11-09,20:15,1434
2024-11-09,20:30,1456.8
2024-11-09,20:45,1448.4
2024-11-09,21:00,2204.4
2024-11-09,21:15,2278.8
2024-11-09,21:30,2322
2024-11-09,21:45,2257.2
2024-11-09,22:00,3046.8
2024-11-09,22:15,3664.8
2024-11-09,22:30,3807.6
2024-11-09,22:45,3398.4
2024-11-09,23:00,3331.2
2024-11-09,23:15,3363.6
2024-11-09,23:30,3853.2
2024-11-09,23:45,3376.8
2024-11-10,00:00,3835.2
2024-11-10,00:15,4264.8
2024-11-10,00:30,4460.4
2024-11-10,00:45,3686.4
2024-11-10,01:00,4351.2
2024-11-10,01:15,4482
2024-11-10,01:30,3535.2
2024-11-10,01:45,3093.6
2024-11-10,02:00,4330.8
2024-11-10,02:15,3409.2
2024-11-10,02:30,4449.6
2024-11-10,02:45,2646
2024-11-10,03:00,4438.8
2024-11-10,03:15,4374
2024-11-10,03:30,4315.2
2024-11-10,03:45,3578.4
2024-11-10,04:00,4311.6
2024-11-10,04:15,4323.6
2024-11-10,04:30,3499.2
2024-11-10,04:45,3514.8
2024-11-10,05:00,4004.4
2024-11-10,05:15,4443.6
2024-11-10,05:30,4354.8
2024-11-10,05:45,3591.6
2024-11-10,06:00,4425.6
2024-11-10,06:15,4419.6
2024-11-10,06:30,4509.6
2024-11-10,06:45,3507.6
2024-11-10,07:00,3548.4
2024-11-10,07:15,3499.2
2024-11-10,07:30,3544.8
2024-11-10,07:45,2667.6
2024-11-10,08:00,1467.6
2024-11-10,08:15,1456.8
2024-11-10,08:30,1366.8
2024-11-10,08:45,1446
2024-11-10,09:00,1514.4
2024-11-10,09:15,1347.6
2024-11-10,09:30,1417.2
2024-11-10,09:45,1268.4
2024-11-10,10:00,1356
2024-11-10,10:15,1002
2024-11-10,10:30,1364.4
2024-11-10,10:45,627.6
2024-11-10,11:00,776.4
2024-11-10,11:15,834
2024-11-10,11:30,490.8
2024-11-10,11:45,590.4
2024-11-10,12:00,1180.8
2024-11-10,12:15,690
2024-11-10,12:30,717.6
2024-11-10,12:45,644.4
2024-11-10,13:00,804
2024-11-10,13:15,874.8
2024-11-10,13:30,1183.2
2024-11-10,13:45,835.2
2024-11-10,14:00,992.4
2024-11-10,14:15,834
2024-11-10,14:30,943.2
2024-11-10,14:45,1033.2
2024-11-10,15:00,1053.6
2024-11-10,15:15,936
2024-11-10,15:30,1239.6
2024-11-10,15:45,1075.2
2024-11-10,16:00,1298.4
2024-11-10,16:15,1226.4
2024-11-10,16:30,1351.2
2024-11-10,16:45,1242
2024-11-10,17:00,1360.8
2024-11-10,17:15,1226.4
2024-11-10,17:30,1420.8
2024-11-10,17:45,1134
2024-11-10,18:00,1372.8
2024-11-10,18:15,1154.4
2024-11-10,18:30,1287.6
2024-11-10,18:45,1371.6
2024-11-10,19:00,1310.4
2024-11-10,19:15,1297.2
2024-11-10,19:30,1369.2
2024-11-10,19:45,1358.4
2024-11-10,20:00,1387.2
2024-11-10,20:15,1500
2024-11-10,20:30,1405.2
2024-11-10,20:45,1459.2
2024-11-10,21:00,1296
2024-11-10,21:15,2024.4
2024-11-10,21:30,2451.6
2024-11-10,21:45,2232
2024-11-10,22:00,3962.4
2024-11-10,22:15,3316.8
2024-11-10,22:30,4261.2
2024-11-10,22:45,3940.8
2024-11-10,23:00,3916.8
2024-11-10,23:15,4226.4
2024-11-10,23:30,4383.6
2024-11-10,23:45,4359.6
2024-11-11,00:00,3280.8
2024-11-11,00:15,2487.6
2024-11-11,00:30,4270.8
2024-11-11,00:45,4338
2024-11-11,01:00,4510.8
2024-11-11,01:15,3604.8
2024-11-11,01:30,4132.8
2024-11-11,01:45,4248
2024-11-11,02:00,4443.6
2024-11-11,02:15,3517.2
2024-11-11,02:30,2484
2024-11-11,02:45,4396.8
2024-11-11,03:00,4442.4
2024-11-11,03:15,3582
2024-11-11,03:30,2581.2
2024-11-11,03:45,4300.8
2024-11-11,04:00,4434
2024-11-11,04:15,3513.6
2024-11-11,04:30,4453.2
2024-11-11,04:45,3974.4
2024-11-11,05:00,4458
2024-11-11,05:15,3607.2
2024-11-11,05:30,4270.8
2024-11-11,05:45,4507.2
2024-11-11,06:00,4551.6
2024-11-11,06:15,4446
2024-11-11,06:30,3702
2024-11-11,06:45,2588.4
2024-11-11,07:00,4623.6
2024-11-11,07:15,4471.2
2024-11-11,07:30,4404
2024-11-11,07:45,2412
2024-11-11,08:00,1376.4
2024-11-11,08:15,1269.6
2024-11-11,08:30,1290
2024-11-11,08:45,1045.2
2024-11-11,09:00,1252.8
2024-11-11,09:15,1107.6
2024-11-11,09:30,964.8
2024-11-11,09:45,976.8
2024-11-11,10:00,949.2
2024-11-11,10:15,907.2
2024-11-11,10:30,854.4
2024-11-11,10:45,662.4
2024-11-11,11:00,837.6
2024-11-11,11:15,574.8
2024-11-11,11:30,698.4
2024-11-11,11:45,632.4
2024-11-11,12:00,837.6
2024-11-11,12:15,662.4
2024-11-11,12:30,570
2024-11-11,12:45,694.8
2024-11-11,13:00,634.8
2024-11-11,13:15,885.6
2024-11-11,13:30,760.8
2024-11-11,13:45,756
2024-11-11,14:00,936
2024-11-11,14:15,776.4
2024-11-11,14:30,867.6
2024-11-11,14:45,1108.8
2024-11-11,15:00,1028.4
2024-11-11,15:15,1178.4
2024-11-11,15:30,1082.4
2024-11-11,15:45,1340.4
2024-11-11,16:00,1380
2024-11-11,16:15,1399.2
2024-11-11,16:30,1370.4
2024-11-11,16:45,1420.8
2024-11-11,17:00,1392
2024-11-11,17:15,1468.8
2024-11-11,17:30,1274.4
2024-11-11,17:45,1254
2024-11-11,18:00,1222.8
2024-11-11,18:15,1152
2024-11-11,18:30,1240.8
2024-11-11,18:45,1258.8
2024-11-11,19:00,1280.4
2024-11-11,19:15,1344
2024-11-11,19:30,1378.8
2024-11-11,19:45,1293.6
2024-11-11,20:00,1393.2
2024-11-11,20:15,1269.6
2024-11-11,20:30,1498.8
2024-11-11,20:45,1308
2024-11-11,21:00,1362
2024-11-11,21:15,1315.2
2024-11-11,21:30,1382.4
2024-11-11,21:45,1410
2024-11-11,22:00,4243.2
2024-11-11,22:15,4206
2024-11-11,22:30,4425.6
2024-11-11,22:45,4287.6
2024-11-11,23:00,4296
2024-11-11,23:15,3896.4
2024-11-11,23:30,4274.4
2024-11-11,23:45,4546.8
2024-11-12,00:00,4377.6
2024-11-12,00:15,1562.4
2024-11-12,00:30,4291.2
2024-11-12,00:45,4378.8
2024-11-12,01:00,4404
2024-11-12,01:15,3484.8
2024-11-12,01:30,4296
2024-11-12,01:45,4363.2
2024-11-12,02:00,4338
2024-11-12,02:15,4459.2
2024-11-12,02:30,3285.6
2024-11-12,02:45,4459.2
2024-11-12,03:00,4490.4
2024-11-12,03:15,4369.2
2024-11-12,03:30,3625.2
2024-11-12,03:45,3906
2024-11-12,04:00,4579.2
2024-11-12,04:15,4345.2
2024-11-12,04:30,3505.2
2024-11-12,04:45,2664
2024-11-12,05:00,4256.4
2024-11-12,05:15,4412.4
2024-11-12,05:30,3800.4
2024-11-12,05:45,3468
2024-11-12,06:00,4513.2
2024-11-12,06:15,4477.2
2024-11-12,06:30,4438.8
2024-11-12,06:45,2709.6
2024-11-12,07:00,3394.8
2024-11-12,07:15,4522.8
2024-11-12,07:30,4502.4
2024-11-12,07:45,3955.2
2024-11-12,08:00,1622.4
2024-11-12,08:15,1317.6
2024-11-12,08:30,1381.2
2024-11-12,08:45,1284
2024-11-12,09:00,1179.6
2024-11-12,09:15,1159.2
2024-11-12,09:30,1126.8
2024-11-12,09:45,1071.6
2024-11-12,10:00,1065.6
2024-11-12,10:15,958.8
2024-11-12,10:30,898.8
2024-11-12,10:45,1033.2
2024-11-12,11:00,721.2
2024-11-12,11:15,750
2024-11-12,11:30,627.6
2024-11-12,11:45,686.4
2024-11-12,12:00,675.6
2024-11-12,12:15,674.4
2024-11-12,12:30,639.6
2024-11-12,12:45,616.8
2024-11-12,13:00,612
2024-11-12,13:15,726
2024-11-12,13:30,579.6
2024-11-12,13:45,826.8
2024-11-12,14:00,786
2024-11-12,14:15,837.6
2024-11-12,14:30,932.4
2024-11-12,14:45,853.2
2024-11-12,15:00,1015.2
2024-11-12,15:15,985.2
2024-11-12,15:30,1191.6
2024-11-12,15:45,1251.6
2024-11-12,16:00,1298.4
2024-11-12,16:15,1238.4
2024-11-12,16:30,1347.6
2024-11-12,16:45,1398
2024-11-12,17:00,1447.2
2024-11-12,17:15,1410
2024-11-12,17:30,1392
2024-11-12,17:45,1254
2024-11-12,18:00,1238.4
2024-11-12,18:15,1131.6
2024-11-12,18:30,1360.8
2024-11-12,18:45,1143.6
2024-11-12,19:00,1383.6
2024-11-12,19:15,1164
2024-11-12,19:30,1362
2024-11-12,19:45,1214.4
2024-11-12,20:00,1328.4
2024-11-12,20:15,1402.8
2024-11-12,20:30,1420.8
2024-11-12,20:45,1389.6
2024-11-12,21:00,1353.6
2024-11-12,21:15,1417.2
2024-11-12,21:30,1330.8
2024-11-12,21:45,1376.4
2024-11-12,22:00,3799.2
2024-11-12,22:15,4198.8
2024-11-12,22:30,4189.2
2024-11-12,22:45,4426.8
2024-11-12,23:00,4406.4
2024-11-12,23:15,3283.2
2024-11-12,23:30,4371.6
2024-11-12,23:45,4321.2
2024-11-13,00:00,4399.2
2024-11-13,00:15,2917.2
2024-11-13,00:30,4184.4
2024-11-13,00:45,4374
2024-11-13,01:00,4407.6
2024-11-13,01:15,3440.4
2024-11-13,01:30,4281.6
2024-11-13,01:45,4330.8
2024-11-13,02:00,4588.8
2024-11-13,02:15,3406.8
2024-11-13,02:30,4208.4
2024-11-13,02:45,4323.6
2024-11-13,03:00,4438.8
2024-11-13,03:15,4539.6
2024-11-13,03:30,3708
2024-11-13,03:45,4522.8
2024-11-13,04:00,4461.6
2024-11-13,04:15,4443.6
2024-11-13,04:30,3633.6
2024-11-13,04:45,4528.8
2024-11-13,05:00,4540.8
2024-11-13,05:15,4496.4
2024-11-13,05:30,2554.8
2024-11-13,05:45,4554
2024-11-13,06:00,4494
2024-11-13,06:15,4442.4
2024-11-13,06:30,3394.8
2024-11-13,06:45,2610
2024-11-13,07:00,4332
2024-11-13,07:15,4462.8
2024-11-13,07:30,4291.2
2024-11-13,07:45,3446.4
2024-11-13,08:00,1272
2024-11-13,08:15,1278
2024-11-13,08:30,1172.4
2024-11-13,08:45,1149.6
2024-11-13,09:00,1042.8
2024-11-13,09:15,1285.2
2024-11-13,09:30,1120.8
2024-11-13,09:45,1002
2024-11-13,10:00,856.8
2024-11-13,10:15,942
2024-11-13,10:30,865.2
2024-11-13,10:45,868.8
2024-11-13,11:00,823.2
2024-11-13,11:15,660
2024-11-13,11:30,655.2
2024-11-13,11:45,699.6
2024-11-13,12:00,859.2
2024-11-13,12:15,998.4
2024-11-13,12:30,945.6
2024-11-13,12:45,770.4
2024-11-13,13:00,858
2024-11-13,13:15,1131.6
2024-11-13,13:30,834
2024-11-13,13:45,921.6
2024-11-13,14:00,796.8
2024-11-13,14:15,1096.8
2024-11-13,14:30,939.6
2024-11-13,14:45,1112.4
2024-11-13,15:00,1166.4
2024-11-13,15:15,1132.8
2024-11-13,15:30,1088.4
2024-11-13,15:45,1288.8
2024-11-13,16:00,1278
2024-11-13,16:15,1462.8
2024-11-13,16:30,1243.2
2024-11-13,16:45,1291.2
2024-11-13,17:00,1570.8
2024-11-13,17:15,1420.8
2024-11-13,17:30,1552.8
2024-11-13,17:45,1237.2
2024-11-13,18:00,1279.2
2024-11-13,18:15,1207.2
2024-11-13,18:30,1311.6
2024-11-13,18:45,1236
2024-11-13,19:00,1344
2024-11-13,19:15,1198.8
2024-11-13,19:30,1380
2024-11-13,19:45,1272
2024-11-13,20:00,1252.8
2024-11-13,20:15,1369.2
2024-11-13,20:30,1333.2
2024-11-13,20:45,1438.8
2024-11-13,21:00,1375.2
2024-11-13,21:15,1368
2024-11-13,21:30,1351.2
2024-11-13,21:45,1364.4
2024-11-13,22:00,4125.6
2024-11-13,22:15,4246.8
2024-11-13,22:30,4287.6
2024-11-13,22:45,4383.6
2024-11-13,23:00,4416
2024-11-13,23:15,2314.8
2024-11-13,23:30,4298.4
2024-11-13,23:45,4333.2
2024-11-14,00:00,4454.4
2024-11-14,00:15,1563.6
2024-11-14,00:30,4233.6
2024-11-14,00:45,4261.2
2024-11-14,01:00,4333.2
2024-11-14,01:15,3637.2
2024-11-14,01:30,3376.8
2024-11-14,01:45,4225.2
2024-11-14,02:00,4326
2024-11-14,02:15,4357.2
2024-11-14,02:30,2732.4
2024-11-14,02:45,4412.4
2024-11-14,03:00,4294.8
2024-11-14,03:15,4342.8
2024-11-14,03:30,3328.8
2024-11-14,03:45,4333.2
2024-11-14,04:00,4302
2024-11-14,04:15,4371.6
2024-11-14,04:30,2340
2024-11-14,04:45,3637.2
2024-11-14,05:00,4320
2024-11-14,05:15,4318.8
2024-11-14,05:30,2751.6
2024-11-14,05:45,3373.2
2024-11-14,06:00,4377.6
2024-11-14,06:15,4485.6
2024-11-14,06:30,3434.4
2024-11-14,06:45,4440
2024-11-14,07:00,4317.6
2024-11-14,07:15,4432.8
2024-11-14,07:30,4327.2
2024-11-14,07:45,2400
2024-11-14,08:00,1342.8
2024-11-14,08:15,1321.2
2024-11-14,08:30,1086
2024-11-14,08:45,1428
2024-11-14,09:00,1384.8
2024-11-14,09:15,1297.2
2024-11-14,09:30,1377.6
2024-11-14,09:45,1278
2024-11-14,10:00,1284
2024-11-14,10:15,764.4
2024-11-14,10:30,1178.4
2024-11-14,10:45,1538.4
2024-11-14,11:00,1351.2
2024-11-14,11:15,1339.2
2024-11-14,11:30,1304.4
2024-11-14,11:45,1012.8
2024-11-14,12:00,1302
2024-11-14,12:15,1426.8
2024-11-14,12:30,1306.8
2024-11-14,12:45,1435.2
2024-11-14,13:00,1305.6
2024-11-14,13:15,1388.4
2024-11-14,13:30,1291.2
2024-11-14,13:45,1172.4
2024-11-14,14:00,1293.6
2024-11-14,14:15,1462.8
2024-11-14,14:30,1386
2024-11-14,14:45,1352.4
2024-11-14,15:00,1252.8
2024-11-14,15:15,1329.6
2024-11-14,15:30,1380
2024-11-14,15:45,1270.8
2024-11-14,16:00,1297.2
2024-11-14,16:15,1285.2
2024-11-14,16:30,1389.6
2024-11-14,16:45,1357.2
2024-11-14,17:00,1293.6
2024-11-14,17:15,1414.8
2024-11-14,17:30,1266
2024-11-14,17:45,1350
2024-11-14,18:00,1218
2024-11-14,18:15,1242
2024-11-14,18:30,1245.6
2024-11-14,18:45,1305.6
2024-11-14,19:00,1071.6
2024-11-14,19:15,1279.2
2024-11-14,19:30,1263.6
2024-11-14,19:45,1141.2
2024-11-14,20:00,1293.6
2024-11-14,20:15,1304.4
2024-11-14,20:30,1458
2024-11-14,20:45,1278
2024-11-14,21:00,1371.6
2024-11-14,21:15,1396.8
2024-11-14,21:30,1261.2
2024-11-14,21:45,1258.8
2024-11-14,22:00,4136.4
2024-11-14,22:15,4076.4
2024-11-14,22:30,4401.6
2024-11-14,22:45,4288.8
2024-11-14,23:00,4226.4
2024-11-14,23:15,3144
2024-11-14,23:30,4162.8
2024-11-14,23:45,4316.4
2024-11-15,00:00,4280.4
2024-11-15,00:15,3025.2
2024-11-15,00:30,4363.2
2024-11-15,00:45,4416
2024-11-15,01:00,4378.8
2024-11-15,01:15,4491.6
2024-11-15,01:30,2739.6
2024-11-15,01:45,4556.4
2024-11-15,02:00,4383.6
2024-11-15,02:15,4548
2024-11-15,02:30,3004.8
2024-11-15,02:45,4384.8
2024-11-15,03:00,4405.2
2024-11-15,03:15,4366.8
2024-11-15,03:30,3416.4
2024-11-15,03:45,2395.2
2024-11-15,04:00,4398
2024-11-15,04:15,4316.4
2024-11-15,04:30,3908.4
2024-11-15,04:45,3574.8
2024-11-15,05:00,3964.8
2024-11-15,05:15,3573.6
2024-11-15,05:30,4417.2
2024-11-15,05:45,3574.8
2024-11-15,06:00,3543.6
2024-11-15,06:15,4436.4
2024-11-15,06:30,4497.6
2024-11-15,06:45,3654
2024-11-15,07:00,2926.8
2024-11-15,07:15,3482.4
2024-11-15,07:30,3524.4
2024-11-15,07:45,3502.8
2024-11-15,08:00,1870.8
2024-11-15,08:15,1557.6
2024-11-15,08:30,1585.2
2024-11-15,08:45,1456.8
2024-11-15,09:00,1461.6
2024-11-15,09:15,1508.4
2024-11-15,09:30,1429.2
2024-11-15,09:45,1467.6
2024-11-15,10:00,1926
2024-11-15,10:15,1566
2024-11-15,10:30,1353.6
2024-11-15,10:45,1089.6
2024-11-15,11:00,1368
2024-11-15,11:15,1118.4
2024-11-15,11:30,1268.4
2024-11-15,11:45,1764
2024-11-15,12:00,1885.2
2024-11-15,12:15,1807.2
2024-11-15,12:30,1957.2
2024-11-15,12:45,1734
2024-11-15,13:00,1768.8
2024-11-15,13:15,1634.4
2024-11-15,13:30,1472.4
2024-11-15,13:45,1797.6
2024-11-15,14:00,1558.8
2024-11-15,14:15,1720.8
2024-11-15,14:30,1612.8
2024-11-15,14:45,1636.8
2024-11-15,15:00,1588.8
2024-11-15,15:15,1807.2
2024-11-15,15:30,1784.4
2024-11-15,15:45,1767.6
2024-11-15,16:00,1750.8
2024-11-15,16:15,1761.6
2024-11-15,16:30,1942.8
2024-11-15,16:45,1737.6
2024-11-15,17:00,1810.8
2024-11-15,17:15,1843.2
2024-11-15,17:30,1840.8
2024-11-15,17:45,1641.6
2024-11-15,18:00,1516.8
2024-11-15,18:15,1555.2
2024-11-15,18:30,1538.4
2024-11-15,18:45,1479.6
2024-11-15,19:00,1658.4
2024-11-15,19:15,1706.4
2024-11-15,19:30,1606.8
2024-11-15,19:45,1464
2024-11-15,20:00,1594.8
2024-11-15,20:15,1658.4
2024-11-15,20:30,1617.6
2024-11-15,20:45,1768.8
2024-11-15,21:00,1610.4
2024-11-15,21:15,1632
2024-11-15,21:30,1642.8
2024-11-15,21:45,1719.6
2024-11-15,22:00,4153.2
2024-11-15,22:15,4543.2
2024-11-15,22:30,4701.6
2024-11-15,22:45,4588.8
2024-11-15,23:00,4670.4
2024-11-15,23:15,3171.6
2024-11-15,23:30,4419.6
2024-11-15,23:45,4606.8
2024-11-16,00:00,4641.6
2024-11-16,00:15,3210
2024-11-16,00:30,3253.2
2024-11-16,00:45,4533.6
2024-11-16,01:00,4602
2024-11-16,01:15,3688.8
2024-11-16,01:30,4596
2024-11-16,01:45,3704.4
2024-11-16,02:00,4771.2
2024-11-16,02:15,4674
2024-11-16,02:30,3543.6
2024-11-16,02:45,4148.4
2024-11-16,03:00,4106.4
2024-11-16,03:15,4644
2024-11-16,03:30,4143.6
2024-11-16,03:45,3640.8
2024-11-16,04:00,4593.6
2024-11-16,04:15,4644
2024-11-16,04:30,3655.2
2024-11-16,04:45,3667.2
2024-11-16,05:00,4490.4
2024-11-16,05:15,3756
2024-11-16,05:30,4648.8
2024-11-16,05:45,4515.6
2024-11-16,06:00,3816
2024-11-16,06:15,4794
2024-11-16,06:30,4726.8
2024-11-16,06:45,3723.6
2024-11-16,07:00,4651.2
2024-11-16,07:15,4710
2024-11-16,07:30,4000.8
2024-11-16,07:45,3086.4
2024-11-16,08:00,1958.4
2024-11-16,08:15,1796.4
2024-11-16,08:30,1974
2024-11-16,08:45,1819.2
2024-11-16,09:00,1899.6
2024-11-16,09:15,1810.8
2024-11-16,09:30,1957.2
2024-11-16,09:45,1772.4
2024-11-16,10:00,1796.4
2024-11-16,10:15,1724.4
2024-11-16,10:30,1756.8
2024-11-16,10:45,1819.2
2024-11-16,11:00,1687.2
2024-11-16,11:15,1742.4
2024-11-16,11:30,1663.2
2024-11-16,11:45,1790.4
2024-11-16,12:00,1635.6
2024-11-16,12:15,1711.2
2024-11-16,12:30,1719.6
2024-11-16,12:45,1839.6
2024-11-16,13:00,1662
2024-11-16,13:15,1814.4
2024-11-16,13:30,1602
2024-11-16,13:45,1808.4
2024-11-16,14:00,1664.4
2024-11-16,14:15,1708.8
2024-11-16,14:30,1729.2
2024-11-16,14:45,1585.2
2024-11-16,15:00,1669.2
2024-11-16,15:15,1788
2024-11-16,15:30,1657.2
2024-11-16,15:45,1641.6
2024-11-16,16:00,1783.2
2024-11-16,16:15,1824
2024-11-16,16:30,1660.8
2024-11-16,16:45,1736.4
2024-11-16,17:00,1634.4
2024-11-16,17:15,1777.2
2024-11-16,17:30,1736.4
2024-11-16,17:45,1554
2024-11-16,18:00,1596
2024-11-16,18:15,1635.6
2024-11-16,18:30,1500
2024-11-16,18:45,1506
2024-11-16,19:00,1692
2024-11-16,19:15,1604.4
2024-11-16,19:30,1629.6
2024-11-16,19:45,1576.8
2024-11-16,20:00,1820.4
2024-11-16,20:15,1574.4
2024-11-16,20:30,1585.2
2024-11-16,20:45,1647.6
2024-11-16,21:00,1714.8
2024-11-16,21:15,2330.4
2024-11-16,21:30,2204.4
2024-11-16,21:45,2757.6
2024-11-16,22:00,4426.8
2024-11-16,22:15,3745.2
2024-11-16,22:30,4578
2024-11-16,22:45,3882
2024-11-16,23:00,3486
2024-11-16,23:15,4539.6
2024-11-16,23:30,4479.6
2024-11-16,23:45,4504.8
2024-11-17,00:00,3724.8
2024-11-17,00:15,2234.4
2024-11-17,00:30,4658.4
2024-11-17,00:45,4519.2
2024-11-17,01:00,4556.4
2024-11-17,01:15,4538.4
2024-11-17,01:30,4065.6
2024-11-17,01:45,4636.8
2024-11-17,02:00,4680
2024-11-17,02:15,3642
2024-11-17,02:30,2625.6
2024-11-17,02:45,4544.4
2024-11-17,03:00,4579.2
2024-11-17,03:15,4807.2
2024-11-17,03:30,3627.6
2024-11-17,03:45,4501.2
2024-11-17,04:00,4622.4
2024-11-17,04:15,4588.8
2024-11-17,04:30,3864
2024-11-17,04:45,3762
2024-11-17,05:00,4867.2
2024-11-17,05:15,4704
2024-11-17,05:30,3978
2024-11-17,05:45,3060
2024-11-17,06:00,4658.4
2024-11-17,06:15,4795.2
2024-11-17,06:30,4796.4
2024-11-17,06:45,2841.6
2024-11-17,07:00,4608
2024-11-17,07:15,4872
2024-11-17,07:30,4705.2
2024-11-17,07:45,3898.8
2024-11-17,08:00,2518.8
2024-11-17,08:15,1833.6
2024-11-17,08:30,1754.4
2024-11-17,08:45,1856.4
2024-11-17,09:00,1893.6
2024-11-17,09:15,2001.6
2024-11-17,09:30,1773.6
2024-11-17,09:45,1954.8
2024-11-17,10:00,1845.6
2024-11-17,10:15,1828.8
2024-11-17,10:30,1798.8
2024-11-17,10:45,1932
2024-11-17,11:00,1680
2024-11-17,11:15,1789.2
2024-11-17,11:30,1818
2024-11-17,11:45,1693.2
2024-11-17,12:00,1729.2
2024-11-17,12:15,1545.6
2024-11-17,12:30,1713.6
2024-11-17,12:45,1639.2
2024-11-17,13:00,1650
2024-11-17,13:15,1652.4
2024-11-17,13:30,1870.8
2024-11-17,13:45,1536
2024-11-17,14:00,1639.2
2024-11-17,14:15,1603.2
2024-11-17,14:30,1674
2024-11-17,14:45,1648.8
2024-11-17,15:00,1599.6
2024-11-17,15:15,1651.2
2024-11-17,15:30,1598.4
2024-11-17,15:45,1713.6
2024-11-17,16:00,1665.6
2024-11-17,16:15,1826.4
2024-11-17,16:30,1659.6
2024-11-17,16:45,1672.8
2024-11-17,17:00,1614
2024-11-17,17:15,1755.6
2024-11-17,17:30,1545.6
2024-11-17,17:45,1617.6
2024-11-17,18:00,1525.2
2024-11-17,18:15,1483.2
2024-11-17,18:30,1428
2024-11-17,18:45,1480.8
2024-11-17,19:00,1436.4
2024-11-17,19:15,1526.4
2024-11-17,19:30,1425.6
2024-11-17,19:45,1507.2
2024-11-17,20:00,1561.2
2024-11-17,20:15,1581.6
2024-11-17,20:30,1436.4
2024-11-17,20:45,1616.4
2024-11-17,21:00,1622.4
2024-11-17,21:15,1572
2024-11-17,21:30,1510.8
2024-11-17,21:45,1612.8
2024-11-17,22:00,4502.4
2024-11-17,22:15,4470
2024-11-17,22:30,4592.4
2024-11-17,22:45,4597.2
2024-11-17,23:00,4617.6
2024-11-17,23:15,3822
2024-11-17,23:30,4407.6
2024-11-17,23:45,4672.8
2024-11-18,00:00,4417.2
2024-11-18,00:15,2925.6
2024-11-18,00:30,4417.2
2024-11-18,00:45,4520.4
2024-11-18,01:00,4605.6
2024-11-18,01:15,4567.2
2024-11-18,01:30,1832.4
2024-11-18,01:45,4616.4
2024-11-18,02:00,4512
2024-11-18,02:15,4506
2024-11-18,02:30,4767.6
2024-11-18,02:45,3471.6
2024-11-18,03:00,4754.4
2024-11-18,03:15,4524
2024-11-18,03:30,4652.4
2024-11-18,03:45,2719.2
2024-11-18,04:00,4573.2
2024-11-18,04:15,4708.8
2024-11-18,04:30,4695.6
2024-11-18,04:45,3832.8
2024-11-18,05:00,3718.8
2024-11-18,05:15,4652.4
2024-11-18,05:30,4602
2024-11-18,05:45,4868.4
2024-11-18,06:00,2864.4
2024-11-18,06:15,4276.8
2024-11-18,06:30,4569.6
2024-11-18,06:45,4668
2024-11-18,07:00,4772.4
2024-11-18,07:15,4713.6
2024-11-18,07:30,3720
2024-11-18,07:45,3872.4
2024-11-18,08:00,3879.6
2024-11-18,08:15,2010
2024-11-18,08:30,1752
2024-11-18,08:45,1593.6
2024-11-18,09:00,1750.8
2024-11-18,09:15,1724.4
2024-11-18,09:30,1614
2024-11-18,09:45,1732.8
2024-11-18,10:00,1638
2024-11-18,10:15,1591.2
2024-11-18,10:30,1394.4
2024-11-18,10:45,1551.6
2024-11-18,11:00,1524
2024-11-18,11:15,1321.2
2024-11-18,11:30,1556.4
2024-11-18,11:45,1516.8
2024-11-18,12:00,1512
2024-11-18,12:15,1758
2024-11-18,12:30,1544.4
2024-11-18,12:45,1494
2024-11-18,13:00,1514.4
2024-11-18,13:15,1683.6
2024-11-18,13:30,1640.4
2024-11-18,13:45,1755.6
2024-11-18,14:00,1630.8
2024-11-18,14:15,1684.8
2024-11-18,14:30,1503.6
2024-11-18,14:45,1652.4
2024-11-18,15:00,1675.2
2024-11-18,15:15,1629.6
2024-11-18,15:30,1628.4
2024-11-18,15:45,1525.2
2024-11-18,16:00,1736.4
2024-11-18,16:15,1939.2
2024-11-18,16:30,1653.6
2024-11-18,16:45,1615.2
2024-11-18,17:00,1812
2024-11-18,17:15,1912.8
2024-11-18,17:30,1737.6
2024-11-18,17:45,1531.2
2024-11-18,18:00,1638
2024-11-18,18:15,1525.2
2024-11-18,18:30,1488
2024-11-18,18:45,1462.8
2024-11-18,19:00,1498.8
2024-11-18,19:15,1650
2024-11-18,19:30,1525.2
2024-11-18,19:45,1748.4
2024-11-18,20:00,1672.8
2024-11-18,20:15,1714.8
2024-11-18,20:30,1838.4
2024-11-18,20:45,1738.8
2024-11-18,21:00,1569.6
2024-11-18,21:15,1748.4
2024-11-18,21:30,1563.6
2024-11-18,21:45,1725.6
2024-11-18,22:00,3748.8
2024-11-18,22:15,4657.2
2024-11-18,22:30,4770
2024-11-18,22:45,4568.4
2024-11-18,23:00,4623.6
2024-11-18,23:15,2787.6
2024-11-18,23:30,3714
2024-11-18,23:45,4648.8
2024-11-19,00:00,4701.6
2024-11-19,00:15,3931.2
2024-11-19,00:30,3925.2
2024-11-19,00:45,4486.8
2024-11-19,01:00,4800
2024-11-19,01:15,4825.2
2024-11-19,01:30,4729.2
2024-11-19,01:45,2887.2
2024-11-19,02:00,4408.8
2024-11-19,02:15,4732.8
2024-11-19,02:30,3782.4
2024-11-19,02:45,4910.4
2024-11-19,03:00,4603.2
2024-11-19,03:15,4669.2
2024-11-19,03:30,3802.8
2024-11-19,03:45,3877.2
2024-11-19,04:00,3692.4
2024-11-19,04:15,4776
2024-11-19,04:30,3949.2
2024-11-19,04:45,3714
2024-11-19,05:00,4884
2024-11-19,05:15,4214.4
2024-11-19,05:30,3158.4
2024-11-19,05:45,4845.6
2024-11-19,06:00,4846.8
2024-11-19,06:15,4802.4
2024-11-19,06:30,3057.6
2024-11-19,06:45,4489.2
2024-11-19,07:00,4742.4
2024-11-19,07:15,4623.6
2024-11-19,07:30,3786
2024-11-19,07:45,1663.2
2024-11-19,08:00,1728
2024-11-19,08:15,1548
2024-11-19,08:30,1803.6
2024-11-19,08:45,1618.8
2024-11-19,09:00,1741.2
2024-11-19,09:15,1555.2
2024-11-19,09:30,1720.8
2024-11-19,09:45,1588.8
2024-11-19,10:00,1863.6
2024-11-19,10:15,1724.4
2024-11-19,10:30,1882.8
2024-11-19,10:45,1806
2024-11-19,11:00,1537.2
2024-11-19,11:15,1574.4
2024-11-19,11:30,1524
2024-11-19,11:45,1687.2
2024-11-19,12:00,1543.2
2024-11-19,12:15,1615.2
2024-11-19,12:30,1731.6
2024-11-19,12:45,1634.4
2024-11-19,13:00,1590
2024-11-19,13:15,1699.2
2024-11-19,13:30,1676.4
2024-11-19,13:45,1808.4
2024-11-19,14:00,1642.8
2024-11-19,14:15,1599.6
2024-11-19,14:30,1687.2
2024-11-19,14:45,1557.6
2024-11-19,15:00,1629.6
2024-11-19,15:15,1735.2
2024-11-19,15:30,1682.4
2024-11-19,15:45,1654.8
2024-11-19,16:00,1633.2
2024-11-19,16:15,1611.6
2024-11-19,16:30,1705.2
2024-11-19,16:45,1848
2024-11-19,17:00,1569.6
2024-11-19,17:15,1749.6
2024-11-19,17:30,1666.8
2024-11-19,17:45,1555.2
2024-11-19,18:00,1678.8
2024-11-19,18:15,1471.2
2024-11-19,18:30,1695.6
2024-11-19,18:45,1609.2
2024-11-19,19:00,1750.8
2024-11-19,19:15,1628.4
2024-11-19,19:30,1744.8
2024-11-19,19:45,1562.4
2024-11-19,20:00,1764
2024-11-19,20:15,1605.6
2024-11-19,20:30,1802.4
2024-11-19,20:45,1701.6
2024-11-19,21:00,1672.8
2024-11-19,21:15,1713.6
2024-11-19,21:30,1639.2
2024-11-19,21:45,1612.8
2024-11-19,22:00,3967.2
2024-11-19,22:15,4472.4
2024-11-19,22:30,4588.8
2024-11-19,22:45,4472.4
2024-11-19,23:00,4587.6
2024-11-19,23:15,3439.2
2024-11-19,23:30,4564.8
2024-11-19,23:45,4654.8
2024-11-20,00:00,4731.6
2024-11-20,00:15,2702.4
2024-11-20,00:30,4472.4
2024-11-20,00:45,4596
2024-11-20,01:00,4521.6
2024-11-20,01:15,4713.6
2024-11-20,01:30,3196.8
2024-11-20,01:45,4731.6
2024-11-20,02:00,4698
2024-11-20,02:15,4592.4
2024-11-20,02:30,2920.8
2024-11-20,02:45,4576.8
2024-11-20,03:00,4657.2
2024-11-20,03:15,4530
2024-11-20,03:30,4677.6
2024-11-20,03:45,3542.4
2024-11-20,04:00,4543.2
2024-11-20,04:15,4765.2
2024-11-20,04:30,4620
2024-11-20,04:45,2787.6
2024-11-20,05:00,4533.6
2024-11-20,05:15,4472.4
2024-11-20,05:30,4804.8
2024-11-20,05:45,3633.6
2024-11-20,06:00,4267.2
2024-11-20,06:15,3856.8
2024-11-20,06:30,4945.2
2024-11-20,06:45,4754.4
2024-11-20,07:00,3519.6
2024-11-20,07:15,3510
2024-11-20,07:30,3969.6
2024-11-20,07:45,3784.8
2024-11-20,08:00,3087.6
2024-11-20,08:15,1708.8
2024-11-20,08:30,1831.2
2024-11-20,08:45,1720.8
2024-11-20,09:00,1765.2
2024-11-20,09:15,1734
2024-11-20,09:30,1674
2024-11-20,09:45,1748.4
2024-11-20,10:00,1633.2
2024-11-20,10:15,1836
2024-11-20,10:30,1558.8
2024-11-20,10:45,1706.4
2024-11-20,11:00,1627.2
2024-11-20,11:15,1646.4
2024-11-20,11:30,1702.8
2024-11-20,11:45,1692
2024-11-20,12:00,1548
2024-11-20,12:15,1766.4
2024-11-20,12:30,1681.2
2024-11-20,12:45,1680
2024-11-20,13:00,1749.6
2024-11-20,13:15,1627.2
2024-11-20,13:30,1530
2024-11-20,13:45,1538.4
2024-11-20,14:00,1491.6
2024-11-20,14:15,1851.6
2024-11-20,14:30,1569.6
2024-11-20,14:45,1510.8
2024-11-20,15:00,1731.6
2024-11-20,15:15,1674
2024-11-20,15:30,1731.6
2024-11-20,15:45,1617.6
2024-11-20,16:00,1723.2
2024-11-20,16:15,1681.2
2024-11-20,16:30,1704
2024-11-20,16:45,1789.2
2024-11-20,17:00,1858.8
2024-11-20,17:15,1659.6
2024-11-20,17:30,1658.4
2024-11-20,17:45,1494
2024-11-20,18:00,1602
2024-11-20,18:15,1459.2
2024-11-20,18:30,1506
2024-11-20,18:45,1605.6
2024-11-20,19:00,1455.6
2024-11-20,19:15,1596
2024-11-20,19:30,1684.8
2024-11-20,19:45,1596
2024-11-20,20:00,1506
2024-11-20,20:15,1564.8
2024-11-20,20:30,1533.6
2024-11-20,20:45,1663.2
2024-11-20,21:00,1371.6
2024-11-20,21:15,2538
2024-11-20,21:30,2343.6
2024-11-20,21:45,2404.8
2024-11-20,22:00,4124.4
2024-11-20,22:15,3590.4
2024-11-20,22:30,3634.8
2024-11-20,22:45,3730.8
2024-11-20,23:00,3808.8
2024-11-20,23:15,3288
2024-11-20,23:30,4539.6
2024-11-20,23:45,4315.2
2024-11-21,00:00,4479.6
2024-11-21,00:15,4524
2024-11-21,00:30,4520.4
2024-11-21,00:45,2566.8
2024-11-21,01:00,4438.8
2024-11-21,01:15,3586.8
2024-11-21,01:30,4377.6
2024-11-21,01:45,3508.8
2024-11-21,02:00,4462.8
2024-11-21,02:15,3418.8
2024-11-21,02:30,4489.2
2024-11-21,02:45,4436.4
2024-11-21,03:00,4209.6
2024-11-21,03:15,3472.8
2024-11-21,03:30,4388.4
2024-11-21,03:45,4501.2
2024-11-21,04:00,3291.6
2024-11-21,04:15,4452
2024-11-21,04:30,4429.2
2024-11-21,04:45,4686
2024-11-21,05:00,4516.8
2024-11-21,05:15,2668.8
2024-11-21,05:30,4407.6
2024-11-21,05:45,3632.4
2024-11-21,06:00,4356
2024-11-21,06:15,2492.4
2024-11-21,06:30,4257.6
2024-11-21,06:45,3758.4
2024-11-21,07:00,4465.2
2024-11-21,07:15,3562.8
2024-11-21,07:30,2484
2024-11-21,07:45,2396.4
2024-11-21,08:00,1621.2
2024-11-21,08:15,1486.8
2024-11-21,08:30,1585.2
2024-11-21,08:45,1450.8
2024-11-21,09:00,1522.8
2024-11-21,09:15,1540.8
2024-11-21,09:30,1396.8
2024-11-21,09:45,1426.8
2024-11-21,10:00,1440
2024-11-21,10:15,1528.8
2024-11-21,10:30,1321.2
2024-11-21,10:45,1342.8
2024-11-21,11:00,1521.6
2024-11-21,11:15,1200
2024-11-21,11:30,1261.2
2024-11-21,11:45,1292.4
2024-11-21,12:00,1210.8
2024-11-21,12:15,1132.8
2024-11-21,12:30,937.2
2024-11-21,12:45,1197.6
2024-11-21,13:00,787.2
2024-11-21,13:15,867.6
2024-11-21,13:30,662.4
2024-11-21,13:45,624
2024-11-21,14:00,789.6
2024-11-21,14:15,1418.4
2024-11-21,14:30,1287.6
2024-11-21,14:45,1111.2
2024-11-21,15:00,1065.6
2024-11-21,15:15,976.8
2024-11-21,15:30,1117.2
2024-11-21,15:45,1165.2
2024-11-21,16:00,1261.2
2024-11-21,16:15,1488
2024-11-21,16:30,1348.8
2024-11-21,16:45,1474.8
2024-11-21,17:00,1568.4
2024-11-21,17:15,1604.4
2024-11-21,17:30,1386
2024-11-21,17:45,1546.8
2024-11-21,18:00,1303.2
2024-11-21,18:15,1400.4
2024-11-21,18:30,1352.4
2024-11-21,18:45,1426.8
2024-11-21,19:00,1315.2
2024-11-21,19:15,1344
2024-11-21,19:30,1323.6
2024-11-21,19:45,1543.2
2024-11-21,20:00,1419.6
2024-11-21,20:15,1353.6
2024-11-21,20:30,1449.6
2024-11-21,20:45,1608
2024-11-21,21:00,1486.8
2024-11-21,21:15,1220.4
2024-11-21,21:30,1495.2
2024-11-21,21:45,1345.2
2024-11-21,22:00,4008
2024-11-21,22:15,4057.2
2024-11-21,22:30,4362
2024-11-21,22:45,4396.8
2024-11-21,23:00,4467.6
2024-11-21,23:15,3819.6
2024-11-21,23:30,4364.4
2024-11-21,23:45,4290
2024-11-22,00:00,4297.2
2024-11-22,00:15,2107.2
2024-11-22,00:30,4345.2
2024-11-22,00:45,4338
2024-11-22,01:00,4326
2024-11-22,01:15,1737.6
2024-11-22,01:30,4486.8
2024-11-22,01:45,4303.2
2024-11-22,02:00,4257.6
2024-11-22,02:15,2726.4
2024-11-22,02:30,3085.2
2024-11-22,02:45,4297.2
2024-11-22,03:00,4579.2
2024-11-22,03:15,3321.6
2024-11-22,03:30,3236.4
2024-11-22,03:45,4486.8
2024-11-22,04:00,4370.4
2024-11-22,04:15,4404
2024-11-22,04:30,2692.8
2024-11-22,04:45,4173.6
2024-11-22,05:00,4684.8
2024-11-22,05:15,4388.4
2024-11-22,05:30,2475.6
2024-11-22,05:45,3942
2024-11-22,06:00,4452
2024-11-22,06:15,4347.6
2024-11-22,06:30,3405.6
2024-11-22,06:45,3688.8
2024-11-22,07:00,4411.2
2024-11-22,07:15,4581.6
2024-11-22,07:30,3451.2
2024-11-22,07:45,2672.4
2024-11-22,08:00,1627.2
2024-11-22,08:15,1586.4
2024-11-22,08:30,1422
2024-11-22,08:45,1546.8
2024-11-22,09:00,1536
2024-11-22,09:15,1509.6
2024-11-22,09:30,1356
2024-11-22,09:45,1305.6
2024-11-22,10:00,1170
2024-11-22,10:15,1159.2
2024-11-22,10:30,1225.2
2024-11-22,10:45,822
2024-11-22,11:00,1004.4
2024-11-22,11:15,868.8
2024-11-22,11:30,961.2
2024-11-22,11:45,862.8
2024-11-22,12:00,820.8
2024-11-22,12:15,808.8
2024-11-22,12:30,866.4
2024-11-22,12:45,818.4
2024-11-22,13:00,873.6
2024-11-22,13:15,1044
2024-11-22,13:30,902.4
2024-11-22,13:45,1518
2024-11-22,14:00,1310.4
2024-11-22,14:15,1540.8
2024-11-22,14:30,1454.4
2024-11-22,14:45,1608
2024-11-22,15:00,1610.4
2024-11-22,15:15,1732.8
2024-11-22,15:30,1605.6
2024-11-22,15:45,1746
2024-11-22,16:00,1808.4
2024-11-22,16:15,1785.6
2024-11-22,16:30,1674
2024-11-22,16:45,1708.8
2024-11-22,17:00,1825.2
2024-11-22,17:15,1785.6
2024-11-22,17:30,1936.8
2024-11-22,17:45,1712.4
2024-11-22,18:00,1538.4
2024-11-22,18:15,1632
2024-11-22,18:30,1669.2
2024-11-22,18:45,1676.4
2024-11-22,19:00,1590
2024-11-22,19:15,1621.2
2024-11-22,19:30,1628.4
2024-11-22,19:45,1873.2
2024-11-22,20:00,1705.2
2024-11-22,20:15,1593.6
2024-11-22,20:30,2731.2
2024-11-22,20:45,2814
2024-11-22,21:00,3690
2024-11-22,21:15,4476
2024-11-22,21:30,3913.2
2024-11-22,21:45,4659.6
2024-11-22,22:00,3744
2024-11-22,22:15,3445.2
2024-11-22,22:30,4623.6
2024-11-22,22:45,4718.4
2024-11-22,23:00,4611.6
2024-11-22,23:15,2936.4
2024-11-22,23:30,4742.4
2024-11-22,23:45,4593.6
2024-11-23,00:00,4566
2024-11-23,00:15,3925.2
2024-11-23,00:30,3426
2024-11-23,00:45,4730.4
2024-11-23,01:00,4612.8
2024-11-23,01:15,4766.4
2024-11-23,01:30,2660.4
2024-11-23,01:45,4710
2024-11-23,02:00,4620
2024-11-23,02:15,4623.6
2024-11-23,02:30,4422
2024-11-23,02:45,3793.2
2024-11-23,03:00,4843.2
2024-11-23,03:15,4720.8
2024-11-23,03:30,3475.2
2024-11-23,03:45,4566
2024-11-23,04:00,4818
2024-11-23,04:15,4752
2024-11-23,04:30,4838.4
2024-11-23,04:45,4551.6
2024-11-23,05:00,4833.6
2024-11-23,05:15,4734
2024-11-23,05:30,3976.8
2024-11-23,05:45,4177.2
2024-11-23,06:00,4777.2
2024-11-23,06:15,4845.6
2024-11-23,06:30,4849.2
2024-11-23,06:45,2875.2
2024-11-23,07:00,4909.2
2024-11-23,07:15,4754.4
2024-11-23,07:30,4723.2
2024-11-23,07:45,2772
2024-11-23,08:00,1806
2024-11-23,08:15,1576.8
2024-11-23,08:30,1540.8
2024-11-23,08:45,1692
2024-11-23,09:00,1492.8
2024-11-23,09:15,1425.6
2024-11-23,09:30,1426.8
2024-11-23,09:45,1270.8
2024-11-23,10:00,1159.2
2024-11-23,10:15,1237.2
2024-11-23,10:30,1161.6
2024-11-23,10:45,988.8
2024-11-23,11:00,1041.6
2024-11-23,11:15,1002
2024-11-23,11:30,1029.6
2024-11-23,11:45,984
2024-11-23,12:00,1087.2
2024-11-23,12:15,1063.2
2024-11-23,12:30,1072.8
2024-11-23,12:45,978
2024-11-23,13:00,910.8
2024-11-23,13:15,915.6
2024-11-23,13:30,938.4
2024-11-23,13:45,1158
2024-11-23,14:00,972
2024-11-23,14:15,1221.6
2024-11-23,14:30,1005.6
2024-11-23,14:45,1297.2
2024-11-23,15:00,1263.6
2024-11-23,15:15,1353.6
2024-11-23,15:30,1314
2024-11-23,15:45,1530
2024-11-23,16:00,1750.8
2024-11-23,16:15,1518
2024-11-23,16:30,1694.4
2024-11-23,16:45,1640.4
2024-11-23,17:00,1828.8
2024-11-23,17:15,1627.2
2024-11-23,17:30,1866
2024-11-23,17:45,1573.2
2024-11-23,18:00,1429.2
2024-11-23,18:15,1729.2
2024-11-23,18:30,1578
2024-11-23,18:45,1618.8
2024-11-23,19:00,1478.4
2024-11-23,19:15,1592.4
2024-11-23,19:30,1532.4
2024-11-23,19:45,1785.6
2024-11-23,20:00,1446
2024-11-23,20:15,1623.6
2024-11-23,20:30,1592.4
2024-11-23,20:45,1658.4
2024-11-23,21:00,3957.6
2024-11-23,21:15,4506
2024-11-23,21:30,4440
2024-11-23,21:45,4418.4
2024-11-23,22:00,4621.2
2024-11-23,22:15,4346.4
2024-11-23,22:30,4496.4
2024-11-23,22:45,4609.2
2024-11-23,23:00,4611.6
2024-11-23,23:15,2583.6
2024-11-23,23:30,4711.2
2024-11-23,23:45,4600.8
2024-11-24,00:00,4573.2
2024-11-24,00:15,2608.8
2024-11-24,00:30,4574.4
2024-11-24,00:45,4678.8
2024-11-24,01:00,4544.4
2024-11-24,01:15,3673.2
2024-11-24,01:30,3712.8
2024-11-24,01:45,4524
2024-11-24,02:00,4585.2
2024-11-24,02:15,4590
2024-11-24,02:30,3822
2024-11-24,02:45,4696.8
2024-11-24,03:00,4537.2
2024-11-24,03:15,4639.2
2024-11-24,03:30,2636.4
2024-11-24,03:45,3836.4
2024-11-24,04:00,4584
2024-11-24,04:15,4753.2
2024-11-24,04:30,4617.6
2024-11-24,04:45,4423.2
2024-11-24,05:00,3834
2024-11-24,05:15,4682.4
2024-11-24,05:30,4554
2024-11-24,05:45,3694.8
2024-11-24,06:00,4722
2024-11-24,06:15,4678.8
2024-11-24,06:30,4554
2024-11-24,06:45,2702.4
2024-11-24,07:00,3559.2
2024-11-24,07:15,2812.8
2024-11-24,07:30,2667.6
2024-11-24,07:45,2692.8
2024-11-24,08:00,1722
2024-11-24,08:15,1758
2024-11-24,08:30,1459.2
2024-11-24,08:45,1504.8
2024-11-24,09:00,1357.2
2024-11-24,09:15,1461.6
2024-11-24,09:30,1498.8
2024-11-24,09:45,1446
2024-11-24,10:00,1681.2
2024-11-24,10:15,1444.8
2024-11-24,10:30,1479.6
2024-11-24,10:45,1514.4
2024-11-24,11:00,1446
2024-11-24,11:15,969.6
2024-11-24,11:30,1138.8
2024-11-24,11:45,1077.6
2024-11-24,12:00,1198.8
2024-11-24,12:15,1072.8
2024-11-24,12:30,1315.2
2024-11-24,12:45,1328.4
2024-11-24,13:00,1368
2024-11-24,13:15,1477.2
2024-11-24,13:30,1460.4
2024-11-24,13:45,1479.6
2024-11-24,14:00,1575.6
2024-11-24,14:15,1616.4
2024-11-24,14:30,1622.4
2024-11-24,14:45,1527.6
2024-11-24,15:00,1521.6
2024-11-24,15:15,1785.6
2024-11-24,15:30,1593.6
2024-11-24,15:45,1664.4
2024-11-24,16:00,1590
2024-11-24,16:15,1665.6
2024-11-24,16:30,1489.2
2024-11-24,16:45,1629.6
2024-11-24,17:00,1494
2024-11-24,17:15,1650
2024-11-24,17:30,1538.4
2024-11-24,17:45,1700.4
2024-11-24,18:00,1413.6
2024-11-24,18:15,1615.2
2024-11-24,18:30,1468.8
2024-11-24,18:45,1542
2024-11-24,19:00,1431.6
2024-11-24,19:15,1596
2024-11-24,19:30,1622.4
2024-11-24,19:45,1604.4
2024-11-24,20:00,1551.6
2024-11-24,20:15,1599.6
2024-11-24,20:30,1484.4
2024-11-24,20:45,1742.4
2024-11-24,21:00,4258.8
2024-11-24,21:15,4510.8
2024-11-24,21:30,4388.4
2024-11-24,21:45,4561.2
2024-11-24,22:00,4491.6
2024-11-24,22:15,3594
2024-11-24,22:30,4500
2024-11-24,22:45,4573.2
2024-11-24,23:00,3513.6
2024-11-24,23:15,3318
2024-11-24,23:30,3662.4
2024-11-24,23:45,4494
2024-11-25,00:00,4600.8
2024-11-25,00:15,2916
2024-11-25,00:30,4530
2024-11-25,00:45,4030.8
2024-11-25,01:00,4387.2
2024-11-25,01:15,3490.8
2024-11-25,01:30,4539.6
2024-11-25,01:45,3486
2024-11-25,02:00,4393.2
2024-11-25,02:15,3439.2
2024-11-25,02:30,4568.4
2024-11-25,02:45,3591.6
2024-11-25,03:00,4446
2024-11-25,03:15,3483.6
2024-11-25,03:30,3424.8
2024-11-25,03:45,4599.6
2024-11-25,04:00,4348.8
2024-11-25,04:15,4570.8
2024-11-25,04:30,3378
2024-11-25,04:45,3556.8
2024-11-25,05:00,4544.4
2024-11-25,05:15,4726.8
2024-11-25,05:30,4482
2024-11-25,05:45,2558.4
2024-11-25,06:00,4540.8
2024-11-25,06:15,4652.4
2024-11-25,06:30,3770.4
2024-11-25,06:45,3490.8
2024-11-25,07:00,4418.4
2024-11-25,07:15,4513.2
2024-11-25,07:30,3619.2
2024-11-25,07:45,2515.2
2024-11-25,08:00,1762.8
2024-11-25,08:15,1568.4
2024-11-25,08:30,1458
2024-11-25,08:45,1464
2024-11-25,09:00,1728
2024-11-25,09:15,1518
2024-11-25,09:30,1558.8
2024-11-25,09:45,1651.2
2024-11-25,10:00,1666.8
2024-11-25,10:15,1436.4
2024-11-25,10:30,1540.8
2024-11-25,10:45,1594.8
2024-11-25,11:00,1472.4
2024-11-25,11:15,1242
2024-11-25,11:30,1498.8
2024-11-25,11:45,1412.4
2024-11-25,12:00,1354.8
2024-11-25,12:15,1416
2024-11-25,12:30,1513.2
2024-11-25,12:45,1402.8
2024-11-25,13:00,1488
2024-11-25,13:15,1285.2
2024-11-25,13:30,1336.8
2024-11-25,13:45,1450.8
2024-11-25,14:00,1340.4
2024-11-25,14:15,1402.8
2024-11-25,14:30,1352.4
2024-11-25,14:45,1435.2
2024-11-25,15:00,1285.2
2024-11-25,15:15,1443.6
2024-11-25,15:30,1269.6
2024-11-25,15:45,1330.8
2024-11-25,16:00,1450.8
2024-11-25,16:15,1442.4
2024-11-25,16:30,1360.8
2024-11-25,16:45,1448.4
2024-11-25,17:00,1450.8
2024-11-25,17:15,1440
2024-11-25,17:30,1382.4
2024-11-25,17:45,1276.8
2024-11-25,18:00,1350
2024-11-25,18:15,1323.6
2024-11-25,18:30,1260
2024-11-25,18:45,1485.6
2024-11-25,19:00,1370.4
2024-11-25,19:15,1308
2024-11-25,19:30,1309.2
2024-11-25,19:45,1488
2024-11-25,20:00,1270.8
2024-11-25,20:15,1342.8
2024-11-25,20:30,1542
2024-11-25,20:45,1330.8
2024-11-25,21:00,4084.8
2024-11-25,21:15,4330.8
2024-11-25,21:30,4474.8
2024-11-25,21:45,4461.6
2024-11-25,22:00,3514.8
2024-11-25,22:15,3464.4
2024-11-25,22:30,4491.6
2024-11-25,22:45,4416
2024-11-25,23:00,4536
2024-11-25,23:15,2544
2024-11-25,23:30,4394.4
2024-11-25,23:45,4616.4
2024-11-26,00:00,4321.2
2024-11-26,00:15,3776.4
2024-11-26,00:30,3459.6
2024-11-26,00:45,4388.4
2024-11-26,01:00,4285.2
2024-11-26,01:15,3482.4
2024-11-26,01:30,2637.6
2024-11-26,01:45,4414.8
2024-11-26,02:00,4316.4
2024-11-26,02:15,3277.2
2024-11-26,02:30,3444
2024-11-26,02:45,4620
2024-11-26,03:00,4639.2
2024-11-26,03:15,3783.6
2024-11-26,03:30,3922.8
2024-11-26,03:45,3664.8
2024-11-26,04:00,4954.8
2024-11-26,04:15,4696.8
2024-11-26,04:30,3662.4
2024-11-26,04:45,3272.4
2024-11-26,05:00,4746
2024-11-26,05:15,4581.6
2024-11-26,05:30,3781.2
2024-11-26,05:45,2683.2
2024-11-26,06:00,4618.8
2024-11-26,06:15,4767.6
2024-11-26,06:30,3684
2024-11-26,06:45,3690
2024-11-26,07:00,4629.6
2024-11-26,07:15,4593.6
2024-11-26,07:30,3674.4
2024-11-26,07:45,2704.8
2024-11-26,08:00,2107.2
2024-11-26,08:15,1702.8
2024-11-26,08:30,1630.8
2024-11-26,08:45,1358.4
2024-11-26,09:00,1138.8
2024-11-26,09:15,1242
2024-11-26,09:30,1207.2
2024-11-26,09:45,1101.6
2024-11-26,10:00,946.8
2024-11-26,10:15,921.6
2024-11-26,10:30,716.4
2024-11-26,10:45,828
2024-11-26,11:00,685.2
2024-11-26,11:15,681.6
2024-11-26,11:30,556.8
2024-11-26,11:45,706.8
2024-11-26,12:00,513.6
2024-11-26,12:15,676.8
2024-11-26,12:30,633.6
2024-11-26,12:45,606
2024-11-26,13:00,580.8
2024-11-26,13:15,825.6
2024-11-26,13:30,614.4
2024-11-26,13:45,646.8
2024-11-26,14:00,789.6
2024-11-26,14:15,703.2
2024-11-26,14:30,811.2
2024-11-26,14:45,895.2
2024-11-26,15:00,1309.2
2024-11-26,15:15,1432.8
2024-11-26,15:30,1738.8
2024-11-26,15:45,1482
2024-11-26,16:00,1455.6
2024-11-26,16:15,1627.2
2024-11-26,16:30,1452
2024-11-26,16:45,1659.6
2024-11-26,17:00,1761.6
2024-11-26,17:15,1455.6
2024-11-26,17:30,1573.2
2024-11-26,17:45,1656
2024-11-26,18:00,1642.8
2024-11-26,18:15,1533.6
2024-11-26,18:30,1633.2
2024-11-26,18:45,1630.8
2024-11-26,19:00,1521.6
2024-11-26,19:15,1626
2024-11-26,19:30,1754.4
2024-11-26,19:45,1782
2024-11-26,20:00,1614
2024-11-26,20:15,1696.8
2024-11-26,20:30,1752
2024-11-26,20:45,1713.6
2024-11-26,21:00,4029.6
2024-11-26,21:15,4676.4
2024-11-26,21:30,4347.6
2024-11-26,21:45,4701.6
2024-11-26,22:00,4620
2024-11-26,22:15,3122.4
2024-11-26,22:30,4501.2
2024-11-26,22:45,4813.2
2024-11-26,23:00,4736.4
2024-11-26,23:15,3828
2024-11-26,23:30,4276.8
2024-11-26,23:45,4591.2
2024-11-27,00:00,4597.2
2024-11-27,00:15,3633.6
2024-11-27,00:30,2815.2
2024-11-27,00:45,4556.4
2024-11-27,01:00,4807.2
2024-11-27,01:15,3687.6
2024-11-27,01:30,4526.4
2024-11-27,01:45,3680.4
2024-11-27,02:00,4827.6
2024-11-27,02:15,3763.2
2024-11-27,02:30,4646.4
2024-11-27,02:45,4051.2
2024-11-27,03:00,4848
2024-11-27,03:15,3772.8
2024-11-27,03:30,4755.6
2024-11-27,03:45,4010.4
2024-11-27,04:00,4678.8
2024-11-27,04:15,4916.4
2024-11-27,04:30,4791.6
2024-11-27,04:45,4400.4
2024-11-27,05:00,2968.8
2024-11-27,05:15,4813.2
2024-11-27,05:30,4653.6
2024-11-27,05:45,4688.4
2024-11-27,06:00,3790.8
2024-11-27,06:15,4384.8
2024-11-27,06:30,4807.2
2024-11-27,06:45,4776
2024-11-27,07:00,3211.2
2024-11-27,07:15,3794.4
2024-11-27,07:30,3981.6
2024-11-27,07:45,3828
2024-11-27,08:00,3648
2024-11-27,08:15,1724.4
2024-11-27,08:30,1473.6
2024-11-27,08:45,1500
2024-11-27,09:00,1567.2
2024-11-27,09:15,1345.2
2024-11-27,09:30,1264.8
2024-11-27,09:45,1236
2024-11-27,10:00,1155.6
2024-11-27,10:15,1236
2024-11-27,10:30,943.2
2024-11-27,10:45,914.4
2024-11-27,11:00,817.2
2024-11-27,11:15,866.4
2024-11-27,11:30,882
2024-11-27,11:45,842.4
2024-11-27,12:00,841.2
2024-11-27,12:15,867.6
2024-11-27,12:30,903.6
2024-11-27,12:45,879.6
2024-11-27,13:00,1009.2
2024-11-27,13:15,873.6
2024-11-27,13:30,919.2
2024-11-27,13:45,879.6
2024-11-27,14:00,1078.8
2024-11-27,14:15,1069.2
2024-11-27,14:30,1172.4
2024-11-27,14:45,1184.4
2024-11-27,15:00,1251.6
2024-11-27,15:15,1564.8
2024-11-27,15:30,1292.4
2024-11-27,15:45,1308
2024-11-27,16:00,1472.4
2024-11-27,16:15,1530
2024-11-27,16:30,1530
2024-11-27,16:45,1479.6
2024-11-27,17:00,1640.4
2024-11-27,17:15,1717.2
2024-11-27,17:30,1524
2024-11-27,17:45,1329.6
2024-11-27,18:00,1248
2024-11-27,18:15,1327.2
2024-11-27,18:30,1296
2024-11-27,18:45,1323.6
2024-11-27,19:00,1366.8
2024-11-27,19:15,1380
2024-11-27,19:30,1317.6
2024-11-27,19:45,1292.4
2024-11-27,20:00,1480.8
2024-11-27,20:15,1306.8
2024-11-27,20:30,1387.2
2024-11-27,20:45,1483.2
2024-11-27,21:00,4257.6
2024-11-27,21:15,4177.2
2024-11-27,21:30,4452
2024-11-27,21:45,4327.2
2024-11-27,22:00,3496.8
2024-11-27,22:15,2698.8
2024-11-27,22:30,4371.6
2024-11-27,22:45,4646.4
2024-11-27,23:00,4527.6
2024-11-27,23:15,3427.2
2024-11-27,23:30,4351.2
2024-11-27,23:45,4440
2024-11-28,00:00,3499.2
2024-11-28,00:15,3254.4
2024-11-28,00:30,3469.2
2024-11-28,00:45,4298.4
2024-11-28,01:00,4340.4
2024-11-28,01:15,2916
2024-11-28,01:30,4395.6
2024-11-28,01:45,4344
2024-11-28,02:00,4450.8
2024-11-28,02:15,3430.8
2024-11-28,02:30,4204.8
2024-11-28,02:45,3508.8
2024-11-28,03:00,4317.6
2024-11-28,03:15,3476.4
2024-11-28,03:30,3505.2
2024-11-28,03:45,3829.2
2024-11-28,04:00,4405.2
2024-11-28,04:15,3450
2024-11-28,04:30,3606
2024-11-28,04:45,3674.4
2024-11-28,05:00,4587.6
2024-11-28,05:15,4668
2024-11-28,05:30,4438.8
2024-11-28,05:45,3855.6
2024-11-28,06:00,4640.4
2024-11-28,06:15,4533.6
2024-11-28,06:30,2887.2
2024-11-28,06:45,3865.2
2024-11-28,07:00,4622.4
2024-11-28,07:15,4606.8
2024-11-28,07:30,2643.6
2024-11-28,07:45,1424.4
2024-11-28,08:00,1311.6
2024-11-28,08:15,1599.6
2024-11-28,08:30,1234.8
2024-11-28,08:45,1164
2024-11-28,09:00,1051.2
2024-11-28,09:15,1009.2
2024-11-28,09:30,1093.2
2024-11-28,09:45,1450.8
2024-11-28,10:00,1417.2
2024-11-28,10:15,1442.4
2024-11-28,10:30,1324.8
2024-11-28,10:45,1178.4
2024-11-28,11:00,1162.8
2024-11-28,11:15,1230
2024-11-28,11:30,1034.4
2024-11-28,11:45,982.8
2024-11-28,12:00,1172.4
2024-11-28,12:15,948
2024-11-28,12:30,938.4
2024-11-28,12:45,1022.4
2024-11-28,13:00,956.4
2024-11-28,13:15,1195.2
2024-11-28,13:30,1075.2
2024-11-28,13:45,1093.2
2024-11-28,14:00,1165.2
2024-11-28,14:15,1324.8
2024-11-28,14:30,1321.2
2024-11-28,14:45,1219.2
2024-11-28,15:00,1298.4
2024-11-28,15:15,1525.2
2024-11-28,15:30,1420.8
2024-11-28,15:45,1675.2
2024-11-28,16:00,1600.8
2024-11-28,16:15,1588.8
2024-11-28,16:30,1612.8
2024-11-28,16:45,1696.8
2024-11-28,17:00,1712.4
2024-11-28,17:15,1717.2
2024-11-28,17:30,1730.4
2024-11-28,17:45,1629.6
2024-11-28,18:00,1726.8
2024-11-28,18:15,1605.6
2024-11-28,18:30,1675.2
2024-11-28,18:45,1696.8
2024-11-28,19:00,1758
2024-11-28,19:15,1598.4
2024-11-28,19:30,1798.8
2024-11-28,19:45,1843.2
2024-11-28,20:00,1590
2024-11-28,20:15,1576.8
2024-11-28,20:30,1731.6
2024-11-28,20:45,1837.2
2024-11-28,21:00,1742.4
2024-11-28,21:15,1586.4
2024-11-28,21:30,1778.4
2024-11-28,21:45,1660.8
2024-11-28,22:00,4704
2024-11-28,22:15,4946.4
2024-11-28,22:30,4544.4
2024-11-28,22:45,4730.4
2024-11-28,23:00,4833.6
2024-11-28,23:15,2523.6
2024-11-28,23:30,4594.8
2024-11-28,23:45,4777.2
2024-11-29,00:00,4200
2024-11-29,00:15,4116
2024-11-29,00:30,4771.2
2024-11-29,00:45,4785.6
2024-11-29,01:00,4804.8
2024-11-29,01:15,4674
2024-11-29,01:30,2917.2
2024-11-29,01:45,3756
2024-11-29,02:00,3952.8
2024-11-29,02:15,3879.6
2024-11-29,02:30,1872
2024-11-29,02:45,3811.2
2024-11-29,03:00,4118.4
2024-11-29,03:15,3682.8
2024-11-29,03:30,1988.4
2024-11-29,03:45,3828
2024-11-29,04:00,3879.6
2024-11-29,04:15,3811.2
2024-11-29,04:30,2931.6
2024-11-29,04:45,4015.2
2024-11-29,05:00,3676.8
2024-11-29,05:15,3826.8
2024-11-29,05:30,3820.8
2024-11-29,05:45,2949.6
2024-11-29,06:00,3754.8
2024-11-29,06:15,4137.6
2024-11-29,06:30,3884.4
2024-11-29,06:45,2757.6
2024-11-29,07:00,3577.2
2024-11-29,07:15,3938.4
2024-11-29,07:30,3681.6
2024-11-29,07:45,3080.4
2024-11-29,08:00,1690.8
2024-11-29,08:15,1662
2024-11-29,08:30,1384.8
2024-11-29,08:45,1317.6
2024-11-29,09:00,1158
2024-11-29,09:15,1336.8
2024-11-29,09:30,1244.4
2024-11-29,09:45,1170
2024-11-29,10:00,1237.2
2024-11-29,10:15,1130.4
2024-11-29,10:30,1033.2
2024-11-29,10:45,966
2024-11-29,11:00,921.6
2024-11-29,11:15,835.2
2024-11-29,11:30,1018.8
2024-11-29,11:45,865.2
2024-11-29,12:00,868.8
2024-11-29,12:15,956.4
2024-11-29,12:30,895.2
2024-11-29,12:45,975.6
2024-11-29,13:00,897.6
2024-11-29,13:15,985.2
2024-11-29,13:30,992.4
2024-11-29,13:45,1017.6
2024-11-29,14:00,991.2
2024-11-29,14:15,1244.4
2024-11-29,14:30,1092
2024-11-29,14:45,1158
2024-11-29,15:00,1342.8
2024-11-29,15:15,1429.2
2024-11-29,15:30,1342.8
2024-11-29,15:45,1606.8
2024-11-29,16:00,1527.6
2024-11-29,16:15,1616.4
2024-11-29,16:30,1515.6
2024-11-29,16:45,1579.2
2024-11-29,17:00,1762.8
2024-11-29,17:15,1710
2024-11-29,17:30,1524
2024-11-29,17:45,1618.8
2024-11-29,18:00,1593.6
2024-11-29,18:15,1651.2
2024-11-29,18:30,1561.2
2024-11-29,18:45,2041.2
2024-11-29,19:00,1497.6
2024-11-29,19:15,1611.6
2024-11-29,19:30,1807.2
2024-11-29,19:45,1771.2
2024-11-29,20:00,1785.6
2024-11-29,20:15,1863.6
2024-11-29,20:30,1728
2024-11-29,20:45,1834.8
2024-11-29,21:00,1664.4
2024-11-29,21:15,1722
2024-11-29,21:30,2278.8
2024-11-29,21:45,2584.8
2024-11-29,22:00,4041.6
2024-11-29,22:15,4864.8
2024-11-29,22:30,3976.8
2024-11-29,22:45,3752.4
2024-11-29,23:00,3984
2024-11-29,23:15,3960
2024-11-29,23:30,4719.6
2024-11-29,23:45,4531.2
2024-11-30,00:00,4732.8
2024-11-30,00:15,3757.2
2024-11-30,00:30,4527.6
2024-11-30,00:45,4615.2
2024-11-30,01:00,3810
2024-11-30,01:15,4624.8
2024-11-30,01:30,3654
2024-11-30,01:45,4623.6
2024-11-30,02:00,2874
2024-11-30,02:15,4584
2024-11-30,02:30,3789.6
2024-11-30,02:45,4802.4
2024-11-30,03:00,3750
2024-11-30,03:15,4730.4
2024-11-30,03:30,3648
2024-11-30,03:45,4926
2024-11-30,04:00,4741.2
2024-11-30,04:15,3860.4
2024-11-30,04:30,3814.8
2024-11-30,04:45,4942.8
2024-11-30,05:00,4672.8
2024-11-30,05:15,3586.8
2024-11-30,05:30,3930
2024-11-30,05:45,3694.8
2024-11-30,06:00,4490.4
2024-11-30,06:15,4035.6
2024-11-30,06:30,4435.2
2024-11-30,06:45,3789.6
2024-11-30,07:00,4779.6
2024-11-30,07:15,4821.6
2024-11-30,07:30,2896.8
2024-11-30,07:45,2906.4
2024-11-30,08:00,1704
2024-11-30,08:15,1606.8
2024-11-30,08:30,1705.2
2024-11-30,08:45,1518
2024-11-30,09:00,1345.2
2024-11-30,09:15,1503.6
2024-11-30,09:30,1242
2024-11-30,09:45,1173.6
2024-11-30,10:00,1341.6
2024-11-30,10:15,1252.8
2024-11-30,10:30,1210.8
2024-11-30,10:45,1036.8
2024-11-30,11:00,1212
2024-11-30,11:15,1006.8
2024-11-30,11:30,1039.2
2024-11-30,11:45,956.4
2024-11-30,12:00,892.8
2024-11-30,12:15,870
2024-11-30,12:30,961.2
2024-11-30,12:45,963.6
2024-11-30,13:00,964.8
2024-11-30,13:15,1028.4
2024-11-30,13:30,1220.4
2024-11-30,13:45,1008
2024-11-30,14:00,1147.2
2024-11-30,14:15,1160.4
2024-11-30,14:30,1267.2
2024-11-30,14:45,1210.8
2024-11-30,15:00,1322.4
2024-11-30,15:15,1478.4
2024-11-30,15:30,1515.6
2024-11-30,15:45,1615.2
2024-11-30,16:00,1530
2024-11-30,16:15,1658.4
2024-11-30,16:30,1521.6
2024-11-30,16:45,1699.2
2024-11-30,17:00,1664.4
2024-11-30,17:15,1825.2
2024-11-30,17:30,1590
2024-11-30,17:45,1777.2
2024-11-30,18:00,1566
2024-11-30,18:15,1848
2024-11-30,18:30,1726.8
2024-11-30,18:45,1833.6
2024-11-30,19:00,1494
2024-11-30,19:15,1783.2
2024-11-30,19:30,1737.6
2024-11-30,19:45,1766.4
2024-11-30,20:00,1644
2024-11-30,20:15,1779.6
2024-11-30,20:30,1584
2024-11-30,20:45,1873.2
2024-11-30,21:00,1742.4
2024-11-30,21:15,1698
2024-11-30,21:30,2378.4
2024-11-30,21:45,2575.2
2024-11-30,22:00,3835.2
2024-11-30,22:15,4543.2
2024-11-30,22:30,3740.4
2024-11-30,22:45,4592.4
2024-11-30,23:00,3492
2024-11-30,23:15,3604.8
2024-11-30,23:30,4660.8
2024-11-30,23:45,4580.4
2024-12-01,00:00,4545.6
2024-12-01,00:15,3604.8
2024-12-01,00:30,4593.6
2024-12-01,00:45,4498.8
2024-12-01,01:00,4723.2
2024-12-01,01:15,2919.6
2024-12-01,01:30,3458.4
2024-12-01,01:45,4452
2024-12-01,02:00,4642.8
2024-12-01,02:15,2923.2
2024-12-01,02:30,4548
2024-12-01,02:45,4444.8
2024-12-01,03:00,4833.6
2024-12-01,03:15,4764
2024-12-01,03:30,4380
2024-12-01,03:45,4084.8
2024-12-01,04:00,4501.2
2024-12-01,04:15,4647.6
2024-12-01,04:30,3786
2024-12-01,04:45,3892.8
2024-12-01,05:00,4614
2024-12-01,05:15,4603.2
2024-12-01,05:30,2806.8
2024-12-01,05:45,3542.4
2024-12-01,06:00,4891.2
2024-12-01,06:15,4725.6
2024-12-01,06:30,3762
2024-12-01,06:45,3711.6
2024-12-01,07:00,4659.6
2024-12-01,07:15,4705.2
2024-12-01,07:30,4735.2
2024-12-01,07:45,2707.2
2024-12-01,08:00,2054.4
2024-12-01,08:15,1750.8
2024-12-01,08:30,1407.6
2024-12-01,08:45,1486.8
2024-12-01,09:00,1249.2
2024-12-01,09:15,1389.6
2024-12-01,09:30,1210.8
2024-12-01,09:45,1270.8
2024-12-01,10:00,1208.4
2024-12-01,10:15,1042.8
2024-12-01,10:30,1095.6
2024-12-01,10:45,1038
2024-12-01,11:00,892.8
2024-12-01,11:15,1093.2
2024-12-01,11:30,910.8
2024-12-01,11:45,913.2
2024-12-01,12:00,1048.8
2024-12-01,12:15,920.4
2024-12-01,12:30,937.2
2024-12-01,12:45,844.8
2024-12-01,13:00,975.6
2024-12-01,13:15,944.4
2024-12-01,13:30,987.6
2024-12-01,13:45,952.8
2024-12-01,14:00,1123.2
2024-12-01,14:15,1052.4
2024-12-01,14:30,1081.2
2024-12-01,14:45,1296
2024-12-01,15:00,1220.4
2024-12-01,15:15,1280.4
2024-12-01,15:30,1387.2
2024-12-01,15:45,1563.6
2024-12-01,16:00,1670.4
2024-12-01,16:15,1420.8
2024-12-01,16:30,1570.8
2024-12-01,16:45,1593.6
2024-12-01,17:00,1695.6
2024-12-01,17:15,1508.4
2024-12-01,17:30,1590
2024-12-01,17:45,1358.4
2024-12-01,18:00,1383.6
2024-12-01,18:15,1552.8
2024-12-01,18:30,1507.2
2024-12-01,18:45,1488
2024-12-01,19:00,1611.6
2024-12-01,19:15,1545.6
2024-12-01,19:30,1408.8
2024-12-01,19:45,1490.4
2024-12-01,20:00,1851.6
2024-12-01,20:15,1629.6
2024-12-01,20:30,1728
2024-12-01,20:45,1705.2
2024-12-01,21:00,1569.6
2024-12-01,21:15,1508.4
2024-12-01,21:30,1459.2
2024-12-01,21:45,1604.4
2024-12-01,22:00,1395.6
2024-12-01,22:15,1459.2
2024-12-01,22:30,1629.6
2024-12-01,22:45,1636.8
2024-12-01,23:00,3956.4
2024-12-01,23:15,4501.2
2024-12-01,23:30,4527.6
2024-12-01,23:45,4527.6
2024-12-02,00:00,4591.2
2024-12-02,00:15,3549.6
2024-12-02,00:30,4662
2024-12-02,00:45,4665.6
2024-12-02,01:00,4719.6
2024-12-02,01:15,3619.2
2024-12-02,01:30,4168.8
2024-12-02,01:45,4532.4
2024-12-02,02:00,4471.2
2024-12-02,02:15,4674
2024-12-02,02:30,2680.8
2024-12-02,02:45,4605.6
2024-12-02,03:00,4696.8
2024-12-02,03:15,4722
2024-12-02,03:30,2656.8
2024-12-02,03:45,3724.8
2024-12-02,04:00,4338
2024-12-02,04:15,4668
2024-12-02,04:30,4694.4
2024-12-02,04:45,4216.8
2024-12-02,05:00,3594
2024-12-02,05:15,4705.2
2024-12-02,05:30,4815.6
2024-12-02,05:45,3046.8
2024-12-02,06:00,4755.6
2024-12-02,06:15,4706.4
2024-12-02,06:30,4852.8
2024-12-02,06:45,3643.2
2024-12-02,07:00,4438.8
2024-12-02,07:15,4291.2
2024-12-02,07:30,4726.8
2024-12-02,07:45,4689.6
2024-12-02,08:00,2613.6
2024-12-02,08:15,4334.4
2024-12-02,08:30,4598.4
2024-12-02,08:45,4342.8
2024-12-02,09:00,2528.4
2024-12-02,09:15,1599.6
2024-12-02,09:30,1156.8
2024-12-02,09:45,1174.8
2024-12-02,10:00,1274.4
2024-12-02,10:15,1429.2
2024-12-02,10:30,1084.8
2024-12-02,10:45,1122
2024-12-02,11:00,934.8
2024-12-02,11:15,1003.2
2024-12-02,11:30,1186.8
2024-12-02,11:45,898.8
2024-12-02,12:00,1058.4
2024-12-02,12:15,868.8
2024-12-02,12:30,1080
2024-12-02,12:45,928.8
2024-12-02,13:00,878.4
2024-12-02,13:15,984
2024-12-02,13:30,938.4
2024-12-02,13:45,1096.8
2024-12-02,14:00,949.2
2024-12-02,14:15,1236
2024-12-02,14:30,1154.4
2024-12-02,14:45,1252.8
2024-12-02,15:00,1210.8
2024-12-02,15:15,1524
2024-12-02,15:30,1435.2
2024-12-02,15:45,1509.6
2024-12-02,16:00,1462.8
2024-12-02,16:15,1646.4
2024-12-02,16:30,1530
2024-12-02,16:45,1596
2024-12-02,17:00,1522.8
2024-12-02,17:15,1779.6
2024-12-02,17:30,1561.2
2024-12-02,17:45,1502.4
2024-12-02,18:00,1492.8
2024-12-02,18:15,1552.8
2024-12-02,18:30,1407.6
2024-12-02,18:45,1634.4
2024-12-02,19:00,1573.2
2024-12-02,19:15,1549.2
2024-12-02,19:30,1609.2
2024-12-02,19:45,1723.2
2024-12-02,20:00,1410
2024-12-02,20:15,1527.6
2024-12-02,20:30,1614
2024-12-02,20:45,1617.6
2024-12-02,21:00,1615.2
2024-12-02,21:15,1521.6
2024-12-02,21:30,1683.6
2024-12-02,21:45,1464
2024-12-02,22:00,1650
2024-12-02,22:15,1506
2024-12-02,22:30,1472.4
2024-12-02,22:45,1507.2
2024-12-02,23:00,4174.8
2024-12-02,23:15,4549.2
2024-12-02,23:30,4471.2
2024-12-02,23:45,4722
2024-12-03,00:00,4567.2
2024-12-03,00:15,3682.8
2024-12-03,00:30,4454.4
2024-12-03,00:45,4659.6
2024-12-03,01:00,4780.8
2024-12-03,01:15,1779.6
2024-12-03,01:30,4448.4
2024-12-03,01:45,4516.8
2024-12-03,02:00,4711.2
2024-12-03,02:15,3673.2
2024-12-03,02:30,4316.4
2024-12-03,02:45,4646.4
2024-12-03,03:00,4585.2
2024-12-03,03:15,4710
2024-12-03,03:30,3632.4
2024-12-03,03:45,4650
2024-12-03,04:00,4740
2024-12-03,04:15,4194
2024-12-03,04:30,3663.6
2024-12-03,04:45,4900.8
2024-12-03,05:00,4737.6
2024-12-03,05:15,4038
2024-12-03,05:30,3712.8
2024-12-03,05:45,4400.4
2024-12-03,06:00,4731.6
2024-12-03,06:15,4740
2024-12-03,06:30,4959.6
2024-12-03,06:45,3448.8
2024-12-03,07:00,4779.6
2024-12-03,07:15,4644
2024-12-03,07:30,3372
2024-12-03,07:45,3765.6
2024-12-03,08:00,4788
2024-12-03,08:15,4592.4
2024-12-03,08:30,4760.4
2024-12-03,08:45,2774.4
2024-12-03,09:00,1767.6
2024-12-03,09:15,1812
2024-12-03,09:30,1636.8
2024-12-03,09:45,1576.8
2024-12-03,10:00,1468.8
2024-12-03,10:15,1816.8
2024-12-03,10:30,1204.8
2024-12-03,10:45,1471.2
2024-12-03,11:00,1108.8
2024-12-03,11:15,1332
2024-12-03,11:30,1033.2
2024-12-03,11:45,963.6
2024-12-03,12:00,1293.6
2024-12-03,12:15,1017.6
2024-12-03,12:30,1065.6
2024-12-03,12:45,1294.8
2024-12-03,13:00,914.4
2024-12-03,13:15,1026
2024-12-03,13:30,1154.4
2024-12-03,13:45,1178.4
2024-12-03,14:00,1180.8
2024-12-03,14:15,1275.6
2024-12-03,14:30,1285.2
2024-12-03,14:45,1318.8
2024-12-03,15:00,1533.6
2024-12-03,15:15,1483.2
2024-12-03,15:30,1647.6
2024-12-03,15:45,1712.4
2024-12-03,16:00,1687.2
2024-12-03,16:15,1570.8
2024-12-03,16:30,1770
2024-12-03,16:45,1651.2
2024-12-03,17:00,1585.2
2024-12-03,17:15,1482
2024-12-03,17:30,1552.8
2024-12-03,17:45,1410
2024-12-03,18:00,1490.4
2024-12-03,18:15,1800
2024-12-03,18:30,1371.6
2024-12-03,18:45,1413.6
2024-12-03,19:00,1430.4
2024-12-03,19:15,1506
2024-12-03,19:30,1408.8
2024-12-03,19:45,1522.8
2024-12-03,20:00,1597.2
2024-12-03,20:15,1522.8
2024-12-03,20:30,1514.4
2024-12-03,20:45,1711.2
2024-12-03,21:00,1684.8
2024-12-03,21:15,1383.6
2024-12-03,21:30,1562.4
2024-12-03,21:45,1537.2
2024-12-03,22:00,1593.6
2024-12-03,22:15,1586.4
2024-12-03,22:30,1648.8
2024-12-03,22:45,1311.6
2024-12-03,23:00,4261.2
2024-12-03,23:15,4630.8
2024-12-03,23:30,4430.4
2024-12-03,23:45,4572
2024-12-04,00:00,4564.8
2024-12-04,00:15,3879.6
2024-12-04,00:30,4436.4
2024-12-04,00:45,4531.2
2024-12-04,01:00,4510.8
2024-12-04,01:15,2700
2024-12-04,01:30,4224
2024-12-04,01:45,4792.8
2024-12-04,02:00,4513.2
2024-12-04,02:15,4599.6
2024-12-04,02:30,4094.4
2024-12-04,02:45,4418.4
2024-12-04,03:00,4508.4
2024-12-04,03:15,3862.8
2024-12-04,03:30,2972.4
2024-12-04,03:45,4621.2
2024-12-04,04:00,4483.2
2024-12-04,04:15,4690.8
2024-12-04,04:30,2815.2
2024-12-04,04:45,4410
2024-12-04,05:00,4790.4
2024-12-04,05:15,4642.8
2024-12-04,05:30,3693.6
2024-12-04,05:45,3169.2
2024-12-04,06:00,4452
2024-12-04,06:15,4579.2
2024-12-04,06:30,3994.8
2024-12-04,06:45,3877.2
2024-12-04,07:00,4161.6
2024-12-04,07:15,4554
2024-12-04,07:30,3778.8
2024-12-04,07:45,4717.2
2024-12-04,08:00,4598.4
2024-12-04,08:15,4662
2024-12-04,08:30,3870
2024-12-04,08:45,1939.2
2024-12-04,09:00,1408.8
2024-12-04,09:15,1491.6
2024-12-04,09:30,1628.4
2024-12-04,09:45,1532.4
2024-12-04,10:00,1524
2024-12-04,10:15,1648.8
2024-12-04,10:30,1426.8
2024-12-04,10:45,1538.4
2024-12-04,11:00,1426.8
2024-12-04,11:15,1404
2024-12-04,11:30,1269.6
2024-12-04,11:45,1227.6
2024-12-04,12:00,1347.6
2024-12-04,12:15,1512
2024-12-04,12:30,1378.8
2024-12-04,12:45,1377.6
2024-12-04,13:00,1386
2024-12-04,13:15,1407.6
2024-12-04,13:30,1436.4
2024-12-04,13:45,1581.6
2024-12-04,14:00,1459.2
2024-12-04,14:15,1478.4
2024-12-04,14:30,1467.6
2024-12-04,14:45,1318.8
2024-12-04,15:00,1440
2024-12-04,15:15,1426.8
2024-12-04,15:30,1460.4
2024-12-04,15:45,1316.4
2024-12-04,16:00,1478.4
2024-12-04,16:15,1380
2024-12-04,16:30,1452
2024-12-04,16:45,1460.4
2024-12-04,17:00,1411.2
2024-12-04,17:15,1600.8
2024-12-04,17:30,1420.8
2024-12-04,17:45,1386
2024-12-04,18:00,1532.4
2024-12-04,18:15,1323.6
2024-12-04,18:30,1395.6
2024-12-04,18:45,1504.8
2024-12-04,19:00,1342.8
2024-12-04,19:15,1474.8
2024-12-04,19:30,1489.2
2024-12-04,19:45,1455.6
2024-12-04,20:00,1554
2024-12-04,20:15,1408.8
2024-12-04,20:30,1657.2
2024-12-04,20:45,1472.4
2024-12-04,21:00,1532.4
2024-12-04,21:15,1477.2
2024-12-04,21:30,1616.4
2024-12-04,21:45,1330.8
2024-12-04,22:00,1473.6
2024-12-04,22:15,1491.6
2024-12-04,22:30,1881.6
2024-12-04,22:45,2396.4
2024-12-04,23:00,3986.4
2024-12-04,23:15,4327.2
2024-12-04,23:30,3501.6
2024-12-04,23:45,4249.2
2024-12-05,00:00,2707.2
2024-12-05,00:15,3651.6
2024-12-05,00:30,4422
2024-12-05,00:45,4536
2024-12-05,01:00,3367.2
2024-12-05,01:15,4419.6
2024-12-05,01:30,4413.6
2024-12-05,01:45,4555.2
2024-12-05,02:00,4508.4
2024-12-05,02:15,2774.4
2024-12-05,02:30,3571.2
2024-12-05,02:45,4219.2
2024-12-05,03:00,4376.4
2024-12-05,03:15,4707.6
2024-12-05,03:30,4172.4
2024-12-05,03:45,4494
2024-12-05,04:00,4386
2024-12-05,04:15,4596
2024-12-05,04:30,2779.2
2024-12-05,04:45,3517.2
2024-12-05,05:00,4687.2
2024-12-05,05:15,4410
2024-12-05,05:30,3565.2
2024-12-05,05:45,4381.2
2024-12-05,06:00,4558.8
2024-12-05,06:15,4524
2024-12-05,06:30,3687.6
2024-12-05,06:45,3780
2024-12-05,07:00,4615.2
2024-12-05,07:15,4606.8
2024-12-05,07:30,4279.2
2024-12-05,07:45,3387.6
2024-12-05,08:00,4621.2
2024-12-05,08:15,4632
2024-12-05,08:30,4042.8
2024-12-05,08:45,2602.8
2024-12-05,09:00,1760.4
2024-12-05,09:15,1711.2
2024-12-05,09:30,1557.6
2024-12-05,09:45,1494
2024-12-05,10:00,1723.2
2024-12-05,10:15,1521.6
2024-12-05,10:30,1501.2
2024-12-05,10:45,1394.4
2024-12-05,11:00,1520.4
2024-12-05,11:15,1320
2024-12-05,11:30,1281.6
2024-12-05,11:45,1236
2024-12-05,12:00,1404
2024-12-05,12:15,1300.8
2024-12-05,12:30,1203.6
2024-12-05,12:45,1389.6
2024-12-05,13:00,1250.4
2024-12-05,13:15,1272
2024-12-05,13:30,1356
2024-12-05,13:45,1377.6
2024-12-05,14:00,1356
2024-12-05,14:15,1460.4
2024-12-05,14:30,1389.6
2024-12-05,14:45,1280.4
2024-12-05,15:00,1482
2024-12-05,15:15,1357.2
2024-12-05,15:30,1447.2
2024-12-05,15:45,1310.4
2024-12-05,16:00,1334.4
2024-12-05,16:15,1238.4
2024-12-05,16:30,1200
2024-12-05,16:45,1269.6
2024-12-05,17:00,1311.6
2024-12-05,17:15,1416
2024-12-05,17:30,1215.6
2024-12-05,17:45,1443.6
2024-12-05,18:00,1140
2024-12-05,18:15,1201.2
2024-12-05,18:30,1161.6
2024-12-05,18:45,1202.4
2024-12-05,19:00,1118.4
2024-12-05,19:15,1116
2024-12-05,19:30,1203.6
2024-12-05,19:45,1132.8
2024-12-05,20:00,1078.8
2024-12-05,20:15,1140
2024-12-05,20:30,1260
2024-12-05,20:45,1144.8
2024-12-05,21:00,1207.2
2024-12-05,21:15,1210.8
2024-12-05,21:30,1134
2024-12-05,21:45,1063.2
2024-12-05,22:00,1261.2
2024-12-05,22:15,1102.8
2024-12-05,22:30,1158
2024-12-05,22:45,1117.2
2024-12-05,23:00,3951.6
2024-12-05,23:15,3840
2024-12-05,23:30,4136.4
2024-12-05,23:45,4311.6
2024-12-06,00:00,3297.6
2024-12-06,00:15,3186
2024-12-06,00:30,4186.8
2024-12-06,00:45,4346.4
2024-12-06,01:00,4168.8
2024-12-06,01:15,1702.8
2024-12-06,01:30,4275.6
2024-12-06,01:45,4074
2024-12-06,02:00,4149.6
2024-12-06,02:15,2409.6
2024-12-06,02:30,3649.2
2024-12-06,02:45,4083.6
2024-12-06,03:00,4274.4
2024-12-06,03:15,4285.2
2024-12-06,03:30,1315.2
2024-12-06,03:45,3703.2
2024-12-06,04:00,4338
2024-12-06,04:15,4173.6
2024-12-06,04:30,3411.6
2024-12-06,04:45,3099.6
2024-12-06,05:00,4368
2024-12-06,05:15,4188
2024-12-06,05:30,4348.8
2024-12-06,05:45,3507.6
2024-12-06,06:00,3426
2024-12-06,06:15,4066.8
2024-12-06,06:30,4411.2
2024-12-06,06:45,3324
2024-12-06,07:00,2407.2
2024-12-06,07:15,4219.2
2024-12-06,07:30,4424.4
2024-12-06,07:45,4171.2
2024-12-06,08:00,3505.2
2024-12-06,08:15,4222.8
2024-12-06,08:30,4197.6
2024-12-06,08:45,4063.2
2024-12-06,09:00,2493.6
2024-12-06,09:15,1035.6
2024-12-06,09:30,786
2024-12-06,09:45,808.8
2024-12-06,10:00,907.2
2024-12-06,10:15,674.4
2024-12-06,10:30,860.4
2024-12-06,10:45,1034.4
2024-12-06,11:00,1045.2
2024-12-06,11:15,1022.4
2024-12-06,11:30,735.6
2024-12-06,11:45,1100.4
2024-12-06,12:00,392.4
2024-12-06,12:15,914.4
2024-12-06,12:30,547.2
2024-12-06,12:45,723.6
2024-12-06,13:00,457.2
2024-12-06,13:15,706.8
2024-12-06,13:30,579.6
2024-12-06,13:45,625.2
2024-12-06,14:00,458.4
2024-12-06,14:15,722.4
2024-12-06,14:30,712.8
2024-12-06,14:45,800.4
2024-12-06,15:00,838.8
2024-12-06,15:15,951.6
2024-12-06,15:30,889.2
2024-12-06,15:45,1015.2
2024-12-06,16:00,1063.2
2024-12-06,16:15,1094.4
2024-12-06,16:30,1005.6
2024-12-06,16:45,1202.4
2024-12-06,17:00,1050
2024-12-06,17:15,1113.6
2024-12-06,17:30,1000.8
2024-12-06,17:45,1196.4
2024-12-06,18:00,1057.2
2024-12-06,18:15,1048.8
2024-12-06,18:30,1146
2024-12-06,18:45,1141.2
2024-12-06,19:00,939.6
2024-12-06,19:15,1058.4
2024-12-06,19:30,962.4
2024-12-06,19:45,1122
2024-12-06,20:00,1027.2
2024-12-06,20:15,1046.4
2024-12-06,20:30,1023.6
2024-12-06,20:45,1021.2
2024-12-06,21:00,1120.8
2024-12-06,21:15,1016.4
2024-12-06,21:30,1034.4
2024-12-06,21:45,1087.2
2024-12-06,22:00,1201.2
2024-12-06,22:15,1068
2024-12-06,22:30,1178.4
2024-12-06,22:45,1105.2
2024-12-06,23:00,3956.4
2024-12-06,23:15,4000.8
2024-12-06,23:30,4083.6
2024-12-06,23:45,4173.6
2024-12-07,00:00,4050
2024-12-07,00:15,2618.4
2024-12-07,00:30,4036.8
2024-12-07,00:45,4130.4
2024-12-07,01:00,4063.2
2024-12-07,01:15,2350.8
2024-12-07,01:30,4010.4
2024-12-07,01:45,4060.8
2024-12-07,02:00,4017.6
2024-12-07,02:15,4113.6
2024-12-07,02:30,2569.2
2024-12-07,02:45,4099.2
2024-12-07,03:00,4189.2
2024-12-07,03:15,4108.8
2024-12-07,03:30,3229.2
2024-12-07,03:45,4008
2024-12-07,04:00,4278
2024-12-07,04:15,4197.6
2024-12-07,04:30,1502.4
2024-12-07,04:45,4490.4
2024-12-07,05:00,4192.8
2024-12-07,05:15,4294.8
2024-12-07,05:30,1752
2024-12-07,05:45,4156.8
2024-12-07,06:00,4245.6
2024-12-07,06:15,4159.2
2024-12-07,06:30,3475.2
2024-12-07,06:45,3296.4
2024-12-07,07:00,4371.6
2024-12-07,07:15,4281.6
2024-12-07,07:30,3464.4
2024-12-07,07:45,2236.8
2024-12-07,08:00,4333.2
2024-12-07,08:15,4207.2
2024-12-07,08:30,3081.6
2024-12-07,08:45,1111.2
2024-12-07,09:00,1234.8
2024-12-07,09:15,973.2
2024-12-07,09:30,885.6
2024-12-07,09:45,1094.4
2024-12-07,10:00,1134
2024-12-07,10:15,1128
2024-12-07,10:30,1209.6
2024-12-07,10:45,1110
2024-12-07,11:00,1155.6
2024-12-07,11:15,1389.6
2024-12-07,11:30,1446
2024-12-07,11:45,1450.8
2024-12-07,12:00,1274.4
2024-12-07,12:15,1435.2
2024-12-07,12:30,1305.6
2024-12-07,12:45,1485.6
2024-12-07,13:00,1389.6
2024-12-07,13:15,1400.4
2024-12-07,13:30,1182
2024-12-07,13:45,1321.2
2024-12-07,14:00,1196.4
2024-12-07,14:15,1425.6
2024-12-07,14:30,1704
2024-12-07,14:45,1912.8
2024-12-07,15:00,1788
2024-12-07,15:15,1857.6
2024-12-07,15:30,1798.8
2024-12-07,15:45,2034
2024-12-07,16:00,1851.6
2024-12-07,16:15,1933.2
2024-12-07,16:30,1923.6
2024-12-07,16:45,1951.2
2024-12-07,17:00,1752
2024-12-07,17:15,1936.8
2024-12-07,17:30,1585.2
2024-12-07,17:45,1848
2024-12-07,18:00,1557.6
2024-12-07,18:15,1627.2
2024-12-07,18:30,1609.2
2024-12-07,18:45,1720.8
2024-12-07,19:00,1816.8
2024-12-07,19:15,1586.4
2024-12-07,19:30,1724.4
2024-12-07,19:45,1609.2
2024-12-07,20:00,1692
2024-12-07,20:15,1504.8
2024-12-07,20:30,1776
2024-12-07,20:45,1515.6
2024-12-07,21:00,1600.8
2024-12-07,21:15,1514.4
2024-12-07,21:30,1692
2024-12-07,21:45,1413.6
2024-12-07,22:00,1516.8
2024-12-07,22:15,1732.8
2024-12-07,22:30,1462.8
2024-12-07,22:45,1552.8
2024-12-07,23:00,3314.4
2024-12-07,23:15,4696.8
2024-12-07,23:30,4557.6
2024-12-07,23:45,4627.2
2024-12-08,00:00,4768.8
2024-12-08,00:15,2184
2024-12-08,00:30,4627.2
2024-12-08,00:45,4760.4
2024-12-08,01:00,4712.4
2024-12-08,01:15,1788
2024-12-08,01:30,4782
2024-12-08,01:45,4760.4
2024-12-08,02:00,4742.4
2024-12-08,02:15,4636.8
2024-12-08,02:30,2474.4
2024-12-08,02:45,4582.8
2024-12-08,03:00,4708.8
2024-12-08,03:15,4755.6
2024-12-08,03:30,3781.2
2024-12-08,03:45,4087.2
2024-12-08,04:00,4652.4
2024-12-08,04:15,4765.2
2024-12-08,04:30,4581.6
2024-12-08,04:45,2876.4
2024-12-08,05:00,4772.4
2024-12-08,05:15,4653.6
2024-12-08,05:30,4683.6
2024-12-08,05:45,4826.4
2024-12-08,06:00,3050.4
2024-12-08,06:15,4749.6
2024-12-08,06:30,4764
2024-12-08,06:45,4282.8
2024-12-08,07:00,2962.8
2024-12-08,07:15,4666.8
2024-12-08,07:30,4753.2
2024-12-08,07:45,4786.8
2024-12-08,08:00,3980.4
2024-12-08,08:15,4572
2024-12-08,08:30,4647.6
2024-12-08,08:45,3640.8
2024-12-08,09:00,3468
2024-12-08,09:15,1389.6
2024-12-08,09:30,1257.6
2024-12-08,09:45,1330.8
2024-12-08,10:00,1365.6
2024-12-08,10:15,1168.8
2024-12-08,10:30,1236
2024-12-08,10:45,1197.6
2024-12-08,11:00,957.6
2024-12-08,11:15,795.6
2024-12-08,11:30,945.6
2024-12-08,11:45,952.8
2024-12-08,12:00,1015.2
2024-12-08,12:15,931.2
2024-12-08,12:30,1118.4
2024-12-08,12:45,1036.8
2024-12-08,13:00,874.8
2024-12-08,13:15,1096.8
2024-12-08,13:30,1086
2024-12-08,13:45,1029.6
2024-12-08,14:00,1164
2024-12-08,14:15,1173.6
2024-12-08,14:30,1075.2
2024-12-08,14:45,1267.2
2024-12-08,15:00,1435.2
2024-12-08,15:15,1363.2
2024-12-08,15:30,1384.8
2024-12-08,15:45,1586.4
2024-12-08,16:00,1602
2024-12-08,16:15,1624.8
2024-12-08,16:30,1614
2024-12-08,16:45,1692
2024-12-08,17:00,1618.8
2024-12-08,17:15,1578
2024-12-08,17:30,1761.6
2024-12-08,17:45,1575.6
2024-12-08,18:00,1615.2
2024-12-08,18:15,1585.2
2024-12-08,18:30,1566
2024-12-08,18:45,1802.4
2024-12-08,19:00,1531.2
2024-12-08,19:15,1584
2024-12-08,19:30,1586.4
2024-12-08,19:45,1830
2024-12-08,20:00,1688.4
2024-12-08,20:15,1605.6
2024-12-08,20:30,1708.8
2024-12-08,20:45,1750.8
2024-12-08,21:00,1678.8
2024-12-08,21:15,1597.2
2024-12-08,21:30,1737.6
2024-12-08,21:45,1650
2024-12-08,22:00,1563.6
2024-12-08,22:15,1803.6
2024-12-08,22:30,1650
2024-12-08,22:45,1590
2024-12-08,23:00,4242
2024-12-08,23:15,4485.6
2024-12-08,23:30,4554
2024-12-08,23:45,4598.4
2024-12-09,00:00,3675.6
2024-12-09,00:15,3799.2
2024-12-09,00:30,4605.6
2024-12-09,00:45,4664.4
2024-12-09,01:00,4437.6
2024-12-09,01:15,2196
2024-12-09,01:30,4554
2024-12-09,01:45,4604.4
2024-12-09,02:00,4420.8
2024-12-09,02:15,3774
2024-12-09,02:30,3734.4
2024-12-09,02:45,4498.8
2024-12-09,03:00,4593.6
2024-12-09,03:15,4743.6
2024-12-09,03:30,2707.2
2024-12-09,03:45,4456.8
2024-12-09,04:00,4549.2
2024-12-09,04:15,4623.6
2024-12-09,04:30,3673.2
2024-12-09,04:45,3808.8
2024-12-09,05:00,4651.2
2024-12-09,05:15,4718.4
2024-12-09,05:30,4932
2024-12-09,05:45,3687.6
2024-12-09,06:00,3706.8
2024-12-09,06:15,4738.8
2024-12-09,06:30,4840.8
2024-12-09,06:45,2908.8
2024-12-09,07:00,3844.8
2024-12-09,07:15,4730.4
2024-12-09,07:30,4779.6
2024-12-09,07:45,4684.8
2024-12-09,08:00,4879.2
2024-12-09,08:15,4131.6
2024-12-09,08:30,4830
2024-12-09,08:45,2892
2024-12-09,09:00,2883.6
2024-12-09,09:15,1736.4
2024-12-09,09:30,1900.8
2024-12-09,09:45,1652.4
2024-12-09,10:00,1798.8
2024-12-09,10:15,1711.2
2024-12-09,10:30,1834.8
2024-12-09,10:45,1525.2
2024-12-09,11:00,1449.6
2024-12-09,11:15,1290
2024-12-09,11:30,1478.4
2024-12-09,11:45,1543.2
2024-12-09,12:00,1596
2024-12-09,12:15,1309.2
2024-12-09,12:30,1194
2024-12-09,12:45,1128
2024-12-09,13:00,1568.4
2024-12-09,13:15,1381.2
2024-12-09,13:30,1287.6
2024-12-09,13:45,1444.8
2024-12-09,14:00,1506
2024-12-09,14:15,1395.6
2024-12-09,14:30,1580.4
2024-12-09,14:45,1518
2024-12-09,15:00,1537.2
2024-12-09,15:15,1551.6
2024-12-09,15:30,1872
2024-12-09,15:45,1570.8
2024-12-09,16:00,1615.2
2024-12-09,16:15,1604.4
2024-12-09,16:30,1753.2
2024-12-09,16:45,1569.6
2024-12-09,17:00,1717.2
2024-12-09,17:15,1772.4
2024-12-09,17:30,1827.6
2024-12-09,17:45,1621.2
2024-12-09,18:00,1734
2024-12-09,18:15,1658.4
2024-12-09,18:30,1646.4
2024-12-09,18:45,1543.2
2024-12-09,19:00,1670.4
2024-12-09,19:15,1498.8
2024-12-09,19:30,1732.8
2024-12-09,19:45,1693.2
2024-12-09,20:00,1597.2
2024-12-09,20:15,1539.6
2024-12-09,20:30,1766.4
2024-12-09,20:45,1568.4
2024-12-09,21:00,1722
2024-12-09,21:15,1608
2024-12-09,21:30,1650
2024-12-09,21:45,1567.2
2024-12-09,22:00,1489.2
2024-12-09,22:15,1580.4
2024-12-09,22:30,1628.4
2024-12-09,22:45,1480.8
2024-12-09,23:00,4183.2
2024-12-09,23:15,4586.4
2024-12-09,23:30,4566
2024-12-09,23:45,4641.6
2024-12-10,00:00,4035.6
2024-12-10,00:15,3408
2024-12-10,00:30,4636.8
2024-12-10,00:45,4776
2024-12-10,01:00,4582.8
2024-12-10,01:15,3000
2024-12-10,01:30,4575.6
2024-12-10,01:45,4615.2
2024-12-10,02:00,4570.8
2024-12-10,02:15,2931.6
2024-12-10,02:30,3582
2024-12-10,02:45,4508.4
2024-12-10,03:00,4492.8
2024-12-10,03:15,3217.2
2024-12-10,03:30,4638
2024-12-10,03:45,4224
2024-12-10,04:00,4812
2024-12-10,04:15,2950.8
2024-12-10,04:30,3734.4
2024-12-10,04:45,4750.8
2024-12-10,05:00,4724.4
2024-12-10,05:15,3806.4
2024-12-10,05:30,2653.2
2024-12-10,05:45,4790.4
2024-12-10,06:00,4869.6
2024-12-10,06:15,4819.2
2024-12-10,06:30,2677.2
2024-12-10,06:45,4719.6
2024-12-10,07:00,4653.6
2024-12-10,07:15,3885.6
2024-12-10,07:30,3043.2
2024-12-10,07:45,4640.4
2024-12-10,08:00,4828.8
2024-12-10,08:15,4092
2024-12-10,08:30,2942.4
2024-12-10,08:45,1989.6
2024-12-10,09:00,2014.8
2024-12-10,09:15,1876.8
2024-12-10,09:30,1767.6
2024-12-10,09:45,1962
2024-12-10,10:00,1946.4
2024-12-10,10:15,1803.6
2024-12-10,10:30,1767.6
2024-12-10,10:45,1806
2024-12-10,11:00,1700.4
2024-12-10,11:15,1779.6
2024-12-10,11:30,1666.8
2024-12-10,11:45,1753.2
2024-12-10,12:00,1654.8
2024-12-10,12:15,1978.8
2024-12-10,12:30,1695.6
2024-12-10,12:45,1704
2024-12-10,13:00,1707.6
2024-12-10,13:15,1813.2
2024-12-10,13:30,1729.2
2024-12-10,13:45,1812
2024-12-10,14:00,1840.8
2024-12-10,14:15,1636.8
2024-12-10,14:30,1671.6
2024-12-10,14:45,1764
2024-12-10,15:00,1722
2024-12-10,15:15,1748.4
2024-12-10,15:30,1884
2024-12-10,15:45,1761.6
2024-12-10,16:00,1822.8
2024-12-10,16:15,1807.2
2024-12-10,16:30,1755.6
2024-12-10,16:45,1663.2
2024-12-10,17:00,1698
2024-12-10,17:15,1879.2
2024-12-10,17:30,1700.4
2024-12-10,17:45,1629.6
2024-12-10,18:00,1742.4
2024-12-10,18:15,1653.6
2024-12-10,18:30,1716
2024-12-10,18:45,1762.8
2024-12-10,19:00,1698
2024-12-10,19:15,1694.4
2024-12-10,19:30,1666.8
2024-12-10,19:45,1971.6
2024-12-10,20:00,1662
2024-12-10,20:15,1682.4
2024-12-10,20:30,1846.8
2024-12-10,20:45,1807.2
2024-12-10,21:00,1686
2024-12-10,21:15,1694.4
2024-12-10,21:30,1668
2024-12-10,21:45,1650
2024-12-10,22:00,1706.4
2024-12-10,22:15,1749.6
2024-12-10,22:30,1552.8
2024-12-10,22:45,1600.8
2024-12-10,23:00,4258.8
2024-12-10,23:15,4569.6
2024-12-10,23:30,4513.2
2024-12-10,23:45,4680
2024-12-11,00:00,4573.2
2024-12-11,00:15,2673.6
2024-12-11,00:30,4597.2
2024-12-11,00:45,4522.8
2024-12-11,01:00,4615.2
2024-12-11,01:15,2770.8
2024-12-11,01:30,4442.4
2024-12-11,01:45,4552.8
2024-12-11,02:00,4472.4
2024-12-11,02:15,4476
2024-12-11,02:30,4364.4
2024-12-11,02:45,4423.2
2024-12-11,03:00,4532.4
2024-12-11,03:15,4524
2024-12-11,03:30,2688
2024-12-11,03:45,4408.8
2024-12-11,04:00,4602
2024-12-11,04:15,4524
2024-12-11,04:30,2989.2
2024-12-11,04:45,3590.4
2024-12-11,05:00,4772.4
2024-12-11,05:15,4480.8
2024-12-11,05:30,3156
2024-12-11,05:45,3782.4
2024-12-11,06:00,4719.6
2024-12-11,06:15,4550.4
2024-12-11,06:30,3643.2
2024-12-11,06:45,3144
2024-12-11,07:00,4724.4
2024-12-11,07:15,4610.4
2024-12-11,07:30,4573.2
2024-12-11,07:45,2443.2
2024-12-11,08:00,4762.8
2024-12-11,08:15,5132.4
2024-12-11,08:30,5007.6
2024-12-11,08:45,4242
2024-12-11,09:00,1982.4
2024-12-11,09:15,2007.6
2024-12-11,09:30,1956
2024-12-11,09:45,2026.8
2024-12-11,10:00,1978.8
2024-12-11,10:15,1737.6
2024-12-11,10:30,1842
2024-12-11,10:45,1760.4
2024-12-11,11:00,1699.2
2024-12-11,11:15,1888.8
2024-12-11,11:30,1687.2
2024-12-11,11:45,1771.2
2024-12-11,12:00,1882.8
2024-12-11,12:15,1963.2
2024-12-11,12:30,1748.4
2024-12-11,12:45,1800
2024-12-11,13:00,1752
2024-12-11,13:15,1879.2
2024-12-11,13:30,1687.2
2024-12-11,13:45,1794
2024-12-11,14:00,1707.6
2024-12-11,14:15,1887.6
2024-12-11,14:30,1660.8
2024-12-11,14:45,1879.2
2024-12-11,15:00,1717.2
2024-12-11,15:15,1773.6
2024-12-11,15:30,1718.4
2024-12-11,15:45,1934.4
2024-12-11,16:00,1742.4
2024-12-11,16:15,1832.4
2024-12-11,16:30,1614
2024-12-11,16:45,1857.6
2024-12-11,17:00,1767.6
2024-12-11,17:15,1810.8
2024-12-11,17:30,1699.2
2024-12-11,17:45,1792.8
2024-12-11,18:00,1552.8
2024-12-11,18:15,1690.8
2024-12-11,18:30,1684.8
2024-12-11,18:45,1662
2024-12-11,19:00,1672.8
2024-12-11,19:15,1669.2
2024-12-11,19:30,1744.8
2024-12-11,19:45,1698
2024-12-11,20:00,1785.6
2024-12-11,20:15,1638
2024-12-11,20:30,1814.4
2024-12-11,20:45,1810.8
2024-12-11,21:00,1717.2
2024-12-11,21:15,1765.2
2024-12-11,21:30,1846.8
2024-12-11,21:45,1748.4
2024-12-11,22:00,2122.8
2024-12-11,22:15,2620.8
2024-12-11,22:30,2712
2024-12-11,22:45,2640
2024-12-11,23:00,3506.4
2024-12-11,23:15,3907.2
2024-12-11,23:30,3906
2024-12-11,23:45,4681.2
2024-12-12,00:00,4574.4
2024-12-12,00:15,3864
2024-12-12,00:30,4564.8
2024-12-12,00:45,4675.2
2024-12-12,01:00,3796.8
2024-12-12,01:15,4845.6
2024-12-12,01:30,3410.4
2024-12-12,01:45,4773.6
2024-12-12,02:00,4620
2024-12-12,02:15,4734
2024-12-12,02:30,2906.4
2024-12-12,02:45,4688.4
2024-12-12,03:00,4654.8
2024-12-12,03:15,3711.6
2024-12-12,03:30,3918
2024-12-12,03:45,4408.8
2024-12-12,04:00,4717.2
2024-12-12,04:15,4730.4
2024-12-12,04:30,4772.4
2024-12-12,04:45,2854.8
2024-12-12,05:00,4594.8
2024-12-12,05:15,4816.8
2024-12-12,05:30,3891.6
2024-12-12,05:45,4099.2
2024-12-12,06:00,4676.4
2024-12-12,06:15,4772.4
2024-12-12,06:30,4863.6
2024-12-12,06:45,3958.8
2024-12-12,07:00,4440
2024-12-12,07:15,3645.6
2024-12-12,07:30,4030.8
2024-12-12,07:45,4801.2
2024-12-12,08:00,3112.8
2024-12-12,08:15,4720.8
2024-12-12,08:30,3997.2
2024-12-12,08:45,3807.6
2024-12-12,09:00,2978.4
2024-12-12,09:15,1804.8
2024-12-12,09:30,1734
2024-12-12,09:45,1789.2
2024-12-12,10:00,1820.4
2024-12-12,10:15,1828.8
2024-12-12,10:30,1720.8
2024-12-12,10:45,1753.2
2024-12-12,11:00,1783.2
2024-12-12,11:15,1780.8
2024-12-12,11:30,1569.6
2024-12-12,11:45,1810.8
2024-12-12,12:00,1586.4
2024-12-12,12:15,1561.2
2024-12-12,12:30,1552.8
2024-12-12,12:45,1513.2
2024-12-12,13:00,1510.8
2024-12-12,13:15,1506
2024-12-12,13:30,1590
2024-12-12,13:45,1278
2024-12-12,14:00,1262.4
2024-12-12,14:15,1693.2
2024-12-12,14:30,1502.4
2024-12-12,14:45,1508.4
2024-12-12,15:00,1503.6
2024-12-12,15:15,1850.4
2024-12-12,15:30,1456.8
2024-12-12,15:45,1574.4
2024-12-12,16:00,1804.8
2024-12-12,16:15,1848
2024-12-12,16:30,1642.8
2024-12-12,16:45,1742.4
2024-12-12,17:00,1756.8
2024-12-12,17:15,1759.2
2024-12-12,17:30,1588.8
2024-12-12,17:45,1714.8
2024-12-12,18:00,1539.6
2024-12-12,18:15,1579.2
2024-12-12,18:30,1659.6
2024-12-12,18:45,1701.6
2024-12-12,19:00,1570.8
2024-12-12,19:15,1731.6
2024-12-12,19:30,1635.6
2024-12-12,19:45,1748.4
2024-12-12,20:00,1695.6
2024-12-12,20:15,1932
2024-12-12,20:30,1693.2
2024-12-12,20:45,1845.6
2024-12-12,21:00,1766.4
2024-12-12,21:15,1731.6
2024-12-12,21:30,1689.6
2024-12-12,21:45,1798.8
2024-12-12,22:00,1932
2024-12-12,22:15,2595.6
2024-12-12,22:30,2428.8
2024-12-12,22:45,2660.4
2024-12-12,23:00,4490.4
2024-12-12,23:15,3698.4
2024-12-12,23:30,4012.8
2024-12-12,23:45,4597.2
2024-12-13,00:00,3890.4
2024-12-13,00:15,3994.8
2024-12-13,00:30,4598.4
2024-12-13,00:45,4546.8
2024-12-13,01:00,4656
2024-12-13,01:15,2802
2024-12-13,01:30,4580.4
2024-12-13,01:45,4666.8
2024-12-13,02:00,4806
2024-12-13,02:15,3908.4
2024-12-13,02:30,4293.6
2024-12-13,02:45,4899.6
2024-12-13,03:00,4722
2024-12-13,03:15,4868.4
2024-12-13,03:30,2965.2
2024-12-13,03:45,4852.8
2024-12-13,04:00,4636.8
2024-12-13,04:15,4722
2024-12-13,04:30,3914.4
2024-12-13,04:45,3948
2024-12-13,05:00,4755.6
2024-12-13,05:15,4928.4
2024-12-13,05:30,3871.2
2024-12-13,05:45,3049.2
2024-12-13,06:00,4704
2024-12-13,06:15,4902
2024-12-13,06:30,4810.8
2024-12-13,06:45,2863.2
2024-12-13,07:00,5023.2
2024-12-13,07:15,4740
2024-12-13,07:30,3964.8
2024-12-13,07:45,3916.8
2024-12-13,08:00,4707.6
2024-12-13,08:15,4742.4
2024-12-13,08:30,4888.8
2024-12-13,08:45,3056.4
2024-12-13,09:00,2293.2
2024-12-13,09:15,1771.2
2024-12-13,09:30,1970.4
2024-12-13,09:45,1802.4
2024-12-13,10:00,1768.8
2024-12-13,10:15,1844.4
2024-12-13,10:30,1735.2
2024-12-13,10:45,1461.6
2024-12-13,11:00,1426.8
2024-12-13,11:15,1759.2
2024-12-13,11:30,1386
2024-12-13,11:45,1314
2024-12-13,12:00,1239.6
2024-12-13,12:15,1478.4
2024-12-13,12:30,1284
2024-12-13,12:45,1276.8
2024-12-13,13:00,1435.2
2024-12-13,13:15,1580.4
2024-12-13,13:30,1284
2024-12-13,13:45,1476
2024-12-13,14:00,1459.2
2024-12-13,14:15,1560
2024-12-13,14:30,1432.8
2024-12-13,14:45,1807.2
2024-12-13,15:00,1636.8
2024-12-13,15:15,1639.2
2024-12-13,15:30,1528.8
2024-12-13,15:45,1696.8
2024-12-13,16:00,1610.4
2024-12-13,16:15,1837.2
2024-12-13,16:30,1693.2
2024-12-13,16:45,1790.4
2024-12-13,17:00,1730.4
2024-12-13,17:15,2112
2024-12-13,17:30,1608
2024-12-13,17:45,1585.2
2024-12-13,18:00,1718.4
2024-12-13,18:15,1774.8
2024-12-13,18:30,1602
2024-12-13,18:45,1582.8
2024-12-13,19:00,1746
2024-12-13,19:15,1648.8
2024-12-13,19:30,1650
2024-12-13,19:45,1704
2024-12-13,20:00,1832.4
2024-12-13,20:15,1730.4
2024-12-13,20:30,1735.2
2024-12-13,20:45,1983.6
2024-12-13,21:00,1650
2024-12-13,21:15,1713.6
2024-12-13,21:30,1629.6
2024-12-13,21:45,1642.8
2024-12-13,22:00,1760.4
2024-12-13,22:15,1500
2024-12-13,22:30,1628.4
2024-12-13,22:45,1489.2
2024-12-13,23:00,4261.2
2024-12-13,23:15,4578
2024-12-13,23:30,4736.4
2024-12-13,23:45,4599.6
2024-12-14,00:00,4935.6
2024-12-14,00:15,3754.8
2024-12-14,00:30,4602
2024-12-14,00:45,4693.2
2024-12-14,01:00,4706.4
2024-12-14,01:15,1762.8
2024-12-14,01:30,4640.4
2024-12-14,01:45,4742.4
2024-12-14,02:00,4602
2024-12-14,02:15,4515.6
2024-12-14,02:30,4191.6
2024-12-14,02:45,4650
2024-12-14,03:00,4652.4
2024-12-14,03:15,3766.8
2024-12-14,03:30,4249.2
2024-12-14,03:45,4796.4
2024-12-14,04:00,4604.4
2024-12-14,04:15,3906
2024-12-14,04:30,2814
2024-12-14,04:45,4714.8
2024-12-14,05:00,4797.6
2024-12-14,05:15,3834
2024-12-14,05:30,4646.4
2024-12-14,05:45,3157.2
2024-12-14,06:00,4834.8
2024-12-14,06:15,4762.8
2024-12-14,06:30,4635.6
2024-12-14,06:45,3873.6
2024-12-14,07:00,4736.4
2024-12-14,07:15,4545.6
2024-12-14,07:30,2768.4
2024-12-14,07:45,3794.4
2024-12-14,08:00,4548
2024-12-14,08:15,4504.8
2024-12-14,08:30,4480.8
2024-12-14,08:45,1411.2
2024-12-14,09:00,1509.6
2024-12-14,09:15,1782
2024-12-14,09:30,1155.6
2024-12-14,09:45,1221.6
2024-12-14,10:00,1195.2
2024-12-14,10:15,1594.8
2024-12-14,10:30,1050
2024-12-14,10:45,1108.8
2024-12-14,11:00,938.4
2024-12-14,11:15,836.4
2024-12-14,11:30,825.6
2024-12-14,11:45,969.6
2024-12-14,12:00,746.4
2024-12-14,12:15,901.2
2024-12-14,12:30,789.6
2024-12-14,12:45,810
2024-12-14,13:00,870
2024-12-14,13:15,878.4
2024-12-14,13:30,777.6
2024-12-14,13:45,1066.8
2024-12-14,14:00,1036.8
2024-12-14,14:15,1018.8
2024-12-14,14:30,985.2
2024-12-14,14:45,1364.4
2024-12-14,15:00,1147.2
2024-12-14,15:15,1191.6
2024-12-14,15:30,1356
2024-12-14,15:45,1363.2
2024-12-14,16:00,1192.8
2024-12-14,16:15,1260
2024-12-14,16:30,1474.8
2024-12-14,16:45,1401.6
2024-12-14,17:00,1360.8
2024-12-14,17:15,1542
2024-12-14,17:30,1465.2
2024-12-14,17:45,1414.8
2024-12-14,18:00,1518
2024-12-14,18:15,1543.2
2024-12-14,18:30,1346.4
2024-12-14,18:45,1425.6
2024-12-14,19:00,1524
2024-12-14,19:15,1432.8
2024-12-14,19:30,1336.8
2024-12-14,19:45,1564.8
2024-12-14,20:00,1398
2024-12-14,20:15,1501.2
2024-12-14,20:30,1387.2
2024-12-14,20:45,1647.6
2024-12-14,21:00,1334.4
2024-12-14,21:15,1525.2
2024-12-14,21:30,1520.4
2024-12-14,21:45,1410
2024-12-14,22:00,1408.8
2024-12-14,22:15,1659.6
2024-12-14,22:30,1274.4
2024-12-14,22:45,1386
2024-12-14,23:00,3627.6
2024-12-14,23:15,4066.8
2024-12-14,23:30,4267.2
2024-12-14,23:45,4480.8
2024-12-15,00:00,4436.4
2024-12-15,00:15,3320.4
2024-12-15,00:30,4000.8
2024-12-15,00:45,4406.4
2024-12-15,01:00,3580.8
2024-12-15,01:15,2137.2
2024-12-15,01:30,3890.4
2024-12-15,01:45,4293.6
2024-12-15,02:00,4159.2
2024-12-15,02:15,3381.6
2024-12-15,02:30,3687.6
2024-12-15,02:45,4214.4
2024-12-15,03:00,4129.2
2024-12-15,03:15,3453.6
2024-12-15,03:30,3326.4
2024-12-15,03:45,4216.8
2024-12-15,04:00,4219.2
2024-12-15,04:15,4296
2024-12-15,04:30,2415.6
2024-12-15,04:45,3129.6
2024-12-15,05:00,4291.2
2024-12-15,05:15,4432.8
2024-12-15,05:30,4270.8
2024-12-15,05:45,3313.2
2024-12-15,06:00,4027.2
2024-12-15,06:15,4285.2
2024-12-15,06:30,4316.4
2024-12-15,06:45,1485.6
2024-12-15,07:00,4152
2024-12-15,07:15,4473.6
2024-12-15,07:30,4338
2024-12-15,07:45,2746.8
2024-12-15,08:00,4270.8
2024-12-15,08:15,4080
2024-12-15,08:30,4126.8
2024-12-15,08:45,3315.6
2024-12-15,09:00,1408.8
2024-12-15,09:15,913.2
2024-12-15,09:30,1024.8
2024-12-15,09:45,937.2
2024-12-15,10:00,799.2
2024-12-15,10:15,751.2
2024-12-15,10:30,789.6
2024-12-15,10:45,591.6
2024-12-15,11:00,547.2
2024-12-15,11:15,519.6
2024-12-15,11:30,676.8
2024-12-15,11:45,577.2
2024-12-15,12:00,679.2
2024-12-15,12:15,590.4
2024-12-15,12:30,543.6
2024-12-15,12:45,457.2
2024-12-15,13:00,687.6
2024-12-15,13:15,588
2024-12-15,13:30,692.4
2024-12-15,13:45,740.4
2024-12-15,14:00,819.6
2024-12-15,14:15,762
2024-12-15,14:30,717.6
2024-12-15,14:45,1045.2
2024-12-15,15:00,877.2
2024-12-15,15:15,1072.8
2024-12-15,15:30,1104
2024-12-15,15:45,1104
2024-12-15,16:00,1135.2
2024-12-15,16:15,1378.8
2024-12-15,16:30,1345.2
2024-12-15,16:45,1249.2
2024-12-15,17:00,1286.4
2024-12-15,17:15,1426.8
2024-12-15,17:30,1224
2024-12-15,17:45,1369.2
2024-12-15,18:00,1276.8
2024-12-15,18:15,1345.2
2024-12-15,18:30,1119.6
2024-12-15,18:45,1243.2
2024-12-15,19:00,1196.4
2024-12-15,19:15,1158
2024-12-15,19:30,1197.6
2024-12-15,19:45,1282.8
2024-12-15,20:00,1083.6
2024-12-15,20:15,1168.8
2024-12-15,20:30,1338
2024-12-15,20:45,1254
2024-12-15,21:00,1128
2024-12-15,21:15,1372.8
2024-12-15,21:30,1130.4
2024-12-15,21:45,1202.4
2024-12-15,22:00,1120.8
2024-12-15,22:15,1294.8
2024-12-15,22:30,1255.2
2024-12-15,22:45,1219.2
2024-12-15,23:00,3883.2
2024-12-15,23:15,4188
2024-12-15,23:30,4098
2024-12-15,23:45,4400.4
2024-12-16,00:00,3982.8
2024-12-16,00:15,2300.4
2024-12-16,00:30,4177.2
2024-12-16,00:45,4321.2
2024-12-16,01:00,4100.4
2024-12-16,01:15,1477.2
2024-12-16,01:30,4108.8
2024-12-16,01:45,4170
2024-12-16,02:00,4174.8
2024-12-16,02:15,3362.4
2024-12-16,02:30,2547.6
2024-12-16,02:45,4226.4
2024-12-16,03:00,4245.6
2024-12-16,03:15,4300.8
2024-12-16,03:30,1549.2
2024-12-16,03:45,4100.4
2024-12-16,04:00,4472.4
2024-12-16,04:15,4149.6
2024-12-16,04:30,3403.2
2024-12-16,04:45,2598
2024-12-16,05:00,4274.4
2024-12-16,05:15,4077.6
2024-12-16,05:30,4398
2024-12-16,05:45,3482.4
2024-12-16,06:00,4201.2
2024-12-16,06:15,4335.6
2024-12-16,06:30,4431.6
2024-12-16,06:45,2850
2024-12-16,07:00,4380
2024-12-16,07:15,4321.2
2024-12-16,07:30,4425.6
2024-12-16,07:45,2418
2024-12-16,08:00,4221.6
2024-12-16,08:15,4090.8
2024-12-16,08:30,4040.4
2024-12-16,08:45,2607.6
2024-12-16,09:00,1310.4
2024-12-16,09:15,918
2024-12-16,09:30,847.2
2024-12-16,09:45,1035.6
2024-12-16,10:00,694.8
2024-12-16,10:15,696
2024-12-16,10:30,855.6
2024-12-16,10:45,531.6
2024-12-16,11:00,422.4
2024-12-16,11:15,726
2024-12-16,11:30,400.8
2024-12-16,11:45,405.6
2024-12-16,12:00,621.6
2024-12-16,12:15,454.8
2024-12-16,12:30,373.2
2024-12-16,12:45,400.8
2024-12-16,13:00,666
2024-12-16,13:15,512.4
2024-12-16,13:30,637.2
2024-12-16,13:45,681.6
2024-12-16,14:00,574.8
2024-12-16,14:15,637.2
2024-12-16,14:30,1236
2024-12-16,14:45,1413.6
2024-12-16,15:00,1213.2
2024-12-16,15:15,1425.6
2024-12-16,15:30,1578
2024-12-16,15:45,1455.6
2024-12-16,16:00,1524
2024-12-16,16:15,1693.2
2024-12-16,16:30,1540.8
2024-12-16,16:45,1592.4
2024-12-16,17:00,1576.8
2024-12-16,17:15,1491.6
2024-12-16,17:30,1270.8
2024-12-16,17:45,1408.8
2024-12-16,18:00,1406.4
2024-12-16,18:15,1485.6
2024-12-16,18:30,1303.2
2024-12-16,18:45,1549.2
2024-12-16,19:00,1350
2024-12-16,19:15,1356
2024-12-16,19:30,1431.6
2024-12-16,19:45,1508.4
2024-12-16,20:00,1414.8
2024-12-16,20:15,1524
2024-12-16,20:30,1525.2
2024-12-16,20:45,1461.6
2024-12-16,21:00,1518
2024-12-16,21:15,1560
2024-12-16,21:30,1580.4
2024-12-16,21:45,1462.8
2024-12-16,22:00,1521.6
2024-12-16,22:15,1503.6
2024-12-16,22:30,2474.4
2024-12-16,22:45,2245.2
2024-12-16,23:00,4444.8
2024-12-16,23:15,4413.6
2024-12-16,23:30,3660
2024-12-16,23:45,3568.8
2024-12-17,00:00,0
2024-12-17,00:15,0
2024-12-17,00:30,0
2024-12-17,00:45,0
2024-12-17,01:00,0
2024-12-17,01:15,0
2024-12-17,01:30,0
2024-12-17,01:45,0
2024-12-17,02:00,0
2024-12-17,02:15,0
2024-12-17,02:30,0
2024-12-17,02:45,0
2024-12-17,03:00,0
2024-12-17,03:15,0
2024-12-17,03:30,0
2024-12-17,03:45,0
2024-12-17,04:00,0
2024-12-17,04:15,0
2024-12-17,04:30,0
2024-12-17,04:45,0
2024-12-17,05:00,0
2024-12-17,05:15,0
2024-12-17,05:30,0
2024-12-17,05:45,0
2024-12-17,06:00,0
2024-12-17,06:15,0
2024-12-17,06:30,0
2024-12-17,06:45,0
2024-12-17,07:00,0
2024-12-17,07:15,0
2024-12-17,07:30,0
2024-12-17,07:45,0
2024-12-17,08:00,0
2024-12-17,08:15,0
2024-12-17,08:30,0
2024-12-17,08:45,0
2024-12-17,09:00,0
2024-12-17,09:15,0
2024-12-17,09:30,0
2024-12-17,09:45,0
2024-12-17,10:00,0
2024-12-17,10:15,0
2024-12-17,10:30,0
2024-12-17,10:45,0
2024-12-17,11:00,0
2024-12-17,11:15,0
2024-12-17,11:30,0
2024-12-17,11:45,0
2024-12-17,12:00,0
2024-12-17,12:15,0
2024-12-17,12:30,0
2024-12-17,12:45,0
2024-12-17,13:00,0
2024-12-17,13:15,0
2024-12-17,13:30,0
2024-12-17,13:45,0
2024-12-17,14:00,0
2024-12-17,14:15,0
2024-12-17,14:30,0
2024-12-17,14:45,0
2024-12-17,15:00,0
2024-12-17,15:15,0
2024-12-17,15:30,0
2024-12-17,15:45,0
2024-12-17,16:00,0
2024-12-17,16:15,0
2024-12-17,16:30,0
2024-12-17,16:45,0
2024-12-17,17:00,0
2024-12-17,17:15,0
2024-12-17,17:30,0
2024-12-17,17:45,0
2024-12-17,18:00,0
2024-12-17,18:15,0
2024-12-17,18:30,0
2024-12-17,18:45,0
2024-12-17,19:00,0
2024-12-17,19:15,0
2024-12-17,19:30,0
2024-12-17,19:45,0
2024-12-17,20:00,0
2024-12-17,20:15,0
2024-12-17,20:30,0
2024-12-17,20:45,0
2024-12-17,21:00,0
2024-12-17,21:15,0
2024-12-17,21:30,0
2024-12-17,21:45,0
2024-12-17,22:00,0
2024-12-17,22:15,0
2024-12-17,22:30,0
2024-12-17,22:45,0
2024-12-17,23:00,0
2024-12-17,23:15,0
2024-12-17,23:30,0
2024-12-17,23:45,0
2024-12-18,00:00,4321.2
2024-12-18,00:15,1650
2024-12-18,00:30,4438.8
2024-12-18,00:45,4398
2024-12-18,01:00,4605.6
2024-12-18,01:15,4352.4
2024-12-18,01:30,3783.6
2024-12-18,01:45,4396.8
2024-12-18,02:00,4443.6
2024-12-18,02:15,4278
2024-12-18,02:30,2647.2
2024-12-18,02:45,4548
2024-12-18,03:00,4341.6
2024-12-18,03:15,4359.6
2024-12-18,03:30,2470.8
2024-12-18,03:45,3681.6
2024-12-18,04:00,4290
2024-12-18,04:15,4530
2024-12-18,04:30,3704.4
2024-12-18,04:45,3375.6
2024-12-18,05:00,4287.6
2024-12-18,05:15,4558.8
2024-12-18,05:30,3480
2024-12-18,05:45,3559.2
2024-12-18,06:00,4515.6
2024-12-18,06:15,4549.2
2024-12-18,06:30,3433.2
2024-12-18,06:45,2944.8
2024-12-18,07:00,4498.8
2024-12-18,07:15,4486.8
2024-12-18,07:30,4514.4
2024-12-18,07:45,1977.6
2024-12-18,08:00,3578.4
2024-12-18,08:15,3388.8
2024-12-18,08:30,3516
2024-12-18,08:45,2480.4
2024-12-18,09:00,1381.2
2024-12-18,09:15,1140
2024-12-18,09:30,1459.2
2024-12-18,09:45,1128
2024-12-18,10:00,1143.6
2024-12-18,10:15,1101.6
2024-12-18,10:30,1393.2
2024-12-18,10:45,1004.4
2024-12-18,11:00,999.6
2024-12-18,11:15,1076.4
2024-12-18,11:30,975.6
2024-12-18,11:45,902.4
2024-12-18,12:00,1093.2
2024-12-18,12:15,1190.4
2024-12-18,12:30,1038
2024-12-18,12:45,1213.2
2024-12-18,13:00,1333.2
2024-12-18,13:15,1081.2
2024-12-18,13:30,1330.8
2024-12-18,13:45,913.2
2024-12-18,14:00,975.6
2024-12-18,14:15,1081.2
2024-12-18,14:30,1072.8
2024-12-18,14:45,1058.4
2024-12-18,15:00,1131.6
2024-12-18,15:15,1412.4
2024-12-18,15:30,1239.6
2024-12-18,15:45,1232.4
2024-12-18,16:00,1435.2
2024-12-18,16:15,1456.8
2024-12-18,16:30,1357.2
2024-12-18,16:45,1352.4
2024-12-18,17:00,1622.4
2024-12-18,17:15,1368
2024-12-18,17:30,1326
2024-12-18,17:45,1420.8
2024-12-18,18:00,1224
2024-12-18,18:15,1195.2
2024-12-18,18:30,1162.8
2024-12-18,18:45,1309.2
2024-12-18,19:00,1401.6
2024-12-18,19:15,1261.2
2024-12-18,19:30,1408.8
2024-12-18,19:45,1184.4
2024-12-18,20:00,1294.8
2024-12-18,20:15,1434
2024-12-18,20:30,1309.2
2024-12-18,20:45,1358.4
2024-12-18,21:00,1510.8
2024-12-18,21:15,1300.8
2024-12-18,21:30,1279.2
2024-12-18,21:45,1425.6
2024-12-18,22:00,1514.4
2024-12-18,22:15,1309.2
2024-12-18,22:30,1434
2024-12-18,22:45,1348.8
2024-12-18,23:00,4230
2024-12-18,23:15,4191.6
2024-12-18,23:30,4479.6
2024-12-18,23:45,4357.2
2024-12-19,00:00,4396.8
2024-12-19,00:15,1773.6
2024-12-19,00:30,3262.8
2024-12-19,00:45,4408.8
2024-12-19,01:00,4402.8
2024-12-19,01:15,4405.2
2024-12-19,01:30,2499.6
2024-12-19,01:45,4238.4
2024-12-19,02:00,4406.4
2024-12-19,02:15,4416
2024-12-19,02:30,2337.6
2024-12-19,02:45,3670.8
2024-12-19,03:00,4364.4
2024-12-19,03:15,4467.6
2024-12-19,03:30,4380
2024-12-19,03:45,3121.2
2024-12-19,04:00,4332
2024-12-19,04:15,4474.8
2024-12-19,04:30,4560
2024-12-19,04:45,3510
2024-12-19,05:00,3529.2
2024-12-19,05:15,4627.2
2024-12-19,05:30,4448.4
2024-12-19,05:45,3972
2024-12-19,06:00,3148.8
2024-12-19,06:15,4515.6
2024-12-19,06:30,4380
2024-12-19,06:45,3848.4
2024-12-19,07:00,3673.2
2024-12-19,07:15,4288.8
2024-12-19,07:30,4392
2024-12-19,07:45,4570.8
2024-12-19,08:00,2756.4
2024-12-19,08:15,4352.4
2024-12-19,08:30,4273.2
2024-12-19,08:45,3487.2
2024-12-19,09:00,3153.6
2024-12-19,09:15,1290
2024-12-19,09:30,1368
2024-12-19,09:45,1120.8
2024-12-19,10:00,1009.2
2024-12-19,10:15,978
2024-12-19,10:30,897.6
2024-12-19,10:45,1431.6
2024-12-19,11:00,1489.2
2024-12-19,11:15,1308
2024-12-19,11:30,1016.4
2024-12-19,11:45,1248
2024-12-19,12:00,1206
2024-12-19,12:15,1288.8
2024-12-19,12:30,1135.2
2024-12-19,12:45,1507.2
2024-12-19,13:00,1484.4
2024-12-19,13:15,1120.8
2024-12-19,13:30,1212
2024-12-19,13:45,1474.8
2024-12-19,14:00,1430.4
2024-12-19,14:15,1482
2024-12-19,14:30,1226.4
2024-12-19,14:45,1158
2024-12-19,15:00,1659.6
2024-12-19,15:15,1783.2
2024-12-19,15:30,1520.4
2024-12-19,15:45,1752
2024-12-19,16:00,1761.6
2024-12-19,16:15,1736.4
2024-12-19,16:30,1717.2
2024-12-19,16:45,1753.2
2024-12-19,17:00,1862.4
2024-12-19,17:15,1694.4
2024-12-19,17:30,1822.8
2024-12-19,17:45,1736.4
2024-12-19,18:00,1824
2024-12-19,18:15,1602
2024-12-19,18:30,1834.8
2024-12-19,18:45,1616.4
2024-12-19,19:00,1620
2024-12-19,19:15,1696.8
2024-12-19,19:30,1845.6
2024-12-19,19:45,1778.4
2024-12-19,20:00,1800
2024-12-19,20:15,1863.6
2024-12-19,20:30,1840.8
2024-12-19,20:45,1766.4
2024-12-19,21:00,1993.2
2024-12-19,21:15,1795.2
2024-12-19,21:30,1760.4
2024-12-19,21:45,1771.2
2024-12-19,22:00,1856.4
2024-12-19,22:15,1654.8
2024-12-19,22:30,1776
2024-12-19,22:45,1954.8
2024-12-19,23:00,4726.8
2024-12-19,23:15,4720.8
2024-12-19,23:30,4857.6
2024-12-19,23:45,4832.4
2024-12-20,00:00,4870.8
2024-12-20,00:15,3328.8
2024-12-20,00:30,4863.6
2024-12-20,00:45,4899.6
2024-12-20,01:00,4802.4
2024-12-20,01:15,3243.6
2024-12-20,01:30,4639.2
2024-12-20,01:45,4878
2024-12-20,02:00,4764
2024-12-20,02:15,4072.8
2024-12-20,02:30,3399.6
2024-12-20,02:45,4878
2024-12-20,03:00,4767.6
2024-12-20,03:15,3985.2
2024-12-20,03:30,2768.4
2024-12-20,03:45,4839.6
2024-12-20,04:00,4657.2
2024-12-20,04:15,3951.6
2024-12-20,04:30,3800.4
2024-12-20,04:45,3709.2
2024-12-20,05:00,4670.4
2024-12-20,05:15,4773.6
2024-12-20,05:30,4870.8
2024-12-20,05:45,3672
2024-12-20,06:00,4659.6
2024-12-20,06:15,5004
2024-12-20,06:30,3858
2024-12-20,06:45,3891.6
2024-12-20,07:00,4600.8
2024-12-20,07:15,4824
2024-12-20,07:30,2976
2024-12-20,07:45,3781.2
2025-01-01,00:00,4107.6
2025-01-01,00:15,2084.4
2025-01-01,00:30,4136.4
2025-01-01,00:45,4248
2025-01-01,01:00,4087.2
2025-01-01,01:15,4135.2
2025-01-01,01:30,3034.8
2025-01-01,01:45,4146
2025-01-01,02:00,4070.4
2025-01-01,02:15,3236.4
2025-01-01,02:30,3271.2
2025-01-01,02:45,4033.2
2025-01-01,03:00,4200
2025-01-01,03:15,3174
2025-01-01,03:30,4197.6
2025-01-01,03:45,2683.2
2025-01-01,04:00,3966
2025-01-01,04:15,3220.8
2025-01-01,04:30,4213.2
2025-01-01,04:45,3291.6
2025-01-01,05:00,3002.4
2025-01-01,05:15,3714
2025-01-01,05:30,4084.8
2025-01-01,05:45,3414
2025-01-01,06:00,3152.4
2025-01-01,06:15,3428.4
2025-01-01,06:30,4236
2025-01-01,06:45,4290
2025-01-01,07:00,3394.8
2025-01-01,07:15,3272.4
2025-01-01,07:30,4172.4
2025-01-01,07:45,3474
2025-01-01,08:00,4080
2025-01-01,08:15,4252.8
2025-01-01,08:30,3213.6
2025-01-01,08:45,2157.6
2025-01-01,09:00,1057.2
2025-01-01,09:15,1009.2
2025-01-01,09:30,902.4
2025-01-01,09:45,927.6
2025-01-01,10:00,800.4
2025-01-01,10:15,740.4
2025-01-01,10:30,698.4
2025-01-01,10:45,710.4
2025-01-01,11:00,592.8
2025-01-01,11:15,621.6
2025-01-01,11:30,628.8
2025-01-01,11:45,644.4
2025-01-01,12:00,571.2
2025-01-01,12:15,615.6
2025-01-01,12:30,582
2025-01-01,12:45,637.2
2025-01-01,13:00,537.6
2025-01-01,13:15,543.6
2025-01-01,13:30,594
2025-01-01,13:45,524.4
2025-01-01,14:00,577.2
2025-01-01,14:15,645.6
2025-01-01,14:30,724.8
2025-01-01,14:45,822
2025-01-01,15:00,789.6
2025-01-01,15:15,1052.4
2025-01-01,15:30,931.2
2025-01-01,15:45,1090.8
2025-01-01,16:00,1168.8
2025-01-01,16:15,988.8
2025-01-01,16:30,1098
2025-01-01,16:45,1202.4
2025-01-01,17:00,1204.8
2025-01-01,17:15,1207.2
2025-01-01,17:30,1078.8
2025-01-01,17:45,1251.6
2025-01-01,18:00,1044
2025-01-01,18:15,1095.6
2025-01-01,18:30,990
2025-01-01,18:45,1078.8
2025-01-01,19:00,913.2
2025-01-01,19:15,1111.2
2025-01-01,19:30,1003.2
2025-01-01,19:45,1076.4
2025-01-01,20:00,1084.8
2025-01-01,20:15,1066.8
2025-01-01,20:30,1176
2025-01-01,20:45,1138.8
2025-01-01,21:00,1083.6
2025-01-01,21:15,1116
2025-01-01,21:30,1028.4
2025-01-01,21:45,993.6
2025-01-01,22:00,1077.6
2025-01-01,22:15,1039.2
2025-01-01,22:30,1023.6
2025-01-01,22:45,1048.8
2025-01-01,23:00,1068
2025-01-01,23:15,1129.2
2025-01-01,23:30,1142.4
2025-01-01,23:45,1113.6
2025-01-02,00:00,1165.2
2025-01-02,00:15,1029.6
2025-01-02,00:30,1178.4
2025-01-02,00:45,1072.8
2025-01-02,01:00,1209.6
2025-01-02,01:15,1027.2
2025-01-02,01:30,1208.4
2025-01-02,01:45,1182
2025-01-02,02:00,1196.4
2025-01-02,02:15,1165.2
2025-01-02,02:30,1194
2025-01-02,02:45,1106.4
2025-01-02,03:00,1256.4
2025-01-02,03:15,1256.4
2025-01-02,03:30,1274.4
2025-01-02,03:45,1128
2025-01-02,04:00,1230
2025-01-02,04:15,1228.8
2025-01-02,04:30,1099.2
2025-01-02,04:45,1167.6
2025-01-02,05:00,1258.8
2025-01-02,05:15,1131.6
2025-01-02,05:30,1150.8
2025-01-02,05:45,1255.2
2025-01-02,06:00,1111.2
2025-01-02,06:15,1236
2025-01-02,06:30,1164
2025-01-02,06:45,1136.4
2025-01-02,07:00,1224
2025-01-02,07:15,1152
2025-01-02,07:30,1246.8
2025-01-02,07:45,1153.2
2025-01-02,08:00,1137.6
2025-01-02,08:15,1131.6
2025-01-02,08:30,1572
2025-01-02,08:45,1566
2025-01-02,09:00,1491.6
2025-01-02,09:15,1405.2
2025-01-02,09:30,1465.2
2025-01-02,09:45,1420.8
2025-01-02,10:00,1276.8
2025-01-02,10:15,1263.6
2025-01-02,10:30,1113.6
2025-01-02,10:45,1120.8
2025-01-02,11:00,1011.6
2025-01-02,11:15,870
2025-01-02,11:30,904.8
2025-01-02,11:45,970.8
2025-01-02,12:00,789.6
2025-01-02,12:15,902.4
2025-01-02,12:30,1172.4
2025-01-02,12:45,1076.4
2025-01-02,13:00,964.8
2025-01-02,13:15,1164
2025-01-02,13:30,890.4
2025-01-02,13:45,945.6
2025-01-02,14:00,992.4
2025-01-02,14:15,1245.6
2025-01-02,14:30,990
2025-01-02,14:45,1161.6
2025-01-02,15:00,1222.8
2025-01-02,15:15,1378.8
2025-01-02,15:30,1366.8
2025-01-02,15:45,1389.6
2025-01-02,16:00,1375.2
2025-01-02,16:15,1429.2
2025-01-02,16:30,1275.6
2025-01-02,16:45,1582.8
2025-01-02,17:00,1279.2
2025-01-02,17:15,1369.2
2025-01-02,17:30,1519.2
2025-01-02,17:45,1371.6
2025-01-02,18:00,1368
2025-01-02,18:15,1344
2025-01-02,18:30,1424.4
2025-01-02,18:45,1370.4
2025-01-02,19:00,1479.6
2025-01-02,19:15,1359.6
2025-01-02,19:30,1522.8
2025-01-02,19:45,1417.2
2025-01-02,20:00,1620
2025-01-02,20:15,1246.8
2025-01-02,20:30,1472.4
2025-01-02,20:45,1441.2
2025-01-02,21:00,1378.8
2025-01-02,21:15,1416
2025-01-02,21:30,1350
2025-01-02,21:45,1276.8
2025-01-02,22:00,1368
2025-01-02,22:15,1363.2
2025-01-02,22:30,1398
2025-01-02,22:45,1401.6
2025-01-02,23:00,4134
2025-01-02,23:15,4426.8
2025-01-02,23:30,4322.4
2025-01-02,23:45,4370.4
2025-01-03,00:00,4450.8
2025-01-03,00:15,2007.6
2025-01-03,00:30,4452
2025-01-03,00:45,4592.4
2025-01-03,01:00,4413.6
2025-01-03,01:15,3684
2025-01-03,01:30,3632.4
2025-01-03,01:45,4418.4
2025-01-03,02:00,4552.8
2025-01-03,02:15,4436.4
2025-01-03,02:30,1897.2
2025-01-03,02:45,4360.8
2025-01-03,03:00,4596
2025-01-03,03:15,4534.8
2025-01-03,03:30,3556.8
2025-01-03,03:45,2787.6
2025-01-03,04:00,4382.4
2025-01-03,04:15,4512
2025-01-03,04:30,4542
2025-01-03,04:45,2578.8
2025-01-03,05:00,4443.6
2025-01-03,05:15,4518
2025-01-03,05:30,3747.6
2025-01-03,05:45,3672
2025-01-03,06:00,3422.4
2025-01-03,06:15,4440
2025-01-03,06:30,3650.4
2025-01-03,06:45,4537.2
2025-01-03,07:00,4539.6
2025-01-03,07:15,4386
2025-01-03,07:30,3534
2025-01-03,07:45,4650
2025-01-03,08:00,4245.6
2025-01-03,08:15,4548
2025-01-03,08:30,4453.2
2025-01-03,08:45,2757.6
2025-01-03,09:00,2478
2025-01-03,09:15,1632
2025-01-03,09:30,1389.6
2025-01-03,09:45,1482
2025-01-03,10:00,1372.8
2025-01-03,10:15,1444.8
2025-01-03,10:30,1095.6
2025-01-03,10:45,946.8
2025-01-03,11:00,990
2025-01-03,11:15,963.6
2025-01-03,11:30,1008
2025-01-03,11:45,915.6
2025-01-03,12:00,1028.4
2025-01-03,12:15,902.4
2025-01-03,12:30,967.2
2025-01-03,12:45,1083.6
2025-01-03,13:00,982.8
2025-01-03,13:15,945.6
2025-01-03,13:30,1161.6
2025-01-03,13:45,999.6
2025-01-03,14:00,1149.6
2025-01-03,14:15,1170
2025-01-03,14:30,1264.8
2025-01-03,14:45,1128
2025-01-03,15:00,1339.2
2025-01-03,15:15,1135.2
2025-01-03,15:30,1286.4
2025-01-03,15:45,1244.4
2025-01-03,16:00,1364.4
2025-01-03,16:15,1424.4
2025-01-03,16:30,1329.6
2025-01-03,16:45,1408.8
2025-01-03,17:00,1284
2025-01-03,17:15,1333.2
2025-01-03,17:30,1345.2
2025-01-03,17:45,1368
2025-01-03,18:00,1359.6
2025-01-03,18:15,1262.4
2025-01-03,18:30,1351.2
2025-01-03,18:45,1386
2025-01-03,19:00,1472.4
2025-01-03,19:15,1238.4
2025-01-03,19:30,1425.6
2025-01-03,19:45,1435.2
2025-01-03,20:00,1485.6
2025-01-03,20:15,1644
2025-01-03,20:30,1490.4
2025-01-03,20:45,1741.2
2025-01-03,21:00,1400.4
2025-01-03,21:15,1634.4
2025-01-03,21:30,1579.2
2025-01-03,21:45,1596
2025-01-03,22:00,1537.2
2025-01-03,22:15,2340
2025-01-03,22:30,2342.4
2025-01-03,22:45,2547.6
2025-01-03,23:00,4344
2025-01-03,23:15,3678
2025-01-03,23:30,3612
2025-01-03,23:45,3530.4
2025-01-04,00:00,3414
2025-01-04,00:15,3508.8
2025-01-04,00:30,4386
2025-01-04,00:45,4515.6
2025-01-04,01:00,3722.4
2025-01-04,01:15,2728.8
2025-01-04,01:30,4502.4
2025-01-04,01:45,4380
2025-01-04,02:00,4359.6
2025-01-04,02:15,3526.8
2025-01-04,02:30,3675.6
2025-01-04,02:45,4597.2
2025-01-04,03:00,4478.4
2025-01-04,03:15,4405.2
2025-01-04,03:30,1808.4
2025-01-04,03:45,4396.8
2025-01-04,04:00,4599.6
2025-01-04,04:15,4524
2025-01-04,04:30,1738.8
2025-01-04,04:45,4228.8
2025-01-04,05:00,4476
2025-01-04,05:15,4472.4
2025-01-04,05:30,3549.6
2025-01-04,05:45,3487.2
2025-01-04,06:00,4605.6
2025-01-04,06:15,4456.8
2025-01-04,06:30,2576.4
2025-01-04,06:45,4548
2025-01-04,07:00,3652.8
2025-01-04,07:15,4453.2
2025-01-04,07:30,3588
2025-01-04,07:45,3648
2025-01-04,08:00,3740.4
2025-01-04,08:15,4318.8
2025-01-04,08:30,3590.4
2025-01-04,08:45,3542.4
2025-01-04,09:00,1736.4
2025-01-04,09:15,1580.4
2025-01-04,09:30,1464
2025-01-04,09:45,1381.2
2025-01-04,10:00,1368
2025-01-04,10:15,1322.4
2025-01-04,10:30,1125.6
2025-01-04,10:45,903.6
2025-01-04,11:00,1056
2025-01-04,11:15,966
2025-01-04,11:30,1153.2
2025-01-04,11:45,1053.6
2025-01-04,12:00,1208.4
2025-01-04,12:15,1076.4
2025-01-04,12:30,1219.2
2025-01-04,12:45,757.2
2025-01-04,13:00,1347.6
2025-01-04,13:15,960
2025-01-04,13:30,991.2
2025-01-04,13:45,948
2025-01-04,14:00,1334.4
2025-01-04,14:15,1011.6
2025-01-04,14:30,1078.8
2025-01-04,14:45,1254
2025-01-04,15:00,1291.2
2025-01-04,15:15,1329.6
2025-01-04,15:30,1208.4
2025-01-04,15:45,1270.8
2025-01-04,16:00,1551.6
2025-01-04,16:15,1344
2025-01-04,16:30,1352.4
2025-01-04,16:45,1345.2
2025-01-04,17:00,1345.2
2025-01-04,17:15,1245.6
2025-01-04,17:30,1525.2
2025-01-04,17:45,1257.6
2025-01-04,18:00,1462.8
2025-01-04,18:15,1292.4
2025-01-04,18:30,1327.2
2025-01-04,18:45,1394.4
2025-01-04,19:00,1310.4
2025-01-04,19:15,1436.4
2025-01-04,19:30,1342.8
2025-01-04,19:45,1449.6
2025-01-04,20:00,1381.2
2025-01-04,20:15,1461.6
2025-01-04,20:30,1394.4
2025-01-04,20:45,1417.2
2025-01-04,21:00,1387.2
2025-01-04,21:15,1395.6
2025-01-04,21:30,1310.4
2025-01-04,21:45,1260
2025-01-04,22:00,1388.4
2025-01-04,22:15,1280.4
2025-01-04,22:30,1353.6
2025-01-04,22:45,1449.6
2025-01-04,23:00,1316.4
2025-01-04,23:15,1291.2
2025-01-04,23:30,1350
2025-01-04,23:45,1364.4
2025-01-05,00:00,1424.4
2025-01-05,00:15,1365.6
2025-01-05,00:30,1341.6
2025-01-05,00:45,1308
2025-01-05,01:00,1298.4
2025-01-05,01:15,1354.8
2025-01-05,01:30,1534.8
2025-01-05,01:45,1435.2
2025-01-05,02:00,1284
2025-01-05,02:15,1299.6
2025-01-05,02:30,1281.6
2025-01-05,02:45,1290
2025-01-05,03:00,1351.2
2025-01-05,03:15,1149.6
2025-01-05,03:30,1273.2
2025-01-05,03:45,1172.4
2025-01-05,04:00,1188
2025-01-05,04:15,1212
2025-01-05,04:30,1164
2025-01-05,04:45,1356
2025-01-05,05:00,1159.2
2025-01-05,05:15,1236
2025-01-05,05:30,1207.2
2025-01-05,05:45,1255.2
2025-01-05,06:00,1383.6
2025-01-05,06:15,1192.8
2025-01-05,06:30,1435.2
2025-01-05,06:45,1206
2025-01-05,07:00,1366.8
2025-01-05,07:15,1328.4
2025-01-05,07:30,1227.6
2025-01-05,07:45,1266
2025-01-05,08:00,1311.6
2025-01-05,08:15,1364.4
2025-01-05,08:30,1264.8
2025-01-05,08:45,1416
2025-01-05,09:00,1243.2
2025-01-05,09:15,1358.4
2025-01-05,09:30,1399.2
2025-01-05,09:45,1206
2025-01-05,10:00,1114.8
2025-01-05,10:15,1041.6
2025-01-05,10:30,1150.8
2025-01-05,10:45,1334.4
2025-01-05,11:00,1318.8
2025-01-05,11:15,1321.2
2025-01-05,11:30,1117.2
2025-01-05,11:45,990
2025-01-05,12:00,1120.8
2025-01-05,12:15,1008
2025-01-05,12:30,1204.8
2025-01-05,12:45,939.6
2025-01-05,13:00,1023.6
2025-01-05,13:15,1058.4
2025-01-05,13:30,1020
2025-01-05,13:45,948
2025-01-05,14:00,1246.8
2025-01-05,14:15,1135.2
2025-01-05,14:30,1088.4
2025-01-05,14:45,1101.6
2025-01-05,15:00,1368
2025-01-05,15:15,1214.4
2025-01-05,15:30,1286.4
2025-01-05,15:45,1225.2
2025-01-05,16:00,1408.8
2025-01-05,16:15,1399.2
2025-01-05,16:30,1431.6
2025-01-05,16:45,1345.2
2025-01-05,17:00,1406.4
2025-01-05,17:15,1486.8
2025-01-05,17:30,1316.4
2025-01-05,17:45,1648.8
2025-01-05,18:00,1299.6
2025-01-05,18:15,1474.8
2025-01-05,18:30,1340.4
2025-01-05,18:45,1401.6
2025-01-05,19:00,1497.6
2025-01-05,19:15,1431.6
2025-01-05,19:30,1254
2025-01-05,19:45,1375.2
2025-01-05,20:00,1362
2025-01-05,20:15,1375.2
2025-01-05,20:30,1308
2025-01-05,20:45,1426.8
2025-01-05,21:00,1316.4
2025-01-05,21:15,1285.2
2025-01-05,21:30,1332
2025-01-05,21:45,1248
2025-01-05,22:00,1322.4
2025-01-05,22:15,1234.8
2025-01-05,22:30,1352.4
2025-01-05,22:45,1239.6
2025-01-05,23:00,1359.6
2025-01-05,23:15,1344
2025-01-05,23:30,1296
2025-01-05,23:45,1572
2025-01-06,00:00,1198.8
2025-01-06,00:15,1291.2
2025-01-06,00:30,1356
2025-01-06,00:45,1646.4
2025-01-06,01:00,1464
2025-01-06,01:15,1413.6
2025-01-06,01:30,1365.6
2025-01-06,01:45,1274.4
2025-01-06,02:00,1412.4
2025-01-06,02:15,1629.6
2025-01-06,02:30,1309.2
2025-01-06,02:45,1442.4
2025-01-06,03:00,1400.4
2025-01-06,03:15,1482
2025-01-06,03:30,1386
2025-01-06,03:45,1302
2025-01-06,04:00,1440
2025-01-06,04:15,1370.4
2025-01-06,04:30,1296
2025-01-06,04:45,1628.4
2025-01-06,05:00,1383.6
2025-01-06,05:15,1294.8
2025-01-06,05:30,1413.6
2025-01-06,05:45,1564.8
2025-01-06,06:00,1423.2
2025-01-06,06:15,1604.4
2025-01-06,06:30,1388.4
2025-01-06,06:45,1570.8
2025-01-06,07:00,1544.4
2025-01-06,07:15,1375.2
2025-01-06,07:30,1574.4
2025-01-06,07:45,1450.8
2025-01-06,08:00,1590
2025-01-06,08:15,1496.4
2025-01-06,08:30,1377.6
2025-01-06,08:45,1316.4
2025-01-06,09:00,1410
2025-01-06,09:15,1414.8
2025-01-06,09:30,1263.6
2025-01-06,09:45,1292.4
2025-01-06,10:00,1119.6
2025-01-06,10:15,1028.4
2025-01-06,10:30,1036.8
2025-01-06,10:45,883.2
2025-01-06,11:00,1062
2025-01-06,11:15,978
2025-01-06,11:30,1020
2025-01-06,11:45,938.4
2025-01-06,12:00,1006.8
2025-01-06,12:15,986.4
2025-01-06,12:30,930
2025-01-06,12:45,871.2
2025-01-06,13:00,861.6
2025-01-06,13:15,880.8
2025-01-06,13:30,823.2
2025-01-06,13:45,885.6
2025-01-06,14:00,1002
2025-01-06,14:15,871.2
2025-01-06,14:30,988.8
2025-01-06,14:45,813.6
2025-01-06,15:00,1060.8
2025-01-06,15:15,1106.4
2025-01-06,15:30,998.4
2025-01-06,15:45,1299.6
2025-01-06,16:00,1089.6
2025-01-06,16:15,1107.6
2025-01-06,16:30,1165.2
2025-01-06,16:45,1040.4
2025-01-06,17:00,1156.8
2025-01-06,17:15,1114.8
2025-01-06,17:30,1051.2
2025-01-06,17:45,1224
2025-01-06,18:00,1070.4
2025-01-06,18:15,1231.2
2025-01-06,18:30,1069.2
2025-01-06,18:45,1046.4
2025-01-06,19:00,1053.6
2025-01-06,19:15,1214.4
2025-01-06,19:30,1071.6
2025-01-06,19:45,1136.4
2025-01-06,20:00,1166.4
2025-01-06,20:15,1032
2025-01-06,20:30,1234.8
2025-01-06,20:45,1141.2
2025-01-06,21:00,1048.8
2025-01-06,21:15,1314
2025-01-06,21:30,950.4
2025-01-06,21:45,1191.6
2025-01-06,22:00,1009.2
2025-01-06,22:15,1018.8
2025-01-06,22:30,1135.2
2025-01-06,22:45,1100.4
2025-01-06,23:00,1087.2
2025-01-06,23:15,4015.2
2025-01-06,23:30,4144.8
2025-01-06,23:45,4104
2025-01-07,00:00,4179.6
2025-01-07,00:15,1143.6
2025-01-07,00:30,4144.8
2025-01-07,00:45,4269.6
2025-01-07,01:00,4051.2
2025-01-07,01:15,4281.6
2025-01-07,01:30,3901.2
2025-01-07,01:45,4282.8
2025-01-07,02:00,4184.4
2025-01-07,02:15,4176
2025-01-07,02:30,1399.2
2025-01-07,02:45,4161.6
2025-01-07,03:00,4180.8
2025-01-07,03:15,4107.6
2025-01-07,03:30,3421.2
2025-01-07,03:45,3585.6
2025-01-07,04:00,4226.4
2025-01-07,04:15,4190.4
2025-01-07,04:30,3356.4
2025-01-07,04:45,3088.8
2025-01-07,05:00,4340.4
2025-01-07,05:15,4213.2
2025-01-07,05:30,3290.4
2025-01-07,05:45,2786.4
2025-01-07,06:00,4362
2025-01-07,06:15,4246.8
2025-01-07,06:30,4372.8
2025-01-07,06:45,2990.4
2025-01-07,07:00,4386
2025-01-07,07:15,4219.2
2025-01-07,07:30,4272
2025-01-07,07:45,2572.8
2025-01-07,08:00,4332
2025-01-07,08:15,3529.2
2025-01-07,08:30,4280.4
2025-01-07,08:45,2401.2
2025-01-07,09:00,1216.8
2025-01-07,09:15,1293.6
2025-01-07,09:30,1143.6
2025-01-07,09:45,1224
2025-01-07,10:00,1228.8
2025-01-07,10:15,1195.2
2025-01-07,10:30,912
2025-01-07,10:45,1015.2
2025-01-07,11:00,901.2
2025-01-07,11:15,993.6
2025-01-07,11:30,878.4
2025-01-07,11:45,952.8
2025-01-07,12:00,896.4
2025-01-07,12:15,920.4
2025-01-07,12:30,892.8
2025-01-07,12:45,990
2025-01-07,13:00,948
2025-01-07,13:15,900
2025-01-07,13:30,1100.4
2025-01-07,13:45,980.4
2025-01-07,14:00,1046.4
2025-01-07,14:15,1024.8
2025-01-07,14:30,1153.2
2025-01-07,14:45,1112.4
2025-01-07,15:00,1126.8
2025-01-07,15:15,1149.6
2025-01-07,15:30,1240.8
2025-01-07,15:45,1081.2
2025-01-07,16:00,1143.6
2025-01-07,16:15,1144.8
2025-01-07,16:30,1249.2
2025-01-07,16:45,1206
2025-01-07,17:00,1228.8
2025-01-07,17:15,1221.6
2025-01-07,17:30,1249.2
2025-01-07,17:45,1395.6
2025-01-07,18:00,1090.8
2025-01-07,18:15,1214.4
2025-01-07,18:30,1100.4
2025-01-07,18:45,1194
2025-01-07,19:00,1167.6
2025-01-07,19:15,1153.2
2025-01-07,19:30,1209.6
2025-01-07,19:45,1327.2
2025-01-07,20:00,1206
2025-01-07,20:15,1334.4
2025-01-07,20:30,1174.8
2025-01-07,20:45,1400.4
2025-01-07,21:00,1171.2
2025-01-07,21:15,1350
2025-01-07,21:30,1201.2
2025-01-07,21:45,1495.2
2025-01-07,22:00,1352.4
2025-01-07,22:15,1617.6
2025-01-07,22:30,2160
2025-01-07,22:45,2176.8
2025-01-07,23:00,3054
2025-01-07,23:15,3247.2
2025-01-07,23:30,3524.4
2025-01-07,23:45,4017.6
2025-01-08,00:00,3334.8
2025-01-08,00:15,2190
2025-01-08,00:30,4200
2025-01-08,00:45,4242
2025-01-08,01:00,4131.6
2025-01-08,01:15,2751.6
2025-01-08,01:30,3853.2
2025-01-08,01:45,4113.6
2025-01-08,02:00,4206
2025-01-08,02:15,3163.2
2025-01-08,02:30,2498.4
2025-01-08,02:45,4218
2025-01-08,03:00,4254
2025-01-08,03:15,4376.4
2025-01-08,03:30,2458.8
2025-01-08,03:45,4269.6
2025-01-08,04:00,4293.6
2025-01-08,04:15,4374
2025-01-08,04:30,2358
2025-01-08,04:45,4299.6
2025-01-08,05:00,4186.8
2025-01-08,05:15,3685.2
2025-01-08,05:30,3219.6
2025-01-08,05:45,3861.6
2025-01-08,06:00,4296
2025-01-08,06:15,4236
2025-01-08,06:30,4436.4
2025-01-08,06:45,2431.2
2025-01-08,07:00,4299.6
2025-01-08,07:15,4249.2
2025-01-08,07:30,3591.6
2025-01-08,07:45,3482.4
2025-01-08,08:00,4150.8
2025-01-08,08:15,4378.8
2025-01-08,08:30,4401.6
2025-01-08,08:45,2659.2
2025-01-08,09:00,1497.6
2025-01-08,09:15,1392
2025-01-08,09:30,1118.4
2025-01-08,09:45,1158
2025-01-08,10:00,1047.6
2025-01-08,10:15,943.2
2025-01-08,10:30,891.6
2025-01-08,10:45,721.2
2025-01-08,11:00,789.6
2025-01-08,11:15,606
2025-01-08,11:30,751.2
2025-01-08,11:45,668.4
2025-01-08,12:00,711.6
2025-01-08,12:15,807.6
2025-01-08,12:30,1054.8
2025-01-08,12:45,1033.2
2025-01-08,13:00,1029.6
2025-01-08,13:15,1064.4
2025-01-08,13:30,1105.2
2025-01-08,13:45,1090.8
2025-01-08,14:00,1029.6
2025-01-08,14:15,1086
2025-01-08,14:30,1006.8
2025-01-08,14:45,1291.2
2025-01-08,15:00,1028.4
2025-01-08,15:15,1135.2
2025-01-08,15:30,1160.4
2025-01-08,15:45,1214.4
2025-01-08,16:00,1104
2025-01-08,16:15,1248
2025-01-08,16:30,1072.8
2025-01-08,16:45,1242
2025-01-08,17:00,1112.4
2025-01-08,17:15,1270.8
2025-01-08,17:30,1167.6
2025-01-08,17:45,1246.8
2025-01-08,18:00,1224
2025-01-08,18:15,1116
2025-01-08,18:30,975.6
2025-01-08,18:45,1167.6
2025-01-08,19:00,1173.6
2025-01-08,19:15,1180.8
2025-01-08,19:30,1281.6
2025-01-08,19:45,1178.4
2025-01-08,20:00,1230
2025-01-08,20:15,1184.4
2025-01-08,20:30,1053.6
2025-01-08,20:45,1251.6
2025-01-08,21:00,1084.8
2025-01-08,21:15,1140
2025-01-08,21:30,1114.8
2025-01-08,21:45,1111.2
2025-01-08,22:00,1306.8
2025-01-08,22:15,1150.8
2025-01-08,22:30,1210.8
2025-01-08,22:45,1234.8
2025-01-08,23:00,4118.4
2025-01-08,23:15,4014
2025-01-08,23:30,4246.8
2025-01-08,23:45,4261.2
2025-01-09,00:00,4258.8
2025-01-09,00:15,1621.2
2025-01-09,00:30,4104
2025-01-09,00:45,4302
2025-01-09,01:00,4336.8
2025-01-09,01:15,4413.6
2025-01-09,01:30,3241.2
2025-01-09,01:45,4382.4
2025-01-09,02:00,4249.2
2025-01-09,02:15,4364.4
2025-01-09,02:30,2398.8
2025-01-09,02:45,4221.6
2025-01-09,03:00,4143.6
2025-01-09,03:15,4329.6
2025-01-09,03:30,3572.4
2025-01-09,03:45,4278
2025-01-09,04:00,4113.6
2025-01-09,04:15,4110
2025-01-09,04:30,4174.8
2025-01-09,04:45,2184
2025-01-09,05:00,4098
2025-01-09,05:15,4160.4
2025-01-09,05:30,4058.4
2025-01-09,05:45,3361.2
2025-01-09,06:00,3536.4
2025-01-09,06:15,4279.2
2025-01-09,06:30,4201.2
2025-01-09,06:45,2244
2025-01-09,07:00,4165.2
2025-01-09,07:15,4286.4
2025-01-09,07:30,4224
2025-01-09,07:45,2313.6
2025-01-09,08:00,1382.4
2025-01-09,08:15,1363.2
2025-01-09,08:30,1190.4
2025-01-09,08:45,1149.6
2025-01-09,09:00,1180.8
2025-01-09,09:15,1002
2025-01-09,09:30,1141.2
2025-01-09,09:45,895.2
2025-01-09,10:00,1214.4
2025-01-09,10:15,945.6
2025-01-09,10:30,816
2025-01-09,10:45,765.6
2025-01-09,11:00,745.2
2025-01-09,11:15,682.8
2025-01-09,11:30,685.2
2025-01-09,11:45,592.8
2025-01-09,12:00,552
2025-01-09,12:15,825.6
2025-01-09,12:30,763.2
2025-01-09,12:45,676.8
2025-01-09,13:00,877.2
2025-01-09,13:15,1244.4
2025-01-09,13:30,1318.8
2025-01-09,13:45,1138.8
2025-01-09,14:00,1374
2025-01-09,14:15,1406.4
2025-01-09,14:30,1416
2025-01-09,14:45,1315.2
2025-01-09,15:00,1375.2
2025-01-09,15:15,1296
2025-01-09,15:30,1447.2
2025-01-09,15:45,1340.4
2025-01-09,16:00,1401.6
2025-01-09,16:15,1707.6
2025-01-09,16:30,1443.6
2025-01-09,16:45,1564.8
2025-01-09,17:00,1498.8
2025-01-09,17:15,1674
2025-01-09,17:30,1486.8
2025-01-09,17:45,1436.4
2025-01-09,18:00,1580.4
2025-01-09,18:15,1359.6
2025-01-09,18:30,1387.2
2025-01-09,18:45,1382.4
2025-01-09,19:00,1658.4
2025-01-09,19:15,1411.2
2025-01-09,19:30,1490.4
2025-01-09,19:45,1588.8
2025-01-09,20:00,1497.6
2025-01-09,20:15,1479.6
2025-01-09,20:30,1425.6
2025-01-09,20:45,1320
2025-01-09,21:00,1411.2
2025-01-09,21:15,1314
2025-01-09,21:30,1344
2025-01-09,21:45,1279.2
2025-01-09,22:00,1252.8
2025-01-09,22:15,1563.6
2025-01-09,22:30,1149.6
2025-01-09,22:45,1311.6
2025-01-09,23:00,3736.8
2025-01-09,23:15,4058.4
2025-01-09,23:30,4340.4
2025-01-09,23:45,4270.8
2025-01-10,00:00,4252.8
2025-01-10,00:15,2420.4
2025-01-10,00:30,3952.8
2025-01-10,00:45,4352.4
2025-01-10,01:00,4316.4
2025-01-10,01:15,2604
2025-01-10,01:30,4143.6
2025-01-10,01:45,4296
2025-01-10,02:00,4275.6
2025-01-10,02:15,3772.8
2025-01-10,02:30,3265.2
2025-01-10,02:45,4341.6
2025-01-10,03:00,2565.6
2025-01-10,03:15,4266
2025-01-10,03:30,3241.2
2025-01-10,03:45,3363.6
2025-01-10,04:00,3247.2
2025-01-10,04:15,4340.4
2025-01-10,04:30,3283.2
2025-01-10,04:45,4268.4
2025-01-10,05:00,4254
2025-01-10,05:15,3259.2
2025-01-10,05:30,3292.8
2025-01-10,05:45,4362
2025-01-10,06:00,3320.4
2025-01-10,06:15,4076.4
2025-01-10,06:30,3396
2025-01-10,06:45,4351.2
2025-01-10,07:00,4351.2
2025-01-10,07:15,3312
2025-01-10,07:30,2600.4
2025-01-10,07:45,1736.4
2025-01-10,08:00,1407.6
2025-01-10,08:15,1174.8
2025-01-10,08:30,1213.2
2025-01-10,08:45,1311.6
2025-01-10,09:00,1170
2025-01-10,09:15,1534.8
2025-01-10,09:30,1088.4
2025-01-10,09:45,1158
2025-01-10,10:00,1538.4
2025-01-10,10:15,1220.4
2025-01-10,10:30,1118.4
2025-01-10,10:45,1194
2025-01-10,11:00,1143.6
2025-01-10,11:15,1161.6
2025-01-10,11:30,958.8
2025-01-10,11:45,1059.6
2025-01-10,12:00,1071.6
2025-01-10,12:15,1066.8
2025-01-10,12:30,1102.8
2025-01-10,12:45,846
2025-01-10,13:00,910.8
2025-01-10,13:15,1132.8
2025-01-10,13:30,1089.6
2025-01-10,13:45,1102.8
2025-01-10,14:00,1083.6
2025-01-10,14:15,1348.8
2025-01-10,14:30,1138.8
2025-01-10,14:45,1213.2
2025-01-10,15:00,1294.8
2025-01-10,15:15,1326
2025-01-10,15:30,1242
2025-01-10,15:45,1584
2025-01-10,16:00,1329.6
2025-01-10,16:15,1614
2025-01-10,16:30,1417.2
2025-01-10,16:45,1472.4
2025-01-10,17:00,1384.8
2025-01-10,17:15,1552.8
2025-01-10,17:30,1462.8
2025-01-10,17:45,1453.2
2025-01-10,18:00,1549.2
2025-01-10,18:15,1437.6
2025-01-10,18:30,1530
2025-01-10,18:45,1419.6
2025-01-10,19:00,1466.4
2025-01-10,19:15,1468.8
2025-01-10,19:30,1544.4
2025-01-10,19:45,1491.6
2025-01-10,20:00,1617.6
2025-01-10,20:15,1311.6
2025-01-10,20:30,1498.8
2025-01-10,20:45,1540.8
2025-01-10,21:00,1519.2
2025-01-10,21:15,1376.4
2025-01-10,21:30,1606.8
2025-01-10,21:45,1326
2025-01-10,22:00,1510.8
2025-01-10,22:15,1300.8
2025-01-10,22:30,1324.8
2025-01-10,22:45,1375.2
2025-01-10,23:00,4242
2025-01-10,23:15,4352.4
2025-01-10,23:30,4387.2
2025-01-10,23:45,4471.2
2025-01-11,00:00,4414.8
2025-01-11,00:15,2827.2
2025-01-11,00:30,3526.8
2025-01-11,00:45,4522.8
2025-01-11,01:00,4426.8
2025-01-11,01:15,4387.2
2025-01-11,01:30,3542.4
2025-01-11,01:45,4444.8
2025-01-11,02:00,4461.6
2025-01-11,02:15,4526.4
2025-01-11,02:30,2928
2025-01-11,02:45,3484.8
2025-01-11,03:00,4250.4
2025-01-11,03:15,4438.8
2025-01-11,03:30,4641.6
2025-01-11,03:45,2714.4
2025-01-11,04:00,4341.6
2025-01-11,04:15,4384.8
2025-01-11,04:30,4452
2025-01-11,04:45,4526.4
2025-01-11,05:00,3847.2
2025-01-11,05:15,4428
2025-01-11,05:30,3979.2
2025-01-11,05:45,4383.6
2025-01-11,06:00,3742.8
2025-01-11,06:15,4450.8
2025-01-11,06:30,4436.4
2025-01-11,06:45,3510
2025-01-11,07:00,4222.8
2025-01-11,07:15,4663.2
2025-01-11,07:30,4411.2
2025-01-11,07:45,4562.4
2025-01-11,08:00,1779.6
2025-01-11,08:15,1592.4
2025-01-11,08:30,1509.6
2025-01-11,08:45,1530
2025-01-11,09:00,1454.4
2025-01-11,09:15,1488
2025-01-11,09:30,1428
2025-01-11,09:45,1454.4
2025-01-11,10:00,1477.2
2025-01-11,10:15,1306.8
2025-01-11,10:30,1359.6
2025-01-11,10:45,1344
2025-01-11,11:00,1254
2025-01-11,11:15,1280.4
2025-01-11,11:30,1147.2
2025-01-11,11:45,870
2025-01-11,12:00,814.8
2025-01-11,12:15,842.4
2025-01-11,12:30,910.8
2025-01-11,12:45,838.8
2025-01-11,13:00,816
2025-01-11,13:15,1110
2025-01-11,13:30,994.8
2025-01-11,13:45,886.8
2025-01-11,14:00,774
2025-01-11,14:15,896.4
2025-01-11,14:30,765.6
2025-01-11,14:45,956.4
2025-01-11,15:00,940.8
2025-01-11,15:15,919.2
2025-01-11,15:30,936
2025-01-11,15:45,1249.2
2025-01-11,16:00,1014
2025-01-11,16:15,1148.4
2025-01-11,16:30,1093.2
2025-01-11,16:45,1236
2025-01-11,17:00,1209.6
2025-01-11,17:15,1200
2025-01-11,17:30,1153.2
2025-01-11,17:45,1164
2025-01-11,18:00,1050
2025-01-11,18:15,1101.6
2025-01-11,18:30,994.8
2025-01-11,18:45,1052.4
2025-01-11,19:00,1111.2
2025-01-11,19:15,1056
2025-01-11,19:30,1220.4
2025-01-11,19:45,1068
2025-01-11,20:00,1192.8
2025-01-11,20:15,1178.4
2025-01-11,20:30,1296
2025-01-11,20:45,1156.8
2025-01-11,21:00,1261.2
2025-01-11,21:15,1106.4
2025-01-11,21:30,1242
2025-01-11,21:45,1159.2
2025-01-11,22:00,1117.2
2025-01-11,22:15,1172.4
2025-01-11,22:30,1108.8
2025-01-11,22:45,1330.8
2025-01-11,23:00,4124.4
2025-01-11,23:15,4003.2
2025-01-11,23:30,4168.8
2025-01-11,23:45,4266
2025-01-12,00:00,4108.8
2025-01-12,00:15,2827.2
2025-01-12,00:30,4038
2025-01-12,00:45,4422
2025-01-12,01:00,4330.8
2025-01-12,01:15,2704.8
2025-01-12,01:30,3315.6
2025-01-12,01:45,4358.4
2025-01-12,02:00,4207.2
2025-01-12,02:15,4360.8
2025-01-12,02:30,3252
2025-01-12,02:45,4275.6
2025-01-12,03:00,4243.2
2025-01-12,03:15,4255.2
2025-01-12,03:30,4543.2
2025-01-12,03:45,3765.6
2025-01-12,04:00,4312.8
2025-01-12,04:15,4434
2025-01-12,04:30,2516.4
2025-01-12,04:45,3253.2
2025-01-12,05:00,4249.2
2025-01-12,05:15,4267.2
2025-01-12,05:30,2574
2025-01-12,05:45,3280.8
2025-01-12,06:00,4362
2025-01-12,06:15,3396
2025-01-12,06:30,4198.8
2025-01-12,06:45,3654
2025-01-12,07:00,4245.6
2025-01-12,07:15,2474.4
2025-01-12,07:30,2413.2
2025-01-12,07:45,1617.6
2025-01-12,08:00,1264.8
2025-01-12,08:15,1364.4
2025-01-12,08:30,1192.8
2025-01-12,08:45,1310.4
2025-01-12,09:00,1258.8
2025-01-12,09:15,1389.6
2025-01-12,09:30,1142.4
2025-01-12,09:45,1420.8
2025-01-12,10:00,1549.2
2025-01-12,10:15,1466.4
2025-01-12,10:30,1304.4
2025-01-12,10:45,1358.4
2025-01-12,11:00,1183.2
2025-01-12,11:15,1267.2
2025-01-12,11:30,1246.8
2025-01-12,11:45,1270.8
2025-01-12,12:00,1166.4
2025-01-12,12:15,1167.6
2025-01-12,12:30,976.8
2025-01-12,12:45,961.2
2025-01-12,13:00,1058.4
2025-01-12,13:15,1035.6
2025-01-12,13:30,999.6
2025-01-12,13:45,925.2
2025-01-12,14:00,1236
2025-01-12,14:15,1138.8
2025-01-12,14:30,1174.8
2025-01-12,14:45,1128
2025-01-12,15:00,1299.6
2025-01-12,15:15,1243.2
2025-01-12,15:30,1281.6
2025-01-12,15:45,1330.8
2025-01-12,16:00,1366.8
2025-01-12,16:15,1396.8
2025-01-12,16:30,1340.4
2025-01-12,16:45,1436.4
2025-01-12,17:00,1476
2025-01-12,17:15,1530
2025-01-12,17:30,1420.8
2025-01-12,17:45,1450.8
2025-01-12,18:00,1272
2025-01-12,18:15,1498.8
2025-01-12,18:30,1286.4
2025-01-12,18:45,1333.2
2025-01-12,19:00,1438.8
2025-01-12,19:15,1442.4
2025-01-12,19:30,1406.4
2025-01-12,19:45,1317.6
2025-01-12,20:00,1347.6
2025-01-12,20:15,1490.4
2025-01-12,20:30,1395.6
2025-01-12,20:45,1434
2025-01-12,21:00,1320
2025-01-12,21:15,1372.8
2025-01-12,21:30,1357.2
2025-01-12,21:45,1404
2025-01-12,22:00,1317.6
2025-01-12,22:15,1360.8
2025-01-12,22:30,1284
2025-01-12,22:45,1358.4
2025-01-12,23:00,4290
2025-01-12,23:15,4406.4
2025-01-12,23:30,4437.6
2025-01-12,23:45,4320
2025-01-13,00:00,4508.4
2025-01-13,00:15,2157.6
2025-01-13,00:30,4486.8
2025-01-13,00:45,4353.6
2025-01-13,01:00,4344
2025-01-13,01:15,2182.8
2025-01-13,01:30,4365.6
2025-01-13,01:45,4412.4
2025-01-13,02:00,4430.4
2025-01-13,02:15,1947.6
2025-01-13,02:30,4442.4
2025-01-13,02:45,4545.6
2025-01-13,03:00,4400.4
2025-01-13,03:15,4287.6
2025-01-13,03:30,2319.6
2025-01-13,03:45,4064.4
2025-01-13,04:00,4246.8
2025-01-13,04:15,4266
2025-01-13,04:30,3633.6
2025-01-13,04:45,3669.6
2025-01-13,05:00,4334.4
2025-01-13,05:15,4198.8
2025-01-13,05:30,3405.6
2025-01-13,05:45,3003.6
2025-01-13,06:00,4370.4
2025-01-13,06:15,4398
2025-01-13,06:30,2564.4
2025-01-13,06:45,4240.8
2025-01-13,07:00,4381.2
2025-01-13,07:15,3334.8
2025-01-13,07:30,3405.6
2025-01-13,07:45,1477.2
2025-01-13,08:00,1446
2025-01-13,08:15,1584
2025-01-13,08:30,1402.8
2025-01-13,08:45,1419.6
2025-01-13,09:00,1388.4
2025-01-13,09:15,1214.4
2025-01-13,09:30,1335.6
2025-01-13,09:45,1165.2
2025-01-13,10:00,1160.4
2025-01-13,10:15,1214.4
2025-01-13,10:30,1101.6
2025-01-13,10:45,986.4
2025-01-13,11:00,958.8
2025-01-13,11:15,849.6
2025-01-13,11:30,961.2
2025-01-13,11:45,748.8
2025-01-13,12:00,874.8
2025-01-13,12:15,928.8
2025-01-13,12:30,762
2025-01-13,12:45,936
2025-01-13,13:00,805.2
2025-01-13,13:15,903.6
2025-01-13,13:30,916.8
2025-01-13,13:45,884.4
2025-01-13,14:00,1064.4
2025-01-13,14:15,970.8
2025-01-13,14:30,1062
2025-01-13,14:45,1143.6
2025-01-13,15:00,1165.2
2025-01-13,15:15,1162.8
2025-01-13,15:30,1185.6
2025-01-13,15:45,1399.2
2025-01-13,16:00,1345.2
2025-01-13,16:15,1458
2025-01-13,16:30,1334.4
2025-01-13,16:45,1406.4
2025-01-13,17:00,1530
2025-01-13,17:15,1416
2025-01-13,17:30,1453.2
2025-01-13,17:45,1363.2
2025-01-13,18:00,1363.2
2025-01-13,18:15,1296
2025-01-13,18:30,1261.2
2025-01-13,18:45,1269.6
2025-01-13,19:00,1305.6
2025-01-13,19:15,1332
2025-01-13,19:30,1279.2
2025-01-13,19:45,1422
2025-01-13,20:00,1256.4
2025-01-13,20:15,1348.8
2025-01-13,20:30,1442.4
2025-01-13,20:45,1346.4
2025-01-13,21:00,1479.6
2025-01-13,21:15,1356
2025-01-13,21:30,1378.8
2025-01-13,21:45,1420.8
2025-01-13,22:00,1321.2
2025-01-13,22:15,1366.8
2025-01-13,22:30,1410
2025-01-13,22:45,1360.8
2025-01-13,23:00,4095.6
2025-01-13,23:15,4352.4
2025-01-13,23:30,4440
2025-01-13,23:45,4300.8
2025-01-14,00:00,4359.6
2025-01-14,00:15,1869.6
2025-01-14,00:30,4358.4
2025-01-14,00:45,4423.2
2025-01-14,01:00,4311.6
2025-01-14,01:15,1824
2025-01-14,01:30,4395.6
2025-01-14,01:45,4281.6
2025-01-14,02:00,4479.6
2025-01-14,02:15,1843.2
2025-01-14,02:30,4424.4
2025-01-14,02:45,4413.6
2025-01-14,03:00,4502.4
2025-01-14,03:15,3552
2025-01-14,03:30,2752.8
2025-01-14,03:45,4411.2
2025-01-14,04:00,4489.2
2025-01-14,04:15,4558.8
2025-01-14,04:30,2865.6
2025-01-14,04:45,4232.4
2025-01-14,05:00,4356
2025-01-14,05:15,4444.8
2025-01-14,05:30,3396
2025-01-14,05:45,4453.2
2025-01-14,06:00,4358.4
2025-01-14,06:15,3589.2
2025-01-14,06:30,4399.2
2025-01-14,06:45,4404
2025-01-14,07:00,4365.6
2025-01-14,07:15,4378.8
2025-01-14,07:30,1584
2025-01-14,07:45,1438.8
2025-01-14,08:00,1456.8
2025-01-14,08:15,1466.4
2025-01-14,08:30,1552.8
2025-01-14,08:45,1383.6
2025-01-14,09:00,1430.4
2025-01-14,09:15,1636.8
2025-01-14,09:30,1612.8
2025-01-14,09:45,1681.2
2025-01-14,10:00,1178.4
2025-01-14,10:15,1670.4
2025-01-14,10:30,1393.2
2025-01-14,10:45,1616.4
2025-01-14,11:00,1662
2025-01-14,11:15,1209.6
2025-01-14,11:30,1551.6
2025-01-14,11:45,1563.6
2025-01-14,12:00,1407.6
2025-01-14,12:15,1284
2025-01-14,12:30,1651.2
2025-01-14,12:45,1149.6
2025-01-14,13:00,1344
2025-01-14,13:15,1465.2
2025-01-14,13:30,1330.8
2025-01-14,13:45,1400.4
2025-01-14,14:00,1572
2025-01-14,14:15,1514.4
2025-01-14,14:30,1542
2025-01-14,14:45,1466.4
2025-01-14,15:00,1629.6
2025-01-14,15:15,1652.4
2025-01-14,15:30,1681.2
2025-01-14,15:45,1616.4
2025-01-14,16:00,1644
2025-01-14,16:15,1670.4
2025-01-14,16:30,1677.6
2025-01-14,16:45,1842
2025-01-14,17:00,1730.4
2025-01-14,17:15,1844.4
2025-01-14,17:30,1718.4
2025-01-14,17:45,1622.4
2025-01-14,18:00,1867.2
2025-01-14,18:15,1574.4
2025-01-14,18:30,1586.4
2025-01-14,18:45,1681.2
2025-01-14,19:00,1605.6
2025-01-14,19:15,1719.6
2025-01-14,19:30,1870.8
2025-01-14,19:45,1664.4
2025-01-14,20:00,1705.2
2025-01-14,20:15,1671.6
2025-01-14,20:30,1726.8
2025-01-14,20:45,1878
2025-01-14,21:00,1725.6
2025-01-14,21:15,1712.4
2025-01-14,21:30,1664.4
2025-01-14,21:45,1785.6
2025-01-14,22:00,1821.6
2025-01-14,22:15,1750.8
2025-01-14,22:30,1627.2
2025-01-14,22:45,1792.8
2025-01-14,23:00,4706.4
2025-01-14,23:15,4340.4
2025-01-14,23:30,4576.8
2025-01-14,23:45,4764
2025-01-15,00:00,4828.8
2025-01-15,00:15,2140.8
2025-01-15,00:30,4770
2025-01-15,00:45,4702.8
2025-01-15,01:00,4822.8
2025-01-15,01:15,3019.2
2025-01-15,01:30,4394.4
2025-01-15,01:45,4857.6
2025-01-15,02:00,4695.6
2025-01-15,02:15,4635.6
2025-01-15,02:30,1890
2025-01-15,02:45,4734
2025-01-15,03:00,4708.8
2025-01-15,03:15,4741.2
2025-01-15,03:30,3762
2025-01-15,03:45,4772.4
2025-01-15,04:00,4807.2
2025-01-15,04:15,4588.8
2025-01-15,04:30,3824.4
2025-01-15,04:45,3039.6
2025-01-15,05:00,4574.4
2025-01-15,05:15,4719.6
2025-01-15,05:30,3826.8
2025-01-15,05:45,3727.2
2025-01-15,06:00,4633.2
2025-01-15,06:15,4716
2025-01-15,06:30,3775.2
2025-01-15,06:45,2858.4
2025-01-15,07:00,4638
2025-01-15,07:15,4656
2025-01-15,07:30,3976.8
2025-01-15,07:45,2824.8
2025-01-15,08:00,1695.6
2025-01-15,08:15,1971.6
2025-01-15,08:30,1711.2
2025-01-15,08:45,1575.6
2025-01-15,09:00,1594.8
2025-01-15,09:15,1600.8
2025-01-15,09:30,1599.6
2025-01-15,09:45,1442.4
2025-01-15,10:00,1348.8
2025-01-15,10:15,1497.6
2025-01-15,10:30,1432.8
2025-01-15,10:45,1170
2025-01-15,11:00,1156.8
2025-01-15,11:15,1134
2025-01-15,11:30,1147.2
2025-01-15,11:45,964.8
2025-01-15,12:00,1057.2
2025-01-15,12:15,1327.2
2025-01-15,12:30,1077.6
2025-01-15,12:45,1083.6
2025-01-15,13:00,1406.4
2025-01-15,13:15,1122
2025-01-15,13:30,979.2
2025-01-15,13:45,1258.8
2025-01-15,14:00,1213.2
2025-01-15,14:15,1264.8
2025-01-15,14:30,1243.2
2025-01-15,14:45,1303.2
2025-01-15,15:00,1284
2025-01-15,15:15,1410
2025-01-15,15:30,1354.8
2025-01-15,15:45,1540.8
2025-01-15,16:00,1555.2
2025-01-15,16:15,1525.2
2025-01-15,16:30,1942.8
2025-01-15,16:45,1598.4
2025-01-15,17:00,1678.8
2025-01-15,17:15,2005.2
2025-01-15,17:30,1656
2025-01-15,17:45,1588.8
2025-01-15,18:00,1928.4
2025-01-15,18:15,1633.2
2025-01-15,18:30,1623.6
2025-01-15,18:45,1596
2025-01-15,19:00,1614
2025-01-15,19:15,1663.2
2025-01-15,19:30,1634.4
2025-01-15,19:45,1648.8
2025-01-15,20:00,1809.6
2025-01-15,20:15,1644
2025-01-15,20:30,1693.2
2025-01-15,20:45,1894.8
2025-01-15,21:00,1827.6
2025-01-15,21:15,1792.8
2025-01-15,21:30,1810.8
2025-01-15,21:45,1700.4
2025-01-15,22:00,1819.2
2025-01-15,22:15,2767.2
2025-01-15,22:30,2487.6
2025-01-15,22:45,2666.4
2025-01-15,23:00,4596
2025-01-15,23:15,3777.6
2025-01-15,23:30,3831.6
2025-01-15,23:45,4005.6
2025-01-16,00:00,3537.6
2025-01-16,00:15,2696.4
2025-01-16,00:30,4772.4
2025-01-16,00:45,4623.6
2025-01-16,01:00,3697.2
2025-01-16,01:15,3468
2025-01-16,01:30,4638
2025-01-16,01:45,4833.6
2025-01-16,02:00,4592.4
2025-01-16,02:15,2817.6
2025-01-16,02:30,4128
2025-01-16,02:45,4584
2025-01-16,03:00,3903.6
2025-01-16,03:15,4909.2
2025-01-16,03:30,3924
2025-01-16,03:45,4818
2025-01-16,04:00,3816
2025-01-16,04:15,4712.4
2025-01-16,04:30,3051.6
2025-01-16,04:45,4534.8
2025-01-16,05:00,3656.4
2025-01-16,05:15,4633.2
2025-01-16,05:30,4696.8
2025-01-16,05:45,4122
2025-01-16,06:00,3692.4
2025-01-16,06:15,4688.4
2025-01-16,06:30,4702.8
2025-01-16,06:45,2979.6
2025-01-16,07:00,4622.4
2025-01-16,07:15,3781.2
2025-01-16,07:30,3856.8
2025-01-16,07:45,3739.2
2025-01-16,08:00,1716
2025-01-16,08:15,1795.2
2025-01-16,08:30,1858.8
2025-01-16,08:45,1616.4
2025-01-16,09:00,1857.6
2025-01-16,09:15,1641.6
2025-01-16,09:30,1801.2
2025-01-16,09:45,1508.4
2025-01-16,10:00,1555.2
2025-01-16,10:15,1594.8
2025-01-16,10:30,1426.8
2025-01-16,10:45,1410
2025-01-16,11:00,1224
2025-01-16,11:15,1096.8
2025-01-16,11:30,1396.8
2025-01-16,11:45,1531.2
2025-01-16,12:00,1206
2025-01-16,12:15,994.8
2025-01-16,12:30,1214.4
2025-01-16,12:45,1110
2025-01-16,13:00,1033.2
2025-01-16,13:15,1230
2025-01-16,13:30,1126.8
2025-01-16,13:45,957.6
2025-01-16,14:00,1204.8
2025-01-16,14:15,1232.4
2025-01-16,14:30,1152
2025-01-16,14:45,1372.8
2025-01-16,15:00,1298.4
2025-01-16,15:15,1552.8
2025-01-16,15:30,1533.6
2025-01-16,15:45,1497.6
2025-01-16,16:00,1596
2025-01-16,16:15,1711.2
2025-01-16,16:30,1755.6
2025-01-16,16:45,1770
2025-01-16,17:00,1651.2
2025-01-16,17:15,1770
2025-01-16,17:30,1702.8
2025-01-16,17:45,1527.6
2025-01-16,18:00,1622.4
2025-01-16,18:15,1766.4
2025-01-16,18:30,1723.2
2025-01-16,18:45,1634.4
2025-01-16,19:00,1749.6
2025-01-16,19:15,1840.8
2025-01-16,19:30,1641.6
2025-01-16,19:45,1664.4
2025-01-16,20:00,1596
2025-01-16,20:15,1729.2
2025-01-16,20:30,1711.2
2025-01-16,20:45,1779.6
2025-01-16,21:00,1706.4
2025-01-16,21:15,1849.2
2025-01-16,21:30,1576.8
2025-01-16,21:45,1810.8
2025-01-16,22:00,1879.2
2025-01-16,22:15,1784.4
2025-01-16,22:30,1855.2
2025-01-16,22:45,1692
2025-01-16,23:00,4629.6
2025-01-16,23:15,4885.2
2025-01-16,23:30,4664.4
2025-01-16,23:45,4776
2025-01-17,00:00,4898.4
2025-01-17,00:15,2330.4
2025-01-17,00:30,4514.4
2025-01-17,00:45,4776
2025-01-17,01:00,4509.6
2025-01-17,01:15,4251.6
2025-01-17,01:30,4350
2025-01-17,01:45,4431.6
2025-01-17,02:00,4638
2025-01-17,02:15,3626.4
2025-01-17,02:30,2810.4
2025-01-17,02:45,4524
2025-01-17,03:00,4456.8
2025-01-17,03:15,3694.8
2025-01-17,03:30,4702.8
2025-01-17,03:45,4452
2025-01-17,04:00,4426.8
2025-01-17,04:15,4009.2
2025-01-17,04:30,4543.2
2025-01-17,04:45,4515.6
2025-01-17,05:00,4418.4
2025-01-17,05:15,3505.2
2025-01-17,05:30,2760
2025-01-17,05:45,4544.4
2025-01-17,06:00,4441.2
2025-01-17,06:15,4113.6
2025-01-17,06:30,2797.2
2025-01-17,06:45,4510.8
2025-01-17,07:00,4762.8
2025-01-17,07:15,4440
2025-01-17,07:30,2168.4
2025-01-17,07:45,1762.8
2025-01-17,08:00,1476
2025-01-17,08:15,1608
2025-01-17,08:30,1566
2025-01-17,08:45,1434
2025-01-17,09:00,1372.8
2025-01-17,09:15,1377.6
2025-01-17,09:30,1359.6
2025-01-17,09:45,1090.8
2025-01-17,10:00,1132.8
2025-01-17,10:15,920.4
2025-01-17,10:30,1123.2
2025-01-17,10:45,832.8
2025-01-17,11:00,848.4
2025-01-17,11:15,1035.6
2025-01-17,11:30,732
2025-01-17,11:45,552
2025-01-17,12:00,943.2
2025-01-17,12:15,630
2025-01-17,12:30,597.6
2025-01-17,12:45,666
2025-01-17,13:00,606
2025-01-17,13:15,754.8
2025-01-17,13:30,793.2
2025-01-17,13:45,646.8
2025-01-17,14:00,721.2
2025-01-17,14:15,820.8
2025-01-17,14:30,823.2
2025-01-17,14:45,776.4
2025-01-17,15:00,1024.8
2025-01-17,15:15,975.6
2025-01-17,15:30,1056
2025-01-17,15:45,1078.8
2025-01-17,16:00,1035.6
2025-01-17,16:15,1147.2
2025-01-17,16:30,1320
2025-01-17,16:45,1178.4
2025-01-17,17:00,1244.4
2025-01-17,17:15,1052.4
2025-01-17,17:30,1180.8
2025-01-17,17:45,1338
2025-01-17,18:00,1075.2
2025-01-17,18:15,1134
2025-01-17,18:30,1305.6
2025-01-17,18:45,1130.4
2025-01-17,19:00,1240.8
2025-01-17,19:15,1278
2025-01-17,19:30,1150.8
2025-01-17,19:45,1233.6
2025-01-17,20:00,1160.4
2025-01-17,20:15,1228.8
2025-01-17,20:30,1270.8
2025-01-17,20:45,1161.6
2025-01-17,21:00,1256.4
2025-01-17,21:15,1192.8
2025-01-17,21:30,1311.6
2025-01-17,21:45,1122
2025-01-17,22:00,1225.2
2025-01-17,22:15,1246.8
2025-01-17,22:30,1052.4
2025-01-17,22:45,1189.2
2025-01-17,23:00,3123.6
2025-01-17,23:15,3864
2025-01-17,23:30,4359.6
2025-01-17,23:45,4045.2
2025-01-18,00:00,4122
2025-01-18,00:15,1771.2
2025-01-18,00:30,4184.4
2025-01-18,00:45,4302
2025-01-18,01:00,4204.8
2025-01-18,01:15,3162
2025-01-18,01:30,3837.6
2025-01-18,01:45,4226.4
2025-01-18,02:00,4172.4
2025-01-18,02:15,3105.6
2025-01-18,02:30,2337.6
2025-01-18,02:45,4064.4
2025-01-18,03:00,4083.6
2025-01-18,03:15,4300.8
2025-01-18,03:30,2572.8
2025-01-18,03:45,4320
2025-01-18,04:00,4110
2025-01-18,04:15,4100.4
2025-01-18,04:30,1731.6
2025-01-18,04:45,3978
2025-01-18,05:00,4183.2
2025-01-18,05:15,4309.2
2025-01-18,05:30,1641.6
2025-01-18,05:45,4304.4
2025-01-18,06:00,4212
2025-01-18,06:15,4254
2025-01-18,06:30,4087.2
2025-01-18,06:45,4214.4
2025-01-18,07:00,4294.8
2025-01-18,07:15,3402
2025-01-18,07:30,1405.2
2025-01-18,07:45,1293.6
2025-01-18,08:00,1450.8
2025-01-18,08:15,1452
2025-01-18,08:30,1150.8
2025-01-18,08:45,1353.6
2025-01-18,09:00,1024.8
2025-01-18,09:15,1122
2025-01-18,09:30,1006.8
2025-01-18,09:45,820.8
2025-01-18,10:00,836.4
2025-01-18,10:15,1140
2025-01-18,10:30,699.6
2025-01-18,10:45,808.8
2025-01-18,11:00,757.2
2025-01-18,11:15,666
2025-01-18,11:30,1046.4
2025-01-18,11:45,556.8
2025-01-18,12:00,712.8
2025-01-18,12:15,781.2
2025-01-18,12:30,782.4
2025-01-18,12:45,687.6
2025-01-18,13:00,774
2025-01-18,13:15,747.6
2025-01-18,13:30,770.4
2025-01-18,13:45,734.4
2025-01-18,14:00,654
2025-01-18,14:15,934.8
2025-01-18,14:30,744
2025-01-18,14:45,751.2
2025-01-18,15:00,835.2
2025-01-18,15:15,861.6
2025-01-18,15:30,920.4
2025-01-18,15:45,1102.8
2025-01-18,16:00,966
2025-01-18,16:15,994.8
2025-01-18,16:30,1107.6
2025-01-18,16:45,1165.2
2025-01-18,17:00,1204.8
2025-01-18,17:15,1066.8
2025-01-18,17:30,1216.8
2025-01-18,17:45,1194
2025-01-18,18:00,1094.4
2025-01-18,18:15,1146
2025-01-18,18:30,1125.6
2025-01-18,18:45,1112.4
2025-01-18,19:00,1227.6
2025-01-18,19:15,1101.6
2025-01-18,19:30,1107.6
2025-01-18,19:45,1114.8
2025-01-18,20:00,1172.4
2025-01-18,20:15,1182
2025-01-18,20:30,1178.4
2025-01-18,20:45,1174.8
2025-01-18,21:00,1348.8
2025-01-18,21:15,1053.6
2025-01-18,21:30,1102.8
2025-01-18,21:45,1180.8
2025-01-18,22:00,1086
2025-01-18,22:15,1138.8
2025-01-18,22:30,1131.6
2025-01-18,22:45,1264.8
2025-01-18,23:00,3901.2
2025-01-18,23:15,4004.4
2025-01-18,23:30,4082.4
2025-01-18,23:45,4154.4
2025-01-19,00:00,4053.6
2025-01-19,00:15,1382.4
2025-01-19,00:30,4111.2
2025-01-19,00:45,4233.6
2025-01-19,01:00,4174.8
2025-01-19,01:15,1272
2025-01-19,01:30,3898.8
2025-01-19,01:45,4028.4
2025-01-19,02:00,4238.4
2025-01-19,02:15,4059.6
2025-01-19,02:30,2250
2025-01-19,02:45,4138.8
2025-01-19,03:00,4134
2025-01-19,03:15,4080
2025-01-19,03:30,1666.8
2025-01-19,03:45,4186.8
2025-01-19,04:00,4070.4
2025-01-19,04:15,4086
2025-01-19,04:30,4254
2025-01-19,04:45,3698.4
2025-01-19,05:00,4244.4
2025-01-19,05:15,4209.6
2025-01-19,05:30,3160.8
2025-01-19,05:45,3362.4
2025-01-19,06:00,4258.8
2025-01-19,06:15,4209.6
2025-01-19,06:30,2542.8
2025-01-19,06:45,3326.4
2025-01-19,07:00,4296
2025-01-19,07:15,4329.6
2025-01-19,07:30,4275.6
2025-01-19,07:45,1388.4
2025-01-19,08:00,1315.2
2025-01-19,08:15,1272
2025-01-19,08:30,1166.4
2025-01-19,08:45,1230
2025-01-19,09:00,1132.8
2025-01-19,09:15,1070.4
2025-01-19,09:30,1005.6
2025-01-19,09:45,1120.8
2025-01-19,10:00,985.2
2025-01-19,10:15,952.8
2025-01-19,10:30,1036.8
2025-01-19,10:45,782.4
2025-01-19,11:00,844.8
2025-01-19,11:15,764.4
2025-01-19,11:30,602.4
2025-01-19,11:45,723.6
2025-01-19,12:00,681.6
2025-01-19,12:15,679.2
2025-01-19,12:30,576
2025-01-19,12:45,573.6
2025-01-19,13:00,796.8
2025-01-19,13:15,680.4
2025-01-19,13:30,616.8
2025-01-19,13:45,843.6
2025-01-19,14:00,758.4
2025-01-19,14:15,844.8
2025-01-19,14:30,864
2025-01-19,14:45,802.8
2025-01-19,15:00,831.6
2025-01-19,15:15,945.6
2025-01-19,15:30,848.4
2025-01-19,15:45,1029.6
2025-01-19,16:00,1052.4
2025-01-19,16:15,1088.4
2025-01-19,16:30,1040.4
2025-01-19,16:45,1212
2025-01-19,17:00,1118.4
2025-01-19,17:15,1095.6
2025-01-19,17:30,1213.2
2025-01-19,17:45,1076.4
2025-01-19,18:00,1123.2
2025-01-19,18:15,1245.6
2025-01-19,18:30,1077.6
2025-01-19,18:45,1050
2025-01-19,19:00,1177.2
2025-01-19,19:15,1104
2025-01-19,19:30,1114.8
2025-01-19,19:45,1104
2025-01-19,20:00,1166.4
2025-01-19,20:15,1207.2
2025-01-19,20:30,1171.2
2025-01-19,20:45,1176
2025-01-19,21:00,1170
2025-01-19,21:15,1117.2
2025-01-19,21:30,1106.4
2025-01-19,21:45,1222.8
2025-01-19,22:00,1182
2025-01-19,22:15,1140
2025-01-19,22:30,1225.2
2025-01-19,22:45,1100.4
2025-01-19,23:00,3302.4
2025-01-19,23:15,3987.6
2025-01-19,23:30,4012.8
2025-01-19,23:45,4120.8
2025-01-20,00:00,4251.6
2025-01-20,00:15,1653.6
2025-01-20,00:30,4255.2
2025-01-20,00:45,3094.8
2025-01-20,01:00,4122
2025-01-20,01:15,2793.6
2025-01-20,01:30,2964
2025-01-20,01:45,4260
2025-01-20,02:00,4170
2025-01-20,02:15,3188.4
2025-01-20,02:30,3662.4
2025-01-20,02:45,4201.2
2025-01-20,03:00,4315.2
2025-01-20,03:15,4213.2
2025-01-20,03:30,2508
2025-01-20,03:45,3369.6
2025-01-20,04:00,4249.2
2025-01-20,04:15,4098
2025-01-20,04:30,2193.6
2025-01-20,04:45,3356.4
2025-01-20,05:00,4156.8
2025-01-20,05:15,4154.4
2025-01-20,05:30,2449.2
2025-01-20,05:45,4222.8
2025-01-20,06:00,4290
2025-01-20,06:15,3361.2
2025-01-20,06:30,3876
2025-01-20,06:45,4234.8
2025-01-20,07:00,4216.8
2025-01-20,07:15,2263.2
2025-01-20,07:30,1803.6
2025-01-20,07:45,1256.4
2025-01-20,08:00,1212
2025-01-20,08:15,1380
2025-01-20,08:30,1170
2025-01-20,08:45,1168.8
2025-01-20,09:00,1138.8
2025-01-20,09:15,1105.2
2025-01-20,09:30,979.2
2025-01-20,09:45,1074
2025-01-20,10:00,1029.6
2025-01-20,10:15,967.2
2025-01-20,10:30,973.2
2025-01-20,10:45,777.6
2025-01-20,11:00,718.8
2025-01-20,11:15,721.2
2025-01-20,11:30,640.8
2025-01-20,11:45,598.8
2025-01-20,12:00,688.8
2025-01-20,12:15,700.8
2025-01-20,12:30,576
2025-01-20,12:45,788.4
2025-01-20,13:00,1027.2
2025-01-20,13:15,795.6
2025-01-20,13:30,738
2025-01-20,13:45,780
2025-01-20,14:00,585.6
2025-01-20,14:15,1032
2025-01-20,14:30,667.2
2025-01-20,14:45,782.4
2025-01-20,15:00,823.2
2025-01-20,15:15,1018.8
2025-01-20,15:30,986.4
2025-01-20,15:45,921.6
2025-01-20,16:00,1071.6
2025-01-20,16:15,1107.6
2025-01-20,16:30,1102.8
2025-01-20,16:45,1154.4
2025-01-20,17:00,1128
2025-01-20,17:15,1170
2025-01-20,17:30,1134
2025-01-20,17:45,1108.8
2025-01-20,18:00,1088.4
2025-01-20,18:15,1020
2025-01-20,18:30,1087.2
2025-01-20,18:45,1072.8
2025-01-20,19:00,1113.6
2025-01-20,19:15,1062
2025-01-20,19:30,1155.6
2025-01-20,19:45,1096.8
2025-01-20,20:00,1198.8
2025-01-20,20:15,1188
2025-01-20,20:30,1172.4
2025-01-20,20:45,1284
2025-01-20,21:00,1098
2025-01-20,21:15,1069.2
2025-01-20,21:30,1158
2025-01-20,21:45,1023.6
2025-01-20,22:00,1893.6
2025-01-20,22:15,1938
2025-01-20,22:30,2016
2025-01-20,22:45,1065.6
2025-01-20,23:00,3962.4
2025-01-20,23:15,3980.4
2025-01-20,23:30,3326.4
2025-01-20,23:45,3208.8
2025-01-21,00:00,3078
2025-01-21,00:15,2347.2
2025-01-21,00:30,3852
2025-01-21,00:45,4192.8
2025-01-21,01:00,3320.4
2025-01-21,01:15,3385.2
2025-01-21,01:30,4135.2
2025-01-21,01:45,4138.8
2025-01-21,02:00,3354
2025-01-21,02:15,3087.6
2025-01-21,02:30,3153.6
2025-01-21,02:45,3841.2
2025-01-21,03:00,3208.8
2025-01-21,03:15,4173.6
2025-01-21,03:30,4078.8
2025-01-21,03:45,4045.2
2025-01-21,04:00,3230.4
2025-01-21,04:15,4108.8
2025-01-21,04:30,3153.6
2025-01-21,04:45,4063.2
2025-01-21,05:00,2738.4
2025-01-21,05:15,4136.4
2025-01-21,05:30,3074.4
2025-01-21,05:45,4194
2025-01-21,06:00,2816.4
2025-01-21,06:15,4212
2025-01-21,06:30,3103.2
2025-01-21,06:45,4232.4
2025-01-21,07:00,3404.4
2025-01-21,07:15,2282.4
2025-01-21,07:30,1257.6
2025-01-21,07:45,1232.4
2025-01-21,08:00,1104
2025-01-21,08:15,1298.4
2025-01-21,08:30,1173.6
2025-01-21,08:45,986.4
2025-01-21,09:00,1024.8
2025-01-21,09:15,1082.4
2025-01-21,09:30,903.6
2025-01-21,09:45,817.2
2025-01-21,10:00,829.2
2025-01-21,10:15,823.2
2025-01-21,10:30,766.8
2025-01-21,10:45,638.4
2025-01-21,11:00,604.8
2025-01-21,11:15,589.2
2025-01-21,11:30,584.4
2025-01-21,11:45,610.8
2025-01-21,12:00,506.4
2025-01-21,12:15,680.4
2025-01-21,12:30,531.6
2025-01-21,12:45,615.6
2025-01-21,13:00,628.8
2025-01-21,13:15,649.2
2025-01-21,13:30,729.6
2025-01-21,13:45,658.8
2025-01-21,14:00,698.4
2025-01-21,14:15,795.6
2025-01-21,14:30,658.8
2025-01-21,14:45,848.4
2025-01-21,15:00,804
2025-01-21,15:15,867.6
2025-01-21,15:30,944.4
2025-01-21,15:45,967.2
2025-01-21,16:00,958.8
2025-01-21,16:15,1098
2025-01-21,16:30,990
2025-01-21,16:45,1039.2
2025-01-21,17:00,1137.6
2025-01-21,17:15,1044
2025-01-21,17:30,1080
2025-01-21,17:45,1069.2
2025-01-21,18:00,1026
2025-01-21,18:15,966
2025-01-21,18:30,852
2025-01-21,18:45,927.6
2025-01-21,19:00,942
2025-01-21,19:15,964.8
2025-01-21,19:30,1022.4
2025-01-21,19:45,980.4
2025-01-21,20:00,1034.4
2025-01-21,20:15,1047.6
2025-01-21,20:30,1098
2025-01-21,20:45,1087.2
2025-01-21,21:00,1059.6
2025-01-21,21:15,1054.8
2025-01-21,21:30,1122
2025-01-21,21:45,1149.6
2025-01-21,22:00,1152
2025-01-21,22:15,1330.8
2025-01-21,22:30,1593.6
2025-01-21,22:45,1874.4
2025-01-21,23:00,3927.6
2025-01-21,23:15,2919.6
2025-01-21,23:30,3054
2025-01-21,23:45,3075.6
2025-01-22,00:00,3298.8
2025-01-22,00:15,1926
2025-01-22,00:30,3535.2
2025-01-22,00:45,3607.2
2025-01-22,01:00,3696
2025-01-22,01:15,1860
2025-01-22,01:30,3690
2025-01-22,01:45,3631.2
2025-01-22,02:00,3620.4
2025-01-22,02:15,2832
2025-01-22,02:30,3374.4
2025-01-22,02:45,3612
2025-01-22,03:00,3680.4
2025-01-22,03:15,3741.6
2025-01-22,03:30,2486.4
2025-01-22,03:45,3681.6
2025-01-22,04:00,3615.6
2025-01-22,04:15,2736
2025-01-22,04:30,2624.4
2025-01-22,04:45,3631.2
2025-01-22,05:00,3710.4
2025-01-22,05:15,3598.8
2025-01-22,05:30,1993.2
2025-01-22,05:45,2619.6
2025-01-22,06:00,3693.6
2025-01-22,06:15,3666
2025-01-22,06:30,2666.4
2025-01-22,06:45,2443.2
2025-01-22,07:00,3277.2
2025-01-22,07:15,3668.4
2025-01-22,07:30,3499.2
2025-01-22,07:45,2041.2
2025-01-22,08:00,675.6
2025-01-22,08:15,478.8
2025-01-22,08:30,531.6
2025-01-22,08:45,418.8
2025-01-22,09:00,468
2025-01-22,09:15,342
2025-01-22,09:30,210
2025-01-22,09:45,174
2025-01-22,10:00,252
2025-01-22,10:15,-7.2
2025-01-22,10:30,-15.6
2025-01-22,10:45,-78
2025-01-22,11:00,-129.6
2025-01-22,11:15,-153.6
2025-01-22,11:30,-201.6
2025-01-22,11:45,-201.6
2025-01-22,12:00,-132
2025-01-22,12:15,-217.2
2025-01-22,12:30,-205.2
2025-01-22,12:45,-157.2
2025-01-22,13:00,-124.8
2025-01-22,13:15,-108
2025-01-22,13:30,130.8
2025-01-22,13:45,141.6
2025-01-22,14:00,26.4
2025-01-22,14:15,152.4
2025-01-22,14:30,127.2
2025-01-22,14:45,-4.8
2025-01-22,15:00,46.8
2025-01-22,15:15,117.6
2025-01-22,15:30,97.2
2025-01-22,15:45,138
2025-01-22,16:00,286.8
2025-01-22,16:15,303.6
2025-01-22,16:30,349.2
2025-01-22,16:45,288
2025-01-22,17:00,326.4
2025-01-22,17:15,289.2
2025-01-22,17:30,288
2025-01-22,17:45,278.4
2025-01-22,18:00,288
2025-01-22,18:15,277.2
2025-01-22,18:30,271.2
2025-01-22,18:45,283.2
2025-01-22,19:00,270
2025-01-22,19:15,284.4
2025-01-22,19:30,283.2
2025-01-22,19:45,176.4
2025-01-22,20:00,187.2
2025-01-22,20:15,303.6
2025-01-22,20:30,325.2
2025-01-22,20:45,336
2025-01-22,21:00,344.4
2025-01-22,21:15,320.4
2025-01-22,21:30,322.8
2025-01-22,21:45,322.8
2025-01-22,22:00,336
2025-01-22,22:15,292.8
2025-01-22,22:30,258
2025-01-22,22:45,267.6
2025-01-22,23:00,3202.8
2025-01-22,23:15,2856
2025-01-22,23:30,3211.2
2025-01-22,23:45,3214.8
2025-01-23,00:00,3178.8
2025-01-23,00:15,838.8
2025-01-23,00:30,3187.2
2025-01-23,00:45,3192
2025-01-23,01:00,3201.6
2025-01-23,01:15,1383.6
2025-01-23,01:30,3194.4
2025-01-23,01:45,3153.6
2025-01-23,02:00,2186.4
2025-01-23,02:15,1222.8
2025-01-23,02:30,2986.8
2025-01-23,02:45,2184
2025-01-23,03:00,3116.4
2025-01-23,03:15,1314
2025-01-23,03:30,3099.6
2025-01-23,03:45,2110.8
2025-01-23,04:00,3056.4
2025-01-23,04:15,3063.6
2025-01-23,04:30,3060
2025-01-23,04:45,2060.4
2025-01-23,05:00,2070
2025-01-23,05:15,2076
2025-01-23,05:30,271.2
2025-01-23,05:45,74.4
2025-01-23,06:00,168
2025-01-23,06:15,162
2025-01-23,06:30,105.6
2025-01-23,06:45,146.4
2025-01-23,07:00,124.8
2025-01-23,07:15,122.4
2025-01-23,07:30,144
2025-01-23,07:45,110.4
2025-01-23,08:00,33.6
2025-01-23,08:15,13.2
2025-01-23,08:30,2.4
2025-01-23,08:45,-34.8
2025-01-23,09:00,-60
2025-01-23,09:15,-188.4
2025-01-23,09:30,-224.4
2025-01-23,09:45,-151.2
2025-01-23,10:00,-117.6
2025-01-23,10:15,-175.2
2025-01-23,10:30,-325.2
2025-01-23,10:45,-266.4
2025-01-23,11:00,-255.6
2025-01-23,11:15,-310.8
2025-01-23,11:30,-321.6
2025-01-23,11:45,-349.2
2025-01-23,12:00,-285.6
2025-01-23,12:15,-141.6
2025-01-23,12:30,-358.8
2025-01-23,12:45,-238.8
2025-01-23,13:00,-171.6
2025-01-23,13:15,-438
2025-01-23,13:30,-346.8
2025-01-23,13:45,0
2025-01-23,14:00,0
2025-01-23,14:15,0
2025-01-23,14:30,0
2025-01-23,14:45,0
2025-01-23,15:00,0
2025-01-23,15:15,0
2025-01-23,15:30,0
2025-01-23,15:45,0
2025-01-23,16:00,0
2025-01-23,16:15,0
2025-01-23,16:30,0
2025-01-23,16:45,0
2025-01-23,17:00,0
2025-01-23,17:15,0
2025-01-23,17:30,0
2025-01-23,17:45,0
2025-01-23,18:00,0
2025-01-23,18:15,0
2025-01-23,18:30,0
2025-01-23,18:45,0
2025-01-23,19:00,0
2025-01-23,19:15,0
2025-01-23,19:30,0
2025-01-23,19:45,0
2025-01-23,20:00,0
2025-01-23,20:15,0
2025-01-23,20:30,0
2025-01-23,20:45,0
2025-01-23,21:00,0
2025-01-23,21:15,0
2025-01-23,21:30,0
2025-01-23,21:45,0
2025-01-23,22:00,0
2025-01-23,22:15,0
2025-01-23,22:30,0
2025-01-23,22:45,0
2025-01-23,23:00,0
2025-01-23,23:15,0
2025-01-23,23:30,0
2025-01-23,23:45,0
2025-01-24,00:00,0
2025-01-24,00:15,0
2025-01-24,00:30,0
2025-01-24,00:45,0
2025-01-24,01:00,0
2025-01-24,01:15,0
2025-01-24,01:30,0
2025-01-24,01:45,0
2025-01-24,02:00,0
2025-01-24,02:15,0
2025-01-24,02:30,0
2025-01-24,02:45,0
2025-01-24,03:00,0
2025-01-24,03:15,0
2025-01-24,03:30,0
2025-01-24,03:45,0
2025-01-24,04:00,0
2025-01-24,04:15,0
2025-01-24,04:30,0
2025-01-24,04:45,0
2025-01-24,05:00,0
2025-01-24,05:15,0
2025-01-24,05:30,0
2025-01-24,05:45,0
2025-01-24,06:00,0
2025-01-24,06:15,0
2025-01-24,06:30,0
2025-01-24,06:45,0
2025-01-24,07:00,0
2025-01-24,07:15,0
2025-01-24,07:30,0
2025-01-24,07:45,0
2025-01-24,08:00,0
2025-01-24,08:15,0
2025-01-24,08:30,0
2025-01-24,08:45,0
2025-01-24,09:00,0
2025-01-24,09:15,0
2025-01-24,09:30,0
2025-01-24,09:45,0
2025-01-24,10:00,0
2025-01-24,10:15,0
2025-01-24,10:30,0
2025-01-24,10:45,0
2025-01-24,11:00,0
2025-01-24,11:15,0
2025-01-24,11:30,0
2025-01-24,11:45,0
2025-01-24,12:00,0
2025-01-24,12:15,0
2025-01-24,12:30,0
2025-01-24,12:45,0
2025-01-24,13:00,0
2025-01-24,13:15,0
2025-01-24,13:30,0
2025-01-24,13:45,0
2025-01-24,14:00,0
2025-01-24,14:15,0
2025-01-24,14:30,0
2025-01-24,14:45,0
2025-01-24,15:00,0
2025-01-24,15:15,0
2025-01-24,15:30,0
2025-01-24,15:45,0
2025-01-24,16:00,0
2025-01-24,16:15,0
2025-01-24,16:30,0
2025-01-24,16:45,0
2025-01-24,17:00,0
2025-01-24,17:15,0
2025-01-24,17:30,0
2025-01-24,17:45,0
2025-01-24,18:00,0
2025-01-24,18:15,0
2025-01-24,18:30,0
2025-01-24,18:45,0
2025-01-24,19:00,0
2025-01-24,19:15,0
2025-01-24,19:30,0
2025-01-24,19:45,0
2025-01-24,20:00,0
2025-01-24,20:15,0
2025-01-24,20:30,0
2025-01-24,20:45,0
2025-01-24,21:00,0
2025-01-24,21:15,0
2025-01-24,21:30,0
2025-01-24,21:45,0
2025-01-24,22:00,0
2025-01-24,22:15,0
2025-01-24,22:30,0
2025-01-24,22:45,0
2025-01-24,23:00,0
2025-01-24,23:15,0
2025-01-24,23:30,0
2025-01-24,23:45,0
2025-01-25,00:00,0
2025-01-25,00:15,0
2025-01-25,00:30,0
2025-01-25,00:45,0
2025-01-25,01:00,0
2025-01-25,01:15,0
2025-01-25,01:30,0
2025-01-25,01:45,0
2025-01-25,02:00,0
2025-01-25,02:15,0
2025-01-25,02:30,0
2025-01-25,02:45,0
2025-01-25,03:00,0
2025-01-25,03:15,0
2025-01-25,03:30,0
2025-01-25,03:45,0
2025-01-25,04:00,0
2025-01-25,04:15,0
2025-01-25,04:30,0
2025-01-25,04:45,0
2025-01-25,05:00,0
2025-01-25,05:15,0
2025-01-25,05:30,0
2025-01-25,05:45,0
2025-01-25,06:00,0
2025-01-25,06:15,0
2025-01-25,06:30,0
2025-01-25,06:45,0
2025-01-25,07:00,0
2025-01-25,07:15,0
2025-01-25,07:30,0
2025-01-25,07:45,0
2025-01-25,08:00,0
2025-01-25,08:15,0
2025-01-25,08:30,0
2025-01-25,08:45,0
2025-01-25,09:00,0
2025-01-25,09:15,0
2025-01-25,09:30,0
2025-01-25,09:45,0
2025-01-25,10:00,0
2025-01-25,10:15,0
2025-01-25,10:30,0
2025-01-25,10:45,0
2025-01-25,11:00,0
2025-01-25,11:15,0
2025-01-25,11:30,0
2025-01-25,11:45,0
2025-01-25,12:00,0
2025-01-25,12:15,0
2025-01-25,12:30,0
2025-01-25,12:45,0
2025-01-25,13:00,0
2025-01-25,13:15,0
2025-01-25,13:30,0
2025-01-25,13:45,0
2025-01-25,14:00,0
2025-01-25,14:15,0
2025-01-25,14:30,0
2025-01-25,14:45,0
2025-01-25,15:00,0
2025-01-25,15:15,0
2025-01-25,15:30,0
2025-01-25,15:45,0
2025-01-25,16:00,0
2025-01-25,16:15,0
2025-01-25,16:30,0
2025-01-25,16:45,0
2025-01-25,17:00,0
2025-01-25,17:15,0
2025-01-25,17:30,0
2025-01-25,17:45,0
2025-01-25,18:00,0
2025-01-25,18:15,0
2025-01-25,18:30,0
2025-01-25,18:45,0
2025-01-25,19:00,0
2025-01-25,19:15,0
2025-01-25,19:30,0
2025-01-25,19:45,0
2025-01-25,20:00,0
2025-01-25,20:15,0
2025-01-25,20:30,0
2025-01-25,20:45,0
2025-01-25,21:00,0
2025-01-25,21:15,0
2025-01-25,21:30,0
2025-01-25,21:45,0
2025-01-25,22:00,0
2025-01-25,22:15,0
2025-01-25,22:30,0
2025-01-25,22:45,0
2025-01-25,23:00,0
2025-01-25,23:15,0
2025-01-25,23:30,0
2025-01-25,23:45,0
2025-01-26,00:00,0
2025-01-26,00:15,0
2025-01-26,00:30,0
2025-01-26,00:45,0
2025-01-26,01:00,0
2025-01-26,01:15,0
2025-01-26,01:30,0
2025-01-26,01:45,0
2025-01-26,02:00,0
2025-01-26,02:15,0
2025-01-26,02:30,0
2025-01-26,02:45,0
2025-01-26,03:00,0
2025-01-26,03:15,0
2025-01-26,03:30,0
2025-01-26,03:45,0
2025-01-26,04:00,0
2025-01-26,04:15,0
2025-01-26,04:30,0
2025-01-26,04:45,0
2025-01-26,05:00,0
2025-01-26,05:15,0
2025-01-26,05:30,0
2025-01-26,05:45,0
2025-01-26,06:00,0
2025-01-26,06:15,0
2025-01-26,06:30,0
2025-01-26,06:45,0
2025-01-26,07:00,0
2025-01-26,07:15,0
2025-01-26,07:30,0
2025-01-26,07:45,0
2025-01-26,08:00,0
2025-01-26,08:15,0
2025-01-26,08:30,0
2025-01-26,08:45,0
2025-01-26,09:00,0
2025-01-26,09:15,0
2025-01-26,09:30,0
2025-01-26,09:45,0
2025-01-26,10:00,0
2025-01-26,10:15,0
2025-01-26,10:30,0
2025-01-26,10:45,0
2025-01-26,11:00,0
2025-01-26,11:15,0
2025-01-26,11:30,0
2025-01-26,11:45,0
2025-01-26,12:00,0
2025-01-26,12:15,0
2025-01-26,12:30,0
2025-01-26,12:45,0
2025-01-26,13:00,0
2025-01-26,13:15,0
2025-01-26,13:30,0
2025-01-26,13:45,0
2025-01-26,14:00,0
2025-01-26,14:15,0
2025-01-26,14:30,0
2025-01-26,14:45,0
2025-01-26,15:00,0
2025-01-26,15:15,0
2025-01-26,15:30,0
2025-01-26,15:45,0
2025-01-26,16:00,0
2025-01-26,16:15,0
2025-01-26,16:30,0
2025-01-26,16:45,0
2025-01-26,17:00,0
2025-01-26,17:15,0
2025-01-26,17:30,0
2025-01-26,17:45,0
2025-01-26,18:00,0
2025-01-26,18:15,0
2025-01-26,18:30,0
2025-01-26,18:45,0
2025-01-26,19:00,0
2025-01-26,19:15,0
2025-01-26,19:30,0
2025-01-26,19:45,0
2025-01-26,20:00,0
2025-01-26,20:15,0
2025-01-26,20:30,0
2025-01-26,20:45,0
2025-01-26,21:00,0
2025-01-26,21:15,0
2025-01-26,21:30,0
2025-01-26,21:45,0
2025-01-26,22:00,0
2025-01-26,22:15,0
2025-01-26,22:30,0
2025-01-26,22:45,0
2025-01-26,23:00,0
2025-01-26,23:15,0
2025-01-26,23:30,0
2025-01-26,23:45,0
2025-01-27,00:00,0
2025-01-27,00:15,0
2025-01-27,00:30,0
2025-01-27,00:45,0
2025-01-27,01:00,0
2025-01-27,01:15,0
2025-01-27,01:30,0
2025-01-27,01:45,0
2025-01-27,02:00,0
2025-01-27,02:15,0
2025-01-27,02:30,0
2025-01-27,02:45,0
2025-01-27,03:00,0
2025-01-27,03:15,0
2025-01-27,03:30,0
2025-01-27,03:45,0
2025-01-27,04:00,0
2025-01-27,04:15,0
2025-01-27,04:30,0
2025-01-27,04:45,0
2025-01-27,05:00,0
2025-01-27,05:15,0
2025-01-27,05:30,0
2025-01-27,05:45,0
2025-01-27,06:00,0
2025-01-27,06:15,0
2025-01-27,06:30,0
2025-01-27,06:45,0
2025-01-27,07:00,0
2025-01-27,07:15,0
2025-01-27,07:30,0
2025-01-27,07:45,0
2025-01-27,08:00,0
2025-01-27,08:15,0
2025-01-27,08:30,0
2025-01-27,08:45,0
2025-01-27,09:00,0
2025-01-27,09:15,0
2025-01-27,09:30,0
2025-01-27,09:45,0
2025-01-27,10:00,0
2025-01-27,10:15,0
2025-01-27,10:30,0
2025-01-27,10:45,0
2025-01-27,11:00,0
2025-01-27,11:15,0
2025-01-27,11:30,0
2025-01-27,11:45,0
2025-01-27,12:00,0
2025-01-27,12:15,0
2025-01-27,12:30,0
2025-01-27,12:45,0
2025-01-27,13:00,0
2025-01-27,13:15,0
2025-01-27,13:30,0
2025-01-27,13:45,0
2025-01-27,14:00,0
2025-01-27,14:15,0
2025-01-27,14:30,0
2025-01-27,14:45,0
2025-01-27,15:00,0
2025-01-27,15:15,0
2025-01-27,15:30,0
2025-01-27,15:45,0
2025-01-27,16:00,0
2025-01-27,16:15,0
2025-01-27,16:30,0
2025-01-27,16:45,0
2025-01-27,17:00,0
2025-01-27,17:15,0
2025-01-27,17:30,0
2025-01-27,17:45,0
2025-01-27,18:00,0
2025-01-27,18:15,0
2025-01-27,18:30,0
2025-01-27,18:45,0
2025-01-27,19:00,0
2025-01-27,19:15,0
2025-01-27,19:30,0
2025-01-27,19:45,0
2025-01-27,20:00,0
2025-01-27,20:15,0
2025-01-27,20:30,0
2025-01-27,20:45,0
2025-01-27,21:00,0
2025-01-27,21:15,0
2025-01-27,21:30,0
2025-01-27,21:45,0
2025-01-27,22:00,0
2025-01-27,22:15,0
2025-01-27,22:30,0
2025-01-27,22:45,0
2025-01-27,23:00,0
2025-01-27,23:15,0
2025-01-27,23:30,0
2025-01-27,23:45,0
2025-01-28,00:00,0
2025-01-28,00:15,0
2025-01-28,00:30,0
2025-01-28,00:45,0
2025-01-28,01:00,0
2025-01-28,01:15,0
2025-01-28,01:30,0
2025-01-28,01:45,0
2025-01-28,02:00,0
2025-01-28,02:15,0
2025-01-28,02:30,0
2025-01-28,02:45,0
2025-01-28,03:00,0
2025-01-28,03:15,0
2025-01-28,03:30,0
2025-01-28,03:45,0
2025-01-28,04:00,0
2025-01-28,04:15,0
2025-01-28,04:30,0
2025-01-28,04:45,0
2025-01-28,05:00,0
2025-01-28,05:15,0
2025-01-28,05:30,0
2025-01-28,05:45,0
2025-01-28,06:00,0
2025-01-28,06:15,0
2025-01-28,06:30,0
2025-01-28,06:45,0
2025-01-28,07:00,0
2025-01-28,07:15,0
2025-01-28,07:30,0
2025-01-28,07:45,0
2025-01-28,08:00,0
2025-01-28,08:15,0
2025-01-28,08:30,0
2025-01-28,08:45,0
2025-01-28,09:00,0
2025-01-28,09:15,0
2025-01-28,09:30,0
2025-01-28,09:45,0
2025-01-28,10:00,0
2025-01-28,10:15,0
2025-01-28,10:30,0
2025-01-28,10:45,0
2025-01-28,11:00,0
2025-01-28,11:15,0
2025-01-28,11:30,0
2025-01-28,11:45,0
2025-01-28,12:00,0
2025-01-28,12:15,0
2025-01-28,12:30,0
2025-01-28,12:45,0
2025-01-28,13:00,0
2025-01-28,13:15,0
2025-01-28,13:30,0
2025-01-28,13:45,0
2025-01-28,14:00,0
2025-01-28,14:15,0
2025-01-28,14:30,0
2025-01-28,14:45,0
2025-01-28,15:00,0
2025-01-28,15:15,0
2025-01-28,15:30,0
2025-01-28,15:45,0
2025-01-28,16:00,0
2025-01-28,16:15,0
2025-01-28,16:30,0
2025-01-28,16:45,0
2025-01-28,17:00,0
2025-01-28,17:15,0
2025-01-28,17:30,0
2025-01-28,17:45,0
2025-01-28,18:00,0
2025-01-28,18:15,0
2025-01-28,18:30,0
2025-01-28,18:45,0
2025-01-28,19:00,0
2025-01-28,19:15,0
2025-01-28,19:30,0
2025-01-28,19:45,0
2025-01-28,20:00,0
2025-01-28,20:15,0
2025-01-28,20:30,0
2025-01-28,20:45,0
2025-01-28,21:00,0
2025-01-28,21:15,0
2025-01-28,21:30,0
2025-01-28,21:45,0
2025-01-28,22:00,0
2025-01-28,22:15,0
2025-01-28,22:30,0
2025-01-28,22:45,0
2025-01-28,23:00,0
2025-01-28,23:15,0
2025-01-28,23:30,0
2025-01-28,23:45,0
2025-01-29,00:00,0
2025-01-29,00:15,0
2025-01-29,00:30,0
2025-01-29,00:45,0
2025-01-29,01:00,0
2025-01-29,01:15,0
2025-01-29,01:30,0
2025-01-29,01:45,0
2025-01-29,02:00,0
2025-01-29,02:15,0
2025-01-29,02:30,0
2025-01-29,02:45,0
2025-01-29,03:00,0
2025-01-29,03:15,0
2025-01-29,03:30,0
2025-01-29,03:45,0
2025-01-29,04:00,0
2025-01-29,04:15,0
2025-01-29,04:30,0
2025-01-29,04:45,0
2025-01-29,05:00,0
2025-01-29,05:15,0
2025-01-29,05:30,0
2025-01-29,05:45,0
2025-01-29,06:00,0
2025-01-29,06:15,0
2025-01-29,06:30,0
2025-01-29,06:45,0
2025-01-29,07:00,0
2025-01-29,07:15,0
2025-01-29,07:30,0
2025-01-29,07:45,0
2025-01-29,08:00,0
2025-01-29,08:15,0
2025-01-29,08:30,0
2025-01-29,08:45,0
2025-01-29,09:00,0
2025-01-29,09:15,0
2025-01-29,09:30,0
2025-01-29,09:45,0
2025-01-29,10:00,0
2025-01-29,10:15,0
2025-01-29,10:30,0
2025-01-29,10:45,0
2025-01-29,11:00,0
2025-01-29,11:15,0
2025-01-29,11:30,0
2025-01-29,11:45,0
2025-01-29,12:00,0
2025-01-29,12:15,0
2025-01-29,12:30,0
2025-01-29,12:45,0
2025-01-29,13:00,0
2025-01-29,13:15,0
2025-01-29,13:30,0
2025-01-29,13:45,0
2025-01-29,14:00,0
2025-01-29,14:15,0
2025-01-29,14:30,0
2025-01-29,14:45,0
2025-01-29,15:00,0
2025-01-29,15:15,0
2025-01-29,15:30,0
2025-01-29,15:45,0
2025-01-29,16:00,0
2025-01-29,16:15,0
2025-01-29,16:30,0
2025-01-29,16:45,0
2025-01-29,17:00,0
2025-01-29,17:15,0
2025-01-29,17:30,0
2025-01-29,17:45,0
2025-01-29,18:00,0
2025-01-29,18:15,0
2025-01-29,18:30,0
2025-01-29,18:45,0
2025-01-29,19:00,0
2025-01-29,19:15,0
2025-01-29,19:30,0
2025-01-29,19:45,0
2025-01-29,20:00,0
2025-01-29,20:15,0
2025-01-29,20:30,0
2025-01-29,20:45,0
2025-01-29,21:00,0
2025-01-29,21:15,0
2025-01-29,21:30,0
2025-01-29,21:45,0
2025-01-29,22:00,0
2025-01-29,22:15,0
2025-01-29,22:30,0
2025-01-29,22:45,0
2025-01-29,23:00,0
2025-01-29,23:15,0
2025-01-29,23:30,0
2025-01-29,23:45,0
2025-01-30,00:00,0
2025-01-30,00:15,0
2025-01-30,00:30,0
2025-01-30,00:45,0
2025-01-30,01:00,0
2025-01-30,01:15,0
2025-01-30,01:30,0
2025-01-30,01:45,0
2025-01-30,02:00,0
2025-01-30,02:15,0
2025-01-30,02:30,0
2025-01-30,02:45,0
2025-01-30,03:00,0
2025-01-30,03:15,0
2025-01-30,03:30,0
2025-01-30,03:45,0
2025-01-30,04:00,0
2025-01-30,04:15,0
2025-01-30,04:30,0
2025-01-30,04:45,0
2025-01-30,05:00,0
2025-01-30,05:15,0
2025-01-30,05:30,0
2025-01-30,05:45,0
2025-01-30,06:00,0
2025-01-30,06:15,0
2025-01-30,06:30,0
2025-01-30,06:45,0
2025-01-30,07:00,0
2025-01-30,07:15,0
2025-01-30,07:30,0
2025-01-30,07:45,0
2025-01-30,08:00,0
2025-01-30,08:15,0
2025-01-30,08:30,0
2025-01-30,08:45,0
2025-01-30,09:00,0
2025-01-30,09:15,0
2025-01-30,09:30,0
2025-01-30,09:45,0
2025-01-30,10:00,0
2025-01-30,10:15,0
2025-01-30,10:30,0
2025-01-30,10:45,0
2025-01-30,11:00,0
2025-01-30,11:15,0
2025-01-30,11:30,0
2025-01-30,11:45,0
2025-01-30,12:00,0
2025-01-30,12:15,0
2025-01-30,12:30,0
2025-01-30,12:45,0
2025-01-30,13:00,0
2025-01-30,13:15,0
2025-01-30,13:30,0
2025-01-30,13:45,0
2025-01-30,14:00,0
2025-01-30,14:15,0
2025-01-30,14:30,0
2025-01-30,14:45,0
2025-01-30,15:00,0
2025-01-30,15:15,0
2025-01-30,15:30,0
2025-01-30,15:45,0
2025-01-30,16:00,0
2025-01-30,16:15,0
2025-01-30,16:30,0
2025-01-30,16:45,0
2025-01-30,17:00,0
2025-01-30,17:15,0
2025-01-30,17:30,0
2025-01-30,17:45,0
2025-01-30,18:00,0
2025-01-30,18:15,0
2025-01-30,18:30,0
2025-01-30,18:45,0
2025-01-30,19:00,0
2025-01-30,19:15,0
2025-01-30,19:30,0
2025-01-30,19:45,0
2025-01-30,20:00,0
2025-01-30,20:15,0
2025-01-30,20:30,0
2025-01-30,20:45,0
2025-01-30,21:00,0
2025-01-30,21:15,0
2025-01-30,21:30,0
2025-01-30,21:45,0
2025-01-30,22:00,0
2025-01-30,22:15,0
2025-01-30,22:30,0
2025-01-30,22:45,0
2025-01-30,23:00,0
2025-01-30,23:15,0
2025-01-30,23:30,0
2025-01-30,23:45,0
2025-01-31,00:00,0
2025-01-31,00:15,0
2025-01-31,00:30,0
2025-01-31,00:45,0
2025-01-31,01:00,0
2025-01-31,01:15,0
2025-01-31,01:30,0
2025-01-31,01:45,0
2025-01-31,02:00,0
2025-01-31,02:15,0
2025-01-31,02:30,0
2025-01-31,02:45,0
2025-01-31,03:00,0
2025-01-31,03:15,0
2025-01-31,03:30,0
2025-01-31,03:45,0
2025-01-31,04:00,0
2025-01-31,04:15,0
2025-01-31,04:30,0
2025-01-31,04:45,0
2025-01-31,05:00,0
2025-01-31,05:15,0
2025-01-31,05:30,0
2025-01-31,05:45,0
2025-01-31,06:00,0
2025-01-31,06:15,0
2025-01-31,06:30,0
2025-01-31,06:45,0
2025-01-31,07:00,0
2025-01-31,07:15,0
2025-01-31,07:30,0
2025-01-31,07:45,0
2025-01-31,08:00,0
2025-01-31,08:15,0
2025-01-31,08:30,0
2025-01-31,08:45,0
2025-01-31,09:00,0
2025-01-31,09:15,0
2025-01-31,09:30,0
2025-01-31,09:45,0
2025-01-31,10:00,0
2025-01-31,10:15,0
2025-01-31,10:30,0
2025-01-31,10:45,0
2025-01-31,11:00,0
2025-01-31,11:15,0
2025-01-31,11:30,0
2025-01-31,11:45,0
2025-01-31,12:00,0
2025-01-31,12:15,0
2025-01-31,12:30,0
2025-01-31,12:45,0
2025-01-31,13:00,0
2025-01-31,13:15,0
2025-01-31,13:30,0
2025-01-31,13:45,0
2025-01-31,14:00,0
2025-01-31,14:15,0
2025-01-31,14:30,0
2025-01-31,14:45,0
2025-01-31,15:00,0
2025-01-31,15:15,0
2025-01-31,15:30,0
2025-01-31,15:45,0
2025-01-31,16:00,0
2025-01-31,16:15,0
2025-01-31,16:30,0
2025-01-31,16:45,0
2025-01-31,17:00,0
2025-01-31,17:15,0
2025-01-31,17:30,0
2025-01-31,17:45,0
2025-01-31,18:00,0
2025-01-31,18:15,0
2025-01-31,18:30,0
2025-01-31,18:45,0
2025-01-31,19:00,0
2025-01-31,19:15,0
2025-01-31,19:30,0
2025-01-31,19:45,0
2025-01-31,20:00,0
2025-01-31,20:15,0
2025-01-31,20:30,0
2025-01-31,20:45,0
2025-01-31,21:00,0
2025-01-31,21:15,0
2025-01-31,21:30,0
2025-01-31,21:45,0
2025-01-31,22:00,0
2025-01-31,22:15,0
2025-01-31,22:30,0
2025-01-31,22:45,0
2025-01-31,23:00,0
2025-01-31,23:15,0
2025-01-31,23:30,0
2025-01-31,23:45,0
2025-02-01,00:00,0
2025-02-01,00:15,0
2025-02-01,00:30,0
2025-02-01,00:45,0
2025-02-01,01:00,0
2025-02-01,01:15,0
2025-02-01,01:30,0
2025-02-01,01:45,0
2025-02-01,02:00,0
2025-02-01,02:15,0
2025-02-01,02:30,0
2025-02-01,02:45,0
2025-02-01,03:00,0
2025-02-01,03:15,0
2025-02-01,03:30,0
2025-02-01,03:45,0
2025-02-01,04:00,0
2025-02-01,04:15,0
2025-02-01,04:30,0
2025-02-01,04:45,0
2025-02-01,05:00,0
2025-02-01,05:15,0
2025-02-01,05:30,0
2025-02-01,05:45,0
2025-02-01,06:00,0
2025-02-01,06:15,0
2025-02-01,06:30,0
2025-02-01,06:45,0
2025-02-01,07:00,0
2025-02-01,07:15,0
2025-02-01,07:30,0
2025-02-01,07:45,0
2025-02-01,08:00,0
2025-02-01,08:15,0
2025-02-01,08:30,0
2025-02-01,08:45,0
2025-02-01,09:00,0
2025-02-01,09:15,0
2025-02-01,09:30,0
2025-02-01,09:45,0
2025-02-01,10:00,0
2025-02-01,10:15,0
2025-02-01,10:30,0
2025-02-01,10:45,0
2025-02-01,11:00,0
2025-02-01,11:15,0
2025-02-01,11:30,0
2025-02-01,11:45,0
2025-02-01,12:00,0
2025-02-01,12:15,0
2025-02-01,12:30,0
2025-02-01,12:45,0
2025-02-01,13:00,0
2025-02-01,13:15,0
2025-02-01,13:30,0
2025-02-01,13:45,0
2025-02-01,14:00,0
2025-02-01,14:15,0
2025-02-01,14:30,0
2025-02-01,14:45,0
2025-02-01,15:00,0
2025-02-01,15:15,0
2025-02-01,15:30,0
2025-02-01,15:45,0
2025-02-01,16:00,0
2025-02-01,16:15,0
2025-02-01,16:30,0
2025-02-01,16:45,0
2025-02-01,17:00,0
2025-02-01,17:15,0
2025-02-01,17:30,0
2025-02-01,17:45,0
2025-02-01,18:00,0
2025-02-01,18:15,0
2025-02-01,18:30,0
2025-02-01,18:45,0
2025-02-01,19:00,0
2025-02-01,19:15,0
2025-02-01,19:30,0
2025-02-01,19:45,0
2025-02-01,20:00,0
2025-02-01,20:15,0
2025-02-01,20:30,0
2025-02-01,20:45,0
2025-02-01,21:00,0
2025-02-01,21:15,0
2025-02-01,21:30,0
2025-02-01,21:45,0
2025-02-01,22:00,0
2025-02-01,22:15,0
2025-02-01,22:30,0
2025-02-01,22:45,0
2025-02-01,23:00,0
2025-02-01,23:15,0
2025-02-01,23:30,0
2025-02-01,23:45,0
2025-02-02,00:00,0
2025-02-02,00:15,0
2025-02-02,00:30,0
2025-02-02,00:45,0
2025-02-02,01:00,0
2025-02-02,01:15,0
2025-02-02,01:30,0
2025-02-02,01:45,0
2025-02-02,02:00,0
2025-02-02,02:15,0
2025-02-02,02:30,0
2025-02-02,02:45,0
2025-02-02,03:00,0
2025-02-02,03:15,0
2025-02-02,03:30,0
2025-02-02,03:45,0
2025-02-02,04:00,0
2025-02-02,04:15,0
2025-02-02,04:30,0
2025-02-02,04:45,0
2025-02-02,05:00,0
2025-02-02,05:15,0
2025-02-02,05:30,0
2025-02-02,05:45,0
2025-02-02,06:00,0
2025-02-02,06:15,0
2025-02-02,06:30,0
2025-02-02,06:45,0
2025-02-02,07:00,0
2025-02-02,07:15,0
2025-02-02,07:30,0
2025-02-02,07:45,0
2025-02-02,08:00,0
2025-02-02,08:15,0
2025-02-02,08:30,0
2025-02-02,08:45,0
2025-02-02,09:00,0
2025-02-02,09:15,0
2025-02-02,09:30,0
2025-02-02,09:45,0
2025-02-02,10:00,0
2025-02-02,10:15,0
2025-02-02,10:30,0
2025-02-02,10:45,0
2025-02-02,11:00,0
2025-02-02,11:15,0
2025-02-02,11:30,0
2025-02-02,11:45,0
2025-02-02,12:00,0
2025-02-02,12:15,0
2025-02-02,12:30,0
2025-02-02,12:45,0
2025-02-02,13:00,0
2025-02-02,13:15,0
2025-02-02,13:30,0
2025-02-02,13:45,0
2025-02-02,14:00,0
2025-02-02,14:15,0
2025-02-02,14:30,0
2025-02-02,14:45,0
2025-02-02,15:00,0
2025-02-02,15:15,0
2025-02-02,15:30,0
2025-02-02,15:45,0
2025-02-02,16:00,0
2025-02-02,16:15,0
2025-02-02,16:30,0
2025-02-02,16:45,0
2025-02-02,17:00,0
2025-02-02,17:15,0
2025-02-02,17:30,0
2025-02-02,17:45,0
2025-02-02,18:00,0
2025-02-02,18:15,0
2025-02-02,18:30,0
2025-02-02,18:45,0
2025-02-02,19:00,0
2025-02-02,19:15,0
2025-02-02,19:30,0
2025-02-02,19:45,0
2025-02-02,20:00,0
2025-02-02,20:15,0
2025-02-02,20:30,0
2025-02-02,20:45,0
2025-02-02,21:00,0
2025-02-02,21:15,0
2025-02-02,21:30,0
2025-02-02,21:45,0
2025-02-02,22:00,0
2025-02-02,22:15,0
2025-02-02,22:30,0
2025-02-02,22:45,0
2025-02-02,23:00,0
2025-02-02,23:15,0
2025-02-02,23:30,0
2025-02-02,23:45,0
2025-02-03,00:00,0
2025-02-03,00:15,0
2025-02-03,00:30,0
2025-02-03,00:45,0
2025-02-03,01:00,0
2025-02-03,01:15,0
2025-02-03,01:30,0
2025-02-03,01:45,0
2025-02-03,02:00,0
2025-02-03,02:15,0
2025-02-03,02:30,0
2025-02-03,02:45,0
2025-02-03,03:00,0
2025-02-03,03:15,0
2025-02-03,03:30,0
2025-02-03,03:45,0
2025-02-03,04:00,0
2025-02-03,04:15,0
2025-02-03,04:30,0
2025-02-03,04:45,0
2025-02-03,05:00,0
2025-02-03,05:15,0
2025-02-03,05:30,0
2025-02-03,05:45,0
2025-02-03,06:00,0
2025-02-03,06:15,0
2025-02-03,06:30,0
2025-02-03,06:45,0
2025-02-03,07:00,0
2025-02-03,07:15,0
2025-02-03,07:30,0
2025-02-03,07:45,0
2025-02-03,08:00,0
2025-02-03,08:15,0
2025-02-03,08:30,0
2025-02-03,08:45,0
2025-02-03,09:00,0
2025-02-03,09:15,0
2025-02-03,09:30,0
2025-02-03,09:45,0
2025-02-03,10:00,0
2025-02-03,10:15,0
2025-02-03,10:30,0
2025-02-03,10:45,0
2025-02-03,11:00,0
2025-02-03,11:15,0
2025-02-03,11:30,0
2025-02-03,11:45,0
2025-02-03,12:00,0
2025-02-03,12:15,0
2025-02-03,12:30,0
2025-02-03,12:45,0
2025-02-03,13:00,0
2025-02-03,13:15,0
2025-02-03,13:30,0
2025-02-03,13:45,0
2025-02-03,14:00,0
2025-02-03,14:15,0
2025-02-03,14:30,0
2025-02-03,14:45,0
2025-02-03,15:00,0
2025-02-03,15:15,0
2025-02-03,15:30,0
2025-02-03,15:45,0
2025-02-03,16:00,0
2025-02-03,16:15,0
2025-02-03,16:30,0
2025-02-03,16:45,0
2025-02-03,17:00,0
2025-02-03,17:15,0
2025-02-03,17:30,0
2025-02-03,17:45,0
2025-02-03,18:00,0
2025-02-03,18:15,0
2025-02-03,18:30,0
2025-02-03,18:45,0
2025-02-03,19:00,0
2025-02-03,19:15,0
2025-02-03,19:30,0
2025-02-03,19:45,0
2025-02-03,20:00,0
2025-02-03,20:15,0
2025-02-03,20:30,0
2025-02-03,20:45,0
2025-02-03,21:00,0
2025-02-03,21:15,0
2025-02-03,21:30,0
2025-02-03,21:45,0
2025-02-03,22:00,0
2025-02-03,22:15,0
2025-02-03,22:30,0
2025-02-03,22:45,0
2025-02-03,23:00,0
2025-02-03,23:15,0
2025-02-03,23:30,0
2025-02-03,23:45,0
2025-02-04,00:00,0
2025-02-04,00:15,0
2025-02-04,00:30,0
2025-02-04,00:45,0
2025-02-04,01:00,0
2025-02-04,01:15,0
2025-02-04,01:30,0
2025-02-04,01:45,0
2025-02-04,02:00,0
2025-02-04,02:15,0
2025-02-04,02:30,0
2025-02-04,02:45,0
2025-02-04,03:00,0
2025-02-04,03:15,0
2025-02-04,03:30,0
2025-02-04,03:45,0
2025-02-04,04:00,0
2025-02-04,04:15,0
2025-02-04,04:30,0
2025-02-04,04:45,0
2025-02-04,05:00,0
2025-02-04,05:15,0
2025-02-04,05:30,0
2025-02-04,05:45,0
2025-02-04,06:00,0
2025-02-04,06:15,0
2025-02-04,06:30,0
2025-02-04,06:45,0
2025-02-04,07:00,0
2025-02-04,07:15,0
2025-02-04,07:30,0
2025-02-04,07:45,0
2025-02-04,08:00,0
2025-02-04,08:15,0
2025-02-04,08:30,0
2025-02-04,08:45,0
2025-02-04,09:00,0
2025-02-04,09:15,0
2025-02-04,09:30,0
2025-02-04,09:45,0
2025-02-04,10:00,0
2025-02-04,10:15,0
2025-02-04,10:30,0
2025-02-04,10:45,0
2025-02-04,11:00,0
2025-02-04,11:15,0
2025-02-04,11:30,0
2025-02-04,11:45,0
2025-02-04,12:00,0
2025-02-04,12:15,0
2025-02-04,12:30,0
2025-02-04,12:45,0
2025-02-04,13:00,0
2025-02-04,13:15,0
2025-02-04,13:30,0
2025-02-04,13:45,0
2025-02-04,14:00,0
2025-02-04,14:15,0
2025-02-04,14:30,0
2025-02-04,14:45,0
2025-02-04,15:00,0
2025-02-04,15:15,0
2025-02-04,15:30,0
2025-02-04,15:45,0
2025-02-04,16:00,0
2025-02-04,16:15,0
2025-02-04,16:30,0
2025-02-04,16:45,0
2025-02-04,17:00,0
2025-02-04,17:15,0
2025-02-04,17:30,0
2025-02-04,17:45,0
2025-02-04,18:00,0
2025-02-04,18:15,0
2025-02-04,18:30,0
2025-02-04,18:45,0
2025-02-04,19:00,0
2025-02-04,19:15,0
2025-02-04,19:30,0
2025-02-04,19:45,0
2025-02-04,20:00,0
2025-02-04,20:15,0
2025-02-04,20:30,0
2025-02-04,20:45,0
2025-02-04,21:00,0
2025-02-04,21:15,0
2025-02-04,21:30,0
2025-02-04,21:45,0
2025-02-04,22:00,0
2025-02-04,22:15,0
2025-02-04,22:30,0
2025-02-04,22:45,0
2025-02-04,23:00,0
2025-02-04,23:15,0
2025-02-04,23:30,0
2025-02-04,23:45,0
2025-02-05,00:00,0
2025-02-05,00:15,0
2025-02-05,00:30,0
2025-02-05,00:45,0
2025-02-05,01:00,0
2025-02-05,01:15,0
2025-02-05,01:30,0
2025-02-05,01:45,0
2025-02-05,02:00,0
2025-02-05,02:15,0
2025-02-05,02:30,0
2025-02-05,02:45,0
2025-02-05,03:00,0
2025-02-05,03:15,0
2025-02-05,03:30,0
2025-02-05,03:45,0
2025-02-05,04:00,0
2025-02-05,04:15,0
2025-02-05,04:30,0
2025-02-05,04:45,0
2025-02-05,05:00,0
2025-02-05,05:15,0
2025-02-05,05:30,0
2025-02-05,05:45,0
2025-02-05,06:00,0
2025-02-05,06:15,0
2025-02-05,06:30,0
2025-02-05,06:45,0
2025-02-05,07:00,0
2025-02-05,07:15,0
2025-02-05,07:30,0
2025-02-05,07:45,0
2025-02-05,08:00,0
2025-02-05,08:15,0
2025-02-05,08:30,0
2025-02-05,08:45,0
2025-02-05,09:00,0
2025-02-05,09:15,0
2025-02-05,09:30,0
2025-02-05,09:45,0
2025-02-05,10:00,0
2025-02-05,10:15,0
2025-02-05,10:30,0
2025-02-05,10:45,0
2025-02-05,11:00,0
2025-02-05,11:15,0
2025-02-05,11:30,0
2025-02-05,11:45,0
2025-02-05,12:00,0
2025-02-05,12:15,0
2025-02-05,12:30,0
2025-02-05,12:45,0
2025-02-05,13:00,0
2025-02-05,13:15,0
2025-02-05,13:30,0
2025-02-05,13:45,0
2025-02-05,14:00,0
2025-02-05,14:15,0
2025-02-05,14:30,0
2025-02-05,14:45,0
2025-02-05,15:00,0
2025-02-05,15:15,0
2025-02-05,15:30,0
2025-02-05,15:45,0
2025-02-05,16:00,0
2025-02-05,16:15,0
2025-02-05,16:30,0
2025-02-05,16:45,0
2025-02-05,17:00,0
2025-02-05,17:15,0
2025-02-05,17:30,0
2025-02-05,17:45,0
2025-02-05,18:00,0
2025-02-05,18:15,0
2025-02-05,18:30,0
2025-02-05,18:45,0
2025-02-05,19:00,0
2025-02-05,19:15,0
2025-02-05,19:30,0
2025-02-05,19:45,0
2025-02-05,20:00,0
2025-02-05,20:15,0
2025-02-05,20:30,0
2025-02-05,20:45,0
2025-02-05,21:00,0
2025-02-05,21:15,0
2025-02-05,21:30,0
2025-02-05,21:45,0
2025-02-05,22:00,0
2025-02-05,22:15,0
2025-02-05,22:30,0
2025-02-05,22:45,0
2025-02-05,23:00,0
2025-02-05,23:15,0
2025-02-05,23:30,0
2025-02-05,23:45,0
2025-02-06,00:00,0
2025-02-06,00:15,0
2025-02-06,00:30,0
2025-02-06,00:45,0
2025-02-06,01:00,0
2025-02-06,01:15,0
2025-02-06,01:30,0
2025-02-06,01:45,0
2025-02-06,02:00,0
2025-02-06,02:15,0
2025-02-06,02:30,0
2025-02-06,02:45,0
2025-02-06,03:00,0
2025-02-06,03:15,0
2025-02-06,03:30,0
2025-02-06,03:45,0
2025-02-06,04:00,0
2025-02-06,04:15,0
2025-02-06,04:30,0
2025-02-06,04:45,0
2025-02-06,05:00,0
2025-02-06,05:15,0
2025-02-06,05:30,0
2025-02-06,05:45,0
2025-02-06,06:00,0
2025-02-06,06:15,0
2025-02-06,06:30,0
2025-02-06,06:45,0
2025-02-06,07:00,0
2025-02-06,07:15,0
2025-02-06,07:30,0
2025-02-06,07:45,0
2025-02-06,08:00,0
2025-02-06,08:15,0
2025-02-06,08:30,0
2025-02-06,08:45,0
2025-02-06,09:00,0
2025-02-06,09:15,1.2
2025-02-06,09:30,1.2
2025-02-06,09:45,57.6
2025-02-06,10:00,57.6
2025-02-06,10:15,57.6
2025-02-06,10:30,50.4
2025-02-06,10:45,49.2
2025-02-06,11:00,38.4
2025-02-06,11:15,30
2025-02-06,11:30,26.4
2025-02-06,11:45,26.4
2025-02-06,12:00,19.2
2025-02-06,12:15,22.8
2025-02-06,12:30,25.2
2025-02-06,12:45,26.4
2025-02-06,13:00,22.8
2025-02-06,13:15,33.6
2025-02-06,13:30,919.2
2025-02-06,13:45,886.8
2025-02-06,14:00,424.8
2025-02-06,14:15,160.8
2025-02-06,14:30,117.6
2025-02-06,14:45,674.4
2025-02-06,15:00,453.6
2025-02-06,15:15,145.2
2025-02-06,15:30,184.8
2025-02-06,15:45,219.6
2025-02-06,16:00,104.4
2025-02-06,16:15,159.6
2025-02-06,16:30,206.4
2025-02-06,16:45,168
2025-02-06,17:00,92.4
2025-02-06,17:15,212.4
2025-02-06,17:30,205.2
2025-02-06,17:45,118.8
2025-02-06,18:00,175.2
2025-02-06,18:15,201.6
2025-02-06,18:30,86.4
2025-02-06,18:45,150
2025-02-06,19:00,170.4
2025-02-06,19:15,99.6
2025-02-06,19:30,177.6
2025-02-06,19:45,115.2
2025-02-06,20:00,184.8
2025-02-06,20:15,99.6
2025-02-06,20:30,164.4
2025-02-06,20:45,224.4
2025-02-06,21:00,176.4
2025-02-06,21:15,75.6
2025-02-06,21:30,170.4
2025-02-06,21:45,164.4
2025-02-06,22:00,86.4
2025-02-06,22:15,152.4
2025-02-06,22:30,64.8
2025-02-06,22:45,182.4
2025-02-06,23:00,122.4
2025-02-06,23:15,122.4
2025-02-06,23:30,129.6
2025-02-06,23:45,194.4
2025-02-07,00:00,78
2025-02-07,00:15,109.2
2025-02-07,00:30,146.4
2025-02-07,00:45,122.4
2025-02-07,01:00,117.6
2025-02-07,01:15,72
2025-02-07,01:30,124.8
2025-02-07,01:45,144
2025-02-07,02:00,123.6
2025-02-07,02:15,84
2025-02-07,02:30,226.8
2025-02-07,02:45,128.4
2025-02-07,03:00,109.2
2025-02-07,03:15,150
2025-02-07,03:30,87.6
2025-02-07,03:45,85.2
2025-02-07,04:00,146.4
2025-02-07,04:15,108
2025-02-07,04:30,79.2
2025-02-07,04:45,252
2025-02-07,05:00,123.6
2025-02-07,05:15,106.8
2025-02-07,05:30,139.2
2025-02-07,05:45,122.4
2025-02-07,06:00,96
2025-02-07,06:15,122.4
2025-02-07,06:30,147.6
2025-02-07,06:45,157.2
2025-02-07,07:00,177.6
2025-02-07,07:15,118.8
2025-02-07,07:30,1474.8
2025-02-07,07:45,1450.8
2025-02-07,08:00,1447.2
2025-02-07,08:15,1489.2
2025-02-07,08:30,1467.6
2025-02-07,08:45,1473.6
2025-02-07,09:00,1248
2025-02-07,09:15,1101.6
2025-02-07,09:30,1102.8
2025-02-07,09:45,1089.6
2025-02-07,10:00,1045.2
2025-02-07,10:15,973.2
2025-02-07,10:30,973.2
2025-02-07,10:45,885.6
2025-02-07,11:00,937.2
2025-02-07,11:15,1022.4
2025-02-07,11:30,963.6
2025-02-07,11:45,990
2025-02-07,12:00,1284
2025-02-07,12:15,1442.4
2025-02-07,12:30,1647.6
2025-02-07,12:45,1440
2025-02-07,13:00,1159.2
2025-02-07,13:15,1239.6
2025-02-07,13:30,1080
2025-02-07,13:45,1236
2025-02-07,14:00,1137.6
2025-02-07,14:15,1092
2025-02-07,14:30,1065.6
2025-02-07,14:45,1006.8
2025-02-07,15:00,1125.6
2025-02-07,15:15,1024.8
2025-02-07,15:30,992.4
2025-02-07,15:45,1144.8
2025-02-07,16:00,978
2025-02-07,16:15,1173.6
2025-02-07,16:30,966
2025-02-07,16:45,1086
2025-02-07,17:00,1051.2
2025-02-07,17:15,1110
2025-02-07,17:30,930
2025-02-07,17:45,1153.2
2025-02-07,18:00,960
2025-02-07,18:15,1026
2025-02-07,18:30,1074
2025-02-07,18:45,1020
2025-02-07,19:00,1004.4
2025-02-07,19:15,1009.2
2025-02-07,19:30,990
2025-02-07,19:45,1070.4
2025-02-07,20:00,946.8
2025-02-07,20:15,1008
2025-02-07,20:30,967.2
2025-02-07,20:45,1162.8
2025-02-07,21:00,816
2025-02-07,21:15,1100.4
2025-02-07,21:30,840
2025-02-07,21:45,981.6
2025-02-07,22:00,924
2025-02-07,22:15,916.8
2025-02-07,22:30,949.2
2025-02-07,22:45,1018.8
2025-02-07,23:00,972
2025-02-07,23:15,882
2025-02-07,23:30,974.4
2025-02-07,23:45,948
2025-02-08,00:00,922.8
2025-02-08,00:15,1075.2
2025-02-08,00:30,886.8
2025-02-08,00:45,993.6
2025-02-08,01:00,1017.6
2025-02-08,01:15,904.8
2025-02-08,01:30,1059.6
2025-02-08,01:45,1046.4
2025-02-08,02:00,915.6
2025-02-08,02:15,910.8
2025-02-08,02:30,1015.2
2025-02-08,02:45,1026
2025-02-08,03:00,806.4
2025-02-08,03:15,1017.6
2025-02-08,03:30,802.8
2025-02-08,03:45,985.2
2025-02-08,04:00,802.8
2025-02-08,04:15,844.8
2025-02-08,04:30,888
2025-02-08,04:45,879.6
2025-02-08,05:00,781.2
2025-02-08,05:15,784.8
2025-02-08,05:30,822
2025-02-08,05:45,952.8
2025-02-08,06:00,784.8
2025-02-08,06:15,982.8
2025-02-08,06:30,792
2025-02-08,06:45,909.6
2025-02-08,07:00,771.6
2025-02-08,07:15,984
2025-02-08,07:30,1010.4
2025-02-08,07:45,1064.4
2025-02-08,08:00,1053.6
2025-02-08,08:15,1017.6
2025-02-08,08:30,979.2
2025-02-08,08:45,1182
2025-02-08,09:00,942
2025-02-08,09:15,1098
2025-02-08,09:30,1048.8
2025-02-08,09:45,1104
2025-02-08,10:00,1026
2025-02-08,10:15,1026
2025-02-08,10:30,1225.2
2025-02-08,10:45,966
2025-02-08,11:00,1003.2
2025-02-08,11:15,998.4
2025-02-08,11:30,968.4
2025-02-08,11:45,990
2025-02-08,12:00,890.4
2025-02-08,12:15,1052.4
2025-02-08,12:30,877.2
2025-02-08,12:45,1106.4
2025-02-08,13:00,884.4
2025-02-08,13:15,928.8
2025-02-08,13:30,948
2025-02-08,13:45,931.2
2025-02-08,14:00,984
2025-02-08,14:15,991.2
2025-02-08,14:30,928.8
2025-02-08,14:45,1052.4
2025-02-08,15:00,892.8
2025-02-08,15:15,1063.2
2025-02-08,15:30,907.2
2025-02-08,15:45,1072.8
2025-02-08,16:00,903.6
2025-02-08,16:15,981.6
2025-02-08,16:30,956.4
2025-02-08,16:45,1029.6
2025-02-08,17:00,996
2025-02-08,17:15,926.4
2025-02-08,17:30,992.4
2025-02-08,17:45,895.2
2025-02-08,18:00,816
2025-02-08,18:15,912
2025-02-08,18:30,820.8
2025-02-08,18:45,873.6
2025-02-08,19:00,854.4
2025-02-08,19:15,901.2
2025-02-08,19:30,1024.8
2025-02-08,19:45,860.4
2025-02-08,20:00,939.6
2025-02-08,20:15,877.2
2025-02-08,20:30,882
2025-02-08,20:45,991.2
2025-02-08,21:00,915.6
2025-02-08,21:15,938.4
2025-02-08,21:30,910.8
2025-02-08,21:45,858
2025-02-08,22:00,914.4
2025-02-08,22:15,842.4
2025-02-08,22:30,1006.8
2025-02-08,22:45,846
2025-02-08,23:00,2829.6
2025-02-08,23:15,2720.4
2025-02-08,23:30,2691.6
2025-02-08,23:45,2892
2025-02-09,00:00,2866.8
2025-02-09,00:15,2408.4
2025-02-09,00:30,2742
2025-02-09,00:45,2883.6
2025-02-09,01:00,2956.8
2025-02-09,01:15,1092
2025-02-09,01:30,2731.2
2025-02-09,01:45,3057.6
2025-02-09,02:00,2894.4
2025-02-09,02:15,2961.6
2025-02-09,02:30,1556.4
2025-02-09,02:45,2814
2025-02-09,03:00,2922
2025-02-09,03:15,2936.4
2025-02-09,03:30,2032.8
2025-02-09,03:45,2704.8
2025-02-09,04:00,2937.6
2025-02-09,04:15,2935.2
2025-02-09,04:30,2883.6
2025-02-09,04:45,1159.2
2025-02-09,05:00,2841.6
2025-02-09,05:15,2906.4
2025-02-09,05:30,2886
2025-02-09,05:45,2002.8
2025-02-09,06:00,2721.6
2025-02-09,06:15,2822.4
2025-02-09,06:30,2834.4
2025-02-09,06:45,2053.2
2025-02-09,07:00,2944.8
2025-02-09,07:15,2845.2
2025-02-09,07:30,3051.6
2025-02-09,07:45,2328
2025-02-09,08:00,1203.6
2025-02-09,08:15,1123.2
2025-02-09,08:30,1114.8
2025-02-09,08:45,1012.8
2025-02-09,09:00,1132.8
2025-02-09,09:15,1039.2
2025-02-09,09:30,1231.2
2025-02-09,09:45,996
2025-02-09,10:00,1194
2025-02-09,10:15,1071.6
2025-02-09,10:30,1066.8
2025-02-09,10:45,986.4
2025-02-09,11:00,1038
2025-02-09,11:15,1048.8
2025-02-09,11:30,973.2
2025-02-09,11:45,1006.8
2025-02-09,12:00,999.6
2025-02-09,12:15,966
2025-02-09,12:30,1010.4
2025-02-09,12:45,873.6
2025-02-09,13:00,1048.8
2025-02-09,13:15,861.6
2025-02-09,13:30,1047.6
2025-02-09,13:45,892.8
2025-02-09,14:00,991.2
2025-02-09,14:15,942
2025-02-09,14:30,924
2025-02-09,14:45,991.2
2025-02-09,15:00,932.4
2025-02-09,15:15,987.6
2025-02-09,15:30,951.6
2025-02-09,15:45,932.4
2025-02-09,16:00,1088.4
2025-02-09,16:15,890.4
2025-02-09,16:30,986.4
2025-02-09,16:45,932.4
2025-02-09,17:00,987.6
2025-02-09,17:15,949.2
2025-02-09,17:30,915.6
2025-02-09,17:45,1014
2025-02-09,18:00,866.4
2025-02-09,18:15,906
2025-02-09,18:30,943.2
2025-02-09,18:45,922.8
2025-02-09,19:00,970.8
2025-02-09,19:15,852
2025-02-09,19:30,996
2025-02-09,19:45,865.2
2025-02-09,20:00,957.6
2025-02-09,20:15,895.2
2025-02-09,20:30,918
2025-02-09,20:45,962.4
2025-02-09,21:00,998.4
2025-02-09,21:15,904.8
2025-02-09,21:30,894
2025-02-09,21:45,826.8
2025-02-09,22:00,1050
2025-02-09,22:15,871.2
2025-02-09,22:30,919.2
2025-02-09,22:45,912
2025-02-09,23:00,2414.4
2025-02-09,23:15,2840.4
2025-02-09,23:30,2944.8
2025-02-09,23:45,2938.8
2025-02-10,00:00,2985.6
2025-02-10,00:15,1069.2
2025-02-10,00:30,3144
2025-02-10,00:45,2863.2
2025-02-10,01:00,3032.4
2025-02-10,01:15,2056.8
2025-02-10,01:30,2629.2
2025-02-10,01:45,2983.2
2025-02-10,02:00,2980.8
2025-02-10,02:15,2950.8
2025-02-10,02:30,1753.2
2025-02-10,02:45,2814
2025-02-10,03:00,3052.8
2025-02-10,03:15,2991.6
2025-02-10,03:30,2149.2
2025-02-10,03:45,2833.2
2025-02-10,04:00,3079.2
2025-02-10,04:15,3102
2025-02-10,04:30,2044.8
2025-02-10,04:45,2605.2
2025-02-10,05:00,2910
2025-02-10,05:15,2852.4
2025-02-10,05:30,1899.6
2025-02-10,05:45,3039.6
2025-02-10,06:00,2892
2025-02-10,06:15,1191.6
2025-02-10,06:30,2905.2
2025-02-10,06:45,3027.6
2025-02-10,07:00,2889.6
2025-02-10,07:15,1176
2025-02-10,07:30,973.2
2025-02-10,07:45,1018.8
2025-02-10,08:00,1107.6
2025-02-10,08:15,1066.8
2025-02-10,08:30,1154.4
2025-02-10,08:45,1021.2
2025-02-10,09:00,1168.8
2025-02-10,09:15,1120.8
2025-02-10,09:30,1116
2025-02-10,09:45,1047.6
2025-02-10,10:00,1047.6
2025-02-10,10:15,997.2
2025-02-10,10:30,1026
2025-02-10,10:45,1017.6
2025-02-10,11:00,1064.4
2025-02-10,11:15,993.6
2025-02-10,11:30,1066.8
2025-02-10,11:45,974.4
2025-02-10,12:00,981.6
2025-02-10,12:15,1032
2025-02-10,12:30,1026
2025-02-10,12:45,1053.6
2025-02-10,13:00,945.6
2025-02-10,13:15,1042.8
2025-02-10,13:30,874.8
2025-02-10,13:45,896.4
2025-02-10,14:00,1028.4
2025-02-10,14:15,940.8
2025-02-10,14:30,1118.4
2025-02-10,14:45,914.4
2025-02-10,15:00,1125.6
2025-02-10,15:15,904.8
2025-02-10,15:30,956.4
2025-02-10,15:45,981.6
2025-02-10,16:00,865.2
2025-02-10,16:15,979.2
2025-02-10,16:30,879.6
2025-02-10,16:45,867.6
2025-02-10,17:00,963.6
2025-02-10,17:15,836.4
2025-02-10,17:30,975.6
2025-02-10,17:45,784.8
2025-02-10,18:00,813.6
2025-02-10,18:15,937.2
2025-02-10,18:30,910.8
2025-02-10,18:45,987.6
2025-02-10,19:00,854.4
2025-02-10,19:15,904.8
2025-02-10,19:30,921.6
2025-02-10,19:45,854.4
2025-02-10,20:00,920.4
2025-02-10,20:15,994.8
2025-02-10,20:30,930
2025-02-10,20:45,939.6
2025-02-10,21:00,835.2
2025-02-10,21:15,967.2
2025-02-10,21:30,883.2
2025-02-10,21:45,763.2
2025-02-10,22:00,895.2
2025-02-10,22:15,942
2025-02-10,22:30,874.8
2025-02-10,22:45,880.8
2025-02-10,23:00,1947.6
2025-02-10,23:15,2775.6
2025-02-10,23:30,2810.4
2025-02-10,23:45,3039.6
2025-02-11,00:00,2926.8
2025-02-11,00:15,1117.2
2025-02-11,00:30,2994
2025-02-11,00:45,2994
2025-02-11,01:00,2929.2
2025-02-11,01:15,1855.2
2025-02-11,01:30,2066.4
2025-02-11,01:45,2887.2
2025-02-11,02:00,2790
2025-02-11,02:15,2011.2
2025-02-11,02:30,2728.8
2025-02-11,02:45,2961.6
2025-02-11,03:00,2796
2025-02-11,03:15,2940
2025-02-11,03:30,1941.6
2025-02-11,03:45,2882.4
2025-02-11,04:00,2925.6
2025-02-11,04:15,2905.2
2025-02-11,04:30,1932
2025-02-11,04:45,2634
2025-02-11,05:00,2887.2
2025-02-11,05:15,2906.4
2025-02-11,05:30,2979.6
2025-02-11,05:45,1161.6
2025-02-11,06:00,3025.2
2025-02-11,06:15,2913.6
2025-02-11,06:30,3091.2
2025-02-11,06:45,2019.6
2025-02-11,07:00,2115.6
2025-02-11,07:15,3109.2
2025-02-11,07:30,3145.2
2025-02-11,07:45,2078.4
2025-02-11,08:00,1110
2025-02-11,08:15,1130.4
2025-02-11,08:30,1204.8
2025-02-11,08:45,937.2
2025-02-11,09:00,1143.6
2025-02-11,09:15,907.2
2025-02-11,09:30,939.6
2025-02-11,09:45,924
2025-02-11,10:00,964.8
2025-02-11,10:15,939.6
2025-02-11,10:30,868.8
2025-02-11,10:45,730.8
2025-02-11,11:00,902.4
2025-02-11,11:15,770.4
2025-02-11,11:30,925.2
2025-02-11,11:45,820.8
2025-02-11,12:00,850.8
2025-02-11,12:15,733.2
2025-02-11,12:30,732
2025-02-11,12:45,727.2
2025-02-11,13:00,678
2025-02-11,13:15,699.6
2025-02-11,13:30,793.2
2025-02-11,13:45,673.2
2025-02-11,14:00,735.6
2025-02-11,14:15,771.6
2025-02-11,14:30,628.8
2025-02-11,14:45,622.8
2025-02-11,15:00,598.8
2025-02-11,15:15,747.6
2025-02-11,15:30,640.8
2025-02-11,15:45,775.2
2025-02-11,16:00,656.4
2025-02-11,16:15,716.4
2025-02-11,16:30,686.4
2025-02-11,16:45,752.4
2025-02-11,17:00,686.4
2025-02-11,17:15,673.2
2025-02-11,17:30,662.4
2025-02-11,17:45,752.4
2025-02-11,18:00,650.4
2025-02-11,18:15,720
2025-02-11,18:30,694.8
2025-02-11,18:45,682.8
2025-02-11,19:00,667.2
2025-02-11,19:15,769.2
2025-02-11,19:30,680.4
2025-02-11,19:45,656.4
2025-02-11,20:00,644.4
2025-02-11,20:15,838.8
2025-02-11,20:30,576
2025-02-11,20:45,794.4
2025-02-11,21:00,630
2025-02-11,21:15,736.8
2025-02-11,21:30,585.6
2025-02-11,21:45,636
2025-02-11,22:00,724.8
2025-02-11,22:15,650.4
2025-02-11,22:30,631.2
2025-02-11,22:45,651.6
2025-02-11,23:00,580.8
2025-02-11,23:15,769.2
2025-02-11,23:30,570
2025-02-11,23:45,696
2025-02-12,00:00,592.8
2025-02-12,00:15,667.2
2025-02-12,00:30,660
2025-02-12,00:45,600
2025-02-12,01:00,595.2
2025-02-12,01:15,692.4
2025-02-12,01:30,634.8
2025-02-12,01:45,706.8
2025-02-12,02:00,558
2025-02-12,02:15,673.2
2025-02-12,02:30,570
2025-02-12,02:45,602.4
2025-02-12,03:00,669.6
2025-02-12,03:15,657.6
2025-02-12,03:30,642
2025-02-12,03:45,577.2
2025-02-12,04:00,644.4
2025-02-12,04:15,691.2
2025-02-12,04:30,690
2025-02-12,04:45,680.4
2025-02-12,05:00,624
2025-02-12,05:15,566.4
2025-02-12,05:30,649.2
2025-02-12,05:45,614.4
2025-02-12,06:00,712.8
2025-02-12,06:15,608.4
2025-02-12,06:30,652.8
2025-02-12,06:45,616.8
2025-02-12,07:00,588
2025-02-12,07:15,745.2
2025-02-12,07:30,613.2
2025-02-12,07:45,643.2
2025-02-12,08:00,741.6
2025-02-12,08:15,718.8
2025-02-12,08:30,727.2
2025-02-12,08:45,602.4
2025-02-12,09:00,610.8
2025-02-12,09:15,648
2025-02-12,09:30,430.8
2025-02-12,09:45,577.2
2025-02-12,10:00,589.2
2025-02-12,10:15,526.8
2025-02-12,10:30,417.6
2025-02-12,10:45,429.6
2025-02-12,11:00,398.4
2025-02-12,11:15,398.4
2025-02-12,11:30,564
2025-02-12,11:45,535.2
2025-02-12,12:00,506.4
2025-02-12,12:15,554.4
2025-02-12,12:30,399.6
2025-02-12,12:45,422.4
2025-02-12,13:00,440.4
2025-02-12,13:15,632.4
2025-02-12,13:30,523.2
2025-02-12,13:45,252
2025-02-12,14:00,391.2
2025-02-12,14:15,476.4
2025-02-12,14:30,536.4
2025-02-12,14:45,566.4
2025-02-12,15:00,494.4
2025-02-12,15:15,613.2
2025-02-12,15:30,588
2025-02-12,15:45,650.4
2025-02-12,16:00,578.4
2025-02-12,16:15,720
2025-02-12,16:30,648
2025-02-12,16:45,672
2025-02-12,17:00,631.2
2025-02-12,17:15,546
2025-02-12,17:30,523.2
2025-02-12,17:45,735.6
2025-02-12,18:00,518.4
2025-02-12,18:15,706.8
2025-02-12,18:30,549.6
2025-02-12,18:45,672
2025-02-12,19:00,591.6
2025-02-12,19:15,592.8
2025-02-12,19:30,685.2
2025-02-12,19:45,691.2
2025-02-12,20:00,625.2
2025-02-12,20:15,730.8
2025-02-12,20:30,565.2
2025-02-12,20:45,801.6
2025-02-12,21:00,594
2025-02-12,21:15,644.4
2025-02-12,21:30,577.2
2025-02-12,21:45,687.6
2025-02-12,22:00,727.2
2025-02-12,22:15,595.2
2025-02-12,22:30,704.4
2025-02-12,22:45,536.4
2025-02-12,23:00,560.4
2025-02-12,23:15,722.4
2025-02-12,23:30,544.8
2025-02-12,23:45,650.4
2025-02-13,00:00,638.4
2025-02-13,00:15,579.6
2025-02-13,00:30,650.4
2025-02-13,00:45,634.8
2025-02-13,01:00,662.4
2025-02-13,01:15,588
2025-02-13,01:30,572.4
2025-02-13,01:45,710.4
2025-02-13,02:00,590.4
2025-02-13,02:15,654
2025-02-13,02:30,612
2025-02-13,02:45,633.6
2025-02-13,03:00,648
2025-02-13,03:15,651.6
2025-02-13,03:30,619.2
2025-02-13,03:45,734.4
2025-02-13,04:00,616.8
2025-02-13,04:15,681.6
2025-02-13,04:30,583.2
2025-02-13,04:45,650.4
2025-02-13,05:00,620.4
2025-02-13,05:15,655.2
2025-02-13,05:30,757.2
2025-02-13,05:45,636
2025-02-13,06:00,729.6
2025-02-13,06:15,669.6
2025-02-13,06:30,730.8
2025-02-13,06:45,732
2025-02-13,07:00,674.4
2025-02-13,07:15,828
2025-02-13,07:30,639.6
2025-02-13,07:45,840
2025-02-13,08:00,596.4
2025-02-13,08:15,585.6
2025-02-13,08:30,518.4
2025-02-13,08:45,408
2025-02-13,09:00,391.2
2025-02-13,09:15,446.4
2025-02-13,09:30,230.4
2025-02-13,09:45,196.8
2025-02-13,10:00,124.8
2025-02-13,10:15,204
2025-02-13,10:30,-80.4
2025-02-13,10:45,620.4
2025-02-13,11:00,439.2
2025-02-13,11:15,445.2
2025-02-13,11:30,400.8
2025-02-13,11:45,369.6
2025-02-13,12:00,354
2025-02-13,12:15,130.8
2025-02-13,12:30,229.2
2025-02-13,12:45,8.4
2025-02-13,13:00,-141.6
2025-02-13,13:15,309.6
2025-02-13,13:30,74.4
2025-02-13,13:45,130.8
2025-02-13,14:00,244.8
2025-02-13,14:15,142.8
2025-02-13,14:30,274.8
2025-02-13,14:45,252
2025-02-13,15:00,511.2
2025-02-13,15:15,378
2025-02-13,15:30,631.2
2025-02-13,15:45,510
2025-02-13,16:00,739.2
2025-02-13,16:15,644.4
2025-02-13,16:30,846
2025-02-13,16:45,879.6
2025-02-13,17:00,960
2025-02-13,17:15,1014
2025-02-13,17:30,937.2
2025-02-13,17:45,945.6
2025-02-13,18:00,906
2025-02-13,18:15,867.6
2025-02-13,18:30,997.2
2025-02-13,18:45,805.2
2025-02-13,19:00,946.8
2025-02-13,19:15,891.6
2025-02-13,19:30,890.4
2025-02-13,19:45,920.4
2025-02-13,20:00,879.6
2025-02-13,20:15,955.2
2025-02-13,20:30,976.8
2025-02-13,20:45,992.4
2025-02-13,21:00,804
2025-02-13,21:15,897.6
2025-02-13,21:30,804
2025-02-13,21:45,874.8
2025-02-13,22:00,891.6
2025-02-13,22:15,903.6
2025-02-13,22:30,844.8
2025-02-13,22:45,854.4
2025-02-13,23:00,2878.8
2025-02-13,23:15,2859.6
2025-02-13,23:30,2731.2
2025-02-13,23:45,3019.2
2025-02-14,00:00,2830.8
2025-02-14,00:15,1182
2025-02-14,00:30,2752.8
2025-02-14,00:45,2911.2
2025-02-14,01:00,2871.6
2025-02-14,01:15,2139.6
2025-02-14,01:30,3088.8
2025-02-14,01:45,2851.2
2025-02-14,02:00,2840.4
2025-02-14,02:15,2886
2025-02-14,02:30,1232.4
2025-02-14,02:45,2982
2025-02-14,03:00,2853.6
2025-02-14,03:15,2973.6
2025-02-14,03:30,1790.4
2025-02-14,03:45,2827.2
2025-02-14,04:00,2798.4
2025-02-14,04:15,2866.8
2025-02-14,04:30,2907.6
2025-02-14,04:45,1081.2
2025-02-14,05:00,2851.2
2025-02-14,05:15,2816.4
2025-02-14,05:30,2859.6
2025-02-14,05:45,2042.4
2025-02-14,06:00,2508
2025-02-14,06:15,2823.6
2025-02-14,06:30,2871.6
2025-02-14,06:45,2865.6
2025-02-14,07:00,1120.8
2025-02-14,07:15,2937.6
2025-02-14,07:30,3040.8
2025-02-14,07:45,2874
2025-02-14,08:00,2095.2
2025-02-14,08:15,1014
2025-02-14,08:30,1046.4
2025-02-14,08:45,1120.8
2025-02-14,09:00,1098
2025-02-14,09:15,1082.4
2025-02-14,09:30,1047.6
2025-02-14,09:45,966
2025-02-14,10:00,1076.4
2025-02-14,10:15,974.4
2025-02-14,10:30,1184.4
2025-02-14,10:45,867.6
2025-02-14,11:00,1108.8
2025-02-14,11:15,970.8
2025-02-14,11:30,963.6
2025-02-14,11:45,866.4
2025-02-14,12:00,746.4
2025-02-14,12:15,602.4
2025-02-14,12:30,828
2025-02-14,12:45,686.4
2025-02-14,13:00,938.4
2025-02-14,13:15,786
2025-02-14,13:30,852
2025-02-14,13:45,692.4
2025-02-14,14:00,776.4
2025-02-14,14:15,716.4
2025-02-14,14:30,889.2
2025-02-14,14:45,865.2
2025-02-14,15:00,854.4
2025-02-14,15:15,951.6
2025-02-14,15:30,868.8
2025-02-14,15:45,966
2025-02-14,16:00,952.8
2025-02-14,16:15,988.8
2025-02-14,16:30,951.6
2025-02-14,16:45,1017.6
2025-02-14,17:00,864
2025-02-14,17:15,849.6
2025-02-14,17:30,784.8
2025-02-14,17:45,939.6
2025-02-14,18:00,879.6
2025-02-14,18:15,801.6
2025-02-14,18:30,814.8
2025-02-14,18:45,858
2025-02-14,19:00,876
2025-02-14,19:15,806.4
2025-02-14,19:30,988.8
2025-02-14,19:45,878.4
2025-02-14,20:00,855.6
2025-02-14,20:15,879.6
2025-02-14,20:30,1021.2
2025-02-14,20:45,915.6
2025-02-14,21:00,914.4
2025-02-14,21:15,854.4
2025-02-14,21:30,924
2025-02-14,21:45,758.4
2025-02-14,22:00,948
2025-02-14,22:15,735.6
2025-02-14,22:30,873.6
2025-02-14,22:45,838.8
2025-02-14,23:00,2619.6
2025-02-14,23:15,2761.2
2025-02-14,23:30,2853.6
2025-02-14,23:45,2856
2025-02-15,00:00,2791.2
2025-02-15,00:15,910.8
2025-02-15,00:30,2967.6
2025-02-15,00:45,2851.2
2025-02-15,01:00,2872.8
2025-02-15,01:15,1963.2
2025-02-15,01:30,2439.6
2025-02-15,01:45,2966.4
2025-02-15,02:00,2739.6
2025-02-15,02:15,2967.6
2025-02-15,02:30,1179.6
2025-02-15,02:45,2532
2025-02-15,03:00,2910
2025-02-15,03:15,2822.4
2025-02-15,03:30,2974.8
2025-02-15,03:45,2906.4
2025-02-15,04:00,2932.8
2025-02-15,04:15,2932.8
2025-02-15,04:30,2953.2
2025-02-15,04:45,2744.4
2025-02-15,05:00,2932.8
2025-02-15,05:15,2955.6
2025-02-15,05:30,1206
2025-02-15,05:45,2887.2
2025-02-15,06:00,2998.8
2025-02-15,06:15,2974.8
2025-02-15,06:30,1312.8
2025-02-15,06:45,2853.6
2025-02-15,07:00,3012
2025-02-15,07:15,3008.4
2025-02-15,07:30,1111.2
2025-02-15,07:45,1052.4
2025-02-15,08:00,1077.6
2025-02-15,08:15,999.6
2025-02-15,08:30,1062
2025-02-15,08:45,1010.4
2025-02-15,09:00,1107.6
2025-02-15,09:15,1069.2
2025-02-15,09:30,1062
2025-02-15,09:45,1021.2
2025-02-15,10:00,966
2025-02-15,10:15,913.2
2025-02-15,10:30,846
2025-02-15,10:45,853.2
2025-02-15,11:00,976.8
2025-02-15,11:15,800.4
2025-02-15,11:30,896.4
2025-02-15,11:45,763.2
2025-02-15,12:00,954
2025-02-15,12:15,820.8
2025-02-15,12:30,856.8
2025-02-15,12:45,807.6
2025-02-15,13:00,789.6
2025-02-15,13:15,697.2
2025-02-15,13:30,802.8
2025-02-15,13:45,644.4
2025-02-15,14:00,831.6
2025-02-15,14:15,830.4
2025-02-15,14:30,877.2
2025-02-15,14:45,835.2
2025-02-15,15:00,778.8
2025-02-15,15:15,849.6
2025-02-15,15:30,841.2
2025-02-15,15:45,782.4
2025-02-15,16:00,964.8
2025-02-15,16:15,788.4
2025-02-15,16:30,856.8
2025-02-15,16:45,904.8
2025-02-15,17:00,872.4
2025-02-15,17:15,836.4
2025-02-15,17:30,891.6
2025-02-15,17:45,760.8
2025-02-15,18:00,972
2025-02-15,18:15,795.6
2025-02-15,18:30,943.2
2025-02-15,18:45,778.8
2025-02-15,19:00,768
2025-02-15,19:15,850.8
2025-02-15,19:30,950.4
2025-02-15,19:45,826.8
2025-02-15,20:00,930
2025-02-15,20:15,873.6
2025-02-15,20:30,892.8
2025-02-15,20:45,715.2
2025-02-15,21:00,768
2025-02-15,21:15,757.2
2025-02-15,21:30,691.2
2025-02-15,21:45,910.8
2025-02-15,22:00,778.8
2025-02-15,22:15,861.6
2025-02-15,22:30,819.6
2025-02-15,22:45,882
2025-02-15,23:00,1855.2
2025-02-15,23:15,2840.4
2025-02-15,23:30,2794.8
2025-02-15,23:45,2970
2025-02-16,00:00,2823.6
2025-02-16,00:15,1504.8
2025-02-16,00:30,2794.8
2025-02-16,00:45,2986.8
2025-02-16,01:00,2864.4
2025-02-16,01:15,2871.6
2025-02-16,01:30,2901.6
2025-02-16,01:45,2953.2
2025-02-16,02:00,2942.4
2025-02-16,02:15,2914.8
2025-02-16,02:30,1219.2
2025-02-16,02:45,2964
2025-02-16,03:00,2869.2
2025-02-16,03:15,2946
2025-02-16,03:30,1248
2025-02-16,03:45,2863.2
2025-02-16,04:00,2976
2025-02-16,04:15,2940
2025-02-16,04:30,2832
2025-02-16,04:45,2978.4
2025-02-16,05:00,2834.4
2025-02-16,05:15,2161.2
2025-02-16,05:30,1994.4
2025-02-16,05:45,2930.4
2025-02-16,06:00,2084.4
2025-02-16,06:15,2812.8
2025-02-16,06:30,2163.6
2025-02-16,06:45,2980.8
2025-02-16,07:00,2964
2025-02-16,07:15,1998
2025-02-16,07:30,1980
2025-02-16,07:45,968.4
2025-02-16,08:00,975.6
2025-02-16,08:15,813.6
2025-02-16,08:30,916.8
2025-02-16,08:45,948
2025-02-16,09:00,664.8
2025-02-16,09:15,584.4
2025-02-16,09:30,478.8
2025-02-16,09:45,541.2
2025-02-16,10:00,280.8
2025-02-16,10:15,380.4
2025-02-16,10:30,322.8
2025-02-16,10:45,249.6
2025-02-16,11:00,213.6
2025-02-16,11:15,344.4
2025-02-16,11:30,212.4
2025-02-16,11:45,158.4
2025-02-16,12:00,-24
2025-02-16,12:15,291.6
2025-02-16,12:30,387.6
2025-02-16,12:45,528
2025-02-16,13:00,183.6
2025-02-16,13:15,82.8
2025-02-16,13:30,454.8
2025-02-16,13:45,487.2
2025-02-16,14:00,93.6
2025-02-16,14:15,559.2
2025-02-16,14:30,204
2025-02-16,14:45,349.2
2025-02-16,15:00,345.6
2025-02-16,15:15,601.2
2025-02-16,15:30,315.6
2025-02-16,15:45,735.6
2025-02-16,16:00,536.4
2025-02-16,16:15,597.6
2025-02-16,16:30,748.8
2025-02-16,16:45,770.4
2025-02-16,17:00,722.4
2025-02-16,17:15,880.8
2025-02-16,17:30,795.6
2025-02-16,17:45,715.2
2025-02-16,18:00,818.4
2025-02-16,18:15,807.6
2025-02-16,18:30,748.8
2025-02-16,18:45,982.8
2025-02-16,19:00,834
2025-02-16,19:15,842.4
2025-02-16,19:30,924
2025-02-16,19:45,901.2
2025-02-16,20:00,813.6
2025-02-16,20:15,940.8
2025-02-16,20:30,969.6
2025-02-16,20:45,919.2
2025-02-16,21:00,854.4
2025-02-16,21:15,894
2025-02-16,21:30,854.4
2025-02-16,21:45,781.2
2025-02-16,22:00,824.4
2025-02-16,22:15,739.2
2025-02-16,22:30,853.2
2025-02-16,22:45,892.8
2025-02-16,23:00,2931.6
2025-02-16,23:15,2762.4
2025-02-16,23:30,2892
2025-02-16,23:45,2806.8
2025-02-17,00:00,2858.4
2025-02-17,00:15,1335.6
2025-02-17,00:30,2792.4
2025-02-17,00:45,2914.8
2025-02-17,01:00,2217.6
2025-02-17,01:15,1994.4
2025-02-17,01:30,2818.8
2025-02-17,01:45,2917.2
2025-02-17,02:00,2065.2
2025-02-17,02:15,2868
2025-02-17,02:30,3073.2
2025-02-17,02:45,2833.2
2025-02-17,03:00,2053.2
2025-02-17,03:15,2982
2025-02-17,03:30,2713.2
2025-02-17,03:45,2802
2025-02-17,04:00,2094
2025-02-17,04:15,2055.6
2025-02-17,04:30,2824.8
2025-02-17,04:45,3097.2
2025-02-17,05:00,2848.8
2025-02-17,05:15,1116
2025-02-17,05:30,2874
2025-02-17,05:45,2959.2
2025-02-17,06:00,2856
2025-02-17,06:15,1657.2
2025-02-17,06:30,2995.2
2025-02-17,06:45,2985.6
2025-02-17,07:00,2983.2
2025-02-17,07:15,1382.4
2025-02-17,07:30,975.6
2025-02-17,07:45,984
2025-02-17,08:00,1021.2
2025-02-17,08:15,1118.4
2025-02-17,08:30,907.2
2025-02-17,08:45,892.8
2025-02-17,09:00,882
2025-02-17,09:15,824.4
2025-02-17,09:30,693.6
2025-02-17,09:45,442.8
2025-02-17,10:00,507.6
2025-02-17,10:15,717.6
2025-02-17,10:30,507.6
2025-02-17,10:45,679.2
2025-02-17,11:00,650.4
2025-02-17,11:15,873.6
2025-02-17,11:30,578.4
2025-02-17,11:45,726
2025-02-17,12:00,526.8
2025-02-17,12:15,824.4
2025-02-17,12:30,574.8
2025-02-17,12:45,633.6
2025-02-17,13:00,596.4
2025-02-17,13:15,686.4
2025-02-17,13:30,766.8
2025-02-17,13:45,748.8
2025-02-17,14:00,782.4
2025-02-17,14:15,775.2
2025-02-17,14:30,777.6
2025-02-17,14:45,822
2025-02-17,15:00,770.4
2025-02-17,15:15,840
2025-02-17,15:30,764.4
2025-02-17,15:45,832.8
2025-02-17,16:00,866.4
2025-02-17,16:15,888
2025-02-17,16:30,914.4
2025-02-17,16:45,846
2025-02-17,17:00,1034.4
2025-02-17,17:15,853.2
2025-02-17,17:30,949.2
2025-02-17,17:45,859.2
2025-02-17,18:00,891.6
2025-02-17,18:15,889.2
2025-02-17,18:30,910.8
2025-02-17,18:45,890.4
2025-02-17,19:00,879.6
2025-02-17,19:15,948
2025-02-17,19:30,879.6
2025-02-17,19:45,912
2025-02-17,20:00,889.2
2025-02-17,20:15,922.8
2025-02-17,20:30,913.2
2025-02-17,20:45,861.6
2025-02-17,21:00,838.8
2025-02-17,21:15,794.4
2025-02-17,21:30,865.2
2025-02-17,21:45,831.6
2025-02-17,22:00,884.4
2025-02-17,22:15,913.2
2025-02-17,22:30,884.4
2025-02-17,22:45,898.8
2025-02-17,23:00,2923.2
2025-02-17,23:15,2875.2
2025-02-17,23:30,3103.2
2025-02-17,23:45,2878.8
2025-02-18,00:00,2941.2
2025-02-18,00:15,1290
2025-02-18,00:30,2962.8
2025-02-18,00:45,2858.4
2025-02-18,01:00,2904
2025-02-18,01:15,2116.8
2025-02-18,01:30,2918.4
2025-02-18,01:45,3045.6
2025-02-18,02:00,2898
2025-02-18,02:15,1162.8
2025-02-18,02:30,2355.6
2025-02-18,02:45,3043.2
2025-02-18,03:00,2967.6
2025-02-18,03:15,2944.8
2025-02-18,03:30,3026.4
2025-02-18,03:45,3003.6
2025-02-18,04:00,2916
2025-02-18,04:15,2931.6
2025-02-18,04:30,1429.2
2025-02-18,04:45,2911.2
2025-02-18,05:00,3007.2
2025-02-18,05:15,2977.2
2025-02-18,05:30,1899.6
2025-02-18,05:45,2890.8
2025-02-18,06:00,2994
2025-02-18,06:15,1858.8
2025-02-18,06:30,3045.6
2025-02-18,06:45,3001.2
2025-02-18,07:00,3110.4
2025-02-18,07:15,2931.6
2025-02-18,07:30,999.6
2025-02-18,07:45,934.8
2025-02-18,08:00,970.8
2025-02-18,08:15,750
2025-02-18,08:30,735.6
2025-02-18,08:45,678
2025-02-18,09:00,616.8
2025-02-18,09:15,542.4
2025-02-18,09:30,501.6
2025-02-18,09:45,337.2
2025-02-18,10:00,319.2
2025-02-18,10:15,142.8
2025-02-18,10:30,166.8
2025-02-18,10:45,44.4
2025-02-18,11:00,180
2025-02-18,11:15,22.8
2025-02-18,11:30,-25.2
2025-02-18,11:45,32.4
2025-02-18,12:00,44.4
2025-02-18,12:15,423.6
2025-02-18,12:30,390
2025-02-18,12:45,198
2025-02-18,13:00,0
2025-02-18,13:15,186
2025-02-18,13:30,135.6
2025-02-18,13:45,166.8
2025-02-18,14:00,141.6
2025-02-18,14:15,313.2
2025-02-18,14:30,181.2
2025-02-18,14:45,601.2
2025-02-18,15:00,490.8
2025-02-18,15:15,375.6
2025-02-18,15:30,572.4
2025-02-18,15:45,529.2
2025-02-18,16:00,544.8
2025-02-18,16:15,646.8
2025-02-18,16:30,664.8
2025-02-18,16:45,796.8
2025-02-18,17:00,806.4
2025-02-18,17:15,870
2025-02-18,17:30,798
2025-02-18,17:45,885.6
2025-02-18,18:00,862.8
2025-02-18,18:15,872.4
2025-02-18,18:30,852
2025-02-18,18:45,872.4
2025-02-18,19:00,800.4
2025-02-18,19:15,688.8
2025-02-18,19:30,858
2025-02-18,19:45,668.4
2025-02-18,20:00,721.2
2025-02-18,20:15,718.8
2025-02-18,20:30,817.2
2025-02-18,20:45,722.4
2025-02-18,21:00,622.8
2025-02-18,21:15,829.2
2025-02-18,21:30,622.8
2025-02-18,21:45,799.2
2025-02-18,22:00,584.4
2025-02-18,22:15,657.6
2025-02-18,22:30,637.2
2025-02-18,22:45,632.4
2025-02-18,23:00,1689.6
2025-02-18,23:15,2586
2025-02-18,23:30,2595.6
2025-02-18,23:45,2646
2025-02-19,00:00,2643.6
2025-02-19,00:15,1045.2
2025-02-19,00:30,2691.6
2025-02-19,00:45,2643.6
2025-02-19,01:00,2744.4
2025-02-19,01:15,2613.6
2025-02-19,01:30,987.6
2025-02-19,01:45,2582.4
2025-02-19,02:00,2811.6
2025-02-19,02:15,2730
2025-02-19,02:30,944.4
2025-02-19,02:45,2500.8
2025-02-19,03:00,2620.8
2025-02-19,03:15,2841.6
2025-02-19,03:30,2592
2025-02-19,03:45,2574
2025-02-19,04:00,2635.2
2025-02-19,04:15,2731.2
2025-02-19,04:30,1749.6
2025-02-19,04:45,1678.8
2025-02-19,05:00,2707.2
2025-02-19,05:15,1752
2025-02-19,05:30,2656.8
2025-02-19,05:45,1813.2
2025-02-19,06:00,2731.2
2025-02-19,06:15,1658.4
2025-02-19,06:30,2719.2
2025-02-19,06:45,2750.4
2025-02-19,07:00,2763.6
2025-02-19,07:15,1791.6
2025-02-19,07:30,2115.6
2025-02-19,07:45,1162.8
2025-02-19,08:00,883.2
2025-02-19,08:15,1006.8
2025-02-19,08:30,698.4
2025-02-19,08:45,872.4
2025-02-19,09:00,670.8
2025-02-19,09:15,633.6
2025-02-19,09:30,476.4
2025-02-19,09:45,511.2
2025-02-19,10:00,606
2025-02-19,10:15,342
2025-02-19,10:30,272.4
2025-02-19,10:45,136.8
2025-02-19,11:00,201.6
2025-02-19,11:15,349.2
2025-02-19,11:30,229.2
2025-02-19,11:45,241.2
2025-02-19,12:00,97.2
2025-02-19,12:15,261.6
2025-02-19,12:30,98.4
2025-02-19,12:45,207.6
2025-02-19,13:00,81.6
2025-02-19,13:15,230.4
2025-02-19,13:30,124.8
2025-02-19,13:45,339.6
2025-02-19,14:00,225.6
2025-02-19,14:15,255.6
2025-02-19,14:30,610.8
2025-02-19,14:45,355.2
2025-02-19,15:00,742.8
2025-02-19,15:15,588
2025-02-19,15:30,621.6
2025-02-19,15:45,644.4
2025-02-19,16:00,754.8
2025-02-19,16:15,800.4
2025-02-19,16:30,838.8
2025-02-19,16:45,913.2
2025-02-19,17:00,980.4
2025-02-19,17:15,861.6
2025-02-19,17:30,921.6
2025-02-19,17:45,1094.4
2025-02-19,18:00,934.8
2025-02-19,18:15,955.2
2025-02-19,18:30,908.4
2025-02-19,18:45,898.8
2025-02-19,19:00,1056
2025-02-19,19:15,906
2025-02-19,19:30,1060.8
2025-02-19,19:45,920.4
2025-02-19,20:00,994.8
2025-02-19,20:15,867.6
2025-02-19,20:30,1015.2
2025-02-19,20:45,957.6
2025-02-19,21:00,981.6
2025-02-19,21:15,925.2
2025-02-19,21:30,852
2025-02-19,21:45,962.4
2025-02-19,22:00,830.4
2025-02-19,22:15,1022.4
2025-02-19,22:30,1767.6
2025-02-19,22:45,1828.8
2025-02-19,23:00,3829.2
2025-02-19,23:15,3790.8
2025-02-19,23:30,3624
2025-02-19,23:45,3694.8
2025-02-20,00:00,2606.4
2025-02-20,00:15,2930.4
2025-02-20,00:30,3054
2025-02-20,00:45,2979.6
2025-02-20,01:00,2982
2025-02-20,01:15,3814.8
2025-02-20,01:30,3380.4
2025-02-20,01:45,3834
2025-02-20,02:00,2955.6
2025-02-20,02:15,3048
2025-02-20,02:30,3942
2025-02-20,02:45,3074.4
2025-02-20,03:00,3192
2025-02-20,03:15,2968.8
2025-02-20,03:30,3880.8
2025-02-20,03:45,3009.6
2025-02-20,04:00,3847.2
2025-02-20,04:15,2263.2
2025-02-20,04:30,3846
2025-02-20,04:45,4129.2
2025-02-20,05:00,3396
2025-02-20,05:15,2972.4
2025-02-20,05:30,3879.6
2025-02-20,05:45,3138
2025-02-20,06:00,3835.2
2025-02-20,06:15,2217.6
2025-02-20,06:30,3678
2025-02-20,06:45,3872.4
2025-02-20,07:00,4048.8
2025-02-20,07:15,3104.4
2025-02-20,07:30,2064
2025-02-20,07:45,1075.2
2025-02-20,08:00,973.2
2025-02-20,08:15,1188
2025-02-20,08:30,872.4
2025-02-20,08:45,854.4
2025-02-20,09:00,859.2
2025-02-20,09:15,985.2
2025-02-20,09:30,885.6
2025-02-20,09:45,894
2025-02-20,10:00,946.8
2025-02-20,10:15,990
2025-02-20,10:30,950.4
2025-02-20,10:45,811.2
2025-02-20,11:00,966
2025-02-20,11:15,954
2025-02-20,11:30,885.6
2025-02-20,11:45,991.2
2025-02-20,12:00,933.6
2025-02-20,12:15,1014
2025-02-20,12:30,804
2025-02-20,12:45,934.8
2025-02-20,13:00,710.4
2025-02-20,13:15,740.4
2025-02-20,13:30,860.4
2025-02-20,13:45,792
2025-02-20,14:00,1368
2025-02-20,14:15,1248
2025-02-20,14:30,1297.2
2025-02-20,14:45,1244.4
2025-02-20,15:00,1204.8
2025-02-20,15:15,1262.4
2025-02-20,15:30,1159.2
2025-02-20,15:45,1267.2
2025-02-20,16:00,1304.4
2025-02-20,16:15,1353.6
2025-02-20,16:30,1140
2025-02-20,16:45,1370.4
2025-02-20,17:00,1156.8
2025-02-20,17:15,1280.4
2025-02-20,17:30,1177.2
2025-02-20,17:45,1087.2
2025-02-20,18:00,1126.8
2025-02-20,18:15,1106.4
2025-02-20,18:30,1174.8
2025-02-20,18:45,1106.4
2025-02-20,19:00,991.2
2025-02-20,19:15,1100.4
2025-02-20,19:30,1164
2025-02-20,19:45,1246.8
2025-02-20,20:00,1090.8
2025-02-20,20:15,1154.4
2025-02-20,20:30,1305.6
2025-02-20,20:45,1131.6
2025-02-20,21:00,1270.8
2025-02-20,21:15,1038
2025-02-20,21:30,1268.4
2025-02-20,21:45,1143.6
2025-02-20,22:00,1232.4
2025-02-20,22:15,1130.4
2025-02-20,22:30,1106.4
2025-02-20,22:45,1105.2
2025-02-20,23:00,1130.4
2025-02-20,23:15,3884.4
2025-02-20,23:30,4065.6
2025-02-20,23:45,4111.2
2025-02-21,00:00,4130.4
2025-02-21,00:15,1424.4
2025-02-21,00:30,4084.8
2025-02-21,00:45,4030.8
2025-02-21,01:00,4112.4
2025-02-21,01:15,3236.4
2025-02-21,01:30,2355.6
2025-02-21,01:45,4026
2025-02-21,02:00,4137.6
2025-02-21,02:15,4214.4
2025-02-21,02:30,1627.2
2025-02-21,02:45,4148.4
2025-02-21,03:00,4033.2
2025-02-21,03:15,4210.8
2025-02-21,03:30,3189.6
2025-02-21,03:45,3225.6
2025-02-21,04:00,4092
2025-02-21,04:15,4180.8
2025-02-21,04:30,3318
2025-02-21,04:45,2518.8
2025-02-21,05:00,4155.6
2025-02-21,05:15,4172.4
2025-02-21,05:30,4087.2
2025-02-21,05:45,2619.6
2025-02-21,06:00,4182
2025-02-21,06:15,3338.4
2025-02-21,06:30,4082.4
2025-02-21,06:45,3081.6
2025-02-21,07:00,4202.4
2025-02-21,07:15,4275.6
2025-02-21,07:30,3540
2025-02-21,07:45,1647.6
2025-02-21,08:00,1396.8
2025-02-21,08:15,1324.8
2025-02-21,08:30,1369.2
2025-02-21,08:45,1294.8
2025-02-21,09:00,1215.6
2025-02-21,09:15,1178.4
2025-02-21,09:30,1066.8
2025-02-21,09:45,1161.6
2025-02-21,10:00,1068
2025-02-21,10:15,1198.8
2025-02-21,10:30,974.4
2025-02-21,10:45,1141.2
2025-02-21,11:00,900
2025-02-21,11:15,805.2
2025-02-21,11:30,960
2025-02-21,11:45,900
2025-02-21,12:00,1219.2
2025-02-21,12:15,1398
2025-02-21,12:30,820.8
2025-02-21,12:45,930
2025-02-21,13:00,1244.4
2025-02-21,13:15,1000.8
2025-02-21,13:30,1225.2
2025-02-21,13:45,1047.6
2025-02-21,14:00,1291.2
2025-02-21,14:15,1328.4
2025-02-21,14:30,1082.4
2025-02-21,14:45,1015.2
2025-02-21,15:00,1237.2
2025-02-21,15:15,1094.4
2025-02-21,15:30,1150.8
2025-02-21,15:45,1130.4
2025-02-21,16:00,1098
2025-02-21,16:15,1288.8
2025-02-21,16:30,1096.8
2025-02-21,16:45,1174.8
2025-02-21,17:00,1195.2
2025-02-21,17:15,1194
2025-02-21,17:30,1174.8
2025-02-21,17:45,1164
2025-02-21,18:00,1291.2
2025-02-21,18:15,1112.4
2025-02-21,18:30,1186.8
2025-02-21,18:45,1197.6
2025-02-21,19:00,1226.4
2025-02-21,19:15,1152
2025-02-21,19:30,1210.8
2025-02-21,19:45,1236
2025-02-21,20:00,1347.6
2025-02-21,20:15,1290
2025-02-21,20:30,1317.6
2025-02-21,20:45,1338
2025-02-21,21:00,1348.8
2025-02-21,21:15,1222.8
2025-02-21,21:30,1287.6
2025-02-21,21:45,1294.8
2025-02-21,22:00,1274.4
2025-02-21,22:15,1131.6
2025-02-21,22:30,2248.8
2025-02-21,22:45,2221.2
2025-02-21,23:00,4038
2025-02-21,23:15,3664.8
2025-02-21,23:30,4446
2025-02-21,23:45,3928.8
2025-02-22,00:00,4410
2025-02-22,00:15,3866.4
2025-02-22,00:30,4292.4
2025-02-22,00:45,4238.4
2025-02-22,01:00,3424.8
2025-02-22,01:15,3607.2
2025-02-22,01:30,3632.4
2025-02-22,01:45,4221.6
2025-02-22,02:00,4201.2
2025-02-22,02:15,3602.4
2025-02-22,02:30,4012.8
2025-02-22,02:45,4464
2025-02-22,03:00,4431.6
2025-02-22,03:15,3396
2025-02-22,03:30,4029.6
2025-02-22,03:45,4552.8
2025-02-22,04:00,4291.2
2025-02-22,04:15,4315.2
2025-02-22,04:30,3008.4
2025-02-22,04:45,4365.6
2025-02-22,05:00,4264.8
2025-02-22,05:15,4513.2
2025-02-22,05:30,2373.6
2025-02-22,05:45,4299.6
2025-02-22,06:00,4298.4
2025-02-22,06:15,4354.8
2025-02-22,06:30,2570.4
2025-02-22,06:45,4630.8
2025-02-22,07:00,4498.8
2025-02-22,07:15,4492.8
2025-02-22,07:30,2694
2025-02-22,07:45,1563.6
2025-02-22,08:00,1628.4
2025-02-22,08:15,1443.6
2025-02-22,08:30,1396.8
2025-02-22,08:45,1453.2
2025-02-22,09:00,1425.6
2025-02-22,09:15,1522.8
2025-02-22,09:30,1382.4
2025-02-22,09:45,1474.8
2025-02-22,10:00,1452
2025-02-22,10:15,1556.4
2025-02-22,10:30,1105.2
2025-02-22,10:45,1009.2
2025-02-22,11:00,1232.4
2025-02-22,11:15,1180.8
2025-02-22,11:30,1348.8
2025-02-22,11:45,1272
2025-02-22,12:00,1326
2025-02-22,12:15,1159.2
2025-02-22,12:30,1399.2
2025-02-22,12:45,1360.8
2025-02-22,13:00,1288.8
2025-02-22,13:15,1441.2
2025-02-22,13:30,1399.2
2025-02-22,13:45,1448.4
2025-02-22,14:00,1417.2
2025-02-22,14:15,1341.6
2025-02-22,14:30,1448.4
2025-02-22,14:45,1406.4
2025-02-22,15:00,1381.2
2025-02-22,15:15,1438.8
2025-02-22,15:30,1276.8
2025-02-22,15:45,1440
2025-02-22,16:00,1395.6
2025-02-22,16:15,1620
2025-02-22,16:30,1425.6
2025-02-22,16:45,1640.4
2025-02-22,17:00,1411.2
2025-02-22,17:15,1644
2025-02-22,17:30,1546.8
2025-02-22,17:45,1518
2025-02-22,18:00,1408.8
2025-02-22,18:15,1512
2025-02-22,18:30,1470
2025-02-22,18:45,1503.6
2025-02-22,19:00,1395.6
2025-02-22,19:15,1471.2
2025-02-22,19:30,1526.4
2025-02-22,19:45,1651.2
2025-02-22,20:00,1539.6
2025-02-22,20:15,1666.8
2025-02-22,20:30,1526.4
2025-02-22,20:45,1647.6
2025-02-22,21:00,1509.6
2025-02-22,21:15,1555.2
2025-02-22,21:30,1515.6
2025-02-22,21:45,1566
2025-02-22,22:00,2432.4
2025-02-22,22:15,3451.2
2025-02-22,22:30,3156
2025-02-22,22:45,3410.4
2025-02-22,23:00,2662.8
2025-02-22,23:15,2775.6
2025-02-22,23:30,3728.4
2025-02-22,23:45,2718
2025-02-23,00:00,4333.2
2025-02-23,00:15,3576
2025-02-23,00:30,4386
2025-02-23,00:45,4425.6
2025-02-23,01:00,4486.8
2025-02-23,01:15,4344
2025-02-23,01:30,4429.2
2025-02-23,01:45,4408.8
2025-02-23,02:00,2694
2025-02-23,02:15,4410
2025-02-23,02:30,3597.6
2025-02-23,02:45,4524
2025-02-23,03:00,4490.4
2025-02-23,03:15,4440
2025-02-23,03:30,4522.8
2025-02-23,03:45,4474.8
2025-02-23,04:00,4527.6
2025-02-23,04:15,2930.4
2025-02-23,04:30,4574.4
2025-02-23,04:45,3588
2025-02-23,05:00,4496.4
2025-02-23,05:15,2908.8
2025-02-23,05:30,4498.8
2025-02-23,05:45,4602
2025-02-23,06:00,4408.8
2025-02-23,06:15,3574.8
2025-02-23,06:30,4524
2025-02-23,06:45,3561.6
2025-02-23,07:00,4574.4
2025-02-23,07:15,2788.8
2025-02-23,07:30,2701.2
2025-02-23,07:45,1512
2025-02-23,08:00,1485.6
2025-02-23,08:15,1556.4
2025-02-23,08:30,1412.4
2025-02-23,08:45,1556.4
2025-02-23,09:00,1420.8
2025-02-23,09:15,1765.2
2025-02-23,09:30,1449.6
2025-02-23,09:45,1507.2
2025-02-23,10:00,1500
2025-02-23,10:15,1400.4
2025-02-23,10:30,1296
2025-02-23,10:45,1437.6
2025-02-23,11:00,1527.6
2025-02-23,11:15,1414.8
2025-02-23,11:30,1591.2
2025-02-23,11:45,1336.8
2025-02-23,12:00,1070.4
2025-02-23,12:15,741.6
2025-02-23,12:30,1057.2
2025-02-23,12:45,943.2
2025-02-23,13:00,1058.4
2025-02-23,13:15,1122
2025-02-23,13:30,1095.6
2025-02-23,13:45,1442.4
2025-02-23,14:00,1222.8
2025-02-23,14:15,1197.6
2025-02-23,14:30,978
2025-02-23,14:45,1176
2025-02-23,15:00,1092
2025-02-23,15:15,1266
2025-02-23,15:30,1207.2
2025-02-23,15:45,1030.8
2025-02-23,16:00,1156.8
2025-02-23,16:15,1300.8
2025-02-23,16:30,1390.8
2025-02-23,16:45,1389.6
2025-02-23,17:00,1562.4
2025-02-23,17:15,1364.4
2025-02-23,17:30,1468.8
2025-02-23,17:45,1470
2025-02-23,18:00,1444.8
2025-02-23,18:15,1366.8
2025-02-23,18:30,1335.6
2025-02-23,18:45,1353.6
2025-02-23,19:00,1374
2025-02-23,19:15,1480.8
2025-02-23,19:30,1393.2
2025-02-23,19:45,1473.6
2025-02-23,20:00,1483.2
2025-02-23,20:15,1402.8
2025-02-23,20:30,1405.2
2025-02-23,20:45,1374
2025-02-23,21:00,1291.2
2025-02-23,21:15,1389.6
2025-02-23,21:30,1404
2025-02-23,21:45,1436.4
2025-02-23,22:00,1579.2
2025-02-23,22:15,1328.4
2025-02-23,22:30,1341.6
2025-02-23,22:45,1297.2
2025-02-23,23:00,4242
2025-02-23,23:15,4257.6
2025-02-23,23:30,4330.8
2025-02-23,23:45,4371.6
2025-02-24,00:00,4365.6
2025-02-24,00:15,2806.8
2025-02-24,00:30,4422
2025-02-24,00:45,4440
2025-02-24,01:00,4369.2
2025-02-24,01:15,1849.2
2025-02-24,01:30,4208.4
2025-02-24,01:45,4365.6
2025-02-24,02:00,4251.6
2025-02-24,02:15,3464.4
2025-02-24,02:30,3538.8
2025-02-24,02:45,4340.4
2025-02-24,03:00,4434
2025-02-24,03:15,4370.4
2025-02-24,03:30,3460.8
2025-02-24,03:45,4436.4
2025-02-24,04:00,4466.4
2025-02-24,04:15,4474.8
2025-02-24,04:30,2664
2025-02-24,04:45,3484.8
2025-02-24,05:00,4438.8
2025-02-24,05:15,4305.6
2025-02-24,05:30,4378.8
2025-02-24,05:45,3397.2
2025-02-24,06:00,4416
2025-02-24,06:15,4452
2025-02-24,06:30,3580.8
2025-02-24,06:45,3291.6
2025-02-24,07:00,4573.2
2025-02-24,07:15,4378.8
2025-02-24,07:30,3470.4
2025-02-24,07:45,1498.8
2025-02-24,08:00,1410
2025-02-24,08:15,1250.4
2025-02-24,08:30,1188
2025-02-24,08:45,1192.8
2025-02-24,09:00,1190.4
2025-02-24,09:15,1140
2025-02-24,09:30,914.4
2025-02-24,09:45,1044
2025-02-24,10:00,942
2025-02-24,10:15,988.8
2025-02-24,10:30,798
2025-02-24,10:45,673.2
2025-02-24,11:00,640.8
2025-02-24,11:15,672
2025-02-24,11:30,559.2
2025-02-24,11:45,652.8
2025-02-24,12:00,433.2
2025-02-24,12:15,526.8
2025-02-24,12:30,544.8
2025-02-24,12:45,548.4
2025-02-24,13:00,715.2
2025-02-24,13:15,459.6
2025-02-24,13:30,688.8
2025-02-24,13:45,536.4
2025-02-24,14:00,622.8
2025-02-24,14:15,842.4
2025-02-24,14:30,735.6
2025-02-24,14:45,870
2025-02-24,15:00,870
2025-02-24,15:15,915.6
2025-02-24,15:30,915.6
2025-02-24,15:45,930
2025-02-24,16:00,1218
2025-02-24,16:15,1029.6
2025-02-24,16:30,1185.6
2025-02-24,16:45,1134
2025-02-24,17:00,1330.8
2025-02-24,17:15,1293.6
2025-02-24,17:30,1446
2025-02-24,17:45,1388.4
2025-02-24,18:00,1404
2025-02-24,18:15,1398
2025-02-24,18:30,1254
2025-02-24,18:45,1370.4
2025-02-24,19:00,1273.2
2025-02-24,19:15,1383.6
2025-02-24,19:30,1275.6
2025-02-24,19:45,1393.2
2025-02-24,20:00,1346.4
2025-02-24,20:15,1635.6
2025-02-24,20:30,1422
2025-02-24,20:45,1668
2025-02-24,21:00,1353.6
2025-02-24,21:15,1369.2
2025-02-24,21:30,1352.4
2025-02-24,21:45,1389.6
2025-02-24,22:00,1507.2
2025-02-24,22:15,1255.2
2025-02-24,22:30,1566
2025-02-24,22:45,1424.4
2025-02-24,23:00,4435.2
2025-02-24,23:15,4299.6
2025-02-24,23:30,4542
2025-02-24,23:45,4382.4
2025-02-25,00:00,4398
2025-02-25,00:15,1893.6
2025-02-25,00:30,4179.6
2025-02-25,00:45,4335.6
2025-02-25,01:00,4449.6
2025-02-25,01:15,2955.6
2025-02-25,01:30,4174.8
2025-02-25,01:45,4486.8
2025-02-25,02:00,4399.2
2025-02-25,02:15,4623.6
2025-02-25,02:30,3073.2
2025-02-25,02:45,4476
2025-02-25,03:00,4591.2
2025-02-25,03:15,4484.4
2025-02-25,03:30,2588.4
2025-02-25,03:45,3423.6
2025-02-25,04:00,4494
2025-02-25,04:15,4426.8
2025-02-25,04:30,2672.4
2025-02-25,04:45,4039.2
2025-02-25,05:00,4490.4
2025-02-25,05:15,4478.4
2025-02-25,05:30,3427.2
2025-02-25,05:45,3558
2025-02-25,06:00,4417.2
2025-02-25,06:15,4510.8
2025-02-25,06:30,4104
2025-02-25,06:45,3682.8
2025-02-25,07:00,4569.6
2025-02-25,07:15,4564.8
2025-02-25,07:30,2731.2
2025-02-25,07:45,2515.2
2025-02-25,08:00,1555.2
2025-02-25,08:15,1531.2
2025-02-25,08:30,1520.4
2025-02-25,08:45,1594.8
2025-02-25,09:00,1474.8
2025-02-25,09:15,1422
2025-02-25,09:30,1579.2
2025-02-25,09:45,1533.6
2025-02-25,10:00,1680
2025-02-25,10:15,1443.6
2025-02-25,10:30,1507.2
2025-02-25,10:45,1485.6
2025-02-25,11:00,1322.4
2025-02-25,11:15,1480.8
2025-02-25,11:30,1352.4
2025-02-25,11:45,1561.2
2025-02-25,12:00,1418.4
2025-02-25,12:15,1426.8
2025-02-25,12:30,1431.6
2025-02-25,12:45,1407.6
2025-02-25,13:00,1366.8
2025-02-25,13:15,1518
2025-02-25,13:30,1414.8
2025-02-25,13:45,1419.6
2025-02-25,14:00,1324.8
2025-02-25,14:15,1430.4
2025-02-25,14:30,1251.6
2025-02-25,14:45,1285.2
2025-02-25,15:00,1304.4
2025-02-25,15:15,1513.2
2025-02-25,15:30,1258.8
2025-02-25,15:45,1356
2025-02-25,16:00,1272
2025-02-25,16:15,1395.6
2025-02-25,16:30,1290
2025-02-25,16:45,1101.6
2025-02-25,17:00,1318.8
2025-02-25,17:15,1345.2
2025-02-25,17:30,1290
2025-02-25,17:45,1191.6
2025-02-25,18:00,1203.6
2025-02-25,18:15,1310.4
2025-02-25,18:30,1418.4
2025-02-25,18:45,1430.4
2025-02-25,19:00,1184.4
2025-02-25,19:15,1155.6
2025-02-25,19:30,1148.4
2025-02-25,19:45,1130.4
2025-02-25,20:00,1249.2
2025-02-25,20:15,1245.6
2025-02-25,20:30,1167.6
2025-02-25,20:45,1176
2025-02-25,21:00,1083.6
2025-02-25,21:15,1122
2025-02-25,21:30,1107.6
2025-02-25,21:45,1129.2
2025-02-25,22:00,980.4
2025-02-25,22:15,1227.6
2025-02-25,22:30,1076.4
2025-02-25,22:45,1228.8
2025-02-25,23:00,4114.8
2025-02-25,23:15,3892.8
2025-02-25,23:30,4075.2
2025-02-25,23:45,4314
2025-02-26,00:00,4198.8
2025-02-26,00:15,1974
2025-02-26,00:30,4219.2
2025-02-26,00:45,4230
2025-02-26,01:00,4252.8
2025-02-26,01:15,3021.6
2025-02-26,01:30,4224
2025-02-26,01:45,4262.4
2025-02-26,02:00,4152
2025-02-26,02:15,3241.2
2025-02-26,02:30,4069.2
2025-02-26,02:45,4360.8
2025-02-26,03:00,4138.8
2025-02-26,03:15,3946.8
2025-02-26,03:30,2665.2
2025-02-26,03:45,4194
2025-02-26,04:00,4185.6
2025-02-26,04:15,3246
2025-02-26,04:30,3306
2025-02-26,04:45,4140
2025-02-26,05:00,4201.2
2025-02-26,05:15,3404.4
2025-02-26,05:30,2371.2
2025-02-26,05:45,4170
2025-02-26,06:00,4192.8
2025-02-26,06:15,3404.4
2025-02-26,06:30,3310.8
2025-02-26,06:45,4203.6
2025-02-26,07:00,4336.8
2025-02-26,07:15,3398.4
2025-02-26,07:30,1394.4
2025-02-26,07:45,1400.4
2025-02-26,08:00,1095.6
2025-02-26,08:15,1112.4
2025-02-26,08:30,1168.8
2025-02-26,08:45,964.8
2025-02-26,09:00,1076.4
2025-02-26,09:15,878.4
2025-02-26,09:30,1107.6
2025-02-26,09:45,988.8
2025-02-26,10:00,831.6
2025-02-26,10:15,889.2
2025-02-26,10:30,652.8
2025-02-26,10:45,525.6
2025-02-26,11:00,566.4
2025-02-26,11:15,416.4
2025-02-26,11:30,728.4
2025-02-26,11:45,910.8
2025-02-26,12:00,764.4
2025-02-26,12:15,842.4
2025-02-26,12:30,728.4
2025-02-26,12:45,776.4
2025-02-26,13:00,919.2
2025-02-26,13:15,720
2025-02-26,13:30,633.6
2025-02-26,13:45,546
2025-02-26,14:00,595.2
2025-02-26,14:15,788.4
2025-02-26,14:30,942
2025-02-26,14:45,790.8
2025-02-26,15:00,1035.6
2025-02-26,15:15,944.4
2025-02-26,15:30,1167.6
2025-02-26,15:45,1003.2
2025-02-26,16:00,1202.4
2025-02-26,16:15,1198.8
2025-02-26,16:30,1336.8
2025-02-26,16:45,1314
2025-02-26,17:00,1408.8
2025-02-26,17:15,1300.8
2025-02-26,17:30,1327.2
2025-02-26,17:45,1390.8
2025-02-26,18:00,1446
2025-02-26,18:15,1407.6
2025-02-26,18:30,1479.6
2025-02-26,18:45,1483.2
2025-02-26,19:00,1467.6
2025-02-26,19:15,1437.6
2025-02-26,19:30,1522.8
2025-02-26,19:45,1461.6
2025-02-26,20:00,1498.8
2025-02-26,20:15,1413.6
2025-02-26,20:30,1461.6
2025-02-26,20:45,1591.2
2025-02-26,21:00,1262.4
2025-02-26,21:15,1304.4
2025-02-26,21:30,1210.8
2025-02-26,21:45,1272
2025-02-26,22:00,4348.8
2025-02-26,22:15,4492.8
2025-02-26,22:30,4393.2
2025-02-26,22:45,4402.8
2025-02-26,23:00,4261.2
2025-02-26,23:15,2176.8
2025-02-26,23:30,4152
2025-02-26,23:45,4568.4
2025-02-27,00:00,4465.2
2025-02-27,00:15,3543.6
2025-02-27,00:30,3897.6
2025-02-27,00:45,4396.8
2025-02-27,01:00,4448.4
2025-02-27,01:15,4441.2
2025-02-27,01:30,3490.8
2025-02-27,01:45,4305.6
2025-02-27,02:00,4503.6
2025-02-27,02:15,4309.2
2025-02-27,02:30,3772.8
2025-02-27,02:45,3518.4
2025-02-27,03:00,4399.2
2025-02-27,03:15,4453.2
2025-02-27,03:30,3594
2025-02-27,03:45,3678
2025-02-27,04:00,3344.4
2025-02-27,04:15,4484.4
2025-02-27,04:30,4347.6
2025-02-27,04:45,4365.6
2025-02-27,05:00,4212
2025-02-27,05:15,4303.2
2025-02-27,05:30,4508.4
2025-02-27,05:45,3514.8
2025-02-27,06:00,3609.6
2025-02-27,06:15,4431.6
2025-02-27,06:30,3712.8
2025-02-27,06:45,3676.8
2025-02-27,07:00,3692.4
2025-02-27,07:15,4615.2
2025-02-27,07:30,4525.2
2025-02-27,07:45,2631.6
2025-02-27,08:00,1606.8
2025-02-27,08:15,1624.8
2025-02-27,08:30,1592.4
2025-02-27,08:45,1587.6
2025-02-27,09:00,1651.2
2025-02-27,09:15,1389.6
2025-02-27,09:30,1456.8
2025-02-27,09:45,1425.6
2025-02-27,10:00,1381.2
2025-02-27,10:15,1346.4
2025-02-27,10:30,1238.4
2025-02-27,10:45,1264.8
2025-02-27,11:00,1219.2
2025-02-27,11:15,1167.6
2025-02-27,11:30,1131.6
2025-02-27,11:45,1126.8
2025-02-27,12:00,1110
2025-02-27,12:15,958.8
2025-02-27,12:30,1088.4
2025-02-27,12:45,710.4
2025-02-27,13:00,990
2025-02-27,13:15,824.4
2025-02-27,13:30,952.8
2025-02-27,13:45,1011.6
2025-02-27,14:00,1137.6
2025-02-27,14:15,1046.4
2025-02-27,14:30,678
2025-02-27,14:45,877.2
2025-02-27,15:00,756
2025-02-27,15:15,1015.2
2025-02-27,15:30,838.8
2025-02-27,15:45,1017.6
2025-02-27,16:00,1142.4
2025-02-27,16:15,1119.6
2025-02-27,16:30,1263.6
2025-02-27,16:45,1278
2025-02-27,17:00,1372.8
2025-02-27,17:15,1304.4
2025-02-27,17:30,1365.6
2025-02-27,17:45,1360.8
2025-02-27,18:00,1405.2
2025-02-27,18:15,1408.8
2025-02-27,18:30,1375.2
2025-02-27,18:45,1359.6
2025-02-27,19:00,1273.2
2025-02-27,19:15,1318.8
2025-02-27,19:30,1322.4
2025-02-27,19:45,1294.8
2025-02-27,20:00,1474.8
2025-02-27,20:15,1262.4
2025-02-27,20:30,1447.2
2025-02-27,20:45,1276.8
2025-02-27,21:00,1302
2025-02-27,21:15,1116
2025-02-27,21:30,1248
2025-02-27,21:45,1156.8
2025-02-27,22:00,4138.8
2025-02-27,22:15,4141.2
2025-02-27,22:30,4182
2025-02-27,22:45,4120.8
2025-02-27,23:00,4125.6
2025-02-27,23:15,3301.2
2025-02-27,23:30,4080
2025-02-27,23:45,4303.2
2025-02-28,00:00,3374.4
2025-02-28,00:15,2635.2
2025-02-28,00:30,3924
2025-02-28,00:45,4261.2
2025-02-28,01:00,4089.6
2025-02-28,01:15,3664.8
2025-02-28,01:30,3254.4
2025-02-28,01:45,4094.4
2025-02-28,02:00,4141.2
2025-02-28,02:15,4108.8
2025-02-28,02:30,1999.2
2025-02-28,02:45,4029.6
2025-02-28,03:00,4237.2
2025-02-28,03:15,4104
2025-02-28,03:30,2774.4
2025-02-28,03:45,4104
2025-02-28,04:00,4239.6
2025-02-28,04:15,4274.4
2025-02-28,04:30,3292.8
2025-02-28,04:45,4333.2
2025-02-28,05:00,4300.8
2025-02-28,05:15,3514.8
2025-02-28,05:30,3194.4
2025-02-28,05:45,4219.2
2025-02-28,06:00,4226.4
2025-02-28,06:15,3792
2025-02-28,06:30,3278.4
2025-02-28,06:45,4390.8
2025-02-28,07:00,4236
2025-02-28,07:15,3219.6
2025-02-28,07:30,1170
2025-02-28,07:45,1189.2
2025-02-28,08:00,943.2
2025-02-28,08:15,932.4
2025-02-28,08:30,811.2
2025-02-28,08:45,812.4
2025-02-28,09:00,871.2
2025-02-28,09:15,1070.4
2025-02-28,09:30,1068
2025-02-28,09:45,1017.6
2025-02-28,10:00,984
2025-02-28,10:15,859.2
2025-02-28,10:30,381.6
2025-02-28,10:45,474
2025-02-28,11:00,583.2
2025-02-28,11:15,188.4
2025-02-28,11:30,415.2
2025-02-28,11:45,238.8
2025-02-28,12:00,812.4
2025-02-28,12:15,691.2
2025-02-28,12:30,332.4
2025-02-28,12:45,560.4
2025-02-28,13:00,609.6
2025-02-28,13:15,693.6
2025-02-28,13:30,385.2
2025-02-28,13:45,594
2025-02-28,14:00,784.8
2025-02-28,14:15,985.2
2025-02-28,14:30,1010.4
2025-02-28,14:45,781.2
2025-02-28,15:00,1027.2
2025-02-28,15:15,1004.4
2025-02-28,15:30,1380
2025-02-28,15:45,1021.2
2025-02-28,16:00,1146
2025-02-28,16:15,1245.6
2025-02-28,16:30,1204.8
2025-02-28,16:45,1363.2
2025-02-28,17:00,1285.2
2025-02-28,17:15,1338
2025-02-28,17:30,1370.4
2025-02-28,17:45,1270.8
2025-02-28,18:00,1358.4
2025-02-28,18:15,1358.4
2025-02-28,18:30,1345.2
2025-02-28,18:45,1293.6
2025-02-28,19:00,1485.6
2025-02-28,19:15,1430.4
2025-02-28,19:30,1383.6
2025-02-28,19:45,1428
2025-02-28,20:00,1434
2025-02-28,20:15,1408.8
2025-02-28,20:30,1324.8
2025-02-28,20:45,1437.6
2025-02-28,21:00,1350
2025-02-28,21:15,1296
2025-02-28,21:30,1436.4
2025-02-28,21:45,1333.2
2025-02-28,22:00,3612
2025-02-28,22:15,4106.4
2025-02-28,22:30,4384.8
2025-02-28,22:45,4425.6
2025-02-28,23:00,4261.2
2025-02-28,23:15,1497.6
2025-02-28,23:30,4264.8
2025-02-28,23:45,4326
2025-03-01,00:00,4390.8
2025-03-01,00:15,4305.6
2025-03-01,00:30,3784.8
2025-03-01,00:45,4389.6
2025-03-01,01:00,4324.8
2025-03-01,01:15,4260
2025-03-01,01:30,3684
2025-03-01,01:45,4394.4
2025-03-01,02:00,4440
2025-03-01,02:15,4456.8
2025-03-01,02:30,1893.6
2025-03-01,02:45,4380
2025-03-01,03:00,4339.2
2025-03-01,03:15,4405.2
2025-03-01,03:30,1822.8
2025-03-01,03:45,3811.2
2025-03-01,04:00,3472.8
2025-03-01,04:15,4406.4
2025-03-01,04:30,4341.6
2025-03-01,04:45,3097.2
2025-03-01,05:00,3576
2025-03-01,05:15,4556.4
2025-03-01,05:30,4284
2025-03-01,05:45,2997.6
2025-03-01,06:00,2630.4
2025-03-01,06:15,4444.8
2025-03-01,06:30,4490.4
2025-03-01,06:45,3982.8
2025-03-01,07:00,2928
2025-03-01,07:15,4357.2
2025-03-01,07:30,4502.4
2025-03-01,07:45,3313.2
2025-03-01,08:00,2409.6
2025-03-01,08:15,1281.6
2025-03-01,08:30,1168.8
2025-03-01,08:45,1160.4
2025-03-01,09:00,1076.4
2025-03-01,09:15,994.8
2025-03-01,09:30,918
2025-03-01,09:45,855.6
2025-03-01,10:00,822
2025-03-01,10:15,778.8
2025-03-01,10:30,751.2
2025-03-01,10:45,706.8
2025-03-01,11:00,643.2
2025-03-01,11:15,770.4
2025-03-01,11:30,664.8
2025-03-01,11:45,650.4
2025-03-01,12:00,566.4
2025-03-01,12:15,524.4
2025-03-01,12:30,532.8
2025-03-01,12:45,592.8
2025-03-01,13:00,594
2025-03-01,13:15,541.2
2025-03-01,13:30,621.6
2025-03-01,13:45,1233.6
2025-03-01,14:00,1234.8
2025-03-01,14:15,1034.4
2025-03-01,14:30,775.2
2025-03-01,14:45,1160.4
2025-03-01,15:00,1210.8
2025-03-01,15:15,1236
2025-03-01,15:30,1123.2
2025-03-01,15:45,961.2
2025-03-01,16:00,973.2
2025-03-01,16:15,1113.6
2025-03-01,16:30,1258.8
2025-03-01,16:45,1261.2
2025-03-01,17:00,1294.8
2025-03-01,17:15,1404
2025-03-01,17:30,1314
2025-03-01,17:45,1420.8
2025-03-01,18:00,1272
2025-03-01,18:15,1540.8
2025-03-01,18:30,1291.2
2025-03-01,18:45,1299.6
2025-03-01,19:00,1392
2025-03-01,19:15,1275.6
2025-03-01,19:30,1411.2
2025-03-01,19:45,1260
2025-03-01,20:00,1392
2025-03-01,20:15,1275.6
2025-03-01,20:30,1375.2
2025-03-01,20:45,1256.4
2025-03-01,21:00,1290
2025-03-01,21:15,1198.8
2025-03-01,21:30,1441.2
2025-03-01,21:45,1290
2025-03-01,22:00,4120.8
2025-03-01,22:15,4240.8
2025-03-01,22:30,4320
2025-03-01,22:45,4395.6
2025-03-01,23:00,4381.2
2025-03-01,23:15,3610.8
2025-03-01,23:30,4245.6
2025-03-01,23:45,4365.6
2025-03-02,00:00,4455.6
2025-03-02,00:15,3463.2
2025-03-02,00:30,3373.2
2025-03-02,00:45,4225.2
2025-03-02,01:00,4371.6
2025-03-02,01:15,4375.2
2025-03-02,01:30,3379.2
2025-03-02,01:45,3991.2
2025-03-02,02:00,4304.4
2025-03-02,02:15,4387.2
2025-03-02,02:30,3344.4
2025-03-02,02:45,2406
2025-03-02,03:00,4401.6
2025-03-02,03:15,4292.4
2025-03-02,03:30,4443.6
2025-03-02,03:45,2593.2
2025-03-02,04:00,3921.6
2025-03-02,04:15,4398
2025-03-02,04:30,4350
2025-03-02,04:45,3726
2025-03-02,05:00,3355.2
2025-03-02,05:15,4443.6
2025-03-02,05:30,4292.4
2025-03-02,05:45,3427.2
2025-03-02,06:00,3646.8
2025-03-02,06:15,4408.8
2025-03-02,06:30,4510.8
2025-03-02,06:45,2810.4
2025-03-02,07:00,3739.2
2025-03-02,07:15,4210.8
2025-03-02,07:30,4350
2025-03-02,07:45,3409.2
2025-03-02,08:00,1404
2025-03-02,08:15,1332
2025-03-02,08:30,1246.8
2025-03-02,08:45,1058.4
2025-03-02,09:00,973.2
2025-03-02,09:15,979.2
2025-03-02,09:30,680.4
2025-03-02,09:45,757.2
2025-03-02,10:00,790.8
2025-03-02,10:15,1275.6
2025-03-02,10:30,1195.2
2025-03-02,10:45,561.6
2025-03-02,11:00,1188
2025-03-02,11:15,1117.2
2025-03-02,11:30,1071.6
2025-03-02,11:45,541.2
2025-03-02,12:00,687.6
2025-03-02,12:15,658.8
2025-03-02,12:30,662.4
2025-03-02,12:45,1173.6
2025-03-02,13:00,648
2025-03-02,13:15,454.8
2025-03-02,13:30,636
2025-03-02,13:45,1237.2
2025-03-02,14:00,637.2
2025-03-02,14:15,1051.2
2025-03-02,14:30,738
2025-03-02,14:45,764.4
2025-03-02,15:00,1202.4
2025-03-02,15:15,1302
2025-03-02,15:30,1264.8
2025-03-02,15:45,1372.8
2025-03-02,16:00,1131.6
2025-03-02,16:15,1221.6
2025-03-02,16:30,1102.8
2025-03-02,16:45,1286.4
2025-03-02,17:00,1292.4
2025-03-02,17:15,1464
2025-03-02,17:30,1244.4
2025-03-02,17:45,1358.4
2025-03-02,18:00,1340.4
2025-03-02,18:15,1353.6
2025-03-02,18:30,1398
2025-03-02,18:45,1261.2
2025-03-02,19:00,1477.2
2025-03-02,19:15,1215.6
2025-03-02,19:30,1384.8
2025-03-02,19:45,1311.6
2025-03-02,20:00,1400.4
2025-03-02,20:15,1264.8
2025-03-02,20:30,1366.8
2025-03-02,20:45,1231.2
2025-03-02,21:00,1264.8
2025-03-02,21:15,1423.2
2025-03-02,21:30,1350
2025-03-02,21:45,1298.4
2025-03-02,22:00,3268.8
2025-03-02,22:15,4363.2
2025-03-02,22:30,4250.4
2025-03-02,22:45,4405.2
2025-03-02,23:00,4282.8
2025-03-02,23:15,2646
2025-03-02,23:30,4234.8
2025-03-02,23:45,4366.8
2025-03-03,00:00,4245.6
2025-03-03,00:15,4363.2
2025-03-03,00:30,3399.6
2025-03-03,00:45,4185.6
2025-03-03,01:00,4376.4
2025-03-03,01:15,3427.2
2025-03-03,01:30,3466.8
2025-03-03,01:45,3612
2025-03-03,02:00,4321.2
2025-03-03,02:15,4239.6
2025-03-03,02:30,2947.2
2025-03-03,02:45,3338.4
2025-03-03,03:00,4474.8
2025-03-03,03:15,4388.4
2025-03-03,03:30,3361.2
2025-03-03,03:45,3405.6
2025-03-03,04:00,4338
2025-03-03,04:15,4526.4
2025-03-03,04:30,4352.4
2025-03-03,04:45,1874.4
2025-03-03,05:00,4285.2
2025-03-03,05:15,4419.6
2025-03-03,05:30,4472.4
2025-03-03,05:45,1972.8
2025-03-03,06:00,4717.2
2025-03-03,06:15,4436.4
2025-03-03,06:30,3633.6
2025-03-03,06:45,3559.2
2025-03-03,07:00,4346.4
2025-03-03,07:15,4600.8
2025-03-03,07:30,4642.8
2025-03-03,07:45,1893.6
2025-03-03,08:00,1516.8
2025-03-03,08:15,1627.2
2025-03-03,08:30,1735.2
2025-03-03,08:45,1587.6
2025-03-03,09:00,1672.8
2025-03-03,09:15,1510.8
2025-03-03,09:30,1644
2025-03-03,09:45,1492.8
2025-03-03,10:00,1432.8
2025-03-03,10:15,1473.6
2025-03-03,10:30,1491.6
2025-03-03,10:45,1437.6
2025-03-03,11:00,1383.6
2025-03-03,11:15,1570.8
2025-03-03,11:30,1544.4
2025-03-03,11:45,1587.6
2025-03-03,12:00,1598.4
2025-03-03,12:15,1638
2025-03-03,12:30,1434
2025-03-03,12:45,1203.6
2025-03-03,13:00,1113.6
2025-03-03,13:15,1348.8
2025-03-03,13:30,1179.6
2025-03-03,13:45,1368
2025-03-03,14:00,1243.2
2025-03-03,14:15,1380
2025-03-03,14:30,1318.8
2025-03-03,14:45,1388.4
2025-03-03,15:00,1262.4
2025-03-03,15:15,1254
2025-03-03,15:30,1281.6
2025-03-03,15:45,1423.2
2025-03-03,16:00,1372.8
2025-03-03,16:15,1534.8
2025-03-03,16:30,1340.4
2025-03-03,16:45,1623.6
2025-03-03,17:00,1405.2
2025-03-03,17:15,1389.6
2025-03-03,17:30,1447.2
2025-03-03,17:45,1341.6
2025-03-03,18:00,1456.8
2025-03-03,18:15,1310.4
2025-03-03,18:30,1364.4
2025-03-03,18:45,1298.4
2025-03-03,19:00,1364.4
2025-03-03,19:15,1268.4
2025-03-03,19:30,1345.2
2025-03-03,19:45,1370.4
2025-03-03,20:00,1290
2025-03-03,20:15,1345.2
2025-03-03,20:30,1173.6
2025-03-03,20:45,1342.8
2025-03-03,21:00,1400.4
2025-03-03,21:15,1353.6
2025-03-03,21:30,1344
2025-03-03,21:45,1382.4
2025-03-03,22:00,4333.2
2025-03-03,22:15,4398
2025-03-03,22:30,4350
2025-03-03,22:45,4362
2025-03-03,23:00,4332
2025-03-03,23:15,3500.4
2025-03-03,23:30,4458
2025-03-03,23:45,4388.4
2025-03-04,00:00,4419.6
2025-03-04,00:15,2370
2025-03-04,00:30,3960
2025-03-04,00:45,4292.4
2025-03-04,01:00,4320
2025-03-04,01:15,3475.2
2025-03-04,01:30,3853.2
2025-03-04,01:45,4375.2
2025-03-04,02:00,4411.2
2025-03-04,02:15,4466.4
2025-03-04,02:30,2353.2
2025-03-04,02:45,4413.6
2025-03-04,03:00,4412.4
2025-03-04,03:15,4350
2025-03-04,03:30,1802.4
2025-03-04,03:45,4408.8
2025-03-04,04:00,4464
2025-03-04,04:15,4381.2
2025-03-04,04:30,2343.6
2025-03-04,04:45,4554
2025-03-04,05:00,4423.2
2025-03-04,05:15,4436.4
2025-03-04,05:30,2314.8
2025-03-04,05:45,4366.8
2025-03-04,06:00,4376.4
2025-03-04,06:15,3158.4
2025-03-04,06:30,3309.6
2025-03-04,06:45,4485.6
2025-03-04,07:00,4382.4
2025-03-04,07:15,2968.8
2025-03-04,07:30,1539.6
2025-03-04,07:45,1411.2
2025-03-04,08:00,1575.6
2025-03-04,08:15,1308
2025-03-04,08:30,1525.2
2025-03-04,08:45,1396.8
2025-03-04,09:00,1508.4
2025-03-04,09:15,1483.2
2025-03-04,09:30,1387.2
2025-03-04,09:45,1492.8
2025-03-04,10:00,1417.2
2025-03-04,10:15,1354.8
2025-03-04,10:30,1369.2
2025-03-04,10:45,1322.4
2025-03-04,11:00,1233.6
2025-03-04,11:15,1371.6
2025-03-04,11:30,1346.4
2025-03-04,11:45,1292.4
2025-03-04,12:00,1273.2
2025-03-04,12:15,1358.4
2025-03-04,12:30,1105.2
2025-03-04,12:45,1004.4
2025-03-04,13:00,1248
2025-03-04,13:15,1218
2025-03-04,13:30,1009.2
2025-03-04,13:45,1152
2025-03-04,14:00,1017.6
2025-03-04,14:15,1147.2
2025-03-04,14:30,1113.6
2025-03-04,14:45,1063.2
2025-03-04,15:00,1142.4
2025-03-04,15:15,1063.2
2025-03-04,15:30,1154.4
2025-03-04,15:45,1096.8
2025-03-04,16:00,1064.4
2025-03-04,16:15,1159.2
2025-03-04,16:30,1102.8
2025-03-04,16:45,1239.6
2025-03-04,17:00,1105.2
2025-03-04,17:15,1248
2025-03-04,17:30,1176
2025-03-04,17:45,1180.8
2025-03-04,18:00,1143.6
2025-03-04,18:15,1172.4
2025-03-04,18:30,1095.6
2025-03-04,18:45,1106.4
2025-03-04,19:00,1198.8
2025-03-04,19:15,1100.4
2025-03-04,19:30,1114.8
2025-03-04,19:45,1179.6
2025-03-04,20:00,1099.2
2025-03-04,20:15,1170
2025-03-04,20:30,1237.2
2025-03-04,20:45,1042.8
2025-03-04,21:00,1147.2
2025-03-04,21:15,1143.6
2025-03-04,21:30,1114.8
2025-03-04,21:45,1054.8
2025-03-04,22:00,2437.2
2025-03-04,22:15,3364.8
2025-03-04,22:30,3454.8
2025-03-04,22:45,3016.8
2025-03-04,23:00,3409.2
2025-03-04,23:15,2991.6
2025-03-04,23:30,3494.4
2025-03-04,23:45,3144
2025-03-05,00:00,3199.2
2025-03-05,00:15,4306.8
2025-03-05,00:30,3979.2
2025-03-05,00:45,4054.8
2025-03-05,01:00,2947.2
2025-03-05,01:15,2979.6
2025-03-05,01:30,4197.6
2025-03-05,01:45,4072.8
2025-03-05,02:00,4376.4
2025-03-05,02:15,2005.2
2025-03-05,02:30,4186.8
2025-03-05,02:45,4120.8
2025-03-05,03:00,4147.2
2025-03-05,03:15,1636.8
2025-03-05,03:30,4192.8
2025-03-05,03:45,4161.6
2025-03-05,04:00,4154.4
2025-03-05,04:15,2348.4
2025-03-05,04:30,2743.2
2025-03-05,04:45,4117.2
2025-03-05,05:00,4099.2
2025-03-05,05:15,4239.6
2025-03-05,05:30,2338.8
2025-03-05,05:45,4080
2025-03-05,06:00,4170
2025-03-05,06:15,4088.4
2025-03-05,06:30,2317.2
2025-03-05,06:45,4188
2025-03-05,07:00,993.6
2025-03-05,07:15,402
2025-03-05,07:30,4578
2025-03-05,07:45,3223.2
2025-03-05,08:00,1141.2
2025-03-05,08:15,1182
2025-03-05,08:30,1208.4
2025-03-05,08:45,1281.6
2025-03-05,09:00,1136.4
2025-03-05,09:15,1304.4
2025-03-05,09:30,1113.6
2025-03-05,09:45,1176
2025-03-05,10:00,1141.2
2025-03-05,10:15,1188
2025-03-05,10:30,1168.8
2025-03-05,10:45,1200
2025-03-05,11:00,1150.8
2025-03-05,11:15,1016.4
2025-03-05,11:30,1203.6
2025-03-05,11:45,1176
2025-03-05,12:00,1152
2025-03-05,12:15,1047.6
2025-03-05,12:30,1176
2025-03-05,12:45,942
2025-03-05,13:00,1110
2025-03-05,13:15,976.8
2025-03-05,13:30,1119.6
2025-03-05,13:45,948
2025-03-05,14:00,1075.2
2025-03-05,14:15,1119.6
2025-03-05,14:30,1020
2025-03-05,14:45,1045.2
2025-03-05,15:00,1017.6
2025-03-05,15:15,1388.4
2025-03-05,15:30,1057.2
2025-03-05,15:45,1292.4
2025-03-05,16:00,1134
2025-03-05,16:15,1342.8
2025-03-05,16:30,1078.8
2025-03-05,16:45,1147.2
2025-03-05,17:00,1078.8
2025-03-05,17:15,1182
2025-03-05,17:30,1017.6
2025-03-05,17:45,1250.4
2025-03-05,18:00,1190.4
2025-03-05,18:15,1102.8
2025-03-05,18:30,1158
2025-03-05,18:45,1070.4
2025-03-05,19:00,1190.4
2025-03-05,19:15,1212
2025-03-05,19:30,1228.8
2025-03-05,19:45,1214.4
2025-03-05,20:00,1236
2025-03-05,20:15,1149.6
2025-03-05,20:30,1128
2025-03-05,20:45,1068
2025-03-05,21:00,1110
2025-03-05,21:15,1855.2
2025-03-05,21:30,2124
2025-03-05,21:45,2103.6
2025-03-05,22:00,4952.4
2025-03-05,22:15,4096.8
2025-03-05,22:30,4257.6
2025-03-05,22:45,4158
2025-03-05,23:00,4092
2025-03-05,23:15,3146.4
2025-03-05,23:30,5116.8
2025-03-05,23:45,5173.2
2025-03-06,00:00,4368
2025-03-06,00:15,3324
2025-03-06,00:30,5031.6
2025-03-06,00:45,4852.8
2025-03-06,01:00,4076.4
2025-03-06,01:15,3348
2025-03-06,01:30,4939.2
2025-03-06,01:45,4960.8
2025-03-06,02:00,4110
2025-03-06,02:15,4273.2
2025-03-06,02:30,3988.8
2025-03-06,02:45,5058
2025-03-06,03:00,5100
2025-03-06,03:15,5140.8
2025-03-06,03:30,3376.8
2025-03-06,03:45,4964.4
2025-03-06,04:00,5132.4
2025-03-06,04:15,4825.2
2025-03-06,04:30,2544
2025-03-06,04:45,5227.2
2025-03-06,05:00,5178
2025-03-06,05:15,4210.8
2025-03-06,05:30,3660
2025-03-06,05:45,5120.4
2025-03-06,06:00,5041.2
2025-03-06,06:15,3306
2025-03-06,06:30,4453.2
2025-03-06,06:45,5323.2
2025-03-06,07:00,5126.4
2025-03-06,07:15,3548.4
2025-03-06,07:30,1183.2
2025-03-06,07:45,1226.4
2025-03-06,08:00,1141.2
2025-03-06,08:15,1082.4
2025-03-06,08:30,1131.6
2025-03-06,08:45,988.8
2025-03-06,09:00,903.6
2025-03-06,09:15,1009.2
2025-03-06,09:30,826.8
2025-03-06,09:45,751.2
2025-03-06,10:00,249.6
2025-03-06,10:15,297.6
2025-03-06,10:30,984
2025-03-06,10:45,162
2025-03-06,11:00,830.4
2025-03-06,11:15,115.2
2025-03-06,11:30,3.6
2025-03-06,11:45,46.8
2025-03-06,12:00,672
2025-03-06,12:15,124.8
2025-03-06,12:30,150
2025-03-06,12:45,530.4
2025-03-06,13:00,60
2025-03-06,13:15,246
2025-03-06,13:30,98.4
2025-03-06,13:45,387.6
2025-03-06,14:00,220.8
2025-03-06,14:15,691.2
2025-03-06,14:30,400.8
2025-03-06,14:45,883.2
2025-03-06,15:00,243.6
2025-03-06,15:15,777.6
2025-03-06,15:30,714
2025-03-06,15:45,868.8
2025-03-06,16:00,739.2
2025-03-06,16:15,818.4
2025-03-06,16:30,879.6
2025-03-06,16:45,1125.6
2025-03-06,17:00,925.2
2025-03-06,17:15,1134
2025-03-06,17:30,913.2
2025-03-06,17:45,1077.6
2025-03-06,18:00,1064.4
2025-03-06,18:15,1111.2
2025-03-06,18:30,1143.6
2025-03-06,18:45,1065.6
2025-03-06,19:00,1092
2025-03-06,19:15,1034.4
2025-03-06,19:30,1100.4
2025-03-06,19:45,1076.4
2025-03-06,20:00,1155.6
2025-03-06,20:15,1143.6
2025-03-06,20:30,1120.8
2025-03-06,20:45,1136.4
2025-03-06,21:00,1081.2
2025-03-06,21:15,1057.2
2025-03-06,21:30,1098
2025-03-06,21:45,1076.4
2025-03-06,22:00,4201.2
2025-03-06,22:15,4986
2025-03-06,22:30,5226
2025-03-06,22:45,5071.2
2025-03-06,23:00,5083.2
2025-03-06,23:15,3313.2
2025-03-06,23:30,4831.2
2025-03-06,23:45,5156.4
2025-03-07,00:00,5154
2025-03-07,00:15,3447.6
2025-03-07,00:30,5150.4
2025-03-07,00:45,5164.8
2025-03-07,01:00,5144.4
2025-03-07,01:15,4246.8
2025-03-07,01:30,3908.4
2025-03-07,01:45,5218.8
2025-03-07,02:00,5215.2
2025-03-07,02:15,4411.2
2025-03-07,02:30,3366
2025-03-07,02:45,5133.6
2025-03-07,03:00,5271.6
2025-03-07,03:15,4000.8
2025-03-07,03:30,4184.4
2025-03-07,03:45,5064
2025-03-07,04:00,5188.8
2025-03-07,04:15,4300.8
2025-03-07,04:30,2589.6
2025-03-07,04:45,5220
2025-03-07,05:00,5143.2
2025-03-07,05:15,5184
2025-03-07,05:30,4186.8
2025-03-07,05:45,5338.8
2025-03-07,06:00,4256.4
2025-03-07,06:15,4533.6
2025-03-07,06:30,5186.4
2025-03-07,06:45,5232
2025-03-07,07:00,4194
2025-03-07,07:15,2053.2
2025-03-07,07:30,1176
2025-03-07,07:45,1083.6
2025-03-07,08:00,1064.4
2025-03-07,08:15,891.6
2025-03-07,08:30,914.4
2025-03-07,08:45,860.4
2025-03-07,09:00,938.4
2025-03-07,09:15,525.6
2025-03-07,09:30,626.4
2025-03-07,09:45,381.6
2025-03-07,10:00,478.8
2025-03-07,10:15,363.6
2025-03-07,10:30,446.4
2025-03-07,10:45,261.6
2025-03-07,11:00,450
2025-03-07,11:15,428.4
2025-03-07,11:30,628.8
2025-03-07,11:45,318
2025-03-07,12:00,362.4
2025-03-07,12:15,409.2
2025-03-07,12:30,579.6
2025-03-07,12:45,520.8
2025-03-07,13:00,582
2025-03-07,13:15,483.6
2025-03-07,13:30,271.2
2025-03-07,13:45,100.8
2025-03-07,14:00,115.2
2025-03-07,14:15,289.2
2025-03-07,14:30,764.4
2025-03-07,14:45,718.8
2025-03-07,15:00,463.2
2025-03-07,15:15,375.6
2025-03-07,15:30,775.2
2025-03-07,15:45,384
2025-03-07,16:00,567.6
2025-03-07,16:15,674.4
2025-03-07,16:30,784.8
2025-03-07,16:45,855.6
2025-03-07,17:00,897.6
2025-03-07,17:15,950.4
2025-03-07,17:30,994.8
2025-03-07,17:45,1087.2
2025-03-07,18:00,1040.4
2025-03-07,18:15,1112.4
2025-03-07,18:30,1118.4
2025-03-07,18:45,1202.4
2025-03-07,19:00,1070.4
2025-03-07,19:15,1024.8
2025-03-07,19:30,1129.2
2025-03-07,19:45,1104
2025-03-07,20:00,1165.2
2025-03-07,20:15,1148.4
2025-03-07,20:30,1164
2025-03-07,20:45,1184.4
2025-03-07,21:00,1122
2025-03-07,21:15,1214.4
2025-03-07,21:30,1177.2
2025-03-07,21:45,1963.2
2025-03-07,22:00,2118
2025-03-07,22:15,2083.2
2025-03-07,22:30,3482.4
2025-03-07,22:45,3080.4
2025-03-07,23:00,4454.4
2025-03-07,23:15,4309.2
2025-03-07,23:30,4152
2025-03-07,23:45,2401.2
2025-03-08,00:00,4975.2
2025-03-08,00:15,5157.6
2025-03-08,00:30,5150.4
2025-03-08,00:45,3984
2025-03-08,01:00,4669.2
2025-03-08,01:15,5077.2
2025-03-08,01:30,5125.2
2025-03-08,01:45,4275.6
2025-03-08,02:00,2737.2
2025-03-08,02:15,5112
2025-03-08,02:30,5209.2
2025-03-08,02:45,5092.8
2025-03-08,03:00,3394.8
2025-03-08,03:15,5136
2025-03-08,03:30,5210.4
2025-03-08,03:45,5192.4
2025-03-08,04:00,4938
2025-03-08,04:15,5086.8
2025-03-08,04:30,5127.6
2025-03-08,04:45,5218.8
2025-03-08,05:00,3639.6
2025-03-08,05:15,3949.2
2025-03-08,05:30,5168.4
2025-03-08,05:45,5304
2025-03-08,06:00,4166.4
2025-03-08,06:15,4984.8
2025-03-08,06:30,5155.2
2025-03-08,06:45,4384.8
2025-03-08,07:00,4340.4
2025-03-08,07:15,4219.2
2025-03-08,07:30,5198.4
2025-03-08,07:45,5228.4
2025-03-08,08:00,4147.2
2025-03-08,08:15,1237.2
2025-03-08,08:30,922.8
2025-03-08,08:45,914.4
2025-03-08,09:00,817.2
2025-03-08,09:15,848.4
2025-03-08,09:30,732
2025-03-08,09:45,668.4
2025-03-08,10:00,608.4
2025-03-08,10:15,606
2025-03-08,10:30,506.4
2025-03-08,10:45,320.4
2025-03-08,11:00,362.4
2025-03-08,11:15,404.4
2025-03-08,11:30,337.2
2025-03-08,11:45,242.4
2025-03-08,12:00,118.8
2025-03-08,12:15,237.6
2025-03-08,12:30,164.4
2025-03-08,12:45,254.4
2025-03-08,13:00,153.6
2025-03-08,13:15,316.8
2025-03-08,13:30,218.4
2025-03-08,13:45,357.6
2025-03-08,14:00,248.4
2025-03-08,14:15,332.4
2025-03-08,14:30,406.8
2025-03-08,14:45,438
2025-03-08,15:00,632.4
2025-03-08,15:15,478.8
2025-03-08,15:30,660
2025-03-08,15:45,638.4
2025-03-08,16:00,751.2
2025-03-08,16:15,756
2025-03-08,16:30,810
2025-03-08,16:45,853.2
2025-03-08,17:00,900
2025-03-08,17:15,1030.8
2025-03-08,17:30,948
2025-03-08,17:45,1030.8
2025-03-08,18:00,1107.6
2025-03-08,18:15,1129.2
2025-03-08,18:30,1051.2
2025-03-08,18:45,1149.6
2025-03-08,19:00,1062
2025-03-08,19:15,1150.8
2025-03-08,19:30,1086
2025-03-08,19:45,1195.2
2025-03-08,20:00,1156.8
2025-03-08,20:15,1100.4
2025-03-08,20:30,1124.4
2025-03-08,20:45,1150.8
2025-03-08,21:00,1179.6
2025-03-08,21:15,1042.8
2025-03-08,21:30,1092
2025-03-08,21:45,2061.6
2025-03-08,22:00,1846.8
2025-03-08,22:15,2162.4
2025-03-08,22:30,4836
2025-03-08,22:45,4105.2
2025-03-08,23:00,4990.8
2025-03-08,23:15,4982.4
2025-03-08,23:30,5094
2025-03-08,23:45,4669.2
2025-03-09,00:00,5131.2
2025-03-09,00:15,5068.8
2025-03-09,00:30,4268.4
2025-03-09,00:45,2191.2
2025-03-09,01:00,4976.4
2025-03-09,01:15,5094
2025-03-09,01:30,4233.6
2025-03-09,01:45,3021.6
2025-03-09,02:00,5089.2
2025-03-09,02:15,5247.6
2025-03-09,02:30,5138.4
2025-03-09,02:45,3532.8
2025-03-09,03:00,4309.2
2025-03-09,03:15,5124
2025-03-09,03:30,5223.6
2025-03-09,03:45,4291.2
2025-03-09,04:00,3367.2
2025-03-09,04:15,5209.2
2025-03-09,04:30,5196
2025-03-09,04:45,5090.4
2025-03-09,05:00,2250
2025-03-09,05:15,4405.2
2025-03-09,05:30,5044.8
2025-03-09,05:45,5060.4
2025-03-09,06:00,4186.8
2025-03-09,06:15,3990
2025-03-09,06:30,5221.2
2025-03-09,06:45,5204.4
2025-03-09,07:00,3476.4
2025-03-09,07:15,4299.6
2025-03-09,07:30,5176.8
2025-03-09,07:45,5035.2
2025-03-09,08:00,3379.2
2025-03-09,08:15,1227.6
2025-03-09,08:30,1183.2
2025-03-09,08:45,849.6
2025-03-09,09:00,718.8
2025-03-09,09:15,734.4
2025-03-09,09:30,685.2
2025-03-09,09:45,601.2
2025-03-09,10:00,552
2025-03-09,10:15,492
2025-03-09,10:30,406.8
2025-03-09,10:45,334.8
2025-03-09,11:00,186
2025-03-09,11:15,318
2025-03-09,11:30,382.8
2025-03-09,11:45,98.4
2025-03-09,12:00,679.2
2025-03-09,12:15,520.8
2025-03-09,12:30,999.6
2025-03-09,12:45,760.8
2025-03-09,13:00,912
2025-03-09,13:15,1054.8
2025-03-09,13:30,969.6
2025-03-09,13:45,1020
2025-03-09,14:00,1065.6
2025-03-09,14:15,1054.8
2025-03-09,14:30,1038
2025-03-09,14:45,1168.8
2025-03-09,15:00,1075.2
2025-03-09,15:15,1278
2025-03-09,15:30,1180.8
2025-03-09,15:45,1245.6
2025-03-09,16:00,1036.8
2025-03-09,16:15,1105.2
2025-03-09,16:30,961.2
2025-03-09,16:45,849.6
2025-03-09,17:00,837.6
2025-03-09,17:15,883.2
2025-03-09,17:30,861.6
2025-03-09,17:45,918
2025-03-09,18:00,870
2025-03-09,18:15,932.4
2025-03-09,18:30,844.8
2025-03-09,18:45,894
2025-03-09,19:00,1273.2
2025-03-09,19:15,1164
2025-03-09,19:30,1005.6
2025-03-09,19:45,1146
2025-03-09,20:00,1081.2
2025-03-09,20:15,1155.6
2025-03-09,20:30,1110
2025-03-09,20:45,1192.8
2025-03-09,21:00,4996.8
2025-03-09,21:15,5076
2025-03-09,21:30,5071.2
2025-03-09,21:45,5166
2025-03-09,22:00,5078.4
2025-03-09,22:15,2362.8
2025-03-09,22:30,5108.4
2025-03-09,22:45,4986
2025-03-09,23:00,5012.4
2025-03-09,23:15,4213.2
2025-03-09,23:30,4873.2
2025-03-09,23:45,5179.2
2025-03-10,00:00,5080.8
2025-03-10,00:15,5121.6
2025-03-10,00:30,1663.2
2025-03-10,00:45,5050.8
2025-03-10,01:00,5146.8
2025-03-10,01:15,5101.2
2025-03-10,01:30,2350.8
2025-03-10,01:45,5103.6
2025-03-10,02:00,5082
2025-03-10,02:15,5058
2025-03-10,02:30,5125.2
2025-03-10,02:45,3348
2025-03-10,03:00,4701.6
2025-03-10,03:15,5140.8
2025-03-10,03:30,5194.8
2025-03-10,03:45,3366
2025-03-10,04:00,4543.2
2025-03-10,04:15,5023.2
2025-03-10,04:30,5167.2
2025-03-10,04:45,3279.6
2025-03-10,05:00,3297.6
2025-03-10,05:15,4980
2025-03-10,05:30,5176.8
2025-03-10,05:45,3352.8
2025-03-10,06:00,4191.6
2025-03-10,06:15,5132.4
2025-03-10,06:30,5103.6
2025-03-10,06:45,3300
2025-03-10,07:00,4234.8
2025-03-10,07:15,5293.2
2025-03-10,07:30,5212.8
2025-03-10,07:45,2588.4
2025-03-10,08:00,2359.2
2025-03-10,08:15,1257.6
2025-03-10,08:30,1333.2
2025-03-10,08:45,1098
2025-03-10,09:00,1210.8
2025-03-10,09:15,1305.6
2025-03-10,09:30,1174.8
2025-03-10,09:45,1039.2
2025-03-10,10:00,988.8
2025-03-10,10:15,1201.2
2025-03-10,10:30,1087.2
2025-03-10,10:45,980.4
2025-03-10,11:00,736.8
2025-03-10,11:15,783.6
2025-03-10,11:30,781.2
2025-03-10,11:45,858
2025-03-10,12:00,906
2025-03-10,12:15,812.4
2025-03-10,12:30,963.6
2025-03-10,12:45,685.2
2025-03-10,13:00,776.4
2025-03-10,13:15,643.2
2025-03-10,13:30,454.8
2025-03-10,13:45,385.2
2025-03-10,14:00,447.6
2025-03-10,14:15,507.6
2025-03-10,14:30,582
2025-03-10,14:45,789.6
2025-03-10,15:00,517.2
2025-03-10,15:15,524.4
2025-03-10,15:30,537.6
2025-03-10,15:45,650.4
2025-03-10,16:00,717.6
2025-03-10,16:15,753.6
2025-03-10,16:30,850.8
2025-03-10,16:45,896.4
2025-03-10,17:00,981.6
2025-03-10,17:15,1000.8
2025-03-10,17:30,1048.8
2025-03-10,17:45,1173.6
2025-03-10,18:00,1065.6
2025-03-10,18:15,1130.4
2025-03-10,18:30,1100.4
2025-03-10,18:45,1098
2025-03-10,19:00,1056
2025-03-10,19:15,1080
2025-03-10,19:30,1080
2025-03-10,19:45,1118.4
2025-03-10,20:00,973.2
2025-03-10,20:15,1093.2
2025-03-10,20:30,997.2
2025-03-10,20:45,1182
2025-03-10,21:00,4956
2025-03-10,21:15,4879.2
2025-03-10,21:30,5078.4
2025-03-10,21:45,5043.6
2025-03-10,22:00,5144.4
2025-03-10,22:15,2851.2
2025-03-10,22:30,5187.6
2025-03-10,22:45,5114.4
2025-03-10,23:00,5188.8
2025-03-10,23:15,2421.6
2025-03-10,23:30,4191.6
2025-03-10,23:45,5216.4
2025-03-11,00:00,5169.6
2025-03-11,00:15,4075.2
2025-03-11,00:30,3811.2
2025-03-11,00:45,4922.4
2025-03-11,01:00,5313.6
2025-03-11,01:15,4186.8
2025-03-11,01:30,4228.8
2025-03-11,01:45,4881.6
2025-03-11,02:00,5056.8
2025-03-11,02:15,4138.8
2025-03-11,02:30,4352.4
2025-03-11,02:45,3784.8
2025-03-11,03:00,5017.2
2025-03-11,03:15,5155.2
2025-03-11,03:30,4196.4
2025-03-11,03:45,4410
2025-03-11,04:00,5083.2
2025-03-11,04:15,4518
2025-03-11,04:30,4297.2
2025-03-11,04:45,3153.6
2025-03-11,05:00,4970.4
2025-03-11,05:15,4188
2025-03-11,05:30,4443.6
2025-03-11,05:45,5118
2025-03-11,06:00,5197.2
2025-03-11,06:15,4357.2
2025-03-11,06:30,4548
2025-03-11,06:45,4741.2
2025-03-11,07:00,5088
2025-03-11,07:15,5200.8
2025-03-11,07:30,3319.2
2025-03-11,07:45,1246.8
2025-03-11,08:00,1059.6
2025-03-11,08:15,908.4
2025-03-11,08:30,856.8
2025-03-11,08:45,694.8
2025-03-11,09:00,669.6
2025-03-11,09:15,855.6
2025-03-11,09:30,627.6
2025-03-11,09:45,591.6
2025-03-11,10:00,427.2
2025-03-11,10:15,524.4
2025-03-11,10:30,314.4
2025-03-11,10:45,296.4
2025-03-11,11:00,192
2025-03-11,11:15,212.4
2025-03-11,11:30,157.2
2025-03-11,11:45,231.6
2025-03-11,12:00,231.6
2025-03-11,12:15,279.6
2025-03-11,12:30,228
2025-03-11,12:45,213.6
2025-03-11,13:00,218.4
2025-03-11,13:15,415.2
2025-03-11,13:30,178.8
2025-03-11,13:45,318
2025-03-11,14:00,308.4
2025-03-11,14:15,387.6
2025-03-11,14:30,356.4
2025-03-11,14:45,554.4
2025-03-11,15:00,451.2
2025-03-11,15:15,877.2
2025-03-11,15:30,841.2
2025-03-11,15:45,878.4
2025-03-11,16:00,1036.8
2025-03-11,16:15,1086
2025-03-11,16:30,961.2
2025-03-11,16:45,1106.4
2025-03-11,17:00,1084.8
2025-03-11,17:15,1232.4
2025-03-11,17:30,1184.4
2025-03-11,17:45,1165.2
2025-03-11,18:00,1068
2025-03-11,18:15,1034.4
2025-03-11,18:30,1076.4
2025-03-11,18:45,1119.6
2025-03-11,19:00,1090.8
2025-03-11,19:15,1120.8
2025-03-11,19:30,1088.4
2025-03-11,19:45,1087.2
2025-03-11,20:00,1035.6
2025-03-11,20:15,1176
2025-03-11,20:30,1074
2025-03-11,20:45,1274.4
2025-03-11,21:00,3016.8
2025-03-11,21:15,5062.8
2025-03-11,21:30,5030.4
2025-03-11,21:45,5120.4
2025-03-11,22:00,5047.2
2025-03-11,22:15,2096.4
2025-03-11,22:30,4854
2025-03-11,22:45,5120.4
2025-03-11,23:00,5145.6
2025-03-11,23:15,2499.6
2025-03-11,23:30,4922.4
2025-03-11,23:45,5181.6
2025-03-12,00:00,5079.6
2025-03-12,00:15,4162.8
2025-03-12,00:30,4321.2
2025-03-12,00:45,4958.4
2025-03-12,01:00,5082
2025-03-12,01:15,5133.6
2025-03-12,01:30,2169.6
2025-03-12,01:45,5097.6
2025-03-12,02:00,5137.2
2025-03-12,02:15,5163.6
2025-03-12,02:30,3208.8
2025-03-12,02:45,4429.2
2025-03-12,03:00,4935.6
2025-03-12,03:15,5092.8
2025-03-12,03:30,5109.6
2025-03-12,03:45,3109.2
2025-03-12,04:00,4837.2
2025-03-12,04:15,5138.4
2025-03-12,04:30,5126.4
2025-03-12,04:45,3283.2
2025-03-12,05:00,3855.6
2025-03-12,05:15,4108.8
2025-03-12,05:30,4153.2
2025-03-12,05:45,5054.4
2025-03-12,06:00,3568.8
2025-03-12,06:15,4047.6
2025-03-12,06:30,3258
2025-03-12,06:45,4105.2
2025-03-12,07:00,3325.2
2025-03-12,07:15,4213.2
2025-03-12,07:30,4178.4
2025-03-12,07:45,2605.2
2025-03-12,08:00,1231.2
2025-03-12,08:15,1102.8
2025-03-12,08:30,1214.4
2025-03-12,08:45,1257.6
2025-03-12,09:00,1236
2025-03-12,09:15,1209.6
2025-03-12,09:30,1293.6
2025-03-12,09:45,1208.4
2025-03-12,10:00,1286.4
2025-03-12,10:15,1128
2025-03-12,10:30,1304.4
2025-03-12,10:45,1162.8
2025-03-12,11:00,1094.4
2025-03-12,11:15,1226.4
2025-03-12,11:30,1146
2025-03-12,11:45,1214.4
2025-03-12,12:00,1095.6
2025-03-12,12:15,981.6
2025-03-12,12:30,1033.2
2025-03-12,12:45,1010.4
2025-03-12,13:00,1071.6
2025-03-12,13:15,878.4
2025-03-12,13:30,1099.2
2025-03-12,13:45,930
2025-03-12,14:00,1039.2
2025-03-12,14:15,932.4
2025-03-12,14:30,1126.8
2025-03-12,14:45,829.2
2025-03-12,15:00,1148.4
2025-03-12,15:15,984
2025-03-12,15:30,1066.8
2025-03-12,15:45,1196.4
2025-03-12,16:00,1066.8
2025-03-12,16:15,1100.4
2025-03-12,16:30,1132.8
2025-03-12,16:45,1017.6
2025-03-12,17:00,1077.6
2025-03-12,17:15,1124.4
2025-03-12,17:30,1078.8
2025-03-12,17:45,1099.2
2025-03-12,18:00,1099.2
2025-03-12,18:15,1080
2025-03-12,18:30,1116
2025-03-12,18:45,1114.8
2025-03-12,19:00,1009.2
2025-03-12,19:15,1048.8
2025-03-12,19:30,1062
2025-03-12,19:45,1095.6
2025-03-12,20:00,1093.2
2025-03-12,20:15,1087.2
2025-03-12,20:30,1120.8
2025-03-12,20:45,1032
2025-03-12,21:00,5088
2025-03-12,21:15,4614
2025-03-12,21:30,5146.8
2025-03-12,21:45,5037.6
2025-03-12,22:00,5066.4
2025-03-12,22:15,3549.6
2025-03-12,22:30,4948.8
2025-03-12,22:45,5131.2
2025-03-12,23:00,5133.6
2025-03-12,23:15,2368.8
2025-03-12,23:30,4744.8
2025-03-12,23:45,4972.8
2025-03-13,00:00,5169.6
2025-03-13,00:15,3144
2025-03-13,00:30,4203.6
2025-03-13,00:45,4950
2025-03-13,01:00,5043.6
2025-03-13,01:15,5042.4
2025-03-13,01:30,3422.4
2025-03-13,01:45,5094
2025-03-13,02:00,5064
2025-03-13,02:15,5023.2
2025-03-13,02:30,4269.6
2025-03-13,02:45,5097.6
2025-03-13,03:00,5120.4
2025-03-13,03:15,5043.6
2025-03-13,03:30,2806.8
2025-03-13,03:45,4716
2025-03-13,04:00,5180.4
2025-03-13,04:15,5062.8
2025-03-13,04:30,2676
2025-03-13,04:45,4195.2
2025-03-13,05:00,5182.8
2025-03-13,05:15,5150.4
2025-03-13,05:30,3063.6
2025-03-13,05:45,5149.2
2025-03-13,06:00,4893.6
2025-03-13,06:15,5186.4
2025-03-13,06:30,3584.4
2025-03-13,06:45,5184
2025-03-13,07:00,5179.2
2025-03-13,07:15,5133.6
2025-03-13,07:30,3273.6
2025-03-13,07:45,2170.8
2025-03-13,08:00,1558.8
2025-03-13,08:15,1633.2
2025-03-13,08:30,1234.8
2025-03-13,08:45,1102.8
2025-03-13,09:00,1027.2
2025-03-13,09:15,1647.6
2025-03-13,09:30,1225.2
2025-03-13,09:45,1233.6
2025-03-13,10:00,1092
2025-03-13,10:15,1170
2025-03-13,10:30,1350
2025-03-13,10:45,1184.4
2025-03-13,11:00,932.4
2025-03-13,11:15,1201.2
2025-03-13,11:30,1165.2
2025-03-13,11:45,960
2025-03-13,12:00,1189.2
2025-03-13,12:15,932.4
2025-03-13,12:30,1215.6
2025-03-13,12:45,1369.2
2025-03-13,13:00,1000.8
2025-03-13,13:15,1186.8
2025-03-13,13:30,1136.4
2025-03-13,13:45,1190.4
2025-03-13,14:00,1168.8
2025-03-13,14:15,1303.2
2025-03-13,14:30,1131.6
2025-03-13,14:45,1645.2
2025-03-13,15:00,1590
2025-03-13,15:15,1725.6
2025-03-13,15:30,1454.4
2025-03-13,15:45,1438.8
2025-03-13,16:00,1390.8
2025-03-13,16:15,1402.8
2025-03-13,16:30,1430.4
2025-03-13,16:45,1317.6
2025-03-13,17:00,1467.6
2025-03-13,17:15,1323.6
2025-03-13,17:30,1299.6
2025-03-13,17:45,1435.2
2025-03-13,18:00,1342.8
2025-03-13,18:15,1402.8
2025-03-13,18:30,1394.4
2025-03-13,18:45,1357.2
2025-03-13,19:00,1432.8
2025-03-13,19:15,1534.8
2025-03-13,19:30,1507.2
2025-03-13,19:45,1338
2025-03-13,20:00,1423.2
2025-03-13,20:15,1354.8
2025-03-13,20:30,1477.2
2025-03-13,20:45,1584
2025-03-13,21:00,5302.8
2025-03-13,21:15,5409.6
2025-03-13,21:30,4891.2
2025-03-13,21:45,5506.8
2025-03-13,22:00,5358
2025-03-13,22:15,2538
2025-03-13,22:30,5407.2
2025-03-13,22:45,5475.6
2025-03-13,23:00,5331.6
2025-03-13,23:15,1962
2025-03-13,23:30,5272.8
2025-03-13,23:45,5431.2
2025-03-14,00:00,5517.6
2025-03-14,00:15,4432.8
2025-03-14,00:30,4593.6
2025-03-14,00:45,5211.6
2025-03-14,01:00,5538
2025-03-14,01:15,5352
2025-03-14,01:30,3526.8
2025-03-14,01:45,5182.8
2025-03-14,02:00,5490
2025-03-14,02:15,5488.8
2025-03-14,02:30,3002.4
2025-03-14,02:45,4674
2025-03-14,03:00,5227.2
2025-03-14,03:15,5342.4
2025-03-14,03:30,2574
2025-03-14,03:45,4196.4
2025-03-14,04:00,5194.8
2025-03-14,04:15,5247.6
2025-03-14,04:30,2382
2025-03-14,04:45,4275.6
2025-03-14,05:00,5115.6
2025-03-14,05:15,5313.6
2025-03-14,05:30,1792.8
2025-03-14,05:45,5211.6
2025-03-14,06:00,5216.4
2025-03-14,06:15,5170.8
2025-03-14,06:30,3492
2025-03-14,06:45,5095.2
2025-03-14,07:00,5226
2025-03-14,07:15,5252.4
2025-03-14,07:30,2858.4
2025-03-14,07:45,1402.8
2025-03-14,08:00,1245.6
2025-03-14,08:15,1407.6
2025-03-14,08:30,1184.4
2025-03-14,08:45,1419.6
2025-03-14,09:00,1296
2025-03-14,09:15,1338
2025-03-14,09:30,1186.8
2025-03-14,09:45,1347.6
2025-03-14,10:00,1204.8
2025-03-14,10:15,1084.8
2025-03-14,10:30,1028.4
2025-03-14,10:45,981.6
2025-03-14,11:00,967.2
2025-03-14,11:15,969.6
2025-03-14,11:30,940.8
2025-03-14,11:45,985.2
2025-03-14,12:00,1068
2025-03-14,12:15,991.2
2025-03-14,12:30,950.4
2025-03-14,12:45,1040.4
2025-03-14,13:00,1050
2025-03-14,13:15,1064.4
2025-03-14,13:30,992.4
2025-03-14,13:45,997.2
2025-03-14,14:00,1086
2025-03-14,14:15,1026
2025-03-14,14:30,1070.4
2025-03-14,14:45,994.8
2025-03-14,15:00,1128
2025-03-14,15:15,999.6
2025-03-14,15:30,1056
2025-03-14,15:45,1111.2
2025-03-14,16:00,944.4
2025-03-14,16:15,1066.8
2025-03-14,16:30,1143.6
2025-03-14,16:45,1054.8
2025-03-14,17:00,1064.4
2025-03-14,17:15,1094.4
2025-03-14,17:30,1116
2025-03-14,17:45,1070.4
2025-03-14,18:00,1189.2
2025-03-14,18:15,1028.4
2025-03-14,18:30,1260
2025-03-14,18:45,1077.6
2025-03-14,19:00,1208.4
2025-03-14,19:15,1173.6
2025-03-14,19:30,1113.6
2025-03-14,19:45,1086
2025-03-14,20:00,1143.6
2025-03-14,20:15,1035.6
2025-03-14,20:30,1143.6
2025-03-14,20:45,1102.8
2025-03-14,21:00,5198.4
2025-03-14,21:15,5059.2
2025-03-14,21:30,5197.2
2025-03-14,21:45,5100
2025-03-14,22:00,5140.8
2025-03-14,22:15,3267.6
2025-03-14,22:30,5068.8
2025-03-14,22:45,5161.2
2025-03-14,23:00,5102.4
2025-03-14,23:15,2271.6
2025-03-14,23:30,5151.6
2025-03-14,23:45,5072.4
2025-03-15,00:00,5239.2
2025-03-15,00:15,4320
2025-03-15,00:30,3613.2
2025-03-15,00:45,5090.4
2025-03-15,01:00,5226
2025-03-15,01:15,5090.4
2025-03-15,01:30,1946.4
2025-03-15,01:45,5098.8
2025-03-15,02:00,5170.8
2025-03-15,02:15,5150.4
2025-03-15,02:30,3411.6
2025-03-15,02:45,4408.8
2025-03-15,03:00,5122.8
2025-03-15,03:15,5250
2025-03-15,03:30,4132.8
2025-03-15,03:45,3516
2025-03-15,04:00,5074.8
2025-03-15,04:15,5197.2
2025-03-15,04:30,4183.2
2025-03-15,04:45,2449.2
2025-03-15,05:00,5025.6
2025-03-15,05:15,5232
2025-03-15,05:30,4310.4
2025-03-15,05:45,3489.6
2025-03-15,06:00,5192.4
2025-03-15,06:15,5236.8
2025-03-15,06:30,5336.4
2025-03-15,06:45,2569.2
2025-03-15,07:00,4468.8
2025-03-15,07:15,5216.4
2025-03-15,07:30,5373.6
2025-03-15,07:45,3805.2
2025-03-15,08:00,2188.8
2025-03-15,08:15,1753.2
2025-03-15,08:30,1785.6
2025-03-15,08:45,1754.4
2025-03-15,09:00,1783.2
2025-03-15,09:15,1687.2
2025-03-15,09:30,1588.8
2025-03-15,09:45,1626
2025-03-15,10:00,1666.8
2025-03-15,10:15,1587.6
2025-03-15,10:30,1586.4
2025-03-15,10:45,1548
2025-03-15,11:00,1262.4
2025-03-15,11:15,1518
2025-03-15,11:30,1360.8
2025-03-15,11:45,1273.2
2025-03-15,12:00,1332
2025-03-15,12:15,1363.2
2025-03-15,12:30,1110
2025-03-15,12:45,1543.2
2025-03-15,13:00,1353.6
2025-03-15,13:15,1322.4
2025-03-15,13:30,1255.2
2025-03-15,13:45,1314
2025-03-15,14:00,1251.6
2025-03-15,14:15,1345.2
2025-03-15,14:30,1210.8
2025-03-15,14:45,1334.4
2025-03-15,15:00,1189.2
2025-03-15,15:15,1461.6
2025-03-15,15:30,1321.2
2025-03-15,15:45,1428
2025-03-15,16:00,1287.6
2025-03-15,16:15,1420.8
2025-03-15,16:30,1381.2
2025-03-15,16:45,1297.2
2025-03-15,17:00,1300.8
2025-03-15,17:15,1447.2
2025-03-15,17:30,1330.8
2025-03-15,17:45,1233.6
2025-03-15,18:00,1312.8
2025-03-15,18:15,1380
2025-03-15,18:30,1292.4
2025-03-15,18:45,1416
2025-03-15,19:00,1220.4
2025-03-15,19:15,1329.6
2025-03-15,19:30,1278
2025-03-15,19:45,1362
2025-03-15,20:00,1406.4
2025-03-15,20:15,1314
2025-03-15,20:30,1322.4
2025-03-15,20:45,1281.6
2025-03-15,21:00,5365.2
2025-03-15,21:15,5154
2025-03-15,21:30,5581.2
2025-03-15,21:45,5223.6
2025-03-15,22:00,5461.2
2025-03-15,22:15,2350.8
2025-03-15,22:30,5230.8
2025-03-15,22:45,5404.8
2025-03-15,23:00,5404.8
2025-03-15,23:15,4382.4
2025-03-15,23:30,3724.8
2025-03-15,23:45,5389.2
2025-03-16,00:00,5479.2
2025-03-16,00:15,5456.4
2025-03-16,00:30,2666.4
2025-03-16,00:45,3973.2
2025-03-16,01:00,4488
2025-03-16,01:15,4495.2
2025-03-16,01:30,3840
2025-03-16,01:45,2557.2
2025-03-16,02:00,4065.6
2025-03-16,02:15,4281.6
2025-03-16,02:30,4500
2025-03-16,02:45,3786
2025-03-16,03:00,3045.6
2025-03-16,03:15,4452
2025-03-16,03:30,4548
2025-03-16,03:45,3394.8
2025-03-16,04:00,3931.2
2025-03-16,04:15,4370.4
2025-03-16,04:30,4496.4
2025-03-16,04:45,3493.2
2025-03-16,05:00,3537.6
2025-03-16,05:15,3499.2
2025-03-16,05:30,4435.2
2025-03-16,05:45,3454.8
2025-03-16,06:00,4412.4
2025-03-16,06:15,2617.2
2025-03-16,06:30,4213.2
2025-03-16,06:45,4407.6
2025-03-16,07:00,3626.4
2025-03-16,07:15,3579.6
2025-03-16,07:30,3826.8
2025-03-16,07:45,4376.4
2025-03-16,08:00,3638.4
2025-03-16,08:15,2580
2025-03-16,08:30,1515.6
2025-03-16,08:45,1263.6
2025-03-16,09:00,1429.2
2025-03-16,09:15,1144.8
2025-03-16,09:30,1476
2025-03-16,09:45,998.4
2025-03-16,10:00,864
2025-03-16,10:15,1293.6
2025-03-16,10:30,1172.4
2025-03-16,10:45,1059.6
2025-03-16,11:00,1093.2
2025-03-16,11:15,336
2025-03-16,11:30,252
2025-03-16,11:45,127.2
2025-03-16,12:00,189.6
2025-03-16,12:15,244.8
2025-03-16,12:30,1138.8
2025-03-16,12:45,146.4
2025-03-16,13:00,1186.8
2025-03-16,13:15,964.8
2025-03-16,13:30,321.6
2025-03-16,13:45,256.8
2025-03-16,14:00,462
2025-03-16,14:15,482.4
2025-03-16,14:30,495.6
2025-03-16,14:45,1092
2025-03-16,15:00,1381.2
2025-03-16,15:15,1075.2
2025-03-16,15:30,1393.2
2025-03-16,15:45,1491.6
2025-03-16,16:00,1386
2025-03-16,16:15,1411.2
2025-03-16,16:30,1543.2
2025-03-16,16:45,1370.4
2025-03-16,17:00,1580.4
2025-03-16,17:15,1564.8
2025-03-16,17:30,1812
2025-03-16,17:45,1597.2
2025-03-16,18:00,1657.2
2025-03-16,18:15,1669.2
2025-03-16,18:30,1681.2
2025-03-16,18:45,1634.4
2025-03-16,19:00,1686
2025-03-16,19:15,1758
2025-03-16,19:30,1732.8
2025-03-16,19:45,1854
2025-03-16,20:00,1773.6
2025-03-16,20:15,2469.6
2025-03-16,20:30,2812.8
2025-03-16,20:45,2593.2
2025-03-16,21:00,5708.4
2025-03-16,21:15,4227.6
2025-03-16,21:30,4714.8
2025-03-16,21:45,4867.2
2025-03-16,22:00,4819.2
2025-03-16,22:15,3393.6
2025-03-16,22:30,5683.2
2025-03-16,22:45,5779.2
2025-03-16,23:00,4758
2025-03-16,23:15,3908.4
2025-03-16,23:30,5143.2
2025-03-16,23:45,5611.2
2025-03-17,00:00,4730.4
2025-03-17,00:15,3770.4
2025-03-17,00:30,5469.6
2025-03-17,00:45,5708.4
2025-03-17,01:00,5012.4
2025-03-17,01:15,4612.8
2025-03-17,01:30,5494.8
2025-03-17,01:45,5630.4
2025-03-17,02:00,4712.4
2025-03-17,02:15,5750.4
2025-03-17,02:30,5636.4
2025-03-17,02:45,5654.4
2025-03-17,03:00,5696.4
2025-03-17,03:15,4944
2025-03-17,03:30,2949.6
2025-03-17,03:45,5736
2025-03-17,04:00,5643.6
2025-03-17,04:15,4722
2025-03-17,04:30,3736.8
2025-03-17,04:45,5550
2025-03-17,05:00,5780.4
2025-03-17,05:15,4726.8
2025-03-17,05:30,4741.2
2025-03-17,05:45,3982.8
2025-03-17,06:00,4802.4
2025-03-17,06:15,4743.6
2025-03-17,06:30,3831.6
2025-03-17,06:45,3691.2
2025-03-17,07:00,4435.2
2025-03-17,07:15,4702.8
2025-03-17,07:30,4474.8
2025-03-17,07:45,1731.6
2025-03-17,08:00,1306.8
2025-03-17,08:15,1347.6
2025-03-17,08:30,1383.6
2025-03-17,08:45,1274.4
2025-03-17,09:00,1203.6
2025-03-17,09:15,1132.8
2025-03-17,09:30,1027.2
2025-03-17,09:45,955.2
2025-03-17,10:00,891.6
2025-03-17,10:15,882
2025-03-17,10:30,806.4
2025-03-17,10:45,654
2025-03-17,11:00,640.8
2025-03-17,11:15,669.6
2025-03-17,11:30,564
2025-03-17,11:45,709.2
2025-03-17,12:00,699.6
2025-03-17,12:15,556.8
2025-03-17,12:30,753.6
2025-03-17,12:45,499.2
2025-03-17,13:00,470.4
2025-03-17,13:15,597.6
2025-03-17,13:30,489.6
2025-03-17,13:45,476.4
2025-03-17,14:00,562.8
2025-03-17,14:15,598.8
2025-03-17,14:30,686.4
2025-03-17,14:45,656.4
2025-03-17,15:00,814.8
2025-03-17,15:15,812.4
2025-03-17,15:30,694.8
2025-03-17,15:45,886.8
2025-03-17,16:00,1095.6
2025-03-17,16:15,1137.6
2025-03-17,16:30,1270.8
2025-03-17,16:45,1390.8
2025-03-17,17:00,1416
2025-03-17,17:15,1587.6
2025-03-17,17:30,1593.6
2025-03-17,17:45,1575.6
2025-03-17,18:00,1548
2025-03-17,18:15,1497.6
2025-03-17,18:30,1498.8
2025-03-17,18:45,1591.2
2025-03-17,19:00,1514.4
2025-03-17,19:15,1587.6
2025-03-17,19:30,1456.8
2025-03-17,19:45,1538.4
2025-03-17,20:00,1658.4
2025-03-17,20:15,1525.2
2025-03-17,20:30,1681.2
2025-03-17,20:45,1562.4
2025-03-17,21:00,5626.8
2025-03-17,21:15,5158.8
2025-03-17,21:30,5530.8
2025-03-17,21:45,5508
2025-03-17,22:00,5536.8
2025-03-17,22:15,3126
2025-03-17,22:30,5415.6
2025-03-17,22:45,5642.4
2025-03-17,23:00,5504.4
2025-03-17,23:15,2044.8
2025-03-17,23:30,5413.2
2025-03-17,23:45,5646
2025-03-18,00:00,5583.6
2025-03-18,00:15,4927.2
2025-03-18,00:30,4203.6
2025-03-18,00:45,5518.8
2025-03-18,01:00,5520
2025-03-18,01:15,5731.2
2025-03-18,01:30,2659.2
2025-03-18,01:45,5570.4
2025-03-18,02:00,5688
2025-03-18,02:15,5659.2
2025-03-18,02:30,3200.4
2025-03-18,02:45,5463.6
2025-03-18,03:00,5799.6
2025-03-18,03:15,5732.4
2025-03-18,03:30,4898.4
2025-03-18,03:45,3109.2
2025-03-18,04:00,5642.4
2025-03-18,04:15,5690.4
2025-03-18,04:30,4831.2
2025-03-18,04:45,2998.8
2025-03-18,05:00,5300.4
2025-03-18,05:15,5631.6
2025-03-18,05:30,5630.4
2025-03-18,05:45,4824
2025-03-18,06:00,4632
2025-03-18,06:15,5637.6
2025-03-18,06:30,5660.4
2025-03-18,06:45,4790.4
2025-03-18,07:00,3712.8
2025-03-18,07:15,5652
2025-03-18,07:30,5493.6
2025-03-18,07:45,3597.6
2025-03-18,08:00,1634.4
2025-03-18,08:15,1446
2025-03-18,08:30,1333.2
2025-03-18,08:45,1287.6
2025-03-18,09:00,1134
2025-03-18,09:15,1162.8
2025-03-18,09:30,964.8
2025-03-18,09:45,1117.2
2025-03-18,10:00,980.4
2025-03-18,10:15,852
2025-03-18,10:30,848.4
2025-03-18,10:45,802.8
2025-03-18,11:00,756
2025-03-18,11:15,812.4
2025-03-18,11:30,730.8
2025-03-18,11:45,525.6
2025-03-18,12:00,559.2
2025-03-18,12:15,436.8
2025-03-18,12:30,436.8
2025-03-18,12:45,397.2
2025-03-18,13:00,369.6
2025-03-18,13:15,426
2025-03-18,13:30,453.6
2025-03-18,13:45,568.8
2025-03-18,14:00,469.2
2025-03-18,14:15,568.8
2025-03-18,14:30,534
2025-03-18,14:45,524.4
2025-03-18,15:00,530.4
2025-03-18,15:15,655.2
2025-03-18,15:30,652.8
2025-03-18,15:45,903.6
2025-03-18,16:00,940.8
2025-03-18,16:15,1020
2025-03-18,16:30,980.4
2025-03-18,16:45,1118.4
2025-03-18,17:00,1057.2
2025-03-18,17:15,1148.4
2025-03-18,17:30,1262.4
2025-03-18,17:45,1284
2025-03-18,18:00,1278
2025-03-18,18:15,1453.2
2025-03-18,18:30,1364.4
2025-03-18,18:45,1491.6
2025-03-18,19:00,1438.8
2025-03-18,19:15,1372.8
2025-03-18,19:30,1456.8
2025-03-18,19:45,1477.2
2025-03-18,20:00,1405.2
2025-03-18,20:15,1527.6
2025-03-18,20:30,1374
2025-03-18,20:45,2152.8
2025-03-18,21:00,5320.8
2025-03-18,21:15,5061.6
2025-03-18,21:30,5101.2
2025-03-18,21:45,5047.2
2025-03-18,22:00,5262
2025-03-18,22:15,3880.8
2025-03-18,22:30,5236.8
2025-03-18,22:45,5329.2
2025-03-18,23:00,4389.6
2025-03-18,23:15,2262
2025-03-18,23:30,5368.8
2025-03-18,23:45,5300.4
2025-03-19,00:00,5364
2025-03-19,00:15,4431.6
2025-03-19,00:30,4905.6
2025-03-19,00:45,5222.4
2025-03-19,01:00,5313.6
2025-03-19,01:15,5054.4
2025-03-19,01:30,3324
2025-03-19,01:45,5215.2
2025-03-19,02:00,5316
2025-03-19,02:15,4206
2025-03-19,02:30,3430.8
2025-03-19,02:45,5348.4
2025-03-19,03:00,5186.4
2025-03-19,03:15,4298.4
2025-03-19,03:30,4392
2025-03-19,03:45,4077.6
2025-03-19,04:00,5246.4
2025-03-19,04:15,5298
2025-03-19,04:30,4376.4
2025-03-19,04:45,3600
2025-03-19,05:00,5242.8
2025-03-19,05:15,5324.4
2025-03-19,05:30,3646.8
2025-03-19,05:45,4431.6
2025-03-19,06:00,5114.4
2025-03-19,06:15,5278.8
2025-03-19,06:30,5419.2
2025-03-19,06:45,5072.4
2025-03-19,07:00,4245.6
2025-03-19,07:15,5076
2025-03-19,07:30,5095.2
2025-03-19,07:45,3120
2025-03-19,08:00,2487.6
2025-03-19,08:15,1376.4
2025-03-19,08:30,1144.8
2025-03-19,08:45,974.4
2025-03-19,09:00,1080
2025-03-19,09:15,847.2
2025-03-19,09:30,1078.8
2025-03-19,09:45,721.2
2025-03-19,10:00,1087.2
2025-03-19,10:15,1119.6
2025-03-19,10:30,1063.2
2025-03-19,10:45,831.6
2025-03-19,11:00,834
2025-03-19,11:15,790.8
2025-03-19,11:30,753.6
2025-03-19,11:45,778.8
2025-03-19,12:00,703.2
2025-03-19,12:15,765.6
2025-03-19,12:30,612
2025-03-19,12:45,816
2025-03-19,13:00,678
2025-03-19,13:15,807.6
2025-03-19,13:30,724.8
2025-03-19,13:45,924
2025-03-19,14:00,990
2025-03-19,14:15,934.8
2025-03-19,14:30,927.6
2025-03-19,14:45,1021.2
2025-03-19,15:00,1022.4
2025-03-19,15:15,1056
2025-03-19,15:30,1102.8
2025-03-19,15:45,1210.8
2025-03-19,16:00,1204.8
2025-03-19,16:15,1370.4
2025-03-19,16:30,1461.6
2025-03-19,16:45,1470
2025-03-19,17:00,1503.6
2025-03-19,17:15,1551.6
2025-03-19,17:30,1572
2025-03-19,17:45,1699.2
2025-03-19,18:00,1651.2
2025-03-19,18:15,1575.6
2025-03-19,18:30,1482
2025-03-19,18:45,1744.8
2025-03-19,19:00,1573.2
2025-03-19,19:15,1652.4
2025-03-19,19:30,1737.6
2025-03-19,19:45,1690.8
2025-03-19,20:00,1704
2025-03-19,20:15,1801.2
2025-03-19,20:30,1674
2025-03-19,20:45,1749.6
2025-03-19,21:00,5554.8
2025-03-19,21:15,5653.2
2025-03-19,21:30,5486.4
2025-03-19,21:45,5667.6
2025-03-19,22:00,5576.4
2025-03-19,22:15,5106
2025-03-19,22:30,5613.6
2025-03-19,22:45,5719.2
2025-03-19,23:00,5710.8
2025-03-19,23:15,2100
2025-03-19,23:30,5722.8
2025-03-19,23:45,5833.2
2025-03-20,00:00,5746.8
2025-03-20,00:15,3039.6
2025-03-20,00:30,4524
2025-03-20,00:45,5744.4
2025-03-20,01:00,5630.4
2025-03-20,01:15,5004
2025-03-20,01:30,3937.2
2025-03-20,01:45,5922
2025-03-20,02:00,5739.6
2025-03-20,02:15,4826.4
2025-03-20,02:30,2882.4
2025-03-20,02:45,5671.2
2025-03-20,03:00,5763.6
2025-03-20,03:15,5808
2025-03-20,03:30,4995.6
2025-03-20,03:45,4876.8
2025-03-20,04:00,5700
2025-03-20,04:15,5793.6
2025-03-20,04:30,4735.2
2025-03-20,04:45,4018.8
2025-03-20,05:00,5679.6
2025-03-20,05:15,5776.8
2025-03-20,05:30,5694
2025-03-20,05:45,3596.4
2025-03-20,06:00,5662.8
2025-03-20,06:15,5821.2
2025-03-20,06:30,5806.8
2025-03-20,06:45,4800
2025-03-20,07:00,5595.6
2025-03-20,07:15,5618.4
2025-03-20,07:30,4592.4
2025-03-20,07:45,3573.6
2025-03-20,08:00,1489.2
2025-03-20,08:15,1321.2
2025-03-20,08:30,1543.2
2025-03-20,08:45,1297.2
2025-03-20,09:00,1170
2025-03-20,09:15,1186.8
2025-03-20,09:30,1102.8
2025-03-20,09:45,1017.6
2025-03-20,10:00,996
2025-03-20,10:15,961.2
2025-03-20,10:30,837.6
2025-03-20,10:45,801.6
2025-03-20,11:00,606
2025-03-20,11:15,687.6
2025-03-20,11:30,626.4
2025-03-20,11:45,648
2025-03-20,12:00,633.6
2025-03-20,12:15,597.6
2025-03-20,12:30,781.2
2025-03-20,12:45,712.8
2025-03-20,13:00,531.6
2025-03-20,13:15,626.4
2025-03-20,13:30,574.8
2025-03-20,13:45,700.8
2025-03-20,14:00,728.4
2025-03-20,14:15,876
2025-03-20,14:30,902.4
2025-03-20,14:45,967.2
2025-03-20,15:00,1029.6
2025-03-20,15:15,1165.2
2025-03-20,15:30,1118.4
2025-03-20,15:45,1200
2025-03-20,16:00,1209.6
2025-03-20,16:15,1281.6
2025-03-20,16:30,1346.4
2025-03-20,16:45,1466.4
2025-03-20,17:00,1459.2
2025-03-20,17:15,1534.8
2025-03-20,17:30,1521.6
2025-03-20,17:45,1636.8
2025-03-20,18:00,1562.4
2025-03-20,18:15,1654.8
2025-03-20,18:30,1714.8
2025-03-20,18:45,1719.6
2025-03-20,19:00,1640.4
2025-03-20,19:15,1773.6
2025-03-20,19:30,1653.6
2025-03-20,19:45,1758
2025-03-20,20:00,1755.6
2025-03-20,20:15,2502
2025-03-20,20:30,2970
2025-03-20,20:45,3499.2
2025-03-20,21:00,4366.8
2025-03-20,21:15,4478.4
2025-03-20,21:30,4028.4
2025-03-20,21:45,4977.6
2025-03-20,22:00,3967.2
2025-03-20,22:15,4311.6
2025-03-20,22:30,5529.6
2025-03-20,22:45,5680.8
2025-03-20,23:00,3715.2
2025-03-20,23:15,4566
2025-03-20,23:30,5413.2
2025-03-20,23:45,5623.2
2025-03-21,00:00,5558.4
2025-03-21,00:15,5586
2025-03-21,00:30,4090.8
2025-03-21,00:45,5544
2025-03-21,01:00,5727.6
2025-03-21,01:15,3734.4
2025-03-21,01:30,4615.2
2025-03-21,01:45,5666.4
2025-03-21,02:00,5716.8
2025-03-21,02:15,5647.2
2025-03-21,02:30,4737.6
2025-03-21,02:45,5272.8
2025-03-21,03:00,5670
2025-03-21,03:15,5743.2
2025-03-21,03:30,3168
2025-03-21,03:45,4926
2025-03-21,04:00,4618.8
2025-03-21,04:15,5720.4
2025-03-21,04:30,4856.4
2025-03-21,04:45,4740
2025-03-21,05:00,5016
2025-03-21,05:15,5720.4
2025-03-21,05:30,5734.8
2025-03-21,05:45,3135.6
2025-03-21,06:00,4542
2025-03-21,06:15,5694
2025-03-21,06:30,5692.8
2025-03-21,06:45,3276
2025-03-21,07:00,4928.4
2025-03-21,07:15,5721.6
2025-03-21,07:30,5505.6
2025-03-21,07:45,3829.2
2025-03-21,08:00,1534.8
2025-03-21,08:15,1504.8
2025-03-21,08:30,1322.4
2025-03-21,08:45,1238.4
2025-03-21,09:00,1180.8
2025-03-21,09:15,1254
2025-03-21,09:30,1131.6
2025-03-21,09:45,1076.4
2025-03-21,10:00,1018.8
2025-03-21,10:15,942
2025-03-21,10:30,830.4
2025-03-21,10:45,722.4
2025-03-21,11:00,621.6
2025-03-21,11:15,666
2025-03-21,11:30,616.8
2025-03-21,11:45,534
2025-03-21,12:00,516
2025-03-21,12:15,717.6
2025-03-21,12:30,622.8
2025-03-21,12:45,589.2
2025-03-21,13:00,644.4
2025-03-21,13:15,544.8
2025-03-21,13:30,652.8
2025-03-21,13:45,668.4
2025-03-21,14:00,682.8
2025-03-21,14:15,720
2025-03-21,14:30,702
2025-03-21,14:45,880.8
2025-03-21,15:00,819.6
2025-03-21,15:15,1094.4
2025-03-21,15:30,994.8
2025-03-21,15:45,1101.6
2025-03-21,16:00,1221.6
2025-03-21,16:15,1213.2
2025-03-21,16:30,1288.8
2025-03-21,16:45,1422
2025-03-21,17:00,1534.8
2025-03-21,17:15,1656
2025-03-21,17:30,1509.6
2025-03-21,17:45,1734
2025-03-21,18:00,1545.6
2025-03-21,18:15,1749.6
2025-03-21,18:30,1615.2
2025-03-21,18:45,1614
2025-03-21,19:00,1724.4
2025-03-21,19:15,1675.2
2025-03-21,19:30,1681.2
2025-03-21,19:45,1684.8
2025-03-21,20:00,1639.2
2025-03-21,20:15,1668
2025-03-21,20:30,1693.2
2025-03-21,20:45,1754.4
2025-03-21,21:00,4977.6
2025-03-21,21:15,5526
2025-03-21,21:30,5750.4
2025-03-21,21:45,5624.4
2025-03-21,22:00,5640
2025-03-21,22:15,5509.2
2025-03-21,22:30,5643.6
2025-03-21,22:45,5583.6
2025-03-21,23:00,4688.4
2025-03-21,23:15,3250.8
2025-03-21,23:30,5662.8
2025-03-21,23:45,5733.6
2025-03-22,00:00,5670
2025-03-22,00:15,2932.8
2025-03-22,00:30,5571.6
2025-03-22,00:45,5642.4
2025-03-22,01:00,5647.2
2025-03-22,01:15,4803.6
2025-03-22,01:30,4813.2
2025-03-22,01:45,5757.6
2025-03-22,02:00,5696.4
2025-03-22,02:15,4636.8
2025-03-22,02:30,3265.2
2025-03-22,02:45,5806.8
2025-03-22,03:00,5761.2
2025-03-22,03:15,5676
2025-03-22,03:30,4898.4
2025-03-22,03:45,5616
2025-03-22,04:00,5725.2
2025-03-22,04:15,5630.4
2025-03-22,04:30,3481.2
2025-03-22,04:45,5518.8
2025-03-22,05:00,5748
2025-03-22,05:15,5683.2
2025-03-22,05:30,3976.8
2025-03-22,05:45,4543.2
2025-03-22,06:00,5894.4
2025-03-22,06:15,4921.2
2025-03-22,06:30,4111.2
2025-03-22,06:45,4378.8
2025-03-22,07:00,5696.4
2025-03-22,07:15,5522.4
2025-03-22,07:30,4566
2025-03-22,07:45,1482
2025-03-22,08:00,1464
2025-03-22,08:15,1327.2
2025-03-22,08:30,1346.4
2025-03-22,08:45,1284
2025-03-22,09:00,1300.8
2025-03-22,09:15,1185.6
2025-03-22,09:30,1029.6
2025-03-22,09:45,972
2025-03-22,10:00,980.4
2025-03-22,10:15,859.2
2025-03-22,10:30,808.8
2025-03-22,10:45,688.8
2025-03-22,11:00,814.8
2025-03-22,11:15,603.6
2025-03-22,11:30,787.2
2025-03-22,11:45,578.4
2025-03-22,12:00,662.4
2025-03-22,12:15,558
2025-03-22,12:30,716.4
2025-03-22,12:45,640.8
2025-03-22,13:00,601.2
2025-03-22,13:15,744
2025-03-22,13:30,747.6
2025-03-22,13:45,678
2025-03-22,14:00,745.2
2025-03-22,14:15,889.2
2025-03-22,14:30,807.6
2025-03-22,14:45,927.6
2025-03-22,15:00,924
2025-03-22,15:15,1036.8
2025-03-22,15:30,1048.8
2025-03-22,15:45,1147.2
2025-03-22,16:00,1179.6
2025-03-22,16:15,1353.6
2025-03-22,16:30,1339.2
2025-03-22,16:45,1402.8
2025-03-22,17:00,1478.4
2025-03-22,17:15,1656
2025-03-22,17:30,1630.8
2025-03-22,17:45,1508.4
2025-03-22,18:00,1603.2
2025-03-22,18:15,1576.8
2025-03-22,18:30,1556.4
2025-03-22,18:45,1557.6
2025-03-22,19:00,1620
2025-03-22,19:15,1576.8
2025-03-22,19:30,1653.6
2025-03-22,19:45,1644
2025-03-22,20:00,1610.4
2025-03-22,20:15,1772.4
2025-03-22,20:30,1612.8
2025-03-22,20:45,1680
2025-03-22,21:00,1670.4
2025-03-22,21:15,5137.2
2025-03-22,21:30,5425.2
2025-03-22,21:45,5725.2
2025-03-22,22:00,5539.2
2025-03-22,22:15,4204.8
2025-03-22,22:30,5599.2
2025-03-22,22:45,5655.6
2025-03-22,23:00,5671.2
2025-03-22,23:15,3872.4
2025-03-22,23:30,4530
2025-03-22,23:45,5769.6
2025-03-23,00:00,5607.6
2025-03-23,00:15,3811.2
2025-03-23,00:30,4761.6
2025-03-23,00:45,4975.2
2025-03-23,01:00,5642.4
2025-03-23,01:15,4087.2
2025-03-23,01:30,5683.2
2025-03-23,01:45,5202
2025-03-23,02:00,5594.4
2025-03-23,02:15,5613.6
2025-03-23,02:30,5403.6
2025-03-23,02:45,4888.8
2025-03-23,03:00,4952.4
2025-03-23,03:15,5750.4
2025-03-23,03:30,4771.2
2025-03-23,03:45,5793.6
2025-03-23,04:00,5157.6
2025-03-23,04:15,5385.6
2025-03-23,04:30,3864
2025-03-23,04:45,5781.6
2025-03-23,05:00,4159.2
2025-03-23,05:15,5676
2025-03-23,05:30,3822
2025-03-23,05:45,5732.4
2025-03-23,06:00,4036.8
2025-03-23,06:15,5538
2025-03-23,06:30,5678.4
2025-03-23,06:45,4810.8
2025-03-23,07:00,5196
2025-03-23,07:15,5744.4
2025-03-23,07:30,5413.2
2025-03-23,07:45,3908.4
2025-03-23,08:00,2563.2
2025-03-23,08:15,1777.2
2025-03-23,08:30,1386
2025-03-23,08:45,1341.6
2025-03-23,09:00,1323.6
2025-03-23,09:15,1077.6
2025-03-23,09:30,1147.2
2025-03-23,09:45,1104
2025-03-23,10:00,993.6
2025-03-23,10:15,1069.2
2025-03-23,10:30,921.6
2025-03-23,10:45,956.4
2025-03-23,11:00,1321.2
2025-03-23,11:15,1290
2025-03-23,11:30,1474.8
2025-03-23,11:45,1402.8
2025-03-23,12:00,1545.6
2025-03-23,12:15,1330.8
2025-03-23,12:30,1318.8
2025-03-23,12:45,1326
2025-03-23,13:00,1083.6
2025-03-23,13:15,1227.6
2025-03-23,13:30,1316.4
2025-03-23,13:45,1395.6
2025-03-23,14:00,1518
2025-03-23,14:15,1615.2
2025-03-23,14:30,1575.6
2025-03-23,14:45,1591.2
2025-03-23,15:00,1730.4
2025-03-23,15:15,1742.4
2025-03-23,15:30,1651.2
2025-03-23,15:45,1654.8
2025-03-23,16:00,1635.6
2025-03-23,16:15,1672.8
2025-03-23,16:30,1609.2
2025-03-23,16:45,1689.6
2025-03-23,17:00,1599.6
2025-03-23,17:15,1686
2025-03-23,17:30,1616.4
2025-03-23,17:45,1562.4
2025-03-23,18:00,1708.8
2025-03-23,18:15,1674
2025-03-23,18:30,1658.4
2025-03-23,18:45,1622.4
2025-03-23,19:00,1639.2
2025-03-23,19:15,1641.6
2025-03-23,19:30,1684.8
2025-03-23,19:45,1658.4
2025-03-23,20:00,1578
2025-03-23,20:15,1629.6
2025-03-23,20:30,1705.2
2025-03-23,20:45,1665.6
2025-03-23,21:00,5692.8
2025-03-23,21:15,5546.4
2025-03-23,21:30,5593.2
2025-03-23,21:45,5806.8
2025-03-23,22:00,5670
2025-03-23,22:15,3306
2025-03-23,22:30,5628
2025-03-23,22:45,5628
2025-03-23,23:00,5649.6
2025-03-23,23:15,2740.8
2025-03-23,23:30,5708.4
2025-03-23,23:45,5620.8
2025-03-24,00:00,5586
2025-03-24,00:15,3141.6
2025-03-24,00:30,5308.8
2025-03-24,00:45,5724
2025-03-24,01:00,5754
2025-03-24,01:15,4666.8
2025-03-24,01:30,4423.2
2025-03-24,01:45,4644
2025-03-24,02:00,5617.2
2025-03-24,02:15,5630.4
2025-03-24,02:30,3644.4
2025-03-24,02:45,5194.8
2025-03-24,03:00,5791.2
2025-03-24,03:15,5767.2
2025-03-24,03:30,3643.2
2025-03-24,03:45,4819.2
2025-03-24,04:00,5588.4
2025-03-24,04:15,5654.4
2025-03-24,04:30,5700
2025-03-24,04:45,2847.6
2025-03-24,05:00,5500.8
2025-03-24,05:15,5659.2
2025-03-24,05:30,5690.4
2025-03-24,05:45,2157.6
2025-03-24,06:00,5793.6
2025-03-24,06:15,5744.4
2025-03-24,06:30,4842
2025-03-24,06:45,3608.4
2025-03-24,07:00,5683.2
2025-03-24,07:15,5539.2
2025-03-24,07:30,4666.8
2025-03-24,07:45,3442.8
2025-03-24,08:00,1520.4
2025-03-24,08:15,1345.2
2025-03-24,08:30,1248
2025-03-24,08:45,1208.4
2025-03-24,09:00,1196.4
2025-03-24,09:15,1215.6
2025-03-24,09:30,1084.8
2025-03-24,09:45,1059.6
2025-03-24,10:00,1075.2
2025-03-24,10:15,891.6
2025-03-24,10:30,877.2
2025-03-24,10:45,738
2025-03-24,11:00,651.6
2025-03-24,11:15,603.6
2025-03-24,11:30,670.8
2025-03-24,11:45,555.6
2025-03-24,12:00,651.6
2025-03-24,12:15,651.6
2025-03-24,12:30,606
2025-03-24,12:45,589.2
2025-03-24,13:00,759.6
2025-03-24,13:15,661.2
2025-03-24,13:30,670.8
2025-03-24,13:45,672
2025-03-24,14:00,818.4
2025-03-24,14:15,1046.4
2025-03-24,14:30,834
2025-03-24,14:45,1006.8
2025-03-24,15:00,868.8
2025-03-24,15:15,1068
2025-03-24,15:30,1027.2
2025-03-24,15:45,1227.6
2025-03-24,16:00,1364.4
2025-03-24,16:15,1316.4
2025-03-24,16:30,1429.2
2025-03-24,16:45,1503.6
2025-03-24,17:00,1518
2025-03-24,17:15,1634.4
2025-03-24,17:30,1562.4
2025-03-24,17:45,1681.2
2025-03-24,18:00,1585.2
2025-03-24,18:15,1573.2
2025-03-24,18:30,1647.6
2025-03-24,18:45,1654.8
2025-03-24,19:00,1598.4
2025-03-24,19:15,1694.4
2025-03-24,19:30,1633.2
2025-03-24,19:45,1647.6
2025-03-24,20:00,1658.4
2025-03-24,20:15,1748.4
2025-03-24,20:30,1683.6
2025-03-24,20:45,1844.4
2025-03-24,21:00,4395.6
2025-03-24,21:15,5528.4
2025-03-24,21:30,5658
2025-03-24,21:45,5587.2
2025-03-24,22:00,5660.4
2025-03-24,22:15,2203.2
2025-03-24,22:30,5511.6
2025-03-24,22:45,5730
2025-03-24,23:00,5560.8
2025-03-24,23:15,3817.2
2025-03-24,23:30,5440.8
2025-03-24,23:45,5584.8
2025-03-25,00:00,5606.4
2025-03-25,00:15,5742
2025-03-25,00:30,4036.8
2025-03-25,00:45,5413.2
2025-03-25,01:00,5716.8
2025-03-25,01:15,5605.2
2025-03-25,01:30,4071.6
2025-03-25,01:45,5271.6
2025-03-25,02:00,5698.8
2025-03-25,02:15,5716.8
2025-03-25,02:30,4767.6
2025-03-25,02:45,3668.4
2025-03-25,03:00,5726.4
2025-03-25,03:15,5704.8
2025-03-25,03:30,5784
2025-03-25,03:45,3871.2
2025-03-25,04:00,5442
2025-03-25,04:15,5724
2025-03-25,04:30,5922
2025-03-25,04:45,4938
2025-03-25,05:00,5258.4
2025-03-25,05:15,5752.8
2025-03-25,05:30,5810.4
2025-03-25,05:45,4846.8
2025-03-25,06:00,3819.6
2025-03-25,06:15,5823.6
2025-03-25,06:30,5836.8
2025-03-25,06:45,5709.6
2025-03-25,07:00,3146.4
2025-03-25,07:15,5653.2
2025-03-25,07:30,5751.6
2025-03-25,07:45,5500.8
2025-03-25,08:00,5532
2025-03-25,08:15,1490.4
2025-03-25,08:30,1296
2025-03-25,08:45,1212
2025-03-25,09:00,1232.4
2025-03-25,09:15,1246.8
2025-03-25,09:30,1099.2
2025-03-25,09:45,1195.2
2025-03-25,10:00,1078.8
2025-03-25,10:15,920.4
2025-03-25,10:30,903.6
2025-03-25,10:45,918
2025-03-25,11:00,670.8
2025-03-25,11:15,706.8
2025-03-25,11:30,738
2025-03-25,11:45,426
2025-03-25,12:00,729.6
2025-03-25,12:15,680.4
2025-03-25,12:30,613.2
2025-03-25,12:45,853.2
2025-03-25,13:00,698.4
2025-03-25,13:15,876
2025-03-25,13:30,861.6
2025-03-25,13:45,660
2025-03-25,14:00,777.6
2025-03-25,14:15,872.4
2025-03-25,14:30,831.6
2025-03-25,14:45,919.2
2025-03-25,15:00,903.6
2025-03-25,15:15,1012.8
2025-03-25,15:30,954
2025-03-25,15:45,1148.4
2025-03-25,16:00,1138.8
2025-03-25,16:15,1468.8
2025-03-25,16:30,1341.6
2025-03-25,16:45,1382.4
2025-03-25,17:00,1359.6
2025-03-25,17:15,1593.6
2025-03-25,17:30,1477.2
2025-03-25,17:45,1536
2025-03-25,18:00,1573.2
2025-03-25,18:15,1528.8
2025-03-25,18:30,1575.6
2025-03-25,18:45,1626
2025-03-25,19:00,1540.8
2025-03-25,19:15,1826.4
2025-03-25,19:30,1632
2025-03-25,19:45,1717.2
2025-03-25,20:00,1630.8
2025-03-25,20:15,1665.6
2025-03-25,20:30,1641.6
2025-03-25,20:45,1747.2
2025-03-25,21:00,5154
2025-03-25,21:15,5664
2025-03-25,21:30,5494.8
2025-03-25,21:45,5628
2025-03-25,22:00,5625.6
2025-03-25,22:15,1929.6
2025-03-25,22:30,5595.6
2025-03-25,22:45,5634
2025-03-25,23:00,5611.2
2025-03-25,23:15,4785.6
2025-03-25,23:30,5160
2025-03-25,23:45,5619.6
2025-03-26,00:00,5623.2
2025-03-26,00:15,5536.8
2025-03-26,00:30,3718.8
2025-03-26,00:45,5686.8
2025-03-26,01:00,5743.2
2025-03-26,01:15,5544
2025-03-26,01:30,2292
2025-03-26,01:45,5680.8
2025-03-26,02:00,5566.8
2025-03-26,02:15,5762.4
2025-03-26,02:30,4754.4
2025-03-26,02:45,5511.6
2025-03-26,03:00,5646
2025-03-26,03:15,5752.8
2025-03-26,03:30,5720.4
2025-03-26,03:45,4056
2025-03-26,04:00,5696.4
2025-03-26,04:15,5762.4
2025-03-26,04:30,5686.8
2025-03-26,04:45,4172.4
2025-03-26,05:00,4304.4
2025-03-26,05:15,5787.6
2025-03-26,05:30,5684.4
2025-03-26,05:45,4852.8
2025-03-26,06:00,4268.4
2025-03-26,06:15,5743.2
2025-03-26,06:30,5691.6
2025-03-26,06:45,4624.8
2025-03-26,07:00,4250.4
2025-03-26,07:15,5533.2
2025-03-26,07:30,5440.8
2025-03-26,07:45,5473.2
2025-03-26,08:00,4543.2
2025-03-26,08:15,2440.8
2025-03-26,08:30,1364.4
2025-03-26,08:45,1336.8
2025-03-26,09:00,1443.6
2025-03-26,09:15,1321.2
2025-03-26,09:30,1281.6
2025-03-26,09:45,1180.8
2025-03-26,10:00,1156.8
2025-03-26,10:15,1114.8
2025-03-26,10:30,1050
2025-03-26,10:45,1111.2
2025-03-26,11:00,780
2025-03-26,11:15,970.8
2025-03-26,11:30,765.6
2025-03-26,11:45,895.2
2025-03-26,12:00,835.2
2025-03-26,12:15,806.4
2025-03-26,12:30,753.6
2025-03-26,12:45,758.4
2025-03-26,13:00,770.4
2025-03-26,13:15,874.8
2025-03-26,13:30,1058.4
2025-03-26,13:45,895.2
2025-03-26,14:00,829.2
2025-03-26,14:15,956.4
2025-03-26,14:30,853.2
2025-03-26,14:45,931.2
2025-03-26,15:00,1222.8
2025-03-26,15:15,1232.4
2025-03-26,15:30,1282.8
2025-03-26,15:45,1353.6
2025-03-26,16:00,1251.6
2025-03-26,16:15,1414.8
2025-03-26,16:30,1299.6
2025-03-26,16:45,1498.8
2025-03-26,17:00,1503.6
2025-03-26,17:15,1686
2025-03-26,17:30,1568.4
2025-03-26,17:45,1472.4
2025-03-26,18:00,1610.4
2025-03-26,18:15,1598.4
2025-03-26,18:30,1412.4
2025-03-26,18:45,1668
2025-03-26,19:00,1495.2
2025-03-26,19:15,1548
2025-03-26,19:30,1461.6
2025-03-26,19:45,1514.4
2025-03-26,20:00,1501.2
2025-03-26,20:15,1621.2
2025-03-26,20:30,1542
2025-03-26,20:45,1670.4
2025-03-26,21:00,1470
2025-03-26,21:15,1749.6
2025-03-26,21:30,1640.4
2025-03-26,21:45,1570.8
2025-03-26,22:00,5564.4
2025-03-26,22:15,4386
2025-03-26,22:30,4542
2025-03-26,22:45,5162.4
2025-03-26,23:00,5528.4
2025-03-26,23:15,3217.2
2025-03-26,23:30,5640
2025-03-26,23:45,5562
2025-03-27,00:00,5619.6
2025-03-27,00:15,4790.4
2025-03-27,00:30,5541.6
2025-03-27,00:45,5547.6
2025-03-27,01:00,4616.4
2025-03-27,01:15,5616
2025-03-27,01:30,2875.2
2025-03-27,01:45,5619.6
2025-03-27,02:00,5654.4
2025-03-27,02:15,5646
2025-03-27,02:30,3661.2
2025-03-27,02:45,4746
2025-03-27,03:00,5774.4
2025-03-27,03:15,4660.8
2025-03-27,03:30,5648.4
2025-03-27,03:45,4670.4
2025-03-27,04:00,4652.4
2025-03-27,04:15,4756.8
2025-03-27,04:30,4656
2025-03-27,04:45,2784
2025-03-27,05:00,4478.4
2025-03-27,05:15,4681.2
2025-03-27,05:30,3956.4
2025-03-27,05:45,4363.2
2025-03-27,06:00,3867.6
2025-03-27,06:15,4725.6
2025-03-27,06:30,4821.6
2025-03-27,06:45,3709.2
2025-03-27,07:00,2767.2
2025-03-27,07:15,2743.2
2025-03-27,07:30,2649.6
2025-03-27,07:45,2872.8
2025-03-27,08:00,1821.6
2025-03-27,08:15,1741.2
2025-03-27,08:30,1335.6
2025-03-27,08:45,1551.6
2025-03-27,09:00,1144.8
2025-03-27,09:15,1238.4
2025-03-27,09:30,1263.6
2025-03-27,09:45,1646.4
2025-03-27,10:00,1452
2025-03-27,10:15,1609.2
2025-03-27,10:30,1662
2025-03-27,10:45,1551.6
2025-03-27,11:00,1651.2
2025-03-27,11:15,1498.8
2025-03-27,11:30,1602
2025-03-27,11:45,1568.4
2025-03-27,12:00,1612.8
2025-03-27,12:15,1556.4
2025-03-27,12:30,1413.6
2025-03-27,12:45,1413.6
2025-03-27,13:00,1425.6
2025-03-27,13:15,1460.4
2025-03-27,13:30,1675.2
2025-03-27,13:45,1610.4
2025-03-27,14:00,1634.4
2025-03-27,14:15,1628.4
2025-03-27,14:30,1502.4
2025-03-27,14:45,1777.2
2025-03-27,15:00,1566
2025-03-27,15:15,1764
2025-03-27,15:30,1532.4
2025-03-27,15:45,1557.6
2025-03-27,16:00,1738.8
2025-03-27,16:15,1615.2
2025-03-27,16:30,1696.8
2025-03-27,16:45,1642.8
2025-03-27,17:00,1768.8
2025-03-27,17:15,1700.4
2025-03-27,17:30,1705.2
2025-03-27,17:45,1540.8
2025-03-27,18:00,1641.6
2025-03-27,18:15,1423.2
2025-03-27,18:30,1658.4
2025-03-27,18:45,1668
2025-03-27,19:00,1636.8
2025-03-27,19:15,1508.4
2025-03-27,19:30,1622.4
2025-03-27,19:45,1752
2025-03-27,20:00,1620
2025-03-27,20:15,1705.2
2025-03-27,20:30,1746
2025-03-27,20:45,1720.8
2025-03-27,21:00,1653.6
2025-03-27,21:15,1724.4
2025-03-27,21:30,1748.4
2025-03-27,21:45,2802
2025-03-27,22:00,5514
2025-03-27,22:15,5506.8
2025-03-27,22:30,5060.4
2025-03-27,22:45,4917.6
2025-03-27,23:00,4658.4
2025-03-27,23:15,2882.4
2025-03-27,23:30,5596.8
2025-03-27,23:45,5545.2
2025-03-28,00:00,5598
2025-03-28,00:15,5714.4
2025-03-28,00:30,5421.6
2025-03-28,00:45,5665.2
2025-03-28,01:00,5611.2
2025-03-28,01:15,4839.6
2025-03-28,01:30,3856.8
2025-03-28,01:45,4684.8
2025-03-28,02:00,5758.8
2025-03-28,02:15,4968
2025-03-28,02:30,3823.2
2025-03-28,02:45,5779.2
2025-03-28,03:00,5979.6
2025-03-28,03:15,5679.6
2025-03-28,03:30,3889.2
2025-03-28,03:45,5666.4
2025-03-28,04:00,5732.4
2025-03-28,04:15,5686.8
2025-03-28,04:30,3922.8
2025-03-28,04:45,5634
2025-03-28,05:00,5698.8
2025-03-28,05:15,5716.8
2025-03-28,05:30,5049.6
2025-03-28,05:45,3891.6
2025-03-28,06:00,5740.8
2025-03-28,06:15,4737.6
2025-03-28,06:30,5858.4
2025-03-28,06:45,3973.2
2025-03-28,07:00,5557.2
2025-03-28,07:15,4830
2025-03-28,07:30,4856.4
2025-03-28,07:45,4826.4
2025-03-28,08:00,3039.6
2025-03-28,08:15,1975.2
2025-03-28,08:30,1737.6
2025-03-28,08:45,1990.8
2025-03-28,09:00,1832.4
2025-03-28,09:15,1612.8
2025-03-28,09:30,1848
2025-03-28,09:45,1812
2025-03-28,10:00,1719.6
2025-03-28,10:15,1686
2025-03-28,10:30,1654.8
2025-03-28,10:45,1858.8
2025-03-28,11:00,1714.8
2025-03-28,11:15,1825.2
2025-03-28,11:30,1802.4
2025-03-28,11:45,1737.6
2025-03-28,12:00,1412.4
2025-03-28,12:15,1539.6
2025-03-28,12:30,1554
2025-03-28,12:45,1455.6
2025-03-28,13:00,1543.2
2025-03-28,13:15,1632
2025-03-28,13:30,1650
2025-03-28,13:45,1545.6
2025-03-28,14:00,1652.4
2025-03-28,14:15,1684.8
2025-03-28,14:30,1539.6
2025-03-28,14:45,1681.2
2025-03-28,15:00,1671.6
2025-03-28,15:15,1746
2025-03-28,15:30,1690.8
2025-03-28,15:45,1750.8
2025-03-28,16:00,1764
2025-03-28,16:15,1755.6
2025-03-28,16:30,1666.8
2025-03-28,16:45,1617.6
2025-03-28,17:00,1854
2025-03-28,17:15,1678.8
2025-03-28,17:30,1731.6
2025-03-28,17:45,1635.6
2025-03-28,18:00,1693.2
2025-03-28,18:15,1567.2
2025-03-28,18:30,1591.2
2025-03-28,18:45,1798.8
2025-03-28,19:00,1689.6
2025-03-28,19:15,1737.6
2025-03-28,19:30,1668
2025-03-28,19:45,1768.8
2025-03-28,20:00,1707.6
2025-03-28,20:15,1756.8
2025-03-28,20:30,1797.6
2025-03-28,20:45,1519.2
2025-03-28,21:00,1618.8
2025-03-28,21:15,1477.2
2025-03-28,21:30,1504.8
2025-03-28,21:45,1561.2
2025-03-28,22:00,4497.6
2025-03-28,22:15,5168.4
2025-03-28,22:30,5446.8
2025-03-28,22:45,5414.4
2025-03-28,23:00,5594.4
2025-03-28,23:15,2905.2
2025-03-28,23:30,5503.2
2025-03-28,23:45,5475.6
2025-03-29,00:00,5451.6
2025-03-29,00:15,4382.4
2025-03-29,00:30,4659.6
2025-03-29,00:45,5506.8
2025-03-29,01:00,5518.8
2025-03-29,01:15,4833.6
2025-03-29,01:30,3507.6
2025-03-29,01:45,5294.4
2025-03-29,02:00,5516.4
2025-03-29,02:15,5448
2025-03-29,02:30,4549.2
2025-03-29,02:45,4894.8
2025-03-29,03:00,5498.4
2025-03-29,03:15,4605.6
2025-03-29,03:30,4527.6
2025-03-29,03:45,3780
2025-03-29,04:00,5391.6
2025-03-29,04:15,5474.4
2025-03-29,04:30,3734.4
2025-03-29,04:45,4323.6
2025-03-29,05:00,5366.4
2025-03-29,05:15,5511.6
2025-03-29,05:30,3414
2025-03-29,05:45,4740
2025-03-29,06:00,5641.2
2025-03-29,06:15,5590.8
2025-03-29,06:30,4626
2025-03-29,06:45,4380
2025-03-29,07:00,5414.4
2025-03-29,07:15,5672.4
2025-03-29,07:30,5433.6
2025-03-29,07:45,2647.2
2025-03-29,08:00,1641.6
2025-03-29,08:15,1602
2025-03-29,08:30,1375.2
2025-03-29,08:45,2031.6
2025-03-29,09:00,1938
2025-03-29,09:15,2106
2025-03-29,09:30,1884
2025-03-29,09:45,1945.2
2025-03-29,10:00,1922.4
2025-03-29,10:15,1918.8
2025-03-29,10:30,1789.2
2025-03-29,10:45,1946.4
2025-03-29,11:00,1815.6
2025-03-29,11:15,1680
2025-03-29,11:30,1448.4
2025-03-29,11:45,1506
2025-03-29,12:00,1477.2
2025-03-29,12:15,1423.2
2025-03-29,12:30,1519.2
2025-03-29,12:45,1557.6
2025-03-29,13:00,1682.4
2025-03-29,13:15,1582.8
2025-03-29,13:30,1593.6
2025-03-29,13:45,1465.2
2025-03-29,14:00,1466.4
2025-03-29,14:15,1455.6
2025-03-29,14:30,1322.4
2025-03-29,14:45,1462.8
2025-03-29,15:00,1303.2
2025-03-29,15:15,1386
2025-03-29,15:30,1430.4
2025-03-29,15:45,1448.4
2025-03-29,16:00,1184.4
2025-03-29,16:15,1285.2
2025-03-29,16:30,1221.6
2025-03-29,16:45,1309.2
2025-03-29,17:00,1452
2025-03-29,17:15,1399.2
2025-03-29,17:30,1455.6
2025-03-29,17:45,1539.6
2025-03-29,18:00,1371.6
2025-03-29,18:15,1322.4
2025-03-29,18:30,1321.2
2025-03-29,18:45,1410
2025-03-29,19:00,1291.2
2025-03-29,19:15,1344
2025-03-29,19:30,1437.6
2025-03-29,19:45,1574.4
2025-03-29,20:00,1602
2025-03-29,20:15,1575.6
2025-03-29,20:30,1492.8
2025-03-29,20:45,1597.2
2025-03-29,21:00,1534.8
2025-03-29,21:15,1554
2025-03-29,21:30,3156
2025-03-29,21:45,3417.6
2025-03-29,22:00,5481.6
2025-03-29,22:15,5352
2025-03-29,22:30,4650
2025-03-29,22:45,3685.2
2025-03-29,23:00,5170.8
2025-03-29,23:15,2544
2025-03-29,23:30,5451.6
2025-03-29,23:45,5374.8
2025-03-30,00:00,4789.2
2025-03-30,00:15,4472.4
2025-03-30,00:30,4544.4
2025-03-30,00:45,5504.4
2025-03-30,01:00,4623.6
2025-03-30,01:15,5514
2025-03-30,01:30,3631.2
2025-03-30,01:45,5538
2025-03-30,02:00,5536.8
2025-03-30,02:15,4888.8
2025-03-30,02:30,3504
2025-03-30,02:45,5660.4
2025-03-30,03:00,5478
2025-03-30,03:15,5583.6
2025-03-30,03:30,2890.8
2025-03-30,03:45,4404
2025-03-30,04:00,5404.8
2025-03-30,04:15,5590.8
2025-03-30,04:30,4506
2025-03-30,04:45,4668
2025-03-30,05:00,5535.6
2025-03-30,05:15,5629.2
2025-03-30,05:30,4635.6
2025-03-30,05:45,4450.8
2025-03-30,06:00,5642.4
2025-03-30,06:15,5444.4
2025-03-30,06:30,5509.2
2025-03-30,06:45,3624
2025-03-30,07:00,3638.4
2025-03-30,07:15,4386
2025-03-30,07:30,4342.8
2025-03-30,07:45,3499.2
2025-03-30,08:00,1738.8
2025-03-30,08:15,1419.6
2025-03-30,08:30,1353.6
2025-03-30,08:45,1249.2
2025-03-30,09:00,1246.8
2025-03-30,09:15,1244.4
2025-03-30,09:30,1112.4
2025-03-30,09:45,1272
2025-03-30,10:00,1092
2025-03-30,10:15,1063.2
2025-03-30,10:30,1177.2
2025-03-30,10:45,884.4
2025-03-30,11:00,931.2
2025-03-30,11:15,704.4
2025-03-30,11:30,764.4
2025-03-30,11:45,709.2
2025-03-30,12:00,874.8
2025-03-30,12:15,680.4
2025-03-30,12:30,662.4
2025-03-30,12:45,333.6
2025-03-30,13:00,403.2
2025-03-30,13:15,475.2
2025-03-30,13:30,1048.8
2025-03-30,13:45,622.8
2025-03-30,14:00,604.8
2025-03-30,14:15,636
2025-03-30,14:30,1035.6
2025-03-30,14:45,1155.6
2025-03-30,15:00,972
2025-03-30,15:15,900
2025-03-30,15:30,807.6
2025-03-30,15:45,1022.4
2025-03-30,16:00,1100.4
2025-03-30,16:15,1302
2025-03-30,16:30,1242
2025-03-30,16:45,1336.8
2025-03-30,17:00,1304.4
2025-03-30,17:15,1440
2025-03-30,17:30,1440
2025-03-30,17:45,1396.8
2025-03-30,18:00,1486.8
2025-03-30,18:15,1418.4
2025-03-30,18:30,1459.2
2025-03-30,18:45,1310.4
2025-03-30,19:00,1438.8
2025-03-30,19:15,1383.6
2025-03-30,19:30,1378.8
2025-03-30,19:45,1350
2025-03-30,20:00,1414.8
2025-03-30,20:15,1419.6
2025-03-30,20:30,1429.2
2025-03-30,20:45,1419.6
2025-03-30,21:00,1371.6
2025-03-30,21:15,1522.8
2025-03-30,21:30,1311.6
2025-03-30,21:45,1540.8
2025-03-30,22:00,4488
2025-03-30,22:15,5426.4
2025-03-30,22:30,5359.2
2025-03-30,22:45,5451.6
2025-03-30,23:00,5425.2
2025-03-30,23:15,3195.6
2025-03-30,23:30,5278.8
2025-03-30,23:45,5403.6
2025-03-31,00:00,5445.6
2025-03-31,00:15,2732.4
2025-03-31,00:30,5118
2025-03-31,00:45,5383.2
2025-03-31,01:00,5400
2025-03-31,01:15,4566
2025-03-31,01:30,4262.4
2025-03-31,01:45,5439.6
2025-03-31,02:00,5310
2025-03-31,02:15,4424.4
2025-03-31,02:30,3562.8
2025-03-31,02:45,5191.2
2025-03-31,03:00,5473.2
2025-03-31,03:15,5412
2025-03-31,03:30,4546.8
2025-03-31,03:45,4964.4
2025-03-31,04:00,5353.2
2025-03-31,04:15,5421.6
2025-03-31,04:30,5402.4
2025-03-31,04:45,4226.4
2025-03-31,05:00,5283.6
2025-03-31,05:15,5382
2025-03-31,05:30,4642.8
2025-03-31,05:45,4570.8
2025-03-31,06:00,4785.6
2025-03-31,06:15,5352
2025-03-31,06:30,3909.6
2025-03-31,06:45,5427.6
2025-03-31,07:00,4629.6
2025-03-31,07:15,5223.6
2025-03-31,07:30,5409.6
2025-03-31,07:45,3589.2
2025-03-31,08:00,2440.8
2025-03-31,08:15,1357.2
2025-03-31,08:30,1192.8
2025-03-31,08:45,1065.6
2025-03-31,09:00,1142.4
2025-03-31,09:15,1087.2
2025-03-31,09:30,1048.8
2025-03-31,09:45,1000.8
2025-03-31,10:00,894
2025-03-31,10:15,850.8
2025-03-31,10:30,628.8
2025-03-31,10:45,903.6
2025-03-31,11:00,886.8
2025-03-31,11:15,477.6
2025-03-31,11:30,558
2025-03-31,11:45,358.8
2025-03-31,12:00,363.6
2025-03-31,12:15,422.4
2025-03-31,12:30,948
2025-03-31,12:45,770.4
2025-03-31,13:00,1154.4
2025-03-31,13:15,990
2025-03-31,13:30,896.4
2025-03-31,13:45,1090.8
2025-03-31,14:00,1054.8
2025-03-31,14:15,1101.6
2025-03-31,14:30,1117.2
2025-03-31,14:45,1058.4
2025-03-31,15:00,1176
2025-03-31,15:15,1369.2
2025-03-31,15:30,1231.2
2025-03-31,15:45,1243.2
2025-03-31,16:00,1364.4
2025-03-31,16:15,1512
2025-03-31,16:30,1516.8
2025-03-31,16:45,1676.4
2025-03-31,17:00,1707.6
2025-03-31,17:15,1659.6
2025-03-31,17:30,1743.6
2025-03-31,17:45,1564.8
2025-03-31,18:00,1713.6
2025-03-31,18:15,1587.6
2025-03-31,18:30,1638
2025-03-31,18:45,1800
2025-03-31,19:00,1544.4
2025-03-31,19:15,1660.8
2025-03-31,19:30,1640.4
2025-03-31,19:45,1731.6
2025-03-31,20:00,1664.4
2025-03-31,20:15,1690.8
2025-03-31,20:30,1654.8
2025-03-31,20:45,1683.6
2025-03-31,21:00,1609.2
2025-03-31,21:15,1636.8
2025-03-31,21:30,1800
2025-03-31,21:45,1693.2
2025-03-31,22:00,5794.8
2025-03-31,22:15,5544
2025-03-31,22:30,5708.4
2025-03-31,22:45,5662.8
2025-03-31,23:00,5648.4
2025-03-31,23:15,4477.2
2025-03-31,23:30,5631.6
2025-03-31,23:45,5604
2025-04-01,00:00,5500.8
2025-04-01,00:15,2409.6
2025-04-01,00:30,5546.4
2025-04-01,00:45,5830.8
2025-04-01,01:00,5718
2025-04-01,01:15,3794.4
2025-04-01,01:30,5523.6
2025-04-01,01:45,5644.8
2025-04-01,02:00,5611.2
2025-04-01,02:15,4755.6
2025-04-01,02:30,3721.2
2025-04-01,02:45,5670
2025-04-01,03:00,5911.2
2025-04-01,03:15,5649.6
2025-04-01,03:30,3969.6
2025-04-01,03:45,4851.6
2025-04-01,04:00,5785.2
2025-04-01,04:15,5823.6
2025-04-01,04:30,4512
2025-04-01,04:45,3978
2025-04-01,05:00,5725.2
2025-04-01,05:15,5853.6
2025-04-01,05:30,3808.8
2025-04-01,05:45,4598.4
2025-04-01,06:00,5748
2025-04-01,06:15,5823.6
2025-04-01,06:30,4772.4
2025-04-01,06:45,4776
2025-04-01,07:00,5665.2
2025-04-01,07:15,5655.6
2025-04-01,07:30,4585.2
2025-04-01,07:45,3608.4
2025-04-01,08:00,1488
2025-04-01,08:15,1627.2
2025-04-01,08:30,1261.2
2025-04-01,08:45,1464
2025-04-01,09:00,1239.6
2025-04-01,09:15,1398
2025-04-01,09:30,1110
2025-04-01,09:45,1088.4
2025-04-01,10:00,1149.6
2025-04-01,10:15,1131.6
2025-04-01,10:30,1020
2025-04-01,10:45,931.2
2025-04-01,11:00,870
2025-04-01,11:15,960
2025-04-01,11:30,806.4
2025-04-01,11:45,771.6
2025-04-01,12:00,733.2
2025-04-01,12:15,907.2
2025-04-01,12:30,680.4
2025-04-01,12:45,594
2025-04-01,13:00,703.2
2025-04-01,13:15,1009.2
2025-04-01,13:30,787.2
2025-04-01,13:45,777.6
2025-04-01,14:00,982.8
2025-04-01,14:15,1054.8
2025-04-01,14:30,867.6
2025-04-01,14:45,928.8
2025-04-01,15:00,1051.2
2025-04-01,15:15,1056
2025-04-01,15:30,1112.4
2025-04-01,15:45,1209.6
2025-04-01,16:00,1356
2025-04-01,16:15,1353.6
2025-04-01,16:30,1368
2025-04-01,16:45,1448.4
2025-04-01,17:00,1557.6
2025-04-01,17:15,1509.6
2025-04-01,17:30,1668
2025-04-01,17:45,1617.6
2025-04-01,18:00,1586.4
2025-04-01,18:15,1621.2
2025-04-01,18:30,1536
2025-04-01,18:45,1671.6
2025-04-01,19:00,1663.2
2025-04-01,19:15,1579.2
2025-04-01,19:30,1726.8
2025-04-01,19:45,1726.8
2025-04-01,20:00,1642.8
2025-04-01,20:15,1554
2025-04-01,20:30,1759.2
2025-04-01,20:45,1617.6
2025-04-01,21:00,1706.4
2025-04-01,21:15,1676.4
2025-04-01,21:30,1539.6
2025-04-01,21:45,1735.2
2025-04-01,22:00,5515.2
2025-04-01,22:15,5680.8
2025-04-01,22:30,5541.6
2025-04-01,22:45,5558.4
2025-04-01,23:00,5520
2025-04-01,23:15,4015.2
2025-04-01,23:30,5470.8
2025-04-01,23:45,5535.6
2025-04-02,00:00,5588.4
2025-04-02,00:15,3638.4
2025-04-02,00:30,5366.4
2025-04-02,00:45,5630.4
2025-04-02,01:00,5505.6
2025-04-02,01:15,5653.2
2025-04-02,01:30,2162.4
2025-04-02,01:45,5539.2
2025-04-02,02:00,5594.4
2025-04-02,02:15,5632.8
2025-04-02,02:30,2926.8
2025-04-02,02:45,4572
2025-04-02,03:00,5635.2
2025-04-02,03:15,5714.4
2025-04-02,03:30,4070.4
2025-04-02,03:45,4606.8
2025-04-02,04:00,5654.4
2025-04-02,04:15,5752.8
2025-04-02,04:30,5847.6
2025-04-02,04:45,5749.2
2025-04-02,05:00,4773.6
2025-04-02,05:15,5622
2025-04-02,05:30,5683.2
2025-04-02,05:45,3286.8
2025-04-02,06:00,4906.8
2025-04-02,06:15,5653.2
2025-04-02,06:30,5635.2
2025-04-02,06:45,3432
2025-04-02,07:00,4549.2
2025-04-02,07:15,5628
2025-04-02,07:30,5442
2025-04-02,07:45,4675.2
2025-04-02,08:00,2649.6
2025-04-02,08:15,1455.6
2025-04-02,08:30,1305.6
2025-04-02,08:45,1294.8
2025-04-02,09:00,1378.8
2025-04-02,09:15,1185.6
2025-04-02,09:30,1294.8
2025-04-02,09:45,1046.4
2025-04-02,10:00,1076.4
2025-04-02,10:15,1070.4
2025-04-02,10:30,895.2
2025-04-02,10:45,1092
2025-04-02,11:00,937.2
2025-04-02,11:15,1058.4
2025-04-02,11:30,823.2
2025-04-02,11:45,920.4
2025-04-02,12:00,742.8
2025-04-02,12:15,952.8
2025-04-02,12:30,704.4
2025-04-02,12:45,751.2
2025-04-02,13:00,772.8
2025-04-02,13:15,1023.6
2025-04-02,13:30,783.6
2025-04-02,13:45,859.2
2025-04-02,14:00,873.6
2025-04-02,14:15,1030.8
2025-04-02,14:30,872.4
2025-04-02,14:45,954
2025-04-02,15:00,1056
2025-04-02,15:15,1287.6
2025-04-02,15:30,1120.8
2025-04-02,15:45,1246.8
2025-04-02,16:00,1344
2025-04-02,16:15,1584
2025-04-02,16:30,1413.6
2025-04-02,16:45,1557.6
2025-04-02,17:00,1676.4
2025-04-02,17:15,1754.4
2025-04-02,17:30,1683.6
2025-04-02,17:45,1746
2025-04-02,18:00,1568.4
2025-04-02,18:15,1717.2
2025-04-02,18:30,1672.8
2025-04-02,18:45,1782
2025-04-02,19:00,1738.8
2025-04-02,19:15,1762.8
2025-04-02,19:30,1800
2025-04-02,19:45,1720.8
2025-04-02,20:00,1915.2
2025-04-02,20:15,1716
2025-04-02,20:30,1794
2025-04-02,20:45,1809.6
2025-04-02,21:00,1888.8
2025-04-02,21:15,2403.6
2025-04-02,21:30,2462.4
2025-04-02,21:45,2641.2
2025-04-02,22:00,5584.8
2025-04-02,22:15,4657.2
2025-04-02,22:30,5607.6
2025-04-02,22:45,4774.8
2025-04-02,23:00,4880.4
2025-04-02,23:15,4669.2
2025-04-02,23:30,5586
2025-04-02,23:45,5644.8
2025-04-03,00:00,5682
2025-04-03,00:15,2853.6
2025-04-03,00:30,5401.2
2025-04-03,00:45,5728.8
2025-04-03,01:00,5618.4
2025-04-03,01:15,5720.4
2025-04-03,01:30,5619.6
2025-04-03,01:45,5778
2025-04-03,02:00,5829.6
2025-04-03,02:15,5400
2025-04-03,02:30,3362.4
2025-04-03,02:45,5671.2
2025-04-03,03:00,5871.6
2025-04-03,03:15,4638
2025-04-03,03:30,3708
2025-04-03,03:45,4728
2025-04-03,04:00,5821.2
2025-04-03,04:15,5688
2025-04-03,04:30,4540.8
2025-04-03,04:45,4938
2025-04-03,05:00,5666.4
2025-04-03,05:15,4856.4
2025-04-03,05:30,5686.8
2025-04-03,05:45,3916.8
2025-04-03,06:00,5710.8
2025-04-03,06:15,3769.2
2025-04-03,06:30,5607.6
2025-04-03,06:45,4729.2
2025-04-03,07:00,5749.2
2025-04-03,07:15,3777.6
2025-04-03,07:30,3567.6
2025-04-03,07:45,3445.2
2025-04-03,08:00,1486.8
2025-04-03,08:15,1422
2025-04-03,08:30,1392
2025-04-03,08:45,1358.4
2025-04-03,09:00,1293.6
2025-04-03,09:15,1264.8
2025-04-03,09:30,1233.6
2025-04-03,09:45,1172.4
2025-04-03,10:00,966
2025-04-03,10:15,1134
2025-04-03,10:30,949.2
2025-04-03,10:45,855.6
2025-04-03,11:00,874.8
2025-04-03,11:15,936
2025-04-03,11:30,726
2025-04-03,11:45,832.8
2025-04-03,12:00,746.4
2025-04-03,12:15,1117.2
2025-04-03,12:30,729.6
2025-04-03,12:45,849.6
2025-04-03,13:00,780
2025-04-03,13:15,1142.4
2025-04-03,13:30,806.4
2025-04-03,13:45,997.2
2025-04-03,14:00,967.2
2025-04-03,14:15,1156.8
2025-04-03,14:30,912
2025-04-03,14:45,1117.2
2025-04-03,15:00,1059.6
2025-04-03,15:15,1273.2
2025-04-03,15:30,1171.2
2025-04-03,15:45,1384.8
2025-04-03,16:00,1240.8
2025-04-03,16:15,1522.8
2025-04-03,16:30,1336.8
2025-04-03,16:45,1461.6
2025-04-03,17:00,1543.2
2025-04-03,17:15,1612.8
2025-04-03,17:30,1567.2
2025-04-03,17:45,1533.6
2025-04-03,18:00,1666.8
2025-04-03,18:15,1549.2
2025-04-03,18:30,1602
2025-04-03,18:45,1678.8
2025-04-03,19:00,1568.4
2025-04-03,19:15,1742.4
2025-04-03,19:30,1761.6
2025-04-03,19:45,1692
2025-04-03,20:00,1538.4
2025-04-03,20:15,1732.8
2025-04-03,20:30,1614
2025-04-03,20:45,1698
2025-04-03,21:00,1699.2
2025-04-03,21:15,1533.6
2025-04-03,21:30,1652.4
2025-04-03,21:45,1558.8
2025-04-03,22:00,5419.2
2025-04-03,22:15,5647.2
2025-04-03,22:30,5450.4
2025-04-03,22:45,5488.8
2025-04-03,23:00,5642.4
2025-04-03,23:15,2816.4
2025-04-03,23:30,5370
2025-04-03,23:45,5602.8
2025-04-04,00:00,5719.2
2025-04-04,00:15,4674
2025-04-04,00:30,5278.8
2025-04-04,00:45,5581.2
2025-04-04,01:00,5636.4
2025-04-04,01:15,4605.6
2025-04-04,01:30,3632.4
2025-04-04,01:45,5251.2
2025-04-04,02:00,5440.8
2025-04-04,02:15,4333.2
2025-04-04,02:30,3607.2
2025-04-04,02:45,5248.8
2025-04-04,03:00,5418
2025-04-04,03:15,5505.6
2025-04-04,03:30,4602
2025-04-04,03:45,5184
2025-04-04,04:00,5445.6
2025-04-04,04:15,5470.8
2025-04-04,04:30,4502.4
2025-04-04,04:45,4784.4
2025-04-04,05:00,5456.4
2025-04-04,05:15,5434.8
2025-04-04,05:30,4617.6
2025-04-04,05:45,3920.4
2025-04-04,06:00,5611.2
2025-04-04,06:15,5601.6
2025-04-04,06:30,4485.6
2025-04-04,06:45,3568.8
2025-04-04,07:00,3452.4
2025-04-04,07:15,3631.2
2025-04-04,07:30,3303.6
2025-04-04,07:45,1371.6
2025-04-04,08:00,1222.8
2025-04-04,08:15,1460.4
2025-04-04,08:30,1204.8
2025-04-04,08:45,1238.4
2025-04-04,09:00,1168.8
2025-04-04,09:15,1197.6
2025-04-04,09:30,1216.8
2025-04-04,09:45,908.4
2025-04-04,10:00,1023.6
2025-04-04,10:15,1280.4
2025-04-04,10:30,1150.8
2025-04-04,10:45,1032
2025-04-04,11:00,1148.4
2025-04-04,11:15,1171.2
2025-04-04,11:30,1044
2025-04-04,11:45,1172.4
2025-04-04,12:00,1317.6
2025-04-04,12:15,1231.2
2025-04-04,12:30,1324.8
2025-04-04,12:45,1172.4
2025-04-04,13:00,1226.4
2025-04-04,13:15,1291.2
2025-04-04,13:30,1129.2
2025-04-04,13:45,1006.8
2025-04-04,14:00,918
2025-04-04,14:15,909.6
2025-04-04,14:30,723.6
2025-04-04,14:45,966
2025-04-04,15:00,1198.8
2025-04-04,15:15,1083.6
2025-04-04,15:30,913.2
2025-04-04,15:45,1278
2025-04-04,16:00,1228.8
2025-04-04,16:15,1197.6
2025-04-04,16:30,1339.2
2025-04-04,16:45,1392
2025-04-04,17:00,1350
2025-04-04,17:15,1478.4
2025-04-04,17:30,1290
2025-04-04,17:45,1252.8
2025-04-04,18:00,1324.8
2025-04-04,18:15,1291.2
2025-04-04,18:30,1378.8
2025-04-04,18:45,1293.6
2025-04-04,19:00,1593.6
2025-04-04,19:15,1347.6
2025-04-04,19:30,1408.8
2025-04-04,19:45,1328.4
2025-04-04,20:00,1406.4
2025-04-04,20:15,1442.4
2025-04-04,20:30,1402.8
2025-04-04,20:45,1490.4
2025-04-04,21:00,1341.6
2025-04-04,21:15,1455.6
2025-04-04,21:30,1273.2
2025-04-04,21:45,1398
2025-04-04,22:00,1395.6
2025-04-04,22:15,1417.2
2025-04-04,22:30,1458
2025-04-04,22:45,1443.6
2025-04-04,23:00,1286.4
2025-04-04,23:15,1549.2
2025-04-04,23:30,1378.8
2025-04-04,23:45,1314
2025-04-05,00:00,1404
2025-04-05,00:15,1503.6
2025-04-05,00:30,1495.2
2025-04-05,00:45,1284
2025-04-05,01:00,1522.8
2025-04-05,01:15,1502.4
2025-04-05,01:30,1432.8
2025-04-05,01:45,1480.8
2025-04-05,02:00,1398
2025-04-05,02:15,1551.6
2025-04-05,02:30,1344
2025-04-05,02:45,1366.8
2025-04-05,03:00,1458
2025-04-05,03:15,1566
2025-04-05,03:30,1369.2
2025-04-05,03:45,1446
2025-04-05,04:00,1526.4
2025-04-05,04:15,1441.2
2025-04-05,04:30,1597.2
2025-04-05,04:45,1452
2025-04-05,05:00,1348.8
2025-04-05,05:15,1437.6
2025-04-05,05:30,1531.2
2025-04-05,05:45,1459.2
2025-04-05,06:00,1573.2
2025-04-05,06:15,1497.6
2025-04-05,06:30,1356
2025-04-05,06:45,1386
2025-04-05,07:00,1381.2
2025-04-05,07:15,1279.2
2025-04-05,07:30,1285.2
2025-04-05,07:45,1308
2025-04-05,08:00,1213.2
2025-04-05,08:15,1122
2025-04-05,08:30,1054.8
2025-04-05,08:45,1033.2
2025-04-05,09:00,850.8
2025-04-05,09:15,1040.4
2025-04-05,09:30,697.2
2025-04-05,09:45,849.6
2025-04-05,10:00,784.8
2025-04-05,10:15,864
2025-04-05,10:30,630
2025-04-05,10:45,580.8
2025-04-05,11:00,644.4
2025-04-05,11:15,612
2025-04-05,11:30,538.8
2025-04-05,11:45,504
2025-04-05,12:00,511.2
2025-04-05,12:15,511.2
2025-04-05,12:30,549.6
2025-04-05,12:45,544.8
2025-04-05,13:00,789.6
2025-04-05,13:15,642
2025-04-05,13:30,405.6
2025-04-05,13:45,604.8
2025-04-05,14:00,577.2
2025-04-05,14:15,664.8
2025-04-05,14:30,693.6
2025-04-05,14:45,668.4
2025-04-05,15:00,687.6
2025-04-05,15:15,946.8
2025-04-05,15:30,897.6
2025-04-05,15:45,808.8
2025-04-05,16:00,1068
2025-04-05,16:15,1294.8
2025-04-05,16:30,1261.2
2025-04-05,16:45,1132.8
2025-04-05,17:00,1246.8
2025-04-05,17:15,1472.4
2025-04-05,17:30,1417.2
2025-04-05,17:45,1318.8
2025-04-05,18:00,1467.6
2025-04-05,18:15,1368
2025-04-05,18:30,1320
2025-04-05,18:45,1357.2
2025-04-05,19:00,1370.4
2025-04-05,19:15,1488
2025-04-05,19:30,1302
2025-04-05,19:45,1460.4
2025-04-05,20:00,1329.6
2025-04-05,20:15,1340.4
2025-04-05,20:30,1298.4
2025-04-05,20:45,1344
2025-04-05,21:00,1377.6
2025-04-05,21:15,1280.4
2025-04-05,21:30,1431.6
2025-04-05,21:45,1266
2025-04-05,22:00,5268
2025-04-05,22:15,5472
2025-04-05,22:30,5348.4
2025-04-05,22:45,5374.8
2025-04-05,23:00,5310
2025-04-05,23:15,3038.4
2025-04-05,23:30,5020.8
2025-04-05,23:45,5340
2025-04-06,00:00,5472
2025-04-06,00:15,3546
2025-04-06,00:30,5044.8
2025-04-06,00:45,5454
2025-04-06,01:00,5334
2025-04-06,01:15,3811.2
2025-04-06,01:30,3414
2025-04-06,01:45,5232
2025-04-06,02:00,5400
2025-04-06,02:15,5414.4
2025-04-06,02:30,5053.2
2025-04-06,02:45,4406.4
2025-04-06,03:00,5338.8
2025-04-06,03:15,5407.2
2025-04-06,03:30,4810.8
2025-04-06,03:45,3440.4
2025-04-06,04:00,5407.2
2025-04-06,04:15,5522.4
2025-04-06,04:30,5444.4
2025-04-06,04:45,4234.8
2025-04-06,05:00,5266.8
2025-04-06,05:15,5554.8
2025-04-06,05:30,5516.4
2025-04-06,05:45,4624.8
2025-04-06,06:00,4059.6
2025-04-06,06:15,5481.6
2025-04-06,06:30,4432.8
2025-04-06,06:45,4578
2025-04-06,07:00,3604.8
2025-04-06,07:15,5508
2025-04-06,07:30,5316
2025-04-06,07:45,4280.4
2025-04-06,08:00,2600.4
2025-04-06,08:15,1286.4
2025-04-06,08:30,1221.6
2025-04-06,08:45,1129.2
2025-04-06,09:00,1088.4
2025-04-06,09:15,996
2025-04-06,09:30,993.6
2025-04-06,09:45,948
2025-04-06,10:00,730.8
2025-04-06,10:15,760.8
2025-04-06,10:30,494.4
2025-04-06,10:45,621.6
2025-04-06,11:00,552
2025-04-06,11:15,565.2
2025-04-06,11:30,474
2025-04-06,11:45,620.4
2025-04-06,12:00,577.2
2025-04-06,12:15,547.2
2025-04-06,12:30,474
2025-04-06,12:45,654
2025-04-06,13:00,446.4
2025-04-06,13:15,645.6
2025-04-06,13:30,390
2025-04-06,13:45,471.6
2025-04-06,14:00,769.2
2025-04-06,14:15,590.4
2025-04-06,14:30,682.8
2025-04-06,14:45,657.6
2025-04-06,15:00,790.8
2025-04-06,15:15,728.4
2025-04-06,15:30,908.4
2025-04-06,15:45,808.8
2025-04-06,16:00,992.4
2025-04-06,16:15,961.2
2025-04-06,16:30,1203.6
2025-04-06,16:45,1075.2
2025-04-06,17:00,1305.6
2025-04-06,17:15,1257.6
2025-04-06,17:30,1291.2
2025-04-06,17:45,1347.6
2025-04-06,18:00,1383.6
2025-04-06,18:15,1321.2
2025-04-06,18:30,1332
2025-04-06,18:45,1440
2025-04-06,19:00,1197.6
2025-04-06,19:15,1407.6
2025-04-06,19:30,1347.6
2025-04-06,19:45,1422
2025-04-06,20:00,1322.4
2025-04-06,20:15,1396.8
2025-04-06,20:30,1428
2025-04-06,20:45,1386
2025-04-06,21:00,1412.4
2025-04-06,21:15,1345.2
2025-04-06,21:30,1345.2
2025-04-06,21:45,1252.8
2025-04-06,22:00,5334
2025-04-06,22:15,4884
2025-04-06,22:30,5348.4
2025-04-06,22:45,5358
2025-04-06,23:00,5440.8
2025-04-06,23:15,2710.8
2025-04-06,23:30,5238
2025-04-06,23:45,5324.4
2025-04-07,00:00,5440.8
2025-04-07,00:15,3518.4
2025-04-07,00:30,4914
2025-04-07,00:45,5230.8
2025-04-07,01:00,5404.8
2025-04-07,01:15,4414.8
2025-04-07,01:30,3492
2025-04-07,01:45,5068.8
2025-04-07,02:00,5538
2025-04-07,02:15,5414.4
2025-04-07,02:30,4593.6
2025-04-07,02:45,3733.2
2025-04-07,03:00,5378.4
2025-04-07,03:15,5386.8
2025-04-07,03:30,4418.4
2025-04-07,03:45,4411.2
2025-04-07,04:00,4509.6
2025-04-07,04:15,5422.8
2025-04-07,04:30,4488
2025-04-07,04:45,4670.4
2025-04-07,05:00,4582.8
2025-04-07,05:15,3537.6
2025-04-07,05:30,3622.8
2025-04-07,05:45,3422.4
2025-04-07,06:00,3466.8
2025-04-07,06:15,3505.2
2025-04-07,06:30,3493.2
2025-04-07,06:45,2440.8
2025-04-07,07:00,3362.4
2025-04-07,07:15,3357.6
2025-04-07,07:30,3414
2025-04-07,07:45,3261.6
2025-04-07,08:00,1315.2
2025-04-07,08:15,1172.4
2025-04-07,08:30,1036.8
2025-04-07,08:45,1054.8
2025-04-07,09:00,1322.4
2025-04-07,09:15,1015.2
2025-04-07,09:30,861.6
2025-04-07,09:45,1034.4
2025-04-07,10:00,978
2025-04-07,10:15,948
2025-04-07,10:30,763.2
2025-04-07,10:45,736.8
2025-04-07,11:00,844.8
2025-04-07,11:15,598.8
2025-04-07,11:30,769.2
2025-04-07,11:45,937.2
2025-04-07,12:00,616.8
2025-04-07,12:15,939.6
2025-04-07,12:30,891.6
2025-04-07,12:45,835.2
2025-04-07,13:00,954
2025-04-07,13:15,1045.2
2025-04-07,13:30,1077.6
2025-04-07,13:45,1040.4
2025-04-07,14:00,1304.4
2025-04-07,14:15,1059.6
2025-04-07,14:30,1074
2025-04-07,14:45,1186.8
2025-04-07,15:00,1093.2
2025-04-07,15:15,1221.6
2025-04-07,15:30,1212
2025-04-07,15:45,1285.2
2025-04-07,16:00,1216.8
2025-04-07,16:15,1488
2025-04-07,16:30,1286.4
2025-04-07,16:45,1315.2
2025-04-07,17:00,1318.8
2025-04-07,17:15,1465.2
2025-04-07,17:30,1382.4
2025-04-07,17:45,1440
2025-04-07,18:00,1315.2
2025-04-07,18:15,1250.4
2025-04-07,18:30,1314
2025-04-07,18:45,1524
2025-04-07,19:00,1285.2
2025-04-07,19:15,1434
2025-04-07,19:30,1346.4
2025-04-07,19:45,1526.4
2025-04-07,20:00,1482
2025-04-07,20:15,1359.6
2025-04-07,20:30,1302
2025-04-07,20:45,1359.6
2025-04-07,21:00,1359.6
2025-04-07,21:15,4784.4
2025-04-07,21:30,5202
2025-04-07,21:45,5181.6
2025-04-07,22:00,5436
2025-04-07,22:15,5481.6
2025-04-07,22:30,2472
2025-04-07,22:45,5080.8
2025-04-07,23:00,5331.6
2025-04-07,23:15,5586
2025-04-07,23:30,3480
2025-04-07,23:45,4976.4
2025-04-08,00:00,5319.6
2025-04-08,00:15,5438.4
2025-04-08,00:30,4480.8
2025-04-08,00:45,2463.6
2025-04-08,01:00,5112
2025-04-08,01:15,5454
2025-04-08,01:30,5295.6
2025-04-08,01:45,4570.8
2025-04-08,02:00,3471.6
2025-04-08,02:15,5565.6
2025-04-08,02:30,5245.2
2025-04-08,02:45,5244
2025-04-08,03:00,4393.2
2025-04-08,03:15,4524
2025-04-08,03:30,5296.8
2025-04-08,03:45,5402.4
2025-04-08,04:00,3584.4
2025-04-08,04:15,4647.6
2025-04-08,04:30,4671.6
2025-04-08,04:45,5434.8
2025-04-08,05:00,5407.2
2025-04-08,05:15,4568.4
2025-04-08,05:30,4813.2
2025-04-08,05:45,5562
2025-04-08,06:00,5479.2
2025-04-08,06:15,2826
2025-04-08,06:30,4546.8
2025-04-08,06:45,5403.6
2025-04-08,07:00,4396.8
2025-04-08,07:15,3921.6
2025-04-08,07:30,4514.4
2025-04-08,07:45,5222.4
2025-04-08,08:00,5203.2
2025-04-08,08:15,4143.6
2025-04-08,08:30,1528.8
2025-04-08,08:45,1088.4
2025-04-08,09:00,1028.4
2025-04-08,09:15,1008
2025-04-08,09:30,970.8
2025-04-08,09:45,949.2
2025-04-08,10:00,876
2025-04-08,10:15,873.6
2025-04-08,10:30,715.2
2025-04-08,10:45,886.8
2025-04-08,11:00,759.6
2025-04-08,11:15,730.8
2025-04-08,11:30,642
2025-04-08,11:45,715.2
2025-04-08,12:00,778.8
2025-04-08,12:15,608.4
2025-04-08,12:30,526.8
2025-04-08,12:45,596.4
2025-04-08,13:00,675.6
2025-04-08,13:15,638.4
2025-04-08,13:30,793.2
2025-04-08,13:45,830.4
2025-04-08,14:00,712.8
2025-04-08,14:15,710.4
2025-04-08,14:30,789.6
2025-04-08,14:45,770.4
2025-04-08,15:00,997.2
2025-04-08,15:15,889.2
2025-04-08,15:30,1177.2
2025-04-08,15:45,1064.4
2025-04-08,16:00,1166.4
2025-04-08,16:15,1156.8
2025-04-08,16:30,1158
2025-04-08,16:45,1186.8
2025-04-08,17:00,1239.6
2025-04-08,17:15,1278
2025-04-08,17:30,1198.8
2025-04-08,17:45,1383.6
2025-04-08,18:00,1422
2025-04-08,18:15,1174.8
2025-04-08,18:30,1274.4
2025-04-08,18:45,1305.6
2025-04-08,19:00,1503.6
2025-04-08,19:15,1291.2
2025-04-08,19:30,1324.8
2025-04-08,19:45,1346.4
2025-04-08,20:00,1459.2
2025-04-08,20:15,1254
2025-04-08,20:30,1418.4
2025-04-08,20:45,1286.4
2025-04-08,21:00,5202
2025-04-08,21:15,4858.8
2025-04-08,21:30,5218.8
2025-04-08,21:45,5232
2025-04-08,22:00,5164.8
2025-04-08,22:15,3351.6
2025-04-08,22:30,5179.2
2025-04-08,22:45,5209.2
2025-04-08,23:00,5169.6
2025-04-08,23:15,3490.8
2025-04-08,23:30,5118
2025-04-08,23:45,5170.8
2025-04-09,00:00,5130
2025-04-09,00:15,5349.6
2025-04-09,00:30,3732
2025-04-09,00:45,5025.6
2025-04-09,01:00,5228.4
2025-04-09,01:15,5301.6
2025-04-09,01:30,2803.2
2025-04-09,01:45,5122.8
2025-04-09,02:00,5262
2025-04-09,02:15,5317.2
2025-04-09,02:30,2606.4
2025-04-09,02:45,3859.2
2025-04-09,03:00,5241.6
2025-04-09,03:15,5307.6
2025-04-09,03:30,4514.4
2025-04-09,03:45,3373.2
2025-04-09,04:00,5094
2025-04-09,04:15,5456.4
2025-04-09,04:30,5322
2025-04-09,04:45,3476.4
2025-04-09,05:00,3573.6
2025-04-09,05:15,5424
2025-04-09,05:30,5346
2025-04-09,05:45,4644
2025-04-09,06:00,4431.6
2025-04-09,06:15,4450.8
2025-04-09,06:30,4339.2
2025-04-09,06:45,3672
2025-04-09,07:00,2515.2
2025-04-09,07:15,4207.2
2025-04-09,07:30,4434
2025-04-09,07:45,3339.6
2025-04-09,08:00,1378.8
2025-04-09,08:15,1140
2025-04-09,08:30,1138.8
2025-04-09,08:45,1027.2
2025-04-09,09:00,988.8
2025-04-09,09:15,1030.8
2025-04-09,09:30,842.4
2025-04-09,09:45,968.4
2025-04-09,10:00,765.6
2025-04-09,10:15,862.8
2025-04-09,10:30,619.2
2025-04-09,10:45,932.4
2025-04-09,11:00,510
2025-04-09,11:15,1074
2025-04-09,11:30,381.6
2025-04-09,11:45,884.4
2025-04-09,12:00,528
2025-04-09,12:15,751.2
2025-04-09,12:30,435.6
2025-04-09,12:45,873.6
2025-04-09,13:00,613.2
2025-04-09,13:15,710.4
2025-04-09,13:30,594
2025-04-09,13:45,624
2025-04-09,14:00,685.2
2025-04-09,14:15,673.2
2025-04-09,14:30,716.4
2025-04-09,14:45,804
2025-04-09,15:00,798
2025-04-09,15:15,823.2
2025-04-09,15:30,870
2025-04-09,15:45,1136.4
2025-04-09,16:00,1039.2
2025-04-09,16:15,1179.6
2025-04-09,16:30,1081.2
2025-04-09,16:45,1210.8
2025-04-09,17:00,1132.8
2025-04-09,17:15,1328.4
2025-04-09,17:30,1323.6
2025-04-09,17:45,1358.4
2025-04-09,18:00,1184.4
2025-04-09,18:15,1344
2025-04-09,18:30,1452
2025-04-09,18:45,1408.8
2025-04-09,19:00,1291.2
2025-04-09,19:15,1297.2
2025-04-09,19:30,1341.6
2025-04-09,19:45,1339.2
2025-04-09,20:00,1347.6
2025-04-09,20:15,1350
2025-04-09,20:30,1398
2025-04-09,20:45,1350
2025-04-09,21:00,4436.4
2025-04-09,21:15,4311.6
2025-04-09,21:30,4320
2025-04-09,21:45,4550.4
2025-04-09,22:00,4377.6
2025-04-09,22:15,3524.4
2025-04-09,22:30,4419.6
2025-04-09,22:45,4372.8
2025-04-09,23:00,3404.4
2025-04-09,23:15,2348.4
2025-04-09,23:30,4108.8
2025-04-09,23:45,4356
2025-04-10,00:00,4261.2
2025-04-10,00:15,4340.4
2025-04-10,00:30,3050.4
2025-04-10,00:45,4278
2025-04-10,01:00,4266
2025-04-10,01:15,4261.2
2025-04-10,01:30,1608
2025-04-10,01:45,4111.2
2025-04-10,02:00,4219.2
2025-04-10,02:15,4189.2
2025-04-10,02:30,4285.2
2025-04-10,02:45,3522
2025-04-10,03:00,4160.4
2025-04-10,03:15,4194
2025-04-10,03:30,4224
2025-04-10,03:45,2503.2
2025-04-10,04:00,3918
2025-04-10,04:15,4172.4
2025-04-10,04:30,4176
2025-04-10,04:45,3265.2
2025-04-10,05:00,3309.6
2025-04-10,05:15,4224
2025-04-10,05:30,4261.2
2025-04-10,05:45,3211.2
2025-04-10,06:00,4311.6
2025-04-10,06:15,4207.2
2025-04-10,06:30,4183.2
2025-04-10,06:45,4210.8
2025-04-10,07:00,2923.2
2025-04-10,07:15,4198.8
2025-04-10,07:30,3073.2
2025-04-10,07:45,3043.2
2025-04-10,08:00,1975.2
2025-04-10,08:15,1240.8
2025-04-10,08:30,990
2025-04-10,08:45,891.6
2025-04-10,09:00,1064.4
2025-04-10,09:15,704.4
2025-04-10,09:30,726
2025-04-10,09:45,459.6
2025-04-10,10:00,848.4
2025-04-10,10:15,495.6
2025-04-10,10:30,752.4
2025-04-10,10:45,752.4
2025-04-10,11:00,783.6
2025-04-10,11:15,1179.6
2025-04-10,11:30,1122
2025-04-10,11:45,1005.6
2025-04-10,12:00,826.8
2025-04-10,12:15,901.2
2025-04-10,12:30,1108.8
2025-04-10,12:45,854.4
2025-04-10,13:00,1123.2
2025-04-10,13:15,1300.8
2025-04-10,13:30,1215.6
2025-04-10,13:45,1183.2
2025-04-10,14:00,1023.6
2025-04-10,14:15,927.6
2025-04-10,14:30,990
2025-04-10,14:45,1089.6
2025-04-10,15:00,752.4
2025-04-10,15:15,1011.6
2025-04-10,15:30,966
2025-04-10,15:45,1076.4
2025-04-10,16:00,1035.6
2025-04-10,16:15,1171.2
2025-04-10,16:30,1164
2025-04-10,16:45,1292.4
2025-04-10,17:00,1284
2025-04-10,17:15,1353.6
2025-04-10,17:30,1252.8
2025-04-10,17:45,1598.4
2025-04-10,18:00,1366.8
2025-04-10,18:15,1335.6
2025-04-10,18:30,1491.6
2025-04-10,18:45,1425.6
2025-04-10,19:00,1544.4
2025-04-10,19:15,1480.8
2025-04-10,19:30,1458
2025-04-10,19:45,1477.2
2025-04-10,20:00,1484.4
2025-04-10,20:15,2871.6
2025-04-10,20:30,3295.2
2025-04-10,20:45,3428.4
2025-04-10,21:00,5228.4
2025-04-10,21:15,3471.6
2025-04-10,21:30,3784.8
2025-04-10,21:45,3694.8
2025-04-10,22:00,4495.2
2025-04-10,22:15,3892.8
2025-04-10,22:30,5148
2025-04-10,22:45,5180.4
2025-04-10,23:00,4344
2025-04-10,23:15,4216.8
2025-04-10,23:30,4995.6
2025-04-10,23:45,5266.8
2025-04-11,00:00,4250.4
2025-04-11,00:15,4755.6
2025-04-11,00:30,3709.2
2025-04-11,00:45,5340
2025-04-11,01:00,5232
2025-04-11,01:15,5412
2025-04-11,01:30,4395.6
2025-04-11,01:45,4190.4
2025-04-11,02:00,5373.6
2025-04-11,02:15,4356
2025-04-11,02:30,5404.8
2025-04-11,02:45,4503.6
2025-04-11,03:00,4633.2
2025-04-11,03:15,5350.8
2025-04-11,03:30,5401.2
2025-04-11,03:45,4545.6
2025-04-11,04:00,3524.4
2025-04-11,04:15,5684.4
2025-04-11,04:30,4617.6
2025-04-11,04:45,5494.8
2025-04-11,05:00,4594.8
2025-04-11,05:15,3806.4
2025-04-11,05:30,5546.4
2025-04-11,05:45,5484
2025-04-11,06:00,5521.2
2025-04-11,06:15,2944.8
2025-04-11,06:30,5534.4
2025-04-11,06:45,4420.8
2025-04-11,07:00,3448.8
2025-04-11,07:15,4558.8
2025-04-11,07:30,5263.2
2025-04-11,07:45,4435.2
2025-04-11,08:00,2528.4
2025-04-11,08:15,2400
2025-04-11,08:30,1135.2
2025-04-11,08:45,1057.2
2025-04-11,09:00,1363.2
2025-04-11,09:15,1096.8
2025-04-11,09:30,984
2025-04-11,09:45,1084.8
2025-04-11,10:00,1162.8
2025-04-11,10:15,910.8
2025-04-11,10:30,933.6
2025-04-11,10:45,792
2025-04-11,11:00,936
2025-04-11,11:15,979.2
2025-04-11,11:30,924
2025-04-11,11:45,874.8
2025-04-11,12:00,993.6
2025-04-11,12:15,896.4
2025-04-11,12:30,990
2025-04-11,12:45,1100.4
2025-04-11,13:00,1018.8
2025-04-11,13:15,1224
2025-04-11,13:30,1120.8
2025-04-11,13:45,996
2025-04-11,14:00,1137.6
2025-04-11,14:15,1299.6
2025-04-11,14:30,1154.4
2025-04-11,14:45,1034.4
2025-04-11,15:00,1081.2
2025-04-11,15:15,1183.2
2025-04-11,15:30,948
2025-04-11,15:45,1154.4
2025-04-11,16:00,1102.8
2025-04-11,16:15,1191.6
2025-04-11,16:30,1162.8
2025-04-11,16:45,1044
2025-04-11,17:00,1394.4
2025-04-11,17:15,1172.4
2025-04-11,17:30,1154.4
2025-04-11,17:45,1120.8
2025-04-11,18:00,1170
2025-04-11,18:15,1207.2
2025-04-11,18:30,1178.4
2025-04-11,18:45,1251.6
2025-04-11,19:00,1184.4
2025-04-11,19:15,1296
2025-04-11,19:30,1159.2
2025-04-11,19:45,1334.4
2025-04-11,20:00,1318.8
2025-04-11,20:15,1263.6
2025-04-11,20:30,2200.8
2025-04-11,20:45,2224.8
2025-04-11,21:00,4830
2025-04-11,21:15,4333.2
2025-04-11,21:30,4339.2
2025-04-11,21:45,4674
2025-04-11,22:00,4240.8
2025-04-11,22:15,3876
2025-04-11,22:30,5192.4
2025-04-11,22:45,5058
2025-04-11,23:00,4156.8
2025-04-11,23:15,2410.8
2025-04-11,23:30,4696.8
2025-04-11,23:45,5161.2
2025-04-12,00:00,5079.6
2025-04-12,00:15,4200
2025-04-12,00:30,3529.2
2025-04-12,00:45,5241.6
2025-04-12,01:00,5235.6
2025-04-12,01:15,5114.4
2025-04-12,01:30,4270.8
2025-04-12,01:45,4011.6
2025-04-12,02:00,5178
2025-04-12,02:15,5103.6
2025-04-12,02:30,4114.8
2025-04-12,02:45,4080
2025-04-12,03:00,4921.2
2025-04-12,03:15,5050.8
2025-04-12,03:30,4021.2
2025-04-12,03:45,4146
2025-04-12,04:00,4171.2
2025-04-12,04:15,5229.6
2025-04-12,04:30,5156.4
2025-04-12,04:45,3752.4
2025-04-12,05:00,4050
2025-04-12,05:15,4880.4
2025-04-12,05:30,5186.4
2025-04-12,05:45,5320.8
2025-04-12,06:00,3130.8
2025-04-12,06:15,5412
2025-04-12,06:30,5175.6
2025-04-12,06:45,4408.8
2025-04-12,07:00,3997.2
2025-04-12,07:15,4240.8
2025-04-12,07:30,5358
2025-04-12,07:45,5149.2
2025-04-12,08:00,2503.2
2025-04-12,08:15,2271.6
2025-04-12,08:30,1294.8
2025-04-12,08:45,1344
2025-04-12,09:00,1315.2
2025-04-12,09:15,1381.2
2025-04-12,09:30,1370.4
2025-04-12,09:45,1334.4
2025-04-12,10:00,1156.8
2025-04-12,10:15,1216.8
2025-04-12,10:30,1321.2
2025-04-12,10:45,1329.6
2025-04-12,11:00,1280.4
2025-04-12,11:15,1245.6
2025-04-12,11:30,1224
2025-04-12,11:45,1225.2
2025-04-12,12:00,1009.2
2025-04-12,12:15,964.8
2025-04-12,12:30,1038
2025-04-12,12:45,1052.4
2025-04-12,13:00,865.2
2025-04-12,13:15,782.4
2025-04-12,13:30,895.2
2025-04-12,13:45,756
2025-04-12,14:00,873.6
2025-04-12,14:15,919.2
2025-04-12,14:30,986.4
2025-04-12,14:45,854.4
2025-04-12,15:00,828
2025-04-12,15:15,810
2025-04-12,15:30,698.4
2025-04-12,15:45,879.6
2025-04-12,16:00,734.4
2025-04-12,16:15,808.8
2025-04-12,16:30,733.2
2025-04-12,16:45,664.8
2025-04-12,17:00,780
2025-04-12,17:15,799.2
2025-04-12,17:30,746.4
2025-04-12,17:45,764.4
2025-04-12,18:00,841.2
2025-04-12,18:15,866.4
2025-04-12,18:30,873.6
2025-04-12,18:45,924
2025-04-12,19:00,854.4
2025-04-12,19:15,1068
2025-04-12,19:30,910.8
2025-04-12,19:45,932.4
2025-04-12,20:00,950.4
2025-04-12,20:15,988.8
2025-04-12,20:30,877.2
2025-04-12,20:45,1004.4
2025-04-12,21:00,4810.8
2025-04-12,21:15,4814.4
2025-04-12,21:30,4819.2
2025-04-12,21:45,4880.4
2025-04-12,22:00,4837.2
2025-04-12,22:15,2400
2025-04-12,22:30,4777.2
2025-04-12,22:45,4794
2025-04-12,23:00,4983.6
2025-04-12,23:15,2958
2025-04-12,23:30,3948
2025-04-12,23:45,4531.2
2025-04-13,00:00,4791.6
2025-04-13,00:15,4924.8
2025-04-13,00:30,3003.6
2025-04-13,00:45,4189.2
2025-04-13,01:00,4820.4
2025-04-13,01:15,4899.6
2025-04-13,01:30,4896
2025-04-13,01:45,2241.6
2025-04-13,02:00,4668
2025-04-13,02:15,4821.6
2025-04-13,02:30,4130.4
2025-04-13,02:45,3937.2
2025-04-13,03:00,3214.8
2025-04-13,03:15,4797.6
2025-04-13,03:30,4956
2025-04-13,03:45,4738.8
2025-04-13,04:00,2896.8
2025-04-13,04:15,3854.4
2025-04-13,04:30,5050.8
2025-04-13,04:45,4222.8
2025-04-13,05:00,3963.6
2025-04-13,05:15,4014
2025-04-13,05:30,5037.6
2025-04-13,05:45,5104.8
2025-04-13,06:00,4238.4
2025-04-13,06:15,3253.2
2025-04-13,06:30,3979.2
2025-04-13,06:45,4041.6
2025-04-13,07:00,3121.2
2025-04-13,07:15,2091.6
2025-04-13,07:30,3751.2
2025-04-13,07:45,3662.4
2025-04-13,08:00,3253.2
2025-04-13,08:15,735.6
2025-04-13,08:30,716.4
2025-04-13,08:45,420
2025-04-13,09:00,1107.6
2025-04-13,09:15,879.6
2025-04-13,09:30,860.4
2025-04-13,09:45,751.2
2025-04-13,10:00,799.2
2025-04-13,10:15,646.8
2025-04-13,10:30,410.4
2025-04-13,10:45,484.8
2025-04-13,11:00,428.4
2025-04-13,11:15,253.2
2025-04-13,11:30,261.6
2025-04-13,11:45,466.8
2025-04-13,12:00,346.8
2025-04-13,12:15,312
2025-04-13,12:30,331.2
2025-04-13,12:45,511.2
2025-04-13,13:00,230.4
2025-04-13,13:15,478.8
2025-04-13,13:30,374.4
2025-04-13,13:45,312
2025-04-13,14:00,318
2025-04-13,14:15,507.6
2025-04-13,14:30,349.2
2025-04-13,14:45,484.8
2025-04-13,15:00,399.6
2025-04-13,15:15,526.8
2025-04-13,15:30,680.4
2025-04-13,15:45,612
2025-04-13,16:00,687.6
2025-04-13,16:15,904.8
2025-04-13,16:30,855.6
2025-04-13,16:45,949.2
2025-04-13,17:00,1042.8
2025-04-13,17:15,1135.2
2025-04-13,17:30,1020
2025-04-13,17:45,984
2025-04-13,18:00,1188
2025-04-13,18:15,1161.6
2025-04-13,18:30,1212
2025-04-13,18:45,1245.6
2025-04-13,19:00,1117.2
2025-04-13,19:15,1251.6
2025-04-13,19:30,1126.8
2025-04-13,19:45,991.2
2025-04-13,20:00,1239.6
2025-04-13,20:15,1094.4
2025-04-13,20:30,1194
2025-04-13,20:45,1105.2
2025-04-13,21:00,4213.2
2025-04-13,21:15,5056.8
2025-04-13,21:30,5073.6
2025-04-13,21:45,5059.2
2025-04-13,22:00,5028
2025-04-13,22:15,1674
2025-04-13,22:30,4984.8
2025-04-13,22:45,5077.2
2025-04-13,23:00,5182.8
2025-04-13,23:15,2874
2025-04-13,23:30,5017.2
2025-04-13,23:45,5175.6
2025-04-14,00:00,5198.4
2025-04-14,00:15,4575.6
2025-04-14,00:30,3540
2025-04-14,00:45,4221.6
2025-04-14,01:00,4188
2025-04-14,01:15,4216.8
2025-04-14,01:30,4350
2025-04-14,01:45,4269.6
2025-04-14,02:00,5214
2025-04-14,02:15,5220
2025-04-14,02:30,3336
2025-04-14,02:45,3937.2
2025-04-14,03:00,5234.4
2025-04-14,03:15,5178
2025-04-14,03:30,5302.8
2025-04-14,03:45,4281.6
2025-04-14,04:00,5200.8
2025-04-14,04:15,5223.6
2025-04-14,04:30,5322
2025-04-14,04:45,3697.2
2025-04-14,05:00,3148.8
2025-04-14,05:15,5353.2
2025-04-14,05:30,5205.6
2025-04-14,05:45,4645.2
2025-04-14,06:00,3316.8
2025-04-14,06:15,5281.2
2025-04-14,06:30,5158.8
2025-04-14,06:45,5240.4
2025-04-14,07:00,3121.2
2025-04-14,07:15,5235.6
2025-04-14,07:30,5023.2
2025-04-14,07:45,5016
2025-04-14,08:00,2030.4
2025-04-14,08:15,938.4
2025-04-14,08:30,652.8
2025-04-14,08:45,762
2025-04-14,09:00,619.2
2025-04-14,09:15,566.4
2025-04-14,09:30,422.4
2025-04-14,09:45,448.8
2025-04-14,10:00,489.6
2025-04-14,10:15,301.2
2025-04-14,10:30,351.6
2025-04-14,10:45,104.4
2025-04-14,11:00,210
2025-04-14,11:15,73.2
2025-04-14,11:30,132
2025-04-14,11:45,218.4
2025-04-14,12:00,79.2
2025-04-14,12:15,145.2
2025-04-14,12:30,170.4
2025-04-14,12:45,182.4
2025-04-14,13:00,261.6
2025-04-14,13:15,279.6
2025-04-14,13:30,162
2025-04-14,13:45,229.2
2025-04-14,14:00,343.2
2025-04-14,14:15,219.6
2025-04-14,14:30,363.6
2025-04-14,14:45,326.4
2025-04-14,15:00,393.6
2025-04-14,15:15,562.8
2025-04-14,15:30,506.4
2025-04-14,15:45,711.6
2025-04-14,16:00,679.2
2025-04-14,16:15,690
2025-04-14,16:30,844.8
2025-04-14,16:45,866.4
2025-04-14,17:00,962.4
2025-04-14,17:15,1138.8
2025-04-14,17:30,986.4
2025-04-14,17:45,1059.6
2025-04-14,18:00,1143.6
2025-04-14,18:15,1084.8
2025-04-14,18:30,1200
2025-04-14,18:45,1057.2
2025-04-14,19:00,1245.6
2025-04-14,19:15,1140
2025-04-14,19:30,1131.6
2025-04-14,19:45,1218
2025-04-14,20:00,1239.6
2025-04-14,20:15,1746
2025-04-14,20:30,2085.6
2025-04-14,20:45,2188.8
2025-04-14,21:00,4352.4
2025-04-14,21:15,4299.6
2025-04-14,21:30,5212.8
2025-04-14,21:45,5223.6
2025-04-14,22:00,5167.2
2025-04-14,22:15,3300
2025-04-14,22:30,5109.6
2025-04-14,22:45,5256
2025-04-14,23:00,4461.6
2025-04-14,23:15,4162.8
2025-04-14,23:30,4250.4
2025-04-14,23:45,5191.2
2025-04-15,00:00,5156.4
2025-04-15,00:15,4916.4
2025-04-15,00:30,3405.6
2025-04-15,00:45,5163.6
2025-04-15,01:00,5304
2025-04-15,01:15,4513.2
2025-04-15,01:30,5277.6
2025-04-15,01:45,4125.6
2025-04-15,02:00,5190
2025-04-15,02:15,4212
2025-04-15,02:30,5151.6
2025-04-15,02:45,3284.4
2025-04-15,03:00,4870.8
2025-04-15,03:15,5295.6
2025-04-15,03:30,4251.6
2025-04-15,03:45,4911.6
2025-04-15,04:00,4150.8
2025-04-15,04:15,5167.2
2025-04-15,04:30,5257.2
2025-04-15,04:45,5214
2025-04-15,05:00,3362.4
2025-04-15,05:15,4425.6
2025-04-15,05:30,5307.6
2025-04-15,05:45,4378.8
2025-04-15,06:00,4428
2025-04-15,06:15,2721.6
2025-04-15,06:30,5209.2
2025-04-15,06:45,5148
2025-04-15,07:00,4159.2
2025-04-15,07:15,3150
2025-04-15,07:30,4956
2025-04-15,07:45,3964.8
2025-04-15,08:00,3799.2
2025-04-15,08:15,2829.6
2025-04-15,08:30,782.4
2025-04-15,08:45,789.6
2025-04-15,09:00,681.6
2025-04-15,09:15,633.6
2025-04-15,09:30,386.4
2025-04-15,09:45,447.6
2025-04-15,10:00,411.6
2025-04-15,10:15,313.2
2025-04-15,10:30,385.2
2025-04-15,10:45,198
2025-04-15,11:00,261.6
2025-04-15,11:15,264
2025-04-15,11:30,231.6
2025-04-15,11:45,270
2025-04-15,12:00,315.6
2025-04-15,12:15,200.4
2025-04-15,12:30,208.8
2025-04-15,12:45,198
2025-04-15,13:00,219.6
2025-04-15,13:15,86.4
2025-04-15,13:30,213.6
2025-04-15,13:45,188.4
2025-04-15,14:00,250.8
2025-04-15,14:15,378
2025-04-15,14:30,321.6
2025-04-15,14:45,512.4
2025-04-15,15:00,418.8
2025-04-15,15:15,668.4
2025-04-15,15:30,529.2
2025-04-15,15:45,668.4
2025-04-15,16:00,747.6
2025-04-15,16:15,835.2
2025-04-15,16:30,764.4
2025-04-15,16:45,958.8
2025-04-15,17:00,964.8
2025-04-15,17:15,920.4
2025-04-15,17:30,1090.8
2025-04-15,17:45,1088.4
2025-04-15,18:00,1016.4
2025-04-15,18:15,1046.4
2025-04-15,18:30,1088.4
2025-04-15,18:45,1080
2025-04-15,19:00,1005.6
2025-04-15,19:15,1082.4
2025-04-15,19:30,1208.4
2025-04-15,19:45,1023.6
2025-04-15,20:00,1282.8
2025-04-15,20:15,1117.2
2025-04-15,20:30,1081.2
2025-04-15,20:45,1249.2
2025-04-15,21:00,4975.2
2025-04-15,21:15,4984.8
2025-04-15,21:30,5079.6
2025-04-15,21:45,5222.4
2025-04-15,22:00,5066.4
2025-04-15,22:15,2788.8
2025-04-15,22:30,5086.8
2025-04-15,22:45,5151.6
2025-04-15,23:00,5102.4
2025-04-15,23:15,4354.8
2025-04-15,23:30,4298.4
2025-04-15,23:45,5110.8
2025-04-16,00:00,5250
2025-04-16,00:15,5149.2
2025-04-16,00:30,2498.4
2025-04-16,00:45,5209.2
2025-04-16,01:00,5158.8
2025-04-16,01:15,5228.4
2025-04-16,01:30,5269.2
2025-04-16,01:45,4012.8
2025-04-16,02:00,4165.2
2025-04-16,02:15,5242.8
2025-04-16,02:30,5119.2
2025-04-16,02:45,3286.8
2025-04-16,03:00,4743.6
2025-04-16,03:15,5163.6
2025-04-16,03:30,5250
2025-04-16,03:45,5209.2
2025-04-16,04:00,4222.8
2025-04-16,04:15,4227.6
2025-04-16,04:30,5220
2025-04-16,04:45,5287.2
2025-04-16,05:00,3734.4
2025-04-16,05:15,4165.2
2025-04-16,05:30,5283.6
2025-04-16,05:45,5263.2
2025-04-16,06:00,3586.8
2025-04-16,06:15,4179.6
2025-04-16,06:30,4988.4
2025-04-16,06:45,5187.6
2025-04-16,07:00,3453.6
2025-04-16,07:15,3253.2
2025-04-16,07:30,4910.4
2025-04-16,07:45,4914
2025-04-16,08:00,4789.2
2025-04-16,08:15,1009.2
2025-04-16,08:30,746.4
2025-04-16,08:45,849.6
2025-04-16,09:00,691.2
2025-04-16,09:15,691.2
2025-04-16,09:30,670.8
2025-04-16,09:45,1131.6
2025-04-16,10:00,810
2025-04-16,10:15,928.8
2025-04-16,10:30,938.4
2025-04-16,10:45,396
2025-04-16,11:00,128.4
2025-04-16,11:15,336
2025-04-16,11:30,289.2
2025-04-16,11:45,626.4
2025-04-16,12:00,870
2025-04-16,12:15,487.2
2025-04-16,12:30,414
2025-04-16,12:45,789.6
2025-04-16,13:00,658.8
2025-04-16,13:15,660
2025-04-16,13:30,746.4
2025-04-16,13:45,912
2025-04-16,14:00,963.6
2025-04-16,14:15,1008
2025-04-16,14:30,909.6
2025-04-16,14:45,1002
2025-04-16,15:00,1404
2025-04-16,15:15,1275.6
2025-04-16,15:30,1281.6
2025-04-16,15:45,1501.2
2025-04-16,16:00,1314
2025-04-16,16:15,1417.2
2025-04-16,16:30,1431.6
2025-04-16,16:45,1305.6
2025-04-16,17:00,1228.8
2025-04-16,17:15,1345.2
2025-04-16,17:30,1286.4
2025-04-16,17:45,1198.8
2025-04-16,18:00,1466.4
2025-04-16,18:15,1356
2025-04-16,18:30,1243.2
2025-04-16,18:45,1256.4
2025-04-16,19:00,1327.2
2025-04-16,19:15,1363.2
2025-04-16,19:30,1275.6
2025-04-16,19:45,1278
2025-04-16,20:00,1244.4
2025-04-16,20:15,1408.8
2025-04-16,20:30,1318.8
2025-04-16,20:45,1299.6
2025-04-16,21:00,1080
2025-04-16,21:15,1108.8
2025-04-16,21:30,1050
2025-04-16,21:45,1246.8
2025-04-16,22:00,4869.6
2025-04-16,22:15,3970.8
2025-04-16,22:30,4234.8
2025-04-16,22:45,4677.6
2025-04-16,23:00,5182.8
2025-04-16,23:15,2654.4
2025-04-16,23:30,5150.4
2025-04-16,23:45,5326.8
2025-04-17,00:00,5301.6
2025-04-17,00:15,4206
2025-04-17,00:30,4314
2025-04-17,00:45,4306.8
2025-04-17,01:00,5245.2
2025-04-17,01:15,5302.8
2025-04-17,01:30,4330.8
2025-04-17,01:45,5169.6
2025-04-17,02:00,4688.4
2025-04-17,02:15,5152.8
2025-04-17,02:30,3433.2
2025-04-17,02:45,5329.2
2025-04-17,03:00,4576.8
2025-04-17,03:15,4999.2
2025-04-17,03:30,4280.4
2025-04-17,03:45,4900.8
2025-04-17,04:00,5275.2
2025-04-17,04:15,3542.4
2025-04-17,04:30,4296
2025-04-17,04:45,4347.6
2025-04-17,05:00,5060.4
2025-04-17,05:15,4188
2025-04-17,05:30,4395.6
2025-04-17,05:45,5364
2025-04-17,06:00,4378.8
2025-04-17,06:15,4980
2025-04-17,06:30,4339.2
2025-04-17,06:45,4273.2
2025-04-17,07:00,3468
2025-04-17,07:15,5235.6
2025-04-17,07:30,5072.4
2025-04-17,07:45,3091.2
2025-04-17,08:00,1233.6
2025-04-17,08:15,949.2
2025-04-17,08:30,1398
2025-04-17,08:45,1374
2025-04-17,09:00,1177.2
2025-04-17,09:15,1268.4
2025-04-17,09:30,1240.8
2025-04-17,09:45,1220.4
2025-04-17,10:00,1314
2025-04-17,10:15,1110
2025-04-17,10:30,1104
2025-04-17,10:45,1186.8
2025-04-17,11:00,978
2025-04-17,11:15,1132.8
2025-04-17,11:30,1168.8
2025-04-17,11:45,1238.4
2025-04-17,12:00,1197.6
2025-04-17,12:15,1431.6
2025-04-17,12:30,1236
2025-04-17,12:45,1015.2
2025-04-17,13:00,1252.8
2025-04-17,13:15,1136.4
2025-04-17,13:30,1130.4
2025-04-17,13:45,1220.4
2025-04-17,14:00,1278
2025-04-17,14:15,1102.8
2025-04-17,14:30,1238.4
2025-04-17,14:45,1179.6
2025-04-17,15:00,1251.6
2025-04-17,15:15,723.6
2025-04-17,15:30,1118.4
2025-04-17,15:45,943.2
2025-04-17,16:00,1306.8
2025-04-17,16:15,1060.8
2025-04-17,16:30,1292.4
2025-04-17,16:45,1159.2
2025-04-17,17:00,1399.2
2025-04-17,17:15,1452
2025-04-17,17:30,1183.2
2025-04-17,17:45,1437.6
2025-04-17,18:00,1484.4
2025-04-17,18:15,1448.4
2025-04-17,18:30,1448.4
2025-04-17,18:45,1357.2
2025-04-17,19:00,1500
2025-04-17,19:15,1459.2
2025-04-17,19:30,1364.4
2025-04-17,19:45,1414.8
2025-04-17,20:00,1408.8
2025-04-17,20:15,1522.8
2025-04-17,20:30,1387.2
2025-04-17,20:45,1328.4
2025-04-17,21:00,1446
2025-04-17,21:15,1380
2025-04-17,21:30,1437.6
2025-04-17,21:45,1342.8
2025-04-17,22:00,5340
2025-04-17,22:15,5264.4
2025-04-17,22:30,5396.4
2025-04-17,22:45,5361.6
2025-04-17,23:00,5431.2
2025-04-17,23:15,1898.4
2025-04-17,23:30,5605.2
2025-04-17,23:45,5416.8
2025-04-18,00:00,5382
2025-04-18,00:15,5530.8
2025-04-18,00:30,3705.6
2025-04-18,00:45,5515.2
2025-04-18,01:00,5428.8
2025-04-18,01:15,5671.2
2025-04-18,01:30,3691.2
2025-04-18,01:45,4159.2
2025-04-18,02:00,5529.6
2025-04-18,02:15,5420.4
2025-04-18,02:30,5629.2
2025-04-18,02:45,2857.2
2025-04-18,03:00,5480.4
2025-04-18,03:15,5536.8
2025-04-18,03:30,5655.6
2025-04-18,03:45,3591.6
2025-04-18,04:00,4707.6
2025-04-18,04:15,5574
2025-04-18,04:30,5527.2
2025-04-18,04:45,5480.4
2025-04-18,05:00,3454.8
2025-04-18,05:15,5419.2
2025-04-18,05:30,4748.4
2025-04-18,05:45,5577.6
2025-04-18,06:00,5624.4
2025-04-18,06:15,5409.6
2025-04-18,06:30,4833.6
2025-04-18,06:45,5542.8
2025-04-18,07:00,4189.2
2025-04-18,07:15,5444.4
2025-04-18,07:30,5350.8
2025-04-18,07:45,4261.2
2025-04-18,08:00,2498.4
2025-04-18,08:15,1183.2
2025-04-18,08:30,1166.4
2025-04-18,08:45,1159.2
2025-04-18,09:00,1020
2025-04-18,09:15,852
2025-04-18,09:30,864
2025-04-18,09:45,954
2025-04-18,10:00,812.4
2025-04-18,10:15,843.6
2025-04-18,10:30,674.4
2025-04-18,10:45,778.8
2025-04-18,11:00,688.8
2025-04-18,11:15,513.6
2025-04-18,11:30,627.6
2025-04-18,11:45,610.8
2025-04-18,12:00,663.6
2025-04-18,12:15,583.2
2025-04-18,12:30,529.2
2025-04-18,12:45,633.6
2025-04-18,13:00,702
2025-04-18,13:15,739.2
2025-04-18,13:30,639.6
2025-04-18,13:45,783.6
2025-04-18,14:00,674.4
2025-04-18,14:15,915.6
2025-04-18,14:30,793.2
2025-04-18,14:45,769.2
2025-04-18,15:00,865.2
2025-04-18,15:15,940.8
2025-04-18,15:30,862.8
2025-04-18,15:45,877.2
2025-04-18,16:00,1118.4
2025-04-18,16:15,1130.4
2025-04-18,16:30,1070.4
2025-04-18,16:45,1222.8
2025-04-18,17:00,1360.8
2025-04-18,17:15,1240.8
2025-04-18,17:30,1334.4
2025-04-18,17:45,1350
2025-04-18,18:00,1291.2
2025-04-18,18:15,1321.2
2025-04-18,18:30,1267.2
2025-04-18,18:45,1512
2025-04-18,19:00,1362
2025-04-18,19:15,1357.2
2025-04-18,19:30,1282.8
2025-04-18,19:45,1461.6
2025-04-18,20:00,1398
2025-04-18,20:15,1384.8
2025-04-18,20:30,1443.6
2025-04-18,20:45,1478.4
2025-04-18,21:00,1477.2
2025-04-18,21:15,1488
2025-04-18,21:30,1370.4
2025-04-18,21:45,1428
2025-04-18,22:00,5454
2025-04-18,22:15,5264.4
2025-04-18,22:30,5316
2025-04-18,22:45,5479.2
2025-04-18,23:00,5391.6
2025-04-18,23:15,1820.4
2025-04-18,23:30,5246.4
2025-04-18,23:45,5485.2
2025-04-19,00:00,5407.2
2025-04-19,00:15,5456.4
2025-04-19,00:30,2925.6
2025-04-19,00:45,5416.8
2025-04-19,01:00,5508
2025-04-19,01:15,5415.6
2025-04-19,01:30,4628.4
2025-04-19,01:45,3901.2
2025-04-19,02:00,5527.2
2025-04-19,02:15,5576.4
2025-04-19,02:30,5564.4
2025-04-19,02:45,2757.6
2025-04-19,03:00,5454
2025-04-19,03:15,5473.2
2025-04-19,03:30,5594.4
2025-04-19,03:45,4032
2025-04-19,04:00,5472
2025-04-19,04:15,5517.6
2025-04-19,04:30,5670
2025-04-19,04:45,4707.6
2025-04-19,05:00,4366.8
2025-04-19,05:15,5367.6
2025-04-19,05:30,5736
2025-04-19,05:45,4953.6
2025-04-19,06:00,5406
2025-04-19,06:15,5547.6
2025-04-19,06:30,5571.6
2025-04-19,06:45,3644.4
2025-04-19,07:00,5170.8
2025-04-19,07:15,5364
2025-04-19,07:30,5328
2025-04-19,07:45,3508.8
2025-04-19,08:00,1296
2025-04-19,08:15,1257.6
2025-04-19,08:30,1454.4
2025-04-19,08:45,1380
2025-04-19,09:00,1192.8
2025-04-19,09:15,1250.4
2025-04-19,09:30,1221.6
2025-04-19,09:45,1170
2025-04-19,10:00,792
2025-04-19,10:15,1075.2
2025-04-19,10:30,1195.2
2025-04-19,10:45,1238.4
2025-04-19,11:00,1168.8
2025-04-19,11:15,1056
2025-04-19,11:30,1095.6
2025-04-19,11:45,1273.2
2025-04-19,12:00,1230
2025-04-19,12:15,1162.8
2025-04-19,12:30,1044
2025-04-19,12:45,1051.2
2025-04-19,13:00,824.4
2025-04-19,13:15,483.6
2025-04-19,13:30,903.6
2025-04-19,13:45,1131.6
2025-04-19,14:00,902.4
2025-04-19,14:15,1136.4
2025-04-19,14:30,999.6
2025-04-19,14:45,1182
2025-04-19,15:00,1231.2
2025-04-19,15:15,1284
2025-04-19,15:30,1038
2025-04-19,15:45,1274.4
2025-04-19,16:00,1230
2025-04-19,16:15,1204.8
2025-04-19,16:30,1324.8
2025-04-19,16:45,1254
2025-04-19,17:00,1504.8
2025-04-19,17:15,1366.8
2025-04-19,17:30,1353.6
2025-04-19,17:45,1568.4
2025-04-19,18:00,1610.4
2025-04-19,18:15,1408.8
2025-04-19,18:30,1464
2025-04-19,18:45,1468.8
2025-04-19,19:00,1686
2025-04-19,19:15,1405.2
2025-04-19,19:30,1435.2
2025-04-19,19:45,1596
2025-04-19,20:00,1588.8
2025-04-19,20:15,1476
2025-04-19,20:30,1460.4
2025-04-19,20:45,1431.6
2025-04-19,21:00,1479.6
2025-04-19,21:15,1414.8
2025-04-19,21:30,1356
2025-04-19,21:45,1399.2
2025-04-19,22:00,5328
2025-04-19,22:15,5491.2
2025-04-19,22:30,5420.4
2025-04-19,22:45,5334
2025-04-19,23:00,5494.8
2025-04-19,23:15,3381.6
2025-04-19,23:30,5440.8
2025-04-19,23:45,5376
2025-04-20,00:00,5508
2025-04-20,00:15,2624.4
2025-04-20,00:30,5496
2025-04-20,00:45,5496
2025-04-20,01:00,5433.6
2025-04-20,01:15,5592
2025-04-20,01:30,3751.2
2025-04-20,01:45,5494.8
2025-04-20,02:00,5402.4
2025-04-20,02:15,4543.2
2025-04-20,02:30,3637.2
2025-04-20,02:45,5120.4
2025-04-20,03:00,5563.2
2025-04-20,03:15,5530.8
2025-04-20,03:30,5461.2
2025-04-20,03:45,4446
2025-04-20,04:00,5509.2
2025-04-20,04:15,5643.6
2025-04-20,04:30,4689.6
2025-04-20,04:45,4473.6
2025-04-20,05:00,5540.4
2025-04-20,05:15,5611.2
2025-04-20,05:30,4794
2025-04-20,05:45,3169.2
2025-04-20,06:00,5542.8
2025-04-20,06:15,5564.4
2025-04-20,06:30,5448
2025-04-20,06:45,2750.4
2025-04-20,07:00,5282.4
2025-04-20,07:15,5484
2025-04-20,07:30,5190
2025-04-20,07:45,4332
2025-04-20,08:00,1344
2025-04-20,08:15,1122
2025-04-20,08:30,1248
2025-04-20,08:45,1102.8
2025-04-20,09:00,1034.4
2025-04-20,09:15,1040.4
2025-04-20,09:30,1065.6
2025-04-20,09:45,853.2
2025-04-20,10:00,921.6
2025-04-20,10:15,805.2
2025-04-20,10:30,878.4
2025-04-20,10:45,805.2
2025-04-20,11:00,592.8
2025-04-20,11:15,642
2025-04-20,11:30,880.8
2025-04-20,11:45,642
2025-04-20,12:00,584.4
2025-04-20,12:15,589.2
2025-04-20,12:30,693.6
2025-04-20,12:45,709.2
2025-04-20,13:00,703.2
2025-04-20,13:15,685.2
2025-04-20,13:30,624
2025-04-20,13:45,768
2025-04-20,14:00,777.6
2025-04-20,14:15,873.6
2025-04-20,14:30,628.8
2025-04-20,14:45,1116
2025-04-20,15:00,1021.2
2025-04-20,15:15,1195.2
2025-04-20,15:30,926.4
2025-04-20,15:45,1123.2
2025-04-20,16:00,1341.6
2025-04-20,16:15,1233.6
2025-04-20,16:30,1270.8
2025-04-20,16:45,1237.2
2025-04-20,17:00,1333.2
2025-04-20,17:15,1340.4
2025-04-20,17:30,1278
2025-04-20,17:45,1353.6
2025-04-20,18:00,1418.4
2025-04-20,18:15,1426.8
2025-04-20,18:30,1333.2
2025-04-20,18:45,1365.6
2025-04-20,19:00,1510.8
2025-04-20,19:15,1401.6
2025-04-20,19:30,1335.6
2025-04-20,19:45,1370.4
2025-04-20,20:00,1443.6
2025-04-20,20:15,1408.8
2025-04-20,20:30,1231.2
2025-04-20,20:45,1356
2025-04-20,21:00,1381.2
2025-04-20,21:15,1584
2025-04-20,21:30,1372.8
2025-04-20,21:45,1477.2
2025-04-20,22:00,3674.4
2025-04-20,22:15,5338.8
2025-04-20,22:30,5444.4
2025-04-20,22:45,5271.6
2025-04-20,23:00,5496
2025-04-20,23:15,1828.8
2025-04-20,23:30,4844.4
2025-04-20,23:45,5440.8
2025-04-21,00:00,5515.2
2025-04-21,00:15,5487.6
2025-04-21,00:30,3019.2
2025-04-21,00:45,5490
2025-04-21,01:00,5479.2
2025-04-21,01:15,5445.6
2025-04-21,01:30,2842.8
2025-04-21,01:45,4306.8
2025-04-21,02:00,5560.8
2025-04-21,02:15,5457.6
2025-04-21,02:30,5622
2025-04-21,02:45,5157.6
2025-04-21,03:00,5744.4
2025-04-21,03:15,5533.2
2025-04-21,03:30,5503.2
2025-04-21,03:45,2965.2
2025-04-21,04:00,5572.8
2025-04-21,04:15,5636.4
2025-04-21,04:30,5533.2
2025-04-21,04:45,4636.8
2025-04-21,05:00,5378.4
2025-04-21,05:15,5582.4
2025-04-21,05:30,5563.2
2025-04-21,05:45,4646.4
2025-04-21,06:00,5500.8
2025-04-21,06:15,5490
2025-04-21,06:30,5398.8
2025-04-21,06:45,2292
2025-04-21,07:00,5560.8
2025-04-21,07:15,5450.4
2025-04-21,07:30,5468.4
2025-04-21,07:45,1545.6
2025-04-21,08:00,1546.8
2025-04-21,08:15,1431.6
2025-04-21,08:30,1402.8
2025-04-21,08:45,1440
2025-04-21,09:00,1622.4
2025-04-21,09:15,1548
2025-04-21,09:30,1587.6
2025-04-21,09:45,1566
2025-04-21,10:00,1657.2
2025-04-21,10:15,1704
2025-04-21,10:30,1546.8
2025-04-21,10:45,1618.8
2025-04-21,11:00,1554
2025-04-21,11:15,1710
2025-04-21,11:30,1504.8
2025-04-21,11:45,1568.4
2025-04-21,12:00,1381.2
2025-04-21,12:15,1500
2025-04-21,12:30,1102.8
2025-04-21,12:45,1263.6
2025-04-21,13:00,1252.8
2025-04-21,13:15,1251.6
2025-04-21,13:30,1167.6
2025-04-21,13:45,1338
2025-04-21,14:00,1382.4
2025-04-21,14:15,1503.6
2025-04-21,14:30,1436.4
2025-04-21,14:45,1436.4
2025-04-21,15:00,1437.6
2025-04-21,15:15,1429.2
2025-04-21,15:30,1507.2
2025-04-21,15:45,1333.2
2025-04-21,16:00,1518
2025-04-21,16:15,1545.6
2025-04-21,16:30,1299.6
2025-04-21,16:45,1287.6
2025-04-21,17:00,1500
2025-04-21,17:15,1398
2025-04-21,17:30,1392
2025-04-21,17:45,1395.6
2025-04-21,18:00,1414.8
2025-04-21,18:15,1376.4
2025-04-21,18:30,1318.8
2025-04-21,18:45,1545.6
2025-04-21,19:00,1296
2025-04-21,19:15,1393.2
2025-04-21,19:30,1400.4
2025-04-21,19:45,1471.2
2025-04-21,20:00,1422
2025-04-21,20:15,1442.4
2025-04-21,20:30,1432.8
2025-04-21,20:45,1536
2025-04-21,21:00,1303.2
2025-04-21,21:15,1220.4
2025-04-21,21:30,1400.4
2025-04-21,21:45,1425.6
2025-04-21,22:00,5301.6
2025-04-21,22:15,5054.4
2025-04-21,22:30,5470.8
2025-04-21,22:45,5230.8
2025-04-21,23:00,5372.4
2025-04-21,23:15,1782
2025-04-21,23:30,5352
2025-04-21,23:45,5430
2025-04-22,00:00,5354.4
2025-04-22,00:15,5362.8
2025-04-22,00:30,4513.2
2025-04-22,00:45,5514
2025-04-22,01:00,5332.8
2025-04-22,01:15,5323.2
2025-04-22,01:30,3048
2025-04-22,01:45,4462.8
2025-04-22,02:00,5368.8
2025-04-22,02:15,5334
2025-04-22,02:30,5510.4
2025-04-22,02:45,2210.4
2025-04-22,03:00,4299.6
2025-04-22,03:15,4489.2
2025-04-22,03:30,4310.4
2025-04-22,03:45,2703.6
2025-04-22,04:00,3534
2025-04-22,04:15,4542
2025-04-22,04:30,4450.8
2025-04-22,04:45,4605.6
2025-04-22,05:00,3144
2025-04-22,05:15,4312.8
2025-04-22,05:30,4657.2
2025-04-22,05:45,3776.4
2025-04-22,06:00,4771.2
2025-04-22,06:15,2694
2025-04-22,06:30,4628.4
2025-04-22,06:45,4652.4
2025-04-22,07:00,3676.8
2025-04-22,07:15,2750.4
2025-04-22,07:30,3400.8
2025-04-22,07:45,3691.2
2025-04-22,08:00,3445.2
2025-04-22,08:15,2793.6
2025-04-22,08:30,1693.2
2025-04-22,08:45,1714.8
2025-04-22,09:00,1532.4
2025-04-22,09:15,1674
2025-04-22,09:30,1596
2025-04-22,09:45,1622.4
2025-04-22,10:00,1549.2
2025-04-22,10:15,1647.6
2025-04-22,10:30,1525.2
2025-04-22,10:45,1580.4
2025-04-22,11:00,1580.4
2025-04-22,11:15,1455.6
2025-04-22,11:30,1407.6
2025-04-22,11:45,1488
2025-04-22,12:00,1255.2
2025-04-22,12:15,1244.4
2025-04-22,12:30,1321.2
2025-04-22,12:45,1389.6
2025-04-22,13:00,1332
2025-04-22,13:15,1290
2025-04-22,13:30,1329.6
2025-04-22,13:45,1276.8
2025-04-22,14:00,1424.4
2025-04-22,14:15,1326
2025-04-22,14:30,1160.4
2025-04-22,14:45,1173.6
2025-04-22,15:00,1280.4
2025-04-22,15:15,1299.6
2025-04-22,15:30,1156.8
2025-04-22,15:45,1412.4
2025-04-22,16:00,1356
2025-04-22,16:15,1501.2
2025-04-22,16:30,1383.6
2025-04-22,16:45,1342.8
2025-04-22,17:00,1405.2
2025-04-22,17:15,1533.6
2025-04-22,17:30,1574.4
2025-04-22,17:45,1383.6
2025-04-22,18:00,1520.4
2025-04-22,18:15,1380
2025-04-22,18:30,1479.6
2025-04-22,18:45,1418.4
2025-04-22,19:00,1449.6
2025-04-22,19:15,1401.6
2025-04-22,19:30,1412.4
2025-04-22,19:45,1471.2
2025-04-22,20:00,1548
2025-04-22,20:15,1432.8
2025-04-22,20:30,1458
2025-04-22,20:45,1431.6
2025-04-22,21:00,1472.4
2025-04-22,21:15,1488
2025-04-22,21:30,1497.6
2025-04-22,21:45,1378.8
2025-04-22,22:00,4419.6
2025-04-22,22:15,5475.6
2025-04-22,22:30,5398.8
2025-04-22,22:45,5414.4
2025-04-22,23:00,5360.4
2025-04-22,23:15,2997.6
2025-04-22,23:30,5359.2
2025-04-22,23:45,5377.2
2025-04-23,00:00,5360.4
2025-04-23,00:15,4958.4
2025-04-23,00:30,4501.2
2025-04-23,00:45,5370
2025-04-23,01:00,5430
2025-04-23,01:15,5400
2025-04-23,01:30,3828
2025-04-23,01:45,5377.2
2025-04-23,02:00,5413.2
2025-04-23,02:15,5329.2
2025-04-23,02:30,2905.2
2025-04-23,02:45,4123.2
2025-04-23,03:00,5437.2
2025-04-23,03:15,5422.8
2025-04-23,03:30,4720.8
2025-04-23,03:45,4526.4
2025-04-23,04:00,4876.8
2025-04-23,04:15,4683.6
2025-04-23,04:30,4431.6
2025-04-23,04:45,2106
2025-04-23,05:00,5427.6
2025-04-23,05:15,5547.6
2025-04-23,05:30,5352
2025-04-23,05:45,4677.6
2025-04-23,06:00,4518
2025-04-23,06:15,5425.2
2025-04-23,06:30,5468.4
2025-04-23,06:45,4399.2
2025-04-23,07:00,3453.6
2025-04-23,07:15,5365.2
2025-04-23,07:30,5322
2025-04-23,07:45,5276.4
2025-04-23,08:00,2481.6
2025-04-23,08:15,1418.4
2025-04-23,08:30,1089.6
2025-04-23,08:45,1113.6
2025-04-23,09:00,812.4
2025-04-23,09:15,979.2
2025-04-23,09:30,714
2025-04-23,09:45,777.6
2025-04-23,10:00,922.8
2025-04-23,10:15,748.8
2025-04-23,10:30,632.4
2025-04-23,10:45,496.8
2025-04-23,11:00,596.4
2025-04-23,11:15,615.6
2025-04-23,11:30,428.4
2025-04-23,11:45,382.8
2025-04-23,12:00,535.2
2025-04-23,12:15,630
2025-04-23,12:30,288
2025-04-23,12:45,417.6
2025-04-23,13:00,256.8
2025-04-23,13:15,1269.6
2025-04-23,13:30,604.8
2025-04-23,13:45,489.6
2025-04-23,14:00,1108.8
2025-04-23,14:15,786
2025-04-23,14:30,715.2
2025-04-23,14:45,693.6
2025-04-23,15:00,752.4
2025-04-23,15:15,801.6
2025-04-23,15:30,1021.2
2025-04-23,15:45,799.2
2025-04-23,16:00,1023.6
2025-04-23,16:15,1090.8
2025-04-23,16:30,1228.8
2025-04-23,16:45,1252.8
2025-04-23,17:00,1215.6
2025-04-23,17:15,1281.6
2025-04-23,17:30,1444.8
2025-04-23,17:45,1237.2
2025-04-23,18:00,1334.4
2025-04-23,18:15,1410
2025-04-23,18:30,1339.2
2025-04-23,18:45,1480.8
2025-04-23,19:00,1428
2025-04-23,19:15,1460.4
2025-04-23,19:30,1528.8
2025-04-23,19:45,1626
2025-04-23,20:00,1560
2025-04-23,20:15,1423.2
2025-04-23,20:30,1512
2025-04-23,20:45,1539.6
2025-04-23,21:00,1706.4
2025-04-23,21:15,2830.8
2025-04-23,21:30,3242.4
2025-04-23,21:45,3322.8
2025-04-23,22:00,5414.4
2025-04-23,22:15,3946.8
2025-04-23,22:30,3770.4
2025-04-23,22:45,3843.6
2025-04-23,23:00,5390.4
2025-04-23,23:15,3850.8
2025-04-23,23:30,5366.4
2025-04-23,23:45,5468.4
2025-04-24,00:00,3506.4
2025-04-24,00:15,3691.2
2025-04-24,00:30,5464.8
2025-04-24,00:45,5366.4
2025-04-24,01:00,4401.6
2025-04-24,01:15,3704.4
2025-04-24,01:30,5439.6
2025-04-24,01:45,5312.4
2025-04-24,02:00,5395.2
2025-04-24,02:15,4395.6
2025-04-24,02:30,3840
2025-04-24,02:45,5448
2025-04-24,03:00,5259.6
2025-04-24,03:15,5544
2025-04-24,03:30,5362.8
2025-04-24,03:45,4172.4
2025-04-24,04:00,5336.4
2025-04-24,04:15,4633.2
2025-04-24,04:30,4486.8
2025-04-24,04:45,5464.8
2025-04-24,05:00,4345.2
2025-04-24,05:15,4483.2
2025-04-24,05:30,5251.2
2025-04-24,05:45,5544
2025-04-24,06:00,3574.8
2025-04-24,06:15,4479.6
2025-04-24,06:30,3483.6
2025-04-24,06:45,3537.6
2025-04-24,07:00,4562.4
2025-04-24,07:15,3912
2025-04-24,07:30,4366.8
2025-04-24,07:45,3098.4
2025-04-24,08:00,2272.8
2025-04-24,08:15,979.2
2025-04-24,08:30,1222.8
2025-04-24,08:45,1398
2025-04-24,09:00,1360.8
2025-04-24,09:15,1375.2
2025-04-24,09:30,817.2
2025-04-24,09:45,864
2025-04-24,10:00,816
2025-04-24,10:15,1096.8
2025-04-24,10:30,939.6
2025-04-24,10:45,1170
2025-04-24,11:00,1078.8
2025-04-24,11:15,1144.8
2025-04-24,11:30,1222.8
2025-04-24,11:45,1422
2025-04-24,12:00,1364.4
2025-04-24,12:15,1202.4
2025-04-24,12:30,1264.8
2025-04-24,12:45,1245.6
2025-04-24,13:00,1306.8
2025-04-24,13:15,1232.4
2025-04-24,13:30,1221.6
2025-04-24,13:45,1177.2
2025-04-24,14:00,1312.8
2025-04-24,14:15,1299.6
2025-04-24,14:30,1404
2025-04-24,14:45,1176
2025-04-24,15:00,1304.4
2025-04-24,15:15,1234.8
2025-04-24,15:30,1417.2
2025-04-24,15:45,1274.4
2025-04-24,16:00,1327.2
2025-04-24,16:15,1251.6
2025-04-24,16:30,1400.4
2025-04-24,16:45,1490.4
2025-04-24,17:00,1364.4
2025-04-24,17:15,1398
2025-04-24,17:30,1401.6
2025-04-24,17:45,1368
2025-04-24,18:00,1539.6
2025-04-24,18:15,1352.4
2025-04-24,18:30,1338
2025-04-24,18:45,1408.8
2025-04-24,19:00,1459.2
2025-04-24,19:15,1440
2025-04-24,19:30,1423.2
2025-04-24,19:45,1504.8
2025-04-24,20:00,1456.8
2025-04-24,20:15,1377.6
2025-04-24,20:30,1501.2
2025-04-24,20:45,1398
2025-04-24,21:00,1371.6
2025-04-24,21:15,1492.8
2025-04-24,21:30,2013.6
2025-04-24,21:45,2394
2025-04-24,22:00,4434
2025-04-24,22:15,4422
2025-04-24,22:30,3529.2
2025-04-24,22:45,3636
2025-04-24,23:00,4324.8
2025-04-24,23:15,2707.2
2025-04-24,23:30,4436.4
2025-04-24,23:45,4400.4
2025-04-25,00:00,4316.4
2025-04-25,00:15,3439.2
2025-04-25,00:30,4299.6
2025-04-25,00:45,4446
2025-04-25,01:00,4484.4
2025-04-25,01:15,4410
2025-04-25,01:30,2037.6
2025-04-25,01:45,4237.2
2025-04-25,02:00,4412.4
2025-04-25,02:15,4273.2
2025-04-25,02:30,3558
2025-04-25,02:45,4011.6
2025-04-25,03:00,4537.2
2025-04-25,03:15,4404
2025-04-25,03:30,4394.4
2025-04-25,03:45,3574.8
2025-04-25,04:00,4072.8
2025-04-25,04:15,4471.2
2025-04-25,04:30,4558.8
2025-04-25,04:45,2575.2
2025-04-25,05:00,3100.8
2025-04-25,05:15,4335.6
2025-04-25,05:30,4406.4
2025-04-25,05:45,3304.8
2025-04-25,06:00,3398.4
2025-04-25,06:15,4440
2025-04-25,06:30,3703.2
2025-04-25,06:45,3363.6
2025-04-25,07:00,4122
2025-04-25,07:15,4311.6
2025-04-25,07:30,4387.2
2025-04-25,07:45,3516
2025-04-25,08:00,2257.2
2025-04-25,08:15,1280.4
2025-04-25,08:30,1268.4
2025-04-25,08:45,937.2
2025-04-25,09:00,852
2025-04-25,09:15,860.4
2025-04-25,09:30,808.8
2025-04-25,09:45,765.6
2025-04-25,10:00,648
2025-04-25,10:15,672
2025-04-25,10:30,657.6
2025-04-25,10:45,618
2025-04-25,11:00,390
2025-04-25,11:15,468
2025-04-25,11:30,457.2
2025-04-25,11:45,534
2025-04-25,12:00,296.4
2025-04-25,12:15,405.6
2025-04-25,12:30,355.2
2025-04-25,12:45,519.6
2025-04-25,13:00,438
2025-04-25,13:15,477.6
2025-04-25,13:30,434.4
2025-04-25,13:45,542.4
2025-04-25,14:00,612
2025-04-25,14:15,654
2025-04-25,14:30,528
2025-04-25,14:45,614.4
2025-04-25,15:00,622.8
2025-04-25,15:15,825.6
2025-04-25,15:30,814.8
2025-04-25,15:45,980.4
2025-04-25,16:00,985.2
2025-04-25,16:15,1167.6
2025-04-25,16:30,1078.8
2025-04-25,16:45,1273.2
2025-04-25,17:00,1177.2
2025-04-25,17:15,1407.6
2025-04-25,17:30,1466.4
2025-04-25,17:45,1329.6
2025-04-25,18:00,1280.4
2025-04-25,18:15,1494
2025-04-25,18:30,1326
2025-04-25,18:45,1372.8
2025-04-25,19:00,1365.6
2025-04-25,19:15,1502.4
2025-04-25,19:30,1548
2025-04-25,19:45,1491.6
2025-04-25,20:00,1533.6
2025-04-25,20:15,1453.2
2025-04-25,20:30,1548
2025-04-25,20:45,1444.8
2025-04-25,21:00,1417.2
2025-04-25,21:15,1459.2
2025-04-25,21:30,2365.2
2025-04-25,21:45,2426.4
2025-04-25,22:00,5221.2
2025-04-25,22:15,5424
2025-04-25,22:30,4765.2
2025-04-25,22:45,4405.2
2025-04-25,23:00,5354.4
2025-04-25,23:15,2671.2
2025-04-25,23:30,5467.2
2025-04-25,23:45,5306.4
2025-04-26,00:00,4658.4
2025-04-26,00:15,3421.2
2025-04-26,00:30,4153.2
2025-04-26,00:45,5443.2
2025-04-26,01:00,4340.4
2025-04-26,01:15,5418
2025-04-26,01:30,3394.8
2025-04-26,01:45,5540.4
2025-04-26,02:00,5432.4
2025-04-26,02:15,5030.4
2025-04-26,02:30,3637.2
2025-04-26,02:45,5268
2025-04-26,03:00,5360.4
2025-04-26,03:15,4634.4
2025-04-26,03:30,3464.4
2025-04-26,03:45,4440
2025-04-26,04:00,4384.8
2025-04-26,04:15,4534.8
2025-04-26,04:30,5292
2025-04-26,04:45,3758.4
2025-04-26,05:00,5548.8
2025-04-26,05:15,4806
2025-04-26,05:30,3900
2025-04-26,05:45,4537.2
2025-04-26,06:00,4832.4
2025-04-26,06:15,5394
2025-04-26,06:30,3573.6
2025-04-26,06:45,5366.4
2025-04-26,07:00,3592.8
2025-04-26,07:15,3334.8
2025-04-26,07:30,2426.4
2025-04-26,07:45,2282.4
2025-04-26,08:00,1066.8
2025-04-26,08:15,926.4
2025-04-26,08:30,922.8
2025-04-26,08:45,870
2025-04-26,09:00,760.8
2025-04-26,09:15,868.8
2025-04-26,09:30,1004.4
2025-04-26,09:45,792
2025-04-26,10:00,1197.6
2025-04-26,10:15,1090.8
2025-04-26,10:30,320.4
2025-04-26,10:45,364.8
2025-04-26,11:00,306
2025-04-26,11:15,306
2025-04-26,11:30,247.2
2025-04-26,11:45,228
2025-04-26,12:00,408
2025-04-26,12:15,681.6
2025-04-26,12:30,244.8
2025-04-26,12:45,354
2025-04-26,13:00,224.4
2025-04-26,13:15,450
2025-04-26,13:30,596.4
2025-04-26,13:45,314.4
2025-04-26,14:00,350.4
2025-04-26,14:15,366
2025-04-26,14:30,592.8
2025-04-26,14:45,512.4
2025-04-26,15:00,517.2
2025-04-26,15:15,724.8
2025-04-26,15:30,822
2025-04-26,15:45,688.8
2025-04-26,16:00,738
2025-04-26,16:15,1161.6
2025-04-26,16:30,1066.8
2025-04-26,16:45,1231.2
2025-04-26,17:00,1309.2
2025-04-26,17:15,1335.6
2025-04-26,17:30,1353.6
2025-04-26,17:45,1282.8
2025-04-26,18:00,1269.6
2025-04-26,18:15,1509.6
2025-04-26,18:30,1344
2025-04-26,18:45,1350
2025-04-26,19:00,1341.6
2025-04-26,19:15,1461.6
2025-04-26,19:30,1332
2025-04-26,19:45,1563.6
2025-04-26,20:00,1353.6
2025-04-26,20:15,1545.6
2025-04-26,20:30,1604.4
2025-04-26,20:45,1461.6
2025-04-26,21:00,1342.8
2025-04-26,21:15,1441.2
2025-04-26,21:30,1459.2
2025-04-26,21:45,1405.2
2025-04-26,22:00,5241.6
2025-04-26,22:15,5100
2025-04-26,22:30,5432.4
2025-04-26,22:45,5383.2
2025-04-26,23:00,5278.8
2025-04-26,23:15,2629.2
2025-04-26,23:30,5544
2025-04-26,23:45,5445.6
2025-04-27,00:00,5420.4
2025-04-27,00:15,4369.2
2025-04-27,00:30,3949.2
2025-04-27,00:45,4477.2
2025-04-27,01:00,5364
2025-04-27,01:15,5314.8
2025-04-27,01:30,2706
2025-04-27,01:45,4165.2
2025-04-27,02:00,5337.6
2025-04-27,02:15,5443.2
2025-04-27,02:30,4416
2025-04-27,02:45,3573.6
2025-04-27,03:00,5524.8
2025-04-27,03:15,4722
2025-04-27,03:30,5564.4
2025-04-27,03:45,3294
2025-04-27,04:00,5349.6
2025-04-27,04:15,4476
2025-04-27,04:30,5540.4
2025-04-27,04:45,3514.8
2025-04-27,05:00,4560
2025-04-27,05:15,4531.2
2025-04-27,05:30,5530.8
2025-04-27,05:45,3702
2025-04-27,06:00,5094
2025-04-27,06:15,4586.4
2025-04-27,06:30,5666.4
2025-04-27,06:45,3476.4
2025-04-27,07:00,5308.8
2025-04-27,07:15,4401.6
2025-04-27,07:30,5580
2025-04-27,07:45,4480.8
2025-04-27,08:00,3362.4
2025-04-27,08:15,2241.6
2025-04-27,08:30,1246.8
2025-04-27,08:45,1399.2
2025-04-27,09:00,1413.6
2025-04-27,09:15,1381.2
2025-04-27,09:30,1136.4
2025-04-27,09:45,1340.4
2025-04-27,10:00,1234.8
2025-04-27,10:15,999.6
2025-04-27,10:30,980.4
2025-04-27,10:45,1214.4
2025-04-27,11:00,556.8
2025-04-27,11:15,667.2
2025-04-27,11:30,511.2
2025-04-27,11:45,330
2025-04-27,12:00,1059.6
2025-04-27,12:15,963.6
2025-04-27,12:30,774
2025-04-27,12:45,871.2
2025-04-27,13:00,1094.4
2025-04-27,13:15,828
2025-04-27,13:30,1221.6
2025-04-27,13:45,820.8
2025-04-27,14:00,906
2025-04-27,14:15,586.8
2025-04-27,14:30,1002
2025-04-27,14:45,974.4
2025-04-27,15:00,890.4
2025-04-27,15:15,1140
2025-04-27,15:30,1026
2025-04-27,15:45,1194
2025-04-27,16:00,1192.8
2025-04-27,16:15,1288.8
2025-04-27,16:30,1345.2
2025-04-27,16:45,1436.4
2025-04-27,17:00,1389.6
2025-04-27,17:15,1376.4
2025-04-27,17:30,1394.4
2025-04-27,17:45,1414.8
2025-04-27,18:00,1448.4
2025-04-27,18:15,1344
2025-04-27,18:30,1364.4
2025-04-27,18:45,1264.8
2025-04-27,19:00,1353.6
2025-04-27,19:15,1376.4
2025-04-27,19:30,1446
2025-04-27,19:45,1329.6
2025-04-27,20:00,1428
2025-04-27,20:15,1431.6
2025-04-27,20:30,1425.6
2025-04-27,20:45,1495.2
2025-04-27,21:00,1384.8
2025-04-27,21:15,1408.8
2025-04-27,21:30,1340.4
2025-04-27,21:45,1455.6
2025-04-27,22:00,5056.8
2025-04-27,22:15,5276.4
2025-04-27,22:30,5329.2
2025-04-27,22:45,5480.4
2025-04-27,23:00,5275.2
2025-04-27,23:15,2586
2025-04-27,23:30,5445.6
2025-04-27,23:45,5454
2025-04-28,00:00,5419.2
2025-04-28,00:15,2582.4
2025-04-28,00:30,5365.2
2025-04-28,00:45,5340
2025-04-28,01:00,5485.2
2025-04-28,01:15,5334
2025-04-28,01:30,2180.4
2025-04-28,01:45,5497.2
2025-04-28,02:00,5402.4
2025-04-28,02:15,5353.2
2025-04-28,02:30,3093.6
2025-04-28,02:45,5331.6
2025-04-28,03:00,5364
2025-04-28,03:15,5391.6
2025-04-28,03:30,5332.8
2025-04-28,03:45,1864.8
2025-04-28,04:00,5355.6
2025-04-28,04:15,5566.8
2025-04-28,04:30,5298
2025-04-28,04:45,5385.6
2025-04-28,05:00,3322.8
2025-04-28,05:15,5404.8
2025-04-28,05:30,5606.4
2025-04-28,05:45,5428.8
2025-04-28,06:00,2314.8
2025-04-28,06:15,5448
2025-04-28,06:30,5448
2025-04-28,06:45,5364
2025-04-28,07:00,4576.8
2025-04-28,07:15,4360.8
2025-04-28,07:30,4321.2
2025-04-28,07:45,5350.8
2025-04-28,08:00,3266.4
2025-04-28,08:15,3357.6
2025-04-28,08:30,1053.6
2025-04-28,08:45,1029.6
2025-04-28,09:00,1098
2025-04-28,09:15,910.8
2025-04-28,09:30,828
2025-04-28,09:45,673.2
2025-04-28,10:00,834
2025-04-28,10:15,712.8
2025-04-28,10:30,710.4
2025-04-28,10:45,520.8
2025-04-28,11:00,549.6
2025-04-28,11:15,552
2025-04-28,11:30,522
2025-04-28,11:45,442.8
2025-04-28,12:00,572.4
2025-04-28,12:15,415.2
2025-04-28,12:30,468
2025-04-28,12:45,546
2025-04-28,13:00,465.6
2025-04-28,13:15,570
2025-04-28,13:30,556.8
2025-04-28,13:45,604.8
2025-04-28,14:00,614.4
2025-04-28,14:15,673.2
2025-04-28,14:30,670.8
2025-04-28,14:45,746.4
2025-04-28,15:00,668.4
2025-04-28,15:15,973.2
2025-04-28,15:30,831.6
2025-04-28,15:45,872.4
2025-04-28,16:00,968.4
2025-04-28,16:15,1160.4
2025-04-28,16:30,1186.8
2025-04-28,16:45,1210.8
2025-04-28,17:00,1251.6
2025-04-28,17:15,1324.8
2025-04-28,17:30,1335.6
2025-04-28,17:45,1310.4
2025-04-28,18:00,1322.4
2025-04-28,18:15,1395.6
2025-04-28,18:30,1500
2025-04-28,18:45,1417.2
2025-04-28,19:00,1414.8
2025-04-28,19:15,1508.4
2025-04-28,19:30,1342.8
2025-04-28,19:45,1490.4
2025-04-28,20:00,1440
2025-04-28,20:15,1495.2
2025-04-28,20:30,1376.4
2025-04-28,20:45,1368
2025-04-28,21:00,1303.2
2025-04-28,21:15,1375.2
2025-04-28,21:30,1297.2
2025-04-28,21:45,1474.8
2025-04-28,22:00,5364
2025-04-28,22:15,5470.8
2025-04-28,22:30,5350.8
2025-04-28,22:45,5348.4
2025-04-28,23:00,5422.8
2025-04-28,23:15,2552.4
2025-04-28,23:30,4513.2
2025-04-28,23:45,5424
2025-04-29,00:00,5348.4
2025-04-29,00:15,2888.4
2025-04-29,00:30,4440
2025-04-29,00:45,5622
2025-04-29,01:00,5325.6
2025-04-29,01:15,4578
2025-04-29,01:30,4562.4
2025-04-29,01:45,4609.2
2025-04-29,02:00,5558.4
2025-04-29,02:15,5542.8
2025-04-29,02:30,3154.8
2025-04-29,02:45,5412
2025-04-29,03:00,4521.6
2025-04-29,03:15,5553.6
2025-04-29,03:30,4752
2025-04-29,03:45,3738
2025-04-29,04:00,4585.2
2025-04-29,04:15,5547.6
2025-04-29,04:30,5533.2
2025-04-29,04:45,5016
2025-04-29,05:00,5188.8
2025-04-29,05:15,5540.4
2025-04-29,05:30,5575.2
2025-04-29,05:45,3798
2025-04-29,06:00,4552.8
2025-04-29,06:15,5516.4
2025-04-29,06:30,5461.2
2025-04-29,06:45,4473.6
2025-04-29,07:00,3592.8
2025-04-29,07:15,5233.2
2025-04-29,07:30,5198.4
2025-04-29,07:45,5188.8
2025-04-29,08:00,3253.2
2025-04-29,08:15,1657.2
2025-04-29,08:30,1054.8
2025-04-29,08:45,1014
2025-04-29,09:00,847.2
2025-04-29,09:15,936
2025-04-29,09:30,1038
2025-04-29,09:45,885.6
2025-04-29,10:00,1393.2
2025-04-29,10:15,699.6
2025-04-29,10:30,734.4
2025-04-29,10:45,718.8
2025-04-29,11:00,655.2
2025-04-29,11:15,697.2
2025-04-29,11:30,552
2025-04-29,11:45,555.6
2025-04-29,12:00,441.6
2025-04-29,12:15,714
2025-04-29,12:30,576
2025-04-29,12:45,535.2
2025-04-29,13:00,534
2025-04-29,13:15,393.6
2025-04-29,13:30,498
2025-04-29,13:45,561.6
2025-04-29,14:00,502.8
2025-04-29,14:15,646.8
2025-04-29,14:30,670.8
2025-04-29,14:45,649.2
2025-04-29,15:00,890.4
2025-04-29,15:15,890.4
2025-04-29,15:30,999.6
2025-04-29,15:45,952.8
2025-04-29,16:00,1088.4
2025-04-29,16:15,1064.4
2025-04-29,16:30,1173.6
2025-04-29,16:45,1209.6
2025-04-29,17:00,1342.8
2025-04-29,17:15,1302
2025-04-29,17:30,1326
2025-04-29,17:45,1449.6
2025-04-29,18:00,1376.4
2025-04-29,18:15,1464
2025-04-29,18:30,1324.8
2025-04-29,18:45,1491.6
2025-04-29,19:00,1424.4
2025-04-29,19:15,1482
2025-04-29,19:30,1455.6
2025-04-29,19:45,1544.4
2025-04-29,20:00,1335.6
2025-04-29,20:15,1486.8
2025-04-29,20:30,1425.6
2025-04-29,20:45,1513.2
2025-04-29,21:00,1532.4
2025-04-29,21:15,1560
2025-04-29,21:30,1578
2025-04-29,21:45,1563.6
2025-04-29,22:00,5419.2
2025-04-29,22:15,5102.4
2025-04-29,22:30,5443.2
2025-04-29,22:45,5524.8
2025-04-29,23:00,5558.4
2025-04-29,23:15,1950
2025-04-29,23:30,5283.6
2025-04-29,23:45,5559.6
2025-04-30,00:00,5426.4
2025-04-30,00:15,5386.8
2025-04-30,00:30,3301.2
2025-04-30,00:45,5463.6
2025-04-30,01:00,5382
2025-04-30,01:15,5403.6
2025-04-30,01:30,3564
2025-04-30,01:45,4376.4
2025-04-30,02:00,5431.2
2025-04-30,02:15,5467.2
2025-04-30,02:30,5343.6
2025-04-30,02:45,4112.4
2025-04-30,03:00,5358
2025-04-30,03:15,5505.6
2025-04-30,03:30,5407.2
2025-04-30,03:45,1934.4
2025-04-30,04:00,5302.8
2025-04-30,04:15,5703.6
2025-04-30,04:30,5389.2
2025-04-30,04:45,2828.4
2025-04-30,05:00,5348.4
2025-04-30,05:15,5482.8
2025-04-30,05:30,5514
2025-04-30,05:45,4740
2025-04-30,06:00,3678
2025-04-30,06:15,5515.2
2025-04-30,06:30,5497.2
2025-04-30,06:45,3768
2025-04-30,07:00,4530
2025-04-30,07:15,5266.8
2025-04-30,07:30,5181.6
2025-04-30,07:45,2332.8
2025-04-30,08:00,1513.2
2025-04-30,08:15,1070.4
2025-04-30,08:30,1057.2
2025-04-30,08:45,1020
2025-04-30,09:00,1000.8
2025-04-30,09:15,1026
2025-04-30,09:30,855.6
2025-04-30,09:45,922.8
2025-04-30,10:00,850.8
2025-04-30,10:15,644.4
2025-04-30,10:30,573.6
2025-04-30,10:45,535.2
2025-04-30,11:00,824.4
2025-04-30,11:15,801.6
2025-04-30,11:30,907.2
2025-04-30,11:45,842.4
2025-04-30,12:00,831.6
2025-04-30,12:15,963.6
2025-04-30,12:30,888
2025-04-30,12:45,910.8
2025-04-30,13:00,1026
2025-04-30,13:15,982.8
2025-04-30,13:30,1078.8
2025-04-30,13:45,1092
2025-04-30,14:00,1111.2
2025-04-30,14:15,1099.2
2025-04-30,14:30,1114.8
2025-04-30,14:45,1186.8
2025-04-30,15:00,1381.2
2025-04-30,15:15,1210.8
2025-04-30,15:30,1369.2
2025-04-30,15:45,1411.2
2025-04-30,16:00,1327.2
2025-04-30,16:15,1353.6
2025-04-30,16:30,1338
2025-04-30,16:45,1394.4
2025-04-30,17:00,1442.4
2025-04-30,17:15,1501.2
2025-04-30,17:30,1346.4
2025-04-30,17:45,1552.8
2025-04-30,18:00,1359.6
2025-04-30,18:15,1306.8
2025-04-30,18:30,1428
2025-04-30,18:45,1389.6
2025-04-30,19:00,1450.8
2025-04-30,19:15,1414.8
2025-04-30,19:30,1378.8
2025-04-30,19:45,1477.2
2025-04-30,20:00,1452
2025-04-30,20:15,1515.6
2025-04-30,20:30,1430.4
2025-04-30,20:45,1392
2025-04-30,21:00,1458
2025-04-30,21:15,1346.4
2025-04-30,21:30,1401.6
2025-04-30,21:45,1381.2
2025-04-30,22:00,5240.4
2025-04-30,22:15,5104.8
2025-04-30,22:30,5235.6
2025-04-30,22:45,5298
2025-04-30,23:00,5298
2025-04-30,23:15,2358
2025-04-30,23:30,5048.4
2025-04-30,23:45,5324.4
2025-05-01,00:00,5404.8
2025-05-01,00:15,5248.8
2025-05-01,00:30,1964.4
2025-05-01,00:45,5388
2025-05-01,01:00,5496
2025-05-01,01:15,5294.4
2025-05-01,01:30,3621.6
2025-05-01,01:45,4957.2
2025-05-01,02:00,5457.6
2025-05-01,02:15,5454
2025-05-01,02:30,5323.2
2025-05-01,02:45,2856
2025-05-01,03:00,5496
2025-05-01,03:15,5385.6
2025-05-01,03:30,5474.4
2025-05-01,03:45,4742.4
2025-05-01,04:00,4242
2025-05-01,04:15,5458.8
2025-05-01,04:30,5494.8
2025-05-01,04:45,5491.2
2025-05-01,05:00,2392.8
2025-05-01,05:15,5406
2025-05-01,05:30,5449.2
2025-05-01,05:45,4747.2
2025-05-01,06:00,5469.6
2025-05-01,06:15,5112
2025-05-01,06:30,5287.2
2025-05-01,06:45,5290.8
2025-05-01,07:00,5332.8
2025-05-01,07:15,4345.2
2025-05-01,07:30,5340
2025-05-01,07:45,4372.8
2025-05-01,08:00,3388.8
2025-05-01,08:15,1512
2025-05-01,08:30,1335.6
2025-05-01,08:45,1351.2
2025-05-01,09:00,1142.4
2025-05-01,09:15,1276.8
2025-05-01,09:30,492
2025-05-01,09:45,898.8
2025-05-01,10:00,590.4
2025-05-01,10:15,746.4
2025-05-01,10:30,528
2025-05-01,10:45,514.8
2025-05-01,11:00,460.8
2025-05-01,11:15,345.6
2025-05-01,11:30,390
2025-05-01,11:45,417.6
2025-05-01,12:00,328.8
2025-05-01,12:15,463.2
2025-05-01,12:30,403.2
2025-05-01,12:45,494.4
2025-05-01,13:00,595.2
2025-05-01,13:15,454.8
2025-05-01,13:30,522
2025-05-01,13:45,585.6
2025-05-01,14:00,506.4
2025-05-01,14:15,662.4
2025-05-01,14:30,1362
2025-05-01,14:45,738
2025-05-01,15:00,1341.6
2025-05-01,15:15,897.6
2025-05-01,15:30,874.8
2025-05-01,15:45,1134
2025-05-01,16:00,1036.8
2025-05-01,16:15,1473.6
2025-05-01,16:30,1297.2
2025-05-01,16:45,1306.8
2025-05-01,17:00,1166.4
2025-05-01,17:15,1378.8
2025-05-01,17:30,1276.8
2025-05-01,17:45,1506
2025-05-01,18:00,1464
2025-05-01,18:15,1353.6
2025-05-01,18:30,1368
2025-05-01,18:45,1297.2
2025-05-01,19:00,1422
2025-05-01,19:15,1413.6
2025-05-01,19:30,1407.6
2025-05-01,19:45,1411.2
2025-05-01,20:00,1382.4
2025-05-01,20:15,1422
2025-05-01,20:30,1479.6
2025-05-01,20:45,1396.8
2025-05-01,21:00,1408.8
2025-05-01,21:15,1384.8
2025-05-01,21:30,1426.8
2025-05-01,21:45,1352.4
2025-05-01,22:00,1414.8
2025-05-01,22:15,1368
2025-05-01,22:30,1404
2025-05-01,22:45,1209.6
2025-05-01,23:00,1078.8
2025-05-01,23:15,954
2025-05-01,23:30,1024.8
2025-05-01,23:45,872.4
2025-05-02,00:00,912
2025-05-02,00:15,921.6
2025-05-02,00:30,775.2
2025-05-02,00:45,853.2
2025-05-02,01:00,650.4
2025-05-02,01:15,607.2
2025-05-02,01:30,411.6
2025-05-02,01:45,325.2
2025-05-02,02:00,150
2025-05-02,02:15,182.4
2025-05-02,02:30,134.4
2025-05-02,02:45,140.4
2025-05-02,03:00,128.4
2025-05-02,03:15,132
2025-05-02,03:30,88.8
2025-05-02,03:45,92.4
2025-05-02,04:00,72
2025-05-02,04:15,62.4
2025-05-02,04:30,79.2
2025-05-02,04:45,70.8
2025-05-02,05:00,62.4
2025-05-02,05:15,70.8
2025-05-02,05:30,73.2
2025-05-02,05:45,72
2025-05-02,06:00,43.2
2025-05-02,06:15,-6
2025-05-02,06:30,-48
2025-05-02,06:45,-121.2
2025-05-02,07:00,-177.6
2025-05-02,07:15,-246
2025-05-02,07:30,-290.4
2025-05-02,07:45,0
2025-05-02,08:00,0
2025-05-02,08:15,0
2025-05-02,08:30,0
2025-05-02,08:45,0
2025-05-02,09:00,0
2025-05-02,09:15,0
2025-05-02,09:30,0
2025-05-02,09:45,0
2025-05-02,10:00,0
2025-05-02,10:15,0
2025-05-02,10:30,0
2025-05-02,10:45,0
2025-05-02,11:00,0
2025-05-02,11:15,0
2025-05-02,11:30,0
2025-05-02,11:45,0
2025-05-02,12:00,0
2025-05-02,12:15,0
2025-05-02,12:30,0
2025-05-02,12:45,0
2025-05-02,13:00,0
2025-05-02,13:15,0
2025-05-02,13:30,0
2025-05-02,13:45,0
2025-05-02,14:00,0
2025-05-02,14:15,0
2025-05-02,14:30,0
2025-05-02,14:45,0
2025-05-02,15:00,0
2025-05-02,15:15,0
2025-05-02,15:30,0
2025-05-02,15:45,0
2025-05-02,16:00,0
2025-05-02,16:15,0
2025-05-02,16:30,0
2025-05-02,16:45,0
2025-05-02,17:00,0
2025-05-02,17:15,0
2025-05-02,17:30,0
2025-05-02,17:45,0
2025-05-02,18:00,0
2025-05-02,18:15,0
2025-05-02,18:30,0
2025-05-02,18:45,0
2025-05-02,19:00,0
2025-05-02,19:15,0
2025-05-02,19:30,0
2025-05-02,19:45,0
2025-05-02,20:00,0
2025-05-02,20:15,0
2025-05-02,20:30,0
2025-05-02,20:45,0
2025-05-02,21:00,25.2
2025-05-02,21:15,73.2
2025-05-02,21:30,73.2
2025-05-02,21:45,62.4
2025-05-02,22:00,3350.4
2025-05-02,22:15,2924.4
2025-05-02,22:30,2794.8
2025-05-02,22:45,2427.6
2025-05-02,23:00,2072.4
2025-05-02,23:15,2244
2025-05-02,23:30,1806
2025-05-02,23:45,1634.4
2025-05-03,00:00,1519.2
2025-05-03,00:15,1521.6
2025-05-03,00:30,1552.8
2025-05-03,00:45,1621.2
2025-05-03,01:00,1408.8
2025-05-03,01:15,1524
2025-05-03,01:30,1497.6
2025-05-03,01:45,1370.4
2025-05-03,02:00,1626
2025-05-03,02:15,1537.2
2025-05-03,02:30,1551.6
2025-05-03,02:45,1548
2025-05-03,03:00,1472.4
2025-05-03,03:15,1648.8
2025-05-03,03:30,1491.6
2025-05-03,03:45,1500
2025-05-03,04:00,1514.4
2025-05-03,04:15,1506
2025-05-03,04:30,1560
2025-05-03,04:45,1657.2
2025-05-03,05:00,1537.2
2025-05-03,05:15,1580.4
2025-05-03,05:30,1552.8
2025-05-03,05:45,1513.2
2025-05-03,06:00,1485.6
2025-05-03,06:15,1442.4
2025-05-03,06:30,1540.8
2025-05-03,06:45,1539.6
2025-05-03,07:00,1609.2
2025-05-03,07:15,1641.6
2025-05-03,07:30,1641.6
2025-05-03,07:45,1588.8
2025-05-03,08:00,1780.8
2025-05-03,08:15,1756.8
2025-05-03,08:30,1689.6
2025-05-03,08:45,1828.8
2025-05-03,09:00,1713.6
2025-05-03,09:15,1705.2
2025-05-03,09:30,1548
2025-05-03,09:45,1591.2
2025-05-03,10:00,1584
2025-05-03,10:15,1708.8
2025-05-03,10:30,1563.6
2025-05-03,10:45,1632
2025-05-03,11:00,1760.4
2025-05-03,11:15,1502.4
2025-05-03,11:30,1695.6
2025-05-03,11:45,1537.2
2025-05-03,12:00,1551.6
2025-05-03,12:15,1743.6
2025-05-03,12:30,1576.8
2025-05-03,12:45,1750.8
2025-05-03,13:00,1496.4
2025-05-03,13:15,1056
2025-05-03,13:30,559.2
2025-05-03,13:45,679.2
2025-05-03,14:00,837.6
2025-05-03,14:15,920.4
2025-05-03,14:30,841.2
2025-05-03,14:45,723.6
2025-05-03,15:00,910.8
2025-05-03,15:15,936
2025-05-03,15:30,890.4
2025-05-03,15:45,1074
2025-05-03,16:00,1051.2
2025-05-03,16:15,1220.4
2025-05-03,16:30,1249.2
2025-05-03,16:45,1262.4
2025-05-03,17:00,1272
2025-05-03,17:15,1426.8
2025-05-03,17:30,1424.4
2025-05-03,17:45,1401.6
2025-05-03,18:00,1452
2025-05-03,18:15,1658.4
2025-05-03,18:30,1501.2
2025-05-03,18:45,1461.6
2025-05-03,19:00,1550.4
2025-05-03,19:15,1465.2
2025-05-03,19:30,1480.8
2025-05-03,19:45,1537.2
2025-05-03,20:00,1384.8
2025-05-03,20:15,1486.8
2025-05-03,20:30,1506
2025-05-03,20:45,1575.6
2025-05-03,21:00,1437.6
2025-05-03,21:15,1335.6
2025-05-03,21:30,1455.6
2025-05-03,21:45,1246.8
2025-05-03,22:00,1423.2
2025-05-03,22:15,1302
2025-05-03,22:30,1364.4
2025-05-03,22:45,1342.8
2025-05-03,23:00,5263.2
2025-05-03,23:15,5223.6
2025-05-03,23:30,5419.2
2025-05-03,23:45,5352
2025-05-04,00:00,5392.8
2025-05-04,00:15,1953.6
2025-05-04,00:30,5456.4
2025-05-04,00:45,5404.8
2025-05-04,01:00,5433.6
2025-05-04,01:15,5347.2
2025-05-04,01:30,2864.4
2025-05-04,01:45,5355.6
2025-05-04,02:00,5313.6
2025-05-04,02:15,5440.8
2025-05-04,02:30,4448.4
2025-05-04,02:45,4372.8
2025-05-04,03:00,5457.6
2025-05-04,03:15,5412
2025-05-04,03:30,5374.8
2025-05-04,03:45,3987.6
2025-05-04,04:00,5370
2025-05-04,04:15,5468.4
2025-05-04,04:30,5467.2
2025-05-04,04:45,4502.4
2025-05-04,05:00,4302
2025-05-04,05:15,5383.2
2025-05-04,05:30,5469.6
2025-05-04,05:45,5397.6
2025-05-04,06:00,3493.2
2025-05-04,06:15,5403.6
2025-05-04,06:30,5409.6
2025-05-04,06:45,4410
2025-05-04,07:00,4220.4
2025-05-04,07:15,5173.2
2025-05-04,07:30,5208
2025-05-04,07:45,5146.8
2025-05-04,08:00,4294.8
2025-05-04,08:15,1380
2025-05-04,08:30,938.4
2025-05-04,08:45,1023.6
2025-05-04,09:00,788.4
2025-05-04,09:15,836.4
2025-05-04,09:30,781.2
2025-05-04,09:45,800.4
2025-05-04,10:00,621.6
2025-05-04,10:15,738
2025-05-04,10:30,692.4
2025-05-04,10:45,926.4
2025-05-04,11:00,596.4
2025-05-04,11:15,742.8
2025-05-04,11:30,620.4
2025-05-04,11:45,463.2
2025-05-04,12:00,618
2025-05-04,12:15,492
2025-05-04,12:30,492
2025-05-04,12:45,708
2025-05-04,13:00,750
2025-05-04,13:15,870
2025-05-04,13:30,807.6
2025-05-04,13:45,712.8
2025-05-04,14:00,691.2
2025-05-04,14:15,819.6
2025-05-04,14:30,760.8
2025-05-04,14:45,915.6
2025-05-04,15:00,882
2025-05-04,15:15,1065.6
2025-05-04,15:30,966
2025-05-04,15:45,1059.6
2025-05-04,16:00,975.6
2025-05-04,16:15,1257.6
2025-05-04,16:30,1080
2025-05-04,16:45,1070.4
2025-05-04,17:00,1170
2025-05-04,17:15,1371.6
2025-05-04,17:30,1221.6
2025-05-04,17:45,1327.2
2025-05-04,18:00,1484.4
2025-05-04,18:15,1341.6
2025-05-04,18:30,1390.8
2025-05-04,18:45,1272
2025-05-04,19:00,1338
2025-05-04,19:15,1406.4
2025-05-04,19:30,1377.6
2025-05-04,19:45,1360.8
2025-05-04,20:00,1473.6
2025-05-04,20:15,1304.4
2025-05-04,20:30,1377.6
2025-05-04,20:45,1360.8
2025-05-04,21:00,1399.2
2025-05-04,21:15,1294.8
2025-05-04,21:30,1269.6
2025-05-04,21:45,1370.4
2025-05-04,22:00,1416
2025-05-04,22:15,1371.6
2025-05-04,22:30,1334.4
2025-05-04,22:45,1401.6
2025-05-04,23:00,5212.8
2025-05-04,23:15,5358
2025-05-04,23:30,5197.2
2025-05-04,23:45,5458.8
2025-05-05,00:00,5366.4
2025-05-05,00:15,1903.2
2025-05-05,00:30,5289.6
2025-05-05,00:45,5197.2
2025-05-05,01:00,5476.8
2025-05-05,01:15,5257.2
2025-05-05,01:30,2310
2025-05-05,01:45,5122.8
2025-05-05,02:00,5461.2
2025-05-05,02:15,5499.6
2025-05-05,02:30,4515.6
2025-05-05,02:45,3614.4
2025-05-05,03:00,5436
2025-05-05,03:15,5427.6
2025-05-05,03:30,5527.2
2025-05-05,03:45,4494
2025-05-05,04:00,3632.4
2025-05-05,04:15,5418
2025-05-05,04:30,5506.8
2025-05-05,04:45,5521.2
2025-05-05,05:00,3534
2025-05-05,05:15,5209.2
2025-05-05,05:30,4647.6
2025-05-05,05:45,4620
2025-05-05,06:00,5496
2025-05-05,06:15,3679.2
2025-05-05,06:30,5011.2
2025-05-05,06:45,5414.4
2025-05-05,07:00,4717.2
2025-05-05,07:15,3718.8
2025-05-05,07:30,4633.2
2025-05-05,07:45,5618.4
2025-05-05,08:00,5431.2
2025-05-05,08:15,2854.8
2025-05-05,08:30,2402.4
2025-05-05,08:45,1597.2
2025-05-05,09:00,1570.8
2025-05-05,09:15,1466.4
2025-05-05,09:30,1190.4
2025-05-05,09:45,1672.8
2025-05-05,10:00,1364.4
2025-05-05,10:15,1548
2025-05-05,10:30,1442.4
2025-05-05,10:45,1278
2025-05-05,11:00,1273.2
2025-05-05,11:15,1381.2
2025-05-05,11:30,1305.6
2025-05-05,11:45,1299.6
2025-05-05,12:00,1129.2
2025-05-05,12:15,1186.8
2025-05-05,12:30,1316.4
2025-05-05,12:45,1290
2025-05-05,13:00,1393.2
2025-05-05,13:15,1332
2025-05-05,13:30,1430.4
2025-05-05,13:45,1368
2025-05-05,14:00,1336.8
2025-05-05,14:15,1225.2
2025-05-05,14:30,1185.6
2025-05-05,14:45,1003.2
2025-05-05,15:00,1305.6
2025-05-05,15:15,1339.2
2025-05-05,15:30,1274.4
2025-05-05,15:45,1236
2025-05-05,16:00,1052.4
2025-05-05,16:15,1160.4
2025-05-05,16:30,1022.4
2025-05-05,16:45,1412.4
2025-05-05,17:00,1228.8
2025-05-05,17:15,1275.6
2025-05-05,17:30,1330.8
2025-05-05,17:45,1244.4
2025-05-05,18:00,1309.2
2025-05-05,18:15,1210.8
2025-05-05,18:30,1303.2
2025-05-05,18:45,1389.6
2025-05-05,19:00,1375.2
2025-05-05,19:15,1410
2025-05-05,19:30,1212
2025-05-05,19:45,1350
2025-05-05,20:00,1268.4
2025-05-05,20:15,1238.4
2025-05-05,20:30,1411.2
2025-05-05,20:45,1323.6
2025-05-05,21:00,1316.4
2025-05-05,21:15,1242
2025-05-05,21:30,1388.4
2025-05-05,21:45,1297.2
2025-05-05,22:00,1329.6
2025-05-05,22:15,1326
2025-05-05,22:30,1275.6
2025-05-05,22:45,1335.6
2025-05-05,23:00,2448
2025-05-05,23:15,5190
2025-05-05,23:30,5247.6
2025-05-05,23:45,5192.4
2025-05-06,00:00,5265.6
2025-05-06,00:15,1873.2
2025-05-06,00:30,5317.2
2025-05-06,00:45,5203.2
2025-05-06,01:00,5358
2025-05-06,01:15,4369.2
2025-05-06,01:30,3214.8
2025-05-06,01:45,5317.2
2025-05-06,02:00,5348.4
2025-05-06,02:15,5408.4
2025-05-06,02:30,2719.2
2025-05-06,02:45,4374
2025-05-06,03:00,5337.6
2025-05-06,03:15,5353.2
2025-05-06,03:30,4584
2025-05-06,03:45,3280.8
2025-05-06,04:00,5366.4
2025-05-06,04:15,5427.6
2025-05-06,04:30,5442
2025-05-06,04:45,5422.8
2025-05-06,05:00,3951.6
2025-05-06,05:15,5377.2
2025-05-06,05:30,5296.8
2025-05-06,05:45,3870
2025-05-06,06:00,3616.8
2025-05-06,06:15,5353.2
2025-05-06,06:30,5402.4
2025-05-06,06:45,3698.4
2025-05-06,07:00,3482.4
2025-05-06,07:15,5122.8
2025-05-06,07:30,4984.8
2025-05-06,07:45,4071.6
2025-05-06,08:00,2136
2025-05-06,08:15,1183.2
2025-05-06,08:30,992.4
2025-05-06,08:45,1074
2025-05-06,09:00,1244.4
2025-05-06,09:15,992.4
2025-05-06,09:30,741.6
2025-05-06,09:45,724.8
2025-05-06,10:00,813.6
2025-05-06,10:15,763.2
2025-05-06,10:30,721.2
2025-05-06,10:45,688.8
2025-05-06,11:00,937.2
2025-05-06,11:15,1060.8
2025-05-06,11:30,454.8
2025-05-06,11:45,1339.2
2025-05-06,12:00,1154.4
2025-05-06,12:15,866.4
2025-05-06,12:30,992.4
2025-05-06,12:45,867.6
2025-05-06,13:00,1015.2
2025-05-06,13:15,386.4
2025-05-06,13:30,801.6
2025-05-06,13:45,304.8
2025-05-06,14:00,454.8
2025-05-06,14:15,439.2
2025-05-06,14:30,528
2025-05-06,14:45,732
2025-05-06,15:00,537.6
2025-05-06,15:15,771.6
2025-05-06,15:30,651.6
2025-05-06,15:45,885.6
2025-05-06,16:00,1054.8
2025-05-06,16:15,1094.4
2025-05-06,16:30,1117.2
2025-05-06,16:45,1150.8
2025-05-06,17:00,1094.4
2025-05-06,17:15,1156.8
2025-05-06,17:30,1197.6
2025-05-06,17:45,1239.6
2025-05-06,18:00,1368
2025-05-06,18:15,1452
2025-05-06,18:30,1290
2025-05-06,18:45,1394.4
2025-05-06,19:00,1426.8
2025-05-06,19:15,1419.6
2025-05-06,19:30,1491.6
2025-05-06,19:45,1407.6
2025-05-06,20:00,1400.4
2025-05-06,20:15,1365.6
2025-05-06,20:30,1317.6
2025-05-06,20:45,1496.4
2025-05-06,21:00,1305.6
2025-05-06,21:15,1416
2025-05-06,21:30,1372.8
2025-05-06,21:45,1329.6
2025-05-06,22:00,1329.6
2025-05-06,22:15,1459.2
2025-05-06,22:30,1245.6
2025-05-06,22:45,1296
2025-05-06,23:00,5191.2
2025-05-06,23:15,5192.4
2025-05-06,23:30,5239.2
2025-05-06,23:45,5378.4
2025-05-07,00:00,5590.8
2025-05-07,00:15,2509.2
2025-05-07,00:30,5245.2
2025-05-07,00:45,5313.6
2025-05-07,01:00,5269.2
2025-05-07,01:15,3652.8
2025-05-07,01:30,3618
2025-05-07,01:45,5146.8
2025-05-07,02:00,5422.8
2025-05-07,02:15,5294.4
2025-05-07,02:30,3450
2025-05-07,02:45,4602
2025-05-07,03:00,5331.6
2025-05-07,03:15,5360.4
2025-05-07,03:30,4435.2
2025-05-07,03:45,4498.8
2025-05-07,04:00,4878
2025-05-07,04:15,5545.2
2025-05-07,04:30,5449.2
2025-05-07,04:45,3739.2
2025-05-07,05:00,4105.2
2025-05-07,05:15,5540.4
2025-05-07,05:30,5448
2025-05-07,05:45,4726.8
2025-05-07,06:00,4471.2
2025-05-07,06:15,4560
2025-05-07,06:30,5416.8
2025-05-07,06:45,4636.8
2025-05-07,07:00,4537.2
2025-05-07,07:15,5224.8
2025-05-07,07:30,5205.6
2025-05-07,07:45,3541.2
2025-05-07,08:00,3063.6
2025-05-07,08:15,1204.8
2025-05-07,08:30,939.6
2025-05-07,08:45,1131.6
2025-05-07,09:00,904.8
2025-05-07,09:15,937.2
2025-05-07,09:30,1008
2025-05-07,09:45,924
2025-05-07,10:00,960
2025-05-07,10:15,794.4
2025-05-07,10:30,534
2025-05-07,10:45,572.4
2025-05-07,11:00,612
2025-05-07,11:15,518.4
2025-05-07,11:30,517.2
2025-05-07,11:45,530.4
2025-05-07,12:00,613.2
2025-05-07,12:15,562.8
2025-05-07,12:30,549.6
2025-05-07,12:45,609.6
2025-05-07,13:00,621.6
2025-05-07,13:15,476.4
2025-05-07,13:30,618
2025-05-07,13:45,571.2
2025-05-07,14:00,561.6
2025-05-07,14:15,664.8
2025-05-07,14:30,691.2
2025-05-07,14:45,775.2
2025-05-07,15:00,710.4
2025-05-07,15:15,919.2
2025-05-07,15:30,813.6
2025-05-07,15:45,958.8
2025-05-07,16:00,990
2025-05-07,16:15,1173.6
2025-05-07,16:30,1032
2025-05-07,16:45,1099.2
2025-05-07,17:00,1274.4
2025-05-07,17:15,1359.6
2025-05-07,17:30,1106.4
2025-05-07,17:45,1320
2025-05-07,18:00,1310.4
2025-05-07,18:15,1266
2025-05-07,18:30,1458
2025-05-07,18:45,1306.8
2025-05-07,19:00,1376.4
2025-05-07,19:15,1276.8
2025-05-07,19:30,1465.2
2025-05-07,19:45,1458
2025-05-07,20:00,1399.2
2025-05-07,20:15,1407.6
2025-05-07,20:30,1333.2
2025-05-07,20:45,1534.8
2025-05-07,21:00,1334.4
2025-05-07,21:15,1466.4
2025-05-07,21:30,1296
2025-05-07,21:45,1392
2025-05-07,22:00,1384.8
2025-05-07,22:15,1357.2
2025-05-07,22:30,1483.2
2025-05-07,22:45,1378.8
2025-05-07,23:00,5110.8
2025-05-07,23:15,4381.2
2025-05-07,23:30,5368.8
2025-05-07,23:45,5445.6
2025-05-08,00:00,5384.4
2025-05-08,00:15,2575.2
2025-05-08,00:30,5361.6
2025-05-08,00:45,5313.6
2025-05-08,01:00,5365.2
2025-05-08,01:15,5358
2025-05-08,01:30,4473.6
2025-05-08,01:45,5142
2025-05-08,02:00,5420.4
2025-05-08,02:15,5425.2
2025-05-08,02:30,5420.4
2025-05-08,02:45,4268.4
2025-05-08,03:00,5204.4
2025-05-08,03:15,4516.8
2025-05-08,03:30,4386
2025-05-08,03:45,3536.4
2025-05-08,04:00,5440.8
2025-05-08,04:15,4662
2025-05-08,04:30,5443.2
2025-05-08,04:45,4521.6
2025-05-08,05:00,4156.8
2025-05-08,05:15,5458.8
2025-05-08,05:30,5382
2025-05-08,05:45,5354.4
2025-05-08,06:00,3874.8
2025-05-08,06:15,5314.8
2025-05-08,06:30,5458.8
2025-05-08,06:45,5354.4
2025-05-08,07:00,3717.6
2025-05-08,07:15,4538.4
2025-05-08,07:30,5444.4
2025-05-08,07:45,5386.8
2025-05-08,08:00,3566.4
2025-05-08,08:15,1746
2025-05-08,08:30,1466.4
2025-05-08,08:45,1567.2
2025-05-08,09:00,1408.8
2025-05-08,09:15,1387.2
2025-05-08,09:30,1464
2025-05-08,09:45,1538.4
2025-05-08,10:00,1303.2
2025-05-08,10:15,1532.4
2025-05-08,10:30,1364.4
2025-05-08,10:45,1656
2025-05-08,11:00,1389.6
2025-05-08,11:15,1527.6
2025-05-08,11:30,1414.8
2025-05-08,11:45,1417.2
2025-05-08,12:00,1443.6
2025-05-08,12:15,1339.2
2025-05-08,12:30,1489.2
2025-05-08,12:45,1377.6
2025-05-08,13:00,1315.2
2025-05-08,13:15,1230
2025-05-08,13:30,1465.2
2025-05-08,13:45,1375.2
2025-05-08,14:00,1338
2025-05-08,14:15,1542
2025-05-08,14:30,1317.6
2025-05-08,14:45,1345.2
2025-05-08,15:00,1256.4
2025-05-08,15:15,1534.8
2025-05-08,15:30,1392
2025-05-08,15:45,1382.4
2025-05-08,16:00,1324.8
2025-05-08,16:15,1357.2
2025-05-08,16:30,1305.6
2025-05-08,16:45,1302
2025-05-08,17:00,1346.4
2025-05-08,17:15,1292.4
2025-05-08,17:30,1375.2
2025-05-08,17:45,1401.6
2025-05-08,18:00,1340.4
2025-05-08,18:15,1237.2
2025-05-08,18:30,1449.6
2025-05-08,18:45,1365.6
2025-05-08,19:00,1501.2
2025-05-08,19:15,1420.8
2025-05-08,19:30,1503.6
2025-05-08,19:45,1437.6
2025-05-08,20:00,1518
2025-05-08,20:15,1551.6
2025-05-08,20:30,1501.2
2025-05-08,20:45,1431.6
2025-05-08,21:00,1398
2025-05-08,21:15,1372.8
2025-05-08,21:30,1359.6
2025-05-08,21:45,1496.4
2025-05-08,22:00,1419.6
2025-05-08,22:15,1407.6
2025-05-08,22:30,2310
2025-05-08,22:45,2278.8
2025-05-08,23:00,5296.8
2025-05-08,23:15,4430.4
2025-05-08,23:30,4645.2
2025-05-08,23:45,4563.6
2025-05-09,00:00,5264.4
2025-05-09,00:15,2666.4
2025-05-09,00:30,5355.6
2025-05-09,00:45,5407.2
2025-05-09,01:00,5401.2
2025-05-09,01:15,4770
2025-05-09,01:30,3320.4
2025-05-09,01:45,5404.8
2025-05-09,02:00,4676.4
2025-05-09,02:15,5358
2025-05-09,02:30,3751.2
2025-05-09,02:45,5064
2025-05-09,03:00,5432.4
2025-05-09,03:15,5350.8
2025-05-09,03:30,5569.2
2025-05-09,03:45,3453.6
2025-05-09,04:00,5554.8
2025-05-09,04:15,4507.2
2025-05-09,04:30,5392.8
2025-05-09,04:45,5595.6
2025-05-09,05:00,4563.6
2025-05-09,05:15,5396.4
2025-05-09,05:30,5474.4
2025-05-09,05:45,5304
2025-05-09,06:00,3554.4
2025-05-09,06:15,4627.2
2025-05-09,06:30,4706.4
2025-05-09,06:45,5391.6
2025-05-09,07:00,3902.4
2025-05-09,07:15,5472
2025-05-09,07:30,4227.6
2025-05-09,07:45,4480.8
2025-05-09,08:00,4617.6
2025-05-09,08:15,2680.8
2025-05-09,08:30,1660.8
2025-05-09,08:45,1594.8
2025-05-09,09:00,1544.4
2025-05-09,09:15,1479.6
2025-05-09,09:30,1315.2
2025-05-09,09:45,1395.6
2025-05-09,10:00,1441.2
2025-05-09,10:15,1436.4
2025-05-09,10:30,1252.8
2025-05-09,10:45,1473.6
2025-05-09,11:00,1473.6
2025-05-09,11:15,1410
2025-05-09,11:30,1075.2
2025-05-09,11:45,1491.6
2025-05-09,12:00,961.2
2025-05-09,12:15,940.8
2025-05-09,12:30,180
2025-05-09,12:45,1322.4
2025-05-09,13:00,1406.4
2025-05-09,13:15,1212
2025-05-09,13:30,997.2
2025-05-09,13:45,417.6
2025-05-09,14:00,1130.4
2025-05-09,14:15,1150.8
2025-05-09,14:30,1058.4
2025-05-09,14:45,964.8
2025-05-09,15:00,740.4
2025-05-09,15:15,579.6
2025-05-09,15:30,687.6
2025-05-09,15:45,840
2025-05-09,16:00,931.2
2025-05-09,16:15,1058.4
2025-05-09,16:30,1046.4
2025-05-09,16:45,1153.2
2025-05-09,17:00,1209.6
2025-05-09,17:15,1280.4
2025-05-09,17:30,1306.8
2025-05-09,17:45,1256.4
2025-05-09,18:00,1228.8
2025-05-09,18:15,1322.4
2025-05-09,18:30,1300.8
2025-05-09,18:45,1419.6
2025-05-09,19:00,1395.6
2025-05-09,19:15,1466.4
2025-05-09,19:30,1484.4
2025-05-09,19:45,1363.2
2025-05-09,20:00,1393.2
2025-05-09,20:15,1404
2025-05-09,20:30,1414.8
2025-05-09,20:45,1398
2025-05-09,21:00,1352.4
2025-05-09,21:15,1365.6
2025-05-09,21:30,1452
2025-05-09,21:45,1276.8
2025-05-09,22:00,1483.2
2025-05-09,22:15,1420.8
2025-05-09,22:30,1354.8
2025-05-09,22:45,1267.2
2025-05-09,23:00,1405.2
2025-05-09,23:15,1420.8
2025-05-09,23:30,1360.8
2025-05-09,23:45,1467.6
2025-05-10,00:00,1425.6
2025-05-10,00:15,1311.6
2025-05-10,00:30,1531.2
2025-05-10,00:45,1304.4
2025-05-10,01:00,1399.2
2025-05-10,01:15,1377.6
2025-05-10,01:30,1464
2025-05-10,01:45,1306.8
2025-05-10,02:00,1416
2025-05-10,02:15,1392
2025-05-10,02:30,1406.4
2025-05-10,02:45,1342.8
2025-05-10,03:00,1381.2
2025-05-10,03:15,1378.8
2025-05-10,03:30,1356
2025-05-10,03:45,1401.6
2025-05-10,04:00,1560
2025-05-10,04:15,1472.4
2025-05-10,04:30,1431.6
2025-05-10,04:45,1486.8
2025-05-10,05:00,1418.4
2025-05-10,05:15,1460.4
2025-05-10,05:30,1549.2
2025-05-10,05:45,1550.4
2025-05-10,06:00,1482
2025-05-10,06:15,1422
2025-05-10,06:30,1348.8
2025-05-10,06:45,1221.6
2025-05-10,07:00,1285.2
2025-05-10,07:15,1345.2
2025-05-10,07:30,1347.6
2025-05-10,07:45,1118.4
2025-05-10,08:00,1014
2025-05-10,08:15,918
2025-05-10,08:30,955.2
2025-05-10,08:45,788.4
2025-05-10,09:00,1374
2025-05-10,09:15,776.4
2025-05-10,09:30,796.8
2025-05-10,09:45,568.8
2025-05-10,10:00,547.2
2025-05-10,10:15,517.2
2025-05-10,10:30,513.6
2025-05-10,10:45,588
2025-05-10,11:00,1057.2
2025-05-10,11:15,692.4
2025-05-10,11:30,728.4
2025-05-10,11:45,1164
2025-05-10,12:00,828
2025-05-10,12:15,1004.4
2025-05-10,12:30,1114.8
2025-05-10,12:45,759.6
2025-05-10,13:00,580.8
2025-05-10,13:15,1120.8
2025-05-10,13:30,1005.6
2025-05-10,13:45,667.2
2025-05-10,14:00,1125.6
2025-05-10,14:15,1137.6
2025-05-10,14:30,1134
2025-05-10,14:45,1188
2025-05-10,15:00,900
2025-05-10,15:15,1236
2025-05-10,15:30,1266
2025-05-10,15:45,1106.4
2025-05-10,16:00,1081.2
2025-05-10,16:15,1161.6
2025-05-10,16:30,1303.2
2025-05-10,16:45,1248
2025-05-10,17:00,1323.6
2025-05-10,17:15,1322.4
2025-05-10,17:30,1452
2025-05-10,17:45,1344
2025-05-10,18:00,1446
2025-05-10,18:15,1490.4
2025-05-10,18:30,1390.8
2025-05-10,18:45,1413.6
2025-05-10,19:00,1326
2025-05-10,19:15,1419.6
2025-05-10,19:30,1426.8
2025-05-10,19:45,1513.2
2025-05-10,20:00,1441.2
2025-05-10,20:15,1614
2025-05-10,20:30,1464
2025-05-10,20:45,1443.6
2025-05-10,21:00,1455.6
2025-05-10,21:15,1394.4
2025-05-10,21:30,1394.4
2025-05-10,21:45,1532.4
2025-05-10,22:00,1478.4
2025-05-10,22:15,2084.4
2025-05-10,22:30,3459.6
2025-05-10,22:45,3298.8
2025-05-10,23:00,5424
2025-05-10,23:15,4476
2025-05-10,23:30,3938.4
2025-05-10,23:45,4135.2
2025-05-11,00:00,5256
2025-05-11,00:15,4164
2025-05-11,00:30,5418
2025-05-11,00:45,5450.4
2025-05-11,01:00,3658.8
2025-05-11,01:15,3777.6
2025-05-11,01:30,5414.4
2025-05-11,01:45,5448
2025-05-11,02:00,4506
2025-05-11,02:15,4525.2
2025-05-11,02:30,3558
2025-05-11,02:45,5373.6
2025-05-11,03:00,5499.6
2025-05-11,03:15,4957.2
2025-05-11,03:30,4454.4
2025-05-11,03:45,5430
2025-05-11,04:00,5445.6
2025-05-11,04:15,4430.4
2025-05-11,04:30,4600.8
2025-05-11,04:45,4669.2
2025-05-11,05:00,5341.2
2025-05-11,05:15,4752
2025-05-11,05:30,4442.4
2025-05-11,05:45,3687.6
2025-05-11,06:00,4554
2025-05-11,06:15,5461.2
2025-05-11,06:30,5282.4
2025-05-11,06:45,3562.8
2025-05-11,07:00,4245.6
2025-05-11,07:15,5082
2025-05-11,07:30,5128.8
2025-05-11,07:45,2126.4
2025-05-11,08:00,1435.2
2025-05-11,08:15,1044
2025-05-11,08:30,945.6
2025-05-11,08:45,847.2
2025-05-11,09:00,843.6
2025-05-11,09:15,850.8
2025-05-11,09:30,667.2
2025-05-11,09:45,679.2
2025-05-11,10:00,526.8
2025-05-11,10:15,520.8
2025-05-11,10:30,693.6
2025-05-11,10:45,508.8
2025-05-11,11:00,415.2
2025-05-11,11:15,366
2025-05-11,11:30,258
2025-05-11,11:45,361.2
2025-05-11,12:00,290.4
2025-05-11,12:15,412.8
2025-05-11,12:30,294
2025-05-11,12:45,387.6
2025-05-11,13:00,405.6
2025-05-11,13:15,295.2
2025-05-11,13:30,412.8
2025-05-11,13:45,482.4
2025-05-11,14:00,489.6
2025-05-11,14:15,486
2025-05-11,14:30,549.6
2025-05-11,14:45,584.4
2025-05-11,15:00,633.6
2025-05-11,15:15,609.6
2025-05-11,15:30,814.8
2025-05-11,15:45,889.2
2025-05-11,16:00,774
2025-05-11,16:15,958.8
2025-05-11,16:30,1089.6
2025-05-11,16:45,985.2
2025-05-11,17:00,1143.6
2025-05-11,17:15,1171.2
2025-05-11,17:30,1124.4
2025-05-11,17:45,1297.2
2025-05-11,18:00,1293.6
2025-05-11,18:15,1348.8
2025-05-11,18:30,1207.2
2025-05-11,18:45,1384.8
2025-05-11,19:00,1440
2025-05-11,19:15,1306.8
2025-05-11,19:30,1436.4
2025-05-11,19:45,1297.2
2025-05-11,20:00,1503.6
2025-05-11,20:15,1407.6
2025-05-11,20:30,1467.6
2025-05-11,20:45,1442.4
2025-05-11,21:00,1483.2
2025-05-11,21:15,1414.8
2025-05-11,21:30,1380
2025-05-11,21:45,1438.8
2025-05-11,22:00,1299.6
2025-05-11,22:15,1479.6
2025-05-11,22:30,1393.2
2025-05-11,22:45,1389.6
2025-05-11,23:00,1512
2025-05-11,23:15,5042.4
2025-05-11,23:30,4399.2
2025-05-11,23:45,4473.6
2025-05-12,00:00,4347.6
2025-05-12,00:15,2595.6
2025-05-12,00:30,5444.4
2025-05-12,00:45,5353.2
2025-05-12,01:00,4434
2025-05-12,01:15,5414.4
2025-05-12,01:30,3637.2
2025-05-12,01:45,5395.2
2025-05-12,02:00,5476.8
2025-05-12,02:15,4438.8
2025-05-12,02:30,4602
2025-05-12,02:45,4796.4
2025-05-12,03:00,5287.2
2025-05-12,03:15,4502.4
2025-05-12,03:30,5192.4
2025-05-12,03:45,3708
2025-05-12,04:00,5346
2025-05-12,04:15,5402.4
2025-05-12,04:30,4375.2
2025-05-12,04:45,4726.8
2025-05-12,05:00,4404
2025-05-12,05:15,4524
2025-05-12,05:30,5598
2025-05-12,05:45,5458.8
2025-05-12,06:00,3732
2025-05-12,06:15,3745.2
2025-05-12,06:30,5400
2025-05-12,06:45,5312.4
2025-05-12,07:00,5248.8
2025-05-12,07:15,2898
2025-05-12,07:30,4504.8
2025-05-12,07:45,5059.2
2025-05-12,08:00,4998
2025-05-12,08:15,3926.4
2025-05-12,08:30,1185.6
2025-05-12,08:45,901.2
2025-05-12,09:00,865.2
2025-05-12,09:15,759.6
2025-05-12,09:30,687.6
2025-05-12,09:45,650.4
2025-05-12,10:00,609.6
2025-05-12,10:15,429.6
2025-05-12,10:30,544.8
2025-05-12,10:45,434.4
2025-05-12,11:00,420
2025-05-12,11:15,332.4
2025-05-12,11:30,398.4
2025-05-12,11:45,500.4
2025-05-12,12:00,298.8
2025-05-12,12:15,416.4
2025-05-12,12:30,469.2
2025-05-12,12:45,373.2
2025-05-12,13:00,352.8
2025-05-12,13:15,523.2
2025-05-12,13:30,469.2
2025-05-12,13:45,422.4
2025-05-12,14:00,517.2
2025-05-12,14:15,568.8
2025-05-12,14:30,613.2
2025-05-12,14:45,709.2
2025-05-12,15:00,717.6
2025-05-12,15:15,706.8
2025-05-12,15:30,709.2
2025-05-12,15:45,813.6
2025-05-12,16:00,796.8
2025-05-12,16:15,900
2025-05-12,16:30,1051.2
2025-05-12,16:45,1072.8
2025-05-12,17:00,1158
2025-05-12,17:15,1202.4
2025-05-12,17:30,1308
2025-05-12,17:45,1070.4
2025-05-12,18:00,1170
2025-05-12,18:15,1275.6
2025-05-12,18:30,1341.6
2025-05-12,18:45,1363.2
2025-05-12,19:00,1324.8
2025-05-12,19:15,1420.8
2025-05-12,19:30,1482
2025-05-12,19:45,1419.6
2025-05-12,20:00,1426.8
2025-05-12,20:15,1653.6
2025-05-12,20:30,1519.2
2025-05-12,20:45,1494
2025-05-12,21:00,1414.8
2025-05-12,21:15,1360.8
2025-05-12,21:30,1424.4
2025-05-12,21:45,1545.6
2025-05-12,22:00,2287.2
2025-05-12,22:15,2335.2
2025-05-12,22:30,5336.4
2025-05-12,22:45,4743.6
2025-05-12,23:00,4534.8
2025-05-12,23:15,3500.4
2025-05-12,23:30,5362.8
2025-05-12,23:45,2745.6
2025-05-13,00:00,5460
2025-05-13,00:15,5402.4
2025-05-13,00:30,4723.2
2025-05-13,00:45,5278.8
2025-05-13,01:00,4687.2
2025-05-13,01:15,5325.6
2025-05-13,01:30,4446
2025-05-13,01:45,5018.4
2025-05-13,02:00,3643.2
2025-05-13,02:15,3828
2025-05-13,02:30,5174.4
2025-05-13,02:45,4755.6
2025-05-13,03:00,5553.6
2025-05-13,03:15,4497.6
2025-05-13,03:30,4407.6
2025-05-13,03:45,4558.8
2025-05-13,04:00,5245.2
2025-05-13,04:15,5306.4
2025-05-13,04:30,3870
2025-05-13,04:45,5484
2025-05-13,05:00,4599.6
2025-05-13,05:15,5157.6
2025-05-13,05:30,4485.6
2025-05-13,05:45,4452
2025-05-13,06:00,4562.4
2025-05-13,06:15,4473.6
2025-05-13,06:30,5230.8
2025-05-13,06:45,5226
2025-05-13,07:00,5103.6
2025-05-13,07:15,4214.4
2025-05-13,07:30,2973.6
2025-05-13,07:45,2197.2
2025-05-13,08:00,1106.4
2025-05-13,08:15,1034.4
2025-05-13,08:30,1020
2025-05-13,08:45,895.2
2025-05-13,09:00,876
2025-05-13,09:15,798
2025-05-13,09:30,682.8
2025-05-13,09:45,688.8
2025-05-13,10:00,564
2025-05-13,10:15,1042.8
2025-05-13,10:30,486
2025-05-13,10:45,574.8
2025-05-13,11:00,568.8
2025-05-13,11:15,289.2
2025-05-13,11:30,651.6
2025-05-13,11:45,680.4
2025-05-13,12:00,885.6
2025-05-13,12:15,565.2
2025-05-13,12:30,746.4
2025-05-13,12:45,313.2
2025-05-13,13:00,217.2
2025-05-13,13:15,998.4
2025-05-13,13:30,898.8
2025-05-13,13:45,874.8
2025-05-13,14:00,978
2025-05-13,14:15,633.6
2025-05-13,14:30,1044
2025-05-13,14:45,988.8
2025-05-13,15:00,1160.4
2025-05-13,15:15,1267.2
2025-05-13,15:30,1159.2
2025-05-13,15:45,978
2025-05-13,16:00,1087.2
2025-05-13,16:15,1228.8
2025-05-13,16:30,1226.4
2025-05-13,16:45,1191.6
2025-05-13,17:00,1177.2
2025-05-13,17:15,1496.4
2025-05-13,17:30,1263.6
2025-05-13,17:45,1412.4
2025-05-13,18:00,1424.4
2025-05-13,18:15,1305.6
2025-05-13,18:30,1326
2025-05-13,18:45,1374
2025-05-13,19:00,1414.8
2025-05-13,19:15,1260
2025-05-13,19:30,1471.2
2025-05-13,19:45,1407.6
2025-05-13,20:00,1333.2
2025-05-13,20:15,1413.6
2025-05-13,20:30,1462.8
2025-05-13,20:45,1365.6
2025-05-13,21:00,1227.6
2025-05-13,21:15,1312.8
2025-05-13,21:30,1341.6
2025-05-13,21:45,1285.2
2025-05-13,22:00,1338
2025-05-13,22:15,1278
2025-05-13,22:30,4335.6
2025-05-13,22:45,4258.8
2025-05-13,23:00,4420.8
2025-05-13,23:15,4357.2
2025-05-13,23:30,4400.4
2025-05-13,23:45,2448
2025-05-14,00:00,4334.4
2025-05-14,00:15,4356
2025-05-14,00:30,4330.8
2025-05-14,00:45,3529.2
2025-05-14,01:00,3134.4
2025-05-14,01:15,4620
2025-05-14,01:30,4392
2025-05-14,01:45,4394.4
2025-05-14,02:00,2731.2
2025-05-14,02:15,3860.4
2025-05-14,02:30,4480.8
2025-05-14,02:45,4384.8
2025-05-14,03:00,4435.2
2025-05-14,03:15,2556
2025-05-14,03:30,4515.6
2025-05-14,03:45,4560
2025-05-14,04:00,4513.2
2025-05-14,04:15,3651.6
2025-05-14,04:30,3568.8
2025-05-14,04:45,3480
2025-05-14,05:00,4530
2025-05-14,05:15,3921.6
2025-05-14,05:30,4388.4
2025-05-14,05:45,4504.8
2025-05-14,06:00,3687.6
2025-05-14,06:15,4608
2025-05-14,06:30,3966
2025-05-14,06:45,3571.2
2025-05-14,07:00,4434
2025-05-14,07:15,4071.6
2025-05-14,07:30,4304.4
2025-05-14,07:45,3163.2
2025-05-14,08:00,2280
2025-05-14,08:15,2148
2025-05-14,08:30,1045.2
2025-05-14,08:45,1141.2
2025-05-14,09:00,1016.4
2025-05-14,09:15,836.4
2025-05-14,09:30,866.4
2025-05-14,09:45,927.6
2025-05-14,10:00,700.8
2025-05-14,10:15,888
2025-05-14,10:30,756
2025-05-14,10:45,687.6
2025-05-14,11:00,553.2
2025-05-14,11:15,445.2
2025-05-14,11:30,622.8
2025-05-14,11:45,517.2
2025-05-14,12:00,540
2025-05-14,12:15,488.4
2025-05-14,12:30,612
2025-05-14,12:45,513.6
2025-05-14,13:00,675.6
2025-05-14,13:15,532.8
2025-05-14,13:30,578.4
2025-05-14,13:45,669.6
2025-05-14,14:00,615.6
2025-05-14,14:15,516
2025-05-14,14:30,814.8
2025-05-14,14:45,1161.6
2025-05-14,15:00,573.6
2025-05-14,15:15,850.8
2025-05-14,15:30,980.4
2025-05-14,15:45,848.4
2025-05-14,16:00,1087.2
2025-05-14,16:15,1040.4
2025-05-14,16:30,938.4
2025-05-14,16:45,991.2
2025-05-14,17:00,1078.8
2025-05-14,17:15,1207.2
2025-05-14,17:30,1285.2
2025-05-14,17:45,1356
2025-05-14,18:00,1344
2025-05-14,18:15,1387.2
2025-05-14,18:30,1378.8
2025-05-14,18:45,1455.6
2025-05-14,19:00,1454.4
2025-05-14,19:15,1447.2
2025-05-14,19:30,1350
2025-05-14,19:45,1388.4
2025-05-14,20:00,1605.6
2025-05-14,20:15,1580.4
2025-05-14,20:30,1560
2025-05-14,20:45,1419.6
2025-05-14,21:00,1456.8
2025-05-14,21:15,1483.2
2025-05-14,21:30,1377.6
2025-05-14,21:45,1432.8
2025-05-14,22:00,1488
2025-05-14,22:15,1448.4
2025-05-14,22:30,3660
2025-05-14,22:45,4365.6
2025-05-14,23:00,4366.8
2025-05-14,23:15,4381.2
2025-05-14,23:30,4377.6
2025-05-14,23:45,2043.6
2025-05-15,00:00,4314
2025-05-15,00:15,4444.8
2025-05-15,00:30,4418.4
2025-05-15,00:45,4497.6
2025-05-15,01:00,3454.8
2025-05-15,01:15,4501.2
2025-05-15,01:30,4484.4
2025-05-15,01:45,4378.8
2025-05-15,02:00,2607.6
2025-05-15,02:15,3429.6
2025-05-15,02:30,4483.2
2025-05-15,02:45,4472.4
2025-05-15,03:00,4520.4
2025-05-15,03:15,2599.2
2025-05-15,03:30,3644.4
2025-05-15,03:45,4561.2
2025-05-15,04:00,4592.4
2025-05-15,04:15,4545.6
2025-05-15,04:30,3198
2025-05-15,04:45,4518
2025-05-15,05:00,4501.2
2025-05-15,05:15,4654.8
2025-05-15,05:30,3903.6
2025-05-15,05:45,3926.4
2025-05-15,06:00,4490.4
2025-05-15,06:15,4450.8
2025-05-15,06:30,4597.2
2025-05-15,06:45,2816.4
2025-05-15,07:00,4371.6
2025-05-15,07:15,4423.2
2025-05-15,07:30,4465.2
2025-05-15,07:45,3704.4
2025-05-15,08:00,1677.6
2025-05-15,08:15,1573.2
2025-05-15,08:30,1392
2025-05-15,08:45,1508.4
2025-05-15,09:00,1387.2
2025-05-15,09:15,1345.2
2025-05-15,09:30,1399.2
2025-05-15,09:45,1650
2025-05-15,10:00,1543.2
2025-05-15,10:15,1447.2
2025-05-15,10:30,1345.2
2025-05-15,10:45,1191.6
2025-05-15,11:00,1221.6
2025-05-15,11:15,1102.8
2025-05-15,11:30,1342.8
2025-05-15,11:45,1465.2
2025-05-15,12:00,1488
2025-05-15,12:15,1375.2
2025-05-15,12:30,1405.2
2025-05-15,12:45,1417.2
2025-05-15,13:00,1334.4
2025-05-15,13:15,1464
2025-05-15,13:30,1303.2
2025-05-15,13:45,1407.6
2025-05-15,14:00,1489.2
2025-05-15,14:15,1425.6
2025-05-15,14:30,1269.6
2025-05-15,14:45,1386
2025-05-15,15:00,1429.2
2025-05-15,15:15,1422
2025-05-15,15:30,1563.6
2025-05-15,15:45,1345.2
2025-05-15,16:00,1413.6
2025-05-15,16:15,1465.2
2025-05-15,16:30,1504.8
2025-05-15,16:45,1347.6
2025-05-15,17:00,1431.6
2025-05-15,17:15,1329.6
2025-05-15,17:30,1356
2025-05-15,17:45,1344
2025-05-15,18:00,1305.6
2025-05-15,18:15,1323.6
2025-05-15,18:30,1356
2025-05-15,18:45,1495.2
2025-05-15,19:00,1393.2
2025-05-15,19:15,1488
2025-05-15,19:30,1449.6
2025-05-15,19:45,1546.8
2025-05-15,20:00,1592.4
2025-05-15,20:15,1404
2025-05-15,20:30,1671.6
2025-05-15,20:45,1554
2025-05-15,21:00,1414.8
2025-05-15,21:15,1456.8
2025-05-15,21:30,1430.4
2025-05-15,21:45,1533.6
2025-05-15,22:00,2301.6
2025-05-15,22:15,2323.2
2025-05-15,22:30,5262
2025-05-15,22:45,4635.6
2025-05-15,23:00,4707.6
2025-05-15,23:15,4586.4
2025-05-15,23:30,5390.4
2025-05-15,23:45,2379.6
2025-05-16,00:00,5473.2
2025-05-16,00:15,5359.2
2025-05-16,00:30,5473.2
2025-05-16,00:45,4615.2
2025-05-16,01:00,3789.6
2025-05-16,01:15,5416.8
2025-05-16,01:30,5474.4
2025-05-16,01:45,5408.4
2025-05-16,02:00,4448.4
2025-05-16,02:15,3712.8
2025-05-16,02:30,5426.4
2025-05-16,02:45,5406
2025-05-16,03:00,5092.8
2025-05-16,03:15,4526.4
2025-05-16,03:30,3728.4
2025-05-16,03:45,5570.4
2025-05-16,04:00,4599.6
2025-05-16,04:15,5455.2
2025-05-16,04:30,5577.6
2025-05-16,04:45,5474.4
2025-05-16,05:00,4629.6
2025-05-16,05:15,5320.8
2025-05-16,05:30,4550.4
2025-05-16,05:45,4624.8
2025-05-16,06:00,5462.4
2025-05-16,06:15,4545.6
2025-05-16,06:30,5636.4
2025-05-16,06:45,4417.2
2025-05-16,07:00,5239.2
2025-05-16,07:15,5430
2025-05-16,07:30,4534.8
2025-05-16,07:45,3626.4
2025-05-16,08:00,1677.6
2025-05-16,08:15,1612.8
2025-05-16,08:30,1660.8
2025-05-16,08:45,1582.8
2025-05-16,09:00,1705.2
2025-05-16,09:15,1640.4
2025-05-16,09:30,1692
2025-05-16,09:45,1383.6
2025-05-16,10:00,1540.8
2025-05-16,10:15,1471.2
2025-05-16,10:30,1551.6
2025-05-16,10:45,1138.8
2025-05-16,11:00,1334.4
2025-05-16,11:15,1095.6
2025-05-16,11:30,1290
2025-05-16,11:45,853.2
2025-05-16,12:00,956.4
2025-05-16,12:15,196.8
2025-05-16,12:30,646.8
2025-05-16,12:45,921.6
2025-05-16,13:00,387.6
2025-05-16,13:15,814.8
2025-05-16,13:30,1099.2
2025-05-16,13:45,1227.6
2025-05-16,14:00,1249.2
2025-05-16,14:15,1346.4
2025-05-16,14:30,1422
2025-05-16,14:45,1410
2025-05-16,15:00,1172.4
2025-05-16,15:15,1063.2
2025-05-16,15:30,1124.4
2025-05-16,15:45,885.6
2025-05-16,16:00,1149.6
2025-05-16,16:15,1299.6
2025-05-16,16:30,1207.2
2025-05-16,16:45,1342.8
2025-05-16,17:00,1256.4
2025-05-16,17:15,1357.2
2025-05-16,17:30,1191.6
2025-05-16,17:45,1287.6
2025-05-16,18:00,1374
2025-05-16,18:15,1348.8
2025-05-16,18:30,1402.8
2025-05-16,18:45,1550.4
2025-05-16,19:00,1405.2
2025-05-16,19:15,1284
2025-05-16,19:30,1474.8
2025-05-16,19:45,1406.4
2025-05-16,20:00,1338
2025-05-16,20:15,1447.2
2025-05-16,20:30,1490.4
2025-05-16,20:45,1356
2025-05-16,21:00,1345.2
2025-05-16,21:15,1532.4
2025-05-16,21:30,1431.6
2025-05-16,21:45,1245.6
2025-05-16,22:00,1296
2025-05-16,22:15,1497.6
2025-05-16,22:30,5181.6
2025-05-16,22:45,5131.2
2025-05-16,23:00,5482.8
2025-05-16,23:15,5334
2025-05-16,23:30,5338.8
2025-05-16,23:45,2115.6
2025-05-17,00:00,5054.4
2025-05-17,00:15,5406
2025-05-17,00:30,5517.6
2025-05-17,00:45,5354.4
2025-05-17,01:00,4674
2025-05-17,01:15,5498.4
2025-05-17,01:30,5344.8
2025-05-17,01:45,5498.4
2025-05-17,02:00,1576.8
2025-05-17,02:15,5335.2
2025-05-17,02:30,5394
2025-05-17,02:45,5461.2
2025-05-17,03:00,3606
2025-05-17,03:15,4647.6
2025-05-17,03:30,5371.2
2025-05-17,03:45,5464.8
2025-05-17,04:00,5510.4
2025-05-17,04:15,1875.6
2025-05-17,04:30,5562
2025-05-17,04:45,5402.4
2025-05-17,05:00,5414.4
2025-05-17,05:15,2872.8
2025-05-17,05:30,4636.8
2025-05-17,05:45,5487.6
2025-05-17,06:00,5524.8
2025-05-17,06:15,4437.6
2025-05-17,06:30,3754.8
2025-05-17,06:45,5204.4
2025-05-17,07:00,5460
2025-05-17,07:15,5438.4
2025-05-17,07:30,3069.6
2025-05-17,07:45,1332
2025-05-17,08:00,1299.6
2025-05-17,08:15,1008
2025-05-17,08:30,1059.6
2025-05-17,08:45,1176
2025-05-17,09:00,876
2025-05-17,09:15,838.8
2025-05-17,09:30,1000.8
2025-05-17,09:45,958.8
2025-05-17,10:00,1004.4
2025-05-17,10:15,888
2025-05-17,10:30,973.2
2025-05-17,10:45,523.2
2025-05-17,11:00,760.8
2025-05-17,11:15,622.8
2025-05-17,11:30,768
2025-05-17,11:45,868.8
2025-05-17,12:00,600
2025-05-17,12:15,734.4
2025-05-17,12:30,735.6
2025-05-17,12:45,812.4
2025-05-17,13:00,758.4
2025-05-17,13:15,542.4
2025-05-17,13:30,795.6
2025-05-17,13:45,517.2
2025-05-17,14:00,526.8
2025-05-17,14:15,812.4
2025-05-17,14:30,926.4
2025-05-17,14:45,687.6
2025-05-17,15:00,626.4
2025-05-17,15:15,705.6
2025-05-17,15:30,1155.6
2025-05-17,15:45,1044
2025-05-17,16:00,1230
2025-05-17,16:15,954
2025-05-17,16:30,1215.6
2025-05-17,16:45,1228.8
2025-05-17,17:00,1405.2
2025-05-17,17:15,1202.4
2025-05-17,17:30,1332
2025-05-17,17:45,1404
2025-05-17,18:00,1394.4
2025-05-17,18:15,1354.8
2025-05-17,18:30,1381.2
2025-05-17,18:45,1550.4
2025-05-17,19:00,1303.2
2025-05-17,19:15,1418.4
2025-05-17,19:30,1423.2
2025-05-17,19:45,1326
2025-05-17,20:00,1474.8
2025-05-17,20:15,1558.8
2025-05-17,20:30,1364.4
2025-05-17,20:45,1374
2025-05-17,21:00,1333.2
2025-05-17,21:15,1359.6
2025-05-17,21:30,1449.6
2025-05-17,21:45,1360.8
2025-05-17,22:00,1452
2025-05-17,22:15,1342.8
2025-05-17,22:30,1342.8
2025-05-17,22:45,1396.8
2025-05-17,23:00,1420.8
2025-05-17,23:15,1383.6
2025-05-17,23:30,1378.8
2025-05-17,23:45,1513.2
2025-05-18,00:00,1438.8
2025-05-18,00:15,1422
2025-05-18,00:30,1420.8
2025-05-18,00:45,1444.8
2025-05-18,01:00,1370.4
2025-05-18,01:15,1536
2025-05-18,01:30,1383.6
2025-05-18,01:45,1530
2025-05-18,02:00,1346.4
2025-05-18,02:15,1492.8
2025-05-18,02:30,1358.4
2025-05-18,02:45,1539.6
2025-05-18,03:00,1492.8
2025-05-18,03:15,1420.8
2025-05-18,03:30,1294.8
2025-05-18,03:45,1402.8
2025-05-18,04:00,1440
2025-05-18,04:15,1527.6
2025-05-18,04:30,1414.8
2025-05-18,04:45,1450.8
2025-05-18,05:00,1438.8
2025-05-18,05:15,1387.2
2025-05-18,05:30,1580.4
2025-05-18,05:45,1566
2025-05-18,06:00,1467.6
2025-05-18,06:15,1396.8
2025-05-18,06:30,1489.2
2025-05-18,06:45,1375.2
2025-05-18,07:00,1412.4
2025-05-18,07:15,1539.6
2025-05-18,07:30,1293.6
2025-05-18,07:45,1324.8
2025-05-18,08:00,1278
2025-05-18,08:15,1287.6
2025-05-18,08:30,1276.8
2025-05-18,08:45,1365.6
2025-05-18,09:00,1154.4
2025-05-18,09:15,994.8
2025-05-18,09:30,1132.8
2025-05-18,09:45,1219.2
2025-05-18,10:00,1028.4
2025-05-18,10:15,992.4
2025-05-18,10:30,990
2025-05-18,10:45,894
2025-05-18,11:00,855.6
2025-05-18,11:15,921.6
2025-05-18,11:30,928.8
2025-05-18,11:45,501.6
2025-05-18,12:00,544.8
2025-05-18,12:15,754.8
2025-05-18,12:30,746.4
2025-05-18,12:45,501.6
2025-05-18,13:00,1069.2
2025-05-18,13:15,538.8
2025-05-18,13:30,570
2025-05-18,13:45,822
2025-05-18,14:00,781.2
2025-05-18,14:15,1005.6
2025-05-18,14:30,1074
2025-05-18,14:45,876
2025-05-18,15:00,1078.8
2025-05-18,15:15,1011.6
2025-05-18,15:30,1100.4
2025-05-18,15:45,1190.4
2025-05-18,16:00,1096.8
2025-05-18,16:15,948
2025-05-18,16:30,1204.8
2025-05-18,16:45,1074
2025-05-18,17:00,1198.8
2025-05-18,17:15,1285.2
2025-05-18,17:30,1208.4
2025-05-18,17:45,1346.4
2025-05-18,18:00,1360.8
2025-05-18,18:15,1310.4
2025-05-18,18:30,1251.6
2025-05-18,18:45,1399.2
2025-05-18,19:00,1245.6
2025-05-18,19:15,1407.6
2025-05-18,19:30,1340.4
2025-05-18,19:45,1340.4
2025-05-18,20:00,1419.6
2025-05-18,20:15,1435.2
2025-05-18,20:30,1332
2025-05-18,20:45,1491.6
2025-05-18,21:00,1297.2
2025-05-18,21:15,1333.2
2025-05-18,21:30,1436.4
2025-05-18,21:45,1263.6
2025-05-18,22:00,1285.2
2025-05-18,22:15,1400.4
2025-05-18,22:30,1460.4
2025-05-18,22:45,4909.2
2025-05-18,23:00,5374.8
2025-05-18,23:15,5276.4
2025-05-18,23:30,5185.2
2025-05-18,23:45,2701.2
2025-05-19,00:00,5253.6
2025-05-19,00:15,5361.6
2025-05-19,00:30,5200.8
2025-05-19,00:45,5271.6
2025-05-19,01:00,2619.6
2025-05-19,01:15,5281.2
2025-05-19,01:30,5223.6
2025-05-19,01:45,5257.2
2025-05-19,02:00,5332.8
2025-05-19,02:15,3637.2
2025-05-19,02:30,5188.8
2025-05-19,02:45,5167.2
2025-05-19,03:00,5083.2
2025-05-19,03:15,4213.2
2025-05-19,03:30,5242.8
2025-05-19,03:45,5162.4
2025-05-19,04:00,5098.8
2025-05-19,04:15,5232
2025-05-19,04:30,1774.8
2025-05-19,04:45,5120.4
2025-05-19,05:00,5150.4
2025-05-19,05:15,5284.8
2025-05-19,05:30,4468.8
2025-05-19,05:45,4407.6
2025-05-19,06:00,5190
2025-05-19,06:15,5067.6
2025-05-19,06:30,5114.4
2025-05-19,06:45,3523.2
2025-05-19,07:00,4534.8
2025-05-19,07:15,4971.6
2025-05-19,07:30,4958.4
2025-05-19,07:45,2275.2
2025-05-19,08:00,892.8
2025-05-19,08:15,817.2
2025-05-19,08:30,756
2025-05-19,08:45,703.2
2025-05-19,09:00,674.4
2025-05-19,09:15,556.8
2025-05-19,09:30,624
2025-05-19,09:45,554.4
2025-05-19,10:00,428.4
2025-05-19,10:15,355.2
2025-05-19,10:30,450
2025-05-19,10:45,357.6
2025-05-19,11:00,334.8
2025-05-19,11:15,361.2
2025-05-19,11:30,294
2025-05-19,11:45,350.4
2025-05-19,12:00,217.2
2025-05-19,12:15,295.2
2025-05-19,12:30,252
2025-05-19,12:45,436.8
2025-05-19,13:00,246
2025-05-19,13:15,247.2
2025-05-19,13:30,303.6
2025-05-19,13:45,303.6
2025-05-19,14:00,363.6
2025-05-19,14:15,344.4
2025-05-19,14:30,434.4
2025-05-19,14:45,828
2025-05-19,15:00,915.6
2025-05-19,15:15,942
2025-05-19,15:30,1284
2025-05-19,15:45,988.8
2025-05-19,16:00,1022.4
2025-05-19,16:15,1177.2
2025-05-19,16:30,1064.4
2025-05-19,16:45,1089.6
2025-05-19,17:00,1233.6
2025-05-19,17:15,1159.2
2025-05-19,17:30,1282.8
2025-05-19,17:45,1396.8
2025-05-19,18:00,1429.2
2025-05-19,18:15,1417.2
2025-05-19,18:30,1357.2
2025-05-19,18:45,1416
2025-05-19,19:00,1280.4
2025-05-19,19:15,1353.6
2025-05-19,19:30,1531.2
2025-05-19,19:45,1467.6
2025-05-19,20:00,1410
2025-05-19,20:15,1474.8
2025-05-19,20:30,1326
2025-05-19,20:45,1442.4
2025-05-19,21:00,1318.8
2025-05-19,21:15,1420.8
2025-05-19,21:30,1368
2025-05-19,21:45,1270.8
2025-05-19,22:00,1362
2025-05-19,22:15,1386
2025-05-19,22:30,4257.6
2025-05-19,22:45,5299.2
2025-05-19,23:00,5378.4
2025-05-19,23:15,5359.2
2025-05-19,23:30,5419.2
2025-05-19,23:45,1874.4
2025-05-20,00:00,5414.4
2025-05-20,00:15,5384.4
2025-05-20,00:30,5370
2025-05-20,00:45,5421.6
2025-05-20,01:00,1938
2025-05-20,01:15,5490
2025-05-20,01:30,5551.2
2025-05-20,01:45,5487.6
2025-05-20,02:00,4622.4
2025-05-20,02:15,4640.4
2025-05-20,02:30,5300.4
2025-05-20,02:45,5468.4
2025-05-20,03:00,5518.8
2025-05-20,03:15,2570.4
2025-05-20,03:30,5481.6
2025-05-20,03:45,5436
2025-05-20,04:00,5461.2
2025-05-20,04:15,5424
2025-05-20,04:30,4581.6
2025-05-20,04:45,5432.4
2025-05-20,05:00,5656.8
2025-05-20,05:15,4610.4
2025-05-20,05:30,4034.4
2025-05-20,05:45,5438.4
2025-05-20,06:00,5436
2025-05-20,06:15,4990.8
2025-05-20,06:30,4558.8
2025-05-20,06:45,4548
2025-05-20,07:00,5204.4
2025-05-20,07:15,4436.4
2025-05-20,07:30,4460.4
2025-05-20,07:45,2755.2
2025-05-20,08:00,1548
2025-05-20,08:15,1582.8
2025-05-20,08:30,1587.6
2025-05-20,08:45,1584
2025-05-20,09:00,1658.4
2025-05-20,09:15,1586.4
2025-05-20,09:30,1576.8
2025-05-20,09:45,1570.8
2025-05-20,10:00,1563.6
2025-05-20,10:15,1742.4
2025-05-20,10:30,1484.4
2025-05-20,10:45,1648.8
2025-05-20,11:00,1375.2
2025-05-20,11:15,1602
2025-05-20,11:30,1213.2
2025-05-20,11:45,1126.8
2025-05-20,12:00,570
2025-05-20,12:15,381.6
2025-05-20,12:30,384
2025-05-20,12:45,579.6
2025-05-20,13:00,481.2
2025-05-20,13:15,988.8
2025-05-20,13:30,1051.2
2025-05-20,13:45,706.8
2025-05-20,14:00,843.6
2025-05-20,14:15,856.8
2025-05-20,14:30,1030.8
2025-05-20,14:45,1046.4
2025-05-20,15:00,1123.2
2025-05-20,15:15,1290
2025-05-20,15:30,1056
2025-05-20,15:45,1098
2025-05-20,16:00,1179.6
2025-05-20,16:15,1272
2025-05-20,16:30,1326
2025-05-20,16:45,1144.8
2025-05-20,17:00,1375.2
2025-05-20,17:15,1190.4
2025-05-20,17:30,1274.4
2025-05-20,17:45,1267.2
2025-05-20,18:00,1276.8
2025-05-20,18:15,1260
2025-05-20,18:30,1233.6
2025-05-20,18:45,1228.8
2025-05-20,19:00,1263.6
2025-05-20,19:15,1318.8
2025-05-20,19:30,1335.6
2025-05-20,19:45,1440
2025-05-20,20:00,1327.2
2025-05-20,20:15,1333.2
2025-05-20,20:30,1316.4
2025-05-20,20:45,1423.2
2025-05-20,21:00,1357.2
2025-05-20,21:15,1314
2025-05-20,21:30,1392
2025-05-20,21:45,1387.2
2025-05-20,22:00,5252.4
2025-05-20,22:15,5228.4
2025-05-20,22:30,5355.6
2025-05-20,22:45,5211.6
2025-05-20,23:00,5377.2
2025-05-20,23:15,1803.6
2025-05-20,23:30,5314.8
2025-05-20,23:45,5330.4
2025-05-21,00:00,5396.4
2025-05-21,00:15,5196
2025-05-21,00:30,4046.4
2025-05-21,00:45,5264.4
2025-05-21,01:00,5283.6
2025-05-21,01:15,4210.8
2025-05-21,01:30,2340
2025-05-21,01:45,5320.8
2025-05-21,02:00,5074.8
2025-05-21,02:15,4380
2025-05-21,02:30,4406.4
2025-05-21,02:45,3150
2025-05-21,03:00,5197.2
2025-05-21,03:15,5218.8
2025-05-21,03:30,4624.8
2025-05-21,03:45,4150.8
2025-05-21,04:00,3332.4
2025-05-21,04:15,5282.4
2025-05-21,04:30,4377.6
2025-05-21,04:45,5224.8
2025-05-21,05:00,2874
2025-05-21,05:15,5101.2
2025-05-21,05:30,5320.8
2025-05-21,05:45,5217.6
2025-05-21,06:00,4401.6
2025-05-21,06:15,4159.2
2025-05-21,06:30,4146
2025-05-21,06:45,4780.8
2025-05-21,07:00,4393.2
2025-05-21,07:15,5629.2
2025-05-21,07:30,4394.4
2025-05-21,07:45,4762.8
2025-05-21,08:00,4081.2
2025-05-21,08:15,3067.2
2025-05-21,08:30,1371.6
2025-05-21,08:45,913.2
2025-05-21,09:00,988.8
2025-05-21,09:15,846
2025-05-21,09:30,880.8
2025-05-21,09:45,1072.8
2025-05-21,10:00,1323.6
2025-05-21,10:15,1242
2025-05-21,10:30,1140
2025-05-21,10:45,1203.6
2025-05-21,11:00,724.8
2025-05-21,11:15,632.4
2025-05-21,11:30,910.8
2025-05-21,11:45,1070.4
2025-05-21,12:00,226.8
2025-05-21,12:15,609.6
2025-05-21,12:30,414
2025-05-21,12:45,591.6
2025-05-21,13:00,666
2025-05-21,13:15,640.8
2025-05-21,13:30,387.6
2025-05-21,13:45,522
2025-05-21,14:00,596.4
2025-05-21,14:15,1256.4
2025-05-21,14:30,1068
2025-05-21,14:45,1243.2
2025-05-21,15:00,823.2
2025-05-21,15:15,822
2025-05-21,15:30,740.4
2025-05-21,15:45,901.2
2025-05-21,16:00,1003.2
2025-05-21,16:15,1015.2
2025-05-21,16:30,1039.2
2025-05-21,16:45,1039.2
2025-05-21,17:00,1347.6
2025-05-21,17:15,1291.2
2025-05-21,17:30,1419.6
2025-05-21,17:45,1293.6
2025-05-21,18:00,1354.8
2025-05-21,18:15,1273.2
2025-05-21,18:30,1300.8
2025-05-21,18:45,1428
2025-05-21,19:00,1444.8
2025-05-21,19:15,1402.8
2025-05-21,19:30,1419.6
2025-05-21,19:45,1450.8
2025-05-21,20:00,1342.8
2025-05-21,20:15,1501.2
2025-05-21,20:30,1441.2
2025-05-21,20:45,1438.8
2025-05-21,21:00,1364.4
2025-05-21,21:15,1321.2
2025-05-21,21:30,1328.4
2025-05-21,21:45,1404
2025-05-21,22:00,5322
2025-05-21,22:15,5017.2
2025-05-21,22:30,5240.4
2025-05-21,22:45,5310
2025-05-21,23:00,5366.4
2025-05-21,23:15,3391.2
2025-05-21,23:30,5359.2
2025-05-21,23:45,5374.8
2025-05-22,00:00,5356.8
2025-05-22,00:15,5368.8
2025-05-22,00:30,2232
2025-05-22,00:45,5194.8
2025-05-22,01:00,5325.6
2025-05-22,01:15,5467.2
2025-05-22,01:30,4542
2025-05-22,01:45,5263.2
2025-05-22,02:00,4470
2025-05-22,02:15,5251.2
2025-05-22,02:30,5574
2025-05-22,02:45,3907.2
2025-05-22,03:00,3307.2
2025-05-22,03:15,5436
2025-05-22,03:30,5421.6
2025-05-22,03:45,5343.6
2025-05-22,04:00,4504.8
2025-05-22,04:15,3844.8
2025-05-22,04:30,5461.2
2025-05-22,04:45,5433.6
2025-05-22,05:00,4556.4
2025-05-22,05:15,4480.8
2025-05-22,05:30,5473.2
2025-05-22,05:45,5390.4
2025-05-22,06:00,3501.6
2025-05-22,06:15,5440.8
2025-05-22,06:30,4465.2
2025-05-22,06:45,5376
2025-05-22,07:00,4624.8
2025-05-22,07:15,4290
2025-05-22,07:30,3633.6
2025-05-22,07:45,4888.8
2025-05-22,08:00,5160
2025-05-22,08:15,3214.8
2025-05-22,08:30,1011.6
2025-05-22,08:45,1014
2025-05-22,09:00,973.2
2025-05-22,09:15,824.4
2025-05-22,09:30,942
2025-05-22,09:45,1194
2025-05-22,10:00,926.4
2025-05-22,10:15,775.2
2025-05-22,10:30,856.8
2025-05-22,10:45,1129.2
2025-05-22,11:00,559.2
2025-05-22,11:15,859.2
2025-05-22,11:30,918
2025-05-22,11:45,691.2
2025-05-22,12:00,936
2025-05-22,12:15,666
2025-05-22,12:30,728.4
2025-05-22,12:45,942
2025-05-22,13:00,975.6
2025-05-22,13:15,944.4
2025-05-22,13:30,847.2
2025-05-22,13:45,912
2025-05-22,14:00,921.6
2025-05-22,14:15,1028.4
2025-05-22,14:30,1095.6
2025-05-22,14:45,1222.8
2025-05-22,15:00,1138.8
2025-05-22,15:15,1321.2
2025-05-22,15:30,1038
2025-05-22,15:45,1140
2025-05-22,16:00,1269.6
2025-05-22,16:15,1449.6
2025-05-22,16:30,1230
2025-05-22,16:45,1353.6
2025-05-22,17:00,1306.8
2025-05-22,17:15,1429.2
2025-05-22,17:30,1496.4
2025-05-22,17:45,1365.6
2025-05-22,18:00,1322.4
2025-05-22,18:15,1490.4
2025-05-22,18:30,1291.2
2025-05-22,18:45,1437.6
2025-05-22,19:00,1447.2
2025-05-22,19:15,1344
2025-05-22,19:30,1467.6
2025-05-22,19:45,1390.8
2025-05-22,20:00,1526.4
2025-05-22,20:15,1467.6
2025-05-22,20:30,1418.4
2025-05-22,20:45,1432.8
2025-05-22,21:00,1398
2025-05-22,21:15,1309.2
2025-05-22,21:30,1376.4
2025-05-22,21:45,1538.4
2025-05-22,22:00,5196
2025-05-22,22:15,5376
2025-05-22,22:30,5434.8
2025-05-22,22:45,5301.6
2025-05-22,23:00,5280
2025-05-22,23:15,2058
2025-05-22,23:30,5230.8
2025-05-22,23:45,5374.8
2025-05-23,00:00,5478
2025-05-23,00:15,4508.4
2025-05-23,00:30,2865.6
2025-05-23,00:45,5342.4
2025-05-23,01:00,5364
2025-05-23,01:15,4677.6
2025-05-23,01:30,3483.6
2025-05-23,01:45,5290.8
2025-05-23,02:00,5532
2025-05-23,02:15,5335.2
2025-05-23,02:30,4428
2025-05-23,02:45,3528
2025-05-23,03:00,5410.8
2025-05-23,03:15,5258.4
2025-05-23,03:30,5320.8
2025-05-23,03:45,3284.4
2025-05-23,04:00,5265.6
2025-05-23,04:15,5419.2
2025-05-23,04:30,5424
2025-05-23,04:45,4500
2025-05-23,05:00,3530.4
2025-05-23,05:15,5396.4
2025-05-23,05:30,5409.6
2025-05-23,05:45,5392.8
2025-05-23,06:00,2646
2025-05-23,06:15,5547.6
2025-05-23,06:30,5410.8
2025-05-23,06:45,4572
2025-05-23,07:00,4572
2025-05-23,07:15,5475.6
2025-05-23,07:30,5442
2025-05-23,07:45,5479.2
2025-05-23,08:00,3727.2
2025-05-23,08:15,1868.4
2025-05-23,08:30,1688.4
2025-05-23,08:45,1594.8
2025-05-23,09:00,1435.2
2025-05-23,09:15,1616.4
2025-05-23,09:30,1573.2
2025-05-23,09:45,1388.4
2025-05-23,10:00,1606.8
2025-05-23,10:15,1470
2025-05-23,10:30,1417.2
2025-05-23,10:45,1294.8
2025-05-23,11:00,1249.2
2025-05-23,11:15,1346.4
2025-05-23,11:30,1269.6
2025-05-23,11:45,1362
2025-05-23,12:00,1353.6
2025-05-23,12:15,1390.8
2025-05-23,12:30,1419.6
2025-05-23,12:45,1264.8
2025-05-23,13:00,1317.6
2025-05-23,13:15,1399.2
2025-05-23,13:30,1269.6
2025-05-23,13:45,1418.4
2025-05-23,14:00,1356
2025-05-23,14:15,1434
2025-05-23,14:30,1324.8
2025-05-23,14:45,1434
2025-05-23,15:00,1393.2
2025-05-23,15:15,1482
2025-05-23,15:30,1286.4
2025-05-23,15:45,1387.2
2025-05-23,16:00,1393.2
2025-05-23,16:15,1372.8
2025-05-23,16:30,1498.8
2025-05-23,16:45,1532.4
2025-05-23,17:00,1468.8
2025-05-23,17:15,1477.2
2025-05-23,17:30,1447.2
2025-05-23,17:45,1456.8
2025-05-23,18:00,1468.8
2025-05-23,18:15,1431.6
2025-05-23,18:30,1429.2
2025-05-23,18:45,1423.2
2025-05-23,19:00,1425.6
2025-05-23,19:15,1438.8
2025-05-23,19:30,1432.8
2025-05-23,19:45,1453.2
2025-05-23,20:00,1405.2
2025-05-23,20:15,1370.4
2025-05-23,20:30,1390.8
2025-05-23,20:45,1474.8
2025-05-23,21:00,1581.6
2025-05-23,21:15,1449.6
2025-05-23,21:30,1417.2
2025-05-23,21:45,1460.4
2025-05-23,22:00,3297.6
2025-05-23,22:15,5242.8
2025-05-23,22:30,5162.4
2025-05-23,22:45,5421.6
2025-05-23,23:00,5335.2
2025-05-23,23:15,1887.6
2025-05-23,23:30,5331.6
2025-05-23,23:45,5407.2
2025-05-24,00:00,5244
2025-05-24,00:15,4428
2025-05-24,00:30,4158
2025-05-24,00:45,5436
2025-05-24,01:00,5287.2
2025-05-24,01:15,5331.6
2025-05-24,01:30,3688.8
2025-05-24,01:45,5287.2
2025-05-24,02:00,5500.8
2025-05-24,02:15,5307.6
2025-05-24,02:30,5410.8
2025-05-24,02:45,3430.8
2025-05-24,03:00,5478
2025-05-24,03:15,5198.4
2025-05-24,03:30,5338.8
2025-05-24,03:45,4024.8
2025-05-24,04:00,3225.6
2025-05-24,04:15,5290.8
2025-05-24,04:30,5314.8
2025-05-24,04:45,5359.2
2025-05-24,05:00,3975.6
2025-05-24,05:15,4407.6
2025-05-24,05:30,4538.4
2025-05-24,05:45,3704.4
2025-05-24,06:00,3624
2025-05-24,06:15,4264.8
2025-05-24,06:30,4317.6
2025-05-24,06:45,4092
2025-05-24,07:00,3452.4
2025-05-24,07:15,4072.8
2025-05-24,07:30,4232.4
2025-05-24,07:45,4053.6
2025-05-24,08:00,3098.4
2025-05-24,08:15,1012.8
2025-05-24,08:30,934.8
2025-05-24,08:45,956.4
2025-05-24,09:00,873.6
2025-05-24,09:15,812.4
2025-05-24,09:30,742.8
2025-05-24,09:45,864
2025-05-24,10:00,620.4
2025-05-24,10:15,598.8
2025-05-24,10:30,993.6
2025-05-24,10:45,529.2
2025-05-24,11:00,802.8
2025-05-24,11:15,642
2025-05-24,11:30,974.4
2025-05-24,11:45,1026
2025-05-24,12:00,918
2025-05-24,12:15,776.4
2025-05-24,12:30,290.4
2025-05-24,12:45,704.4
2025-05-24,13:00,307.2
2025-05-24,13:15,698.4
2025-05-24,13:30,747.6
2025-05-24,13:45,300
2025-05-24,14:00,354
2025-05-24,14:15,523.2
2025-05-24,14:30,614.4
2025-05-24,14:45,548.4
2025-05-24,15:00,676.8
2025-05-24,15:15,757.2
2025-05-24,15:30,1072.8
2025-05-24,15:45,898.8
2025-05-24,16:00,1220.4
2025-05-24,16:15,1110
2025-05-24,16:30,1201.2
2025-05-24,16:45,1131.6
2025-05-24,17:00,1312.8
2025-05-24,17:15,1315.2
2025-05-24,17:30,1310.4
2025-05-24,17:45,1316.4
2025-05-24,18:00,1250.4
2025-05-24,18:15,1381.2
2025-05-24,18:30,1411.2
2025-05-24,18:45,1581.6
2025-05-24,19:00,1390.8
2025-05-24,19:15,1472.4
2025-05-24,19:30,1406.4
2025-05-24,19:45,1388.4
2025-05-24,20:00,1381.2
2025-05-24,20:15,1489.2
2025-05-24,20:30,1448.4
2025-05-24,20:45,1572
2025-05-24,21:00,1393.2
2025-05-24,21:15,1716
2025-05-24,21:30,2373.6
2025-05-24,21:45,2402.4
2025-05-24,22:00,3540
2025-05-24,22:15,4237.2
2025-05-24,22:30,3547.2
2025-05-24,22:45,3558
2025-05-24,23:00,3536.4
2025-05-24,23:15,1963.2
2025-05-24,23:30,1884
2025-05-24,23:45,2806.8
2025-05-25,00:00,2512.8
2025-05-25,00:15,1564.8
2025-05-25,00:30,1466.4
2025-05-25,00:45,1604.4
2025-05-25,01:00,1581.6
2025-05-25,01:15,4326
2025-05-25,01:30,4335.6
2025-05-25,01:45,4296
2025-05-25,02:00,4378.8
2025-05-25,02:15,2241.6
2025-05-25,02:30,4486.8
2025-05-25,02:45,4311.6
2025-05-25,03:00,4428
2025-05-25,03:15,4408.8
2025-05-25,03:30,2554.8
2025-05-25,03:45,4329.6
2025-05-25,04:00,4498.8
2025-05-25,04:15,3573.6
2025-05-25,04:30,3501.6
2025-05-25,04:45,2641.2
2025-05-25,05:00,3889.2
2025-05-25,05:15,4393.2
2025-05-25,05:30,4478.4
2025-05-25,05:45,4492.8
2025-05-25,06:00,3468
2025-05-25,06:15,4382.4
2025-05-25,06:30,4330.8
2025-05-25,06:45,3516
2025-05-25,07:00,4372.8
2025-05-25,07:15,2721.6
2025-05-25,07:30,4340.4
2025-05-25,07:45,4027.2
2025-05-25,08:00,3252
2025-05-25,08:15,3058.8
2025-05-25,08:30,1586.4
2025-05-25,08:45,1118.4
2025-05-25,09:00,862.8
2025-05-25,09:15,840
2025-05-25,09:30,708
2025-05-25,09:45,640.8
2025-05-25,10:00,618
2025-05-25,10:15,1038
2025-05-25,10:30,541.2
2025-05-25,10:45,572.4
2025-05-25,11:00,398.4
2025-05-25,11:15,399.6
2025-05-25,11:30,360
2025-05-25,11:45,408
2025-05-25,12:00,794.4
2025-05-25,12:15,210
2025-05-25,12:30,267.6
2025-05-25,12:45,126
2025-05-25,13:00,891.6
2025-05-25,13:15,924
2025-05-25,13:30,458.4
2025-05-25,13:45,529.2
2025-05-25,14:00,453.6
2025-05-25,14:15,666
2025-05-25,14:30,442.8
2025-05-25,14:45,891.6
2025-05-25,15:00,771.6
2025-05-25,15:15,758.4
2025-05-25,15:30,1059.6
2025-05-25,15:45,1034.4
2025-05-25,16:00,1138.8
2025-05-25,16:15,1004.4
2025-05-25,16:30,1218
2025-05-25,16:45,1064.4
2025-05-25,17:00,1100.4
2025-05-25,17:15,1177.2
2025-05-25,17:30,1252.8
2025-05-25,17:45,1166.4
2025-05-25,18:00,1158
2025-05-25,18:15,1239.6
2025-05-25,18:30,1341.6
2025-05-25,18:45,1620
2025-05-25,19:00,1442.4
2025-05-25,19:15,1508.4
2025-05-25,19:30,1458
2025-05-25,19:45,1440
2025-05-25,20:00,1524
2025-05-25,20:15,1450.8
2025-05-25,20:30,1496.4
2025-05-25,20:45,1413.6
2025-05-25,21:00,1480.8
2025-05-25,21:15,1911.6
2025-05-25,21:30,3007.2
2025-05-25,21:45,3318
2025-05-25,22:00,3584.4
2025-05-25,22:15,3270
2025-05-25,22:30,2527.2
2025-05-25,22:45,3360
2025-05-25,23:00,2380.8
2025-05-25,23:15,2774.4
2025-05-25,23:30,1905.6
2025-05-25,23:45,1292.4
2025-05-26,00:00,4102.8
2025-05-26,00:15,1114.8
2025-05-26,00:30,1102.8
2025-05-26,00:45,1083.6
2025-05-26,01:00,1094.4
2025-05-26,01:15,1191.6
2025-05-26,01:30,1146
2025-05-26,01:45,1136.4
2025-05-26,02:00,1048.8
2025-05-26,02:15,1221.6
2025-05-26,02:30,967.2
2025-05-26,02:45,1136.4
2025-05-26,03:00,1105.2
2025-05-26,03:15,1125.6
2025-05-26,03:30,1063.2
2025-05-26,03:45,1192.8
2025-05-26,04:00,1082.4
2025-05-26,04:15,1158
2025-05-26,04:30,1198.8
2025-05-26,04:45,1152
2025-05-26,05:00,1182
2025-05-26,05:15,1171.2
2025-05-26,05:30,1255.2
2025-05-26,05:45,1152
2025-05-26,06:00,1278
2025-05-26,06:15,1172.4
2025-05-26,06:30,1096.8
2025-05-26,06:45,950.4
2025-05-26,07:00,1135.2
2025-05-26,07:15,852
2025-05-26,07:30,871.2
2025-05-26,07:45,972
2025-05-26,08:00,909.6
2025-05-26,08:15,669.6
2025-05-26,08:30,639.6
2025-05-26,08:45,538.8
2025-05-26,09:00,446.4
2025-05-26,09:15,344.4
2025-05-26,09:30,450
2025-05-26,09:45,428.4
2025-05-26,10:00,433.2
2025-05-26,10:15,316.8
2025-05-26,10:30,310.8
2025-05-26,10:45,288
2025-05-26,11:00,48
2025-05-26,11:15,265.2
2025-05-26,11:30,115.2
2025-05-26,11:45,99.6
2025-05-26,12:00,66
2025-05-26,12:15,788.4
2025-05-26,12:30,607.2
2025-05-26,12:45,681.6
2025-05-26,13:00,693.6
2025-05-26,13:15,612
2025-05-26,13:30,537.6
2025-05-26,13:45,613.2
2025-05-26,14:00,414
2025-05-26,14:15,729.6
2025-05-26,14:30,384
2025-05-26,14:45,490.8
2025-05-26,15:00,674.4
2025-05-26,15:15,644.4
2025-05-26,15:30,820.8
2025-05-26,15:45,748.8
2025-05-26,16:00,1010.4
2025-05-26,16:15,889.2
2025-05-26,16:30,890.4
2025-05-26,16:45,1028.4
2025-05-26,17:00,1099.2
2025-05-26,17:15,1186.8
2025-05-26,17:30,1218
2025-05-26,17:45,1180.8
2025-05-26,18:00,1300.8
2025-05-26,18:15,1404
2025-05-26,18:30,1399.2
2025-05-26,18:45,1498.8
2025-05-26,19:00,1335.6
2025-05-26,19:15,1477.2
2025-05-26,19:30,1270.8
2025-05-26,19:45,1465.2
2025-05-26,20:00,1326
2025-05-26,20:15,1594.8
2025-05-26,20:30,1386
2025-05-26,20:45,1440
2025-05-26,21:00,1414.8
2025-05-26,21:15,1446
2025-05-26,21:30,1372.8
2025-05-26,21:45,1273.2
2025-05-26,22:00,4390.8
2025-05-26,22:15,4195.2
2025-05-26,22:30,4274.4
2025-05-26,22:45,3398.4
2025-05-26,23:00,2487.6
2025-05-26,23:15,1494
2025-05-26,23:30,3198
2025-05-26,23:45,3159.6
2025-05-27,00:00,3448.8
2025-05-27,00:15,3267.6
2025-05-27,00:30,1780.8
2025-05-27,00:45,3142.8
2025-05-27,01:00,3286.8
2025-05-27,01:15,3466.8
2025-05-27,01:30,3352.8
2025-05-27,01:45,2294.4
2025-05-27,02:00,3460.8
2025-05-27,02:15,3439.2
2025-05-27,02:30,3434.4
2025-05-27,02:45,2364
2025-05-27,03:00,2784
2025-05-27,03:15,3465.6
2025-05-27,03:30,3451.2
2025-05-27,03:45,2492.4
2025-05-27,04:00,3337.2
2025-05-27,04:15,3355.2
2025-05-27,04:30,3412.8
2025-05-27,04:45,3408
2025-05-27,05:00,2481.6
2025-05-27,05:15,2508
2025-05-27,05:30,3448.8
2025-05-27,05:45,3301.2
2025-05-27,06:00,2632.8
2025-05-27,06:15,1726.8
2025-05-27,06:30,3188.4
2025-05-27,06:45,3201.6
2025-05-27,07:00,3086.4
2025-05-27,07:15,1524
2025-05-27,07:30,3026.4
2025-05-27,07:45,3039.6
2025-05-27,08:00,2822.4
2025-05-27,08:15,3148.8
2025-05-27,08:30,1317.6
2025-05-27,08:45,915.6
2025-05-27,09:00,1036.8
2025-05-27,09:15,915.6
2025-05-27,09:30,619.2
2025-05-27,09:45,600
2025-05-27,10:00,598.8
2025-05-27,10:15,663.6
2025-05-27,10:30,513.6
2025-05-27,10:45,646.8
2025-05-27,11:00,508.8
2025-05-27,11:15,325.2
2025-05-27,11:30,526.8
2025-05-27,11:45,409.2
2025-05-27,12:00,532.8
2025-05-27,12:15,327.6
2025-05-27,12:30,634.8
2025-05-27,12:45,312
2025-05-27,13:00,926.4
2025-05-27,13:15,544.8
2025-05-27,13:30,621.6
2025-05-27,13:45,721.2
2025-05-27,14:00,915.6
2025-05-27,14:15,1015.2
2025-05-27,14:30,926.4
2025-05-27,14:45,898.8
2025-05-27,15:00,988.8
2025-05-27,15:15,880.8
2025-05-27,15:30,856.8
2025-05-27,15:45,1098
2025-05-27,16:00,974.4
2025-05-27,16:15,1168.8
2025-05-27,16:30,1274.4
2025-05-27,16:45,1291.2
2025-05-27,17:00,1255.2
2025-05-27,17:15,1287.6
2025-05-27,17:30,1431.6
2025-05-27,17:45,1375.2
2025-05-27,18:00,1473.6
2025-05-27,18:15,1432.8
2025-05-27,18:30,1424.4
2025-05-27,18:45,1376.4
2025-05-27,19:00,1516.8
2025-05-27,19:15,1494
2025-05-27,19:30,1597.2
2025-05-27,19:45,1968
2025-05-27,20:00,2546.4
2025-05-27,20:15,2372.4
2025-05-27,20:30,2420.4
2025-05-27,20:45,1634.4
2025-05-27,21:00,3237.6
2025-05-27,21:15,3488.4
2025-05-27,21:30,4441.2
2025-05-27,21:45,3444
2025-05-27,22:00,3421.2
2025-05-27,22:15,2397.6
2025-05-27,22:30,4418.4
2025-05-27,22:45,4453.2
2025-05-27,23:00,4243.2
2025-05-27,23:15,3366
2025-05-27,23:30,4244.4
2025-05-27,23:45,4269.6
2025-05-28,00:00,4370.4
2025-05-28,00:15,3421.2
2025-05-28,00:30,2890.8
2025-05-28,00:45,4167.6
2025-05-28,01:00,4323.6
2025-05-28,01:15,4263.6
2025-05-28,01:30,2362.8
2025-05-28,01:45,3300
2025-05-28,02:00,3892.8
2025-05-28,02:15,4236
2025-05-28,02:30,3468
2025-05-28,02:45,3142.8
2025-05-28,03:00,3238.8
2025-05-28,03:15,4195.2
2025-05-28,03:30,4268.4
2025-05-28,03:45,2415.6
2025-05-28,04:00,4072.8
2025-05-28,04:15,3457.2
2025-05-28,04:30,4101.6
2025-05-28,04:45,3297.6
2025-05-28,05:00,3434.4
2025-05-28,05:15,3127.2
2025-05-28,05:30,4180.8
2025-05-28,05:45,4129.2
2025-05-28,06:00,2511.6
2025-05-28,06:15,3398.4
2025-05-28,06:30,4354.8
2025-05-28,06:45,4204.8
2025-05-28,07:00,3400.8
2025-05-28,07:15,3316.8
2025-05-28,07:30,4195.2
2025-05-28,07:45,4132.8
2025-05-28,08:00,4245.6
2025-05-28,08:15,2407.2
2025-05-28,08:30,1230
2025-05-28,08:45,1297.2
2025-05-28,09:00,1634.4
2025-05-28,09:15,1568.4
2025-05-28,09:30,1436.4
2025-05-28,09:45,1347.6
2025-05-28,10:00,1398
2025-05-28,10:15,1174.8
2025-05-28,10:30,1317.6
2025-05-28,10:45,984
2025-05-28,11:00,823.2
2025-05-28,11:15,705.6
2025-05-28,11:30,746.4
2025-05-28,11:45,919.2
2025-05-28,12:00,852
2025-05-28,12:15,1111.2
2025-05-28,12:30,885.6
2025-05-28,12:45,885.6
2025-05-28,13:00,868.8
2025-05-28,13:15,975.6
2025-05-28,13:30,842.4
2025-05-28,13:45,993.6
2025-05-28,14:00,878.4
2025-05-28,14:15,916.8
2025-05-28,14:30,1098
2025-05-28,14:45,1077.6
2025-05-28,15:00,1156.8
2025-05-28,15:15,1135.2
2025-05-28,15:30,1214.4
2025-05-28,15:45,1086
2025-05-28,16:00,1249.2
2025-05-28,16:15,1309.2
2025-05-28,16:30,1401.6
2025-05-28,16:45,1165.2
2025-05-28,17:00,1327.2
2025-05-28,17:15,1369.2
2025-05-28,17:30,1333.2
2025-05-28,17:45,1353.6
2025-05-28,18:00,1302
2025-05-28,18:15,1393.2
2025-05-28,18:30,1296
2025-05-28,18:45,1558.8
2025-05-28,19:00,1488
2025-05-28,19:15,1473.6
2025-05-28,19:30,1419.6
2025-05-28,19:45,1638
2025-05-28,20:00,1555.2
2025-05-28,20:15,1730.4
2025-05-28,20:30,2040
2025-05-28,20:45,2407.2
2025-05-28,21:00,5179.2
2025-05-28,21:15,5320.8
2025-05-28,21:30,4738.8
2025-05-28,21:45,4855.2
2025-05-28,22:00,5271.6
2025-05-28,22:15,3282
2025-05-28,22:30,5190
2025-05-28,22:45,5335.2
2025-05-28,23:00,5193.6
2025-05-28,23:15,3457.2
2025-05-28,23:30,4472.4
2025-05-28,23:45,5340
2025-05-29,00:00,5319.6
2025-05-29,00:15,5269.2
2025-05-29,00:30,4612.8
2025-05-29,00:45,4764
2025-05-29,01:00,5368.8
2025-05-29,01:15,5325.6
2025-05-29,01:30,3357.6
2025-05-29,01:45,5318.4
2025-05-29,02:00,5199.6
2025-05-29,02:15,5379.6
2025-05-29,02:30,4695.6
2025-05-29,02:45,3560.4
2025-05-29,03:00,4436.4
2025-05-29,03:15,5275.2
2025-05-29,03:30,5449.2
2025-05-29,03:45,3841.2
2025-05-29,04:00,4624.8
2025-05-29,04:15,4659.6
2025-05-29,04:30,5409.6
2025-05-29,04:45,4551.6
2025-05-29,05:00,3453.6
2025-05-29,05:15,5103.6
2025-05-29,05:30,4675.2
2025-05-29,05:45,5403.6
2025-05-29,06:00,3540
2025-05-29,06:15,4335.6
2025-05-29,06:30,4747.2
2025-05-29,06:45,5200.8
2025-05-29,07:00,3667.2
2025-05-29,07:15,4135.2
2025-05-29,07:30,4130.4
2025-05-29,07:45,4780.8
2025-05-29,08:00,4102.8
2025-05-29,08:15,2745.6
2025-05-29,08:30,888
2025-05-29,08:45,652.8
2025-05-29,09:00,780
2025-05-29,09:15,459.6
2025-05-29,09:30,525.6
2025-05-29,09:45,396
2025-05-29,10:00,394.8
2025-05-29,10:15,372
2025-05-29,10:30,249.6
2025-05-29,10:45,205.2
2025-05-29,11:00,259.2
2025-05-29,11:15,150
2025-05-29,11:30,75.6
2025-05-29,11:45,87.6
2025-05-29,12:00,86.4
2025-05-29,12:15,79.2
2025-05-29,12:30,128.4
2025-05-29,12:45,218.4
2025-05-29,13:00,10.8
2025-05-29,13:15,174
2025-05-29,13:30,164.4
2025-05-29,13:45,271.2
2025-05-29,14:00,246
2025-05-29,14:15,315.6
2025-05-29,14:30,267.6
2025-05-29,14:45,290.4
2025-05-29,15:00,447.6
2025-05-29,15:15,458.4
2025-05-29,15:30,466.8
2025-05-29,15:45,562.8
2025-05-29,16:00,644.4
2025-05-29,16:15,708
2025-05-29,16:30,775.2
2025-05-29,16:45,952.8
2025-05-29,17:00,1002
2025-05-29,17:15,1050
2025-05-29,17:30,894
2025-05-29,17:45,1059.6
2025-05-29,18:00,1024.8
2025-05-29,18:15,1154.4
2025-05-29,18:30,1078.8
2025-05-29,18:45,1170
2025-05-29,19:00,1179.6
2025-05-29,19:15,1274.4
2025-05-29,19:30,1119.6
2025-05-29,19:45,1166.4
2025-05-29,20:00,1101.6
2025-05-29,20:15,1249.2
2025-05-29,20:30,1060.8
2025-05-29,20:45,1304.4
2025-05-29,21:00,5072.4
2025-05-29,21:15,4654.8
2025-05-29,21:30,5043.6
2025-05-29,21:45,5076
2025-05-29,22:00,4304.4
2025-05-29,22:15,3282
2025-05-29,22:30,5166
2025-05-29,22:45,5125.2
2025-05-29,23:00,5234.4
2025-05-29,23:15,4190.4
2025-05-29,23:30,3976.8
2025-05-29,23:45,5169.6
2025-05-30,00:00,5036.4
2025-05-30,00:15,5025.6
2025-05-30,00:30,3278.4
2025-05-30,00:45,4963.2
2025-05-30,01:00,5143.2
2025-05-30,01:15,5168.4
2025-05-30,01:30,5095.2
2025-05-30,01:45,4347.6
2025-05-30,02:00,4774.8
2025-05-30,02:15,5209.2
2025-05-30,02:30,5162.4
2025-05-30,02:45,4254
2025-05-30,03:00,2266.8
2025-05-30,03:15,5040
2025-05-30,03:30,5239.2
2025-05-30,03:45,5025.6
2025-05-30,04:00,3692.4
2025-05-30,04:15,4563.6
2025-05-30,04:30,5276.4
2025-05-30,04:45,5082
2025-05-30,05:00,4604.4
2025-05-30,05:15,3126
2025-05-30,05:30,5013.6
2025-05-30,05:45,5254.8
2025-05-30,06:00,5096.4
2025-05-30,06:15,4406.4
2025-05-30,06:30,3424.8
2025-05-30,06:45,4837.2
2025-05-30,07:00,3992.4
2025-05-30,07:15,4105.2
2025-05-30,07:30,4131.6
2025-05-30,07:45,4153.2
2025-05-30,08:00,4003.2
2025-05-30,08:15,3711.6
2025-05-30,08:30,2590.8
2025-05-30,08:45,769.2
2025-05-30,09:00,555.6
2025-05-30,09:15,757.2
2025-05-30,09:30,451.2
2025-05-30,09:45,322.8
2025-05-30,10:00,319.2
2025-05-30,10:15,336
2025-05-30,10:30,330
2025-05-30,10:45,96
2025-05-30,11:00,274.8
2025-05-30,11:15,45.6
2025-05-30,11:30,100.8
2025-05-30,11:45,58.8
2025-05-30,12:00,80.4
2025-05-30,12:15,116.4
2025-05-30,12:30,99.6
2025-05-30,12:45,217.2
2025-05-30,13:00,157.2
2025-05-30,13:15,286.8
2025-05-30,13:30,268.8
2025-05-30,13:45,368.4
2025-05-30,14:00,164.4
2025-05-30,14:15,309.6
2025-05-30,14:30,282
2025-05-30,14:45,290.4
2025-05-30,15:00,513.6
2025-05-30,15:15,393.6
2025-05-30,15:30,493.2
2025-05-30,15:45,496.8
2025-05-30,16:00,633.6
2025-05-30,16:15,850.8
2025-05-30,16:30,800.4
2025-05-30,16:45,937.2
2025-05-30,17:00,873.6
2025-05-30,17:15,1093.2
2025-05-30,17:30,944.4
2025-05-30,17:45,1112.4
2025-05-30,18:00,998.4
2025-05-30,18:15,1052.4
2025-05-30,18:30,1179.6
2025-05-30,18:45,1045.2
2025-05-30,19:00,1152
2025-05-30,19:15,1088.4
2025-05-30,19:30,1428
2025-05-30,19:45,1128
2025-05-30,20:00,1180.8
2025-05-30,20:15,1143.6
2025-05-30,20:30,1304.4
2025-05-30,20:45,1134
2025-05-30,21:00,4921.2
2025-05-30,21:15,4881.6
2025-05-30,21:30,5078.4
2025-05-30,21:45,5140.8
2025-05-30,22:00,5197.2
2025-05-30,22:15,1579.2
2025-05-30,22:30,4920
2025-05-30,22:45,5062.8
2025-05-30,23:00,5208
2025-05-30,23:15,5077.2
2025-05-30,23:30,1306.8
2025-05-30,23:45,4866
2025-05-31,00:00,5046
2025-05-31,00:15,4896
2025-05-31,00:30,4845.6
2025-05-31,00:45,3453.6
2025-05-31,01:00,4971.6
2025-05-31,01:15,4977.6
2025-05-31,01:30,4857.6
2025-05-31,01:45,2511.6
2025-05-31,02:00,4836
2025-05-31,02:15,4975.2
2025-05-31,02:30,4914
2025-05-31,02:45,3993.6
2025-05-31,03:00,2889.6
2025-05-31,03:15,5004
2025-05-31,03:30,4904.4
2025-05-31,03:45,4924.8
2025-05-31,04:00,2048.4
2025-05-31,04:15,4744.8
2025-05-31,04:30,4844.4
2025-05-31,04:45,4836
2025-05-31,05:00,1293.6
2025-05-31,05:15,4838.4
2025-05-31,05:30,4880.4
2025-05-31,05:45,4897.2
2025-05-31,06:00,4077.6
2025-05-31,06:15,955.2
2025-05-31,06:30,946.8
2025-05-31,06:45,812.4
2025-05-31,07:00,855.6
2025-05-31,07:15,678
2025-05-31,07:30,630
2025-05-31,07:45,606
2025-05-31,08:00,810
2025-05-31,08:15,680.4
2025-05-31,08:30,898.8
2025-05-31,08:45,792
2025-05-31,09:00,596.4
2025-05-31,09:15,656.4
2025-05-31,09:30,499.2
2025-05-31,09:45,496.8
2025-05-31,10:00,331.2
2025-05-31,10:15,457.2
2025-05-31,10:30,565.2
2025-05-31,10:45,367.2
2025-05-31,11:00,381.6
2025-05-31,11:15,210
2025-05-31,11:30,205.2
2025-05-31,11:45,339.6
2025-05-31,12:00,404.4
2025-05-31,12:15,687.6
2025-05-31,12:30,561.6
2025-05-31,12:45,793.2
2025-05-31,13:00,738
2025-05-31,13:15,738
2025-05-31,13:30,681.6
2025-05-31,13:45,692.4
2025-05-31,14:00,624
2025-05-31,14:15,465.6
2025-05-31,14:30,434.4
2025-05-31,14:45,778.8
2025-05-31,15:00,555.6
2025-05-31,15:15,763.2
2025-05-31,15:30,728.4
2025-05-31,15:45,769.2
2025-05-31,16:00,812.4
2025-05-31,16:15,822
2025-05-31,16:30,748.8
2025-05-31,16:45,816
2025-05-31,17:00,699.6
2025-05-31,17:15,902.4
2025-05-31,17:30,782.4
2025-05-31,17:45,739.2
2025-05-31,18:00,747.6
2025-05-31,18:15,770.4
2025-05-31,18:30,877.2
2025-05-31,18:45,805.2
2025-05-31,19:00,934.8
2025-05-31,19:15,825.6
2025-05-31,19:30,886.8
2025-05-31,19:45,781.2
2025-05-31,20:00,861.6
2025-05-31,20:15,895.2
2025-05-31,20:30,853.2
2025-05-31,20:45,1056
2025-05-31,21:00,852
2025-05-31,21:15,934.8
2025-05-31,21:30,794.4
2025-05-31,21:45,794.4
2025-05-31,22:00,844.8
2025-05-31,22:15,808.8
2025-05-31,22:30,988.8
2025-05-31,22:45,876
2025-05-31,23:00,888
2025-05-31,23:15,841.2
2025-05-31,23:30,816
2025-05-31,23:45,897.6
2025-06-01,00:00,816
2025-06-01,00:15,937.2
2025-06-01,00:30,757.2
2025-06-01,00:45,890.4
2025-06-01,01:00,949.2
2025-06-01,01:15,840
2025-06-01,01:30,855.6
2025-06-01,01:45,856.8
2025-06-01,02:00,901.2
2025-06-01,02:15,960
2025-06-01,02:30,866.4
2025-06-01,02:45,804
2025-06-01,03:00,895.2
2025-06-01,03:15,798
2025-06-01,03:30,858
2025-06-01,03:45,904.8
2025-06-01,04:00,894
2025-06-01,04:15,878.4
2025-06-01,04:30,804
2025-06-01,04:45,836.4
2025-06-01,05:00,1530
2025-06-01,05:15,1516.8
2025-06-01,05:30,1488
2025-06-01,05:45,1465.2
2025-06-01,06:00,1206
2025-06-01,06:15,1208.4
2025-06-01,06:30,1036.8
2025-06-01,06:45,1173.6
2025-06-01,07:00,1135.2
2025-06-01,07:15,1179.6
2025-06-01,07:30,1192.8
2025-06-01,07:45,1267.2
2025-06-01,08:00,1263.6
2025-06-01,08:15,1142.4
2025-06-01,08:30,1069.2
2025-06-01,08:45,1026
2025-06-01,09:00,1125.6
2025-06-01,09:15,1104
2025-06-01,09:30,1287.6
2025-06-01,09:45,1126.8
2025-06-01,10:00,1035.6
2025-06-01,10:15,1154.4
2025-06-01,10:30,1149.6
2025-06-01,10:45,973.2
2025-06-01,11:00,919.2
2025-06-01,11:15,1052.4
2025-06-01,11:30,1087.2
2025-06-01,11:45,1040.4
2025-06-01,12:00,1165.2
2025-06-01,12:15,1033.2
2025-06-01,12:30,924
2025-06-01,12:45,1216.8
2025-06-01,13:00,1093.2
2025-06-01,13:15,1114.8
2025-06-01,13:30,926.4
2025-06-01,13:45,1039.2
2025-06-01,14:00,834
2025-06-01,14:15,1070.4
2025-06-01,14:30,1038
2025-06-01,14:45,1100.4
2025-06-01,15:00,1011.6
2025-06-01,15:15,1023.6
2025-06-01,15:30,992.4
2025-06-01,15:45,978
2025-06-01,16:00,914.4
2025-06-01,16:15,1206
2025-06-01,16:30,973.2
2025-06-01,16:45,1210.8
2025-06-01,17:00,981.6
2025-06-01,17:15,1110
2025-06-01,17:30,1104
2025-06-01,17:45,1099.2
2025-06-01,18:00,1246.8
2025-06-01,18:15,1155.6
2025-06-01,18:30,1254
2025-06-01,18:45,1122
2025-06-01,19:00,1255.2
2025-06-01,19:15,1213.2
2025-06-01,19:30,1282.8
2025-06-01,19:45,1167.6
2025-06-01,20:00,1196.4
2025-06-01,20:15,1840.8
2025-06-01,20:30,1088.4
2025-06-01,20:45,2048.4
2025-06-01,21:00,4989.6
2025-06-01,21:15,5172
2025-06-01,21:30,4290
2025-06-01,21:45,4330.8
2025-06-01,22:00,4101.6
2025-06-01,22:15,2323.2
2025-06-01,22:30,5052
2025-06-01,22:45,5097.6
2025-06-01,23:00,5048.4
2025-06-01,23:15,5062.8
2025-06-01,23:30,4096.8
2025-06-01,23:45,5037.6
2025-06-02,00:00,5095.2
2025-06-02,00:15,3987.6
2025-06-02,00:30,3115.2
2025-06-02,00:45,5143.2
2025-06-02,01:00,5184
2025-06-02,01:15,4980
2025-06-02,01:30,4983.6
2025-06-02,01:45,3170.4
2025-06-02,02:00,5197.2
2025-06-02,02:15,4305.6
2025-06-02,02:30,4148.4
2025-06-02,02:45,4130.4
2025-06-02,03:00,4416
2025-06-02,03:15,4282.8
2025-06-02,03:30,5121.6
2025-06-02,03:45,5208
2025-06-02,04:00,5193.6
2025-06-02,04:15,4308
2025-06-02,04:30,5071.2
2025-06-02,04:45,4108.8
2025-06-02,05:00,4051.2
2025-06-02,05:15,4102.8
2025-06-02,05:30,4486.8
2025-06-02,05:45,5121.6
2025-06-02,06:00,3928.8
2025-06-02,06:15,4956
2025-06-02,06:30,4732.8
2025-06-02,06:45,4969.2
2025-06-02,07:00,5116.8
2025-06-02,07:15,2683.2
2025-06-02,07:30,4930.8
2025-06-02,07:45,4186.8
2025-06-02,08:00,5169.6
2025-06-02,08:15,4126.8
2025-06-02,08:30,2116.8
2025-06-02,08:45,1162.8
2025-06-02,09:00,1116
2025-06-02,09:15,1219.2
2025-06-02,09:30,1148.4
2025-06-02,09:45,1052.4
2025-06-02,10:00,#VALUE!
2025-06-02,10:15,#VALUE!
2025-06-02,10:30,#VALUE!
2025-06-02,10:45,#VALUE!
2025-06-02,11:00,#VALUE!
2025-06-02,11:15,#VALUE!
2025-06-02,11:30,0
2025-06-02,11:45,0
2025-06-02,12:00,0
2025-06-02,12:15,0
2025-06-02,12:30,0
2025-06-02,12:45,0
2025-06-02,13:00,0
2025-06-02,13:15,0
2025-06-02,13:30,0
2025-06-02,13:45,0
2025-06-02,14:00,0
2025-06-02,14:15,0
2025-06-02,14:30,0
2025-06-02,14:45,0
2025-06-02,15:00,0
2025-06-02,15:15,0
2025-06-02,15:30,0
2025-06-02,15:45,0
2025-06-02,16:00,0
2025-06-02,16:15,0
2025-06-02,16:30,0
2025-06-02,16:45,0
2025-06-02,17:00,0
2025-06-02,17:15,0
2025-06-02,17:30,0
2025-06-02,17:45,0
2025-06-02,18:00,0
2025-06-02,18:15,0
2025-06-02,18:30,0
2025-06-02,18:45,0
2025-06-02,19:00,0
2025-06-02,19:15,0
2025-06-02,19:30,0
2025-06-02,19:45,0
2025-06-02,20:00,0
2025-06-02,20:15,0
2025-06-02,20:30,0
2025-06-02,20:45,0
2025-06-02,21:00,0
2025-06-02,21:15,0
2025-06-02,21:30,0
2025-06-02,21:45,0
2025-06-02,22:00,0
2025-06-02,22:15,0
2025-06-02,22:30,0
2025-06-02,22:45,0
2025-06-02,23:00,0
2025-06-02,23:15,0
2025-06-02,23:30,0
2025-06-02,23:45,0
2025-06-03,00:00,0
2025-06-03,00:15,0
2025-06-03,00:30,0
2025-06-03,00:45,0
2025-06-03,01:00,0
2025-06-03,01:15,0
2025-06-03,01:30,0
2025-06-03,01:45,0
2025-06-03,02:00,0
2025-06-03,02:15,0
2025-06-03,02:30,0
2025-06-03,02:45,0
2025-06-03,03:00,0
2025-06-03,03:15,0
2025-06-03,03:30,0
2025-06-03,03:45,0
2025-06-03,04:00,0
2025-06-03,04:15,0
2025-06-03,04:30,0
2025-06-03,04:45,0
2025-06-03,05:00,0
2025-06-03,05:15,0
2025-06-03,05:30,0
2025-06-03,05:45,0
2025-06-03,06:00,0
2025-06-03,06:15,0
2025-06-03,06:30,0
2025-06-03,06:45,0
2025-06-03,07:00,0
2025-06-03,07:15,0
2025-06-03,07:30,0
2025-06-03,07:45,0
2025-06-03,08:00,0
2025-06-03,08:15,0
2025-06-03,08:30,0
2025-06-03,08:45,0
2025-06-03,09:00,0
2025-06-03,09:15,0
2025-06-03,09:30,0
2025-06-03,09:45,0
2025-06-03,10:00,0
2025-06-03,10:15,0
2025-06-03,10:30,0
2025-06-03,10:45,0
2025-06-03,11:00,0
2025-06-03,11:15,0
2025-06-03,11:30,0
2025-06-03,11:45,0
2025-06-03,12:00,0
2025-06-03,12:15,0
2025-06-03,12:30,0
2025-06-03,12:45,0
2025-06-03,13:00,0
2025-06-03,13:15,0
2025-06-03,13:30,0
2025-06-03,13:45,0
2025-06-03,14:00,0
2025-06-03,14:15,0
2025-06-03,14:30,0
2025-06-03,14:45,0
2025-06-03,15:00,0
2025-06-03,15:15,0
2025-06-03,15:30,0
2025-06-03,15:45,0
2025-06-03,16:00,0
2025-06-03,16:15,0
2025-06-03,16:30,0
2025-06-03,16:45,0
2025-06-03,17:00,0
2025-06-03,17:15,0
2025-06-03,17:30,0
2025-06-03,17:45,0
2025-06-03,18:00,0
2025-06-03,18:15,0
2025-06-03,18:30,0
2025-06-03,18:45,0
2025-06-03,19:00,0
2025-06-03,19:15,0
2025-06-03,19:30,0
2025-06-03,19:45,0
2025-06-03,20:00,0
2025-06-03,20:15,0
2025-06-03,20:30,0
2025-06-03,20:45,0
2025-06-03,21:00,0
2025-06-03,21:15,0
2025-06-03,21:30,0
2025-06-03,21:45,0
2025-06-03,22:00,0
2025-06-03,22:15,0
2025-06-03,22:30,0
2025-06-03,22:45,0
2025-06-03,23:00,0
2025-06-03,23:15,0
2025-06-03,23:30,0
2025-06-03,23:45,0
2025-06-04,00:00,0
2025-06-04,00:15,0
2025-06-04,00:30,0
2025-06-04,00:45,0
2025-06-04,01:00,0
2025-06-04,01:15,0
2025-06-04,01:30,0
2025-06-04,01:45,0
2025-06-04,02:00,0
2025-06-04,02:15,0
2025-06-04,02:30,0
2025-06-04,02:45,0
2025-06-04,03:00,0
2025-06-04,03:15,0
2025-06-04,03:30,0
2025-06-04,03:45,0
2025-06-04,04:00,0
2025-06-04,04:15,0
2025-06-04,04:30,0
2025-06-04,04:45,0
2025-06-04,05:00,0
2025-06-04,05:15,0
2025-06-04,05:30,0
2025-06-04,05:45,0
2025-06-04,06:00,0
2025-06-04,06:15,0
2025-06-04,06:30,0
2025-06-04,06:45,0
2025-06-04,07:00,0
2025-06-04,07:15,0
2025-06-04,07:30,0
2025-06-04,07:45,0
2025-06-04,08:00,0
2025-06-04,08:15,0
2025-06-04,08:30,0
2025-06-04,08:45,0
2025-06-04,09:00,0
2025-06-04,09:15,0
2025-06-04,09:30,0
2025-06-04,09:45,0
2025-06-04,10:00,0
2025-06-04,10:15,0
2025-06-04,10:30,0
2025-06-04,10:45,0
2025-06-04,11:00,0
2025-06-04,11:15,0
2025-06-04,11:30,0
2025-06-04,11:45,0
2025-06-04,12:00,0
2025-06-04,12:15,0
2025-06-04,12:30,0
2025-06-04,12:45,1497.6
2025-06-04,13:00,1455.6
2025-06-04,13:15,1358.4
2025-06-04,13:30,1501.2
2025-06-04,13:45,1375.2
2025-06-04,14:00,1270.8
2025-06-04,14:15,1104
2025-06-04,14:30,1144.8
2025-06-04,14:45,1318.8
2025-06-04,15:00,955.2
2025-06-04,15:15,1140
2025-06-04,15:30,1792.8
2025-06-04,15:45,1526.4
2025-06-04,16:00,963.6
2025-06-04,16:15,1137.6
2025-06-04,16:30,1018.8
2025-06-04,16:45,1261.2
2025-06-04,17:00,1298.4
2025-06-04,17:15,1304.4
2025-06-04,17:30,1214.4
2025-06-04,17:45,1184.4
2025-06-04,18:00,1228.8
2025-06-04,18:15,1408.8
2025-06-04,18:30,1364.4
2025-06-04,18:45,1202.4
2025-06-04,19:00,1352.4
2025-06-04,19:15,1412.4
2025-06-04,19:30,1249.2
2025-06-04,19:45,1293.6
2025-06-04,20:00,1263.6
2025-06-04,20:15,1243.2
2025-06-04,20:30,1239.6
2025-06-04,20:45,1281.6
2025-06-04,21:00,1394.4
2025-06-04,21:15,4671.6
2025-06-04,21:30,5110.8
2025-06-04,21:45,5086.8
2025-06-04,22:00,5086.8
2025-06-04,22:15,3258
2025-06-04,22:30,3948
2025-06-04,22:45,4993.2
2025-06-04,23:00,5143.2
2025-06-04,23:15,5103.6
2025-06-04,23:30,3440.4
2025-06-04,23:45,5062.8
2025-06-05,00:00,5217.6
2025-06-05,00:15,5095.2
2025-06-05,00:30,5079.6
2025-06-05,00:45,2178
2025-06-05,01:00,4191.6
2025-06-05,01:15,4138.8
2025-06-05,01:30,5025.6
2025-06-05,01:45,3877.2
2025-06-05,02:00,4276.8
2025-06-05,02:15,4945.2
2025-06-05,02:30,4315.2
2025-06-05,02:45,5134.8
2025-06-05,03:00,2871.6
2025-06-05,03:15,5080.8
2025-06-05,03:30,5059.2
2025-06-05,03:45,4159.2
2025-06-05,04:00,4838.4
2025-06-05,04:15,4526.4
2025-06-05,04:30,5541.6
2025-06-05,04:45,5570.4
2025-06-05,05:00,5551.2
2025-06-05,05:15,3789.6
2025-06-05,05:30,5563.2
2025-06-05,05:45,5336.4
2025-06-05,06:00,5340
2025-06-05,06:15,3558
2025-06-05,06:30,4357.2
2025-06-05,06:45,5077.2
2025-06-05,07:00,5178
2025-06-05,07:15,4999.2
2025-06-05,07:30,2358
2025-06-05,07:45,4882.8
2025-06-05,08:00,4860
2025-06-05,08:15,4782
2025-06-05,08:30,2985.6
2025-06-05,08:45,1152
2025-06-05,09:00,1112.4
2025-06-05,09:15,910.8
2025-06-05,09:30,560.4
2025-06-05,09:45,716.4
2025-06-05,10:00,532.8
2025-06-05,10:15,532.8
2025-06-05,10:30,756
2025-06-05,10:45,788.4
2025-06-05,11:00,598.8
2025-06-05,11:15,786
2025-06-05,11:30,460.8
2025-06-05,11:45,709.2
2025-06-05,12:00,261.6
2025-06-05,12:15,154.8
2025-06-05,12:30,168
2025-06-05,12:45,224.4
2025-06-05,13:00,1000.8
2025-06-05,13:15,714
2025-06-05,13:30,904.8
2025-06-05,13:45,1242
2025-06-05,14:00,1378.8
2025-06-05,14:15,934.8
2025-06-05,14:30,984
2025-06-05,14:45,897.6
2025-06-05,15:00,1064.4
2025-06-05,15:15,980.4
2025-06-05,15:30,877.2
2025-06-05,15:45,1132.8
2025-06-05,16:00,1032
2025-06-05,16:15,1075.2
2025-06-05,16:30,1282.8
2025-06-05,16:45,1317.6
2025-06-05,17:00,1278
2025-06-05,17:15,1387.2
2025-06-05,17:30,1531.2
2025-06-05,17:45,1441.2
2025-06-05,18:00,1458
2025-06-05,18:15,1621.2
2025-06-05,18:30,1575.6
2025-06-05,18:45,1438.8
2025-06-05,19:00,1530
2025-06-05,19:15,1491.6
2025-06-05,19:30,1604.4
2025-06-05,19:45,1386
2025-06-05,20:00,1623.6
2025-06-05,20:15,1285.2
2025-06-05,20:30,1393.2
2025-06-05,20:45,1454.4
2025-06-05,21:00,5142
2025-06-05,21:15,4982.4
2025-06-05,21:30,5228.4
2025-06-05,21:45,5131.2
2025-06-05,22:00,5156.4
2025-06-05,22:15,1890
2025-06-05,22:30,5056.8
2025-06-05,22:45,5218.8
2025-06-05,23:00,5272.8
2025-06-05,23:15,5074.8
2025-06-05,23:30,3218.4
2025-06-05,23:45,5176.8
2025-06-06,00:00,5228.4
2025-06-06,00:15,5304
2025-06-06,00:30,3364.8
2025-06-06,00:45,4297.2
2025-06-06,01:00,5203.2
2025-06-06,01:15,5156.4
2025-06-06,01:30,5062.8
2025-06-06,01:45,3229.2
2025-06-06,02:00,4346.4
2025-06-06,02:15,5166
2025-06-06,02:30,5173.2
2025-06-06,02:45,3517.2
2025-06-06,03:00,5157.6
2025-06-06,03:15,4440
2025-06-06,03:30,5205.6
2025-06-06,03:45,5388
2025-06-06,04:00,3879.6
2025-06-06,04:15,4801.2
2025-06-06,04:30,5292
2025-06-06,04:45,5283.6
2025-06-06,05:00,5253.6
2025-06-06,05:15,4380
2025-06-06,05:30,4333.2
2025-06-06,05:45,5185.2
2025-06-06,06:00,5335.2
2025-06-06,06:15,3640.8
2025-06-06,06:30,2438.4
2025-06-06,06:45,4771.2
2025-06-06,07:00,5065.2
2025-06-06,07:15,4929.6
2025-06-06,07:30,2925.6
2025-06-06,07:45,4827.6
2025-06-06,08:00,5142
2025-06-06,08:15,4874.4
2025-06-06,08:30,3277.2
2025-06-06,08:45,1402.8
2025-06-06,09:00,892.8
2025-06-06,09:15,625.2
2025-06-06,09:30,1048.8
2025-06-06,09:45,595.2
2025-06-06,10:00,789.6
2025-06-06,10:15,388.8
2025-06-06,10:30,373.2
2025-06-06,10:45,687.6
2025-06-06,11:00,447.6
2025-06-06,11:15,416.4
2025-06-06,11:30,291.6
2025-06-06,11:45,415.2
2025-06-06,12:00,178.8
2025-06-06,12:15,468
2025-06-06,12:30,208.8
2025-06-06,12:45,900
2025-06-06,13:00,829.2
2025-06-06,13:15,841.2
2025-06-06,13:30,804
2025-06-06,13:45,782.4
2025-06-06,14:00,973.2
2025-06-06,14:15,765.6
2025-06-06,14:30,908.4
2025-06-06,14:45,849.6
2025-06-06,15:00,865.2
2025-06-06,15:15,853.2
2025-06-06,15:30,1087.2
2025-06-06,15:45,777.6
2025-06-06,16:00,1182
2025-06-06,16:15,1180.8
2025-06-06,16:30,1238.4
2025-06-06,16:45,1382.4
2025-06-06,17:00,1705.2
2025-06-06,17:15,1768.8
2025-06-06,17:30,1508.4
2025-06-06,17:45,1411.2
2025-06-06,18:00,1676.4
2025-06-06,18:15,1492.8
2025-06-06,18:30,1678.8
2025-06-06,18:45,1548
2025-06-06,19:00,1803.6
2025-06-06,19:15,1473.6
2025-06-06,19:30,1752
2025-06-06,19:45,1556.4
2025-06-06,20:00,1568.4
2025-06-06,20:15,1686
2025-06-06,20:30,1766.4
2025-06-06,20:45,1839.6
2025-06-06,21:00,1710
2025-06-06,21:15,5510.4
2025-06-06,21:30,5566.8
2025-06-06,21:45,5650.8
2025-06-06,22:00,5563.2
2025-06-06,22:15,3025.2
2025-06-06,22:30,5452.8
2025-06-06,22:45,5551.2
2025-06-06,23:00,5442
2025-06-06,23:15,5616
2025-06-06,23:30,1870.8
2025-06-06,23:45,5397.6
2025-06-07,00:00,5496
2025-06-07,00:15,5556
2025-06-07,00:30,5778
2025-06-07,00:45,3391.2
2025-06-07,01:00,5649.6
2025-06-07,01:15,5514
2025-06-07,01:30,5576.4
2025-06-07,01:45,3786
2025-06-07,02:00,4180.8
2025-06-07,02:15,5636.4
2025-06-07,02:30,5648.4
2025-06-07,02:45,5550
2025-06-07,03:00,3744
2025-06-07,03:15,4758
2025-06-07,03:30,5604
2025-06-07,03:45,5646
2025-06-07,04:00,4562.4
2025-06-07,04:15,3416.4
2025-06-07,04:30,5244
2025-06-07,04:45,5455.2
2025-06-07,05:00,5486.4
2025-06-07,05:15,4435.2
2025-06-07,05:30,3534
2025-06-07,05:45,5360.4
2025-06-07,06:00,5103.6
2025-06-07,06:15,5424
2025-06-07,06:30,3946.8
2025-06-07,06:45,5258.4
2025-06-07,07:00,4498.8
2025-06-07,07:15,4545.6
2025-06-07,07:30,4558.8
2025-06-07,07:45,5451.6
2025-06-07,08:00,4596
2025-06-07,08:15,4767.6
2025-06-07,08:30,2589.6
2025-06-07,08:45,2100
2025-06-07,09:00,1696.8
2025-06-07,09:15,1864.8
2025-06-07,09:30,1611.6
2025-06-07,09:45,1741.2
2025-06-07,10:00,1562.4
2025-06-07,10:15,1588.8
2025-06-07,10:30,1548
2025-06-07,10:45,1508.4
2025-06-07,11:00,1484.4
2025-06-07,11:15,1710
2025-06-07,11:30,1539.6
2025-06-07,11:45,1760.4
2025-06-07,12:00,1472.4
2025-06-07,12:15,1650
2025-06-07,12:30,1419.6
2025-06-07,12:45,1555.2
2025-06-07,13:00,1575.6
2025-06-07,13:15,1521.6
2025-06-07,13:30,1508.4
2025-06-07,13:45,1448.4
2025-06-07,14:00,1814.4
2025-06-07,14:15,2007.6
2025-06-07,14:30,1914
2025-06-07,14:45,1818
2025-06-07,15:00,1915.2
2025-06-07,15:15,1471.2
2025-06-07,15:30,1894.8
2025-06-07,15:45,1638
2025-06-07,16:00,1692
2025-06-07,16:15,1522.8
2025-06-07,16:30,1675.2
2025-06-07,16:45,1596
2025-06-07,17:00,1677.6
2025-06-07,17:15,1654.8
2025-06-07,17:30,1657.2
2025-06-07,17:45,1585.2
2025-06-07,18:00,1826.4
2025-06-07,18:15,1604.4
2025-06-07,18:30,1660.8
2025-06-07,18:45,1758
2025-06-07,19:00,1629.6
2025-06-07,19:15,1671.6
2025-06-07,19:30,1599.6
2025-06-07,19:45,1724.4
2025-06-07,20:00,1645.2
2025-06-07,20:15,1627.2
2025-06-07,20:30,1820.4
2025-06-07,20:45,1597.2
2025-06-07,21:00,4810.8
2025-06-07,21:15,5691.6
2025-06-07,21:30,5456.4
2025-06-07,21:45,5496
2025-06-07,22:00,5500.8
2025-06-07,22:15,2278.8
2025-06-07,22:30,5296.8
2025-06-07,22:45,5428.8
2025-06-07,23:00,5576.4
2025-06-07,23:15,5560.8
2025-06-07,23:30,2962.8
2025-06-07,23:45,5506.8
2025-06-08,00:00,5572.8
2025-06-08,00:15,5436
2025-06-08,00:30,4672.8
2025-06-08,00:45,3884.4
2025-06-08,01:00,5587.2
2025-06-08,01:15,5613.6
2025-06-08,01:30,5737.2
2025-06-08,01:45,5598
2025-06-08,02:00,5432.4
2025-06-08,02:15,5631.6
2025-06-08,02:30,5575.2
2025-06-08,02:45,5643.6
2025-06-08,03:00,3654
2025-06-08,03:15,5425.2
2025-06-08,03:30,5422.8
2025-06-08,03:45,5139.6
2025-06-08,04:00,5536.8
2025-06-08,04:15,3762
2025-06-08,04:30,5414.4
2025-06-08,04:45,5617.2
2025-06-08,05:00,5596.8
2025-06-08,05:15,5041.2
2025-06-08,05:30,4819.2
2025-06-08,05:45,5605.2
2025-06-08,06:00,5671.2
2025-06-08,06:15,5605.2
2025-06-08,06:30,2986.8
2025-06-08,06:45,4723.2
2025-06-08,07:00,5641.2
2025-06-08,07:15,5635.2
2025-06-08,07:30,5640
2025-06-08,07:45,5529.6
2025-06-08,08:00,4755.6
2025-06-08,08:15,4694.4
2025-06-08,08:30,1992
2025-06-08,08:45,1869.6
2025-06-08,09:00,1724.4
2025-06-08,09:15,1776
2025-06-08,09:30,1753.2
2025-06-08,09:45,1794
2025-06-08,10:00,1734
2025-06-08,10:15,1857.6
2025-06-08,10:30,1569.6
2025-06-08,10:45,1804.8
2025-06-08,11:00,1581.6
2025-06-08,11:15,1708.8
2025-06-08,11:30,1496.4
2025-06-08,11:45,1305.6
2025-06-08,12:00,1356
2025-06-08,12:15,1693.2
2025-06-08,12:30,1560
2025-06-08,12:45,1521.6
2025-06-08,13:00,1635.6
2025-06-08,13:15,1660.8
2025-06-08,13:30,1586.4
2025-06-08,13:45,1618.8
2025-06-08,14:00,1597.2
2025-06-08,14:15,1654.8
2025-06-08,14:30,1498.8
2025-06-08,14:45,1476
2025-06-08,15:00,1603.2
2025-06-08,15:15,1467.6
2025-06-08,15:30,1533.6
2025-06-08,15:45,1510.8
2025-06-08,16:00,1615.2
2025-06-08,16:15,1632
2025-06-08,16:30,1658.4
2025-06-08,16:45,1440
2025-06-08,17:00,1603.2
2025-06-08,17:15,1591.2
2025-06-08,17:30,1778.4
2025-06-08,17:45,1507.2
2025-06-08,18:00,1677.6
2025-06-08,18:15,1557.6
2025-06-08,18:30,1651.2
2025-06-08,18:45,1593.6
2025-06-08,19:00,1826.4
2025-06-08,19:15,1514.4
2025-06-08,19:30,1659.6
2025-06-08,19:45,1683.6
2025-06-08,20:00,1551.6
2025-06-08,20:15,1567.2
2025-06-08,20:30,1813.2
2025-06-08,20:45,1747.2
2025-06-08,21:00,5403.6
2025-06-08,21:15,5648.4
2025-06-08,21:30,5475.6
2025-06-08,21:45,5526
2025-06-08,22:00,5536.8
2025-06-08,22:15,2264.4
2025-06-08,22:30,5118
2025-06-08,22:45,5524.8
2025-06-08,23:00,5552.4
2025-06-08,23:15,5503.2
2025-06-08,23:30,2886
2025-06-08,23:45,5427.6
2025-06-09,00:00,5547.6
2025-06-09,00:15,5625.6
2025-06-09,00:30,5127.6
2025-06-09,00:45,2954.4
2025-06-09,01:00,5368.8
2025-06-09,01:15,5535.6
2025-06-09,01:30,5536.8
2025-06-09,01:45,4654.8
2025-06-09,02:00,3686.4
2025-06-09,02:15,5527.2
2025-06-09,02:30,5475.6
2025-06-09,02:45,5604
2025-06-09,03:00,2830.8
2025-06-09,03:15,4992
2025-06-09,03:30,5702.4
2025-06-09,03:45,5733.6
2025-06-09,04:00,5702.4
2025-06-09,04:15,4579.2
2025-06-09,04:30,5676
2025-06-09,04:45,5617.2
2025-06-09,05:00,5664
2025-06-09,05:15,3706.8
2025-06-09,05:30,5444.4
2025-06-09,05:45,5556
2025-06-09,06:00,5554.8
2025-06-09,06:15,4690.8
2025-06-09,06:30,3610.8
2025-06-09,06:45,5622
2025-06-09,07:00,5557.2
2025-06-09,07:15,5636.4
2025-06-09,07:30,3634.8
2025-06-09,07:45,4711.2
2025-06-09,08:00,3313.2
2025-06-09,08:15,2916
2025-06-09,08:30,2026.8
2025-06-09,08:45,1833.6
2025-06-09,09:00,1813.2
2025-06-09,09:15,1905.6
2025-06-09,09:30,1714.8
2025-06-09,09:45,1680
2025-06-09,10:00,1791.6
2025-06-09,10:15,1891.2
2025-06-09,10:30,1798.8
2025-06-09,10:45,1668
2025-06-09,11:00,1670.4
2025-06-09,11:15,1705.2
2025-06-09,11:30,1771.2
2025-06-09,11:45,1476
2025-06-09,12:00,1780.8
2025-06-09,12:15,1287.6
2025-06-09,12:30,1245.6
2025-06-09,12:45,1306.8
2025-06-09,13:00,1568.4
2025-06-09,13:15,1328.4
2025-06-09,13:30,1567.2
2025-06-09,13:45,1443.6
2025-06-09,14:00,1658.4
2025-06-09,14:15,1630.8
2025-06-09,14:30,1486.8
2025-06-09,14:45,1623.6
2025-06-09,15:00,1665.6
2025-06-09,15:15,1696.8
2025-06-09,15:30,1597.2
2025-06-09,15:45,1657.2
2025-06-09,16:00,1551.6
2025-06-09,16:15,1818
2025-06-09,16:30,1647.6
2025-06-09,16:45,1681.2
2025-06-09,17:00,1539.6
2025-06-09,17:15,1659.6
2025-06-09,17:30,1492.8
2025-06-09,17:45,1698
2025-06-09,18:00,1650
2025-06-09,18:15,1640.4
2025-06-09,18:30,1639.2
2025-06-09,18:45,1767.6
2025-06-09,19:00,1801.2
2025-06-09,19:15,1731.6
2025-06-09,19:30,1981.2
2025-06-09,19:45,1863.6
2025-06-09,20:00,1785.6
2025-06-09,20:15,3568.8
2025-06-09,20:30,3471.6
2025-06-09,20:45,3682.8
2025-06-09,21:00,3752.4
2025-06-09,21:15,3681.6
2025-06-09,21:30,3942
2025-06-09,21:45,5329.2
2025-06-09,22:00,3529.2
2025-06-09,22:15,4630.8
2025-06-09,22:30,4665.6
2025-06-09,22:45,5450.4
2025-06-09,23:00,5500.8
2025-06-09,23:15,5358
2025-06-09,23:30,4689.6
2025-06-09,23:45,4634.4
2025-06-10,00:00,5532
2025-06-10,00:15,3561.6
2025-06-10,00:30,5552.4
2025-06-10,00:45,4605.6
2025-06-10,01:00,4579.2
2025-06-10,01:15,5616
2025-06-10,01:30,4470
2025-06-10,01:45,5335.2
2025-06-10,02:00,5457.6
2025-06-10,02:15,5523.6
2025-06-10,02:30,4548
2025-06-10,02:45,5641.2
2025-06-10,03:00,4754.4
2025-06-10,03:15,4579.2
2025-06-10,03:30,5502
2025-06-10,03:45,4118.4
2025-06-10,04:00,5576.4
2025-06-10,04:15,4432.8
2025-06-10,04:30,5626.8
2025-06-10,04:45,5598
2025-06-10,05:00,5214
2025-06-10,05:15,4686
2025-06-10,05:30,5457.6
2025-06-10,05:45,5584.8
2025-06-10,06:00,4627.2
2025-06-10,06:15,4737.6
2025-06-10,06:30,4510.8
2025-06-10,06:45,5587.2
2025-06-10,07:00,4810.8
2025-06-10,07:15,5674.8
2025-06-10,07:30,3936
2025-06-10,07:45,5396.4
2025-06-10,08:00,4515.6
2025-06-10,08:15,3830.4
2025-06-10,08:30,1990.8
2025-06-10,08:45,1718.4
2025-06-10,09:00,1784.4
2025-06-10,09:15,1622.4
2025-06-10,09:30,1790.4
2025-06-10,09:45,1664.4
2025-06-10,10:00,1860
2025-06-10,10:15,1718.4
2025-06-10,10:30,1818
2025-06-10,10:45,1658.4
2025-06-10,11:00,1676.4
2025-06-10,11:15,1659.6
2025-06-10,11:30,1518
2025-06-10,11:45,1383.6
2025-06-10,12:00,1506
2025-06-10,12:15,1558.8
2025-06-10,12:30,1305.6
2025-06-10,12:45,1551.6
2025-06-10,13:00,1416
2025-06-10,13:15,1704
2025-06-10,13:30,1666.8
2025-06-10,13:45,1734
2025-06-10,14:00,1681.2
2025-06-10,14:15,1702.8
2025-06-10,14:30,1681.2
2025-06-10,14:45,1444.8
2025-06-10,15:00,1394.4
2025-06-10,15:15,1632
2025-06-10,15:30,1729.2
2025-06-10,15:45,1660.8
2025-06-10,16:00,1717.2
2025-06-10,16:15,1612.8
2025-06-10,16:30,1626
2025-06-10,16:45,1664.4
2025-06-10,17:00,1700.4
2025-06-10,17:15,1582.8
2025-06-10,17:30,1680
2025-06-10,17:45,1540.8
2025-06-10,18:00,1552.8
2025-06-10,18:15,1530
2025-06-10,18:30,1616.4
2025-06-10,18:45,1587.6
2025-06-10,19:00,1605.6
2025-06-10,19:15,1722
2025-06-10,19:30,1539.6
2025-06-10,19:45,1725.6
2025-06-10,20:00,1672.8
2025-06-10,20:15,1606.8
2025-06-10,20:30,1578
2025-06-10,20:45,1863.6
2025-06-10,21:00,4960.8
2025-06-10,21:15,5502
2025-06-10,21:30,5527.2
2025-06-10,21:45,5743.2
2025-06-10,22:00,5497.2
2025-06-10,22:15,2142
2025-06-10,22:30,5539.2
2025-06-10,22:45,5532
2025-06-10,23:00,5724
2025-06-10,23:15,5349.6
2025-06-10,23:30,3669.6
2025-06-10,23:45,5652
2025-06-11,00:00,5763.6
2025-06-11,00:15,5419.2
2025-06-11,00:30,3703.2
2025-06-11,00:45,4634.4
2025-06-11,01:00,5618.4
2025-06-11,01:15,5444.4
2025-06-11,01:30,5521.2
2025-06-11,01:45,2808
2025-06-11,02:00,4569.6
2025-06-11,02:15,5602.8
2025-06-11,02:30,5530.8
2025-06-11,02:45,4676.4
2025-06-11,03:00,3872.4
2025-06-11,03:15,4716
2025-06-11,03:30,4744.8
2025-06-11,03:45,5754
2025-06-11,04:00,4995.6
2025-06-11,04:15,4651.2
2025-06-11,04:30,5653.2
2025-06-11,04:45,5757.6
2025-06-11,05:00,5760
2025-06-11,05:15,4443.6
2025-06-11,05:30,4885.2
2025-06-11,05:45,5616
2025-06-11,06:00,5533.2
2025-06-11,06:15,4662
2025-06-11,06:30,4064.4
2025-06-11,06:45,5610
2025-06-11,07:00,5592
2025-06-11,07:15,5578.8
2025-06-11,07:30,3234
2025-06-11,07:45,4759.2
2025-06-11,08:00,5702.4
2025-06-11,08:15,5656.8
2025-06-11,08:30,5830.8
2025-06-11,08:45,2722.8
2025-06-11,09:00,1592.4
2025-06-11,09:15,1694.4
2025-06-11,09:30,1834.8
2025-06-11,09:45,1706.4
2025-06-11,10:00,1674
2025-06-11,10:15,1674
2025-06-11,10:30,1819.2
2025-06-11,10:45,1597.2
2025-06-11,11:00,1561.2
2025-06-11,11:15,1545.6
2025-06-11,11:30,1759.2
2025-06-11,11:45,1610.4
2025-06-11,12:00,1396.8
2025-06-11,12:15,1387.2
2025-06-11,12:30,1512
2025-06-11,12:45,1440
2025-06-11,13:00,1383.6
2025-06-11,13:15,1663.2
2025-06-11,13:30,1458
2025-06-11,13:45,1591.2
2025-06-11,14:00,1531.2
2025-06-11,14:15,1669.2
2025-06-11,14:30,1459.2
2025-06-11,14:45,1660.8
2025-06-11,15:00,1562.4
2025-06-11,15:15,1713.6
2025-06-11,15:30,1465.2
2025-06-11,15:45,1611.6
2025-06-11,16:00,1539.6
2025-06-11,16:15,1760.4
2025-06-11,16:30,1552.8
2025-06-11,16:45,1752
2025-06-11,17:00,1699.2
2025-06-11,17:15,1638
2025-06-11,17:30,1388.4
2025-06-11,17:45,1582.8
2025-06-11,18:00,1702.8
2025-06-11,18:15,1645.2
2025-06-11,18:30,1861.2
2025-06-11,18:45,1614
2025-06-11,19:00,1858.8
2025-06-11,19:15,1689.6
2025-06-11,19:30,1927.2
2025-06-11,19:45,1678.8
2025-06-11,20:00,1742.4
2025-06-11,20:15,2282.4
2025-06-11,20:30,2593.2
2025-06-11,20:45,2700
2025-06-11,21:00,5480.4
2025-06-11,21:15,4568.4
2025-06-11,21:30,4855.2
2025-06-11,21:45,4886.4
2025-06-11,22:00,4731.6
2025-06-11,22:15,3678
2025-06-11,22:30,5313.6
2025-06-11,22:45,4773.6
2025-06-11,23:00,5560.8
2025-06-11,23:15,4776
2025-06-11,23:30,3960
2025-06-11,23:45,5427.6
2025-06-12,00:00,4921.2
2025-06-12,00:15,5751.6
2025-06-12,00:30,3999.6
2025-06-12,00:45,5157.6
2025-06-12,01:00,5265.6
2025-06-12,01:15,5727.6
2025-06-12,01:30,5637.6
2025-06-12,01:45,3882
2025-06-12,02:00,5550
2025-06-12,02:15,5449.2
2025-06-12,02:30,5554.8
2025-06-12,02:45,3758.4
2025-06-12,03:00,3717.6
2025-06-12,03:15,5426.4
2025-06-12,03:30,5446.8
2025-06-12,03:45,5427.6
2025-06-12,04:00,3624
2025-06-12,04:15,4027.2
2025-06-12,04:30,5565.6
2025-06-12,04:45,5425.2
2025-06-12,05:00,5398.8
2025-06-12,05:15,5365.2
2025-06-12,05:30,3496.8
2025-06-12,05:45,5425.2
2025-06-12,06:00,5355.6
2025-06-12,06:15,3642
2025-06-12,06:30,5095.2
2025-06-12,06:45,5421.6
2025-06-12,07:00,5377.2
2025-06-12,07:15,4528.8
2025-06-12,07:30,4446
2025-06-12,07:45,5368.8
2025-06-12,08:00,5335.2
2025-06-12,08:15,4279.2
2025-06-12,08:30,1522.8
2025-06-12,08:45,1335.6
2025-06-12,09:00,1399.2
2025-06-12,09:15,1239.6
2025-06-12,09:30,1293.6
2025-06-12,09:45,1114.8
2025-06-12,10:00,1308
2025-06-12,10:15,1292.4
2025-06-12,10:30,1023.6
2025-06-12,10:45,1225.2
2025-06-12,11:00,829.2
2025-06-12,11:15,729.6
2025-06-12,11:30,1016.4
2025-06-12,11:45,1101.6
2025-06-12,12:00,838.8
2025-06-12,12:15,1245.6
2025-06-12,12:30,1232.4
2025-06-12,12:45,1252.8
2025-06-12,13:00,1002
2025-06-12,13:15,903.6
2025-06-12,13:30,654
2025-06-12,13:45,771.6
2025-06-12,14:00,1030.8
2025-06-12,14:15,618
2025-06-12,14:30,586.8
2025-06-12,14:45,974.4
2025-06-12,15:00,1606.8
2025-06-12,15:15,1372.8
2025-06-12,15:30,1244.4
2025-06-12,15:45,1562.4
2025-06-12,16:00,1651.2
2025-06-12,16:15,1454.4
2025-06-12,16:30,1263.6
2025-06-12,16:45,1520.4
2025-06-12,17:00,1268.4
2025-06-12,17:15,1270.8
2025-06-12,17:30,1317.6
2025-06-12,17:45,1404
2025-06-12,18:00,1612.8
2025-06-12,18:15,1540.8
2025-06-12,18:30,1590
2025-06-12,18:45,1635.6
2025-06-12,19:00,1765.2
2025-06-12,19:15,1575.6
2025-06-12,19:30,1572
2025-06-12,19:45,1642.8
2025-06-12,20:00,1567.2
2025-06-12,20:15,1500
2025-06-12,20:30,1682.4
2025-06-12,20:45,1544.4
2025-06-12,21:00,5454
2025-06-12,21:15,5482.8
2025-06-12,21:30,5522.4
2025-06-12,21:45,5473.2
2025-06-12,22:00,5468.4
2025-06-12,22:15,2138.4
2025-06-12,22:30,5486.4
2025-06-12,22:45,5488.8
2025-06-12,23:00,5629.2
2025-06-12,23:15,5682
2025-06-12,23:30,2168.4
2025-06-12,23:45,5414.4
2025-06-13,00:00,5536.8
2025-06-13,00:15,5737.2
2025-06-13,00:30,4581.6
2025-06-13,00:45,4669.2
2025-06-13,01:00,5556
2025-06-13,01:15,5738.4
2025-06-13,01:30,5482.8
2025-06-13,01:45,3704.4
2025-06-13,02:00,5330.4
2025-06-13,02:15,4969.2
2025-06-13,02:30,5570.4
2025-06-13,02:45,5583.6
2025-06-13,03:00,3036
2025-06-13,03:15,5760
2025-06-13,03:30,5576.4
2025-06-13,03:45,5660.4
2025-06-13,04:00,5664
2025-06-13,04:15,3501.6
2025-06-13,04:30,4644
2025-06-13,04:45,5721.6
2025-06-13,05:00,5552.4
2025-06-13,05:15,4970.4
2025-06-13,05:30,5229.6
2025-06-13,05:45,5602.8
2025-06-13,06:00,5659.2
2025-06-13,06:15,5652
2025-06-13,06:30,3415.2
2025-06-13,06:45,5550
2025-06-13,07:00,5608.8
2025-06-13,07:15,3703.2
2025-06-13,07:30,3901.2
2025-06-13,07:45,5649.6
2025-06-13,08:00,5492.4
2025-06-13,08:15,5624.4
2025-06-13,08:30,2634
2025-06-13,08:45,1634.4
2025-06-13,09:00,1532.4
2025-06-13,09:15,1260
2025-06-13,09:30,1388.4
2025-06-13,09:45,1112.4
2025-06-13,10:00,1399.2
2025-06-13,10:15,1146
2025-06-13,10:30,994.8
2025-06-13,10:45,768
2025-06-13,11:00,1062
2025-06-13,11:15,672
2025-06-13,11:30,892.8
2025-06-13,11:45,603.6
2025-06-13,12:00,792
2025-06-13,12:15,663.6
2025-06-13,12:30,1012.8
2025-06-13,12:45,582
2025-06-13,13:00,795.6
2025-06-13,13:15,622.8
2025-06-13,13:30,1134
2025-06-13,13:45,762
2025-06-13,14:00,558
2025-06-13,14:15,1179.6
2025-06-13,14:30,440.4
2025-06-13,14:45,723.6
2025-06-13,15:00,693.6
2025-06-13,15:15,1080
2025-06-13,15:30,1231.2
2025-06-13,15:45,792
2025-06-13,16:00,1128
2025-06-13,16:15,1130.4
2025-06-13,16:30,1251.6
2025-06-13,16:45,1059.6
2025-06-13,17:00,1227.6
2025-06-13,17:15,1182
2025-06-13,17:30,1080
2025-06-13,17:45,1394.4
2025-06-13,18:00,1339.2
2025-06-13,18:15,1383.6
2025-06-13,18:30,1350
2025-06-13,18:45,1340.4
2025-06-13,19:00,1341.6
2025-06-13,19:15,1377.6
2025-06-13,19:30,1411.2
2025-06-13,19:45,1401.6
2025-06-13,20:00,1266
2025-06-13,20:15,1286.4
2025-06-13,20:30,1363.2
2025-06-13,20:45,1360.8
2025-06-13,21:00,4966.8
2025-06-13,21:15,5408.4
2025-06-13,21:30,5239.2
2025-06-13,21:45,5286
2025-06-13,22:00,5305.2
2025-06-13,22:15,1518
2025-06-13,22:30,5355.6
2025-06-13,22:45,5204.4
2025-06-13,23:00,5443.2
2025-06-13,23:15,5373.6
2025-06-13,23:30,3028.8
2025-06-13,23:45,5367.6
2025-06-14,00:00,5308.8
2025-06-14,00:15,5401.2
2025-06-14,00:30,4476
2025-06-14,00:45,4406.4
2025-06-14,01:00,5270.4
2025-06-14,01:15,5409.6
2025-06-14,01:30,5308.8
2025-06-14,01:45,2454
2025-06-14,02:00,5338.8
2025-06-14,02:15,5166
2025-06-14,02:30,5366.4
2025-06-14,02:45,5286
2025-06-14,03:00,3703.2
2025-06-14,03:15,5330.4
2025-06-14,03:30,5434.8
2025-06-14,03:45,5428.8
2025-06-14,04:00,4161.6
2025-06-14,04:15,4918.8
2025-06-14,04:30,5538
2025-06-14,04:45,5410.8
2025-06-14,05:00,5517.6
2025-06-14,05:15,2908.8
2025-06-14,05:30,4534.8
2025-06-14,05:45,5488.8
2025-06-14,06:00,5380.8
2025-06-14,06:15,4838.4
2025-06-14,06:30,4536
2025-06-14,06:45,5352
2025-06-14,07:00,4460.4
2025-06-14,07:15,4233.6
2025-06-14,07:30,3548.4
2025-06-14,07:45,5534.4
2025-06-14,08:00,5308.8
2025-06-14,08:15,4347.6
2025-06-14,08:30,2529.6
2025-06-14,08:45,1093.2
2025-06-14,09:00,1101.6
2025-06-14,09:15,1209.6
2025-06-14,09:30,1038
2025-06-14,09:45,1464
2025-06-14,10:00,1108.8
2025-06-14,10:15,1317.6
2025-06-14,10:30,1329.6
2025-06-14,10:45,1556.4
2025-06-14,11:00,1333.2
2025-06-14,11:15,1456.8
2025-06-14,11:30,1482
2025-06-14,11:45,1680
2025-06-14,12:00,1416
2025-06-14,12:15,1586.4
2025-06-14,12:30,1377.6
2025-06-14,12:45,1407.6
2025-06-14,13:00,1288.8
2025-06-14,13:15,1194
2025-06-14,13:30,920.4
2025-06-14,13:45,1232.4
2025-06-14,14:00,1191.6
2025-06-14,14:15,1236
2025-06-14,14:30,1292.4
2025-06-14,14:45,1340.4
2025-06-14,15:00,1248
2025-06-14,15:15,1154.4
2025-06-14,15:30,1372.8
2025-06-14,15:45,1389.6
2025-06-14,16:00,1446
2025-06-14,16:15,1268.4
2025-06-14,16:30,1419.6
2025-06-14,16:45,1358.4
2025-06-14,17:00,1388.4
2025-06-14,17:15,1417.2
2025-06-14,17:30,1369.2
2025-06-14,17:45,1339.2
2025-06-14,18:00,1302
2025-06-14,18:15,1351.2
2025-06-14,18:30,1480.8
2025-06-14,18:45,1411.2
2025-06-14,19:00,1410
2025-06-14,19:15,1410
2025-06-14,19:30,1496.4
2025-06-14,19:45,1501.2
2025-06-14,20:00,1383.6
2025-06-14,20:15,1440
2025-06-14,20:30,1394.4
2025-06-14,20:45,1581.6
2025-06-14,21:00,5168.4
2025-06-14,21:15,5436
2025-06-14,21:30,5314.8
2025-06-14,21:45,5389.2
2025-06-14,22:00,5262
2025-06-14,22:15,1732.8
2025-06-14,22:30,5010
2025-06-14,22:45,5360.4
2025-06-14,23:00,5414.4
2025-06-14,23:15,5529.6
2025-06-14,23:30,2691.6
2025-06-14,23:45,5433.6
2025-06-15,00:00,5538
2025-06-15,00:15,5440.8
2025-06-15,00:30,3760.8
2025-06-15,00:45,3572.4
2025-06-15,01:00,5444.4
2025-06-15,01:15,5464.8
2025-06-15,01:30,5546.4
2025-06-15,01:45,4149.6
2025-06-15,02:00,5048.4
2025-06-15,02:15,5479.2
2025-06-15,02:30,5492.4
2025-06-15,02:45,4603.2
2025-06-15,03:00,2612.4
2025-06-15,03:15,5448
2025-06-15,03:30,5490
2025-06-15,03:45,5554.8
2025-06-15,04:00,3699.6
2025-06-15,04:15,5575.2
2025-06-15,04:30,5467.2
2025-06-15,04:45,5502
2025-06-15,05:00,4485.6
2025-06-15,05:15,3696
2025-06-15,05:30,5361.6
2025-06-15,05:45,5456.4
2025-06-15,06:00,5425.2
2025-06-15,06:15,2758.8
2025-06-15,06:30,5360.4
2025-06-15,06:45,5404.8
2025-06-15,07:00,5397.6
2025-06-15,07:15,3483.6
2025-06-15,07:30,4426.8
2025-06-15,07:45,5385.6
2025-06-15,08:00,4522.8
2025-06-15,08:15,3620.4
2025-06-15,08:30,1867.2
2025-06-15,08:45,1594.8
2025-06-15,09:00,1501.2
2025-06-15,09:15,1608
2025-06-15,09:30,1518
2025-06-15,09:45,1573.2
2025-06-15,10:00,1491.6
2025-06-15,10:15,1554
2025-06-15,10:30,1419.6
2025-06-15,10:45,1630.8
2025-06-15,11:00,1447.2
2025-06-15,11:15,1560
2025-06-15,11:30,1448.4
2025-06-15,11:45,1260
2025-06-15,12:00,1321.2
2025-06-15,12:15,1480.8
2025-06-15,12:30,1263.6
2025-06-15,12:45,1236
2025-06-15,13:00,1185.6
2025-06-15,13:15,1266
2025-06-15,13:30,1339.2
2025-06-15,13:45,1202.4
2025-06-15,14:00,1306.8
2025-06-15,14:15,1222.8
2025-06-15,14:30,849.6
2025-06-15,14:45,1195.2
2025-06-15,15:00,1274.4
2025-06-15,15:15,1446
2025-06-15,15:30,1407.6
2025-06-15,15:45,1382.4
2025-06-15,16:00,1306.8
2025-06-15,16:15,1350
2025-06-15,16:30,1348.8
2025-06-15,16:45,1353.6
2025-06-15,17:00,1458
2025-06-15,17:15,1351.2
2025-06-15,17:30,1362
2025-06-15,17:45,1330.8
2025-06-15,18:00,1356
2025-06-15,18:15,1372.8
2025-06-15,18:30,1401.6
2025-06-15,18:45,1530
2025-06-15,19:00,1366.8
2025-06-15,19:15,1418.4
2025-06-15,19:30,1485.6
2025-06-15,19:45,1466.4
2025-06-15,20:00,1543.2
2025-06-15,20:15,1980
2025-06-15,20:30,2434.8
2025-06-15,20:45,2336.4
2025-06-15,21:00,5229.6
2025-06-15,21:15,5259.6
2025-06-15,21:30,4458
2025-06-15,21:45,4848
2025-06-15,22:00,5341.2
2025-06-15,22:15,2860.8
2025-06-15,22:30,5262
2025-06-15,22:45,5341.2
2025-06-15,23:00,5358
2025-06-15,23:15,5318.4
2025-06-15,23:30,4191.6
2025-06-15,23:45,5398.8
2025-06-16,00:00,5600.4
2025-06-16,00:15,4610.4
2025-06-16,00:30,3482.4
2025-06-16,00:45,4426.8
2025-06-16,01:00,5516.4
2025-06-16,01:15,5518.8
2025-06-16,01:30,5481.6
2025-06-16,01:45,4472.4
2025-06-16,02:00,4779.6
2025-06-16,02:15,5420.4
2025-06-16,02:30,4626
2025-06-16,02:45,4532.4
2025-06-16,03:00,5434.8
2025-06-16,03:15,5590.8
2025-06-16,03:30,5493.6
2025-06-16,03:45,4795.2
2025-06-16,04:00,3768
2025-06-16,04:15,4779.6
2025-06-16,04:30,5528.4
2025-06-16,04:45,5580
2025-06-16,05:00,4587.6
2025-06-16,05:15,3644.4
2025-06-16,05:30,4695.6
2025-06-16,05:45,5504.4
2025-06-16,06:00,5394
2025-06-16,06:15,4268.4
2025-06-16,06:30,4526.4
2025-06-16,06:45,5140.8
2025-06-16,07:00,5068.8
2025-06-16,07:15,2164.8
2025-06-16,07:30,2938.8
2025-06-16,07:45,5035.2
2025-06-16,08:00,3858
2025-06-16,08:15,1954.8
2025-06-16,08:30,1512
2025-06-16,08:45,631.2
2025-06-16,09:00,470.4
2025-06-16,09:15,576
2025-06-16,09:30,312
2025-06-16,09:45,412.8
2025-06-16,10:00,196.8
2025-06-16,10:15,276
2025-06-16,10:30,150
2025-06-16,10:45,268.8
2025-06-16,11:00,-44.4
2025-06-16,11:15,186
2025-06-16,11:30,194.4
2025-06-16,11:45,204
2025-06-16,12:00,217.2
2025-06-16,12:15,150
2025-06-16,12:30,212.4
2025-06-16,12:45,139.2
2025-06-16,13:00,279.6
2025-06-16,13:15,258
2025-06-16,13:30,258
2025-06-16,13:45,314.4
2025-06-16,14:00,248.4
2025-06-16,14:15,426
2025-06-16,14:30,310.8
2025-06-16,14:45,835.2
2025-06-16,15:00,952.8
2025-06-16,15:15,1021.2
2025-06-16,15:30,799.2
2025-06-16,15:45,816
2025-06-16,16:00,1026
2025-06-16,16:15,1021.2
2025-06-16,16:30,1033.2
2025-06-16,16:45,1089.6
2025-06-16,17:00,1183.2
2025-06-16,17:15,1375.2
2025-06-16,17:30,1130.4
2025-06-16,17:45,1306.8
2025-06-16,18:00,1328.4
2025-06-16,18:15,1264.8
2025-06-16,18:30,1282.8
2025-06-16,18:45,1345.2
2025-06-16,19:00,1413.6
2025-06-16,19:15,1394.4
2025-06-16,19:30,1506
2025-06-16,19:45,1356
2025-06-16,20:00,1464
2025-06-16,20:15,1345.2
2025-06-16,20:30,1510.8
2025-06-16,20:45,1347.6
2025-06-16,21:00,4174.8
2025-06-16,21:15,4057.2
2025-06-16,21:30,4362
2025-06-16,21:45,4308
2025-06-16,22:00,5175.6
2025-06-16,22:15,3447.6
2025-06-16,22:30,4300.8
2025-06-16,22:45,5156.4
2025-06-16,23:00,4372.8
2025-06-16,23:15,5046
2025-06-16,23:30,3579.6
2025-06-16,23:45,5385.6
2025-06-17,00:00,4911.6
2025-06-17,00:15,4402.8
2025-06-17,00:30,5294.4
2025-06-17,00:45,3726
2025-06-17,01:00,5374.8
2025-06-17,01:15,4615.2
2025-06-17,01:30,4921.2
2025-06-17,01:45,4474.8
2025-06-17,02:00,4479.6
2025-06-17,02:15,4474.8
2025-06-17,02:30,4371.6
2025-06-17,02:45,5342.4
2025-06-17,03:00,3576
2025-06-17,03:15,5422.8
2025-06-17,03:30,5356.8
2025-06-17,03:45,5438.4
2025-06-17,04:00,3649.2
2025-06-17,04:15,4903.2
2025-06-17,04:30,5409.6
2025-06-17,04:45,5424
2025-06-17,05:00,4460.4
2025-06-17,05:15,4471.2
2025-06-17,05:30,5404.8
2025-06-17,05:45,3758.4
2025-06-17,06:00,5394
2025-06-17,06:15,3694.8
2025-06-17,06:30,4544.4
2025-06-17,06:45,4462.8
2025-06-17,07:00,5110.8
2025-06-17,07:15,4225.2
2025-06-17,07:30,4220.4
2025-06-17,07:45,5035.2
2025-06-17,08:00,4008
2025-06-17,08:15,1981.2
2025-06-17,08:30,994.8
2025-06-17,08:45,878.4
2025-06-17,09:00,888
2025-06-17,09:15,694.8
2025-06-17,09:30,776.4
2025-06-17,09:45,631.2
2025-06-17,10:00,700.8
2025-06-17,10:15,528
2025-06-17,10:30,621.6
2025-06-17,10:45,507.6
2025-06-17,11:00,448.8
2025-06-17,11:15,445.2
2025-06-17,11:30,390
2025-06-17,11:45,442.8
2025-06-17,12:00,477.6
2025-06-17,12:15,463.2
2025-06-17,12:30,466.8
2025-06-17,12:45,421.2
2025-06-17,13:00,429.6
2025-06-17,13:15,493.2
2025-06-17,13:30,496.8
2025-06-17,13:45,502.8
2025-06-17,14:00,542.4
2025-06-17,14:15,607.2
2025-06-17,14:30,688.8
2025-06-17,14:45,684
2025-06-17,15:00,669.6
2025-06-17,15:15,664.8
2025-06-17,15:30,951.6
2025-06-17,15:45,814.8
2025-06-17,16:00,958.8
2025-06-17,16:15,885.6
2025-06-17,16:30,1111.2
2025-06-17,16:45,1058.4
2025-06-17,17:00,1215.6
2025-06-17,17:15,1116
2025-06-17,17:30,1251.6
2025-06-17,17:45,1281.6
2025-06-17,18:00,1263.6
2025-06-17,18:15,1344
2025-06-17,18:30,1366.8
2025-06-17,18:45,1464
2025-06-17,19:00,1388.4
2025-06-17,19:15,1282.8
2025-06-17,19:30,1452
2025-06-17,19:45,1342.8
2025-06-17,20:00,1466.4
2025-06-17,20:15,1440
2025-06-17,20:30,1575.6
2025-06-17,20:45,1468.8
2025-06-17,21:00,5208
2025-06-17,21:15,5251.2
2025-06-17,21:30,5250
2025-06-17,21:45,5233.2
2025-06-17,22:00,5242.8
2025-06-17,22:15,2782.8
2025-06-17,22:30,5221.2
2025-06-17,22:45,5335.2
2025-06-17,23:00,5323.2
2025-06-17,23:15,5338.8
2025-06-17,23:30,2742
2025-06-17,23:45,5006.4
2025-06-18,00:00,5384.4
2025-06-18,00:15,5455.2
2025-06-18,00:30,4599.6
2025-06-18,00:45,3861.6
2025-06-18,01:00,5290.8
2025-06-18,01:15,5289.6
2025-06-18,01:30,5420.4
2025-06-18,01:45,4512
2025-06-18,02:00,3579.6
2025-06-18,02:15,5276.4
2025-06-18,02:30,5482.8
2025-06-18,02:45,5486.4
2025-06-18,03:00,2745.6
2025-06-18,03:15,5337.6
2025-06-18,03:30,5451.6
2025-06-18,03:45,5468.4
2025-06-18,04:00,4536
2025-06-18,04:15,3525.6
2025-06-18,04:30,5434.8
2025-06-18,04:45,5450.4
2025-06-18,05:00,5442
2025-06-18,05:15,4779.6
2025-06-18,05:30,2950.8
2025-06-18,05:45,5446.8
2025-06-18,06:00,5424
2025-06-18,06:15,5481.6
2025-06-18,06:30,5214
2025-06-18,06:45,4467.6
2025-06-18,07:00,4783.2
2025-06-18,07:15,4674
2025-06-18,07:30,3610.8
2025-06-18,07:45,4672.8
2025-06-18,08:00,4491.6
2025-06-18,08:15,4564.8
2025-06-18,08:30,3495.6
2025-06-18,08:45,3363.6
2025-06-18,09:00,1252.8
2025-06-18,09:15,1423.2
2025-06-18,09:30,1131.6
2025-06-18,09:45,1065.6
2025-06-18,10:00,1036.8
2025-06-18,10:15,1035.6
2025-06-18,10:30,788.4
2025-06-18,10:45,721.2
2025-06-18,11:00,1082.4
2025-06-18,11:15,741.6
2025-06-18,11:30,829.2
2025-06-18,11:45,810
2025-06-18,12:00,943.2
2025-06-18,12:15,696
2025-06-18,12:30,735.6
2025-06-18,12:45,1057.2
2025-06-18,13:00,1615.2
2025-06-18,13:15,1304.4
2025-06-18,13:30,1381.2
2025-06-18,13:45,684
2025-06-18,14:00,1291.2
2025-06-18,14:15,746.4
2025-06-18,14:30,1504.8
2025-06-18,14:45,987.6
2025-06-18,15:00,1388.4
2025-06-18,15:15,1251.6
2025-06-18,15:30,1172.4
2025-06-18,15:45,1309.2
2025-06-18,16:00,1431.6
2025-06-18,16:15,1465.2
2025-06-18,16:30,1543.2
2025-06-18,16:45,1502.4
2025-06-18,17:00,1659.6
2025-06-18,17:15,1702.8
2025-06-18,17:30,1665.6
2025-06-18,17:45,1578
2025-06-18,18:00,1480.8
2025-06-18,18:15,1669.2
2025-06-18,18:30,1552.8
2025-06-18,18:45,1674
2025-06-18,19:00,1690.8
2025-06-18,19:15,1754.4
2025-06-18,19:30,1654.8
2025-06-18,19:45,1695.6
2025-06-18,20:00,1663.2
2025-06-18,20:15,1633.2
2025-06-18,20:30,1638
2025-06-18,20:45,1720.8
2025-06-18,21:00,3946.8
2025-06-18,21:15,4118.4
2025-06-18,21:30,4068
2025-06-18,21:45,4209.6
2025-06-18,22:00,3463.2
2025-06-18,22:15,2674.8
2025-06-18,22:30,3525.6
2025-06-18,22:45,4599.6
2025-06-18,23:00,3597.6
2025-06-18,23:15,3952.8
2025-06-18,23:30,3288
2025-06-18,23:45,4862.4
2025-06-19,00:00,3774
2025-06-19,00:15,4857.6
2025-06-19,00:30,3919.2
2025-06-19,00:45,4068
2025-06-19,01:00,4670.4
2025-06-19,01:15,4377.6
2025-06-19,01:30,4713.6
2025-06-19,01:45,4329.6
2025-06-19,02:00,4725.6
2025-06-19,02:15,3798
2025-06-19,02:30,4690.8
2025-06-19,02:45,4078.8
2025-06-19,03:00,4009.2
2025-06-19,03:15,3766.8
2025-06-19,03:30,4671.6
2025-06-19,03:45,3710.4
2025-06-19,04:00,4596
2025-06-19,04:15,3848.4
2025-06-19,04:30,4852.8
2025-06-19,04:45,4617.6
2025-06-19,05:00,3864
2025-06-19,05:15,4629.6
2025-06-19,05:30,3734.4
2025-06-19,05:45,3685.2
2025-06-19,06:00,4634.4
2025-06-19,06:15,3638.4
2025-06-19,06:30,3687.6
2025-06-19,06:45,4682.4
2025-06-19,07:00,4615.2
2025-06-19,07:15,3834
2025-06-19,07:30,2046
2025-06-19,07:45,1875.6
2025-06-19,08:00,1574.4
2025-06-19,08:15,1587.6
2025-06-19,08:30,1558.8
2025-06-19,08:45,1788
2025-06-19,09:00,1438.8
2025-06-19,09:15,1591.2
2025-06-19,09:30,1219.2
2025-06-19,09:45,1298.4
2025-06-19,10:00,1177.2
2025-06-19,10:15,1392
2025-06-19,10:30,1224
2025-06-19,10:45,1342.8
2025-06-19,11:00,1200
2025-06-19,11:15,1209.6
2025-06-19,11:30,1225.2
2025-06-19,11:45,1232.4
2025-06-19,12:00,1110
2025-06-19,12:15,1035.6
2025-06-19,12:30,1249.2
2025-06-19,12:45,1258.8
2025-06-19,13:00,1153.2
2025-06-19,13:15,1033.2
2025-06-19,13:30,1268.4
2025-06-19,13:45,1245.6
2025-06-19,14:00,1335.6
2025-06-19,14:15,1294.8
2025-06-19,14:30,1428
2025-06-19,14:45,1156.8
2025-06-19,15:00,1014
2025-06-19,15:15,1202.4
2025-06-19,15:30,932.4
2025-06-19,15:45,961.2
2025-06-19,16:00,1040.4
2025-06-19,16:15,1123.2
2025-06-19,16:30,1028.4
2025-06-19,16:45,1219.2
2025-06-19,17:00,1188
2025-06-19,17:15,1376.4
2025-06-19,17:30,1254
2025-06-19,17:45,1462.8
2025-06-19,18:00,1197.6
2025-06-19,18:15,1372.8
2025-06-19,18:30,1311.6
2025-06-19,18:45,1461.6
2025-06-19,19:00,1297.2
2025-06-19,19:15,1485.6
2025-06-19,19:30,1344
2025-06-19,19:45,1520.4
2025-06-19,20:00,1286.4
2025-06-19,20:15,1444.8
2025-06-19,20:30,1572
2025-06-19,20:45,1502.4
2025-06-19,21:00,1598.4
2025-06-19,21:15,1482
2025-06-19,21:30,1560
2025-06-19,21:45,1422
2025-06-19,22:00,1494
2025-06-19,22:15,1327.2
2025-06-19,22:30,1534.8
2025-06-19,22:45,1417.2
2025-06-19,23:00,1586.4
2025-06-19,23:15,1399.2
2025-06-19,23:30,1652.4
2025-06-19,23:45,1564.8
2025-06-20,00:00,4474.8
2025-06-20,00:15,4263.6
2025-06-20,00:30,4464
2025-06-20,00:45,4351.2
2025-06-20,01:00,4438.8
2025-06-20,01:15,2827.2
2025-06-20,01:30,4386
2025-06-20,01:45,4311.6
2025-06-20,02:00,4366.8
2025-06-20,02:15,2521.2
2025-06-20,02:30,3216
2025-06-20,02:45,4304.4
2025-06-20,03:00,4358.4
2025-06-20,03:15,4387.2
2025-06-20,03:30,2592
2025-06-20,03:45,2510.4
2025-06-20,04:00,3524.4
2025-06-20,04:15,3477.6
2025-06-20,04:30,3616.8
2025-06-20,04:45,2809.2
2025-06-20,05:00,3537.6
2025-06-20,05:15,3612
2025-06-20,05:30,3583.2
2025-06-20,05:45,1716
2025-06-20,06:00,3387.6
2025-06-20,06:15,3463.2
2025-06-20,06:30,3496.8
2025-06-20,06:45,2691.6
2025-06-20,07:00,2516.4
2025-06-20,07:15,3369.6
2025-06-20,07:30,3435.6
2025-06-20,07:45,3242.4
2025-06-20,08:00,2504.4
2025-06-20,08:15,1273.2
2025-06-20,08:30,1401.6
2025-06-20,08:45,1414.8
2025-06-20,09:00,1270.8
2025-06-20,09:15,1360.8
2025-06-20,09:30,1312.8
2025-06-20,09:45,1364.4
2025-06-20,10:00,1040.4
2025-06-20,10:15,1143.6
2025-06-20,10:30,1252.8
2025-06-20,10:45,1072.8
2025-06-20,11:00,1015.2
2025-06-20,11:15,1508.4
2025-06-20,11:30,1663.2
2025-06-20,11:45,1623.6
2025-06-20,12:00,1465.2
2025-06-20,12:15,1591.2
2025-06-20,12:30,1399.2
2025-06-20,12:45,1597.2
2025-06-20,13:00,1477.2
2025-06-20,13:15,1512
2025-06-20,13:30,1330.8
2025-06-20,13:45,1412.4
2025-06-20,14:00,1346.4
2025-06-20,14:15,1573.2
2025-06-20,14:30,1450.8
2025-06-20,14:45,1557.6
2025-06-20,15:00,1634.4
2025-06-20,15:15,1610.4
2025-06-20,15:30,1684.8
2025-06-20,15:45,1700.4
2025-06-20,16:00,1744.8
2025-06-20,16:15,1725.6
2025-06-20,16:30,1806
2025-06-20,16:45,1665.6
2025-06-20,17:00,1778.4
2025-06-20,17:15,1730.4
2025-06-20,17:30,1660.8
2025-06-20,17:45,1939.2
2025-06-20,18:00,1761.6
2025-06-20,18:15,1626
2025-06-20,18:30,1724.4
2025-06-20,18:45,1525.2
2025-06-20,19:00,1770
2025-06-20,19:15,1540.8
2025-06-20,19:30,1809.6
2025-06-20,19:45,1615.2
2025-06-20,20:00,1716
2025-06-20,20:15,1712.4
2025-06-20,20:30,1768.8
2025-06-20,20:45,1792.8
2025-06-20,21:00,3560.4
2025-06-20,21:15,4486.8
2025-06-20,21:30,4585.2
2025-06-20,21:45,4408.8
2025-06-20,22:00,4585.2
2025-06-20,22:15,2307.6
2025-06-20,22:30,4639.2
2025-06-20,22:45,4512
2025-06-20,23:00,4728
2025-06-20,23:15,3759.6
2025-06-20,23:30,3820.8
2025-06-20,23:45,4794
2025-06-21,00:00,4791.6
2025-06-21,00:15,4713.6
2025-06-21,00:30,4712.4
2025-06-21,00:45,3630
2025-06-21,01:00,4730.4
2025-06-21,01:15,4798.8
2025-06-21,01:30,3848.4
2025-06-21,01:45,3753.6
2025-06-21,02:00,3825.6
2025-06-21,02:15,4603.2
2025-06-21,02:30,4808.4
2025-06-21,02:45,4692
2025-06-21,03:00,4045.2
2025-06-21,03:15,4608
2025-06-21,03:30,4647.6
2025-06-21,03:45,4640.4
2025-06-21,04:00,4836
2025-06-21,04:15,4227.6
2025-06-21,04:30,4753.2
2025-06-21,04:45,4654.8
2025-06-21,05:00,4735.2
2025-06-21,05:15,3559.2
2025-06-21,05:30,4636.8
2025-06-21,05:45,4629.6
2025-06-21,06:00,4724.4
2025-06-21,06:15,3648
2025-06-21,06:30,4509.6
2025-06-21,06:45,4476
2025-06-21,07:00,3638.4
2025-06-21,07:15,3454.8
2025-06-21,07:30,3579.6
2025-06-21,07:45,3999.6
2025-06-21,08:00,4153.2
2025-06-21,08:15,2168.4
2025-06-21,08:30,1044
2025-06-21,08:45,1492.8
2025-06-21,09:00,1341.6
2025-06-21,09:15,1231.2
2025-06-21,09:30,900
2025-06-21,09:45,1124.4
2025-06-21,10:00,554.4
2025-06-21,10:15,1134
2025-06-21,10:30,1352.4
2025-06-21,10:45,1461.6
2025-06-21,11:00,1484.4
2025-06-21,11:15,1177.2
2025-06-21,11:30,1063.2
2025-06-21,11:45,938.4
2025-06-21,12:00,1479.6
2025-06-21,12:15,1476
2025-06-21,12:30,1332
2025-06-21,12:45,1401.6
2025-06-21,13:00,1126.8
2025-06-21,13:15,1605.6
2025-06-21,13:30,1606.8
2025-06-21,13:45,1375.2
2025-06-21,14:00,1711.2
2025-06-21,14:15,1599.6
2025-06-21,14:30,1587.6
2025-06-21,14:45,1556.4
2025-06-21,15:00,1704
2025-06-21,15:15,1719.6
2025-06-21,15:30,1695.6
2025-06-21,15:45,1512
2025-06-21,16:00,1506
2025-06-21,16:15,1612.8
2025-06-21,16:30,1651.2
2025-06-21,16:45,1436.4
2025-06-21,17:00,1658.4
2025-06-21,17:15,1696.8
2025-06-21,17:30,1407.6
2025-06-21,17:45,1713.6
2025-06-21,18:00,1549.2
2025-06-21,18:15,1622.4
2025-06-21,18:30,1819.2
2025-06-21,18:45,1746
2025-06-21,19:00,1748.4
2025-06-21,19:15,1912.8
2025-06-21,19:30,1688.4
2025-06-21,19:45,1864.8
2025-06-21,20:00,2040
2025-06-21,20:15,2215.2
2025-06-21,20:30,2799.6
2025-06-21,20:45,2738.4
2025-06-21,21:00,4382.4
2025-06-21,21:15,3777.6
2025-06-21,21:30,3723.6
2025-06-21,21:45,4569.6
2025-06-21,22:00,3615.6
2025-06-21,22:15,2977.2
2025-06-21,22:30,4492.8
2025-06-21,22:45,4524
2025-06-21,23:00,4465.2
2025-06-21,23:15,3486
2025-06-21,23:30,2817.6
2025-06-21,23:45,4606.8
2025-06-22,00:00,4647.6
2025-06-22,00:15,4538.4
2025-06-22,00:30,3079.2
2025-06-22,00:45,4642.8
2025-06-22,01:00,4825.2
2025-06-22,01:15,4666.8
2025-06-22,01:30,3093.6
2025-06-22,01:45,2738.4
2025-06-22,02:00,4908
2025-06-22,02:15,4670.4
2025-06-22,02:30,4724.4
2025-06-22,02:45,3144
2025-06-22,03:00,3676.8
2025-06-22,03:15,4622.4
2025-06-22,03:30,4657.2
2025-06-22,03:45,3854.4
2025-06-22,04:00,3645.6
2025-06-22,04:15,3782.4
2025-06-22,04:30,4687.2
2025-06-22,04:45,4728
2025-06-22,05:00,3210
2025-06-22,05:15,3804
2025-06-22,05:30,4660.8
2025-06-22,05:45,4600.8
2025-06-22,06:00,3884.4
2025-06-22,06:15,2876.4
2025-06-22,06:30,4502.4
2025-06-22,06:45,4641.6
2025-06-22,07:00,4580.4
2025-06-22,07:15,3782.4
2025-06-22,07:30,3324
2025-06-22,07:45,4394.4
2025-06-22,08:00,4741.2
2025-06-22,08:15,3612
2025-06-22,08:30,2059.2
2025-06-22,08:45,1826.4
2025-06-22,09:00,1735.2
2025-06-22,09:15,1875.6
2025-06-22,09:30,1819.2
2025-06-22,09:45,1746
2025-06-22,10:00,1714.8
2025-06-22,10:15,1726.8
2025-06-22,10:30,1609.2
2025-06-22,10:45,1561.2
2025-06-22,11:00,1500
2025-06-22,11:15,1431.6
2025-06-22,11:30,1466.4
2025-06-22,11:45,1538.4
2025-06-22,12:00,1676.4
2025-06-22,12:15,1600.8
2025-06-22,12:30,1611.6
2025-06-22,12:45,1581.6
2025-06-22,13:00,1706.4
2025-06-22,13:15,1766.4
2025-06-22,13:30,1629.6
2025-06-22,13:45,1609.2
2025-06-22,14:00,1574.4
2025-06-22,14:15,1742.4
2025-06-22,14:30,1556.4
2025-06-22,14:45,1683.6
2025-06-22,15:00,1560
2025-06-22,15:15,1602
2025-06-22,15:30,1629.6
2025-06-22,15:45,1690.8
2025-06-22,16:00,1686
2025-06-22,16:15,1654.8
2025-06-22,16:30,1669.2
2025-06-22,16:45,1695.6
2025-06-22,17:00,1687.2
2025-06-22,17:15,1725.6
2025-06-22,17:30,1666.8
2025-06-22,17:45,1606.8
2025-06-22,18:00,1706.4
2025-06-22,18:15,1722
2025-06-22,18:30,1633.2
2025-06-22,18:45,1756.8
2025-06-22,19:00,1820.4
2025-06-22,19:15,1729.2
2025-06-22,19:30,1711.2
2025-06-22,19:45,1734
2025-06-22,20:00,1804.8
2025-06-22,20:15,2666.4
2025-06-22,20:30,2685.6
2025-06-22,20:45,2635.2
2025-06-22,21:00,5368.8
2025-06-22,21:15,4748.4
2025-06-22,21:30,4795.2
2025-06-22,21:45,4819.2
2025-06-22,22:00,5370
2025-06-22,22:15,2889.6
2025-06-22,22:30,5432.4
2025-06-22,22:45,5470.8
2025-06-22,23:00,5515.2
2025-06-22,23:15,4509.6
2025-06-22,23:30,3453.6
2025-06-22,23:45,5424
2025-06-23,00:00,5574
2025-06-23,00:15,5370
2025-06-23,00:30,4704
2025-06-23,00:45,3924
2025-06-23,01:00,5545.2
2025-06-23,01:15,5529.6
2025-06-23,01:30,5578.8
2025-06-23,01:45,3861.6
2025-06-23,02:00,4252.8
2025-06-23,02:15,5553.6
2025-06-23,02:30,5565.6
2025-06-23,02:45,4964.4
2025-06-23,03:00,4648.8
2025-06-23,03:15,4518
2025-06-23,03:30,5605.2
2025-06-23,03:45,5604
2025-06-23,04:00,3102
2025-06-23,04:15,5498.4
2025-06-23,04:30,4795.2
2025-06-23,04:45,5629.2
2025-06-23,05:00,5607.6
2025-06-23,05:15,3072
2025-06-23,05:30,5512.8
2025-06-23,05:45,4821.6
2025-06-23,06:00,5564.4
2025-06-23,06:15,5702.4
2025-06-23,06:30,3117.6
2025-06-23,06:45,5092.8
2025-06-23,07:00,5600.4
2025-06-23,07:15,5689.2
2025-06-23,07:30,5514
2025-06-23,07:45,4612.8
2025-06-23,08:00,5649.6
2025-06-23,08:15,5589.6
2025-06-23,08:30,5578.8
2025-06-23,08:45,2839.2
2025-06-23,09:00,2670
2025-06-23,09:15,1723.2
2025-06-23,09:30,1694.4
2025-06-23,09:45,1684.8
2025-06-23,10:00,1761.6
2025-06-23,10:15,1611.6
2025-06-23,10:30,1682.4
2025-06-23,10:45,1700.4
2025-06-23,11:00,1711.2
2025-06-23,11:15,1734
2025-06-23,11:30,1382.4
2025-06-23,11:45,1700.4
2025-06-23,12:00,1489.2
2025-06-23,12:15,1608
2025-06-23,12:30,1680
2025-06-23,12:45,1606.8
2025-06-23,13:00,1677.6
2025-06-23,13:15,1608
2025-06-23,13:30,1639.2
2025-06-23,13:45,1604.4
2025-06-23,14:00,1382.4
2025-06-23,14:15,1524
2025-06-23,14:30,1309.2
2025-06-23,14:45,1352.4
2025-06-23,15:00,1418.4
2025-06-23,15:15,1173.6
2025-06-23,15:30,1428
2025-06-23,15:45,1548
2025-06-23,16:00,1572
2025-06-23,16:15,1548
2025-06-23,16:30,1615.2
2025-06-23,16:45,1747.2
2025-06-23,17:00,1702.8
2025-06-23,17:15,1821.6
2025-06-23,17:30,1664.4
2025-06-23,17:45,1626
2025-06-23,18:00,1626
2025-06-23,18:15,1647.6
2025-06-23,18:30,1525.2
2025-06-23,18:45,1653.6
2025-06-23,19:00,1598.4
2025-06-23,19:15,1681.2
2025-06-23,19:30,1766.4
2025-06-23,19:45,1622.4
2025-06-23,20:00,1714.8
2025-06-23,20:15,1726.8
2025-06-23,20:30,1687.2
2025-06-23,20:45,1677.6
2025-06-23,21:00,5368.8
2025-06-23,21:15,4287.6
2025-06-23,21:30,4689.6
2025-06-23,21:45,5557.2
2025-06-23,22:00,5569.2
2025-06-23,22:15,2976
2025-06-23,22:30,5430
2025-06-23,22:45,4658.4
2025-06-23,23:00,5460
2025-06-23,23:15,5403.6
2025-06-23,23:30,2910
2025-06-23,23:45,5473.2
2025-06-24,00:00,5551.2
2025-06-24,00:15,5508
2025-06-24,00:30,5571.6
2025-06-24,00:45,3602.4
2025-06-24,01:00,4674
2025-06-24,01:15,5539.2
2025-06-24,01:30,5518.8
2025-06-24,01:45,4648.8
2025-06-24,02:00,3645.6
2025-06-24,02:15,4722
2025-06-24,02:30,5576.4
2025-06-24,02:45,5556
2025-06-24,03:00,3897.6
2025-06-24,03:15,5066.4
2025-06-24,03:30,5512.8
2025-06-24,03:45,5532
2025-06-24,04:00,5739.6
2025-06-24,04:15,2985.6
2025-06-24,04:30,5008.8
2025-06-24,04:45,5714.4
2025-06-24,05:00,5595.6
2025-06-24,05:15,3716.4
2025-06-24,05:30,3938.4
2025-06-24,05:45,5616
2025-06-24,06:00,5600.4
2025-06-24,06:15,5568
2025-06-24,06:30,4684.8
2025-06-24,06:45,4639.2
2025-06-24,07:00,5259.6
2025-06-24,07:15,5470.8
2025-06-24,07:30,5352
2025-06-24,07:45,3960
2025-06-24,08:00,3710.4
2025-06-24,08:15,3438
2025-06-24,08:30,3320.4
2025-06-24,08:45,1542
2025-06-24,09:00,1476
2025-06-24,09:15,1065.6
2025-06-24,09:30,964.8
2025-06-24,09:45,1012.8
2025-06-24,10:00,1456.8
2025-06-24,10:15,1515.6
2025-06-24,10:30,1242
2025-06-24,10:45,1345.2
2025-06-24,11:00,1304.4
2025-06-24,11:15,1129.2
2025-06-24,11:30,1093.2
2025-06-24,11:45,1218
2025-06-24,12:00,1134
2025-06-24,12:15,1143.6
2025-06-24,12:30,1040.4
2025-06-24,12:45,1092
2025-06-24,13:00,1179.6
2025-06-24,13:15,1232.4
2025-06-24,13:30,1126.8
2025-06-24,13:45,1117.2
2025-06-24,14:00,1088.4
2025-06-24,14:15,1009.2
2025-06-24,14:30,1254
2025-06-24,14:45,1011.6
2025-06-24,15:00,1242
2025-06-24,15:15,1401.6
2025-06-24,15:30,1088.4
2025-06-24,15:45,1495.2
2025-06-24,16:00,1210.8
2025-06-24,16:15,1135.2
2025-06-24,16:30,1404
2025-06-24,16:45,1312.8
2025-06-24,17:00,1338
2025-06-24,17:15,1497.6
2025-06-24,17:30,1444.8
2025-06-24,17:45,1488
2025-06-24,18:00,1502.4
2025-06-24,18:15,1700.4
2025-06-24,18:30,1580.4
2025-06-24,18:45,1710
2025-06-24,19:00,1642.8
2025-06-24,19:15,1854
2025-06-24,19:30,1598.4
2025-06-24,19:45,1671.6
2025-06-24,20:00,1768.8
2025-06-24,20:15,1807.2
2025-06-24,20:30,1730.4
2025-06-24,20:45,1744.8
2025-06-24,21:00,5517.6
2025-06-24,21:15,5469.6
2025-06-24,21:30,5594.4
2025-06-24,21:45,4602
2025-06-24,22:00,5541.6
2025-06-24,22:15,2294.4
2025-06-24,22:30,5407.2
2025-06-24,22:45,5538
2025-06-24,23:00,5520
2025-06-24,23:15,5450.4
2025-06-24,23:30,2017.2
2025-06-24,23:45,5602.8
2025-06-25,00:00,5572.8
2025-06-25,00:15,5595.6
2025-06-25,00:30,5568
2025-06-25,00:45,2181.6
2025-06-25,01:00,5494.8
2025-06-25,01:15,5634
2025-06-25,01:30,5630.4
2025-06-25,01:45,5697.6
2025-06-25,02:00,3757.2
2025-06-25,02:15,5649.6
2025-06-25,02:30,5569.2
2025-06-25,02:45,5677.2
2025-06-25,03:00,5752.8
2025-06-25,03:15,5574
2025-06-25,03:30,5714.4
2025-06-25,03:45,5642.4
2025-06-25,04:00,5671.2
2025-06-25,04:15,3087.6
2025-06-25,04:30,5774.4
2025-06-25,04:45,4792.8
2025-06-25,05:00,4747.2
2025-06-25,05:15,2936.4
2025-06-25,05:30,5694
2025-06-25,05:45,5706
2025-06-25,06:00,4744.8
2025-06-25,06:15,4228.8
2025-06-25,06:30,5564.4
2025-06-25,06:45,5448
2025-06-25,07:00,4576.8
2025-06-25,07:15,3735.6
2025-06-25,07:30,5104.8
2025-06-25,07:45,5142
2025-06-25,08:00,3268.8
2025-06-25,08:15,1628.4
2025-06-25,08:30,1206
2025-06-25,08:45,1024.8
2025-06-25,09:00,1194
2025-06-25,09:15,1159.2
2025-06-25,09:30,940.8
2025-06-25,09:45,939.6
2025-06-25,10:00,913.2
2025-06-25,10:15,897.6
2025-06-25,10:30,825.6
2025-06-25,10:45,898.8
2025-06-25,11:00,746.4
2025-06-25,11:15,1113.6
2025-06-25,11:30,1054.8
2025-06-25,11:45,670.8
2025-06-25,12:00,1227.6
2025-06-25,12:15,909.6
2025-06-25,12:30,1412.4
2025-06-25,12:45,1082.4
2025-06-25,13:00,1396.8
2025-06-25,13:15,1264.8
2025-06-25,13:30,1281.6
2025-06-25,13:45,1514.4
2025-06-25,14:00,1486.8
2025-06-25,14:15,1748.4
2025-06-25,14:30,1569.6
2025-06-25,14:45,1741.2
2025-06-25,15:00,1646.4
2025-06-25,15:15,1458
2025-06-25,15:30,1438.8
2025-06-25,15:45,1441.2
2025-06-25,16:00,1413.6
2025-06-25,16:15,1350
2025-06-25,16:30,1429.2
2025-06-25,16:45,1423.2
2025-06-25,17:00,1502.4
2025-06-25,17:15,1449.6
2025-06-25,17:30,1479.6
2025-06-25,17:45,1423.2
2025-06-25,18:00,1476
2025-06-25,18:15,1592.4
2025-06-25,18:30,1597.2
2025-06-25,18:45,1582.8
2025-06-25,19:00,1593.6
2025-06-25,19:15,1699.2
2025-06-25,19:30,1695.6
2025-06-25,19:45,1696.8
2025-06-25,20:00,1740
2025-06-25,20:15,1762.8
2025-06-25,20:30,1720.8
2025-06-25,20:45,1778.4
2025-06-25,21:00,4585.2
2025-06-25,21:15,5323.2
2025-06-25,21:30,5496
2025-06-25,21:45,5564.4
2025-06-25,22:00,5436
2025-06-25,22:15,2316
2025-06-25,22:30,5215.2
2025-06-25,22:45,5542.8
2025-06-25,23:00,5456.4
2025-06-25,23:15,5508
2025-06-25,23:30,2612.4
2025-06-25,23:45,5456.4
2025-06-26,00:00,5539.2
2025-06-26,00:15,5534.4
2025-06-26,00:30,5648.4
2025-06-26,00:45,2984.4
2025-06-26,01:00,5677.2
2025-06-26,01:15,5522.4
2025-06-26,01:30,5545.2
2025-06-26,01:45,4796.4
2025-06-26,02:00,3234
2025-06-26,02:15,5626.8
2025-06-26,02:30,5563.2
2025-06-26,02:45,5599.2
2025-06-26,03:00,3861.6
2025-06-26,03:15,4719.6
2025-06-26,03:30,5616
2025-06-26,03:45,5635.2
2025-06-26,04:00,4998
2025-06-26,04:15,3002.4
2025-06-26,04:30,5636.4
2025-06-26,04:45,5734.8
2025-06-26,05:00,4654.8
2025-06-26,05:15,2942.4
2025-06-26,05:30,5535.6
2025-06-26,05:45,5733.6
2025-06-26,06:00,4675.2
2025-06-26,06:15,3829.2
2025-06-26,06:30,4597.2
2025-06-26,06:45,5532
2025-06-26,07:00,3711.6
2025-06-26,07:15,5439.6
2025-06-26,07:30,3726
2025-06-26,07:45,5373.6
2025-06-26,08:00,5172
2025-06-26,08:15,3337.2
2025-06-26,08:30,3146.4
2025-06-26,08:45,1196.4
2025-06-26,09:00,1245.6
2025-06-26,09:15,1153.2
2025-06-26,09:30,1057.2
2025-06-26,09:45,1056
2025-06-26,10:00,1068
2025-06-26,10:15,945.6
2025-06-26,10:30,1026
2025-06-26,10:45,835.2
2025-06-26,11:00,957.6
2025-06-26,11:15,1035.6
2025-06-26,11:30,1626
2025-06-26,11:45,1593.6
2025-06-26,12:00,807.6
2025-06-26,12:15,978
2025-06-26,12:30,927.6
2025-06-26,12:45,894
2025-06-26,13:00,842.4
2025-06-26,13:15,814.8
2025-06-26,13:30,1549.2
2025-06-26,13:45,804
2025-06-26,14:00,812.4
2025-06-26,14:15,1016.4
2025-06-26,14:30,1256.4
2025-06-26,14:45,1062
2025-06-26,15:00,1149.6
2025-06-26,15:15,1000.8
2025-06-26,15:30,1834.8
2025-06-26,15:45,1472.4
2025-06-26,16:00,1686
2025-06-26,16:15,1726.8
2025-06-26,16:30,1746
2025-06-26,16:45,1429.2
2025-06-26,17:00,1459.2
2025-06-26,17:15,2016
2025-06-26,17:30,1714.8
2025-06-26,17:45,1650
2025-06-26,18:00,1744.8
2025-06-26,18:15,1825.2
2025-06-26,18:30,1808.4
2025-06-26,18:45,1773.6
2025-06-26,19:00,1836
2025-06-26,19:15,1939.2
2025-06-26,19:30,1789.2
2025-06-26,19:45,1788
2025-06-26,20:00,1947.6
2025-06-26,20:15,1857.6
2025-06-26,20:30,2682
2025-06-26,20:45,2570.4
2025-06-26,21:00,2785.2
2025-06-26,21:15,5331.6
2025-06-26,21:30,4753.2
2025-06-26,21:45,4706.4
2025-06-26,22:00,4789.2
2025-06-26,22:15,3673.2
2025-06-26,22:30,5209.2
2025-06-26,22:45,5377.2
2025-06-26,23:00,5434.8
2025-06-26,23:15,4825.2
2025-06-26,23:30,5610
2025-06-26,23:45,5492.4
2025-06-27,00:00,5499.6
2025-06-27,00:15,4630.8
2025-06-27,00:30,5474.4
2025-06-27,00:45,2823.6
2025-06-27,01:00,5329.2
2025-06-27,01:15,5499.6
2025-06-27,01:30,4838.4
2025-06-27,01:45,4410
2025-06-27,02:00,3796.8
2025-06-27,02:15,5599.2
2025-06-27,02:30,5614.8
2025-06-27,02:45,4987.2
2025-06-27,03:00,4766.4
2025-06-27,03:15,5614.8
2025-06-27,03:30,5648.4
2025-06-27,03:45,4778.4
2025-06-27,04:00,5653.2
2025-06-27,04:15,4070.4
2025-06-27,04:30,5721.6
2025-06-27,04:45,5728.8
2025-06-27,05:00,4863.6
2025-06-27,05:15,3784.8
2025-06-27,05:30,5655.6
2025-06-27,05:45,5666.4
2025-06-27,06:00,5622
2025-06-27,06:15,2476.8
2025-06-27,06:30,5632.8
2025-06-27,06:45,5560.8
2025-06-27,07:00,5462.4
2025-06-27,07:15,3598.8
2025-06-27,07:30,4179.6
2025-06-27,07:45,5319.6
2025-06-27,08:00,5144.4
2025-06-27,08:15,3469.2
2025-06-27,08:30,2130
2025-06-27,08:45,1314
2025-06-27,09:00,1053.6
2025-06-27,09:15,1106.4
2025-06-27,09:30,1135.2
2025-06-27,09:45,990
2025-06-27,10:00,1122
2025-06-27,10:15,853.2
2025-06-27,10:30,927.6
2025-06-27,10:45,877.2
2025-06-27,11:00,805.2
2025-06-27,11:15,754.8
2025-06-27,11:30,856.8
2025-06-27,11:45,732
2025-06-27,12:00,1442.4
2025-06-27,12:15,607.2
2025-06-27,12:30,1064.4
2025-06-27,12:45,1743.6
2025-06-27,13:00,1881.6
2025-06-27,13:15,1948.8
2025-06-27,13:30,1771.2
2025-06-27,13:45,1828.8
2025-06-27,14:00,1742.4
2025-06-27,14:15,1884
2025-06-27,14:30,1747.2
2025-06-27,14:45,1792.8
2025-06-27,15:00,1800
2025-06-27,15:15,1804.8
2025-06-27,15:30,1810.8
2025-06-27,15:45,1732.8
2025-06-27,16:00,1810.8
2025-06-27,16:15,1698
2025-06-27,16:30,1773.6
2025-06-27,16:45,1659.6
2025-06-27,17:00,1869.6
2025-06-27,17:15,1764
2025-06-27,17:30,1626
2025-06-27,17:45,1656
2025-06-27,18:00,1562.4
2025-06-27,18:15,1756.8
2025-06-27,18:30,1662
2025-06-27,18:45,1686
2025-06-27,19:00,1652.4
2025-06-27,19:15,1836
2025-06-27,19:30,1716
2025-06-27,19:45,1651.2
2025-06-27,20:00,1716
2025-06-27,20:15,1728
2025-06-27,20:30,1712.4
2025-06-27,20:45,1737.6
2025-06-27,21:00,5293.2
2025-06-27,21:15,5449.2
2025-06-27,21:30,5484
2025-06-27,21:45,5487.6
2025-06-27,22:00,5524.8
2025-06-27,22:15,3048
2025-06-27,22:30,5348.4
2025-06-27,22:45,5468.4
2025-06-27,23:00,5511.6
2025-06-27,23:15,5547.6
2025-06-27,23:30,2805.6
2025-06-27,23:45,5557.2
2025-06-28,00:00,5552.4
2025-06-28,00:15,5667.6
2025-06-28,00:30,5604
2025-06-28,00:45,3187.2
2025-06-28,01:00,5301.6
2025-06-28,01:15,5696.4
2025-06-28,01:30,5641.2
2025-06-28,01:45,4845.6
2025-06-28,02:00,4096.8
2025-06-28,02:15,5649.6
2025-06-28,02:30,5628
2025-06-28,02:45,4777.2
2025-06-28,03:00,4506
2025-06-28,03:15,5650.8
2025-06-28,03:30,5620.8
2025-06-28,03:45,5743.2
2025-06-28,04:00,4747.2
2025-06-28,04:15,3836.4
2025-06-28,04:30,5588.4
2025-06-28,04:45,5694
2025-06-28,05:00,5589.6
2025-06-28,05:15,3054
2025-06-28,05:30,5636.4
2025-06-28,05:45,5666.4
2025-06-28,06:00,4572
2025-06-28,06:15,3381.6
2025-06-28,06:30,5458.8
2025-06-28,06:45,5546.4
2025-06-28,07:00,3757.2
2025-06-28,07:15,4976.4
2025-06-28,07:30,5083.2
2025-06-28,07:45,5390.4
2025-06-28,08:00,4556.4
2025-06-28,08:15,3682.8
2025-06-28,08:30,1540.8
2025-06-28,08:45,1269.6
2025-06-28,09:00,1384.8
2025-06-28,09:15,1527.6
2025-06-28,09:30,1112.4
2025-06-28,09:45,885.6
2025-06-28,10:00,874.8
2025-06-28,10:15,788.4
2025-06-28,10:30,680.4
2025-06-28,10:45,774
2025-06-28,11:00,685.2
2025-06-28,11:15,784.8
2025-06-28,11:30,613.2
2025-06-28,11:45,1315.2
2025-06-28,12:00,728.4
2025-06-28,12:15,772.8
2025-06-28,12:30,704.4
2025-06-28,12:45,450
2025-06-28,13:00,487.2
2025-06-28,13:15,1107.6
2025-06-28,13:30,1384.8
2025-06-28,13:45,1443.6
2025-06-28,14:00,1488
2025-06-28,14:15,1544.4
2025-06-28,14:30,1650
2025-06-28,14:45,1749.6
2025-06-28,15:00,1436.4
2025-06-28,15:15,1450.8
2025-06-28,15:30,1454.4
2025-06-28,15:45,1398
2025-06-28,16:00,1488
2025-06-28,16:15,1428
2025-06-28,16:30,1510.8
2025-06-28,16:45,1668
2025-06-28,17:00,1678.8
2025-06-28,17:15,1603.2
2025-06-28,17:30,1664.4
2025-06-28,17:45,1782
2025-06-28,18:00,1646.4
2025-06-28,18:15,1575.6
2025-06-28,18:30,1651.2
2025-06-28,18:45,1593.6
2025-06-28,19:00,1645.2
2025-06-28,19:15,1887.6
2025-06-28,19:30,1614
2025-06-28,19:45,1635.6
2025-06-28,20:00,1698
2025-06-28,20:15,1858.8
2025-06-28,20:30,1784.4
2025-06-28,20:45,1695.6
2025-06-28,21:00,5376
2025-06-28,21:15,5392.8
2025-06-28,21:30,5376
2025-06-28,21:45,5481.6
2025-06-28,22:00,5410.8
2025-06-28,22:15,2043.6
2025-06-28,22:30,5457.6
2025-06-28,22:45,5485.2
2025-06-28,23:00,5569.2
2025-06-28,23:15,5590.8
2025-06-28,23:30,2548.8
2025-06-28,23:45,4858.8
2025-06-29,00:00,5600.4
2025-06-29,00:15,5709.6
2025-06-29,00:30,5572.8
2025-06-29,00:45,3176.4
2025-06-29,01:00,5538
2025-06-29,01:15,5733.6
2025-06-29,01:30,5553.6
2025-06-29,01:45,5614.8
2025-06-29,02:00,4718.4
2025-06-29,02:15,5703.6
2025-06-29,02:30,5599.2
2025-06-29,02:45,5606.4
2025-06-29,03:00,5245.2
2025-06-29,03:15,3790.8
2025-06-29,03:30,5605.2
2025-06-29,03:45,5613.6
2025-06-29,04:00,4863.6
2025-06-29,04:15,3901.2
2025-06-29,04:30,5516.4
2025-06-29,04:45,4582.8
2025-06-29,05:00,5418
2025-06-29,05:15,4542
2025-06-29,05:30,4614
2025-06-29,05:45,5469.6
2025-06-29,06:00,5073.6
2025-06-29,06:15,3854.4
2025-06-29,06:30,4887.6
2025-06-29,06:45,4515.6
2025-06-29,07:00,5473.2
2025-06-29,07:15,4764
2025-06-29,07:30,5226
2025-06-29,07:45,4434
2025-06-29,08:00,4058.4
2025-06-29,08:15,2942.4
2025-06-29,08:30,1183.2
2025-06-29,08:45,1159.2
2025-06-29,09:00,1165.2
2025-06-29,09:15,1071.6
2025-06-29,09:30,1128
2025-06-29,09:45,999.6
2025-06-29,10:00,1039.2
2025-06-29,10:15,1024.8
2025-06-29,10:30,895.2
2025-06-29,10:45,714
2025-06-29,11:00,732
2025-06-29,11:15,840
2025-06-29,11:30,666
2025-06-29,11:45,770.4
2025-06-29,12:00,724.8
2025-06-29,12:15,799.2
2025-06-29,12:30,823.2
2025-06-29,12:45,674.4
2025-06-29,13:00,778.8
2025-06-29,13:15,834
2025-06-29,13:30,860.4
2025-06-29,13:45,672
2025-06-29,14:00,861.6
2025-06-29,14:15,872.4
2025-06-29,14:30,1624.8
2025-06-29,14:45,1614
2025-06-29,15:00,1555.2
2025-06-29,15:15,1581.6
2025-06-29,15:30,1170
2025-06-29,15:45,1303.2
2025-06-29,16:00,1644
2025-06-29,16:15,1785.6
2025-06-29,16:30,1740
2025-06-29,16:45,1826.4
2025-06-29,17:00,1749.6
2025-06-29,17:15,1855.2
2025-06-29,17:30,1713.6
2025-06-29,17:45,1773.6
2025-06-29,18:00,1690.8
2025-06-29,18:15,1666.8
2025-06-29,18:30,1688.4
2025-06-29,18:45,1712.4
2025-06-29,19:00,1681.2
2025-06-29,19:15,1790.4
2025-06-29,19:30,1695.6
2025-06-29,19:45,1730.4
2025-06-29,20:00,1753.2
2025-06-29,20:15,1797.6
2025-06-29,20:30,1839.6
2025-06-29,20:45,1734
2025-06-29,21:00,5475.6
2025-06-29,21:15,5474.4
2025-06-29,21:30,5472
2025-06-29,21:45,5522.4
2025-06-29,22:00,5338.8
2025-06-29,22:15,1852.8
2025-06-29,22:30,5286
2025-06-29,22:45,5510.4
2025-06-29,23:00,5527.2
2025-06-29,23:15,5395.2
2025-06-29,23:30,3459.6
2025-06-29,23:45,5392.8
2025-06-30,00:00,5518.8
2025-06-30,00:15,5409.6
2025-06-30,00:30,4562.4
2025-06-30,00:45,4482
2025-06-30,01:00,5413.2
2025-06-30,01:15,5360.4
2025-06-30,01:30,5386.8
2025-06-30,01:45,3628.8
2025-06-30,02:00,5379.6
2025-06-30,02:15,5481.6
2025-06-30,02:30,5481.6
2025-06-30,02:45,5473.2
2025-06-30,03:00,2302.8
2025-06-30,03:15,5448
2025-06-30,03:30,5505.6
2025-06-30,03:45,5542.8
2025-06-30,04:00,4920
2025-06-30,04:15,3003.6
2025-06-30,04:30,5482.8
2025-06-30,04:45,5445.6
2025-06-30,05:00,3685.2
2025-06-30,05:15,4062
2025-06-30,05:30,5457.6
2025-06-30,05:45,5446.8
2025-06-30,06:00,4545.6
2025-06-30,06:15,3463.2
2025-06-30,06:30,5247.6
2025-06-30,06:45,5415.6
2025-06-30,07:00,5360.4
2025-06-30,07:15,5680.8
2025-06-30,07:30,4730.4
2025-06-30,07:45,4662
2025-06-30,08:00,3757.2
2025-06-30,08:15,1812
2025-06-30,08:30,1708.8
2025-06-30,08:45,1573.2
2025-06-30,09:00,1694.4
2025-06-30,09:15,1627.2
2025-06-30,09:30,1587.6
2025-06-30,09:45,1476
2025-06-30,10:00,1590
2025-06-30,10:15,1072.8
2025-06-30,10:30,922.8
2025-06-30,10:45,984
2025-06-30,11:00,1191.6
2025-06-30,11:15,1285.2
2025-06-30,11:30,1226.4
2025-06-30,11:45,1148.4
2025-06-30,12:00,1106.4
2025-06-30,12:15,981.6
2025-06-30,12:30,1080
2025-06-30,12:45,1029.6
2025-06-30,13:00,951.6
2025-06-30,13:15,1021.2
2025-06-30,13:30,1029.6
2025-06-30,13:45,927.6
2025-06-30,14:00,970.8
2025-06-30,14:15,912
2025-06-30,14:30,932.4
2025-06-30,14:45,1074
2025-06-30,15:00,1045.2
2025-06-30,15:15,1286.4
2025-06-30,15:30,1148.4
2025-06-30,15:45,1034.4
2025-06-30,16:00,706.8
2025-06-30,16:15,997.2
2025-06-30,16:30,1095.6
2025-06-30,16:45,1346.4
2025-06-30,17:00,970.8
2025-06-30,17:15,1348.8
2025-06-30,17:30,1062
2025-06-30,17:45,1207.2
2025-06-30,18:00,1261.2
2025-06-30,18:15,1338
2025-06-30,18:30,1222.8
2025-06-30,18:45,1310.4
2025-06-30,19:00,1430.4
2025-06-30,19:15,1566
2025-06-30,19:30,1501.2
2025-06-30,19:45,1363.2
2025-06-30,20:00,1418.4
2025-06-30,20:15,1504.8
2025-06-30,20:30,1592.4
2025-06-30,20:45,1377.6
2025-06-30,21:00,5275.2
2025-06-30,21:15,5031.6
2025-06-30,21:30,5134.8
2025-06-30,21:45,5294.4
2025-06-30,22:00,5269.2
2025-06-30,22:15,2662.8
2025-06-30,22:30,4945.2
2025-06-30,22:45,5170.8
2025-06-30,23:00,5143.2
2025-06-30,23:15,5032.8
2025-06-30,23:30,2632.8
2025-06-30,23:45,5110.8
2025-07-01,00:00,5298
2025-07-01,00:15,5216.4
2025-07-01,00:30,5257.2
2025-07-01,00:45,2443.2
2025-07-01,01:00,4938
2025-07-01,01:15,5122.8
2025-07-01,01:30,5091.6
2025-07-01,01:45,4314
2025-07-01,02:00,2456.4
2025-07-01,02:15,5049.6
2025-07-01,02:30,5127.6
2025-07-01,02:45,5122.8
2025-07-01,03:00,5168.4
2025-07-01,03:15,3496.8
2025-07-01,03:30,4922.4
2025-07-01,03:45,5222.4
2025-07-01,04:00,4264.8
2025-07-01,04:15,3470.4
2025-07-01,04:30,5145.6
2025-07-01,04:45,5222.4
2025-07-01,05:00,4501.2
2025-07-01,05:15,2533.2
2025-07-01,05:30,4770
2025-07-01,05:45,5064
2025-07-01,06:00,4192.8
2025-07-01,06:15,4194
2025-07-01,06:30,4990.8
2025-07-01,06:45,4984.8
2025-07-01,07:00,4951.2
2025-07-01,07:15,2977.2
2025-07-01,07:30,4860
2025-07-01,07:45,4807.2
2025-07-01,08:00,4764
2025-07-01,08:15,3727.2
2025-07-01,08:30,886.8
2025-07-01,08:45,576
2025-07-01,09:00,627.6
2025-07-01,09:15,878.4
2025-07-01,09:30,960
2025-07-01,09:45,777.6
2025-07-01,10:00,825.6
2025-07-01,10:15,567.6
2025-07-01,10:30,528
2025-07-01,10:45,452.4
2025-07-01,11:00,528
2025-07-01,11:15,530.4
2025-07-01,11:30,492
2025-07-01,11:45,561.6
2025-07-01,12:00,597.6
2025-07-01,12:15,457.2
2025-07-01,12:30,944.4
2025-07-01,12:45,865.2
2025-07-01,13:00,1053.6
2025-07-01,13:15,879.6
2025-07-01,13:30,963.6
2025-07-01,13:45,921.6
2025-07-01,14:00,1046.4
2025-07-01,14:15,936
2025-07-01,14:30,975.6
2025-07-01,14:45,1050
2025-07-01,15:00,1117.2
2025-07-01,15:15,1040.4
2025-07-01,15:30,1363.2
2025-07-01,15:45,1633.2
2025-07-01,16:00,1251.6
2025-07-01,16:15,1267.2
2025-07-01,16:30,1393.2
2025-07-01,16:45,1401.6
2025-07-01,17:00,1545.6
2025-07-01,17:15,1492.8
2025-07-01,17:30,1627.2
2025-07-01,17:45,1623.6
2025-07-01,18:00,1728
2025-07-01,18:15,1680
2025-07-01,18:30,1744.8
2025-07-01,18:45,1630.8
2025-07-01,19:00,1821.6
2025-07-01,19:15,1735.2
2025-07-01,19:30,1867.2
2025-07-01,19:45,1832.4
2025-07-01,20:00,1822.8
2025-07-01,20:15,1796.4
2025-07-01,20:30,1784.4
2025-07-01,20:45,1816.8
2025-07-01,21:00,1783.2
2025-07-01,21:15,2437.2
2025-07-01,21:30,2606.4
2025-07-01,21:45,2872.8
2025-07-01,22:00,5570.4
2025-07-01,22:15,4821.6
2025-07-01,22:30,4844.4
2025-07-01,22:45,4875.6
2025-07-01,23:00,4921.2
2025-07-01,23:15,3075.6
2025-07-01,23:30,5676
2025-07-01,23:45,5562
2025-07-02,00:00,5700
2025-07-02,00:15,4654.8
2025-07-02,00:30,3944.4
2025-07-02,00:45,5557.2
2025-07-02,01:00,5702.4
2025-07-02,01:15,5553.6
2025-07-02,01:30,3639.6
2025-07-02,01:45,4393.2
2025-07-02,02:00,5522.4
2025-07-02,02:15,5431.2
2025-07-02,02:30,4744.8
2025-07-02,02:45,5268
2025-07-02,03:00,4698
2025-07-02,03:15,5653.2
2025-07-02,03:30,4702.8
2025-07-02,03:45,3909.6
2025-07-02,04:00,5546.4
2025-07-02,04:15,4801.2
2025-07-02,04:30,5550
2025-07-02,04:45,5282.4
2025-07-02,05:00,4954.8
2025-07-02,05:15,5569.2
2025-07-02,05:30,5610
2025-07-02,05:45,3861.6
2025-07-02,06:00,5023.2
2025-07-02,06:15,4867.2
2025-07-02,06:30,5556
2025-07-02,06:45,4719.6
2025-07-02,07:00,5428.8
2025-07-02,07:15,4704
2025-07-02,07:30,5353.2
2025-07-02,07:45,5306.4
2025-07-02,08:00,3312
2025-07-02,08:15,2352
2025-07-02,08:30,1386
2025-07-02,08:45,1243.2
2025-07-02,09:00,1154.4
2025-07-02,09:15,1236
2025-07-02,09:30,1005.6
2025-07-02,09:45,952.8
2025-07-02,10:00,1159.2
2025-07-02,10:15,1029.6
2025-07-02,10:30,946.8
2025-07-02,10:45,1111.2
2025-07-02,11:00,915.6
2025-07-02,11:15,915.6
2025-07-02,11:30,1048.8
2025-07-02,11:45,662.4
2025-07-02,12:00,828
2025-07-02,12:15,1016.4
2025-07-02,12:30,706.8
2025-07-02,12:45,853.2
2025-07-02,13:00,902.4
2025-07-02,13:15,898.8
2025-07-02,13:30,782.4
2025-07-02,13:45,860.4
2025-07-02,14:00,1359.6
2025-07-02,14:15,854.4
2025-07-02,14:30,834
2025-07-02,14:45,859.2
2025-07-02,15:00,1346.4
2025-07-02,15:15,1197.6
2025-07-02,15:30,1386
2025-07-02,15:45,992.4
2025-07-02,16:00,964.8
2025-07-02,16:15,1196.4
2025-07-02,16:30,1149.6
2025-07-02,16:45,1161.6
2025-07-02,17:00,1375.2
2025-07-02,17:15,1258.8
2025-07-02,17:30,1332
2025-07-02,17:45,1458
2025-07-02,18:00,1395.6
2025-07-02,18:15,1438.8
2025-07-02,18:30,1554
2025-07-02,18:45,1412.4
2025-07-02,19:00,1401.6
2025-07-02,19:15,1545.6
2025-07-02,19:30,1370.4
2025-07-02,19:45,1521.6
2025-07-02,20:00,1460.4
2025-07-02,20:15,1430.4
2025-07-02,20:30,1418.4
2025-07-02,20:45,1507.2
2025-07-02,21:00,1434
2025-07-02,21:15,1496.4
2025-07-02,21:30,1500
2025-07-02,21:45,1334.4
2025-07-02,22:00,1448.4
2025-07-02,22:15,1425.6
2025-07-02,22:30,1394.4
2025-07-02,22:45,1375.2
2025-07-02,23:00,5240.4
2025-07-02,23:15,5186.4
2025-07-02,23:30,5198.4
2025-07-02,23:45,5257.2
2025-07-03,00:00,5373.6
2025-07-03,00:15,1824
2025-07-03,00:30,5268
2025-07-03,00:45,5502
2025-07-03,01:00,5228.4
2025-07-03,01:15,5438.4
2025-07-03,01:30,2725.2
2025-07-03,01:45,5349.6
2025-07-03,02:00,5304
2025-07-03,02:15,5496
2025-07-03,02:30,4429.2
2025-07-03,02:45,3835.2
2025-07-03,03:00,5388
2025-07-03,03:15,5568
2025-07-03,03:30,5414.4
2025-07-03,03:45,4484.4
2025-07-03,04:00,4226.4
2025-07-03,04:15,5502
2025-07-03,04:30,5526
2025-07-03,04:45,4832.4
2025-07-03,05:00,4633.2
2025-07-03,05:15,4846.8
2025-07-03,05:30,5529.6
2025-07-03,05:45,4706.4
2025-07-03,06:00,4174.8
2025-07-03,06:15,5420.4
2025-07-03,06:30,5566.8
2025-07-03,06:45,4394.4
2025-07-03,07:00,4339.2
2025-07-03,07:15,4468.8
2025-07-03,07:30,4221.6
2025-07-03,07:45,3283.2
2025-07-03,08:00,1274.4
2025-07-03,08:15,1168.8
2025-07-03,08:30,1132.8
2025-07-03,08:45,994.8
2025-07-03,09:00,1119.6
2025-07-03,09:15,974.4
2025-07-03,09:30,703.2
2025-07-03,09:45,1041.6
2025-07-03,10:00,712.8
2025-07-03,10:15,807.6
2025-07-03,10:30,837.6
2025-07-03,10:45,691.2
2025-07-03,11:00,706.8
2025-07-03,11:15,640.8
2025-07-03,11:30,546
2025-07-03,11:45,498
2025-07-03,12:00,634.8
2025-07-03,12:15,532.8
2025-07-03,12:30,1146
2025-07-03,12:45,1146
2025-07-03,13:00,1306.8
2025-07-03,13:15,1816.8
2025-07-03,13:30,1094.4
2025-07-03,13:45,1160.4
2025-07-03,14:00,1827.6
2025-07-03,14:15,1460.4
2025-07-03,14:30,1590
2025-07-03,14:45,1066.8
2025-07-03,15:00,1154.4
2025-07-03,15:15,1032
2025-07-03,15:30,1084.8
2025-07-03,15:45,1224
2025-07-03,16:00,1242
2025-07-03,16:15,1263.6
2025-07-03,16:30,1334.4
2025-07-03,16:45,1452
2025-07-03,17:00,1509.6
2025-07-03,17:15,1402.8
2025-07-03,17:30,1467.6
2025-07-03,17:45,1488
2025-07-03,18:00,1567.2
2025-07-03,18:15,1621.2
2025-07-03,18:30,1622.4
2025-07-03,18:45,1618.8
2025-07-03,19:00,1786.8
2025-07-03,19:15,1635.6
2025-07-03,19:30,1610.4
2025-07-03,19:45,1701.6
2025-07-03,20:00,1678.8
2025-07-03,20:15,1689.6
2025-07-03,20:30,1572
2025-07-03,20:45,1748.4
2025-07-03,21:00,1605.6
2025-07-03,21:15,1688.4
2025-07-03,21:30,1730.4
2025-07-03,21:45,1629.6
2025-07-03,22:00,1699.2
2025-07-03,22:15,1918.8
2025-07-03,22:30,2508
2025-07-03,22:45,2552.4
2025-07-03,23:00,2626.8
2025-07-03,23:15,4746
2025-07-03,23:30,5406
2025-07-03,23:45,5421.6
2025-07-04,00:00,4488
2025-07-04,00:15,3721.2
2025-07-04,00:30,4347.6
2025-07-04,00:45,5376
2025-07-04,01:00,4534.8
2025-07-04,01:15,5155.2
2025-07-04,01:30,4550.4
2025-07-04,01:45,4461.6
2025-07-04,02:00,5500.8
2025-07-04,02:15,4537.2
2025-07-04,02:30,5455.2
2025-07-04,02:45,4590
2025-07-04,03:00,5306.4
2025-07-04,03:15,5497.2
2025-07-04,03:30,4864.8
2025-07-04,03:45,4458
2025-07-04,04:00,4128
2025-07-04,04:15,5538
2025-07-04,04:30,5461.2
2025-07-04,04:45,5449.2
2025-07-04,05:00,2972.4
2025-07-04,05:15,5413.2
2025-07-04,05:30,5330.4
2025-07-04,05:45,4531.2
2025-07-04,06:00,3547.2
2025-07-04,06:15,4690.8
2025-07-04,06:30,5308.8
2025-07-04,06:45,5367.6
2025-07-04,07:00,3530.4
2025-07-04,07:15,4328.4
2025-07-04,07:30,4160.4
2025-07-04,07:45,4986
2025-07-04,08:00,4239.6
2025-07-04,08:15,2259.6
2025-07-04,08:30,1194
2025-07-04,08:45,1060.8
2025-07-04,09:00,1168.8
2025-07-04,09:15,968.4
2025-07-04,09:30,960
2025-07-04,09:45,972
2025-07-04,10:00,777.6
2025-07-04,10:15,801.6
2025-07-04,10:30,770.4
2025-07-04,10:45,710.4
2025-07-04,11:00,660
2025-07-04,11:15,690
2025-07-04,11:30,613.2
2025-07-04,11:45,594
2025-07-04,12:00,538.8
2025-07-04,12:15,778.8
2025-07-04,12:30,520.8
2025-07-04,12:45,403.2
2025-07-04,13:00,682.8
2025-07-04,13:15,548.4
2025-07-04,13:30,664.8
2025-07-04,13:45,820.8
2025-07-04,14:00,1114.8
2025-07-04,14:15,675.6
2025-07-04,14:30,666
2025-07-04,14:45,1011.6
2025-07-04,15:00,1069.2
2025-07-04,15:15,766.8
2025-07-04,15:30,880.8
2025-07-04,15:45,771.6
2025-07-04,16:00,841.2
2025-07-04,16:15,943.2
2025-07-04,16:30,912
2025-07-04,16:45,982.8
2025-07-04,17:00,1068
2025-07-04,17:15,1005.6
2025-07-04,17:30,1165.2
2025-07-04,17:45,1101.6
2025-07-04,18:00,1189.2
2025-07-04,18:15,1244.4
2025-07-04,18:30,1148.4
2025-07-04,18:45,1368
2025-07-04,19:00,1286.4
2025-07-04,19:15,1335.6
2025-07-04,19:30,1374
2025-07-04,19:45,1291.2
2025-07-04,20:00,1231.2
2025-07-04,20:15,1455.6
2025-07-04,20:30,1218
2025-07-04,20:45,1287.6
2025-07-04,21:00,1249.2
2025-07-04,21:15,1182
2025-07-04,21:30,1173.6
2025-07-04,21:45,1134
2025-07-04,22:00,1309.2
2025-07-04,22:15,1204.8
2025-07-04,22:30,1222.8
2025-07-04,22:45,1290
2025-07-04,23:00,4605.6
2025-07-04,23:15,4897.2
2025-07-04,23:30,5065.2
2025-07-04,23:45,5026.8
2025-07-05,00:00,5193.6
2025-07-05,00:15,1351.2
2025-07-05,00:30,5185.2
2025-07-05,00:45,5077.2
2025-07-05,01:00,5035.2
2025-07-05,01:15,3556.8
2025-07-05,01:30,3219.6
2025-07-05,01:45,5120.4
2025-07-05,02:00,5172
2025-07-05,02:15,4257.6
2025-07-05,02:30,3235.2
2025-07-05,02:45,4180.8
2025-07-05,03:00,5044.8
2025-07-05,03:15,4285.2
2025-07-05,03:30,5016
2025-07-05,03:45,4438.8
2025-07-05,04:00,4202.4
2025-07-05,04:15,5222.4
2025-07-05,04:30,4832.4
2025-07-05,04:45,4426.8
2025-07-05,05:00,3505.2
2025-07-05,05:15,5228.4
2025-07-05,05:30,4362
2025-07-05,05:45,5157.6
2025-07-05,06:00,3399.6
2025-07-05,06:15,5149.2
2025-07-05,06:30,4476
2025-07-05,06:45,4080
2025-07-05,07:00,3289.2
2025-07-05,07:15,3973.2
2025-07-05,07:30,2997.6
2025-07-05,07:45,2823.6
2025-07-05,08:00,916.8
2025-07-05,08:15,877.2
2025-07-05,08:30,849.6
2025-07-05,08:45,882
2025-07-05,09:00,700.8
2025-07-05,09:15,697.2
2025-07-05,09:30,748.8
2025-07-05,09:45,591.6
2025-07-05,10:00,678
2025-07-05,10:15,600
2025-07-05,10:30,410.4
2025-07-05,10:45,370.8
2025-07-05,11:00,295.2
2025-07-05,11:15,562.8
2025-07-05,11:30,412.8
2025-07-05,11:45,326.4
2025-07-05,12:00,442.8
2025-07-05,12:15,1030.8
2025-07-05,12:30,1081.2
2025-07-05,12:45,310.8
2025-07-05,13:00,1041.6
2025-07-05,13:15,348
2025-07-05,13:30,307.2
2025-07-05,13:45,331.2
2025-07-05,14:00,952.8
2025-07-05,14:15,432
2025-07-05,14:30,702
2025-07-05,14:45,475.2
2025-07-05,15:00,994.8
2025-07-05,15:15,978
2025-07-05,15:30,1015.2
2025-07-05,15:45,963.6
2025-07-05,16:00,890.4
2025-07-05,16:15,820.8
2025-07-05,16:30,914.4
2025-07-05,16:45,1050
2025-07-05,17:00,918
2025-07-05,17:15,1008
2025-07-05,17:30,1089.6
2025-07-05,17:45,1058.4
2025-07-05,18:00,1138.8
2025-07-05,18:15,1207.2
2025-07-05,18:30,1158
2025-07-05,18:45,1257.6
2025-07-05,19:00,1221.6
2025-07-05,19:15,1201.2
2025-07-05,19:30,1264.8
2025-07-05,19:45,1237.2
2025-07-05,20:00,1500
2025-07-05,20:15,1302
2025-07-05,20:30,1333.2
2025-07-05,20:45,1504.8
2025-07-05,21:00,1292.4
2025-07-05,21:15,1400.4
2025-07-05,21:30,1358.4
2025-07-05,21:45,1320
2025-07-05,22:00,1380
2025-07-05,22:15,1926
2025-07-05,22:30,2244
2025-07-05,22:45,2239.2
2025-07-05,23:00,5026.8
2025-07-05,23:15,4273.2
2025-07-05,23:30,4287.6
2025-07-05,23:45,4267.2
2025-07-06,00:00,4237.2
2025-07-06,00:15,2529.6
2025-07-06,00:30,5085.6
2025-07-06,00:45,5179.2
2025-07-06,01:00,4318.8
2025-07-06,01:15,5142
2025-07-06,01:30,2400
2025-07-06,01:45,3249.6
2025-07-06,02:00,3313.2
2025-07-06,02:15,2481.6
2025-07-06,02:30,3229.2
2025-07-06,02:45,3162
2025-07-06,03:00,3243.6
2025-07-06,03:15,3270
2025-07-06,03:30,2487.6
2025-07-06,03:45,2462.4
2025-07-06,04:00,3402
2025-07-06,04:15,3290.4
2025-07-06,04:30,3423.6
2025-07-06,04:45,1639.2
2025-07-06,05:00,3411.6
2025-07-06,05:15,3314.4
2025-07-06,05:30,3322.8
2025-07-06,05:45,2398.8
2025-07-06,06:00,3309.6
2025-07-06,06:15,3488.4
2025-07-06,06:30,3249.6
2025-07-06,06:45,2522.4
2025-07-06,07:00,3304.8
2025-07-06,07:15,3182.4
2025-07-06,07:30,3028.8
2025-07-06,07:45,2221.2
2025-07-06,08:00,1011.6
2025-07-06,08:15,1009.2
2025-07-06,08:30,906
2025-07-06,08:45,942
2025-07-06,09:00,697.2
2025-07-06,09:15,783.6
2025-07-06,09:30,688.8
2025-07-06,09:45,594
2025-07-06,10:00,574.8
2025-07-06,10:15,506.4
2025-07-06,10:30,398.4
2025-07-06,10:45,260.4
2025-07-06,11:00,321.6
2025-07-06,11:15,309.6
2025-07-06,11:30,310.8
2025-07-06,11:45,373.2
2025-07-06,12:00,343.2
2025-07-06,12:15,276
2025-07-06,12:30,313.2
2025-07-06,12:45,196.8
2025-07-06,13:00,236.4
2025-07-06,13:15,278.4
2025-07-06,13:30,279.6
2025-07-06,13:45,339.6
2025-07-06,14:00,336
2025-07-06,14:15,549.6
2025-07-06,14:30,447.6
2025-07-06,14:45,475.2
2025-07-06,15:00,600
2025-07-06,15:15,597.6
2025-07-06,15:30,686.4
2025-07-06,15:45,650.4
2025-07-06,16:00,800.4
2025-07-06,16:15,858
2025-07-06,16:30,855.6
2025-07-06,16:45,1006.8
2025-07-06,17:00,1153.2
2025-07-06,17:15,1178.4
2025-07-06,17:30,1173.6
2025-07-06,17:45,1108.8
2025-07-06,18:00,1081.2
2025-07-06,18:15,1159.2
2025-07-06,18:30,1104
2025-07-06,18:45,1350
2025-07-06,19:00,1160.4
2025-07-06,19:15,1198.8
2025-07-06,19:30,1222.8
2025-07-06,19:45,1226.4
2025-07-06,20:00,1237.2
2025-07-06,20:15,1152
2025-07-06,20:30,1149.6
2025-07-06,20:45,1154.4
2025-07-06,21:00,1179.6
2025-07-06,21:15,1144.8
2025-07-06,21:30,1124.4
2025-07-06,21:45,1202.4
2025-07-06,22:00,1221.6
2025-07-06,22:15,1196.4
2025-07-06,22:30,1254
2025-07-06,22:45,1173.6
2025-07-06,23:00,3183.6
2025-07-06,23:15,3273.6
2025-07-06,23:30,3121.2
2025-07-06,23:45,3157.2
2025-07-07,00:00,3152.4
2025-07-07,00:15,1531.2
2025-07-07,00:30,3289.2
2025-07-07,00:45,3169.2
2025-07-07,01:00,3232.8
2025-07-07,01:15,3391.2
2025-07-07,01:30,1533.6
2025-07-07,01:45,3231.6
2025-07-07,02:00,3231.6
2025-07-07,02:15,3213.6
2025-07-07,02:30,3205.2
2025-07-07,02:45,2382
2025-07-07,03:00,3202.8
2025-07-07,03:15,3247.2
2025-07-07,03:30,3343.2
2025-07-07,03:45,1563.6
2025-07-07,04:00,3237.6
2025-07-07,04:15,3356.4
2025-07-07,04:30,3218.4
2025-07-07,04:45,1650
2025-07-07,05:00,3229.2
2025-07-07,05:15,3206.4
2025-07-07,05:30,3260.4
2025-07-07,05:45,2316
2025-07-07,06:00,3122.4
2025-07-07,06:15,3342
2025-07-07,06:30,3168
2025-07-07,06:45,2203.2
2025-07-07,07:00,2217.6
2025-07-07,07:15,3024
2025-07-07,07:30,2996.4
2025-07-07,07:45,2928
2025-07-07,08:00,886.8
2025-07-07,08:15,832.8
2025-07-07,08:30,812.4
2025-07-07,08:45,877.2
2025-07-07,09:00,681.6
2025-07-07,09:15,699.6
2025-07-07,09:30,836.4
2025-07-07,09:45,470.4
2025-07-07,10:00,538.8
2025-07-07,10:15,375.6
2025-07-07,10:30,240
2025-07-07,10:45,322.8
2025-07-07,11:00,210
2025-07-07,11:15,259.2
2025-07-07,11:30,310.8
2025-07-07,11:45,214.8
2025-07-07,12:00,236.4
2025-07-07,12:15,292.8
2025-07-07,12:30,339.6
2025-07-07,12:45,272.4
2025-07-07,13:00,396
2025-07-07,13:15,230.4
2025-07-07,13:30,306
2025-07-07,13:45,387.6
2025-07-07,14:00,328.8
2025-07-07,14:15,402
2025-07-07,14:30,406.8
2025-07-07,14:45,397.2
2025-07-07,15:00,586.8
2025-07-07,15:15,532.8
2025-07-07,15:30,579.6
2025-07-07,15:45,712.8
2025-07-07,16:00,652.8
2025-07-07,16:15,820.8
2025-07-07,16:30,778.8
2025-07-07,16:45,880.8
2025-07-07,17:00,980.4
2025-07-07,17:15,940.8
2025-07-07,17:30,1005.6
2025-07-07,17:45,1150.8
2025-07-07,18:00,1077.6
2025-07-07,18:15,1184.4
2025-07-07,18:30,1134
2025-07-07,18:45,1126.8
2025-07-07,19:00,1221.6
2025-07-07,19:15,1209.6
2025-07-07,19:30,1213.2
2025-07-07,19:45,1194
2025-07-07,20:00,1198.8
2025-07-07,20:15,1248
2025-07-07,20:30,1212
2025-07-07,20:45,1192.8
2025-07-07,21:00,1254
2025-07-07,21:15,1132.8
2025-07-07,21:30,1261.2
2025-07-07,21:45,1215.6
2025-07-07,22:00,1204.8
2025-07-07,22:15,1305.6
2025-07-07,22:30,1216.8
2025-07-07,22:45,1236
2025-07-07,23:00,5073.6
2025-07-07,23:15,4958.4
2025-07-07,23:30,5055.6
2025-07-07,23:45,5134.8
2025-07-08,00:00,4945.2
2025-07-08,00:15,2545.2
2025-07-08,00:30,5052
2025-07-08,00:45,5156.4
2025-07-08,01:00,5133.6
2025-07-08,01:15,5095.2
2025-07-08,01:30,3381.6
2025-07-08,01:45,5109.6
2025-07-08,02:00,5128.8
2025-07-08,02:15,5138.4
2025-07-08,02:30,4292.4
2025-07-08,02:45,3153.6
2025-07-08,03:00,5097.6
2025-07-08,03:15,5208
2025-07-08,03:30,5284.8
2025-07-08,03:45,3026.4
2025-07-08,04:00,4250.4
2025-07-08,04:15,4362
2025-07-08,04:30,4310.4
2025-07-08,04:45,3463.2
2025-07-08,05:00,3156
2025-07-08,05:15,4314
2025-07-08,05:30,4334.4
2025-07-08,05:45,4276.8
2025-07-08,06:00,2557.2
2025-07-08,06:15,4392
2025-07-08,06:30,4281.6
2025-07-08,06:45,4278
2025-07-08,07:00,2518.8
2025-07-08,07:15,4214.4
2025-07-08,07:30,4303.2
2025-07-08,07:45,4083.6
2025-07-08,08:00,3033.6
2025-07-08,08:15,1388.4
2025-07-08,08:30,1080
2025-07-08,08:45,1026
2025-07-08,09:00,1636.8
2025-07-08,09:15,1687.2
2025-07-08,09:30,1707.6
2025-07-08,09:45,1682.4
2025-07-08,10:00,1534.8
2025-07-08,10:15,1747.2
2025-07-08,10:30,1442.4
2025-07-08,10:45,1222.8
2025-07-08,11:00,1183.2
2025-07-08,11:15,1402.8
2025-07-08,11:30,1401.6
2025-07-08,11:45,1818
2025-07-08,12:00,1549.2
2025-07-08,12:15,1496.4
2025-07-08,12:30,1510.8
2025-07-08,12:45,1422
2025-07-08,13:00,1503.6
2025-07-08,13:15,1294.8
2025-07-08,13:30,1244.4
2025-07-08,13:45,1204.8
2025-07-08,14:00,1244.4
2025-07-08,14:15,1345.2
2025-07-08,14:30,1202.4
2025-07-08,14:45,1191.6
2025-07-08,15:00,1429.2
2025-07-08,15:15,1345.2
2025-07-08,15:30,1440
2025-07-08,15:45,1398
2025-07-08,16:00,1384.8
2025-07-08,16:15,1429.2
2025-07-08,16:30,1348.8
2025-07-08,16:45,1472.4
2025-07-08,17:00,1256.4
2025-07-08,17:15,1322.4
2025-07-08,17:30,1293.6
2025-07-08,17:45,1336.8
2025-07-08,18:00,1340.4
2025-07-08,18:15,1347.6
2025-07-08,18:30,1314
2025-07-08,18:45,1351.2
2025-07-08,19:00,1273.2
2025-07-08,19:15,1243.2
2025-07-08,19:30,1314
2025-07-08,19:45,1257.6
2025-07-08,20:00,1340.4
2025-07-08,20:15,1364.4
2025-07-08,20:30,1161.6
2025-07-08,20:45,1249.2
2025-07-08,21:00,1262.4
2025-07-08,21:15,1158
2025-07-08,21:30,1221.6
2025-07-08,21:45,1300.8
2025-07-08,22:00,1276.8
2025-07-08,22:15,1195.2
2025-07-08,22:30,1267.2
2025-07-08,22:45,1206
2025-07-08,23:00,4870.8
2025-07-08,23:15,4876.8
2025-07-08,23:30,5089.2
2025-07-08,23:45,5092.8
2025-07-09,00:00,5119.2
2025-07-09,00:15,1632
2025-07-09,00:30,5186.4
2025-07-09,00:45,5210.4
2025-07-09,01:00,5131.2
2025-07-09,01:15,5160
2025-07-09,01:30,2047.2
2025-07-09,01:45,4899.6
2025-07-09,02:00,5238
2025-07-09,02:15,5268
2025-07-09,02:30,5224.8
2025-07-09,02:45,1820.4
2025-07-09,03:00,5242.8
2025-07-09,03:15,5392.8
2025-07-09,03:30,5271.6
2025-07-09,03:45,4734
2025-07-09,04:00,2233.2
2025-07-09,04:15,5334
2025-07-09,04:30,5222.4
2025-07-09,04:45,5310
2025-07-09,05:00,5362.8
2025-07-09,05:15,2972.4
2025-07-09,05:30,5280
2025-07-09,05:45,5233.2
2025-07-09,06:00,5076
2025-07-09,06:15,4034.4
2025-07-09,06:30,5060.4
2025-07-09,06:45,4906.8
2025-07-09,07:00,4069.2
2025-07-09,07:15,4084.8
2025-07-09,07:30,4636.8
2025-07-09,07:45,4834.8
2025-07-09,08:00,4723.2
2025-07-09,08:15,4075.2
2025-07-09,08:30,1464
2025-07-09,08:45,524.4
2025-07-09,09:00,771.6
2025-07-09,09:15,1140
2025-07-09,09:30,471.6
2025-07-09,09:45,1138.8
2025-07-09,10:00,583.2
2025-07-09,10:15,286.8
2025-07-09,10:30,132
2025-07-09,10:45,1540.8
2025-07-09,11:00,1332
2025-07-09,11:15,757.2
2025-07-09,11:30,1357.2
2025-07-09,11:45,577.2
2025-07-09,12:00,774
2025-07-09,12:15,723.6
2025-07-09,12:30,604.8
2025-07-09,12:45,433.2
2025-07-09,13:00,1080
2025-07-09,13:15,559.2
2025-07-09,13:30,546
2025-07-09,13:45,495.6
2025-07-09,14:00,652.8
2025-07-09,14:15,652.8
2025-07-09,14:30,1123.2
2025-07-09,14:45,748.8
2025-07-09,15:00,747.6
2025-07-09,15:15,970.8
2025-07-09,15:30,762
2025-07-09,15:45,943.2
2025-07-09,16:00,1126.8
2025-07-09,16:15,1158
2025-07-09,16:30,1042.8
2025-07-09,16:45,1188
2025-07-09,17:00,1384.8
2025-07-09,17:15,1494
2025-07-09,17:30,1503.6
2025-07-09,17:45,1522.8
2025-07-09,18:00,1365.6
2025-07-09,18:15,1544.4
2025-07-09,18:30,1561.2
2025-07-09,18:45,1536
2025-07-09,19:00,1600.8
2025-07-09,19:15,1629.6
2025-07-09,19:30,1537.2
2025-07-09,19:45,1695.6
2025-07-09,20:00,1554
2025-07-09,20:15,1551.6
2025-07-09,20:30,1657.2
2025-07-09,20:45,1488
2025-07-09,21:00,1465.2
2025-07-09,21:15,1584
2025-07-09,21:30,1591.2
2025-07-09,21:45,1507.2
2025-07-09,22:00,1509.6
2025-07-09,22:15,1556.4
2025-07-09,22:30,1510.8
2025-07-09,22:45,1462.8
2025-07-09,23:00,5433.6
2025-07-09,23:15,5025.6
2025-07-09,23:30,5383.2
2025-07-09,23:45,5494.8
2025-07-10,00:00,5382
2025-07-10,00:15,2788.8
2025-07-10,00:30,5185.2
2025-07-10,00:45,5319.6
2025-07-10,01:00,5438.4
2025-07-10,01:15,5442
2025-07-10,01:30,1956
2025-07-10,01:45,5410.8
2025-07-10,02:00,5374.8
2025-07-10,02:15,5541.6
2025-07-10,02:30,5353.2
2025-07-10,02:45,4179.6
2025-07-10,03:00,5544
2025-07-10,03:15,5458.8
2025-07-10,03:30,5502
2025-07-10,03:45,4651.2
2025-07-10,04:00,3652.8
2025-07-10,04:15,5638.8
2025-07-10,04:30,5689.2
2025-07-10,04:45,4681.2
2025-07-10,05:00,5460
2025-07-10,05:15,4771.2
2025-07-10,05:30,5568
2025-07-10,05:45,5533.2
2025-07-10,06:00,3639.6
2025-07-10,06:15,4738.8
2025-07-10,06:30,5283.6
2025-07-10,06:45,5440.8
2025-07-10,07:00,3906
2025-07-10,07:15,3056.4
2025-07-10,07:30,4190.4
2025-07-10,07:45,4183.2
2025-07-10,08:00,4489.2
2025-07-10,08:15,1275.6
2025-07-10,08:30,1095.6
2025-07-10,08:45,1212
2025-07-10,09:00,949.2
2025-07-10,09:15,1422
2025-07-10,09:30,777.6
2025-07-10,09:45,1152
2025-07-10,10:00,856.8
2025-07-10,10:15,1204.8
2025-07-10,10:30,1287.6
2025-07-10,10:45,506.4
2025-07-10,11:00,380.4
2025-07-10,11:15,757.2
2025-07-10,11:30,405.6
2025-07-10,11:45,1399.2
2025-07-10,12:00,1018.8
2025-07-10,12:15,550.8
2025-07-10,12:30,430.8
2025-07-10,12:45,484.8
2025-07-10,13:00,758.4
2025-07-10,13:15,631.2
2025-07-10,13:30,500.4
2025-07-10,13:45,650.4
2025-07-10,14:00,556.8
2025-07-10,14:15,672
2025-07-10,14:30,886.8
2025-07-10,14:45,654
2025-07-10,15:00,879.6
2025-07-10,15:15,1002
2025-07-10,15:30,1257.6
2025-07-10,15:45,1279.2
2025-07-10,16:00,1153.2
2025-07-10,16:15,907.2
2025-07-10,16:30,1033.2
2025-07-10,16:45,1064.4
2025-07-10,17:00,1221.6
2025-07-10,17:15,1292.4
2025-07-10,17:30,1317.6
2025-07-10,17:45,1333.2
2025-07-10,18:00,1455.6
2025-07-10,18:15,1371.6
2025-07-10,18:30,1392
2025-07-10,18:45,1444.8
2025-07-10,19:00,1467.6
2025-07-10,19:15,1426.8
2025-07-10,19:30,1500
2025-07-10,19:45,1548
2025-07-10,20:00,1826.4
2025-07-10,20:15,1560
2025-07-10,20:30,1657.2
2025-07-10,20:45,1567.2
2025-07-10,21:00,1459.2
2025-07-10,21:15,1528.8
2025-07-10,21:30,1555.2
2025-07-10,21:45,1525.2
2025-07-10,22:00,1516.8
2025-07-10,22:15,1790.4
2025-07-10,22:30,2456.4
2025-07-10,22:45,2601.6
2025-07-10,23:00,3937.2
2025-07-10,23:15,4587.6
2025-07-10,23:30,4772.4
2025-07-10,23:45,5191.2
2025-07-11,00:00,4684.8
2025-07-11,00:15,3456
2025-07-11,00:30,5361.6
2025-07-11,00:45,5265.6
2025-07-11,01:00,4568.4
2025-07-11,01:15,5085.6
2025-07-11,01:30,2598
2025-07-11,01:45,5247.6
2025-07-11,02:00,5294.4
2025-07-11,02:15,4575.6
2025-07-11,02:30,5350.8
2025-07-11,02:45,3600
2025-07-11,03:00,5424
2025-07-11,03:15,5394
2025-07-11,03:30,4496.4
2025-07-11,03:45,5335.2
2025-07-11,04:00,3793.2
2025-07-11,04:15,5521.2
2025-07-11,04:30,5550
2025-07-11,04:45,4868.4
2025-07-11,05:00,4732.8
2025-07-11,05:15,3750
2025-07-11,05:30,4578
2025-07-11,05:45,5390.4
2025-07-11,06:00,4474.8
2025-07-11,06:15,4405.2
2025-07-11,06:30,4704
2025-07-11,06:45,4460.4
2025-07-11,07:00,5316
2025-07-11,07:15,5456.4
2025-07-11,07:30,4425.6
2025-07-11,07:45,4554
2025-07-11,08:00,3468
2025-07-11,08:15,3132
2025-07-11,08:30,1836
2025-07-11,08:45,901.2
2025-07-11,09:00,1233.6
2025-07-11,09:15,1082.4
2025-07-11,09:30,1471.2
2025-07-11,09:45,1700.4
2025-07-11,10:00,1611.6
2025-07-11,10:15,1515.6
2025-07-11,10:30,1351.2
2025-07-11,10:45,1213.2
2025-07-11,11:00,596.4
2025-07-11,11:15,600
2025-07-11,11:30,602.4
2025-07-11,11:45,558
2025-07-11,12:00,607.2
2025-07-11,12:15,319.2
2025-07-11,12:30,1124.4
2025-07-11,12:45,1609.2
2025-07-11,13:00,1518
2025-07-11,13:15,1321.2
2025-07-11,13:30,1394.4
2025-07-11,13:45,770.4
2025-07-11,14:00,693.6
2025-07-11,14:15,1516.8
2025-07-11,14:30,1435.2
2025-07-11,14:45,1449.6
2025-07-11,15:00,1360.8
2025-07-11,15:15,1398
2025-07-11,15:30,1438.8
2025-07-11,15:45,1375.2
2025-07-11,16:00,1448.4
2025-07-11,16:15,1530
2025-07-11,16:30,1440
2025-07-11,16:45,1518
2025-07-11,17:00,1526.4
2025-07-11,17:15,1526.4
2025-07-11,17:30,1477.2
2025-07-11,17:45,1407.6
2025-07-11,18:00,1426.8
2025-07-11,18:15,1398
2025-07-11,18:30,1507.2
2025-07-11,18:45,1398
2025-07-11,19:00,1462.8
2025-07-11,19:15,1506
2025-07-11,19:30,1555.2
2025-07-11,19:45,1473.6
2025-07-11,20:00,1526.4
2025-07-11,20:15,1551.6
2025-07-11,20:30,1491.6
2025-07-11,20:45,1534.8
2025-07-11,21:00,1424.4
2025-07-11,21:15,1450.8
2025-07-11,21:30,1389.6
2025-07-11,21:45,1468.8
2025-07-11,22:00,1320
2025-07-11,22:15,1377.6
2025-07-11,22:30,1370.4
2025-07-11,22:45,1507.2
2025-07-11,23:00,5275.2
2025-07-11,23:15,5275.2
2025-07-11,23:30,5392.8
2025-07-11,23:45,5467.2
2025-07-12,00:00,5488.8
2025-07-12,00:15,3022.8
2025-07-12,00:30,5362.8
2025-07-12,00:45,5378.4
2025-07-12,01:00,5343.6
2025-07-12,01:15,5472
2025-07-12,01:30,1855.2
2025-07-12,01:45,5280
2025-07-12,02:00,5426.4
2025-07-12,02:15,5443.2
2025-07-12,02:30,5385.6
2025-07-12,02:45,2889.6
2025-07-12,03:00,5344.8
2025-07-12,03:15,5452.8
2025-07-12,03:30,5400
2025-07-12,03:45,4653.6
2025-07-12,04:00,3658.8
2025-07-12,04:15,5346
2025-07-12,04:30,5443.2
2025-07-12,04:45,5359.2
2025-07-12,05:00,3654
2025-07-12,05:15,3511.2
2025-07-12,05:30,4537.2
2025-07-12,05:45,4420.8
2025-07-12,06:00,3980.4
2025-07-12,06:15,3750
2025-07-12,06:30,4407.6
2025-07-12,06:45,4524
2025-07-12,07:00,3727.2
2025-07-12,07:15,2865.6
2025-07-12,07:30,3784.8
2025-07-12,07:45,4380
2025-07-12,08:00,3422.4
2025-07-12,08:15,2276.4
2025-07-12,08:30,1552.8
2025-07-12,08:45,1407.6
2025-07-12,09:00,1299.6
2025-07-12,09:15,1480.8
2025-07-12,09:30,1758
2025-07-12,09:45,1556.4
2025-07-12,10:00,799.2
2025-07-12,10:15,1454.4
2025-07-12,10:30,705.6
2025-07-12,10:45,1682.4
2025-07-12,11:00,1695.6
2025-07-12,11:15,1653.6
2025-07-12,11:30,1408.8
2025-07-12,11:45,942
2025-07-12,12:00,1099.2
2025-07-12,12:15,1460.4
2025-07-12,12:30,1144.8
2025-07-12,12:45,1926
2025-07-12,13:00,1648.8
2025-07-12,13:15,1648.8
2025-07-12,13:30,1122
2025-07-12,13:45,694.8
2025-07-12,14:00,1771.2
2025-07-12,14:15,1713.6
2025-07-12,14:30,1686
2025-07-12,14:45,1728
2025-07-12,15:00,1698
2025-07-12,15:15,1812
2025-07-12,15:30,1664.4
2025-07-12,15:45,1890
2025-07-12,16:00,1857.6
2025-07-12,16:15,1693.2
2025-07-12,16:30,1626
2025-07-12,16:45,1827.6
2025-07-12,17:00,1767.6
2025-07-12,17:15,1730.4
2025-07-12,17:30,1564.8
2025-07-12,17:45,1495.2
2025-07-12,18:00,1591.2
2025-07-12,18:15,1672.8
2025-07-12,18:30,1502.4
2025-07-12,18:45,1747.2
2025-07-12,19:00,1579.2
2025-07-12,19:15,1756.8
2025-07-12,19:30,1722
2025-07-12,19:45,1641.6
2025-07-12,20:00,1741.2
2025-07-12,20:15,1922.4
2025-07-12,20:30,1711.2
2025-07-12,20:45,1682.4
2025-07-12,21:00,1684.8
2025-07-12,21:15,1606.8
2025-07-12,21:30,1678.8
2025-07-12,21:45,1624.8
2025-07-12,22:00,1605.6
2025-07-12,22:15,1821.6
2025-07-12,22:30,1514.4
2025-07-12,22:45,1645.2
2025-07-12,23:00,4069.2
2025-07-12,23:15,4406.4
2025-07-12,23:30,4532.4
2025-07-12,23:45,4615.2
2025-07-13,00:00,4594.8
2025-07-13,00:15,2859.6
2025-07-13,00:30,4554
2025-07-13,00:45,4514.4
2025-07-13,01:00,4729.2
2025-07-13,01:15,4606.8
2025-07-13,01:30,2017.2
2025-07-13,01:45,4341.6
2025-07-13,02:00,4224
2025-07-13,02:15,4675.2
2025-07-13,02:30,4587.6
2025-07-13,02:45,2864.4
2025-07-13,03:00,4506
2025-07-13,03:15,4725.6
2025-07-13,03:30,4644
2025-07-13,03:45,4581.6
2025-07-13,04:00,3037.2
2025-07-13,04:15,4737.6
2025-07-13,04:30,4851.6
2025-07-13,04:45,4688.4
2025-07-13,05:00,4622.4
2025-07-13,05:15,2982
2025-07-13,05:30,4534.8
2025-07-13,05:45,4574.4
2025-07-13,06:00,4542
2025-07-13,06:15,3207.6
2025-07-13,06:30,4430.4
2025-07-13,06:45,4576.8
2025-07-13,07:00,4378.8
2025-07-13,07:15,3498
2025-07-13,07:30,3778.8
2025-07-13,07:45,4406.4
2025-07-13,08:00,4340.4
2025-07-13,08:15,3453.6
2025-07-13,08:30,1598.4
2025-07-13,08:45,920.4
2025-07-13,09:00,1006.8
2025-07-13,09:15,1453.2
2025-07-13,09:30,1273.2
2025-07-13,09:45,1356
2025-07-13,10:00,684
2025-07-13,10:15,661.2
2025-07-13,10:30,606
2025-07-13,10:45,847.2
2025-07-13,11:00,1432.8
2025-07-13,11:15,1639.2
2025-07-13,11:30,1044
2025-07-13,11:45,445.2
2025-07-13,12:00,954
2025-07-13,12:15,1424.4
2025-07-13,12:30,637.2
2025-07-13,12:45,631.2
2025-07-13,13:00,969.6
2025-07-13,13:15,686.4
2025-07-13,13:30,892.8
2025-07-13,13:45,778.8
2025-07-13,14:00,799.2
2025-07-13,14:15,928.8
2025-07-13,14:30,991.2
2025-07-13,14:45,1041.6
2025-07-13,15:00,1093.2
2025-07-13,15:15,1218
2025-07-13,15:30,1308
2025-07-13,15:45,1165.2
2025-07-13,16:00,1167.6
2025-07-13,16:15,1195.2
2025-07-13,16:30,1490.4
2025-07-13,16:45,1550.4
2025-07-13,17:00,1462.8
2025-07-13,17:15,1774.8
2025-07-13,17:30,1698
2025-07-13,17:45,1650
2025-07-13,18:00,1588.8
2025-07-13,18:15,1642.8
2025-07-13,18:30,1699.2
2025-07-13,18:45,1578
2025-07-13,19:00,1804.8
2025-07-13,19:15,1827.6
2025-07-13,19:30,1812
2025-07-13,19:45,1692
2025-07-13,20:00,1888.8
2025-07-13,20:15,1855.2
2025-07-13,20:30,1876.8
2025-07-13,20:45,1902
2025-07-13,21:00,1801.2
2025-07-13,21:15,1728
2025-07-13,21:30,1736.4
2025-07-13,21:45,1702.8
2025-07-13,22:00,1880.4
2025-07-13,22:15,1838.4
2025-07-13,22:30,2584.8
2025-07-13,22:45,2854.8
2025-07-13,23:00,1840.8
2025-07-13,23:15,5502
2025-07-13,23:30,5628
2025-07-13,23:45,5638.8
2025-07-14,00:00,5610
2025-07-14,00:15,2926.8
2025-07-14,00:30,5566.8
2025-07-14,00:45,5662.8
2025-07-14,01:00,5665.2
2025-07-14,01:15,4783.2
2025-07-14,01:30,3176.4
2025-07-14,01:45,5739.6
2025-07-14,02:00,5667.6
2025-07-14,02:15,5660.4
2025-07-14,02:30,5205.6
2025-07-14,02:45,3608.4
2025-07-14,03:00,5479.2
2025-07-14,03:15,5707.2
2025-07-14,03:30,5043.6
2025-07-14,03:45,4513.2
2025-07-14,04:00,4852.8
2025-07-14,04:15,5798.4
2025-07-14,04:30,4945.2
2025-07-14,04:45,5703.6
2025-07-14,05:00,2337.6
2025-07-14,05:15,5708.4
2025-07-14,05:30,5582.4
2025-07-14,05:45,4698
2025-07-14,06:00,4724.4
2025-07-14,06:15,4623.6
2025-07-14,06:30,5553.6
2025-07-14,06:45,3872.4
2025-07-14,07:00,4430.4
2025-07-14,07:15,5620.8
2025-07-14,07:30,5454
2025-07-14,07:45,3992.4
2025-07-14,08:00,2767.2
2025-07-14,08:15,1659.6
2025-07-14,08:30,1680
2025-07-14,08:45,1549.2
2025-07-14,09:00,1227.6
2025-07-14,09:15,1417.2
2025-07-14,09:30,1408.8
2025-07-14,09:45,1534.8
2025-07-14,10:00,1189.2
2025-07-14,10:15,1237.2
2025-07-14,10:30,1053.6
2025-07-14,10:45,991.2
2025-07-14,11:00,987.6
2025-07-14,11:15,884.4
2025-07-14,11:30,924
2025-07-14,11:45,890.4
2025-07-14,12:00,958.8
2025-07-14,12:15,861.6
2025-07-14,12:30,934.8
2025-07-14,12:45,915.6
2025-07-14,13:00,700.8
2025-07-14,13:15,1012.8
2025-07-14,13:30,954
2025-07-14,13:45,1041.6
2025-07-14,14:00,934.8
2025-07-14,14:15,1023.6
2025-07-14,14:30,896.4
2025-07-14,14:45,951.6
2025-07-14,15:00,1052.4
2025-07-14,15:15,1250.4
2025-07-14,15:30,1076.4
2025-07-14,15:45,1092
2025-07-14,16:00,1333.2
2025-07-14,16:15,1404
2025-07-14,16:30,1254
2025-07-14,16:45,1232.4
2025-07-14,17:00,1435.2
2025-07-14,17:15,1542
2025-07-14,17:30,1495.2
2025-07-14,17:45,1562.4
2025-07-14,18:00,1711.2
2025-07-14,18:15,1657.2
2025-07-14,18:30,1545.6
2025-07-14,18:45,1665.6
2025-07-14,19:00,1692
2025-07-14,19:15,1696.8
2025-07-14,19:30,1683.6
2025-07-14,19:45,1802.4
2025-07-14,20:00,1692
2025-07-14,20:15,1706.4
2025-07-14,20:30,1700.4
2025-07-14,20:45,1694.4
2025-07-14,21:00,1653.6
2025-07-14,21:15,1666.8
2025-07-14,21:30,1534.8
2025-07-14,21:45,1670.4
2025-07-14,22:00,1564.8
2025-07-14,22:15,1666.8
2025-07-14,22:30,1614
2025-07-14,22:45,1770
2025-07-14,23:00,5596.8
2025-07-14,23:15,4684.8
2025-07-14,23:30,4576.8
2025-07-14,23:45,5456.4
2025-07-15,00:00,5558.4
2025-07-15,00:15,3786
2025-07-15,00:30,5246.4
2025-07-15,00:45,5554.8
2025-07-15,01:00,5504.4
2025-07-15,01:15,4867.2
2025-07-15,01:30,4762.8
2025-07-15,01:45,3613.2
2025-07-15,02:00,5578.8
2025-07-15,02:15,4935.6
2025-07-15,02:30,5587.2
2025-07-15,02:45,5173.2
2025-07-15,03:00,5367.6
2025-07-15,03:15,5773.2
2025-07-15,03:30,4771.2
2025-07-15,03:45,4758
2025-07-15,04:00,4485.6
2025-07-15,04:15,5455.2
2025-07-15,04:30,5750.4
2025-07-15,04:45,4696.8
2025-07-15,05:00,4594.8
2025-07-15,05:15,4857.6
2025-07-15,05:30,5672.4
2025-07-15,05:45,4507.2
2025-07-15,06:00,4645.2
2025-07-15,06:15,4712.4
2025-07-15,06:30,5589.6
2025-07-15,06:45,4675.2
2025-07-15,07:00,4450.8
2025-07-15,07:15,4615.2
2025-07-15,07:30,5383.2
2025-07-15,07:45,4453.2
2025-07-15,08:00,3608.4
2025-07-15,08:15,1479.6
2025-07-15,08:30,1375.2
2025-07-15,08:45,1320
2025-07-15,09:00,1194
2025-07-15,09:15,1141.2
2025-07-15,09:30,1096.8
2025-07-15,09:45,1236
2025-07-15,10:00,1016.4
2025-07-15,10:15,956.4
2025-07-15,10:30,825.6
2025-07-15,10:45,998.4
2025-07-15,11:00,927.6
2025-07-15,11:15,1041.6
2025-07-15,11:30,846
2025-07-15,11:45,972
2025-07-15,12:00,897.6
2025-07-15,12:15,831.6
2025-07-15,12:30,1038
2025-07-15,12:45,1009.2
2025-07-15,13:00,940.8
2025-07-15,13:15,1075.2
2025-07-15,13:30,907.2
2025-07-15,13:45,872.4
2025-07-15,14:00,896.4
2025-07-15,14:15,1089.6
2025-07-15,14:30,1066.8
2025-07-15,14:45,1083.6
2025-07-15,15:00,1153.2
2025-07-15,15:15,1221.6
2025-07-15,15:30,1345.2
2025-07-15,15:45,1430.4
2025-07-15,16:00,1305.6
2025-07-15,16:15,1705.2
2025-07-15,16:30,1371.6
2025-07-15,16:45,1430.4
2025-07-15,17:00,1802.4
2025-07-15,17:15,1656
2025-07-15,17:30,1789.2
2025-07-15,17:45,1788
2025-07-15,18:00,1689.6
2025-07-15,18:15,1758
2025-07-15,18:30,1567.2
2025-07-15,18:45,1768.8
2025-07-15,19:00,1650
2025-07-15,19:15,1674
2025-07-15,19:30,1707.6
2025-07-15,19:45,1798.8
2025-07-15,20:00,1754.4
2025-07-15,20:15,1734
2025-07-15,20:30,1789.2
2025-07-15,20:45,1699.2
2025-07-15,21:00,1720.8
2025-07-15,21:15,1801.2
2025-07-15,21:30,1572
2025-07-15,21:45,1675.2
2025-07-15,22:00,1742.4
2025-07-15,22:15,1657.2
2025-07-15,22:30,1504.8
2025-07-15,22:45,1545.6
2025-07-15,23:00,5359.2
2025-07-15,23:15,4399.2
2025-07-15,23:30,5528.4
2025-07-15,23:45,5451.6
2025-07-16,00:00,5502
2025-07-16,00:15,3002.4
2025-07-16,00:30,4323.6
2025-07-16,00:45,5454
2025-07-16,01:00,5354.4
2025-07-16,01:15,5421.6
2025-07-16,01:30,3880.8
2025-07-16,01:45,4426.8
2025-07-16,02:00,5302.8
2025-07-16,02:15,5431.2
2025-07-16,02:30,5416.8
2025-07-16,02:45,3730.8
2025-07-16,03:00,4884
2025-07-16,03:15,5554.8
2025-07-16,03:30,5510.4
2025-07-16,03:45,4566
2025-07-16,04:00,4506
2025-07-16,04:15,4633.2
2025-07-16,04:30,4488
2025-07-16,04:45,3724.8
2025-07-16,05:00,4612.8
2025-07-16,05:15,4417.2
2025-07-16,05:30,3675.6
2025-07-16,05:45,3754.8
2025-07-16,06:00,4400.4
2025-07-16,06:15,3447.6
2025-07-16,06:30,4425.6
2025-07-16,06:45,4224
2025-07-16,07:00,3313.2
2025-07-16,07:15,3223.2
2025-07-16,07:30,3240
2025-07-16,07:45,3285.6
2025-07-16,08:00,2268
2025-07-16,08:15,1314
2025-07-16,08:30,1278
2025-07-16,08:45,1137.6
2025-07-16,09:00,1243.2
2025-07-16,09:15,1226.4
2025-07-16,09:30,1220.4
2025-07-16,09:45,1281.6
2025-07-16,10:00,908.4
2025-07-16,10:15,1040.4
2025-07-16,10:30,1082.4
2025-07-16,10:45,1252.8
2025-07-16,11:00,955.2
2025-07-16,11:15,1041.6
2025-07-16,11:30,1192.8
2025-07-16,11:45,1114.8
2025-07-16,12:00,1004.4
2025-07-16,12:15,853.2
2025-07-16,12:30,889.2
2025-07-16,12:45,868.8
2025-07-16,13:00,1045.2
2025-07-16,13:15,1185.6
2025-07-16,13:30,1341.6
2025-07-16,13:45,1220.4
2025-07-16,14:00,1315.2
2025-07-16,14:15,1351.2
2025-07-16,14:30,1376.4
2025-07-16,14:45,1369.2
2025-07-16,15:00,1288.8
2025-07-16,15:15,1495.2
2025-07-16,15:30,1232.4
2025-07-16,15:45,1266
2025-07-16,16:00,1297.2
2025-07-16,16:15,1492.8
2025-07-16,16:30,1478.4
2025-07-16,16:45,1420.8
2025-07-16,17:00,1588.8
2025-07-16,17:15,1554
2025-07-16,17:30,1573.2
2025-07-16,17:45,1630.8
2025-07-16,18:00,1610.4
2025-07-16,18:15,1641.6
2025-07-16,18:30,1695.6
2025-07-16,18:45,1668
2025-07-16,19:00,1843.2
2025-07-16,19:15,1702.8
2025-07-16,19:30,1820.4
2025-07-16,19:45,1789.2
2025-07-16,20:00,1870.8
2025-07-16,20:15,2016
2025-07-16,20:30,1732.8
2025-07-16,20:45,1832.4
2025-07-16,21:00,1900.8
2025-07-16,21:15,1755.6
2025-07-16,21:30,1791.6
2025-07-16,21:45,1872
2025-07-16,22:00,1881.6
2025-07-16,22:15,1837.2
2025-07-16,22:30,2644.8
2025-07-16,22:45,2659.2
2025-07-16,23:00,4642.8
2025-07-16,23:15,2929.2
2025-07-16,23:30,3630
2025-07-16,23:45,2961.6
2025-07-17,00:00,3105.6
2025-07-17,00:15,3598.8
2025-07-17,00:30,3715.2
2025-07-17,00:45,3680.4
2025-07-17,01:00,2931.6
2025-07-17,01:15,3421.2
2025-07-17,01:30,3763.2
2025-07-17,01:45,3697.2
2025-07-17,02:00,3687.6
2025-07-17,02:15,2671.2
2025-07-17,02:30,3685.2
2025-07-17,02:45,3754.8
2025-07-17,03:00,3894
2025-07-17,03:15,2925.6
2025-07-17,03:30,3177.6
2025-07-17,03:45,3794.4
2025-07-17,04:00,3714
2025-07-17,04:15,3787.2
2025-07-17,04:30,1953.6
2025-07-17,04:45,3910.8
2025-07-17,05:00,3716.4
2025-07-17,05:15,3876
2025-07-17,05:30,3834
2025-07-17,05:45,2823.6
2025-07-17,06:00,3552
2025-07-17,06:15,3631.2
2025-07-17,06:30,3674.4
2025-07-17,06:45,2860.8
2025-07-17,07:00,1707.6
2025-07-17,07:15,1832.4
2025-07-17,07:30,1540.8
2025-07-17,07:45,1648.8
2025-07-17,08:00,1549.2
2025-07-17,08:15,1178.4
2025-07-17,08:30,1310.4
2025-07-17,08:45,1334.4
2025-07-17,09:00,1134
2025-07-17,09:15,1138.8
2025-07-17,09:30,1136.4
2025-07-17,09:45,1119.6
2025-07-17,10:00,1086
2025-07-17,10:15,883.2
2025-07-17,10:30,1004.4
2025-07-17,10:45,890.4
2025-07-17,11:00,685.2
2025-07-17,11:15,813.6
2025-07-17,11:30,823.2
2025-07-17,11:45,770.4
2025-07-17,12:00,771.6
2025-07-17,12:15,764.4
2025-07-17,12:30,903.6
2025-07-17,12:45,1023.6
2025-07-17,13:00,837.6
2025-07-17,13:15,1087.2
2025-07-17,13:30,1134
2025-07-17,13:45,986.4
2025-07-17,14:00,1050
2025-07-17,14:15,1104
2025-07-17,14:30,1116
2025-07-17,14:45,1125.6
2025-07-17,15:00,1075.2
2025-07-17,15:15,1138.8
2025-07-17,15:30,1257.6
2025-07-17,15:45,1254
2025-07-17,16:00,1608
2025-07-17,16:15,1393.2
2025-07-17,16:30,1628.4
2025-07-17,16:45,1543.2
2025-07-17,17:00,1778.4
2025-07-17,17:15,1562.4
2025-07-17,17:30,1760.4
2025-07-17,17:45,1911.6
2025-07-17,18:00,1776
2025-07-17,18:15,1758
2025-07-17,18:30,1821.6
2025-07-17,18:45,1725.6
2025-07-17,19:00,1791.6
2025-07-17,19:15,1864.8
2025-07-17,19:30,1777.2
2025-07-17,19:45,1827.6
2025-07-17,20:00,1718.4
2025-07-17,20:15,1737.6
2025-07-17,20:30,1788
2025-07-17,20:45,1828.8
2025-07-17,21:00,1785.6
2025-07-17,21:15,1822.8
2025-07-17,21:30,1911.6
2025-07-17,21:45,1777.2
2025-07-17,22:00,1765.2
2025-07-17,22:15,2132.4
2025-07-17,22:30,2667.6
2025-07-17,22:45,2866.8
2025-07-17,23:00,4630.8
2025-07-17,23:15,4682.4
2025-07-17,23:30,3900
2025-07-17,23:45,3730.8
2025-07-18,00:00,3760.8
2025-07-18,00:15,2810.4
2025-07-18,00:30,4657.2
2025-07-18,00:45,4741.2
2025-07-18,01:00,4598.4
2025-07-18,01:15,3762
2025-07-18,01:30,4256.4
2025-07-18,01:45,4762.8
2025-07-18,02:00,4617.6
2025-07-18,02:15,4622.4
2025-07-18,02:30,2817.6
2025-07-18,02:45,4239.6
2025-07-18,03:00,4581.6
2025-07-18,03:15,4663.2
2025-07-18,03:30,3284.4
2025-07-18,03:45,2794.8
2025-07-18,04:00,4432.8
2025-07-18,04:15,4502.4
2025-07-18,04:30,4635.6
2025-07-18,04:45,4449.6
2025-07-18,05:00,3505.2
2025-07-18,05:15,4477.2
2025-07-18,05:30,4392
2025-07-18,05:45,3654
2025-07-18,06:00,2601.6
2025-07-18,06:15,4422
2025-07-18,06:30,4436.4
2025-07-18,06:45,3541.2
2025-07-18,07:00,3415.2
2025-07-18,07:15,3261.6
2025-07-18,07:30,4184.4
2025-07-18,07:45,4177.2
2025-07-18,08:00,2479.2
2025-07-18,08:15,1172.4
2025-07-18,08:30,978
2025-07-18,08:45,1362
2025-07-18,09:00,1233.6
2025-07-18,09:15,1137.6
2025-07-18,09:30,1074
2025-07-18,09:45,960
2025-07-18,10:00,595.2
2025-07-18,10:15,855.6
2025-07-18,10:30,853.2
2025-07-18,10:45,1140
2025-07-18,11:00,1084.8
2025-07-18,11:15,558
2025-07-18,11:30,1230
2025-07-18,11:45,494.4
2025-07-18,12:00,1459.2
2025-07-18,12:15,571.2
2025-07-18,12:30,553.2
2025-07-18,12:45,872.4
2025-07-18,13:00,373.2
2025-07-18,13:15,620.4
2025-07-18,13:30,418.8
2025-07-18,13:45,513.6
2025-07-18,14:00,572.4
2025-07-18,14:15,664.8
2025-07-18,14:30,662.4
2025-07-18,14:45,664.8
2025-07-18,15:00,757.2
2025-07-18,15:15,884.4
2025-07-18,15:30,760.8
2025-07-18,15:45,964.8
2025-07-18,16:00,894
2025-07-18,16:15,1030.8
2025-07-18,16:30,1039.2
2025-07-18,16:45,1059.6
2025-07-18,17:00,1096.8
2025-07-18,17:15,1252.8
2025-07-18,17:30,1196.4
2025-07-18,17:45,1341.6
2025-07-18,18:00,1444.8
2025-07-18,18:15,1393.2
2025-07-18,18:30,1455.6
2025-07-18,18:45,1516.8
2025-07-18,19:00,1506
2025-07-18,19:15,1600.8
2025-07-18,19:30,1407.6
2025-07-18,19:45,1419.6
2025-07-18,20:00,1521.6
2025-07-18,20:15,1545.6
2025-07-18,20:30,1573.2
2025-07-18,20:45,1540.8
2025-07-18,21:00,1569.6
2025-07-18,21:15,1494
2025-07-18,21:30,1593.6
2025-07-18,21:45,1585.2
2025-07-18,22:00,1414.8
2025-07-18,22:15,1562.4
2025-07-18,22:30,2422.8
2025-07-18,22:45,2300.4
2025-07-18,23:00,5257.2
2025-07-18,23:15,4639.2
2025-07-18,23:30,4627.2
2025-07-18,23:45,4788
2025-07-19,00:00,4442.4
2025-07-19,00:15,3063.6
2025-07-19,00:30,5041.2
2025-07-19,00:45,5250
2025-07-19,01:00,5299.2
2025-07-19,01:15,4468.8
2025-07-19,01:30,4392
2025-07-19,01:45,5454
2025-07-19,02:00,5410.8
2025-07-19,02:15,4388.4
2025-07-19,02:30,3627.6
2025-07-19,02:45,5158.8
2025-07-19,03:00,5378.4
2025-07-19,03:15,4495.2
2025-07-19,03:30,4423.2
2025-07-19,03:45,5392.8
2025-07-19,04:00,4412.4
2025-07-19,04:15,5438.4
2025-07-19,04:30,4611.6
2025-07-19,04:45,3698.4
2025-07-19,05:00,5442
2025-07-19,05:15,4621.2
2025-07-19,05:30,5420.4
2025-07-19,05:45,4054.8
2025-07-19,06:00,4797.6
2025-07-19,06:15,5499.6
2025-07-19,06:30,4915.2
2025-07-19,06:45,3681.6
2025-07-19,07:00,5342.4
2025-07-19,07:15,4310.4
2025-07-19,07:30,4184.4
2025-07-19,07:45,4246.8
2025-07-19,08:00,2268
2025-07-19,08:15,1392
2025-07-19,08:30,996
2025-07-19,08:45,1021.2
2025-07-19,09:00,1048.8
2025-07-19,09:15,914.4
2025-07-19,09:30,884.4
2025-07-19,09:45,1041.6
2025-07-19,10:00,792
2025-07-19,10:15,810
2025-07-19,10:30,655.2
2025-07-19,10:45,675.6
2025-07-19,11:00,500.4
2025-07-19,11:15,650.4
2025-07-19,11:30,528
2025-07-19,11:45,652.8
2025-07-19,12:00,613.2
2025-07-19,12:15,495.6
2025-07-19,12:30,553.2
2025-07-19,12:45,686.4
2025-07-19,13:00,756
2025-07-19,13:15,858
2025-07-19,13:30,919.2
2025-07-19,13:45,1030.8
2025-07-19,14:00,1234.8
2025-07-19,14:15,1150.8
2025-07-19,14:30,906
2025-07-19,14:45,1509.6
2025-07-19,15:00,1341.6
2025-07-19,15:15,1000.8
2025-07-19,15:30,1730.4
2025-07-19,15:45,1410
2025-07-19,16:00,1594.8
2025-07-19,16:15,1260
2025-07-19,16:30,1484.4
2025-07-19,16:45,1354.8
2025-07-19,17:00,1375.2
2025-07-19,17:15,1497.6
2025-07-19,17:30,1552.8
2025-07-19,17:45,1560
2025-07-19,18:00,1689.6
2025-07-19,18:15,1526.4
2025-07-19,18:30,1618.8
2025-07-19,18:45,1620
2025-07-19,19:00,1683.6
2025-07-19,19:15,1678.8
2025-07-19,19:30,1740
2025-07-19,19:45,1665.6
2025-07-19,20:00,1766.4
2025-07-19,20:15,1728
2025-07-19,20:30,1838.4
2025-07-19,20:45,1746
2025-07-19,21:00,1825.2
2025-07-19,21:15,1784.4
2025-07-19,21:30,1821.6
2025-07-19,21:45,1844.4
2025-07-19,22:00,1825.2
2025-07-19,22:15,2312.4
2025-07-19,22:30,2460
2025-07-19,22:45,2670
2025-07-19,23:00,4642.8
2025-07-19,23:15,4992
2025-07-19,23:30,4836
2025-07-19,23:45,5680.8
2025-07-20,00:00,4704
2025-07-20,00:15,3974.4
2025-07-20,00:30,5628
2025-07-20,00:45,5572.8
2025-07-20,01:00,5661.6
2025-07-20,01:15,3370.8
2025-07-20,01:30,5598
2025-07-20,01:45,5738.4
2025-07-20,02:00,5668.8
2025-07-20,02:15,5047.2
2025-07-20,02:30,3732
2025-07-20,02:45,5666.4
2025-07-20,03:00,5751.6
2025-07-20,03:15,4689.6
2025-07-20,03:30,3666
2025-07-20,03:45,4798.8
2025-07-20,04:00,5722.8
2025-07-20,04:15,4872
2025-07-20,04:30,5560.8
2025-07-20,04:45,4034.4
2025-07-20,05:00,5626.8
2025-07-20,05:15,5084.4
2025-07-20,05:30,4737.6
2025-07-20,05:45,3850.8
2025-07-20,06:00,5626.8
2025-07-20,06:15,5649.6
2025-07-20,06:30,5515.2
2025-07-20,06:45,4348.8
2025-07-20,07:00,4396.8
2025-07-20,07:15,4676.4
2025-07-20,07:30,4465.2
2025-07-20,07:45,3609.6
2025-07-20,08:00,1665.6
2025-07-20,08:15,1496.4
2025-07-20,08:30,1474.8
2025-07-20,08:45,1290
2025-07-20,09:00,1322.4
2025-07-20,09:15,1070.4
2025-07-20,09:30,1116
2025-07-20,09:45,1219.2
2025-07-20,10:00,1459.2
2025-07-20,10:15,1588.8
2025-07-20,10:30,1341.6
2025-07-20,10:45,1498.8
2025-07-20,11:00,1281.6
2025-07-20,11:15,1441.2
2025-07-20,11:30,1149.6
2025-07-20,11:45,1347.6
2025-07-20,12:00,606
2025-07-20,12:15,1316.4
2025-07-20,12:30,927.6
2025-07-20,12:45,693.6
2025-07-20,13:00,516
2025-07-20,13:15,1447.2
2025-07-20,13:30,627.6
2025-07-20,13:45,759.6
2025-07-20,14:00,576
2025-07-20,14:15,877.2
2025-07-20,14:30,746.4
2025-07-20,14:45,787.2
2025-07-20,15:00,882
2025-07-20,15:15,1260
2025-07-20,15:30,1044
2025-07-20,15:45,948
2025-07-20,16:00,1123.2
2025-07-20,16:15,1080
2025-07-20,16:30,1075.2
2025-07-20,16:45,1152
2025-07-20,17:00,1316.4
2025-07-20,17:15,1291.2
2025-07-20,17:30,1418.4
2025-07-20,17:45,1470
2025-07-20,18:00,1449.6
2025-07-20,18:15,1442.4
2025-07-20,18:30,1503.6
2025-07-20,18:45,1479.6
2025-07-20,19:00,1482
2025-07-20,19:15,1498.8
2025-07-20,19:30,1412.4
2025-07-20,19:45,1527.6
2025-07-20,20:00,1500
2025-07-20,20:15,1544.4
2025-07-20,20:30,1616.4
2025-07-20,20:45,1609.2
2025-07-20,21:00,1508.4
2025-07-20,21:15,1576.8
2025-07-20,21:30,1557.6
2025-07-20,21:45,1414.8
2025-07-20,22:00,1497.6
2025-07-20,22:15,1552.8
2025-07-20,22:30,1460.4
2025-07-20,22:45,1521.6
2025-07-20,23:00,3831.6
2025-07-20,23:15,5119.2
2025-07-20,23:30,5433.6
2025-07-20,23:45,5326.8
2025-07-21,00:00,5368.8
2025-07-21,00:15,2193.6
2025-07-21,00:30,5358
2025-07-21,00:45,5466
2025-07-21,01:00,5383.2
2025-07-21,01:15,4729.2
2025-07-21,01:30,4261.2
2025-07-21,01:45,5314.8
2025-07-21,02:00,5473.2
2025-07-21,02:15,5432.4
2025-07-21,02:30,2971.2
2025-07-21,02:45,5278.8
2025-07-21,03:00,5487.6
2025-07-21,03:15,5548.8
2025-07-21,03:30,4424.4
2025-07-21,03:45,3810
2025-07-21,04:00,4430.4
2025-07-21,04:15,5409.6
2025-07-21,04:30,5546.4
2025-07-21,04:45,2816.4
2025-07-21,05:00,5420.4
2025-07-21,05:15,5437.2
2025-07-21,05:30,5452.8
2025-07-21,05:45,5508
2025-07-21,06:00,2670
2025-07-21,06:15,4749.6
2025-07-21,06:30,5463.6
2025-07-21,06:45,4618.8
2025-07-21,07:00,2822.4
2025-07-21,07:15,5169.6
2025-07-21,07:30,5260.8
2025-07-21,07:45,5078.4
2025-07-21,08:00,1764
2025-07-21,08:15,1096.8
2025-07-21,08:30,1029.6
2025-07-21,08:45,1087.2
2025-07-21,09:00,1054.8
2025-07-21,09:15,974.4
2025-07-21,09:30,786
2025-07-21,09:45,706.8
2025-07-21,10:00,717.6
2025-07-21,10:15,492
2025-07-21,10:30,594
2025-07-21,10:45,418.8
2025-07-21,11:00,552
2025-07-21,11:15,900
2025-07-21,11:30,1082.4
2025-07-21,11:45,642
2025-07-21,12:00,702
2025-07-21,12:15,878.4
2025-07-21,12:30,480
2025-07-21,12:45,469.2
2025-07-21,13:00,578.4
2025-07-21,13:15,777.6
2025-07-21,13:30,657.6
2025-07-21,13:45,1041.6
2025-07-21,14:00,1012.8
2025-07-21,14:15,1180.8
2025-07-21,14:30,751.2
2025-07-21,14:45,820.8
2025-07-21,15:00,932.4
2025-07-21,15:15,1004.4
2025-07-21,15:30,1527.6
2025-07-21,15:45,1252.8
2025-07-21,16:00,1108.8
2025-07-21,16:15,1410
2025-07-21,16:30,1549.2
2025-07-21,16:45,1286.4
2025-07-21,17:00,1668
2025-07-21,17:15,1321.2
2025-07-21,17:30,1455.6
2025-07-21,17:45,1564.8
2025-07-21,18:00,1424.4
2025-07-21,18:15,1550.4
2025-07-21,18:30,1578
2025-07-21,18:45,1575.6
2025-07-21,19:00,1629.6
2025-07-21,19:15,1492.8
2025-07-21,19:30,1508.4
2025-07-21,19:45,1587.6
2025-07-21,20:00,1456.8
2025-07-21,20:15,1604.4
2025-07-21,20:30,1542
2025-07-21,20:45,1568.4
2025-07-21,21:00,1474.8
2025-07-21,21:15,1575.6
2025-07-21,21:30,1578
2025-07-21,21:45,1614
2025-07-21,22:00,1540.8
2025-07-21,22:15,1602
2025-07-21,22:30,1460.4
2025-07-21,22:45,1512
2025-07-21,23:00,5384.4
2025-07-21,23:15,5354.4
2025-07-21,23:30,5490
2025-07-21,23:45,5406
2025-07-22,00:00,5422.8
2025-07-22,00:15,2600.4
2025-07-22,00:30,5470.8
2025-07-22,00:45,5456.4
2025-07-22,01:00,5389.2
2025-07-22,01:15,3006
2025-07-22,01:30,4657.2
2025-07-22,01:45,5462.4
2025-07-22,02:00,5444.4
2025-07-22,02:15,5560.8
2025-07-22,02:30,4549.2
2025-07-22,02:45,5341.2
2025-07-22,03:00,5446.8
2025-07-22,03:15,5463.6
2025-07-22,03:30,4734
2025-07-22,03:45,4592.4
2025-07-22,04:00,5481.6
2025-07-22,04:15,5511.6
2025-07-22,04:30,5581.2
2025-07-22,04:45,2798.4
2025-07-22,05:00,5632.8
2025-07-22,05:15,5446.8
2025-07-22,05:30,5499.6
2025-07-22,05:45,3824.4
2025-07-22,06:00,5403.6
2025-07-22,06:15,5539.2
2025-07-22,06:30,4596
2025-07-22,06:45,5469.6
2025-07-22,07:00,4838.4
2025-07-22,07:15,5809.2
2025-07-22,07:30,4911.6
2025-07-22,07:45,4996.8
2025-07-22,08:00,3070.8
2025-07-22,08:15,2030.4
2025-07-22,08:30,1869.6
2025-07-22,08:45,1912.8
2025-07-22,09:00,1753.2
2025-07-22,09:15,1821.6
2025-07-22,09:30,1720.8
2025-07-22,09:45,1614
2025-07-22,10:00,1819.2
2025-07-22,10:15,1384.8
2025-07-22,10:30,1491.6
2025-07-22,10:45,1712.4
2025-07-22,11:00,1510.8
2025-07-22,11:15,1587.6
2025-07-22,11:30,1497.6
2025-07-22,11:45,1278
2025-07-22,12:00,1466.4
2025-07-22,12:15,1371.6
2025-07-22,12:30,1435.2
2025-07-22,12:45,1424.4
2025-07-22,13:00,1342.8
2025-07-22,13:15,1381.2
2025-07-22,13:30,1039.2
2025-07-22,13:45,1172.4
2025-07-22,14:00,1099.2
2025-07-22,14:15,782.4
2025-07-22,14:30,1568.4
2025-07-22,14:45,1100.4
2025-07-22,15:00,800.4
2025-07-22,15:15,1395.6
2025-07-22,15:30,1466.4
2025-07-22,15:45,1525.2
2025-07-22,16:00,1330.8
2025-07-22,16:15,1587.6
2025-07-22,16:30,1554
2025-07-22,16:45,1567.2
2025-07-22,17:00,1672.8
2025-07-22,17:15,1742.4
2025-07-22,17:30,1638
2025-07-22,17:45,1659.6
2025-07-22,18:00,1676.4
2025-07-22,18:15,1634.4
2025-07-22,18:30,1677.6
2025-07-22,18:45,1518
2025-07-22,19:00,1612.8
2025-07-22,19:15,1682.4
2025-07-22,19:30,1708.8
2025-07-22,19:45,1744.8
2025-07-22,20:00,1774.8
2025-07-22,20:15,1815.6
2025-07-22,20:30,1778.4
2025-07-22,20:45,1878
2025-07-22,21:00,1744.8
2025-07-22,21:15,1706.4
2025-07-22,21:30,1646.4
2025-07-22,21:45,1815.6
2025-07-22,22:00,1636.8
2025-07-22,22:15,1743.6
2025-07-22,22:30,1786.8
2025-07-22,22:45,1875.6
2025-07-22,23:00,5451.6
2025-07-22,23:15,5448
2025-07-22,23:30,5618.4
2025-07-22,23:45,5792.4
2025-07-23,00:00,5610
2025-07-23,00:15,3085.2
2025-07-23,00:30,5709.6
2025-07-23,00:45,5606.4
2025-07-23,01:00,5678.4
2025-07-23,01:15,4772.4
2025-07-23,01:30,5530.8
2025-07-23,01:45,5666.4
2025-07-23,02:00,5634
2025-07-23,02:15,5685.6
2025-07-23,02:30,3789.6
2025-07-23,02:45,5630.4
2025-07-23,03:00,5678.4
2025-07-23,03:15,5719.2
2025-07-23,03:30,4932
2025-07-23,03:45,4257.6
2025-07-23,04:00,5833.2
2025-07-23,04:15,5618.4
2025-07-23,04:30,5773.2
2025-07-23,04:45,3075.6
2025-07-23,05:00,4628.4
2025-07-23,05:15,5679.6
2025-07-23,05:30,5644.8
2025-07-23,05:45,5752.8
2025-07-23,06:00,4834.8
2025-07-23,06:15,5745.6
2025-07-23,06:30,5575.2
2025-07-23,06:45,5224.8
2025-07-23,07:00,3547.2
2025-07-23,07:15,5521.2
2025-07-23,07:30,5299.2
2025-07-23,07:45,4028.4
2025-07-23,08:00,1746
2025-07-23,08:15,1268.4
2025-07-23,08:30,1089.6
2025-07-23,08:45,933.6
2025-07-23,09:00,1107.6
2025-07-23,09:15,1011.6
2025-07-23,09:30,902.4
2025-07-23,09:45,822
2025-07-23,10:00,741.6
2025-07-23,10:15,739.2
2025-07-23,10:30,1167.6
2025-07-23,10:45,759.6
2025-07-23,11:00,444
2025-07-23,11:15,570
2025-07-23,11:30,655.2
2025-07-23,11:45,706.8
2025-07-23,12:00,714
2025-07-23,12:15,555.6
2025-07-23,12:30,546
2025-07-23,12:45,610.8
2025-07-23,13:00,1093.2
2025-07-23,13:15,1144.8
2025-07-23,13:30,876
2025-07-23,13:45,1371.6
2025-07-23,14:00,1026
2025-07-23,14:15,1029.6
2025-07-23,14:30,1068
2025-07-23,14:45,1044
2025-07-23,15:00,945.6
2025-07-23,15:15,1454.4
2025-07-23,15:30,1162.8
2025-07-23,15:45,1009.2
2025-07-23,16:00,1254
2025-07-23,16:15,1227.6
2025-07-23,16:30,1488
2025-07-23,16:45,1693.2
2025-07-23,17:00,1542
2025-07-23,17:15,1504.8
2025-07-23,17:30,1702.8
2025-07-23,17:45,1612.8
2025-07-23,18:00,1692
2025-07-23,18:15,1800
2025-07-23,18:30,1707.6
2025-07-23,18:45,1713.6
2025-07-23,19:00,1717.2
2025-07-23,19:15,1796.4
2025-07-23,19:30,1653.6
2025-07-23,19:45,1734
2025-07-23,20:00,1778.4
2025-07-23,20:15,1815.6
2025-07-23,20:30,1814.4
2025-07-23,20:45,1705.2
2025-07-23,21:00,1728
2025-07-23,21:15,1676.4
2025-07-23,21:30,1636.8
2025-07-23,21:45,1777.2
2025-07-23,22:00,1670.4
2025-07-23,22:15,1627.2
2025-07-23,22:30,1652.4
2025-07-23,22:45,1678.8
2025-07-23,23:00,5544
2025-07-23,23:15,5509.2
2025-07-23,23:30,5553.6
2025-07-23,23:45,5655.6
2025-07-24,00:00,5589.6
2025-07-24,00:15,2319.6
2025-07-24,00:30,5497.2
2025-07-24,00:45,5624.4
2025-07-24,01:00,5646
2025-07-24,01:15,5571.6
2025-07-24,01:30,2844
2025-07-24,01:45,5804.4
2025-07-24,02:00,5593.2
2025-07-24,02:15,5726.4
2025-07-24,02:30,3884.4
2025-07-24,02:45,4393.2
2025-07-24,03:00,5545.2
2025-07-24,03:15,5649.6
2025-07-24,03:30,5702.4
2025-07-24,03:45,4560
2025-07-24,04:00,4830
2025-07-24,04:15,5674.8
2025-07-24,04:30,5638.8
2025-07-24,04:45,4803.6
2025-07-24,05:00,3771.6
2025-07-24,05:15,5800.8
2025-07-24,05:30,5644.8
2025-07-24,05:45,5626.8
2025-07-24,06:00,3954
2025-07-24,06:15,4722
2025-07-24,06:30,5702.4
2025-07-24,06:45,5652
2025-07-24,07:00,4658.4
2025-07-24,07:15,5500.8
2025-07-24,07:30,5348.4
2025-07-24,07:45,4729.2
2025-07-24,08:00,3510
2025-07-24,08:15,1826.4
2025-07-24,08:30,1484.4
2025-07-24,08:45,1304.4
2025-07-24,09:00,1701.6
2025-07-24,09:15,1387.2
2025-07-24,09:30,1156.8
2025-07-24,09:45,1149.6
2025-07-24,10:00,1124.4
2025-07-24,10:15,1290
2025-07-24,10:30,1660.8
2025-07-24,10:45,1543.2
2025-07-24,11:00,1416
2025-07-24,11:15,764.4
2025-07-24,11:30,1064.4
2025-07-24,11:45,890.4
2025-07-24,12:00,874.8
2025-07-24,12:15,842.4
2025-07-24,12:30,982.8
2025-07-24,12:45,864
2025-07-24,13:00,830.4
2025-07-24,13:15,961.2
2025-07-24,13:30,892.8
2025-07-24,13:45,752.4
2025-07-24,14:00,769.2
2025-07-24,14:15,884.4
2025-07-24,14:30,1009.2
2025-07-24,14:45,847.2
2025-07-24,15:00,1089.6
2025-07-24,15:15,920.4
2025-07-24,15:30,1256.4
2025-07-24,15:45,1081.2
2025-07-24,16:00,931.2
2025-07-24,16:15,1122
2025-07-24,16:30,1190.4
2025-07-24,16:45,1282.8
2025-07-24,17:00,1305.6
2025-07-24,17:15,1327.2
2025-07-24,17:30,1491.6
2025-07-24,17:45,1428
2025-07-24,18:00,1584
2025-07-24,18:15,1531.2
2025-07-24,18:30,1425.6
2025-07-24,18:45,1635.6
2025-07-24,19:00,1448.4
2025-07-24,19:15,1527.6
2025-07-24,19:30,1556.4
2025-07-24,19:45,1455.6
2025-07-24,20:00,1602
2025-07-24,20:15,1524
2025-07-24,20:30,1461.6
2025-07-24,20:45,1590
2025-07-24,21:00,1404
2025-07-24,21:15,1444.8
2025-07-24,21:30,1590
2025-07-24,21:45,1410
2025-07-24,22:00,1566
2025-07-24,22:15,1447.2
2025-07-24,22:30,1558.8
2025-07-24,22:45,1489.2
2025-07-24,23:00,5366.4
2025-07-24,23:15,5293.2
2025-07-24,23:30,5528.4
2025-07-24,23:45,5533.2
2025-07-25,00:00,5356.8
2025-07-25,00:15,2049.6
2025-07-25,00:30,5474.4
2025-07-25,00:45,5334
2025-07-25,01:00,5365.2
2025-07-25,01:15,5467.2
2025-07-25,01:30,1905.6
2025-07-25,01:45,5402.4
2025-07-25,02:00,5364
2025-07-25,02:15,5570.4
2025-07-25,02:30,5426.4
2025-07-25,02:45,2797.2
2025-07-25,03:00,5482.8
2025-07-25,03:15,5600.4
2025-07-25,03:30,5564.4
2025-07-25,03:45,5606.4
2025-07-25,04:00,4194
2025-07-25,04:15,5676
2025-07-25,04:30,5480.4
2025-07-25,04:45,5644.8
2025-07-25,05:00,4382.4
2025-07-25,05:15,5316
2025-07-25,05:30,5643.6
2025-07-25,05:45,5517.6
2025-07-25,06:00,4455.6
2025-07-25,06:15,5306.4
2025-07-25,06:30,5470.8
2025-07-25,06:45,5473.2
2025-07-25,07:00,3450
2025-07-25,07:15,4634.4
2025-07-25,07:30,5272.8
2025-07-25,07:45,5296.8
2025-07-25,08:00,2884.8
2025-07-25,08:15,1146
2025-07-25,08:30,1160.4
2025-07-25,08:45,1471.2
2025-07-25,09:00,1514.4
2025-07-25,09:15,1633.2
2025-07-25,09:30,1126.8
2025-07-25,09:45,788.4
2025-07-25,10:00,882
2025-07-25,10:15,518.4
2025-07-25,10:30,1056
2025-07-25,10:45,1146
2025-07-25,11:00,1324.8
2025-07-25,11:15,1066.8
2025-07-25,11:30,1342.8
2025-07-25,11:45,417.6
2025-07-25,12:00,405.6
2025-07-25,12:15,1190.4
2025-07-25,12:30,1170
2025-07-25,12:45,1143.6
2025-07-25,13:00,1111.2
2025-07-25,13:15,835.2
2025-07-25,13:30,556.8
2025-07-25,13:45,1264.8
2025-07-25,14:00,493.2
2025-07-25,14:15,715.2
2025-07-25,14:30,738
2025-07-25,14:45,669.6
2025-07-25,15:00,829.2
2025-07-25,15:15,770.4
2025-07-25,15:30,658.8
2025-07-25,15:45,1388.4
2025-07-25,16:00,924
2025-07-25,16:15,1117.2
2025-07-25,16:30,1042.8
2025-07-25,16:45,1143.6
2025-07-25,17:00,1604.4
2025-07-25,17:15,1232.4
2025-07-25,17:30,1256.4
2025-07-25,17:45,1423.2
2025-07-25,18:00,1298.4
2025-07-25,18:15,1358.4
2025-07-25,18:30,1464
2025-07-25,18:45,1420.8
2025-07-25,19:00,1456.8
2025-07-25,19:15,1447.2
2025-07-25,19:30,1357.2
2025-07-25,19:45,1562.4
2025-07-25,20:00,1393.2
2025-07-25,20:15,1491.6
2025-07-25,20:30,1564.8
2025-07-25,20:45,1604.4
2025-07-25,21:00,1533.6
2025-07-25,21:15,1488
2025-07-25,21:30,1508.4
2025-07-25,21:45,1544.4
2025-07-25,22:00,1459.2
2025-07-25,22:15,1471.2
2025-07-25,22:30,1428
2025-07-25,22:45,1671.6
2025-07-25,23:00,5253.6
2025-07-25,23:15,5367.6
2025-07-25,23:30,5496
2025-07-25,23:45,5307.6
2025-07-26,00:00,5349.6
2025-07-26,00:15,1622.4
2025-07-26,00:30,4902
2025-07-26,00:45,5294.4
2025-07-26,01:00,5186.4
2025-07-26,01:15,5306.4
2025-07-26,01:30,3440.4
2025-07-26,01:45,4209.6
2025-07-26,02:00,5265.6
2025-07-26,02:15,5258.4
2025-07-26,02:30,3440.4
2025-07-26,02:45,5101.2
2025-07-26,03:00,5242.8
2025-07-26,03:15,5218.8
2025-07-26,03:30,5078.4
2025-07-26,03:45,3360
2025-07-26,04:00,4305.6
2025-07-26,04:15,5229.6
2025-07-26,04:30,5318.4
2025-07-26,04:45,4363.2
2025-07-26,05:00,4250.4
2025-07-26,05:15,4497.6
2025-07-26,05:30,5109.6
2025-07-26,05:45,5251.2
2025-07-26,06:00,2655.6
2025-07-26,06:15,4404
2025-07-26,06:30,5169.6
2025-07-26,06:45,5158.8
2025-07-26,07:00,4316.4
2025-07-26,07:15,5085.6
2025-07-26,07:30,4076.4
2025-07-26,07:45,4405.2
2025-07-26,08:00,2524.8
2025-07-26,08:15,2166
2025-07-26,08:30,1228.8
2025-07-26,08:45,1245.6
2025-07-26,09:00,1392
2025-07-26,09:15,1111.2
2025-07-26,09:30,1263.6
2025-07-26,09:45,1093.2
2025-07-26,10:00,1321.2
2025-07-26,10:15,1106.4
2025-07-26,10:30,1006.8
2025-07-26,10:45,565.2
2025-07-26,11:00,690
2025-07-26,11:15,1107.6
2025-07-26,11:30,730.8
2025-07-26,11:45,1002
2025-07-26,12:00,825.6
2025-07-26,12:15,984
2025-07-26,12:30,1140
2025-07-26,12:45,354
2025-07-26,13:00,262.8
2025-07-26,13:15,1398
2025-07-26,13:30,1346.4
2025-07-26,13:45,1444.8
2025-07-26,14:00,1088.4
2025-07-26,14:15,1135.2
2025-07-26,14:30,1327.2
2025-07-26,14:45,1179.6
2025-07-26,15:00,1036.8
2025-07-26,15:15,1132.8
2025-07-26,15:30,1119.6
2025-07-26,15:45,890.4
2025-07-26,16:00,1118.4
2025-07-26,16:15,1228.8
2025-07-26,16:30,1003.2
2025-07-26,16:45,1518
2025-07-26,17:00,1366.8
2025-07-26,17:15,1392
2025-07-26,17:30,1508.4
2025-07-26,17:45,1436.4
2025-07-26,18:00,1358.4
2025-07-26,18:15,1438.8
2025-07-26,18:30,1318.8
2025-07-26,18:45,1488
2025-07-26,19:00,1549.2
2025-07-26,19:15,1466.4
2025-07-26,19:30,1478.4
2025-07-26,19:45,1364.4
2025-07-26,20:00,1425.6
2025-07-26,20:15,1531.2
2025-07-26,20:30,1495.2
2025-07-26,20:45,1477.2
2025-07-26,21:00,1453.2
2025-07-26,21:15,1407.6
2025-07-26,21:30,1628.4
2025-07-26,21:45,1545.6
2025-07-26,22:00,1572
2025-07-26,22:15,1440
2025-07-26,22:30,1536
2025-07-26,22:45,1537.2
2025-07-26,23:00,5380.8
2025-07-26,23:15,5384.4
2025-07-26,23:30,5431.2
2025-07-26,23:45,5554.8
2025-07-27,00:00,5430
2025-07-27,00:15,1738.8
2025-07-27,00:30,4446
2025-07-27,00:45,5372.4
2025-07-27,01:00,5319.6
2025-07-27,01:15,5460
2025-07-27,01:30,4500
2025-07-27,01:45,4530
2025-07-27,02:00,5336.4
2025-07-27,02:15,5426.4
2025-07-27,02:30,4552.8
2025-07-27,02:45,4252.8
2025-07-27,03:00,5155.2
2025-07-27,03:15,5427.6
2025-07-27,03:30,5404.8
2025-07-27,03:45,4140
2025-07-27,04:00,3807.6
2025-07-27,04:15,5583.6
2025-07-27,04:30,5583.6
2025-07-27,04:45,5556
2025-07-27,05:00,3205.2
2025-07-27,05:15,5396.4
2025-07-27,05:30,5576.4
2025-07-27,05:45,5572.8
2025-07-27,06:00,4825.2
2025-07-27,06:15,5005.2
2025-07-27,06:30,5352
2025-07-27,06:45,5451.6
2025-07-27,07:00,4641.6
2025-07-27,07:15,5316
2025-07-27,07:30,4408.8
2025-07-27,07:45,5324.4
2025-07-27,08:00,4446
2025-07-27,08:15,3360
2025-07-27,08:30,1444.8
2025-07-27,08:45,1351.2
2025-07-27,09:00,1357.2
2025-07-27,09:15,868.8
2025-07-27,09:30,1248
2025-07-27,09:45,1135.2
2025-07-27,10:00,1050
2025-07-27,10:15,831.6
2025-07-27,10:30,926.4
2025-07-27,10:45,1268.4
2025-07-27,11:00,901.2
2025-07-27,11:15,1252.8
2025-07-27,11:30,994.8
2025-07-27,11:45,75.6
2025-07-27,12:00,976.8
2025-07-27,12:15,966
2025-07-27,12:30,380.4
2025-07-27,12:45,1227.6
2025-07-27,13:00,1584
2025-07-27,13:15,1418.4
2025-07-27,13:30,1207.2
2025-07-27,13:45,1008
2025-07-27,14:00,931.2
2025-07-27,14:15,874.8
2025-07-27,14:30,955.2
2025-07-27,14:45,778.8
2025-07-27,15:00,1389.6
2025-07-27,15:15,1299.6
2025-07-27,15:30,1454.4
2025-07-27,15:45,1372.8
2025-07-27,16:00,860.4
2025-07-27,16:15,1243.2
2025-07-27,16:30,1549.2
2025-07-27,16:45,1364.4
2025-07-27,17:00,1465.2
2025-07-27,17:15,1378.8
2025-07-27,17:30,1580.4
2025-07-27,17:45,1459.2
2025-07-27,18:00,1358.4
2025-07-27,18:15,1533.6
2025-07-27,18:30,1452
2025-07-27,18:45,1459.2
2025-07-27,19:00,1476
2025-07-27,19:15,1473.6
2025-07-27,19:30,1494
2025-07-27,19:45,1444.8
2025-07-27,20:00,1537.2
2025-07-27,20:15,1426.8
2025-07-27,20:30,1448.4
2025-07-27,20:45,1545.6
2025-07-27,21:00,1452
2025-07-27,21:15,1357.2
2025-07-27,21:30,1401.6
2025-07-27,21:45,1371.6
2025-07-27,22:00,1539.6
2025-07-27,22:15,1416
2025-07-27,22:30,1549.2
2025-07-27,22:45,1687.2
2025-07-27,23:00,5608.8
2025-07-27,23:15,5553.6
2025-07-27,23:30,5413.2
2025-07-27,23:45,5564.4
2025-07-28,00:00,5470.8
2025-07-28,00:15,2030.4
2025-07-28,00:30,5358
2025-07-28,00:45,5521.2
2025-07-28,01:00,5305.2
2025-07-28,01:15,5487.6
2025-07-28,01:30,3633.6
2025-07-28,01:45,5418
2025-07-28,02:00,5548.8
2025-07-28,02:15,5388
2025-07-28,02:30,4053.6
2025-07-28,02:45,5193.6
2025-07-28,03:00,5307.6
2025-07-28,03:15,5235.6
2025-07-28,03:30,5230.8
2025-07-28,03:45,3970.8
2025-07-28,04:00,5431.2
2025-07-28,04:15,5232
2025-07-28,04:30,5161.2
2025-07-28,04:45,4388.4
2025-07-28,05:00,2457.6
2025-07-28,05:15,5150.4
2025-07-28,05:30,5208
2025-07-28,05:45,5262
2025-07-28,06:00,3528
2025-07-28,06:15,5154
2025-07-28,06:30,5235.6
2025-07-28,06:45,4251.6
2025-07-28,07:00,3174
2025-07-28,07:15,5130
2025-07-28,07:30,4983.6
2025-07-28,07:45,5036.4
2025-07-28,08:00,2565.6
2025-07-28,08:15,1228.8
2025-07-28,08:30,1363.2
2025-07-28,08:45,1339.2
2025-07-28,09:00,1366.8
2025-07-28,09:15,1220.4
2025-07-28,09:30,814.8
2025-07-28,09:45,602.4
2025-07-28,10:00,993.6
2025-07-28,10:15,896.4
2025-07-28,10:30,378
2025-07-28,10:45,1069.2
2025-07-28,11:00,601.2
2025-07-28,11:15,328.8
2025-07-28,11:30,664.8
2025-07-28,11:45,878.4
2025-07-28,12:00,73.2
2025-07-28,12:15,241.2
2025-07-28,12:30,1338
2025-07-28,12:45,-241.2
2025-07-28,13:00,895.2
2025-07-28,13:15,1196.4
2025-07-28,13:30,742.8
2025-07-28,13:45,723.6
2025-07-28,14:00,240
2025-07-28,14:15,756
2025-07-28,14:30,1146
2025-07-28,14:45,849.6
2025-07-28,15:00,675.6
2025-07-28,15:15,990
2025-07-28,15:30,417.6
2025-07-28,15:45,1108.8
2025-07-28,16:00,853.2
2025-07-28,16:15,835.2
2025-07-28,16:30,1090.8
2025-07-28,16:45,1028.4
2025-07-28,17:00,1046.4
2025-07-28,17:15,1060.8
2025-07-28,17:30,1284
2025-07-28,17:45,1092
2025-07-28,18:00,922.8
2025-07-28,18:15,1173.6
2025-07-28,18:30,1083.6
2025-07-28,18:45,1282.8
2025-07-28,19:00,1148.4
2025-07-28,19:15,1140
2025-07-28,19:30,1456.8
2025-07-28,19:45,1177.2
2025-07-28,20:00,1232.4
2025-07-28,20:15,1287.6
2025-07-28,20:30,1197.6
2025-07-28,20:45,1398
2025-07-28,21:00,1204.8
2025-07-28,21:15,1255.2
2025-07-28,21:30,1184.4
2025-07-28,21:45,1034.4
2025-07-28,22:00,1334.4
2025-07-28,22:15,1185.6
2025-07-28,22:30,1149.6
2025-07-28,22:45,1395.6
2025-07-28,23:00,4106.4
2025-07-28,23:15,5074.8
2025-07-28,23:30,5097.6
2025-07-28,23:45,5080.8
2025-07-29,00:00,5204.4
2025-07-29,00:15,2461.2
2025-07-29,00:30,5192.4
2025-07-29,00:45,5146.8
2025-07-29,01:00,5188.8
2025-07-29,01:15,4700.4
2025-07-29,01:30,4563.6
2025-07-29,01:45,5244
2025-07-29,02:00,5323.2
2025-07-29,02:15,5154
2025-07-29,02:30,3586.8
2025-07-29,02:45,5322
2025-07-29,03:00,5151.6
2025-07-29,03:15,5143.2
2025-07-29,03:30,5299.2
2025-07-29,03:45,3648
2025-07-29,04:00,5094
2025-07-29,04:15,5271.6
2025-07-29,04:30,5292
2025-07-29,04:45,4350
2025-07-29,05:00,4371.6
2025-07-29,05:15,5234.4
2025-07-29,05:30,5379.6
2025-07-29,05:45,5197.2
2025-07-29,06:00,2931.6
2025-07-29,06:15,5404.8
2025-07-29,06:30,5066.4
2025-07-29,06:45,4252.8
2025-07-29,07:00,5101.2
2025-07-29,07:15,4866
2025-07-29,07:30,4962
2025-07-29,07:45,3864
2025-07-29,08:00,2898
2025-07-29,08:15,1105.2
2025-07-29,08:30,896.4
2025-07-29,08:45,668.4
2025-07-29,09:00,556.8
2025-07-29,09:15,982.8
2025-07-29,09:30,535.2
2025-07-29,09:45,1006.8
2025-07-29,10:00,414
2025-07-29,10:15,931.2
2025-07-29,10:30,1071.6
2025-07-29,10:45,956.4
2025-07-29,11:00,12
2025-07-29,11:15,60
2025-07-29,11:30,196.8
2025-07-29,11:45,150
2025-07-29,12:00,867.6
2025-07-29,12:15,415.2
2025-07-29,12:30,238.8
2025-07-29,12:45,254.4
2025-07-29,13:00,156
2025-07-29,13:15,379.2
2025-07-29,13:30,663.6
2025-07-29,13:45,960
2025-07-29,14:00,480
2025-07-29,14:15,294
2025-07-29,14:30,332.4
2025-07-29,14:45,1123.2
2025-07-29,15:00,433.2
2025-07-29,15:15,519.6
2025-07-29,15:30,612
2025-07-29,15:45,496.8
2025-07-29,16:00,697.2
2025-07-29,16:15,796.8
2025-07-29,16:30,625.2
2025-07-29,16:45,937.2
2025-07-29,17:00,918
2025-07-29,17:15,1198.8
2025-07-29,17:30,1010.4
2025-07-29,17:45,904.8
2025-07-29,18:00,1345.2
2025-07-29,18:15,1087.2
2025-07-29,18:30,1167.6
2025-07-29,18:45,1177.2
2025-07-29,19:00,1124.4
2025-07-29,19:15,1480.8
2025-07-29,19:30,1384.8
2025-07-29,19:45,1450.8
2025-07-29,20:00,1440
2025-07-29,20:15,1363.2
2025-07-29,20:30,1620
2025-07-29,20:45,1234.8
2025-07-29,21:00,1419.6
2025-07-29,21:15,1381.2
2025-07-29,21:30,1294.8
2025-07-29,21:45,1582.8
2025-07-29,22:00,1713.6
2025-07-29,22:15,2251.2
2025-07-29,22:30,2530.8
2025-07-29,22:45,2360.4
2025-07-29,23:00,3492
2025-07-29,23:15,4257.6
2025-07-29,23:30,4449.6
2025-07-29,23:45,5433.6
2025-07-30,00:00,5145.6
2025-07-30,00:15,3722.4
2025-07-30,00:30,5108.4
2025-07-30,00:45,5137.2
2025-07-30,01:00,4446
2025-07-30,01:15,5131.2
2025-07-30,01:30,3963.6
2025-07-30,01:45,5238
2025-07-30,02:00,5210.4
2025-07-30,02:15,4443.6
2025-07-30,02:30,4370.4
2025-07-30,02:45,3374.4
2025-07-30,03:00,5208
2025-07-30,03:15,5251.2
2025-07-30,03:30,4590
2025-07-30,03:45,4426.8
2025-07-30,04:00,5203.2
2025-07-30,04:15,5251.2
2025-07-30,04:30,4616.4
2025-07-30,04:45,5378.4
2025-07-30,05:00,5137.2
2025-07-30,05:15,5166
2025-07-30,05:30,4408.8
2025-07-30,05:45,4356
2025-07-30,06:00,3592.8
2025-07-30,06:15,5166
2025-07-30,06:30,4444.8
2025-07-30,06:45,4782
2025-07-30,07:00,3976.8
2025-07-30,07:15,5644.8
2025-07-30,07:30,5518.8
2025-07-30,07:45,4699.2
2025-07-30,08:00,2764.8
2025-07-30,08:15,1647.6
2025-07-30,08:30,1821.6
2025-07-30,08:45,1562.4
2025-07-30,09:00,1423.2
2025-07-30,09:15,1442.4
2025-07-30,09:30,1335.6
2025-07-30,09:45,1303.2
2025-07-30,10:00,1316.4
2025-07-30,10:15,1262.4
2025-07-30,10:30,1405.2
2025-07-30,10:45,1261.2
2025-07-30,11:00,1320
2025-07-30,11:15,1472.4
2025-07-30,11:30,1251.6
2025-07-30,11:45,1448.4
2025-07-30,12:00,1305.6
2025-07-30,12:15,1209.6
2025-07-30,12:30,1344
2025-07-30,12:45,1222.8
2025-07-30,13:00,1514.4
2025-07-30,13:15,1431.6
2025-07-30,13:30,1248
2025-07-30,13:45,1227.6
2025-07-30,14:00,1165.2
2025-07-30,14:15,1129.2
2025-07-30,14:30,1548
2025-07-30,14:45,1468.8
2025-07-30,15:00,1591.2
2025-07-30,15:15,1454.4
2025-07-30,15:30,1446
2025-07-30,15:45,1630.8
2025-07-30,16:00,1464
2025-07-30,16:15,1616.4
2025-07-30,16:30,1411.2
2025-07-30,16:45,1392
2025-07-30,17:00,1542
2025-07-30,17:15,1513.2
2025-07-30,17:30,1563.6
2025-07-30,17:45,1476
2025-07-30,18:00,1353.6
2025-07-30,18:15,1453.2
2025-07-30,18:30,1400.4
2025-07-30,18:45,1628.4
2025-07-30,19:00,1611.6
2025-07-30,19:15,1526.4
2025-07-30,19:30,1453.2
2025-07-30,19:45,1401.6
2025-07-30,20:00,1593.6
2025-07-30,20:15,1524
2025-07-30,20:30,1528.8
2025-07-30,20:45,1652.4
2025-07-30,21:00,1446
2025-07-30,21:15,1510.8
2025-07-30,21:30,1429.2
2025-07-30,21:45,1494
2025-07-30,22:00,1419.6
2025-07-30,22:15,1412.4
2025-07-30,22:30,1562.4
2025-07-30,22:45,1600.8
2025-07-30,23:00,1454.4
2025-07-30,23:15,4701.6
2025-07-30,23:30,5412
2025-07-30,23:45,5426.4
2025-07-31,00:00,5383.2
2025-07-31,00:15,3565.2
2025-07-31,00:30,4461.6
2025-07-31,00:45,5334
2025-07-31,01:00,5481.6
2025-07-31,01:15,5548.8
2025-07-31,01:30,2667.6
2025-07-31,01:45,4335.6
2025-07-31,02:00,5368.8
2025-07-31,02:15,5418
2025-07-31,02:30,4554
2025-07-31,02:45,4273.2
2025-07-31,03:00,4765.2
2025-07-31,03:15,5415.6
2025-07-31,03:30,5385.6
2025-07-31,03:45,4834.8
2025-07-31,04:00,4306.8
2025-07-31,04:15,5239.2
2025-07-31,04:30,5383.2
2025-07-31,04:45,5520
2025-07-31,05:00,2551.2
2025-07-31,05:15,5421.6
2025-07-31,05:30,5582.4
2025-07-31,05:45,4449.6
2025-07-31,06:00,4152
2025-07-31,06:15,5502
2025-07-31,06:30,5529.6
2025-07-31,06:45,5433.6
2025-07-31,07:00,2762.4
2025-07-31,07:15,5356.8
2025-07-31,07:30,5532
2025-07-31,07:45,5449.2
2025-07-31,08:00,3700.8
2025-07-31,08:15,1501.2
2025-07-31,08:30,1462.8
2025-07-31,08:45,1630.8
2025-07-31,09:00,1564.8
2025-07-31,09:15,1464
2025-07-31,09:30,1257.6
2025-07-31,09:45,1322.4
2025-07-31,10:00,1538.4
2025-07-31,10:15,1393.2
2025-07-31,10:30,1392
2025-07-31,10:45,1616.4
2025-07-31,11:00,1351.2
2025-07-31,11:15,1532.4
2025-07-31,11:30,1266
2025-07-31,11:45,1202.4
2025-07-31,12:00,1248
2025-07-31,12:15,1384.8
2025-07-31,12:30,1413.6
2025-07-31,12:45,1352.4
2025-07-31,13:00,1194
2025-07-31,13:15,1699.2
2025-07-31,13:30,1489.2
2025-07-31,13:45,1485.6
2025-07-31,14:00,1284
2025-07-31,14:15,1363.2
2025-07-31,14:30,1416
2025-07-31,14:45,1402.8
2025-07-31,15:00,1580.4
2025-07-31,15:15,1592.4
2025-07-31,15:30,1442.4
2025-07-31,15:45,1326
2025-07-31,16:00,1430.4
2025-07-31,16:15,1461.6
2025-07-31,16:30,1569.6
2025-07-31,16:45,1544.4
2025-07-31,17:00,1453.2
2025-07-31,17:15,1456.8
2025-07-31,17:30,1464
2025-07-31,17:45,1602
2025-07-31,18:00,1479.6
2025-07-31,18:15,1396.8
2025-07-31,18:30,1521.6
2025-07-31,18:45,1330.8
2025-07-31,19:00,1431.6
2025-07-31,19:15,1456.8
2025-07-31,19:30,1402.8
2025-07-31,19:45,1732.8
2025-07-31,20:00,1490.4
2025-07-31,20:15,1597.2
2025-07-31,20:30,1569.6
2025-07-31,20:45,1545.6
2025-07-31,21:00,1647.6
2025-07-31,21:15,1630.8
2025-07-31,21:30,1690.8
2025-07-31,21:45,1740
2025-07-31,22:00,1567.2
2025-07-31,22:15,2614.8
2025-07-31,22:30,2338.8
2025-07-31,22:45,2636.4
2025-07-31,23:00,4524
2025-07-31,23:15,4611.6
2025-07-31,23:30,4668
2025-07-31,23:45,4520.4
