数据日期,时间,负荷
1/1/2024,0:00,248.4
1/1/2024,0:15,228
1/1/2024,0:30,226.8
1/1/2024,0:45,241.2
1/1/2024,1:00,226.8
1/1/2024,1:15,223.2
1/1/2024,1:30,231.6
1/1/2024,1:45,204
1/1/2024,2:00,196.8
1/1/2024,2:15,195.6
1/1/2024,2:30,206.4
1/1/2024,2:45,198
1/1/2024,3:00,195.6
1/1/2024,3:15,204
1/1/2024,3:30,360
1/1/2024,3:45,267.6
1/1/2024,4:00,261.6
1/1/2024,4:15,271.2
1/1/2024,4:30,229.2
1/1/2024,4:45,220.8
1/1/2024,5:00,222
1/1/2024,5:15,223.2
1/1/2024,5:30,214.8
1/1/2024,5:45,213.6
1/1/2024,6:00,220.8
1/1/2024,6:15,193.2
1/1/2024,6:30,198
1/1/2024,6:45,201.6
1/1/2024,7:00,195.6
1/1/2024,7:15,190.8
1/1/2024,7:30,201.6
1/1/2024,7:45,187.2
1/1/2024,8:00,176.4
1/1/2024,8:15,189.6
1/1/2024,8:30,195.6
1/1/2024,8:45,176.4
1/1/2024,9:00,181.2
1/1/2024,9:15,187.2
1/1/2024,9:30,165.6
1/1/2024,9:45,168
1/1/2024,10:00,175.2
1/1/2024,10:15,172.8
1/1/2024,10:30,162
1/1/2024,10:45,163.2
1/1/2024,11:00,320.4
1/1/2024,11:15,181.2
1/1/2024,11:30,163.2
1/1/2024,11:45,164.4
1/1/2024,12:00,171.6
1/1/2024,12:15,158.4
1/1/2024,12:30,159.6
1/1/2024,12:45,182.4
1/1/2024,13:00,159.6
1/1/2024,13:15,159.6
1/1/2024,13:30,170.4
1/1/2024,13:45,168
1/1/2024,14:00,159.6
1/1/2024,14:15,159.6
1/1/2024,14:30,170.4
1/1/2024,14:45,160.8
1/1/2024,15:00,163.2
1/1/2024,15:15,170.4
1/1/2024,15:30,163.2
1/1/2024,15:45,158.4
1/1/2024,16:00,158.4
1/1/2024,16:15,166.8
1/1/2024,16:30,174
1/1/2024,16:45,174
1/1/2024,17:00,169.2
1/1/2024,17:15,168
1/1/2024,17:30,166.8
1/1/2024,17:45,190.8
1/1/2024,18:00,194.4
1/1/2024,18:15,188.4
1/1/2024,18:30,186
1/1/2024,18:45,194.4
1/1/2024,19:00,194.4
1/1/2024,19:15,189.6
1/1/2024,19:30,189.6
1/1/2024,19:45,199.2
1/1/2024,20:00,190.8
1/1/2024,20:15,192
1/1/2024,20:30,199.2
1/1/2024,20:45,190.8
1/1/2024,21:00,194.4
1/1/2024,21:15,192
1/1/2024,21:30,201.6
1/1/2024,21:45,192
1/1/2024,22:00,190.8
1/1/2024,22:15,198
1/1/2024,22:30,190.8
1/1/2024,22:45,190.8
1/1/2024,23:00,189.6
1/1/2024,23:15,199.2
1/1/2024,23:30,190.8
1/1/2024,23:45,190.8
1/2/2024,0:00,200.4
1/2/2024,0:15,192
1/2/2024,0:30,193.2
1/2/2024,0:45,193.2
1/2/2024,1:00,198
1/2/2024,1:15,194.4
1/2/2024,1:30,190.8
1/2/2024,1:45,214.8
1/2/2024,2:00,207.6
1/2/2024,2:15,206.4
1/2/2024,2:30,216
1/2/2024,2:45,202.8
1/2/2024,3:00,195.6
1/2/2024,3:15,193.2
1/2/2024,3:30,192
1/2/2024,3:45,199.2
1/2/2024,4:00,193.2
1/2/2024,4:15,190.8
1/2/2024,4:30,201.6
1/2/2024,4:45,190.8
1/2/2024,5:00,192
1/2/2024,5:15,199.2
1/2/2024,5:30,210
1/2/2024,5:45,205.2
1/2/2024,6:00,204
1/2/2024,6:15,199.2
1/2/2024,6:30,195.6
1/2/2024,6:45,198
1/2/2024,7:00,364.8
1/2/2024,7:15,616.8
1/2/2024,7:30,423.6
1/2/2024,7:45,752.4
1/2/2024,8:00,1366.8
1/2/2024,8:15,1306.8
1/2/2024,8:30,1130.4
1/2/2024,8:45,952.8
1/2/2024,9:00,907.2
1/2/2024,9:15,1458
1/2/2024,9:30,1452
1/2/2024,9:45,1400.4
1/2/2024,10:00,1316.4
1/2/2024,10:15,1272
1/2/2024,10:30,1291.2
1/2/2024,10:45,1245.6
1/2/2024,11:00,452.4
1/2/2024,11:15,340.8
1/2/2024,11:30,297.6
1/2/2024,11:45,901.2
1/2/2024,12:00,934.8
1/2/2024,12:15,1172.4
1/2/2024,12:30,1431.6
1/2/2024,12:45,1194
1/2/2024,13:00,1336.8
1/2/2024,13:15,1140
1/2/2024,13:30,1354.8
1/2/2024,13:45,1204.8
1/2/2024,14:00,1452
1/2/2024,14:15,1550.4
1/2/2024,14:30,1378.8
1/2/2024,14:45,1528.8
1/2/2024,15:00,1360.8
1/2/2024,15:15,1708.8
1/2/2024,15:30,1666.8
1/2/2024,15:45,1500
1/2/2024,16:00,1702.8
1/2/2024,16:15,1626
1/2/2024,16:30,2046
1/2/2024,16:45,1219.2
1/2/2024,17:00,1438.8
1/2/2024,17:15,1345.2
1/2/2024,17:30,1407.6
1/2/2024,17:45,1447.2
1/2/2024,18:00,456
1/2/2024,18:15,354
1/2/2024,18:30,322.8
1/2/2024,18:45,307.2
1/2/2024,19:00,308.4
1/2/2024,19:15,316.8
1/2/2024,19:30,500.4
1/2/2024,19:45,742.8
1/2/2024,20:00,934.8
1/2/2024,20:15,964.8
1/2/2024,20:30,1206
1/2/2024,20:45,1395.6
1/2/2024,21:00,1738.8
1/2/2024,21:15,1953.6
1/2/2024,21:30,2025.6
1/2/2024,21:45,2187.6
1/2/2024,22:00,2643.6
1/2/2024,22:15,2202
1/2/2024,22:30,2696.4
1/2/2024,22:45,3286.8
1/2/2024,23:00,3208.8
1/2/2024,23:15,3289.2
1/2/2024,23:30,2397.6
1/2/2024,23:45,2391.6
1/3/2024,0:00,2416.8
1/3/2024,0:15,3284.4
1/3/2024,0:30,3297.6
1/3/2024,0:45,3337.2
1/3/2024,1:00,3258
1/3/2024,1:15,2359.2
1/3/2024,1:30,3262.8
1/3/2024,1:45,3259.2
1/3/2024,2:00,3462
1/3/2024,2:15,3436.8
1/3/2024,2:30,3309.6
1/3/2024,2:45,3313.2
1/3/2024,3:00,2721.6
1/3/2024,3:15,2127.6
1/3/2024,3:30,2121.6
1/3/2024,3:45,2072.4
1/3/2024,4:00,2106
1/3/2024,4:15,2074.8
1/3/2024,4:30,3218.4
1/3/2024,4:45,3271.2
1/3/2024,5:00,3279.6
1/3/2024,5:15,3298.8
1/3/2024,5:30,2409.6
1/3/2024,5:45,3304.8
1/3/2024,6:00,3309.6
1/3/2024,6:15,3385.2
1/3/2024,6:30,3363.6
1/3/2024,6:45,3309.6
1/3/2024,7:00,3298.8
1/3/2024,7:15,3656.4
1/3/2024,7:30,3638.4
1/3/2024,7:45,3788.4
1/3/2024,8:00,4162.8
1/3/2024,8:15,4540.8
1/3/2024,8:30,4375.2
1/3/2024,8:45,4411.2
1/3/2024,9:00,4464
1/3/2024,9:15,4246.8
1/3/2024,9:30,3482.4
1/3/2024,9:45,4395.6
1/3/2024,10:00,4544.4
1/3/2024,10:15,4281.6
1/3/2024,10:30,4339.2
1/3/2024,10:45,4572
1/3/2024,11:00,3374.4
1/3/2024,11:15,2619.6
1/3/2024,11:30,2542.8
1/3/2024,11:45,3476.4
1/3/2024,12:00,3945.6
1/3/2024,12:15,4038
1/3/2024,12:30,4545.6
1/3/2024,12:45,4336.8
1/3/2024,13:00,3802.8
1/3/2024,13:15,4239.6
1/3/2024,13:30,4340.4
1/3/2024,13:45,4329.6
1/3/2024,14:00,4322.4
1/3/2024,14:15,4546.8
1/3/2024,14:30,4332
1/3/2024,14:45,3656.4
1/3/2024,15:00,4280.4
1/3/2024,15:15,4501.2
1/3/2024,15:30,3566.4
1/3/2024,15:45,4404
1/3/2024,16:00,3984
1/3/2024,16:15,3422.4
1/3/2024,16:30,4563.6
1/3/2024,16:45,4537.2
1/3/2024,17:00,4183.2
1/3/2024,17:15,4353.6
1/3/2024,17:30,3259.2
1/3/2024,17:45,3123.6
1/3/2024,18:00,2817.6
1/3/2024,18:15,2364
1/3/2024,18:30,2648.4
1/3/2024,18:45,3418.8
1/3/2024,19:00,3373.2
1/3/2024,19:15,3364.8
1/3/2024,19:30,3319.2
1/3/2024,19:45,3270
1/3/2024,20:00,2979.6
1/3/2024,20:15,3362.4
1/3/2024,20:30,3385.2
1/3/2024,20:45,2440.8
1/3/2024,21:00,2946
1/3/2024,21:15,3350.4
1/3/2024,21:30,3488.4
1/3/2024,21:45,2496
1/3/2024,22:00,2558.4
1/3/2024,22:15,3428.4
1/3/2024,22:30,3453.6
1/3/2024,22:45,2554.8
1/3/2024,23:00,3444
1/3/2024,23:15,3343.2
1/3/2024,23:30,2538
1/3/2024,23:45,2510.4
1/4/2024,0:00,3422.4
1/4/2024,0:15,3435.6
1/4/2024,0:30,#VALUE!
1/4/2024,0:45,#VALUE!
1/4/2024,1:00,3372
1/4/2024,1:15,3373.2
1/4/2024,1:30,3484.8
1/4/2024,1:45,3472.8
1/4/2024,2:00,2487.6
1/4/2024,2:15,3459.6
1/4/2024,2:30,3424.8
1/4/2024,2:45,2485.2
1/4/2024,3:00,3393.6
1/4/2024,3:15,3375.6
1/4/2024,3:30,3387.6
1/4/2024,3:45,2496
1/4/2024,4:00,3358.8
1/4/2024,4:15,2554.8
1/4/2024,4:30,2570.4
1/4/2024,4:45,3418.8
1/4/2024,5:00,3452.4
1/4/2024,5:15,2545.2
1/4/2024,5:30,3430.8
1/4/2024,5:45,2499.6
1/4/2024,6:00,2576.4
1/4/2024,6:15,3375.6
1/4/2024,6:30,3351.6
1/4/2024,6:45,3529.2
1/4/2024,7:00,3439.2
1/4/2024,7:15,2769.6
1/4/2024,7:30,3836.4
1/4/2024,7:45,4022.4
1/4/2024,8:00,3842.4
1/4/2024,8:15,3975.6
1/4/2024,8:30,4347.6
1/4/2024,8:45,4269.6
1/4/2024,9:00,3526.8
1/4/2024,9:15,4332
1/4/2024,9:30,4568.4
1/4/2024,9:45,4292.4
1/4/2024,10:00,4498.8
1/4/2024,10:15,4292.4
1/4/2024,10:30,4396.8
1/4/2024,10:45,4388.4
1/4/2024,11:00,3868.8
1/4/2024,11:15,3700.8
1/4/2024,11:30,3597.6
1/4/2024,11:45,2872.8
1/4/2024,12:00,4030.8
1/4/2024,12:15,4027.2
1/4/2024,12:30,4203.6
1/4/2024,12:45,4074
1/4/2024,13:00,4004.4
1/4/2024,13:15,3064.8
1/4/2024,13:30,4059.6
1/4/2024,13:45,3696
1/4/2024,14:00,3750
1/4/2024,14:15,3979.2
1/4/2024,14:30,3942
1/4/2024,14:45,3837.6
1/4/2024,15:00,3949.2
1/4/2024,15:15,3952.8
1/4/2024,15:30,3414
1/4/2024,15:45,2802
1/4/2024,16:00,4003.2
1/4/2024,16:15,3144
1/4/2024,16:30,3897.6
1/4/2024,16:45,3100.8
1/4/2024,17:00,3975.6
1/4/2024,17:15,4158
1/4/2024,17:30,3316.8
1/4/2024,17:45,2569.2
1/4/2024,18:00,3504
1/4/2024,18:15,3510
1/4/2024,18:30,2456.4
1/4/2024,18:45,3477.6
1/4/2024,19:00,3465.6
1/4/2024,19:15,3387.6
1/4/2024,19:30,2574
1/4/2024,19:45,2475.6
1/4/2024,20:00,3426
1/4/2024,20:15,3484.8
1/4/2024,20:30,2608.8
1/4/2024,20:45,3433.2
1/4/2024,21:00,3494.4
1/4/2024,21:15,3398.4
1/4/2024,21:30,3462
1/4/2024,21:45,2631.6
1/4/2024,22:00,3422.4
1/4/2024,22:15,2604
1/4/2024,22:30,3480
1/4/2024,22:45,3480
1/4/2024,23:00,#VALUE!
1/4/2024,23:15,#VALUE!
1/4/2024,23:30,3481.2
1/4/2024,23:45,3121.2
1/5/2024,0:00,3543.6
1/5/2024,0:15,3409.2
1/5/2024,0:30,3398.4
1/5/2024,0:45,3578.4
1/5/2024,1:00,3506.4
1/5/2024,1:15,3400.8
1/5/2024,1:30,3474
1/5/2024,1:45,3504
1/5/2024,2:00,#VALUE!
1/5/2024,2:15,3446.4
1/5/2024,2:30,3375.6
1/5/2024,2:45,3367.2
1/5/2024,3:00,3444
1/5/2024,3:15,3409.2
1/5/2024,3:30,3466.8
1/5/2024,3:45,3513.6
1/5/2024,4:00,3435.6
1/5/2024,4:15,3438
1/5/2024,4:30,3477.6
1/5/2024,4:45,3422.4
1/5/2024,5:00,3344.4
1/5/2024,5:15,3486
1/5/2024,5:30,3469.2
1/5/2024,5:45,3480
1/5/2024,6:00,2977.2
1/5/2024,6:15,3414
1/5/2024,6:30,3474
1/5/2024,6:45,3420
1/5/2024,7:00,3458.4
1/5/2024,7:15,3513.6
1/5/2024,7:30,3892.8
1/5/2024,7:45,3352.8
1/5/2024,8:00,4053.6
1/5/2024,8:15,3559.2
1/5/2024,8:30,4372.8
1/5/2024,8:45,3820.8
1/5/2024,9:00,4552.8
1/5/2024,9:15,4422
1/5/2024,9:30,4204.8
1/5/2024,9:45,4394.4
1/5/2024,10:00,4324.8
1/5/2024,10:15,3534
1/5/2024,10:30,4698
1/5/2024,10:45,4252.8
1/5/2024,11:00,3342
1/5/2024,11:15,3687.6
1/5/2024,11:30,2782.8
1/5/2024,11:45,2792.4
1/5/2024,12:00,4352.4
1/5/2024,12:15,4538.4
1/5/2024,12:30,4466.4
1/5/2024,12:45,4645.2
1/5/2024,13:00,4500
1/5/2024,13:15,4744.8
1/5/2024,13:30,4538.4
1/5/2024,13:45,4177.2
1/5/2024,14:00,4518
1/5/2024,14:15,4578
1/5/2024,14:30,3684
1/5/2024,14:45,4406.4
1/5/2024,15:00,3586.8
1/5/2024,15:15,4357.2
1/5/2024,15:30,4164
1/5/2024,15:45,4786.8
1/5/2024,16:00,4264.8
1/5/2024,16:15,3547.2
1/5/2024,16:30,3592.8
1/5/2024,16:45,4608
1/5/2024,17:00,4371.6
1/5/2024,17:15,4192.8
1/5/2024,17:30,3312
1/5/2024,17:45,3739.2
1/5/2024,18:00,3008.4
1/5/2024,18:15,3567.6
1/5/2024,18:30,3541.2
1/5/2024,18:45,3454.8
1/5/2024,19:00,3544.8
1/5/2024,19:15,2528.4
1/5/2024,19:30,2923.2
1/5/2024,19:45,3441.6
1/5/2024,20:00,2977.2
1/5/2024,20:15,3487.2
1/5/2024,20:30,3505.2
1/5/2024,20:45,3452.4
1/5/2024,21:00,3374.4
1/5/2024,21:15,2504.4
1/5/2024,21:30,3496.8
1/5/2024,21:45,3390
1/5/2024,22:00,3405.6
1/5/2024,22:15,2439.6
1/5/2024,22:30,2370
1/5/2024,22:45,2262
1/5/2024,23:00,2222.4
1/5/2024,23:15,2197.2
1/5/2024,23:30,2216.4
1/5/2024,23:45,#VALUE!
1/6/2024,0:00,#VALUE!
1/6/2024,0:15,3392.4
1/6/2024,0:30,2576.4
1/6/2024,0:45,3379.2
1/6/2024,1:00,3405.6
1/6/2024,1:15,3501.6
1/6/2024,1:30,3456
1/6/2024,1:45,3465.6
1/6/2024,2:00,2539.2
1/6/2024,2:15,#VALUE!
1/6/2024,2:30,3466.8
1/6/2024,2:45,2461.2
1/6/2024,3:00,2504.4
1/6/2024,3:15,3382.8
1/6/2024,3:30,2485.2
1/6/2024,3:45,3402
1/6/2024,4:00,3380.4
1/6/2024,4:15,3466.8
1/6/2024,4:30,2510.4
1/6/2024,4:45,3405.6
1/6/2024,5:00,2960.4
1/6/2024,5:15,3510
1/6/2024,5:30,3427.2
1/6/2024,5:45,2600.4
1/6/2024,6:00,3380.4
1/6/2024,6:15,2581.2
1/6/2024,6:30,3402
1/6/2024,6:45,2565.6
1/6/2024,7:00,3410.4
1/6/2024,7:15,3735.6
1/6/2024,7:30,3950.4
1/6/2024,7:45,3355.2
1/6/2024,8:00,4263.6
1/6/2024,8:15,4224
1/6/2024,8:30,3728.4
1/6/2024,8:45,4290
1/6/2024,9:00,3927.6
1/6/2024,9:15,3690
1/6/2024,9:30,4035.6
1/6/2024,9:45,4188
1/6/2024,10:00,4101.6
1/6/2024,10:15,3756
1/6/2024,10:30,4056
1/6/2024,10:45,4222.8
1/6/2024,11:00,3170.4
1/6/2024,11:15,3602.4
1/6/2024,11:30,3170.4
1/6/2024,11:45,2624.4
1/6/2024,12:00,4202.4
1/6/2024,12:15,4119.6
1/6/2024,12:30,3608.4
1/6/2024,12:45,4094.4
1/6/2024,13:00,2900.4
1/6/2024,13:15,2953.2
1/6/2024,13:30,#VALUE!
1/6/2024,13:45,3624
1/6/2024,14:00,3159.6
1/6/2024,14:15,4162.8
1/6/2024,14:30,3682.8
1/6/2024,14:45,4090.8
1/6/2024,15:00,3986.4
1/6/2024,15:15,4044
1/6/2024,15:30,4116
1/6/2024,15:45,3998.4
1/6/2024,16:00,4000.8
1/6/2024,16:15,2918.4
1/6/2024,16:30,4102.8
1/6/2024,16:45,3369.6
1/6/2024,17:00,4051.2
1/6/2024,17:15,3116.4
1/6/2024,17:30,3548.4
1/6/2024,17:45,3680.4
1/6/2024,18:00,2742
1/6/2024,18:15,3556.8
1/6/2024,18:30,3604.8
1/6/2024,18:45,3576
1/6/2024,19:00,3604.8
1/6/2024,19:15,3543.6
1/6/2024,19:30,2667.6
1/6/2024,19:45,3138
1/6/2024,20:00,3616.8
1/6/2024,20:15,3529.2
1/6/2024,20:30,3616.8
1/6/2024,20:45,2660.4
1/6/2024,21:00,3501.6
1/6/2024,21:15,3615.6
1/6/2024,21:30,3621.6
1/6/2024,21:45,3640.8
1/6/2024,22:00,3658.8
1/6/2024,22:15,2683.2
1/6/2024,22:30,3601.2
1/6/2024,22:45,2798.4
1/6/2024,23:00,3579.6
1/6/2024,23:15,3489.6
1/6/2024,23:30,3668.4
1/6/2024,23:45,3657.6
1/7/2024,0:00,3645.6
1/7/2024,0:15,3672
1/7/2024,0:30,2782.8
1/7/2024,0:45,3648
1/7/2024,1:00,3664.8
1/7/2024,1:15,3595.2
1/7/2024,1:30,2434.8
1/7/2024,1:45,2552.4
1/7/2024,2:00,3675.6
1/7/2024,2:15,3148.8
1/7/2024,2:30,3576
1/7/2024,2:45,2632.8
1/7/2024,3:00,2622
1/7/2024,3:15,3559.2
1/7/2024,3:30,2606.4
1/7/2024,3:45,3585.6
1/7/2024,4:00,3652.8
1/7/2024,4:15,2581.2
1/7/2024,4:30,3559.2
1/7/2024,4:45,2716.8
1/7/2024,5:00,3540
1/7/2024,5:15,3627.6
1/7/2024,5:30,2592
1/7/2024,5:45,3540
1/7/2024,6:00,3505.2
1/7/2024,6:15,3068.4
1/7/2024,6:30,3534
1/7/2024,6:45,2782.8
1/7/2024,7:00,3096
1/7/2024,7:15,3642
1/7/2024,7:30,4182
1/7/2024,7:45,4431.6
1/7/2024,8:00,3572.4
1/7/2024,8:15,4567.2
1/7/2024,8:30,4696.8
1/7/2024,8:45,4540.8
1/7/2024,9:00,4782
1/7/2024,9:15,3981.6
1/7/2024,9:30,3829.2
1/7/2024,9:45,4434
1/7/2024,10:00,4519.2
1/7/2024,10:15,4464
1/7/2024,10:30,4414.8
1/7/2024,10:45,4465.2
1/7/2024,11:00,4009.2
1/7/2024,11:15,3693.6
1/7/2024,11:30,3708
1/7/2024,11:45,4086
1/7/2024,12:00,4143.6
1/7/2024,12:15,4392
1/7/2024,12:30,3619.2
1/7/2024,12:45,4345.2
1/7/2024,13:00,4666.8
1/7/2024,13:15,4268.4
1/7/2024,13:30,4642.8
1/7/2024,13:45,4663.2
1/7/2024,14:00,4492.8
1/7/2024,14:15,4676.4
1/7/2024,14:30,2488.8
1/7/2024,14:45,3567.6
1/7/2024,15:00,3210
1/7/2024,15:15,2568
1/7/2024,15:30,1501.2
1/7/2024,15:45,1620
1/7/2024,16:00,1780.8
1/7/2024,16:15,1712.4
1/7/2024,16:30,1772.4
1/7/2024,16:45,1647.6
1/7/2024,17:00,1636.8
1/7/2024,17:15,1688.4
1/7/2024,17:30,1220.4
1/7/2024,17:45,1168.8
1/7/2024,18:00,649.2
1/7/2024,18:15,529.2
1/7/2024,18:30,409.2
1/7/2024,18:45,414
1/7/2024,19:00,418.8
1/7/2024,19:15,427.2
1/7/2024,19:30,#VALUE!
1/7/2024,19:45,#VALUE!
1/7/2024,20:00,434.4
1/7/2024,20:15,423.6
1/7/2024,20:30,434.4
1/7/2024,20:45,428.4
1/7/2024,21:00,417.6
1/7/2024,21:15,421.2
1/7/2024,21:30,429.6
1/7/2024,21:45,429.6
1/7/2024,22:00,414
1/7/2024,22:15,433.2
1/7/2024,22:30,428.4
1/7/2024,22:45,440.4
1/7/2024,23:00,428.4
1/7/2024,23:15,417.6
1/7/2024,23:30,422.4
1/7/2024,23:45,429.6
1/8/2024,0:00,418.8
1/8/2024,0:15,417.6
1/8/2024,0:30,441.6
1/8/2024,0:45,409.2
1/8/2024,1:00,436.8
1/8/2024,1:15,420
1/8/2024,1:30,432
1/8/2024,1:45,470.4
1/8/2024,2:00,439.2
1/8/2024,2:15,427.2
1/8/2024,2:30,420
1/8/2024,2:45,426
1/8/2024,3:00,438
1/8/2024,3:15,441.6
1/8/2024,3:30,436.8
1/8/2024,3:45,420
1/8/2024,4:00,424.8
1/8/2024,4:15,424.8
1/8/2024,4:30,430.8
1/8/2024,4:45,418.8
1/8/2024,5:00,420
1/8/2024,5:15,422.4
1/8/2024,5:30,418.8
1/8/2024,5:45,426
1/8/2024,6:00,444
1/8/2024,6:15,424.8
1/8/2024,6:30,420
1/8/2024,6:45,430.8
1/8/2024,7:00,442.8
1/8/2024,7:15,682.8
1/8/2024,7:30,866.4
1/8/2024,7:45,1392
1/8/2024,8:00,1599.6
1/8/2024,8:15,1489.2
1/8/2024,8:30,1179.6
1/8/2024,8:45,1490.4
1/8/2024,9:00,1268.4
1/8/2024,9:15,1664.4
1/8/2024,9:30,1346.4
1/8/2024,9:45,1366.8
1/8/2024,10:00,1429.2
1/8/2024,10:15,1602
1/8/2024,10:30,1220.4
1/8/2024,10:45,1153.2
1/8/2024,11:00,1314
1/8/2024,11:15,832.8
1/8/2024,11:30,574.8
1/8/2024,11:45,806.4
1/8/2024,12:00,852
1/8/2024,12:15,1292.4
1/8/2024,12:30,1368
1/8/2024,12:45,1479.6
1/8/2024,13:00,1515.6
1/8/2024,13:15,1383.6
1/8/2024,13:30,1150.8
1/8/2024,13:45,1164
1/8/2024,14:00,1316.4
1/8/2024,14:15,1310.4
1/8/2024,14:30,1540.8
1/8/2024,14:45,1231.2
1/8/2024,15:00,1588.8
1/8/2024,15:15,1602
1/8/2024,15:30,1300.8
1/8/2024,15:45,1389.6
1/8/2024,16:00,1446
1/8/2024,16:15,1162.8
1/8/2024,16:30,1548
1/8/2024,16:45,1328.4
1/8/2024,17:00,1171.2
1/8/2024,17:15,918
1/8/2024,17:30,1608
1/8/2024,17:45,902.4
1/8/2024,18:00,494.4
1/8/2024,18:15,447.6
1/8/2024,18:30,448.8
1/8/2024,18:45,411.6
1/8/2024,19:00,370.8
1/8/2024,19:15,380.4
1/8/2024,19:30,381.6
1/8/2024,19:45,320.4
1/8/2024,20:00,400.8
1/8/2024,20:15,404.4
1/8/2024,20:30,376.8
1/8/2024,20:45,366
1/8/2024,21:00,321.6
1/8/2024,21:15,409.2
1/8/2024,21:30,#VALUE!
1/8/2024,21:45,#VALUE!
1/8/2024,22:00,474
1/8/2024,22:15,462
1/8/2024,22:30,434.4
1/8/2024,22:45,375.6
1/8/2024,23:00,405.6
1/8/2024,23:15,416.4
1/8/2024,23:30,457.2
1/8/2024,23:45,450
1/9/2024,0:00,444
1/9/2024,0:15,456
1/9/2024,0:30,444
1/9/2024,0:45,402
1/9/2024,1:00,444
1/9/2024,1:15,426
1/9/2024,1:30,436.8
1/9/2024,1:45,486
1/9/2024,2:00,448.8
1/9/2024,2:15,472.8
1/9/2024,2:30,466.8
1/9/2024,2:45,469.2
1/9/2024,3:00,421.2
1/9/2024,3:15,451.2
1/9/2024,3:30,462
1/9/2024,3:45,447.6
1/9/2024,4:00,432
1/9/2024,4:15,438
1/9/2024,4:30,416.4
1/9/2024,4:45,410.4
1/9/2024,5:00,411.6
1/9/2024,5:15,428.4
1/9/2024,5:30,415.2
1/9/2024,5:45,408
1/9/2024,6:00,387.6
1/9/2024,6:15,400.8
1/9/2024,6:30,400.8
1/9/2024,6:45,420
1/9/2024,7:00,414
1/9/2024,7:15,684
1/9/2024,7:30,817.2
1/9/2024,7:45,1363.2
1/9/2024,8:00,1534.8
1/9/2024,8:15,1528.8
1/9/2024,8:30,1761.6
1/9/2024,8:45,1716
1/9/2024,9:00,1603.2
1/9/2024,9:15,1740
1/9/2024,9:30,1712.4
1/9/2024,9:45,1638
1/9/2024,10:00,1598.4
1/9/2024,10:15,1600.8
1/9/2024,10:30,1328.4
1/9/2024,10:45,1675.2
1/9/2024,11:00,1171.2
1/9/2024,11:15,895.2
1/9/2024,11:30,618
1/9/2024,11:45,1068
1/9/2024,12:00,1110
1/9/2024,12:15,1492.8
1/9/2024,12:30,1268.4
1/9/2024,12:45,1555.2
1/9/2024,13:00,1741.2
1/9/2024,13:15,1748.4
1/9/2024,13:30,1405.2
1/9/2024,13:45,1468.8
1/9/2024,14:00,1486.8
1/9/2024,14:15,1521.6
1/9/2024,14:30,1635.6
1/9/2024,14:45,1306.8
1/9/2024,15:00,1647.6
1/9/2024,15:15,1600.8
1/9/2024,15:30,1189.2
1/9/2024,15:45,1417.2
1/9/2024,16:00,1472.4
1/9/2024,16:15,1677.6
1/9/2024,16:30,1861.2
1/9/2024,16:45,1366.8
1/9/2024,17:00,1624.8
1/9/2024,17:15,1149.6
1/9/2024,17:30,1581.6
1/9/2024,17:45,1150.8
1/9/2024,18:00,1083.6
1/9/2024,18:15,607.2
1/9/2024,18:30,433.2
1/9/2024,18:45,418.8
1/9/2024,19:00,448.8
1/9/2024,19:15,441.6
1/9/2024,19:30,465.6
1/9/2024,19:45,446.4
1/9/2024,20:00,445.2
1/9/2024,20:15,#VALUE!
1/9/2024,20:30,#VALUE!
1/9/2024,20:45,#VALUE!
1/9/2024,21:00,445.2
1/9/2024,21:15,438
1/9/2024,21:30,446.4
1/9/2024,21:45,432
1/9/2024,22:00,450
1/9/2024,22:15,440.4
1/9/2024,22:30,440.4
1/9/2024,22:45,439.2
1/9/2024,23:00,481.2
1/9/2024,23:15,446.4
1/9/2024,23:30,442.8
1/9/2024,23:45,463.2
1/10/2024,0:00,447.6
1/10/2024,0:15,436.8
1/10/2024,0:30,319.2
1/10/2024,0:45,315.6
1/10/2024,1:00,430.8
1/10/2024,1:15,384
1/10/2024,1:30,453.6
1/10/2024,1:45,441.6
1/10/2024,2:00,428.4
1/10/2024,2:15,438
1/10/2024,2:30,436.8
1/10/2024,2:45,451.2
1/10/2024,3:00,436.8
1/10/2024,3:15,414
1/10/2024,3:30,462
1/10/2024,3:45,434.4
1/10/2024,4:00,435.6
1/10/2024,4:15,445.2
1/10/2024,4:30,441.6
1/10/2024,4:45,446.4
1/10/2024,5:00,470.4
1/10/2024,5:15,658.8
1/10/2024,5:30,948
1/10/2024,5:45,1050
1/10/2024,6:00,1237.2
1/10/2024,6:15,1435.2
1/10/2024,6:30,1689.6
1/10/2024,6:45,1962
1/10/2024,7:00,2198.4
1/10/2024,7:15,2620.8
1/10/2024,7:30,3213.6
1/10/2024,7:45,3501.6
1/10/2024,8:00,3686.4
1/10/2024,8:15,3765.6
1/10/2024,8:30,4291.2
1/10/2024,8:45,4641.6
1/10/2024,9:00,4507.2
1/10/2024,9:15,4684.8
1/10/2024,9:30,4731.6
1/10/2024,9:45,4815.6
1/10/2024,10:00,4278
1/10/2024,10:15,4466.4
1/10/2024,10:30,4694.4
1/10/2024,10:45,4182
1/10/2024,11:00,4449.6
1/10/2024,11:15,3895.2
1/10/2024,11:30,3530.4
1/10/2024,11:45,3906
1/10/2024,12:00,4098
1/10/2024,12:15,3520.8
1/10/2024,12:30,4328.4
1/10/2024,12:45,4497.6
1/10/2024,13:00,4257.6
1/10/2024,13:15,4659.6
1/10/2024,13:30,4462.8
1/10/2024,13:45,4729.2
1/10/2024,14:00,4364.4
1/10/2024,14:15,4694.4
1/10/2024,14:30,4614
1/10/2024,14:45,4315.2
1/10/2024,15:00,4330.8
1/10/2024,15:15,4549.2
1/10/2024,15:30,4534.8
1/10/2024,15:45,4720.8
1/10/2024,16:00,4359.6
1/10/2024,16:15,4626
1/10/2024,16:30,4273.2
1/10/2024,16:45,4468.8
1/10/2024,17:00,4556.4
1/10/2024,17:15,4492.8
1/10/2024,17:30,4123.2
1/10/2024,17:45,4144.8
1/10/2024,18:00,4160.4
1/10/2024,18:15,3675.6
1/10/2024,18:30,3561.6
1/10/2024,18:45,3531.6
1/10/2024,19:00,3463.2
1/10/2024,19:15,3589.2
1/10/2024,19:30,3439.2
1/10/2024,19:45,3439.2
1/10/2024,20:00,3576
1/10/2024,20:15,3429.6
1/10/2024,20:30,3514.8
1/10/2024,20:45,3560.4
1/10/2024,21:00,3496.8
1/10/2024,21:15,3435.6
1/10/2024,21:30,3500.4
1/10/2024,21:45,3435.6
1/10/2024,22:00,3610.8
1/10/2024,22:15,3486
1/10/2024,22:30,3490.8
1/10/2024,22:45,3710.4
1/10/2024,23:00,3361.2
1/10/2024,23:15,3530.4
1/10/2024,23:30,3480
1/10/2024,23:45,3525.6
1/11/2024,0:00,3536.4
1/11/2024,0:15,3651.6
1/11/2024,0:30,3603.6
1/11/2024,0:45,2622
1/11/2024,1:00,3556.8
1/11/2024,1:15,3572.4
1/11/2024,1:30,3520.8
1/11/2024,1:45,3478.8
1/11/2024,2:00,3525.6
1/11/2024,2:15,3470.4
1/11/2024,2:30,3554.4
1/11/2024,2:45,2650.8
1/11/2024,3:00,3622.8
1/11/2024,3:15,3124.8
1/11/2024,3:30,3531.6
1/11/2024,3:45,3109.2
1/11/2024,4:00,3050.4
1/11/2024,4:15,3538.8
1/11/2024,4:30,2682
1/11/2024,4:45,3524.4
1/11/2024,5:00,3536.4
1/11/2024,5:15,3598.8
1/11/2024,5:30,3555.6
1/11/2024,5:45,3552
1/11/2024,6:00,3525.6
1/11/2024,6:15,2688
1/11/2024,6:30,3520.8
1/11/2024,6:45,3506.4
1/11/2024,7:00,2462.4
1/11/2024,7:15,2679.6
1/11/2024,7:30,3888
1/11/2024,7:45,4210.8
1/11/2024,8:00,4246.8
1/11/2024,8:15,4513.2
1/11/2024,8:30,4587.6
1/11/2024,8:45,4790.4
1/11/2024,9:00,4903.2
1/11/2024,9:15,4389.6
1/11/2024,9:30,4083.6
1/11/2024,9:45,4726.8
1/11/2024,10:00,4609.2
1/11/2024,10:15,4776
1/11/2024,10:30,3663.6
1/11/2024,10:45,4353.6
1/11/2024,11:00,4174.8
1/11/2024,11:15,3613.2
1/11/2024,11:30,3588
1/11/2024,11:45,3620.4
1/11/2024,12:00,3193.2
1/11/2024,12:15,4162.8
1/11/2024,12:30,3897.6
1/11/2024,12:45,4018.8
1/11/2024,13:00,4362
1/11/2024,13:15,4485.6
1/11/2024,13:30,4474.8
1/11/2024,13:45,3512.4
1/11/2024,14:00,4372.8
1/11/2024,14:15,4471.2
1/11/2024,14:30,4572
1/11/2024,14:45,4299.6
1/11/2024,15:00,4578
1/11/2024,15:15,4695.6
1/11/2024,15:30,4341.6
1/11/2024,15:45,4690.8
1/11/2024,16:00,4512
1/11/2024,16:15,4429.2
1/11/2024,16:30,4440
1/11/2024,16:45,3372
1/11/2024,17:00,4527.6
1/11/2024,17:15,4456.8
1/11/2024,17:30,4346.4
1/11/2024,17:45,4659.6
1/11/2024,18:00,3576
1/11/2024,18:15,3670.8
1/11/2024,18:30,2661.6
1/11/2024,18:45,3450
1/11/2024,19:00,3516
1/11/2024,19:15,3544.8
1/11/2024,19:30,3484.8
1/11/2024,19:45,3502.8
1/11/2024,20:00,3543.6
1/11/2024,20:15,3562.8
1/11/2024,20:30,3092.4
1/11/2024,20:45,3499.2
1/11/2024,21:00,3576
1/11/2024,21:15,3588
1/11/2024,21:30,3484.8
1/11/2024,21:45,3577.2
1/11/2024,22:00,3549.6
1/11/2024,22:15,3597.6
1/11/2024,22:30,3446.4
1/11/2024,22:45,2649.6
1/11/2024,23:00,3499.2
1/11/2024,23:15,3424.8
1/11/2024,23:30,3430.8
1/11/2024,23:45,3531.6
1/12/2024,0:00,2556
1/12/2024,0:15,3477.6
1/12/2024,0:30,3477.6
1/12/2024,0:45,3534
1/12/2024,1:00,3572.4
1/12/2024,1:15,2648.4
1/12/2024,1:30,3488.4
1/12/2024,1:45,3588
1/12/2024,2:00,3456
1/12/2024,2:15,2872.8
1/12/2024,2:30,3538.8
1/12/2024,2:45,3469.2
1/12/2024,3:00,3538.8
1/12/2024,3:15,3492
1/12/2024,3:30,3552
1/12/2024,3:45,3597.6
1/12/2024,4:00,3463.2
1/12/2024,4:15,3518.4
1/12/2024,4:30,3522
1/12/2024,4:45,3475.2
1/12/2024,5:00,2995.2
1/12/2024,5:15,3538.8
1/12/2024,5:30,3519.6
1/12/2024,5:45,3512.4
1/12/2024,6:00,3008.4
1/12/2024,6:15,3463.2
1/12/2024,6:30,3523.2
1/12/2024,6:45,3518.4
1/12/2024,7:00,3559.2
1/12/2024,7:15,3738
1/12/2024,7:30,4154.4
1/12/2024,7:45,4316.4
1/12/2024,8:00,4179.6
1/12/2024,8:15,4508.4
1/12/2024,8:30,4309.2
1/12/2024,8:45,4299.6
1/12/2024,9:00,3708
1/12/2024,9:15,4746
1/12/2024,9:30,3433.2
1/12/2024,9:45,3663.6
1/12/2024,10:00,4654.8
1/12/2024,10:15,4707.6
1/12/2024,10:30,4531.2
1/12/2024,10:45,4527.6
1/12/2024,11:00,4422
1/12/2024,11:15,3878.4
1/12/2024,11:30,2749.2
1/12/2024,11:45,3626.4
1/12/2024,12:00,4179.6
1/12/2024,12:15,3390
1/12/2024,12:30,3363.6
1/12/2024,12:45,4620
1/12/2024,13:00,4308
1/12/2024,13:15,3655.2
1/12/2024,13:30,4482
1/12/2024,13:45,4472.4
1/12/2024,14:00,4674
1/12/2024,14:15,3643.2
1/12/2024,14:30,4617.6
1/12/2024,14:45,4316.4
1/12/2024,15:00,3763.2
1/12/2024,15:15,4647.6
1/12/2024,15:30,4662
1/12/2024,15:45,4617.6
1/12/2024,16:00,4278
1/12/2024,16:15,4300.8
1/12/2024,16:30,4665.6
1/12/2024,16:45,3412.8
1/12/2024,17:00,4207.2
1/12/2024,17:15,3884.4
1/12/2024,17:30,3984
1/12/2024,17:45,4056
1/12/2024,18:00,2724
1/12/2024,18:15,3114
1/12/2024,18:30,3517.2
1/12/2024,18:45,3565.2
1/12/2024,19:00,3570
1/12/2024,19:15,3036
1/12/2024,19:30,3630
1/12/2024,19:45,3536.4
1/12/2024,20:00,3423.6
1/12/2024,20:15,3516
1/12/2024,20:30,2670
1/12/2024,20:45,3540
1/12/2024,21:00,2572.8
1/12/2024,21:15,3531.6
1/12/2024,21:30,2970
1/12/2024,21:45,2395.2
1/12/2024,22:00,3108
1/12/2024,22:15,3472.8
1/12/2024,22:30,3595.2
1/12/2024,22:45,3538.8
1/12/2024,23:00,3588
1/12/2024,23:15,3480
1/12/2024,23:30,3369.6
1/12/2024,23:45,3464.4
1/13/2024,0:00,3552
1/13/2024,0:15,2679.6
1/13/2024,0:30,2660.4
1/13/2024,0:45,3590.4
1/13/2024,1:00,3633.6
1/13/2024,1:15,3573.6
1/13/2024,1:30,3514.8
1/13/2024,1:45,3565.2
1/13/2024,2:00,2634
1/13/2024,2:15,3548.4
1/13/2024,2:30,3549.6
1/13/2024,2:45,3571.2
1/13/2024,3:00,3546
1/13/2024,3:15,3561.6
1/13/2024,3:30,2610
1/13/2024,3:45,3478.8
1/13/2024,4:00,3523.2
1/13/2024,4:15,3519.6
1/13/2024,4:30,2727.6
1/13/2024,4:45,3544.8
1/13/2024,5:00,3481.2
1/13/2024,5:15,3537.6
1/13/2024,5:30,2654.4
1/13/2024,5:45,3570
1/13/2024,6:00,3558
1/13/2024,6:15,3391.2
1/13/2024,6:30,3582
1/13/2024,6:45,3168
1/13/2024,7:00,2649.6
1/13/2024,7:15,3864
1/13/2024,7:30,4087.2
1/13/2024,7:45,4371.6
1/13/2024,8:00,4591.2
1/13/2024,8:15,4164
1/13/2024,8:30,4749.6
1/13/2024,8:45,4419.6
1/13/2024,9:00,4594.8
1/13/2024,9:15,3711.6
1/13/2024,9:30,3694.8
1/13/2024,9:45,4542
1/13/2024,10:00,3538.8
1/13/2024,10:15,4460.4
1/13/2024,10:30,4321.2
1/13/2024,10:45,4699.2
1/13/2024,11:00,3130.8
1/13/2024,11:15,3820.8
1/13/2024,11:30,3676.8
1/13/2024,11:45,4173.6
1/13/2024,12:00,4153.2
1/13/2024,12:15,4460.4
1/13/2024,12:30,3639.6
1/13/2024,12:45,4572
1/13/2024,13:00,4334.4
1/13/2024,13:15,4610.4
1/13/2024,13:30,3906
1/13/2024,13:45,4764
1/13/2024,14:00,4690.8
1/13/2024,14:15,4476
1/13/2024,14:30,4544.4
1/13/2024,14:45,4608
1/13/2024,15:00,3610.8
1/13/2024,15:15,3337.2
1/13/2024,15:30,4069.2
1/13/2024,15:45,4641.6
1/13/2024,16:00,4454.4
1/13/2024,16:15,4498.8
1/13/2024,16:30,4506
1/13/2024,16:45,4633.2
1/13/2024,17:00,3770.4
1/13/2024,17:15,4504.8
1/13/2024,17:30,3640.8
1/13/2024,17:45,3464.4
1/13/2024,18:00,3060
1/13/2024,18:15,3684
1/13/2024,18:30,3537.6
1/13/2024,18:45,3548.4
1/13/2024,19:00,3609.6
1/13/2024,19:15,3516
1/13/2024,19:30,3478.8
1/13/2024,19:45,3544.8
1/13/2024,20:00,2532
1/13/2024,20:15,3091.2
1/13/2024,20:30,3500.4
1/13/2024,20:45,3498
1/13/2024,21:00,2630.4
1/13/2024,21:15,3507.6
1/13/2024,21:30,3541.2
1/13/2024,21:45,3466.8
1/13/2024,22:00,3474
1/13/2024,22:15,670.8
1/13/2024,22:30,661.2
1/13/2024,22:45,691.2
1/13/2024,23:00,644.4
1/13/2024,23:15,620.4
1/13/2024,23:30,639.6
1/13/2024,23:45,624
1/14/2024,0:00,628.8
1/14/2024,0:15,628.8
1/14/2024,0:30,615.6
1/14/2024,0:45,624
1/14/2024,1:00,612
1/14/2024,1:15,616.8
1/14/2024,1:30,601.2
1/14/2024,1:45,618
1/14/2024,2:00,1276.8
1/14/2024,2:15,1749.6
1/14/2024,2:30,2109.6
1/14/2024,2:45,2338.8
1/14/2024,3:00,2336.4
1/14/2024,3:15,2358
1/14/2024,3:30,2774.4
1/14/2024,3:45,2862
1/14/2024,4:00,3367.2
1/14/2024,4:15,3424.8
1/14/2024,4:30,3501.6
1/14/2024,4:45,3422.4
1/14/2024,5:00,3450
1/14/2024,5:15,3470.4
1/14/2024,5:30,3394.8
1/14/2024,5:45,3466.8
1/14/2024,6:00,3442.8
1/14/2024,6:15,2598
1/14/2024,6:30,3523.2
1/14/2024,6:45,3104.4
1/14/2024,7:00,3416.4
1/14/2024,7:15,3291.6
1/14/2024,7:30,4027.2
1/14/2024,7:45,4548
1/14/2024,8:00,4578
1/14/2024,8:15,4658.4
1/14/2024,8:30,4705.2
1/14/2024,8:45,4664.4
1/14/2024,9:00,4594.8
1/14/2024,9:15,4033.2
1/14/2024,9:30,4362
1/14/2024,9:45,4780.8
1/14/2024,10:00,4668
1/14/2024,10:15,4450.8
1/14/2024,10:30,4759.2
1/14/2024,10:45,4148.4
1/14/2024,11:00,4156.8
1/14/2024,11:15,3108
1/14/2024,11:30,3690
1/14/2024,11:45,4200
1/14/2024,12:00,4036.8
1/14/2024,12:15,4531.2
1/14/2024,12:30,4977.6
1/14/2024,12:45,4554
1/14/2024,13:00,4670.4
1/14/2024,13:15,4731.6
1/14/2024,13:30,3664.8
1/14/2024,13:45,4754.4
1/14/2024,14:00,4752
1/14/2024,14:15,4328.4
1/14/2024,14:30,4802.4
1/14/2024,14:45,4590
1/14/2024,15:00,4722
1/14/2024,15:15,3584.4
1/14/2024,15:30,4777.2
1/14/2024,15:45,4441.2
1/14/2024,16:00,4472.4
1/14/2024,16:15,4579.2
1/14/2024,16:30,4281.6
1/14/2024,16:45,4665.6
1/14/2024,17:00,3750
1/14/2024,17:15,3552
1/14/2024,17:30,2826
1/14/2024,17:45,3729.6
1/14/2024,18:00,3739.2
1/14/2024,18:15,3522
1/14/2024,18:30,3645.6
1/14/2024,18:45,3538.8
1/14/2024,19:00,3156
1/14/2024,19:15,3662.4
1/14/2024,19:30,3501.6
1/14/2024,19:45,2696.4
1/14/2024,20:00,3576
1/14/2024,20:15,3618
1/14/2024,20:30,2648.4
1/14/2024,20:45,3583.2
1/14/2024,21:00,3502.8
1/14/2024,21:15,3585.6
1/14/2024,21:30,3513.6
1/14/2024,21:45,3549.6
1/14/2024,22:00,3536.4
1/14/2024,22:15,3552
1/14/2024,22:30,3580.8
1/14/2024,22:45,3507.6
1/14/2024,23:00,3544.8
1/14/2024,23:15,3634.8
1/14/2024,23:30,3550.8
1/14/2024,23:45,3520.8
1/15/2024,0:00,3585.6
1/15/2024,0:15,3655.2
1/15/2024,0:30,3576
1/15/2024,0:45,2660.4
1/15/2024,1:00,3528
1/15/2024,1:15,3487.2
1/15/2024,1:30,3481.2
1/15/2024,1:45,3567.6
1/15/2024,2:00,3649.2
1/15/2024,2:15,3602.4
1/15/2024,2:30,3651.6
1/15/2024,2:45,3577.2
1/15/2024,3:00,3544.8
1/15/2024,3:15,3542.4
1/15/2024,3:30,3534
1/15/2024,3:45,3105.6
1/15/2024,4:00,3518.4
1/15/2024,4:15,3448.8
1/15/2024,4:30,3523.2
1/15/2024,4:45,3529.2
1/15/2024,5:00,3536.4
1/15/2024,5:15,3549.6
1/15/2024,5:30,2710.8
1/15/2024,5:45,3585.6
1/15/2024,6:00,3622.8
1/15/2024,6:15,3601.2
1/15/2024,6:30,3554.4
1/15/2024,6:45,3501.6
1/15/2024,7:00,3531.6
1/15/2024,7:15,3823.2
1/15/2024,7:30,4058.4
1/15/2024,7:45,4729.2
1/15/2024,8:00,4650
1/15/2024,8:15,4394.4
1/15/2024,8:30,4756.8
1/15/2024,8:45,4369.2
1/15/2024,9:00,4542
1/15/2024,9:15,3740.4
1/15/2024,9:30,4195.2
1/15/2024,9:45,4816.8
1/15/2024,10:00,3879.6
1/15/2024,10:15,4291.2
1/15/2024,10:30,3804
1/15/2024,10:45,4610.4
1/15/2024,11:00,4130.4
1/15/2024,11:15,4113.6
1/15/2024,11:30,3766.8
1/15/2024,11:45,3738
1/15/2024,12:00,4232.4
1/15/2024,12:15,4374
1/15/2024,12:30,3732
1/15/2024,12:45,4695.6
1/15/2024,13:00,4657.2
1/15/2024,13:15,4425.6
1/15/2024,13:30,4909.2
1/15/2024,13:45,4939.2
1/15/2024,14:00,4521.6
1/15/2024,14:15,4729.2
1/15/2024,14:30,4929.6
1/15/2024,14:45,4630.8
1/15/2024,15:00,3522
1/15/2024,15:15,3828
1/15/2024,15:30,4758
1/15/2024,15:45,4816.8
1/15/2024,16:00,4671.6
1/15/2024,16:15,4664.4
1/15/2024,16:30,4310.4
1/15/2024,16:45,4380
1/15/2024,17:00,4232.4
1/15/2024,17:15,4386
1/15/2024,17:30,3784.8
1/15/2024,17:45,4483.2
1/15/2024,18:00,4377.6
1/15/2024,18:15,3823.2
1/15/2024,18:30,3615.6
1/15/2024,18:45,3600
1/15/2024,19:00,3554.4
1/15/2024,19:15,#VALUE!
1/15/2024,19:30,#VALUE!
1/15/2024,19:45,3524.4
1/15/2024,20:00,3598.8
1/15/2024,20:15,3530.4
1/15/2024,20:30,3642
1/15/2024,20:45,3535.2
1/15/2024,21:00,3606
1/15/2024,21:15,3524.4
1/15/2024,21:30,3626.4
1/15/2024,21:45,3590.4
1/15/2024,22:00,3559.2
1/15/2024,22:15,3573.6
1/15/2024,22:30,3624
1/15/2024,22:45,3549.6
1/15/2024,23:00,3518.4
1/15/2024,23:15,3564
1/15/2024,23:30,3598.8
1/15/2024,23:45,3496.8
1/16/2024,0:00,3561.6
1/16/2024,0:15,3544.8
1/16/2024,0:30,3604.8
1/16/2024,0:45,3578.4
1/16/2024,1:00,3589.2
1/16/2024,1:15,3567.6
1/16/2024,1:30,3626.4
1/16/2024,1:45,3619.2
1/16/2024,2:00,2708.4
1/16/2024,2:15,3590.4
1/16/2024,2:30,3585.6
1/16/2024,2:45,3517.2
1/16/2024,3:00,3558
1/16/2024,3:15,3582
1/16/2024,3:30,3626.4
1/16/2024,3:45,2758.8
1/16/2024,4:00,3519.6
1/16/2024,4:15,3588
1/16/2024,4:30,3516
1/16/2024,4:45,3542.4
1/16/2024,5:00,3494.4
1/16/2024,5:15,3550.8
1/16/2024,5:30,3550.8
1/16/2024,5:45,3669.6
1/16/2024,6:00,2890.8
1/16/2024,6:15,2914.8
1/16/2024,6:30,2397.6
1/16/2024,6:45,2506.8
1/16/2024,7:00,2398.8
1/16/2024,7:15,2622
1/16/2024,7:30,4105.2
1/16/2024,7:45,3513.6
1/16/2024,8:00,3316.8
1/16/2024,8:15,4195.2
1/16/2024,8:30,3495.6
1/16/2024,8:45,4408.8
1/16/2024,9:00,4954.8
1/16/2024,9:15,4564.8
1/16/2024,9:30,4119.6
1/16/2024,9:45,4980
1/16/2024,10:00,4890
1/16/2024,10:15,3988.8
1/16/2024,10:30,4192.8
1/16/2024,10:45,4502.4
1/16/2024,11:00,4173.6
1/16/2024,11:15,3734.4
1/16/2024,11:30,3706.8
1/16/2024,11:45,4392
1/16/2024,12:00,4788
1/16/2024,12:15,4185.6
1/16/2024,12:30,4010.4
1/16/2024,12:45,3783.6
1/16/2024,13:00,3829.2
1/16/2024,13:15,3493.2
1/16/2024,13:30,4718.4
1/16/2024,13:45,3447.6
1/16/2024,14:00,3854.4
1/16/2024,14:15,3771.6
1/16/2024,14:30,3866.4
1/16/2024,14:45,3770.4
1/16/2024,15:00,3552
1/16/2024,15:15,4428
1/16/2024,15:30,4521.6
1/16/2024,15:45,3642
1/16/2024,16:00,4371.6
1/16/2024,16:15,4005.6
1/16/2024,16:30,3702
1/16/2024,16:45,3532.8
1/16/2024,17:00,3956.4
1/16/2024,17:15,3205.2
1/16/2024,17:30,3412.8
1/16/2024,17:45,3338.4
1/16/2024,18:00,3968.4
1/16/2024,18:15,3072
1/16/2024,18:30,2884.8
1/16/2024,18:45,2445.6
1/16/2024,19:00,2534.4
1/16/2024,19:15,2451.6
1/16/2024,19:30,2842.8
1/16/2024,19:45,2552.4
1/16/2024,20:00,3469.2
1/16/2024,20:15,3484.8
1/16/2024,20:30,3486
1/16/2024,20:45,3506.4
1/16/2024,21:00,3451.2
1/16/2024,21:15,3444
1/16/2024,21:30,3504
1/16/2024,21:45,2600.4
1/16/2024,22:00,3472.8
1/16/2024,22:15,3518.4
1/16/2024,22:30,3556.8
1/16/2024,22:45,2546.4
1/16/2024,23:00,3548.4
1/16/2024,23:15,2530.8
1/16/2024,23:30,3445.2
1/16/2024,23:45,2390.4
1/17/2024,0:00,3403.2
1/17/2024,0:15,3486
1/17/2024,0:30,3498
1/17/2024,0:45,3541.2
1/17/2024,1:00,2577.6
1/17/2024,1:15,3454.8
1/17/2024,1:30,3541.2
1/17/2024,1:45,3483.6
1/17/2024,2:00,3380.4
1/17/2024,2:15,3344.4
1/17/2024,2:30,3451.2
1/17/2024,2:45,2536.8
1/17/2024,3:00,3470.4
1/17/2024,3:15,3486
1/17/2024,3:30,3435.6
1/17/2024,3:45,3459.6
1/17/2024,4:00,3415.2
1/17/2024,4:15,2934
1/17/2024,4:30,2580
1/17/2024,4:45,3403.2
1/17/2024,5:00,3444
1/17/2024,5:15,3384
1/17/2024,5:30,3435.6
1/17/2024,5:45,3423.6
1/17/2024,6:00,3361.2
1/17/2024,6:15,3283.2
1/17/2024,6:30,3250.8
1/17/2024,6:45,3387.6
1/17/2024,7:00,3378
1/17/2024,7:15,3447.6
1/17/2024,7:30,2804.4
1/17/2024,7:45,2880
1/17/2024,8:00,3708
1/17/2024,8:15,3913.2
1/17/2024,8:30,2899.2
1/17/2024,8:45,2862
1/17/2024,9:00,3974.4
1/17/2024,9:15,2797.2
1/17/2024,9:30,2656.8
1/17/2024,9:45,2653.2
1/17/2024,10:00,2912.4
1/17/2024,10:15,4041.6
1/17/2024,10:30,4080
1/17/2024,10:45,4063.2
1/17/2024,11:00,3871.2
1/17/2024,11:15,3979.2
1/17/2024,11:30,3132
1/17/2024,11:45,3447.6
1/17/2024,12:00,3597.6
1/17/2024,12:15,3326.4
1/17/2024,12:30,4168.8
1/17/2024,12:45,3958.8
1/17/2024,13:00,4003.2
1/17/2024,13:15,4010.4
1/17/2024,13:30,3199.2
1/17/2024,13:45,4107.6
1/17/2024,14:00,4222.8
1/17/2024,14:15,3193.2
1/17/2024,14:30,4299.6
1/17/2024,14:45,3864
1/17/2024,15:00,3962.4
1/17/2024,15:15,4029.6
1/17/2024,15:30,4050
1/17/2024,15:45,4142.4
1/17/2024,16:00,4303.2
1/17/2024,16:15,4088.4
1/17/2024,16:30,4344
1/17/2024,16:45,3946.8
1/17/2024,17:00,3206.4
1/17/2024,17:15,3999.6
1/17/2024,17:30,1935.6
1/17/2024,17:45,783.6
1/17/2024,18:00,784.8
1/17/2024,18:15,651.6
1/17/2024,18:30,632.4
1/17/2024,18:45,550.8
1/17/2024,19:00,564
1/17/2024,19:15,561.6
1/17/2024,19:30,558
1/17/2024,19:45,549.6
1/17/2024,20:00,536.4
1/17/2024,20:15,562.8
1/17/2024,20:30,553.2
1/17/2024,20:45,554.4
1/17/2024,21:00,549.6
1/17/2024,21:15,544.8
1/17/2024,21:30,565.2
1/17/2024,21:45,910.8
1/17/2024,22:00,1312.8
1/17/2024,22:15,1812
1/17/2024,22:30,2055.6
1/17/2024,22:45,2185.2
1/17/2024,23:00,2277.6
1/17/2024,23:15,2275.2
1/17/2024,23:30,2355.6
1/17/2024,23:45,3319.2
1/18/2024,0:00,3414
1/18/2024,0:15,3451.2
1/18/2024,0:30,3422.4
1/18/2024,0:45,3400.8
1/18/2024,1:00,3482.4
1/18/2024,1:15,3452.4
1/18/2024,1:30,2576.4
1/18/2024,1:45,3478.8
1/18/2024,2:00,2644.8
1/18/2024,2:15,2367.6
1/18/2024,2:30,2935.2
1/18/2024,2:45,2389.2
1/18/2024,3:00,2372.4
1/18/2024,3:15,3345.6
1/18/2024,3:30,3312
1/18/2024,3:45,2490
1/18/2024,4:00,3370.8
1/18/2024,4:15,3289.2
1/18/2024,4:30,3336
1/18/2024,4:45,3330
1/18/2024,5:00,2952
1/18/2024,5:15,2305.2
1/18/2024,5:30,3337.2
1/18/2024,5:45,3333.6
1/18/2024,6:00,3410.4
1/18/2024,6:15,3328.8
1/18/2024,6:30,3440.4
1/18/2024,6:45,3362.4
1/18/2024,7:00,3370.8
1/18/2024,7:15,3397.2
1/18/2024,7:30,3598.8
1/18/2024,7:45,4111.2
1/18/2024,8:00,#VALUE!
1/18/2024,8:15,4171.2
1/18/2024,8:30,3434.4
1/18/2024,8:45,4172.4
1/18/2024,9:00,4162.8
1/18/2024,9:15,4239.6
1/18/2024,9:30,4429.2
1/18/2024,9:45,4616.4
1/18/2024,10:00,4378.8
1/18/2024,10:15,4728
1/18/2024,10:30,3902.4
1/18/2024,10:45,4542
1/18/2024,11:00,4218
1/18/2024,11:15,4069.2
1/18/2024,11:30,3560.4
1/18/2024,11:45,3909.6
1/18/2024,12:00,3045.6
1/18/2024,12:15,3752.4
1/18/2024,12:30,4608
1/18/2024,12:45,4394.4
1/18/2024,13:00,4443.6
1/18/2024,13:15,4533.6
1/18/2024,13:30,4740
1/18/2024,13:45,3666
1/18/2024,14:00,4501.2
1/18/2024,14:15,3890.4
1/18/2024,14:30,4670.4
1/18/2024,14:45,4084.8
1/18/2024,15:00,4612.8
1/18/2024,15:15,4856.4
1/18/2024,15:30,3484.8
1/18/2024,15:45,4228.8
1/18/2024,16:00,4276.8
1/18/2024,16:15,4537.2
1/18/2024,16:30,4059.6
1/18/2024,16:45,3291.6
1/18/2024,17:00,3217.2
1/18/2024,17:15,3404.4
1/18/2024,17:30,3492
1/18/2024,17:45,3800.4
1/18/2024,18:00,3922.8
1/18/2024,18:15,3474
1/18/2024,18:30,2521.2
1/18/2024,18:45,2286
1/18/2024,19:00,2260.8
1/18/2024,19:15,3338.4
1/18/2024,19:30,3343.2
1/18/2024,19:45,3361.2
1/18/2024,20:00,3390
1/18/2024,20:15,3096
1/18/2024,20:30,3388.8
1/18/2024,20:45,#VALUE!
1/18/2024,21:00,3436.8
1/18/2024,21:15,3452.4
1/18/2024,21:30,3470.4
1/18/2024,21:45,3414
1/18/2024,22:00,3471.6
1/18/2024,22:15,2760
1/18/2024,22:30,3445.2
1/18/2024,22:45,3502.8
1/18/2024,23:00,3525.6
1/18/2024,23:15,3445.2
1/18/2024,23:30,2494.8
1/18/2024,23:45,2961.6
1/19/2024,0:00,3418.8
1/19/2024,0:15,2361.6
1/19/2024,0:30,2301.6
1/19/2024,0:45,2568
1/19/2024,1:00,3348
1/19/2024,1:15,3343.2
1/19/2024,1:30,3261.6
1/19/2024,1:45,2251.2
1/19/2024,2:00,2173.2
1/19/2024,2:15,2148
1/19/2024,2:30,2214
1/19/2024,2:45,2116.8
1/19/2024,3:00,2157.6
1/19/2024,3:15,2360.4
1/19/2024,3:30,3272.4
1/19/2024,3:45,2337.6
1/19/2024,4:00,2858.4
1/19/2024,4:15,3277.2
1/19/2024,4:30,3163.2
1/19/2024,4:45,2334
1/19/2024,5:00,2406
1/19/2024,5:15,2809.2
1/19/2024,5:30,3292.8
1/19/2024,5:45,3181.2
1/19/2024,6:00,2251.2
1/19/2024,6:15,2385.6
1/19/2024,6:30,3242.4
1/19/2024,6:45,3199.2
1/19/2024,7:00,2331.6
1/19/2024,7:15,3487.2
1/19/2024,7:30,3654
1/19/2024,7:45,3883.2
1/19/2024,8:00,4381.2
1/19/2024,8:15,4104
1/19/2024,8:30,4622.4
1/19/2024,8:45,3571.2
1/19/2024,9:00,3400.8
1/19/2024,9:15,3646.8
1/19/2024,9:30,3548.4
1/19/2024,9:45,1975.2
1/19/2024,10:00,1460.4
1/19/2024,10:15,1533.6
1/19/2024,10:30,1556.4
1/19/2024,10:45,1747.2
1/19/2024,11:00,1638
1/19/2024,11:15,859.2
1/19/2024,11:30,474
1/19/2024,11:45,432
1/19/2024,12:00,895.2
1/19/2024,12:15,1545.6
1/19/2024,12:30,1659.6
1/19/2024,12:45,1482
1/19/2024,13:00,1710
1/19/2024,13:15,1332
1/19/2024,13:30,1564.8
1/19/2024,13:45,1726.8
1/19/2024,14:00,1605.6
1/19/2024,14:15,1404
1/19/2024,14:30,1430.4
1/19/2024,14:45,1702.8
1/19/2024,15:00,1574.4
1/19/2024,15:15,1729.2
1/19/2024,15:30,1687.2
1/19/2024,15:45,1356
1/19/2024,16:00,1550.4
1/19/2024,16:15,1572
1/19/2024,16:30,1531.2
1/19/2024,16:45,1848
1/19/2024,17:00,1660.8
1/19/2024,17:15,1592.4
1/19/2024,17:30,1666.8
1/19/2024,17:45,1231.2
1/19/2024,18:00,860.4
1/19/2024,18:15,345.6
1/19/2024,18:30,260.4
1/19/2024,18:45,192
1/19/2024,19:00,184.8
1/19/2024,19:15,240
1/19/2024,19:30,235.2
1/19/2024,19:45,237.6
1/19/2024,20:00,236.4
1/19/2024,20:15,235.2
1/19/2024,20:30,237.6
1/19/2024,20:45,240
1/19/2024,21:00,238.8
1/19/2024,21:15,246
1/19/2024,21:30,241.2
1/19/2024,21:45,252
1/19/2024,22:00,314.4
1/19/2024,22:15,271.2
1/19/2024,22:30,184.8
1/19/2024,22:45,217.2
1/19/2024,23:00,202.8
1/19/2024,23:15,254.4
1/19/2024,23:30,249.6
1/19/2024,23:45,243.6
1/20/2024,0:00,238.8
1/20/2024,0:15,246
1/20/2024,0:30,238.8
1/20/2024,0:45,235.2
1/20/2024,1:00,244.8
1/20/2024,1:15,229.2
1/20/2024,1:30,306
1/20/2024,1:45,277.2
1/20/2024,2:00,171.6
1/20/2024,2:15,186
1/20/2024,2:30,175.2
1/20/2024,2:45,235.2
1/20/2024,3:00,226.8
1/20/2024,3:15,220.8
1/20/2024,3:30,231.6
1/20/2024,3:45,223.2
1/20/2024,4:00,237.6
1/20/2024,4:15,246
1/20/2024,4:30,313.2
1/20/2024,4:45,238.8
1/20/2024,5:00,200.4
1/20/2024,5:15,208.8
1/20/2024,5:30,256.8
1/20/2024,5:45,267.6
1/20/2024,6:00,244.8
1/20/2024,6:15,238.8
1/20/2024,6:30,254.4
1/20/2024,6:45,175.2
1/20/2024,7:00,232.8
1/20/2024,7:15,490.8
1/20/2024,7:30,702
1/20/2024,7:45,1449.6
1/20/2024,8:00,1312.8
1/20/2024,8:15,1384.8
1/20/2024,8:30,1732.8
1/20/2024,8:45,1339.2
1/20/2024,9:00,1514.4
1/20/2024,9:15,1500
1/20/2024,9:30,1434
1/20/2024,9:45,1644
1/20/2024,10:00,1552.8
1/20/2024,10:15,1755.6
1/20/2024,10:30,1305.6
1/20/2024,10:45,1656
1/20/2024,11:00,862.8
1/20/2024,11:15,1003.2
1/20/2024,11:30,459.6
1/20/2024,11:45,907.2
1/20/2024,12:00,936
1/20/2024,12:15,1297.2
1/20/2024,12:30,1680
1/20/2024,12:45,1474.8
1/20/2024,13:00,1546.8
1/20/2024,13:15,1525.2
1/20/2024,13:30,1537.2
1/20/2024,13:45,1676.4
1/20/2024,14:00,1376.4
1/20/2024,14:15,1240.8
1/20/2024,14:30,1430.4
1/20/2024,14:45,1801.2
1/20/2024,15:00,1420.8
1/20/2024,15:15,1000.8
1/20/2024,15:30,1140
1/20/2024,15:45,1064.4
1/20/2024,16:00,1518
1/20/2024,16:15,1339.2
1/20/2024,16:30,1266
1/20/2024,16:45,1527.6
1/20/2024,17:00,1562.4
1/20/2024,17:15,1652.4
1/20/2024,17:30,1287.6
1/20/2024,17:45,1446
1/20/2024,18:00,852
1/20/2024,18:15,376.8
1/20/2024,18:30,200.4
1/20/2024,18:45,211.2
1/20/2024,19:00,202.8
1/20/2024,19:15,243.6
1/20/2024,19:30,204
1/20/2024,19:45,202.8
1/20/2024,20:00,171.6
1/20/2024,20:15,240
1/20/2024,20:30,248.4
1/20/2024,20:45,192
1/20/2024,21:00,190.8
1/20/2024,21:15,268.8
1/20/2024,21:30,243.6
1/20/2024,21:45,189.6
1/20/2024,22:00,201.6
1/20/2024,22:15,270
1/20/2024,22:30,202.8
1/20/2024,22:45,201.6
1/20/2024,23:00,228
1/20/2024,23:15,236.4
1/20/2024,23:30,186
1/20/2024,23:45,176.4
1/21/2024,0:00,#VALUE!
1/21/2024,0:15,#VALUE!
1/21/2024,0:30,183.6
1/21/2024,0:45,294
1/21/2024,1:00,184.8
1/21/2024,1:15,177.6
1/21/2024,1:30,160.8
1/21/2024,1:45,219.6
1/21/2024,2:00,177.6
1/21/2024,2:15,148.8
1/21/2024,2:30,222
1/21/2024,2:45,172.8
1/21/2024,3:00,168
1/21/2024,3:15,314.4
1/21/2024,3:30,#VALUE!
1/21/2024,3:45,175.2
1/21/2024,4:00,162
1/21/2024,4:15,231.6
1/21/2024,4:30,195.6
1/21/2024,4:45,181.2
1/21/2024,5:00,321.6
1/21/2024,5:15,212.4
1/21/2024,5:30,194.4
1/21/2024,5:45,175.2
1/21/2024,6:00,250.8
1/21/2024,6:15,201.6
1/21/2024,6:30,189.6
1/21/2024,6:45,211.2
1/21/2024,7:00,232.8
1/21/2024,7:15,441.6
1/21/2024,7:30,430.8
1/21/2024,7:45,806.4
1/21/2024,8:00,886.8
1/21/2024,8:15,936
1/21/2024,8:30,#VALUE!
1/21/2024,8:45,932.4
1/21/2024,9:00,961.2
1/21/2024,9:15,904.8
1/21/2024,9:30,847.2
1/21/2024,9:45,879.6
1/21/2024,10:00,880.8
1/21/2024,10:15,915.6
1/21/2024,10:30,975.6
1/21/2024,10:45,912
1/21/2024,11:00,423.6
1/21/2024,11:15,349.2
1/21/2024,11:30,366
1/21/2024,11:45,907.2
1/21/2024,12:00,919.2
1/21/2024,12:15,922.8
1/21/2024,12:30,938.4
1/21/2024,12:45,946.8
1/21/2024,13:00,#VALUE!
1/21/2024,13:15,904.8
1/21/2024,13:30,894
1/21/2024,13:45,958.8
1/21/2024,14:00,930
1/21/2024,14:15,996
1/21/2024,14:30,934.8
1/21/2024,14:45,894
1/21/2024,15:00,922.8
1/21/2024,15:15,837.6
1/21/2024,15:30,888
1/21/2024,15:45,960
1/21/2024,16:00,990
1/21/2024,16:15,937.2
1/21/2024,16:30,877.2
1/21/2024,16:45,949.2
1/21/2024,17:00,945.6
1/21/2024,17:15,894
1/21/2024,17:30,814.8
1/21/2024,17:45,844.8
1/21/2024,18:00,337.2
1/21/2024,18:15,296.4
1/21/2024,18:30,291.6
1/21/2024,18:45,312
1/21/2024,19:00,276
1/21/2024,19:15,296.4
1/21/2024,19:30,282
1/21/2024,19:45,271.2
1/21/2024,20:00,284.4
1/21/2024,20:15,273.6
1/21/2024,20:30,273.6
1/21/2024,20:45,214.8
1/21/2024,21:00,264
1/21/2024,21:15,250.8
1/21/2024,21:30,261.6
1/21/2024,21:45,231.6
1/21/2024,22:00,186
1/21/2024,22:15,190.8
1/21/2024,22:30,303.6
1/21/2024,22:45,207.6
1/21/2024,23:00,188.4
1/21/2024,23:15,188.4
1/21/2024,23:30,235.2
1/21/2024,23:45,184.8
1/22/2024,0:00,193.2
1/22/2024,0:15,306
1/22/2024,0:30,201.6
1/22/2024,0:45,188.4
1/22/2024,1:00,303.6
1/22/2024,1:15,240
1/22/2024,1:30,190.8
1/22/2024,1:45,176.4
1/22/2024,2:00,230.4
1/22/2024,2:15,190.8
1/22/2024,2:30,172.8
1/22/2024,2:45,283.2
1/22/2024,3:00,234
1/22/2024,3:15,176.4
1/22/2024,3:30,189.6
1/22/2024,3:45,292.8
1/22/2024,4:00,195.6
1/22/2024,4:15,172.8
1/22/2024,4:30,170.4
1/22/2024,4:45,231.6
1/22/2024,5:00,181.2
1/22/2024,5:15,182.4
1/22/2024,5:30,312
1/22/2024,5:45,210
1/22/2024,6:00,194.4
1/22/2024,6:15,346.8
1/22/2024,6:30,226.8
1/22/2024,6:45,182.4
1/22/2024,7:00,193.2
1/22/2024,7:15,555.6
1/22/2024,7:30,705.6
1/22/2024,7:45,920.4
1/22/2024,8:00,1077.6
1/22/2024,8:15,1238.4
1/22/2024,8:30,1333.2
1/22/2024,8:45,1357.2
1/22/2024,9:00,1462.8
1/22/2024,9:15,1350
1/22/2024,9:30,1314
1/22/2024,9:45,1550.4
1/22/2024,10:00,1422
1/22/2024,10:15,#VALUE!
1/22/2024,10:30,1400.4
1/22/2024,10:45,1437.6
1/22/2024,11:00,1352.4
1/22/2024,11:15,1140
1/22/2024,11:30,774
1/22/2024,11:45,1066.8
1/22/2024,12:00,1254
1/22/2024,12:15,1592.4
1/22/2024,12:30,1750.8
1/22/2024,12:45,#VALUE!
1/22/2024,13:00,1491.6
1/22/2024,13:15,1646.4
1/22/2024,13:30,1551.6
1/22/2024,13:45,1558.8
1/22/2024,14:00,1729.2
1/22/2024,14:15,1844.4
1/22/2024,14:30,1422
1/22/2024,14:45,1251.6
1/22/2024,15:00,1557.6
1/22/2024,15:15,1303.2
1/22/2024,15:30,1424.4
1/22/2024,15:45,1761.6
1/22/2024,16:00,1836
1/22/2024,16:15,1300.8
1/22/2024,16:30,1387.2
1/22/2024,16:45,1183.2
1/22/2024,17:00,1512
1/22/2024,17:15,1414.8
1/22/2024,17:30,#VALUE!
1/22/2024,17:45,1382.4
1/22/2024,18:00,1585.2
1/22/2024,18:15,1642.8
1/22/2024,18:30,774
1/22/2024,18:45,414
1/22/2024,19:00,433.2
1/22/2024,19:15,392.4
1/22/2024,19:30,388.8
1/22/2024,19:45,394.8
1/22/2024,20:00,384
1/22/2024,20:15,384
1/22/2024,20:30,384
1/22/2024,20:45,358.8
1/22/2024,21:00,367.2
1/22/2024,21:15,352.8
1/22/2024,21:30,360
1/22/2024,21:45,345.6
1/22/2024,22:00,399.6
1/22/2024,22:15,411.6
1/22/2024,22:30,409.2
1/22/2024,22:45,406.8
1/22/2024,23:00,382.8
1/22/2024,23:15,#VALUE!
1/22/2024,23:30,400.8
1/22/2024,23:45,398.4
1/23/2024,0:00,402
1/23/2024,0:15,409.2
1/23/2024,0:30,415.2
1/23/2024,0:45,394.8
1/23/2024,1:00,380.4
1/23/2024,1:15,385.2
1/23/2024,1:30,361.2
1/23/2024,1:45,360
1/23/2024,2:00,378
1/23/2024,2:15,375.6
1/23/2024,2:30,#VALUE!
1/23/2024,2:45,#VALUE!
1/23/2024,3:00,366
1/23/2024,3:15,859.2
1/23/2024,3:30,438
1/23/2024,3:45,424.8
1/23/2024,4:00,390
1/23/2024,4:15,381.6
1/23/2024,4:30,379.2
1/23/2024,4:45,386.4
1/23/2024,5:00,390
1/23/2024,5:15,409.2
1/23/2024,5:30,399.6
1/23/2024,5:45,398.4
1/23/2024,6:00,492
1/23/2024,6:15,477.6
1/23/2024,6:30,934.8
1/23/2024,6:45,970.8
1/23/2024,7:00,512.4
1/23/2024,7:15,774
1/23/2024,7:30,885.6
1/23/2024,7:45,1568.4
1/23/2024,8:00,1724.4
1/23/2024,8:15,1321.2
1/23/2024,8:30,1844.4
1/23/2024,8:45,1504.8
1/23/2024,9:00,1507.2
1/23/2024,9:15,1521.6
1/23/2024,9:30,1794
1/23/2024,9:45,1562.4
1/23/2024,10:00,1572
1/23/2024,10:15,1778.4
1/23/2024,10:30,2196
1/23/2024,10:45,1616.4
1/23/2024,11:00,1690.8
1/23/2024,11:15,1455.6
1/23/2024,11:30,657.6
1/23/2024,11:45,931.2
1/23/2024,12:00,1628.4
1/23/2024,12:15,1497.6
1/23/2024,12:30,1395.6
1/23/2024,12:45,1640.4
1/23/2024,13:00,1650
1/23/2024,13:15,1513.2
1/23/2024,13:30,2013.6
1/23/2024,13:45,1626
1/23/2024,14:00,1448.4
1/23/2024,14:15,1828.8
1/23/2024,14:30,1684.8
1/23/2024,14:45,1696.8
1/23/2024,15:00,2235.6
1/23/2024,15:15,1879.2
1/23/2024,15:30,1669.2
1/23/2024,15:45,1648.8
1/23/2024,16:00,1500
1/23/2024,16:15,#VALUE!
1/23/2024,16:30,1791.6
1/23/2024,16:45,1551.6
1/23/2024,17:00,1512
1/23/2024,17:15,2133.6
1/23/2024,17:30,1686
1/23/2024,17:45,1338
1/23/2024,18:00,1486.8
1/23/2024,18:15,1418.4
1/23/2024,18:30,#VALUE!
1/23/2024,18:45,745.2
1/23/2024,19:00,384
1/23/2024,19:15,380.4
1/23/2024,19:30,498
1/23/2024,19:45,471.6
1/23/2024,20:00,452.4
1/23/2024,20:15,408
1/23/2024,20:30,397.2
1/23/2024,20:45,486
1/23/2024,21:00,1299.6
1/23/2024,21:15,963.6
1/23/2024,21:30,1045.2
1/23/2024,21:45,1092
1/23/2024,22:00,1248
1/23/2024,22:15,1480.8
1/23/2024,22:30,1575.6
1/23/2024,22:45,1405.2
1/23/2024,23:00,1671.6
1/23/2024,23:15,1831.2
1/23/2024,23:30,1984.8
1/23/2024,23:45,1959.6
1/24/2024,0:00,2072.4
1/24/2024,0:15,1203.6
1/24/2024,0:30,418.8
1/24/2024,0:45,400.8
1/24/2024,1:00,505.2
1/24/2024,1:15,486
1/24/2024,1:30,434.4
1/24/2024,1:45,908.4
1/24/2024,2:00,436.8
1/24/2024,2:15,526.8
1/24/2024,2:30,433.2
1/24/2024,2:45,404.4
1/24/2024,3:00,408
1/24/2024,3:15,400.8
1/24/2024,3:30,396
1/24/2024,3:45,386.4
1/24/2024,4:00,508.8
1/24/2024,4:15,417.6
1/24/2024,4:30,416.4
1/24/2024,4:45,426
1/24/2024,5:00,442.8
1/24/2024,5:15,651.6
1/24/2024,5:30,883.2
1/24/2024,5:45,418.8
1/24/2024,6:00,984
1/24/2024,6:15,1078.8
1/24/2024,6:30,1184.4
1/24/2024,6:45,1300.8
1/24/2024,7:00,1389.6
1/24/2024,7:15,1706.4
1/24/2024,7:30,2178
1/24/2024,7:45,2636.4
1/24/2024,8:00,2792.4
1/24/2024,8:15,3878.4
1/24/2024,8:30,4135.2
1/24/2024,8:45,3538.8
1/24/2024,9:00,3351.6
1/24/2024,9:15,3246
1/24/2024,9:30,3651.6
1/24/2024,9:45,3979.2
1/24/2024,10:00,4088.4
1/24/2024,10:15,3592.8
1/24/2024,10:30,4027.2
1/24/2024,10:45,4230
1/24/2024,11:00,3963.6
1/24/2024,11:15,3841.2
1/24/2024,11:30,3081.6
1/24/2024,11:45,3883.2
1/24/2024,12:00,3548.4
1/24/2024,12:15,4570.8
1/24/2024,12:30,3496.8
1/24/2024,12:45,3997.2
1/24/2024,13:00,4334.4
1/24/2024,13:15,4425.6
1/24/2024,13:30,3120
1/24/2024,13:45,4006.8
1/24/2024,14:00,4018.8
1/24/2024,14:15,3704.4
1/24/2024,14:30,4354.8
1/24/2024,14:45,3730.8
1/24/2024,15:00,4063.2
1/24/2024,15:15,4173.6
1/24/2024,15:30,4540.8
1/24/2024,15:45,3744
1/24/2024,16:00,4070.4
1/24/2024,16:15,3304.8
1/24/2024,16:30,3656.4
1/24/2024,16:45,3417.6
1/24/2024,17:00,4549.2
1/24/2024,17:15,4126.8
1/24/2024,17:30,4399.2
1/24/2024,17:45,3922.8
1/24/2024,18:00,3579.6
1/24/2024,18:15,3877.2
1/24/2024,18:30,3232.8
1/24/2024,18:45,2799.6
1/24/2024,19:00,3321.6
1/24/2024,19:15,2830.8
1/24/2024,19:30,3289.2
1/24/2024,19:45,2782.8
1/24/2024,20:00,2288.4
1/24/2024,20:15,2782.8
1/24/2024,20:30,2818.8
1/24/2024,20:45,2703.6
1/24/2024,21:00,2323.2
1/24/2024,21:15,2367.6
1/24/2024,21:30,2320.8
1/24/2024,21:45,2359.2
1/24/2024,22:00,2780.4
1/24/2024,22:15,3319.2
1/24/2024,22:30,2811.6
1/24/2024,22:45,3306
1/24/2024,23:00,2329.2
1/24/2024,23:15,2400
1/24/2024,23:30,2764.8
1/24/2024,23:45,3298.8
1/25/2024,0:00,2860.8
1/25/2024,0:15,2227.2
1/25/2024,0:30,2205.6
1/25/2024,0:45,2359.2
1/25/2024,1:00,3276
1/25/2024,1:15,2857.2
1/25/2024,1:30,2902.8
1/25/2024,1:45,2872.8
1/25/2024,2:00,2318.4
1/25/2024,2:15,2370
1/25/2024,2:30,2289.6
1/25/2024,2:45,2259.6
1/25/2024,3:00,2838
1/25/2024,3:15,2402.4
1/25/2024,3:30,2728.8
1/25/2024,3:45,2732.4
1/25/2024,4:00,2613.6
1/25/2024,4:15,2192.4
1/25/2024,4:30,2780.4
1/25/2024,4:45,2347.2
1/25/2024,5:00,2803.2
1/25/2024,5:15,2835.6
1/25/2024,5:30,2784
1/25/2024,5:45,2397.6
1/25/2024,6:00,3214.8
1/25/2024,6:15,2366.4
1/25/2024,6:30,2835.6
1/25/2024,6:45,3290.4
1/25/2024,7:00,2851.2
1/25/2024,7:15,2562
1/25/2024,7:30,2866.8
1/25/2024,7:45,3399.6
1/25/2024,8:00,3879.6
1/25/2024,8:15,3775.2
1/25/2024,8:30,3886.8
1/25/2024,8:45,3651.6
1/25/2024,9:00,4574.4
1/25/2024,9:15,3763.2
1/25/2024,9:30,3646.8
1/25/2024,9:45,3728.4
1/25/2024,10:00,3856.8
1/25/2024,10:15,3814.8
1/25/2024,10:30,3804
1/25/2024,10:45,4100.4
1/25/2024,11:00,3260.4
1/25/2024,11:15,2658
1/25/2024,11:30,2388
1/25/2024,11:45,3272.4
1/25/2024,12:00,3183.6
1/25/2024,12:15,3655.2
1/25/2024,12:30,3828
1/25/2024,12:45,3873.6
1/25/2024,13:00,4358.4
1/25/2024,13:15,1845.6
1/25/2024,13:30,1944
1/25/2024,13:45,1617.6
1/25/2024,14:00,1827.6
1/25/2024,14:15,1924.8
1/25/2024,14:30,1357.2
1/25/2024,14:45,1665.6
1/25/2024,15:00,1749.6
1/25/2024,15:15,1750.8
1/25/2024,15:30,1705.2
1/25/2024,15:45,2407.2
1/25/2024,16:00,2569.2
1/25/2024,16:15,2982
1/25/2024,16:30,2666.4
1/25/2024,16:45,2930.4
1/25/2024,17:00,2942.4
1/25/2024,17:15,2822.4
1/25/2024,17:30,3025.2
1/25/2024,17:45,3225.6
1/25/2024,18:00,3673.2
1/25/2024,18:15,3465.6
1/25/2024,18:30,2914.8
1/25/2024,18:45,2281.2
1/25/2024,19:00,2726.4
1/25/2024,19:15,2110.8
1/25/2024,19:30,2542.8
1/25/2024,19:45,2154
1/25/2024,20:00,2198.4
1/25/2024,20:15,2557.2
1/25/2024,20:30,2539.2
1/25/2024,20:45,2155.2
1/25/2024,21:00,2673.6
1/25/2024,21:15,2667.6
1/25/2024,21:30,2133.6
1/25/2024,21:45,2068.8
1/25/2024,22:00,2014.8
1/25/2024,22:15,2059.2
1/25/2024,22:30,2418
1/25/2024,22:45,1958.4
1/25/2024,23:00,2068.8
1/25/2024,23:15,2536.8
1/25/2024,23:30,2487.6
1/25/2024,23:45,2499.6
1/26/2024,0:00,1982.4
1/26/2024,0:15,2030.4
1/26/2024,0:30,2452.8
1/26/2024,0:45,2005.2
1/26/2024,1:00,2490
1/26/2024,1:15,1944
1/26/2024,1:30,2498.4
1/26/2024,1:45,2497.2
1/26/2024,2:00,2049.6
1/26/2024,2:15,2130
1/26/2024,2:30,2094
1/26/2024,2:45,1914
1/26/2024,3:00,1898.4
1/26/2024,3:15,1893.6
1/26/2024,3:30,2095.2
1/26/2024,3:45,2551.2
1/26/2024,4:00,2134.8
1/26/2024,4:15,2109.6
1/26/2024,4:30,1858.8
1/26/2024,4:45,1816.8
1/26/2024,5:00,2469.6
1/26/2024,5:15,2457.6
1/26/2024,5:30,1959.6
1/26/2024,5:45,1830
1/26/2024,6:00,1752
1/26/2024,6:15,1728
1/26/2024,6:30,1711.2
1/26/2024,6:45,1776
1/26/2024,7:00,1826.4
1/26/2024,7:15,2757.6
1/26/2024,7:30,2229.6
1/26/2024,7:45,3292.8
1/26/2024,8:00,1705.2
1/26/2024,8:15,1540.8
1/26/2024,8:30,1578
1/26/2024,8:45,1479.6
1/26/2024,9:00,1573.2
1/26/2024,9:15,1623.6
1/26/2024,9:30,1603.2
1/26/2024,9:45,1677.6
1/26/2024,10:00,1605.6
1/26/2024,10:15,1456.8
1/26/2024,10:30,1672.8
1/26/2024,10:45,1744.8
1/26/2024,11:00,1762.8
1/26/2024,11:15,1048.8
1/26/2024,11:30,904.8
1/26/2024,11:45,1267.2
1/26/2024,12:00,1188
1/26/2024,12:15,1123.2
1/26/2024,12:30,1528.8
1/26/2024,12:45,1771.2
1/26/2024,13:00,1630.8
1/26/2024,13:15,1578
1/26/2024,13:30,1491.6
1/26/2024,13:45,1618.8
1/26/2024,14:00,1774.8
1/26/2024,14:15,1555.2
1/26/2024,14:30,1461.6
1/26/2024,14:45,1664.4
1/26/2024,15:00,1562.4
1/26/2024,15:15,1680
1/26/2024,15:30,1479.6
1/26/2024,15:45,1560
1/26/2024,16:00,1686
1/26/2024,16:15,1650
1/26/2024,16:30,1591.2
1/26/2024,16:45,1627.2
1/26/2024,17:00,1408.8
1/26/2024,17:15,1580.4
1/26/2024,17:30,1591.2
1/26/2024,17:45,1552.8
1/26/2024,18:00,699.6
1/26/2024,18:15,583.2
1/26/2024,18:30,456
1/26/2024,18:45,357.6
1/26/2024,19:00,340.8
1/26/2024,19:15,357.6
1/26/2024,19:30,332.4
1/26/2024,19:45,324
1/26/2024,20:00,339.6
1/26/2024,20:15,325.2
1/26/2024,20:30,399.6
1/26/2024,20:45,392.4
1/26/2024,21:00,403.2
1/26/2024,21:15,378
1/26/2024,21:30,376.8
1/26/2024,21:45,378
1/26/2024,22:00,343.2
1/26/2024,22:15,333.6
1/26/2024,22:30,381.6
1/26/2024,22:45,424.8
1/26/2024,23:00,385.2
1/26/2024,23:15,285.6
1/26/2024,23:30,336
1/26/2024,23:45,333.6
1/27/2024,0:00,346.8
1/27/2024,0:15,361.2
1/27/2024,0:30,345.6
1/27/2024,0:45,339.6
1/27/2024,1:00,288
1/27/2024,1:15,344.4
1/27/2024,1:30,394.8
1/27/2024,1:45,398.4
1/27/2024,2:00,397.2
1/27/2024,2:15,362.4
1/27/2024,2:30,369.6
1/27/2024,2:45,361.2
1/27/2024,3:00,391.2
1/27/2024,3:15,351.6
1/27/2024,3:30,372
1/27/2024,3:45,380.4
1/27/2024,4:00,369.6
1/27/2024,4:15,344.4
1/27/2024,4:30,325.2
1/27/2024,4:45,320.4
1/27/2024,5:00,334.8
1/27/2024,5:15,388.8
1/27/2024,5:30,357.6
1/27/2024,5:45,291.6
1/27/2024,6:00,285.6
1/27/2024,6:15,284.4
1/27/2024,6:30,289.2
1/27/2024,6:45,328.8
1/27/2024,7:00,326.4
1/27/2024,7:15,609.6
1/27/2024,7:30,669.6
1/27/2024,7:45,1310.4
1/27/2024,8:00,1435.2
1/27/2024,8:15,1440
1/27/2024,8:30,1598.4
1/27/2024,8:45,1548
1/27/2024,9:00,1596
1/27/2024,9:15,1588.8
1/27/2024,9:30,1503.6
1/27/2024,9:45,1425.6
1/27/2024,10:00,1560
1/27/2024,10:15,1344
1/27/2024,10:30,1358.4
1/27/2024,10:45,1294.8
1/27/2024,11:00,1190.4
1/27/2024,11:15,513.6
1/27/2024,11:30,398.4
1/27/2024,11:45,486
1/27/2024,12:00,946.8
1/27/2024,12:15,1009.2
1/27/2024,12:30,1035.6
1/27/2024,12:45,1237.2
1/27/2024,13:00,1188
1/27/2024,13:15,1006.8
1/27/2024,13:30,1250.4
1/27/2024,13:45,1146
1/27/2024,14:00,#VALUE!
1/27/2024,14:15,1309.2
1/27/2024,14:30,1060.8
1/27/2024,14:45,1266
1/27/2024,15:00,1242
1/27/2024,15:15,1297.2
1/27/2024,15:30,1357.2
1/27/2024,15:45,1195.2
1/27/2024,16:00,1309.2
1/27/2024,16:15,1264.8
1/27/2024,16:30,1512
1/27/2024,16:45,1598.4
1/27/2024,17:00,1634.4
1/27/2024,17:15,1532.4
1/27/2024,17:30,1669.2
1/27/2024,17:45,1471.2
1/27/2024,18:00,603.6
1/27/2024,18:15,493.2
1/27/2024,18:30,430.8
1/27/2024,18:45,356.4
1/27/2024,19:00,344.4
1/27/2024,19:15,378
1/27/2024,19:30,342
1/27/2024,19:45,337.2
1/27/2024,20:00,388.8
1/27/2024,20:15,382.8
1/27/2024,20:30,412.8
1/27/2024,20:45,388.8
1/27/2024,21:00,424.8
1/27/2024,21:15,430.8
1/27/2024,21:30,403.2
1/27/2024,21:45,415.2
1/27/2024,22:00,375.6
1/27/2024,22:15,345.6
1/27/2024,22:30,370.8
1/27/2024,22:45,430.8
1/27/2024,23:00,399.6
1/27/2024,23:15,349.2
1/27/2024,23:30,343.2
1/27/2024,23:45,336
1/28/2024,0:00,351.6
1/28/2024,0:15,420
1/28/2024,0:30,380.4
1/28/2024,0:45,411.6
1/28/2024,1:00,385.2
1/28/2024,1:15,406.8
1/28/2024,1:30,391.2
1/28/2024,1:45,399.6
1/28/2024,2:00,349.2
1/28/2024,2:15,349.2
1/28/2024,2:30,363.6
1/28/2024,2:45,355.2
1/28/2024,3:00,344.4
1/28/2024,3:15,411.6
1/28/2024,3:30,399.6
1/28/2024,3:45,495.6
1/28/2024,4:00,666
1/28/2024,4:15,681.6
1/28/2024,4:30,699.6
1/28/2024,4:45,823.2
1/28/2024,5:00,885.6
1/28/2024,5:15,972
1/28/2024,5:30,1072.8
1/28/2024,5:45,1092
1/28/2024,6:00,1627.2
1/28/2024,6:15,1189.2
1/28/2024,6:30,1212
1/28/2024,6:45,1201.2
1/28/2024,7:00,1206
1/28/2024,7:15,1464
1/28/2024,7:30,2217.6
1/28/2024,7:45,1981.2
1/28/2024,8:00,2830.8
1/28/2024,8:15,2424
1/28/2024,8:30,2950.8
1/28/2024,8:45,2670
1/28/2024,9:00,3148.8
1/28/2024,9:15,2409.6
1/28/2024,9:30,2829.6
1/28/2024,9:45,3019.2
1/28/2024,10:00,3157.2
1/28/2024,10:15,2472
1/28/2024,10:30,2954.4
1/28/2024,10:45,2586
1/28/2024,11:00,3130.8
1/28/2024,11:15,2040
1/28/2024,11:30,2216.4
1/28/2024,11:45,1636.8
1/28/2024,12:00,2538
1/28/2024,12:15,2958
1/28/2024,12:30,3278.4
1/28/2024,12:45,2643.6
1/28/2024,13:00,3150
1/28/2024,13:15,2762.4
1/28/2024,13:30,2919.6
1/28/2024,13:45,2822.4
1/28/2024,14:00,3028.8
1/28/2024,14:15,2673.6
1/28/2024,14:30,3206.4
1/28/2024,14:45,2834.4
1/28/2024,15:00,3208.8
1/28/2024,15:15,2782.8
1/28/2024,15:30,3363.6
1/28/2024,15:45,3078
1/28/2024,16:00,3141.6
1/28/2024,16:15,3361.2
1/28/2024,16:30,3162
1/28/2024,16:45,2764.8
1/28/2024,17:00,3405.6
1/28/2024,17:15,3358.8
1/28/2024,17:30,3420
1/28/2024,17:45,3258
1/28/2024,18:00,2548.8
1/28/2024,18:15,1935.6
1/28/2024,18:30,1539.6
1/28/2024,18:45,1965.6
1/28/2024,19:00,1990.8
1/28/2024,19:15,2042.4
1/28/2024,19:30,1912.8
1/28/2024,19:45,1491.6
1/28/2024,20:00,1491.6
1/28/2024,20:15,1503.6
1/28/2024,20:30,1932
1/28/2024,20:45,1515.6
1/28/2024,21:00,1974
1/28/2024,21:15,1974
1/28/2024,21:30,1476
1/28/2024,21:45,1945.2
1/28/2024,22:00,1494
1/28/2024,22:15,1909.2
1/28/2024,22:30,1914
1/28/2024,22:45,1942.8
1/28/2024,23:00,1891.2
1/28/2024,23:15,1912.8
1/28/2024,23:30,1878
1/28/2024,23:45,1442.4
1/29/2024,0:00,1886.4
1/29/2024,0:15,1928.4
1/29/2024,0:30,1432.8
1/29/2024,0:45,1861.2
1/29/2024,1:00,1404
1/29/2024,1:15,1855.2
1/29/2024,1:30,1474.8
1/29/2024,1:45,1880.4
1/29/2024,2:00,1909.2
1/29/2024,2:15,1501.2
1/29/2024,2:30,1869.6
1/29/2024,2:45,1502.4
1/29/2024,3:00,1918.8
1/29/2024,3:15,1916.4
1/29/2024,3:30,1425.6
1/29/2024,3:45,1411.2
1/29/2024,4:00,1881.6
1/29/2024,4:15,1426.8
1/29/2024,4:30,1863.6
1/29/2024,4:45,1455.6
1/29/2024,5:00,1939.2
1/29/2024,5:15,1905.6
1/29/2024,5:30,1508.4
1/29/2024,5:45,1972.8
1/29/2024,6:00,1947.6
1/29/2024,6:15,1952.4
1/29/2024,6:30,1930.8
1/29/2024,6:45,1911.6
1/29/2024,7:00,1933.2
1/29/2024,7:15,1544.4
1/29/2024,7:30,2347.2
1/29/2024,7:45,2806.8
1/29/2024,8:00,3266.4
1/29/2024,8:15,3006
1/29/2024,8:30,3128.4
1/29/2024,8:45,2833.2
1/29/2024,9:00,3412.8
1/29/2024,9:15,2868
1/29/2024,9:30,3175.2
1/29/2024,9:45,2868
1/29/2024,10:00,3174
1/29/2024,10:15,2664
1/29/2024,10:30,3585.6
1/29/2024,10:45,2896.8
1/29/2024,11:00,3102
1/29/2024,11:15,1704
1/29/2024,11:30,2179.2
1/29/2024,11:45,1720.8
1/29/2024,12:00,2800.8
1/29/2024,12:15,2920.8
1/29/2024,12:30,3475.2
1/29/2024,12:45,2940
1/29/2024,13:00,2553.6
1/29/2024,13:15,3024
1/29/2024,13:30,3322.8
1/29/2024,13:45,2892
1/29/2024,14:00,3187.2
1/29/2024,14:15,3060
1/29/2024,14:30,3129.6
1/29/2024,14:45,2950.8
1/29/2024,15:00,3265.2
1/29/2024,15:15,3375.6
1/29/2024,15:30,2833.2
1/29/2024,15:45,2997.6
1/29/2024,16:00,2827.2
1/29/2024,16:15,3225.6
1/29/2024,16:30,2671.2
1/29/2024,16:45,3579.6
1/29/2024,17:00,2640
1/29/2024,17:15,3348
1/29/2024,17:30,2889.6
1/29/2024,17:45,3069.6
1/29/2024,18:00,2041.2
1/29/2024,18:15,1603.2
1/29/2024,18:30,2024.4
1/29/2024,18:45,1866
1/29/2024,19:00,1905.6
1/29/2024,19:15,1852.8
1/29/2024,19:30,1834.8
1/29/2024,19:45,1886.4
1/29/2024,20:00,1449.6
1/29/2024,20:15,1867.2
1/29/2024,20:30,1374
1/29/2024,20:45,1810.8
1/29/2024,21:00,1872
1/29/2024,21:15,1911.6
1/29/2024,21:30,1410
1/29/2024,21:45,1861.2
1/29/2024,22:00,1442.4
1/29/2024,22:15,1310.4
1/29/2024,22:30,1917.6
1/29/2024,22:45,1778.4
1/29/2024,23:00,1261.2
1/29/2024,23:15,1290
1/29/2024,23:30,1368
1/29/2024,23:45,1304.4
1/30/2024,0:00,1260
1/30/2024,0:15,1304.4
1/30/2024,0:30,1262.4
1/30/2024,0:45,1258.8
1/30/2024,1:00,1844.4
1/30/2024,1:15,1386
1/30/2024,1:30,1868.4
1/30/2024,1:45,1375.2
1/30/2024,2:00,1921.2
1/30/2024,2:15,1372.8
1/30/2024,2:30,1879.2
1/30/2024,2:45,1375.2
1/30/2024,3:00,1846.8
1/30/2024,3:15,1419.6
1/30/2024,3:30,1820.4
1/30/2024,3:45,1454.4
1/30/2024,4:00,1833.6
1/30/2024,4:15,1467.6
1/30/2024,4:30,1926
1/30/2024,4:45,1473.6
1/30/2024,5:00,1872
1/30/2024,5:15,1414.8
1/30/2024,5:30,1869.6
1/30/2024,5:45,1456.8
1/30/2024,6:00,1908
1/30/2024,6:15,1408.8
1/30/2024,6:30,1888.8
1/30/2024,6:45,1432.8
1/30/2024,7:00,1819.2
1/30/2024,7:15,1665.6
1/30/2024,7:30,2311.2
1/30/2024,7:45,2226
1/30/2024,8:00,2923.2
1/30/2024,8:15,2995.2
1/30/2024,8:30,3211.2
1/30/2024,8:45,2938.8
1/30/2024,9:00,3051.6
1/30/2024,9:15,2912.4
1/30/2024,9:30,2781.6
1/30/2024,9:45,3574.8
1/30/2024,10:00,2905.2
1/30/2024,10:15,3012
1/30/2024,10:30,2989.2
1/30/2024,10:45,3001.2
1/30/2024,11:00,2763.6
1/30/2024,11:15,2444.4
1/30/2024,11:30,2068.8
1/30/2024,11:45,2089.2
1/30/2024,12:00,2424
1/30/2024,12:15,2948.4
1/30/2024,12:30,3332.4
1/30/2024,12:45,3014.4
1/30/2024,13:00,2782.8
1/30/2024,13:15,3016.8
1/30/2024,13:30,3170.4
1/30/2024,13:45,3086.4
1/30/2024,14:00,2989.2
1/30/2024,14:15,3201.6
1/30/2024,14:30,3314.4
1/30/2024,14:45,3288
1/30/2024,15:00,3292.8
1/30/2024,15:15,3154.8
1/30/2024,15:30,2983.2
1/30/2024,15:45,3030
1/30/2024,16:00,3232.8
1/30/2024,16:15,3301.2
1/30/2024,16:30,3182.4
1/30/2024,16:45,3122.4
1/30/2024,17:00,2941.2
1/30/2024,17:15,3262.8
1/30/2024,17:30,2922
1/30/2024,17:45,2880
1/30/2024,18:00,2872.8
1/30/2024,18:15,2449.2
1/30/2024,18:30,1911.6
1/30/2024,18:45,1933.2
1/30/2024,19:00,1880.4
1/30/2024,19:15,1952.4
1/30/2024,19:30,1981.2
1/30/2024,19:45,1489.2
1/30/2024,20:00,1375.2
1/30/2024,20:15,1377.6
1/30/2024,20:30,1880.4
1/30/2024,20:45,1398
1/30/2024,21:00,1832.4
1/30/2024,21:15,1374
1/30/2024,21:30,1816.8
1/30/2024,21:45,1356
1/30/2024,22:00,1868.4
1/30/2024,22:15,1401.6
1/30/2024,22:30,1796.4
1/30/2024,22:45,1470
1/30/2024,23:00,1816.8
1/30/2024,23:15,1324.8
1/30/2024,23:30,1874.4
1/30/2024,23:45,1388.4
1/31/2024,0:00,1378.8
1/31/2024,0:15,1422
1/31/2024,0:30,1839.6
1/31/2024,0:45,1333.2
1/31/2024,1:00,1869.6
1/31/2024,1:15,1346.4
1/31/2024,1:30,1846.8
1/31/2024,1:45,1357.2
1/31/2024,2:00,1822.8
1/31/2024,2:15,1316.4
1/31/2024,2:30,1822.8
1/31/2024,2:45,1338
1/31/2024,3:00,1840.8
1/31/2024,3:15,1359.6
1/31/2024,3:30,1816.8
1/31/2024,3:45,1800
1/31/2024,4:00,1393.2
1/31/2024,4:15,1402.8
1/31/2024,4:30,1885.2
1/31/2024,4:45,1386
1/31/2024,5:00,1905.6
1/31/2024,5:15,1359.6
1/31/2024,5:30,1837.2
1/31/2024,5:45,1401.6
1/31/2024,6:00,1822.8
1/31/2024,6:15,1449.6
1/31/2024,6:30,1866
1/31/2024,6:45,1381.2
1/31/2024,7:00,1879.2
1/31/2024,7:15,1381.2
1/31/2024,7:30,1972.8
1/31/2024,7:45,1977.6
1/31/2024,8:00,2710.8
1/31/2024,8:15,2347.2
1/31/2024,8:30,2553.6
1/31/2024,8:45,2294.4
1/31/2024,9:00,3060
1/31/2024,9:15,2260.8
1/31/2024,9:30,2593.2
1/31/2024,9:45,2011.2
1/31/2024,10:00,2798.4
1/31/2024,10:15,2118
1/31/2024,10:30,2408.4
1/31/2024,10:45,1947.6
1/31/2024,11:00,2134.8
1/31/2024,11:15,1897.2
1/31/2024,11:30,1948.8
1/31/2024,11:45,1532.4
1/31/2024,12:00,1951.2
1/31/2024,12:15,1542
1/31/2024,12:30,2415.6
1/31/2024,12:45,1849.2
1/31/2024,13:00,2413.2
1/31/2024,13:15,1999.2
1/31/2024,13:30,2196
1/31/2024,13:45,1953.6
1/31/2024,14:00,2575.2
1/31/2024,14:15,2172
1/31/2024,14:30,2661.6
1/31/2024,14:45,2203.2
1/31/2024,15:00,2401.2
1/31/2024,15:15,2151.6
1/31/2024,15:30,2380.8
1/31/2024,15:45,1710
1/31/2024,16:00,2420.4
1/31/2024,16:15,2142
1/31/2024,16:30,2601.6
1/31/2024,16:45,2185.2
1/31/2024,17:00,2642.4
1/31/2024,17:15,1762.8
1/31/2024,17:30,2404.8
1/31/2024,17:45,2007.6
1/31/2024,18:00,2480.4
1/31/2024,18:15,1500
1/31/2024,18:30,1821.6
1/31/2024,18:45,1424.4
1/31/2024,19:00,1892.4
1/31/2024,19:15,1411.2
1/31/2024,19:30,1948.8
1/31/2024,19:45,1476
1/31/2024,20:00,1936.8
1/31/2024,20:15,1401.6
1/31/2024,20:30,1927.2
1/31/2024,20:45,1419.6
1/31/2024,21:00,1962
1/31/2024,21:15,1438.8
1/31/2024,21:30,1954.8
1/31/2024,21:45,1443.6
1/31/2024,22:00,1927.2
1/31/2024,22:15,1542
1/31/2024,22:30,1950
1/31/2024,22:45,1508.4
1/31/2024,23:00,1927.2
1/31/2024,23:15,1452
1/31/2024,23:30,1932
1/31/2024,23:45,1478.4
2/1/2024,0:00,2004
2/1/2024,0:15,1521.6
2/1/2024,0:30,1956
2/1/2024,0:45,1471.2
2/1/2024,1:00,1944
2/1/2024,1:15,1579.2
2/1/2024,1:30,1966.8
2/1/2024,1:45,1525.2
2/1/2024,2:00,1836
2/1/2024,2:15,1854
2/1/2024,2:30,1378.8
2/1/2024,2:45,1496.4
2/1/2024,3:00,1928.4
2/1/2024,3:15,1538.4
2/1/2024,3:30,1945.2
2/1/2024,3:45,1485.6
2/1/2024,4:00,1933.2
2/1/2024,4:15,1597.2
2/1/2024,4:30,1960.8
2/1/2024,4:45,1544.4
2/1/2024,5:00,1503.6
2/1/2024,5:15,1461.6
2/1/2024,5:30,1933.2
2/1/2024,5:45,1557.6
2/1/2024,6:00,1941.6
2/1/2024,6:15,2013.6
2/1/2024,6:30,1516.8
2/1/2024,6:45,1520.4
2/1/2024,7:00,2030.4
2/1/2024,7:15,1747.2
2/1/2024,7:30,2324.4
2/1/2024,7:45,3062.4
2/1/2024,8:00,3064.8
2/1/2024,8:15,3016.8
2/1/2024,8:30,2566.8
2/1/2024,8:45,3116.4
2/1/2024,9:00,2454
2/1/2024,9:15,2620.8
2/1/2024,9:30,2451.6
2/1/2024,9:45,2943.6
2/1/2024,10:00,2283.6
2/1/2024,10:15,3025.2
2/1/2024,10:30,2439.6
2/1/2024,10:45,2985.6
2/1/2024,11:00,2493.6
2/1/2024,11:15,2486.4
2/1/2024,11:30,1945.2
2/1/2024,11:45,2113.2
2/1/2024,12:00,2078.4
2/1/2024,12:15,2667.6
2/1/2024,12:30,2346
2/1/2024,12:45,3079.2
2/1/2024,13:00,2595.6
2/1/2024,13:15,3092.4
2/1/2024,13:30,2522.4
2/1/2024,13:45,2935.2
2/1/2024,14:00,2856
2/1/2024,14:15,3046.8
2/1/2024,14:30,2781.6
2/1/2024,14:45,2976
2/1/2024,15:00,2289.6
2/1/2024,15:15,3008.4
2/1/2024,15:30,2197.2
2/1/2024,15:45,2583.6
2/1/2024,16:00,2190
2/1/2024,16:15,2701.2
2/1/2024,16:30,2307.6
2/1/2024,16:45,2756.4
2/1/2024,17:00,2740.8
2/1/2024,17:15,2613.6
2/1/2024,17:30,3044.4
2/1/2024,17:45,2616
2/1/2024,18:00,2834.4
2/1/2024,18:15,1820.4
2/1/2024,18:30,1954.8
2/1/2024,18:45,1531.2
2/1/2024,19:00,1951.2
2/1/2024,19:15,1544.4
2/1/2024,19:30,1530
2/1/2024,19:45,1988.4
2/1/2024,20:00,1521.6
2/1/2024,20:15,1972.8
2/1/2024,20:30,1524
2/1/2024,20:45,1990.8
2/1/2024,21:00,1549.2
2/1/2024,21:15,1942.8
2/1/2024,21:30,1513.2
2/1/2024,21:45,1440
2/1/2024,22:00,1970.4
2/1/2024,22:15,1909.2
2/1/2024,22:30,1490.4
2/1/2024,22:45,1960.8
2/1/2024,23:00,1953.6
2/1/2024,23:15,1933.2
2/1/2024,23:30,1533.6
2/1/2024,23:45,1990.8
2/2/2024,0:00,1515.6
2/2/2024,0:15,1975.2
2/2/2024,0:30,1516.8
2/2/2024,0:45,1933.2
2/2/2024,1:00,1508.4
2/2/2024,1:15,1963.2
2/2/2024,1:30,1496.4
2/2/2024,1:45,1909.2
2/2/2024,2:00,1516.8
2/2/2024,2:15,1935.6
2/2/2024,2:30,1528.8
2/2/2024,2:45,1989.6
2/2/2024,3:00,1498.8
2/2/2024,3:15,1950
2/2/2024,3:30,1500
2/2/2024,3:45,1934.4
2/2/2024,4:00,1531.2
2/2/2024,4:15,1939.2
2/2/2024,4:30,1478.4
2/2/2024,4:45,1924.8
2/2/2024,5:00,2006.4
2/2/2024,5:15,1896
2/2/2024,5:30,1554
2/2/2024,5:45,1911.6
2/2/2024,6:00,1520.4
2/2/2024,6:15,1910.4
2/2/2024,6:30,1506
2/2/2024,6:45,1993.2
2/2/2024,7:00,1542
2/2/2024,7:15,2175.6
2/2/2024,7:30,1866
2/2/2024,7:45,2733.6
2/2/2024,8:00,2395.2
2/2/2024,8:15,2760
2/2/2024,8:30,2442
2/2/2024,8:45,3104.4
2/2/2024,9:00,2565.6
2/2/2024,9:15,3037.2
2/2/2024,9:30,2773.2
2/2/2024,9:45,3300
2/2/2024,10:00,2703.6
2/2/2024,10:15,2967.6
2/2/2024,10:30,2374.8
2/2/2024,10:45,3237.6
2/2/2024,11:00,2571.6
2/2/2024,11:15,2642.4
2/2/2024,11:30,1678.8
2/2/2024,11:45,2176.8
2/2/2024,12:00,2145.6
2/2/2024,12:15,3103.2
2/2/2024,12:30,2588.4
2/2/2024,12:45,2986.8
2/2/2024,13:00,2751.6
2/2/2024,13:15,3148.8
2/2/2024,13:30,2542.8
2/2/2024,13:45,2937.6
2/2/2024,14:00,2785.2
2/2/2024,14:15,2788.8
2/2/2024,14:30,2792.4
2/2/2024,14:45,3196.8
2/2/2024,15:00,3184.8
2/2/2024,15:15,2922
2/2/2024,15:30,2635.2
2/2/2024,15:45,2968.8
2/2/2024,16:00,2833.2
2/2/2024,16:15,3477.6
2/2/2024,16:30,2678.4
2/2/2024,16:45,3206.4
2/2/2024,17:00,2856
2/2/2024,17:15,3355.2
2/2/2024,17:30,2659.2
2/2/2024,17:45,3010.8
2/2/2024,18:00,2642.4
2/2/2024,18:15,2658
2/2/2024,18:30,1676.4
2/2/2024,18:45,2031.6
2/2/2024,19:00,1914
2/2/2024,19:15,1485.6
2/2/2024,19:30,1896
2/2/2024,19:45,1351.2
2/2/2024,20:00,1460.4
2/2/2024,20:15,1512
2/2/2024,20:30,1959.6
2/2/2024,20:45,1521.6
2/2/2024,21:00,1494
2/2/2024,21:15,1485.6
2/2/2024,21:30,1995.6
2/2/2024,21:45,1537.2
2/2/2024,22:00,1983.6
2/2/2024,22:15,1548
2/2/2024,22:30,1950
2/2/2024,22:45,1556.4
2/2/2024,23:00,2001.6
2/2/2024,23:15,1954.8
2/2/2024,23:30,1940.4
2/2/2024,23:45,1528.8
2/3/2024,0:00,1906.8
2/3/2024,0:15,1561.2
2/3/2024,0:30,1528.8
2/3/2024,0:45,1525.2
2/3/2024,1:00,2023.2
2/3/2024,1:15,2019.6
2/3/2024,1:30,1594.8
2/3/2024,1:45,2047.2
2/3/2024,2:00,2011.2
2/3/2024,2:15,2032.8
2/3/2024,2:30,2073.6
2/3/2024,2:45,2076
2/3/2024,3:00,2080.8
2/3/2024,3:15,2029.2
2/3/2024,3:30,1644
2/3/2024,3:45,2004
2/3/2024,4:00,1644
2/3/2024,4:15,2035.2
2/3/2024,4:30,1581.6
2/3/2024,4:45,2085.6
2/3/2024,5:00,1616.4
2/3/2024,5:15,2013.6
2/3/2024,5:30,1563.6
2/3/2024,5:45,2002.8
2/3/2024,6:00,1590
2/3/2024,6:15,2014.8
2/3/2024,6:30,1598.4
2/3/2024,6:45,2037.6
2/3/2024,7:00,2018.4
2/3/2024,7:15,1836
2/3/2024,7:30,2325.6
2/3/2024,7:45,2498.4
2/3/2024,8:00,3030
2/3/2024,8:15,2631.6
2/3/2024,8:30,3054
2/3/2024,8:45,3217.2
2/3/2024,9:00,3052.8
2/3/2024,9:15,3190.8
2/3/2024,9:30,3334.8
2/3/2024,9:45,2856
2/3/2024,10:00,2832
2/3/2024,10:15,2606.4
2/3/2024,10:30,3061.2
2/3/2024,10:45,2616
2/3/2024,11:00,3082.8
2/3/2024,11:15,2154
2/3/2024,11:30,2175.6
2/3/2024,11:45,1747.2
2/3/2024,12:00,2643.6
2/3/2024,12:15,2725.2
2/3/2024,12:30,3219.6
2/3/2024,12:45,2433.6
2/3/2024,13:00,3229.2
2/3/2024,13:15,2414.4
2/3/2024,13:30,2794.8
2/3/2024,13:45,2673.6
2/3/2024,14:00,2935.2
2/3/2024,14:15,2517.6
2/3/2024,14:30,2764.8
2/3/2024,14:45,2790
2/3/2024,15:00,3153.6
2/3/2024,15:15,2698.8
2/3/2024,15:30,2559.6
2/3/2024,15:45,3080.4
2/3/2024,16:00,2398.8
2/3/2024,16:15,2802
2/3/2024,16:30,2919.6
2/3/2024,16:45,2918.4
2/3/2024,17:00,2848.8
2/3/2024,17:15,2859.6
2/3/2024,17:30,3042
2/3/2024,17:45,2714.4
2/3/2024,18:00,1611.6
2/3/2024,18:15,2072.4
2/3/2024,18:30,1578
2/3/2024,18:45,1962
2/3/2024,19:00,1552.8
2/3/2024,19:15,1986
2/3/2024,19:30,1534.8
2/3/2024,19:45,1939.2
2/3/2024,20:00,1526.4
2/3/2024,20:15,2036.4
2/3/2024,20:30,1507.2
2/3/2024,20:45,1948.8
2/3/2024,21:00,1527.6
2/3/2024,21:15,2023.2
2/3/2024,21:30,1980
2/3/2024,21:45,2108.4
2/3/2024,22:00,1948.8
2/3/2024,22:15,1594.8
2/3/2024,22:30,1968
2/3/2024,22:45,1543.2
2/3/2024,23:00,2066.4
2/3/2024,23:15,1539.6
2/3/2024,23:30,1920
2/3/2024,23:45,1478.4
2/4/2024,0:00,1414.8
2/4/2024,0:15,1526.4
2/4/2024,0:30,2026.8
2/4/2024,0:45,1635.6
2/4/2024,1:00,2043.6
2/4/2024,1:15,1654.8
2/4/2024,1:30,2035.2
2/4/2024,1:45,1579.2
2/4/2024,2:00,2056.8
2/4/2024,2:15,1586.4
2/4/2024,2:30,1983.6
2/4/2024,2:45,1551.6
2/4/2024,3:00,1923.6
2/4/2024,3:15,1519.2
2/4/2024,3:30,1929.6
2/4/2024,3:45,1581.6
2/4/2024,4:00,1978.8
2/4/2024,4:15,1557.6
2/4/2024,4:30,1970.4
2/4/2024,4:45,1560
2/4/2024,5:00,1485.6
2/4/2024,5:15,1488
2/4/2024,5:30,1951.2
2/4/2024,5:45,1484.4
2/4/2024,6:00,1911.6
2/4/2024,6:15,1452
2/4/2024,6:30,1902
2/4/2024,6:45,1489.2
2/4/2024,7:00,1900.8
2/4/2024,7:15,1750.8
2/4/2024,7:30,2420.4
2/4/2024,7:45,2622
2/4/2024,8:00,2886
2/4/2024,8:15,2532
2/4/2024,8:30,2928
2/4/2024,8:45,2814
2/4/2024,9:00,3091.2
2/4/2024,9:15,2887.2
2/4/2024,9:30,2814
2/4/2024,9:45,2983.2
2/4/2024,10:00,3219.6
2/4/2024,10:15,3153.6
2/4/2024,10:30,2748
2/4/2024,10:45,2396.4
2/4/2024,11:00,3044.4
2/4/2024,11:15,2012.4
2/4/2024,11:30,2019.6
2/4/2024,11:45,2016
2/4/2024,12:00,2581.2
2/4/2024,12:15,2193.6
2/4/2024,12:30,3001.2
2/4/2024,12:45,2724
2/4/2024,13:00,3074.4
2/4/2024,13:15,2770.8
2/4/2024,13:30,2703.6
2/4/2024,13:45,2512.8
2/4/2024,14:00,2677.2
2/4/2024,14:15,2406
2/4/2024,14:30,2924.4
2/4/2024,14:45,2481.6
2/4/2024,15:00,3222
2/4/2024,15:15,2461.2
2/4/2024,15:30,2839.2
2/4/2024,15:45,2398.8
2/4/2024,16:00,2690.4
2/4/2024,16:15,2676
2/4/2024,16:30,3111.6
2/4/2024,16:45,2114.4
2/4/2024,17:00,2577.6
2/4/2024,17:15,2118
2/4/2024,17:30,2541.6
2/4/2024,17:45,2743.2
2/4/2024,18:00,2556
2/4/2024,18:15,2556
2/4/2024,18:30,2533.2
2/4/2024,18:45,2488.8
2/4/2024,19:00,2408.4
2/4/2024,19:15,2538
2/4/2024,19:30,2403.6
2/4/2024,19:45,2017.2
2/4/2024,20:00,1438.8
2/4/2024,20:15,1950
2/4/2024,20:30,1450.8
2/4/2024,20:45,1869.6
2/4/2024,21:00,1520.4
2/4/2024,21:15,1916.4
2/4/2024,21:30,1450.8
2/4/2024,21:45,1432.8
2/4/2024,22:00,1935.6
2/4/2024,22:15,1442.4
2/4/2024,22:30,1981.2
2/4/2024,22:45,1908
2/4/2024,23:00,1969.2
2/4/2024,23:15,1454.4
2/4/2024,23:30,1460.4
2/4/2024,23:45,1838.4
2/5/2024,0:00,1935.6
2/5/2024,0:15,1897.2
2/5/2024,0:30,1909.2
2/5/2024,0:45,2010
2/5/2024,1:00,1888.8
2/5/2024,1:15,1472.4
2/5/2024,1:30,1878
2/5/2024,1:45,1438.8
2/5/2024,2:00,1950
2/5/2024,2:15,1963.2
2/5/2024,2:30,1932
2/5/2024,2:45,1452
2/5/2024,3:00,1903.2
2/5/2024,3:15,1975.2
2/5/2024,3:30,1527.6
2/5/2024,3:45,1946.4
2/5/2024,4:00,1464
2/5/2024,4:15,1912.8
2/5/2024,4:30,1503.6
2/5/2024,4:45,1926
2/5/2024,5:00,1852.8
2/5/2024,5:15,1428
2/5/2024,5:30,1868.4
2/5/2024,5:45,1461.6
2/5/2024,6:00,1906.8
2/5/2024,6:15,1441.2
2/5/2024,6:30,1909.2
2/5/2024,6:45,1472.4
2/5/2024,7:00,1908
2/5/2024,7:15,1716
2/5/2024,7:30,2216.4
2/5/2024,7:45,2086.8
2/5/2024,8:00,2892
2/5/2024,8:15,2570.4
2/5/2024,8:30,2877.6
2/5/2024,8:45,2176.8
2/5/2024,9:00,2600.4
2/5/2024,9:15,2251.2
2/5/2024,9:30,2805.6
2/5/2024,9:45,2889.6
2/5/2024,10:00,2637.6
2/5/2024,10:15,2199.6
2/5/2024,10:30,2622
2/5/2024,10:45,2493.6
2/5/2024,11:00,2641.2
2/5/2024,11:15,1569.6
2/5/2024,11:30,1941.6
2/5/2024,11:45,1989.6
2/5/2024,12:00,2456.4
2/5/2024,12:15,2544
2/5/2024,12:30,2510.4
2/5/2024,12:45,2096.4
2/5/2024,13:00,2508
2/5/2024,13:15,2546.4
2/5/2024,13:30,2142
2/5/2024,13:45,2522.4
2/5/2024,14:00,2589.6
2/5/2024,14:15,2058
2/5/2024,14:30,1638
2/5/2024,14:45,2089.2
2/5/2024,15:00,1317.6
2/5/2024,15:15,1117.2
2/5/2024,15:30,1147.2
2/5/2024,15:45,1521.6
2/5/2024,16:00,1392
2/5/2024,16:15,1482
2/5/2024,16:30,1314
2/5/2024,16:45,1017.6
2/5/2024,17:00,1015.2
2/5/2024,17:15,969.6
2/5/2024,17:30,1009.2
2/5/2024,17:45,1483.2
2/5/2024,18:00,1833.6
2/5/2024,18:15,1066.8
2/5/2024,18:30,885.6
2/5/2024,18:45,478.8
2/5/2024,19:00,378
2/5/2024,19:15,303.6
2/5/2024,19:30,264
2/5/2024,19:45,774
2/5/2024,20:00,279.6
2/5/2024,20:15,291.6
2/5/2024,20:30,265.2
2/5/2024,20:45,296.4
2/5/2024,21:00,274.8
2/5/2024,21:15,270
2/5/2024,21:30,272.4
2/5/2024,21:45,265.2
2/5/2024,22:00,259.2
2/5/2024,22:15,262.8
2/5/2024,22:30,297.6
2/5/2024,22:45,301.2
2/5/2024,23:00,280.8
2/5/2024,23:15,313.2
2/5/2024,23:30,324
2/5/2024,23:45,302.4
2/6/2024,0:00,326.4
2/6/2024,0:15,318
2/6/2024,0:30,332.4
2/6/2024,0:45,333.6
2/6/2024,1:00,379.2
2/6/2024,1:15,404.4
2/6/2024,1:30,403.2
2/6/2024,1:45,834
2/6/2024,2:00,325.2
2/6/2024,2:15,319.2
2/6/2024,2:30,289.2
2/6/2024,2:45,294
2/6/2024,3:00,315.6
2/6/2024,3:15,295.2
2/6/2024,3:30,296.4
2/6/2024,3:45,298.8
2/6/2024,4:00,301.2
2/6/2024,4:15,290.4
2/6/2024,4:30,313.2
2/6/2024,4:45,572.4
2/6/2024,5:00,823.2
2/6/2024,5:15,945.6
2/6/2024,5:30,1051.2
2/6/2024,5:45,614.4
2/6/2024,6:00,600
2/6/2024,6:15,1321.2
2/6/2024,6:30,1666.8
2/6/2024,6:45,1893.6
2/6/2024,7:00,1971.6
2/6/2024,7:15,2349.6
2/6/2024,7:30,3058.8
2/6/2024,7:45,2941.2
2/6/2024,8:00,2980.8
2/6/2024,8:15,3240
2/6/2024,8:30,3715.2
2/6/2024,8:45,3058.8
2/6/2024,9:00,4004.4
2/6/2024,9:15,3393.6
2/6/2024,9:30,4009.2
2/6/2024,9:45,3984
2/6/2024,10:00,3849.6
2/6/2024,10:15,3894
2/6/2024,10:30,3348
2/6/2024,10:45,3123.6
2/6/2024,11:00,3458.4
2/6/2024,11:15,3728.4
2/6/2024,11:30,3307.2
2/6/2024,11:45,3837.6
2/6/2024,12:00,3253.2
2/6/2024,12:15,3060
2/6/2024,12:30,3864
2/6/2024,12:45,2913.6
2/6/2024,13:00,2754
2/6/2024,13:15,2800.8
2/6/2024,13:30,3849.6
2/6/2024,13:45,3871.2
2/6/2024,14:00,3874.8
2/6/2024,14:15,2664
2/6/2024,14:30,3573.6
2/6/2024,14:45,2724
2/6/2024,15:00,3784.8
2/6/2024,15:15,3813.6
2/6/2024,15:30,3589.2
2/6/2024,15:45,3741.6
2/6/2024,16:00,3410.4
2/6/2024,16:15,3526.8
2/6/2024,16:30,3432
2/6/2024,16:45,2942.4
2/6/2024,17:00,3472.8
2/6/2024,17:15,2506.8
2/6/2024,17:30,2878.8
2/6/2024,17:45,2397.6
2/6/2024,18:00,2427.6
2/6/2024,18:15,3324
2/6/2024,18:30,2316
2/6/2024,18:45,3200.4
2/6/2024,19:00,3319.2
2/6/2024,19:15,3262.8
2/6/2024,19:30,2373.6
2/6/2024,19:45,3278.4
2/6/2024,20:00,3216
2/6/2024,20:15,2402.4
2/6/2024,20:30,3362.4
2/6/2024,20:45,3331.2
2/6/2024,21:00,2370
2/6/2024,21:15,3289.2
2/6/2024,21:30,3366
2/6/2024,21:45,2352
2/6/2024,22:00,2809.2
2/6/2024,22:15,3381.6
2/6/2024,22:30,3336
2/6/2024,22:45,2391.6
2/6/2024,23:00,3360
2/6/2024,23:15,3261.6
2/6/2024,23:30,3298.8
2/6/2024,23:45,3368.4
2/7/2024,0:00,2796
2/7/2024,0:15,3366
2/7/2024,0:30,3322.8
2/7/2024,0:45,3300
2/7/2024,1:00,2840.4
2/7/2024,1:15,3277.2
2/7/2024,1:30,3289.2
2/7/2024,1:45,3344.4
2/7/2024,2:00,3274.8
2/7/2024,2:15,3358.8
2/7/2024,2:30,3279.6
2/7/2024,2:45,3313.2
2/7/2024,3:00,3276
2/7/2024,3:15,2319.6
2/7/2024,3:30,3181.2
2/7/2024,3:45,3252
2/7/2024,4:00,3284.4
2/7/2024,4:15,3303.6
2/7/2024,4:30,2814
2/7/2024,4:45,3223.2
2/7/2024,5:00,3322.8
2/7/2024,5:15,3367.2
2/7/2024,5:30,2354.4
2/7/2024,5:45,2398.8
2/7/2024,6:00,2822.4
2/7/2024,6:15,2530.8
2/7/2024,6:30,1340.4
2/7/2024,6:45,2036.4
2/7/2024,7:00,943.2
2/7/2024,7:15,378
2/7/2024,7:30,370.8
2/7/2024,7:45,595.2
2/7/2024,8:00,561.6
2/7/2024,8:15,505.2
2/7/2024,8:30,452.4
2/7/2024,8:45,428.4
2/7/2024,9:00,394.8
2/7/2024,9:15,390
2/7/2024,9:30,290.4
2/7/2024,9:45,308.4
2/7/2024,10:00,300
2/7/2024,10:15,271.2
2/7/2024,10:30,242.4
2/7/2024,10:45,234
2/7/2024,11:00,231.6
2/7/2024,11:15,223.2
2/7/2024,11:30,206.4
2/7/2024,11:45,235.2
2/7/2024,12:00,232.8
2/7/2024,12:15,223.2
2/7/2024,12:30,204
2/7/2024,12:45,187.2
2/7/2024,13:00,193.2
2/7/2024,13:15,187.2
2/7/2024,13:30,183.6
2/7/2024,13:45,192
2/7/2024,14:00,123.6
2/7/2024,14:15,114
2/7/2024,14:30,115.2
2/7/2024,14:45,112.8
2/7/2024,15:00,192
2/7/2024,15:15,151.2
2/7/2024,15:30,134.4
2/7/2024,15:45,123.6
2/7/2024,16:00,115.2
2/7/2024,16:15,181.2
2/7/2024,16:30,136.8
2/7/2024,16:45,142.8
2/7/2024,17:00,132
2/7/2024,17:15,111.6
2/7/2024,17:30,115.2
2/7/2024,17:45,110.4
2/7/2024,18:00,108
2/7/2024,18:15,115.2
2/7/2024,18:30,124.8
2/7/2024,18:45,111.6
2/7/2024,19:00,111.6
2/7/2024,19:15,117.6
2/7/2024,19:30,130.8
2/7/2024,19:45,130.8
2/7/2024,20:00,129.6
2/7/2024,20:15,138
2/7/2024,20:30,127.2
2/7/2024,20:45,128.4
2/7/2024,21:00,135.6
2/7/2024,21:15,136.8
2/7/2024,21:30,127.2
2/7/2024,21:45,128.4
2/7/2024,22:00,135.6
2/7/2024,22:15,127.2
2/7/2024,22:30,127.2
2/7/2024,22:45,126
2/7/2024,23:00,136.8
2/7/2024,23:15,127.2
2/7/2024,23:30,126
2/7/2024,23:45,134.4
2/8/2024,0:00,129.6
2/8/2024,0:15,129.6
2/8/2024,0:30,126
2/8/2024,0:45,135.6
2/8/2024,1:00,127.2
2/8/2024,1:15,129.6
2/8/2024,1:30,136.8
2/8/2024,1:45,128.4
2/8/2024,2:00,128.4
2/8/2024,2:15,127.2
2/8/2024,2:30,138
2/8/2024,2:45,127.2
2/8/2024,3:00,127.2
2/8/2024,3:15,150
2/8/2024,3:30,130.8
2/8/2024,3:45,127.2
2/8/2024,4:00,128.4
2/8/2024,4:15,152.4
2/8/2024,4:30,130.8
2/8/2024,4:45,140.4
2/8/2024,5:00,134.4
2/8/2024,5:15,142.8
2/8/2024,5:30,127.2
2/8/2024,5:45,141.6
2/8/2024,6:00,135.6
2/8/2024,6:15,140.4
2/8/2024,6:30,126
2/8/2024,6:45,148.8
2/8/2024,7:00,129.6
2/8/2024,7:15,135.6
2/8/2024,7:30,122.4
2/8/2024,7:45,144
2/8/2024,8:00,136.8
2/8/2024,8:15,126
2/8/2024,8:30,126
2/8/2024,8:45,130.8
2/8/2024,9:00,122.4
2/8/2024,9:15,136.8
2/8/2024,9:30,120
2/8/2024,9:45,109.2
2/8/2024,10:00,111.6
2/8/2024,10:15,112.8
2/8/2024,10:30,116.4
2/8/2024,10:45,108
2/8/2024,11:00,112.8
2/8/2024,11:15,116.4
2/8/2024,11:30,109.2
2/8/2024,11:45,110.4
2/8/2024,12:00,108
2/8/2024,12:15,118.8
2/8/2024,12:30,110.4
2/8/2024,12:45,106.8
2/8/2024,13:00,120
2/8/2024,13:15,122.4
2/8/2024,13:30,108
2/8/2024,13:45,112.8
2/8/2024,14:00,123.6
2/8/2024,14:15,122.4
2/8/2024,14:30,114
2/8/2024,14:45,130.8
2/8/2024,15:00,118.8
2/8/2024,15:15,110.4
2/8/2024,15:30,110.4
2/8/2024,15:45,116.4
2/8/2024,16:00,109.2
2/8/2024,16:15,106.8
2/8/2024,16:30,130.8
2/8/2024,16:45,110.4
2/8/2024,17:00,110.4
2/8/2024,17:15,106.8
2/8/2024,17:30,117.6
2/8/2024,17:45,109.2
2/8/2024,18:00,110.4
2/8/2024,18:15,118.8
2/8/2024,18:30,108
2/8/2024,18:45,109.2
2/8/2024,19:00,108
2/8/2024,19:15,118.8
2/8/2024,19:30,118.8
2/8/2024,19:45,121.2
2/8/2024,20:00,127.2
2/8/2024,20:15,123.6
2/8/2024,20:30,120
2/8/2024,20:45,120
2/8/2024,21:00,128.4
2/8/2024,21:15,121.2
2/8/2024,21:30,120
2/8/2024,21:45,122.4
2/8/2024,22:00,129.6
2/8/2024,22:15,124.8
2/8/2024,22:30,121.2
2/8/2024,22:45,130.8
2/8/2024,23:00,120
2/8/2024,23:15,121.2
2/8/2024,23:30,121.2
2/8/2024,23:45,132
2/9/2024,0:00,121.2
2/9/2024,0:15,122.4
2/9/2024,0:30,130.8
2/9/2024,0:45,118.8
2/9/2024,1:00,121.2
2/9/2024,1:15,121.2
2/9/2024,1:30,128.4
2/9/2024,1:45,118.8
2/9/2024,2:00,135.6
2/9/2024,2:15,129.6
2/9/2024,2:30,121.2
2/9/2024,2:45,121.2
2/9/2024,3:00,121.2
2/9/2024,3:15,128.4
2/9/2024,3:30,117.6
2/9/2024,3:45,121.2
2/9/2024,4:00,129.6
2/9/2024,4:15,122.4
2/9/2024,4:30,120
2/9/2024,4:45,120
2/9/2024,5:00,129.6
2/9/2024,5:15,121.2
2/9/2024,5:30,122.4
2/9/2024,5:45,133.2
2/9/2024,6:00,129.6
2/9/2024,6:15,121.2
2/9/2024,6:30,121.2
2/9/2024,6:45,129.6
2/9/2024,7:00,120
2/9/2024,7:15,122.4
2/9/2024,7:30,123.6
2/9/2024,7:45,132
2/9/2024,8:00,118.8
2/9/2024,8:15,132
2/9/2024,8:30,142.8
2/9/2024,8:45,132
2/9/2024,9:00,129.6
2/9/2024,9:15,130.8
2/9/2024,9:30,129.6
2/9/2024,9:45,133.2
2/9/2024,10:00,114
2/9/2024,10:15,124.8
2/9/2024,10:30,116.4
2/9/2024,10:45,111.6
2/9/2024,11:00,112.8
2/9/2024,11:15,122.4
2/9/2024,11:30,115.2
2/9/2024,11:45,118.8
2/9/2024,12:00,117.6
2/9/2024,12:15,110.4
2/9/2024,12:30,110.4
2/9/2024,12:45,108
2/9/2024,13:00,120
2/9/2024,13:15,108
2/9/2024,13:30,108
2/9/2024,13:45,120
2/9/2024,14:00,116.4
2/9/2024,14:15,110.4
2/9/2024,14:30,109.2
2/9/2024,14:45,116.4
2/9/2024,15:00,110.4
2/9/2024,15:15,109.2
2/9/2024,15:30,115.2
2/9/2024,15:45,115.2
2/9/2024,16:00,108
2/9/2024,16:15,110.4
2/9/2024,16:30,116.4
2/9/2024,16:45,109.2
2/9/2024,17:00,106.8
2/9/2024,17:15,126
2/9/2024,17:30,132
2/9/2024,17:45,121.2
2/9/2024,18:00,123.6
2/9/2024,18:15,129.6
2/9/2024,18:30,110.4
2/9/2024,18:45,112.8
2/9/2024,19:00,120
2/9/2024,19:15,121.2
2/9/2024,19:30,108
2/9/2024,19:45,110.4
2/9/2024,20:00,116.4
2/9/2024,20:15,111.6
2/9/2024,20:30,106.8
2/9/2024,20:45,124.8
2/9/2024,21:00,134.4
2/9/2024,21:15,127.2
2/9/2024,21:30,114
2/9/2024,21:45,126
2/9/2024,22:00,112.8
2/9/2024,22:15,110.4
2/9/2024,22:30,108
2/9/2024,22:45,117.6
2/9/2024,23:00,109.2
2/9/2024,23:15,110.4
2/9/2024,23:30,118.8
2/9/2024,23:45,110.4
2/10/2024,0:00,110.4
2/10/2024,0:15,110.4
2/10/2024,0:30,118.8
2/10/2024,0:45,109.2
2/10/2024,1:00,109.2
2/10/2024,1:15,118.8
2/10/2024,1:30,110.4
2/10/2024,1:45,109.2
2/10/2024,2:00,112.8
2/10/2024,2:15,117.6
2/10/2024,2:30,110.4
2/10/2024,2:45,110.4
2/10/2024,3:00,122.4
2/10/2024,3:15,106.8
2/10/2024,3:30,108
2/10/2024,3:45,114
2/10/2024,4:00,118.8
2/10/2024,4:15,109.2
2/10/2024,4:30,110.4
2/10/2024,4:45,118.8
2/10/2024,5:00,120
2/10/2024,5:15,110.4
2/10/2024,5:30,110.4
2/10/2024,5:45,118.8
2/10/2024,6:00,108
2/10/2024,6:15,111.6
2/10/2024,6:30,117.6
2/10/2024,6:45,118.8
2/10/2024,7:00,109.2
2/10/2024,7:15,122.4
2/10/2024,7:30,129.6
2/10/2024,7:45,121.2
2/10/2024,8:00,124.8
2/10/2024,8:15,126
2/10/2024,8:30,133.2
2/10/2024,8:45,122.4
2/10/2024,9:00,122.4
2/10/2024,9:15,118.8
2/10/2024,9:30,110.4
2/10/2024,9:45,106.8
2/10/2024,10:00,110.4
2/10/2024,10:15,120
2/10/2024,10:30,111.6
2/10/2024,10:45,108
2/10/2024,11:00,116.4
2/10/2024,11:15,106.8
2/10/2024,11:30,110.4
2/10/2024,11:45,108
2/10/2024,12:00,115.2
2/10/2024,12:15,108
2/10/2024,12:30,109.2
2/10/2024,12:45,116.4
2/10/2024,13:00,108
2/10/2024,13:15,106.8
2/10/2024,13:30,108
2/10/2024,13:45,115.2
2/10/2024,14:00,108
2/10/2024,14:15,106.8
2/10/2024,14:30,115.2
2/10/2024,14:45,106.8
2/10/2024,15:00,109.2
2/10/2024,15:15,106.8
2/10/2024,15:30,115.2
2/10/2024,15:45,106.8
2/10/2024,16:00,105.6
2/10/2024,16:15,122.4
2/10/2024,16:30,106.8
2/10/2024,16:45,106.8
2/10/2024,17:00,109.2
2/10/2024,17:15,135.6
2/10/2024,17:30,128.4
2/10/2024,17:45,128.4
2/10/2024,18:00,136.8
2/10/2024,18:15,127.2
2/10/2024,18:30,128.4
2/10/2024,18:45,127.2
2/10/2024,19:00,135.6
2/10/2024,19:15,126
2/10/2024,19:30,134.4
2/10/2024,19:45,138
2/10/2024,20:00,128.4
2/10/2024,20:15,127.2
2/10/2024,20:30,127.2
2/10/2024,20:45,136.8
2/10/2024,21:00,127.2
2/10/2024,21:15,141.6
2/10/2024,21:30,136.8
2/10/2024,21:45,136.8
2/10/2024,22:00,130.8
2/10/2024,22:15,128.4
2/10/2024,22:30,136.8
2/10/2024,22:45,129.6
2/10/2024,23:00,127.2
2/10/2024,23:15,134.4
2/10/2024,23:30,134.4
2/10/2024,23:45,128.4
2/11/2024,0:00,129.6
2/11/2024,0:15,138
2/11/2024,0:30,126
2/11/2024,0:45,127.2
2/11/2024,1:00,128.4
2/11/2024,1:15,135.6
2/11/2024,1:30,127.2
2/11/2024,1:45,126
2/11/2024,2:00,136.8
2/11/2024,2:15,128.4
2/11/2024,2:30,129.6
2/11/2024,2:45,126
2/11/2024,3:00,135.6
2/11/2024,3:15,128.4
2/11/2024,3:30,128.4
2/11/2024,3:45,138
2/11/2024,4:00,128.4
2/11/2024,4:15,130.8
2/11/2024,4:30,129.6
2/11/2024,4:45,135.6
2/11/2024,5:00,127.2
2/11/2024,5:15,126
2/11/2024,5:30,135.6
2/11/2024,5:45,128.4
2/11/2024,6:00,130.8
2/11/2024,6:15,126
2/11/2024,6:30,134.4
2/11/2024,6:45,127.2
2/11/2024,7:00,122.4
2/11/2024,7:15,130.8
2/11/2024,7:30,121.2
2/11/2024,7:45,110.4
2/11/2024,8:00,110.4
2/11/2024,8:15,120
2/11/2024,8:30,110.4
2/11/2024,8:45,110.4
2/11/2024,9:00,118.8
2/11/2024,9:15,110.4
2/11/2024,9:30,111.6
2/11/2024,9:45,110.4
2/11/2024,10:00,132
2/11/2024,10:15,110.4
2/11/2024,10:30,108
2/11/2024,10:45,121.2
2/11/2024,11:00,109.2
2/11/2024,11:15,110.4
2/11/2024,11:30,109.2
2/11/2024,11:45,132
2/11/2024,12:00,109.2
2/11/2024,12:15,109.2
2/11/2024,12:30,116.4
2/11/2024,12:45,109.2
2/11/2024,13:00,106.8
2/11/2024,13:15,108
2/11/2024,13:30,117.6
2/11/2024,13:45,109.2
2/11/2024,14:00,109.2
2/11/2024,14:15,117.6
2/11/2024,14:30,122.4
2/11/2024,14:45,109.2
2/11/2024,15:00,109.2
2/11/2024,15:15,130.8
2/11/2024,15:30,118.8
2/11/2024,15:45,118.8
2/11/2024,16:00,124.8
2/11/2024,16:15,116.4
2/11/2024,16:30,110.4
2/11/2024,16:45,109.2
2/11/2024,17:00,114
2/11/2024,17:15,114
2/11/2024,17:30,111.6
2/11/2024,17:45,135.6
2/11/2024,18:00,124.8
2/11/2024,18:15,123.6
2/11/2024,18:30,123.6
2/11/2024,18:45,129.6
2/11/2024,19:00,126
2/11/2024,19:15,122.4
2/11/2024,19:30,132
2/11/2024,19:45,130.8
2/11/2024,20:00,126
2/11/2024,20:15,123.6
2/11/2024,20:30,140.4
2/11/2024,20:45,126
2/11/2024,21:00,121.2
2/11/2024,21:15,133.2
2/11/2024,21:30,130.8
2/11/2024,21:45,124.8
2/11/2024,22:00,136.8
2/11/2024,22:15,130.8
2/11/2024,22:30,124.8
2/11/2024,22:45,124.8
2/11/2024,23:00,121.2
2/11/2024,23:15,130.8
2/11/2024,23:30,123.6
2/11/2024,23:45,123.6
2/12/2024,0:00,133.2
2/12/2024,0:15,126
2/12/2024,0:30,123.6
2/12/2024,0:45,123.6
2/12/2024,1:00,134.4
2/12/2024,1:15,122.4
2/12/2024,1:30,123.6
2/12/2024,1:45,132
2/12/2024,2:00,124.8
2/12/2024,2:15,121.2
2/12/2024,2:30,124.8
2/12/2024,2:45,132
2/12/2024,3:00,123.6
2/12/2024,3:15,124.8
2/12/2024,3:30,132
2/12/2024,3:45,123.6
2/12/2024,4:00,124.8
2/12/2024,4:15,124.8
2/12/2024,4:30,132
2/12/2024,4:45,124.8
2/12/2024,5:00,121.2
2/12/2024,5:15,132
2/12/2024,5:30,124.8
2/12/2024,5:45,128.4
2/12/2024,6:00,121.2
2/12/2024,6:15,133.2
2/12/2024,6:30,123.6
2/12/2024,6:45,123.6
2/12/2024,7:00,133.2
2/12/2024,7:15,132
2/12/2024,7:30,112.8
2/12/2024,7:45,122.4
2/12/2024,8:00,121.2
2/12/2024,8:15,110.4
2/12/2024,8:30,110.4
2/12/2024,8:45,116.4
2/12/2024,9:00,264
2/12/2024,9:15,110.4
2/12/2024,9:30,183.6
2/12/2024,9:45,142.8
2/12/2024,10:00,132
2/12/2024,10:15,108
2/12/2024,10:30,262.8
2/12/2024,10:45,145.2
2/12/2024,11:00,127.2
2/12/2024,11:15,134.4
2/12/2024,11:30,117.6
2/12/2024,11:45,264
2/12/2024,12:00,175.2
2/12/2024,12:15,128.4
2/12/2024,12:30,136.8
2/12/2024,12:45,106.8
2/12/2024,13:00,262.8
2/12/2024,13:15,183.6
2/12/2024,13:30,132
2/12/2024,13:45,126
2/12/2024,14:00,126
2/12/2024,14:15,130.8
2/12/2024,14:30,177.6
2/12/2024,14:45,128.4
2/12/2024,15:00,136.8
2/12/2024,15:15,106.8
2/12/2024,15:30,200.4
2/12/2024,15:45,175.2
2/12/2024,16:00,115.2
2/12/2024,16:15,123.6
2/12/2024,16:30,120
2/12/2024,16:45,132
2/12/2024,17:00,121.2
2/12/2024,17:15,124.8
2/12/2024,17:30,106.8
2/12/2024,17:45,121.2
2/12/2024,18:00,108
2/12/2024,18:15,106.8
2/12/2024,18:30,122.4
2/12/2024,18:45,106.8
2/12/2024,19:00,110.4
2/12/2024,19:15,124.8
2/12/2024,19:30,117.6
2/12/2024,19:45,111.6
2/12/2024,20:00,110.4
2/12/2024,20:15,118.8
2/12/2024,20:30,126
2/12/2024,20:45,109.2
2/12/2024,21:00,110.4
2/12/2024,21:15,118.8
2/12/2024,21:30,110.4
2/12/2024,21:45,118.8
2/12/2024,22:00,116.4
2/12/2024,22:15,114
2/12/2024,22:30,109.2
2/12/2024,22:45,109.2
2/12/2024,23:00,114
2/12/2024,23:15,111.6
2/12/2024,23:30,105.6
2/12/2024,23:45,120
2/13/2024,0:00,108
2/13/2024,0:15,109.2
2/13/2024,0:30,112.8
2/13/2024,0:45,115.2
2/13/2024,1:00,108
2/13/2024,1:15,105.6
2/13/2024,1:30,118.8
2/13/2024,1:45,115.2
2/13/2024,2:00,109.2
2/13/2024,2:15,105.6
2/13/2024,2:30,118.8
2/13/2024,2:45,121.2
2/13/2024,3:00,114
2/13/2024,3:15,118.8
2/13/2024,3:30,117.6
2/13/2024,3:45,108
2/13/2024,4:00,108
2/13/2024,4:15,117.6
2/13/2024,4:30,105.6
2/13/2024,4:45,108
2/13/2024,5:00,108
2/13/2024,5:15,116.4
2/13/2024,5:30,109.2
2/13/2024,5:45,106.8
2/13/2024,6:00,118.8
2/13/2024,6:15,108
2/13/2024,6:30,106.8
2/13/2024,6:45,109.2
2/13/2024,7:00,117.6
2/13/2024,7:15,109.2
2/13/2024,7:30,117.6
2/13/2024,7:45,127.2
2/13/2024,8:00,110.4
2/13/2024,8:15,175.2
2/13/2024,8:30,112.8
2/13/2024,8:45,122.4
2/13/2024,9:00,92.4
2/13/2024,9:15,247.2
2/13/2024,9:30,168
2/13/2024,9:45,111.6
2/13/2024,10:00,109.2
2/13/2024,10:15,92.4
2/13/2024,10:30,243.6
2/13/2024,10:45,156
2/13/2024,11:00,112.8
2/13/2024,11:15,116.4
2/13/2024,11:30,88.8
2/13/2024,11:45,105.6
2/13/2024,12:00,184.8
2/13/2024,12:15,141.6
2/13/2024,12:30,120
2/13/2024,12:45,120
2/13/2024,13:00,106.8
2/13/2024,13:15,91.2
2/13/2024,13:30,88.8
2/13/2024,13:45,87.6
2/13/2024,14:00,100.8
2/13/2024,14:15,88.8
2/13/2024,14:30,88.8
2/13/2024,14:45,96
2/13/2024,15:00,91.2
2/13/2024,15:15,96
2/13/2024,15:30,91.2
2/13/2024,15:45,96
2/13/2024,16:00,87.6
2/13/2024,16:15,86.4
2/13/2024,16:30,98.4
2/13/2024,16:45,91.2
2/13/2024,17:00,93.6
2/13/2024,17:15,90
2/13/2024,17:30,96
2/13/2024,17:45,88.8
2/13/2024,18:00,91.2
2/13/2024,18:15,99.6
2/13/2024,18:30,93.6
2/13/2024,18:45,88.8
2/13/2024,19:00,243.6
2/13/2024,19:15,117.6
2/13/2024,19:30,181.2
2/13/2024,19:45,104.4
2/13/2024,20:00,109.2
2/13/2024,20:15,97.2
2/13/2024,20:30,93.6
2/13/2024,20:45,97.2
2/13/2024,21:00,108
2/13/2024,21:15,96
2/13/2024,21:30,93.6
2/13/2024,21:45,110.4
2/13/2024,22:00,103.2
2/13/2024,22:15,92.4
2/13/2024,22:30,93.6
2/13/2024,22:45,102
2/13/2024,23:00,92.4
2/13/2024,23:15,93.6
2/13/2024,23:30,104.4
2/13/2024,23:45,94.8
2/14/2024,0:00,93.6
2/14/2024,0:15,93.6
2/14/2024,0:30,104.4
2/14/2024,0:45,126
2/14/2024,1:00,127.2
2/14/2024,1:15,134.4
2/14/2024,1:30,106.8
2/14/2024,1:45,96
2/14/2024,2:00,96
2/14/2024,2:15,105.6
2/14/2024,2:30,97.2
2/14/2024,2:45,97.2
2/14/2024,3:00,106.8
2/14/2024,3:15,94.8
2/14/2024,3:30,96
2/14/2024,3:45,111.6
2/14/2024,4:00,104.4
2/14/2024,4:15,96
2/14/2024,4:30,94.8
2/14/2024,4:45,105.6
2/14/2024,5:00,94.8
2/14/2024,5:15,96
2/14/2024,5:30,96
2/14/2024,5:45,104.4
2/14/2024,6:00,94.8
2/14/2024,6:15,94.8
2/14/2024,6:30,111.6
2/14/2024,6:45,96
2/14/2024,7:00,96
2/14/2024,7:15,94.8
2/14/2024,7:30,105.6
2/14/2024,7:45,91.2
2/14/2024,8:00,90
2/14/2024,8:15,105.6
2/14/2024,8:30,91.2
2/14/2024,8:45,92.4
2/14/2024,9:00,91.2
2/14/2024,9:15,98.4
2/14/2024,9:30,90
2/14/2024,9:45,93.6
2/14/2024,10:00,111.6
2/14/2024,10:15,98.4
2/14/2024,10:30,90
2/14/2024,10:45,90
2/14/2024,11:00,114
2/14/2024,11:15,105.6
2/14/2024,11:30,91.2
2/14/2024,11:45,100.8
2/14/2024,12:00,98.4
2/14/2024,12:15,90
2/14/2024,12:30,92.4
2/14/2024,12:45,98.4
2/14/2024,13:00,90
2/14/2024,13:15,90
2/14/2024,13:30,90
2/14/2024,13:45,100.8
2/14/2024,14:00,90
2/14/2024,14:15,93.6
2/14/2024,14:30,98.4
2/14/2024,14:45,88.8
2/14/2024,15:00,90
2/14/2024,15:15,90
2/14/2024,15:30,98.4
2/14/2024,15:45,90
2/14/2024,16:00,90
2/14/2024,16:15,98.4
2/14/2024,16:30,92.4
2/14/2024,16:45,99.6
2/14/2024,17:00,92.4
2/14/2024,17:15,100.8
2/14/2024,17:30,91.2
2/14/2024,17:45,93.6
2/14/2024,18:00,102
2/14/2024,18:15,92.4
2/14/2024,18:30,98.4
2/14/2024,18:45,90
2/14/2024,19:00,102
2/14/2024,19:15,92.4
2/14/2024,19:30,91.2
2/14/2024,19:45,98.4
2/14/2024,20:00,92.4
2/14/2024,20:15,92.4
2/14/2024,20:30,90
2/14/2024,20:45,99.6
2/14/2024,21:00,90
2/14/2024,21:15,90
2/14/2024,21:30,102
2/14/2024,21:45,88.8
2/14/2024,22:00,88.8
2/14/2024,22:15,90
2/14/2024,22:30,97.2
2/14/2024,22:45,88.8
2/14/2024,23:00,88.8
2/14/2024,23:15,97.2
2/14/2024,23:30,96
2/14/2024,23:45,88.8
2/15/2024,0:00,88.8
2/15/2024,0:15,97.2
2/15/2024,0:30,91.2
2/15/2024,0:45,88.8
2/15/2024,1:00,97.2
2/15/2024,1:15,88.8
2/15/2024,1:30,88.8
2/15/2024,1:45,90
2/15/2024,2:00,99.6
2/15/2024,2:15,88.8
2/15/2024,2:30,88.8
2/15/2024,2:45,97.2
2/15/2024,3:00,90
2/15/2024,3:15,90
2/15/2024,3:30,90
2/15/2024,3:45,98.4
2/15/2024,4:00,91.2
2/15/2024,4:15,90
2/15/2024,4:30,97.2
2/15/2024,4:45,99.6
2/15/2024,5:00,94.8
2/15/2024,5:15,108
2/15/2024,5:30,111.6
2/15/2024,5:45,103.2
2/15/2024,6:00,103.2
2/15/2024,6:15,108
2/15/2024,6:30,105.6
2/15/2024,6:45,97.2
2/15/2024,7:00,162
2/15/2024,7:15,134.4
2/15/2024,7:30,164.4
2/15/2024,7:45,381.6
2/15/2024,8:00,466.8
2/15/2024,8:15,498
2/15/2024,8:30,558
2/15/2024,8:45,520.8
2/15/2024,9:00,840
2/15/2024,9:15,889.2
2/15/2024,9:30,960
2/15/2024,9:45,1040.4
2/15/2024,10:00,1017.6
2/15/2024,10:15,1082.4
2/15/2024,10:30,1002
2/15/2024,10:45,922.8
2/15/2024,11:00,808.8
2/15/2024,11:15,478.8
2/15/2024,11:30,500.4
2/15/2024,11:45,493.2
2/15/2024,12:00,548.4
2/15/2024,12:15,855.6
2/15/2024,12:30,897.6
2/15/2024,12:45,1444.8
2/15/2024,13:00,1616.4
2/15/2024,13:15,1063.2
2/15/2024,13:30,1146
2/15/2024,13:45,1158
2/15/2024,14:00,1416
2/15/2024,14:15,1249.2
2/15/2024,14:30,1129.2
2/15/2024,14:45,1264.8
2/15/2024,15:00,964.8
2/15/2024,15:15,1125.6
2/15/2024,15:30,1034.4
2/15/2024,15:45,835.2
2/15/2024,16:00,1035.6
2/15/2024,16:15,1161.6
2/15/2024,16:30,1066.8
2/15/2024,16:45,973.2
2/15/2024,17:00,853.2
2/15/2024,17:15,810
2/15/2024,17:30,824.4
2/15/2024,17:45,292.8
2/15/2024,18:00,271.2
2/15/2024,18:15,283.2
2/15/2024,18:30,285.6
2/15/2024,18:45,226.8
2/15/2024,19:00,242.4
2/15/2024,19:15,240
2/15/2024,19:30,252
2/15/2024,19:45,364.8
2/15/2024,20:00,294
2/15/2024,20:15,282
2/15/2024,20:30,310.8
2/15/2024,20:45,286.8
2/15/2024,21:00,282
2/15/2024,21:15,310.8
2/15/2024,21:30,301.2
2/15/2024,21:45,298.8
2/15/2024,22:00,315.6
2/15/2024,22:15,302.4
2/15/2024,22:30,303.6
2/15/2024,22:45,304.8
2/15/2024,23:00,288
2/15/2024,23:15,274.8
2/15/2024,23:30,274.8
2/15/2024,23:45,368.4
2/16/2024,0:00,820.8
2/16/2024,0:15,374.4
2/16/2024,0:30,394.8
2/16/2024,0:45,345.6
2/16/2024,1:00,720
2/16/2024,1:15,226.8
2/16/2024,1:30,235.2
2/16/2024,1:45,228
2/16/2024,2:00,268.8
2/16/2024,2:15,373.2
2/16/2024,2:30,278.4
2/16/2024,2:45,279.6
2/16/2024,3:00,236.4
2/16/2024,3:15,240
2/16/2024,3:30,232.8
2/16/2024,3:45,213.6
2/16/2024,4:00,379.2
2/16/2024,4:15,277.2
2/16/2024,4:30,282
2/16/2024,4:45,288
2/16/2024,5:00,231.6
2/16/2024,5:15,237.6
2/16/2024,5:30,264
2/16/2024,5:45,307.2
2/16/2024,6:00,350.4
2/16/2024,6:15,288
2/16/2024,6:30,296.4
2/16/2024,6:45,333.6
2/16/2024,7:00,313.2
2/16/2024,7:15,345.6
2/16/2024,7:30,357.6
2/16/2024,7:45,817.2
2/16/2024,8:00,904.8
2/16/2024,8:15,956.4
2/16/2024,8:30,765.6
2/16/2024,8:45,972
2/16/2024,9:00,1029.6
2/16/2024,9:15,1192.8
2/16/2024,9:30,896.4
2/16/2024,9:45,892.8
2/16/2024,10:00,1180.8
2/16/2024,10:15,1126.8
2/16/2024,10:30,1053.6
2/16/2024,10:45,1210.8
2/16/2024,11:00,1003.2
2/16/2024,11:15,561.6
2/16/2024,11:30,330
2/16/2024,11:45,339.6
2/16/2024,12:00,816
2/16/2024,12:15,945.6
2/16/2024,12:30,967.2
2/16/2024,12:45,1204.8
2/16/2024,13:00,1156.8
2/16/2024,13:15,1015.2
2/16/2024,13:30,945.6
2/16/2024,13:45,1000.8
2/16/2024,14:00,1054.8
2/16/2024,14:15,1110
2/16/2024,14:30,1161.6
2/16/2024,14:45,1188
2/16/2024,15:00,1177.2
2/16/2024,15:15,1072.8
2/16/2024,15:30,1141.2
2/16/2024,15:45,932.4
2/16/2024,16:00,1006.8
2/16/2024,16:15,994.8
2/16/2024,16:30,908.4
2/16/2024,16:45,1185.6
2/16/2024,17:00,1191.6
2/16/2024,17:15,1000.8
2/16/2024,17:30,1129.2
2/16/2024,17:45,932.4
2/16/2024,18:00,487.2
2/16/2024,18:15,286.8
2/16/2024,18:30,285.6
2/16/2024,18:45,294
2/16/2024,19:00,302.4
2/16/2024,19:15,324
2/16/2024,19:30,267.6
2/16/2024,19:45,216
2/16/2024,20:00,219.6
2/16/2024,20:15,361.2
2/16/2024,20:30,259.2
2/16/2024,20:45,224.4
2/16/2024,21:00,202.8
2/16/2024,21:15,255.6
2/16/2024,21:30,210
2/16/2024,21:45,274.8
2/16/2024,22:00,356.4
2/16/2024,22:15,775.2
2/16/2024,22:30,229.2
2/16/2024,22:45,213.6
2/16/2024,23:00,298.8
2/16/2024,23:15,228
2/16/2024,23:30,213.6
2/16/2024,23:45,312
2/17/2024,0:00,273.6
2/17/2024,0:15,208.8
2/17/2024,0:30,186
2/17/2024,0:45,261.6
2/17/2024,1:00,207.6
2/17/2024,1:15,208.8
2/17/2024,1:30,342
2/17/2024,1:45,224.4
2/17/2024,2:00,207.6
2/17/2024,2:15,279.6
2/17/2024,2:30,261.6
2/17/2024,2:45,212.4
2/17/2024,3:00,208.8
2/17/2024,3:15,253.2
2/17/2024,3:30,207.6
2/17/2024,3:45,198
2/17/2024,4:00,256.8
2/17/2024,4:15,206.4
2/17/2024,4:30,216
2/17/2024,4:45,514.8
2/17/2024,5:00,#VALUE!
2/17/2024,5:15,830.4
2/17/2024,5:30,1101.6
2/17/2024,5:45,1143.6
2/17/2024,6:00,#VALUE!
2/17/2024,6:15,#VALUE!
2/17/2024,6:30,#VALUE!
2/17/2024,6:45,#VALUE!
2/17/2024,7:00,#VALUE!
2/17/2024,7:15,#VALUE!
2/17/2024,7:30,#VALUE!
2/17/2024,7:45,#VALUE!
2/17/2024,8:00,#VALUE!
2/17/2024,8:15,#VALUE!
2/17/2024,8:30,#VALUE!
2/17/2024,8:45,#VALUE!
2/17/2024,9:00,#VALUE!
2/17/2024,9:15,#VALUE!
2/17/2024,9:30,#VALUE!
2/17/2024,9:45,#VALUE!
2/17/2024,10:00,#VALUE!
2/17/2024,10:15,#VALUE!
2/17/2024,10:30,#VALUE!
2/17/2024,10:45,#VALUE!
2/17/2024,11:00,#VALUE!
2/17/2024,11:15,#VALUE!
2/17/2024,11:30,#VALUE!
2/17/2024,11:45,#VALUE!
2/17/2024,12:00,#VALUE!
2/17/2024,12:15,#VALUE!
2/17/2024,12:30,#VALUE!
2/17/2024,12:45,#VALUE!
2/17/2024,13:00,#VALUE!
2/17/2024,13:15,#VALUE!
2/17/2024,13:30,#VALUE!
2/17/2024,13:45,#VALUE!
2/17/2024,14:00,#VALUE!
2/17/2024,14:15,#VALUE!
2/17/2024,14:30,#VALUE!
2/17/2024,14:45,#VALUE!
2/17/2024,15:00,#VALUE!
2/17/2024,15:15,#VALUE!
2/17/2024,15:30,#VALUE!
2/17/2024,15:45,#VALUE!
2/17/2024,16:00,#VALUE!
2/17/2024,16:15,#VALUE!
2/17/2024,16:30,#VALUE!
2/17/2024,16:45,#VALUE!
2/17/2024,17:00,#VALUE!
2/17/2024,17:15,#VALUE!
2/17/2024,17:30,#VALUE!
2/17/2024,17:45,#VALUE!
2/17/2024,18:00,#VALUE!
2/17/2024,18:15,#VALUE!
2/17/2024,18:30,#VALUE!
2/17/2024,18:45,#VALUE!
2/17/2024,19:00,#VALUE!
2/17/2024,19:15,#VALUE!
2/17/2024,19:30,#VALUE!
2/17/2024,19:45,#VALUE!
2/17/2024,20:00,#VALUE!
2/17/2024,20:15,#VALUE!
2/17/2024,20:30,#VALUE!
2/17/2024,20:45,#VALUE!
2/17/2024,21:00,#VALUE!
2/17/2024,21:15,#VALUE!
2/17/2024,21:30,#VALUE!
2/17/2024,21:45,#VALUE!
2/17/2024,22:00,#VALUE!
2/17/2024,22:15,#VALUE!
2/17/2024,22:30,#VALUE!
2/17/2024,22:45,#VALUE!
2/17/2024,23:00,#VALUE!
2/17/2024,23:15,#VALUE!
2/17/2024,23:30,#VALUE!
2/17/2024,23:45,#VALUE!
2/18/2024,0:00,#VALUE!
2/18/2024,0:15,#VALUE!
2/18/2024,0:30,#VALUE!
2/18/2024,0:45,#VALUE!
2/18/2024,1:00,#VALUE!
2/18/2024,1:15,#VALUE!
2/18/2024,1:30,#VALUE!
2/18/2024,1:45,#VALUE!
2/18/2024,2:00,#VALUE!
2/18/2024,2:15,#VALUE!
2/18/2024,2:30,#VALUE!
2/18/2024,2:45,#VALUE!
2/18/2024,3:00,#VALUE!
2/18/2024,3:15,#VALUE!
2/18/2024,3:30,#VALUE!
2/18/2024,3:45,#VALUE!
2/18/2024,4:00,#VALUE!
2/18/2024,4:15,#VALUE!
2/18/2024,4:30,#VALUE!
2/18/2024,4:45,#VALUE!
2/18/2024,5:00,#VALUE!
2/18/2024,5:15,#VALUE!
2/18/2024,5:30,#VALUE!
2/18/2024,5:45,#VALUE!
2/18/2024,6:00,#VALUE!
2/18/2024,6:15,#VALUE!
2/18/2024,6:30,#VALUE!
2/18/2024,6:45,#VALUE!
2/18/2024,7:00,#VALUE!
2/18/2024,7:15,#VALUE!
2/18/2024,7:30,#VALUE!
2/18/2024,7:45,#VALUE!
2/18/2024,8:00,#VALUE!
2/18/2024,8:15,#VALUE!
2/18/2024,8:30,#VALUE!
2/18/2024,8:45,#VALUE!
2/18/2024,9:00,#VALUE!
2/18/2024,9:15,#VALUE!
2/18/2024,9:30,#VALUE!
2/18/2024,9:45,4263.6
2/18/2024,10:00,#VALUE!
2/18/2024,10:15,4020
2/18/2024,10:30,4173.6
2/18/2024,10:45,4215.6
2/18/2024,11:00,3988.8
2/18/2024,11:15,2517.6
2/18/2024,11:30,3414
2/18/2024,11:45,3594
2/18/2024,12:00,3500.4
2/18/2024,12:15,4312.8
2/18/2024,12:30,4252.8
2/18/2024,12:45,3705.6
2/18/2024,13:00,4044
2/18/2024,13:15,3273.6
2/18/2024,13:30,4242
2/18/2024,13:45,3300
2/18/2024,14:00,4202.4
2/18/2024,14:15,4322.4
2/18/2024,14:30,3349.2
2/18/2024,14:45,4233.6
2/18/2024,15:00,3758.4
2/18/2024,15:15,4035.6
2/18/2024,15:30,4264.8
2/18/2024,15:45,3474
2/18/2024,16:00,3904.8
2/18/2024,16:15,4342.8
2/18/2024,16:30,4357.2
2/18/2024,16:45,4402.8
2/18/2024,17:00,4087.2
2/18/2024,17:15,4335.6
2/18/2024,17:30,4294.8
2/18/2024,17:45,3566.4
2/18/2024,18:00,2358
2/18/2024,18:15,2359.2
2/18/2024,18:30,1918.8
2/18/2024,18:45,1915.2
2/18/2024,19:00,1897.2
2/18/2024,19:15,451.2
2/18/2024,19:30,346.8
2/18/2024,19:45,355.2
2/18/2024,20:00,249.6
2/18/2024,20:15,246
2/18/2024,20:30,229.2
2/18/2024,20:45,392.4
2/18/2024,21:00,286.8
2/18/2024,21:15,283.2
2/18/2024,21:30,236.4
2/18/2024,21:45,219.6
2/18/2024,22:00,196.8
2/18/2024,22:15,386.4
2/18/2024,22:30,302.4
2/18/2024,22:45,288
2/18/2024,23:00,220.8
2/18/2024,23:15,225.6
2/18/2024,23:30,230.4
2/18/2024,23:45,250.8
2/19/2024,0:00,344.4
2/19/2024,0:15,259.2
2/19/2024,0:30,228
2/19/2024,0:45,346.8
2/19/2024,1:00,250.8
2/19/2024,1:15,262.8
2/19/2024,1:30,210
2/19/2024,1:45,206.4
2/19/2024,2:00,213.6
2/19/2024,2:15,202.8
2/19/2024,2:30,301.2
2/19/2024,2:45,261.6
2/19/2024,3:00,256.8
2/19/2024,3:15,205.2
2/19/2024,3:30,217.2
2/19/2024,3:45,186
2/19/2024,4:00,356.4
2/19/2024,4:15,262.8
2/19/2024,4:30,256.8
2/19/2024,4:45,207.6
2/19/2024,5:00,583.2
2/19/2024,5:15,900
2/19/2024,5:30,975.6
2/19/2024,5:45,1078.8
2/19/2024,6:00,1303.2
2/19/2024,6:15,1534.8
2/19/2024,6:30,1905.6
2/19/2024,6:45,1934.4
2/19/2024,7:00,2102.4
2/19/2024,7:15,2414.4
2/19/2024,7:30,2535.6
2/19/2024,7:45,3114
2/19/2024,8:00,3928.8
2/19/2024,8:15,4182
2/19/2024,8:30,4149.6
2/19/2024,8:45,4300.8
2/19/2024,9:00,3471.6
2/19/2024,9:15,4154.4
2/19/2024,9:30,4330.8
2/19/2024,9:45,3318
2/19/2024,10:00,4098
2/19/2024,10:15,4190.4
2/19/2024,10:30,4396.8
2/19/2024,10:45,4467.6
2/19/2024,11:00,4584
2/19/2024,11:15,2637.6
2/19/2024,11:30,3489.6
2/19/2024,11:45,3508.8
2/19/2024,12:00,4050
2/19/2024,12:15,4288.8
2/19/2024,12:30,3622.8
2/19/2024,12:45,3595.2
2/19/2024,13:00,4521.6
2/19/2024,13:15,4340.4
2/19/2024,13:30,4364.4
2/19/2024,13:45,4378.8
2/19/2024,14:00,4197.6
2/19/2024,14:15,4352.4
2/19/2024,14:30,3946.8
2/19/2024,14:45,4242
2/19/2024,15:00,3273.6
2/19/2024,15:15,4148.4
2/19/2024,15:30,4351.2
2/19/2024,15:45,3882
2/19/2024,16:00,4400.4
2/19/2024,16:15,4318.8
2/19/2024,16:30,4306.8
2/19/2024,16:45,4376.4
2/19/2024,17:00,4286.4
2/19/2024,17:15,4424.4
2/19/2024,17:30,3168
2/19/2024,17:45,3691.2
2/19/2024,18:00,3404.4
2/19/2024,18:15,3150
2/19/2024,18:30,2180.4
2/19/2024,18:45,2130
2/19/2024,19:00,699.6
2/19/2024,19:15,484.8
2/19/2024,19:30,288
2/19/2024,19:45,296.4
2/19/2024,20:00,294
2/19/2024,20:15,279.6
2/19/2024,20:30,295.2
2/19/2024,20:45,292.8
2/19/2024,21:00,283.2
2/19/2024,21:15,290.4
2/19/2024,21:30,286.8
2/19/2024,21:45,277.2
2/19/2024,22:00,285.6
2/19/2024,22:15,238.8
2/19/2024,22:30,278.4
2/19/2024,22:45,272.4
2/19/2024,23:00,280.8
2/19/2024,23:15,274.8
2/19/2024,23:30,327.6
2/19/2024,23:45,273.6
2/20/2024,0:00,297.6
2/20/2024,0:15,228
2/20/2024,0:30,280.8
2/20/2024,0:45,276
2/20/2024,1:00,229.2
2/20/2024,1:15,274.8
2/20/2024,1:30,273.6
2/20/2024,1:45,223.2
2/20/2024,2:00,279.6
2/20/2024,2:15,283.2
2/20/2024,2:30,280.8
2/20/2024,2:45,349.2
2/20/2024,3:00,268.8
2/20/2024,3:15,262.8
2/20/2024,3:30,268.8
2/20/2024,3:45,297.6
2/20/2024,4:00,240
2/20/2024,4:15,223.2
2/20/2024,4:30,260.4
2/20/2024,4:45,272.4
2/20/2024,5:00,735.6
2/20/2024,5:15,892.8
2/20/2024,5:30,1095.6
2/20/2024,5:45,1299.6
2/20/2024,6:00,1387.2
2/20/2024,6:15,1659.6
2/20/2024,6:30,1882.8
2/20/2024,6:45,2019.6
2/20/2024,7:00,2073.6
2/20/2024,7:15,2394
2/20/2024,7:30,2605.2
2/20/2024,7:45,3259.2
2/20/2024,8:00,3270
2/20/2024,8:15,4342.8
2/20/2024,8:30,4453.2
2/20/2024,8:45,3246
2/20/2024,9:00,4443.6
2/20/2024,9:15,3910.8
2/20/2024,9:30,3248.4
2/20/2024,9:45,4207.2
2/20/2024,10:00,4138.8
2/20/2024,10:15,4214.4
2/20/2024,10:30,4387.2
2/20/2024,10:45,3492
2/20/2024,11:00,3500.4
2/20/2024,11:15,3724.8
2/20/2024,11:30,3912
2/20/2024,11:45,3787.2
2/20/2024,12:00,3967.2
2/20/2024,12:15,3194.4
2/20/2024,12:30,4240.8
2/20/2024,12:45,4324.8
2/20/2024,13:00,4378.8
2/20/2024,13:15,4401.6
2/20/2024,13:30,3942
2/20/2024,13:45,4410
2/20/2024,14:00,4408.8
2/20/2024,14:15,4224
2/20/2024,14:30,4178.4
2/20/2024,14:45,3517.2
2/20/2024,15:00,3370.8
2/20/2024,15:15,4171.2
2/20/2024,15:30,4401.6
2/20/2024,15:45,3870
2/20/2024,16:00,3375.6
2/20/2024,16:15,4396.8
2/20/2024,16:30,4323.6
2/20/2024,16:45,4393.2
2/20/2024,17:00,3926.4
2/20/2024,17:15,4276.8
2/20/2024,17:30,3454.8
2/20/2024,17:45,4390.8
2/20/2024,18:00,4050
2/20/2024,18:15,3960
2/20/2024,18:30,3884.4
2/20/2024,18:45,3472.8
2/20/2024,19:00,3472.8
2/20/2024,19:15,3406.8
2/20/2024,19:30,2542.8
2/20/2024,19:45,2530.8
2/20/2024,20:00,3444
2/20/2024,20:15,3325.2
2/20/2024,20:30,2545.2
2/20/2024,20:45,3379.2
2/20/2024,21:00,3339.6
2/20/2024,21:15,2419.2
2/20/2024,21:30,3309.6
2/20/2024,21:45,2355.6
2/20/2024,22:00,3352.8
2/20/2024,22:15,3313.2
2/20/2024,22:30,3302.4
2/20/2024,22:45,2451.6
2/20/2024,23:00,3372
2/20/2024,23:15,3285.6
2/20/2024,23:30,3306
2/20/2024,23:45,2438.4
2/21/2024,0:00,2409.6
2/21/2024,0:15,2792.4
2/21/2024,0:30,2332.8
2/21/2024,0:45,2112
2/21/2024,1:00,2362.8
2/21/2024,1:15,3295.2
2/21/2024,1:30,3266.4
2/21/2024,1:45,3261.6
2/21/2024,2:00,2430
2/21/2024,2:15,3542.4
2/21/2024,2:30,3370.8
2/21/2024,2:45,3327.6
2/21/2024,3:00,3361.2
2/21/2024,3:15,3234
2/21/2024,3:30,3243.6
2/21/2024,3:45,3331.2
2/21/2024,4:00,3254.4
2/21/2024,4:15,3248.4
2/21/2024,4:30,2331.6
2/21/2024,4:45,3327.6
2/21/2024,5:00,3314.4
2/21/2024,5:15,3236.4
2/21/2024,5:30,3284.4
2/21/2024,5:45,3326.4
2/21/2024,6:00,3306
2/21/2024,6:15,3360
2/21/2024,6:30,2941.2
2/21/2024,6:45,2846.4
2/21/2024,7:00,3332.4
2/21/2024,7:15,3559.2
2/21/2024,7:30,3712.8
2/21/2024,7:45,4314
2/21/2024,8:00,4251.6
2/21/2024,8:15,3243.6
2/21/2024,8:30,1963.2
2/21/2024,8:45,1898.4
2/21/2024,9:00,2007.6
2/21/2024,9:15,1766.4
2/21/2024,9:30,2743.2
2/21/2024,9:45,2750.4
2/21/2024,10:00,3300
2/21/2024,10:15,3195.6
2/21/2024,10:30,3440.4
2/21/2024,10:45,3513.6
2/21/2024,11:00,3980.4
2/21/2024,11:15,2719.2
2/21/2024,11:30,3564
2/21/2024,11:45,3568.8
2/21/2024,12:00,4504.8
2/21/2024,12:15,4267.2
2/21/2024,12:30,4460.4
2/21/2024,12:45,3616.8
2/21/2024,13:00,4473.6
2/21/2024,13:15,4005.6
2/21/2024,13:30,4524
2/21/2024,13:45,4431.6
2/21/2024,14:00,4724.4
2/21/2024,14:15,4707.6
2/21/2024,14:30,4586.4
2/21/2024,14:45,4191.6
2/21/2024,15:00,4434
2/21/2024,15:15,4422
2/21/2024,15:30,4416
2/21/2024,15:45,4773.6
2/21/2024,16:00,3517.2
2/21/2024,16:15,4018.8
2/21/2024,16:30,4543.2
2/21/2024,16:45,4606.8
2/21/2024,17:00,4646.4
2/21/2024,17:15,4550.4
2/21/2024,17:30,4550.4
2/21/2024,17:45,4384.8
2/21/2024,18:00,4171.2
2/21/2024,18:15,4020
2/21/2024,18:30,3541.2
2/21/2024,18:45,3445.2
2/21/2024,19:00,3578.4
2/21/2024,19:15,3537.6
2/21/2024,19:30,3337.2
2/21/2024,19:45,3348
2/21/2024,20:00,2354.4
2/21/2024,20:15,3438
2/21/2024,20:30,2455.2
2/21/2024,20:45,2446.8
2/21/2024,21:00,3310.8
2/21/2024,21:15,3313.2
2/21/2024,21:30,3445.2
2/21/2024,21:45,3369.6
2/21/2024,22:00,2401.2
2/21/2024,22:15,3391.2
2/21/2024,22:30,2696.4
2/21/2024,22:45,2112
2/21/2024,23:00,3270
2/21/2024,23:15,3228
2/21/2024,23:30,2344.8
2/21/2024,23:45,3346.8
2/22/2024,0:00,3313.2
2/22/2024,0:15,3247.2
2/22/2024,0:30,3264
2/22/2024,0:45,3244.8
2/22/2024,1:00,2412
2/22/2024,1:15,2883.6
2/22/2024,1:30,3422.4
2/22/2024,1:45,3219.6
2/22/2024,2:00,3310.8
2/22/2024,2:15,2452.8
2/22/2024,2:30,2406
2/22/2024,2:45,2402.4
2/22/2024,3:00,3247.2
2/22/2024,3:15,3273.6
2/22/2024,3:30,3319.2
2/22/2024,3:45,2371.2
2/22/2024,4:00,3352.8
2/22/2024,4:15,3277.2
2/22/2024,4:30,2329.2
2/22/2024,4:45,2152.8
2/22/2024,5:00,2094
2/22/2024,5:15,2190
2/22/2024,5:30,2109.6
2/22/2024,5:45,2086.8
2/22/2024,6:00,3313.2
2/22/2024,6:15,3216
2/22/2024,6:30,3247.2
2/22/2024,6:45,2438.4
2/22/2024,7:00,2193.6
2/22/2024,7:15,3476.4
2/22/2024,7:30,2605.2
2/22/2024,7:45,3055.2
2/22/2024,8:00,3330
2/22/2024,8:15,4066.8
2/22/2024,8:30,4340.4
2/22/2024,8:45,3981.6
2/22/2024,9:00,4764
2/22/2024,9:15,4569.6
2/22/2024,9:30,4753.2
2/22/2024,9:45,4572
2/22/2024,10:00,4395.6
2/22/2024,10:15,4336.8
2/22/2024,10:30,4240.8
2/22/2024,10:45,4460.4
2/22/2024,11:00,3771.6
2/22/2024,11:15,3380.4
2/22/2024,11:30,3840
2/22/2024,11:45,3696
2/22/2024,12:00,3960
2/22/2024,12:15,4196.4
2/22/2024,12:30,4762.8
2/22/2024,12:45,4486.8
2/22/2024,13:00,4592.4
2/22/2024,13:15,4454.4
2/22/2024,13:30,4059.6
2/22/2024,13:45,3768
2/22/2024,14:00,3723.6
2/22/2024,14:15,4506
2/22/2024,14:30,3560.4
2/22/2024,14:45,4568.4
2/22/2024,15:00,4732.8
2/22/2024,15:15,4777.2
2/22/2024,15:30,4102.8
2/22/2024,15:45,3764.4
2/22/2024,16:00,3709.2
2/22/2024,16:15,3572.4
2/22/2024,16:30,4736.4
2/22/2024,16:45,3636
2/22/2024,17:00,4902
2/22/2024,17:15,4579.2
2/22/2024,17:30,4497.6
2/22/2024,17:45,4501.2
2/22/2024,18:00,3105.6
2/22/2024,18:15,3302.4
2/22/2024,18:30,2583.6
2/22/2024,18:45,2593.2
2/22/2024,19:00,3579.6
2/22/2024,19:15,3572.4
2/22/2024,19:30,3518.4
2/22/2024,19:45,3454.8
2/22/2024,20:00,2580
2/22/2024,20:15,3363.6
2/22/2024,20:30,2540.4
2/22/2024,20:45,2332.8
2/22/2024,21:00,2373.6
2/22/2024,21:15,2214
2/22/2024,21:30,3364.8
2/22/2024,21:45,2510.4
2/22/2024,22:00,3543.6
2/22/2024,22:15,3517.2
2/22/2024,22:30,2582.4
2/22/2024,22:45,3452.4
2/22/2024,23:00,3405.6
2/22/2024,23:15,2416.8
2/22/2024,23:30,2466
2/22/2024,23:45,3442.8
2/23/2024,0:00,3498
2/23/2024,0:15,2571.6
2/23/2024,0:30,3469.2
2/23/2024,0:45,2505.6
2/23/2024,1:00,2583.6
2/23/2024,1:15,2553.6
2/23/2024,1:30,3493.2
2/23/2024,1:45,2562
2/23/2024,2:00,2512.8
2/23/2024,2:15,2589.6
2/23/2024,2:30,3015.6
2/23/2024,2:45,2515.2
2/23/2024,3:00,2526
2/23/2024,3:15,3488.4
2/23/2024,3:30,2562
2/23/2024,3:45,2590.8
2/23/2024,4:00,3520.8
2/23/2024,4:15,2554.8
2/23/2024,4:30,2592
2/23/2024,4:45,3386.4
2/23/2024,5:00,3362.4
2/23/2024,5:15,3384
2/23/2024,5:30,3373.2
2/23/2024,5:45,3502.8
2/23/2024,6:00,3464.4
2/23/2024,6:15,3540
2/23/2024,6:30,3379.2
2/23/2024,6:45,3549.6
2/23/2024,7:00,3476.4
2/23/2024,7:15,2856
2/23/2024,7:30,3840
2/23/2024,7:45,3644.4
2/23/2024,8:00,4815.6
2/23/2024,8:15,4354.8
2/23/2024,8:30,4129.2
2/23/2024,8:45,4357.2
2/23/2024,9:00,4738.8
2/23/2024,9:15,3704.4
2/23/2024,9:30,3624
2/23/2024,9:45,3586.8
2/23/2024,10:00,3452.4
2/23/2024,10:15,3734.4
2/23/2024,10:30,4587.6
2/23/2024,10:45,4866
2/23/2024,11:00,4867.2
2/23/2024,11:15,4267.2
2/23/2024,11:30,3457.2
2/23/2024,11:45,4040.4
2/23/2024,12:00,4215.6
2/23/2024,12:15,4732.8
2/23/2024,12:30,4089.6
2/23/2024,12:45,4710
2/23/2024,13:00,4483.2
2/23/2024,13:15,3867.6
2/23/2024,13:30,4839.6
2/23/2024,13:45,4798.8
2/23/2024,14:00,4282.8
2/23/2024,14:15,4582.8
2/23/2024,14:30,3802.8
2/23/2024,14:45,4641.6
2/23/2024,15:00,3925.2
2/23/2024,15:15,4665.6
2/23/2024,15:30,4592.4
2/23/2024,15:45,4464
2/23/2024,16:00,3613.2
2/23/2024,16:15,4716
2/23/2024,16:30,4292.4
2/23/2024,16:45,4264.8
2/23/2024,17:00,3705.6
2/23/2024,17:15,3417.6
2/23/2024,17:30,4764
2/23/2024,17:45,4797.6
2/23/2024,18:00,4622.4
2/23/2024,18:15,4287.6
2/23/2024,18:30,3814.8
2/23/2024,18:45,2551.2
2/23/2024,19:00,3596.4
2/23/2024,19:15,2557.2
2/23/2024,19:30,2960.4
2/23/2024,19:45,2586
2/23/2024,20:00,2563.2
2/23/2024,20:15,2542.8
2/23/2024,20:30,3511.2
2/23/2024,20:45,3472.8
2/23/2024,21:00,2384.4
2/23/2024,21:15,2374.8
2/23/2024,21:30,2266.8
2/23/2024,21:45,2226
2/23/2024,22:00,3444
2/23/2024,22:15,3355.2
2/23/2024,22:30,3481.2
2/23/2024,22:45,3422.4
2/23/2024,23:00,2982
2/23/2024,23:15,3463.2
2/23/2024,23:30,3462
2/23/2024,23:45,3536.4
2/24/2024,0:00,3458.4
2/24/2024,0:15,2515.2
2/24/2024,0:30,3493.2
2/24/2024,0:45,3502.8
2/24/2024,1:00,3475.2
2/24/2024,1:15,3408
2/24/2024,1:30,2660.4
2/24/2024,1:45,3488.4
2/24/2024,2:00,3452.4
2/24/2024,2:15,3484.8
2/24/2024,2:30,3390
2/24/2024,2:45,3532.8
2/24/2024,3:00,3540
2/24/2024,3:15,3585.6
2/24/2024,3:30,3517.2
2/24/2024,3:45,2626.8
2/24/2024,4:00,3498
2/24/2024,4:15,3456
2/24/2024,4:30,3027.6
2/24/2024,4:45,3484.8
2/24/2024,5:00,3423.6
2/24/2024,5:15,2545.2
2/24/2024,5:30,2527.2
2/24/2024,5:45,3399.6
2/24/2024,6:00,3374.4
2/24/2024,6:15,3457.2
2/24/2024,6:30,3542.4
2/24/2024,6:45,3396
2/24/2024,7:00,3411.6
2/24/2024,7:15,3811.2
2/24/2024,7:30,3560.4
2/24/2024,7:45,4291.2
2/24/2024,8:00,3309.6
2/24/2024,8:15,4244.4
2/24/2024,8:30,4558.8
2/24/2024,8:45,4704
2/24/2024,9:00,3548.4
2/24/2024,9:15,4474.8
2/24/2024,9:30,4632
2/24/2024,9:45,4840.8
2/24/2024,10:00,3566.4
2/24/2024,10:15,3690
2/24/2024,10:30,4440
2/24/2024,10:45,3540
2/24/2024,11:00,4597.2
2/24/2024,11:15,3169.2
2/24/2024,11:30,2704.8
2/24/2024,11:45,3970.8
2/24/2024,12:00,4314
2/24/2024,12:15,3688.8
2/24/2024,12:30,3640.8
2/24/2024,12:45,4762.8
2/24/2024,13:00,3546
2/24/2024,13:15,4526.4
2/24/2024,13:30,4545.6
2/24/2024,13:45,4644
2/24/2024,14:00,3559.2
2/24/2024,14:15,3717.6
2/24/2024,14:30,3474
2/24/2024,14:45,3038.4
2/24/2024,15:00,4063.2
2/24/2024,15:15,3910.8
2/24/2024,15:30,3770.4
2/24/2024,15:45,3669.6
2/24/2024,16:00,2893.2
2/24/2024,16:15,2523.6
2/24/2024,16:30,2534.4
2/24/2024,16:45,3000
2/24/2024,17:00,3220.8
2/24/2024,17:15,2988
2/24/2024,17:30,2344.8
2/24/2024,17:45,2246.4
2/24/2024,18:00,2235.6
2/24/2024,18:15,3429.6
2/24/2024,18:30,2488.8
2/24/2024,18:45,3423.6
2/24/2024,19:00,3345.6
2/24/2024,19:15,3410.4
2/24/2024,19:30,2476.8
2/24/2024,19:45,3349.2
2/24/2024,20:00,2474.4
2/24/2024,20:15,2950.8
2/24/2024,20:30,2962.8
2/24/2024,20:45,2473.2
2/24/2024,21:00,2515.2
2/24/2024,21:15,3375.6
2/24/2024,21:30,3481.2
2/24/2024,21:45,3463.2
2/24/2024,22:00,3439.2
2/24/2024,22:15,3462
2/24/2024,22:30,2505.6
2/24/2024,22:45,3446.4
2/24/2024,23:00,3591.6
2/24/2024,23:15,3468
2/24/2024,23:30,3482.4
2/24/2024,23:45,3517.2
2/25/2024,0:00,2514
2/25/2024,0:15,2476.8
2/25/2024,0:30,3402
2/25/2024,0:45,3334.8
2/25/2024,1:00,2480.4
2/25/2024,1:15,3432
2/25/2024,1:30,2455.2
2/25/2024,1:45,3391.2
2/25/2024,2:00,3399.6
2/25/2024,2:15,2890.8
2/25/2024,2:30,2484
2/25/2024,2:45,3432
2/25/2024,3:00,2515.2
2/25/2024,3:15,2523.6
2/25/2024,3:30,3354
2/25/2024,3:45,3381.6
2/25/2024,4:00,2511.6
2/25/2024,4:15,3463.2
2/25/2024,4:30,3350.4
2/25/2024,4:45,3339.6
2/25/2024,5:00,3464.4
2/25/2024,5:15,2431.2
2/25/2024,5:30,3393.6
2/25/2024,5:45,2994
2/25/2024,6:00,2510.4
2/25/2024,6:15,2506.8
2/25/2024,6:30,2568
2/25/2024,6:45,2974.8
2/25/2024,7:00,3444
2/25/2024,7:15,3687.6
2/25/2024,7:30,3003.6
2/25/2024,7:45,4162.8
2/25/2024,8:00,3699.6
2/25/2024,8:15,3452.4
2/25/2024,8:30,4201.2
2/25/2024,8:45,4122
2/25/2024,9:00,3324
2/25/2024,9:15,4653.6
2/25/2024,9:30,3445.2
2/25/2024,9:45,3446.4
2/25/2024,10:00,3204
2/25/2024,10:15,4329.6
2/25/2024,10:30,4344
2/25/2024,10:45,4436.4
2/25/2024,11:00,3139.2
2/25/2024,11:15,2899.2
2/25/2024,11:30,2665.2
2/25/2024,11:45,3372
2/25/2024,12:00,3218.4
2/25/2024,12:15,1972.8
2/25/2024,12:30,1946.4
2/25/2024,12:45,2752.8
2/25/2024,13:00,3189.6
2/25/2024,13:15,3373.2
2/25/2024,13:30,3267.6
2/25/2024,13:45,3337.2
2/25/2024,14:00,4448.4
2/25/2024,14:15,4394.4
2/25/2024,14:30,3460.8
2/25/2024,14:45,4202.4
2/25/2024,15:00,4299.6
2/25/2024,15:15,4533.6
2/25/2024,15:30,4348.8
2/25/2024,15:45,4364.4
2/25/2024,16:00,4353.6
2/25/2024,16:15,4376.4
2/25/2024,16:30,4286.4
2/25/2024,16:45,3564
2/25/2024,17:00,3783.6
2/25/2024,17:15,3486
2/25/2024,17:30,4266
2/25/2024,17:45,3798
2/25/2024,18:00,4518
2/25/2024,18:15,3639.6
2/25/2024,18:30,2544
2/25/2024,18:45,3416.4
2/25/2024,19:00,2527.2
2/25/2024,19:15,3476.4
2/25/2024,19:30,3459.6
2/25/2024,19:45,2991.6
2/25/2024,20:00,3398.4
2/25/2024,20:15,3423.6
2/25/2024,20:30,3423.6
2/25/2024,20:45,2934
2/25/2024,21:00,3481.2
2/25/2024,21:15,3400.8
2/25/2024,21:30,2518.8
2/25/2024,21:45,2440.8
2/25/2024,22:00,2442
2/25/2024,22:15,3372
2/25/2024,22:30,2480.4
2/25/2024,22:45,2481.6
2/25/2024,23:00,2319.6
2/25/2024,23:15,2379.6
2/25/2024,23:30,2389.2
2/25/2024,23:45,2436
2/26/2024,0:00,2449.2
2/26/2024,0:15,3393.6
2/26/2024,0:30,2892
2/26/2024,0:45,3339.6
2/26/2024,1:00,2433.6
2/26/2024,1:15,3393.6
2/26/2024,1:30,3363.6
2/26/2024,1:45,2496
2/26/2024,2:00,3390
2/26/2024,2:15,2470.8
2/26/2024,2:30,2434.8
2/26/2024,2:45,3314.4
2/26/2024,3:00,2409.6
2/26/2024,3:15,3351.6
2/26/2024,3:30,2430
2/26/2024,3:45,2413.2
2/26/2024,4:00,3295.2
2/26/2024,4:15,3289.2
2/26/2024,4:30,3378
2/26/2024,4:45,3385.2
2/26/2024,5:00,3336
2/26/2024,5:15,2497.2
2/26/2024,5:30,2319.6
2/26/2024,5:45,2811.6
2/26/2024,6:00,2407.2
2/26/2024,6:15,2680.8
2/26/2024,6:30,2638.8
2/26/2024,6:45,2332.8
2/26/2024,7:00,2409.6
2/26/2024,7:15,2647.2
2/26/2024,7:30,2880
2/26/2024,7:45,3468
2/26/2024,8:00,3344.4
2/26/2024,8:15,3547.2
2/26/2024,8:30,3308.4
2/26/2024,8:45,3193.2
2/26/2024,9:00,3596.4
2/26/2024,9:15,3651.6
2/26/2024,9:30,4532.4
2/26/2024,9:45,3680.4
2/26/2024,10:00,2238
2/26/2024,10:15,2192.4
2/26/2024,10:30,2695.2
2/26/2024,10:45,3007.2
2/26/2024,11:00,2986.8
2/26/2024,11:15,2528.4
2/26/2024,11:30,2378.4
2/26/2024,11:45,2955.6
2/26/2024,12:00,3610.8
2/26/2024,12:15,3264
2/26/2024,12:30,3890.4
2/26/2024,12:45,3423.6
2/26/2024,13:00,3458.4
2/26/2024,13:15,3883.2
2/26/2024,13:30,3104.4
2/26/2024,13:45,3400.8
2/26/2024,14:00,1826.4
2/26/2024,14:15,1654.8
2/26/2024,14:30,1650
2/26/2024,14:45,1496.4
2/26/2024,15:00,1435.2
2/26/2024,15:15,1622.4
2/26/2024,15:30,1366.8
2/26/2024,15:45,1389.6
2/26/2024,16:00,1458
2/26/2024,16:15,1381.2
2/26/2024,16:30,1213.2
2/26/2024,16:45,1148.4
2/26/2024,17:00,1143.6
2/26/2024,17:15,1412.4
2/26/2024,17:30,1629.6
2/26/2024,17:45,1863.6
2/26/2024,18:00,1966.8
2/26/2024,18:15,1806
2/26/2024,18:30,1738.8
2/26/2024,18:45,1984.8
2/26/2024,19:00,2107.2
2/26/2024,19:15,2182.8
2/26/2024,19:30,2703.6
2/26/2024,19:45,3374.4
2/26/2024,20:00,3331.2
2/26/2024,20:15,2930.4
2/26/2024,20:30,2478
2/26/2024,20:45,3235.2
2/26/2024,21:00,3388.8
2/26/2024,21:15,2527.2
2/26/2024,21:30,3326.4
2/26/2024,21:45,2590.8
2/26/2024,22:00,3378
2/26/2024,22:15,2499.6
2/26/2024,22:30,2557.2
2/26/2024,22:45,3394.8
2/26/2024,23:00,3346.8
2/26/2024,23:15,2422.8
2/26/2024,23:30,3330
2/26/2024,23:45,2384.4
2/27/2024,0:00,2356.8
2/27/2024,0:15,2265.6
2/27/2024,0:30,2832
2/27/2024,0:45,2413.2
2/27/2024,1:00,3422.4
2/27/2024,1:15,2366.4
2/27/2024,1:30,2731.2
2/27/2024,1:45,2360.4
2/27/2024,2:00,2403.6
2/27/2024,2:15,3316.8
2/27/2024,2:30,3302.4
2/27/2024,2:45,2832
2/27/2024,3:00,2452.8
2/27/2024,3:15,2371.2
2/27/2024,3:30,3336
2/27/2024,3:45,2886
2/27/2024,4:00,3312
2/27/2024,4:15,2439.6
2/27/2024,4:30,3378
2/27/2024,4:45,3337.2
2/27/2024,5:00,3355.2
2/27/2024,5:15,3391.2
2/27/2024,5:30,2436
2/27/2024,5:45,2871.6
2/27/2024,6:00,2372.4
2/27/2024,6:15,2341.2
2/27/2024,6:30,2536.8
2/27/2024,6:45,3384
2/27/2024,7:00,3322.8
2/27/2024,7:15,2787.6
2/27/2024,7:30,3798
2/27/2024,7:45,3318
2/27/2024,8:00,4636.8
2/27/2024,8:15,4441.2
2/27/2024,8:30,3424.8
2/27/2024,8:45,4434
2/27/2024,9:00,3457.2
2/27/2024,9:15,4189.2
2/27/2024,9:30,3608.4
2/27/2024,9:45,4513.2
2/27/2024,10:00,3964.8
2/27/2024,10:15,4804.8
2/27/2024,10:30,3712.8
2/27/2024,10:45,3642
2/27/2024,11:00,3680.4
2/27/2024,11:15,2948.4
2/27/2024,11:30,3324
2/27/2024,11:45,3666
2/27/2024,12:00,3272.4
2/27/2024,12:15,3469.2
2/27/2024,12:30,4522.8
2/27/2024,12:45,3500.4
2/27/2024,13:00,4228.8
2/27/2024,13:15,4489.2
2/27/2024,13:30,4495.2
2/27/2024,13:45,3644.4
2/27/2024,14:00,3409.2
2/27/2024,14:15,3526.8
2/27/2024,14:30,4424.4
2/27/2024,14:45,4416
2/27/2024,15:00,4441.2
2/27/2024,15:15,4381.2
2/27/2024,15:30,4224
2/27/2024,15:45,4219.2
2/27/2024,16:00,4275.6
2/27/2024,16:15,4269.6
2/27/2024,16:30,4396.8
2/27/2024,16:45,3082.8
2/27/2024,17:00,2968.8
2/27/2024,17:15,4095.6
2/27/2024,17:30,4122
2/27/2024,17:45,4195.2
2/27/2024,18:00,3654
2/27/2024,18:15,4027.2
2/27/2024,18:30,3644.4
2/27/2024,18:45,3198
2/27/2024,19:00,2510.4
2/27/2024,19:15,3470.4
2/27/2024,19:30,2422.8
2/27/2024,19:45,2931.6
2/27/2024,20:00,2436
2/27/2024,20:15,2224.8
2/27/2024,20:30,2254.8
2/27/2024,20:45,2137.2
2/27/2024,21:00,2148
2/27/2024,21:15,3334.8
2/27/2024,21:30,3318
2/27/2024,21:45,3326.4
2/27/2024,22:00,2562
2/27/2024,22:15,2164.8
2/27/2024,22:30,2162.4
2/27/2024,22:45,2394
2/27/2024,23:00,3195.6
2/27/2024,23:15,3224.4
2/27/2024,23:30,3336
2/27/2024,23:45,705.6
2/28/2024,0:00,735.6
2/28/2024,0:15,625.2
2/28/2024,0:30,724.8
2/28/2024,0:45,692.4
2/28/2024,1:00,660
2/28/2024,1:15,624
2/28/2024,1:30,638.4
2/28/2024,1:45,616.8
2/28/2024,2:00,603.6
2/28/2024,2:15,619.2
2/28/2024,2:30,613.2
2/28/2024,2:45,600
2/28/2024,3:00,588
2/28/2024,3:15,625.2
2/28/2024,3:30,631.2
2/28/2024,3:45,1016.4
2/28/2024,4:00,1578
2/28/2024,4:15,1840.8
2/28/2024,4:30,2001.6
2/28/2024,4:45,2138.4
2/28/2024,5:00,2095.2
2/28/2024,5:15,2668.8
2/28/2024,5:30,3277.2
2/28/2024,5:45,3224.4
2/28/2024,6:00,3324
2/28/2024,6:15,2472
2/28/2024,6:30,3337.2
2/28/2024,6:45,3330
2/28/2024,7:00,2461.2
2/28/2024,7:15,2412
2/28/2024,7:30,2848.8
2/28/2024,7:45,3700.8
2/28/2024,8:00,3649.2
2/28/2024,8:15,4002
2/28/2024,8:30,3104.4
2/28/2024,8:45,3531.6
2/28/2024,9:00,3754.8
2/28/2024,9:15,3267.6
2/28/2024,9:30,3242.4
2/28/2024,9:45,3306
2/28/2024,10:00,4220.4
2/28/2024,10:15,4266
2/28/2024,10:30,4471.2
2/28/2024,10:45,4075.2
2/28/2024,11:00,3116.4
2/28/2024,11:15,3962.4
2/28/2024,11:30,3612
2/28/2024,11:45,2377.2
2/28/2024,12:00,2895.6
2/28/2024,12:15,4497.6
2/28/2024,12:30,3762
2/28/2024,12:45,4544.4
2/28/2024,13:00,4297.2
2/28/2024,13:15,3398.4
2/28/2024,13:30,4452
2/28/2024,13:45,3523.2
2/28/2024,14:00,3469.2
2/28/2024,14:15,3402
2/28/2024,14:30,4351.2
2/28/2024,14:45,4255.2
2/28/2024,15:00,4316.4
2/28/2024,15:15,4260
2/28/2024,15:30,4365.6
2/28/2024,15:45,4538.4
2/28/2024,16:00,4449.6
2/28/2024,16:15,4424.4
2/28/2024,16:30,4575.6
2/28/2024,16:45,3315.6
2/28/2024,17:00,4286.4
2/28/2024,17:15,3558
2/28/2024,17:30,3474
2/28/2024,17:45,3369.6
2/28/2024,18:00,3092.4
2/28/2024,18:15,3724.8
2/28/2024,18:30,2822.4
2/28/2024,18:45,2449.2
2/28/2024,19:00,2512.8
2/28/2024,19:15,2452.8
2/28/2024,19:30,3273.6
2/28/2024,19:45,3344.4
2/28/2024,20:00,3328.8
2/28/2024,20:15,3256.8
2/28/2024,20:30,2350.8
2/28/2024,20:45,3344.4
2/28/2024,21:00,3342
2/28/2024,21:15,2478
2/28/2024,21:30,2370
2/28/2024,21:45,3388.8
2/28/2024,22:00,2334
2/28/2024,22:15,2344.8
2/28/2024,22:30,3312
2/28/2024,22:45,3247.2
2/28/2024,23:00,2814
2/28/2024,23:15,2254.8
2/28/2024,23:30,3400.8
2/28/2024,23:45,2400
2/29/2024,0:00,3265.2
2/29/2024,0:15,3308.4
2/29/2024,0:30,3391.2
2/29/2024,0:45,3408
2/29/2024,1:00,3337.2
2/29/2024,1:15,3369.6
2/29/2024,1:30,3367.2
2/29/2024,1:45,2433.6
2/29/2024,2:00,2374.8
2/29/2024,2:15,3207.6
2/29/2024,2:30,2235.6
2/29/2024,2:45,2187.6
2/29/2024,3:00,2200.8
2/29/2024,3:15,2235.6
2/29/2024,3:30,2368.8
2/29/2024,3:45,3315.6
2/29/2024,4:00,3267.6
2/29/2024,4:15,2887.2
2/29/2024,4:30,3339.6
2/29/2024,4:45,3295.2
2/29/2024,5:00,2397.6
2/29/2024,5:15,2389.2
2/29/2024,5:30,3243.6
2/29/2024,5:45,3308.4
2/29/2024,6:00,2532
2/29/2024,6:15,3292.8
2/29/2024,6:30,2421.6
2/29/2024,6:45,3322.8
2/29/2024,7:00,3290.4
2/29/2024,7:15,2791.2
2/29/2024,7:30,3662.4
2/29/2024,7:45,4004.4
2/29/2024,8:00,3969.6
2/29/2024,8:15,3514.8
2/29/2024,8:30,4147.2
2/29/2024,8:45,4240.8
2/29/2024,9:00,4401.6
2/29/2024,9:15,3459.6
2/29/2024,9:30,4258.8
2/29/2024,9:45,4407.6
2/29/2024,10:00,4368
2/29/2024,10:15,3603.6
2/29/2024,10:30,4621.2
2/29/2024,10:45,4599.6
2/29/2024,11:00,4658.4
2/29/2024,11:15,3846
2/29/2024,11:30,3890.4
2/29/2024,11:45,3817.2
2/29/2024,12:00,3955.2
2/29/2024,12:15,4491.6
2/29/2024,12:30,4580.4
2/29/2024,12:45,4578
2/29/2024,13:00,4707.6
2/29/2024,13:15,3898.8
2/29/2024,13:30,3448.8
2/29/2024,13:45,4560
2/29/2024,14:00,4602
2/29/2024,14:15,4279.2
2/29/2024,14:30,3457.2
2/29/2024,14:45,4556.4
2/29/2024,15:00,4410
2/29/2024,15:15,4345.2
2/29/2024,15:30,3496.8
2/29/2024,15:45,4449.6
2/29/2024,16:00,4455.6
2/29/2024,16:15,3523.2
2/29/2024,16:30,4512
2/29/2024,16:45,4348.8
2/29/2024,17:00,4453.2
2/29/2024,17:15,3896.4
2/29/2024,17:30,4489.2
2/29/2024,17:45,4429.2
2/29/2024,18:00,4438.8
2/29/2024,18:15,4084.8
2/29/2024,18:30,2629.2
2/29/2024,18:45,2544
2/29/2024,19:00,3378
2/29/2024,19:15,3408
2/29/2024,19:30,3354
2/29/2024,19:45,2460
2/29/2024,20:00,3409.2
2/29/2024,20:15,3388.8
2/29/2024,20:30,3400.8
2/29/2024,20:45,3339.6
2/29/2024,21:00,2330.4
2/29/2024,21:15,2766
2/29/2024,21:30,2281.2
2/29/2024,21:45,2428.8
2/29/2024,22:00,3434.4
2/29/2024,22:15,3408
2/29/2024,22:30,2516.4
2/29/2024,22:45,2875.2
2/29/2024,23:00,3304.8
2/29/2024,23:15,3322.8
2/29/2024,23:30,2821.2
2/29/2024,23:45,3266.4
3/1/2024,0:00,3361.2
3/1/2024,0:15,2320.8
3/1/2024,0:30,2246.4
3/1/2024,0:45,2421.6
3/1/2024,1:00,3254.4
3/1/2024,1:15,3261.6
3/1/2024,1:30,3332.4
3/1/2024,1:45,2158.8
3/1/2024,2:00,2041.2
3/1/2024,2:15,2875.2
3/1/2024,2:30,2406
3/1/2024,2:45,1831.2
3/1/2024,3:00,1632
3/1/2024,3:15,1662
3/1/2024,3:30,2630.4
3/1/2024,3:45,1412.4
3/1/2024,4:00,1369.2
3/1/2024,4:15,1495.2
3/1/2024,4:30,1760.4
3/1/2024,4:45,2085.6
3/1/2024,5:00,2236.8
3/1/2024,5:15,2250
3/1/2024,5:30,2214
3/1/2024,5:45,3462
3/1/2024,6:00,2974.8
3/1/2024,6:15,2542.8
3/1/2024,6:30,3333.6
3/1/2024,6:45,3304.8
3/1/2024,7:00,2512.8
3/1/2024,7:15,2725.2
3/1/2024,7:30,3717.6
3/1/2024,7:45,3204
3/1/2024,8:00,4426.8
3/1/2024,8:15,3372
3/1/2024,8:30,3511.2
3/1/2024,8:45,4636.8
3/1/2024,9:00,3969.6
3/1/2024,9:15,4521.6
3/1/2024,9:30,3703.2
3/1/2024,9:45,4328.4
3/1/2024,10:00,3537.6
3/1/2024,10:15,4515.6
3/1/2024,10:30,3722.4
3/1/2024,10:45,4657.2
3/1/2024,11:00,4303.2
3/1/2024,11:15,3208.8
3/1/2024,11:30,2826
3/1/2024,11:45,2840.4
3/1/2024,12:00,4093.2
3/1/2024,12:15,4490.4
3/1/2024,12:30,4443.6
3/1/2024,12:45,3486
3/1/2024,13:00,3394.8
3/1/2024,13:15,4266
3/1/2024,13:30,3243.6
3/1/2024,13:45,3890.4
3/1/2024,14:00,3488.4
3/1/2024,14:15,1598.4
3/1/2024,14:30,1498.8
3/1/2024,14:45,1644
3/1/2024,15:00,1423.2
3/1/2024,15:15,1424.4
3/1/2024,15:30,1522.8
3/1/2024,15:45,1882.8
3/1/2024,16:00,2024.4
3/1/2024,16:15,1629.6
3/1/2024,16:30,1416
3/1/2024,16:45,1489.2
3/1/2024,17:00,2024.4
3/1/2024,17:15,1639.2
3/1/2024,17:30,1468.8
3/1/2024,17:45,1335.6
3/1/2024,18:00,1087.2
3/1/2024,18:15,614.4
3/1/2024,18:30,426
3/1/2024,18:45,408
3/1/2024,19:00,384
3/1/2024,19:15,342
3/1/2024,19:30,294
3/1/2024,19:45,280.8
3/1/2024,20:00,387.6
3/1/2024,20:15,343.2
3/1/2024,20:30,348
3/1/2024,20:45,307.2
3/1/2024,21:00,289.2
3/1/2024,21:15,396
3/1/2024,21:30,343.2
3/1/2024,21:45,277.2
3/1/2024,22:00,261.6
3/1/2024,22:15,346.8
3/1/2024,22:30,282
3/1/2024,22:45,283.2
3/1/2024,23:00,405.6
3/1/2024,23:15,328.8
3/1/2024,23:30,276
3/1/2024,23:45,265.2
3/2/2024,0:00,333.6
3/2/2024,0:15,294
3/2/2024,0:30,289.2
3/2/2024,0:45,259.2
3/2/2024,1:00,325.2
3/2/2024,1:15,291.6
3/2/2024,1:30,285.6
3/2/2024,1:45,342
3/2/2024,2:00,298.8
3/2/2024,2:15,284.4
3/2/2024,2:30,410.4
3/2/2024,2:45,322.8
3/2/2024,3:00,277.2
3/2/2024,3:15,357.6
3/2/2024,3:30,331.2
3/2/2024,3:45,264
3/2/2024,4:00,246
3/2/2024,4:15,306
3/2/2024,4:30,264
3/2/2024,4:45,255.6
3/2/2024,5:00,314.4
3/2/2024,5:15,274.8
3/2/2024,5:30,282
3/2/2024,5:45,410.4
3/2/2024,6:00,360
3/2/2024,6:15,298.8
3/2/2024,6:30,246
3/2/2024,6:45,320.4
3/2/2024,7:00,279.6
3/2/2024,7:15,274.8
3/2/2024,7:30,445.2
3/2/2024,7:45,1348.8
3/2/2024,8:00,1399.2
3/2/2024,8:15,1440
3/2/2024,8:30,1378.8
3/2/2024,8:45,1382.4
3/2/2024,9:00,1432.8
3/2/2024,9:15,1220.4
3/2/2024,9:30,1641.6
3/2/2024,9:45,1608
3/2/2024,10:00,1591.2
3/2/2024,10:15,1371.6
3/2/2024,10:30,1494
3/2/2024,10:45,1232.4
3/2/2024,11:00,1165.2
3/2/2024,11:15,776.4
3/2/2024,11:30,696
3/2/2024,11:45,465.6
3/2/2024,12:00,768
3/2/2024,12:15,1485.6
3/2/2024,12:30,1454.4
3/2/2024,12:45,1494
3/2/2024,13:00,1462.8
3/2/2024,13:15,1410
3/2/2024,13:30,1490.4
3/2/2024,13:45,1405.2
3/2/2024,14:00,1378.8
3/2/2024,14:15,1126.8
3/2/2024,14:30,1326
3/2/2024,14:45,1416
3/2/2024,15:00,1520.4
3/2/2024,15:15,1119.6
3/2/2024,15:30,1213.2
3/2/2024,15:45,1140
3/2/2024,16:00,949.2
3/2/2024,16:15,1023.6
3/2/2024,16:30,945.6
3/2/2024,16:45,906
3/2/2024,17:00,781.2
3/2/2024,17:15,778.8
3/2/2024,17:30,786
3/2/2024,17:45,264
3/2/2024,18:00,204
3/2/2024,18:15,248.4
3/2/2024,18:30,236.4
3/2/2024,18:45,220.8
3/2/2024,19:00,180
3/2/2024,19:15,192
3/2/2024,19:30,266.4
3/2/2024,19:45,223.2
3/2/2024,20:00,226.8
3/2/2024,20:15,180
3/2/2024,20:30,259.2
3/2/2024,20:45,234
3/2/2024,21:00,196.8
3/2/2024,21:15,181.2
3/2/2024,21:30,270
3/2/2024,21:45,231.6
3/2/2024,22:00,217.2
3/2/2024,22:15,178.8
3/2/2024,22:30,243.6
3/2/2024,22:45,295.2
3/2/2024,23:00,222
3/2/2024,23:15,217.2
3/2/2024,23:30,172.8
3/2/2024,23:45,168
3/3/2024,0:00,168
3/3/2024,0:15,238.8
3/3/2024,0:30,228
3/3/2024,0:45,217.2
3/3/2024,1:00,223.2
3/3/2024,1:15,226.8
3/3/2024,1:30,169.2
3/3/2024,1:45,170.4
3/3/2024,2:00,169.2
3/3/2024,2:15,258
3/3/2024,2:30,278.4
3/3/2024,2:45,223.2
3/3/2024,3:00,218.4
3/3/2024,3:15,187.2
3/3/2024,3:30,168
3/3/2024,3:45,170.4
3/3/2024,4:00,162
3/3/2024,4:15,228
3/3/2024,4:30,229.2
3/3/2024,4:45,230.4
3/3/2024,5:00,170.4
3/3/2024,5:15,171.6
3/3/2024,5:30,170.4
3/3/2024,5:45,240
3/3/2024,6:00,304.8
3/3/2024,6:15,264
3/3/2024,6:30,219.6
3/3/2024,6:45,234
3/3/2024,7:00,231.6
3/3/2024,7:15,229.2
3/3/2024,7:30,200.4
3/3/2024,7:45,184.8
3/3/2024,8:00,180
3/3/2024,8:15,195.6
3/3/2024,8:30,181.2
3/3/2024,8:45,315.6
3/3/2024,9:00,276
3/3/2024,9:15,254.4
3/3/2024,9:30,256.8
3/3/2024,9:45,232.8
3/3/2024,10:00,196.8
3/3/2024,10:15,184.8
3/3/2024,10:30,183.6
3/3/2024,10:45,184.8
3/3/2024,11:00,193.2
3/3/2024,11:15,336
3/3/2024,11:30,242.4
3/3/2024,11:45,231.6
3/3/2024,12:00,224.4
3/3/2024,12:15,226.8
3/3/2024,12:30,184.8
3/3/2024,12:45,176.4
3/3/2024,13:00,171.6
3/3/2024,13:15,192
3/3/2024,13:30,175.2
3/3/2024,13:45,333.6
3/3/2024,14:00,230.4
3/3/2024,14:15,234
3/3/2024,14:30,228
3/3/2024,14:45,193.2
3/3/2024,15:00,180
3/3/2024,15:15,190.8
3/3/2024,15:30,190.8
3/3/2024,15:45,177.6
3/3/2024,16:00,310.8
3/3/2024,16:15,235.2
3/3/2024,16:30,225.6
3/3/2024,16:45,210
3/3/2024,17:00,181.2
3/3/2024,17:15,177.6
3/3/2024,17:30,175.2
3/3/2024,17:45,163.2
3/3/2024,18:00,319.2
3/3/2024,18:15,226.8
3/3/2024,18:30,232.8
3/3/2024,18:45,224.4
3/3/2024,19:00,174
3/3/2024,19:15,182.4
3/3/2024,19:30,172.8
3/3/2024,19:45,171.6
3/3/2024,20:00,181.2
3/3/2024,20:15,295.2
3/3/2024,20:30,228
3/3/2024,20:45,230.4
3/3/2024,21:00,224.4
3/3/2024,21:15,177.6
3/3/2024,21:30,181.2
3/3/2024,21:45,174
3/3/2024,22:00,152.4
3/3/2024,22:15,313.2
3/3/2024,22:30,273.6
3/3/2024,22:45,220.8
3/3/2024,23:00,229.2
3/3/2024,23:15,219.6
3/3/2024,23:30,174
3/3/2024,23:45,181.2
3/4/2024,0:00,171.6
3/4/2024,0:15,171.6
3/4/2024,0:30,272.4
3/4/2024,0:45,285.6
3/4/2024,1:00,225.6
3/4/2024,1:15,229.2
3/4/2024,1:30,236.4
3/4/2024,1:45,187.2
3/4/2024,2:00,192
3/4/2024,2:15,183.6
3/4/2024,2:30,172.8
3/4/2024,2:45,160.8
3/4/2024,3:00,308.4
3/4/2024,3:15,261.6
3/4/2024,3:30,235.2
3/4/2024,3:45,228
3/4/2024,4:00,231.6
3/4/2024,4:15,238.8
3/4/2024,4:30,183.6
3/4/2024,4:45,174
3/4/2024,5:00,184.8
3/4/2024,5:15,190.8
3/4/2024,5:30,241.2
3/4/2024,5:45,313.2
3/4/2024,6:00,260.4
3/4/2024,6:15,352.8
3/4/2024,6:30,390
3/4/2024,6:45,516
3/4/2024,7:00,633.6
3/4/2024,7:15,601.2
3/4/2024,7:30,812.4
3/4/2024,7:45,1240.8
3/4/2024,8:00,1366.8
3/4/2024,8:15,2172
3/4/2024,8:30,1772.4
3/4/2024,8:45,1941.6
3/4/2024,9:00,2415.6
3/4/2024,9:15,2793.6
3/4/2024,9:30,2673.6
3/4/2024,9:45,3057.6
3/4/2024,10:00,3105.6
3/4/2024,10:15,3510
3/4/2024,10:30,3048
3/4/2024,10:45,4090.8
3/4/2024,11:00,4207.2
3/4/2024,11:15,4188
3/4/2024,11:30,2324.4
3/4/2024,11:45,3625.2
3/4/2024,12:00,3982.8
3/4/2024,12:15,3914.4
3/4/2024,12:30,4234.8
3/4/2024,12:45,4784.4
3/4/2024,13:00,4539.6
3/4/2024,13:15,4455.6
3/4/2024,13:30,4419.6
3/4/2024,13:45,3777.6
3/4/2024,14:00,3548.4
3/4/2024,14:15,4282.8
3/4/2024,14:30,4166.4
3/4/2024,14:45,1987.2
3/4/2024,15:00,2312.4
3/4/2024,15:15,2605.2
3/4/2024,15:30,2101.2
3/4/2024,15:45,2116.8
3/4/2024,16:00,1934.4
3/4/2024,16:15,2139.6
3/4/2024,16:30,1777.2
3/4/2024,16:45,1820.4
3/4/2024,17:00,1904.4
3/4/2024,17:15,2406
3/4/2024,17:30,2691.6
3/4/2024,17:45,2953.2
3/4/2024,18:00,2881.2
3/4/2024,18:15,2394
3/4/2024,18:30,2275.2
3/4/2024,18:45,2206.8
3/4/2024,19:00,3202.8
3/4/2024,19:15,3259.2
3/4/2024,19:30,2430
3/4/2024,19:45,3386.4
3/4/2024,20:00,3434.4
3/4/2024,20:15,3367.2
3/4/2024,20:30,3362.4
3/4/2024,20:45,2460
3/4/2024,21:00,3375.6
3/4/2024,21:15,3368.4
3/4/2024,21:30,2938.8
3/4/2024,21:45,3469.2
3/4/2024,22:00,2517.6
3/4/2024,22:15,3321.6
3/4/2024,22:30,2485.2
3/4/2024,22:45,3327.6
3/4/2024,23:00,3387.6
3/4/2024,23:15,3380.4
3/4/2024,23:30,3445.2
3/4/2024,23:45,2554.8
3/5/2024,0:00,3498
3/5/2024,0:15,3376.8
3/5/2024,0:30,3423.6
3/5/2024,0:45,3380.4
3/5/2024,1:00,3388.8
3/5/2024,1:15,3393.6
3/5/2024,1:30,3596.4
3/5/2024,1:45,3464.4
3/5/2024,2:00,3408
3/5/2024,2:15,3339.6
3/5/2024,2:30,3392.4
3/5/2024,2:45,2468.4
3/5/2024,3:00,3410.4
3/5/2024,3:15,2973.6
3/5/2024,3:30,3430.8
3/5/2024,3:45,3421.2
3/5/2024,4:00,2950.8
3/5/2024,4:15,3488.4
3/5/2024,4:30,3502.8
3/5/2024,4:45,2721.6
3/5/2024,5:00,3412.8
3/5/2024,5:15,3459.6
3/5/2024,5:30,3346.8
3/5/2024,5:45,3510
3/5/2024,6:00,3408
3/5/2024,6:15,3484.8
3/5/2024,6:30,3379.2
3/5/2024,6:45,3459.6
3/5/2024,7:00,3464.4
3/5/2024,7:15,3759.6
3/5/2024,7:30,4030.8
3/5/2024,7:45,4288.8
3/5/2024,8:00,3836.4
3/5/2024,8:15,3639.6
3/5/2024,8:30,3460.8
3/5/2024,8:45,4873.2
3/5/2024,9:00,3474
3/5/2024,9:15,4807.2
3/5/2024,9:30,4504.8
3/5/2024,9:45,4017.6
3/5/2024,10:00,4515.6
3/5/2024,10:15,4047.6
3/5/2024,10:30,4660.8
3/5/2024,10:45,4738.8
3/5/2024,11:00,3409.2
3/5/2024,11:15,2656.8
3/5/2024,11:30,2562
3/5/2024,11:45,3106.8
3/5/2024,12:00,3127.2
3/5/2024,12:15,4166.4
3/5/2024,12:30,4540.8
3/5/2024,12:45,4339.2
3/5/2024,13:00,3880.8
3/5/2024,13:15,4772.4
3/5/2024,13:30,4784.4
3/5/2024,13:45,4449.6
3/5/2024,14:00,4586.4
3/5/2024,14:15,3768
3/5/2024,14:30,4466.4
3/5/2024,14:45,3488.4
3/5/2024,15:00,3344.4
3/5/2024,15:15,3387.6
3/5/2024,15:30,3558
3/5/2024,15:45,4340.4
3/5/2024,16:00,4345.2
3/5/2024,16:15,3501.6
3/5/2024,16:30,3918
3/5/2024,16:45,3633.6
3/5/2024,17:00,3640.8
3/5/2024,17:15,4614
3/5/2024,17:30,3463.2
3/5/2024,17:45,4407.6
3/5/2024,18:00,4095.6
3/5/2024,18:15,3825.6
3/5/2024,18:30,3402
3/5/2024,18:45,3308.4
3/5/2024,19:00,3352.8
3/5/2024,19:15,3322.8
3/5/2024,19:30,2883.6
3/5/2024,19:45,3378
3/5/2024,20:00,2454
3/5/2024,20:15,3223.2
3/5/2024,20:30,3313.2
3/5/2024,20:45,3382.8
3/5/2024,21:00,3332.4
3/5/2024,21:15,3441.6
3/5/2024,21:30,2961.6
3/5/2024,21:45,3241.2
3/5/2024,22:00,3358.8
3/5/2024,22:15,3288
3/5/2024,22:30,3350.4
3/5/2024,22:45,3372
3/5/2024,23:00,2402.4
3/5/2024,23:15,3325.2
3/5/2024,23:30,2539.2
3/5/2024,23:45,2838
3/6/2024,0:00,3357.6
3/6/2024,0:15,3294
3/6/2024,0:30,3414
3/6/2024,0:45,3342
3/6/2024,1:00,3435.6
3/6/2024,1:15,3301.2
3/6/2024,1:30,3397.2
3/6/2024,1:45,3303.6
3/6/2024,2:00,3384
3/6/2024,2:15,3367.2
3/6/2024,2:30,2457.6
3/6/2024,2:45,3268.8
3/6/2024,3:00,2919.6
3/6/2024,3:15,3258
3/6/2024,3:30,2948.4
3/6/2024,3:45,3372
3/6/2024,4:00,2536.8
3/6/2024,4:15,2834.4
3/6/2024,4:30,3387.6
3/6/2024,4:45,3304.8
3/6/2024,5:00,2379.6
3/6/2024,5:15,3333.6
3/6/2024,5:30,2467.2
3/6/2024,5:45,2401.2
3/6/2024,6:00,2401.2
3/6/2024,6:15,3280.8
3/6/2024,6:30,3274.8
3/6/2024,6:45,2475.6
3/6/2024,7:00,3268.8
3/6/2024,7:15,3628.8
3/6/2024,7:30,2835.6
3/6/2024,7:45,4314
3/6/2024,8:00,4204.8
3/6/2024,8:15,4306.8
3/6/2024,8:30,3663.6
3/6/2024,8:45,4561.2
3/6/2024,9:00,4518
3/6/2024,9:15,4256.4
3/6/2024,9:30,3457.2
3/6/2024,9:45,4377.6
3/6/2024,10:00,4550.4
3/6/2024,10:15,4375.2
3/6/2024,10:30,4803.6
3/6/2024,10:45,4555.2
3/6/2024,11:00,4556.4
3/6/2024,11:15,4314
3/6/2024,11:30,3753.6
3/6/2024,11:45,3480
3/6/2024,12:00,3580.8
3/6/2024,12:15,4059.6
3/6/2024,12:30,4514.4
3/6/2024,12:45,4632
3/6/2024,13:00,4443.6
3/6/2024,13:15,3530.4
3/6/2024,13:30,3577.2
3/6/2024,13:45,3453.6
3/6/2024,14:00,3284.4
3/6/2024,14:15,3511.2
3/6/2024,14:30,3388.8
3/6/2024,14:45,3073.2
3/6/2024,15:00,3169.2
3/6/2024,15:15,3160.8
3/6/2024,15:30,3296.4
3/6/2024,15:45,4540.8
3/6/2024,16:00,4532.4
3/6/2024,16:15,4556.4
3/6/2024,16:30,4640.4
3/6/2024,16:45,4412.4
3/6/2024,17:00,3702
3/6/2024,17:15,4411.2
3/6/2024,17:30,4099.2
3/6/2024,17:45,4779.6
3/6/2024,18:00,4435.2
3/6/2024,18:15,3765.6
3/6/2024,18:30,2779.2
3/6/2024,18:45,3325.2
3/6/2024,19:00,2394
3/6/2024,19:15,3295.2
3/6/2024,19:30,2832
3/6/2024,19:45,3240
3/6/2024,20:00,2850
3/6/2024,20:15,2428.8
3/6/2024,20:30,3304.8
3/6/2024,20:45,3316.8
3/6/2024,21:00,2848.8
3/6/2024,21:15,3417.6
3/6/2024,21:30,3410.4
3/6/2024,21:45,2806.8
3/6/2024,22:00,3321.6
3/6/2024,22:15,3285.6
3/6/2024,22:30,3349.2
3/6/2024,22:45,2388
3/6/2024,23:00,2340
3/6/2024,23:15,3276
3/6/2024,23:30,2382
3/6/2024,23:45,3291.6
3/7/2024,0:00,3282
3/7/2024,0:15,3247.2
3/7/2024,0:30,2314.8
3/7/2024,0:45,2209.2
3/7/2024,1:00,2131.2
3/7/2024,1:15,552
3/7/2024,1:30,512.4
3/7/2024,1:45,560.4
3/7/2024,2:00,537.6
3/7/2024,2:15,520.8
3/7/2024,2:30,476.4
3/7/2024,2:45,459.6
3/7/2024,3:00,554.4
3/7/2024,3:15,1369.2
3/7/2024,3:30,1651.2
3/7/2024,3:45,1892.4
3/7/2024,4:00,1957.2
3/7/2024,4:15,2109.6
3/7/2024,4:30,2107.2
3/7/2024,4:45,3194.4
3/7/2024,5:00,2299.2
3/7/2024,5:15,2386.8
3/7/2024,5:30,3313.2
3/7/2024,5:45,3237.6
3/7/2024,6:00,3230.4
3/7/2024,6:15,3217.2
3/7/2024,6:30,3219.6
3/7/2024,6:45,2308.8
3/7/2024,7:00,3181.2
3/7/2024,7:15,3448.8
3/7/2024,7:30,3709.2
3/7/2024,7:45,3625.2
3/7/2024,8:00,4651.2
3/7/2024,8:15,3488.4
3/7/2024,8:30,4374
3/7/2024,8:45,3418.8
3/7/2024,9:00,4452
3/7/2024,9:15,4684.8
3/7/2024,9:30,4676.4
3/7/2024,9:45,4856.4
3/7/2024,10:00,4196.4
3/7/2024,10:15,4633.2
3/7/2024,10:30,4604.4
3/7/2024,10:45,3484.8
3/7/2024,11:00,3547.2
3/7/2024,11:15,3781.2
3/7/2024,11:30,3775.2
3/7/2024,11:45,3960
3/7/2024,12:00,4189.2
3/7/2024,12:15,3570
3/7/2024,12:30,3568.8
3/7/2024,12:45,4831.2
3/7/2024,13:00,3596.4
3/7/2024,13:15,3744
3/7/2024,13:30,3182.4
3/7/2024,13:45,3484.8
3/7/2024,14:00,3471.6
3/7/2024,14:15,4602
3/7/2024,14:30,4722
3/7/2024,14:45,4640.4
3/7/2024,15:00,4716
3/7/2024,15:15,4284
3/7/2024,15:30,4628.4
3/7/2024,15:45,3798
3/7/2024,16:00,4494
3/7/2024,16:15,4538.4
3/7/2024,16:30,4161.6
3/7/2024,16:45,4108.8
3/7/2024,17:00,4519.2
3/7/2024,17:15,3632.4
3/7/2024,17:30,4345.2
3/7/2024,17:45,3418.8
3/7/2024,18:00,4466.4
3/7/2024,18:15,3176.4
3/7/2024,18:30,3417.6
3/7/2024,18:45,2887.2
3/7/2024,19:00,3313.2
3/7/2024,19:15,2974.8
3/7/2024,19:30,3379.2
3/7/2024,19:45,3272.4
3/7/2024,20:00,3333.6
3/7/2024,20:15,2391.6
3/7/2024,20:30,3380.4
3/7/2024,20:45,2894.4
3/7/2024,21:00,3403.2
3/7/2024,21:15,2449.2
3/7/2024,21:30,3366
3/7/2024,21:45,3356.4
3/7/2024,22:00,3310.8
3/7/2024,22:15,2150.4
3/7/2024,22:30,2115.6
3/7/2024,22:45,3303.6
3/7/2024,23:00,2344.8
3/7/2024,23:15,3396
3/7/2024,23:30,3247.2
3/7/2024,23:45,3280.8
3/8/2024,0:00,2338.8
3/8/2024,0:15,3248.4
3/8/2024,0:30,2378.4
3/8/2024,0:45,3182.4
3/8/2024,1:00,2386.8
3/8/2024,1:15,3344.4
3/8/2024,1:30,3266.4
3/8/2024,1:45,3288
3/8/2024,2:00,3297.6
3/8/2024,2:15,3130.8
3/8/2024,2:30,2316
3/8/2024,2:45,2136
3/8/2024,3:00,2134.8
3/8/2024,3:15,3248.4
3/8/2024,3:30,3224.4
3/8/2024,3:45,2337.6
3/8/2024,4:00,2955.6
3/8/2024,4:15,3240
3/8/2024,4:30,2342.4
3/8/2024,4:45,3336
3/8/2024,5:00,2832
3/8/2024,5:15,3274.8
3/8/2024,5:30,2336.4
3/8/2024,5:45,3292.8
3/8/2024,6:00,2785.2
3/8/2024,6:15,3234
3/8/2024,6:30,2340
3/8/2024,6:45,2338.8
3/8/2024,7:00,3148.8
3/8/2024,7:15,2607.6
3/8/2024,7:30,2796
3/8/2024,7:45,3336
3/8/2024,8:00,3480
3/8/2024,8:15,4209.6
3/8/2024,8:30,4461.6
3/8/2024,8:45,4041.6
3/8/2024,9:00,4016.4
3/8/2024,9:15,2917.2
3/8/2024,9:30,2961.6
3/8/2024,9:45,3091.2
3/8/2024,10:00,4087.2
3/8/2024,10:15,3927.6
3/8/2024,10:30,3022.8
3/8/2024,10:45,4084.8
3/8/2024,11:00,4077.6
3/8/2024,11:15,3747.6
3/8/2024,11:30,3628.8
3/8/2024,11:45,3120
3/8/2024,12:00,2703.6
3/8/2024,12:15,3592.8
3/8/2024,12:30,3630
3/8/2024,12:45,3814.8
3/8/2024,13:00,3668.4
3/8/2024,13:15,2961.6
3/8/2024,13:30,3765.6
3/8/2024,13:45,2935.2
3/8/2024,14:00,3180
3/8/2024,14:15,2860.8
3/8/2024,14:30,4026
3/8/2024,14:45,3763.2
3/8/2024,15:00,2920.8
3/8/2024,15:15,2877.6
3/8/2024,15:30,3768
3/8/2024,15:45,3951.6
3/8/2024,16:00,2965.2
3/8/2024,16:15,4052.4
3/8/2024,16:30,3220.8
3/8/2024,16:45,3456
3/8/2024,17:00,3003.6
3/8/2024,17:15,4075.2
3/8/2024,17:30,4000.8
3/8/2024,17:45,3691.2
3/8/2024,18:00,3850.8
3/8/2024,18:15,3273.6
3/8/2024,18:30,2389.2
3/8/2024,18:45,2335.2
3/8/2024,19:00,3302.4
3/8/2024,19:15,2390.4
3/8/2024,19:30,2161.2
3/8/2024,19:45,2166
3/8/2024,20:00,2118
3/8/2024,20:15,3265.2
3/8/2024,20:30,2461.2
3/8/2024,20:45,2397.6
3/8/2024,21:00,3336
3/8/2024,21:15,3350.4
3/8/2024,21:30,2455.2
3/8/2024,21:45,3344.4
3/8/2024,22:00,3459.6
3/8/2024,22:15,3459.6
3/8/2024,22:30,3403.2
3/8/2024,22:45,2995.2
3/8/2024,23:00,3379.2
3/8/2024,23:15,2428.8
3/8/2024,23:30,2496
3/8/2024,23:45,3440.4
3/9/2024,0:00,3346.8
3/9/2024,0:15,3403.2
3/9/2024,0:30,2336.4
3/9/2024,0:45,2385.6
3/9/2024,1:00,3400.8
3/9/2024,1:15,2473.2
3/9/2024,1:30,3381.6
3/9/2024,1:45,3386.4
3/9/2024,2:00,2457.6
3/9/2024,2:15,3357.6
3/9/2024,2:30,2499.6
3/9/2024,2:45,3348
3/9/2024,3:00,3367.2
3/9/2024,3:15,3400.8
3/9/2024,3:30,2480.4
3/9/2024,3:45,3381.6
3/9/2024,4:00,3339.6
3/9/2024,4:15,2497.2
3/9/2024,4:30,2989.2
3/9/2024,4:45,3459.6
3/9/2024,5:00,3536.4
3/9/2024,5:15,2553.6
3/9/2024,5:30,3490.8
3/9/2024,5:45,2533.2
3/9/2024,6:00,3344.4
3/9/2024,6:15,3469.2
3/9/2024,6:30,3123.6
3/9/2024,6:45,3430.8
3/9/2024,7:00,2510.4
3/9/2024,7:15,3714
3/9/2024,7:30,3861.6
3/9/2024,7:45,3304.8
3/9/2024,8:00,3338.4
3/9/2024,8:15,4120.8
3/9/2024,8:30,4070.4
3/9/2024,8:45,3402
3/9/2024,9:00,4129.2
3/9/2024,9:15,4305.6
3/9/2024,9:30,3540
3/9/2024,9:45,4544.4
3/9/2024,10:00,3402
3/9/2024,10:15,4222.8
3/9/2024,10:30,3307.2
3/9/2024,10:45,4185.6
3/9/2024,11:00,4288.8
3/9/2024,11:15,3872.4
3/9/2024,11:30,3766.8
3/9/2024,11:45,3922.8
3/9/2024,12:00,3354
3/9/2024,12:15,4604.4
3/9/2024,12:30,3295.2
3/9/2024,12:45,3440.4
3/9/2024,13:00,4161.6
3/9/2024,13:15,4510.8
3/9/2024,13:30,3069.6
3/9/2024,13:45,3136.8
3/9/2024,14:00,2916
3/9/2024,14:15,3061.2
3/9/2024,14:30,3320.4
3/9/2024,14:45,3429.6
3/9/2024,15:00,3391.2
3/9/2024,15:15,4390.8
3/9/2024,15:30,3487.2
3/9/2024,15:45,4687.2
3/9/2024,16:00,3496.8
3/9/2024,16:15,3264
3/9/2024,16:30,4476
3/9/2024,16:45,4245.6
3/9/2024,17:00,3550.8
3/9/2024,17:15,3801.6
3/9/2024,17:30,3364.8
3/9/2024,17:45,4315.2
3/9/2024,18:00,2854.8
3/9/2024,18:15,2772
3/9/2024,18:30,3951.6
3/9/2024,18:45,2436
3/9/2024,19:00,3447.6
3/9/2024,19:15,3444
3/9/2024,19:30,3360
3/9/2024,19:45,2509.2
3/9/2024,20:00,3362.4
3/9/2024,20:15,3466.8
3/9/2024,20:30,3445.2
3/9/2024,20:45,3472.8
3/9/2024,21:00,3420
3/9/2024,21:15,3450
3/9/2024,21:30,3408
3/9/2024,21:45,2541.6
3/9/2024,22:00,2977.2
3/9/2024,22:15,3439.2
3/9/2024,22:30,2503.2
3/9/2024,22:45,3450
3/9/2024,23:00,2499.6
3/9/2024,23:15,3406.8
3/9/2024,23:30,2534.4
3/9/2024,23:45,3463.2
3/10/2024,0:00,3142.8
3/10/2024,0:15,3438
3/10/2024,0:30,2991.6
3/10/2024,0:45,3403.2
3/10/2024,1:00,3412.8
3/10/2024,1:15,3452.4
3/10/2024,1:30,3482.4
3/10/2024,1:45,3452.4
3/10/2024,2:00,3480
3/10/2024,2:15,3392.4
3/10/2024,2:30,2556
3/10/2024,2:45,3381.6
3/10/2024,3:00,3033.6
3/10/2024,3:15,2584.8
3/10/2024,3:30,3470.4
3/10/2024,3:45,3434.4
3/10/2024,4:00,3453.6
3/10/2024,4:15,2994
3/10/2024,4:30,2527.2
3/10/2024,4:45,2451.6
3/10/2024,5:00,2403.6
3/10/2024,5:15,2445.6
3/10/2024,5:30,3362.4
3/10/2024,5:45,3505.2
3/10/2024,6:00,3384
3/10/2024,6:15,2425.2
3/10/2024,6:30,2457.6
3/10/2024,6:45,2278.8
3/10/2024,7:00,3326.4
3/10/2024,7:15,3637.2
3/10/2024,7:30,3825.6
3/10/2024,7:45,4377.6
3/10/2024,8:00,3469.2
3/10/2024,8:15,4316.4
3/10/2024,8:30,3823.2
3/10/2024,8:45,4443.6
3/10/2024,9:00,3483.6
3/10/2024,9:15,4464
3/10/2024,9:30,4510.8
3/10/2024,9:45,4602
3/10/2024,10:00,3661.2
3/10/2024,10:15,4158
3/10/2024,10:30,4591.2
3/10/2024,10:45,4462.8
3/10/2024,11:00,4552.8
3/10/2024,11:15,4347.6
3/10/2024,11:30,3075.6
3/10/2024,11:45,4088.4
3/10/2024,12:00,4232.4
3/10/2024,12:15,4390.8
3/10/2024,12:30,4532.4
3/10/2024,12:45,4236
3/10/2024,13:00,3466.8
3/10/2024,13:15,4162.8
3/10/2024,13:30,4399.2
3/10/2024,13:45,3382.8
3/10/2024,14:00,3300
3/10/2024,14:15,4398
3/10/2024,14:30,3668.4
3/10/2024,14:45,4408.8
3/10/2024,15:00,3542.4
3/10/2024,15:15,4345.2
3/10/2024,15:30,3975.6
3/10/2024,15:45,4314
3/10/2024,16:00,4633.2
3/10/2024,16:15,4425.6
3/10/2024,16:30,4420.8
3/10/2024,16:45,3844.8
3/10/2024,17:00,4350
3/10/2024,17:15,3504
3/10/2024,17:30,4286.4
3/10/2024,17:45,4330.8
3/10/2024,18:00,3229.2
3/10/2024,18:15,3494.4
3/10/2024,18:30,3321.6
3/10/2024,18:45,3489.6
3/10/2024,19:00,3391.2
3/10/2024,19:15,2881.2
3/10/2024,19:30,3426
3/10/2024,19:45,2547.6
3/10/2024,20:00,3368.4
3/10/2024,20:15,2588.4
3/10/2024,20:30,3490.8
3/10/2024,20:45,3476.4
3/10/2024,21:00,2438.4
3/10/2024,21:15,3332.4
3/10/2024,21:30,2416.8
3/10/2024,21:45,3462
3/10/2024,22:00,2929.2
3/10/2024,22:15,2436
3/10/2024,22:30,3356.4
3/10/2024,22:45,2550
3/10/2024,23:00,3363.6
3/10/2024,23:15,3331.2
3/10/2024,23:30,3514.8
3/10/2024,23:45,3406.8
3/11/2024,0:00,3432
3/11/2024,0:15,3408
3/11/2024,0:30,2940
3/11/2024,0:45,3358.8
3/11/2024,1:00,3392.4
3/11/2024,1:15,2203.2
3/11/2024,1:30,3427.2
3/11/2024,1:45,2482.8
3/11/2024,2:00,3344.4
3/11/2024,2:15,3366
3/11/2024,2:30,2522.4
3/11/2024,2:45,3363.6
3/11/2024,3:00,3469.2
3/11/2024,3:15,3386.4
3/11/2024,3:30,2479.2
3/11/2024,3:45,3435.6
3/11/2024,4:00,3316.8
3/11/2024,4:15,3385.2
3/11/2024,4:30,3325.2
3/11/2024,4:45,2544
3/11/2024,5:00,3339.6
3/11/2024,5:15,3444
3/11/2024,5:30,3392.4
3/11/2024,5:45,2496
3/11/2024,6:00,3439.2
3/11/2024,6:15,2454
3/11/2024,6:30,3364.8
3/11/2024,6:45,3458.4
3/11/2024,7:00,2491.2
3/11/2024,7:15,3666
3/11/2024,7:30,4033.2
3/11/2024,7:45,3470.4
3/11/2024,8:00,3920.4
3/11/2024,8:15,3320.4
3/11/2024,8:30,3538.8
3/11/2024,8:45,3481.2
3/11/2024,9:00,3310.8
3/11/2024,9:15,4340.4
3/11/2024,9:30,4405.2
3/11/2024,9:45,4712.4
3/11/2024,10:00,4788
3/11/2024,10:15,4668
3/11/2024,10:30,3601.2
3/11/2024,10:45,4602
3/11/2024,11:00,4137.6
3/11/2024,11:15,3892.8
3/11/2024,11:30,3753.6
3/11/2024,11:45,3410.4
3/11/2024,12:00,4244.4
3/11/2024,12:15,4399.2
3/11/2024,12:30,3436.8
3/11/2024,12:45,4400.4
3/11/2024,13:00,3676.8
3/11/2024,13:15,4222.8
3/11/2024,13:30,4441.2
3/11/2024,13:45,3465.6
3/11/2024,14:00,4588.8
3/11/2024,14:15,4659.6
3/11/2024,14:30,3624
3/11/2024,14:45,4557.6
3/11/2024,15:00,3699.6
3/11/2024,15:15,4360.8
3/11/2024,15:30,4590
3/11/2024,15:45,3896.4
3/11/2024,16:00,4680
3/11/2024,16:15,3894
3/11/2024,16:30,4585.2
3/11/2024,16:45,3578.4
3/11/2024,17:00,4536
3/11/2024,17:15,3592.8
3/11/2024,17:30,4609.2
3/11/2024,17:45,3654
3/11/2024,18:00,4332
3/11/2024,18:15,2836.8
3/11/2024,18:30,3390
3/11/2024,18:45,3466.8
3/11/2024,19:00,3459.6
3/11/2024,19:15,3522
3/11/2024,19:30,3304.8
3/11/2024,19:45,2485.2
3/11/2024,20:00,3382.8
3/11/2024,20:15,3487.2
3/11/2024,20:30,2938.8
3/11/2024,20:45,3494.4
3/11/2024,21:00,3372
3/11/2024,21:15,3412.8
3/11/2024,21:30,3309.6
3/11/2024,21:45,3476.4
3/11/2024,22:00,2521.2
3/11/2024,22:15,3393.6
3/11/2024,22:30,2926.8
3/11/2024,22:45,3553.2
3/11/2024,23:00,2935.2
3/11/2024,23:15,3356.4
3/11/2024,23:30,3465.6
3/11/2024,23:45,3408
3/12/2024,0:00,3426
3/12/2024,0:15,3343.2
3/12/2024,0:30,2484
3/12/2024,0:45,3400.8
3/12/2024,1:00,3498
3/12/2024,1:15,3310.8
3/12/2024,1:30,3392.4
3/12/2024,1:45,3284.4
3/12/2024,2:00,3336
3/12/2024,2:15,3410.4
3/12/2024,2:30,3501.6
3/12/2024,2:45,3356.4
3/12/2024,3:00,3433.2
3/12/2024,3:15,2466
3/12/2024,3:30,3364.8
3/12/2024,3:45,2504.4
3/12/2024,4:00,3411.6
3/12/2024,4:15,2554.8
3/12/2024,4:30,3403.2
3/12/2024,4:45,3470.4
3/12/2024,5:00,3398.4
3/12/2024,5:15,3448.8
3/12/2024,5:30,3459.6
3/12/2024,5:45,2600.4
3/12/2024,6:00,3345.6
3/12/2024,6:15,2985.6
3/12/2024,6:30,3357.6
3/12/2024,6:45,3421.2
3/12/2024,7:00,3369.6
3/12/2024,7:15,3727.2
3/12/2024,7:30,3698.4
3/12/2024,7:45,3388.8
3/12/2024,8:00,4035.6
3/12/2024,8:15,4465.2
3/12/2024,8:30,4108.8
3/12/2024,8:45,4638
3/12/2024,9:00,3612
3/12/2024,9:15,4460.4
3/12/2024,9:30,4503.6
3/12/2024,9:45,4362
3/12/2024,10:00,4500
3/12/2024,10:15,4666.8
3/12/2024,10:30,4459.2
3/12/2024,10:45,4243.2
3/12/2024,11:00,4411.2
3/12/2024,11:15,3619.2
3/12/2024,11:30,3780
3/12/2024,11:45,2710.8
3/12/2024,12:00,3237.6
3/12/2024,12:15,3494.4
3/12/2024,12:30,4599.6
3/12/2024,12:45,4522.8
3/12/2024,13:00,4227.6
3/12/2024,13:15,3428.4
3/12/2024,13:30,4624.8
3/12/2024,13:45,3406.8
3/12/2024,14:00,4567.2
3/12/2024,14:15,4563.6
3/12/2024,14:30,4378.8
3/12/2024,14:45,4604.4
3/12/2024,15:00,4520.4
3/12/2024,15:15,3500.4
3/12/2024,15:30,4364.4
3/12/2024,15:45,4443.6
3/12/2024,16:00,4550.4
3/12/2024,16:15,4352.4
3/12/2024,16:30,4248
3/12/2024,16:45,4456.8
3/12/2024,17:00,3921.6
3/12/2024,17:15,4342.8
3/12/2024,17:30,4009.2
3/12/2024,17:45,4496.4
3/12/2024,18:00,3511.2
3/12/2024,18:15,3271.2
3/12/2024,18:30,2936.4
3/12/2024,18:45,2229.6
3/12/2024,19:00,3397.2
3/12/2024,19:15,3390
3/12/2024,19:30,3427.2
3/12/2024,19:45,3178.8
3/12/2024,20:00,3510
3/12/2024,20:15,2506.8
3/12/2024,20:30,2560.8
3/12/2024,20:45,3423.6
3/12/2024,21:00,3517.2
3/12/2024,21:15,2590.8
3/12/2024,21:30,3537.6
3/12/2024,21:45,3072
3/12/2024,22:00,3398.4
3/12/2024,22:15,2530.8
3/12/2024,22:30,3405.6
3/12/2024,22:45,2493.6
3/12/2024,23:00,3458.4
3/12/2024,23:15,2488.8
3/12/2024,23:30,3362.4
3/12/2024,23:45,3429.6
3/13/2024,0:00,3411.6
3/13/2024,0:15,3386.4
3/13/2024,0:30,3391.2
3/13/2024,0:45,2449.2
3/13/2024,1:00,2484
3/13/2024,1:15,3411.6
3/13/2024,1:30,3456
3/13/2024,1:45,2958
3/13/2024,2:00,2611.2
3/13/2024,2:15,2475.6
3/13/2024,2:30,2503.2
3/13/2024,2:45,2470.8
3/13/2024,3:00,2919.6
3/13/2024,3:15,3366
3/13/2024,3:30,3360
3/13/2024,3:45,3416.4
3/13/2024,4:00,3314.4
3/13/2024,4:15,2493.6
3/13/2024,4:30,3012
3/13/2024,4:45,2445.6
3/13/2024,5:00,3344.4
3/13/2024,5:15,2553.6
3/13/2024,5:30,3423.6
3/13/2024,5:45,2547.6
3/13/2024,6:00,3488.4
3/13/2024,6:15,2503.2
3/13/2024,6:30,3358.8
3/13/2024,6:45,3474
3/13/2024,7:00,3651.6
3/13/2024,7:15,2758.8
3/13/2024,7:30,3940.8
3/13/2024,7:45,4072.8
3/13/2024,8:00,4375.2
3/13/2024,8:15,3556.8
3/13/2024,8:30,4275.6
3/13/2024,8:45,4384.8
3/13/2024,9:00,3715.2
3/13/2024,9:15,4393.2
3/13/2024,9:30,4384.8
3/13/2024,9:45,4221.6
3/13/2024,10:00,3488.4
3/13/2024,10:15,4128
3/13/2024,10:30,3736.8
3/13/2024,10:45,3202.8
3/13/2024,11:00,4155.6
3/13/2024,11:15,4360.8
3/13/2024,11:30,3018
3/13/2024,11:45,3794.4
3/13/2024,12:00,4112.4
3/13/2024,12:15,3142.8
3/13/2024,12:30,3289.2
3/13/2024,12:45,3249.6
3/13/2024,13:00,3134.4
3/13/2024,13:15,4341.6
3/13/2024,13:30,4130.4
3/13/2024,13:45,3535.2
3/13/2024,14:00,4629.6
3/13/2024,14:15,4231.2
3/13/2024,14:30,4137.6
3/13/2024,14:45,4305.6
3/13/2024,15:00,3340.8
3/13/2024,15:15,4486.8
3/13/2024,15:30,3596.4
3/13/2024,15:45,3493.2
3/13/2024,16:00,4440
3/13/2024,16:15,4608
3/13/2024,16:30,4387.2
3/13/2024,16:45,3595.2
3/13/2024,17:00,3242.4
3/13/2024,17:15,4412.4
3/13/2024,17:30,3573.6
3/13/2024,17:45,3811.2
3/13/2024,18:00,4376.4
3/13/2024,18:15,3940.8
3/13/2024,18:30,3463.2
3/13/2024,18:45,2329.2
3/13/2024,19:00,3010.8
3/13/2024,19:15,2922
3/13/2024,19:30,2570.4
3/13/2024,19:45,3543.6
3/13/2024,20:00,3482.4
3/13/2024,20:15,3468
3/13/2024,20:30,2998.8
3/13/2024,20:45,2562
3/13/2024,21:00,3529.2
3/13/2024,21:15,3429.6
3/13/2024,21:30,3483.6
3/13/2024,21:45,3387.6
3/13/2024,22:00,3506.4
3/13/2024,22:15,2505.6
3/13/2024,22:30,2990.4
3/13/2024,22:45,2506.8
3/13/2024,23:00,3394.8
3/13/2024,23:15,2523.6
3/13/2024,23:30,3412.8
3/13/2024,23:45,3078
3/14/2024,0:00,3454.8
3/14/2024,0:15,2916
3/14/2024,0:30,3441.6
3/14/2024,0:45,3477.6
3/14/2024,1:00,2991.6
3/14/2024,1:15,2498.4
3/14/2024,1:30,2488.8
3/14/2024,1:45,3459.6
3/14/2024,2:00,2545.2
3/14/2024,2:15,3486
3/14/2024,2:30,3471.6
3/14/2024,2:45,3439.2
3/14/2024,3:00,3360
3/14/2024,3:15,3393.6
3/14/2024,3:30,2544
3/14/2024,3:45,3428.4
3/14/2024,4:00,2560.8
3/14/2024,4:15,3454.8
3/14/2024,4:30,3487.2
3/14/2024,4:45,3542.4
3/14/2024,5:00,3450
3/14/2024,5:15,3496.8
3/14/2024,5:30,3408
3/14/2024,5:45,2527.2
3/14/2024,6:00,3381.6
3/14/2024,6:15,2475.6
3/14/2024,6:30,3356.4
3/14/2024,6:45,2283.6
3/14/2024,7:00,2719.2
3/14/2024,7:15,2520
3/14/2024,7:30,2842.8
3/14/2024,7:45,3421.2
3/14/2024,8:00,4369.2
3/14/2024,8:15,3756
3/14/2024,8:30,3781.2
3/14/2024,8:45,4250.4
3/14/2024,9:00,4430.4
3/14/2024,9:15,4473.6
3/14/2024,9:30,3576
3/14/2024,9:45,4464
3/14/2024,10:00,4278
3/14/2024,10:15,4240.8
3/14/2024,10:30,4640.4
3/14/2024,10:45,4258.8
3/14/2024,11:00,4492.8
3/14/2024,11:15,4183.2
3/14/2024,11:30,3702
3/14/2024,11:45,3898.8
3/14/2024,12:00,4052.4
3/14/2024,12:15,4134
3/14/2024,12:30,4002
3/14/2024,12:45,4648.8
3/14/2024,13:00,3226.8
3/14/2024,13:15,3417.6
3/14/2024,13:30,4364.4
3/14/2024,13:45,3585.6
3/14/2024,14:00,3918
3/14/2024,14:15,3424.8
3/14/2024,14:30,3068.4
3/14/2024,14:45,3241.2
3/14/2024,15:00,4370.4
3/14/2024,15:15,4376.4
3/14/2024,15:30,4081.2
3/14/2024,15:45,3786
3/14/2024,16:00,3426
3/14/2024,16:15,3658.8
3/14/2024,16:30,3853.2
3/14/2024,16:45,3566.4
3/14/2024,17:00,4510.8
3/14/2024,17:15,4417.2
3/14/2024,17:30,4461.6
3/14/2024,17:45,4320
3/14/2024,18:00,3852
3/14/2024,18:15,3829.2
3/14/2024,18:30,3640.8
3/14/2024,18:45,3321.6
3/14/2024,19:00,3517.2
3/14/2024,19:15,3434.4
3/14/2024,19:30,3420
3/14/2024,19:45,3478.8
3/14/2024,20:00,3477.6
3/14/2024,20:15,3361.2
3/14/2024,20:30,2570.4
3/14/2024,20:45,3452.4
3/14/2024,21:00,3368.4
3/14/2024,21:15,2515.2
3/14/2024,21:30,3439.2
3/14/2024,21:45,2421.6
3/14/2024,22:00,2589.6
3/14/2024,22:15,3412.8
3/14/2024,22:30,3499.2
3/14/2024,22:45,2511.6
3/14/2024,23:00,3403.2
3/14/2024,23:15,3484.8
3/14/2024,23:30,3436.8
3/14/2024,23:45,3571.2
3/15/2024,0:00,3373.2
3/15/2024,0:15,2875.2
3/15/2024,0:30,3469.2
3/15/2024,0:45,3350.4
3/15/2024,1:00,3397.2
3/15/2024,1:15,3426
3/15/2024,1:30,3424.8
3/15/2024,1:45,3351.6
3/15/2024,2:00,2944.8
3/15/2024,2:15,3511.2
3/15/2024,2:30,2528.4
3/15/2024,2:45,3476.4
3/15/2024,3:00,3418.8
3/15/2024,3:15,2600.4
3/15/2024,3:30,2578.8
3/15/2024,3:45,2494.8
3/15/2024,4:00,3404.4
3/15/2024,4:15,3452.4
3/15/2024,4:30,2448
3/15/2024,4:45,2503.2
3/15/2024,5:00,3445.2
3/15/2024,5:15,3430.8
3/15/2024,5:30,3468
3/15/2024,5:45,2539.2
3/15/2024,6:00,3470.4
3/15/2024,6:15,3339.6
3/15/2024,6:30,2433.6
3/15/2024,6:45,3517.2
3/15/2024,7:00,3460.8
3/15/2024,7:15,3612
3/15/2024,7:30,3910.8
3/15/2024,7:45,3270
3/15/2024,8:00,4310.4
3/15/2024,8:15,4275.6
3/15/2024,8:30,3258
3/15/2024,8:45,4569.6
3/15/2024,9:00,4254
3/15/2024,9:15,4494
3/15/2024,9:30,4500
3/15/2024,9:45,4339.2
3/15/2024,10:00,4431.6
3/15/2024,10:15,4251.6
3/15/2024,10:30,4123.2
3/15/2024,10:45,4136.4
3/15/2024,11:00,4362
3/15/2024,11:15,4006.8
3/15/2024,11:30,2660.4
3/15/2024,11:45,3746.4
3/15/2024,12:00,4036.8
3/15/2024,12:15,3306
3/15/2024,12:30,3294
3/15/2024,12:45,3806.4
3/15/2024,13:00,4275.6
3/15/2024,13:15,3950.4
3/15/2024,13:30,1773.6
3/15/2024,13:45,1813.2
3/15/2024,14:00,2340
3/15/2024,14:15,1988.4
3/15/2024,14:30,1990.8
3/15/2024,14:45,1765.2
3/15/2024,15:00,1767.6
3/15/2024,15:15,1983.6
3/15/2024,15:30,2590.8
3/15/2024,15:45,3007.2
3/15/2024,16:00,3182.4
3/15/2024,16:15,3180
3/15/2024,16:30,3249.6
3/15/2024,16:45,3846
3/15/2024,17:00,3072
3/15/2024,17:15,3124.8
3/15/2024,17:30,4146
3/15/2024,17:45,4574.4
3/15/2024,18:00,3982.8
3/15/2024,18:15,4005.6
3/15/2024,18:30,2557.2
3/15/2024,18:45,3330
3/15/2024,19:00,3344.4
3/15/2024,19:15,2566.8
3/15/2024,19:30,2448
3/15/2024,19:45,2629.2
3/15/2024,20:00,3402
3/15/2024,20:15,2967.6
3/15/2024,20:30,3373.2
3/15/2024,20:45,3205.2
3/15/2024,21:00,1995.6
3/15/2024,21:15,1838.4
3/15/2024,21:30,2520
3/15/2024,21:45,1362
3/15/2024,22:00,1080
3/15/2024,22:15,571.2
3/15/2024,22:30,595.2
3/15/2024,22:45,556.8
3/15/2024,23:00,496.8
3/15/2024,23:15,434.4
3/15/2024,23:30,436.8
3/15/2024,23:45,412.8
3/16/2024,0:00,414
3/16/2024,0:15,432
3/16/2024,0:30,382.8
3/16/2024,0:45,414
3/16/2024,1:00,394.8
3/16/2024,1:15,364.8
3/16/2024,1:30,370.8
3/16/2024,1:45,370.8
3/16/2024,2:00,376.8
3/16/2024,2:15,385.2
3/16/2024,2:30,583.2
3/16/2024,2:45,891.6
3/16/2024,3:00,956.4
3/16/2024,3:15,1107.6
3/16/2024,3:30,1236
3/16/2024,3:45,1419.6
3/16/2024,4:00,1708.8
3/16/2024,4:15,1960.8
3/16/2024,4:30,2073.6
3/16/2024,4:45,2056.8
3/16/2024,5:00,2128.8
3/16/2024,5:15,3241.2
3/16/2024,5:30,3324
3/16/2024,5:45,2810.4
3/16/2024,6:00,2713.2
3/16/2024,6:15,2390.4
3/16/2024,6:30,3165.6
3/16/2024,6:45,2397.6
3/16/2024,7:00,3192
3/16/2024,7:15,3410.4
3/16/2024,7:30,3811.2
3/16/2024,7:45,4118.4
3/16/2024,8:00,4202.4
3/16/2024,8:15,4290
3/16/2024,8:30,3433.2
3/16/2024,8:45,3859.2
3/16/2024,9:00,3501.6
3/16/2024,9:15,4149.6
3/16/2024,9:30,4201.2
3/16/2024,9:45,4087.2
3/16/2024,10:00,4371.6
3/16/2024,10:15,4167.6
3/16/2024,10:30,3594
3/16/2024,10:45,3062.4
3/16/2024,11:00,4002
3/16/2024,11:15,3937.2
3/16/2024,11:30,3553.2
3/16/2024,11:45,3643.2
3/16/2024,12:00,3327.6
3/16/2024,12:15,3141.6
3/16/2024,12:30,3086.4
3/16/2024,12:45,4228.8
3/16/2024,13:00,3271.2
3/16/2024,13:15,3614.4
3/16/2024,13:30,4359.6
3/16/2024,13:45,4248
3/16/2024,14:00,3402
3/16/2024,14:15,4401.6
3/16/2024,14:30,4465.2
3/16/2024,14:45,4244.4
3/16/2024,15:00,4004.4
3/16/2024,15:15,3262.8
3/16/2024,15:30,3702
3/16/2024,15:45,4288.8
3/16/2024,16:00,3956.4
3/16/2024,16:15,4238.4
3/16/2024,16:30,1611.6
3/16/2024,16:45,1777.2
3/16/2024,17:00,1776
3/16/2024,17:15,1812
3/16/2024,17:30,1614
3/16/2024,17:45,1189.2
3/16/2024,18:00,1838.4
3/16/2024,18:15,1783.2
3/16/2024,18:30,1941.6
3/16/2024,18:45,2030.4
3/16/2024,19:00,2493.6
3/16/2024,19:15,2509.2
3/16/2024,19:30,2518.8
3/16/2024,19:45,3154.8
3/16/2024,20:00,3202.8
3/16/2024,20:15,3298.8
3/16/2024,20:30,3219.6
3/16/2024,20:45,2834.4
3/16/2024,21:00,2377.2
3/16/2024,21:15,3259.2
3/16/2024,21:30,2370
3/16/2024,21:45,2854.8
3/16/2024,22:00,2383.2
3/16/2024,22:15,2782.8
3/16/2024,22:30,3289.2
3/16/2024,22:45,3255.6
3/16/2024,23:00,3186
3/16/2024,23:15,3183.6
3/16/2024,23:30,3200.4
3/16/2024,23:45,3250.8
3/17/2024,0:00,3253.2
3/17/2024,0:15,2791.2
3/17/2024,0:30,2314.8
3/17/2024,0:45,3234
3/17/2024,1:00,2379.6
3/17/2024,1:15,2364
3/17/2024,1:30,3211.2
3/17/2024,1:45,3190.8
3/17/2024,2:00,3279.6
3/17/2024,2:15,3328.8
3/17/2024,2:30,3252
3/17/2024,2:45,2482.8
3/17/2024,3:00,2377.2
3/17/2024,3:15,3314.4
3/17/2024,3:30,2356.8
3/17/2024,3:45,2091.6
3/17/2024,4:00,3110.4
3/17/2024,4:15,3265.2
3/17/2024,4:30,2798.4
3/17/2024,4:45,3176.4
3/17/2024,5:00,2416.8
3/17/2024,5:15,3289.2
3/17/2024,5:30,3316.8
3/17/2024,5:45,3331.2
3/17/2024,6:00,2778
3/17/2024,6:15,2443.2
3/17/2024,6:30,3336
3/17/2024,6:45,3316.8
3/17/2024,7:00,3279.6
3/17/2024,7:15,3542.4
3/17/2024,7:30,3888
3/17/2024,7:45,3434.4
3/17/2024,8:00,3412.8
3/17/2024,8:15,4251.6
3/17/2024,8:30,4322.4
3/17/2024,8:45,3577.2
3/17/2024,9:00,4083.6
3/17/2024,9:15,4092
3/17/2024,9:30,3564
3/17/2024,9:45,3931.2
3/17/2024,10:00,4587.6
3/17/2024,10:15,3454.8
3/17/2024,10:30,1728
3/17/2024,10:45,1854
3/17/2024,11:00,1898.4
3/17/2024,11:15,1282.8
3/17/2024,11:30,1000.8
3/17/2024,11:45,985.2
3/17/2024,12:00,1933.2
3/17/2024,12:15,2544
3/17/2024,12:30,3128.4
3/17/2024,12:45,3166.8
3/17/2024,13:00,3068.4
3/17/2024,13:15,3082.8
3/17/2024,13:30,3423.6
3/17/2024,13:45,3528
3/17/2024,14:00,3306
3/17/2024,14:15,3118.8
3/17/2024,14:30,3997.2
3/17/2024,14:45,3526.8
3/17/2024,15:00,4112.4
3/17/2024,15:15,4182
3/17/2024,15:30,4244.4
3/17/2024,15:45,4225.2
3/17/2024,16:00,4216.8
3/17/2024,16:15,4220.4
3/17/2024,16:30,4111.2
3/17/2024,16:45,4154.4
3/17/2024,17:00,4425.6
3/17/2024,17:15,4159.2
3/17/2024,17:30,3902.4
3/17/2024,17:45,3639.6
3/17/2024,18:00,3688.8
3/17/2024,18:15,3663.6
3/17/2024,18:30,3374.4
3/17/2024,18:45,3260.4
3/17/2024,19:00,3271.2
3/17/2024,19:15,2349.6
3/17/2024,19:30,2426.4
3/17/2024,19:45,3298.8
3/17/2024,20:00,3268.8
3/17/2024,20:15,2420.4
3/17/2024,20:30,3261.6
3/17/2024,20:45,3253.2
3/17/2024,21:00,2414.4
3/17/2024,21:15,3271.2
3/17/2024,21:30,3182.4
3/17/2024,21:45,3258
3/17/2024,22:00,3301.2
3/17/2024,22:15,3355.2
3/17/2024,22:30,3319.2
3/17/2024,22:45,3314.4
3/17/2024,23:00,3294
3/17/2024,23:15,3226.8
3/17/2024,23:30,2400
3/17/2024,23:45,3397.2
3/18/2024,0:00,2235.6
3/18/2024,0:15,2229.6
3/18/2024,0:30,2066.4
3/18/2024,0:45,2107.2
3/18/2024,1:00,2547.6
3/18/2024,1:15,3178.8
3/18/2024,1:30,3246
3/18/2024,1:45,3253.2
3/18/2024,2:00,2497.2
3/18/2024,2:15,2401.2
3/18/2024,2:30,3229.2
3/18/2024,2:45,3304.8
3/18/2024,3:00,2454
3/18/2024,3:15,3254.4
3/18/2024,3:30,2792.4
3/18/2024,3:45,3204
3/18/2024,4:00,2374.8
3/18/2024,4:15,3189.6
3/18/2024,4:30,3285.6
3/18/2024,4:45,2748
3/18/2024,5:00,3177.6
3/18/2024,5:15,3249.6
3/18/2024,5:30,2308.8
3/18/2024,5:45,3130.8
3/18/2024,6:00,3122.4
3/18/2024,6:15,2098.8
3/18/2024,6:30,2240.4
3/18/2024,6:45,3098.4
3/18/2024,7:00,2274
3/18/2024,7:15,2964
3/18/2024,7:30,3536.4
3/18/2024,7:45,4122
3/18/2024,8:00,4623.6
3/18/2024,8:15,4411.2
3/18/2024,8:30,4269.6
3/18/2024,8:45,4132.8
3/18/2024,9:00,3547.2
3/18/2024,9:15,4365.6
3/18/2024,9:30,3482.4
3/18/2024,9:45,4243.2
3/18/2024,10:00,4132.8
3/18/2024,10:15,3987.6
3/18/2024,10:30,4156.8
3/18/2024,10:45,3246
3/18/2024,11:00,4232.4
3/18/2024,11:15,3986.4
3/18/2024,11:30,3501.6
3/18/2024,11:45,3625.2
3/18/2024,12:00,2972.4
3/18/2024,12:15,4341.6
3/18/2024,12:30,4492.8
3/18/2024,12:45,4413.6
3/18/2024,13:00,3862.8
3/18/2024,13:15,4310.4
3/18/2024,13:30,3484.8
3/18/2024,13:45,4484.4
3/18/2024,14:00,4282.8
3/18/2024,14:15,4075.2
3/18/2024,14:30,4514.4
3/18/2024,14:45,4491.6
3/18/2024,15:00,3493.2
3/18/2024,15:15,4725.6
3/18/2024,15:30,4617.6
3/18/2024,15:45,4344
3/18/2024,16:00,3805.2
3/18/2024,16:15,4282.8
3/18/2024,16:30,3462
3/18/2024,16:45,4560
3/18/2024,17:00,4338
3/18/2024,17:15,4551.6
3/18/2024,17:30,4352.4
3/18/2024,17:45,3867.6
3/18/2024,18:00,4611.6
3/18/2024,18:15,3370.8
3/18/2024,18:30,3187.2
3/18/2024,18:45,2342.4
3/18/2024,19:00,3120
3/18/2024,19:15,3195.6
3/18/2024,19:30,3148.8
3/18/2024,19:45,3349.2
3/18/2024,20:00,3170.4
3/18/2024,20:15,3196.8
3/18/2024,20:30,3081.6
3/18/2024,20:45,3182.4
3/18/2024,21:00,3144
3/18/2024,21:15,3165.6
3/18/2024,21:30,3160.8
3/18/2024,21:45,3181.2
3/18/2024,22:00,3190.8
3/18/2024,22:15,3272.4
3/18/2024,22:30,3112.8
3/18/2024,22:45,3165.6
3/18/2024,23:00,3192
3/18/2024,23:15,3102
3/18/2024,23:30,3111.6
3/18/2024,23:45,2704.8
3/19/2024,0:00,2463.6
3/19/2024,0:15,2720.4
3/19/2024,0:30,2668.8
3/19/2024,0:45,2431.2
3/19/2024,1:00,2355.6
3/19/2024,1:15,2656.8
3/19/2024,1:30,2284.8
3/19/2024,1:45,1938
3/19/2024,2:00,1255.2
3/19/2024,2:15,673.2
3/19/2024,2:30,1624.8
3/19/2024,2:45,1380
3/19/2024,3:00,1784.4
3/19/2024,3:15,1986
3/19/2024,3:30,2079.6
3/19/2024,3:45,2112
3/19/2024,4:00,1993.2
3/19/2024,4:15,2082
3/19/2024,4:30,2264.4
3/19/2024,4:45,2130
3/19/2024,5:00,2185.2
3/19/2024,5:15,2133.6
3/19/2024,5:30,2010
3/19/2024,5:45,2128.8
3/19/2024,6:00,2516.4
3/19/2024,6:15,2193.6
3/19/2024,6:30,3094.8
3/19/2024,6:45,3022.8
3/19/2024,7:00,2641.2
3/19/2024,7:15,2498.4
3/19/2024,7:30,3792
3/19/2024,7:45,3079.2
3/19/2024,8:00,3278.4
3/19/2024,8:15,3196.8
3/19/2024,8:30,3522
3/19/2024,8:45,4432.8
3/19/2024,9:00,4220.4
3/19/2024,9:15,4188
3/19/2024,9:30,4143.6
3/19/2024,9:45,3987.6
3/19/2024,10:00,3856.8
3/19/2024,10:15,3519.6
3/19/2024,10:30,3363.6
3/19/2024,10:45,4351.2
3/19/2024,11:00,4551.6
3/19/2024,11:15,4012.8
3/19/2024,11:30,2559.6
3/19/2024,11:45,3541.2
3/19/2024,12:00,3877.2
3/19/2024,12:15,4176
3/19/2024,12:30,3806.4
3/19/2024,12:45,4042.8
3/19/2024,13:00,4694.4
3/19/2024,13:15,4012.8
3/19/2024,13:30,4539.6
3/19/2024,13:45,4810.8
3/19/2024,14:00,3912
3/19/2024,14:15,4519.2
3/19/2024,14:30,3699.6
3/19/2024,14:45,3493.2
3/19/2024,15:00,4288.8
3/19/2024,15:15,4154.4
3/19/2024,15:30,4210.8
3/19/2024,15:45,3550.8
3/19/2024,16:00,3948
3/19/2024,16:15,3594
3/19/2024,16:30,3769.2
3/19/2024,16:45,4485.6
3/19/2024,17:00,3880.8
3/19/2024,17:15,4579.2
3/19/2024,17:30,4011.6
3/19/2024,17:45,4052.4
3/19/2024,18:00,3472.8
3/19/2024,18:15,3957.6
3/19/2024,18:30,3319.2
3/19/2024,18:45,3296.4
3/19/2024,19:00,2428.8
3/19/2024,19:15,2838
3/19/2024,19:30,2668.8
3/19/2024,19:45,3144
3/19/2024,20:00,2769.6
3/19/2024,20:15,3103.2
3/19/2024,20:30,2758.8
3/19/2024,20:45,2694
3/19/2024,21:00,2358
3/19/2024,21:15,2832
3/19/2024,21:30,3267.6
3/19/2024,21:45,2372.4
3/19/2024,22:00,2802
3/19/2024,22:15,3152.4
3/19/2024,22:30,3280.8
3/19/2024,22:45,3181.2
3/19/2024,23:00,3166.8
3/19/2024,23:15,2710.8
3/19/2024,23:30,3152.4
3/19/2024,23:45,2390.4
3/20/2024,0:00,2785.2
3/20/2024,0:15,3158.4
3/20/2024,0:30,2738.4
3/20/2024,0:45,2733.6
3/20/2024,1:00,3104.4
3/20/2024,1:15,2757.6
3/20/2024,1:30,2788.8
3/20/2024,1:45,2824.8
3/20/2024,2:00,2314.8
3/20/2024,2:15,3230.4
3/20/2024,2:30,2322
3/20/2024,2:45,2367.6
3/20/2024,3:00,2809.2
3/20/2024,3:15,2253.6
3/20/2024,3:30,3076.8
3/20/2024,3:45,2124
3/20/2024,4:00,2040
3/20/2024,4:15,2052
3/20/2024,4:30,3126
3/20/2024,4:45,3133.2
3/20/2024,5:00,2738.4
3/20/2024,5:15,3202.8
3/20/2024,5:30,2280
3/20/2024,5:45,2332.8
3/20/2024,6:00,2274
3/20/2024,6:15,2148
3/20/2024,6:30,2704.8
3/20/2024,6:45,3112.8
3/20/2024,7:00,3138
3/20/2024,7:15,2152.8
3/20/2024,7:30,2472
3/20/2024,7:45,3186
3/20/2024,8:00,3037.2
3/20/2024,8:15,3362.4
3/20/2024,8:30,4446
3/20/2024,8:45,3414
3/20/2024,9:00,4226.4
3/20/2024,9:15,3538.8
3/20/2024,9:30,4047.6
3/20/2024,9:45,3832.8
3/20/2024,10:00,4161.6
3/20/2024,10:15,4032
3/20/2024,10:30,3843.6
3/20/2024,10:45,4100.4
3/20/2024,11:00,4142.4
3/20/2024,11:15,3757.2
3/20/2024,11:30,2926.8
3/20/2024,11:45,2548.8
3/20/2024,12:00,2976
3/20/2024,12:15,3358.8
3/20/2024,12:30,3613.2
3/20/2024,12:45,3345.6
3/20/2024,13:00,3868.8
3/20/2024,13:15,3884.4
3/20/2024,13:30,4366.8
3/20/2024,13:45,3457.2
3/20/2024,14:00,4435.2
3/20/2024,14:15,4375.2
3/20/2024,14:30,3822
3/20/2024,14:45,4363.2
3/20/2024,15:00,4134
3/20/2024,15:15,3554.4
3/20/2024,15:30,3450
3/20/2024,15:45,3141.6
3/20/2024,16:00,3316.8
3/20/2024,16:15,3922.8
3/20/2024,16:30,4107.6
3/20/2024,16:45,3538.8
3/20/2024,17:00,4221.6
3/20/2024,17:15,3408
3/20/2024,17:30,4072.8
3/20/2024,17:45,3799.2
3/20/2024,18:00,4257.6
3/20/2024,18:15,3626.4
3/20/2024,18:30,3322.8
3/20/2024,18:45,2714.4
3/20/2024,19:00,2803.2
3/20/2024,19:15,3074.4
3/20/2024,19:30,2311.2
3/20/2024,19:45,2113.2
3/20/2024,20:00,2631.6
3/20/2024,20:15,2119.2
3/20/2024,20:30,2552.4
3/20/2024,20:45,2522.4
3/20/2024,21:00,3012
3/20/2024,21:15,2170.8
3/20/2024,21:30,3032.4
3/20/2024,21:45,2331.6
3/20/2024,22:00,2672.4
3/20/2024,22:15,3002.4
3/20/2024,22:30,2356.8
3/20/2024,22:45,2258.4
3/20/2024,23:00,2684.4
3/20/2024,23:15,2161.2
3/20/2024,23:30,3036
3/20/2024,23:45,3262.8
3/21/2024,0:00,2210.4
3/21/2024,0:15,622.8
3/21/2024,0:30,1044
3/21/2024,0:45,1939.2
3/21/2024,1:00,1929.6
3/21/2024,1:15,1987.2
3/21/2024,1:30,3031.2
3/21/2024,1:45,2295.6
3/21/2024,2:00,3133.2
3/21/2024,2:15,3099.6
3/21/2024,2:30,2307.6
3/21/2024,2:45,3157.2
3/21/2024,3:00,2289.6
3/21/2024,3:15,3151.2
3/21/2024,3:30,2263.2
3/21/2024,3:45,3153.6
3/21/2024,4:00,2617.2
3/21/2024,4:15,2145.6
3/21/2024,4:30,3072
3/21/2024,4:45,3091.2
3/21/2024,5:00,2725.2
3/21/2024,5:15,2300.4
3/21/2024,5:30,2677.2
3/21/2024,5:45,2149.2
3/21/2024,6:00,2265.6
3/21/2024,6:15,2181.6
3/21/2024,6:30,2576.4
3/21/2024,6:45,2166
3/21/2024,7:00,2058
3/21/2024,7:15,2241.6
3/21/2024,7:30,2894.4
3/21/2024,7:45,3322.8
3/21/2024,8:00,3408
3/21/2024,8:15,3280.8
3/21/2024,8:30,4047.6
3/21/2024,8:45,3940.8
3/21/2024,9:00,3568.8
3/21/2024,9:15,3411.6
3/21/2024,9:30,3656.4
3/21/2024,9:45,3529.2
3/21/2024,10:00,3658.8
3/21/2024,10:15,4624.8
3/21/2024,10:30,3746.4
3/21/2024,10:45,4081.2
3/21/2024,11:00,3678
3/21/2024,11:15,3400.8
3/21/2024,11:30,3026.4
3/21/2024,11:45,2638.8
3/21/2024,12:00,3201.6
3/21/2024,12:15,4234.8
3/21/2024,12:30,3843.6
3/21/2024,12:45,3548.4
3/21/2024,13:00,4424.4
3/21/2024,13:15,4506
3/21/2024,13:30,3663.6
3/21/2024,13:45,4626
3/21/2024,14:00,4096.8
3/21/2024,14:15,3627.6
3/21/2024,14:30,4581.6
3/21/2024,14:45,4484.4
3/21/2024,15:00,4225.2
3/21/2024,15:15,3434.4
3/21/2024,15:30,3684
3/21/2024,15:45,4408.8
3/21/2024,16:00,4059.6
3/21/2024,16:15,3769.2
3/21/2024,16:30,4416
3/21/2024,16:45,4178.4
3/21/2024,17:00,3441.6
3/21/2024,17:15,4034.4
3/21/2024,17:30,3404.4
3/21/2024,17:45,3633.6
3/21/2024,18:00,4380
3/21/2024,18:15,2904
3/21/2024,18:30,2762.4
3/21/2024,18:45,2116.8
3/21/2024,19:00,2115.6
3/21/2024,19:15,2082
3/21/2024,19:30,2014.8
3/21/2024,19:45,2478
3/21/2024,20:00,2256
3/21/2024,20:15,2239.2
3/21/2024,20:30,3093.6
3/21/2024,20:45,3052.8
3/21/2024,21:00,2706
3/21/2024,21:15,2730
3/21/2024,21:30,2574
3/21/2024,21:45,2209.2
3/21/2024,22:00,3122.4
3/21/2024,22:15,2740.8
3/21/2024,22:30,2334
3/21/2024,22:45,2742
3/21/2024,23:00,3094.8
3/21/2024,23:15,2235.6
3/21/2024,23:30,2242.8
3/21/2024,23:45,2241.6
3/22/2024,0:00,2726.4
3/22/2024,0:15,2056.8
3/22/2024,0:30,2194.8
3/22/2024,0:45,2156.4
3/22/2024,1:00,2590.8
3/22/2024,1:15,2637.6
3/22/2024,1:30,2215.2
3/22/2024,1:45,3144
3/22/2024,2:00,2617.2
3/22/2024,2:15,3057.6
3/22/2024,2:30,2226
3/22/2024,2:45,2014.8
3/22/2024,3:00,1965.6
3/22/2024,3:15,1951.2
3/22/2024,3:30,1975.2
3/22/2024,3:45,291.6
3/22/2024,4:00,286.8
3/22/2024,4:15,284.4
3/22/2024,4:30,504
3/22/2024,4:45,888
3/22/2024,5:00,1022.4
3/22/2024,5:15,1020
3/22/2024,5:30,1341.6
3/22/2024,5:45,1543.2
3/22/2024,6:00,1813.2
3/22/2024,6:15,1959.6
3/22/2024,6:30,2060.4
3/22/2024,6:45,2565.6
3/22/2024,7:00,3157.2
3/22/2024,7:15,2994
3/22/2024,7:30,3850.8
3/22/2024,7:45,3794.4
3/22/2024,8:00,4039.2
3/22/2024,8:15,3541.2
3/22/2024,8:30,4772.4
3/22/2024,8:45,4608
3/22/2024,9:00,4611.6
3/22/2024,9:15,4674
3/22/2024,9:30,4767.6
3/22/2024,9:45,4646.4
3/22/2024,10:00,4615.2
3/22/2024,10:15,4597.2
3/22/2024,10:30,4450.8
3/22/2024,10:45,4608
3/22/2024,11:00,4206
3/22/2024,11:15,3984
3/22/2024,11:30,3588
3/22/2024,11:45,3548.4
3/22/2024,12:00,4051.2
3/22/2024,12:15,4012.8
3/22/2024,12:30,3681.6
3/22/2024,12:45,4370.4
3/22/2024,13:00,4516.8
3/22/2024,13:15,4722
3/22/2024,13:30,4734
3/22/2024,13:45,4729.2
3/22/2024,14:00,4680
3/22/2024,14:15,4532.4
3/22/2024,14:30,4776
3/22/2024,14:45,4576.8
3/22/2024,15:00,3931.2
3/22/2024,15:15,3894
3/22/2024,15:30,3914.4
3/22/2024,15:45,4659.6
3/22/2024,16:00,3901.2
3/22/2024,16:15,4422
3/22/2024,16:30,4615.2
3/22/2024,16:45,4832.4
3/22/2024,17:00,4634.4
3/22/2024,17:15,4545.6
3/22/2024,17:30,4377.6
3/22/2024,17:45,4482
3/22/2024,18:00,4416
3/22/2024,18:15,3477.6
3/22/2024,18:30,3483.6
3/22/2024,18:45,3480
3/22/2024,19:00,3447.6
3/22/2024,19:15,3458.4
3/22/2024,19:30,3375.6
3/22/2024,19:45,3313.2
3/22/2024,20:00,3345.6
3/22/2024,20:15,2488.8
3/22/2024,20:30,3471.6
3/22/2024,20:45,3393.6
3/22/2024,21:00,2500.8
3/22/2024,21:15,2461.2
3/22/2024,21:30,3536.4
3/22/2024,21:45,2428.8
3/22/2024,22:00,2373.6
3/22/2024,22:15,2427.6
3/22/2024,22:30,3408
3/22/2024,22:45,3436.8
3/22/2024,23:00,3366
3/22/2024,23:15,3282
3/22/2024,23:30,3435.6
3/22/2024,23:45,3450
3/23/2024,0:00,3456
3/23/2024,0:15,3410.4
3/23/2024,0:30,3540
3/23/2024,0:45,3434.4
3/23/2024,1:00,3453.6
3/23/2024,1:15,2559.6
3/23/2024,1:30,2532
3/23/2024,1:45,3471.6
3/23/2024,2:00,3507.6
3/23/2024,2:15,3482.4
3/23/2024,2:30,2518.8
3/23/2024,2:45,3494.4
3/23/2024,3:00,2526
3/23/2024,3:15,3541.2
3/23/2024,3:30,2623.2
3/23/2024,3:45,3507.6
3/23/2024,4:00,2576.4
3/23/2024,4:15,3352.8
3/23/2024,4:30,3332.4
3/23/2024,4:45,2544
3/23/2024,5:00,3402
3/23/2024,5:15,3286.8
3/23/2024,5:30,3345.6
3/23/2024,5:45,3376.8
3/23/2024,6:00,3394.8
3/23/2024,6:15,3453.6
3/23/2024,6:30,3345.6
3/23/2024,6:45,3343.2
3/23/2024,7:00,3432
3/23/2024,7:15,3644.4
3/23/2024,7:30,3802.8
3/23/2024,7:45,4188
3/23/2024,8:00,3668.4
3/23/2024,8:15,3442.8
3/23/2024,8:30,3729.6
3/23/2024,8:45,4042.8
3/23/2024,9:00,4616.4
3/23/2024,9:15,4755.6
3/23/2024,9:30,4065.6
3/23/2024,9:45,4562.4
3/23/2024,10:00,4513.2
3/23/2024,10:15,3802.8
3/23/2024,10:30,3615.6
3/23/2024,10:45,3879.6
3/23/2024,11:00,4448.4
3/23/2024,11:15,3550.8
3/23/2024,11:30,3795.6
3/23/2024,11:45,3765.6
3/23/2024,12:00,4010.4
3/23/2024,12:15,4489.2
3/23/2024,12:30,4220.4
3/23/2024,12:45,4750.8
3/23/2024,13:00,4292.4
3/23/2024,13:15,4934.4
3/23/2024,13:30,4804.8
3/23/2024,13:45,4190.4
3/23/2024,14:00,4842
3/23/2024,14:15,3518.4
3/23/2024,14:30,4591.2
3/23/2024,14:45,4765.2
3/23/2024,15:00,4046.4
3/23/2024,15:15,4551.6
3/23/2024,15:30,4546.8
3/23/2024,15:45,4648.8
3/23/2024,16:00,4726.8
3/23/2024,16:15,4905.6
3/23/2024,16:30,4814.4
3/23/2024,16:45,4453.2
3/23/2024,17:00,4922.4
3/23/2024,17:15,4156.8
3/23/2024,17:30,4615.2
3/23/2024,17:45,4035.6
3/23/2024,18:00,3110.4
3/23/2024,18:15,3412.8
3/23/2024,18:30,3367.2
3/23/2024,18:45,3388.8
3/23/2024,19:00,3427.2
3/23/2024,19:15,2479.2
3/23/2024,19:30,3435.6
3/23/2024,19:45,3474
3/23/2024,20:00,3417.6
3/23/2024,20:15,2438.4
3/23/2024,20:30,3423.6
3/23/2024,20:45,3390
3/23/2024,21:00,3408
3/23/2024,21:15,3492
3/23/2024,21:30,3390
3/23/2024,21:45,3496.8
3/23/2024,22:00,2492.4
3/23/2024,22:15,2518.8
3/23/2024,22:30,3516
3/23/2024,22:45,3430.8
3/23/2024,23:00,3447.6
3/23/2024,23:15,3337.2
3/23/2024,23:30,3390
3/23/2024,23:45,3414
3/24/2024,0:00,3464.4
3/24/2024,0:15,3453.6
3/24/2024,0:30,3430.8
3/24/2024,0:45,2505.6
3/24/2024,1:00,3426
3/24/2024,1:15,3381.6
3/24/2024,1:30,3358.8
3/24/2024,1:45,2511.6
3/24/2024,2:00,2968.8
3/24/2024,2:15,3430.8
3/24/2024,2:30,3433.2
3/24/2024,2:45,2484
3/24/2024,3:00,3360
3/24/2024,3:15,2504.4
3/24/2024,3:30,3562.8
3/24/2024,3:45,2552.4
3/24/2024,4:00,2581.2
3/24/2024,4:15,3404.4
3/24/2024,4:30,3458.4
3/24/2024,4:45,3424.8
3/24/2024,5:00,3459.6
3/24/2024,5:15,3531.6
3/24/2024,5:30,3452.4
3/24/2024,5:45,3471.6
3/24/2024,6:00,3424.8
3/24/2024,6:15,2517.6
3/24/2024,6:30,2498.4
3/24/2024,6:45,3544.8
3/24/2024,7:00,3357.6
3/24/2024,7:15,3638.4
3/24/2024,7:30,4035.6
3/24/2024,7:45,4058.4
3/24/2024,8:00,3666
3/24/2024,8:15,3952.8
3/24/2024,8:30,4870.8
3/24/2024,8:45,4755.6
3/24/2024,9:00,4880.4
3/24/2024,9:15,4681.2
3/24/2024,9:30,3930
3/24/2024,9:45,4327.2
3/24/2024,10:00,3757.2
3/24/2024,10:15,3879.6
3/24/2024,10:30,3781.2
3/24/2024,10:45,3162
3/24/2024,11:00,4023.6
3/24/2024,11:15,3804
3/24/2024,11:30,3204
3/24/2024,11:45,2008.8
3/24/2024,12:00,2360.4
3/24/2024,12:15,2806.8
3/24/2024,12:30,3288
3/24/2024,12:45,3658.8
3/24/2024,13:00,3528
3/24/2024,13:15,3501.6
3/24/2024,13:30,4747.2
3/24/2024,13:45,4542
3/24/2024,14:00,4554
3/24/2024,14:15,3466.8
3/24/2024,14:30,4774.8
3/24/2024,14:45,4416
3/24/2024,15:00,3561.6
3/24/2024,15:15,3654
3/24/2024,15:30,3334.8
3/24/2024,15:45,1771.2
3/24/2024,16:00,1851.6
3/24/2024,16:15,1578
3/24/2024,16:30,1189.2
3/24/2024,16:45,1401.6
3/24/2024,17:00,1536
3/24/2024,17:15,1318.8
3/24/2024,17:30,1264.8
3/24/2024,17:45,867.6
3/24/2024,18:00,853.2
3/24/2024,18:15,318
3/24/2024,18:30,249.6
3/24/2024,18:45,243.6
3/24/2024,19:00,252
3/24/2024,19:15,222
3/24/2024,19:30,288
3/24/2024,19:45,301.2
3/24/2024,20:00,262.8
3/24/2024,20:15,252
3/24/2024,20:30,196.8
3/24/2024,20:45,207.6
3/24/2024,21:00,333.6
3/24/2024,21:15,244.8
3/24/2024,21:30,280.8
3/24/2024,21:45,247.2
3/24/2024,22:00,218.4
3/24/2024,22:15,291.6
3/24/2024,22:30,260.4
3/24/2024,22:45,255.6
3/24/2024,23:00,250.8
3/24/2024,23:15,199.2
3/24/2024,23:30,188.4
3/24/2024,23:45,252
3/25/2024,0:00,267.6
3/25/2024,0:15,249.6
3/25/2024,0:30,261.6
3/25/2024,0:45,207.6
3/25/2024,1:00,230.4
3/25/2024,1:15,244.8
3/25/2024,1:30,236.4
3/25/2024,1:45,236.4
3/25/2024,2:00,199.2
3/25/2024,2:15,205.2
3/25/2024,2:30,304.8
3/25/2024,2:45,248.4
3/25/2024,3:00,250.8
3/25/2024,3:15,204
3/25/2024,3:30,199.2
3/25/2024,3:45,302.4
3/25/2024,4:00,246
3/25/2024,4:15,252
3/25/2024,4:30,211.2
3/25/2024,4:45,201.6
3/25/2024,5:00,290.4
3/25/2024,5:15,240
3/25/2024,5:30,259.2
3/25/2024,5:45,234
3/25/2024,6:00,202.8
3/25/2024,6:15,315.6
3/25/2024,6:30,254.4
3/25/2024,6:45,242.4
3/25/2024,7:00,216
3/25/2024,7:15,448.8
3/25/2024,7:30,986.4
3/25/2024,7:45,1446
3/25/2024,8:00,1773.6
3/25/2024,8:15,1501.2
3/25/2024,8:30,1458
3/25/2024,8:45,1638
3/25/2024,9:00,1712.4
3/25/2024,9:15,1549.2
3/25/2024,9:30,1473.6
3/25/2024,9:45,1702.8
3/25/2024,10:00,1503.6
3/25/2024,10:15,1634.4
3/25/2024,10:30,1572
3/25/2024,10:45,1581.6
3/25/2024,11:00,1201.2
3/25/2024,11:15,1140
3/25/2024,11:30,438
3/25/2024,11:45,471.6
3/25/2024,12:00,948
3/25/2024,12:15,1416
3/25/2024,12:30,1710
3/25/2024,12:45,1730.4
3/25/2024,13:00,1536
3/25/2024,13:15,1684.8
3/25/2024,13:30,1561.2
3/25/2024,13:45,1618.8
3/25/2024,14:00,1562.4
3/25/2024,14:15,1575.6
3/25/2024,14:30,1515.6
3/25/2024,14:45,1459.2
3/25/2024,15:00,1483.2
3/25/2024,15:15,1502.4
3/25/2024,15:30,1591.2
3/25/2024,15:45,1294.8
3/25/2024,16:00,1402.8
3/25/2024,16:15,1324.8
3/25/2024,16:30,1606.8
3/25/2024,16:45,1359.6
3/25/2024,17:00,1629.6
3/25/2024,17:15,1648.8
3/25/2024,17:30,1359.6
3/25/2024,17:45,1554
3/25/2024,18:00,1412.4
3/25/2024,18:15,885.6
3/25/2024,18:30,902.4
3/25/2024,18:45,600
3/25/2024,19:00,252
3/25/2024,19:15,256.8
3/25/2024,19:30,212.4
3/25/2024,19:45,202.8
3/25/2024,20:00,268.8
3/25/2024,20:15,308.4
3/25/2024,20:30,253.2
3/25/2024,20:45,261.6
3/25/2024,21:00,294
3/25/2024,21:15,266.4
3/25/2024,21:30,259.2
3/25/2024,21:45,238.8
3/25/2024,22:00,195.6
3/25/2024,22:15,210
3/25/2024,22:30,208.8
3/25/2024,22:45,204
3/25/2024,23:00,198
3/25/2024,23:15,207.6
3/25/2024,23:30,294
3/25/2024,23:45,300
3/26/2024,0:00,273.6
3/26/2024,0:15,258
3/26/2024,0:30,254.4
3/26/2024,0:45,267.6
3/26/2024,1:00,250.8
3/26/2024,1:15,254.4
3/26/2024,1:30,265.2
3/26/2024,1:45,262.8
3/26/2024,2:00,253.2
3/26/2024,2:15,250.8
3/26/2024,2:30,194.4
3/26/2024,2:45,242.4
3/26/2024,3:00,265.2
3/26/2024,3:15,256.8
3/26/2024,3:30,255.6
3/26/2024,3:45,249.6
3/26/2024,4:00,255.6
3/26/2024,4:15,219.6
3/26/2024,4:30,200.4
3/26/2024,4:45,213.6
3/26/2024,5:00,210
3/26/2024,5:15,291.6
3/26/2024,5:30,279.6
3/26/2024,5:45,270
3/26/2024,6:00,256.8
3/26/2024,6:15,249.6
3/26/2024,6:30,243.6
3/26/2024,6:45,259.2
3/26/2024,7:00,271.2
3/26/2024,7:15,704.4
3/26/2024,7:30,955.2
3/26/2024,7:45,1078.8
3/26/2024,8:00,1209.6
3/26/2024,8:15,924
3/26/2024,8:30,1198.8
3/26/2024,8:45,1386
3/26/2024,9:00,1242
3/26/2024,9:15,1279.2
3/26/2024,9:30,1413.6
3/26/2024,9:45,1186.8
3/26/2024,10:00,1521.6
3/26/2024,10:15,1690.8
3/26/2024,10:30,1606.8
3/26/2024,10:45,1479.6
3/26/2024,11:00,1640.4
3/26/2024,11:15,1147.2
3/26/2024,11:30,366
3/26/2024,11:45,421.2
3/26/2024,12:00,924
3/26/2024,12:15,1603.2
3/26/2024,12:30,1874.4
3/26/2024,12:45,1676.4
3/26/2024,13:00,1486.8
3/26/2024,13:15,1453.2
3/26/2024,13:30,1633.2
3/26/2024,13:45,1602
3/26/2024,14:00,1779.6
3/26/2024,14:15,1660.8
3/26/2024,14:30,1797.6
3/26/2024,14:45,1698
3/26/2024,15:00,1782
3/26/2024,15:15,1657.2
3/26/2024,15:30,1839.6
3/26/2024,15:45,1588.8
3/26/2024,16:00,1339.2
3/26/2024,16:15,1345.2
3/26/2024,16:30,1578
3/26/2024,16:45,1579.2
3/26/2024,17:00,1741.2
3/26/2024,17:15,1422
3/26/2024,17:30,1340.4
3/26/2024,17:45,1560
3/26/2024,18:00,1531.2
3/26/2024,18:15,316.8
3/26/2024,18:30,271.2
3/26/2024,18:45,278.4
3/26/2024,19:00,271.2
3/26/2024,19:15,274.8
3/26/2024,19:30,276
3/26/2024,19:45,254.4
3/26/2024,20:00,258
3/26/2024,20:15,272.4
3/26/2024,20:30,276
3/26/2024,20:45,220.8
3/26/2024,21:00,228
3/26/2024,21:15,217.2
3/26/2024,21:30,262.8
3/26/2024,21:45,268.8
3/26/2024,22:00,266.4
3/26/2024,22:15,262.8
3/26/2024,22:30,273.6
3/26/2024,22:45,318
3/26/2024,23:00,314.4
3/26/2024,23:15,295.2
3/26/2024,23:30,294
3/26/2024,23:45,264
3/27/2024,0:00,224.4
3/27/2024,0:15,222
3/27/2024,0:30,255.6
3/27/2024,0:45,266.4
3/27/2024,1:00,259.2
3/27/2024,1:15,261.6
3/27/2024,1:30,318
3/27/2024,1:45,289.2
3/27/2024,2:00,230.4
3/27/2024,2:15,247.2
3/27/2024,2:30,192
3/27/2024,2:45,181.2
3/27/2024,3:00,190.8
3/27/2024,3:15,178.8
3/27/2024,3:30,238.8
3/27/2024,3:45,190.8
3/27/2024,4:00,144
3/27/2024,4:15,133.2
3/27/2024,4:30,230.4
3/27/2024,4:45,180
3/27/2024,5:00,192
3/27/2024,5:15,148.8
3/27/2024,5:30,147.6
3/27/2024,5:45,226.8
3/27/2024,6:00,208.8
3/27/2024,6:15,189.6
3/27/2024,6:30,142.8
3/27/2024,6:45,148.8
3/27/2024,7:00,272.4
3/27/2024,7:15,454.8
3/27/2024,7:30,709.2
3/27/2024,7:45,1497.6
3/27/2024,8:00,1918.8
3/27/2024,8:15,1754.4
3/27/2024,8:30,1750.8
3/27/2024,8:45,1840.8
3/27/2024,9:00,1663.2
3/27/2024,9:15,1918.8
3/27/2024,9:30,1512
3/27/2024,9:45,1948.8
3/27/2024,10:00,1660.8
3/27/2024,10:15,1774.8
3/27/2024,10:30,1380
3/27/2024,10:45,1735.2
3/27/2024,11:00,1446
3/27/2024,11:15,901.2
3/27/2024,11:30,502.8
3/27/2024,11:45,716.4
3/27/2024,12:00,1204.8
3/27/2024,12:15,1359.6
3/27/2024,12:30,1752
3/27/2024,12:45,1530
3/27/2024,13:00,1674
3/27/2024,13:15,1791.6
3/27/2024,13:30,1590
3/27/2024,13:45,1557.6
3/27/2024,14:00,1574.4
3/27/2024,14:15,1305.6
3/27/2024,14:30,1630.8
3/27/2024,14:45,1795.2
3/27/2024,15:00,1542
3/27/2024,15:15,1630.8
3/27/2024,15:30,1448.4
3/27/2024,15:45,1536
3/27/2024,16:00,1689.6
3/27/2024,16:15,1468.8
3/27/2024,16:30,1540.8
3/27/2024,16:45,1585.2
3/27/2024,17:00,1604.4
3/27/2024,17:15,1604.4
3/27/2024,17:30,1776
3/27/2024,17:45,1827.6
3/27/2024,18:00,1740
3/27/2024,18:15,363.6
3/27/2024,18:30,309.6
3/27/2024,18:45,294
3/27/2024,19:00,274.8
3/27/2024,19:15,273.6
3/27/2024,19:30,288
3/27/2024,19:45,272.4
3/27/2024,20:00,291.6
3/27/2024,20:15,278.4
3/27/2024,20:30,280.8
3/27/2024,20:45,286.8
3/27/2024,21:00,300
3/27/2024,21:15,274.8
3/27/2024,21:30,271.2
3/27/2024,21:45,273.6
3/27/2024,22:00,285.6
3/27/2024,22:15,292.8
3/27/2024,22:30,307.2
3/27/2024,22:45,300
3/27/2024,23:00,288
3/27/2024,23:15,290.4
3/27/2024,23:30,296.4
3/27/2024,23:45,285.6
3/28/2024,0:00,271.2
3/28/2024,0:15,273.6
3/28/2024,0:30,284.4
3/28/2024,0:45,243.6
3/28/2024,1:00,234
3/28/2024,1:15,249.6
3/28/2024,1:30,244.8
3/28/2024,1:45,211.2
3/28/2024,2:00,208.8
3/28/2024,2:15,208.8
3/28/2024,2:30,195.6
3/28/2024,2:45,255.6
3/28/2024,3:00,256.8
3/28/2024,3:15,199.2
3/28/2024,3:30,238.8
3/28/2024,3:45,243.6
3/28/2024,4:00,252
3/28/2024,4:15,267.6
3/28/2024,4:30,254.4
3/28/2024,4:45,261.6
3/28/2024,5:00,278.4
3/28/2024,5:15,301.2
3/28/2024,5:30,224.4
3/28/2024,5:45,228
3/28/2024,6:00,267.6
3/28/2024,6:15,278.4
3/28/2024,6:30,264
3/28/2024,6:45,273.6
3/28/2024,7:00,315.6
3/28/2024,7:15,529.2
3/28/2024,7:30,1030.8
3/28/2024,7:45,1681.2
3/28/2024,8:00,1651.2
3/28/2024,8:15,1788
3/28/2024,8:30,1482
3/28/2024,8:45,1413.6
3/28/2024,9:00,1654.8
3/28/2024,9:15,1651.2
3/28/2024,9:30,1563.6
3/28/2024,9:45,1414.8
3/28/2024,10:00,1804.8
3/28/2024,10:15,1641.6
3/28/2024,10:30,1560
3/28/2024,10:45,1647.6
3/28/2024,11:00,1272
3/28/2024,11:15,993.6
3/28/2024,11:30,675.6
3/28/2024,11:45,807.6
3/28/2024,12:00,1371.6
3/28/2024,12:15,1458
3/28/2024,12:30,1924.8
3/28/2024,12:45,1850.4
3/28/2024,13:00,1586.4
3/28/2024,13:15,1717.2
3/28/2024,13:30,1658.4
3/28/2024,13:45,1347.6
3/28/2024,14:00,1604.4
3/28/2024,14:15,1510.8
3/28/2024,14:30,1454.4
3/28/2024,14:45,1578
3/28/2024,15:00,1305.6
3/28/2024,15:15,1719.6
3/28/2024,15:30,1623.6
3/28/2024,15:45,1734
3/28/2024,16:00,1644
3/28/2024,16:15,1826.4
3/28/2024,16:30,1809.6
3/28/2024,16:45,1462.8
3/28/2024,17:00,1795.2
3/28/2024,17:15,1630.8
3/28/2024,17:30,1268.4
3/28/2024,17:45,1675.2
3/28/2024,18:00,1267.2
3/28/2024,18:15,352.8
3/28/2024,18:30,304.8
3/28/2024,18:45,282
3/28/2024,19:00,265.2
3/28/2024,19:15,278.4
3/28/2024,19:30,295.2
3/28/2024,19:45,214.8
3/28/2024,20:00,224.4
3/28/2024,20:15,214.8
3/28/2024,20:30,216
3/28/2024,20:45,232.8
3/28/2024,21:00,228
3/28/2024,21:15,264
3/28/2024,21:30,278.4
3/28/2024,21:45,265.2
3/28/2024,22:00,301.2
3/28/2024,22:15,315.6
3/28/2024,22:30,289.2
3/28/2024,22:45,295.2
3/28/2024,23:00,298.8
3/28/2024,23:15,289.2
3/28/2024,23:30,224.4
3/28/2024,23:45,205.2
3/29/2024,0:00,244.8
3/29/2024,0:15,255.6
3/29/2024,0:30,289.2
3/29/2024,0:45,282
3/29/2024,1:00,272.4
3/29/2024,1:15,277.2
3/29/2024,1:30,268.8
3/29/2024,1:45,229.2
3/29/2024,2:00,247.2
3/29/2024,2:15,217.2
3/29/2024,2:30,315.6
3/29/2024,2:45,328.8
3/29/2024,3:00,282
3/29/2024,3:15,260.4
3/29/2024,3:30,279.6
3/29/2024,3:45,276
3/29/2024,4:00,276
3/29/2024,4:15,228
3/29/2024,4:30,212.4
3/29/2024,4:45,222
3/29/2024,5:00,273.6
3/29/2024,5:15,273.6
3/29/2024,5:30,284.4
3/29/2024,5:45,292.8
3/29/2024,6:00,291.6
3/29/2024,6:15,282
3/29/2024,6:30,285.6
3/29/2024,6:45,282
3/29/2024,7:00,224.4
3/29/2024,7:15,470.4
3/29/2024,7:30,855.6
3/29/2024,7:45,1519.2
3/29/2024,8:00,1777.2
3/29/2024,8:15,1377.6
3/29/2024,8:30,1488
3/29/2024,8:45,1243.2
3/29/2024,9:00,1555.2
3/29/2024,9:15,1126.8
3/29/2024,9:30,1426.8
3/29/2024,9:45,1321.2
3/29/2024,10:00,1069.2
3/29/2024,10:15,1183.2
3/29/2024,10:30,1239.6
3/29/2024,10:45,1378.8
3/29/2024,11:00,1302
3/29/2024,11:15,715.2
3/29/2024,11:30,606
3/29/2024,11:45,1021.2
3/29/2024,12:00,1152
3/29/2024,12:15,1345.2
3/29/2024,12:30,1380
3/29/2024,12:45,1540.8
3/29/2024,13:00,1509.6
3/29/2024,13:15,1633.2
3/29/2024,13:30,1351.2
3/29/2024,13:45,1663.2
3/29/2024,14:00,1494
3/29/2024,14:15,1431.6
3/29/2024,14:30,1315.2
3/29/2024,14:45,1263.6
3/29/2024,15:00,1206
3/29/2024,15:15,1256.4
3/29/2024,15:30,1443.6
3/29/2024,15:45,1698
3/29/2024,16:00,1626
3/29/2024,16:15,1597.2
3/29/2024,16:30,1431.6
3/29/2024,16:45,1522.8
3/29/2024,17:00,1245.6
3/29/2024,17:15,1188
3/29/2024,17:30,1543.2
3/29/2024,17:45,1300.8
3/29/2024,18:00,1392
3/29/2024,18:15,1120.8
3/29/2024,18:30,694.8
3/29/2024,18:45,319.2
3/29/2024,19:00,264
3/29/2024,19:15,268.8
3/29/2024,19:30,285.6
3/29/2024,19:45,268.8
3/29/2024,20:00,295.2
3/29/2024,20:15,298.8
3/29/2024,20:30,309.6
3/29/2024,20:45,294
3/29/2024,21:00,295.2
3/29/2024,21:15,288
3/29/2024,21:30,270
3/29/2024,21:45,264
3/29/2024,22:00,270
3/29/2024,22:15,270
3/29/2024,22:30,294
3/29/2024,22:45,282
3/29/2024,23:00,284.4
3/29/2024,23:15,277.2
3/29/2024,23:30,264
3/29/2024,23:45,454.8
3/30/2024,0:00,451.2
3/30/2024,0:15,507.6
3/30/2024,0:30,451.2
3/30/2024,0:45,440.4
3/30/2024,1:00,476.4
3/30/2024,1:15,462
3/30/2024,1:30,451.2
3/30/2024,1:45,301.2
3/30/2024,2:00,289.2
3/30/2024,2:15,256.8
3/30/2024,2:30,264
3/30/2024,2:45,270
3/30/2024,3:00,307.2
3/30/2024,3:15,272.4
3/30/2024,3:30,282
3/30/2024,3:45,256.8
3/30/2024,4:00,259.2
3/30/2024,4:15,255.6
3/30/2024,4:30,254.4
3/30/2024,4:45,249.6
3/30/2024,5:00,259.2
3/30/2024,5:15,240
3/30/2024,5:30,271.2
3/30/2024,5:45,308.4
3/30/2024,6:00,274.8
3/30/2024,6:15,288
3/30/2024,6:30,303.6
3/30/2024,6:45,261.6
3/30/2024,7:00,273.6
3/30/2024,7:15,540
3/30/2024,7:30,859.2
3/30/2024,7:45,1227.6
3/30/2024,8:00,1448.4
3/30/2024,8:15,1522.8
3/30/2024,8:30,1510.8
3/30/2024,8:45,1442.4
3/30/2024,9:00,1402.8
3/30/2024,9:15,1590
3/30/2024,9:30,1560
3/30/2024,9:45,1518
3/30/2024,10:00,1426.8
3/30/2024,10:15,1453.2
3/30/2024,10:30,1474.8
3/30/2024,10:45,1430.4
3/30/2024,11:00,1358.4
3/30/2024,11:15,770.4
3/30/2024,11:30,483.6
3/30/2024,11:45,566.4
3/30/2024,12:00,986.4
3/30/2024,12:15,1705.2
3/30/2024,12:30,1556.4
3/30/2024,12:45,1923.6
3/30/2024,13:00,2188.8
3/30/2024,13:15,1843.2
3/30/2024,13:30,2060.4
3/30/2024,13:45,2305.2
3/30/2024,14:00,2701.2
3/30/2024,14:15,2901.6
3/30/2024,14:30,3111.6
3/30/2024,14:45,2076
3/30/2024,15:00,3637.2
3/30/2024,15:15,3270
3/30/2024,15:30,4244.4
3/30/2024,15:45,3991.2
3/30/2024,16:00,4560
3/30/2024,16:15,4440
3/30/2024,16:30,3591.6
3/30/2024,16:45,4405.2
3/30/2024,17:00,4503.6
3/30/2024,17:15,3772.8
3/30/2024,17:30,3861.6
3/30/2024,17:45,2538
3/30/2024,18:00,2280
3/30/2024,18:15,3373.2
3/30/2024,18:30,2371.2
3/30/2024,18:45,2427.6
3/30/2024,19:00,3320.4
3/30/2024,19:15,3285.6
3/30/2024,19:30,2259.6
3/30/2024,19:45,2355.6
3/30/2024,20:00,2828.4
3/30/2024,20:15,2356.8
3/30/2024,20:30,2478
3/30/2024,20:45,3286.8
3/30/2024,21:00,3332.4
3/30/2024,21:15,2265.6
3/30/2024,21:30,2158.8
3/30/2024,21:45,2708.4
3/30/2024,22:00,3259.2
3/30/2024,22:15,3384
3/30/2024,22:30,3346.8
3/30/2024,22:45,3340.8
3/30/2024,23:00,3355.2
3/30/2024,23:15,3334.8
3/30/2024,23:30,3380.4
3/30/2024,23:45,2450.4
3/31/2024,0:00,3334.8
3/31/2024,0:15,3360
3/31/2024,0:30,3398.4
3/31/2024,0:45,2442
3/31/2024,1:00,2592
3/31/2024,1:15,2469.6
3/31/2024,1:30,2932.8
3/31/2024,1:45,3346.8
3/31/2024,2:00,2497.2
3/31/2024,2:15,3397.2
3/31/2024,2:30,3505.2
3/31/2024,2:45,3445.2
3/31/2024,3:00,3392.4
3/31/2024,3:15,3432
3/31/2024,3:30,2461.2
3/31/2024,3:45,3510
3/31/2024,4:00,2480.4
3/31/2024,4:15,3288
3/31/2024,4:30,3370.8
3/31/2024,4:45,3457.2
3/31/2024,5:00,3303.6
3/31/2024,5:15,2565.6
3/31/2024,5:30,3493.2
3/31/2024,5:45,2359.2
3/31/2024,6:00,2331.6
3/31/2024,6:15,2314.8
3/31/2024,6:30,2480.4
3/31/2024,6:45,2461.2
3/31/2024,7:00,3368.4
3/31/2024,7:15,2766
3/31/2024,7:30,3250.8
3/31/2024,7:45,4674
3/31/2024,8:00,3813.6
3/31/2024,8:15,4642.8
3/31/2024,8:30,3669.6
3/31/2024,8:45,3543.6
3/31/2024,9:00,4632
3/31/2024,9:15,3792
3/31/2024,9:30,3478.8
3/31/2024,9:45,3574.8
3/31/2024,10:00,4326
3/31/2024,10:15,3566.4
3/31/2024,10:30,4411.2
3/31/2024,10:45,3720
3/31/2024,11:00,3669.6
3/31/2024,11:15,3380.4
3/31/2024,11:30,3560.4
3/31/2024,11:45,2764.8
3/31/2024,12:00,3002.4
3/31/2024,12:15,4126.8
3/31/2024,12:30,3436.8
3/31/2024,12:45,4251.6
3/31/2024,13:00,3700.8
3/31/2024,13:15,4573.2
3/31/2024,13:30,3697.2
3/31/2024,13:45,3457.2
3/31/2024,14:00,3724.8
3/31/2024,14:15,4515.6
3/31/2024,14:30,4567.2
3/31/2024,14:45,3578.4
3/31/2024,15:00,3400.8
3/31/2024,15:15,3355.2
3/31/2024,15:30,4611.6
3/31/2024,15:45,3992.4
3/31/2024,16:00,4446
3/31/2024,16:15,3412.8
3/31/2024,16:30,3506.4
3/31/2024,16:45,3835.2
3/31/2024,17:00,3338.4
3/31/2024,17:15,3193.2
3/31/2024,17:30,3350.4
3/31/2024,17:45,3612
3/31/2024,18:00,2324.4
3/31/2024,18:15,2175.6
3/31/2024,18:30,2130
3/31/2024,18:45,3214.8
3/31/2024,19:00,3361.2
3/31/2024,19:15,2422.8
3/31/2024,19:30,3338.4
3/31/2024,19:45,3427.2
3/31/2024,20:00,3380.4
3/31/2024,20:15,2376
3/31/2024,20:30,3396
3/31/2024,20:45,2961.6
3/31/2024,21:00,2476.8
3/31/2024,21:15,3343.2
3/31/2024,21:30,3338.4
3/31/2024,21:45,2557.2
3/31/2024,22:00,3414
3/31/2024,22:15,3409.2
3/31/2024,22:30,2286
3/31/2024,22:45,2296.8
3/31/2024,23:00,2198.4
3/31/2024,23:15,2164.8
3/31/2024,23:30,2380.8
3/31/2024,23:45,3414
4/1/2024,0:00,3496.8
4/1/2024,0:15,3380.4
4/1/2024,0:30,3306
4/1/2024,0:45,3416.4
4/1/2024,1:00,3358.8
4/1/2024,1:15,3399.6
4/1/2024,1:30,3459.6
4/1/2024,1:45,3379.2
4/1/2024,2:00,2930.4
4/1/2024,2:15,3392.4
4/1/2024,2:30,3410.4
4/1/2024,2:45,3434.4
4/1/2024,3:00,3369.6
4/1/2024,3:15,3358.8
4/1/2024,3:30,2492.4
4/1/2024,3:45,3370.8
4/1/2024,4:00,3381.6
4/1/2024,4:15,2253.6
4/1/2024,4:30,2174.4
4/1/2024,4:45,2173.2
4/1/2024,5:00,2212.8
4/1/2024,5:15,3274.8
4/1/2024,5:30,3244.8
4/1/2024,5:45,2492.4
4/1/2024,6:00,2461.2
4/1/2024,6:15,3330
4/1/2024,6:30,3364.8
4/1/2024,6:45,3481.2
4/1/2024,7:00,3342
4/1/2024,7:15,2506.8
4/1/2024,7:30,3932.4
4/1/2024,7:45,3421.2
4/1/2024,8:00,4364.4
4/1/2024,8:15,3396
4/1/2024,8:30,4570.8
4/1/2024,8:45,3417.6
4/1/2024,9:00,3477.6
4/1/2024,9:15,4270.8
4/1/2024,9:30,3837.6
4/1/2024,9:45,3422.4
4/1/2024,10:00,4616.4
4/1/2024,10:15,3729.6
4/1/2024,10:30,3823.2
4/1/2024,10:45,4491.6
4/1/2024,11:00,4400.4
4/1/2024,11:15,2925.6
4/1/2024,11:30,3171.6
4/1/2024,11:45,3726
4/1/2024,12:00,3249.6
4/1/2024,12:15,4408.8
4/1/2024,12:30,3722.4
4/1/2024,12:45,4293.6
4/1/2024,13:00,4327.2
4/1/2024,13:15,4387.2
4/1/2024,13:30,4548
4/1/2024,13:45,3807.6
4/1/2024,14:00,4735.2
4/1/2024,14:15,4261.2
4/1/2024,14:30,4507.2
4/1/2024,14:45,4196.4
4/1/2024,15:00,3476.4
4/1/2024,15:15,4293.6
4/1/2024,15:30,3636
4/1/2024,15:45,4107.6
4/1/2024,16:00,3657.6
4/1/2024,16:15,4594.8
4/1/2024,16:30,4356
4/1/2024,16:45,4168.8
4/1/2024,17:00,4230
4/1/2024,17:15,4617.6
4/1/2024,17:30,4285.2
4/1/2024,17:45,4394.4
4/1/2024,18:00,4005.6
4/1/2024,18:15,3531.6
4/1/2024,18:30,3460.8
4/1/2024,18:45,3442.8
4/1/2024,19:00,3302.4
4/1/2024,19:15,3400.8
4/1/2024,19:30,3343.2
4/1/2024,19:45,3386.4
4/1/2024,20:00,2984.4
4/1/2024,20:15,2472
4/1/2024,20:30,3396
4/1/2024,20:45,3363.6
4/1/2024,21:00,3396
4/1/2024,21:15,3336
4/1/2024,21:30,3342
4/1/2024,21:45,3325.2
4/1/2024,22:00,3296.4
4/1/2024,22:15,2460
4/1/2024,22:30,2883.6
4/1/2024,22:45,3422.4
4/1/2024,23:00,2424
4/1/2024,23:15,3355.2
4/1/2024,23:30,2822.4
4/1/2024,23:45,2476.8
4/2/2024,0:00,2476.8
4/2/2024,0:15,2065.2
4/2/2024,0:30,1880.4
4/2/2024,0:45,2570.4
4/2/2024,1:00,2810.4
4/2/2024,1:15,2689.2
4/2/2024,1:30,2896.8
4/2/2024,1:45,1916.4
4/2/2024,2:00,2320.8
4/2/2024,2:15,2008.8
4/2/2024,2:30,2019.6
4/2/2024,2:45,2161.2
4/2/2024,3:00,2031.6
4/2/2024,3:15,2326.8
4/2/2024,3:30,2648.4
4/2/2024,3:45,2090.4
4/2/2024,4:00,3216
4/2/2024,4:15,3296.4
4/2/2024,4:30,3283.2
4/2/2024,4:45,3514.8
4/2/2024,5:00,3235.2
4/2/2024,5:15,3446.4
4/2/2024,5:30,3292.8
4/2/2024,5:45,3318
4/2/2024,6:00,2224.8
4/2/2024,6:15,2142
4/2/2024,6:30,3247.2
4/2/2024,6:45,3236.4
4/2/2024,7:00,3303.6
4/2/2024,7:15,3572.4
4/2/2024,7:30,3747.6
4/2/2024,7:45,4132.8
4/2/2024,8:00,4465.2
4/2/2024,8:15,4387.2
4/2/2024,8:30,3514.8
4/2/2024,8:45,4023.6
4/2/2024,9:00,4425.6
4/2/2024,9:15,4435.2
4/2/2024,9:30,4356
4/2/2024,9:45,4356
4/2/2024,10:00,4750.8
4/2/2024,10:15,4510.8
4/2/2024,10:30,3553.2
4/2/2024,10:45,3685.2
4/2/2024,11:00,4206
4/2/2024,11:15,4107.6
4/2/2024,11:30,3495.6
4/2/2024,11:45,3567.6
4/2/2024,12:00,4016.4
4/2/2024,12:15,3474
4/2/2024,12:30,4534.8
4/2/2024,12:45,3369.6
4/2/2024,13:00,4572
4/2/2024,13:15,4356
4/2/2024,13:30,4084.8
4/2/2024,13:45,4318.8
4/2/2024,14:00,4390.8
4/2/2024,14:15,3574.8
4/2/2024,14:30,4074
4/2/2024,14:45,3385.2
4/2/2024,15:00,4485.6
4/2/2024,15:15,4350
4/2/2024,15:30,4704
4/2/2024,15:45,4401.6
4/2/2024,16:00,4431.6
4/2/2024,16:15,4482
4/2/2024,16:30,4364.4
4/2/2024,16:45,4420.8
4/2/2024,17:00,4215.6
4/2/2024,17:15,4194
4/2/2024,17:30,4088.4
4/2/2024,17:45,4142.4
4/2/2024,18:00,2565.6
4/2/2024,18:15,3453.6
4/2/2024,18:30,3374.4
4/2/2024,18:45,3224.4
4/2/2024,19:00,2365.2
4/2/2024,19:15,3290.4
4/2/2024,19:30,3318
4/2/2024,19:45,2416.8
4/2/2024,20:00,2311.2
4/2/2024,20:15,3234
4/2/2024,20:30,3038.4
4/2/2024,20:45,2488.8
4/2/2024,21:00,3224.4
4/2/2024,21:15,3246
4/2/2024,21:30,3318
4/2/2024,21:45,3225.6
4/2/2024,22:00,3246
4/2/2024,22:15,3334.8
4/2/2024,22:30,3266.4
4/2/2024,22:45,3261.6
4/2/2024,23:00,3218.4
4/2/2024,23:15,3189.6
4/2/2024,23:30,2418
4/2/2024,23:45,3348
4/3/2024,0:00,3123.6
4/3/2024,0:15,3226.8
4/3/2024,0:30,3254.4
4/3/2024,0:45,2436
4/3/2024,1:00,2473.2
4/3/2024,1:15,3314.4
4/3/2024,1:30,3348
4/3/2024,1:45,2812.8
4/3/2024,2:00,2802
4/3/2024,2:15,3292.8
4/3/2024,2:30,3337.2
4/3/2024,2:45,3409.2
4/3/2024,3:00,3289.2
4/3/2024,3:15,3268.8
4/3/2024,3:30,3272.4
4/3/2024,3:45,3247.2
4/3/2024,4:00,3211.2
4/3/2024,4:15,3223.2
4/3/2024,4:30,3175.2
4/3/2024,4:45,3379.2
4/3/2024,5:00,2205.6
4/3/2024,5:15,2250
4/3/2024,5:30,2343.6
4/3/2024,5:45,3188.4
4/3/2024,6:00,3180
4/3/2024,6:15,2431.2
4/3/2024,6:30,3278.4
4/3/2024,6:45,3217.2
4/3/2024,7:00,3285.6
4/3/2024,7:15,3254.4
4/3/2024,7:30,3458.4
4/3/2024,7:45,3506.4
4/3/2024,8:00,3967.2
4/3/2024,8:15,4267.2
4/3/2024,8:30,4125.6
4/3/2024,8:45,4224
4/3/2024,9:00,3661.2
4/3/2024,9:15,3078
4/3/2024,9:30,2889.6
4/3/2024,9:45,4078.8
4/3/2024,10:00,4081.2
4/3/2024,10:15,2878.8
4/3/2024,10:30,3760.8
4/3/2024,10:45,3732
4/3/2024,11:00,3136.8
4/3/2024,11:15,3910.8
4/3/2024,11:30,2586
4/3/2024,11:45,3469.2
4/3/2024,12:00,3602.4
4/3/2024,12:15,3758.4
4/3/2024,12:30,2971.2
4/3/2024,12:45,3792
4/3/2024,13:00,3345.6
4/3/2024,13:15,3998.4
4/3/2024,13:30,3795.6
4/3/2024,13:45,4416
4/3/2024,14:00,3958.8
4/3/2024,14:15,4143.6
4/3/2024,14:30,4282.8
4/3/2024,14:45,3968.4
4/3/2024,15:00,4053.6
4/3/2024,15:15,4188
4/3/2024,15:30,3588
4/3/2024,15:45,3001.2
4/3/2024,16:00,2510.4
4/3/2024,16:15,2918.4
4/3/2024,16:30,2024.4
4/3/2024,16:45,2385.6
4/3/2024,17:00,2001.6
4/3/2024,17:15,710.4
4/3/2024,17:30,380.4
4/3/2024,17:45,202.8
4/3/2024,18:00,156
4/3/2024,18:15,164.4
4/3/2024,18:30,130.8
4/3/2024,18:45,27.6
4/3/2024,19:00,42
4/3/2024,19:15,26.4
4/3/2024,19:30,21.6
4/3/2024,19:45,22.8
4/3/2024,20:00,25.2
4/3/2024,20:15,22.8
4/3/2024,20:30,21.6
4/3/2024,20:45,21.6
4/3/2024,21:00,24
4/3/2024,21:15,21.6
4/3/2024,21:30,26.4
4/3/2024,21:45,25.2
4/3/2024,22:00,25.2
4/3/2024,22:15,25.2
4/3/2024,22:30,21.6
4/3/2024,22:45,22.8
4/3/2024,23:00,22.8
4/3/2024,23:15,22.8
4/3/2024,23:30,22.8
4/3/2024,23:45,31.2
4/4/2024,0:00,22.8
4/4/2024,0:15,21.6
4/4/2024,0:30,21.6
4/4/2024,0:45,21.6
4/4/2024,1:00,21.6
4/4/2024,1:15,25.2
4/4/2024,1:30,31.2
4/4/2024,1:45,25.2
4/4/2024,2:00,21.6
4/4/2024,2:15,21.6
4/4/2024,2:30,22.8
4/4/2024,2:45,22.8
4/4/2024,3:00,22.8
4/4/2024,3:15,22.8
4/4/2024,3:30,21.6
4/4/2024,3:45,22.8
4/4/2024,4:00,22.8
4/4/2024,4:15,24
4/4/2024,4:30,26.4
4/4/2024,4:45,21.6
4/4/2024,5:00,22.8
4/4/2024,5:15,25.2
4/4/2024,5:30,22.8
4/4/2024,5:45,21.6
4/4/2024,6:00,26.4
4/4/2024,6:15,22.8
4/4/2024,6:30,21.6
4/4/2024,6:45,21.6
4/4/2024,7:00,21.6
4/4/2024,7:15,21.6
4/4/2024,7:30,21.6
4/4/2024,7:45,21.6
4/4/2024,8:00,21.6
4/4/2024,8:15,21.6
4/4/2024,8:30,22.8
4/4/2024,8:45,21.6
4/4/2024,9:00,21.6
4/4/2024,9:15,21.6
4/4/2024,9:30,21.6
4/4/2024,9:45,21.6
4/4/2024,10:00,22.8
4/4/2024,10:15,22.8
4/4/2024,10:30,21.6
4/4/2024,10:45,21.6
4/4/2024,11:00,24
4/4/2024,11:15,21.6
4/4/2024,11:30,21.6
4/4/2024,11:45,21.6
4/4/2024,12:00,21.6
4/4/2024,12:15,22.8
4/4/2024,12:30,21.6
4/4/2024,12:45,21.6
4/4/2024,13:00,21.6
4/4/2024,13:15,21.6
4/4/2024,13:30,21.6
4/4/2024,13:45,21.6
4/4/2024,14:00,21.6
4/4/2024,14:15,22.8
4/4/2024,14:30,21.6
4/4/2024,14:45,22.8
4/4/2024,15:00,21.6
4/4/2024,15:15,21.6
4/4/2024,15:30,21.6
4/4/2024,15:45,25.2
4/4/2024,16:00,25.2
4/4/2024,16:15,21.6
4/4/2024,16:30,25.2
4/4/2024,16:45,21.6
4/4/2024,17:00,21.6
4/4/2024,17:15,34.8
4/4/2024,17:30,21.6
4/4/2024,17:45,21.6
4/4/2024,18:00,25.2
4/4/2024,18:15,21.6
4/4/2024,18:30,22.8
4/4/2024,18:45,25.2
4/4/2024,19:00,24
4/4/2024,19:15,21.6
4/4/2024,19:30,25.2
4/4/2024,19:45,22.8
4/4/2024,20:00,21.6
4/4/2024,20:15,26.4
4/4/2024,20:30,21.6
4/4/2024,20:45,22.8
4/4/2024,21:00,27.6
4/4/2024,21:15,22.8
4/4/2024,21:30,26.4
4/4/2024,21:45,26.4
4/4/2024,22:00,22.8
4/4/2024,22:15,24
4/4/2024,22:30,26.4
4/4/2024,22:45,22.8
4/4/2024,23:00,22.8
4/4/2024,23:15,27.6
4/4/2024,23:30,24
4/4/2024,23:45,24
4/5/2024,0:00,22.8
4/5/2024,0:15,22.8
4/5/2024,0:30,22.8
4/5/2024,0:45,22.8
4/5/2024,1:00,33.6
4/5/2024,1:15,24
4/5/2024,1:30,22.8
4/5/2024,1:45,22.8
4/5/2024,2:00,24
4/5/2024,2:15,22.8
4/5/2024,2:30,22.8
4/5/2024,2:45,22.8
4/5/2024,3:00,22.8
4/5/2024,3:15,24
4/5/2024,3:30,24
4/5/2024,3:45,22.8
4/5/2024,4:00,24
4/5/2024,4:15,24
4/5/2024,4:30,24
4/5/2024,4:45,26.4
4/5/2024,5:00,24
4/5/2024,5:15,24
4/5/2024,5:30,26.4
4/5/2024,5:45,25.2
4/5/2024,6:00,24
4/5/2024,6:15,22.8
4/5/2024,6:30,22.8
4/5/2024,6:45,22.8
4/5/2024,7:00,24
4/5/2024,7:15,22.8
4/5/2024,7:30,22.8
4/5/2024,7:45,24
4/5/2024,8:00,21.6
4/5/2024,8:15,22.8
4/5/2024,8:30,21.6
4/5/2024,8:45,21.6
4/5/2024,9:00,21.6
4/5/2024,9:15,21.6
4/5/2024,9:30,21.6
4/5/2024,9:45,20.4
4/5/2024,10:00,22.8
4/5/2024,10:15,24
4/5/2024,10:30,24
4/5/2024,10:45,22.8
4/5/2024,11:00,21.6
4/5/2024,11:15,21.6
4/5/2024,11:30,21.6
4/5/2024,11:45,21.6
4/5/2024,12:00,22.8
4/5/2024,12:15,21.6
4/5/2024,12:30,22.8
4/5/2024,12:45,21.6
4/5/2024,13:00,31.2
4/5/2024,13:15,22.8
4/5/2024,13:30,21.6
4/5/2024,13:45,21.6
4/5/2024,14:00,21.6
4/5/2024,14:15,21.6
4/5/2024,14:30,22.8
4/5/2024,14:45,21.6
4/5/2024,15:00,25.2
4/5/2024,15:15,21.6
4/5/2024,15:30,21.6
4/5/2024,15:45,25.2
4/5/2024,16:00,21.6
4/5/2024,16:15,21.6
4/5/2024,16:30,24
4/5/2024,16:45,22.8
4/5/2024,17:00,24
4/5/2024,17:15,22.8
4/5/2024,17:30,22.8
4/5/2024,17:45,22.8
4/5/2024,18:00,22.8
4/5/2024,18:15,24
4/5/2024,18:30,25.2
4/5/2024,18:45,22.8
4/5/2024,19:00,22.8
4/5/2024,19:15,22.8
4/5/2024,19:30,26.4
4/5/2024,19:45,24
4/5/2024,20:00,24
4/5/2024,20:15,22.8
4/5/2024,20:30,22.8
4/5/2024,20:45,24
4/5/2024,21:00,22.8
4/5/2024,21:15,26.4
4/5/2024,21:30,22.8
4/5/2024,21:45,24
4/5/2024,22:00,24
4/5/2024,22:15,22.8
4/5/2024,22:30,22.8
4/5/2024,22:45,25.2
4/5/2024,23:00,22.8
4/5/2024,23:15,22.8
4/5/2024,23:30,22.8
4/5/2024,23:45,22.8
4/6/2024,0:00,22.8
4/6/2024,0:15,22.8
4/6/2024,0:30,22.8
4/6/2024,0:45,24
4/6/2024,1:00,22.8
4/6/2024,1:15,28.8
4/6/2024,1:30,22.8
4/6/2024,1:45,32.4
4/6/2024,2:00,26.4
4/6/2024,2:15,22.8
4/6/2024,2:30,22.8
4/6/2024,2:45,26.4
4/6/2024,3:00,24
4/6/2024,3:15,22.8
4/6/2024,3:30,22.8
4/6/2024,3:45,22.8
4/6/2024,4:00,22.8
4/6/2024,4:15,24
4/6/2024,4:30,22.8
4/6/2024,4:45,24
4/6/2024,5:00,22.8
4/6/2024,5:15,24
4/6/2024,5:30,24
4/6/2024,5:45,24
4/6/2024,6:00,22.8
4/6/2024,6:15,26.4
4/6/2024,6:30,24
4/6/2024,6:45,21.6
4/6/2024,7:00,21.6
4/6/2024,7:15,22.8
4/6/2024,7:30,26.4
4/6/2024,7:45,32.4
4/6/2024,8:00,54
4/6/2024,8:15,42
4/6/2024,8:30,40.8
4/6/2024,8:45,42
4/6/2024,9:00,49.2
4/6/2024,9:15,39.6
4/6/2024,9:30,39.6
4/6/2024,9:45,26.4
4/6/2024,10:00,46.8
4/6/2024,10:15,39.6
4/6/2024,10:30,46.8
4/6/2024,10:45,39.6
4/6/2024,11:00,31.2
4/6/2024,11:15,39.6
4/6/2024,11:30,48
4/6/2024,11:45,38.4
4/6/2024,12:00,22.8
4/6/2024,12:15,25.2
4/6/2024,12:30,22.8
4/6/2024,12:45,22.8
4/6/2024,13:00,22.8
4/6/2024,13:15,22.8
4/6/2024,13:30,21.6
4/6/2024,13:45,22.8
4/6/2024,14:00,21.6
4/6/2024,14:15,25.2
4/6/2024,14:30,25.2
4/6/2024,14:45,22.8
4/6/2024,15:00,24
4/6/2024,15:15,21.6
4/6/2024,15:30,22.8
4/6/2024,15:45,24
4/6/2024,16:00,22.8
4/6/2024,16:15,24
4/6/2024,16:30,22.8
4/6/2024,16:45,20.4
4/6/2024,17:00,24
4/6/2024,17:15,24
4/6/2024,17:30,60
4/6/2024,17:45,392.4
4/6/2024,18:00,307.2
4/6/2024,18:15,315.6
4/6/2024,18:30,236.4
4/6/2024,18:45,411.6
4/6/2024,19:00,331.2
4/6/2024,19:15,320.4
4/6/2024,19:30,370.8
4/6/2024,19:45,337.2
4/6/2024,20:00,337.2
4/6/2024,20:15,678
4/6/2024,20:30,1456.8
4/6/2024,20:45,252
4/6/2024,21:00,1171.2
4/6/2024,21:15,1438.8
4/6/2024,21:30,1578
4/6/2024,21:45,1797.6
4/6/2024,22:00,1920
4/6/2024,22:15,2056.8
4/6/2024,22:30,2155.2
4/6/2024,22:45,2743.2
4/6/2024,23:00,3154.8
4/6/2024,23:15,3163.2
4/6/2024,23:30,3168
4/6/2024,23:45,2319.6
4/7/2024,0:00,2456.4
4/7/2024,0:15,3232.8
4/7/2024,0:30,2740.8
4/7/2024,0:45,3188.4
4/7/2024,1:00,3236.4
4/7/2024,1:15,3170.4
4/7/2024,1:30,3157.2
4/7/2024,1:45,3219.6
4/7/2024,2:00,3322.8
4/7/2024,2:15,3294
4/7/2024,2:30,2835.6
4/7/2024,2:45,3244.8
4/7/2024,3:00,3296.4
4/7/2024,3:15,3277.2
4/7/2024,3:30,3202.8
4/7/2024,3:45,2341.2
4/7/2024,4:00,3180
4/7/2024,4:15,3178.8
4/7/2024,4:30,3308.4
4/7/2024,4:45,3292.8
4/7/2024,5:00,3394.8
4/7/2024,5:15,3321.6
4/7/2024,5:30,3316.8
4/7/2024,5:45,3267.6
4/7/2024,6:00,3322.8
4/7/2024,6:15,3292.8
4/7/2024,6:30,3274.8
4/7/2024,6:45,3174
4/7/2024,7:00,3243.6
4/7/2024,7:15,3444
4/7/2024,7:30,3740.4
4/7/2024,7:45,3620.4
4/7/2024,8:00,3973.2
4/7/2024,8:15,3734.4
4/7/2024,8:30,4144.8
4/7/2024,8:45,4117.2
4/7/2024,9:00,4366.8
4/7/2024,9:15,3856.8
4/7/2024,9:30,4063.2
4/7/2024,9:45,3910.8
4/7/2024,10:00,3084
4/7/2024,10:15,4015.2
4/7/2024,10:30,3736.8
4/7/2024,10:45,4200
4/7/2024,11:00,4206
4/7/2024,11:15,4152
4/7/2024,11:30,3602.4
4/7/2024,11:45,3697.2
4/7/2024,12:00,2778
4/7/2024,12:15,3765.6
4/7/2024,12:30,4008
4/7/2024,12:45,3728.4
4/7/2024,13:00,4264.8
4/7/2024,13:15,3991.2
4/7/2024,13:30,3982.8
4/7/2024,13:45,3962.4
4/7/2024,14:00,3883.2
4/7/2024,14:15,4470
4/7/2024,14:30,4234.8
4/7/2024,14:45,4264.8
4/7/2024,15:00,4286.4
4/7/2024,15:15,4363.2
4/7/2024,15:30,3837.6
4/7/2024,15:45,4060.8
4/7/2024,16:00,4407.6
4/7/2024,16:15,4134
4/7/2024,16:30,4098
4/7/2024,16:45,4398
4/7/2024,17:00,4044
4/7/2024,17:15,4083.6
4/7/2024,17:30,4092
4/7/2024,17:45,3217.2
4/7/2024,18:00,3218.4
4/7/2024,18:15,4236
4/7/2024,18:30,3927.6
4/7/2024,18:45,3426
4/7/2024,19:00,3397.2
4/7/2024,19:15,2935.2
4/7/2024,19:30,3349.2
4/7/2024,19:45,3484.8
4/7/2024,20:00,3314.4
4/7/2024,20:15,2478
4/7/2024,20:30,3242.4
4/7/2024,20:45,3207.6
4/7/2024,21:00,3230.4
4/7/2024,21:15,3256.8
4/7/2024,21:30,3270
4/7/2024,21:45,3336
4/7/2024,22:00,3282
4/7/2024,22:15,3231.6
4/7/2024,22:30,3271.2
4/7/2024,22:45,3298.8
4/7/2024,23:00,3206.4
4/7/2024,23:15,2839.2
4/7/2024,23:30,3250.8
4/7/2024,23:45,2496
4/8/2024,0:00,2727.6
4/8/2024,0:15,2685.6
4/8/2024,0:30,2497.2
4/8/2024,0:45,2329.2
4/8/2024,1:00,2608.8
4/8/2024,1:15,2724
4/8/2024,1:30,2206.8
4/8/2024,1:45,1268.4
4/8/2024,2:00,1341.6
4/8/2024,2:15,1759.2
4/8/2024,2:30,1934.4
4/8/2024,2:45,2008.8
4/8/2024,3:00,2084.4
4/8/2024,3:15,2086.8
4/8/2024,3:30,3171.6
4/8/2024,3:45,3150
4/8/2024,4:00,2269.2
4/8/2024,4:15,2287.2
4/8/2024,4:30,3200.4
4/8/2024,4:45,2294.4
4/8/2024,5:00,2788.8
4/8/2024,5:15,3192
4/8/2024,5:30,3186
4/8/2024,5:45,2365.2
4/8/2024,6:00,2310
4/8/2024,6:15,2593.2
4/8/2024,6:30,2742
4/8/2024,6:45,3104.4
4/8/2024,7:00,2332.8
4/8/2024,7:15,3062.4
4/8/2024,7:30,3462
4/8/2024,7:45,3883.2
4/8/2024,8:00,3446.4
4/8/2024,8:15,4117.2
4/8/2024,8:30,3172.8
4/8/2024,8:45,2930.4
4/8/2024,9:00,3116.4
4/8/2024,9:15,3477.6
4/8/2024,9:30,3759.6
4/8/2024,9:45,3164.4
4/8/2024,10:00,3656.4
4/8/2024,10:15,3298.8
4/8/2024,10:30,3723.6
4/8/2024,10:45,3699.6
4/8/2024,11:00,3435.6
4/8/2024,11:15,4251.6
4/8/2024,11:30,2758.8
4/8/2024,11:45,2833.2
4/8/2024,12:00,3537.6
4/8/2024,12:15,3391.2
4/8/2024,12:30,2947.2
4/8/2024,12:45,3691.2
4/8/2024,13:00,3312
4/8/2024,13:15,3146.4
4/8/2024,13:30,3135.6
4/8/2024,13:45,3129.6
4/8/2024,14:00,3693.6
4/8/2024,14:15,3307.2
4/8/2024,14:30,3523.2
4/8/2024,14:45,4107.6
4/8/2024,15:00,4246.8
4/8/2024,15:15,3019.2
4/8/2024,15:30,3321.6
4/8/2024,15:45,3183.6
4/8/2024,16:00,3309.6
4/8/2024,16:15,3400.8
4/8/2024,16:30,3048
4/8/2024,16:45,3480
4/8/2024,17:00,2419.2
4/8/2024,17:15,1394.4
4/8/2024,17:30,1431.6
4/8/2024,17:45,1202.4
4/8/2024,18:00,1254
4/8/2024,18:15,1737.6
4/8/2024,18:30,1581.6
4/8/2024,18:45,346.8
4/8/2024,19:00,350.4
4/8/2024,19:15,306
4/8/2024,19:30,292.8
4/8/2024,19:45,294
4/8/2024,20:00,301.2
4/8/2024,20:15,284.4
4/8/2024,20:30,295.2
4/8/2024,20:45,240
4/8/2024,21:00,252
4/8/2024,21:15,652.8
4/8/2024,21:30,973.2
4/8/2024,21:45,1135.2
4/8/2024,22:00,1189.2
4/8/2024,22:15,1464
4/8/2024,22:30,1705.2
4/8/2024,22:45,1864.8
4/8/2024,23:00,1968
4/8/2024,23:15,2145.6
4/8/2024,23:30,2184
4/8/2024,23:45,3134.4
4/9/2024,0:00,3267.6
4/9/2024,0:15,3271.2
4/9/2024,0:30,3243.6
4/9/2024,0:45,3229.2
4/9/2024,1:00,3252
4/9/2024,1:15,3165.6
4/9/2024,1:30,3176.4
4/9/2024,1:45,3264
4/9/2024,2:00,3266.4
4/9/2024,2:15,3189.6
4/9/2024,2:30,3238.8
4/9/2024,2:45,3256.8
4/9/2024,3:00,3231.6
4/9/2024,3:15,3278.4
4/9/2024,3:30,3198
4/9/2024,3:45,3342
4/9/2024,4:00,3219.6
4/9/2024,4:15,3253.2
4/9/2024,4:30,3372
4/9/2024,4:45,3253.2
4/9/2024,5:00,3258
4/9/2024,5:15,3207.6
4/9/2024,5:30,2480.4
4/9/2024,5:45,3228
4/9/2024,6:00,3234
4/9/2024,6:15,2197.2
4/9/2024,6:30,3208.8
4/9/2024,6:45,2906.4
4/9/2024,7:00,2830.8
4/9/2024,7:15,3313.2
4/9/2024,7:30,3540
4/9/2024,7:45,4030.8
4/9/2024,8:00,3387.6
4/9/2024,8:15,4230
4/9/2024,8:30,4114.8
4/9/2024,8:45,4058.4
4/9/2024,9:00,4435.2
4/9/2024,9:15,4417.2
4/9/2024,9:30,4303.2
4/9/2024,9:45,3300
4/9/2024,10:00,3550.8
4/9/2024,10:15,3687.6
4/9/2024,10:30,4492.8
4/9/2024,10:45,4308
4/9/2024,11:00,3747.6
4/9/2024,11:15,3717.6
4/9/2024,11:30,3752.4
4/9/2024,11:45,3652.8
4/9/2024,12:00,3722.4
4/9/2024,12:15,4072.8
4/9/2024,12:30,4393.2
4/9/2024,12:45,4276.8
4/9/2024,13:00,4021.2
4/9/2024,13:15,4530
4/9/2024,13:30,4560
4/9/2024,13:45,4515.6
4/9/2024,14:00,4622.4
4/9/2024,14:15,4264.8
4/9/2024,14:30,3756
4/9/2024,14:45,3992.4
4/9/2024,15:00,4089.6
4/9/2024,15:15,4376.4
4/9/2024,15:30,4239.6
4/9/2024,15:45,3609.6
4/9/2024,16:00,4456.8
4/9/2024,16:15,4522.8
4/9/2024,16:30,4256.4
4/9/2024,16:45,3884.4
4/9/2024,17:00,4064.4
4/9/2024,17:15,3260.4
4/9/2024,17:30,3980.4
4/9/2024,17:45,4242
4/9/2024,18:00,4029.6
4/9/2024,18:15,4124.4
4/9/2024,18:30,4093.2
4/9/2024,18:45,3440.4
4/9/2024,19:00,2311.2
4/9/2024,19:15,2289.6
4/9/2024,19:30,3354
4/9/2024,19:45,3382.8
4/9/2024,20:00,2484
4/9/2024,20:15,3489.6
4/9/2024,20:30,2632.8
4/9/2024,20:45,3488.4
4/9/2024,21:00,3444
4/9/2024,21:15,2684.4
4/9/2024,21:30,3513.6
4/9/2024,21:45,3447.6
4/9/2024,22:00,3483.6
4/9/2024,22:15,3470.4
4/9/2024,22:30,2640
4/9/2024,22:45,3548.4
4/9/2024,23:00,2606.4
4/9/2024,23:15,3440.4
4/9/2024,23:30,3544.8
4/9/2024,23:45,3529.2
4/10/2024,0:00,3495.6
4/10/2024,0:15,3469.2
4/10/2024,0:30,2679.6
4/10/2024,0:45,3441.6
4/10/2024,1:00,3496.8
4/10/2024,1:15,3379.2
4/10/2024,1:30,3522
4/10/2024,1:45,2544
4/10/2024,2:00,2680.8
4/10/2024,2:15,2572.8
4/10/2024,2:30,2562
4/10/2024,2:45,3476.4
4/10/2024,3:00,3406.8
4/10/2024,3:15,3393.6
4/10/2024,3:30,3418.8
4/10/2024,3:45,3432
4/10/2024,4:00,3362.4
4/10/2024,4:15,3386.4
4/10/2024,4:30,3456
4/10/2024,4:45,2647.2
4/10/2024,5:00,3446.4
4/10/2024,5:15,3464.4
4/10/2024,5:30,3447.6
4/10/2024,5:45,3535.2
4/10/2024,6:00,3448.8
4/10/2024,6:15,3422.4
4/10/2024,6:30,3372
4/10/2024,6:45,3510
4/10/2024,7:00,3381.6
4/10/2024,7:15,2749.2
4/10/2024,7:30,2872.8
4/10/2024,7:45,4208.4
4/10/2024,8:00,4382.4
4/10/2024,8:15,3825.6
4/10/2024,8:30,3930
4/10/2024,8:45,4603.2
4/10/2024,9:00,4357.2
4/10/2024,9:15,4718.4
4/10/2024,9:30,4112.4
4/10/2024,9:45,4790.4
4/10/2024,10:00,4662
4/10/2024,10:15,4827.6
4/10/2024,10:30,4474.8
4/10/2024,10:45,4226.4
4/10/2024,11:00,3888
4/10/2024,11:15,3800.4
4/10/2024,11:30,3849.6
4/10/2024,11:45,3012
4/10/2024,12:00,3844.8
4/10/2024,12:15,4418.4
4/10/2024,12:30,3427.2
4/10/2024,12:45,4420.8
4/10/2024,13:00,4518
4/10/2024,13:15,4785.6
4/10/2024,13:30,5019.6
4/10/2024,13:45,4390.8
4/10/2024,14:00,4736.4
4/10/2024,14:15,3702
4/10/2024,14:30,5032.8
4/10/2024,14:45,4731.6
4/10/2024,15:00,4699.2
4/10/2024,15:15,4948.8
4/10/2024,15:30,4616.4
4/10/2024,15:45,4838.4
4/10/2024,16:00,4646.4
4/10/2024,16:15,5011.2
4/10/2024,16:30,4592.4
4/10/2024,16:45,4722
4/10/2024,17:00,3879.6
4/10/2024,17:15,4224
4/10/2024,17:30,4219.2
4/10/2024,17:45,4706.4
4/10/2024,18:00,4496.4
4/10/2024,18:15,4736.4
4/10/2024,18:30,3864
4/10/2024,18:45,2994
4/10/2024,19:00,3278.4
4/10/2024,19:15,3415.2
4/10/2024,19:30,3298.8
4/10/2024,19:45,3326.4
4/10/2024,20:00,2614.8
4/10/2024,20:15,2797.2
4/10/2024,20:30,2994
4/10/2024,20:45,3302.4
4/10/2024,21:00,3273.6
4/10/2024,21:15,3388.8
4/10/2024,21:30,3363.6
4/10/2024,21:45,2402.4
4/10/2024,22:00,3283.2
4/10/2024,22:15,3264
4/10/2024,22:30,2221.2
4/10/2024,22:45,2835.6
4/10/2024,23:00,2662.8
4/10/2024,23:15,1563.6
4/10/2024,23:30,1375.2
4/10/2024,23:45,2004
4/11/2024,0:00,1812
4/11/2024,0:15,1706.4
4/11/2024,0:30,558
4/11/2024,0:45,492
4/11/2024,1:00,418.8
4/11/2024,1:15,375.6
4/11/2024,1:30,404.4
4/11/2024,1:45,344.4
4/11/2024,2:00,373.2
4/11/2024,2:15,364.8
4/11/2024,2:30,356.4
4/11/2024,2:45,350.4
4/11/2024,3:00,330
4/11/2024,3:15,345.6
4/11/2024,3:30,511.2
4/11/2024,3:45,674.4
4/11/2024,4:00,1046.4
4/11/2024,4:15,1238.4
4/11/2024,4:30,1328.4
4/11/2024,4:45,1526.4
4/11/2024,5:00,1687.2
4/11/2024,5:15,2458.8
4/11/2024,5:30,2204.4
4/11/2024,5:45,2360.4
4/11/2024,6:00,2733.6
4/11/2024,6:15,3324
4/11/2024,6:30,2836.8
4/11/2024,6:45,3297.6
4/11/2024,7:00,3274.8
4/11/2024,7:15,3602.4
4/11/2024,7:30,3732
4/11/2024,7:45,4768.8
4/11/2024,8:00,4730.4
4/11/2024,8:15,4311.6
4/11/2024,8:30,4200
4/11/2024,8:45,4885.2
4/11/2024,9:00,4926
4/11/2024,9:15,4780.8
4/11/2024,9:30,4532.4
4/11/2024,9:45,4794
4/11/2024,10:00,4820.4
4/11/2024,10:15,4736.4
4/11/2024,10:30,4282.8
4/11/2024,10:45,4851.6
4/11/2024,11:00,5140.8
4/11/2024,11:15,3645.6
4/11/2024,11:30,3570
4/11/2024,11:45,3596.4
4/11/2024,12:00,3456
4/11/2024,12:15,3716.4
4/11/2024,12:30,4984.8
4/11/2024,12:45,4779.6
4/11/2024,13:00,4821.6
4/11/2024,13:15,4772.4
4/11/2024,13:30,3835.2
4/11/2024,13:45,4398
4/11/2024,14:00,4365.6
4/11/2024,14:15,4561.2
4/11/2024,14:30,4779.6
4/11/2024,14:45,3790.8
4/11/2024,15:00,3816
4/11/2024,15:15,4270.8
4/11/2024,15:30,3601.2
4/11/2024,15:45,3939.6
4/11/2024,16:00,4917.6
4/11/2024,16:15,4986
4/11/2024,16:30,3922.8
4/11/2024,16:45,4533.6
4/11/2024,17:00,4951.2
4/11/2024,17:15,4422
4/11/2024,17:30,3872.4
4/11/2024,17:45,5030.4
4/11/2024,18:00,5023.2
4/11/2024,18:15,4933.2
4/11/2024,18:30,4087.2
4/11/2024,18:45,3296.4
4/11/2024,19:00,3540
4/11/2024,19:15,3369.6
4/11/2024,19:30,3249.6
4/11/2024,19:45,3304.8
4/11/2024,20:00,3396
4/11/2024,20:15,3339.6
4/11/2024,20:30,3343.2
4/11/2024,20:45,3280.8
4/11/2024,21:00,3376.8
4/11/2024,21:15,3350.4
4/11/2024,21:30,3301.2
4/11/2024,21:45,3381.6
4/11/2024,22:00,3352.8
4/11/2024,22:15,3270
4/11/2024,22:30,3397.2
4/11/2024,22:45,3434.4
4/11/2024,23:00,3472.8
4/11/2024,23:15,3379.2
4/11/2024,23:30,3478.8
4/11/2024,23:45,3373.2
4/12/2024,0:00,3471.6
4/12/2024,0:15,2488.8
4/12/2024,0:30,3448.8
4/12/2024,0:45,2644.8
4/12/2024,1:00,3386.4
4/12/2024,1:15,3388.8
4/12/2024,1:30,3433.2
4/12/2024,1:45,3391.2
4/12/2024,2:00,2340
4/12/2024,2:15,2306.4
4/12/2024,2:30,3315.6
4/12/2024,2:45,2502
4/12/2024,3:00,2266.8
4/12/2024,3:15,2245.2
4/12/2024,3:30,2244
4/12/2024,3:45,2308.8
4/12/2024,4:00,3295.2
4/12/2024,4:15,3315.6
4/12/2024,4:30,2527.2
4/12/2024,4:45,3367.2
4/12/2024,5:00,3462
4/12/2024,5:15,2481.6
4/12/2024,5:30,3266.4
4/12/2024,5:45,3314.4
4/12/2024,6:00,3432
4/12/2024,6:15,3386.4
4/12/2024,6:30,2572.8
4/12/2024,6:45,3346.8
4/12/2024,7:00,2946
4/12/2024,7:15,3700.8
4/12/2024,7:30,3873.6
4/12/2024,7:45,4929.6
4/12/2024,8:00,5310
4/12/2024,8:15,5166
4/12/2024,8:30,4909.2
4/12/2024,8:45,3896.4
4/12/2024,9:00,2190
4/12/2024,9:15,2157.6
4/12/2024,9:30,2391.6
4/12/2024,9:45,2751.6
4/12/2024,10:00,2733.6
4/12/2024,10:15,2510.4
4/12/2024,10:30,2486.4
4/12/2024,10:45,3248.4
4/12/2024,11:00,3841.2
4/12/2024,11:15,2887.2
4/12/2024,11:30,2557.2
4/12/2024,11:45,2538
4/12/2024,12:00,3582
4/12/2024,12:15,4089.6
4/12/2024,12:30,5011.2
4/12/2024,12:45,4984.8
4/12/2024,13:00,5048.4
4/12/2024,13:15,4778.4
4/12/2024,13:30,4255.2
4/12/2024,13:45,4200
4/12/2024,14:00,4008
4/12/2024,14:15,4801.2
4/12/2024,14:30,5076
4/12/2024,14:45,3861.6
4/12/2024,15:00,4005.6
4/12/2024,15:15,3817.2
4/12/2024,15:30,4044
4/12/2024,15:45,4216.8
4/12/2024,16:00,4710
4/12/2024,16:15,5228.4
4/12/2024,16:30,4340.4
4/12/2024,16:45,5108.4
4/12/2024,17:00,4034.4
4/12/2024,17:15,4834.8
4/12/2024,17:30,4916.4
4/12/2024,17:45,4269.6
4/12/2024,18:00,3987.6
4/12/2024,18:15,4376.4
4/12/2024,18:30,3361.2
4/12/2024,18:45,2505.6
4/12/2024,19:00,2312.4
4/12/2024,19:15,3403.2
4/12/2024,19:30,3318
4/12/2024,19:45,2454
4/12/2024,20:00,3362.4
4/12/2024,20:15,3436.8
4/12/2024,20:30,3418.8
4/12/2024,20:45,3518.4
4/12/2024,21:00,3451.2
4/12/2024,21:15,3316.8
4/12/2024,21:30,3386.4
4/12/2024,21:45,3384
4/12/2024,22:00,3454.8
4/12/2024,22:15,3386.4
4/12/2024,22:30,3469.2
4/12/2024,22:45,3440.4
4/12/2024,23:00,2332.8
4/12/2024,23:15,2374.8
4/12/2024,23:30,3351.6
4/12/2024,23:45,3393.6
4/13/2024,0:00,3379.2
4/13/2024,0:15,3358.8
4/13/2024,0:30,3426
4/13/2024,0:45,3351.6
4/13/2024,1:00,3300
4/13/2024,1:15,2944.8
4/13/2024,1:30,3376.8
4/13/2024,1:45,3325.2
4/13/2024,2:00,3344.4
4/13/2024,2:15,2978.4
4/13/2024,2:30,2588.4
4/13/2024,2:45,3345.6
4/13/2024,3:00,3436.8
4/13/2024,3:15,3432
4/13/2024,3:30,3394.8
4/13/2024,3:45,3386.4
4/13/2024,4:00,3363.6
4/13/2024,4:15,3436.8
4/13/2024,4:30,2481.6
4/13/2024,4:45,3507.6
4/13/2024,5:00,3320.4
4/13/2024,5:15,2396.4
4/13/2024,5:30,2508
4/13/2024,5:45,2340
4/13/2024,6:00,3332.4
4/13/2024,6:15,3470.4
4/13/2024,6:30,3470.4
4/13/2024,6:45,2617.2
4/13/2024,7:00,2431.2
4/13/2024,7:15,2458.8
4/13/2024,7:30,4221.6
4/13/2024,7:45,4612.8
4/13/2024,8:00,4923.6
4/13/2024,8:15,4455.6
4/13/2024,8:30,5007.6
4/13/2024,8:45,4507.2
4/13/2024,9:00,4957.2
4/13/2024,9:15,4045.2
4/13/2024,9:30,4018.8
4/13/2024,9:45,4869.6
4/13/2024,10:00,3867.6
4/13/2024,10:15,4066.8
4/13/2024,10:30,4420.8
4/13/2024,10:45,4695.6
4/13/2024,11:00,5176.8
4/13/2024,11:15,4231.2
4/13/2024,11:30,3663.6
4/13/2024,11:45,3640.8
4/13/2024,12:00,3931.2
4/13/2024,12:15,3681.6
4/13/2024,12:30,3800.4
4/13/2024,12:45,4888.8
4/13/2024,13:00,3897.6
4/13/2024,13:15,3954
4/13/2024,13:30,4910.4
4/13/2024,13:45,4929.6
4/13/2024,14:00,4094.4
4/13/2024,14:15,4098
4/13/2024,14:30,4731.6
4/13/2024,14:45,4822.8
4/13/2024,15:00,4551.6
4/13/2024,15:15,3718.8
4/13/2024,15:30,4101.6
4/13/2024,15:45,4872
4/13/2024,16:00,4942.8
4/13/2024,16:15,4628.4
4/13/2024,16:30,4926
4/13/2024,16:45,4332
4/13/2024,17:00,4852.8
4/13/2024,17:15,4683.6
4/13/2024,17:30,4684.8
4/13/2024,17:45,3903.6
4/13/2024,18:00,4576.8
4/13/2024,18:15,4498.8
4/13/2024,18:30,3598.8
4/13/2024,18:45,3313.2
4/13/2024,19:00,3423.6
4/13/2024,19:15,2629.2
4/13/2024,19:30,3414
4/13/2024,19:45,3408
4/13/2024,20:00,2580
4/13/2024,20:15,3357.6
4/13/2024,20:30,3355.2
4/13/2024,20:45,2517.6
4/13/2024,21:00,3363.6
4/13/2024,21:15,3373.2
4/13/2024,21:30,2611.2
4/13/2024,21:45,3483.6
4/13/2024,22:00,3396
4/13/2024,22:15,3441.6
4/13/2024,22:30,3405.6
4/13/2024,22:45,3451.2
4/13/2024,23:00,3463.2
4/13/2024,23:15,3436.8
4/13/2024,23:30,2618.4
4/13/2024,23:45,2982
4/14/2024,0:00,3416.4
4/14/2024,0:15,3444
4/14/2024,0:30,3372
4/14/2024,0:45,3433.2
4/14/2024,1:00,3352.8
4/14/2024,1:15,3450
4/14/2024,1:30,2534.4
4/14/2024,1:45,3427.2
4/14/2024,2:00,3338.4
4/14/2024,2:15,3440.4
4/14/2024,2:30,3446.4
4/14/2024,2:45,2960.4
4/14/2024,3:00,3350.4
4/14/2024,3:15,2928
4/14/2024,3:30,3402
4/14/2024,3:45,3469.2
4/14/2024,4:00,3416.4
4/14/2024,4:15,2517.6
4/14/2024,4:30,3376.8
4/14/2024,4:45,2443.2
4/14/2024,5:00,3399.6
4/14/2024,5:15,2580
4/14/2024,5:30,3412.8
4/14/2024,5:45,2601.6
4/14/2024,6:00,3370.8
4/14/2024,6:15,3406.8
4/14/2024,6:30,2359.2
4/14/2024,6:45,2342.4
4/14/2024,7:00,2359.2
4/14/2024,7:15,3400.8
4/14/2024,7:30,3642
4/14/2024,7:45,3843.6
4/14/2024,8:00,3633.6
4/14/2024,8:15,4210.8
4/14/2024,8:30,4634.4
4/14/2024,8:45,4798.8
4/14/2024,9:00,4636.8
4/14/2024,9:15,4987.2
4/14/2024,9:30,3752.4
4/14/2024,9:45,4255.2
4/14/2024,10:00,4734
4/14/2024,10:15,3952.8
4/14/2024,10:30,4851.6
4/14/2024,10:45,4854
4/14/2024,11:00,4845.6
4/14/2024,11:15,3910.8
4/14/2024,11:30,3514.8
4/14/2024,11:45,3638.4
4/14/2024,12:00,4316.4
4/14/2024,12:15,4345.2
4/14/2024,12:30,4310.4
4/14/2024,12:45,4796.4
4/14/2024,13:00,4070.4
4/14/2024,13:15,4722
4/14/2024,13:30,3722.4
4/14/2024,13:45,4880.4
4/14/2024,14:00,4729.2
4/14/2024,14:15,4666.8
4/14/2024,14:30,3865.2
4/14/2024,14:45,4465.2
4/14/2024,15:00,4602
4/14/2024,15:15,4696.8
4/14/2024,15:30,4923.6
4/14/2024,15:45,4834.8
4/14/2024,16:00,4422
4/14/2024,16:15,3708
4/14/2024,16:30,4167.6
4/14/2024,16:45,4390.8
4/14/2024,17:00,3704.4
4/14/2024,17:15,3698.4
4/14/2024,17:30,3673.2
4/14/2024,17:45,3716.4
4/14/2024,18:00,3074.4
4/14/2024,18:15,4080
4/14/2024,18:30,2718
4/14/2024,18:45,3411.6
4/14/2024,19:00,2629.2
4/14/2024,19:15,3012
4/14/2024,19:30,3388.8
4/14/2024,19:45,3016.8
4/14/2024,20:00,3343.2
4/14/2024,20:15,2355.6
4/14/2024,20:30,2334
4/14/2024,20:45,3292.8
4/14/2024,21:00,3385.2
4/14/2024,21:15,2536.8
4/14/2024,21:30,3397.2
4/14/2024,21:45,3361.2
4/14/2024,22:00,3411.6
4/14/2024,22:15,2610
4/14/2024,22:30,2546.4
4/14/2024,22:45,2600.4
4/14/2024,23:00,3442.8
4/14/2024,23:15,3433.2
4/14/2024,23:30,2566.8
4/14/2024,23:45,3388.8
4/15/2024,0:00,3459.6
4/15/2024,0:15,3415.2
4/15/2024,0:30,2710.8
4/15/2024,0:45,3327.6
4/15/2024,1:00,3390
4/15/2024,1:15,3402
4/15/2024,1:30,3004.8
4/15/2024,1:45,3436.8
4/15/2024,2:00,2618.4
4/15/2024,2:15,3333.6
4/15/2024,2:30,3373.2
4/15/2024,2:45,3434.4
4/15/2024,3:00,3496.8
4/15/2024,3:15,3422.4
4/15/2024,3:30,3154.8
4/15/2024,3:45,2786.4
4/15/2024,4:00,2802
4/15/2024,4:15,2488.8
4/15/2024,4:30,2246.4
4/15/2024,4:45,1935.6
4/15/2024,5:00,1765.2
4/15/2024,5:15,644.4
4/15/2024,5:30,554.4
4/15/2024,5:45,465.6
4/15/2024,6:00,458.4
4/15/2024,6:15,475.2
4/15/2024,6:30,465.6
4/15/2024,6:45,351.6
4/15/2024,7:00,357.6
4/15/2024,7:15,542.4
4/15/2024,7:30,819.6
4/15/2024,7:45,984
4/15/2024,8:00,1066.8
4/15/2024,8:15,1264.8
4/15/2024,8:30,1401.6
4/15/2024,8:45,1279.2
4/15/2024,9:00,1240.8
4/15/2024,9:15,1240.8
4/15/2024,9:30,1095.6
4/15/2024,9:45,1353.6
4/15/2024,10:00,1300.8
4/15/2024,10:15,1173.6
4/15/2024,10:30,1486.8
4/15/2024,10:45,1312.8
4/15/2024,11:00,1466.4
4/15/2024,11:15,883.2
4/15/2024,11:30,411.6
4/15/2024,11:45,409.2
4/15/2024,12:00,918
4/15/2024,12:15,1311.6
4/15/2024,12:30,1500
4/15/2024,12:45,1258.8
4/15/2024,13:00,1204.8
4/15/2024,13:15,1408.8
4/15/2024,13:30,1363.2
4/15/2024,13:45,1291.2
4/15/2024,14:00,1444.8
4/15/2024,14:15,1260
4/15/2024,14:30,1434
4/15/2024,14:45,1382.4
4/15/2024,15:00,1294.8
4/15/2024,15:15,1478.4
4/15/2024,15:30,1447.2
4/15/2024,15:45,1105.2
4/15/2024,16:00,1255.2
4/15/2024,16:15,1482
4/15/2024,16:30,1122
4/15/2024,16:45,1227.6
4/15/2024,17:00,1429.2
4/15/2024,17:15,1053.6
4/15/2024,17:30,1326
4/15/2024,17:45,1255.2
4/15/2024,18:00,1218
4/15/2024,18:15,1112.4
4/15/2024,18:30,1321.2
4/15/2024,18:45,392.4
4/15/2024,19:00,373.2
4/15/2024,19:15,312
4/15/2024,19:30,363.6
4/15/2024,19:45,337.2
4/15/2024,20:00,316.8
4/15/2024,20:15,338.4
4/15/2024,20:30,352.8
4/15/2024,20:45,340.8
4/15/2024,21:00,330
4/15/2024,21:15,349.2
4/15/2024,21:30,344.4
4/15/2024,21:45,339.6
4/15/2024,22:00,327.6
4/15/2024,22:15,334.8
4/15/2024,22:30,369.6
4/15/2024,22:45,354
4/15/2024,23:00,315.6
4/15/2024,23:15,324
4/15/2024,23:30,324
4/15/2024,23:45,334.8
4/16/2024,0:00,331.2
4/16/2024,0:15,366
4/16/2024,0:30,349.2
4/16/2024,0:45,324
4/16/2024,1:00,295.2
4/16/2024,1:15,328.8
4/16/2024,1:30,273.6
4/16/2024,1:45,298.8
4/16/2024,2:00,315.6
4/16/2024,2:15,334.8
4/16/2024,2:30,312
4/16/2024,2:45,325.2
4/16/2024,3:00,327.6
4/16/2024,3:15,321.6
4/16/2024,3:30,309.6
4/16/2024,3:45,332.4
4/16/2024,4:00,309.6
4/16/2024,4:15,315.6
4/16/2024,4:30,328.8
4/16/2024,4:45,330
4/16/2024,5:00,306
4/16/2024,5:15,303.6
4/16/2024,5:30,320.4
4/16/2024,5:45,328.8
4/16/2024,6:00,336
4/16/2024,6:15,322.8
4/16/2024,6:30,301.2
4/16/2024,6:45,330
4/16/2024,7:00,327.6
4/16/2024,7:15,367.2
4/16/2024,7:30,829.2
4/16/2024,7:45,1210.8
4/16/2024,8:00,1161.6
4/16/2024,8:15,1426.8
4/16/2024,8:30,1555.2
4/16/2024,8:45,1378.8
4/16/2024,9:00,1566
4/16/2024,9:15,1242
4/16/2024,9:30,1580.4
4/16/2024,9:45,1342.8
4/16/2024,10:00,1352.4
4/16/2024,10:15,1279.2
4/16/2024,10:30,1345.2
4/16/2024,10:45,1497.6
4/16/2024,11:00,1411.2
4/16/2024,11:15,978
4/16/2024,11:30,693.6
4/16/2024,11:45,679.2
4/16/2024,12:00,691.2
4/16/2024,12:15,1059.6
4/16/2024,12:30,1484.4
4/16/2024,12:45,1532.4
4/16/2024,13:00,1382.4
4/16/2024,13:15,1564.8
4/16/2024,13:30,1594.8
4/16/2024,13:45,1419.6
4/16/2024,14:00,1437.6
4/16/2024,14:15,1406.4
4/16/2024,14:30,1302
4/16/2024,14:45,1298.4
4/16/2024,15:00,1222.8
4/16/2024,15:15,1418.4
4/16/2024,15:30,1414.8
4/16/2024,15:45,1554
4/16/2024,16:00,1339.2
4/16/2024,16:15,1515.6
4/16/2024,16:30,1488
4/16/2024,16:45,1162.8
4/16/2024,17:00,1744.8
4/16/2024,17:15,1581.6
4/16/2024,17:30,1208.4
4/16/2024,17:45,1573.2
4/16/2024,18:00,1611.6
4/16/2024,18:15,1413.6
4/16/2024,18:30,855.6
4/16/2024,18:45,379.2
4/16/2024,19:00,285.6
4/16/2024,19:15,290.4
4/16/2024,19:30,279.6
4/16/2024,19:45,298.8
4/16/2024,20:00,297.6
4/16/2024,20:15,272.4
4/16/2024,20:30,283.2
4/16/2024,20:45,296.4
4/16/2024,21:00,296.4
4/16/2024,21:15,270
4/16/2024,21:30,256.8
4/16/2024,21:45,270
4/16/2024,22:00,253.2
4/16/2024,22:15,260.4
4/16/2024,22:30,278.4
4/16/2024,22:45,300
4/16/2024,23:00,296.4
4/16/2024,23:15,301.2
4/16/2024,23:30,297.6
4/16/2024,23:45,288
4/17/2024,0:00,288
4/17/2024,0:15,274.8
4/17/2024,0:30,292.8
4/17/2024,0:45,277.2
4/17/2024,1:00,285.6
4/17/2024,1:15,313.2
4/17/2024,1:30,300
4/17/2024,1:45,292.8
4/17/2024,2:00,298.8
4/17/2024,2:15,313.2
4/17/2024,2:30,295.2
4/17/2024,2:45,294
4/17/2024,3:00,326.4
4/17/2024,3:15,291.6
4/17/2024,3:30,298.8
4/17/2024,3:45,298.8
4/17/2024,4:00,286.8
4/17/2024,4:15,300
4/17/2024,4:30,300
4/17/2024,4:45,290.4
4/17/2024,5:00,276
4/17/2024,5:15,266.4
4/17/2024,5:30,282
4/17/2024,5:45,307.2
4/17/2024,6:00,285.6
4/17/2024,6:15,276
4/17/2024,6:30,298.8
4/17/2024,6:45,289.2
4/17/2024,7:00,292.8
4/17/2024,7:15,502.8
4/17/2024,7:30,1197.6
4/17/2024,7:45,1728
4/17/2024,8:00,1143.6
4/17/2024,8:15,1413.6
4/17/2024,8:30,1597.2
4/17/2024,8:45,1226.4
4/17/2024,9:00,1593.6
4/17/2024,9:15,1508.4
4/17/2024,9:30,1542
4/17/2024,9:45,1509.6
4/17/2024,10:00,1350
4/17/2024,10:15,1460.4
4/17/2024,10:30,1599.6
4/17/2024,10:45,1453.2
4/17/2024,11:00,1477.2
4/17/2024,11:15,595.2
4/17/2024,11:30,439.2
4/17/2024,11:45,691.2
4/17/2024,12:00,964.8
4/17/2024,12:15,1353.6
4/17/2024,12:30,1356
4/17/2024,12:45,1552.8
4/17/2024,13:00,1376.4
4/17/2024,13:15,1395.6
4/17/2024,13:30,1482
4/17/2024,13:45,1465.2
4/17/2024,14:00,1401.6
4/17/2024,14:15,1683.6
4/17/2024,14:30,1800
4/17/2024,14:45,1558.8
4/17/2024,15:00,1641.6
4/17/2024,15:15,1392
4/17/2024,15:30,1503.6
4/17/2024,15:45,1470
4/17/2024,16:00,1623.6
4/17/2024,16:15,1701.6
4/17/2024,16:30,1608
4/17/2024,16:45,1582.8
4/17/2024,17:00,1615.2
4/17/2024,17:15,1618.8
4/17/2024,17:30,1567.2
4/17/2024,17:45,1604.4
4/17/2024,18:00,1374
4/17/2024,18:15,1263.6
4/17/2024,18:30,1208.4
4/17/2024,18:45,358.8
4/17/2024,19:00,283.2
4/17/2024,19:15,289.2
4/17/2024,19:30,297.6
4/17/2024,19:45,314.4
4/17/2024,20:00,300
4/17/2024,20:15,292.8
4/17/2024,20:30,318
4/17/2024,20:45,331.2
4/17/2024,21:00,289.2
4/17/2024,21:15,296.4
4/17/2024,21:30,282
4/17/2024,21:45,279.6
4/17/2024,22:00,286.8
4/17/2024,22:15,294
4/17/2024,22:30,296.4
4/17/2024,22:45,306
4/17/2024,23:00,314.4
4/17/2024,23:15,316.8
4/17/2024,23:30,304.8
4/17/2024,23:45,303.6
4/18/2024,0:00,301.2
4/18/2024,0:15,300
4/18/2024,0:30,301.2
4/18/2024,0:45,312
4/18/2024,1:00,310.8
4/18/2024,1:15,297.6
4/18/2024,1:30,303.6
4/18/2024,1:45,312
4/18/2024,2:00,312
4/18/2024,2:15,307.2
4/18/2024,2:30,300
4/18/2024,2:45,318
4/18/2024,3:00,295.2
4/18/2024,3:15,296.4
4/18/2024,3:30,315.6
4/18/2024,3:45,322.8
4/18/2024,4:00,304.8
4/18/2024,4:15,304.8
4/18/2024,4:30,298.8
4/18/2024,4:45,284.4
4/18/2024,5:00,280.8
4/18/2024,5:15,294
4/18/2024,5:30,315.6
4/18/2024,5:45,289.2
4/18/2024,6:00,277.2
4/18/2024,6:15,320.4
4/18/2024,6:30,283.2
4/18/2024,6:45,280.8
4/18/2024,7:00,284.4
4/18/2024,7:15,537.6
4/18/2024,7:30,913.2
4/18/2024,7:45,1066.8
4/18/2024,8:00,1641.6
4/18/2024,8:15,1810.8
4/18/2024,8:30,1898.4
4/18/2024,8:45,1609.2
4/18/2024,9:00,1476
4/18/2024,9:15,1417.2
4/18/2024,9:30,1508.4
4/18/2024,9:45,1990.8
4/18/2024,10:00,1638
4/18/2024,10:15,1868.4
4/18/2024,10:30,1440
4/18/2024,10:45,1851.6
4/18/2024,11:00,1626
4/18/2024,11:15,1042.8
4/18/2024,11:30,428.4
4/18/2024,11:45,506.4
4/18/2024,12:00,1041.6
4/18/2024,12:15,1144.8
4/18/2024,12:30,1566
4/18/2024,12:45,1710
4/18/2024,13:00,1515.6
4/18/2024,13:15,1446
4/18/2024,13:30,1440
4/18/2024,13:45,1207.2
4/18/2024,14:00,1695.6
4/18/2024,14:15,1272
4/18/2024,14:30,1621.2
4/18/2024,14:45,1844.4
4/18/2024,15:00,1684.8
4/18/2024,15:15,1362
4/18/2024,15:30,1648.8
4/18/2024,15:45,1796.4
4/18/2024,16:00,1360.8
4/18/2024,16:15,1354.8
4/18/2024,16:30,1306.8
4/18/2024,16:45,1742.4
4/18/2024,17:00,1570.8
4/18/2024,17:15,1849.2
4/18/2024,17:30,1558.8
4/18/2024,17:45,1320
4/18/2024,18:00,1717.2
4/18/2024,18:15,1785.6
4/18/2024,18:30,1153.2
4/18/2024,18:45,346.8
4/18/2024,19:00,294
4/18/2024,19:15,290.4
4/18/2024,19:30,310.8
4/18/2024,19:45,300
4/18/2024,20:00,315.6
4/18/2024,20:15,320.4
4/18/2024,20:30,316.8
4/18/2024,20:45,324
4/18/2024,21:00,314.4
4/18/2024,21:15,324
4/18/2024,21:30,339.6
4/18/2024,21:45,322.8
4/18/2024,22:00,325.2
4/18/2024,22:15,332.4
4/18/2024,22:30,316.8
4/18/2024,22:45,314.4
4/18/2024,23:00,327.6
4/18/2024,23:15,324
4/18/2024,23:30,313.2
4/18/2024,23:45,304.8
4/19/2024,0:00,313.2
4/19/2024,0:15,310.8
4/19/2024,0:30,297.6
4/19/2024,0:45,488.4
4/19/2024,1:00,314.4
4/19/2024,1:15,322.8
4/19/2024,1:30,309.6
4/19/2024,1:45,326.4
4/19/2024,2:00,315.6
4/19/2024,2:15,303.6
4/19/2024,2:30,309.6
4/19/2024,2:45,306
4/19/2024,3:00,296.4
4/19/2024,3:15,304.8
4/19/2024,3:30,308.4
4/19/2024,3:45,290.4
4/19/2024,4:00,300
4/19/2024,4:15,297.6
4/19/2024,4:30,303.6
4/19/2024,4:45,342
4/19/2024,5:00,547.2
4/19/2024,5:15,882
4/19/2024,5:30,1014
4/19/2024,5:45,1213.2
4/19/2024,6:00,1404
4/19/2024,6:15,1560
4/19/2024,6:30,1735.2
4/19/2024,6:45,1893.6
4/19/2024,7:00,2000.4
4/19/2024,7:15,2371.2
4/19/2024,7:30,3276
4/19/2024,7:45,3549.6
4/19/2024,8:00,3376.8
4/19/2024,8:15,3634.8
4/19/2024,8:30,4202.4
4/19/2024,8:45,4483.2
4/19/2024,9:00,4365.6
4/19/2024,9:15,4591.2
4/19/2024,9:30,3753.6
4/19/2024,9:45,3540
4/19/2024,10:00,3777.6
4/19/2024,10:15,3720
4/19/2024,10:30,4166.4
4/19/2024,10:45,4066.8
4/19/2024,11:00,4647.6
4/19/2024,11:15,4018.8
4/19/2024,11:30,2598
4/19/2024,11:45,3404.4
4/19/2024,12:00,3998.4
4/19/2024,12:15,#VALUE!
4/19/2024,12:30,4550.4
4/19/2024,12:45,3896.4
4/19/2024,13:00,#VALUE!
4/19/2024,13:15,#VALUE!
4/19/2024,13:30,4177.2
4/19/2024,13:45,4381.2
4/19/2024,14:00,4269.6
4/19/2024,14:15,3800.4
4/19/2024,14:30,3498
4/19/2024,14:45,3625.2
4/19/2024,15:00,4366.8
4/19/2024,15:15,#VALUE!
4/19/2024,15:30,3772.8
4/19/2024,15:45,4664.4
4/19/2024,16:00,4533.6
4/19/2024,16:15,3909.6
4/19/2024,16:30,4257.6
4/19/2024,16:45,4148.4
4/19/2024,17:00,4225.2
4/19/2024,17:15,4293.6
4/19/2024,17:30,3704.4
4/19/2024,17:45,4598.4
4/19/2024,18:00,4612.8
4/19/2024,18:15,4077.6
4/19/2024,18:30,3147.6
4/19/2024,18:45,3314.4
4/19/2024,19:00,2468.4
4/19/2024,19:15,2875.2
4/19/2024,19:30,3253.2
4/19/2024,19:45,3332.4
4/19/2024,20:00,3304.8
4/19/2024,20:15,3322.8
4/19/2024,20:30,3340.8
4/19/2024,20:45,2929.2
4/19/2024,21:00,2480.4
4/19/2024,21:15,3285.6
4/19/2024,21:30,2482.8
4/19/2024,21:45,2510.4
4/19/2024,22:00,3316.8
4/19/2024,22:15,2424
4/19/2024,22:30,2932.8
4/19/2024,22:45,3273.6
4/19/2024,23:00,2473.2
4/19/2024,23:15,2899.2
4/19/2024,23:30,2388
4/19/2024,23:45,2920.8
4/20/2024,0:00,3326.4
4/20/2024,0:15,2883.6
4/20/2024,0:30,2938.8
4/20/2024,0:45,3325.2
4/20/2024,1:00,2492.4
4/20/2024,1:15,3259.2
4/20/2024,1:30,2338.8
4/20/2024,1:45,2235.6
4/20/2024,2:00,3219.6
4/20/2024,2:15,2434.8
4/20/2024,2:30,3248.4
4/20/2024,2:45,3225.6
4/20/2024,3:00,3378
4/20/2024,3:15,2955.6
4/20/2024,3:30,3277.2
4/20/2024,3:45,3328.8
4/20/2024,4:00,2931.6
4/20/2024,4:15,3250.8
4/20/2024,4:30,2475.6
4/20/2024,4:45,2426.4
4/20/2024,5:00,3264
4/20/2024,5:15,3373.2
4/20/2024,5:30,2469.6
4/20/2024,5:45,3274.8
4/20/2024,6:00,2400
4/20/2024,6:15,2934
4/20/2024,6:30,3265.2
4/20/2024,6:45,3314.4
4/20/2024,7:00,2487.6
4/20/2024,7:15,3127.2
4/20/2024,7:30,3879.6
4/20/2024,7:45,4633.2
4/20/2024,8:00,3691.2
4/20/2024,8:15,4437.6
4/20/2024,8:30,4645.2
4/20/2024,8:45,3961.2
4/20/2024,9:00,4484.4
4/20/2024,9:15,4516.8
4/20/2024,9:30,4682.4
4/20/2024,9:45,4465.2
4/20/2024,10:00,4832.4
4/20/2024,10:15,3655.2
4/20/2024,10:30,4154.4
4/20/2024,10:45,4395.6
4/20/2024,11:00,4615.2
4/20/2024,11:15,2842.8
4/20/2024,11:30,3370.8
4/20/2024,11:45,2596.8
4/20/2024,12:00,3514.8
4/20/2024,12:15,3742.8
4/20/2024,12:30,4568.4
4/20/2024,12:45,3906
4/20/2024,13:00,4410
4/20/2024,13:15,3835.2
4/20/2024,13:30,3910.8
4/20/2024,13:45,3355.2
4/20/2024,14:00,3994.8
4/20/2024,14:15,4382.4
4/20/2024,14:30,4110
4/20/2024,14:45,4618.8
4/20/2024,15:00,4050
4/20/2024,15:15,4072.8
4/20/2024,15:30,4592.4
4/20/2024,15:45,3646.8
4/20/2024,16:00,4911.6
4/20/2024,16:15,4965.6
4/20/2024,16:30,5043.6
4/20/2024,16:45,4556.4
4/20/2024,17:00,3636
4/20/2024,17:15,4446
4/20/2024,17:30,4968
4/20/2024,17:45,4280.4
4/20/2024,18:00,4372.8
4/20/2024,18:15,2996.4
4/20/2024,18:30,3367.2
4/20/2024,18:45,2984.4
4/20/2024,19:00,2215.2
4/20/2024,19:15,2136
4/20/2024,19:30,2409.6
4/20/2024,19:45,3290.4
4/20/2024,20:00,3270
4/20/2024,20:15,2932.8
4/20/2024,20:30,3430.8
4/20/2024,20:45,3336
4/20/2024,21:00,2886
4/20/2024,21:15,2238
4/20/2024,21:30,2752.8
4/20/2024,21:45,2419.2
4/20/2024,22:00,3283.2
4/20/2024,22:15,3289.2
4/20/2024,22:30,3375.6
4/20/2024,22:45,2910
4/20/2024,23:00,2822.4
4/20/2024,23:15,2372.4
4/20/2024,23:30,2911.2
4/20/2024,23:45,2828.4
4/21/2024,0:00,3364.8
4/21/2024,0:15,2511.6
4/21/2024,0:30,2899.2
4/21/2024,0:45,3290.4
4/21/2024,1:00,2539.2
4/21/2024,1:15,2397.6
4/21/2024,1:30,3292.8
4/21/2024,1:45,3415.2
4/21/2024,2:00,2187.6
4/21/2024,2:15,2188.8
4/21/2024,2:30,3358.8
4/21/2024,2:45,2425.2
4/21/2024,3:00,2763.6
4/21/2024,3:15,2445.6
4/21/2024,3:30,2894.4
4/21/2024,3:45,3266.4
4/21/2024,4:00,3294
4/21/2024,4:15,2955.6
4/21/2024,4:30,2923.2
4/21/2024,4:45,3325.2
4/21/2024,5:00,2442
4/21/2024,5:15,3256.8
4/21/2024,5:30,3315.6
4/21/2024,5:45,2490
4/21/2024,6:00,3295.2
4/21/2024,6:15,3238.8
4/21/2024,6:30,2516.4
4/21/2024,6:45,2913.6
4/21/2024,7:00,3267.6
4/21/2024,7:15,2762.4
4/21/2024,7:30,3834
4/21/2024,7:45,4336.8
4/21/2024,8:00,4431.6
4/21/2024,8:15,3747.6
4/21/2024,8:30,4776
4/21/2024,8:45,3826.8
4/21/2024,9:00,3705.6
4/21/2024,9:15,4671.6
4/21/2024,9:30,4114.8
4/21/2024,9:45,4288.8
4/21/2024,10:00,3576
4/21/2024,10:15,3703.2
4/21/2024,10:30,4413.6
4/21/2024,10:45,3396
4/21/2024,11:00,3802.8
4/21/2024,11:15,3183.6
4/21/2024,11:30,3178.8
4/21/2024,11:45,3802.8
4/21/2024,12:00,3584.4
4/21/2024,12:15,3429.6
4/21/2024,12:30,4137.6
4/21/2024,12:45,4482
4/21/2024,13:00,3811.2
4/21/2024,13:15,4495.2
4/21/2024,13:30,3710.4
4/21/2024,13:45,4159.2
4/21/2024,14:00,4532.4
4/21/2024,14:15,3930
4/21/2024,14:30,3926.4
4/21/2024,14:45,3744
4/21/2024,15:00,4263.6
4/21/2024,15:15,3404.4
4/21/2024,15:30,4090.8
4/21/2024,15:45,3436.8
4/21/2024,16:00,4387.2
4/21/2024,16:15,4582.8
4/21/2024,16:30,4494
4/21/2024,16:45,3724.8
4/21/2024,17:00,4520.4
4/21/2024,17:15,4167.6
4/21/2024,17:30,4436.4
4/21/2024,17:45,3549.6
4/21/2024,18:00,3332.4
4/21/2024,18:15,2335.2
4/21/2024,18:30,2817.6
4/21/2024,18:45,3230.4
4/21/2024,19:00,2386.8
4/21/2024,19:15,3220.8
4/21/2024,19:30,2412
4/21/2024,19:45,2841.6
4/21/2024,20:00,3214.8
4/21/2024,20:15,2852.4
4/21/2024,20:30,2840.4
4/21/2024,20:45,3186
4/21/2024,21:00,3358.8
4/21/2024,21:15,2750.4
4/21/2024,21:30,3198
4/21/2024,21:45,3274.8
4/21/2024,22:00,2830.8
4/21/2024,22:15,3225.6
4/21/2024,22:30,2371.2
4/21/2024,22:45,2458.8
4/21/2024,23:00,3148.8
4/21/2024,23:15,2325.6
4/21/2024,23:30,2822.4
4/21/2024,23:45,3280.8
4/22/2024,0:00,3290.4
4/22/2024,0:15,2811.6
4/22/2024,0:30,3210
4/22/2024,0:45,3200.4
4/22/2024,1:00,2440.8
4/22/2024,1:15,2394
4/22/2024,1:30,3194.4
4/22/2024,1:45,2496
4/22/2024,2:00,3168
4/22/2024,2:15,3240
4/22/2024,2:30,2814
4/22/2024,2:45,2744.4
4/22/2024,3:00,3165.6
4/22/2024,3:15,2415.6
4/22/2024,3:30,2791.2
4/22/2024,3:45,3200.4
4/22/2024,4:00,2642.4
4/22/2024,4:15,2224.8
4/22/2024,4:30,2112
4/22/2024,4:45,2083.2
4/22/2024,5:00,2751.6
4/22/2024,5:15,3124.8
4/22/2024,5:30,3211.2
4/22/2024,5:45,2361.6
4/22/2024,6:00,3153.6
4/22/2024,6:15,3248.4
4/22/2024,6:30,2412
4/22/2024,6:45,2847.6
4/22/2024,7:00,3201.6
4/22/2024,7:15,2698.8
4/22/2024,7:30,3414
4/22/2024,7:45,4222.8
4/22/2024,8:00,3630
4/22/2024,8:15,3518.4
4/22/2024,8:30,3870
4/22/2024,8:45,4486.8
4/22/2024,9:00,3716.4
4/22/2024,9:15,4132.8
4/22/2024,9:30,4237.2
4/22/2024,9:45,3519.6
4/22/2024,10:00,4662
4/22/2024,10:15,4230
4/22/2024,10:30,4488
4/22/2024,10:45,4500
4/22/2024,11:00,3528
4/22/2024,11:15,3769.2
4/22/2024,11:30,3201.6
4/22/2024,11:45,3576
4/22/2024,12:00,3562.8
4/22/2024,12:15,4392
4/22/2024,12:30,3735.6
4/22/2024,12:45,4430.4
4/22/2024,13:00,3590.4
4/22/2024,13:15,4129.2
4/22/2024,13:30,4591.2
4/22/2024,13:45,4450.8
4/22/2024,14:00,4593.6
4/22/2024,14:15,3981.6
4/22/2024,14:30,4626
4/22/2024,14:45,4105.2
4/22/2024,15:00,4206
4/22/2024,15:15,3654
4/22/2024,15:30,3688.8
4/22/2024,15:45,4362
4/22/2024,16:00,4366.8
4/22/2024,16:15,4270.8
4/22/2024,16:30,4713.6
4/22/2024,16:45,3996
4/22/2024,17:00,4858.8
4/22/2024,17:15,4176
4/22/2024,17:30,4740
4/22/2024,17:45,4239.6
4/22/2024,18:00,4168.8
4/22/2024,18:15,4266
4/22/2024,18:30,3517.2
4/22/2024,18:45,3712.8
4/22/2024,19:00,2500.8
4/22/2024,19:15,3222
4/22/2024,19:30,2850
4/22/2024,19:45,2782.8
4/22/2024,20:00,3218.4
4/22/2024,20:15,2344.8
4/22/2024,20:30,2770.8
4/22/2024,20:45,2298
4/22/2024,21:00,2827.2
4/22/2024,21:15,3217.2
4/22/2024,21:30,2854.8
4/22/2024,21:45,3148.8
4/22/2024,22:00,2338.8
4/22/2024,22:15,2787.6
4/22/2024,22:30,3198
4/22/2024,22:45,3238.8
4/22/2024,23:00,2803.2
4/22/2024,23:15,3252
4/22/2024,23:30,2834.4
4/22/2024,23:45,3258
4/23/2024,0:00,3315.6
4/23/2024,0:15,2780.4
4/23/2024,0:30,3253.2
4/23/2024,0:45,2323.2
4/23/2024,1:00,2820
4/23/2024,1:15,3222
4/23/2024,1:30,2457.6
4/23/2024,1:45,2745.6
4/23/2024,2:00,3202.8
4/23/2024,2:15,2778
4/23/2024,2:30,3192
4/23/2024,2:45,2386.8
4/23/2024,3:00,2786.4
4/23/2024,3:15,3252
4/23/2024,3:30,2338.8
4/23/2024,3:45,3189.6
4/23/2024,4:00,3244.8
4/23/2024,4:15,2715.6
4/23/2024,4:30,2438.4
4/23/2024,4:45,2775.6
4/23/2024,5:00,3165.6
4/23/2024,5:15,3134.4
4/23/2024,5:30,2802
4/23/2024,5:45,2757.6
4/23/2024,6:00,3229.2
4/23/2024,6:15,2395.2
4/23/2024,6:30,3230.4
4/23/2024,6:45,3211.2
4/23/2024,7:00,3490.8
4/23/2024,7:15,2967.6
4/23/2024,7:30,3542.4
4/23/2024,7:45,3685.2
4/23/2024,8:00,3349.2
4/23/2024,8:15,3267.6
4/23/2024,8:30,3836.4
4/23/2024,8:45,4512
4/23/2024,9:00,4921.2
4/23/2024,9:15,3999.6
4/23/2024,9:30,4906.8
4/23/2024,9:45,4030.8
4/23/2024,10:00,4684.8
4/23/2024,10:15,4834.8
4/23/2024,10:30,4428
4/23/2024,10:45,4717.2
4/23/2024,11:00,4628.4
4/23/2024,11:15,4032
4/23/2024,11:30,3692.4
4/23/2024,11:45,2829.6
4/23/2024,12:00,4135.2
4/23/2024,12:15,3877.2
4/23/2024,12:30,4190.4
4/23/2024,12:45,4485.6
4/23/2024,13:00,4186.8
4/23/2024,13:15,4834.8
4/23/2024,13:30,4173.6
4/23/2024,13:45,4328.4
4/23/2024,14:00,4725.6
4/23/2024,14:15,4441.2
4/23/2024,14:30,4458
4/23/2024,14:45,4338
4/23/2024,15:00,3682.8
4/23/2024,15:15,3924
4/23/2024,15:30,3651.6
4/23/2024,15:45,4662
4/23/2024,16:00,4084.8
4/23/2024,16:15,3962.4
4/23/2024,16:30,4555.2
4/23/2024,16:45,3367.2
4/23/2024,17:00,4080
4/23/2024,17:15,3336
4/23/2024,17:30,4014
4/23/2024,17:45,4454.4
4/23/2024,18:00,4204.8
4/23/2024,18:15,3980.4
4/23/2024,18:30,3718.8
4/23/2024,18:45,2874
4/23/2024,19:00,3342
4/23/2024,19:15,3228
4/23/2024,19:30,3237.6
4/23/2024,19:45,3255.6
4/23/2024,20:00,2408.4
4/23/2024,20:15,3166.8
4/23/2024,20:30,3252
4/23/2024,20:45,3184.8
4/23/2024,21:00,2406
4/23/2024,21:15,2409.6
4/23/2024,21:30,3278.4
4/23/2024,21:45,3235.2
4/23/2024,22:00,2889.6
4/23/2024,22:15,3253.2
4/23/2024,22:30,2491.2
4/23/2024,22:45,2812.8
4/23/2024,23:00,3190.8
4/23/2024,23:15,2773.2
4/23/2024,23:30,3147.6
4/23/2024,23:45,3350.4
4/24/2024,0:00,2830.8
4/24/2024,0:15,3235.2
4/24/2024,0:30,2419.2
4/24/2024,0:45,3146.4
4/24/2024,1:00,3268.8
4/24/2024,1:15,3298.8
4/24/2024,1:30,3177.6
4/24/2024,1:45,2820
4/24/2024,2:00,2820
4/24/2024,2:15,3139.2
4/24/2024,2:30,2734.8
4/24/2024,2:45,3236.4
4/24/2024,3:00,3230.4
4/24/2024,3:15,2802
4/24/2024,3:30,2785.2
4/24/2024,3:45,2416.8
4/24/2024,4:00,2808
4/24/2024,4:15,3144
4/24/2024,4:30,3301.2
4/24/2024,4:45,2778
4/24/2024,5:00,3139.2
4/24/2024,5:15,2827.2
4/24/2024,5:30,2758.8
4/24/2024,5:45,3224.4
4/24/2024,6:00,2796
4/24/2024,6:15,3211.2
4/24/2024,6:30,2751.6
4/24/2024,6:45,3114
4/24/2024,7:00,3505.2
4/24/2024,7:15,2580
4/24/2024,7:30,2734.8
4/24/2024,7:45,3913.2
4/24/2024,8:00,3500.4
4/24/2024,8:15,3777.6
4/24/2024,8:30,4184.4
4/24/2024,8:45,3451.2
4/24/2024,9:00,3268.8
4/24/2024,9:15,3979.2
4/24/2024,9:30,4372.8
4/24/2024,9:45,3867.6
4/24/2024,10:00,3656.4
4/24/2024,10:15,3579.6
4/24/2024,10:30,4425.6
4/24/2024,10:45,4122
4/24/2024,11:00,3990
4/24/2024,11:15,3112.8
4/24/2024,11:30,3284.4
4/24/2024,11:45,2974.8
4/24/2024,12:00,3945.6
4/24/2024,12:15,3942
4/24/2024,12:30,4536
4/24/2024,12:45,4478.4
4/24/2024,13:00,4383.6
4/24/2024,13:15,4382.4
4/24/2024,13:30,3650.4
4/24/2024,13:45,3440.4
4/24/2024,14:00,3850.8
4/24/2024,14:15,4304.4
4/24/2024,14:30,4580.4
4/24/2024,14:45,3577.2
4/24/2024,15:00,4570.8
4/24/2024,15:15,3771.6
4/24/2024,15:30,4597.2
4/24/2024,15:45,3711.6
4/24/2024,16:00,3944.4
4/24/2024,16:15,3861.6
4/24/2024,16:30,4100.4
4/24/2024,16:45,3934.8
4/24/2024,17:00,4533.6
4/24/2024,17:15,4664.4
4/24/2024,17:30,4611.6
4/24/2024,17:45,4498.8
4/24/2024,18:00,4656
4/24/2024,18:15,4110
4/24/2024,18:30,3507.6
4/24/2024,18:45,2370
4/24/2024,19:00,3128.4
4/24/2024,19:15,3272.4
4/24/2024,19:30,3206.4
4/24/2024,19:45,3222
4/24/2024,20:00,2350.8
4/24/2024,20:15,3171.6
4/24/2024,20:30,3265.2
4/24/2024,20:45,2769.6
4/24/2024,21:00,2211.6
4/24/2024,21:15,2124
4/24/2024,21:30,2679.6
4/24/2024,21:45,3180
4/24/2024,22:00,2768.4
4/24/2024,22:15,2097.6
4/24/2024,22:30,2118
4/24/2024,22:45,3176.4
4/24/2024,23:00,2676
4/24/2024,23:15,2343.6
4/24/2024,23:30,2412
4/24/2024,23:45,3213.6
4/25/2024,0:00,3344.4
4/25/2024,0:15,2803.2
4/25/2024,0:30,2377.2
4/25/2024,0:45,2775.6
4/25/2024,1:00,3176.4
4/25/2024,1:15,2377.2
4/25/2024,1:30,2829.6
4/25/2024,1:45,3204
4/25/2024,2:00,3276
4/25/2024,2:15,2760
4/25/2024,2:30,3184.8
4/25/2024,2:45,2296.8
4/25/2024,3:00,2342.4
4/25/2024,3:15,3118.8
4/25/2024,3:30,3208.8
4/25/2024,3:45,2329.2
4/25/2024,4:00,2290.8
4/25/2024,4:15,3132
4/25/2024,4:30,2350.8
4/25/2024,4:45,2358
4/25/2024,5:00,3159.6
4/25/2024,5:15,3250.8
4/25/2024,5:30,3139.2
4/25/2024,5:45,3159.6
4/25/2024,6:00,2443.2
4/25/2024,6:15,2802
4/25/2024,6:30,3094.8
4/25/2024,6:45,3123.6
4/25/2024,7:00,2317.2
4/25/2024,7:15,2959.2
4/25/2024,7:30,3722.4
4/25/2024,7:45,3750
4/25/2024,8:00,3528
4/25/2024,8:15,3650.4
4/25/2024,8:30,4076.4
4/25/2024,8:45,3940.8
4/25/2024,9:00,4213.2
4/25/2024,9:15,4156.8
4/25/2024,9:30,4663.2
4/25/2024,9:45,4180.8
4/25/2024,10:00,4632
4/25/2024,10:15,3541.2
4/25/2024,10:30,4419.6
4/25/2024,10:45,4380
4/25/2024,11:00,3734.4
4/25/2024,11:15,3918
4/25/2024,11:30,2572.8
4/25/2024,11:45,3524.4
4/25/2024,12:00,3937.2
4/25/2024,12:15,3162
4/25/2024,12:30,3896.4
4/25/2024,12:45,3306
4/25/2024,13:00,3661.2
4/25/2024,13:15,4150.8
4/25/2024,13:30,4095.6
4/25/2024,13:45,3758.4
4/25/2024,14:00,4126.8
4/25/2024,14:15,3043.2
4/25/2024,14:30,3493.2
4/25/2024,14:45,3418.8
4/25/2024,15:00,3622.8
4/25/2024,15:15,3591.6
4/25/2024,15:30,4386
4/25/2024,15:45,4809.6
4/25/2024,16:00,5127.6
4/25/2024,16:15,4416
4/25/2024,16:30,4261.2
4/25/2024,16:45,4466.4
4/25/2024,17:00,4360.8
4/25/2024,17:15,4731.6
4/25/2024,17:30,4003.2
4/25/2024,17:45,3729.6
4/25/2024,18:00,4345.2
4/25/2024,18:15,4942.8
4/25/2024,18:30,3728.4
4/25/2024,18:45,2450.4
4/25/2024,19:00,2432.4
4/25/2024,19:15,3278.4
4/25/2024,19:30,3260.4
4/25/2024,19:45,2368.8
4/25/2024,20:00,2850
4/25/2024,20:15,3277.2
4/25/2024,20:30,3206.4
4/25/2024,20:45,3235.2
4/25/2024,21:00,2472
4/25/2024,21:15,3286.8
4/25/2024,21:30,3196.8
4/25/2024,21:45,3348
4/25/2024,22:00,3295.2
4/25/2024,22:15,3246
4/25/2024,22:30,3379.2
4/25/2024,22:45,3357.6
4/25/2024,23:00,3228
4/25/2024,23:15,3286.8
4/25/2024,23:30,3331.2
4/25/2024,23:45,3264
4/26/2024,0:00,2665.2
4/26/2024,0:15,3385.2
4/26/2024,0:30,3213.6
4/26/2024,0:45,3268.8
4/26/2024,1:00,3361.2
4/26/2024,1:15,3286.8
4/26/2024,1:30,3270
4/26/2024,1:45,3345.6
4/26/2024,2:00,3236.4
4/26/2024,2:15,2184
4/26/2024,2:30,2211.6
4/26/2024,2:45,2715.6
4/26/2024,3:00,2401.2
4/26/2024,3:15,3190.8
4/26/2024,3:30,3175.2
4/26/2024,3:45,2757.6
4/26/2024,4:00,3356.4
4/26/2024,4:15,2766
4/26/2024,4:30,2366.4
4/26/2024,4:45,3286.8
4/26/2024,5:00,3316.8
4/26/2024,5:15,3273.6
4/26/2024,5:30,3259.2
4/26/2024,5:45,3259.2
4/26/2024,6:00,3417.6
4/26/2024,6:15,3298.8
4/26/2024,6:30,2844
4/26/2024,6:45,2803.2
4/26/2024,7:00,3406.8
4/26/2024,7:15,3460.8
4/26/2024,7:30,3018
4/26/2024,7:45,3895.2
4/26/2024,8:00,3969.6
4/26/2024,8:15,3912
4/26/2024,8:30,4580.4
4/26/2024,8:45,4394.4
4/26/2024,9:00,4660.8
4/26/2024,9:15,4381.2
4/26/2024,9:30,4516.8
4/26/2024,9:45,4635.6
4/26/2024,10:00,4528.8
4/26/2024,10:15,4538.4
4/26/2024,10:30,4644
4/26/2024,10:45,4761.6
4/26/2024,11:00,4203.6
4/26/2024,11:15,3763.2
4/26/2024,11:30,3429.6
4/26/2024,11:45,3465.6
4/26/2024,12:00,3993.6
4/26/2024,12:15,4394.4
4/26/2024,12:30,4386
4/26/2024,12:45,4621.2
4/26/2024,13:00,4796.4
4/26/2024,13:15,4698
4/26/2024,13:30,4191.6
4/26/2024,13:45,4755.6
4/26/2024,14:00,4921.2
4/26/2024,14:15,4443.6
4/26/2024,14:30,3921.6
4/26/2024,14:45,4624.8
4/26/2024,15:00,4646.4
4/26/2024,15:15,4420.8
4/26/2024,15:30,4770
4/26/2024,15:45,4616.4
4/26/2024,16:00,4731.6
4/26/2024,16:15,4200
4/26/2024,16:30,4234.8
4/26/2024,16:45,4597.2
4/26/2024,17:00,3703.2
4/26/2024,17:15,2995.2
4/26/2024,17:30,3316.8
4/26/2024,17:45,4160.4
4/26/2024,18:00,4087.2
4/26/2024,18:15,4360.8
4/26/2024,18:30,2540.4
4/26/2024,18:45,2121.6
4/26/2024,19:00,2229.6
4/26/2024,19:15,2228.4
4/26/2024,19:30,3390
4/26/2024,19:45,3300
4/26/2024,20:00,3462
4/26/2024,20:15,2569.2
4/26/2024,20:30,2323.2
4/26/2024,20:45,2296.8
4/26/2024,21:00,2208
4/26/2024,21:15,1785.6
4/26/2024,21:30,3470.4
4/26/2024,21:45,3022.8
4/26/2024,22:00,2612.4
4/26/2024,22:15,3511.2
4/26/2024,22:30,3595.2
4/26/2024,22:45,3465.6
4/26/2024,23:00,2355.6
4/26/2024,23:15,2436
4/26/2024,23:30,2946
4/26/2024,23:45,3465.6
4/27/2024,0:00,2562
4/27/2024,0:15,2611.2
4/27/2024,0:30,2942.4
4/27/2024,0:45,2522.4
4/27/2024,1:00,3427.2
4/27/2024,1:15,2584.8
4/27/2024,1:30,3504
4/27/2024,1:45,3471.6
4/27/2024,2:00,2568
4/27/2024,2:15,2420.4
4/27/2024,2:30,2304
4/27/2024,2:45,3295.2
4/27/2024,3:00,2574
4/27/2024,3:15,2425.2
4/27/2024,3:30,2691.6
4/27/2024,3:45,3363.6
4/27/2024,4:00,2544
4/27/2024,4:15,2322
4/27/2024,4:30,2743.2
4/27/2024,4:45,3447.6
4/27/2024,5:00,3379.2
4/27/2024,5:15,3366
4/27/2024,5:30,3439.2
4/27/2024,5:45,2527.2
4/27/2024,6:00,3535.2
4/27/2024,6:15,2558.4
4/27/2024,6:30,2510.4
4/27/2024,6:45,2912.4
4/27/2024,7:00,2666.4
4/27/2024,7:15,2510.4
4/27/2024,7:30,3033.6
4/27/2024,7:45,4213.2
4/27/2024,8:00,4635.6
4/27/2024,8:15,4598.4
4/27/2024,8:30,4826.4
4/27/2024,8:45,4690.8
4/27/2024,9:00,4530
4/27/2024,9:15,4480.8
4/27/2024,9:30,3835.2
4/27/2024,9:45,4900.8
4/27/2024,10:00,4809.6
4/27/2024,10:15,4742.4
4/27/2024,10:30,4564.8
4/27/2024,10:45,4544.4
4/27/2024,11:00,3812.4
4/27/2024,11:15,3502.8
4/27/2024,11:30,3162
4/27/2024,11:45,3584.4
4/27/2024,12:00,4200
4/27/2024,12:15,4303.2
4/27/2024,12:30,4366.8
4/27/2024,12:45,4714.8
4/27/2024,13:00,3984
4/27/2024,13:15,4642.8
4/27/2024,13:30,4632
4/27/2024,13:45,4462.8
4/27/2024,14:00,3804
4/27/2024,14:15,3532.8
4/27/2024,14:30,4671.6
4/27/2024,14:45,4820.4
4/27/2024,15:00,4843.2
4/27/2024,15:15,5032.8
4/27/2024,15:30,4812
4/27/2024,15:45,5037.6
4/27/2024,16:00,5052
4/27/2024,16:15,4444.8
4/27/2024,16:30,4004.4
4/27/2024,16:45,4743.6
4/27/2024,17:00,3969.6
4/27/2024,17:15,5035.2
4/27/2024,17:30,4507.2
4/27/2024,17:45,4869.6
4/27/2024,18:00,4716
4/27/2024,18:15,3153.6
4/27/2024,18:30,2698.8
4/27/2024,18:45,2486.4
4/27/2024,19:00,2833.2
4/27/2024,19:15,2756.4
4/27/2024,19:30,2055.6
4/27/2024,19:45,2270.4
4/27/2024,20:00,1983.6
4/27/2024,20:15,1800
4/27/2024,20:30,706.8
4/27/2024,20:45,462
4/27/2024,21:00,375.6
4/27/2024,21:15,375.6
4/27/2024,21:30,321.6
4/27/2024,21:45,360
4/27/2024,22:00,361.2
4/27/2024,22:15,386.4
4/27/2024,22:30,356.4
4/27/2024,22:45,372
4/27/2024,23:00,780
4/27/2024,23:15,914.4
4/27/2024,23:30,987.6
4/27/2024,23:45,1178.4
4/28/2024,0:00,1387.2
4/28/2024,0:15,1646.4
4/28/2024,0:30,1916.4
4/28/2024,0:45,1957.2
4/28/2024,1:00,2112
4/28/2024,1:15,2733.6
4/28/2024,1:30,2821.2
4/28/2024,1:45,3314.4
4/28/2024,2:00,3226.8
4/28/2024,2:15,3242.4
4/28/2024,2:30,2860.8
4/28/2024,2:45,3296.4
4/28/2024,3:00,2408.4
4/28/2024,3:15,2372.4
4/28/2024,3:30,3316.8
4/28/2024,3:45,2400
4/28/2024,4:00,3433.2
4/28/2024,4:15,3278.4
4/28/2024,4:30,2461.2
4/28/2024,4:45,3382.8
4/28/2024,5:00,3259.2
4/28/2024,5:15,3316.8
4/28/2024,5:30,3292.8
4/28/2024,5:45,3337.2
4/28/2024,6:00,3321.6
4/28/2024,6:15,3309.6
4/28/2024,6:30,3316.8
4/28/2024,6:45,3289.2
4/28/2024,7:00,3318
4/28/2024,7:15,3550.8
4/28/2024,7:30,3835.2
4/28/2024,7:45,4202.4
4/28/2024,8:00,3600
4/28/2024,8:15,3764.4
4/28/2024,8:30,4222.8
4/28/2024,8:45,4177.2
4/28/2024,9:00,4231.2
4/28/2024,9:15,4168.8
4/28/2024,9:30,4047.6
4/28/2024,9:45,4654.8
4/28/2024,10:00,3483.6
4/28/2024,10:15,3817.2
4/28/2024,10:30,3604.8
4/28/2024,10:45,3873.6
4/28/2024,11:00,4788
4/28/2024,11:15,4150.8
4/28/2024,11:30,3806.4
4/28/2024,11:45,3682.8
4/28/2024,12:00,3972
4/28/2024,12:15,4588.8
4/28/2024,12:30,4987.2
4/28/2024,12:45,3900
4/28/2024,13:00,4825.2
4/28/2024,13:15,4754.4
4/28/2024,13:30,4582.8
4/28/2024,13:45,4822.8
4/28/2024,14:00,4582.8
4/28/2024,14:15,5046
4/28/2024,14:30,4885.2
4/28/2024,14:45,#VALUE!
4/28/2024,15:00,3957.6
4/28/2024,15:15,3724.8
4/28/2024,15:30,4962
4/28/2024,15:45,3717.6
4/28/2024,16:00,5026.8
4/28/2024,16:15,4819.2
4/28/2024,16:30,5138.4
4/28/2024,16:45,3980.4
4/28/2024,17:00,4926
4/28/2024,17:15,4110
4/28/2024,17:30,4933.2
4/28/2024,17:45,4716
4/28/2024,18:00,4712.4
4/28/2024,18:15,4198.8
4/28/2024,18:30,3372
4/28/2024,18:45,3418.8
4/28/2024,19:00,#VALUE!
4/28/2024,19:15,#VALUE!
4/28/2024,19:30,#VALUE!
4/28/2024,19:45,#VALUE!
4/28/2024,20:00,3430.8
4/28/2024,20:15,3438
4/28/2024,20:30,3370.8
4/28/2024,20:45,3439.2
4/28/2024,21:00,3402
4/28/2024,21:15,2126.4
4/28/2024,21:30,2436
4/28/2024,21:45,2292
4/28/2024,22:00,2278.8
4/28/2024,22:15,2968.8
4/28/2024,22:30,3402
4/28/2024,22:45,3414
4/28/2024,23:00,3446.4
4/28/2024,23:15,2552.4
4/28/2024,23:30,3381.6
4/28/2024,23:45,3022.8
4/29/2024,0:00,2973.6
4/29/2024,0:15,3345.6
4/29/2024,0:30,3370.8
4/29/2024,0:45,2856
4/29/2024,1:00,2418
4/29/2024,1:15,3423.6
4/29/2024,1:30,3424.8
4/29/2024,1:45,3420
4/29/2024,2:00,3369.6
4/29/2024,2:15,2486.4
4/29/2024,2:30,3327.6
4/29/2024,2:45,3362.4
4/29/2024,3:00,2521.2
4/29/2024,3:15,2518.8
4/29/2024,3:30,3393.6
4/29/2024,3:45,3385.2
4/29/2024,4:00,3386.4
4/29/2024,4:15,3348
4/29/2024,4:30,3285.6
4/29/2024,4:45,3342
4/29/2024,5:00,3402
4/29/2024,5:15,3396
4/29/2024,5:30,3361.2
4/29/2024,5:45,2506.8
4/29/2024,6:00,2516.4
4/29/2024,6:15,2421.6
4/29/2024,6:30,2448
4/29/2024,6:45,2474.4
4/29/2024,7:00,3523.2
4/29/2024,7:15,3109.2
4/29/2024,7:30,4017.6
4/29/2024,7:45,4378.8
4/29/2024,8:00,4700.4
4/29/2024,8:15,5137.2
4/29/2024,8:30,4735.2
4/29/2024,8:45,4887.6
4/29/2024,9:00,4772.4
4/29/2024,9:15,4557.6
4/29/2024,9:30,4975.2
4/29/2024,9:45,4616.4
4/29/2024,10:00,4917.6
4/29/2024,10:15,4717.2
4/29/2024,10:30,4863.6
4/29/2024,10:45,3993.6
4/29/2024,11:00,4166.4
4/29/2024,11:15,3248.4
4/29/2024,11:30,3759.6
4/29/2024,11:45,3608.4
4/29/2024,12:00,4083.6
4/29/2024,12:15,4641.6
4/29/2024,12:30,4641.6
4/29/2024,12:45,4725.6
4/29/2024,13:00,4704
4/29/2024,13:15,4614
4/29/2024,13:30,4441.2
4/29/2024,13:45,3753.6
4/29/2024,14:00,4668
4/29/2024,14:15,3688.8
4/29/2024,14:30,4720.8
4/29/2024,14:45,4080
4/29/2024,15:00,3868.8
4/29/2024,15:15,4672.8
4/29/2024,15:30,4590
4/29/2024,15:45,4645.2
4/29/2024,16:00,4258.8
4/29/2024,16:15,3873.6
4/29/2024,16:30,4659.6
4/29/2024,16:45,4614
4/29/2024,17:00,4719.6
4/29/2024,17:15,4197.6
4/29/2024,17:30,4800
4/29/2024,17:45,4780.8
4/29/2024,18:00,4612.8
4/29/2024,18:15,5059.2
4/29/2024,18:30,3571.2
4/29/2024,18:45,3399.6
4/29/2024,19:00,3482.4
4/29/2024,19:15,3399.6
4/29/2024,19:30,3439.2
4/29/2024,19:45,3351.6
4/29/2024,20:00,3478.8
4/29/2024,20:15,3446.4
4/29/2024,20:30,3444
4/29/2024,20:45,3470.4
4/29/2024,21:00,3471.6
4/29/2024,21:15,3566.4
4/29/2024,21:30,3453.6
4/29/2024,21:45,3463.2
4/29/2024,22:00,3418.8
4/29/2024,22:15,3487.2
4/29/2024,22:30,3480
4/29/2024,22:45,3454.8
4/29/2024,23:00,3447.6
4/29/2024,23:15,3454.8
4/29/2024,23:30,3458.4
4/29/2024,23:45,3451.2
4/30/2024,0:00,3060
4/30/2024,0:15,2427.6
4/30/2024,0:30,2314.8
4/30/2024,0:45,2532
4/30/2024,1:00,3361.2
4/30/2024,1:15,3331.2
4/30/2024,1:30,3495.6
4/30/2024,1:45,3451.2
4/30/2024,2:00,3444
4/30/2024,2:15,3402
4/30/2024,2:30,3429.6
4/30/2024,2:45,3423.6
4/30/2024,3:00,2977.2
4/30/2024,3:15,3362.4
4/30/2024,3:30,3392.4
4/30/2024,3:45,3393.6
4/30/2024,4:00,2469.6
4/30/2024,4:15,2491.2
4/30/2024,4:30,2298
4/30/2024,4:45,915.6
4/30/2024,5:00,835.2
4/30/2024,5:15,814.8
4/30/2024,5:30,824.4
4/30/2024,5:45,819.6
4/30/2024,6:00,826.8
4/30/2024,6:15,861.6
4/30/2024,6:30,1034.4
4/30/2024,6:45,1173.6
4/30/2024,7:00,2496
4/30/2024,7:15,2557.2
4/30/2024,7:30,3231.6
4/30/2024,7:45,3699.6
4/30/2024,8:00,4212
4/30/2024,8:15,3758.4
4/30/2024,8:30,3613.2
4/30/2024,8:45,4761.6
4/30/2024,9:00,4396.8
4/30/2024,9:15,4285.2
4/30/2024,9:30,3583.2
4/30/2024,9:45,4689.6
4/30/2024,10:00,4299.6
4/30/2024,10:15,3703.2
4/30/2024,10:30,3640.8
4/30/2024,10:45,3999.6
4/30/2024,11:00,4065.6
4/30/2024,11:15,4112.4
4/30/2024,11:30,3561.6
4/30/2024,11:45,2745.6
4/30/2024,12:00,4006.8
4/30/2024,12:15,4386
4/30/2024,12:30,3584.4
4/30/2024,12:45,4518
4/30/2024,13:00,3670.8
4/30/2024,13:15,4464
4/30/2024,13:30,4852.8
4/30/2024,13:45,4537.2
4/30/2024,14:00,4660.8
4/30/2024,14:15,4947.6
4/30/2024,14:30,4699.2
4/30/2024,14:45,4354.8
4/30/2024,15:00,4222.8
4/30/2024,15:15,3982.8
4/30/2024,15:30,3608.4
4/30/2024,15:45,3303.6
4/30/2024,16:00,3316.8
4/30/2024,16:15,2990.4
4/30/2024,16:30,3127.2
4/30/2024,16:45,2104.8
4/30/2024,17:00,1009.2
4/30/2024,17:15,536.4
4/30/2024,17:30,351.6
4/30/2024,17:45,109.2
4/30/2024,18:00,181.2
4/30/2024,18:15,159.6
4/30/2024,18:30,168
4/30/2024,18:45,204
4/30/2024,19:00,66
4/30/2024,19:15,63.6
4/30/2024,19:30,54
4/30/2024,19:45,52.8
4/30/2024,20:00,54
4/30/2024,20:15,52.8
4/30/2024,20:30,51.6
4/30/2024,20:45,51.6
4/30/2024,21:00,51.6
4/30/2024,21:15,63.6
4/30/2024,21:30,51.6
4/30/2024,21:45,52.8
4/30/2024,22:00,52.8
4/30/2024,22:15,56.4
4/30/2024,22:30,52.8
4/30/2024,22:45,55.2
4/30/2024,23:00,51.6
4/30/2024,23:15,51.6
4/30/2024,23:30,52.8
4/30/2024,23:45,56.4
5/1/2024,0:00,54
5/1/2024,0:15,54
5/1/2024,0:30,52.8
5/1/2024,0:45,52.8
5/1/2024,1:00,52.8
5/1/2024,1:15,56.4
5/1/2024,1:30,55.2
5/1/2024,1:45,54
5/1/2024,2:00,54
5/1/2024,2:15,54
5/1/2024,2:30,57.6
5/1/2024,2:45,56.4
5/1/2024,3:00,54
5/1/2024,3:15,55.2
5/1/2024,3:30,54
5/1/2024,3:45,54
5/1/2024,4:00,54
5/1/2024,4:15,55.2
5/1/2024,4:30,54
5/1/2024,4:45,54
5/1/2024,5:00,55.2
5/1/2024,5:15,55.2
5/1/2024,5:30,55.2
5/1/2024,5:45,55.2
5/1/2024,6:00,57.6
5/1/2024,6:15,55.2
5/1/2024,6:30,55.2
5/1/2024,6:45,55.2
5/1/2024,7:00,55.2
5/1/2024,7:15,58.8
5/1/2024,7:30,61.2
5/1/2024,7:45,56.4
5/1/2024,8:00,56.4
5/1/2024,8:15,55.2
5/1/2024,8:30,58.8
5/1/2024,8:45,56.4
5/1/2024,9:00,54
5/1/2024,9:15,55.2
5/1/2024,9:30,52.8
5/1/2024,9:45,51.6
5/1/2024,10:00,54
5/1/2024,10:15,52.8
5/1/2024,10:30,54
5/1/2024,10:45,56.4
5/1/2024,11:00,54
5/1/2024,11:15,54
5/1/2024,11:30,54
5/1/2024,11:45,57.6
5/1/2024,12:00,54
5/1/2024,12:15,54
5/1/2024,12:30,54
5/1/2024,12:45,54
5/1/2024,13:00,54
5/1/2024,13:15,54
5/1/2024,13:30,62.4
5/1/2024,13:45,54
5/1/2024,14:00,188.4
5/1/2024,14:15,121.2
5/1/2024,14:30,122.4
5/1/2024,14:45,122.4
5/1/2024,15:00,56.4
5/1/2024,15:15,56.4
5/1/2024,15:30,74.4
5/1/2024,15:45,82.8
5/1/2024,16:00,34.8
5/1/2024,16:15,34.8
5/1/2024,16:30,34.8
5/1/2024,16:45,183.6
5/1/2024,17:00,142.8
5/1/2024,17:15,136.8
5/1/2024,17:30,40.8
5/1/2024,17:45,49.2
5/1/2024,18:00,49.2
5/1/2024,18:15,40.8
5/1/2024,18:30,40.8
5/1/2024,18:45,40.8
5/1/2024,19:00,49.2
5/1/2024,19:15,40.8
5/1/2024,19:30,44.4
5/1/2024,19:45,40.8
5/1/2024,20:00,49.2
5/1/2024,20:15,40.8
5/1/2024,20:30,40.8
5/1/2024,20:45,40.8
5/1/2024,21:00,49.2
5/1/2024,21:15,49.2
5/1/2024,21:30,50.4
5/1/2024,21:45,42
5/1/2024,22:00,42
5/1/2024,22:15,49.2
5/1/2024,22:30,40.8
5/1/2024,22:45,40.8
5/1/2024,23:00,40.8
5/1/2024,23:15,49.2
5/1/2024,23:30,49.2
5/1/2024,23:45,40.8
5/2/2024,0:00,40.8
5/2/2024,0:15,49.2
5/2/2024,0:30,49.2
5/2/2024,0:45,46.8
5/2/2024,1:00,40.8
5/2/2024,1:15,43.2
5/2/2024,1:30,49.2
5/2/2024,1:45,40.8
5/2/2024,2:00,40.8
5/2/2024,2:15,40.8
5/2/2024,2:30,49.2
5/2/2024,2:45,48
5/2/2024,3:00,43.2
5/2/2024,3:15,43.2
5/2/2024,3:30,40.8
5/2/2024,3:45,49.2
5/2/2024,4:00,40.8
5/2/2024,4:15,40.8
5/2/2024,4:30,40.8
5/2/2024,4:45,49.2
5/2/2024,5:00,39.6
5/2/2024,5:15,56.4
5/2/2024,5:30,55.2
5/2/2024,5:45,55.2
5/2/2024,6:00,58.8
5/2/2024,6:15,46.8
5/2/2024,6:30,58.8
5/2/2024,6:45,64.8
5/2/2024,7:00,289.2
5/2/2024,7:15,302.4
5/2/2024,7:30,316.8
5/2/2024,7:45,806.4
5/2/2024,8:00,751.2
5/2/2024,8:15,1096.8
5/2/2024,8:30,1234.8
5/2/2024,8:45,1114.8
5/2/2024,9:00,961.2
5/2/2024,9:15,1257.6
5/2/2024,9:30,1041.6
5/2/2024,9:45,842.4
5/2/2024,10:00,850.8
5/2/2024,10:15,1093.2
5/2/2024,10:30,1118.4
5/2/2024,10:45,900
5/2/2024,11:00,675.6
5/2/2024,11:15,741.6
5/2/2024,11:30,234
5/2/2024,11:45,499.2
5/2/2024,12:00,651.6
5/2/2024,12:15,1329.6
5/2/2024,12:30,990
5/2/2024,12:45,1165.2
5/2/2024,13:00,1114.8
5/2/2024,13:15,1080
5/2/2024,13:30,1167.6
5/2/2024,13:45,1456.8
5/2/2024,14:00,1434
5/2/2024,14:15,1347.6
5/2/2024,14:30,1105.2
5/2/2024,14:45,936
5/2/2024,15:00,1356
5/2/2024,15:15,1450.8
5/2/2024,15:30,871.2
5/2/2024,15:45,920.4
5/2/2024,16:00,1174.8
5/2/2024,16:15,1436.4
5/2/2024,16:30,1384.8
5/2/2024,16:45,1352.4
5/2/2024,17:00,1266
5/2/2024,17:15,1206
5/2/2024,17:30,470.4
5/2/2024,17:45,735.6
5/2/2024,18:00,85.2
5/2/2024,18:15,177.6
5/2/2024,18:30,129.6
5/2/2024,18:45,91.2
5/2/2024,19:00,64.8
5/2/2024,19:15,58.8
5/2/2024,19:30,57.6
5/2/2024,19:45,70.8
5/2/2024,20:00,67.2
5/2/2024,20:15,52.8
5/2/2024,20:30,52.8
5/2/2024,20:45,58.8
5/2/2024,21:00,61.2
5/2/2024,21:15,52.8
5/2/2024,21:30,55.2
5/2/2024,21:45,54
5/2/2024,22:00,61.2
5/2/2024,22:15,55.2
5/2/2024,22:30,52.8
5/2/2024,22:45,52.8
5/2/2024,23:00,61.2
5/2/2024,23:15,55.2
5/2/2024,23:30,51.6
5/2/2024,23:45,51.6
5/3/2024,0:00,72
5/3/2024,0:15,51.6
5/3/2024,0:30,51.6
5/3/2024,0:45,54
5/3/2024,1:00,60
5/3/2024,1:15,51.6
5/3/2024,1:30,57.6
5/3/2024,1:45,55.2
5/3/2024,2:00,63.6
5/3/2024,2:15,55.2
5/3/2024,2:30,55.2
5/3/2024,2:45,55.2
5/3/2024,3:00,63.6
5/3/2024,3:15,74.4
5/3/2024,3:30,55.2
5/3/2024,3:45,55.2
5/3/2024,4:00,66
5/3/2024,4:15,66
5/3/2024,4:30,55.2
5/3/2024,4:45,58.8
5/3/2024,5:00,69.6
5/3/2024,5:15,70.8
5/3/2024,5:30,84
5/3/2024,5:45,74.4
5/3/2024,6:00,75.6
5/3/2024,6:15,74.4
5/3/2024,6:30,55.2
5/3/2024,6:45,55.2
5/3/2024,7:00,57.6
5/3/2024,7:15,70.8
5/3/2024,7:30,734.4
5/3/2024,7:45,1062
5/3/2024,8:00,960
5/3/2024,8:15,1144.8
5/3/2024,8:30,1134
5/3/2024,8:45,1071.6
5/3/2024,9:00,1074
5/3/2024,9:15,1214.4
5/3/2024,9:30,1074
5/3/2024,9:45,1280.4
5/3/2024,10:00,1275.6
5/3/2024,10:15,1246.8
5/3/2024,10:30,1213.2
5/3/2024,10:45,1100.4
5/3/2024,11:00,1044
5/3/2024,11:15,528
5/3/2024,11:30,258
5/3/2024,11:45,252
5/3/2024,12:00,786
5/3/2024,12:15,836.4
5/3/2024,12:30,895.2
5/3/2024,12:45,999.6
5/3/2024,13:00,1040.4
5/3/2024,13:15,1035.6
5/3/2024,13:30,1078.8
5/3/2024,13:45,1268.4
5/3/2024,14:00,1158
5/3/2024,14:15,1093.2
5/3/2024,14:30,1201.2
5/3/2024,14:45,1086
5/3/2024,15:00,932.4
5/3/2024,15:15,1006.8
5/3/2024,15:30,855.6
5/3/2024,15:45,1281.6
5/3/2024,16:00,1328.4
5/3/2024,16:15,1059.6
5/3/2024,16:30,1081.2
5/3/2024,16:45,1016.4
5/3/2024,17:00,1189.2
5/3/2024,17:15,1008
5/3/2024,17:30,1063.2
5/3/2024,17:45,780
5/3/2024,18:00,489.6
5/3/2024,18:15,198
5/3/2024,18:30,181.2
5/3/2024,18:45,171.6
5/3/2024,19:00,172.8
5/3/2024,19:15,171.6
5/3/2024,19:30,195.6
5/3/2024,19:45,92.4
5/3/2024,20:00,96
5/3/2024,20:15,99.6
5/3/2024,20:30,93.6
5/3/2024,20:45,96
5/3/2024,21:00,94.8
5/3/2024,21:15,115.2
5/3/2024,21:30,94.8
5/3/2024,21:45,91.2
5/3/2024,22:00,94.8
5/3/2024,22:15,98.4
5/3/2024,22:30,88.8
5/3/2024,22:45,94.8
5/3/2024,23:00,85.2
5/3/2024,23:15,97.2
5/3/2024,23:30,91.2
5/3/2024,23:45,90
5/4/2024,0:00,88.8
5/4/2024,0:15,100.8
5/4/2024,0:30,88.8
5/4/2024,0:45,85.2
5/4/2024,1:00,91.2
5/4/2024,1:15,94.8
5/4/2024,1:30,84
5/4/2024,1:45,86.4
5/4/2024,2:00,87.6
5/4/2024,2:15,96
5/4/2024,2:30,99.6
5/4/2024,2:45,88.8
5/4/2024,3:00,90
5/4/2024,3:15,98.4
5/4/2024,3:30,97.2
5/4/2024,3:45,91.2
5/4/2024,4:00,100.8
5/4/2024,4:15,97.2
5/4/2024,4:30,98.4
5/4/2024,4:45,91.2
5/4/2024,5:00,91.2
5/4/2024,5:15,100.8
5/4/2024,5:30,103.2
5/4/2024,5:45,91.2
5/4/2024,6:00,82.8
5/4/2024,6:15,91.2
5/4/2024,6:30,88.8
5/4/2024,6:45,76.8
5/4/2024,7:00,304.8
5/4/2024,7:15,303.6
5/4/2024,7:30,782.4
5/4/2024,7:45,1476
5/4/2024,8:00,1536
5/4/2024,8:15,1471.2
5/4/2024,8:30,1440
5/4/2024,8:45,1138.8
5/4/2024,9:00,1285.2
5/4/2024,9:15,1281.6
5/4/2024,9:30,1358.4
5/4/2024,9:45,1281.6
5/4/2024,10:00,1300.8
5/4/2024,10:15,1219.2
5/4/2024,10:30,1273.2
5/4/2024,10:45,1321.2
5/4/2024,11:00,1477.2
5/4/2024,11:15,939.6
5/4/2024,11:30,568.8
5/4/2024,11:45,358.8
5/4/2024,12:00,680.4
5/4/2024,12:15,1240.8
5/4/2024,12:30,1431.6
5/4/2024,12:45,1448.4
5/4/2024,13:00,1387.2
5/4/2024,13:15,1220.4
5/4/2024,13:30,1423.2
5/4/2024,13:45,1435.2
5/4/2024,14:00,1299.6
5/4/2024,14:15,1374
5/4/2024,14:30,1498.8
5/4/2024,14:45,1191.6
5/4/2024,15:00,1381.2
5/4/2024,15:15,1393.2
5/4/2024,15:30,1280.4
5/4/2024,15:45,1405.2
5/4/2024,16:00,1537.2
5/4/2024,16:15,1428
5/4/2024,16:30,1303.2
5/4/2024,16:45,1552.8
5/4/2024,17:00,1082.4
5/4/2024,17:15,1011.6
5/4/2024,17:30,982.8
5/4/2024,17:45,1046.4
5/4/2024,18:00,342
5/4/2024,18:15,324
5/4/2024,18:30,320.4
5/4/2024,18:45,306
5/4/2024,19:00,267.6
5/4/2024,19:15,289.2
5/4/2024,19:30,240
5/4/2024,19:45,258
5/4/2024,20:00,254.4
5/4/2024,20:15,259.2
5/4/2024,20:30,298.8
5/4/2024,20:45,282
5/4/2024,21:00,406.8
5/4/2024,21:15,423.6
5/4/2024,21:30,444
5/4/2024,21:45,471.6
5/4/2024,22:00,483.6
5/4/2024,22:15,493.2
5/4/2024,22:30,500.4
5/4/2024,22:45,498
5/4/2024,23:00,499.2
5/4/2024,23:15,333.6
5/4/2024,23:30,321.6
5/4/2024,23:45,306
5/5/2024,0:00,320.4
5/5/2024,0:15,315.6
5/5/2024,0:30,334.8
5/5/2024,0:45,387.6
5/5/2024,1:00,342
5/5/2024,1:15,337.2
5/5/2024,1:30,790.8
5/5/2024,1:45,823.2
5/5/2024,2:00,315.6
5/5/2024,2:15,346.8
5/5/2024,2:30,390
5/5/2024,2:45,340.8
5/5/2024,3:00,339.6
5/5/2024,3:15,338.4
5/5/2024,3:30,343.2
5/5/2024,3:45,350.4
5/5/2024,4:00,331.2
5/5/2024,4:15,316.8
5/5/2024,4:30,328.8
5/5/2024,4:45,340.8
5/5/2024,5:00,327.6
5/5/2024,5:15,333.6
5/5/2024,5:30,866.4
5/5/2024,5:45,1147.2
5/5/2024,6:00,1312.8
5/5/2024,6:15,1468.8
5/5/2024,6:30,1738.8
5/5/2024,6:45,1869.6
5/5/2024,7:00,2107.2
5/5/2024,7:15,2389.2
5/5/2024,7:30,3380.4
5/5/2024,7:45,3741.6
5/5/2024,8:00,4492.8
5/5/2024,8:15,3369.6
5/5/2024,8:30,4465.2
5/5/2024,8:45,4210.8
5/5/2024,9:00,4436.4
5/5/2024,9:15,4428
5/5/2024,9:30,4501.2
5/5/2024,9:45,3854.4
5/5/2024,10:00,4663.2
5/5/2024,10:15,4560
5/5/2024,10:30,3463.2
5/5/2024,10:45,3568.8
5/5/2024,11:00,3189.6
5/5/2024,11:15,3430.8
5/5/2024,11:30,3583.2
5/5/2024,11:45,3650.4
5/5/2024,12:00,4148.4
5/5/2024,12:15,4515.6
5/5/2024,12:30,4603.2
5/5/2024,12:45,3645.6
5/5/2024,13:00,4392
5/5/2024,13:15,4474.8
5/5/2024,13:30,4414.8
5/5/2024,13:45,3822
5/5/2024,14:00,4495.2
5/5/2024,14:15,4416
5/5/2024,14:30,4006.8
5/5/2024,14:45,3501.6
5/5/2024,15:00,4552.8
5/5/2024,15:15,3394.8
5/5/2024,15:30,3872.4
5/5/2024,15:45,4458
5/5/2024,16:00,4413.6
5/5/2024,16:15,3601.2
5/5/2024,16:30,4742.4
5/5/2024,16:45,3469.2
5/5/2024,17:00,3542.4
5/5/2024,17:15,4017.6
5/5/2024,17:30,4575.6
5/5/2024,17:45,4539.6
5/5/2024,18:00,3907.2
5/5/2024,18:15,3438
5/5/2024,18:30,3382.8
5/5/2024,18:45,3046.8
5/5/2024,19:00,3529.2
5/5/2024,19:15,3442.8
5/5/2024,19:30,2977.2
5/5/2024,19:45,3476.4
5/5/2024,20:00,3393.6
5/5/2024,20:15,3392.4
5/5/2024,20:30,2587.2
5/5/2024,20:45,2554.8
5/5/2024,21:00,2540.4
5/5/2024,21:15,3469.2
5/5/2024,21:30,3504
5/5/2024,21:45,3007.2
5/5/2024,22:00,3403.2
5/5/2024,22:15,3392.4
5/5/2024,22:30,2588.4
5/5/2024,22:45,3451.2
5/5/2024,23:00,3486
5/5/2024,23:15,3388.8
5/5/2024,23:30,3367.2
5/5/2024,23:45,3447.6
5/6/2024,0:00,3478.8
5/6/2024,0:15,3493.2
5/6/2024,0:30,3412.8
5/6/2024,0:45,3098.4
5/6/2024,1:00,3500.4
5/6/2024,1:15,3435.6
5/6/2024,1:30,3340.8
5/6/2024,1:45,3374.4
5/6/2024,2:00,3486
5/6/2024,2:15,2575.2
5/6/2024,2:30,3348
5/6/2024,2:45,3337.2
5/6/2024,3:00,2590.8
5/6/2024,3:15,3445.2
5/6/2024,3:30,3442.8
5/6/2024,3:45,3366
5/6/2024,4:00,2925.6
5/6/2024,4:15,3357.6
5/6/2024,4:30,3397.2
5/6/2024,4:45,3438
5/6/2024,5:00,3104.4
5/6/2024,5:15,1975.2
5/6/2024,5:30,2709.6
5/6/2024,5:45,2907.6
5/6/2024,6:00,2793.6
5/6/2024,6:15,2440.8
5/6/2024,6:30,2865.6
5/6/2024,6:45,2439.6
5/6/2024,7:00,2068.8
5/6/2024,7:15,2316
5/6/2024,7:30,3028.8
5/6/2024,7:45,3402
5/6/2024,8:00,3349.2
5/6/2024,8:15,3348
5/6/2024,8:30,3762
5/6/2024,8:45,4844.4
5/6/2024,9:00,4578
5/6/2024,9:15,4516.8
5/6/2024,9:30,4604.4
5/6/2024,9:45,4407.6
5/6/2024,10:00,4693.2
5/6/2024,10:15,4388.4
5/6/2024,10:30,3574.8
5/6/2024,10:45,3544.8
5/6/2024,11:00,4371.6
5/6/2024,11:15,3765.6
5/6/2024,11:30,2732.4
5/6/2024,11:45,3561.6
5/6/2024,12:00,4119.6
5/6/2024,12:15,4135.2
5/6/2024,12:30,4320
5/6/2024,12:45,4308
5/6/2024,13:00,4208.4
5/6/2024,13:15,4334.4
5/6/2024,13:30,4328.4
5/6/2024,13:45,4390.8
5/6/2024,14:00,4369.2
5/6/2024,14:15,3746.4
5/6/2024,14:30,4173.6
5/6/2024,14:45,3376.8
5/6/2024,15:00,4238.4
5/6/2024,15:15,4432.8
5/6/2024,15:30,3954
5/6/2024,15:45,3480
5/6/2024,16:00,3349.2
5/6/2024,16:15,4495.2
5/6/2024,16:30,4258.8
5/6/2024,16:45,4191.6
5/6/2024,17:00,4173.6
5/6/2024,17:15,4447.2
5/6/2024,17:30,4430.4
5/6/2024,17:45,4203.6
5/6/2024,18:00,4491.6
5/6/2024,18:15,4783.2
5/6/2024,18:30,4723.2
5/6/2024,18:45,3484.8
5/6/2024,19:00,2910
5/6/2024,19:15,2808
5/6/2024,19:30,2161.2
5/6/2024,19:45,2666.4
5/6/2024,20:00,2739.6
5/6/2024,20:15,2702.4
5/6/2024,20:30,1216.8
5/6/2024,20:45,942
5/6/2024,21:00,836.4
5/6/2024,21:15,799.2
5/6/2024,21:30,844.8
5/6/2024,21:45,808.8
5/6/2024,22:00,802.8
5/6/2024,22:15,735.6
5/6/2024,22:30,742.8
5/6/2024,22:45,739.2
5/6/2024,23:00,1221.6
5/6/2024,23:15,1792.8
5/6/2024,23:30,2526
5/6/2024,23:45,2197.2
5/7/2024,0:00,2361.6
5/7/2024,0:15,2331.6
5/7/2024,0:30,2311.2
5/7/2024,0:45,2350.8
5/7/2024,1:00,2689.2
5/7/2024,1:15,2187.6
5/7/2024,1:30,3351.6
5/7/2024,1:45,3403.2
5/7/2024,2:00,2482.8
5/7/2024,2:15,2301.6
5/7/2024,2:30,2559.6
5/7/2024,2:45,3332.4
5/7/2024,3:00,3392.4
5/7/2024,3:15,3427.2
5/7/2024,3:30,2526
5/7/2024,3:45,3320.4
5/7/2024,4:00,3502.8
5/7/2024,4:15,3342
5/7/2024,4:30,3405.6
5/7/2024,4:45,3362.4
5/7/2024,5:00,3432
5/7/2024,5:15,2932.8
5/7/2024,5:30,3400.8
5/7/2024,5:45,3042
5/7/2024,6:00,3376.8
5/7/2024,6:15,3444
5/7/2024,6:30,3370.8
5/7/2024,6:45,3314.4
5/7/2024,7:00,3559.2
5/7/2024,7:15,3540
5/7/2024,7:30,3969.6
5/7/2024,7:45,4531.2
5/7/2024,8:00,3402
5/7/2024,8:15,3271.2
5/7/2024,8:30,3507.6
5/7/2024,8:45,3456
5/7/2024,9:00,4143.6
5/7/2024,9:15,4605.6
5/7/2024,9:30,4471.2
5/7/2024,9:45,5137.2
5/7/2024,10:00,5022
5/7/2024,10:15,4819.2
5/7/2024,10:30,4310.4
5/7/2024,10:45,4819.2
5/7/2024,11:00,4711.2
5/7/2024,11:15,4280.4
5/7/2024,11:30,3750
5/7/2024,11:45,3534
5/7/2024,12:00,3986.4
5/7/2024,12:15,4134
5/7/2024,12:30,4930.8
5/7/2024,12:45,4494
5/7/2024,13:00,4735.2
5/7/2024,13:15,4646.4
5/7/2024,13:30,3817.2
5/7/2024,13:45,4711.2
5/7/2024,14:00,4261.2
5/7/2024,14:15,4545.6
5/7/2024,14:30,4615.2
5/7/2024,14:45,3711.6
5/7/2024,15:00,4665.6
5/7/2024,15:15,4182
5/7/2024,15:30,5055.6
5/7/2024,15:45,4834.8
5/7/2024,16:00,4473.6
5/7/2024,16:15,4734
5/7/2024,16:30,3825.6
5/7/2024,16:45,4818
5/7/2024,17:00,3978
5/7/2024,17:15,4642.8
5/7/2024,17:30,4544.4
5/7/2024,17:45,4498.8
5/7/2024,18:00,3961.2
5/7/2024,18:15,4620
5/7/2024,18:30,4470
5/7/2024,18:45,4953.6
5/7/2024,19:00,2587.2
5/7/2024,19:15,3034.8
5/7/2024,19:30,2881.2
5/7/2024,19:45,2724
5/7/2024,20:00,2455.2
5/7/2024,20:15,2853.6
5/7/2024,20:30,2679.6
5/7/2024,20:45,2785.2
5/7/2024,21:00,2300.4
5/7/2024,21:15,2523.6
5/7/2024,21:30,2060.4
5/7/2024,21:45,2262
5/7/2024,22:00,2239.2
5/7/2024,22:15,2306.4
5/7/2024,22:30,2326.8
5/7/2024,22:45,3358.8
5/7/2024,23:00,3338.4
5/7/2024,23:15,3405.6
5/7/2024,23:30,2496
5/7/2024,23:45,3439.2
5/8/2024,0:00,2498.4
5/8/2024,0:15,3589.2
5/8/2024,0:30,3398.4
5/8/2024,0:45,3402
5/8/2024,1:00,2564.4
5/8/2024,1:15,3362.4
5/8/2024,1:30,2558.4
5/8/2024,1:45,3390
5/8/2024,2:00,3361.2
5/8/2024,2:15,3398.4
5/8/2024,2:30,3415.2
5/8/2024,2:45,3304.8
5/8/2024,3:00,3360
5/8/2024,3:15,2803.2
5/8/2024,3:30,3469.2
5/8/2024,3:45,3406.8
5/8/2024,4:00,3399.6
5/8/2024,4:15,3429.6
5/8/2024,4:30,3422.4
5/8/2024,4:45,3366
5/8/2024,5:00,2470.8
5/8/2024,5:15,3397.2
5/8/2024,5:30,3321.6
5/8/2024,5:45,3438
5/8/2024,6:00,3418.8
5/8/2024,6:15,3396
5/8/2024,6:30,3453.6
5/8/2024,6:45,3478.8
5/8/2024,7:00,3468
5/8/2024,7:15,3607.2
5/8/2024,7:30,4312.8
5/8/2024,7:45,4822.8
5/8/2024,8:00,4818
5/8/2024,8:15,3894
5/8/2024,8:30,3985.2
5/8/2024,8:45,3648
5/8/2024,9:00,3784.8
5/8/2024,9:15,3874.8
5/8/2024,9:30,4075.2
5/8/2024,9:45,3883.2
5/8/2024,10:00,3896.4
5/8/2024,10:15,4851.6
5/8/2024,10:30,4693.2
5/8/2024,10:45,4704
5/8/2024,11:00,5012.4
5/8/2024,11:15,4125.6
5/8/2024,11:30,3884.4
5/8/2024,11:45,2695.2
5/8/2024,12:00,3920.4
5/8/2024,12:15,4612.8
5/8/2024,12:30,4476
5/8/2024,12:45,4825.2
5/8/2024,13:00,4843.2
5/8/2024,13:15,5020.8
5/8/2024,13:30,4581.6
5/8/2024,13:45,4324.8
5/8/2024,14:00,4628.4
5/8/2024,14:15,4381.2
5/8/2024,14:30,4526.4
5/8/2024,14:45,4501.2
5/8/2024,15:00,4837.2
5/8/2024,15:15,3669.6
5/8/2024,15:30,4608
5/8/2024,15:45,3974.4
5/8/2024,16:00,4935.6
5/8/2024,16:15,3885.6
5/8/2024,16:30,4690.8
5/8/2024,16:45,4588.8
5/8/2024,17:00,4904.4
5/8/2024,17:15,4736.4
5/8/2024,17:30,3842.4
5/8/2024,17:45,4896
5/8/2024,18:00,4545.6
5/8/2024,18:15,4692
5/8/2024,18:30,4365.6
5/8/2024,18:45,4467.6
5/8/2024,19:00,3560.4
5/8/2024,19:15,3657.6
5/8/2024,19:30,3358.8
5/8/2024,19:45,3338.4
5/8/2024,20:00,2419.2
5/8/2024,20:15,2944.8
5/8/2024,20:30,3417.6
5/8/2024,20:45,3408
5/8/2024,21:00,2916
5/8/2024,21:15,3394.8
5/8/2024,21:30,3476.4
5/8/2024,21:45,3352.8
5/8/2024,22:00,3489.6
5/8/2024,22:15,2218.8
5/8/2024,22:30,2216.4
5/8/2024,22:45,2244
5/8/2024,23:00,2241.6
5/8/2024,23:15,2236.8
5/8/2024,23:30,2185.2
5/8/2024,23:45,2217.6
5/9/2024,0:00,2443.2
5/9/2024,0:15,3343.2
5/9/2024,0:30,3270
5/9/2024,0:45,3446.4
5/9/2024,1:00,3292.8
5/9/2024,1:15,3426
5/9/2024,1:30,3428.4
5/9/2024,1:45,3360
5/9/2024,2:00,2872.8
5/9/2024,2:15,3298.8
5/9/2024,2:30,3470.4
5/9/2024,2:45,3398.4
5/9/2024,3:00,3422.4
5/9/2024,3:15,3278.4
5/9/2024,3:30,3366
5/9/2024,3:45,3382.8
5/9/2024,4:00,3424.8
5/9/2024,4:15,2487.6
5/9/2024,4:30,2522.4
5/9/2024,4:45,2946
5/9/2024,5:00,3482.4
5/9/2024,5:15,3474
5/9/2024,5:30,2763.6
5/9/2024,5:45,3434.4
5/9/2024,6:00,3350.4
5/9/2024,6:15,3408
5/9/2024,6:30,3385.2
5/9/2024,6:45,3381.6
5/9/2024,7:00,3312
5/9/2024,7:15,3660
5/9/2024,7:30,3852
5/9/2024,7:45,3854.4
5/9/2024,8:00,3854.4
5/9/2024,8:15,4618.8
5/9/2024,8:30,4525.2
5/9/2024,8:45,4771.2
5/9/2024,9:00,3732
5/9/2024,9:15,3415.2
5/9/2024,9:30,3764.4
5/9/2024,9:45,4195.2
5/9/2024,10:00,4275.6
5/9/2024,10:15,4003.2
5/9/2024,10:30,4644
5/9/2024,10:45,4884
5/9/2024,11:00,4603.2
5/9/2024,11:15,4321.2
5/9/2024,11:30,3451.2
5/9/2024,11:45,3993.6
5/9/2024,12:00,4123.2
5/9/2024,12:15,4555.2
5/9/2024,12:30,4600.8
5/9/2024,12:45,4693.2
5/9/2024,13:00,4652.4
5/9/2024,13:15,4357.2
5/9/2024,13:30,4701.6
5/9/2024,13:45,4358.4
5/9/2024,14:00,4564.8
5/9/2024,14:15,4636.8
5/9/2024,14:30,4551.6
5/9/2024,14:45,4491.6
5/9/2024,15:00,4572
5/9/2024,15:15,4545.6
5/9/2024,15:30,4690.8
5/9/2024,15:45,4974
5/9/2024,16:00,5073.6
5/9/2024,16:15,4869.6
5/9/2024,16:30,4779.6
5/9/2024,16:45,4873.2
5/9/2024,17:00,5098.8
5/9/2024,17:15,4446
5/9/2024,17:30,4806
5/9/2024,17:45,4557.6
5/9/2024,18:00,4663.2
5/9/2024,18:15,4629.6
5/9/2024,18:30,3867.6
5/9/2024,18:45,3589.2
5/9/2024,19:00,3330
5/9/2024,19:15,2906.4
5/9/2024,19:30,2748
5/9/2024,19:45,2556
5/9/2024,20:00,1390.8
5/9/2024,20:15,966
5/9/2024,20:30,1842
5/9/2024,20:45,597.6
5/9/2024,21:00,678
5/9/2024,21:15,480
5/9/2024,21:30,465.6
5/9/2024,21:45,468
5/9/2024,22:00,516
5/9/2024,22:15,476.4
5/9/2024,22:30,435.6
5/9/2024,22:45,432
5/9/2024,23:00,398.4
5/9/2024,23:15,346.8
5/9/2024,23:30,376.8
5/9/2024,23:45,400.8
5/10/2024,0:00,375.6
5/10/2024,0:15,382.8
5/10/2024,0:30,421.2
5/10/2024,0:45,411.6
5/10/2024,1:00,394.8
5/10/2024,1:15,370.8
5/10/2024,1:30,445.2
5/10/2024,1:45,416.4
5/10/2024,2:00,378
5/10/2024,2:15,387.6
5/10/2024,2:30,423.6
5/10/2024,2:45,396
5/10/2024,3:00,387.6
5/10/2024,3:15,340.8
5/10/2024,3:30,392.4
5/10/2024,3:45,388.8
5/10/2024,4:00,364.8
5/10/2024,4:15,374.4
5/10/2024,4:30,379.2
5/10/2024,4:45,361.2
5/10/2024,5:00,379.2
5/10/2024,5:15,336
5/10/2024,5:30,398.4
5/10/2024,5:45,396
5/10/2024,6:00,360
5/10/2024,6:15,367.2
5/10/2024,6:30,368.4
5/10/2024,6:45,345.6
5/10/2024,7:00,346.8
5/10/2024,7:15,562.8
5/10/2024,7:30,1146
5/10/2024,7:45,1800
5/10/2024,8:00,1604.4
5/10/2024,8:15,1639.2
5/10/2024,8:30,1686
5/10/2024,8:45,1654.8
5/10/2024,9:00,1804.8
5/10/2024,9:15,1580.4
5/10/2024,9:30,1573.2
5/10/2024,9:45,1658.4
5/10/2024,10:00,1778.4
5/10/2024,10:15,1478.4
5/10/2024,10:30,1440
5/10/2024,10:45,1532.4
5/10/2024,11:00,1324.8
5/10/2024,11:15,1158
5/10/2024,11:30,492
5/10/2024,11:45,565.2
5/10/2024,12:00,1112.4
5/10/2024,12:15,1105.2
5/10/2024,12:30,1112.4
5/10/2024,12:45,1077.6
5/10/2024,13:00,1112.4
5/10/2024,13:15,1359.6
5/10/2024,13:30,1720.8
5/10/2024,13:45,1483.2
5/10/2024,14:00,1809.6
5/10/2024,14:15,1678.8
5/10/2024,14:30,1810.8
5/10/2024,14:45,1764
5/10/2024,15:00,1714.8
5/10/2024,15:15,1866
5/10/2024,15:30,1749.6
5/10/2024,15:45,1750.8
5/10/2024,16:00,1693.2
5/10/2024,16:15,1759.2
5/10/2024,16:30,1369.2
5/10/2024,16:45,1720.8
5/10/2024,17:00,1902
5/10/2024,17:15,1850.4
5/10/2024,17:30,1848
5/10/2024,17:45,1334.4
5/10/2024,18:00,1563.6
5/10/2024,18:15,963.6
5/10/2024,18:30,950.4
5/10/2024,18:45,946.8
5/10/2024,19:00,434.4
5/10/2024,19:15,285.6
5/10/2024,19:30,286.8
5/10/2024,19:45,276
5/10/2024,20:00,285.6
5/10/2024,20:15,295.2
5/10/2024,20:30,285.6
5/10/2024,20:45,282
5/10/2024,21:00,273.6
5/10/2024,21:15,303.6
5/10/2024,21:30,284.4
5/10/2024,21:45,284.4
5/10/2024,22:00,279.6
5/10/2024,22:15,285.6
5/10/2024,22:30,314.4
5/10/2024,22:45,282
5/10/2024,23:00,268.8
5/10/2024,23:15,289.2
5/10/2024,23:30,286.8
5/10/2024,23:45,350.4
5/11/2024,0:00,280.8
5/11/2024,0:15,276
5/11/2024,0:30,280.8
5/11/2024,0:45,288
5/11/2024,1:00,291.6
5/11/2024,1:15,291.6
5/11/2024,1:30,277.2
5/11/2024,1:45,288
5/11/2024,2:00,268.8
5/11/2024,2:15,262.8
5/11/2024,2:30,338.4
5/11/2024,2:45,278.4
5/11/2024,3:00,284.4
5/11/2024,3:15,274.8
5/11/2024,3:30,288
5/11/2024,3:45,283.2
5/11/2024,4:00,282
5/11/2024,4:15,279.6
5/11/2024,4:30,286.8
5/11/2024,4:45,284.4
5/11/2024,5:00,288
5/11/2024,5:15,284.4
5/11/2024,5:30,298.8
5/11/2024,5:45,309.6
5/11/2024,6:00,291.6
5/11/2024,6:15,284.4
5/11/2024,6:30,304.8
5/11/2024,6:45,502.8
5/11/2024,7:00,504
5/11/2024,7:15,508.8
5/11/2024,7:30,1208.4
5/11/2024,7:45,1334.4
5/11/2024,8:00,1376.4
5/11/2024,8:15,1796.4
5/11/2024,8:30,1621.2
5/11/2024,8:45,1641.6
5/11/2024,9:00,1934.4
5/11/2024,9:15,1648.8
5/11/2024,9:30,1646.4
5/11/2024,9:45,1555.2
5/11/2024,10:00,1597.2
5/11/2024,10:15,1425.6
5/11/2024,10:30,1628.4
5/11/2024,10:45,1382.4
5/11/2024,11:00,1564.8
5/11/2024,11:15,723.6
5/11/2024,11:30,430.8
5/11/2024,11:45,505.2
5/11/2024,12:00,966
5/11/2024,12:15,1063.2
5/11/2024,12:30,1378.8
5/11/2024,12:45,1477.2
5/11/2024,13:00,1633.2
5/11/2024,13:15,1404
5/11/2024,13:30,1640.4
5/11/2024,13:45,1585.2
5/11/2024,14:00,1486.8
5/11/2024,14:15,1587.6
5/11/2024,14:30,1491.6
5/11/2024,14:45,1572
5/11/2024,15:00,1611.6
5/11/2024,15:15,1642.8
5/11/2024,15:30,1899.6
5/11/2024,15:45,1945.2
5/11/2024,16:00,1608
5/11/2024,16:15,1230
5/11/2024,16:30,1662
5/11/2024,16:45,1573.2
5/11/2024,17:00,1608
5/11/2024,17:15,1512
5/11/2024,17:30,1456.8
5/11/2024,17:45,1662
5/11/2024,18:00,1250.4
5/11/2024,18:15,986.4
5/11/2024,18:30,788.4
5/11/2024,18:45,958.8
5/11/2024,19:00,751.2
5/11/2024,19:15,430.8
5/11/2024,19:30,361.2
5/11/2024,19:45,319.2
5/11/2024,20:00,331.2
5/11/2024,20:15,301.2
5/11/2024,20:30,322.8
5/11/2024,20:45,278.4
5/11/2024,21:00,300
5/11/2024,21:15,295.2
5/11/2024,21:30,301.2
5/11/2024,21:45,291.6
5/11/2024,22:00,318
5/11/2024,22:15,321.6
5/11/2024,22:30,318
5/11/2024,22:45,330
5/11/2024,23:00,294
5/11/2024,23:15,292.8
5/11/2024,23:30,304.8
5/11/2024,23:45,316.8
5/12/2024,0:00,308.4
5/12/2024,0:15,316.8
5/12/2024,0:30,310.8
5/12/2024,0:45,324
5/12/2024,1:00,314.4
5/12/2024,1:15,310.8
5/12/2024,1:30,297.6
5/12/2024,1:45,310.8
5/12/2024,2:00,386.4
5/12/2024,2:15,370.8
5/12/2024,2:30,409.2
5/12/2024,2:45,394.8
5/12/2024,3:00,379.2
5/12/2024,3:15,742.8
5/12/2024,3:30,301.2
5/12/2024,3:45,306
5/12/2024,4:00,759.6
5/12/2024,4:15,297.6
5/12/2024,4:30,286.8
5/12/2024,4:45,286.8
5/12/2024,5:00,292.8
5/12/2024,5:15,279.6
5/12/2024,5:30,274.8
5/12/2024,5:45,284.4
5/12/2024,6:00,288
5/12/2024,6:15,282
5/12/2024,6:30,284.4
5/12/2024,6:45,283.2
5/12/2024,7:00,528
5/12/2024,7:15,498
5/12/2024,7:30,987.6
5/12/2024,7:45,1425.6
5/12/2024,8:00,1797.6
5/12/2024,8:15,1890
5/12/2024,8:30,1645.2
5/12/2024,8:45,1650
5/12/2024,9:00,1684.8
5/12/2024,9:15,1484.4
5/12/2024,9:30,1596
5/12/2024,9:45,1614
5/12/2024,10:00,1610.4
5/12/2024,10:15,1467.6
5/12/2024,10:30,1933.2
5/12/2024,10:45,1549.2
5/12/2024,11:00,1716
5/12/2024,11:15,1456.8
5/12/2024,11:30,553.2
5/12/2024,11:45,618
5/12/2024,12:00,1114.8
5/12/2024,12:15,1432.8
5/12/2024,12:30,1606.8
5/12/2024,12:45,1771.2
5/12/2024,13:00,1858.8
5/12/2024,13:15,1502.4
5/12/2024,13:30,1786.8
5/12/2024,13:45,1789.2
5/12/2024,14:00,1872
5/12/2024,14:15,1724.4
5/12/2024,14:30,1834.8
5/12/2024,14:45,1935.6
5/12/2024,15:00,1422
5/12/2024,15:15,1795.2
5/12/2024,15:30,1789.2
5/12/2024,15:45,1840.8
5/12/2024,16:00,1370.4
5/12/2024,16:15,1714.8
5/12/2024,16:30,1543.2
5/12/2024,16:45,1338
5/12/2024,17:00,1665.6
5/12/2024,17:15,2179.2
5/12/2024,17:30,2577.6
5/12/2024,17:45,2608.8
5/12/2024,18:00,2803.2
5/12/2024,18:15,2853.6
5/12/2024,18:30,2253.6
5/12/2024,18:45,2700
5/12/2024,19:00,2684.4
5/12/2024,19:15,2336.4
5/12/2024,19:30,2661.6
5/12/2024,19:45,2714.4
5/12/2024,20:00,3259.2
5/12/2024,20:15,3381.6
5/12/2024,20:30,3343.2
5/12/2024,20:45,2610
5/12/2024,21:00,3446.4
5/12/2024,21:15,2599.2
5/12/2024,21:30,3488.4
5/12/2024,21:45,3490.8
5/12/2024,22:00,3423.6
5/12/2024,22:15,2594.4
5/12/2024,22:30,3088.8
5/12/2024,22:45,2650.8
5/12/2024,23:00,3382.8
5/12/2024,23:15,3404.4
5/12/2024,23:30,3397.2
5/12/2024,23:45,2474.4
5/13/2024,0:00,3380.4
5/13/2024,0:15,3340.8
5/13/2024,0:30,3447.6
5/13/2024,0:45,3387.6
5/13/2024,1:00,3385.2
5/13/2024,1:15,3372
5/13/2024,1:30,3415.2
5/13/2024,1:45,3430.8
5/13/2024,2:00,3424.8
5/13/2024,2:15,2502
5/13/2024,2:30,3388.8
5/13/2024,2:45,3436.8
5/13/2024,3:00,3465.6
5/13/2024,3:15,3394.8
5/13/2024,3:30,3394.8
5/13/2024,3:45,3422.4
5/13/2024,4:00,3327.6
5/13/2024,4:15,3435.6
5/13/2024,4:30,2919.6
5/13/2024,4:45,3444
5/13/2024,5:00,3438
5/13/2024,5:15,2395.2
5/13/2024,5:30,1174.8
5/13/2024,5:45,649.2
5/13/2024,6:00,636
5/13/2024,6:15,639.6
5/13/2024,6:30,626.4
5/13/2024,6:45,624
5/13/2024,7:00,1989.6
5/13/2024,7:15,2527.2
5/13/2024,7:30,2629.2
5/13/2024,7:45,3088.8
5/13/2024,8:00,3238.8
5/13/2024,8:15,3472.8
5/13/2024,8:30,3388.8
5/13/2024,8:45,3315.6
5/13/2024,9:00,3229.2
5/13/2024,9:15,4075.2
5/13/2024,9:30,4557.6
5/13/2024,9:45,4146
5/13/2024,10:00,3858
5/13/2024,10:15,3534
5/13/2024,10:30,4688.4
5/13/2024,10:45,4998
5/13/2024,11:00,4999.2
5/13/2024,11:15,4320
5/13/2024,11:30,3735.6
5/13/2024,11:45,3801.6
5/13/2024,12:00,4038
5/13/2024,12:15,3190.8
5/13/2024,12:30,4394.4
5/13/2024,12:45,3745.2
5/13/2024,13:00,4610.4
5/13/2024,13:15,4711.2
5/13/2024,13:30,5024.4
5/13/2024,13:45,5163.6
5/13/2024,14:00,4743.6
5/13/2024,14:15,4900.8
5/13/2024,14:30,4480.8
5/13/2024,14:45,5002.8
5/13/2024,15:00,5017.2
5/13/2024,15:15,4926
5/13/2024,15:30,4782
5/13/2024,15:45,5179.2
5/13/2024,16:00,5221.2
5/13/2024,16:15,4802.4
5/13/2024,16:30,4971.6
5/13/2024,16:45,4957.2
5/13/2024,17:00,4915.2
5/13/2024,17:15,5125.2
5/13/2024,17:30,5072.4
5/13/2024,17:45,4885.2
5/13/2024,18:00,5202
5/13/2024,18:15,5043.6
5/13/2024,18:30,4918.8
5/13/2024,18:45,4602
5/13/2024,19:00,4388.4
5/13/2024,19:15,3976.8
5/13/2024,19:30,3493.2
5/13/2024,19:45,3078
5/13/2024,20:00,3540
5/13/2024,20:15,3518.4
5/13/2024,20:30,3061.2
5/13/2024,20:45,2392.8
5/13/2024,21:00,2355.6
5/13/2024,21:15,2340
5/13/2024,21:30,2385.6
5/13/2024,21:45,2463.6
5/13/2024,22:00,2934
5/13/2024,22:15,2612.4
5/13/2024,22:30,2962.8
5/13/2024,22:45,2500.8
5/13/2024,23:00,3489.6
5/13/2024,23:15,3477.6
5/13/2024,23:30,3457.2
5/13/2024,23:45,3457.2
5/14/2024,0:00,3510
5/14/2024,0:15,3484.8
5/14/2024,0:30,3475.2
5/14/2024,0:45,3421.2
5/14/2024,1:00,2611.2
5/14/2024,1:15,3452.4
5/14/2024,1:30,3417.6
5/14/2024,1:45,3504
5/14/2024,2:00,3516
5/14/2024,2:15,3445.2
5/14/2024,2:30,3436.8
5/14/2024,2:45,3418.8
5/14/2024,3:00,3342
5/14/2024,3:15,2541.6
5/14/2024,3:30,3452.4
5/14/2024,3:45,3409.2
5/14/2024,4:00,3410.4
5/14/2024,4:15,3464.4
5/14/2024,4:30,3507.6
5/14/2024,4:45,3420
5/14/2024,5:00,3459.6
5/14/2024,5:15,3442.8
5/14/2024,5:30,2583.6
5/14/2024,5:45,3421.2
5/14/2024,6:00,3368.4
5/14/2024,6:15,3507.6
5/14/2024,6:30,2577.6
5/14/2024,6:45,3451.2
5/14/2024,7:00,3496.8
5/14/2024,7:15,2540.4
5/14/2024,7:30,4216.8
5/14/2024,7:45,4288.8
5/14/2024,8:00,3326.4
5/14/2024,8:15,3495.6
5/14/2024,8:30,4563.6
5/14/2024,8:45,4720.8
5/14/2024,9:00,4826.4
5/14/2024,9:15,4888.8
5/14/2024,9:30,4026
5/14/2024,9:45,4026
5/14/2024,10:00,5020.8
5/14/2024,10:15,5266.8
5/14/2024,10:30,4659.6
5/14/2024,10:45,4126.8
5/14/2024,11:00,2913.6
5/14/2024,11:15,1564.8
5/14/2024,11:30,1015.2
5/14/2024,11:45,1095.6
5/14/2024,12:00,1666.8
5/14/2024,12:15,1332
5/14/2024,12:30,2973.6
5/14/2024,12:45,3260.4
5/14/2024,13:00,3728.4
5/14/2024,13:15,3524.4
5/14/2024,13:30,3811.2
5/14/2024,13:45,3886.8
5/14/2024,14:00,4680
5/14/2024,14:15,5036.4
5/14/2024,14:30,4591.2
5/14/2024,14:45,4813.2
5/14/2024,15:00,4480.8
5/14/2024,15:15,4564.8
5/14/2024,15:30,4677.6
5/14/2024,15:45,4075.2
5/14/2024,16:00,3624
5/14/2024,16:15,4144.8
5/14/2024,16:30,4978.8
5/14/2024,16:45,4848
5/14/2024,17:00,5038.8
5/14/2024,17:15,4843.2
5/14/2024,17:30,5127.6
5/14/2024,17:45,4940.4
5/14/2024,18:00,4862.4
5/14/2024,18:15,4782
5/14/2024,18:30,3898.8
5/14/2024,18:45,4591.2
5/14/2024,19:00,4245.6
5/14/2024,19:15,4136.4
5/14/2024,19:30,3610.8
5/14/2024,19:45,3550.8
5/14/2024,20:00,2424
5/14/2024,20:15,2292
5/14/2024,20:30,2841.6
5/14/2024,20:45,3483.6
5/14/2024,21:00,3469.2
5/14/2024,21:15,3058.8
5/14/2024,21:30,3428.4
5/14/2024,21:45,3506.4
5/14/2024,22:00,3438
5/14/2024,22:15,3487.2
5/14/2024,22:30,3537.6
5/14/2024,22:45,2553.6
5/14/2024,23:00,2610
5/14/2024,23:15,3394.8
5/14/2024,23:30,3349.2
5/14/2024,23:45,3478.8
5/15/2024,0:00,3464.4
5/15/2024,0:15,3477.6
5/15/2024,0:30,3559.2
5/15/2024,0:45,3472.8
5/15/2024,1:00,3478.8
5/15/2024,1:15,2560.8
5/15/2024,1:30,3484.8
5/15/2024,1:45,3505.2
5/15/2024,2:00,3453.6
5/15/2024,2:15,2618.4
5/15/2024,2:30,3495.6
5/15/2024,2:45,3496.8
5/15/2024,3:00,3399.6
5/15/2024,3:15,3360
5/15/2024,3:30,2546.4
5/15/2024,3:45,3370.8
5/15/2024,4:00,2498.4
5/15/2024,4:15,3295.2
5/15/2024,4:30,2535.6
5/15/2024,4:45,2970
5/15/2024,5:00,3424.8
5/15/2024,5:15,3481.2
5/15/2024,5:30,3393.6
5/15/2024,5:45,2481.6
5/15/2024,6:00,2482.8
5/15/2024,6:15,3382.8
5/15/2024,6:30,2947.2
5/15/2024,6:45,3367.2
5/15/2024,7:00,3374.4
5/15/2024,7:15,3642
5/15/2024,7:30,3873.6
5/15/2024,7:45,4798.8
5/15/2024,8:00,4812
5/15/2024,8:15,4732.8
5/15/2024,8:30,4538.4
5/15/2024,8:45,4620
5/15/2024,9:00,4524
5/15/2024,9:15,4623.6
5/15/2024,9:30,4512
5/15/2024,9:45,4680
5/15/2024,10:00,4689.6
5/15/2024,10:15,3673.2
5/15/2024,10:30,4599.6
5/15/2024,10:45,4704
5/15/2024,11:00,3946.8
5/15/2024,11:15,3886.8
5/15/2024,11:30,3679.2
5/15/2024,11:45,3778.8
5/15/2024,12:00,3582
5/15/2024,12:15,3571.2
5/15/2024,12:30,3285.6
5/15/2024,12:45,3429.6
5/15/2024,13:00,3775.2
5/15/2024,13:15,4609.2
5/15/2024,13:30,4672.8
5/15/2024,13:45,4690.8
5/15/2024,14:00,3880.8
5/15/2024,14:15,5071.2
5/15/2024,14:30,5006.4
5/15/2024,14:45,4507.2
5/15/2024,15:00,4882.8
5/15/2024,15:15,4831.2
5/15/2024,15:30,4957.2
5/15/2024,15:45,4849.2
5/15/2024,16:00,4430.4
5/15/2024,16:15,4606.8
5/15/2024,16:30,4698
5/15/2024,16:45,4518
5/15/2024,17:00,4377.6
5/15/2024,17:15,4797.6
5/15/2024,17:30,4524
5/15/2024,17:45,4524
5/15/2024,18:00,4668
5/15/2024,18:15,4322.4
5/15/2024,18:30,4274.4
5/15/2024,18:45,4521.6
5/15/2024,19:00,4435.2
5/15/2024,19:15,4071.6
5/15/2024,19:30,3126
5/15/2024,19:45,3548.4
5/15/2024,20:00,3448.8
5/15/2024,20:15,3501.6
5/15/2024,20:30,3456
5/15/2024,20:45,2634
5/15/2024,21:00,3414
5/15/2024,21:15,3436.8
5/15/2024,21:30,3426
5/15/2024,21:45,3416.4
5/15/2024,22:00,2581.2
5/15/2024,22:15,3436.8
5/15/2024,22:30,3450
5/15/2024,22:45,3394.8
5/15/2024,23:00,2474.4
5/15/2024,23:15,3408
5/15/2024,23:30,3412.8
5/15/2024,23:45,3408
5/16/2024,0:00,3405.6
5/16/2024,0:15,2550
5/16/2024,0:30,3469.2
5/16/2024,0:45,3442.8
5/16/2024,1:00,3435.6
5/16/2024,1:15,2530.8
5/16/2024,1:30,3414
5/16/2024,1:45,2516.4
5/16/2024,2:00,3340.8
5/16/2024,2:15,3465.6
5/16/2024,2:30,3421.2
5/16/2024,2:45,3380.4
5/16/2024,3:00,3381.6
5/16/2024,3:15,3379.2
5/16/2024,3:30,3266.4
5/16/2024,3:45,3304.8
5/16/2024,4:00,3271.2
5/16/2024,4:15,3248.4
5/16/2024,4:30,3338.4
5/16/2024,4:45,3244.8
5/16/2024,5:00,2416.8
5/16/2024,5:15,2373.6
5/16/2024,5:30,3264
5/16/2024,5:45,3264
5/16/2024,6:00,3256.8
5/16/2024,6:15,3392.4
5/16/2024,6:30,3246
5/16/2024,6:45,3171.6
5/16/2024,7:00,2476.8
5/16/2024,7:15,3451.2
5/16/2024,7:30,3279.6
5/16/2024,7:45,4280.4
5/16/2024,8:00,3692.4
5/16/2024,8:15,4239.6
5/16/2024,8:30,4174.8
5/16/2024,8:45,3477.6
5/16/2024,9:00,4674
5/16/2024,9:15,4110
5/16/2024,9:30,3627.6
5/16/2024,9:45,3759.6
5/16/2024,10:00,3528
5/16/2024,10:15,4426.8
5/16/2024,10:30,3421.2
5/16/2024,10:45,3997.2
5/16/2024,11:00,3987.6
5/16/2024,11:15,4068
5/16/2024,11:30,3538.8
5/16/2024,11:45,3568.8
5/16/2024,12:00,4096.8
5/16/2024,12:15,4104
5/16/2024,12:30,4714.8
5/16/2024,12:45,4461.6
5/16/2024,13:00,3804
5/16/2024,13:15,4641.6
5/16/2024,13:30,4762.8
5/16/2024,13:45,4648.8
5/16/2024,14:00,3840
5/16/2024,14:15,4382.4
5/16/2024,14:30,3362.4
5/16/2024,14:45,4489.2
5/16/2024,15:00,4687.2
5/16/2024,15:15,4734
5/16/2024,15:30,4093.2
5/16/2024,15:45,4531.2
5/16/2024,16:00,4437.6
5/16/2024,16:15,4442.4
5/16/2024,16:30,4651.2
5/16/2024,16:45,4353.6
5/16/2024,17:00,3780
5/16/2024,17:15,4582.8
5/16/2024,17:30,4545.6
5/16/2024,17:45,4540.8
5/16/2024,18:00,3763.2
5/16/2024,18:15,4788
5/16/2024,18:30,4465.2
5/16/2024,18:45,4536
5/16/2024,19:00,3684
5/16/2024,19:15,4351.2
5/16/2024,19:30,4188
5/16/2024,19:45,3555.6
5/16/2024,20:00,3814.8
5/16/2024,20:15,3490.8
5/16/2024,20:30,2949.6
5/16/2024,20:45,2700
5/16/2024,21:00,3715.2
5/16/2024,21:15,3693.6
5/16/2024,21:30,3745.2
5/16/2024,21:45,3711.6
5/16/2024,22:00,3805.2
5/16/2024,22:15,3708
5/16/2024,22:30,3526.8
5/16/2024,22:45,3266.4
5/16/2024,23:00,3400.8
5/16/2024,23:15,3369.6
5/16/2024,23:30,3393.6
5/16/2024,23:45,3430.8
5/17/2024,0:00,2469.6
5/17/2024,0:15,3590.4
5/17/2024,0:30,2755.2
5/17/2024,0:45,3589.2
5/17/2024,1:00,3424.8
5/17/2024,1:15,3062.4
5/17/2024,1:30,3619.2
5/17/2024,1:45,3622.8
5/17/2024,2:00,3640.8
5/17/2024,2:15,3583.2
5/17/2024,2:30,3654
5/17/2024,2:45,2780.4
5/17/2024,3:00,3458.4
5/17/2024,3:15,3705.6
5/17/2024,3:30,3784.8
5/17/2024,3:45,2635.2
5/17/2024,4:00,3739.2
5/17/2024,4:15,3729.6
5/17/2024,4:30,3799.2
5/17/2024,4:45,3694.8
5/17/2024,5:00,3127.2
5/17/2024,5:15,3762
5/17/2024,5:30,2630.4
5/17/2024,5:45,2553.6
5/17/2024,6:00,2595.6
5/17/2024,6:15,3513.6
5/17/2024,6:30,2764.8
5/17/2024,6:45,2636.4
5/17/2024,7:00,3578.4
5/17/2024,7:15,3525.6
5/17/2024,7:30,3045.6
5/17/2024,7:45,4448.4
5/17/2024,8:00,4330.8
5/17/2024,8:15,4736.4
5/17/2024,8:30,4684.8
5/17/2024,8:45,4543.2
5/17/2024,9:00,4698
5/17/2024,9:15,3870
5/17/2024,9:30,4320
5/17/2024,9:45,4532.4
5/17/2024,10:00,4521.6
5/17/2024,10:15,3388.8
5/17/2024,10:30,4446
5/17/2024,10:45,4628.4
5/17/2024,11:00,3692.4
5/17/2024,11:15,2858.4
5/17/2024,11:30,2425.2
5/17/2024,11:45,2665.2
5/17/2024,12:00,4160.4
5/17/2024,12:15,4146
5/17/2024,12:30,3648
5/17/2024,12:45,3687.6
5/17/2024,13:00,3481.2
5/17/2024,13:15,3854.4
5/17/2024,13:30,3795.6
5/17/2024,13:45,4698
5/17/2024,14:00,4243.2
5/17/2024,14:15,4627.2
5/17/2024,14:30,3596.4
5/17/2024,14:45,4441.2
5/17/2024,15:00,4384.8
5/17/2024,15:15,4783.2
5/17/2024,15:30,4682.4
5/17/2024,15:45,3674.4
5/17/2024,16:00,4705.2
5/17/2024,16:15,3673.2
5/17/2024,16:30,4828.8
5/17/2024,16:45,3901.2
5/17/2024,17:00,4425.6
5/17/2024,17:15,3570
5/17/2024,17:30,3712.8
5/17/2024,17:45,4375.2
5/17/2024,18:00,4444.8
5/17/2024,18:15,4387.2
5/17/2024,18:30,3790.8
5/17/2024,18:45,4567.2
5/17/2024,19:00,4465.2
5/17/2024,19:15,3160.8
5/17/2024,19:30,3592.8
5/17/2024,19:45,3457.2
5/17/2024,20:00,3630
5/17/2024,20:15,3597.6
5/17/2024,20:30,2775.6
5/17/2024,20:45,3158.4
5/17/2024,21:00,2677.2
5/17/2024,21:15,3565.2
5/17/2024,21:30,2786.4
5/17/2024,21:45,2796
5/17/2024,22:00,3206.4
5/17/2024,22:15,3195.6
5/17/2024,22:30,3016.8
5/17/2024,22:45,2968.8
5/17/2024,23:00,1580.4
5/17/2024,23:15,2619.6
5/17/2024,23:30,2569.2
5/17/2024,23:45,1635.6
5/18/2024,0:00,1611.6
5/18/2024,0:15,1131.6
5/18/2024,0:30,1274.4
5/18/2024,0:45,1176
5/18/2024,1:00,1080
5/18/2024,1:15,1359.6
5/18/2024,1:30,2109.6
5/18/2024,1:45,2152.8
5/18/2024,2:00,2397.6
5/18/2024,2:15,2257.2
5/18/2024,2:30,2404.8
5/18/2024,2:45,2977.2
5/18/2024,3:00,2882.4
5/18/2024,3:15,3477.6
5/18/2024,3:30,3601.2
5/18/2024,3:45,3409.2
5/18/2024,4:00,3654
5/18/2024,4:15,3739.2
5/18/2024,4:30,3506.4
5/18/2024,4:45,3702
5/18/2024,5:00,3186
5/18/2024,5:15,3648
5/18/2024,5:30,3607.2
5/18/2024,5:45,3603.6
5/18/2024,6:00,2701.2
5/18/2024,6:15,2565.6
5/18/2024,6:30,3592.8
5/18/2024,6:45,2966.4
5/18/2024,7:00,3960
5/18/2024,7:15,3625.2
5/18/2024,7:30,2911.2
5/18/2024,7:45,3951.6
5/18/2024,8:00,4470
5/18/2024,8:15,4412.4
5/18/2024,8:30,4430.4
5/18/2024,8:45,3315.6
5/18/2024,9:00,4597.2
5/18/2024,9:15,4011.6
5/18/2024,9:30,4647.6
5/18/2024,9:45,3819.6
5/18/2024,10:00,3519.6
5/18/2024,10:15,4574.4
5/18/2024,10:30,3684
5/18/2024,10:45,4662
5/18/2024,11:00,4640.4
5/18/2024,11:15,3692.4
5/18/2024,11:30,3282
5/18/2024,11:45,3336
5/18/2024,12:00,4138.8
5/18/2024,12:15,4263.6
5/18/2024,12:30,4675.2
5/18/2024,12:45,3745.2
5/18/2024,13:00,3469.2
5/18/2024,13:15,4118.4
5/18/2024,13:30,3578.4
5/18/2024,13:45,2802
5/18/2024,14:00,2184
5/18/2024,14:15,2210.4
5/18/2024,14:30,4201.2
5/18/2024,14:45,3792
5/18/2024,15:00,3528
5/18/2024,15:15,4560
5/18/2024,15:30,3678
5/18/2024,15:45,4790.4
5/18/2024,16:00,4672.8
5/18/2024,16:15,4354.8
5/18/2024,16:30,4219.2
5/18/2024,16:45,4515.6
5/18/2024,17:00,4066.8
5/18/2024,17:15,4423.2
5/18/2024,17:30,4477.2
5/18/2024,17:45,3634.8
5/18/2024,18:00,3496.8
5/18/2024,18:15,3249.6
5/18/2024,18:30,2785.2
5/18/2024,18:45,2797.2
5/18/2024,19:00,3607.2
5/18/2024,19:15,2528.4
5/18/2024,19:30,3133.2
5/18/2024,19:45,3702
5/18/2024,20:00,3674.4
5/18/2024,20:15,3849.6
5/18/2024,20:30,3756
5/18/2024,20:45,3727.2
5/18/2024,21:00,3619.2
5/18/2024,21:15,3367.2
5/18/2024,21:30,3766.8
5/18/2024,21:45,3684
5/18/2024,22:00,3631.2
5/18/2024,22:15,3508.8
5/18/2024,22:30,2988
5/18/2024,22:45,3780
5/18/2024,23:00,3831.6
5/18/2024,23:15,3525.6
5/18/2024,23:30,3520.8
5/18/2024,23:45,2673.6
5/19/2024,0:00,2652
5/19/2024,0:15,2571.6
5/19/2024,0:30,2772
5/19/2024,0:45,3752.4
5/19/2024,1:00,3808.8
5/19/2024,1:15,3639.6
5/19/2024,1:30,2890.8
5/19/2024,1:45,3849.6
5/19/2024,2:00,3867.6
5/19/2024,2:15,3676.8
5/19/2024,2:30,3758.4
5/19/2024,2:45,3948
5/19/2024,3:00,3802.8
5/19/2024,3:15,3931.2
5/19/2024,3:30,3678
5/19/2024,3:45,3721.2
5/19/2024,4:00,3927.6
5/19/2024,4:15,3788.4
5/19/2024,4:30,3886.8
5/19/2024,4:45,3748.8
5/19/2024,5:00,3729.6
5/19/2024,5:15,2690.4
5/19/2024,5:30,3548.4
5/19/2024,5:45,3835.2
5/19/2024,6:00,3780
5/19/2024,6:15,3180
5/19/2024,6:30,3096
5/19/2024,6:45,2972.4
5/19/2024,7:00,3332.4
5/19/2024,7:15,3535.2
5/19/2024,7:30,2876.4
5/19/2024,7:45,4524
5/19/2024,8:00,4747.2
5/19/2024,8:15,4704
5/19/2024,8:30,4822.8
5/19/2024,8:45,4940.4
5/19/2024,9:00,4743.6
5/19/2024,9:15,4743.6
5/19/2024,9:30,4744.8
5/19/2024,9:45,4880.4
5/19/2024,10:00,4422
5/19/2024,10:15,4813.2
5/19/2024,10:30,4773.6
5/19/2024,10:45,4899.6
5/19/2024,11:00,4566
5/19/2024,11:15,3344.4
5/19/2024,11:30,3688.8
5/19/2024,11:45,4006.8
5/19/2024,12:00,3406.8
5/19/2024,12:15,4268.4
5/19/2024,12:30,4329.6
5/19/2024,12:45,4836
5/19/2024,13:00,3534
5/19/2024,13:15,3058.8
5/19/2024,13:30,3261.6
5/19/2024,13:45,4383.6
5/19/2024,14:00,4086
5/19/2024,14:15,3368.4
5/19/2024,14:30,4125.6
5/19/2024,14:45,3570
5/19/2024,15:00,1952.4
5/19/2024,15:15,1898.4
5/19/2024,15:30,1952.4
5/19/2024,15:45,2328
5/19/2024,16:00,1924.8
5/19/2024,16:15,1820.4
5/19/2024,16:30,1816.8
5/19/2024,16:45,1990.8
5/19/2024,17:00,2050.8
5/19/2024,17:15,2391.6
5/19/2024,17:30,3243.6
5/19/2024,17:45,3370.8
5/19/2024,18:00,3616.8
5/19/2024,18:15,3489.6
5/19/2024,18:30,3486
5/19/2024,18:45,4105.2
5/19/2024,19:00,3271.2
5/19/2024,19:15,3733.2
5/19/2024,19:30,3064.8
5/19/2024,19:45,3978
5/19/2024,20:00,3826.8
5/19/2024,20:15,3750
5/19/2024,20:30,3304.8
5/19/2024,20:45,3770.4
5/19/2024,21:00,3790.8
5/19/2024,21:15,3644.4
5/19/2024,21:30,3625.2
5/19/2024,21:45,2863.2
5/19/2024,22:00,3792
5/19/2024,22:15,3848.4
5/19/2024,22:30,3403.2
5/19/2024,22:45,3670.8
5/19/2024,23:00,2958
5/19/2024,23:15,3086.4
5/19/2024,23:30,2630.4
5/19/2024,23:45,3436.8
5/20/2024,0:00,2691.6
5/20/2024,0:15,2822.4
5/20/2024,0:30,3381.6
5/20/2024,0:45,3682.8
5/20/2024,1:00,3076.8
5/20/2024,1:15,2049.6
5/20/2024,1:30,2781.6
5/20/2024,1:45,3122.4
5/20/2024,2:00,2934
5/20/2024,2:15,2235.6
5/20/2024,2:30,1977.6
5/20/2024,2:45,2138.4
5/20/2024,3:00,2546.4
5/20/2024,3:15,2214
5/20/2024,3:30,2652
5/20/2024,3:45,2600.4
5/20/2024,4:00,3134.4
5/20/2024,4:15,2685.6
5/20/2024,4:30,2754
5/20/2024,4:45,3562.8
5/20/2024,5:00,3525.6
5/20/2024,5:15,3498
5/20/2024,5:30,2674.8
5/20/2024,5:45,3109.2
5/20/2024,6:00,3766.8
5/20/2024,6:15,3684
5/20/2024,6:30,2863.2
5/20/2024,6:45,3775.2
5/20/2024,7:00,2836.8
5/20/2024,7:15,3754.8
5/20/2024,7:30,4150.8
5/20/2024,7:45,3610.8
5/20/2024,8:00,4450.8
5/20/2024,8:15,4718.4
5/20/2024,8:30,4405.2
5/20/2024,8:45,4413.6
5/20/2024,9:00,4704
5/20/2024,9:15,5028
5/20/2024,9:30,4690.8
5/20/2024,9:45,4225.2
5/20/2024,10:00,4486.8
5/20/2024,10:15,4318.8
5/20/2024,10:30,4537.2
5/20/2024,10:45,4857.6
5/20/2024,11:00,4532.4
5/20/2024,11:15,4059.6
5/20/2024,11:30,3237.6
5/20/2024,11:45,3942
5/20/2024,12:00,3849.6
5/20/2024,12:15,4146
5/20/2024,12:30,4320
5/20/2024,12:45,4910.4
5/20/2024,13:00,4881.6
5/20/2024,13:15,4950
5/20/2024,13:30,4489.2
5/20/2024,13:45,4693.2
5/20/2024,14:00,4599.6
5/20/2024,14:15,4702.8
5/20/2024,14:30,4878
5/20/2024,14:45,4579.2
5/20/2024,15:00,4506
5/20/2024,15:15,4478.4
5/20/2024,15:30,4699.2
5/20/2024,15:45,4335.6
5/20/2024,16:00,4449.6
5/20/2024,16:15,3829.2
5/20/2024,16:30,4810.8
5/20/2024,16:45,3823.2
5/20/2024,17:00,4947.6
5/20/2024,17:15,4743.6
5/20/2024,17:30,4632
5/20/2024,17:45,4632
5/20/2024,18:00,4603.2
5/20/2024,18:15,3084
5/20/2024,18:30,2851.2
5/20/2024,18:45,3561.6
5/20/2024,19:00,3586.8
5/20/2024,19:15,3116.4
5/20/2024,19:30,2923.2
5/20/2024,19:45,3868.8
5/20/2024,20:00,3758.4
5/20/2024,20:15,3792
5/20/2024,20:30,3937.2
5/20/2024,20:45,2726.4
5/20/2024,21:00,2511.6
5/20/2024,21:15,2612.4
5/20/2024,21:30,2596.8
5/20/2024,21:45,3762
5/20/2024,22:00,2901.6
5/20/2024,22:15,3579.6
5/20/2024,22:30,3009.6
5/20/2024,22:45,3021.6
5/20/2024,23:00,3852
5/20/2024,23:15,3668.4
5/20/2024,23:30,3526.8
5/20/2024,23:45,3568.8
5/21/2024,0:00,3626.4
5/21/2024,0:15,3597.6
5/21/2024,0:30,3709.2
5/21/2024,0:45,3408
5/21/2024,1:00,3829.2
5/21/2024,1:15,2955.6
5/21/2024,1:30,3902.4
5/21/2024,1:45,3202.8
5/21/2024,2:00,3189.6
5/21/2024,2:15,3774
5/21/2024,2:30,3715.2
5/21/2024,2:45,3618
5/21/2024,3:00,3862.8
5/21/2024,3:15,3741.6
5/21/2024,3:30,3888
5/21/2024,3:45,3775.2
5/21/2024,4:00,2733.6
5/21/2024,4:15,3644.4
5/21/2024,4:30,3614.4
5/21/2024,4:45,3631.2
5/21/2024,5:00,2702.4
5/21/2024,5:15,3793.2
5/21/2024,5:30,3632.4
5/21/2024,5:45,3426
5/21/2024,6:00,3698.4
5/21/2024,6:15,3199.2
5/21/2024,6:30,4004.4
5/21/2024,6:45,3996
5/21/2024,7:00,3248.4
5/21/2024,7:15,3538.8
5/21/2024,7:30,3646.8
5/21/2024,7:45,3528
5/21/2024,8:00,4448.4
5/21/2024,8:15,4514.4
5/21/2024,8:30,4557.6
5/21/2024,8:45,4488
5/21/2024,9:00,4554
5/21/2024,9:15,3853.2
5/21/2024,9:30,3939.6
5/21/2024,9:45,4772.4
5/21/2024,10:00,3613.2
5/21/2024,10:15,4256.4
5/21/2024,10:30,4622.4
5/21/2024,10:45,4626
5/21/2024,11:00,4730.4
5/21/2024,11:15,4586.4
5/21/2024,11:30,3452.4
5/21/2024,11:45,3697.2
5/21/2024,12:00,4334.4
5/21/2024,12:15,4266
5/21/2024,12:30,4352.4
5/21/2024,12:45,4963.2
5/21/2024,13:00,4563.6
5/21/2024,13:15,4873.2
5/21/2024,13:30,4423.2
5/21/2024,13:45,3607.2
5/21/2024,14:00,4815.6
5/21/2024,14:15,5262
5/21/2024,14:30,4407.6
5/21/2024,14:45,4968
5/21/2024,15:00,5032.8
5/21/2024,15:15,3952.8
5/21/2024,15:30,4837.2
5/21/2024,15:45,4948.8
5/21/2024,16:00,4846.8
5/21/2024,16:15,4660.8
5/21/2024,16:30,4822.8
5/21/2024,16:45,4899.6
5/21/2024,17:00,4912.8
5/21/2024,17:15,5091.6
5/21/2024,17:30,4878
5/21/2024,17:45,4713.6
5/21/2024,18:00,4147.2
5/21/2024,18:15,4707.6
5/21/2024,18:30,4213.2
5/21/2024,18:45,3790.8
5/21/2024,19:00,4183.2
5/21/2024,19:15,3309.6
5/21/2024,19:30,3882
5/21/2024,19:45,3085.2
5/21/2024,20:00,3764.4
5/21/2024,20:15,3919.2
5/21/2024,20:30,3661.2
5/21/2024,20:45,3658.8
5/21/2024,21:00,3495.6
5/21/2024,21:15,3458.4
5/21/2024,21:30,3769.2
5/21/2024,21:45,3768
5/21/2024,22:00,3763.2
5/21/2024,22:15,3754.8
5/21/2024,22:30,3255.6
5/21/2024,22:45,2476.8
5/21/2024,23:00,2409.6
5/21/2024,23:15,2439.6
5/21/2024,23:30,3514.8
5/21/2024,23:45,3499.2
5/22/2024,0:00,3532.8
5/22/2024,0:15,3452.4
5/22/2024,0:30,3210
5/22/2024,0:45,3823.2
5/22/2024,1:00,3746.4
5/22/2024,1:15,3654
5/22/2024,1:30,3193.2
5/22/2024,1:45,3546
5/22/2024,2:00,3566.4
5/22/2024,2:15,3049.2
5/22/2024,2:30,3069.6
5/22/2024,2:45,2641.2
5/22/2024,3:00,3536.4
5/22/2024,3:15,3538.8
5/22/2024,3:30,3768
5/22/2024,3:45,3194.4
5/22/2024,4:00,3552
5/22/2024,4:15,3559.2
5/22/2024,4:30,3522
5/22/2024,4:45,3523.2
5/22/2024,5:00,2997.6
5/22/2024,5:15,3361.2
5/22/2024,5:30,3667.2
5/22/2024,5:45,2931.6
5/22/2024,6:00,3795.6
5/22/2024,6:15,3724.8
5/22/2024,6:30,3654
5/22/2024,6:45,2457.6
5/22/2024,7:00,3093.6
5/22/2024,7:15,2644.8
5/22/2024,7:30,2878.8
5/22/2024,7:45,3633.6
5/22/2024,8:00,4220.4
5/22/2024,8:15,3104.4
5/22/2024,8:30,3082.8
5/22/2024,8:45,3733.2
5/22/2024,9:00,3391.2
5/22/2024,9:15,3726
5/22/2024,9:30,3444
5/22/2024,9:45,3691.2
5/22/2024,10:00,4471.2
5/22/2024,10:15,4898.4
5/22/2024,10:30,4814.4
5/22/2024,10:45,3994.8
5/22/2024,11:00,4682.4
5/22/2024,11:15,4240.8
5/22/2024,11:30,3459.6
5/22/2024,11:45,2738.4
5/22/2024,12:00,4016.4
5/22/2024,12:15,4148.4
5/22/2024,12:30,4256.4
5/22/2024,12:45,5095.2
5/22/2024,13:00,4773.6
5/22/2024,13:15,4873.2
5/22/2024,13:30,4917.6
5/22/2024,13:45,4813.2
5/22/2024,14:00,4465.2
5/22/2024,14:15,4412.4
5/22/2024,14:30,4351.2
5/22/2024,14:45,4231.2
5/22/2024,15:00,4045.2
5/22/2024,15:15,4728
5/22/2024,15:30,4605.6
5/22/2024,15:45,4610.4
5/22/2024,16:00,4185.6
5/22/2024,16:15,3661.2
5/22/2024,16:30,4563.6
5/22/2024,16:45,5049.6
5/22/2024,17:00,4903.2
5/22/2024,17:15,4620
5/22/2024,17:30,4628.4
5/22/2024,17:45,4798.8
5/22/2024,18:00,4929.6
5/22/2024,18:15,4754.4
5/22/2024,18:30,3722.4
5/22/2024,18:45,4876.8
5/22/2024,19:00,4747.2
5/22/2024,19:15,4159.2
5/22/2024,19:30,3684
5/22/2024,19:45,3622.8
5/22/2024,20:00,3470.4
5/22/2024,20:15,3589.2
5/22/2024,20:30,3568.8
5/22/2024,20:45,3649.2
5/22/2024,21:00,3618
5/22/2024,21:15,3603.6
5/22/2024,21:30,2886
5/22/2024,21:45,3608.4
5/22/2024,22:00,3708
5/22/2024,22:15,3813.6
5/22/2024,22:30,3734.4
5/22/2024,22:45,3674.4
5/22/2024,23:00,3772.8
5/22/2024,23:15,3450
5/22/2024,23:30,3411.6
5/22/2024,23:45,3470.4
5/23/2024,0:00,3579.6
5/23/2024,0:15,3530.4
5/23/2024,0:30,2682
5/23/2024,0:45,2916
5/23/2024,1:00,3538.8
5/23/2024,1:15,3818.4
5/23/2024,1:30,2743.2
5/23/2024,1:45,2786.4
5/23/2024,2:00,3700.8
5/23/2024,2:15,3728.4
5/23/2024,2:30,3714
5/23/2024,2:45,2817.6
5/23/2024,3:00,3080.4
5/23/2024,3:15,2624.4
5/23/2024,3:30,2479.2
5/23/2024,3:45,2583.6
5/23/2024,4:00,3738
5/23/2024,4:15,3630
5/23/2024,4:30,2854.8
5/23/2024,4:45,3780
5/23/2024,5:00,3568.8
5/23/2024,5:15,2727.6
5/23/2024,5:30,3747.6
5/23/2024,5:45,3601.2
5/23/2024,6:00,3631.2
5/23/2024,6:15,3428.4
5/23/2024,6:30,3050.4
5/23/2024,6:45,3502.8
5/23/2024,7:00,2743.2
5/23/2024,7:15,3424.8
5/23/2024,7:30,3314.4
5/23/2024,7:45,3423.6
5/23/2024,8:00,4773.6
5/23/2024,8:15,3956.4
5/23/2024,8:30,4388.4
5/23/2024,8:45,3895.2
5/23/2024,9:00,4029.6
5/23/2024,9:15,4860
5/23/2024,9:30,5028
5/23/2024,9:45,3835.2
5/23/2024,10:00,3985.2
5/23/2024,10:15,4364.4
5/23/2024,10:30,4695.6
5/23/2024,10:45,4653.6
5/23/2024,11:00,3434.4
5/23/2024,11:15,2827.2
5/23/2024,11:30,2722.8
5/23/2024,11:45,2317.2
5/23/2024,12:00,3540
5/23/2024,12:15,3390
5/23/2024,12:30,2482.8
5/23/2024,12:45,2988
5/23/2024,13:00,3198
5/23/2024,13:15,3321.6
5/23/2024,13:30,3697.2
5/23/2024,13:45,3682.8
5/23/2024,14:00,3364.8
5/23/2024,14:15,3451.2
5/23/2024,14:30,4957.2
5/23/2024,14:45,5053.2
5/23/2024,15:00,4452
5/23/2024,15:15,4666.8
5/23/2024,15:30,4966.8
5/23/2024,15:45,3974.4
5/23/2024,16:00,4700.4
5/23/2024,16:15,4767.6
5/23/2024,16:30,5133.6
5/23/2024,16:45,3972
5/23/2024,17:00,3756
5/23/2024,17:15,4120.8
5/23/2024,17:30,4474.8
5/23/2024,17:45,4657.2
5/23/2024,18:00,4148.4
5/23/2024,18:15,3615.6
5/23/2024,18:30,4363.2
5/23/2024,18:45,4561.2
5/23/2024,19:00,3471.6
5/23/2024,19:15,3729.6
5/23/2024,19:30,3651.6
5/23/2024,19:45,2816.4
5/23/2024,20:00,2908.8
5/23/2024,20:15,2918.4
5/23/2024,20:30,3768
5/23/2024,20:45,3506.4
5/23/2024,21:00,2959.2
5/23/2024,21:15,3764.4
5/23/2024,21:30,3486
5/23/2024,21:45,3511.2
5/23/2024,22:00,2544
5/23/2024,22:15,3634.8
5/23/2024,22:30,3567.6
5/23/2024,22:45,2958
5/23/2024,23:00,3348
5/23/2024,23:15,2606.4
5/23/2024,23:30,2505.6
5/23/2024,23:45,2484
5/24/2024,0:00,2622
5/24/2024,0:15,2590.8
5/24/2024,0:30,2683.2
5/24/2024,0:45,1899.6
5/24/2024,1:00,1916.4
5/24/2024,1:15,1600.8
5/24/2024,1:30,2503.2
5/24/2024,1:45,2415.6
5/24/2024,2:00,2397.6
5/24/2024,2:15,2541.6
5/24/2024,2:30,2410.8
5/24/2024,2:45,2524.8
5/24/2024,3:00,2250
5/24/2024,3:15,2690.4
5/24/2024,3:30,3012
5/24/2024,3:45,3597.6
5/24/2024,4:00,3268.8
5/24/2024,4:15,2884.8
5/24/2024,4:30,3488.4
5/24/2024,4:45,3585.6
5/24/2024,5:00,3258
5/24/2024,5:15,2750.4
5/24/2024,5:30,3085.2
5/24/2024,5:45,1017.6
5/24/2024,6:00,949.2
5/24/2024,6:15,926.4
5/24/2024,6:30,644.4
5/24/2024,6:45,871.2
5/24/2024,7:00,1206
5/24/2024,7:15,2091.6
5/24/2024,7:30,2437.2
5/24/2024,7:45,2863.2
5/24/2024,8:00,3048
5/24/2024,8:15,3818.4
5/24/2024,8:30,3316.8
5/24/2024,8:45,3570
5/24/2024,9:00,3610.8
5/24/2024,9:15,3780
5/24/2024,9:30,4291.2
5/24/2024,9:45,4454.4
5/24/2024,10:00,4593.6
5/24/2024,10:15,3544.8
5/24/2024,10:30,3594
5/24/2024,10:45,4700.4
5/24/2024,11:00,3646.8
5/24/2024,11:15,3450
5/24/2024,11:30,3855.6
5/24/2024,11:45,2737.2
5/24/2024,12:00,3205.2
5/24/2024,12:15,3829.2
5/24/2024,12:30,3426
5/24/2024,12:45,4068
5/24/2024,13:00,1618.8
5/24/2024,13:15,1680
5/24/2024,13:30,1824
5/24/2024,13:45,1512
5/24/2024,14:00,1696.8
5/24/2024,14:15,1731.6
5/24/2024,14:30,1712.4
5/24/2024,14:45,1752
5/24/2024,15:00,1740
5/24/2024,15:15,1542
5/24/2024,15:30,1749.6
5/24/2024,15:45,1358.4
5/24/2024,16:00,1317.6
5/24/2024,16:15,1449.6
5/24/2024,16:30,1423.2
5/24/2024,16:45,1279.2
5/24/2024,17:00,1341.6
5/24/2024,17:15,1443.6
5/24/2024,17:30,1381.2
5/24/2024,17:45,1322.4
5/24/2024,18:00,1466.4
5/24/2024,18:15,1510.8
5/24/2024,18:30,1376.4
5/24/2024,18:45,1225.2
5/24/2024,19:00,1174.8
5/24/2024,19:15,258
5/24/2024,19:30,482.4
5/24/2024,19:45,601.2
5/24/2024,20:00,520.8
5/24/2024,20:15,589.2
5/24/2024,20:30,364.8
5/24/2024,20:45,610.8
5/24/2024,21:00,387.6
5/24/2024,21:15,544.8
5/24/2024,21:30,381.6
5/24/2024,21:45,573.6
5/24/2024,22:00,549.6
5/24/2024,22:15,589.2
5/24/2024,22:30,380.4
5/24/2024,22:45,560.4
5/24/2024,23:00,367.2
5/24/2024,23:15,571.2
5/24/2024,23:30,356.4
5/24/2024,23:45,608.4
5/25/2024,0:00,525.6
5/25/2024,0:15,567.6
5/25/2024,0:30,570
5/25/2024,0:45,554.4
5/25/2024,1:00,588
5/25/2024,1:15,482.4
5/25/2024,1:30,360
5/25/2024,1:45,325.2
5/25/2024,2:00,336
5/25/2024,2:15,319.2
5/25/2024,2:30,310.8
5/25/2024,2:45,309.6
5/25/2024,3:00,324
5/25/2024,3:15,307.2
5/25/2024,3:30,316.8
5/25/2024,3:45,336
5/25/2024,4:00,321.6
5/25/2024,4:15,393.6
5/25/2024,4:30,348
5/25/2024,4:45,333.6
5/25/2024,5:00,500.4
5/25/2024,5:15,474
5/25/2024,5:30,498
5/25/2024,5:45,490.8
5/25/2024,6:00,732
5/25/2024,6:15,601.2
5/25/2024,6:30,858
5/25/2024,6:45,1306.8
5/25/2024,7:00,1068
5/25/2024,7:15,1116
5/25/2024,7:30,1245.6
5/25/2024,7:45,1280.4
5/25/2024,8:00,1332
5/25/2024,8:15,1288.8
5/25/2024,8:30,1461.6
5/25/2024,8:45,1642.8
5/25/2024,9:00,1486.8
5/25/2024,9:15,1489.2
5/25/2024,9:30,1399.2
5/25/2024,9:45,1552.8
5/25/2024,10:00,1665.6
5/25/2024,10:15,1471.2
5/25/2024,10:30,1801.2
5/25/2024,10:45,2008.8
5/25/2024,11:00,1198.8
5/25/2024,11:15,772.8
5/25/2024,11:30,499.2
5/25/2024,11:45,488.4
5/25/2024,12:00,1018.8
5/25/2024,12:15,1134
5/25/2024,12:30,1737.6
5/25/2024,12:45,1729.2
5/25/2024,13:00,1417.2
5/25/2024,13:15,1614
5/25/2024,13:30,1711.2
5/25/2024,13:45,1375.2
5/25/2024,14:00,1683.6
5/25/2024,14:15,1747.2
5/25/2024,14:30,1466.4
5/25/2024,14:45,1531.2
5/25/2024,15:00,1574.4
5/25/2024,15:15,1345.2
5/25/2024,15:30,1687.2
5/25/2024,15:45,1489.2
5/25/2024,16:00,1546.8
5/25/2024,16:15,1450.8
5/25/2024,16:30,1782
5/25/2024,16:45,1527.6
5/25/2024,17:00,1200
5/25/2024,17:15,1075.2
5/25/2024,17:30,1166.4
5/25/2024,17:45,1096.8
5/25/2024,18:00,583.2
5/25/2024,18:15,421.2
5/25/2024,18:30,448.8
5/25/2024,18:45,350.4
5/25/2024,19:00,267.6
5/25/2024,19:15,298.8
5/25/2024,19:30,295.2
5/25/2024,19:45,308.4
5/25/2024,20:00,301.2
5/25/2024,20:15,306
5/25/2024,20:30,316.8
5/25/2024,20:45,326.4
5/25/2024,21:00,328.8
5/25/2024,21:15,319.2
5/25/2024,21:30,339.6
5/25/2024,21:45,306
5/25/2024,22:00,309.6
5/25/2024,22:15,321.6
5/25/2024,22:30,312
5/25/2024,22:45,314.4
5/25/2024,23:00,285.6
5/25/2024,23:15,266.4
5/25/2024,23:30,282
5/25/2024,23:45,272.4
5/26/2024,0:00,271.2
5/26/2024,0:15,313.2
5/26/2024,0:30,304.8
5/26/2024,0:45,297.6
5/26/2024,1:00,328.8
5/26/2024,1:15,309.6
5/26/2024,1:30,306
5/26/2024,1:45,319.2
5/26/2024,2:00,320.4
5/26/2024,2:15,320.4
5/26/2024,2:30,315.6
5/26/2024,2:45,310.8
5/26/2024,3:00,291.6
5/26/2024,3:15,301.2
5/26/2024,3:30,291.6
5/26/2024,3:45,296.4
5/26/2024,4:00,265.2
5/26/2024,4:15,264
5/26/2024,4:30,324
5/26/2024,4:45,213.6
5/26/2024,5:00,279.6
5/26/2024,5:15,301.2
5/26/2024,5:30,300
5/26/2024,5:45,334.8
5/26/2024,6:00,240
5/26/2024,6:15,217.2
5/26/2024,6:30,328.8
5/26/2024,6:45,276
5/26/2024,7:00,522
5/26/2024,7:15,524.4
5/26/2024,7:30,908.4
5/26/2024,7:45,943.2
5/26/2024,8:00,1182
5/26/2024,8:15,1081.2
5/26/2024,8:30,1317.6
5/26/2024,8:45,1122
5/26/2024,9:00,1382.4
5/26/2024,9:15,1417.2
5/26/2024,9:30,1243.2
5/26/2024,9:45,1448.4
5/26/2024,10:00,1810.8
5/26/2024,10:15,1526.4
5/26/2024,10:30,1424.4
5/26/2024,10:45,1426.8
5/26/2024,11:00,1468.8
5/26/2024,11:15,1140
5/26/2024,11:30,742.8
5/26/2024,11:45,511.2
5/26/2024,12:00,970.8
5/26/2024,12:15,1608
5/26/2024,12:30,1497.6
5/26/2024,12:45,1306.8
5/26/2024,13:00,1275.6
5/26/2024,13:15,1257.6
5/26/2024,13:30,1510.8
5/26/2024,13:45,1182
5/26/2024,14:00,1244.4
5/26/2024,14:15,1392
5/26/2024,14:30,1508.4
5/26/2024,14:45,1689.6
5/26/2024,15:00,1486.8
5/26/2024,15:15,1471.2
5/26/2024,15:30,1539.6
5/26/2024,15:45,1460.4
5/26/2024,16:00,1418.4
5/26/2024,16:15,1755.6
5/26/2024,16:30,1518
5/26/2024,16:45,1714.8
5/26/2024,17:00,1723.2
5/26/2024,17:15,1405.2
5/26/2024,17:30,1690.8
5/26/2024,17:45,1762.8
5/26/2024,18:00,1424.4
5/26/2024,18:15,1510.8
5/26/2024,18:30,1386
5/26/2024,18:45,592.8
5/26/2024,19:00,508.8
5/26/2024,19:15,265.2
5/26/2024,19:30,188.4
5/26/2024,19:45,426
5/26/2024,20:00,320.4
5/26/2024,20:15,211.2
5/26/2024,20:30,214.8
5/26/2024,20:45,226.8
5/26/2024,21:00,225.6
5/26/2024,21:15,212.4
5/26/2024,21:30,206.4
5/26/2024,21:45,271.2
5/26/2024,22:00,300
5/26/2024,22:15,253.2
5/26/2024,22:30,208.8
5/26/2024,22:45,202.8
5/26/2024,23:00,265.2
5/26/2024,23:15,220.8
5/26/2024,23:30,229.2
5/26/2024,23:45,168
5/27/2024,0:00,174
5/27/2024,0:15,252
5/27/2024,0:30,198
5/27/2024,0:45,114
5/27/2024,1:00,116.4
5/27/2024,1:15,91.2
5/27/2024,1:30,220.8
5/27/2024,1:45,153.6
5/27/2024,2:00,111.6
5/27/2024,2:15,115.2
5/27/2024,2:30,81.6
5/27/2024,2:45,156
5/27/2024,3:00,156
5/27/2024,3:15,108
5/27/2024,3:30,110.4
5/27/2024,3:45,134.4
5/27/2024,4:00,162
5/27/2024,4:15,154.8
5/27/2024,4:30,102
5/27/2024,4:45,104.4
5/27/2024,5:00,224.4
5/27/2024,5:15,186
5/27/2024,5:30,153.6
5/27/2024,5:45,133.2
5/27/2024,6:00,116.4
5/27/2024,6:15,267.6
5/27/2024,6:30,334.8
5/27/2024,6:45,285.6
5/27/2024,7:00,268.8
5/27/2024,7:15,516
5/27/2024,7:30,776.4
5/27/2024,7:45,1118.4
5/27/2024,8:00,1209.6
5/27/2024,8:15,1366.8
5/27/2024,8:30,1567.2
5/27/2024,8:45,1850.4
5/27/2024,9:00,2199.6
5/27/2024,9:15,2430
5/27/2024,9:30,2686.8
5/27/2024,9:45,2958
5/27/2024,10:00,3228
5/27/2024,10:15,3278.4
5/27/2024,10:30,3380.4
5/27/2024,10:45,3734.4
5/27/2024,11:00,4071.6
5/27/2024,11:15,3426
5/27/2024,11:30,3590.4
5/27/2024,11:45,3811.2
5/27/2024,12:00,3148.8
5/27/2024,12:15,4144.8
5/27/2024,12:30,4658.4
5/27/2024,12:45,4788
5/27/2024,13:00,3980.4
5/27/2024,13:15,4738.8
5/27/2024,13:30,4783.2
5/27/2024,13:45,4437.6
5/27/2024,14:00,3600
5/27/2024,14:15,4501.2
5/27/2024,14:30,3614.4
5/27/2024,14:45,4730.4
5/27/2024,15:00,5005.2
5/27/2024,15:15,4670.4
5/27/2024,15:30,4496.4
5/27/2024,15:45,4232.4
5/27/2024,16:00,3872.4
5/27/2024,16:15,3327.6
5/27/2024,16:30,4562.4
5/27/2024,16:45,4030.8
5/27/2024,17:00,4437.6
5/27/2024,17:15,4242
5/27/2024,17:30,3805.2
5/27/2024,17:45,4711.2
5/27/2024,18:00,4560
5/27/2024,18:15,4119.6
5/27/2024,18:30,3139.2
5/27/2024,18:45,4323.6
5/27/2024,19:00,3379.2
5/27/2024,19:15,2409.6
5/27/2024,19:30,2654.4
5/27/2024,19:45,1616.4
5/27/2024,20:00,1917.6
5/27/2024,20:15,2610
5/27/2024,20:30,2289.6
5/27/2024,20:45,2736
5/27/2024,21:00,1735.2
5/27/2024,21:15,1891.2
5/27/2024,21:30,1935.6
5/27/2024,21:45,2110.8
5/27/2024,22:00,2164.8
5/27/2024,22:15,2182.8
5/27/2024,22:30,2367.6
5/27/2024,22:45,2434.8
5/27/2024,23:00,3349.2
5/27/2024,23:15,3266.4
5/27/2024,23:30,3325.2
5/27/2024,23:45,2947.2
5/28/2024,0:00,3351.6
5/28/2024,0:15,2258.4
5/28/2024,0:30,2637.6
5/28/2024,0:45,2154
5/28/2024,1:00,2152.8
5/28/2024,1:15,2252.4
5/28/2024,1:30,2248.8
5/28/2024,1:45,3141.6
5/28/2024,2:00,3195.6
5/28/2024,2:15,3253.2
5/28/2024,2:30,3268.8
5/28/2024,2:45,2886
5/28/2024,3:00,3273.6
5/28/2024,3:15,2450.4
5/28/2024,3:30,3295.2
5/28/2024,3:45,3298.8
5/28/2024,4:00,3354
5/28/2024,4:15,3282
5/28/2024,4:30,3294
5/28/2024,4:45,3381.6
5/28/2024,5:00,3304.8
5/28/2024,5:15,3369.6
5/28/2024,5:30,2392.8
5/28/2024,5:45,3294
5/28/2024,6:00,3151.2
5/28/2024,6:15,2916
5/28/2024,6:30,2702.4
5/28/2024,6:45,2977.2
5/28/2024,7:00,2918.4
5/28/2024,7:15,3100.8
5/28/2024,7:30,2388
5/28/2024,7:45,3609.6
5/28/2024,8:00,3379.2
5/28/2024,8:15,3556.8
5/28/2024,8:30,3070.8
5/28/2024,8:45,4009.2
5/28/2024,9:00,3555.6
5/28/2024,9:15,4227.6
5/28/2024,9:30,3412.8
5/28/2024,9:45,4240.8
5/28/2024,10:00,3050.4
5/28/2024,10:15,4179.6
5/28/2024,10:30,4182
5/28/2024,10:45,2754
5/28/2024,11:00,3198
5/28/2024,11:15,2647.2
5/28/2024,11:30,2532
5/28/2024,11:45,2526
5/28/2024,12:00,3288
5/28/2024,12:15,3609.6
5/28/2024,12:30,4446
5/28/2024,12:45,4590
5/28/2024,13:00,4228.8
5/28/2024,13:15,4471.2
5/28/2024,13:30,4464
5/28/2024,13:45,3846
5/28/2024,14:00,3765.6
5/28/2024,14:15,3364.8
5/28/2024,14:30,3045.6
5/28/2024,14:45,3098.4
5/28/2024,15:00,2425.2
5/28/2024,15:15,1588.8
5/28/2024,15:30,1348.8
5/28/2024,15:45,1363.2
5/28/2024,16:00,1131.6
5/28/2024,16:15,1057.2
5/28/2024,16:30,1296
5/28/2024,16:45,1111.2
5/28/2024,17:00,1124.4
5/28/2024,17:15,1131.6
5/28/2024,17:30,1102.8
5/28/2024,17:45,853.2
5/28/2024,18:00,402
5/28/2024,18:15,409.2
5/28/2024,18:30,331.2
5/28/2024,18:45,297.6
5/28/2024,19:00,274.8
5/28/2024,19:15,236.4
5/28/2024,19:30,229.2
5/28/2024,19:45,207.6
5/28/2024,20:00,177.6
5/28/2024,20:15,178.8
5/28/2024,20:30,194.4
5/28/2024,20:45,210
5/28/2024,21:00,200.4
5/28/2024,21:15,198
5/28/2024,21:30,207.6
5/28/2024,21:45,188.4
5/28/2024,22:00,180
5/28/2024,22:15,190.8
5/28/2024,22:30,177.6
5/28/2024,22:45,186
5/28/2024,23:00,696
5/28/2024,23:15,174
5/28/2024,23:30,176.4
5/28/2024,23:45,183.6
5/29/2024,0:00,175.2
5/29/2024,0:15,165.6
5/29/2024,0:30,270
5/29/2024,0:45,699.6
5/29/2024,1:00,838.8
5/29/2024,1:15,1063.2
5/29/2024,1:30,1348.8
5/29/2024,1:45,1526.4
5/29/2024,2:00,1764
5/29/2024,2:15,1963.2
5/29/2024,2:30,2108.4
5/29/2024,2:45,2256
5/29/2024,3:00,2826
5/29/2024,3:15,3274.8
5/29/2024,3:30,3392.4
5/29/2024,3:45,3283.2
5/29/2024,4:00,3354
5/29/2024,4:15,3375.6
5/29/2024,4:30,3369.6
5/29/2024,4:45,3270
5/29/2024,5:00,2464.8
5/29/2024,5:15,2421.6
5/29/2024,5:30,3363.6
5/29/2024,5:45,2950.8
5/29/2024,6:00,3342
5/29/2024,6:15,3424.8
5/29/2024,6:30,3432
5/29/2024,6:45,2283.6
5/29/2024,7:00,3309.6
5/29/2024,7:15,2646
5/29/2024,7:30,2904
5/29/2024,7:45,2910
5/29/2024,8:00,2880
5/29/2024,8:15,2966.4
5/29/2024,8:30,2872.8
5/29/2024,8:45,3868.8
5/29/2024,9:00,3854.4
5/29/2024,9:15,4473.6
5/29/2024,9:30,3594
5/29/2024,9:45,4248
5/29/2024,10:00,3402
5/29/2024,10:15,3790.8
5/29/2024,10:30,3571.2
5/29/2024,10:45,3762
5/29/2024,11:00,4489.2
5/29/2024,11:15,4116
5/29/2024,11:30,3781.2
5/29/2024,11:45,3342
5/29/2024,12:00,3309.6
5/29/2024,12:15,4482
5/29/2024,12:30,3912
5/29/2024,12:45,4456.8
5/29/2024,13:00,4498.8
5/29/2024,13:15,4646.4
5/29/2024,13:30,4567.2
5/29/2024,13:45,3828
5/29/2024,14:00,3566.4
5/29/2024,14:15,4533.6
5/29/2024,14:30,3260.4
5/29/2024,14:45,4734
5/29/2024,15:00,4028.4
5/29/2024,15:15,4632
5/29/2024,15:30,4906.8
5/29/2024,15:45,4329.6
5/29/2024,16:00,4425.6
5/29/2024,16:15,4678.8
5/29/2024,16:30,4830
5/29/2024,16:45,4863.6
5/29/2024,17:00,4168.8
5/29/2024,17:15,4477.2
5/29/2024,17:30,4030.8
5/29/2024,17:45,3792
5/29/2024,18:00,3520.8
5/29/2024,18:15,4278
5/29/2024,18:30,4022.4
5/29/2024,18:45,2731.2
5/29/2024,19:00,2438.4
5/29/2024,19:15,2341.2
5/29/2024,19:30,2460
5/29/2024,19:45,2528.4
5/29/2024,20:00,3441.6
5/29/2024,20:15,2473.2
5/29/2024,20:30,3462
5/29/2024,20:45,3410.4
5/29/2024,21:00,3458.4
5/29/2024,21:15,2995.2
5/29/2024,21:30,2372.4
5/29/2024,21:45,2875.2
5/29/2024,22:00,3304.8
5/29/2024,22:15,3459.6
5/29/2024,22:30,3526.8
5/29/2024,22:45,3476.4
5/29/2024,23:00,2504.4
5/29/2024,23:15,2408.4
5/29/2024,23:30,2883.6
5/29/2024,23:45,2425.2
5/30/2024,0:00,3336
5/30/2024,0:15,1305.6
5/30/2024,0:30,784.8
5/30/2024,0:45,624
5/30/2024,1:00,606
5/30/2024,1:15,600
5/30/2024,1:30,1292.4
5/30/2024,1:45,1610.4
5/30/2024,2:00,1921.2
5/30/2024,2:15,2007.6
5/30/2024,2:30,2144.4
5/30/2024,2:45,2220
5/30/2024,3:00,2437.2
5/30/2024,3:15,2426.4
5/30/2024,3:30,2564.4
5/30/2024,3:45,3390
5/30/2024,4:00,2558.4
5/30/2024,4:15,2455.2
5/30/2024,4:30,3398.4
5/30/2024,4:45,3339.6
5/30/2024,5:00,3376.8
5/30/2024,5:15,2883.6
5/30/2024,5:30,2913.6
5/30/2024,5:45,3466.8
5/30/2024,6:00,2497.2
5/30/2024,6:15,2995.2
5/30/2024,6:30,3463.2
5/30/2024,6:45,2598
5/30/2024,7:00,2738.4
5/30/2024,7:15,2701.2
5/30/2024,7:30,3354
5/30/2024,7:45,3584.4
5/30/2024,8:00,3364.8
5/30/2024,8:15,4101.6
5/30/2024,8:30,4138.8
5/30/2024,8:45,4204.8
5/30/2024,9:00,4173.6
5/30/2024,9:15,4292.4
5/30/2024,9:30,3325.2
5/30/2024,9:45,3644.4
5/30/2024,10:00,4440
5/30/2024,10:15,4317.6
5/30/2024,10:30,3650.4
5/30/2024,10:45,4282.8
5/30/2024,11:00,4483.2
5/30/2024,11:15,4120.8
5/30/2024,11:30,2956.8
5/30/2024,11:45,3840
5/30/2024,12:00,3630
5/30/2024,12:15,3570
5/30/2024,12:30,3326.4
5/30/2024,12:45,3409.2
5/30/2024,13:00,3792
5/30/2024,13:15,3040.8
5/30/2024,13:30,4359.6
5/30/2024,13:45,3525.6
5/30/2024,14:00,4300.8
5/30/2024,14:15,4267.2
5/30/2024,14:30,4351.2
5/30/2024,14:45,4483.2
5/30/2024,15:00,3598.8
5/30/2024,15:15,4494
5/30/2024,15:30,4324.8
5/30/2024,15:45,4159.2
5/30/2024,16:00,4684.8
5/30/2024,16:15,3732
5/30/2024,16:30,4446
5/30/2024,16:45,4504.8
5/30/2024,17:00,4462.8
5/30/2024,17:15,4634.4
5/30/2024,17:30,4431.6
5/30/2024,17:45,4915.2
5/30/2024,18:00,3867.6
5/30/2024,18:15,4824
5/30/2024,18:30,3505.2
5/30/2024,18:45,3073.2
5/30/2024,19:00,2656.8
5/30/2024,19:15,3504
5/30/2024,19:30,3438
5/30/2024,19:45,3414
5/30/2024,20:00,2311.2
5/30/2024,20:15,452.4
5/30/2024,20:30,1452
5/30/2024,20:45,2226
5/30/2024,21:00,2172
5/30/2024,21:15,2212.8
5/30/2024,21:30,2505.6
5/30/2024,21:45,2485.2
5/30/2024,22:00,2980.8
5/30/2024,22:15,3441.6
5/30/2024,22:30,3366
5/30/2024,22:45,2451.6
5/30/2024,23:00,2468.4
5/30/2024,23:15,2401.2
5/30/2024,23:30,2473.2
5/30/2024,23:45,3289.2
5/31/2024,0:00,3429.6
5/31/2024,0:15,2491.2
5/31/2024,0:30,3360
5/31/2024,0:45,3390
5/31/2024,1:00,3438
5/31/2024,1:15,3422.4
5/31/2024,1:30,3318
5/31/2024,1:45,3378
5/31/2024,2:00,3307.2
5/31/2024,2:15,3412.8
5/31/2024,2:30,3326.4
5/31/2024,2:45,3312
5/31/2024,3:00,3334.8
5/31/2024,3:15,3217.2
5/31/2024,3:30,3328.8
5/31/2024,3:45,2446.8
5/31/2024,4:00,3350.4
5/31/2024,4:15,3315.6
5/31/2024,4:30,3337.2
5/31/2024,4:45,3292.8
5/31/2024,5:00,2390.4
5/31/2024,5:15,3205.2
5/31/2024,5:30,2937.6
5/31/2024,5:45,2662.8
5/31/2024,6:00,2466
5/31/2024,6:15,2226
5/31/2024,6:30,1562.4
5/31/2024,6:45,996
5/31/2024,7:00,1162.8
5/31/2024,7:15,627.6
5/31/2024,7:30,694.8
5/31/2024,7:45,1707.6
5/31/2024,8:00,1743.6
5/31/2024,8:15,1722
5/31/2024,8:30,1642.8
5/31/2024,8:45,1611.6
5/31/2024,9:00,1515.6
5/31/2024,9:15,1470
5/31/2024,9:30,1508.4
5/31/2024,9:45,1347.6
5/31/2024,10:00,1341.6
5/31/2024,10:15,1461.6
5/31/2024,10:30,1486.8
5/31/2024,10:45,1615.2
5/31/2024,11:00,1443.6
5/31/2024,11:15,864
5/31/2024,11:30,393.6
5/31/2024,11:45,416.4
5/31/2024,12:00,870
5/31/2024,12:15,914.4
5/31/2024,12:30,1332
5/31/2024,12:45,1279.2
5/31/2024,13:00,1554
5/31/2024,13:15,1069.2
5/31/2024,13:30,1309.2
5/31/2024,13:45,1580.4
5/31/2024,14:00,1668
5/31/2024,14:15,1077.6
5/31/2024,14:30,1558.8
5/31/2024,14:45,1536
5/31/2024,15:00,1550.4
5/31/2024,15:15,1533.6
5/31/2024,15:30,1249.2
5/31/2024,15:45,1543.2
5/31/2024,16:00,1310.4
5/31/2024,16:15,1304.4
5/31/2024,16:30,1684.8
5/31/2024,16:45,1748.4
5/31/2024,17:00,1503.6
5/31/2024,17:15,1708.8
5/31/2024,17:30,1726.8
5/31/2024,17:45,1844.4
5/31/2024,18:00,1606.8
5/31/2024,18:15,754.8
5/31/2024,18:30,578.4
5/31/2024,18:45,676.8
5/31/2024,19:00,529.2
5/31/2024,19:15,334.8
5/31/2024,19:30,225.6
5/31/2024,19:45,154.8
5/31/2024,20:00,160.8
5/31/2024,20:15,169.2
5/31/2024,20:30,153.6
5/31/2024,20:45,211.2
5/31/2024,21:00,152.4
5/31/2024,21:15,160.8
5/31/2024,21:30,151.2
5/31/2024,21:45,147.6
5/31/2024,22:00,147.6
5/31/2024,22:15,156
5/31/2024,22:30,145.2
5/31/2024,22:45,134.4
5/31/2024,23:00,135.6
5/31/2024,23:15,150
5/31/2024,23:30,135.6
5/31/2024,23:45,135.6
6/1/2024,0:00,135.6
6/1/2024,0:15,153.6
6/1/2024,0:30,135.6
6/1/2024,0:45,135.6
6/1/2024,1:00,134.4
6/1/2024,1:15,141.6
6/1/2024,1:30,134.4
6/1/2024,1:45,135.6
6/1/2024,2:00,136.8
6/1/2024,2:15,144
6/1/2024,2:30,141.6
6/1/2024,2:45,134.4
6/1/2024,3:00,135.6
6/1/2024,3:15,142.8
6/1/2024,3:30,141.6
6/1/2024,3:45,153.6
6/1/2024,4:00,135.6
6/1/2024,4:15,153.6
6/1/2024,4:30,152.4
6/1/2024,4:45,136.8
6/1/2024,5:00,147.6
6/1/2024,5:15,170.4
6/1/2024,5:30,163.2
6/1/2024,5:45,164.4
6/1/2024,6:00,160.8
6/1/2024,6:15,163.2
6/1/2024,6:30,153.6
6/1/2024,6:45,176.4
6/1/2024,7:00,141.6
6/1/2024,7:15,362.4
6/1/2024,7:30,696
6/1/2024,7:45,1365.6
6/1/2024,8:00,1296
6/1/2024,8:15,1504.8
6/1/2024,8:30,1588.8
6/1/2024,8:45,1588.8
6/1/2024,9:00,1411.2
6/1/2024,9:15,1340.4
6/1/2024,9:30,1560
6/1/2024,9:45,1783.2
6/1/2024,10:00,1660.8
6/1/2024,10:15,1562.4
6/1/2024,10:30,1850.4
6/1/2024,10:45,1544.4
6/1/2024,11:00,837.6
6/1/2024,11:15,776.4
6/1/2024,11:30,393.6
6/1/2024,11:45,373.2
6/1/2024,12:00,541.2
6/1/2024,12:15,1264.8
6/1/2024,12:30,1224
6/1/2024,12:45,1212
6/1/2024,13:00,496.8
6/1/2024,13:15,463.2
6/1/2024,13:30,459.6
6/1/2024,13:45,540
6/1/2024,14:00,549.6
6/1/2024,14:15,530.4
6/1/2024,14:30,514.8
6/1/2024,14:45,529.2
6/1/2024,15:00,498
6/1/2024,15:15,468
6/1/2024,15:30,1424.4
6/1/2024,15:45,1609.2
6/1/2024,16:00,1317.6
6/1/2024,16:15,1104
6/1/2024,16:30,1147.2
6/1/2024,16:45,1081.2
6/1/2024,17:00,1611.6
6/1/2024,17:15,1461.6
6/1/2024,17:30,1310.4
6/1/2024,17:45,949.2
6/1/2024,18:00,796.8
6/1/2024,18:15,250.8
6/1/2024,18:30,207.6
6/1/2024,18:45,240
6/1/2024,19:00,228
6/1/2024,19:15,232.8
6/1/2024,19:30,248.4
6/1/2024,19:45,274.8
6/1/2024,20:00,277.2
6/1/2024,20:15,254.4
6/1/2024,20:30,277.2
6/1/2024,20:45,289.2
6/1/2024,21:00,260.4
6/1/2024,21:15,268.8
6/1/2024,21:30,271.2
6/1/2024,21:45,297.6
6/1/2024,22:00,309.6
6/1/2024,22:15,312
6/1/2024,22:30,297.6
6/1/2024,22:45,314.4
6/1/2024,23:00,283.2
6/1/2024,23:15,288
6/1/2024,23:30,278.4
6/1/2024,23:45,297.6
6/2/2024,0:00,290.4
6/2/2024,0:15,277.2
6/2/2024,0:30,285.6
6/2/2024,0:45,295.2
6/2/2024,1:00,294
6/2/2024,1:15,300
6/2/2024,1:30,295.2
6/2/2024,1:45,318
6/2/2024,2:00,292.8
6/2/2024,2:15,300
6/2/2024,2:30,302.4
6/2/2024,2:45,308.4
6/2/2024,3:00,289.2
6/2/2024,3:15,297.6
6/2/2024,3:30,279.6
6/2/2024,3:45,289.2
6/2/2024,4:00,288
6/2/2024,4:15,283.2
6/2/2024,4:30,249.6
6/2/2024,4:45,270
6/2/2024,5:00,267.6
6/2/2024,5:15,270
6/2/2024,5:30,284.4
6/2/2024,5:45,292.8
6/2/2024,6:00,301.2
6/2/2024,6:15,265.2
6/2/2024,6:30,272.4
6/2/2024,6:45,284.4
6/2/2024,7:00,285.6
6/2/2024,7:15,454.8
6/2/2024,7:30,828
6/2/2024,7:45,1297.2
6/2/2024,8:00,1401.6
6/2/2024,8:15,949.2
6/2/2024,8:30,1209.6
6/2/2024,8:45,969.6
6/2/2024,9:00,1351.2
6/2/2024,9:15,1257.6
6/2/2024,9:30,1231.2
6/2/2024,9:45,1452
6/2/2024,10:00,1412.4
6/2/2024,10:15,1240.8
6/2/2024,10:30,1501.2
6/2/2024,10:45,1314
6/2/2024,11:00,1520.4
6/2/2024,11:15,910.8
6/2/2024,11:30,453.6
6/2/2024,11:45,685.2
6/2/2024,12:00,939.6
6/2/2024,12:15,1334.4
6/2/2024,12:30,1521.6
6/2/2024,12:45,1202.4
6/2/2024,13:00,1328.4
6/2/2024,13:15,1174.8
6/2/2024,13:30,1423.2
6/2/2024,13:45,1525.2
6/2/2024,14:00,1030.8
6/2/2024,14:15,1485.6
6/2/2024,14:30,1522.8
6/2/2024,14:45,1531.2
6/2/2024,15:00,1194
6/2/2024,15:15,867.6
6/2/2024,15:30,1368
6/2/2024,15:45,1472.4
6/2/2024,16:00,1476
6/2/2024,16:15,1256.4
6/2/2024,16:30,1438.8
6/2/2024,16:45,1578
6/2/2024,17:00,1461.6
6/2/2024,17:15,1220.4
6/2/2024,17:30,1333.2
6/2/2024,17:45,1408.8
6/2/2024,18:00,907.2
6/2/2024,18:15,889.2
6/2/2024,18:30,898.8
6/2/2024,18:45,303.6
6/2/2024,19:00,285.6
6/2/2024,19:15,291.6
6/2/2024,19:30,315.6
6/2/2024,19:45,330
6/2/2024,20:00,306
6/2/2024,20:15,298.8
6/2/2024,20:30,302.4
6/2/2024,20:45,324
6/2/2024,21:00,296.4
6/2/2024,21:15,306
6/2/2024,21:30,304.8
6/2/2024,21:45,326.4
6/2/2024,22:00,288
6/2/2024,22:15,300
6/2/2024,22:30,288
6/2/2024,22:45,302.4
6/2/2024,23:00,300
6/2/2024,23:15,295.2
6/2/2024,23:30,291.6
6/2/2024,23:45,306
6/3/2024,0:00,307.2
6/3/2024,0:15,302.4
6/3/2024,0:30,300
6/3/2024,0:45,296.4
6/3/2024,1:00,297.6
6/3/2024,1:15,300
6/3/2024,1:30,279.6
6/3/2024,1:45,304.8
6/3/2024,2:00,284.4
6/3/2024,2:15,295.2
6/3/2024,2:30,290.4
6/3/2024,2:45,297.6
6/3/2024,3:00,265.2
6/3/2024,3:15,285.6
6/3/2024,3:30,267.6
6/3/2024,3:45,295.2
6/3/2024,4:00,285.6
6/3/2024,4:15,277.2
6/3/2024,4:30,268.8
6/3/2024,4:45,270
6/3/2024,5:00,294
6/3/2024,5:15,270
6/3/2024,5:30,289.2
6/3/2024,5:45,300
6/3/2024,6:00,313.2
6/3/2024,6:15,308.4
6/3/2024,6:30,294
6/3/2024,6:45,286.8
6/3/2024,7:00,529.2
6/3/2024,7:15,512.4
6/3/2024,7:30,885.6
6/3/2024,7:45,1178.4
6/3/2024,8:00,1350
6/3/2024,8:15,1164
6/3/2024,8:30,1363.2
6/3/2024,8:45,1123.2
6/3/2024,9:00,1113.6
6/3/2024,9:15,1137.6
6/3/2024,9:30,1027.2
6/3/2024,9:45,2050.8
6/3/2024,10:00,2210.4
6/3/2024,10:15,2018.4
6/3/2024,10:30,2218.8
6/3/2024,10:45,2406
6/3/2024,11:00,2607.6
6/3/2024,11:15,2244
6/3/2024,11:30,2162.4
6/3/2024,11:45,2538
6/3/2024,12:00,3037.2
6/3/2024,12:15,4167.6
6/3/2024,12:30,4470
6/3/2024,12:45,3848.4
6/3/2024,13:00,4238.4
6/3/2024,13:15,3307.2
6/3/2024,13:30,3896.4
6/3/2024,13:45,3748.8
6/3/2024,14:00,4804.8
6/3/2024,14:15,3870
6/3/2024,14:30,3746.4
6/3/2024,14:45,3664.8
6/3/2024,15:00,2941.2
6/3/2024,15:15,4060.8
6/3/2024,15:30,3627.6
6/3/2024,15:45,3306
6/3/2024,16:00,3414
6/3/2024,16:15,4333.2
6/3/2024,16:30,3510
6/3/2024,16:45,4540.8
6/3/2024,17:00,3873.6
6/3/2024,17:15,4525.2
6/3/2024,17:30,4304.4
6/3/2024,17:45,4926
6/3/2024,18:00,4838.4
6/3/2024,18:15,3543.6
6/3/2024,18:30,4164
6/3/2024,18:45,3170.4
6/3/2024,19:00,2688
6/3/2024,19:15,3579.6
6/3/2024,19:30,2733.6
6/3/2024,19:45,3090
6/3/2024,20:00,3532.8
6/3/2024,20:15,3111.6
6/3/2024,20:30,3034.8
6/3/2024,20:45,3076.8
6/3/2024,21:00,3561.6
6/3/2024,21:15,2550
6/3/2024,21:30,3040.8
6/3/2024,21:45,3556.8
6/3/2024,22:00,3573.6
6/3/2024,22:15,3481.2
6/3/2024,22:30,2724
6/3/2024,22:45,2599.2
6/3/2024,23:00,3518.4
6/3/2024,23:15,3524.4
6/3/2024,23:30,2545.2
6/3/2024,23:45,3158.4
6/4/2024,0:00,2437.2
6/4/2024,0:15,2547.6
6/4/2024,0:30,2893.2
6/4/2024,0:45,2539.2
6/4/2024,1:00,2918.4
6/4/2024,1:15,2476.8
6/4/2024,1:30,2900.4
6/4/2024,1:45,2398.8
6/4/2024,2:00,2310
6/4/2024,2:15,2586
6/4/2024,2:30,2942.4
6/4/2024,2:45,3381.6
6/4/2024,3:00,3424.8
6/4/2024,3:15,3001.2
6/4/2024,3:30,2539.2
6/4/2024,3:45,2544
6/4/2024,4:00,3505.2
6/4/2024,4:15,3404.4
6/4/2024,4:30,2643.6
6/4/2024,4:45,3396
6/4/2024,5:00,2628
6/4/2024,5:15,2970
6/4/2024,5:30,3469.2
6/4/2024,5:45,2514
6/4/2024,6:00,3434.4
6/4/2024,6:15,3543.6
6/4/2024,6:30,3518.4
6/4/2024,6:45,2574
6/4/2024,7:00,3556.8
6/4/2024,7:15,2786.4
6/4/2024,7:30,3097.2
6/4/2024,7:45,3160.8
6/4/2024,8:00,3262.8
6/4/2024,8:15,3434.4
6/4/2024,8:30,4624.8
6/4/2024,8:45,3399.6
6/4/2024,9:00,3460.8
6/4/2024,9:15,3592.8
6/4/2024,9:30,3658.8
6/4/2024,9:45,4568.4
6/4/2024,10:00,4303.2
6/4/2024,10:15,4546.8
6/4/2024,10:30,4669.2
6/4/2024,10:45,3824.4
6/4/2024,11:00,4603.2
6/4/2024,11:15,4141.2
6/4/2024,11:30,2875.2
6/4/2024,11:45,4170
6/4/2024,12:00,4270.8
6/4/2024,12:15,3110.4
6/4/2024,12:30,4708.8
6/4/2024,12:45,4486.8
6/4/2024,13:00,4722
6/4/2024,13:15,3676.8
6/4/2024,13:30,3499.2
6/4/2024,13:45,3855.6
6/4/2024,14:00,3500.4
6/4/2024,14:15,3688.8
6/4/2024,14:30,3316.8
6/4/2024,14:45,3471.6
6/4/2024,15:00,3496.8
6/4/2024,15:15,3573.6
6/4/2024,15:30,3556.8
6/4/2024,15:45,4560
6/4/2024,16:00,4214.4
6/4/2024,16:15,3282
6/4/2024,16:30,3067.2
6/4/2024,16:45,3478.8
6/4/2024,17:00,3709.2
6/4/2024,17:15,3040.8
6/4/2024,17:30,3459.6
6/4/2024,17:45,3426
6/4/2024,18:00,4580.4
6/4/2024,18:15,3565.2
6/4/2024,18:30,3760.8
6/4/2024,18:45,3334.8
6/4/2024,19:00,3054
6/4/2024,19:15,3037.2
6/4/2024,19:30,2607.6
6/4/2024,19:45,3018
6/4/2024,20:00,2982
6/4/2024,20:15,3418.8
6/4/2024,20:30,2878.8
6/4/2024,20:45,3590.4
6/4/2024,21:00,3454.8
6/4/2024,21:15,2702.4
6/4/2024,21:30,2552.4
6/4/2024,21:45,3486
6/4/2024,22:00,2966.4
6/4/2024,22:15,2378.4
6/4/2024,22:30,3069.6
6/4/2024,22:45,3511.2
6/4/2024,23:00,3369.6
6/4/2024,23:15,2522.4
6/4/2024,23:30,2524.8
6/4/2024,23:45,2516.4
6/5/2024,0:00,3375.6
6/5/2024,0:15,2566.8
6/5/2024,0:30,3537.6
6/5/2024,0:45,2512.8
6/5/2024,1:00,2522.4
6/5/2024,1:15,2487.6
6/5/2024,1:30,3447.6
6/5/2024,1:45,2678.4
6/5/2024,2:00,3540
6/5/2024,2:15,2566.8
6/5/2024,2:30,2542.8
6/5/2024,2:45,3507.6
6/5/2024,3:00,3619.2
6/5/2024,3:15,3541.2
6/5/2024,3:30,2505.6
6/5/2024,3:45,2526
6/5/2024,4:00,3504
6/5/2024,4:15,2580
6/5/2024,4:30,3367.2
6/5/2024,4:45,2619.6
6/5/2024,5:00,2587.2
6/5/2024,5:15,3579.6
6/5/2024,5:30,3566.4
6/5/2024,5:45,2673.6
6/5/2024,6:00,2511.6
6/5/2024,6:15,2542.8
6/5/2024,6:30,3062.4
6/5/2024,6:45,2540.4
6/5/2024,7:00,2275.2
6/5/2024,7:15,2463.6
6/5/2024,7:30,2988
6/5/2024,7:45,3295.2
6/5/2024,8:00,3162
6/5/2024,8:15,3384
6/5/2024,8:30,3240
6/5/2024,8:45,3489.6
6/5/2024,9:00,3542.4
6/5/2024,9:15,3698.4
6/5/2024,9:30,4855.2
6/5/2024,9:45,3559.2
6/5/2024,10:00,3837.6
6/5/2024,10:15,4816.8
6/5/2024,10:30,3524.4
6/5/2024,10:45,4676.4
6/5/2024,11:00,4004.4
6/5/2024,11:15,2574
6/5/2024,11:30,2566.8
6/5/2024,11:45,3903.6
6/5/2024,12:00,1279.2
6/5/2024,12:15,1838.4
6/5/2024,12:30,2364
6/5/2024,12:45,1894.8
6/5/2024,13:00,2866.8
6/5/2024,13:15,2865.6
6/5/2024,13:30,2089.2
6/5/2024,13:45,2889.6
6/5/2024,14:00,2490
6/5/2024,14:15,3018
6/5/2024,14:30,2664
6/5/2024,14:45,2698.8
6/5/2024,15:00,3350.4
6/5/2024,15:15,3348
6/5/2024,15:30,4180.8
6/5/2024,15:45,3164.4
6/5/2024,16:00,5050.8
6/5/2024,16:15,4677.6
6/5/2024,16:30,3524.4
6/5/2024,16:45,3818.4
6/5/2024,17:00,3474
6/5/2024,17:15,4179.6
6/5/2024,17:30,4089.6
6/5/2024,17:45,4482
6/5/2024,18:00,3001.2
6/5/2024,18:15,2612.4
6/5/2024,18:30,2865.6
6/5/2024,18:45,3247.2
6/5/2024,19:00,3015.6
6/5/2024,19:15,3506.4
6/5/2024,19:30,2560.8
6/5/2024,19:45,3331.2
6/5/2024,20:00,2362.8
6/5/2024,20:15,2448
6/5/2024,20:30,2511.6
6/5/2024,20:45,2672.4
6/5/2024,21:00,2740.8
6/5/2024,21:15,2679.6
6/5/2024,21:30,2286
6/5/2024,21:45,2256
6/5/2024,22:00,2323.2
6/5/2024,22:15,3423.6
6/5/2024,22:30,2395.2
6/5/2024,22:45,2364
6/5/2024,23:00,2403.6
6/5/2024,23:15,2872.8
6/5/2024,23:30,3247.2
6/5/2024,23:45,2410.8
6/6/2024,0:00,2539.2
6/6/2024,0:15,2815.2
6/6/2024,0:30,3234
6/6/2024,0:45,2350.8
6/6/2024,1:00,2448
6/6/2024,1:15,2493.6
6/6/2024,1:30,2932.8
6/6/2024,1:45,2346
6/6/2024,2:00,2366.4
6/6/2024,2:15,2793.6
6/6/2024,2:30,3207.6
6/6/2024,2:45,2385.6
6/6/2024,3:00,2874
6/6/2024,3:15,2445.6
6/6/2024,3:30,925.2
6/6/2024,3:45,825.6
6/6/2024,4:00,402
6/6/2024,4:15,372
6/6/2024,4:30,379.2
6/6/2024,4:45,388.8
6/6/2024,5:00,463.2
6/6/2024,5:15,452.4
6/6/2024,5:30,374.4
6/6/2024,5:45,344.4
6/6/2024,6:00,330
6/6/2024,6:15,266.4
6/6/2024,6:30,248.4
6/6/2024,6:45,166.8
6/6/2024,7:00,202.8
6/6/2024,7:15,475.2
6/6/2024,7:30,832.8
6/6/2024,7:45,976.8
6/6/2024,8:00,1410
6/6/2024,8:15,1396.8
6/6/2024,8:30,1329.6
6/6/2024,8:45,1297.2
6/6/2024,9:00,920.4
6/6/2024,9:15,1221.6
6/6/2024,9:30,1159.2
6/6/2024,9:45,894
6/6/2024,10:00,1066.8
6/6/2024,10:15,1099.2
6/6/2024,10:30,1370.4
6/6/2024,10:45,1182
6/6/2024,11:00,1035.6
6/6/2024,11:15,1417.2
6/6/2024,11:30,606
6/6/2024,11:45,969.6
6/6/2024,12:00,1195.2
6/6/2024,12:15,1184.4
6/6/2024,12:30,1334.4
6/6/2024,12:45,1114.8
6/6/2024,13:00,723.6
6/6/2024,13:15,976.8
6/6/2024,13:30,656.4
6/6/2024,13:45,805.2
6/6/2024,14:00,1198.8
6/6/2024,14:15,1508.4
6/6/2024,14:30,1509.6
6/6/2024,14:45,1266
6/6/2024,15:00,1395.6
6/6/2024,15:15,1388.4
6/6/2024,15:30,1268.4
6/6/2024,15:45,1096.8
6/6/2024,16:00,1285.2
6/6/2024,16:15,1050
6/6/2024,16:30,1326
6/6/2024,16:45,1114.8
6/6/2024,17:00,1228.8
6/6/2024,17:15,883.2
6/6/2024,17:30,1310.4
6/6/2024,17:45,1465.2
6/6/2024,18:00,1042.8
6/6/2024,18:15,1071.6
6/6/2024,18:30,1468.8
6/6/2024,18:45,646.8
6/6/2024,19:00,594
6/6/2024,19:15,244.8
6/6/2024,19:30,183.6
6/6/2024,19:45,228
6/6/2024,20:00,278.4
6/6/2024,20:15,240
6/6/2024,20:30,222
6/6/2024,20:45,231.6
6/6/2024,21:00,172.8
6/6/2024,21:15,232.8
6/6/2024,21:30,249.6
6/6/2024,21:45,217.2
6/6/2024,22:00,218.4
6/6/2024,22:15,240
6/6/2024,22:30,225.6
6/6/2024,22:45,168
6/6/2024,23:00,229.2
6/6/2024,23:15,252
6/6/2024,23:30,234
6/6/2024,23:45,236.4
6/7/2024,0:00,246
6/7/2024,0:15,249.6
6/7/2024,0:30,187.2
6/7/2024,0:45,188.4
6/7/2024,1:00,187.2
6/7/2024,1:15,337.2
6/7/2024,1:30,247.2
6/7/2024,1:45,231.6
6/7/2024,2:00,236.4
6/7/2024,2:15,243.6
6/7/2024,2:30,183.6
6/7/2024,2:45,180
6/7/2024,3:00,176.4
6/7/2024,3:15,289.2
6/7/2024,3:30,235.2
6/7/2024,3:45,242.4
6/7/2024,4:00,234
6/7/2024,4:15,192
6/7/2024,4:30,181.2
6/7/2024,4:45,314.4
6/7/2024,5:00,236.4
6/7/2024,5:15,236.4
6/7/2024,5:30,205.2
6/7/2024,5:45,202.8
6/7/2024,6:00,187.2
6/7/2024,6:15,236.4
6/7/2024,6:30,172.8
6/7/2024,6:45,157.2
6/7/2024,7:00,151.2
6/7/2024,7:15,466.8
6/7/2024,7:30,1119.6
6/7/2024,7:45,1335.6
6/7/2024,8:00,877.2
6/7/2024,8:15,1202.4
6/7/2024,8:30,1300.8
6/7/2024,8:45,848.4
6/7/2024,9:00,1168.8
6/7/2024,9:15,1165.2
6/7/2024,9:30,945.6
6/7/2024,9:45,1107.6
6/7/2024,10:00,975.6
6/7/2024,10:15,986.4
6/7/2024,10:30,981.6
6/7/2024,10:45,980.4
6/7/2024,11:00,979.2
6/7/2024,11:15,356.4
6/7/2024,11:30,320.4
6/7/2024,11:45,376.8
6/7/2024,12:00,781.2
6/7/2024,12:15,1236
6/7/2024,12:30,1381.2
6/7/2024,12:45,891.6
6/7/2024,13:00,1028.4
6/7/2024,13:15,1340.4
6/7/2024,13:30,1110
6/7/2024,13:45,1364.4
6/7/2024,14:00,1142.4
6/7/2024,14:15,1206
6/7/2024,14:30,914.4
6/7/2024,14:45,1368
6/7/2024,15:00,993.6
6/7/2024,15:15,891.6
6/7/2024,15:30,544.8
6/7/2024,15:45,721.2
6/7/2024,16:00,758.4
6/7/2024,16:15,744
6/7/2024,16:30,751.2
6/7/2024,16:45,532.8
6/7/2024,17:00,700.8
6/7/2024,17:15,408
6/7/2024,17:30,216
6/7/2024,17:45,189.6
6/7/2024,18:00,43.2
6/7/2024,18:15,116.4
6/7/2024,18:30,78
6/7/2024,18:45,78
6/7/2024,19:00,60
6/7/2024,19:15,132
6/7/2024,19:30,64.8
6/7/2024,19:45,69.6
6/7/2024,20:00,90
6/7/2024,20:15,369.6
6/7/2024,20:30,360
6/7/2024,20:45,297.6
6/7/2024,21:00,314.4
6/7/2024,21:15,313.2
6/7/2024,21:30,321.6
6/7/2024,21:45,327.6
6/7/2024,22:00,68.4
6/7/2024,22:15,75.6
6/7/2024,22:30,79.2
6/7/2024,22:45,85.2
6/7/2024,23:00,75.6
6/7/2024,23:15,64.8
6/7/2024,23:30,76.8
6/7/2024,23:45,62.4
6/8/2024,0:00,102
6/8/2024,0:15,75.6
6/8/2024,0:30,64.8
6/8/2024,0:45,70.8
6/8/2024,1:00,66
6/8/2024,1:15,74.4
6/8/2024,1:30,79.2
6/8/2024,1:45,68.4
6/8/2024,2:00,94.8
6/8/2024,2:15,68.4
6/8/2024,2:30,79.2
6/8/2024,2:45,76.8
6/8/2024,3:00,67.2
6/8/2024,3:15,66
6/8/2024,3:30,58.8
6/8/2024,3:45,63.6
6/8/2024,4:00,91.2
6/8/2024,4:15,60
6/8/2024,4:30,49.2
6/8/2024,4:45,48
6/8/2024,5:00,62.4
6/8/2024,5:15,61.2
6/8/2024,5:30,61.2
6/8/2024,5:45,300
6/8/2024,6:00,429.6
6/8/2024,6:15,900
6/8/2024,6:30,996
6/8/2024,6:45,1113.6
6/8/2024,7:00,1238.4
6/8/2024,7:15,1556.4
6/8/2024,7:30,1720.8
6/8/2024,7:45,1928.4
6/8/2024,8:00,2478
6/8/2024,8:15,2631.6
6/8/2024,8:30,2156.4
6/8/2024,8:45,2384.4
6/8/2024,9:00,3192
6/8/2024,9:15,2338.8
6/8/2024,9:30,2840.4
6/8/2024,9:45,3235.2
6/8/2024,10:00,2192.4
6/8/2024,10:15,2271.6
6/8/2024,10:30,2826
6/8/2024,10:45,3236.4
6/8/2024,11:00,3256.8
6/8/2024,11:15,3248.4
6/8/2024,11:30,2786.4
6/8/2024,11:45,2433.6
6/8/2024,12:00,3218.4
6/8/2024,12:15,3331.2
6/8/2024,12:30,3237.6
6/8/2024,12:45,3206.4
6/8/2024,13:00,3225.6
6/8/2024,13:15,3216
6/8/2024,13:30,2877.6
6/8/2024,13:45,3388.8
6/8/2024,14:00,3309.6
6/8/2024,14:15,3283.2
6/8/2024,14:30,3270
6/8/2024,14:45,3331.2
6/8/2024,15:00,2280
6/8/2024,15:15,3374.4
6/8/2024,15:30,2367.6
6/8/2024,15:45,3333.6
6/8/2024,16:00,3342
6/8/2024,16:15,2462.4
6/8/2024,16:30,3379.2
6/8/2024,16:45,3276
6/8/2024,17:00,2526
6/8/2024,17:15,3368.4
6/8/2024,17:30,3326.4
6/8/2024,17:45,3384
6/8/2024,18:00,3301.2
6/8/2024,18:15,3343.2
6/8/2024,18:30,2924.4
6/8/2024,18:45,2949.6
6/8/2024,19:00,3324
6/8/2024,19:15,3318
6/8/2024,19:30,3373.2
6/8/2024,19:45,3385.2
6/8/2024,20:00,3348
6/8/2024,20:15,3289.2
6/8/2024,20:30,3332.4
6/8/2024,20:45,3362.4
6/8/2024,21:00,3384
6/8/2024,21:15,3297.6
6/8/2024,21:30,2490
6/8/2024,21:45,3411.6
6/8/2024,22:00,2460
6/8/2024,22:15,3278.4
6/8/2024,22:30,2460
6/8/2024,22:45,3313.2
6/8/2024,23:00,3375.6
6/8/2024,23:15,3282
6/8/2024,23:30,3244.8
6/8/2024,23:45,2349.6
6/9/2024,0:00,2406
6/9/2024,0:15,3348
6/9/2024,0:30,3346.8
6/9/2024,0:45,3271.2
6/9/2024,1:00,3338.4
6/9/2024,1:15,3360
6/9/2024,1:30,3291.6
6/9/2024,1:45,2870.4
6/9/2024,2:00,2875.2
6/9/2024,2:15,3331.2
6/9/2024,2:30,3370.8
6/9/2024,2:45,3397.2
6/9/2024,3:00,2502
6/9/2024,3:15,3400.8
6/9/2024,3:30,2452.8
6/9/2024,3:45,3469.2
6/9/2024,4:00,2473.2
6/9/2024,4:15,2502
6/9/2024,4:30,2198.4
6/9/2024,4:45,2286
6/9/2024,5:00,2151.6
6/9/2024,5:15,2493.6
6/9/2024,5:30,3337.2
6/9/2024,5:45,3339.6
6/9/2024,6:00,2938.8
6/9/2024,6:15,2485.2
6/9/2024,6:30,3474
6/9/2024,6:45,3381.6
6/9/2024,7:00,3430.8
6/9/2024,7:15,3375.6
6/9/2024,7:30,3378
6/9/2024,7:45,2451.6
6/9/2024,8:00,3472.8
6/9/2024,8:15,2508
6/9/2024,8:30,2469.6
6/9/2024,8:45,3412.8
6/9/2024,9:00,3345.6
6/9/2024,9:15,3394.8
6/9/2024,9:30,3345.6
6/9/2024,9:45,3429.6
6/9/2024,10:00,3348
6/9/2024,10:15,3369.6
6/9/2024,10:30,3409.2
6/9/2024,10:45,2480.4
6/9/2024,11:00,2491.2
6/9/2024,11:15,3372
6/9/2024,11:30,3399.6
6/9/2024,11:45,3348
6/9/2024,12:00,2506.8
6/9/2024,12:15,3394.8
6/9/2024,12:30,2518.8
6/9/2024,12:45,3327.6
6/9/2024,13:00,2878.8
6/9/2024,13:15,3308.4
6/9/2024,13:30,2952
6/9/2024,13:45,2281.2
6/9/2024,14:00,2340
6/9/2024,14:15,2468.4
6/9/2024,14:30,3454.8
6/9/2024,14:45,3300
6/9/2024,15:00,2503.2
6/9/2024,15:15,2402.4
6/9/2024,15:30,2437.2
6/9/2024,15:45,2682
6/9/2024,16:00,3406.8
6/9/2024,16:15,3396
6/9/2024,16:30,3400.8
6/9/2024,16:45,2498.4
6/9/2024,17:00,2365.2
6/9/2024,17:15,3319.2
6/9/2024,17:30,2474.4
6/9/2024,17:45,2186.4
6/9/2024,18:00,2170.8
6/9/2024,18:15,2710.8
6/9/2024,18:30,3374.4
6/9/2024,18:45,3333.6
6/9/2024,19:00,2484
6/9/2024,19:15,2841.6
6/9/2024,19:30,3376.8
6/9/2024,19:45,2857.2
6/9/2024,20:00,3369.6
6/9/2024,20:15,2532
6/9/2024,20:30,2881.2
6/9/2024,20:45,2886
6/9/2024,21:00,2431.2
6/9/2024,21:15,2506.8
6/9/2024,21:30,2450.4
6/9/2024,21:45,3358.8
6/9/2024,22:00,2204.4
6/9/2024,22:15,2755.2
6/9/2024,22:30,2392.8
6/9/2024,22:45,2419.2
6/9/2024,23:00,2206.8
6/9/2024,23:15,2282.4
6/9/2024,23:30,2492.4
6/9/2024,23:45,3232.8
6/10/2024,0:00,3274.8
6/10/2024,0:15,2883.6
6/10/2024,0:30,2421.6
6/10/2024,0:45,2931.6
6/10/2024,1:00,2497.2
6/10/2024,1:15,3340.8
6/10/2024,1:30,3264
6/10/2024,1:45,3310.8
6/10/2024,2:00,2922
6/10/2024,2:15,3363.6
6/10/2024,2:30,3343.2
6/10/2024,2:45,2926.8
6/10/2024,3:00,2912.4
6/10/2024,3:15,2816.4
6/10/2024,3:30,2365.2
6/10/2024,3:45,3330
6/10/2024,4:00,2440.8
6/10/2024,4:15,3314.4
6/10/2024,4:30,3429.6
6/10/2024,4:45,2862
6/10/2024,5:00,3288
6/10/2024,5:15,2403.6
6/10/2024,5:30,3289.2
6/10/2024,5:45,3244.8
6/10/2024,6:00,2317.2
6/10/2024,6:15,3374.4
6/10/2024,6:30,3246
6/10/2024,6:45,2433.6
6/10/2024,7:00,3441.6
6/10/2024,7:15,3279.6
6/10/2024,7:30,2396.4
6/10/2024,7:45,3352.8
6/10/2024,8:00,2269.2
6/10/2024,8:15,2331.6
6/10/2024,8:30,2246.4
6/10/2024,8:45,2179.2
6/10/2024,9:00,2366.4
6/10/2024,9:15,2486.4
6/10/2024,9:30,3316.8
6/10/2024,9:45,3364.8
6/10/2024,10:00,3307.2
6/10/2024,10:15,3265.2
6/10/2024,10:30,3368.4
6/10/2024,10:45,3290.4
6/10/2024,11:00,3404.4
6/10/2024,11:15,3276
6/10/2024,11:30,2462.4
6/10/2024,11:45,3364.8
6/10/2024,12:00,3267.6
6/10/2024,12:15,3321.6
6/10/2024,12:30,3297.6
6/10/2024,12:45,3226.8
6/10/2024,13:00,2358
6/10/2024,13:15,2170.8
6/10/2024,13:30,3236.4
6/10/2024,13:45,3345.6
6/10/2024,14:00,3342
6/10/2024,14:15,2376
6/10/2024,14:30,3388.8
6/10/2024,14:45,3265.2
6/10/2024,15:00,2474.4
6/10/2024,15:15,3309.6
6/10/2024,15:30,3336
6/10/2024,15:45,3393.6
6/10/2024,16:00,3368.4
6/10/2024,16:15,3354
6/10/2024,16:30,2480.4
6/10/2024,16:45,2347.2
6/10/2024,17:00,3259.2
6/10/2024,17:15,3374.4
6/10/2024,17:30,3321.6
6/10/2024,17:45,3337.2
6/10/2024,18:00,2582.4
6/10/2024,18:15,3331.2
6/10/2024,18:30,3312
6/10/2024,18:45,3346.8
6/10/2024,19:00,3332.4
6/10/2024,19:15,3418.8
6/10/2024,19:30,2924.4
6/10/2024,19:45,2484
6/10/2024,20:00,3410.4
6/10/2024,20:15,3344.4
6/10/2024,20:30,2497.2
6/10/2024,20:45,2858.4
6/10/2024,21:00,3327.6
6/10/2024,21:15,3332.4
6/10/2024,21:30,2870.4
6/10/2024,21:45,2461.2
6/10/2024,22:00,2874
6/10/2024,22:15,3399.6
6/10/2024,22:30,3288
6/10/2024,22:45,2451.6
6/10/2024,23:00,2380.8
6/10/2024,23:15,2834.4
6/10/2024,23:30,3255.6
6/10/2024,23:45,2175.6
6/11/2024,0:00,2113.2
6/11/2024,0:15,2132.4
6/11/2024,0:30,2337.6
6/11/2024,0:45,3178.8
6/11/2024,1:00,3357.6
6/11/2024,1:15,2812.8
6/11/2024,1:30,2496
6/11/2024,1:45,2223.6
6/11/2024,2:00,2701.2
6/11/2024,2:15,2371.2
6/11/2024,2:30,2361.6
6/11/2024,2:45,2373.6
6/11/2024,3:00,2346
6/11/2024,3:15,3208.8
6/11/2024,3:30,3342
6/11/2024,3:45,2863.2
6/11/2024,4:00,2569.2
6/11/2024,4:15,2337.6
6/11/2024,4:30,2804.4
6/11/2024,4:45,2830.8
6/11/2024,5:00,2827.2
6/11/2024,5:15,3445.2
6/11/2024,5:30,2439.6
6/11/2024,5:45,2522.4
6/11/2024,6:00,2842.8
6/11/2024,6:15,3394.8
6/11/2024,6:30,3351.6
6/11/2024,6:45,2781.6
6/11/2024,7:00,3289.2
6/11/2024,7:15,3537.6
6/11/2024,7:30,3595.2
6/11/2024,7:45,4027.2
6/11/2024,8:00,4102.8
6/11/2024,8:15,3109.2
6/11/2024,8:30,3984
6/11/2024,8:45,4161.6
6/11/2024,9:00,3988.8
6/11/2024,9:15,4008
6/11/2024,9:30,4239.6
6/11/2024,9:45,4112.4
6/11/2024,10:00,3991.2
6/11/2024,10:15,4308
6/11/2024,10:30,4484.4
6/11/2024,10:45,4400.4
6/11/2024,11:00,3867.6
6/11/2024,11:15,3733.2
6/11/2024,11:30,3542.4
6/11/2024,11:45,2716.8
6/11/2024,12:00,3975.6
6/11/2024,12:15,4290
6/11/2024,12:30,3493.2
6/11/2024,12:45,4540.8
6/11/2024,13:00,4750.8
6/11/2024,13:15,4600.8
6/11/2024,13:30,4683.6
6/11/2024,13:45,4636.8
6/11/2024,14:00,3745.2
6/11/2024,14:15,4759.2
6/11/2024,14:30,4795.2
6/11/2024,14:45,4915.2
6/11/2024,15:00,4598.4
6/11/2024,15:15,5100
6/11/2024,15:30,4869.6
6/11/2024,15:45,4675.2
6/11/2024,16:00,3882
6/11/2024,16:15,4617.6
6/11/2024,16:30,4531.2
6/11/2024,16:45,3584.4
6/11/2024,17:00,3733.2
6/11/2024,17:15,3232.8
6/11/2024,17:30,4444.8
6/11/2024,17:45,3775.2
6/11/2024,18:00,2485.2
6/11/2024,18:15,3369.6
6/11/2024,18:30,3424.8
6/11/2024,18:45,3379.2
6/11/2024,19:00,3598.8
6/11/2024,19:15,3592.8
6/11/2024,19:30,3636
6/11/2024,19:45,3664.8
6/11/2024,20:00,3530.4
6/11/2024,20:15,2517.6
6/11/2024,20:30,3189.6
6/11/2024,20:45,2716.8
6/11/2024,21:00,2709.6
6/11/2024,21:15,2931.6
6/11/2024,21:30,3668.4
6/11/2024,21:45,3829.2
6/11/2024,22:00,3664.8
6/11/2024,22:15,3524.4
6/11/2024,22:30,2586
6/11/2024,22:45,2749.2
6/11/2024,23:00,3595.2
6/11/2024,23:15,2571.6
6/11/2024,23:30,3440.4
6/11/2024,23:45,2601.6
6/12/2024,0:00,3375.6
6/12/2024,0:15,2712
6/12/2024,0:30,3438
6/12/2024,0:45,3741.6
6/12/2024,1:00,3727.2
6/12/2024,1:15,3051.6
6/12/2024,1:30,3157.2
6/12/2024,1:45,3428.4
6/12/2024,2:00,3453.6
6/12/2024,2:15,3596.4
6/12/2024,2:30,3457.2
6/12/2024,2:45,2456.4
6/12/2024,3:00,3211.2
6/12/2024,3:15,3364.8
6/12/2024,3:30,2745.6
6/12/2024,3:45,3348
6/12/2024,4:00,2415.6
6/12/2024,4:15,3246
6/12/2024,4:30,3366
6/12/2024,4:45,3338.4
6/12/2024,5:00,3440.4
6/12/2024,5:15,2400
6/12/2024,5:30,2888.4
6/12/2024,5:45,2949.6
6/12/2024,6:00,3230.4
6/12/2024,6:15,2365.2
6/12/2024,6:30,2922
6/12/2024,6:45,2398.8
6/12/2024,7:00,2872.8
6/12/2024,7:15,3045.6
6/12/2024,7:30,3506.4
6/12/2024,7:45,3447.6
6/12/2024,8:00,3340.8
6/12/2024,8:15,1822.8
6/12/2024,8:30,1440
6/12/2024,8:45,1838.4
6/12/2024,9:00,1183.2
6/12/2024,9:15,1142.4
6/12/2024,9:30,1153.2
6/12/2024,9:45,894
6/12/2024,10:00,1417.2
6/12/2024,10:15,1636.8
6/12/2024,10:30,1285.2
6/12/2024,10:45,2163.6
6/12/2024,11:00,2598
6/12/2024,11:15,2958
6/12/2024,11:30,2172
6/12/2024,11:45,2265.6
6/12/2024,12:00,2192.4
6/12/2024,12:15,2494.8
6/12/2024,12:30,2844
6/12/2024,12:45,3660
6/12/2024,13:00,3961.2
6/12/2024,13:15,3680.4
6/12/2024,13:30,3780
6/12/2024,13:45,4140
6/12/2024,14:00,3523.2
6/12/2024,14:15,3818.4
6/12/2024,14:30,3949.2
6/12/2024,14:45,3967.2
6/12/2024,15:00,3666
6/12/2024,15:15,3768
6/12/2024,15:30,3687.6
6/12/2024,15:45,3594
6/12/2024,16:00,3564
6/12/2024,16:15,2918.4
6/12/2024,16:30,3669.6
6/12/2024,16:45,3744
6/12/2024,17:00,3523.2
6/12/2024,17:15,3036
6/12/2024,17:30,3625.2
6/12/2024,17:45,3030
6/12/2024,18:00,3787.2
6/12/2024,18:15,3678
6/12/2024,18:30,3795.6
6/12/2024,18:45,3468
6/12/2024,19:00,3423.6
6/12/2024,19:15,3471.6
6/12/2024,19:30,3566.4
6/12/2024,19:45,3510
6/12/2024,20:00,3516
6/12/2024,20:15,3534
6/12/2024,20:30,3560.4
6/12/2024,20:45,2593.2
6/12/2024,21:00,2680.8
6/12/2024,21:15,3585.6
6/12/2024,21:30,2672.4
6/12/2024,21:45,3606
6/12/2024,22:00,2450.4
6/12/2024,22:15,1983.6
6/12/2024,22:30,2392.8
6/12/2024,22:45,3450
6/12/2024,23:00,2685.6
6/12/2024,23:15,3406.8
6/12/2024,23:30,3344.4
6/12/2024,23:45,3378
6/13/2024,0:00,3069.6
6/13/2024,0:15,3378
6/13/2024,0:30,3471.6
6/13/2024,0:45,3595.2
6/13/2024,1:00,3631.2
6/13/2024,1:15,3514.8
6/13/2024,1:30,3639.6
6/13/2024,1:45,3468
6/13/2024,2:00,3691.2
6/13/2024,2:15,3562.8
6/13/2024,2:30,3675.6
6/13/2024,2:45,3636
6/13/2024,3:00,3228
6/13/2024,3:15,3260.4
6/13/2024,3:30,3343.2
6/13/2024,3:45,2307.6
6/13/2024,4:00,3264
6/13/2024,4:15,2862
6/13/2024,4:30,2551.2
6/13/2024,4:45,2197.2
6/13/2024,5:00,2460
6/13/2024,5:15,2379.6
6/13/2024,5:30,2468.4
6/13/2024,5:45,2450.4
6/13/2024,6:00,2464.8
6/13/2024,6:15,1857.6
6/13/2024,6:30,906
6/13/2024,6:45,637.2
6/13/2024,7:00,538.8
6/13/2024,7:15,519.6
6/13/2024,7:30,759.6
6/13/2024,7:45,1365.6
6/13/2024,8:00,1298.4
6/13/2024,8:15,2113.2
6/13/2024,8:30,2667.6
6/13/2024,8:45,2358
6/13/2024,9:00,2438.4
6/13/2024,9:15,2738.4
6/13/2024,9:30,3271.2
6/13/2024,9:45,3276
6/13/2024,10:00,3526.8
6/13/2024,10:15,3246
6/13/2024,10:30,3147.6
6/13/2024,10:45,3368.4
6/13/2024,11:00,4125.6
6/13/2024,11:15,4042.8
6/13/2024,11:30,3675.6
6/13/2024,11:45,3432
6/13/2024,12:00,3132
6/13/2024,12:15,3759.6
6/13/2024,12:30,3422.4
6/13/2024,12:45,3652.8
6/13/2024,13:00,3142.8
6/13/2024,13:15,3206.4
6/13/2024,13:30,3496.8
6/13/2024,13:45,3158.4
6/13/2024,14:00,4233.6
6/13/2024,14:15,3469.2
6/13/2024,14:30,4410
6/13/2024,14:45,2949.6
6/13/2024,15:00,4004.4
6/13/2024,15:15,4147.2
6/13/2024,15:30,3460.8
6/13/2024,15:45,3481.2
6/13/2024,16:00,3490.8
6/13/2024,16:15,3422.4
6/13/2024,16:30,4693.2
6/13/2024,16:45,4342.8
6/13/2024,17:00,3698.4
6/13/2024,17:15,4027.2
6/13/2024,17:30,4237.2
6/13/2024,17:45,3507.6
6/13/2024,18:00,4717.2
6/13/2024,18:15,4155.6
6/13/2024,18:30,3097.2
6/13/2024,18:45,2488.8
6/13/2024,19:00,2643.6
6/13/2024,19:15,3655.2
6/13/2024,19:30,2955.6
6/13/2024,19:45,2773.2
6/13/2024,20:00,2994
6/13/2024,20:15,2758.8
6/13/2024,20:30,3313.2
6/13/2024,20:45,3645.6
6/13/2024,21:00,3760.8
6/13/2024,21:15,3666
6/13/2024,21:30,3764.4
6/13/2024,21:45,3487.2
6/13/2024,22:00,3789.6
6/13/2024,22:15,2594.4
6/13/2024,22:30,2857.2
6/13/2024,22:45,2824.8
6/13/2024,23:00,3123.6
6/13/2024,23:15,3057.6
6/13/2024,23:30,2619.6
6/13/2024,23:45,3024
6/14/2024,0:00,3706.8
6/14/2024,0:15,3513.6
6/14/2024,0:30,3670.8
6/14/2024,0:45,2620.8
6/14/2024,1:00,3822
6/14/2024,1:15,3643.2
6/14/2024,1:30,3696
6/14/2024,1:45,3249.6
6/14/2024,2:00,3694.8
6/14/2024,2:15,3735.6
6/14/2024,2:30,3621.6
6/14/2024,2:45,3714
6/14/2024,3:00,3696
6/14/2024,3:15,3724.8
6/14/2024,3:30,3692.4
6/14/2024,3:45,3560.4
6/14/2024,4:00,3442.8
6/14/2024,4:15,2574
6/14/2024,4:30,2577.6
6/14/2024,4:45,3450
6/14/2024,5:00,2552.4
6/14/2024,5:15,3495.6
6/14/2024,5:30,3466.8
6/14/2024,5:45,3504
6/14/2024,6:00,3482.4
6/14/2024,6:15,3541.2
6/14/2024,6:30,3549.6
6/14/2024,6:45,3523.2
6/14/2024,7:00,3242.4
6/14/2024,7:15,3194.4
6/14/2024,7:30,3021.6
6/14/2024,7:45,4561.2
6/14/2024,8:00,4273.2
6/14/2024,8:15,4341.6
6/14/2024,8:30,3837.6
6/14/2024,8:45,3398.4
6/14/2024,9:00,4398
6/14/2024,9:15,4124.4
6/14/2024,9:30,3666
6/14/2024,9:45,3036
6/14/2024,10:00,3589.2
6/14/2024,10:15,3669.6
6/14/2024,10:30,4342.8
6/14/2024,10:45,4026
6/14/2024,11:00,3822
6/14/2024,11:15,4057.2
6/14/2024,11:30,2522.4
6/14/2024,11:45,3778.8
6/14/2024,12:00,3141.6
6/14/2024,12:15,3268.8
6/14/2024,12:30,3795.6
6/14/2024,12:45,3544.8
6/14/2024,13:00,4444.8
6/14/2024,13:15,4299.6
6/14/2024,13:30,3666
6/14/2024,13:45,4396.8
6/14/2024,14:00,4478.4
6/14/2024,14:15,3746.4
6/14/2024,14:30,4182
6/14/2024,14:45,4410
6/14/2024,15:00,4538.4
6/14/2024,15:15,3403.2
6/14/2024,15:30,4796.4
6/14/2024,15:45,4700.4
6/14/2024,16:00,4252.8
6/14/2024,16:15,4273.2
6/14/2024,16:30,5005.2
6/14/2024,16:45,4406.4
6/14/2024,17:00,3861.6
6/14/2024,17:15,3698.4
6/14/2024,17:30,4099.2
6/14/2024,17:45,4665.6
6/14/2024,18:00,3879.6
6/14/2024,18:15,3792
6/14/2024,18:30,4050
6/14/2024,18:45,4443.6
6/14/2024,19:00,3636
6/14/2024,19:15,3516
6/14/2024,19:30,3312
6/14/2024,19:45,3674.4
6/14/2024,20:00,3536.4
6/14/2024,20:15,3649.2
6/14/2024,20:30,3549.6
6/14/2024,20:45,3591.6
6/14/2024,21:00,3793.2
6/14/2024,21:15,3703.2
6/14/2024,21:30,3816
6/14/2024,21:45,3540
6/14/2024,22:00,3706.8
6/14/2024,22:15,3745.2
6/14/2024,22:30,3685.2
6/14/2024,22:45,2674.8
6/14/2024,23:00,2611.2
6/14/2024,23:15,3022.8
6/14/2024,23:30,2635.2
6/14/2024,23:45,2536.8
6/15/2024,0:00,3007.2
6/15/2024,0:15,2613.6
6/15/2024,0:30,3466.8
6/15/2024,0:45,3530.4
6/15/2024,1:00,2917.2
6/15/2024,1:15,1156.8
6/15/2024,1:30,1039.2
6/15/2024,1:45,1503.6
6/15/2024,2:00,1534.8
6/15/2024,2:15,1017.6
6/15/2024,2:30,1027.2
6/15/2024,2:45,1746
6/15/2024,3:00,2050.8
6/15/2024,3:15,2865.6
6/15/2024,3:30,2233.2
6/15/2024,3:45,2378.4
6/15/2024,4:00,2287.2
6/15/2024,4:15,2877.6
6/15/2024,4:30,3400.8
6/15/2024,4:45,3450
6/15/2024,5:00,2634
6/15/2024,5:15,3511.2
6/15/2024,5:30,3507.6
6/15/2024,5:45,2527.2
6/15/2024,6:00,2518.8
6/15/2024,6:15,3512.4
6/15/2024,6:30,3432
6/15/2024,6:45,3442.8
6/15/2024,7:00,3578.4
6/15/2024,7:15,3309.6
6/15/2024,7:30,3388.8
6/15/2024,7:45,4302
6/15/2024,8:00,3727.2
6/15/2024,8:15,3886.8
6/15/2024,8:30,3996
6/15/2024,8:45,4821.6
6/15/2024,9:00,4950
6/15/2024,9:15,4053.6
6/15/2024,9:30,4620
6/15/2024,9:45,4911.6
6/15/2024,10:00,4868.4
6/15/2024,10:15,3874.8
6/15/2024,10:30,4699.2
6/15/2024,10:45,3772.8
6/15/2024,11:00,4762.8
6/15/2024,11:15,4179.6
6/15/2024,11:30,3326.4
6/15/2024,11:45,3642
6/15/2024,12:00,3520.8
6/15/2024,12:15,3801.6
6/15/2024,12:30,3780
6/15/2024,12:45,3722.4
6/15/2024,13:00,3511.2
6/15/2024,13:15,4498.8
6/15/2024,13:30,3732
6/15/2024,13:45,4184.4
6/15/2024,14:00,3732
6/15/2024,14:15,4080
6/15/2024,14:30,4096.8
6/15/2024,14:45,3450
6/15/2024,15:00,3554.4
6/15/2024,15:15,4449.6
6/15/2024,15:30,3409.2
6/15/2024,15:45,4536
6/15/2024,16:00,3516
6/15/2024,16:15,3259.2
6/15/2024,16:30,3380.4
6/15/2024,16:45,3907.2
6/15/2024,17:00,4257.6
6/15/2024,17:15,3000
6/15/2024,17:30,2701.2
6/15/2024,17:45,3598.8
6/15/2024,18:00,4380
6/15/2024,18:15,3498
6/15/2024,18:30,3855.6
6/15/2024,18:45,3448.8
6/15/2024,19:00,3631.2
6/15/2024,19:15,3502.8
6/15/2024,19:30,2912.4
6/15/2024,19:45,3765.6
6/15/2024,20:00,3753.6
6/15/2024,20:15,3373.2
6/15/2024,20:30,2806.8
6/15/2024,20:45,3780
6/15/2024,21:00,2814
6/15/2024,21:15,3536.4
6/15/2024,21:30,3693.6
6/15/2024,21:45,2931.6
6/15/2024,22:00,2676
6/15/2024,22:15,3788.4
6/15/2024,22:30,2928
6/15/2024,22:45,3577.2
6/15/2024,23:00,3579.6
6/15/2024,23:15,3740.4
6/15/2024,23:30,3529.2
6/15/2024,23:45,3488.4
6/16/2024,0:00,3553.2
6/16/2024,0:15,2884.8
6/16/2024,0:30,3698.4
6/16/2024,0:45,3513.6
6/16/2024,1:00,3462
6/16/2024,1:15,3264
6/16/2024,1:30,3760.8
6/16/2024,1:45,3513.6
6/16/2024,2:00,2808
6/16/2024,2:15,3794.4
6/16/2024,2:30,3712.8
6/16/2024,2:45,3752.4
6/16/2024,3:00,3764.4
6/16/2024,3:15,3720
6/16/2024,3:30,2973.6
6/16/2024,3:45,3704.4
6/16/2024,4:00,3451.2
6/16/2024,4:15,3471.6
6/16/2024,4:30,3445.2
6/16/2024,4:45,3469.2
6/16/2024,5:00,3494.4
6/16/2024,5:15,3494.4
6/16/2024,5:30,3508.8
6/16/2024,5:45,3564
6/16/2024,6:00,3438
6/16/2024,6:15,3409.2
6/16/2024,6:30,3439.2
6/16/2024,6:45,3367.2
6/16/2024,7:00,2602.8
6/16/2024,7:15,3283.2
6/16/2024,7:30,3790.8
6/16/2024,7:45,4603.2
6/16/2024,8:00,4105.2
6/16/2024,8:15,4304.4
6/16/2024,8:30,4004.4
6/16/2024,8:45,4248
6/16/2024,9:00,3841.2
6/16/2024,9:15,4458
6/16/2024,9:30,3966
6/16/2024,9:45,4833.6
6/16/2024,10:00,4606.8
6/16/2024,10:15,4612.8
6/16/2024,10:30,4341.6
6/16/2024,10:45,4635.6
6/16/2024,11:00,4438.8
6/16/2024,11:15,4215.6
6/16/2024,11:30,3962.4
6/16/2024,11:45,3700.8
6/16/2024,12:00,4005.6
6/16/2024,12:15,3819.6
6/16/2024,12:30,4664.4
6/16/2024,12:45,4348.8
6/16/2024,13:00,4552.8
6/16/2024,13:15,4407.6
6/16/2024,13:30,4315.2
6/16/2024,13:45,4969.2
6/16/2024,14:00,4375.2
6/16/2024,14:15,3920.4
6/16/2024,14:30,3895.2
6/16/2024,14:45,4417.2
6/16/2024,15:00,4870.8
6/16/2024,15:15,4669.2
6/16/2024,15:30,4632
6/16/2024,15:45,4743.6
6/16/2024,16:00,3738
6/16/2024,16:15,4431.6
6/16/2024,16:30,4141.2
6/16/2024,16:45,4825.2
6/16/2024,17:00,4986
6/16/2024,17:15,4704
6/16/2024,17:30,4917.6
6/16/2024,17:45,4377.6
6/16/2024,18:00,4402.8
6/16/2024,18:15,4374
6/16/2024,18:30,3162
6/16/2024,18:45,1747.2
6/16/2024,19:00,1754.4
6/16/2024,19:15,1166.4
6/16/2024,19:30,1180.8
6/16/2024,19:45,903.6
6/16/2024,20:00,919.2
6/16/2024,20:15,1066.8
6/16/2024,20:30,1116
6/16/2024,20:45,1170
6/16/2024,21:00,1065.6
6/16/2024,21:15,1071.6
6/16/2024,21:30,1080
6/16/2024,21:45,796.8
6/16/2024,22:00,1008
6/16/2024,22:15,985.2
6/16/2024,22:30,999.6
6/16/2024,22:45,810
6/16/2024,23:00,927.6
6/16/2024,23:15,1036.8
6/16/2024,23:30,768
6/16/2024,23:45,1315.2
6/17/2024,0:00,1842
6/17/2024,0:15,2431.2
6/17/2024,0:30,2438.4
6/17/2024,0:45,2607.6
6/17/2024,1:00,2670
6/17/2024,1:15,2593.2
6/17/2024,1:30,2586
6/17/2024,1:45,3627.6
6/17/2024,2:00,3757.2
6/17/2024,2:15,3764.4
6/17/2024,2:30,3625.2
6/17/2024,2:45,3895.2
6/17/2024,3:00,3867.6
6/17/2024,3:15,3340.8
6/17/2024,3:30,3610.8
6/17/2024,3:45,3513.6
6/17/2024,4:00,3529.2
6/17/2024,4:15,2602.8
6/17/2024,4:30,3495.6
6/17/2024,4:45,3441.6
6/17/2024,5:00,2599.2
6/17/2024,5:15,2618.4
6/17/2024,5:30,3051.6
6/17/2024,5:45,2623.2
6/17/2024,6:00,2715.6
6/17/2024,6:15,2745.6
6/17/2024,6:30,3136.8
6/17/2024,6:45,3582
6/17/2024,7:00,3019.2
6/17/2024,7:15,3638.4
6/17/2024,7:30,3002.4
6/17/2024,7:45,3310.8
6/17/2024,8:00,3924
6/17/2024,8:15,3794.4
6/17/2024,8:30,4568.4
6/17/2024,8:45,4491.6
6/17/2024,9:00,3409.2
6/17/2024,9:15,4476
6/17/2024,9:30,4262.4
6/17/2024,9:45,4404
6/17/2024,10:00,4780.8
6/17/2024,10:15,4570.8
6/17/2024,10:30,4024.8
6/17/2024,10:45,4534.8
6/17/2024,11:00,4840.8
6/17/2024,11:15,4471.2
6/17/2024,11:30,3796.8
6/17/2024,11:45,3592.8
6/17/2024,12:00,4413.6
6/17/2024,12:15,4140
6/17/2024,12:30,4516.8
6/17/2024,12:45,3878.4
6/17/2024,13:00,4339.2
6/17/2024,13:15,4614
6/17/2024,13:30,4239.6
6/17/2024,13:45,4678.8
6/17/2024,14:00,4251.6
6/17/2024,14:15,3418.8
6/17/2024,14:30,3832.8
6/17/2024,14:45,4538.4
6/17/2024,15:00,4171.2
6/17/2024,15:15,4146
6/17/2024,15:30,4778.4
6/17/2024,15:45,4886.4
6/17/2024,16:00,4641.6
6/17/2024,16:15,4785.6
6/17/2024,16:30,4572
6/17/2024,16:45,4554
6/17/2024,17:00,4375.2
6/17/2024,17:15,3897.6
6/17/2024,17:30,4530
6/17/2024,17:45,4203.6
6/17/2024,18:00,4772.4
6/17/2024,18:15,4412.4
6/17/2024,18:30,4610.4
6/17/2024,18:45,4387.2
6/17/2024,19:00,4540.8
6/17/2024,19:15,4227.6
6/17/2024,19:30,3654
6/17/2024,19:45,2820
6/17/2024,20:00,2774.4
6/17/2024,20:15,2791.2
6/17/2024,20:30,3778.8
6/17/2024,20:45,3882
6/17/2024,21:00,2826
6/17/2024,21:15,3807.6
6/17/2024,21:30,3794.4
6/17/2024,21:45,3744
6/17/2024,22:00,3720
6/17/2024,22:15,3668.4
6/17/2024,22:30,3843.6
6/17/2024,22:45,3724.8
6/17/2024,23:00,3868.8
6/17/2024,23:15,3517.2
6/17/2024,23:30,3504
6/17/2024,23:45,2641.2
6/18/2024,0:00,3753.6
6/18/2024,0:15,3740.4
6/18/2024,0:30,3850.8
6/18/2024,0:45,3720
6/18/2024,1:00,2870.4
6/18/2024,1:15,3714
6/18/2024,1:30,3812.4
6/18/2024,1:45,3542.4
6/18/2024,2:00,3760.8
6/18/2024,2:15,3722.4
6/18/2024,2:30,3489.6
6/18/2024,2:45,2923.2
6/18/2024,3:00,3838.8
6/18/2024,3:15,3774
6/18/2024,3:30,3505.2
6/18/2024,3:45,3481.2
6/18/2024,4:00,2626.8
6/18/2024,4:15,2962.8
6/18/2024,4:30,2575.2
6/18/2024,4:45,2568
6/18/2024,5:00,3460.8
6/18/2024,5:15,3068.4
6/18/2024,5:30,3464.4
6/18/2024,5:45,3446.4
6/18/2024,6:00,2541.6
6/18/2024,6:15,2708.4
6/18/2024,6:30,3673.2
6/18/2024,6:45,3615.6
6/18/2024,7:00,3613.2
6/18/2024,7:15,2558.4
6/18/2024,7:30,3544.8
6/18/2024,7:45,3310.8
6/18/2024,8:00,3118.8
6/18/2024,8:15,3554.4
6/18/2024,8:30,3422.4
6/18/2024,8:45,4635.6
6/18/2024,9:00,4728
6/18/2024,9:15,4458
6/18/2024,9:30,3688.8
6/18/2024,9:45,3386.4
6/18/2024,10:00,4120.8
6/18/2024,10:15,3470.4
6/18/2024,10:30,3484.8
6/18/2024,10:45,3957.6
6/18/2024,11:00,3591.6
6/18/2024,11:15,3874.8
6/18/2024,11:30,2781.6
6/18/2024,11:45,3298.8
6/18/2024,12:00,4189.2
6/18/2024,12:15,2941.2
6/18/2024,12:30,3390
6/18/2024,12:45,4054.8
6/18/2024,13:00,4222.8
6/18/2024,13:15,3009.6
6/18/2024,13:30,4275.6
6/18/2024,13:45,4552.8
6/18/2024,14:00,3504
6/18/2024,14:15,4092
6/18/2024,14:30,4117.2
6/18/2024,14:45,4254
6/18/2024,15:00,3832.8
6/18/2024,15:15,3127.2
6/18/2024,15:30,4255.2
6/18/2024,15:45,4530
6/18/2024,16:00,3669.6
6/18/2024,16:15,3440.4
6/18/2024,16:30,4495.2
6/18/2024,16:45,3463.2
6/18/2024,17:00,3811.2
6/18/2024,17:15,3546
6/18/2024,17:30,3436.8
6/18/2024,17:45,4183.2
6/18/2024,18:00,3140.4
6/18/2024,18:15,3565.2
6/18/2024,18:30,3418.8
6/18/2024,18:45,3438
6/18/2024,19:00,4143.6
6/18/2024,19:15,3594
6/18/2024,19:30,2719.2
6/18/2024,19:45,2515.2
6/18/2024,20:00,2648.4
6/18/2024,20:15,2860.8
6/18/2024,20:30,2712
6/18/2024,20:45,3729.6
6/18/2024,21:00,3769.2
6/18/2024,21:15,3717.6
6/18/2024,21:30,3658.8
6/18/2024,21:45,3566.4
6/18/2024,22:00,3843.6
6/18/2024,22:15,3616.8
6/18/2024,22:30,3813.6
6/18/2024,22:45,3656.4
6/18/2024,23:00,3790.8
6/18/2024,23:15,3543.6
6/18/2024,23:30,3583.2
6/18/2024,23:45,3586.8
6/19/2024,0:00,3589.2
6/19/2024,0:15,2784
6/19/2024,0:30,3717.6
6/19/2024,0:45,3794.4
6/19/2024,1:00,3687.6
6/19/2024,1:15,3745.2
6/19/2024,1:30,2914.8
6/19/2024,1:45,3818.4
6/19/2024,2:00,3616.8
6/19/2024,2:15,3769.2
6/19/2024,2:30,3880.8
6/19/2024,2:45,2802
6/19/2024,3:00,3757.2
6/19/2024,3:15,3762
6/19/2024,3:30,3672
6/19/2024,3:45,2884.8
6/19/2024,4:00,3517.2
6/19/2024,4:15,3490.8
6/19/2024,4:30,3457.2
6/19/2024,4:45,3529.2
6/19/2024,5:00,2563.2
6/19/2024,5:15,3514.8
6/19/2024,5:30,2576.4
6/19/2024,5:45,3061.2
6/19/2024,6:00,2632.8
6/19/2024,6:15,2806.8
6/19/2024,6:30,2828.4
6/19/2024,6:45,3318
6/19/2024,7:00,3270
6/19/2024,7:15,2994
6/19/2024,7:30,3157.2
6/19/2024,7:45,4312.8
6/19/2024,8:00,4785.6
6/19/2024,8:15,4059.6
6/19/2024,8:30,4455.6
6/19/2024,8:45,4544.4
6/19/2024,9:00,4435.2
6/19/2024,9:15,3504
6/19/2024,9:30,3814.8
6/19/2024,9:45,4551.6
6/19/2024,10:00,3849.6
6/19/2024,10:15,3649.2
6/19/2024,10:30,3510
6/19/2024,10:45,4564.8
6/19/2024,11:00,4526.4
6/19/2024,11:15,3536.4
6/19/2024,11:30,3615.6
6/19/2024,11:45,885.6
6/19/2024,12:00,1114.8
6/19/2024,12:15,1551.6
6/19/2024,12:30,1642.8
6/19/2024,12:45,1934.4
6/19/2024,13:00,1696.8
6/19/2024,13:15,1678.8
6/19/2024,13:30,1935.6
6/19/2024,13:45,1767.6
6/19/2024,14:00,2394
6/19/2024,14:15,2829.6
6/19/2024,14:30,3212.4
6/19/2024,14:45,3187.2
6/19/2024,15:00,3603.6
6/19/2024,15:15,3291.6
6/19/2024,15:30,3501.6
6/19/2024,15:45,4740
6/19/2024,16:00,4683.6
6/19/2024,16:15,4608
6/19/2024,16:30,3332.4
6/19/2024,16:45,3849.6
6/19/2024,17:00,4203.6
6/19/2024,17:15,4564.8
6/19/2024,17:30,3530.4
6/19/2024,17:45,3416.4
6/19/2024,18:00,3080.4
6/19/2024,18:15,2954.4
6/19/2024,18:30,3901.2
6/19/2024,18:45,3776.4
6/19/2024,19:00,3703.2
6/19/2024,19:15,2923.2
6/19/2024,19:30,3913.2
6/19/2024,19:45,3597.6
6/19/2024,20:00,3669.6
6/19/2024,20:15,3858
6/19/2024,20:30,3759.6
6/19/2024,20:45,3759.6
6/19/2024,21:00,3765.6
6/19/2024,21:15,3800.4
6/19/2024,21:30,3342
6/19/2024,21:45,2929.2
6/19/2024,22:00,3769.2
6/19/2024,22:15,3363.6
6/19/2024,22:30,2931.6
6/19/2024,22:45,2919.6
6/19/2024,23:00,3624
6/19/2024,23:15,3513.6
6/19/2024,23:30,2697.6
6/19/2024,23:45,3661.2
6/20/2024,0:00,3738
6/20/2024,0:15,2781.6
6/20/2024,0:30,3840
6/20/2024,0:45,3715.2
6/20/2024,1:00,2902.8
6/20/2024,1:15,3872.4
6/20/2024,1:30,3865.2
6/20/2024,1:45,3855.6
6/20/2024,2:00,3886.8
6/20/2024,2:15,3595.2
6/20/2024,2:30,3854.4
6/20/2024,2:45,3741.6
6/20/2024,3:00,3100.8
6/20/2024,3:15,3424.8
6/20/2024,3:30,3765.6
6/20/2024,3:45,3614.4
6/20/2024,4:00,2780.4
6/20/2024,4:15,3183.6
6/20/2024,4:30,3476.4
6/20/2024,4:45,3560.4
6/20/2024,5:00,3591.6
6/20/2024,5:15,3529.2
6/20/2024,5:30,3550.8
6/20/2024,5:45,2648.4
6/20/2024,6:00,2638.8
6/20/2024,6:15,3342
6/20/2024,6:30,3786
6/20/2024,6:45,3810
6/20/2024,7:00,3435.6
6/20/2024,7:15,2511.6
6/20/2024,7:30,2955.6
6/20/2024,7:45,3396
6/20/2024,8:00,3273.6
6/20/2024,8:15,3366
6/20/2024,8:30,3375.6
6/20/2024,8:45,3638.4
6/20/2024,9:00,4339.2
6/20/2024,9:15,3760.8
6/20/2024,9:30,3850.8
6/20/2024,9:45,4176
6/20/2024,10:00,3698.4
6/20/2024,10:15,3820.8
6/20/2024,10:30,4603.2
6/20/2024,10:45,4640.4
6/20/2024,11:00,4561.2
6/20/2024,11:15,3730.8
6/20/2024,11:30,2844
6/20/2024,11:45,2896.8
6/20/2024,12:00,4302
6/20/2024,12:15,3524.4
6/20/2024,12:30,3182.4
6/20/2024,12:45,3628.8
6/20/2024,13:00,4398
6/20/2024,13:15,4657.2
6/20/2024,13:30,4074
6/20/2024,13:45,3758.4
6/20/2024,14:00,4768.8
6/20/2024,14:15,4389.6
6/20/2024,14:30,4644
6/20/2024,14:45,3484.8
6/20/2024,15:00,4876.8
6/20/2024,15:15,4562.4
6/20/2024,15:30,5001.6
6/20/2024,15:45,3974.4
6/20/2024,16:00,4456.8
6/20/2024,16:15,2301.6
6/20/2024,16:30,2109.6
6/20/2024,16:45,2166
6/20/2024,17:00,2181.6
6/20/2024,17:15,1952.4
6/20/2024,17:30,2848.8
6/20/2024,17:45,3070.8
6/20/2024,18:00,2637.6
6/20/2024,18:15,2769.6
6/20/2024,18:30,2743.2
6/20/2024,18:45,2728.8
6/20/2024,19:00,2672.4
6/20/2024,19:15,2586
6/20/2024,19:30,2358
6/20/2024,19:45,2803.2
6/20/2024,20:00,3795.6
6/20/2024,20:15,2900.4
6/20/2024,20:30,3606
6/20/2024,20:45,2890.8
6/20/2024,21:00,2695.2
6/20/2024,21:15,3176.4
6/20/2024,21:30,3679.2
6/20/2024,21:45,3319.2
6/20/2024,22:00,2918.4
6/20/2024,22:15,2540.4
6/20/2024,22:30,2876.4
6/20/2024,22:45,3774
6/20/2024,23:00,3776.4
6/20/2024,23:15,2942.4
6/20/2024,23:30,3645.6
6/20/2024,23:45,3536.4
6/21/2024,0:00,3195.6
6/21/2024,0:15,2733.6
6/21/2024,0:30,3678
6/21/2024,0:45,3784.8
6/21/2024,1:00,2853.6
6/21/2024,1:15,3015.6
6/21/2024,1:30,3213.6
6/21/2024,1:45,3120
6/21/2024,2:00,2722.8
6/21/2024,2:15,3253.2
6/21/2024,2:30,2886
6/21/2024,2:45,3685.2
6/21/2024,3:00,3606
6/21/2024,3:15,3604.8
6/21/2024,3:30,3154.8
6/21/2024,3:45,2830.8
6/21/2024,4:00,3036
6/21/2024,4:15,2623.2
6/21/2024,4:30,3508.8
6/21/2024,4:45,3495.6
6/21/2024,5:00,3510
6/21/2024,5:15,3588
6/21/2024,5:30,3477.6
6/21/2024,5:45,3462
6/21/2024,6:00,2569.2
6/21/2024,6:15,2502
6/21/2024,6:30,3585.6
6/21/2024,6:45,2757.6
6/21/2024,7:00,3309.6
6/21/2024,7:15,3668.4
6/21/2024,7:30,2998.8
6/21/2024,7:45,3297.6
6/21/2024,8:00,4123.2
6/21/2024,8:15,4617.6
6/21/2024,8:30,4004.4
6/21/2024,8:45,3585.6
6/21/2024,9:00,3331.2
6/21/2024,9:15,4430.4
6/21/2024,9:30,4506
6/21/2024,9:45,4185.6
6/21/2024,10:00,4633.2
6/21/2024,10:15,3442.8
6/21/2024,10:30,3295.2
6/21/2024,10:45,3357.6
6/21/2024,11:00,3583.2
6/21/2024,11:15,4332
6/21/2024,11:30,3823.2
6/21/2024,11:45,3019.2
6/21/2024,12:00,3118.8
6/21/2024,12:15,3824.4
6/21/2024,12:30,3866.4
6/21/2024,12:45,3954
6/21/2024,13:00,3285.6
6/21/2024,13:15,3276
6/21/2024,13:30,3223.2
6/21/2024,13:45,3380.4
6/21/2024,14:00,3127.2
6/21/2024,14:15,3354
6/21/2024,14:30,3297.6
6/21/2024,14:45,3679.2
6/21/2024,15:00,3604.8
6/21/2024,15:15,3477.6
6/21/2024,15:30,3626.4
6/21/2024,15:45,4003.2
6/21/2024,16:00,1497.6
6/21/2024,16:15,1580.4
6/21/2024,16:30,1760.4
6/21/2024,16:45,1413.6
6/21/2024,17:00,1843.2
6/21/2024,17:15,1644
6/21/2024,17:30,1756.8
6/21/2024,17:45,1388.4
6/21/2024,18:00,1778.4
6/21/2024,18:15,1875.6
6/21/2024,18:30,1885.2
6/21/2024,18:45,2454
6/21/2024,19:00,2091.6
6/21/2024,19:15,2271.6
6/21/2024,19:30,1804.8
6/21/2024,19:45,2059.2
6/21/2024,20:00,2310
6/21/2024,20:15,2443.2
6/21/2024,20:30,2484
6/21/2024,20:45,2838
6/21/2024,21:00,2476.8
6/21/2024,21:15,3590.4
6/21/2024,21:30,2775.6
6/21/2024,21:45,3614.4
6/21/2024,22:00,2719.2
6/21/2024,22:15,3220.8
6/21/2024,22:30,3628.8
6/21/2024,22:45,2856
6/21/2024,23:00,3256.8
6/21/2024,23:15,3001.2
6/21/2024,23:30,2623.2
6/21/2024,23:45,3388.8
6/22/2024,0:00,2889.6
6/22/2024,0:15,2832
6/22/2024,0:30,3692.4
6/22/2024,0:45,2890.8
6/22/2024,1:00,3708
6/22/2024,1:15,3554.4
6/22/2024,1:30,2799.6
6/22/2024,1:45,2790
6/22/2024,2:00,2539.2
6/22/2024,2:15,2830.8
6/22/2024,2:30,3231.6
6/22/2024,2:45,3324
6/22/2024,3:00,3652.8
6/22/2024,3:15,2553.6
6/22/2024,3:30,2473.2
6/22/2024,3:45,2415.6
6/22/2024,4:00,2835.6
6/22/2024,4:15,2901.6
6/22/2024,4:30,3352.8
6/22/2024,4:45,2906.4
6/22/2024,5:00,2544
6/22/2024,5:15,2995.2
6/22/2024,5:30,2470.8
6/22/2024,5:45,2508
6/22/2024,6:00,2917.2
6/22/2024,6:15,2758.8
6/22/2024,6:30,3219.6
6/22/2024,6:45,2600.4
6/22/2024,7:00,2546.4
6/22/2024,7:15,2283.6
6/22/2024,7:30,2500.8
6/22/2024,7:45,3294
6/22/2024,8:00,4257.6
6/22/2024,8:15,3261.6
6/22/2024,8:30,4282.8
6/22/2024,8:45,4226.4
6/22/2024,9:00,3500.4
6/22/2024,9:15,3865.2
6/22/2024,9:30,3188.4
6/22/2024,9:45,4420.8
6/22/2024,10:00,4056
6/22/2024,10:15,3720
6/22/2024,10:30,3410.4
6/22/2024,10:45,3930
6/22/2024,11:00,4476
6/22/2024,11:15,3930
6/22/2024,11:30,3158.4
6/22/2024,11:45,3001.2
6/22/2024,12:00,2869.2
6/22/2024,12:15,2932.8
6/22/2024,12:30,3289.2
6/22/2024,12:45,3980.4
6/22/2024,13:00,1948.8
6/22/2024,13:15,1863.6
6/22/2024,13:30,1624.8
6/22/2024,13:45,1758
6/22/2024,14:00,1749.6
6/22/2024,14:15,1543.2
6/22/2024,14:30,1881.6
6/22/2024,14:45,1350
6/22/2024,15:00,1537.2
6/22/2024,15:15,2415.6
6/22/2024,15:30,2258.4
6/22/2024,15:45,2464.8
6/22/2024,16:00,2523.6
6/22/2024,16:15,2390.4
6/22/2024,16:30,2766
6/22/2024,16:45,3187.2
6/22/2024,17:00,3378
6/22/2024,17:15,3792
6/22/2024,17:30,4358.4
6/22/2024,17:45,4648.8
6/22/2024,18:00,4268.4
6/22/2024,18:15,4406.4
6/22/2024,18:30,3091.2
6/22/2024,18:45,4357.2
6/22/2024,19:00,4128
6/22/2024,19:15,4065.6
6/22/2024,19:30,2804.4
6/22/2024,19:45,2906.4
6/22/2024,20:00,3037.2
6/22/2024,20:15,3097.2
6/22/2024,20:30,2809.2
6/22/2024,20:45,2788.8
6/22/2024,21:00,3499.2
6/22/2024,21:15,2907.6
6/22/2024,21:30,3830.4
6/22/2024,21:45,2996.4
6/22/2024,22:00,3303.6
6/22/2024,22:15,2638.8
6/22/2024,22:30,2581.2
6/22/2024,22:45,2707.2
6/22/2024,23:00,3472.8
6/22/2024,23:15,2641.2
6/22/2024,23:30,3525.6
6/22/2024,23:45,2607.6
6/23/2024,0:00,2768.4
6/23/2024,0:15,2824.8
6/23/2024,0:30,2976
6/23/2024,0:45,3554.4
6/23/2024,1:00,2598
6/23/2024,1:15,3363.6
6/23/2024,1:30,2736
6/23/2024,1:45,2572.8
6/23/2024,2:00,2596.8
6/23/2024,2:15,3627.6
6/23/2024,2:30,3769.2
6/23/2024,2:45,3081.6
6/23/2024,3:00,3008.4
6/23/2024,3:15,2803.2
6/23/2024,3:30,2473.2
6/23/2024,3:45,2611.2
6/23/2024,4:00,3402
6/23/2024,4:15,2518.8
6/23/2024,4:30,3344.4
6/23/2024,4:45,2574
6/23/2024,5:00,3439.2
6/23/2024,5:15,3418.8
6/23/2024,5:30,2721.6
6/23/2024,5:45,3026.4
6/23/2024,6:00,3582
6/23/2024,6:15,3331.2
6/23/2024,6:30,2481.6
6/23/2024,6:45,3356.4
6/23/2024,7:00,2475.6
6/23/2024,7:15,2877.6
6/23/2024,7:30,2620.8
6/23/2024,7:45,3516
6/23/2024,8:00,4752
6/23/2024,8:15,4761.6
6/23/2024,8:30,3620.4
6/23/2024,8:45,4045.2
6/23/2024,9:00,3846
6/23/2024,9:15,3756
6/23/2024,9:30,3291.6
6/23/2024,9:45,3292.8
6/23/2024,10:00,3481.2
6/23/2024,10:15,3638.4
6/23/2024,10:30,3822
6/23/2024,10:45,3580.8
6/23/2024,11:00,4394.4
6/23/2024,11:15,3152.4
6/23/2024,11:30,2430
6/23/2024,11:45,2701.2
6/23/2024,12:00,3982.8
6/23/2024,12:15,2913.6
6/23/2024,12:30,4395.6
6/23/2024,12:45,3421.2
6/23/2024,13:00,3247.2
6/23/2024,13:15,3187.2
6/23/2024,13:30,3606
6/23/2024,13:45,4442.4
6/23/2024,14:00,3651.6
6/23/2024,14:15,4674
6/23/2024,14:30,3748.8
6/23/2024,14:45,4381.2
6/23/2024,15:00,3097.2
6/23/2024,15:15,3453.6
6/23/2024,15:30,3249.6
6/23/2024,15:45,4542
6/23/2024,16:00,3457.2
6/23/2024,16:15,3668.4
6/23/2024,16:30,4321.2
6/23/2024,16:45,3901.2
6/23/2024,17:00,3163.2
6/23/2024,17:15,3735.6
6/23/2024,17:30,4479.6
6/23/2024,17:45,3346.8
6/23/2024,18:00,1574.4
6/23/2024,18:15,1806
6/23/2024,18:30,1405.2
6/23/2024,18:45,392.4
6/23/2024,19:00,369.6
6/23/2024,19:15,372
6/23/2024,19:30,386.4
6/23/2024,19:45,354
6/23/2024,20:00,320.4
6/23/2024,20:15,336
6/23/2024,20:30,333.6
6/23/2024,20:45,933.6
6/23/2024,21:00,1041.6
6/23/2024,21:15,1243.2
6/23/2024,21:30,1428
6/23/2024,21:45,1646.4
6/23/2024,22:00,1869.6
6/23/2024,22:15,1976.4
6/23/2024,22:30,370.8
6/23/2024,22:45,315.6
6/23/2024,23:00,309.6
6/23/2024,23:15,297.6
6/23/2024,23:30,292.8
6/23/2024,23:45,340.8
6/24/2024,0:00,291.6
6/24/2024,0:15,283.2
6/24/2024,0:30,304.8
6/24/2024,0:45,280.8
6/24/2024,1:00,259.2
6/24/2024,1:15,236.4
6/24/2024,1:30,231.6
6/24/2024,1:45,230.4
6/24/2024,2:00,234
6/24/2024,2:15,247.2
6/24/2024,2:30,252
6/24/2024,2:45,266.4
6/24/2024,3:00,244.8
6/24/2024,3:15,255.6
6/24/2024,3:30,237.6
6/24/2024,3:45,288
6/24/2024,4:00,247.2
6/24/2024,4:15,243.6
6/24/2024,4:30,237.6
6/24/2024,4:45,231.6
6/24/2024,5:00,255.6
6/24/2024,5:15,262.8
6/24/2024,5:30,265.2
6/24/2024,5:45,734.4
6/24/2024,6:00,1116
6/24/2024,6:15,1257.6
6/24/2024,6:30,1401.6
6/24/2024,6:45,1604.4
6/24/2024,7:00,1780.8
6/24/2024,7:15,764.4
6/24/2024,7:30,918
6/24/2024,7:45,1351.2
6/24/2024,8:00,1562.4
6/24/2024,8:15,1874.4
6/24/2024,8:30,1720.8
6/24/2024,8:45,2343.6
6/24/2024,9:00,2712
6/24/2024,9:15,2848.8
6/24/2024,9:30,3228
6/24/2024,9:45,3114
6/24/2024,10:00,3489.6
6/24/2024,10:15,3204
6/24/2024,10:30,3458.4
6/24/2024,10:45,3843.6
6/24/2024,11:00,3608.4
6/24/2024,11:15,2731.2
6/24/2024,11:30,3489.6
6/24/2024,11:45,3656.4
6/24/2024,12:00,3901.2
6/24/2024,12:15,4008
6/24/2024,12:30,3178.8
6/24/2024,12:45,3758.4
6/24/2024,13:00,3354
6/24/2024,13:15,3733.2
6/24/2024,13:30,4093.2
6/24/2024,13:45,4118.4
6/24/2024,14:00,4198.8
6/24/2024,14:15,4488
6/24/2024,14:30,3276
6/24/2024,14:45,3806.4
6/24/2024,15:00,4466.4
6/24/2024,15:15,4467.6
6/24/2024,15:30,3363.6
6/24/2024,15:45,3430.8
6/24/2024,16:00,4141.2
6/24/2024,16:15,4374
6/24/2024,16:30,4417.2
6/24/2024,16:45,3178.8
6/24/2024,17:00,4300.8
6/24/2024,17:15,4185.6
6/24/2024,17:30,4022.4
6/24/2024,17:45,3397.2
6/24/2024,18:00,3818.4
6/24/2024,18:15,3429.6
6/24/2024,18:30,4015.2
6/24/2024,18:45,3250.8
6/24/2024,19:00,2566.8
6/24/2024,19:15,2794.8
6/24/2024,19:30,3286.8
6/24/2024,19:45,2523.6
6/24/2024,20:00,2494.8
6/24/2024,20:15,2413.2
6/24/2024,20:30,2383.2
6/24/2024,20:45,3194.4
6/24/2024,21:00,3204
6/24/2024,21:15,2790
6/24/2024,21:30,2319.6
6/24/2024,21:45,2404.8
6/24/2024,22:00,3290.4
6/24/2024,22:15,3303.6
6/24/2024,22:30,3318
6/24/2024,22:45,3240
6/24/2024,23:00,3273.6
6/24/2024,23:15,2385.6
6/24/2024,23:30,3330
6/24/2024,23:45,2494.8
6/25/2024,0:00,3400.8
6/25/2024,0:15,3361.2
6/25/2024,0:30,3345.6
6/25/2024,0:45,3292.8
6/25/2024,1:00,3207.6
6/25/2024,1:15,2418
6/25/2024,1:30,2391.6
6/25/2024,1:45,2821.2
6/25/2024,2:00,2372.4
6/25/2024,2:15,2851.2
6/25/2024,2:30,3330
6/25/2024,2:45,3306
6/25/2024,3:00,3292.8
6/25/2024,3:15,3222
6/25/2024,3:30,3273.6
6/25/2024,3:45,3208.8
6/25/2024,4:00,2401.2
6/25/2024,4:15,3298.8
6/25/2024,4:30,2875.2
6/25/2024,4:45,3328.8
6/25/2024,5:00,3352.8
6/25/2024,5:15,3339.6
6/25/2024,5:30,3361.2
6/25/2024,5:45,3316.8
6/25/2024,6:00,2982
6/25/2024,6:15,2590.8
6/25/2024,6:30,3403.2
6/25/2024,6:45,3327.6
6/25/2024,7:00,3535.2
6/25/2024,7:15,3151.2
6/25/2024,7:30,3108
6/25/2024,7:45,3103.2
6/25/2024,8:00,4468.8
6/25/2024,8:15,4131.6
6/25/2024,8:30,4238.4
6/25/2024,8:45,4614
6/25/2024,9:00,3474
6/25/2024,9:15,4543.2
6/25/2024,9:30,4513.2
6/25/2024,9:45,3351.6
6/25/2024,10:00,3328.8
6/25/2024,10:15,3296.4
6/25/2024,10:30,3212.4
6/25/2024,10:45,4420.8
6/25/2024,11:00,4018.8
6/25/2024,11:15,3144
6/25/2024,11:30,2638.8
6/25/2024,11:45,2562
6/25/2024,12:00,3618
6/25/2024,12:15,4107.6
6/25/2024,12:30,3939.6
6/25/2024,12:45,3139.2
6/25/2024,13:00,3525.6
6/25/2024,13:15,3963.6
6/25/2024,13:30,3752.4
6/25/2024,13:45,4104
6/25/2024,14:00,4149.6
6/25/2024,14:15,3892.8
6/25/2024,14:30,2920.8
6/25/2024,14:45,2822.4
6/25/2024,15:00,3216
6/25/2024,15:15,2994
6/25/2024,15:30,3440.4
6/25/2024,15:45,4006.8
6/25/2024,16:00,3607.2
6/25/2024,16:15,3830.4
6/25/2024,16:30,3040.8
6/25/2024,16:45,3852
6/25/2024,17:00,3813.6
6/25/2024,17:15,4026
6/25/2024,17:30,4134
6/25/2024,17:45,3766.8
6/25/2024,18:00,3847.2
6/25/2024,18:15,3932.4
6/25/2024,18:30,3828
6/25/2024,18:45,3516
6/25/2024,19:00,3364.8
6/25/2024,19:15,3367.2
6/25/2024,19:30,3525.6
6/25/2024,19:45,3811.2
6/25/2024,20:00,3152.4
6/25/2024,20:15,3316.8
6/25/2024,20:30,3724.8
6/25/2024,20:45,3987.6
6/25/2024,21:00,3037.2
6/25/2024,21:15,3697.2
6/25/2024,21:30,3742.8
6/25/2024,21:45,3837.6
6/25/2024,22:00,3853.2
6/25/2024,22:15,3805.2
6/25/2024,22:30,3768
6/25/2024,22:45,3568.8
6/25/2024,23:00,3816
6/25/2024,23:15,3469.2
6/25/2024,23:30,3460.8
6/25/2024,23:45,3762
6/26/2024,0:00,3709.2
6/26/2024,0:15,3711.6
6/26/2024,0:30,4044
6/26/2024,0:45,2862
6/26/2024,1:00,3643.2
6/26/2024,1:15,2748
6/26/2024,1:30,3958.8
6/26/2024,1:45,3760.8
6/26/2024,2:00,3859.2
6/26/2024,2:15,3804
6/26/2024,2:30,3690
6/26/2024,2:45,3769.2
6/26/2024,3:00,2804.4
6/26/2024,3:15,3817.2
6/26/2024,3:30,2793.6
6/26/2024,3:45,3528
6/26/2024,4:00,3669.6
6/26/2024,4:15,3759.6
6/26/2024,4:30,2818.8
6/26/2024,4:45,3560.4
6/26/2024,5:00,2703.6
6/26/2024,5:15,3728.4
6/26/2024,5:30,2738.4
6/26/2024,5:45,3694.8
6/26/2024,6:00,3482.4
6/26/2024,6:15,2665.2
6/26/2024,6:30,2268
6/26/2024,6:45,3243.6
6/26/2024,7:00,2395.2
6/26/2024,7:15,2256
6/26/2024,7:30,2569.2
6/26/2024,7:45,3007.2
6/26/2024,8:00,3910.8
6/26/2024,8:15,3451.2
6/26/2024,8:30,4154.4
6/26/2024,8:45,3651.6
6/26/2024,9:00,3424.8
6/26/2024,9:15,3727.2
6/26/2024,9:30,3247.2
6/26/2024,9:45,3285.6
6/26/2024,10:00,3903.6
6/26/2024,10:15,4194
6/26/2024,10:30,3877.2
6/26/2024,10:45,4076.4
6/26/2024,11:00,3877.2
6/26/2024,11:15,3350.4
6/26/2024,11:30,3522
6/26/2024,11:45,3532.8
6/26/2024,12:00,3537.6
6/26/2024,12:15,3865.2
6/26/2024,12:30,3373.2
6/26/2024,12:45,3061.2
6/26/2024,13:00,4092
6/26/2024,13:15,3088.8
6/26/2024,13:30,3934.8
6/26/2024,13:45,2878.8
6/26/2024,14:00,3862.8
6/26/2024,14:15,2802
6/26/2024,14:30,3116.4
6/26/2024,14:45,3736.8
6/26/2024,15:00,3145.2
6/26/2024,15:15,3915.6
6/26/2024,15:30,3516
6/26/2024,15:45,2850
6/26/2024,16:00,2662.8
6/26/2024,16:15,3086.4
6/26/2024,16:30,3793.2
6/26/2024,16:45,3084
6/26/2024,17:00,3884.4
6/26/2024,17:15,3008.4
6/26/2024,17:30,2995.2
6/26/2024,17:45,3634.8
6/26/2024,18:00,2820
6/26/2024,18:15,3151.2
6/26/2024,18:30,3891.6
6/26/2024,18:45,3656.4
6/26/2024,19:00,2286
6/26/2024,19:15,2254.8
6/26/2024,19:30,3092.4
6/26/2024,19:45,2895.6
6/26/2024,20:00,2908.8
6/26/2024,20:15,3627.6
6/26/2024,20:30,3666
6/26/2024,20:45,3752.4
6/26/2024,21:00,3747.6
6/26/2024,21:15,3949.2
6/26/2024,21:30,3685.2
6/26/2024,21:45,3566.4
6/26/2024,22:00,3896.4
6/26/2024,22:15,3943.2
6/26/2024,22:30,3813.6
6/26/2024,22:45,2694
6/26/2024,23:00,3568.8
6/26/2024,23:15,3506.4
6/26/2024,23:30,3844.8
6/26/2024,23:45,3781.2
6/27/2024,0:00,3859.2
6/27/2024,0:15,3742.8
6/27/2024,0:30,3760.8
6/27/2024,0:45,3945.6
6/27/2024,1:00,2875.2
6/27/2024,1:15,2888.4
6/27/2024,1:30,3189.6
6/27/2024,1:45,3436.8
6/27/2024,2:00,3412.8
6/27/2024,2:15,2995.2
6/27/2024,2:30,3912
6/27/2024,2:45,2907.6
6/27/2024,3:00,3429.6
6/27/2024,3:15,3556.8
6/27/2024,3:30,2577.6
6/27/2024,3:45,3351.6
6/27/2024,4:00,3466.8
6/27/2024,4:15,3441.6
6/27/2024,4:30,2719.2
6/27/2024,4:45,3829.2
6/27/2024,5:00,3469.2
6/27/2024,5:15,2697.6
6/27/2024,5:30,3598.8
6/27/2024,5:45,3806.4
6/27/2024,6:00,3782.4
6/27/2024,6:15,3805.2
6/27/2024,6:30,3488.4
6/27/2024,6:45,3355.2
6/27/2024,7:00,3066
6/27/2024,7:15,2822.4
6/27/2024,7:30,3069.6
6/27/2024,7:45,2668.8
6/27/2024,8:00,3684
6/27/2024,8:15,3361.2
6/27/2024,8:30,2563.2
6/27/2024,8:45,3464.4
6/27/2024,9:00,1574.4
6/27/2024,9:15,1668
6/27/2024,9:30,1794
6/27/2024,9:45,2192.4
6/27/2024,10:00,2703.6
6/27/2024,10:15,2726.4
6/27/2024,10:30,3134.4
6/27/2024,10:45,2977.2
6/27/2024,11:00,2763.6
6/27/2024,11:15,2662.8
6/27/2024,11:30,3188.4
6/27/2024,11:45,3481.2
6/27/2024,12:00,3789.6
6/27/2024,12:15,3880.8
6/27/2024,12:30,4086
6/27/2024,12:45,3452.4
6/27/2024,13:00,4501.2
6/27/2024,13:15,3838.8
6/27/2024,13:30,4221.6
6/27/2024,13:45,4467.6
6/27/2024,14:00,3483.6
6/27/2024,14:15,4356
6/27/2024,14:30,4684.8
6/27/2024,14:45,4576.8
6/27/2024,15:00,3385.2
6/27/2024,15:15,4466.4
6/27/2024,15:30,4412.4
6/27/2024,15:45,3528
6/27/2024,16:00,4587.6
6/27/2024,16:15,4609.2
6/27/2024,16:30,4701.6
6/27/2024,16:45,4461.6
6/27/2024,17:00,4089.6
6/27/2024,17:15,4700.4
6/27/2024,17:30,4356
6/27/2024,17:45,4000.8
6/27/2024,18:00,4089.6
6/27/2024,18:15,3844.8
6/27/2024,18:30,3007.2
6/27/2024,18:45,3535.2
6/27/2024,19:00,3399.6
6/27/2024,19:15,2529.6
6/27/2024,19:30,3703.2
6/27/2024,19:45,2588.4
6/27/2024,20:00,2695.2
6/27/2024,20:15,3489.6
6/27/2024,20:30,2840.4
6/27/2024,20:45,3570
6/27/2024,21:00,3577.2
6/27/2024,21:15,3769.2
6/27/2024,21:30,3474
6/27/2024,21:45,3387.6
6/27/2024,22:00,3745.2
6/27/2024,22:15,3902.4
6/27/2024,22:30,3837.6
6/27/2024,22:45,3703.2
6/27/2024,23:00,3285.6
6/27/2024,23:15,3726
6/27/2024,23:30,2860.8
6/27/2024,23:45,2581.2
6/28/2024,0:00,3301.2
6/28/2024,0:15,3812.4
6/28/2024,0:30,2793.6
6/28/2024,0:45,2662.8
6/28/2024,1:00,2684.4
6/28/2024,1:15,3060
6/28/2024,1:30,2854.8
6/28/2024,1:45,2739.6
6/28/2024,2:00,2731.2
6/28/2024,2:15,3286.8
6/28/2024,2:30,3648
6/28/2024,2:45,3864
6/28/2024,3:00,2506.8
6/28/2024,3:15,2491.2
6/28/2024,3:30,2940
6/28/2024,3:45,2539.2
6/28/2024,4:00,2925.6
6/28/2024,4:15,2558.4
6/28/2024,4:30,2702.4
6/28/2024,4:45,2571.6
6/28/2024,5:00,2469.6
6/28/2024,5:15,1843.2
6/28/2024,5:30,2856
6/28/2024,5:45,2490
6/28/2024,6:00,3290.4
6/28/2024,6:15,3284.4
6/28/2024,6:30,3380.4
6/28/2024,6:45,3441.6
6/28/2024,7:00,3430.8
6/28/2024,7:15,3211.2
6/28/2024,7:30,4147.2
6/28/2024,7:45,4432.8
6/28/2024,8:00,3867.6
6/28/2024,8:15,4513.2
6/28/2024,8:30,4418.4
6/28/2024,8:45,4358.4
6/28/2024,9:00,4273.2
6/28/2024,9:15,4390.8
6/28/2024,9:30,4723.2
6/28/2024,9:45,4514.4
6/28/2024,10:00,4341.6
6/28/2024,10:15,4548
6/28/2024,10:30,3685.2
6/28/2024,10:45,4682.4
6/28/2024,11:00,3452.4
6/28/2024,11:15,3009.6
6/28/2024,11:30,3109.2
6/28/2024,11:45,3480
6/28/2024,12:00,4180.8
6/28/2024,12:15,4341.6
6/28/2024,12:30,3871.2
6/28/2024,12:45,3792
6/28/2024,13:00,4492.8
6/28/2024,13:15,3656.4
6/28/2024,13:30,4774.8
6/28/2024,13:45,3898.8
6/28/2024,14:00,3699.6
6/28/2024,14:15,3758.4
6/28/2024,14:30,4743.6
6/28/2024,14:45,4502.4
6/28/2024,15:00,4113.6
6/28/2024,15:15,3248.4
6/28/2024,15:30,4510.8
6/28/2024,15:45,3907.2
6/28/2024,16:00,3826.8
6/28/2024,16:15,3584.4
6/28/2024,16:30,3288
6/28/2024,16:45,2499.6
6/28/2024,17:00,2941.2
6/28/2024,17:15,1791.6
6/28/2024,17:30,1542
6/28/2024,17:45,1192.8
6/28/2024,18:00,1098
6/28/2024,18:15,898.8
6/28/2024,18:30,927.6
6/28/2024,18:45,434.4
6/28/2024,19:00,342
6/28/2024,19:15,566.4
6/28/2024,19:30,523.2
6/28/2024,19:45,532.8
6/28/2024,20:00,562.8
6/28/2024,20:15,531.6
6/28/2024,20:30,522
6/28/2024,20:45,500.4
6/28/2024,21:00,606
6/28/2024,21:15,529.2
6/28/2024,21:30,504
6/28/2024,21:45,501.6
6/28/2024,22:00,482.4
6/28/2024,22:15,499.2
6/28/2024,22:30,555.6
6/28/2024,22:45,531.6
6/28/2024,23:00,477.6
6/28/2024,23:15,548.4
6/28/2024,23:30,536.4
6/28/2024,23:45,487.2
6/29/2024,0:00,364.8
6/29/2024,0:15,526.8
6/29/2024,0:30,565.2
6/29/2024,0:45,493.2
6/29/2024,1:00,487.2
6/29/2024,1:15,504
6/29/2024,1:30,554.4
6/29/2024,1:45,560.4
6/29/2024,2:00,542.4
6/29/2024,2:15,462
6/29/2024,2:30,525.6
6/29/2024,2:45,530.4
6/29/2024,3:00,546
6/29/2024,3:15,267.6
6/29/2024,3:30,265.2
6/29/2024,3:45,277.2
6/29/2024,4:00,272.4
6/29/2024,4:15,268.8
6/29/2024,4:30,272.4
6/29/2024,4:45,274.8
6/29/2024,5:00,304.8
6/29/2024,5:15,288
6/29/2024,5:30,283.2
6/29/2024,5:45,301.2
6/29/2024,6:00,300
6/29/2024,6:15,283.2
6/29/2024,6:30,280.8
6/29/2024,6:45,242.4
6/29/2024,7:00,285.6
6/29/2024,7:15,256.8
6/29/2024,7:30,758.4
6/29/2024,7:45,1258.8
6/29/2024,8:00,1443.6
6/29/2024,8:15,1328.4
6/29/2024,8:30,1082.4
6/29/2024,8:45,1124.4
6/29/2024,9:00,1186.8
6/29/2024,9:15,1015.2
6/29/2024,9:30,1072.8
6/29/2024,9:45,1340.4
6/29/2024,10:00,1392
6/29/2024,10:15,1216.8
6/29/2024,10:30,1498.8
6/29/2024,10:45,1921.2
6/29/2024,11:00,1504.8
6/29/2024,11:15,445.2
6/29/2024,11:30,470.4
6/29/2024,11:45,420
6/29/2024,12:00,723.6
6/29/2024,12:15,998.4
6/29/2024,12:30,1197.6
6/29/2024,12:45,1256.4
6/29/2024,13:00,1635.6
6/29/2024,13:15,1593.6
6/29/2024,13:30,1562.4
6/29/2024,13:45,1530
6/29/2024,14:00,898.8
6/29/2024,14:15,1635.6
6/29/2024,14:30,1375.2
6/29/2024,14:45,1507.2
6/29/2024,15:00,1345.2
6/29/2024,15:15,1402.8
6/29/2024,15:30,1206
6/29/2024,15:45,1452
6/29/2024,16:00,1440
6/29/2024,16:15,1436.4
6/29/2024,16:30,1296
6/29/2024,16:45,1496.4
6/29/2024,17:00,1567.2
6/29/2024,17:15,1201.2
6/29/2024,17:30,1470
6/29/2024,17:45,1308
6/29/2024,18:00,1419.6
6/29/2024,18:15,979.2
6/29/2024,18:30,772.8
6/29/2024,18:45,428.4
6/29/2024,19:00,337.2
6/29/2024,19:15,369.6
6/29/2024,19:30,577.2
6/29/2024,19:45,370.8
6/29/2024,20:00,386.4
6/29/2024,20:15,565.2
6/29/2024,20:30,337.2
6/29/2024,20:45,543.6
6/29/2024,21:00,529.2
6/29/2024,21:15,508.8
6/29/2024,21:30,588
6/29/2024,21:45,487.2
6/29/2024,22:00,514.8
6/29/2024,22:15,548.4
6/29/2024,22:30,586.8
6/29/2024,22:45,483.6
6/29/2024,23:00,343.2
6/29/2024,23:15,588
6/29/2024,23:30,496.8
6/29/2024,23:45,517.2
6/30/2024,0:00,459.6
6/30/2024,0:15,516
6/30/2024,0:30,475.2
6/30/2024,0:45,328.8
6/30/2024,1:00,586.8
6/30/2024,1:15,481.2
6/30/2024,1:30,337.2
6/30/2024,1:45,522
6/30/2024,2:00,504
6/30/2024,2:15,325.2
6/30/2024,2:30,530.4
6/30/2024,2:45,530.4
6/30/2024,3:00,488.4
6/30/2024,3:15,338.4
6/30/2024,3:30,342
6/30/2024,3:45,337.2
6/30/2024,4:00,260.4
6/30/2024,4:15,297.6
6/30/2024,4:30,261.6
6/30/2024,4:45,267.6
6/30/2024,5:00,309.6
6/30/2024,5:15,280.8
6/30/2024,5:30,271.2
6/30/2024,5:45,283.2
6/30/2024,6:00,279.6
6/30/2024,6:15,279.6
6/30/2024,6:30,267.6
6/30/2024,6:45,259.2
6/30/2024,7:00,499.2
6/30/2024,7:15,510
6/30/2024,7:30,778.8
6/30/2024,7:45,1428
6/30/2024,8:00,1676.4
6/30/2024,8:15,1500
6/30/2024,8:30,1308
6/30/2024,8:45,1578
6/30/2024,9:00,1404
6/30/2024,9:15,1243.2
6/30/2024,9:30,1632
6/30/2024,9:45,1598.4
6/30/2024,10:00,1749.6
6/30/2024,10:15,1533.6
6/30/2024,10:30,1708.8
6/30/2024,10:45,1470
6/30/2024,11:00,1551.6
6/30/2024,11:15,848.4
6/30/2024,11:30,494.4
6/30/2024,11:45,660
6/30/2024,12:00,1119.6
6/30/2024,12:15,1432.8
6/30/2024,12:30,1456.8
6/30/2024,12:45,1454.4
6/30/2024,13:00,1767.6
6/30/2024,13:15,1507.2
6/30/2024,13:30,1381.2
6/30/2024,13:45,1429.2
6/30/2024,14:00,1248
6/30/2024,14:15,1651.2
6/30/2024,14:30,1405.2
6/30/2024,14:45,1312.8
6/30/2024,15:00,1614
6/30/2024,15:15,1674
6/30/2024,15:30,1449.6
6/30/2024,15:45,1272
6/30/2024,16:00,1348.8
6/30/2024,16:15,1276.8
6/30/2024,16:30,1490.4
6/30/2024,16:45,1149.6
6/30/2024,17:00,1269.6
6/30/2024,17:15,1173.6
6/30/2024,17:30,1568.4
6/30/2024,17:45,1372.8
6/30/2024,18:00,1371.6
6/30/2024,18:15,1534.8
6/30/2024,18:30,442.8
6/30/2024,18:45,391.2
6/30/2024,19:00,370.8
6/30/2024,19:15,742.8
6/30/2024,19:30,607.2
6/30/2024,19:45,567.6
6/30/2024,20:00,358.8
6/30/2024,20:15,369.6
6/30/2024,20:30,594
6/30/2024,20:45,600
6/30/2024,21:00,380.4
6/30/2024,21:15,536.4
6/30/2024,21:30,370.8
6/30/2024,21:45,567.6
6/30/2024,22:00,554.4
6/30/2024,22:15,486
6/30/2024,22:30,331.2
6/30/2024,22:45,363.6
6/30/2024,23:00,346.8
6/30/2024,23:15,574.8
6/30/2024,23:30,542.4
6/30/2024,23:45,348
7/1/2024,0:00,506.4
7/1/2024,0:15,325.2
7/1/2024,0:30,577.2
7/1/2024,0:45,540
7/1/2024,1:00,559.2
7/1/2024,1:15,333.6
7/1/2024,1:30,325.2
7/1/2024,1:45,322.8
7/1/2024,2:00,330
7/1/2024,2:15,331.2
7/1/2024,2:30,325.2
7/1/2024,2:45,326.4
7/1/2024,3:00,333.6
7/1/2024,3:15,328.8
7/1/2024,3:30,472.8
7/1/2024,3:45,295.2
7/1/2024,4:00,289.2
7/1/2024,4:15,298.8
7/1/2024,4:30,295.2
7/1/2024,4:45,308.4
7/1/2024,5:00,303.6
7/1/2024,5:15,315.6
7/1/2024,5:30,303.6
7/1/2024,5:45,568.8
7/1/2024,6:00,514.8
7/1/2024,6:15,345.6
7/1/2024,6:30,490.8
7/1/2024,6:45,259.2
7/1/2024,7:00,262.8
7/1/2024,7:15,487.2
7/1/2024,7:30,910.8
7/1/2024,7:45,1674
7/1/2024,8:00,1490.4
7/1/2024,8:15,1258.8
7/1/2024,8:30,1129.2
7/1/2024,8:45,1398
7/1/2024,9:00,1269.6
7/1/2024,9:15,987.6
7/1/2024,9:30,1581.6
7/1/2024,9:45,1597.2
7/1/2024,10:00,1352.4
7/1/2024,10:15,1257.6
7/1/2024,10:30,1425.6
7/1/2024,10:45,1404
7/1/2024,11:00,1503.6
7/1/2024,11:15,866.4
7/1/2024,11:30,402
7/1/2024,11:45,368.4
7/1/2024,12:00,873.6
7/1/2024,12:15,1207.2
7/1/2024,12:30,1382.4
7/1/2024,12:45,1321.2
7/1/2024,13:00,1652.4
7/1/2024,13:15,1656
7/1/2024,13:30,1675.2
7/1/2024,13:45,1258.8
7/1/2024,14:00,1558.8
7/1/2024,14:15,1455.6
7/1/2024,14:30,1347.6
7/1/2024,14:45,1040.4
7/1/2024,15:00,1534.8
7/1/2024,15:15,1142.4
7/1/2024,15:30,1238.4
7/1/2024,15:45,1455.6
7/1/2024,16:00,1552.8
7/1/2024,16:15,1543.2
7/1/2024,16:30,1080
7/1/2024,16:45,1305.6
7/1/2024,17:00,1092
7/1/2024,17:15,1455.6
7/1/2024,17:30,1360.8
7/1/2024,17:45,1222.8
7/1/2024,18:00,1239.6
7/1/2024,18:15,1255.2
7/1/2024,18:30,1533.6
7/1/2024,18:45,746.4
7/1/2024,19:00,300
7/1/2024,19:15,513.6
7/1/2024,19:30,517.2
7/1/2024,19:45,532.8
7/1/2024,20:00,499.2
7/1/2024,20:15,361.2
7/1/2024,20:30,529.2
7/1/2024,20:45,540
7/1/2024,21:00,345.6
7/1/2024,21:15,541.2
7/1/2024,21:30,366
7/1/2024,21:45,520.8
7/1/2024,22:00,484.8
7/1/2024,22:15,363.6
7/1/2024,22:30,543.6
7/1/2024,22:45,510
7/1/2024,23:00,534
7/1/2024,23:15,571.2
7/1/2024,23:30,310.8
7/1/2024,23:45,586.8
7/2/2024,0:00,537.6
7/2/2024,0:15,355.2
7/2/2024,0:30,379.2
7/2/2024,0:45,322.8
7/2/2024,1:00,348
7/2/2024,1:15,295.2
7/2/2024,1:30,331.2
7/2/2024,1:45,550.8
7/2/2024,2:00,381.6
7/2/2024,2:15,458.4
7/2/2024,2:30,662.4
7/2/2024,2:45,558
7/2/2024,3:00,288
7/2/2024,3:15,540
7/2/2024,3:30,536.4
7/2/2024,3:45,634.8
7/2/2024,4:00,513.6
7/2/2024,4:15,549.6
7/2/2024,4:30,384
7/2/2024,4:45,552
7/2/2024,5:00,229.2
7/2/2024,5:15,277.2
7/2/2024,5:30,421.2
7/2/2024,5:45,297.6
7/2/2024,6:00,456
7/2/2024,6:15,340.8
7/2/2024,6:30,378
7/2/2024,6:45,346.8
7/2/2024,7:00,360
7/2/2024,7:15,634.8
7/2/2024,7:30,1076.4
7/2/2024,7:45,1585.2
7/2/2024,8:00,1756.8
7/2/2024,8:15,1555.2
7/2/2024,8:30,1562.4
7/2/2024,8:45,1269.6
7/2/2024,9:00,1513.2
7/2/2024,9:15,1384.8
7/2/2024,9:30,1500
7/2/2024,9:45,1591.2
7/2/2024,10:00,1371.6
7/2/2024,10:15,1593.6
7/2/2024,10:30,1610.4
7/2/2024,10:45,1286.4
7/2/2024,11:00,1540.8
7/2/2024,11:15,942
7/2/2024,11:30,1178.4
7/2/2024,11:45,1159.2
7/2/2024,12:00,1670.4
7/2/2024,12:15,2595.6
7/2/2024,12:30,2815.2
7/2/2024,12:45,2791.2
7/2/2024,13:00,3042
7/2/2024,13:15,3265.2
7/2/2024,13:30,3405.6
7/2/2024,13:45,3422.4
7/2/2024,14:00,4328.4
7/2/2024,14:15,3499.2
7/2/2024,14:30,4424.4
7/2/2024,14:45,4621.2
7/2/2024,15:00,4480.8
7/2/2024,15:15,4650
7/2/2024,15:30,4717.2
7/2/2024,15:45,4380
7/2/2024,16:00,4444.8
7/2/2024,16:15,4652.4
7/2/2024,16:30,4626
7/2/2024,16:45,4095.6
7/2/2024,17:00,3618
7/2/2024,17:15,4044
7/2/2024,17:30,3802.8
7/2/2024,17:45,4694.4
7/2/2024,18:00,4479.6
7/2/2024,18:15,4664.4
7/2/2024,18:30,4462.8
7/2/2024,18:45,3804
7/2/2024,19:00,3193.2
7/2/2024,19:15,3590.4
7/2/2024,19:30,3553.2
7/2/2024,19:45,3525.6
7/2/2024,20:00,3322.8
7/2/2024,20:15,3826.8
7/2/2024,20:30,3291.6
7/2/2024,20:45,3704.4
7/2/2024,21:00,3730.8
7/2/2024,21:15,3182.4
7/2/2024,21:30,3336
7/2/2024,21:45,3696
7/2/2024,22:00,2793.6
7/2/2024,22:15,3310.8
7/2/2024,22:30,3782.4
7/2/2024,22:45,3759.6
7/2/2024,23:00,3792
7/2/2024,23:15,2702.4
7/2/2024,23:30,2758.8
7/2/2024,23:45,2794.8
7/3/2024,0:00,3802.8
7/3/2024,0:15,2954.4
7/3/2024,0:30,3223.2
7/3/2024,0:45,3733.2
7/3/2024,1:00,2920.8
7/3/2024,1:15,3224.4
7/3/2024,1:30,3710.4
7/3/2024,1:45,3709.2
7/3/2024,2:00,3402
7/3/2024,2:15,3285.6
7/3/2024,2:30,3720
7/3/2024,2:45,3279.6
7/3/2024,3:00,3000
7/3/2024,3:15,3664.8
7/3/2024,3:30,3265.2
7/3/2024,3:45,3406.8
7/3/2024,4:00,3421.2
7/3/2024,4:15,3382.8
7/3/2024,4:30,3386.4
7/3/2024,4:45,3438
7/3/2024,5:00,3385.2
7/3/2024,5:15,2593.2
7/3/2024,5:30,3333.6
7/3/2024,5:45,3426
7/3/2024,6:00,3319.2
7/3/2024,6:15,3500.4
7/3/2024,6:30,3483.6
7/3/2024,6:45,3472.8
7/3/2024,7:00,3524.4
7/3/2024,7:15,3546
7/3/2024,7:30,3050.4
7/3/2024,7:45,4444.8
7/3/2024,8:00,3822
7/3/2024,8:15,4476
7/3/2024,8:30,3668.4
7/3/2024,8:45,4017.6
7/3/2024,9:00,4455.6
7/3/2024,9:15,3919.2
7/3/2024,9:30,3661.2
7/3/2024,9:45,3560.4
7/3/2024,10:00,4530
7/3/2024,10:15,4468.8
7/3/2024,10:30,4560
7/3/2024,10:45,4699.2
7/3/2024,11:00,4302
7/3/2024,11:15,3865.2
7/3/2024,11:30,3517.2
7/3/2024,11:45,3027.6
7/3/2024,12:00,4081.2
7/3/2024,12:15,3462
7/3/2024,12:30,4471.2
7/3/2024,12:45,4720.8
7/3/2024,13:00,3954
7/3/2024,13:15,4242
7/3/2024,13:30,4448.4
7/3/2024,13:45,4064.4
7/3/2024,14:00,4603.2
7/3/2024,14:15,4550.4
7/3/2024,14:30,4560
7/3/2024,14:45,4768.8
7/3/2024,15:00,4485.6
7/3/2024,15:15,3633.6
7/3/2024,15:30,4707.6
7/3/2024,15:45,4610.4
7/3/2024,16:00,4183.2
7/3/2024,16:15,3646.8
7/3/2024,16:30,3482.4
7/3/2024,16:45,1749.6
7/3/2024,17:00,2073.6
7/3/2024,17:15,2163.6
7/3/2024,17:30,1755.6
7/3/2024,17:45,2030.4
7/3/2024,18:00,2724
7/3/2024,18:15,3165.6
7/3/2024,18:30,3364.8
7/3/2024,18:45,3009.6
7/3/2024,19:00,3135.6
7/3/2024,19:15,3448.8
7/3/2024,19:30,2508
7/3/2024,19:45,3518.4
7/3/2024,20:00,3566.4
7/3/2024,20:15,3782.4
7/3/2024,20:30,3806.4
7/3/2024,20:45,3506.4
7/3/2024,21:00,2490
7/3/2024,21:15,2652
7/3/2024,21:30,4215.6
7/3/2024,21:45,2763.6
7/3/2024,22:00,3596.4
7/3/2024,22:15,3550.8
7/3/2024,22:30,3290.4
7/3/2024,22:45,2938.8
7/3/2024,23:00,3033.6
7/3/2024,23:15,2343.6
7/3/2024,23:30,3448.8
7/3/2024,23:45,3507.6
7/4/2024,0:00,2655.6
7/4/2024,0:15,2538
7/4/2024,0:30,2557.2
7/4/2024,0:45,3747.6
7/4/2024,1:00,3342
7/4/2024,1:15,3660
7/4/2024,1:30,2964
7/4/2024,1:45,2968.8
7/4/2024,2:00,2840.4
7/4/2024,2:15,2890.8
7/4/2024,2:30,2868
7/4/2024,2:45,2740.8
7/4/2024,3:00,2524.8
7/4/2024,3:15,3452.4
7/4/2024,3:30,3439.2
7/4/2024,3:45,3124.8
7/4/2024,4:00,2726.4
7/4/2024,4:15,3460.8
7/4/2024,4:30,2540.4
7/4/2024,4:45,3450
7/4/2024,5:00,3085.2
7/4/2024,5:15,3416.4
7/4/2024,5:30,3571.2
7/4/2024,5:45,3496.8
7/4/2024,6:00,3484.8
7/4/2024,6:15,3439.2
7/4/2024,6:30,2954.4
7/4/2024,6:45,3450
7/4/2024,7:00,2890.8
7/4/2024,7:15,2821.2
7/4/2024,7:30,3852
7/4/2024,7:45,3202.8
7/4/2024,8:00,4420.8
7/4/2024,8:15,4526.4
7/4/2024,8:30,4141.2
7/4/2024,8:45,3693.6
7/4/2024,9:00,3273.6
7/4/2024,9:15,3208.8
7/4/2024,9:30,3442.8
7/4/2024,9:45,3182.4
7/4/2024,10:00,3920.4
7/4/2024,10:15,4786.8
7/4/2024,10:30,4138.8
7/4/2024,10:45,3344.4
7/4/2024,11:00,3723.6
7/4/2024,11:15,3309.6
7/4/2024,11:30,3561.6
7/4/2024,11:45,2677.2
7/4/2024,12:00,3159.6
7/4/2024,12:15,3466.8
7/4/2024,12:30,4599.6
7/4/2024,12:45,4342.8
7/4/2024,13:00,4236
7/4/2024,13:15,4297.2
7/4/2024,13:30,3705.6
7/4/2024,13:45,4834.8
7/4/2024,14:00,4458
7/4/2024,14:15,4717.2
7/4/2024,14:30,3498
7/4/2024,14:45,4495.2
7/4/2024,15:00,4684.8
7/4/2024,15:15,3694.8
7/4/2024,15:30,3928.8
7/4/2024,15:45,3727.2
7/4/2024,16:00,4095.6
7/4/2024,16:15,3553.2
7/4/2024,16:30,3538.8
7/4/2024,16:45,4424.4
7/4/2024,17:00,4129.2
7/4/2024,17:15,3465.6
7/4/2024,17:30,4233.6
7/4/2024,17:45,4294.8
7/4/2024,18:00,3217.2
7/4/2024,18:15,2949.6
7/4/2024,18:30,3452.4
7/4/2024,18:45,3406.8
7/4/2024,19:00,3410.4
7/4/2024,19:15,3705.6
7/4/2024,19:30,2480.4
7/4/2024,19:45,2653.2
7/4/2024,20:00,3640.8
7/4/2024,20:15,3445.2
7/4/2024,20:30,2388
7/4/2024,20:45,2949.6
7/4/2024,21:00,3544.8
7/4/2024,21:15,3513.6
7/4/2024,21:30,3631.2
7/4/2024,21:45,2785.2
7/4/2024,22:00,3024
7/4/2024,22:15,3441.6
7/4/2024,22:30,2822.4
7/4/2024,22:45,2768.4
7/4/2024,23:00,2816.4
7/4/2024,23:15,2524.8
7/4/2024,23:30,2830.8
7/4/2024,23:45,2120.4
7/5/2024,0:00,3571.2
7/5/2024,0:15,2662.8
7/5/2024,0:30,2484
7/5/2024,0:45,3124.8
7/5/2024,1:00,1286.4
7/5/2024,1:15,772.8
7/5/2024,1:30,906
7/5/2024,1:45,888
7/5/2024,2:00,1582.8
7/5/2024,2:15,2072.4
7/5/2024,2:30,2275.2
7/5/2024,2:45,2426.4
7/5/2024,3:00,2827.2
7/5/2024,3:15,2208
7/5/2024,3:30,2480.4
7/5/2024,3:45,2342.4
7/5/2024,4:00,2412
7/5/2024,4:15,2359.2
7/5/2024,4:30,2906.4
7/5/2024,4:45,3238.8
7/5/2024,5:00,2904
7/5/2024,5:15,2794.8
7/5/2024,5:30,3307.2
7/5/2024,5:45,3294
7/5/2024,6:00,2547.6
7/5/2024,6:15,2470.8
7/5/2024,6:30,3346.8
7/5/2024,6:45,3322.8
7/5/2024,7:00,3337.2
7/5/2024,7:15,3603.6
7/5/2024,7:30,3625.2
7/5/2024,7:45,4617.6
7/5/2024,8:00,4660.8
7/5/2024,8:15,4516.8
7/5/2024,8:30,3651.6
7/5/2024,8:45,3808.8
7/5/2024,9:00,3542.4
7/5/2024,9:15,4328.4
7/5/2024,9:30,4436.4
7/5/2024,9:45,3961.2
7/5/2024,10:00,3570
7/5/2024,10:15,3872.4
7/5/2024,10:30,3697.2
7/5/2024,10:45,3842.4
7/5/2024,11:00,4532.4
7/5/2024,11:15,3146.4
7/5/2024,11:30,3327.6
7/5/2024,11:45,2764.8
7/5/2024,12:00,3568.8
7/5/2024,12:15,3175.2
7/5/2024,12:30,4501.2
7/5/2024,12:45,3639.6
7/5/2024,13:00,3112.8
7/5/2024,13:15,4225.2
7/5/2024,13:30,4353.6
7/5/2024,13:45,3206.4
7/5/2024,14:00,3157.2
7/5/2024,14:15,3075.6
7/5/2024,14:30,3357.6
7/5/2024,14:45,4028.4
7/5/2024,15:00,3831.6
7/5/2024,15:15,3754.8
7/5/2024,15:30,3427.2
7/5/2024,15:45,4473.6
7/5/2024,16:00,3678
7/5/2024,16:15,3555.6
7/5/2024,16:30,3202.8
7/5/2024,16:45,4093.2
7/5/2024,17:00,3060
7/5/2024,17:15,3019.2
7/5/2024,17:30,2668.8
7/5/2024,17:45,3554.4
7/5/2024,18:00,4303.2
7/5/2024,18:15,2941.2
7/5/2024,18:30,3213.6
7/5/2024,18:45,3210
7/5/2024,19:00,2188.8
7/5/2024,19:15,2412
7/5/2024,19:30,2256
7/5/2024,19:45,2704.8
7/5/2024,20:00,3314.4
7/5/2024,20:15,2337.6
7/5/2024,20:30,2478
7/5/2024,20:45,2568
7/5/2024,21:00,3519.6
7/5/2024,21:15,3654
7/5/2024,21:30,2540.4
7/5/2024,21:45,2377.2
7/5/2024,22:00,3628.8
7/5/2024,22:15,3590.4
7/5/2024,22:30,3436.8
7/5/2024,22:45,3133.2
7/5/2024,23:00,3668.4
7/5/2024,23:15,2497.2
7/5/2024,23:30,2534.4
7/5/2024,23:45,2588.4
7/6/2024,0:00,3177.6
7/6/2024,0:15,2973.6
7/6/2024,0:30,3606
7/6/2024,0:45,2797.2
7/6/2024,1:00,2678.4
7/6/2024,1:15,3396
7/6/2024,1:30,2457.6
7/6/2024,1:45,2534.4
7/6/2024,2:00,2336.4
7/6/2024,2:15,3585.6
7/6/2024,2:30,2334
7/6/2024,2:45,2904
7/6/2024,3:00,3314.4
7/6/2024,3:15,2808
7/6/2024,3:30,2356.8
7/6/2024,3:45,3373.2
7/6/2024,4:00,864
7/6/2024,4:15,721.2
7/6/2024,4:30,678
7/6/2024,4:45,640.8
7/6/2024,5:00,619.2
7/6/2024,5:15,654
7/6/2024,5:30,1612.8
7/6/2024,5:45,2104.8
7/6/2024,6:00,1951.2
7/6/2024,6:15,2145.6
7/6/2024,6:30,2223.6
7/6/2024,6:45,2539.2
7/6/2024,7:00,3342
7/6/2024,7:15,3139.2
7/6/2024,7:30,2767.2
7/6/2024,7:45,3436.8
7/6/2024,8:00,4260
7/6/2024,8:15,3668.4
7/6/2024,8:30,3237.6
7/6/2024,8:45,3458.4
7/6/2024,9:00,4002
7/6/2024,9:15,3288
7/6/2024,9:30,3992.4
7/6/2024,9:45,3127.2
7/6/2024,10:00,2968.8
7/6/2024,10:15,3276
7/6/2024,10:30,3810
7/6/2024,10:45,4254
7/6/2024,11:00,3448.8
7/6/2024,11:15,3705.6
7/6/2024,11:30,2385.6
7/6/2024,11:45,2298
7/6/2024,12:00,3597.6
7/6/2024,12:15,3686.4
7/6/2024,12:30,3456
7/6/2024,12:45,4124.4
7/6/2024,13:00,3710.4
7/6/2024,13:15,4400.4
7/6/2024,13:30,3444
7/6/2024,13:45,4611.6
7/6/2024,14:00,4441.2
7/6/2024,14:15,3435.6
7/6/2024,14:30,3633.6
7/6/2024,14:45,4192.8
7/6/2024,15:00,4009.2
7/6/2024,15:15,4249.2
7/6/2024,15:30,4231.2
7/6/2024,15:45,4434
7/6/2024,16:00,4250.4
7/6/2024,16:15,4460.4
7/6/2024,16:30,3081.6
7/6/2024,16:45,4232.4
7/6/2024,17:00,3379.2
7/6/2024,17:15,4219.2
7/6/2024,17:30,3808.8
7/6/2024,17:45,4123.2
7/6/2024,18:00,2930.4
7/6/2024,18:15,3294
7/6/2024,18:30,3361.2
7/6/2024,18:45,3277.2
7/6/2024,19:00,3297.6
7/6/2024,19:15,2394
7/6/2024,19:30,2701.2
7/6/2024,19:45,2456.4
7/6/2024,20:00,3318
7/6/2024,20:15,3259.2
7/6/2024,20:30,3260.4
7/6/2024,20:45,3238.8
7/6/2024,21:00,2258.4
7/6/2024,21:15,2215.2
7/6/2024,21:30,3147.6
7/6/2024,21:45,2182.8
7/6/2024,22:00,2689.2
7/6/2024,22:15,3254.4
7/6/2024,22:30,2318.4
7/6/2024,22:45,2956.8
7/6/2024,23:00,3222
7/6/2024,23:15,2362.8
7/6/2024,23:30,3252
7/6/2024,23:45,3250.8
7/7/2024,0:00,3306
7/7/2024,0:15,3225.6
7/7/2024,0:30,2982
7/7/2024,0:45,3248.4
7/7/2024,1:00,3276
7/7/2024,1:15,3265.2
7/7/2024,1:30,3268.8
7/7/2024,1:45,3200.4
7/7/2024,2:00,3248.4
7/7/2024,2:15,2481.6
7/7/2024,2:30,3266.4
7/7/2024,2:45,3262.8
7/7/2024,3:00,3237.6
7/7/2024,3:15,2677.2
7/7/2024,3:30,3224.4
7/7/2024,3:45,3220.8
7/7/2024,4:00,2521.2
7/7/2024,4:15,3207.6
7/7/2024,4:30,2488.8
7/7/2024,4:45,2354.4
7/7/2024,5:00,3165.6
7/7/2024,5:15,3166.8
7/7/2024,5:30,3267.6
7/7/2024,5:45,2260.8
7/7/2024,6:00,2221.2
7/7/2024,6:15,3222
7/7/2024,6:30,2524.8
7/7/2024,6:45,2918.4
7/7/2024,7:00,2389.2
7/7/2024,7:15,2892
7/7/2024,7:30,2972.4
7/7/2024,7:45,2611.2
7/7/2024,8:00,3310.8
7/7/2024,8:15,3324
7/7/2024,8:30,3351.6
7/7/2024,8:45,2836.8
7/7/2024,9:00,2894.4
7/7/2024,9:15,2482.8
7/7/2024,9:30,3351.6
7/7/2024,9:45,3295.2
7/7/2024,10:00,3237.6
7/7/2024,10:15,3349.2
7/7/2024,10:30,3328.8
7/7/2024,10:45,3246
7/7/2024,11:00,2461.2
7/7/2024,11:15,3242.4
7/7/2024,11:30,2394
7/7/2024,11:45,3361.2
7/7/2024,12:00,2906.4
7/7/2024,12:15,2422.8
7/7/2024,12:30,2882.4
7/7/2024,12:45,3410.4
7/7/2024,13:00,3379.2
7/7/2024,13:15,3325.2
7/7/2024,13:30,2884.8
7/7/2024,13:45,3319.2
7/7/2024,14:00,3406.8
7/7/2024,14:15,3346.8
7/7/2024,14:30,3326.4
7/7/2024,14:45,3385.2
7/7/2024,15:00,3318
7/7/2024,15:15,3340.8
7/7/2024,15:30,3272.4
7/7/2024,15:45,2809.2
7/7/2024,16:00,3286.8
7/7/2024,16:15,3298.8
7/7/2024,16:30,2944.8
7/7/2024,16:45,3302.4
7/7/2024,17:00,3321.6
7/7/2024,17:15,2439.6
7/7/2024,17:30,3268.8
7/7/2024,17:45,2322
7/7/2024,18:00,3423.6
7/7/2024,18:15,3402
7/7/2024,18:30,3180
7/7/2024,18:45,3298.8
7/7/2024,19:00,3244.8
7/7/2024,19:15,2913.6
7/7/2024,19:30,3187.2
7/7/2024,19:45,3296.4
7/7/2024,20:00,2368.8
7/7/2024,20:15,3248.4
7/7/2024,20:30,2959.2
7/7/2024,20:45,3322.8
7/7/2024,21:00,3267.6
7/7/2024,21:15,2515.2
7/7/2024,21:30,3315.6
7/7/2024,21:45,3276
7/7/2024,22:00,3300
7/7/2024,22:15,2708.4
7/7/2024,22:30,2816.4
7/7/2024,22:45,2436
7/7/2024,23:00,3349.2
7/7/2024,23:15,2532
7/7/2024,23:30,3266.4
7/7/2024,23:45,2241.6
7/8/2024,0:00,2706
7/8/2024,0:15,2206.8
7/8/2024,0:30,2761.2
7/8/2024,0:45,3264
7/8/2024,1:00,2385.6
7/8/2024,1:15,3331.2
7/8/2024,1:30,2804.4
7/8/2024,1:45,3262.8
7/8/2024,2:00,3370.8
7/8/2024,2:15,2611.2
7/8/2024,2:30,3312
7/8/2024,2:45,3228
7/8/2024,3:00,3267.6
7/8/2024,3:15,3272.4
7/8/2024,3:30,3313.2
7/8/2024,3:45,3259.2
7/8/2024,4:00,3338.4
7/8/2024,4:15,3319.2
7/8/2024,4:30,3344.4
7/8/2024,4:45,3268.8
7/8/2024,5:00,3290.4
7/8/2024,5:15,3340.8
7/8/2024,5:30,3424.8
7/8/2024,5:45,3349.2
7/8/2024,6:00,3308.4
7/8/2024,6:15,3301.2
7/8/2024,6:30,3337.2
7/8/2024,6:45,3258
7/8/2024,7:00,3484.8
7/8/2024,7:15,3523.2
7/8/2024,7:30,3880.8
7/8/2024,7:45,4152
7/8/2024,8:00,3961.2
7/8/2024,8:15,4576.8
7/8/2024,8:30,4352.4
7/8/2024,8:45,4184.4
7/8/2024,9:00,4225.2
7/8/2024,9:15,3516
7/8/2024,9:30,4200
7/8/2024,9:45,3889.2
7/8/2024,10:00,3810
7/8/2024,10:15,4774.8
7/8/2024,10:30,4474.8
7/8/2024,10:45,3763.2
7/8/2024,11:00,4540.8
7/8/2024,11:15,3939.6
7/8/2024,11:30,3519.6
7/8/2024,11:45,3085.2
7/8/2024,12:00,3304.8
7/8/2024,12:15,3565.2
7/8/2024,12:30,4093.2
7/8/2024,12:45,4804.8
7/8/2024,13:00,3662.4
7/8/2024,13:15,4652.4
7/8/2024,13:30,4599.6
7/8/2024,13:45,3720
7/8/2024,14:00,3704.4
7/8/2024,14:15,4486.8
7/8/2024,14:30,4242
7/8/2024,14:45,3936
7/8/2024,15:00,4275.6
7/8/2024,15:15,4434
7/8/2024,15:30,3614.4
7/8/2024,15:45,3427.2
7/8/2024,16:00,3280.8
7/8/2024,16:15,3216
7/8/2024,16:30,2842.8
7/8/2024,16:45,4095.6
7/8/2024,17:00,3104.4
7/8/2024,17:15,3104.4
7/8/2024,17:30,3573.6
7/8/2024,17:45,4132.8
7/8/2024,18:00,4360.8
7/8/2024,18:15,4496.4
7/8/2024,18:30,3066
7/8/2024,18:45,3414
7/8/2024,19:00,3418.8
7/8/2024,19:15,3111.6
7/8/2024,19:30,2733.6
7/8/2024,19:45,2690.4
7/8/2024,20:00,3548.4
7/8/2024,20:15,2640
7/8/2024,20:30,3129.6
7/8/2024,20:45,3306
7/8/2024,21:00,3624
7/8/2024,21:15,3044.4
7/8/2024,21:30,2464.8
7/8/2024,21:45,3141.6
7/8/2024,22:00,3320.4
7/8/2024,22:15,3190.8
7/8/2024,22:30,2914.8
7/8/2024,22:45,3420
7/8/2024,23:00,2722.8
7/8/2024,23:15,2503.2
7/8/2024,23:30,2367.6
7/8/2024,23:45,3040.8
7/9/2024,0:00,3362.4
7/9/2024,0:15,2431.2
7/9/2024,0:30,3268.8
7/9/2024,0:45,3356.4
7/9/2024,1:00,3386.4
7/9/2024,1:15,3123.6
7/9/2024,1:30,2529.6
7/9/2024,1:45,2502
7/9/2024,2:00,3501.6
7/9/2024,2:15,3514.8
7/9/2024,2:30,2637.6
7/9/2024,2:45,2583.6
7/9/2024,3:00,2977.2
7/9/2024,3:15,3572.4
7/9/2024,3:30,3405.6
7/9/2024,3:45,3610.8
7/9/2024,4:00,2757.6
7/9/2024,4:15,2724
7/9/2024,4:30,2758.8
7/9/2024,4:45,2536.8
7/9/2024,5:00,3388.8
7/9/2024,5:15,2768.4
7/9/2024,5:30,3027.6
7/9/2024,5:45,3356.4
7/9/2024,6:00,2408.4
7/9/2024,6:15,2904
7/9/2024,6:30,2064
7/9/2024,6:45,2136
7/9/2024,7:00,2610
7/9/2024,7:15,2908.8
7/9/2024,7:30,2564.4
7/9/2024,7:45,3840
7/9/2024,8:00,4024.8
7/9/2024,8:15,3891.6
7/9/2024,8:30,3778.8
7/9/2024,8:45,3382.8
7/9/2024,9:00,3350.4
7/9/2024,9:15,2649.6
7/9/2024,9:30,3028.8
7/9/2024,9:45,3115.2
7/9/2024,10:00,3098.4
7/9/2024,10:15,3489.6
7/9/2024,10:30,4042.8
7/9/2024,10:45,4688.4
7/9/2024,11:00,3561.6
7/9/2024,11:15,4088.4
7/9/2024,11:30,2791.2
7/9/2024,11:45,3655.2
7/9/2024,12:00,4273.2
7/9/2024,12:15,3892.8
7/9/2024,12:30,4309.2
7/9/2024,12:45,4028.4
7/9/2024,13:00,4027.2
7/9/2024,13:15,4297.2
7/9/2024,13:30,4081.2
7/9/2024,13:45,4285.2
7/9/2024,14:00,4304.4
7/9/2024,14:15,4366.8
7/9/2024,14:30,4296
7/9/2024,14:45,3266.4
7/9/2024,15:00,3308.4
7/9/2024,15:15,3460.8
7/9/2024,15:30,4443.6
7/9/2024,15:45,4429.2
7/9/2024,16:00,3543.6
7/9/2024,16:15,4670.4
7/9/2024,16:30,4365.6
7/9/2024,16:45,4362
7/9/2024,17:00,4174.8
7/9/2024,17:15,4290
7/9/2024,17:30,4094.4
7/9/2024,17:45,4350
7/9/2024,18:00,4352.4
7/9/2024,18:15,3478.8
7/9/2024,18:30,3150
7/9/2024,18:45,2365.2
7/9/2024,19:00,2323.2
7/9/2024,19:15,3394.8
7/9/2024,19:30,2566.8
7/9/2024,19:45,2382
7/9/2024,20:00,2562
7/9/2024,20:15,3561.6
7/9/2024,20:30,2426.4
7/9/2024,20:45,2384.4
7/9/2024,21:00,2475.6
7/9/2024,21:15,2832
7/9/2024,21:30,3024
7/9/2024,21:45,3051.6
7/9/2024,22:00,3562.8
7/9/2024,22:15,2554.8
7/9/2024,22:30,3014.4
7/9/2024,22:45,3355.2
7/9/2024,23:00,3074.4
7/9/2024,23:15,3334.8
7/9/2024,23:30,2402.4
7/9/2024,23:45,2323.2
7/10/2024,0:00,2329.2
7/10/2024,0:15,2803.2
7/10/2024,0:30,3428.4
7/10/2024,0:45,2619.6
7/10/2024,1:00,3433.2
7/10/2024,1:15,2671.2
7/10/2024,1:30,3724.8
7/10/2024,1:45,3652.8
7/10/2024,2:00,3775.2
7/10/2024,2:15,3676.8
7/10/2024,2:30,3643.2
7/10/2024,2:45,3646.8
7/10/2024,3:00,2793.6
7/10/2024,3:15,2888.4
7/10/2024,3:30,2738.4
7/10/2024,3:45,3502.8
7/10/2024,4:00,2664
7/10/2024,4:15,2538
7/10/2024,4:30,3349.2
7/10/2024,4:45,2610
7/10/2024,5:00,3180
7/10/2024,5:15,3645.6
7/10/2024,5:30,2858.4
7/10/2024,5:45,2776.8
7/10/2024,6:00,2532
7/10/2024,6:15,3318
7/10/2024,6:30,2409.6
7/10/2024,6:45,2338.8
7/10/2024,7:00,3386.4
7/10/2024,7:15,2546.4
7/10/2024,7:30,3055.2
7/10/2024,7:45,3193.2
7/10/2024,8:00,4332
7/10/2024,8:15,4352.4
7/10/2024,8:30,4500
7/10/2024,8:45,4579.2
7/10/2024,9:00,4392
7/10/2024,9:15,4335.6
7/10/2024,9:30,4216.8
7/10/2024,9:45,3788.4
7/10/2024,10:00,3772.8
7/10/2024,10:15,4266
7/10/2024,10:30,3830.4
7/10/2024,10:45,4189.2
7/10/2024,11:00,3632.4
7/10/2024,11:15,3333.6
7/10/2024,11:30,3880.8
7/10/2024,11:45,4030.8
7/10/2024,12:00,2973.6
7/10/2024,12:15,3645.6
7/10/2024,12:30,4664.4
7/10/2024,12:45,4406.4
7/10/2024,13:00,4498.8
7/10/2024,13:15,4075.2
7/10/2024,13:30,4322.4
7/10/2024,13:45,3748.8
7/10/2024,14:00,3513.6
7/10/2024,14:15,3928.8
7/10/2024,14:30,3266.4
7/10/2024,14:45,4309.2
7/10/2024,15:00,4545.6
7/10/2024,15:15,3285.6
7/10/2024,15:30,4135.2
7/10/2024,15:45,3860.4
7/10/2024,16:00,4443.6
7/10/2024,16:15,3482.4
7/10/2024,16:30,3602.4
7/10/2024,16:45,3541.2
7/10/2024,17:00,3495.6
7/10/2024,17:15,3938.4
7/10/2024,17:30,3642
7/10/2024,17:45,4208.4
7/10/2024,18:00,3441.6
7/10/2024,18:15,3936
7/10/2024,18:30,3256.8
7/10/2024,18:45,4312.8
7/10/2024,19:00,2866.8
7/10/2024,19:15,2602.8
7/10/2024,19:30,3278.4
7/10/2024,19:45,3520.8
7/10/2024,20:00,3736.8
7/10/2024,20:15,2755.2
7/10/2024,20:30,2738.4
7/10/2024,20:45,3238.8
7/10/2024,21:00,3843.6
7/10/2024,21:15,2661.6
7/10/2024,21:30,2656.8
7/10/2024,21:45,2923.2
7/10/2024,22:00,2822.4
7/10/2024,22:15,3427.2
7/10/2024,22:30,2782.8
7/10/2024,22:45,2863.2
7/10/2024,23:00,2661.6
7/10/2024,23:15,2665.2
7/10/2024,23:30,3544.8
7/10/2024,23:45,2954.4
7/11/2024,0:00,2886
7/11/2024,0:15,2422.8
7/11/2024,0:30,2437.2
7/11/2024,0:45,3088.8
7/11/2024,1:00,2709.6
7/11/2024,1:15,2463.6
7/11/2024,1:30,2667.6
7/11/2024,1:45,3810
7/11/2024,2:00,3796.8
7/11/2024,2:15,3068.4
7/11/2024,2:30,3612
7/11/2024,2:45,3793.2
7/11/2024,3:00,2769.6
7/11/2024,3:15,2817.6
7/11/2024,3:30,2469.6
7/11/2024,3:45,3030
7/11/2024,4:00,3721.2
7/11/2024,4:15,3435.6
7/11/2024,4:30,3478.8
7/11/2024,4:45,3576
7/11/2024,5:00,3744
7/11/2024,5:15,3682.8
7/11/2024,5:30,3496.8
7/11/2024,5:45,3429.6
7/11/2024,6:00,2438.4
7/11/2024,6:15,2320.8
7/11/2024,6:30,3391.2
7/11/2024,6:45,3368.4
7/11/2024,7:00,2550
7/11/2024,7:15,3637.2
7/11/2024,7:30,3757.2
7/11/2024,7:45,4179.6
7/11/2024,8:00,3990
7/11/2024,8:15,4390.8
7/11/2024,8:30,4123.2
7/11/2024,8:45,3162
7/11/2024,9:00,3482.4
7/11/2024,9:15,3886.8
7/11/2024,9:30,3270
7/11/2024,9:45,3400.8
7/11/2024,10:00,3543.6
7/11/2024,10:15,3277.2
7/11/2024,10:30,4411.2
7/11/2024,10:45,4239.6
7/11/2024,11:00,3997.2
7/11/2024,11:15,3847.2
7/11/2024,11:30,3844.8
7/11/2024,11:45,2962.8
7/11/2024,12:00,3183.6
7/11/2024,12:15,4305.6
7/11/2024,12:30,4287.6
7/11/2024,12:45,3856.8
7/11/2024,13:00,4168.8
7/11/2024,13:15,4173.6
7/11/2024,13:30,4238.4
7/11/2024,13:45,4280.4
7/11/2024,14:00,3688.8
7/11/2024,14:15,4264.8
7/11/2024,14:30,4288.8
7/11/2024,14:45,3931.2
7/11/2024,15:00,4573.2
7/11/2024,15:15,4029.6
7/11/2024,15:30,3854.4
7/11/2024,15:45,3524.4
7/11/2024,16:00,4616.4
7/11/2024,16:15,3705.6
7/11/2024,16:30,4504.8
7/11/2024,16:45,3742.8
7/11/2024,17:00,3583.2
7/11/2024,17:15,4495.2
7/11/2024,17:30,4480.8
7/11/2024,17:45,4316.4
7/11/2024,18:00,4323.6
7/11/2024,18:15,4272
7/11/2024,18:30,3351.6
7/11/2024,18:45,4138.8
7/11/2024,19:00,3753.6
7/11/2024,19:15,3600
7/11/2024,19:30,3697.2
7/11/2024,19:45,2762.4
7/11/2024,20:00,3471.6
7/11/2024,20:15,3523.2
7/11/2024,20:30,3621.6
7/11/2024,20:45,3145.2
7/11/2024,21:00,3565.2
7/11/2024,21:15,3538.8
7/11/2024,21:30,2719.2
7/11/2024,21:45,3550.8
7/11/2024,22:00,3511.2
7/11/2024,22:15,3678
7/11/2024,22:30,3614.4
7/11/2024,22:45,2607.6
7/11/2024,23:00,2810.4
7/11/2024,23:15,3634.8
7/11/2024,23:30,3728.4
7/11/2024,23:45,2774.4
7/12/2024,0:00,3609.6
7/12/2024,0:15,3591.6
7/12/2024,0:30,3682.8
7/12/2024,0:45,3495.6
7/12/2024,1:00,3634.8
7/12/2024,1:15,3541.2
7/12/2024,1:30,3536.4
7/12/2024,1:45,3488.4
7/12/2024,2:00,2565.6
7/12/2024,2:15,2515.2
7/12/2024,2:30,2470.8
7/12/2024,2:45,3543.6
7/12/2024,3:00,2563.2
7/12/2024,3:15,2623.2
7/12/2024,3:30,3135.6
7/12/2024,3:45,3474
7/12/2024,4:00,3525.6
7/12/2024,4:15,3507.6
7/12/2024,4:30,3585.6
7/12/2024,4:45,3518.4
7/12/2024,5:00,3522
7/12/2024,5:15,3482.4
7/12/2024,5:30,3446.4
7/12/2024,5:45,3470.4
7/12/2024,6:00,3151.2
7/12/2024,6:15,2893.2
7/12/2024,6:30,1923.6
7/12/2024,6:45,2571.6
7/12/2024,7:00,2722.8
7/12/2024,7:15,1960.8
7/12/2024,7:30,2134.8
7/12/2024,7:45,2408.4
7/12/2024,8:00,2053.2
7/12/2024,8:15,2559.6
7/12/2024,8:30,3034.8
7/12/2024,8:45,3176.4
7/12/2024,9:00,1832.4
7/12/2024,9:15,1869.6
7/12/2024,9:30,1590
7/12/2024,9:45,1818
7/12/2024,10:00,2649.6
7/12/2024,10:15,2935.2
7/12/2024,10:30,3106.8
7/12/2024,10:45,3324
7/12/2024,11:00,3369.6
7/12/2024,11:15,2727.6
7/12/2024,11:30,3040.8
7/12/2024,11:45,3128.4
7/12/2024,12:00,3324
7/12/2024,12:15,3391.2
7/12/2024,12:30,3339.6
7/12/2024,12:45,3211.2
7/12/2024,13:00,4244.4
7/12/2024,13:15,3360
7/12/2024,13:30,3373.2
7/12/2024,13:45,3280.8
7/12/2024,14:00,3336
7/12/2024,14:15,3663.6
7/12/2024,14:30,4117.2
7/12/2024,14:45,3662.4
7/12/2024,15:00,4306.8
7/12/2024,15:15,3625.2
7/12/2024,15:30,4262.4
7/12/2024,15:45,3771.6
7/12/2024,16:00,3721.2
7/12/2024,16:15,4016.4
7/12/2024,16:30,4525.2
7/12/2024,16:45,3404.4
7/12/2024,17:00,3776.4
7/12/2024,17:15,3223.2
7/12/2024,17:30,4041.6
7/12/2024,17:45,3205.2
7/12/2024,18:00,3615.6
7/12/2024,18:15,3951.6
7/12/2024,18:30,3933.6
7/12/2024,18:45,3954
7/12/2024,19:00,3158.4
7/12/2024,19:15,3478.8
7/12/2024,19:30,3470.4
7/12/2024,19:45,2629.2
7/12/2024,20:00,2461.2
7/12/2024,20:15,2563.2
7/12/2024,20:30,2364
7/12/2024,20:45,2899.2
7/12/2024,21:00,2539.2
7/12/2024,21:15,3410.4
7/12/2024,21:30,3501.6
7/12/2024,21:45,3444
7/12/2024,22:00,2878.8
7/12/2024,22:15,2613.6
7/12/2024,22:30,2985.6
7/12/2024,22:45,3463.2
7/12/2024,23:00,2414.4
7/12/2024,23:15,2343.6
7/12/2024,23:30,3428.4
7/12/2024,23:45,3390
7/13/2024,0:00,3417.6
7/13/2024,0:15,3082.8
7/13/2024,0:30,3384
7/13/2024,0:45,2576.4
7/13/2024,1:00,3444
7/13/2024,1:15,3446.4
7/13/2024,1:30,2479.2
7/13/2024,1:45,2480.4
7/13/2024,2:00,2584.8
7/13/2024,2:15,2559.6
7/13/2024,2:30,3352.8
7/13/2024,2:45,2894.4
7/13/2024,3:00,2606.4
7/13/2024,3:15,3460.8
7/13/2024,3:30,2577.6
7/13/2024,3:45,2599.2
7/13/2024,4:00,2498.4
7/13/2024,4:15,3366
7/13/2024,4:30,3578.4
7/13/2024,4:45,2968.8
7/13/2024,5:00,2300.4
7/13/2024,5:15,3465.6
7/13/2024,5:30,3405.6
7/13/2024,5:45,2382
7/13/2024,6:00,2970
7/13/2024,6:15,3439.2
7/13/2024,6:30,2828.4
7/13/2024,6:45,2407.2
7/13/2024,7:00,2798.4
7/13/2024,7:15,3013.2
7/13/2024,7:30,2614.8
7/13/2024,7:45,4064.4
7/13/2024,8:00,3267.6
7/13/2024,8:15,3704.4
7/13/2024,8:30,4059.6
7/13/2024,8:45,3943.2
7/13/2024,9:00,3625.2
7/13/2024,9:15,3092.4
7/13/2024,9:30,3940.8
7/13/2024,9:45,4034.4
7/13/2024,10:00,3906
7/13/2024,10:15,3192
7/13/2024,10:30,3820.8
7/13/2024,10:45,3987.6
7/13/2024,11:00,3886.8
7/13/2024,11:15,2624.4
7/13/2024,11:30,2595.6
7/13/2024,11:45,2652
7/13/2024,12:00,3482.4
7/13/2024,12:15,3103.2
7/13/2024,12:30,3798
7/13/2024,12:45,3670.8
7/13/2024,13:00,4646.4
7/13/2024,13:15,3634.8
7/13/2024,13:30,3357.6
7/13/2024,13:45,3525.6
7/13/2024,14:00,3774
7/13/2024,14:15,3718.8
7/13/2024,14:30,3423.6
7/13/2024,14:45,4213.2
7/13/2024,15:00,4023.6
7/13/2024,15:15,3973.2
7/13/2024,15:30,4066.8
7/13/2024,15:45,3710.4
7/13/2024,16:00,3453.6
7/13/2024,16:15,3745.2
7/13/2024,16:30,3883.2
7/13/2024,16:45,4324.8
7/13/2024,17:00,3948
7/13/2024,17:15,3219.6
7/13/2024,17:30,3529.2
7/13/2024,17:45,3734.4
7/13/2024,18:00,3999.6
7/13/2024,18:15,4474.8
7/13/2024,18:30,3698.4
7/13/2024,18:45,3246
7/13/2024,19:00,2836.8
7/13/2024,19:15,3322.8
7/13/2024,19:30,2500.8
7/13/2024,19:45,2484
7/13/2024,20:00,2886
7/13/2024,20:15,3468
7/13/2024,20:30,3439.2
7/13/2024,20:45,3060
7/13/2024,21:00,2919.6
7/13/2024,21:15,2473.2
7/13/2024,21:30,3504
7/13/2024,21:45,2462.4
7/13/2024,22:00,2430
7/13/2024,22:15,3471.6
7/13/2024,22:30,3040.8
7/13/2024,22:45,2643.6
7/13/2024,23:00,3489.6
7/13/2024,23:15,2392.8
7/13/2024,23:30,2437.2
7/13/2024,23:45,3428.4
7/14/2024,0:00,3403.2
7/14/2024,0:15,2380.8
7/14/2024,0:30,3344.4
7/14/2024,0:45,2469.6
7/14/2024,1:00,2556
7/14/2024,1:15,3333.6
7/14/2024,1:30,2520
7/14/2024,1:45,2462.4
7/14/2024,2:00,2478
7/14/2024,2:15,2716.8
7/14/2024,2:30,2311.2
7/14/2024,2:45,2270.4
7/14/2024,3:00,2984.4
7/14/2024,3:15,3409.2
7/14/2024,3:30,3364.8
7/14/2024,3:45,2418
7/14/2024,4:00,2425.2
7/14/2024,4:15,3319.2
7/14/2024,4:30,2358
7/14/2024,4:45,2349.6
7/14/2024,5:00,3309.6
7/14/2024,5:15,3375.6
7/14/2024,5:30,2426.4
7/14/2024,5:45,2852.4
7/14/2024,6:00,3397.2
7/14/2024,6:15,2982
7/14/2024,6:30,2790
7/14/2024,6:45,2302.8
7/14/2024,7:00,2170.8
7/14/2024,7:15,2564.4
7/14/2024,7:30,3331.2
7/14/2024,7:45,3820.8
7/14/2024,8:00,4636.8
7/14/2024,8:15,3714
7/14/2024,8:30,4651.2
7/14/2024,8:45,4770
7/14/2024,9:00,4768.8
7/14/2024,9:15,3837.6
7/14/2024,9:30,4717.2
7/14/2024,9:45,4892.4
7/14/2024,10:00,4528.8
7/14/2024,10:15,4542
7/14/2024,10:30,4650
7/14/2024,10:45,4698
7/14/2024,11:00,4420.8
7/14/2024,11:15,4075.2
7/14/2024,11:30,3757.2
7/14/2024,11:45,3834
7/14/2024,12:00,4194
7/14/2024,12:15,3674.4
7/14/2024,12:30,3973.2
7/14/2024,12:45,4572
7/14/2024,13:00,4774.8
7/14/2024,13:15,4820.4
7/14/2024,13:30,4710
7/14/2024,13:45,4196.4
7/14/2024,14:00,4896
7/14/2024,14:15,4696.8
7/14/2024,14:30,3733.2
7/14/2024,14:45,3760.8
7/14/2024,15:00,4322.4
7/14/2024,15:15,4815.6
7/14/2024,15:30,4623.6
7/14/2024,15:45,4830
7/14/2024,16:00,4032
7/14/2024,16:15,3932.4
7/14/2024,16:30,3982.8
7/14/2024,16:45,3987.6
7/14/2024,17:00,4377.6
7/14/2024,17:15,3619.2
7/14/2024,17:30,3553.2
7/14/2024,17:45,4455.6
7/14/2024,18:00,3938.4
7/14/2024,18:15,3685.2
7/14/2024,18:30,3796.8
7/14/2024,18:45,3600
7/14/2024,19:00,3232.8
7/14/2024,19:15,2530.8
7/14/2024,19:30,2539.2
7/14/2024,19:45,2419.2
7/14/2024,20:00,2392.8
7/14/2024,20:15,3019.2
7/14/2024,20:30,3433.2
7/14/2024,20:45,2458.8
7/14/2024,21:00,2526
7/14/2024,21:15,3468
7/14/2024,21:30,3421.2
7/14/2024,21:45,3480
7/14/2024,22:00,3482.4
7/14/2024,22:15,3504
7/14/2024,22:30,3484.8
7/14/2024,22:45,3483.6
7/14/2024,23:00,3500.4
7/14/2024,23:15,3410.4
7/14/2024,23:30,3458.4
7/14/2024,23:45,3486
7/15/2024,0:00,3410.4
7/15/2024,0:15,3418.8
7/15/2024,0:30,3481.2
7/15/2024,0:45,3478.8
7/15/2024,1:00,2539.2
7/15/2024,1:15,2718
7/15/2024,1:30,3412.8
7/15/2024,1:45,2424
7/15/2024,2:00,3436.8
7/15/2024,2:15,2922
7/15/2024,2:30,3391.2
7/15/2024,2:45,2631.6
7/15/2024,3:00,2426.4
7/15/2024,3:15,3027.6
7/15/2024,3:30,3357.6
7/15/2024,3:45,3390
7/15/2024,4:00,2475.6
7/15/2024,4:15,3358.8
7/15/2024,4:30,3408
7/15/2024,4:45,3457.2
7/15/2024,5:00,3392.4
7/15/2024,5:15,3399.6
7/15/2024,5:30,3378
7/15/2024,5:45,3451.2
7/15/2024,6:00,2542.8
7/15/2024,6:15,3356.4
7/15/2024,6:30,2788.8
7/15/2024,6:45,3361.2
7/15/2024,7:00,2595.6
7/15/2024,7:15,3628.8
7/15/2024,7:30,2905.2
7/15/2024,7:45,3613.2
7/15/2024,8:00,4034.4
7/15/2024,8:15,3543.6
7/15/2024,8:30,3524.4
7/15/2024,8:45,3633.6
7/15/2024,9:00,4492.8
7/15/2024,9:15,3643.2
7/15/2024,9:30,4232.4
7/15/2024,9:45,4011.6
7/15/2024,10:00,4026
7/15/2024,10:15,3669.6
7/15/2024,10:30,4396.8
7/15/2024,10:45,4606.8
7/15/2024,11:00,4177.2
7/15/2024,11:15,3958.8
7/15/2024,11:30,2721.6
7/15/2024,11:45,2836.8
7/15/2024,12:00,4062
7/15/2024,12:15,3222
7/15/2024,12:30,4291.2
7/15/2024,12:45,3745.2
7/15/2024,13:00,4610.4
7/15/2024,13:15,3954
7/15/2024,13:30,4749.6
7/15/2024,13:45,4729.2
7/15/2024,14:00,3841.2
7/15/2024,14:15,3717.6
7/15/2024,14:30,3844.8
7/15/2024,14:45,3783.6
7/15/2024,15:00,3810
7/15/2024,15:15,3824.4
7/15/2024,15:30,4575.6
7/15/2024,15:45,3882
7/15/2024,16:00,4810.8
7/15/2024,16:15,4758
7/15/2024,16:30,3951.6
7/15/2024,16:45,3906
7/15/2024,17:00,4436.4
7/15/2024,17:15,3663.6
7/15/2024,17:30,4504.8
7/15/2024,17:45,3585.6
7/15/2024,18:00,3528
7/15/2024,18:15,4119.6
7/15/2024,18:30,3736.8
7/15/2024,18:45,3126
7/15/2024,19:00,3519.6
7/15/2024,19:15,3592.8
7/15/2024,19:30,2931.6
7/15/2024,19:45,2382
7/15/2024,20:00,2379.6
7/15/2024,20:15,2354.4
7/15/2024,20:30,2373.6
7/15/2024,20:45,2331.6
7/15/2024,21:00,3450
7/15/2024,21:15,2876.4
7/15/2024,21:30,2418
7/15/2024,21:45,2918.4
7/15/2024,22:00,2486.4
7/15/2024,22:15,2630.4
7/15/2024,22:30,2337.6
7/15/2024,22:45,2488.8
7/15/2024,23:00,2272.8
7/15/2024,23:15,2697.6
7/15/2024,23:30,2295.6
7/15/2024,23:45,2269.2
7/16/2024,0:00,2707.2
7/16/2024,0:15,2295.6
7/16/2024,0:30,2782.8
7/16/2024,0:45,2880
7/16/2024,1:00,2384.4
7/16/2024,1:15,3309.6
7/16/2024,1:30,2307.6
7/16/2024,1:45,3247.2
7/16/2024,2:00,2704.8
7/16/2024,2:15,2263.2
7/16/2024,2:30,2305.2
7/16/2024,2:45,2320.8
7/16/2024,3:00,2700
7/16/2024,3:15,2394
7/16/2024,3:30,2384.4
7/16/2024,3:45,2743.2
7/16/2024,4:00,2296.8
7/16/2024,4:15,2253.6
7/16/2024,4:30,2340
7/16/2024,4:45,2200.8
7/16/2024,5:00,3183.6
7/16/2024,5:15,2293.2
7/16/2024,5:30,2269.2
7/16/2024,5:45,2206.8
7/16/2024,6:00,2803.2
7/16/2024,6:15,2184
7/16/2024,6:30,2194.8
7/16/2024,6:45,2187.6
7/16/2024,7:00,2410.8
7/16/2024,7:15,2418
7/16/2024,7:30,1098
7/16/2024,7:45,1662
7/16/2024,8:00,1765.2
7/16/2024,8:15,2016
7/16/2024,8:30,1944
7/16/2024,8:45,1596
7/16/2024,9:00,1749.6
7/16/2024,9:15,1892.4
7/16/2024,9:30,2434.8
7/16/2024,9:45,3441.6
7/16/2024,10:00,3446.4
7/16/2024,10:15,3397.2
7/16/2024,10:30,3667.2
7/16/2024,10:45,3482.4
7/16/2024,11:00,3786
7/16/2024,11:15,3931.2
7/16/2024,11:30,3338.4
7/16/2024,11:45,3489.6
7/16/2024,12:00,2970
7/16/2024,12:15,3885.6
7/16/2024,12:30,4510.8
7/16/2024,12:45,3936
7/16/2024,13:00,3970.8
7/16/2024,13:15,3777.6
7/16/2024,13:30,3640.8
7/16/2024,13:45,4778.4
7/16/2024,14:00,4748.4
7/16/2024,14:15,4520.4
7/16/2024,14:30,3800.4
7/16/2024,14:45,4680
7/16/2024,15:00,4424.4
7/16/2024,15:15,4705.2
7/16/2024,15:30,3538.8
7/16/2024,15:45,4682.4
7/16/2024,16:00,4759.2
7/16/2024,16:15,4831.2
7/16/2024,16:30,4629.6
7/16/2024,16:45,3759.6
7/16/2024,17:00,4629.6
7/16/2024,17:15,4453.2
7/16/2024,17:30,4671.6
7/16/2024,17:45,3699.6
7/16/2024,18:00,4147.2
7/16/2024,18:15,4023.6
7/16/2024,18:30,3570
7/16/2024,18:45,4077.6
7/16/2024,19:00,3405.6
7/16/2024,19:15,3529.2
7/16/2024,19:30,3427.2
7/16/2024,19:45,2536.8
7/16/2024,20:00,3430.8
7/16/2024,20:15,2457.6
7/16/2024,20:30,3445.2
7/16/2024,20:45,2804.4
7/16/2024,21:00,3345.6
7/16/2024,21:15,3350.4
7/16/2024,21:30,2354.4
7/16/2024,21:45,2853.6
7/16/2024,22:00,2848.8
7/16/2024,22:15,3430.8
7/16/2024,22:30,3417.6
7/16/2024,22:45,3387.6
7/16/2024,23:00,2342.4
7/16/2024,23:15,2259.6
7/16/2024,23:30,2220
7/16/2024,23:45,2238
7/17/2024,0:00,3196.8
7/17/2024,0:15,3230.4
7/17/2024,0:30,2818.8
7/17/2024,0:45,3277.2
7/17/2024,1:00,2725.2
7/17/2024,1:15,2168.4
7/17/2024,1:30,2732.4
7/17/2024,1:45,3240
7/17/2024,2:00,2251.2
7/17/2024,2:15,2456.4
7/17/2024,2:30,2646
7/17/2024,2:45,3152.4
7/17/2024,3:00,2355.6
7/17/2024,3:15,2311.2
7/17/2024,3:30,2347.2
7/17/2024,3:45,2797.2
7/17/2024,4:00,2746.8
7/17/2024,4:15,2402.4
7/17/2024,4:30,2804.4
7/17/2024,4:45,2265.6
7/17/2024,5:00,2216.4
7/17/2024,5:15,3241.2
7/17/2024,5:30,2625.6
7/17/2024,5:45,2625.6
7/17/2024,6:00,2413.2
7/17/2024,6:15,2280
7/17/2024,6:30,3247.2
7/17/2024,6:45,3271.2
7/17/2024,7:00,2355.6
7/17/2024,7:15,2864.4
7/17/2024,7:30,2532
7/17/2024,7:45,3426
7/17/2024,8:00,4116
7/17/2024,8:15,4476
7/17/2024,8:30,4881.6
7/17/2024,8:45,4582.8
7/17/2024,9:00,4411.2
7/17/2024,9:15,4506
7/17/2024,9:30,4317.6
7/17/2024,9:45,3286.8
7/17/2024,10:00,3528
7/17/2024,10:15,3866.4
7/17/2024,10:30,3709.2
7/17/2024,10:45,4642.8
7/17/2024,11:00,4828.8
7/17/2024,11:15,3212.4
7/17/2024,11:30,3178.8
7/17/2024,11:45,3372
7/17/2024,12:00,4119.6
7/17/2024,12:15,3391.2
7/17/2024,12:30,4399.2
7/17/2024,12:45,4688.4
7/17/2024,13:00,4694.4
7/17/2024,13:15,4484.4
7/17/2024,13:30,4616.4
7/17/2024,13:45,3890.4
7/17/2024,14:00,4681.2
7/17/2024,14:15,3630
7/17/2024,14:30,4315.2
7/17/2024,14:45,4960.8
7/17/2024,15:00,4453.2
7/17/2024,15:15,4525.2
7/17/2024,15:30,3790.8
7/17/2024,15:45,4586.4
7/17/2024,16:00,4369.2
7/17/2024,16:15,3922.8
7/17/2024,16:30,4490.4
7/17/2024,16:45,3921.6
7/17/2024,17:00,4489.2
7/17/2024,17:15,4591.2
7/17/2024,17:30,4162.8
7/17/2024,17:45,4424.4
7/17/2024,18:00,4395.6
7/17/2024,18:15,3222
7/17/2024,18:30,2775.6
7/17/2024,18:45,2776.8
7/17/2024,19:00,2841.6
7/17/2024,19:15,3242.4
7/17/2024,19:30,2698.8
7/17/2024,19:45,3072
7/17/2024,20:00,3248.4
7/17/2024,20:15,3316.8
7/17/2024,20:30,2500.8
7/17/2024,20:45,2456.4
7/17/2024,21:00,2559.6
7/17/2024,21:15,2283.6
7/17/2024,21:30,2248.8
7/17/2024,21:45,2199.6
7/17/2024,22:00,2197.2
7/17/2024,22:15,2262
7/17/2024,22:30,2302.8
7/17/2024,22:45,2326.8
7/17/2024,23:00,3276
7/17/2024,23:15,3255.6
7/17/2024,23:30,2282.4
7/17/2024,23:45,3276
7/18/2024,0:00,2299.2
7/18/2024,0:15,2356.8
7/18/2024,0:30,2822.4
7/18/2024,0:45,2330.4
7/18/2024,1:00,2331.6
7/18/2024,1:15,2354.4
7/18/2024,1:30,3304.8
7/18/2024,1:45,2484
7/18/2024,2:00,2372.4
7/18/2024,2:15,3224.4
7/18/2024,2:30,2421.6
7/18/2024,2:45,2310
7/18/2024,3:00,2274
7/18/2024,3:15,3222
7/18/2024,3:30,3282
7/18/2024,3:45,3270
7/18/2024,4:00,2896.8
7/18/2024,4:15,3391.2
7/18/2024,4:30,2526
7/18/2024,4:45,2310
7/18/2024,5:00,2376
7/18/2024,5:15,3306
7/18/2024,5:30,3369.6
7/18/2024,5:45,3315.6
7/18/2024,6:00,2318.4
7/18/2024,6:15,3284.4
7/18/2024,6:30,2340
7/18/2024,6:45,3340.8
7/18/2024,7:00,2318.4
7/18/2024,7:15,1341.6
7/18/2024,7:30,1244.4
7/18/2024,7:45,2533.2
7/18/2024,8:00,2538
7/18/2024,8:15,1957.2
7/18/2024,8:30,1686
7/18/2024,8:45,1747.2
7/18/2024,9:00,2428.8
7/18/2024,9:15,1875.6
7/18/2024,9:30,2654.4
7/18/2024,9:45,3715.2
7/18/2024,10:00,3442.8
7/18/2024,10:15,3556.8
7/18/2024,10:30,3427.2
7/18/2024,10:45,3405.6
7/18/2024,11:00,3805.2
7/18/2024,11:15,3675.6
7/18/2024,11:30,2580
7/18/2024,11:45,2569.2
7/18/2024,12:00,3776.4
7/18/2024,12:15,2809.2
7/18/2024,12:30,3020.4
7/18/2024,12:45,3718.8
7/18/2024,13:00,3895.2
7/18/2024,13:15,3490.8
7/18/2024,13:30,1824
7/18/2024,13:45,1755.6
7/18/2024,14:00,2307.6
7/18/2024,14:15,2149.2
7/18/2024,14:30,1941.6
7/18/2024,14:45,2419.2
7/18/2024,15:00,2907.6
7/18/2024,15:15,3256.8
7/18/2024,15:30,3406.8
7/18/2024,15:45,3350.4
7/18/2024,16:00,3716.4
7/18/2024,16:15,4723.2
7/18/2024,16:30,4120.8
7/18/2024,16:45,3762
7/18/2024,17:00,4000.8
7/18/2024,17:15,4190.4
7/18/2024,17:30,4354.8
7/18/2024,17:45,3405.6
7/18/2024,18:00,3183.6
7/18/2024,18:15,3171.6
7/18/2024,18:30,3534
7/18/2024,18:45,3084
7/18/2024,19:00,3738
7/18/2024,19:15,2906.4
7/18/2024,19:30,2322
7/18/2024,19:45,2355.6
7/18/2024,20:00,3289.2
7/18/2024,20:15,2270.4
7/18/2024,20:30,3265.2
7/18/2024,20:45,3234
7/18/2024,21:00,2374.8
7/18/2024,21:15,3390
7/18/2024,21:30,2328
7/18/2024,21:45,3332.4
7/18/2024,22:00,2354.4
7/18/2024,22:15,2293.2
7/18/2024,22:30,2449.2
7/18/2024,22:45,3355.2
7/18/2024,23:00,2911.2
7/18/2024,23:15,3339.6
7/18/2024,23:30,2709.6
7/18/2024,23:45,3300
7/19/2024,0:00,2433.6
7/19/2024,0:15,3295.2
7/19/2024,0:30,2788.8
7/19/2024,0:45,3319.2
7/19/2024,1:00,2308.8
7/19/2024,1:15,3328.8
7/19/2024,1:30,3333.6
7/19/2024,1:45,3294
7/19/2024,2:00,3346.8
7/19/2024,2:15,3327.6
7/19/2024,2:30,2490
7/19/2024,2:45,2503.2
7/19/2024,3:00,3296.4
7/19/2024,3:15,3254.4
7/19/2024,3:30,2469.6
7/19/2024,3:45,2442
7/19/2024,4:00,2827.2
7/19/2024,4:15,3290.4
7/19/2024,4:30,3373.2
7/19/2024,4:45,3316.8
7/19/2024,5:00,2730
7/19/2024,5:15,2540.4
7/19/2024,5:30,2278.8
7/19/2024,5:45,3195.6
7/19/2024,6:00,3211.2
7/19/2024,6:15,2895.6
7/19/2024,6:30,2422.8
7/19/2024,6:45,3301.2
7/19/2024,7:00,3264
7/19/2024,7:15,3529.2
7/19/2024,7:30,3668.4
7/19/2024,7:45,4070.4
7/19/2024,8:00,4219.2
7/19/2024,8:15,4140
7/19/2024,8:30,3351.6
7/19/2024,8:45,3748.8
7/19/2024,9:00,4426.8
7/19/2024,9:15,3896.4
7/19/2024,9:30,4730.4
7/19/2024,9:45,4336.8
7/19/2024,10:00,4336.8
7/19/2024,10:15,4045.2
7/19/2024,10:30,3558
7/19/2024,10:45,4616.4
7/19/2024,11:00,4530
7/19/2024,11:15,3996
7/19/2024,11:30,3552
7/19/2024,11:45,3580.8
7/19/2024,12:00,3134.4
7/19/2024,12:15,3771.6
7/19/2024,12:30,3576
7/19/2024,12:45,4573.2
7/19/2024,13:00,4132.8
7/19/2024,13:15,3693.6
7/19/2024,13:30,3718.8
7/19/2024,13:45,3604.8
7/19/2024,14:00,4608
7/19/2024,14:15,4201.2
7/19/2024,14:30,4884
7/19/2024,14:45,3424.8
7/19/2024,15:00,3594
7/19/2024,15:15,3459.6
7/19/2024,15:30,3320.4
7/19/2024,15:45,4078.8
7/19/2024,16:00,4660.8
7/19/2024,16:15,3964.8
7/19/2024,16:30,4624.8
7/19/2024,16:45,4652.4
7/19/2024,17:00,4162.8
7/19/2024,17:15,4128
7/19/2024,17:30,3850.8
7/19/2024,17:45,4244.4
7/19/2024,18:00,3495.6
7/19/2024,18:15,4164
7/19/2024,18:30,3576
7/19/2024,18:45,4149.6
7/19/2024,19:00,3523.2
7/19/2024,19:15,3535.2
7/19/2024,19:30,3435.6
7/19/2024,19:45,3374.4
7/19/2024,20:00,3392.4
7/19/2024,20:15,3400.8
7/19/2024,20:30,2392.8
7/19/2024,20:45,2325.6
7/19/2024,21:00,2348.4
7/19/2024,21:15,3445.2
7/19/2024,21:30,3080.4
7/19/2024,21:45,3368.4
7/19/2024,22:00,2415.6
7/19/2024,22:15,3375.6
7/19/2024,22:30,3442.8
7/19/2024,22:45,3430.8
7/19/2024,23:00,2564.4
7/19/2024,23:15,2379.6
7/19/2024,23:30,3362.4
7/19/2024,23:45,3000
7/20/2024,0:00,3420
7/20/2024,0:15,3318
7/20/2024,0:30,2430
7/20/2024,0:45,3471.6
7/20/2024,1:00,2485.2
7/20/2024,1:15,2427.6
7/20/2024,1:30,3320.4
7/20/2024,1:45,3346.8
7/20/2024,2:00,3277.2
7/20/2024,2:15,3349.2
7/20/2024,2:30,3492
7/20/2024,2:45,2808
7/20/2024,3:00,3322.8
7/20/2024,3:15,3411.6
7/20/2024,3:30,3394.8
7/20/2024,3:45,2900.4
7/20/2024,4:00,3375.6
7/20/2024,4:15,2950.8
7/20/2024,4:30,3348
7/20/2024,4:45,2727.6
7/20/2024,5:00,3307.2
7/20/2024,5:15,2380.8
7/20/2024,5:30,3433.2
7/20/2024,5:45,3398.4
7/20/2024,6:00,3398.4
7/20/2024,6:15,3034.8
7/20/2024,6:30,3343.2
7/20/2024,6:45,2953.2
7/20/2024,7:00,3392.4
7/20/2024,7:15,3633.6
7/20/2024,7:30,2822.4
7/20/2024,7:45,3211.2
7/20/2024,8:00,4212
7/20/2024,8:15,4515.6
7/20/2024,8:30,3912
7/20/2024,8:45,4698
7/20/2024,9:00,4662
7/20/2024,9:15,4364.4
7/20/2024,9:30,4861.2
7/20/2024,9:45,4440
7/20/2024,10:00,4398
7/20/2024,10:15,4834.8
7/20/2024,10:30,3553.2
7/20/2024,10:45,4513.2
7/20/2024,11:00,4472.4
7/20/2024,11:15,4206
7/20/2024,11:30,3799.2
7/20/2024,11:45,3860.4
7/20/2024,12:00,4144.8
7/20/2024,12:15,4131.6
7/20/2024,12:30,3721.2
7/20/2024,12:45,4363.2
7/20/2024,13:00,3732
7/20/2024,13:15,4462.8
7/20/2024,13:30,4597.2
7/20/2024,13:45,4731.6
7/20/2024,14:00,3687.6
7/20/2024,14:15,3463.2
7/20/2024,14:30,3127.2
7/20/2024,14:45,3073.2
7/20/2024,15:00,4618.8
7/20/2024,15:15,4299.6
7/20/2024,15:30,3909.6
7/20/2024,15:45,4454.4
7/20/2024,16:00,4532.4
7/20/2024,16:15,4512
7/20/2024,16:30,4396.8
7/20/2024,16:45,4725.6
7/20/2024,17:00,4058.4
7/20/2024,17:15,3710.4
7/20/2024,17:30,4303.2
7/20/2024,17:45,4156.8
7/20/2024,18:00,4172.4
7/20/2024,18:15,3085.2
7/20/2024,18:30,3643.2
7/20/2024,18:45,3123.6
7/20/2024,19:00,3712.8
7/20/2024,19:15,3128.4
7/20/2024,19:30,3031.2
7/20/2024,19:45,2664
7/20/2024,20:00,3394.8
7/20/2024,20:15,2516.4
7/20/2024,20:30,3477.6
7/20/2024,20:45,3405.6
7/20/2024,21:00,2892
7/20/2024,21:15,2416.8
7/20/2024,21:30,2839.2
7/20/2024,21:45,3398.4
7/20/2024,22:00,2930.4
7/20/2024,22:15,2844
7/20/2024,22:30,2991.6
7/20/2024,22:45,2317.2
7/20/2024,23:00,2248.8
7/20/2024,23:15,2412
7/20/2024,23:30,2474.4
7/20/2024,23:45,3391.2
7/21/2024,0:00,3274.8
7/21/2024,0:15,2881.2
7/21/2024,0:30,3343.2
7/21/2024,0:45,3345.6
7/21/2024,1:00,2901.6
7/21/2024,1:15,2548.8
7/21/2024,1:30,3348
7/21/2024,1:45,3388.8
7/21/2024,2:00,2998.8
7/21/2024,2:15,3350.4
7/21/2024,2:30,2336.4
7/21/2024,2:45,2330.4
7/21/2024,3:00,2354.4
7/21/2024,3:15,2443.2
7/21/2024,3:30,3349.2
7/21/2024,3:45,3435.6
7/21/2024,4:00,2463.6
7/21/2024,4:15,2860.8
7/21/2024,4:30,3381.6
7/21/2024,4:45,3342
7/21/2024,5:00,2390.4
7/21/2024,5:15,2476.8
7/21/2024,5:30,2800.8
7/21/2024,5:45,2799.6
7/21/2024,6:00,3316.8
7/21/2024,6:15,3378
7/21/2024,6:30,2373.6
7/21/2024,6:45,2364
7/21/2024,7:00,3405.6
7/21/2024,7:15,3676.8
7/21/2024,7:30,3006
7/21/2024,7:45,4476
7/21/2024,8:00,4574.4
7/21/2024,8:15,4644
7/21/2024,8:30,4801.2
7/21/2024,8:45,4629.6
7/21/2024,9:00,2095.2
7/21/2024,9:15,1582.8
7/21/2024,9:30,1648.8
7/21/2024,9:45,1594.8
7/21/2024,10:00,1797.6
7/21/2024,10:15,1328.4
7/21/2024,10:30,1218
7/21/2024,10:45,1376.4
7/21/2024,11:00,1504.8
7/21/2024,11:15,744
7/21/2024,11:30,720
7/21/2024,11:45,638.4
7/21/2024,12:00,1102.8
7/21/2024,12:15,1192.8
7/21/2024,12:30,1239.6
7/21/2024,12:45,1530
7/21/2024,13:00,1414.8
7/21/2024,13:15,1455.6
7/21/2024,13:30,1274.4
7/21/2024,13:45,1225.2
7/21/2024,14:00,1875.6
7/21/2024,14:15,2226
7/21/2024,14:30,2258.4
7/21/2024,14:45,2120.4
7/21/2024,15:00,2391.6
7/21/2024,15:15,3014.4
7/21/2024,15:30,2818.8
7/21/2024,15:45,2977.2
7/21/2024,16:00,2923.2
7/21/2024,16:15,2984.4
7/21/2024,16:30,3614.4
7/21/2024,16:45,4129.2
7/21/2024,17:00,4044
7/21/2024,17:15,3782.4
7/21/2024,17:30,3610.8
7/21/2024,17:45,2961.6
7/21/2024,18:00,2869.2
7/21/2024,18:15,2865.6
7/21/2024,18:30,1473.6
7/21/2024,18:45,790.8
7/21/2024,19:00,733.2
7/21/2024,19:15,603.6
7/21/2024,19:30,608.4
7/21/2024,19:45,643.2
7/21/2024,20:00,607.2
7/21/2024,20:15,644.4
7/21/2024,20:30,805.2
7/21/2024,20:45,1452
7/21/2024,21:00,1845.6
7/21/2024,21:15,2023.2
7/21/2024,21:30,2146.8
7/21/2024,21:45,2278.8
7/21/2024,22:00,2804.4
7/21/2024,22:15,2718
7/21/2024,22:30,3346.8
7/21/2024,22:45,2385.6
7/21/2024,23:00,3429.6
7/21/2024,23:15,2949.6
7/21/2024,23:30,2797.2
7/21/2024,23:45,2586
7/22/2024,0:00,3418.8
7/22/2024,0:15,3460.8
7/22/2024,0:30,3435.6
7/22/2024,0:45,3442.8
7/22/2024,1:00,3405.6
7/22/2024,1:15,3447.6
7/22/2024,1:30,3477.6
7/22/2024,1:45,3391.2
7/22/2024,2:00,3483.6
7/22/2024,2:15,3423.6
7/22/2024,2:30,3478.8
7/22/2024,2:45,2546.4
7/22/2024,3:00,3424.8
7/22/2024,3:15,3378
7/22/2024,3:30,3456
7/22/2024,3:45,3408
7/22/2024,4:00,3450
7/22/2024,4:15,3435.6
7/22/2024,4:30,3397.2
7/22/2024,4:45,3482.4
7/22/2024,5:00,3367.2
7/22/2024,5:15,3072
7/22/2024,5:30,2581.2
7/22/2024,5:45,3436.8
7/22/2024,6:00,3397.2
7/22/2024,6:15,2767.2
7/22/2024,6:30,2866.8
7/22/2024,6:45,3498
7/22/2024,7:00,2629.2
7/22/2024,7:15,3675.6
7/22/2024,7:30,3837.6
7/22/2024,7:45,4111.2
7/22/2024,8:00,4263.6
7/22/2024,8:15,4372.8
7/22/2024,8:30,3620.4
7/22/2024,8:45,3885.6
7/22/2024,9:00,3844.8
7/22/2024,9:15,4148.4
7/22/2024,9:30,4449.6
7/22/2024,9:45,4075.2
7/22/2024,10:00,4562.4
7/22/2024,10:15,4444.8
7/22/2024,10:30,3799.2
7/22/2024,10:45,4686
7/22/2024,11:00,3651.6
7/22/2024,11:15,3344.4
7/22/2024,11:30,3751.2
7/22/2024,11:45,3751.2
7/22/2024,12:00,4255.2
7/22/2024,12:15,4129.2
7/22/2024,12:30,4312.8
7/22/2024,12:45,4257.6
7/22/2024,13:00,4413.6
7/22/2024,13:15,4234.8
7/22/2024,13:30,4238.4
7/22/2024,13:45,4448.4
7/22/2024,14:00,4564.8
7/22/2024,14:15,4633.2
7/22/2024,14:30,4419.6
7/22/2024,14:45,4522.8
7/22/2024,15:00,4396.8
7/22/2024,15:15,4756.8
7/22/2024,15:30,4863.6
7/22/2024,15:45,4572
7/22/2024,16:00,4570.8
7/22/2024,16:15,4779.6
7/22/2024,16:30,4996.8
7/22/2024,16:45,3718.8
7/22/2024,17:00,4765.2
7/22/2024,17:15,4332
7/22/2024,17:30,3633.6
7/22/2024,17:45,3939.6
7/22/2024,18:00,4765.2
7/22/2024,18:15,4672.8
7/22/2024,18:30,2163.6
7/22/2024,18:45,1268.4
7/22/2024,19:00,514.8
7/22/2024,19:15,441.6
7/22/2024,19:30,450
7/22/2024,19:45,432
7/22/2024,20:00,409.2
7/22/2024,20:15,594
7/22/2024,20:30,730.8
7/22/2024,20:45,565.2
7/22/2024,21:00,610.8
7/22/2024,21:15,601.2
7/22/2024,21:30,558
7/22/2024,21:45,496.8
7/22/2024,22:00,854.4
7/22/2024,22:15,846
7/22/2024,22:30,585.6
7/22/2024,22:45,577.2
7/22/2024,23:00,741.6
7/22/2024,23:15,1182
7/22/2024,23:30,1398
7/22/2024,23:45,1593.6
7/23/2024,0:00,1791.6
7/23/2024,0:15,2022
7/23/2024,0:30,2272.8
7/23/2024,0:45,2384.4
7/23/2024,1:00,2473.2
7/23/2024,1:15,2746.8
7/23/2024,1:30,2736
7/23/2024,1:45,3361.2
7/23/2024,2:00,3393.6
7/23/2024,2:15,3415.2
7/23/2024,2:30,2566.8
7/23/2024,2:45,2433.6
7/23/2024,3:00,2516.4
7/23/2024,3:15,2384.4
7/23/2024,3:30,3397.2
7/23/2024,3:45,2828.4
7/23/2024,4:00,2952
7/23/2024,4:15,3350.4
7/23/2024,4:30,2324.4
7/23/2024,4:45,3388.8
7/23/2024,5:00,2420.4
7/23/2024,5:15,3363.6
7/23/2024,5:30,2479.2
7/23/2024,5:45,2901.6
7/23/2024,6:00,2371.2
7/23/2024,6:15,2740.8
7/23/2024,6:30,3276
7/23/2024,6:45,2766
7/23/2024,7:00,2432.4
7/23/2024,7:15,2566.8
7/23/2024,7:30,2730
7/23/2024,7:45,4365.6
7/23/2024,8:00,3932.4
7/23/2024,8:15,4300.8
7/23/2024,8:30,4540.8
7/23/2024,8:45,3766.8
7/23/2024,9:00,4346.4
7/23/2024,9:15,3769.2
7/23/2024,9:30,3974.4
7/23/2024,9:45,3904.8
7/23/2024,10:00,3670.8
7/23/2024,10:15,4484.4
7/23/2024,10:30,4221.6
7/23/2024,10:45,4185.6
7/23/2024,11:00,4887.6
7/23/2024,11:15,4393.2
7/23/2024,11:30,3235.2
7/23/2024,11:45,3612
7/23/2024,12:00,4333.2
7/23/2024,12:15,3402
7/23/2024,12:30,3609.6
7/23/2024,12:45,4790.4
7/23/2024,13:00,4785.6
7/23/2024,13:15,4864.8
7/23/2024,13:30,4051.2
7/23/2024,13:45,3751.2
7/23/2024,14:00,4432.8
7/23/2024,14:15,3621.6
7/23/2024,14:30,3847.2
7/23/2024,14:45,4326
7/23/2024,15:00,4702.8
7/23/2024,15:15,4389.6
7/23/2024,15:30,4342.8
7/23/2024,15:45,2010
7/23/2024,16:00,1903.2
7/23/2024,16:15,2088
7/23/2024,16:30,2648.4
7/23/2024,16:45,3319.2
7/23/2024,17:00,3708
7/23/2024,17:15,3590.4
7/23/2024,17:30,3307.2
7/23/2024,17:45,3542.4
7/23/2024,18:00,4556.4
7/23/2024,18:15,4641.6
7/23/2024,18:30,4612.8
7/23/2024,18:45,4598.4
7/23/2024,19:00,3705.6
7/23/2024,19:15,2661.6
7/23/2024,19:30,3054
7/23/2024,19:45,3482.4
7/23/2024,20:00,2589.6
7/23/2024,20:15,3482.4
7/23/2024,20:30,3394.8
7/23/2024,20:45,3374.4
7/23/2024,21:00,2997.6
7/23/2024,21:15,2397.6
7/23/2024,21:30,3331.2
7/23/2024,21:45,2919.6
7/23/2024,22:00,2799.6
7/23/2024,22:15,3285.6
7/23/2024,22:30,3498
7/23/2024,22:45,3399.6
7/23/2024,23:00,2475.6
7/23/2024,23:15,3307.2
7/23/2024,23:30,3384
7/23/2024,23:45,3400.8
7/24/2024,0:00,3416.4
7/24/2024,0:15,3321.6
7/24/2024,0:30,2458.8
7/24/2024,0:45,3342
7/24/2024,1:00,2467.2
7/24/2024,1:15,3368.4
7/24/2024,1:30,2438.4
7/24/2024,1:45,2390.4
7/24/2024,2:00,3381.6
7/24/2024,2:15,2923.2
7/24/2024,2:30,2635.2
7/24/2024,2:45,3344.4
7/24/2024,3:00,2925.6
7/24/2024,3:15,2436
7/24/2024,3:30,3369.6
7/24/2024,3:45,2965.2
7/24/2024,4:00,2868
7/24/2024,4:15,2563.2
7/24/2024,4:30,2391.6
7/24/2024,4:45,3284.4
7/24/2024,5:00,2533.2
7/24/2024,5:15,3396
7/24/2024,5:30,2439.6
7/24/2024,5:45,2398.8
7/24/2024,6:00,3363.6
7/24/2024,6:15,2418
7/24/2024,6:30,2884.8
7/24/2024,6:45,3344.4
7/24/2024,7:00,2427.6
7/24/2024,7:15,3552
7/24/2024,7:30,3862.8
7/24/2024,7:45,4558.8
7/24/2024,8:00,3986.4
7/24/2024,8:15,4772.4
7/24/2024,8:30,4437.6
7/24/2024,8:45,3777.6
7/24/2024,9:00,4984.8
7/24/2024,9:15,4544.4
7/24/2024,9:30,4567.2
7/24/2024,9:45,4765.2
7/24/2024,10:00,3724.8
7/24/2024,10:15,3550.8
7/24/2024,10:30,3525.6
7/24/2024,10:45,3577.2
7/24/2024,11:00,4250.4
7/24/2024,11:15,4167.6
7/24/2024,11:30,2677.2
7/24/2024,11:45,3458.4
7/24/2024,12:00,3235.2
7/24/2024,12:15,3038.4
7/24/2024,12:30,4629.6
7/24/2024,12:45,4941.6
7/24/2024,13:00,4844.4
7/24/2024,13:15,4352.4
7/24/2024,13:30,4814.4
7/24/2024,13:45,3782.4
7/24/2024,14:00,4658.4
7/24/2024,14:15,3682.8
7/24/2024,14:30,3378
7/24/2024,14:45,3696
7/24/2024,15:00,3706.8
7/24/2024,15:15,3532.8
7/24/2024,15:30,3441.6
7/24/2024,15:45,4092
7/24/2024,16:00,4407.6
7/24/2024,16:15,3511.2
7/24/2024,16:30,4012.8
7/24/2024,16:45,3650.4
7/24/2024,17:00,4460.4
7/24/2024,17:15,4578
7/24/2024,17:30,4586.4
7/24/2024,17:45,4267.2
7/24/2024,18:00,1789.2
7/24/2024,18:15,1448.4
7/24/2024,18:30,1347.6
7/24/2024,18:45,858
7/24/2024,19:00,435.6
7/24/2024,19:15,327.6
7/24/2024,19:30,316.8
7/24/2024,19:45,284.4
7/24/2024,20:00,253.2
7/24/2024,20:15,205.2
7/24/2024,20:30,152.4
7/24/2024,20:45,128.4
7/24/2024,21:00,94.8
7/24/2024,21:15,109.2
7/24/2024,21:30,81.6
7/24/2024,21:45,85.2
7/24/2024,22:00,85.2
7/24/2024,22:15,84
7/24/2024,22:30,87.6
7/24/2024,22:45,79.2
7/24/2024,23:00,80.4
7/24/2024,23:15,98.4
7/24/2024,23:30,81.6
7/24/2024,23:45,87.6
7/25/2024,0:00,82.8
7/25/2024,0:15,81.6
7/25/2024,0:30,86.4
7/25/2024,0:45,81.6
7/25/2024,1:00,85.2
7/25/2024,1:15,81.6
7/25/2024,1:30,91.2
7/25/2024,1:45,85.2
7/25/2024,2:00,91.2
7/25/2024,2:15,570
7/25/2024,2:30,108
7/25/2024,2:45,91.2
7/25/2024,3:00,81.6
7/25/2024,3:15,81.6
7/25/2024,3:30,85.2
7/25/2024,3:45,94.8
7/25/2024,4:00,96
7/25/2024,4:15,93.6
7/25/2024,4:30,91.2
7/25/2024,4:45,94.8
7/25/2024,5:00,97.2
7/25/2024,5:15,90
7/25/2024,5:30,94.8
7/25/2024,5:45,97.2
7/25/2024,6:00,105.6
7/25/2024,6:15,116.4
7/25/2024,6:30,91.2
7/25/2024,6:45,90
7/25/2024,7:00,333.6
7/25/2024,7:15,459.6
7/25/2024,7:30,518.4
7/25/2024,7:45,741.6
7/25/2024,8:00,1456.8
7/25/2024,8:15,1339.2
7/25/2024,8:30,1788
7/25/2024,8:45,2151.6
7/25/2024,9:00,2623.2
7/25/2024,9:15,2589.6
7/25/2024,9:30,2680.8
7/25/2024,9:45,2770.8
7/25/2024,10:00,2895.6
7/25/2024,10:15,3330
7/25/2024,10:30,3346.8
7/25/2024,10:45,3568.8
7/25/2024,11:00,4300.8
7/25/2024,11:15,3676.8
7/25/2024,11:30,3472.8
7/25/2024,11:45,3468
7/25/2024,12:00,3746.4
7/25/2024,12:15,2718
7/25/2024,12:30,2786.4
7/25/2024,12:45,3710.4
7/25/2024,13:00,4310.4
7/25/2024,13:15,4314
7/25/2024,13:30,4188
7/25/2024,13:45,4014
7/25/2024,14:00,3333.6
7/25/2024,14:15,4383.6
7/25/2024,14:30,4098
7/25/2024,14:45,4338
7/25/2024,15:00,4407.6
7/25/2024,15:15,4410
7/25/2024,15:30,4214.4
7/25/2024,15:45,4071.6
7/25/2024,16:00,4441.2
7/25/2024,16:15,3883.2
7/25/2024,16:30,4160.4
7/25/2024,16:45,4288.8
7/25/2024,17:00,3427.2
7/25/2024,17:15,3974.4
7/25/2024,17:30,4068
7/25/2024,17:45,3642
7/25/2024,18:00,3350.4
7/25/2024,18:15,2548.8
7/25/2024,18:30,2916
7/25/2024,18:45,3295.2
7/25/2024,19:00,2410.8
7/25/2024,19:15,2311.2
7/25/2024,19:30,2263.2
7/25/2024,19:45,3216
7/25/2024,20:00,3319.2
7/25/2024,20:15,3273.6
7/25/2024,20:30,3277.2
7/25/2024,20:45,3230.4
7/25/2024,21:00,3246
7/25/2024,21:15,2806.8
7/25/2024,21:30,3282
7/25/2024,21:45,2410.8
7/25/2024,22:00,3160.8
7/25/2024,22:15,3175.2
7/25/2024,22:30,3256.8
7/25/2024,22:45,3254.4
7/25/2024,23:00,2316
7/25/2024,23:15,3256.8
7/25/2024,23:30,3358.8
7/25/2024,23:45,2796
7/26/2024,0:00,2383.2
7/26/2024,0:15,3248.4
7/26/2024,0:30,3182.4
7/26/2024,0:45,3238.8
7/26/2024,1:00,3192
7/26/2024,1:15,3210
7/26/2024,1:30,2217.6
7/26/2024,1:45,2208
7/26/2024,2:00,3147.6
7/26/2024,2:15,3242.4
7/26/2024,2:30,3187.2
7/26/2024,2:45,3196.8
7/26/2024,3:00,3248.4
7/26/2024,3:15,3212.4
7/26/2024,3:30,2390.4
7/26/2024,3:45,3150
7/26/2024,4:00,2821.2
7/26/2024,4:15,3200.4
7/26/2024,4:30,3308.4
7/26/2024,4:45,3177.6
7/26/2024,5:00,3199.2
7/26/2024,5:15,2746.8
7/26/2024,5:30,2186.4
7/26/2024,5:45,2434.8
7/26/2024,6:00,2235.6
7/26/2024,6:15,2244
7/26/2024,6:30,2582.4
7/26/2024,6:45,3171.6
7/26/2024,7:00,2535.6
7/26/2024,7:15,2451.6
7/26/2024,7:30,3025.2
7/26/2024,7:45,3436.8
7/26/2024,8:00,4078.8
7/26/2024,8:15,4644
7/26/2024,8:30,4623.6
7/26/2024,8:45,4406.4
7/26/2024,9:00,3442.8
7/26/2024,9:15,4584
7/26/2024,9:30,3714
7/26/2024,9:45,3553.2
7/26/2024,10:00,4380
7/26/2024,10:15,4569.6
7/26/2024,10:30,3822
7/26/2024,10:45,4423.2
7/26/2024,11:00,3961.2
7/26/2024,11:15,2822.4
7/26/2024,11:30,2596.8
7/26/2024,11:45,2458.8
7/26/2024,12:00,3397.2
7/26/2024,12:15,3646.8
7/26/2024,12:30,3595.2
7/26/2024,12:45,4615.2
7/26/2024,13:00,4136.4
7/26/2024,13:15,3921.6
7/26/2024,13:30,3548.4
7/26/2024,13:45,3950.4
7/26/2024,14:00,4206
7/26/2024,14:15,3841.2
7/26/2024,14:30,3607.2
7/26/2024,14:45,3631.2
7/26/2024,15:00,4140
7/26/2024,15:15,4093.2
7/26/2024,15:30,3909.6
7/26/2024,15:45,3508.8
7/26/2024,16:00,3506.4
7/26/2024,16:15,2994
7/26/2024,16:30,2811.6
7/26/2024,16:45,1494
7/26/2024,17:00,1718.4
7/26/2024,17:15,1417.2
7/26/2024,17:30,1358.4
7/26/2024,17:45,1356
7/26/2024,18:00,862.8
7/26/2024,18:15,361.2
7/26/2024,18:30,201.6
7/26/2024,18:45,180
7/26/2024,19:00,145.2
7/26/2024,19:15,132
7/26/2024,19:30,138
7/26/2024,19:45,121.2
7/26/2024,20:00,63.6
7/26/2024,20:15,70.8
7/26/2024,20:30,40.8
7/26/2024,20:45,42
7/26/2024,21:00,30
7/26/2024,21:15,33.6
7/26/2024,21:30,34.8
7/26/2024,21:45,26.4
7/26/2024,22:00,31.2
7/26/2024,22:15,31.2
7/26/2024,22:30,25.2
7/26/2024,22:45,24
7/26/2024,23:00,28.8
7/26/2024,23:15,25.2
7/26/2024,23:30,31.2
7/26/2024,23:45,27.6
7/27/2024,0:00,24
7/27/2024,0:15,24
7/27/2024,0:30,25.2
7/27/2024,0:45,28.8
7/27/2024,1:00,24
7/27/2024,1:15,24
7/27/2024,1:30,25.2
7/27/2024,1:45,30
7/27/2024,2:00,24
7/27/2024,2:15,25.2
7/27/2024,2:30,25.2
7/27/2024,2:45,24
7/27/2024,3:00,28.8
7/27/2024,3:15,27.6
7/27/2024,3:30,26.4
7/27/2024,3:45,28.8
7/27/2024,4:00,24
7/27/2024,4:15,24
7/27/2024,4:30,24
7/27/2024,4:45,22.8
7/27/2024,5:00,28.8
7/27/2024,5:15,27.6
7/27/2024,5:30,24
7/27/2024,5:45,34.8
7/27/2024,6:00,28.8
7/27/2024,6:15,28.8
7/27/2024,6:30,25.2
7/27/2024,6:45,28.8
7/27/2024,7:00,30
7/27/2024,7:15,30
7/27/2024,7:30,25.2
7/27/2024,7:45,27.6
7/27/2024,8:00,37.2
7/27/2024,8:15,31.2
7/27/2024,8:30,31.2
7/27/2024,8:45,28.8
7/27/2024,9:00,39.6
7/27/2024,9:15,37.2
7/27/2024,9:30,36
7/27/2024,9:45,30
7/27/2024,10:00,55.2
7/27/2024,10:15,32.4
7/27/2024,10:30,56.4
7/27/2024,10:45,51.6
7/27/2024,11:00,46.8
7/27/2024,11:15,49.2
7/27/2024,11:30,44.4
7/27/2024,11:45,32.4
7/27/2024,12:00,37.2
7/27/2024,12:15,38.4
7/27/2024,12:30,34.8
7/27/2024,12:45,43.2
7/27/2024,13:00,43.2
7/27/2024,13:15,40.8
7/27/2024,13:30,39.6
7/27/2024,13:45,38.4
7/27/2024,14:00,40.8
7/27/2024,14:15,45.6
7/27/2024,14:30,169.2
7/27/2024,14:45,55.2
7/27/2024,15:00,36
7/27/2024,15:15,25.2
7/27/2024,15:30,193.2
7/27/2024,15:45,72
7/27/2024,16:00,66
7/27/2024,16:15,108
7/27/2024,16:30,100.8
7/27/2024,16:45,117.6
7/27/2024,17:00,61.2
7/27/2024,17:15,43.2
7/27/2024,17:30,45.6
7/27/2024,17:45,48
7/27/2024,18:00,45.6
7/27/2024,18:15,44.4
7/27/2024,18:30,49.2
7/27/2024,18:45,38.4
7/27/2024,19:00,40.8
7/27/2024,19:15,43.2
7/27/2024,19:30,48
7/27/2024,19:45,30
7/27/2024,20:00,25.2
7/27/2024,20:15,26.4
7/27/2024,20:30,31.2
7/27/2024,20:45,31.2
7/27/2024,21:00,30
7/27/2024,21:15,25.2
7/27/2024,21:30,25.2
7/27/2024,21:45,24
7/27/2024,22:00,28.8
7/27/2024,22:15,33.6
7/27/2024,22:30,30
7/27/2024,22:45,25.2
7/27/2024,23:00,24
7/27/2024,23:15,24
7/27/2024,23:30,25.2
7/27/2024,23:45,28.8
7/28/2024,0:00,25.2
7/28/2024,0:15,24
7/28/2024,0:30,24
7/28/2024,0:45,25.2
7/28/2024,1:00,25.2
7/28/2024,1:15,28.8
7/28/2024,1:30,25.2
7/28/2024,1:45,25.2
7/28/2024,2:00,24
7/28/2024,2:15,25.2
7/28/2024,2:30,25.2
7/28/2024,2:45,24
7/28/2024,3:00,25.2
7/28/2024,3:15,28.8
7/28/2024,3:30,25.2
7/28/2024,3:45,25.2
7/28/2024,4:00,27.6
7/28/2024,4:15,28.8
7/28/2024,4:30,25.2
7/28/2024,4:45,24
7/28/2024,5:00,24
7/28/2024,5:15,32.4
7/28/2024,5:30,36
7/28/2024,5:45,40.8
7/28/2024,6:00,40.8
7/28/2024,6:15,28.8
7/28/2024,6:30,28.8
7/28/2024,6:45,26.4
7/28/2024,7:00,30
7/28/2024,7:15,50.4
7/28/2024,7:30,36
7/28/2024,7:45,50.4
7/28/2024,8:00,54
7/28/2024,8:15,70.8
7/28/2024,8:30,64.8
7/28/2024,8:45,78
7/28/2024,9:00,70.8
7/28/2024,9:15,79.2
7/28/2024,9:30,82.8
7/28/2024,9:45,51.6
7/28/2024,10:00,44.4
7/28/2024,10:15,42
7/28/2024,10:30,43.2
7/28/2024,10:45,43.2
7/28/2024,11:00,45.6
7/28/2024,11:15,45.6
7/28/2024,11:30,33.6
7/28/2024,11:45,39.6
7/28/2024,12:00,43.2
7/28/2024,12:15,63.6
7/28/2024,12:30,48
7/28/2024,12:45,44.4
7/28/2024,13:00,46.8
7/28/2024,13:15,54
7/28/2024,13:30,48
7/28/2024,13:45,51.6
7/28/2024,14:00,49.2
7/28/2024,14:15,44.4
7/28/2024,14:30,40.8
7/28/2024,14:45,34.8
7/28/2024,15:00,30
7/28/2024,15:15,36
7/28/2024,15:30,31.2
7/28/2024,15:45,30
7/28/2024,16:00,44.4
7/28/2024,16:15,30
7/28/2024,16:30,36
7/28/2024,16:45,50.4
7/28/2024,17:00,27.6
7/28/2024,17:15,34.8
7/28/2024,17:30,34.8
7/28/2024,17:45,33.6
7/28/2024,18:00,33.6
7/28/2024,18:15,31.2
7/28/2024,18:30,27.6
7/28/2024,18:45,31.2
7/28/2024,19:00,26.4
7/28/2024,19:15,56.4
7/28/2024,19:30,32.4
7/28/2024,19:45,27.6
7/28/2024,20:00,32.4
7/28/2024,20:15,31.2
7/28/2024,20:30,32.4
7/28/2024,20:45,26.4
7/28/2024,21:00,32.4
7/28/2024,21:15,34.8
7/28/2024,21:30,45.6
7/28/2024,21:45,26.4
7/28/2024,22:00,32.4
7/28/2024,22:15,31.2
7/28/2024,22:30,31.2
7/28/2024,22:45,25.2
7/28/2024,23:00,26.4
7/28/2024,23:15,30
7/28/2024,23:30,31.2
7/28/2024,23:45,27.6
7/29/2024,0:00,26.4
7/29/2024,0:15,31.2
7/29/2024,0:30,26.4
7/29/2024,0:45,30
7/29/2024,1:00,32.4
7/29/2024,1:15,26.4
7/29/2024,1:30,25.2
7/29/2024,1:45,26.4
7/29/2024,2:00,30
7/29/2024,2:15,31.2
7/29/2024,2:30,28.8
7/29/2024,2:45,30
7/29/2024,3:00,28.8
7/29/2024,3:15,28.8
7/29/2024,3:30,38.4
7/29/2024,3:45,30
7/29/2024,4:00,31.2
7/29/2024,4:15,30
7/29/2024,4:30,25.2
7/29/2024,4:45,25.2
7/29/2024,5:00,28.8
7/29/2024,5:15,28.8
7/29/2024,5:30,38.4
7/29/2024,5:45,42
7/29/2024,6:00,38.4
7/29/2024,6:15,27.6
7/29/2024,6:30,28.8
7/29/2024,6:45,28.8
7/29/2024,7:00,26.4
7/29/2024,7:15,423.6
7/29/2024,7:30,460.8
7/29/2024,7:45,916.8
7/29/2024,8:00,1188
7/29/2024,8:15,1428
7/29/2024,8:30,1772.4
7/29/2024,8:45,1364.4
7/29/2024,9:00,1321.2
7/29/2024,9:15,1312.8
7/29/2024,9:30,1200
7/29/2024,9:45,1270.8
7/29/2024,10:00,1266
7/29/2024,10:15,1496.4
7/29/2024,10:30,1328.4
7/29/2024,10:45,1154.4
7/29/2024,11:00,1293.6
7/29/2024,11:15,916.8
7/29/2024,11:30,277.2
7/29/2024,11:45,282
7/29/2024,12:00,279.6
7/29/2024,12:15,302.4
7/29/2024,12:30,1249.2
7/29/2024,12:45,1383.6
7/29/2024,13:00,816
7/29/2024,13:15,961.2
7/29/2024,13:30,1515.6
7/29/2024,13:45,1432.8
7/29/2024,14:00,1116
7/29/2024,14:15,1291.2
7/29/2024,14:30,1286.4
7/29/2024,14:45,1036.8
7/29/2024,15:00,1099.2
7/29/2024,15:15,1119.6
7/29/2024,15:30,1364.4
7/29/2024,15:45,1460.4
7/29/2024,16:00,1053.6
7/29/2024,16:15,1182
7/29/2024,16:30,1152
7/29/2024,16:45,752.4
7/29/2024,17:00,1190.4
7/29/2024,17:15,912
7/29/2024,17:30,561.6
7/29/2024,17:45,589.2
7/29/2024,18:00,638.4
7/29/2024,18:15,639.6
7/29/2024,18:30,210
7/29/2024,18:45,195.6
7/29/2024,19:00,195.6
7/29/2024,19:15,129.6
7/29/2024,19:30,126
7/29/2024,19:45,166.8
7/29/2024,20:00,212.4
7/29/2024,20:15,150
7/29/2024,20:30,124.8
7/29/2024,20:45,122.4
7/29/2024,21:00,199.2
7/29/2024,21:15,214.8
7/29/2024,21:30,142.8
7/29/2024,21:45,130.8
7/29/2024,22:00,145.2
7/29/2024,22:15,228
7/29/2024,22:30,183.6
7/29/2024,22:45,134.4
7/29/2024,23:00,127.2
7/29/2024,23:15,195.6
7/29/2024,23:30,211.2
7/29/2024,23:45,134.4
7/30/2024,0:00,124.8
7/30/2024,0:15,198
7/30/2024,0:30,171.6
7/30/2024,0:45,126
7/30/2024,1:00,127.2
7/30/2024,1:15,195.6
7/30/2024,1:30,210
7/30/2024,1:45,157.2
7/30/2024,2:00,152.4
7/30/2024,2:15,169.2
7/30/2024,2:30,147.6
7/30/2024,2:45,145.2
7/30/2024,3:00,165.6
7/30/2024,3:15,163.2
7/30/2024,3:30,159.6
7/30/2024,3:45,172.8
7/30/2024,4:00,150
7/30/2024,4:15,105.6
7/30/2024,4:30,108
7/30/2024,4:45,194.4
7/30/2024,5:00,190.8
7/30/2024,5:15,121.2
7/30/2024,5:30,132
7/30/2024,5:45,130.8
7/30/2024,6:00,184.8
7/30/2024,6:15,141.6
7/30/2024,6:30,189.6
7/30/2024,6:45,147.6
7/30/2024,7:00,115.2
7/30/2024,7:15,105.6
7/30/2024,7:30,357.6
7/30/2024,7:45,642
7/30/2024,8:00,739.2
7/30/2024,8:15,868.8
7/30/2024,8:30,738
7/30/2024,8:45,699.6
7/30/2024,9:00,1065.6
7/30/2024,9:15,967.2
7/30/2024,9:30,896.4
7/30/2024,9:45,838.8
7/30/2024,10:00,957.6
7/30/2024,10:15,555.6
7/30/2024,10:30,747.6
7/30/2024,10:45,734.4
7/30/2024,11:00,604.8
7/30/2024,11:15,722.4
7/30/2024,11:30,254.4
7/30/2024,11:45,276
7/30/2024,12:00,232.8
7/30/2024,12:15,240
7/30/2024,12:30,1082.4
7/30/2024,12:45,867.6
7/30/2024,13:00,667.2
7/30/2024,13:15,1040.4
7/30/2024,13:30,956.4
7/30/2024,13:45,1065.6
7/30/2024,14:00,949.2
7/30/2024,14:15,915.6
7/30/2024,14:30,1141.2
7/30/2024,14:45,747.6
7/30/2024,15:00,720
7/30/2024,15:15,536.4
7/30/2024,15:30,978
7/30/2024,15:45,752.4
7/30/2024,16:00,706.8
7/30/2024,16:15,1008
7/30/2024,16:30,744
7/30/2024,16:45,554.4
7/30/2024,17:00,728.4
7/30/2024,17:15,740.4
7/30/2024,17:30,609.6
7/30/2024,17:45,595.2
7/30/2024,18:00,667.2
7/30/2024,18:15,272.4
7/30/2024,18:30,236.4
7/30/2024,18:45,186
7/30/2024,19:00,123.6
7/30/2024,19:15,201.6
7/30/2024,19:30,229.2
7/30/2024,19:45,145.2
7/30/2024,20:00,219.6
7/30/2024,20:15,620.4
7/30/2024,20:30,322.8
7/30/2024,20:45,232.8
7/30/2024,21:00,240
7/30/2024,21:15,262.8
7/30/2024,21:30,442.8
7/30/2024,21:45,790.8
7/30/2024,22:00,883.2
7/30/2024,22:15,1069.2
7/30/2024,22:30,1407.6
7/30/2024,22:45,1635.6
7/30/2024,23:00,1827.6
7/30/2024,23:15,1956
7/30/2024,23:30,2007.6
7/30/2024,23:45,2100
7/31/2024,0:00,2479.2
7/31/2024,0:15,2629.2
7/31/2024,0:30,2608.8
7/31/2024,0:45,2222.4
7/31/2024,1:00,2259.6
7/31/2024,1:15,2235.6
7/31/2024,1:30,3093.6
7/31/2024,1:45,3062.4
7/31/2024,2:00,2181.6
7/31/2024,2:15,2674.8
7/31/2024,2:30,2173.2
7/31/2024,2:45,2188.8
7/31/2024,3:00,2635.2
7/31/2024,3:15,2680.8
7/31/2024,3:30,3106.8
7/31/2024,3:45,3102
7/31/2024,4:00,2258.4
7/31/2024,4:15,2222.4
7/31/2024,4:30,2323.2
7/31/2024,4:45,2264.4
7/31/2024,5:00,3080.4
7/31/2024,5:15,2266.8
7/31/2024,5:30,2287.2
7/31/2024,5:45,2311.2
7/31/2024,6:00,2748
7/31/2024,6:15,2193.6
7/31/2024,6:30,2642.4
7/31/2024,6:45,2346
7/31/2024,7:00,2610
7/31/2024,7:15,3295.2
7/31/2024,7:30,2784
7/31/2024,7:45,3397.2
7/31/2024,8:00,3446.4
7/31/2024,8:15,2847.6
7/31/2024,8:30,3103.2
7/31/2024,8:45,3874.8
7/31/2024,9:00,3784.8
7/31/2024,9:15,3986.4
7/31/2024,9:30,3928.8
7/31/2024,9:45,3294
7/31/2024,10:00,3658.8
7/31/2024,10:15,3715.2
7/31/2024,10:30,3831.6
7/31/2024,10:45,4164
7/31/2024,11:00,3090
7/31/2024,11:15,3890.4
7/31/2024,11:30,3439.2
7/31/2024,11:45,3504
7/31/2024,12:00,2919.6
7/31/2024,12:15,3716.4
7/31/2024,12:30,2986.8
7/31/2024,12:45,4362
7/31/2024,13:00,4370.4
7/31/2024,13:15,3645.6
7/31/2024,13:30,4503.6
7/31/2024,13:45,3924
7/31/2024,14:00,3924
7/31/2024,14:15,4377.6
7/31/2024,14:30,3410.4
7/31/2024,14:45,4272
7/31/2024,15:00,3765.6
7/31/2024,15:15,4386
7/31/2024,15:30,4794
7/31/2024,15:45,4599.6
7/31/2024,16:00,4842
7/31/2024,16:15,3601.2
7/31/2024,16:30,4270.8
7/31/2024,16:45,3702
7/31/2024,17:00,4675.2
7/31/2024,17:15,3628.8
7/31/2024,17:30,4344
7/31/2024,17:45,3312
7/31/2024,18:00,4640.4
7/31/2024,18:15,4886.4
7/31/2024,18:30,4240.8
7/31/2024,18:45,2788.8
7/31/2024,19:00,3410.4
7/31/2024,19:15,2416.8
7/31/2024,19:30,3422.4
7/31/2024,19:45,3056.4
7/31/2024,20:00,3362.4
7/31/2024,20:15,3421.2
7/31/2024,20:30,3445.2
7/31/2024,20:45,3513.6
7/31/2024,21:00,3438
7/31/2024,21:15,3496.8
7/31/2024,21:30,3537.6
7/31/2024,21:45,3489.6
7/31/2024,22:00,3036
7/31/2024,22:15,3486
7/31/2024,22:30,3488.4
7/31/2024,22:45,3546
7/31/2024,23:00,3483.6
7/31/2024,23:15,2642.4
7/31/2024,23:30,3542.4
7/31/2024,23:45,3556.8
8/1/2024,0:00,3510
8/1/2024,0:15,3537.6
8/1/2024,0:30,3405.6
8/1/2024,0:45,3469.2
8/1/2024,1:00,3488.4
8/1/2024,1:15,2481.6
8/1/2024,1:30,3555.6
8/1/2024,1:45,3372
8/1/2024,2:00,2584.8
8/1/2024,2:15,3469.2
8/1/2024,2:30,3368.4
8/1/2024,2:45,3384
8/1/2024,3:00,3458.4
8/1/2024,3:15,3411.6
8/1/2024,3:30,3337.2
8/1/2024,3:45,3423.6
8/1/2024,4:00,3440.4
8/1/2024,4:15,3360
8/1/2024,4:30,3406.8
8/1/2024,4:45,3536.4
8/1/2024,5:00,3441.6
8/1/2024,5:15,2556
8/1/2024,5:30,2594.4
8/1/2024,5:45,2636.4
8/1/2024,6:00,3369.6
8/1/2024,6:15,3406.8
8/1/2024,6:30,2625.6
8/1/2024,6:45,2989.2
8/1/2024,7:00,3370.8
8/1/2024,7:15,3740.4
8/1/2024,7:30,3279.6
8/1/2024,7:45,4789.2
8/1/2024,8:00,3680.4
8/1/2024,8:15,4016.4
8/1/2024,8:30,4168.8
8/1/2024,8:45,4466.4
8/1/2024,9:00,4322.4
8/1/2024,9:15,4454.4
8/1/2024,9:30,4533.6
8/1/2024,9:45,4174.8
8/1/2024,10:00,4460.4
8/1/2024,10:15,4376.4
8/1/2024,10:30,4534.8
8/1/2024,10:45,4497.6
8/1/2024,11:00,4489.2
8/1/2024,11:15,3434.4
8/1/2024,11:30,2846.4
8/1/2024,11:45,2714.4
8/1/2024,12:00,3974.4
8/1/2024,12:15,3990
8/1/2024,12:30,4779.6
8/1/2024,12:45,4825.2
8/1/2024,13:00,4467.6
8/1/2024,13:15,4886.4
8/1/2024,13:30,4970.4
8/1/2024,13:45,4984.8
8/1/2024,14:00,3816
8/1/2024,14:15,3891.6
8/1/2024,14:30,4761.6
8/1/2024,14:45,4825.2
8/1/2024,15:00,3606
8/1/2024,15:15,3969.6
8/1/2024,15:30,4312.8
8/1/2024,15:45,3600
8/1/2024,16:00,3391.2
8/1/2024,16:15,3909.6
8/1/2024,16:30,5084.4
8/1/2024,16:45,3867.6
8/1/2024,17:00,4650
8/1/2024,17:15,4203.6
8/1/2024,17:30,4729.2
8/1/2024,17:45,4825.2
8/1/2024,18:00,4282.8
8/1/2024,18:15,5078.4
8/1/2024,18:30,4785.6
8/1/2024,18:45,4227.6
8/1/2024,19:00,3510
8/1/2024,19:15,3518.4
8/1/2024,19:30,3349.2
8/1/2024,19:45,2554.8
8/1/2024,20:00,3522
8/1/2024,20:15,3372
8/1/2024,20:30,3523.2
8/1/2024,20:45,3500.4
8/1/2024,21:00,3364.8
8/1/2024,21:15,3465.6
8/1/2024,21:30,3417.6
8/1/2024,21:45,3508.8
8/1/2024,22:00,3418.8
8/1/2024,22:15,3378
8/1/2024,22:30,3522
8/1/2024,22:45,2982
8/1/2024,23:00,3334.8
8/1/2024,23:15,3381.6
8/1/2024,23:30,3440.4
8/1/2024,23:45,3436.8
8/2/2024,0:00,3409.2
8/2/2024,0:15,2582.4
8/2/2024,0:30,3345.6
8/2/2024,0:45,3416.4
8/2/2024,1:00,3421.2
8/2/2024,1:15,3364.8
8/2/2024,1:30,3285.6
8/2/2024,1:45,3306
8/2/2024,2:00,3435.6
8/2/2024,2:15,3358.8
8/2/2024,2:30,3454.8
8/2/2024,2:45,3376.8
8/2/2024,3:00,3382.8
8/2/2024,3:15,3402
8/2/2024,3:30,2536.8
8/2/2024,3:45,3033.6
8/2/2024,4:00,2532
8/2/2024,4:15,3399.6
8/2/2024,4:30,3493.2
8/2/2024,4:45,3444
8/2/2024,5:00,3344.4
8/2/2024,5:15,3388.8
8/2/2024,5:30,3040.8
8/2/2024,5:45,3392.4
8/2/2024,6:00,3411.6
8/2/2024,6:15,3373.2
8/2/2024,6:30,3483.6
8/2/2024,6:45,3330
8/2/2024,7:00,3366
8/2/2024,7:15,3687.6
8/2/2024,7:30,3922.8
8/2/2024,7:45,4713.6
8/2/2024,8:00,4314
8/2/2024,8:15,4724.4
8/2/2024,8:30,4774.8
8/2/2024,8:45,2065.2
8/2/2024,9:00,2457.6
8/2/2024,9:15,2217.6
8/2/2024,9:30,2319.6
8/2/2024,9:45,2347.2
8/2/2024,10:00,2407.2
8/2/2024,10:15,2211.6
8/2/2024,10:30,2989.2
8/2/2024,10:45,3020.4
8/2/2024,11:00,3559.2
8/2/2024,11:15,3098.4
8/2/2024,11:30,2366.4
8/2/2024,11:45,2845.2
8/2/2024,12:00,4165.2
8/2/2024,12:15,4041.6
8/2/2024,12:30,4466.4
8/2/2024,12:45,4818
8/2/2024,13:00,4965.6
8/2/2024,13:15,4756.8
8/2/2024,13:30,4291.2
8/2/2024,13:45,3867.6
8/2/2024,14:00,2998.8
8/2/2024,14:15,3046.8
8/2/2024,14:30,4299.6
8/2/2024,14:45,4498.8
8/2/2024,15:00,2616
8/2/2024,15:15,2734.8
8/2/2024,15:30,2876.4
8/2/2024,15:45,2960.4
8/2/2024,16:00,3259.2
8/2/2024,16:15,3536.4
8/2/2024,16:30,3339.6
8/2/2024,16:45,3388.8
8/2/2024,17:00,4788
8/2/2024,17:15,4044
8/2/2024,17:30,4896
8/2/2024,17:45,4584
8/2/2024,18:00,5179.2
8/2/2024,18:15,3900
8/2/2024,18:30,4322.4
8/2/2024,18:45,4132.8
8/2/2024,19:00,3486
8/2/2024,19:15,3480
8/2/2024,19:30,3391.2
8/2/2024,19:45,3388.8
8/2/2024,20:00,3034.8
8/2/2024,20:15,2539.2
8/2/2024,20:30,3364.8
8/2/2024,20:45,3074.4
8/2/2024,21:00,3405.6
8/2/2024,21:15,3438
8/2/2024,21:30,3456
8/2/2024,21:45,3434.4
8/2/2024,22:00,3328.8
8/2/2024,22:15,3355.2
8/2/2024,22:30,2534.4
8/2/2024,22:45,3429.6
8/2/2024,23:00,3394.8
8/2/2024,23:15,3366
8/2/2024,23:30,3457.2
8/2/2024,23:45,3360
8/3/2024,0:00,3440.4
8/3/2024,0:15,3352.8
8/3/2024,0:30,2976
8/3/2024,0:45,3357.6
8/3/2024,1:00,2611.2
8/3/2024,1:15,3418.8
8/3/2024,1:30,3448.8
8/3/2024,1:45,2536.8
8/3/2024,2:00,3477.6
8/3/2024,2:15,3426
8/3/2024,2:30,3432
8/3/2024,2:45,3386.4
8/3/2024,3:00,3380.4
8/3/2024,3:15,3433.2
8/3/2024,3:30,3384
8/3/2024,3:45,2559.6
8/3/2024,4:00,3422.4
8/3/2024,4:15,3356.4
8/3/2024,4:30,3020.4
8/3/2024,4:45,2428.8
8/3/2024,5:00,3355.2
8/3/2024,5:15,3325.2
8/3/2024,5:30,3382.8
8/3/2024,5:45,3439.2
8/3/2024,6:00,3379.2
8/3/2024,6:15,2959.2
8/3/2024,6:30,3366
8/3/2024,6:45,3332.4
8/3/2024,7:00,3331.2
8/3/2024,7:15,3656.4
8/3/2024,7:30,4022.4
8/3/2024,7:45,4635.6
8/3/2024,8:00,3686.4
8/3/2024,8:15,3358.8
8/3/2024,8:30,3577.2
8/3/2024,8:45,3982.8
8/3/2024,9:00,4248
8/3/2024,9:15,4918.8
8/3/2024,9:30,4831.2
8/3/2024,9:45,4647.6
8/3/2024,10:00,5008.8
8/3/2024,10:15,5192.4
8/3/2024,10:30,5074.8
8/3/2024,10:45,5013.6
8/3/2024,11:00,4806
8/3/2024,11:15,3933.6
8/3/2024,11:30,3558
8/3/2024,11:45,3632.4
8/3/2024,12:00,4320
8/3/2024,12:15,4434
8/3/2024,12:30,4876.8
8/3/2024,12:45,4671.6
8/3/2024,13:00,4760.4
8/3/2024,13:15,4705.2
8/3/2024,13:30,4984.8
8/3/2024,13:45,4311.6
8/3/2024,14:00,4543.2
8/3/2024,14:15,3610.8
8/3/2024,14:30,5038.8
8/3/2024,14:45,4801.2
8/3/2024,15:00,5006.4
8/3/2024,15:15,4162.8
8/3/2024,15:30,4711.2
8/3/2024,15:45,4770
8/3/2024,16:00,4568.4
8/3/2024,16:15,4659.6
8/3/2024,16:30,4897.2
8/3/2024,16:45,4816.8
8/3/2024,17:00,4996.8
8/3/2024,17:15,4894.8
8/3/2024,17:30,4662
8/3/2024,17:45,5019.6
8/3/2024,18:00,4916.4
8/3/2024,18:15,4006.8
8/3/2024,18:30,4134
8/3/2024,18:45,3429.6
8/3/2024,19:00,2701.2
8/3/2024,19:15,3496.8
8/3/2024,19:30,3550.8
8/3/2024,19:45,3529.2
8/3/2024,20:00,3416.4
8/3/2024,20:15,3417.6
8/3/2024,20:30,3499.2
8/3/2024,20:45,3475.2
8/3/2024,21:00,3393.6
8/3/2024,21:15,3012
8/3/2024,21:30,2622
8/3/2024,21:45,3526.8
8/3/2024,22:00,3387.6
8/3/2024,22:15,3506.4
8/3/2024,22:30,3370.8
8/3/2024,22:45,3471.6
8/3/2024,23:00,3544.8
8/3/2024,23:15,3454.8
8/3/2024,23:30,2659.2
8/3/2024,23:45,3529.2
8/4/2024,0:00,3523.2
8/4/2024,0:15,3598.8
8/4/2024,0:30,3123.6
8/4/2024,0:45,3618
8/4/2024,1:00,3439.2
8/4/2024,1:15,3418.8
8/4/2024,1:30,3469.2
8/4/2024,1:45,3412.8
8/4/2024,2:00,2642.4
8/4/2024,2:15,3484.8
8/4/2024,2:30,3493.2
8/4/2024,2:45,3427.2
8/4/2024,3:00,3345.6
8/4/2024,3:15,3538.8
8/4/2024,3:30,2604
8/4/2024,3:45,3458.4
8/4/2024,4:00,3458.4
8/4/2024,4:15,3463.2
8/4/2024,4:30,3403.2
8/4/2024,4:45,3436.8
8/4/2024,5:00,3385.2
8/4/2024,5:15,3530.4
8/4/2024,5:30,3420
8/4/2024,5:45,3488.4
8/4/2024,6:00,3430.8
8/4/2024,6:15,3446.4
8/4/2024,6:30,3432
8/4/2024,6:45,3481.2
8/4/2024,7:00,3505.2
8/4/2024,7:15,3624
8/4/2024,7:30,4075.2
8/4/2024,7:45,5382
8/4/2024,8:00,4557.6
8/4/2024,8:15,5116.8
8/4/2024,8:30,5248.8
8/4/2024,8:45,4965.6
8/4/2024,9:00,4947.6
8/4/2024,9:15,4861.2
8/4/2024,9:30,5130
8/4/2024,9:45,4131.6
8/4/2024,10:00,5030.4
8/4/2024,10:15,4993.2
8/4/2024,10:30,5278.8
8/4/2024,10:45,4981.2
8/4/2024,11:00,4820.4
8/4/2024,11:15,4546.8
8/4/2024,11:30,3672
8/4/2024,11:45,3188.4
8/4/2024,12:00,4090.8
8/4/2024,12:15,4708.8
8/4/2024,12:30,4879.2
8/4/2024,12:45,5058
8/4/2024,13:00,4863.6
8/4/2024,13:15,5062.8
8/4/2024,13:30,4834.8
8/4/2024,13:45,4563.6
8/4/2024,14:00,4605.6
8/4/2024,14:15,3925.2
8/4/2024,14:30,4946.4
8/4/2024,14:45,4881.6
8/4/2024,15:00,4710
8/4/2024,15:15,4936.8
8/4/2024,15:30,4788
8/4/2024,15:45,4729.2
8/4/2024,16:00,4916.4
8/4/2024,16:15,4828.8
8/4/2024,16:30,4593.6
8/4/2024,16:45,4231.2
8/4/2024,17:00,4066.8
8/4/2024,17:15,3802.8
8/4/2024,17:30,4196.4
8/4/2024,17:45,3261.6
8/4/2024,18:00,2835.6
8/4/2024,18:15,3394.8
8/4/2024,18:30,2664
8/4/2024,18:45,1855.2
8/4/2024,19:00,2082
8/4/2024,19:15,2146.8
8/4/2024,19:30,2138.4
8/4/2024,19:45,2146.8
8/4/2024,20:00,1316.4
8/4/2024,20:15,438
8/4/2024,20:30,417.6
8/4/2024,20:45,393.6
8/4/2024,21:00,412.8
8/4/2024,21:15,436.8
8/4/2024,21:30,426
8/4/2024,21:45,429.6
8/4/2024,22:00,423.6
8/4/2024,22:15,468
8/4/2024,22:30,907.2
8/4/2024,22:45,423.6
8/4/2024,23:00,400.8
8/4/2024,23:15,402
8/4/2024,23:30,386.4
8/4/2024,23:45,390
8/5/2024,0:00,392.4
8/5/2024,0:15,397.2
8/5/2024,0:30,380.4
8/5/2024,0:45,422.4
8/5/2024,1:00,422.4
8/5/2024,1:15,394.8
8/5/2024,1:30,428.4
8/5/2024,1:45,409.2
8/5/2024,2:00,598.8
8/5/2024,2:15,444
8/5/2024,2:30,420
8/5/2024,2:45,739.2
8/5/2024,3:00,1002
8/5/2024,3:15,1149.6
8/5/2024,3:30,1390.8
8/5/2024,3:45,1574.4
8/5/2024,4:00,1981.2
8/5/2024,4:15,2032.8
8/5/2024,4:30,2155.2
8/5/2024,4:45,2634
8/5/2024,5:00,2846.4
8/5/2024,5:15,2469.6
8/5/2024,5:30,3314.4
8/5/2024,5:45,3333.6
8/5/2024,6:00,3345.6
8/5/2024,6:15,3339.6
8/5/2024,6:30,3404.4
8/5/2024,6:45,3397.2
8/5/2024,7:00,3409.2
8/5/2024,7:15,3615.6
8/5/2024,7:30,3709.2
8/5/2024,7:45,4027.2
8/5/2024,8:00,4012.8
8/5/2024,8:15,3916.8
8/5/2024,8:30,4761.6
8/5/2024,8:45,4854
8/5/2024,9:00,4924.8
8/5/2024,9:15,4864.8
8/5/2024,9:30,4447.2
8/5/2024,9:45,4791.6
8/5/2024,10:00,4725.6
8/5/2024,10:15,4581.6
8/5/2024,10:30,4795.2
8/5/2024,10:45,4986
8/5/2024,11:00,4903.2
8/5/2024,11:15,4612.8
8/5/2024,11:30,2734.8
8/5/2024,11:45,3724.8
8/5/2024,12:00,4110
8/5/2024,12:15,3998.4
8/5/2024,12:30,4176
8/5/2024,12:45,4614
8/5/2024,13:00,4448.4
8/5/2024,13:15,5114.4
8/5/2024,13:30,3597.6
8/5/2024,13:45,4738.8
8/5/2024,14:00,4540.8
8/5/2024,14:15,4383.6
8/5/2024,14:30,4278
8/5/2024,14:45,4754.4
8/5/2024,15:00,4456.8
8/5/2024,15:15,4555.2
8/5/2024,15:30,3909.6
8/5/2024,15:45,3894
8/5/2024,16:00,3439.2
8/5/2024,16:15,4522.8
8/5/2024,16:30,4551.6
8/5/2024,16:45,4478.4
8/5/2024,17:00,4688.4
8/5/2024,17:15,4558.8
8/5/2024,17:30,3820.8
8/5/2024,17:45,4641.6
8/5/2024,18:00,4682.4
8/5/2024,18:15,4491.6
8/5/2024,18:30,4894.8
8/5/2024,18:45,4694.4
8/5/2024,19:00,3909.6
8/5/2024,19:15,3748.8
8/5/2024,19:30,3808.8
8/5/2024,19:45,3505.2
8/5/2024,20:00,2592
8/5/2024,20:15,3441.6
8/5/2024,20:30,3043.2
8/5/2024,20:45,3442.8
8/5/2024,21:00,3429.6
8/5/2024,21:15,3468
8/5/2024,21:30,3399.6
8/5/2024,21:45,2557.2
8/5/2024,22:00,2593.2
8/5/2024,22:15,2961.6
8/5/2024,22:30,2545.2
8/5/2024,22:45,3465.6
8/5/2024,23:00,3428.4
8/5/2024,23:15,3402
8/5/2024,23:30,3351.6
8/5/2024,23:45,3415.2
8/6/2024,0:00,2569.2
8/6/2024,0:15,3332.4
8/6/2024,0:30,3386.4
8/6/2024,0:45,3429.6
8/6/2024,1:00,3462
8/6/2024,1:15,2605.2
8/6/2024,1:30,3085.2
8/6/2024,1:45,2630.4
8/6/2024,2:00,3439.2
8/6/2024,2:15,3024
8/6/2024,2:30,3441.6
8/6/2024,2:45,3382.8
8/6/2024,3:00,3063.6
8/6/2024,3:15,3493.2
8/6/2024,3:30,3432
8/6/2024,3:45,3001.2
8/6/2024,4:00,3369.6
8/6/2024,4:15,3397.2
8/6/2024,4:30,3368.4
8/6/2024,4:45,2589.6
8/6/2024,5:00,2466
8/6/2024,5:15,2310
8/6/2024,5:30,2271.6
8/6/2024,5:45,2262
8/6/2024,6:00,3308.4
8/6/2024,6:15,3531.6
8/6/2024,6:30,3495.6
8/6/2024,6:45,3518.4
8/6/2024,7:00,3442.8
8/6/2024,7:15,3633.6
8/6/2024,7:30,3627.6
8/6/2024,7:45,4147.2
8/6/2024,8:00,3475.2
8/6/2024,8:15,3586.8
8/6/2024,8:30,4356
8/6/2024,8:45,4375.2
8/6/2024,9:00,4104
8/6/2024,9:15,3705.6
8/6/2024,9:30,4501.2
8/6/2024,9:45,4645.2
8/6/2024,10:00,4626
8/6/2024,10:15,3430.8
8/6/2024,10:30,3369.6
8/6/2024,10:45,3360
8/6/2024,11:00,4042.8
8/6/2024,11:15,4000.8
8/6/2024,11:30,3502.8
8/6/2024,11:45,3763.2
8/6/2024,12:00,3337.2
8/6/2024,12:15,4178.4
8/6/2024,12:30,4320
8/6/2024,12:45,4696.8
8/6/2024,13:00,4564.8
8/6/2024,13:15,4569.6
8/6/2024,13:30,4686
8/6/2024,13:45,4678.8
8/6/2024,14:00,4369.2
8/6/2024,14:15,4585.2
8/6/2024,14:30,3820.8
8/6/2024,14:45,3036
8/6/2024,15:00,3915.6
8/6/2024,15:15,3357.6
8/6/2024,15:30,4257.6
8/6/2024,15:45,3532.8
8/6/2024,16:00,4737.6
8/6/2024,16:15,3274.8
8/6/2024,16:30,4734
8/6/2024,16:45,4521.6
8/6/2024,17:00,4525.2
8/6/2024,17:15,4646.4
8/6/2024,17:30,4569.6
8/6/2024,17:45,4767.6
8/6/2024,18:00,4874.4
8/6/2024,18:15,4756.8
8/6/2024,18:30,4406.4
8/6/2024,18:45,4524
8/6/2024,19:00,3666
8/6/2024,19:15,3502.8
8/6/2024,19:30,2517.6
8/6/2024,19:45,3474
8/6/2024,20:00,3422.4
8/6/2024,20:15,3351.6
8/6/2024,20:30,3484.8
8/6/2024,20:45,3472.8
8/6/2024,21:00,3460.8
8/6/2024,21:15,3469.2
8/6/2024,21:30,3504
8/6/2024,21:45,3469.2
8/6/2024,22:00,2622
8/6/2024,22:15,3477.6
8/6/2024,22:30,3409.2
8/6/2024,22:45,3397.2
8/6/2024,23:00,3460.8
8/6/2024,23:15,2526
8/6/2024,23:30,2499.6
8/6/2024,23:45,2493.6
8/7/2024,0:00,3446.4
8/7/2024,0:15,3469.2
8/7/2024,0:30,3433.2
8/7/2024,0:45,3468
8/7/2024,1:00,3398.4
8/7/2024,1:15,3415.2
8/7/2024,1:30,2570.4
8/7/2024,1:45,3351.6
8/7/2024,2:00,3439.2
8/7/2024,2:15,3482.4
8/7/2024,2:30,3469.2
8/7/2024,2:45,3507.6
8/7/2024,3:00,3408
8/7/2024,3:15,3500.4
8/7/2024,3:30,2526
8/7/2024,3:45,3438
8/7/2024,4:00,3415.2
8/7/2024,4:15,3433.2
8/7/2024,4:30,3477.6
8/7/2024,4:45,3390
8/7/2024,5:00,3380.4
8/7/2024,5:15,3369.6
8/7/2024,5:30,3369.6
8/7/2024,5:45,3474
8/7/2024,6:00,3397.2
8/7/2024,6:15,3426
8/7/2024,6:30,3543.6
8/7/2024,6:45,3403.2
8/7/2024,7:00,3314.4
8/7/2024,7:15,3666
8/7/2024,7:30,3760.8
8/7/2024,7:45,4119.6
8/7/2024,8:00,3951.6
8/7/2024,8:15,4461.6
8/7/2024,8:30,4351.2
8/7/2024,8:45,4414.8
8/7/2024,9:00,4515.6
8/7/2024,9:15,4693.2
8/7/2024,9:30,4681.2
8/7/2024,9:45,4506
8/7/2024,10:00,4386
8/7/2024,10:15,4812
8/7/2024,10:30,4744.8
8/7/2024,10:45,3820.8
8/7/2024,11:00,4255.2
8/7/2024,11:15,3789.6
8/7/2024,11:30,3678
8/7/2024,11:45,3884.4
8/7/2024,12:00,4284
8/7/2024,12:15,3436.8
8/7/2024,12:30,4032
8/7/2024,12:45,4419.6
8/7/2024,13:00,4302
8/7/2024,13:15,4818
8/7/2024,13:30,4822.8
8/7/2024,13:45,3709.2
8/7/2024,14:00,4543.2
8/7/2024,14:15,3751.2
8/7/2024,14:30,3636
8/7/2024,14:45,4423.2
8/7/2024,15:00,3771.6
8/7/2024,15:15,4490.4
8/7/2024,15:30,4020
8/7/2024,15:45,4507.2
8/7/2024,16:00,3333.6
8/7/2024,16:15,4046.4
8/7/2024,16:30,3524.4
8/7/2024,16:45,4671.6
8/7/2024,17:00,4663.2
8/7/2024,17:15,4518
8/7/2024,17:30,4567.2
8/7/2024,17:45,4407.6
8/7/2024,18:00,4660.8
8/7/2024,18:15,3310.8
8/7/2024,18:30,4279.2
8/7/2024,18:45,4177.2
8/7/2024,19:00,3585.6
8/7/2024,19:15,3699.6
8/7/2024,19:30,3553.2
8/7/2024,19:45,3392.4
8/7/2024,20:00,3741.6
8/7/2024,20:15,3567.6
8/7/2024,20:30,3613.2
8/7/2024,20:45,3676.8
8/7/2024,21:00,2576.4
8/7/2024,21:15,3573.6
8/7/2024,21:30,3242.4
8/7/2024,21:45,3296.4
8/7/2024,22:00,3628.8
8/7/2024,22:15,3694.8
8/7/2024,22:30,3601.2
8/7/2024,22:45,2785.2
8/7/2024,23:00,2766
8/7/2024,23:15,3477.6
8/7/2024,23:30,3750
8/7/2024,23:45,3758.4
8/8/2024,0:00,3724.8
8/8/2024,0:15,3645.6
8/8/2024,0:30,3645.6
8/8/2024,0:45,2614.8
8/8/2024,1:00,3652.8
8/8/2024,1:15,3699.6
8/8/2024,1:30,3656.4
8/8/2024,1:45,3643.2
8/8/2024,2:00,3714
8/8/2024,2:15,3759.6
8/8/2024,2:30,3687.6
8/8/2024,2:45,3508.8
8/8/2024,3:00,3472.8
8/8/2024,3:15,3471.6
8/8/2024,3:30,3703.2
8/8/2024,3:45,2474.4
8/8/2024,4:00,3387.6
8/8/2024,4:15,3396
8/8/2024,4:30,3328.8
8/8/2024,4:45,2988
8/8/2024,5:00,3415.2
8/8/2024,5:15,2535.6
8/8/2024,5:30,3375.6
8/8/2024,5:45,3355.2
8/8/2024,6:00,3385.2
8/8/2024,6:15,3446.4
8/8/2024,6:30,3343.2
8/8/2024,6:45,2548.8
8/8/2024,7:00,2502
8/8/2024,7:15,3516
8/8/2024,7:30,3550.8
8/8/2024,7:45,4285.2
8/8/2024,8:00,3148.8
8/8/2024,8:15,4245.6
8/8/2024,8:30,4224
8/8/2024,8:45,4192.8
8/8/2024,9:00,4132.8
8/8/2024,9:15,4146
8/8/2024,9:30,3249.6
8/8/2024,9:45,2336.4
8/8/2024,10:00,3502.8
8/8/2024,10:15,3452.4
8/8/2024,10:30,3256.8
8/8/2024,10:45,2521.2
8/8/2024,11:00,2878.8
8/8/2024,11:15,2858.4
8/8/2024,11:30,3321.6
8/8/2024,11:45,3234
8/8/2024,12:00,3582
8/8/2024,12:15,3949.2
8/8/2024,12:30,3373.2
8/8/2024,12:45,4204.8
8/8/2024,13:00,4629.6
8/8/2024,13:15,4548
8/8/2024,13:30,4435.2
8/8/2024,13:45,4322.4
8/8/2024,14:00,4344
8/8/2024,14:15,4423.2
8/8/2024,14:30,4429.2
8/8/2024,14:45,4245.6
8/8/2024,15:00,4534.8
8/8/2024,15:15,4268.4
8/8/2024,15:30,4436.4
8/8/2024,15:45,4617.6
8/8/2024,16:00,4563.6
8/8/2024,16:15,3616.8
8/8/2024,16:30,4250.4
8/8/2024,16:45,3694.8
8/8/2024,17:00,3830.4
8/8/2024,17:15,3260.4
8/8/2024,17:30,3940.8
8/8/2024,17:45,3231.6
8/8/2024,18:00,4310.4
8/8/2024,18:15,4513.2
8/8/2024,18:30,3841.2
8/8/2024,18:45,4082.4
8/8/2024,19:00,3975.6
8/8/2024,19:15,3548.4
8/8/2024,19:30,3606
8/8/2024,19:45,3800.4
8/8/2024,20:00,2908.8
8/8/2024,20:15,3566.4
8/8/2024,20:30,2877.6
8/8/2024,20:45,3848.4
8/8/2024,21:00,3801.6
8/8/2024,21:15,3813.6
8/8/2024,21:30,3708
8/8/2024,21:45,3596.4
8/8/2024,22:00,3601.2
8/8/2024,22:15,3264
8/8/2024,22:30,2595.6
8/8/2024,22:45,2689.2
8/8/2024,23:00,3601.2
8/8/2024,23:15,3564
8/8/2024,23:30,3103.2
8/8/2024,23:45,3469.2
8/9/2024,0:00,3735.6
8/9/2024,0:15,3817.2
8/9/2024,0:30,3739.2
8/9/2024,0:45,3702
8/9/2024,1:00,3736.8
8/9/2024,1:15,3692.4
8/9/2024,1:30,3673.2
8/9/2024,1:45,3765.6
8/9/2024,2:00,2809.2
8/9/2024,2:15,3703.2
8/9/2024,2:30,3778.8
8/9/2024,2:45,2878.8
8/9/2024,3:00,3542.4
8/9/2024,3:15,3634.8
8/9/2024,3:30,3232.8
8/9/2024,3:45,3561.6
8/9/2024,4:00,3679.2
8/9/2024,4:15,2986.8
8/9/2024,4:30,3514.8
8/9/2024,4:45,3519.6
8/9/2024,5:00,3417.6
8/9/2024,5:15,3518.4
8/9/2024,5:30,3444
8/9/2024,5:45,3058.8
8/9/2024,6:00,3447.6
8/9/2024,6:15,3445.2
8/9/2024,6:30,3357.6
8/9/2024,6:45,3069.6
8/9/2024,7:00,3416.4
8/9/2024,7:15,3648
8/9/2024,7:30,3721.2
8/9/2024,7:45,4419.6
8/9/2024,8:00,4429.2
8/9/2024,8:15,3382.8
8/9/2024,8:30,3474
8/9/2024,8:45,4213.2
8/9/2024,9:00,4334.4
8/9/2024,9:15,3946.8
8/9/2024,9:30,3895.2
8/9/2024,9:45,3906
8/9/2024,10:00,4532.4
8/9/2024,10:15,3349.2
8/9/2024,10:30,3058.8
8/9/2024,10:45,4117.2
8/9/2024,11:00,3169.2
8/9/2024,11:15,3460.8
8/9/2024,11:30,3447.6
8/9/2024,11:45,3560.4
8/9/2024,12:00,3812.4
8/9/2024,12:15,3841.2
8/9/2024,12:30,4024.8
8/9/2024,12:45,3742.8
8/9/2024,13:00,4304.4
8/9/2024,13:15,3880.8
8/9/2024,13:30,3778.8
8/9/2024,13:45,4137.6
8/9/2024,14:00,4423.2
8/9/2024,14:15,4477.2
8/9/2024,14:30,4552.8
8/9/2024,14:45,4638
8/9/2024,15:00,3379.2
8/9/2024,15:15,4141.2
8/9/2024,15:30,3902.4
8/9/2024,15:45,3883.2
8/9/2024,16:00,2964
8/9/2024,16:15,3174
8/9/2024,16:30,2924.4
8/9/2024,16:45,2618.4
8/9/2024,17:00,1676.4
8/9/2024,17:15,1812
8/9/2024,17:30,1120.8
8/9/2024,17:45,1186.8
8/9/2024,18:00,1429.2
8/9/2024,18:15,1212
8/9/2024,18:30,1387.2
8/9/2024,18:45,1134
8/9/2024,19:00,844.8
8/9/2024,19:15,1086
8/9/2024,19:30,579.6
8/9/2024,19:45,658.8
8/9/2024,20:00,627.6
8/9/2024,20:15,469.2
8/9/2024,20:30,532.8
8/9/2024,20:45,375.6
8/9/2024,21:00,537.6
8/9/2024,21:15,561.6
8/9/2024,21:30,550.8
8/9/2024,21:45,376.8
8/9/2024,22:00,589.2
8/9/2024,22:15,612
8/9/2024,22:30,349.2
8/9/2024,22:45,561.6
8/9/2024,23:00,540
8/9/2024,23:15,346.8
8/9/2024,23:30,583.2
8/9/2024,23:45,498
8/10/2024,0:00,352.8
8/10/2024,0:15,362.4
8/10/2024,0:30,530.4
8/10/2024,0:45,540
8/10/2024,1:00,609.6
8/10/2024,1:15,546
8/10/2024,1:30,369.6
8/10/2024,1:45,582
8/10/2024,2:00,580.8
8/10/2024,2:15,363.6
8/10/2024,2:30,529.2
8/10/2024,2:45,375.6
8/10/2024,3:00,375.6
8/10/2024,3:15,564
8/10/2024,3:30,590.4
8/10/2024,3:45,573.6
8/10/2024,4:00,595.2
8/10/2024,4:15,646.8
8/10/2024,4:30,313.2
8/10/2024,4:45,314.4
8/10/2024,5:00,319.2
8/10/2024,5:15,319.2
8/10/2024,5:30,327.6
8/10/2024,5:45,333.6
8/10/2024,6:00,318
8/10/2024,6:15,298.8
8/10/2024,6:30,291.6
8/10/2024,6:45,268.8
8/10/2024,7:00,228
8/10/2024,7:15,574.8
8/10/2024,7:30,886.8
8/10/2024,7:45,1190.4
8/10/2024,8:00,1160.4
8/10/2024,8:15,1459.2
8/10/2024,8:30,1464
8/10/2024,8:45,1030.8
8/10/2024,9:00,1332
8/10/2024,9:15,1496.4
8/10/2024,9:30,1478.4
8/10/2024,9:45,1524
8/10/2024,10:00,1485.6
8/10/2024,10:15,1363.2
8/10/2024,10:30,1605.6
8/10/2024,10:45,1502.4
8/10/2024,11:00,1317.6
8/10/2024,11:15,760.8
8/10/2024,11:30,471.6
8/10/2024,11:45,535.2
8/10/2024,12:00,770.4
8/10/2024,12:15,810
8/10/2024,12:30,1077.6
8/10/2024,12:45,920.4
8/10/2024,13:00,1171.2
8/10/2024,13:15,1104
8/10/2024,13:30,1641.6
8/10/2024,13:45,1348.8
8/10/2024,14:00,1222.8
8/10/2024,14:15,1327.2
8/10/2024,14:30,1647.6
8/10/2024,14:45,1272
8/10/2024,15:00,1340.4
8/10/2024,15:15,1610.4
8/10/2024,15:30,1050
8/10/2024,15:45,1443.6
8/10/2024,16:00,1328.4
8/10/2024,16:15,1256.4
8/10/2024,16:30,1338
8/10/2024,16:45,1260
8/10/2024,17:00,1299.6
8/10/2024,17:15,1219.2
8/10/2024,17:30,1399.2
8/10/2024,17:45,1417.2
8/10/2024,18:00,1449.6
8/10/2024,18:15,1226.4
8/10/2024,18:30,1330.8
8/10/2024,18:45,1376.4
8/10/2024,19:00,985.2
8/10/2024,19:15,696
8/10/2024,19:30,603.6
8/10/2024,19:45,609.6
8/10/2024,20:00,639.6
8/10/2024,20:15,610.8
8/10/2024,20:30,615.6
8/10/2024,20:45,368.4
8/10/2024,21:00,366
8/10/2024,21:15,501.6
8/10/2024,21:30,592.8
8/10/2024,21:45,627.6
8/10/2024,22:00,404.4
8/10/2024,22:15,388.8
8/10/2024,22:30,358.8
8/10/2024,22:45,366
8/10/2024,23:00,331.2
8/10/2024,23:15,312
8/10/2024,23:30,582
8/10/2024,23:45,495.6
8/11/2024,0:00,498
8/11/2024,0:15,500.4
8/11/2024,0:30,338.4
8/11/2024,0:45,331.2
8/11/2024,1:00,524.4
8/11/2024,1:15,481.2
8/11/2024,1:30,513.6
8/11/2024,1:45,310.8
8/11/2024,2:00,300
8/11/2024,2:15,297.6
8/11/2024,2:30,304.8
8/11/2024,2:45,306
8/11/2024,3:00,294
8/11/2024,3:15,314.4
8/11/2024,3:30,342
8/11/2024,3:45,318
8/11/2024,4:00,337.2
8/11/2024,4:15,339.6
8/11/2024,4:30,342
8/11/2024,4:45,397.2
8/11/2024,5:00,553.2
8/11/2024,5:15,642
8/11/2024,5:30,660
8/11/2024,5:45,660
8/11/2024,6:00,429.6
8/11/2024,6:15,625.2
8/11/2024,6:30,336
8/11/2024,6:45,325.2
8/11/2024,7:00,296.4
8/11/2024,7:15,536.4
8/11/2024,7:30,648
8/11/2024,7:45,1333.2
8/11/2024,8:00,1108.8
8/11/2024,8:15,942
8/11/2024,8:30,999.6
8/11/2024,8:45,1333.2
8/11/2024,9:00,1275.6
8/11/2024,9:15,1381.2
8/11/2024,9:30,1406.4
8/11/2024,9:45,1408.8
8/11/2024,10:00,1311.6
8/11/2024,10:15,1335.6
8/11/2024,10:30,1252.8
8/11/2024,10:45,1573.2
8/11/2024,11:00,1320
8/11/2024,11:15,855.6
8/11/2024,11:30,459.6
8/11/2024,11:45,538.8
8/11/2024,12:00,1046.4
8/11/2024,12:15,1093.2
8/11/2024,12:30,1630.8
8/11/2024,12:45,1591.2
8/11/2024,13:00,1564.8
8/11/2024,13:15,1246.8
8/11/2024,13:30,1094.4
8/11/2024,13:45,1522.8
8/11/2024,14:00,1364.4
8/11/2024,14:15,1441.2
8/11/2024,14:30,1476
8/11/2024,14:45,1458
8/11/2024,15:00,1531.2
8/11/2024,15:15,1270.8
8/11/2024,15:30,1270.8
8/11/2024,15:45,1432.8
8/11/2024,16:00,1450.8
8/11/2024,16:15,1534.8
8/11/2024,16:30,1467.6
8/11/2024,16:45,1672.8
8/11/2024,17:00,1617.6
8/11/2024,17:15,1610.4
8/11/2024,17:30,1330.8
8/11/2024,17:45,1272
8/11/2024,18:00,1320
8/11/2024,18:15,1548
8/11/2024,18:30,1220.4
8/11/2024,18:45,1315.2
8/11/2024,19:00,1128
8/11/2024,19:15,940.8
8/11/2024,19:30,733.2
8/11/2024,19:45,456
8/11/2024,20:00,726
8/11/2024,20:15,640.8
8/11/2024,20:30,655.2
8/11/2024,20:45,674.4
8/11/2024,21:00,782.4
8/11/2024,21:15,778.8
8/11/2024,21:30,688.8
8/11/2024,21:45,849.6
8/11/2024,22:00,828
8/11/2024,22:15,781.2
8/11/2024,22:30,769.2
8/11/2024,22:45,796.8
8/11/2024,23:00,651.6
8/11/2024,23:15,477.6
8/11/2024,23:30,459.6
8/11/2024,23:45,634.8
8/12/2024,0:00,625.2
8/12/2024,0:15,668.4
8/12/2024,0:30,642
8/12/2024,0:45,619.2
8/12/2024,1:00,644.4
8/12/2024,1:15,451.2
8/12/2024,1:30,664.8
8/12/2024,1:45,636
8/12/2024,2:00,634.8
8/12/2024,2:15,668.4
8/12/2024,2:30,706.8
8/12/2024,2:45,427.2
8/12/2024,3:00,675.6
8/12/2024,3:15,614.4
8/12/2024,3:30,692.4
8/12/2024,3:45,685.2
8/12/2024,4:00,378
8/12/2024,4:15,360
8/12/2024,4:30,358.8
8/12/2024,4:45,361.2
8/12/2024,5:00,361.2
8/12/2024,5:15,391.2
8/12/2024,5:30,369.6
8/12/2024,5:45,444
8/12/2024,6:00,436.8
8/12/2024,6:15,424.8
8/12/2024,6:30,427.2
8/12/2024,6:45,1032
8/12/2024,7:00,1183.2
8/12/2024,7:15,1642.8
8/12/2024,7:30,2122.8
8/12/2024,7:45,3178.8
8/12/2024,8:00,3456
8/12/2024,8:15,3991.2
8/12/2024,8:30,3961.2
8/12/2024,8:45,4734
8/12/2024,9:00,4664.4
8/12/2024,9:15,4495.2
8/12/2024,9:30,3637.2
8/12/2024,9:45,4041.6
8/12/2024,10:00,4706.4
8/12/2024,10:15,3633.6
8/12/2024,10:30,4597.2
8/12/2024,10:45,4628.4
8/12/2024,11:00,3613.2
8/12/2024,11:15,3993.6
8/12/2024,11:30,3037.2
8/12/2024,11:45,2820
8/12/2024,12:00,4224
8/12/2024,12:15,4236
8/12/2024,12:30,4510.8
8/12/2024,12:45,4494
8/12/2024,13:00,4264.8
8/12/2024,13:15,4209.6
8/12/2024,13:30,3582
8/12/2024,13:45,4534.8
8/12/2024,14:00,4621.2
8/12/2024,14:15,3165.6
8/12/2024,14:30,4377.6
8/12/2024,14:45,4617.6
8/12/2024,15:00,4623.6
8/12/2024,15:15,4530
8/12/2024,15:30,4618.8
8/12/2024,15:45,4730.4
8/12/2024,16:00,4676.4
8/12/2024,16:15,4099.2
8/12/2024,16:30,3673.2
8/12/2024,16:45,4507.2
8/12/2024,17:00,4652.4
8/12/2024,17:15,3417.6
8/12/2024,17:30,4586.4
8/12/2024,17:45,4219.2
8/12/2024,18:00,4641.6
8/12/2024,18:15,4483.2
8/12/2024,18:30,4184.4
8/12/2024,18:45,3159.6
8/12/2024,19:00,3068.4
8/12/2024,19:15,2954.4
8/12/2024,19:30,2956.8
8/12/2024,19:45,3728.4
8/12/2024,20:00,3775.2
8/12/2024,20:15,3888
8/12/2024,20:30,2802
8/12/2024,20:45,2812.8
8/12/2024,21:00,2648.4
8/12/2024,21:15,3799.2
8/12/2024,21:30,3834
8/12/2024,21:45,3838.8
8/12/2024,22:00,3849.6
8/12/2024,22:15,3814.8
8/12/2024,22:30,3097.2
8/12/2024,22:45,3666
8/12/2024,23:00,3754.8
8/12/2024,23:15,3709.2
8/12/2024,23:30,3723.6
8/12/2024,23:45,3643.2
8/13/2024,0:00,3529.2
8/13/2024,0:15,3229.2
8/13/2024,0:30,2590.8
8/13/2024,0:45,3694.8
8/13/2024,1:00,3097.2
8/13/2024,1:15,3736.8
8/13/2024,1:30,3528
8/13/2024,1:45,3584.4
8/13/2024,2:00,2606.4
8/13/2024,2:15,3078
8/13/2024,2:30,3484.8
8/13/2024,2:45,3534
8/13/2024,3:00,3517.2
8/13/2024,3:15,3516
8/13/2024,3:30,3508.8
8/13/2024,3:45,3567.6
8/13/2024,4:00,3782.4
8/13/2024,4:15,3739.2
8/13/2024,4:30,3528
8/13/2024,4:45,3728.4
8/13/2024,5:00,3182.4
8/13/2024,5:15,3679.2
8/13/2024,5:30,3138
8/13/2024,5:45,3396
8/13/2024,6:00,3366
8/13/2024,6:15,2968.8
8/13/2024,6:30,2440.8
8/13/2024,6:45,3416.4
8/13/2024,7:00,2554.8
8/13/2024,7:15,2598
8/13/2024,7:30,3097.2
8/13/2024,7:45,3388.8
8/13/2024,8:00,4518
8/13/2024,8:15,4003.2
8/13/2024,8:30,3289.2
8/13/2024,8:45,4204.8
8/13/2024,9:00,3752.4
8/13/2024,9:15,4158
8/13/2024,9:30,4089.6
8/13/2024,9:45,4102.8
8/13/2024,10:00,3133.2
8/13/2024,10:15,3109.2
8/13/2024,10:30,4081.2
8/13/2024,10:45,4089.6
8/13/2024,11:00,4072.8
8/13/2024,11:15,3462
8/13/2024,11:30,3414
8/13/2024,11:45,3459.6
8/13/2024,12:00,4123.2
8/13/2024,12:15,4129.2
8/13/2024,12:30,4114.8
8/13/2024,12:45,4099.2
8/13/2024,13:00,4069.2
8/13/2024,13:15,4213.2
8/13/2024,13:30,4194
8/13/2024,13:45,3313.2
8/13/2024,14:00,4150.8
8/13/2024,14:15,4304.4
8/13/2024,14:30,3697.2
8/13/2024,14:45,4206
8/13/2024,15:00,4429.2
8/13/2024,15:15,4153.2
8/13/2024,15:30,4190.4
8/13/2024,15:45,4374
8/13/2024,16:00,4236
8/13/2024,16:15,4471.2
8/13/2024,16:30,3333.6
8/13/2024,16:45,4243.2
8/13/2024,17:00,4448.4
8/13/2024,17:15,4468.8
8/13/2024,17:30,4464
8/13/2024,17:45,4377.6
8/13/2024,18:00,4237.2
8/13/2024,18:15,4393.2
8/13/2024,18:30,4003.2
8/13/2024,18:45,4154.4
8/13/2024,19:00,4060.8
8/13/2024,19:15,3547.2
8/13/2024,19:30,3710.4
8/13/2024,19:45,3037.2
8/13/2024,20:00,3670.8
8/13/2024,20:15,3680.4
8/13/2024,20:30,3230.4
8/13/2024,20:45,3073.2
8/13/2024,21:00,3709.2
8/13/2024,21:15,3573.6
8/13/2024,21:30,2647.2
8/13/2024,21:45,2382
8/13/2024,22:00,2340
8/13/2024,22:15,2523.6
8/13/2024,22:30,3667.2
8/13/2024,22:45,3640.8
8/13/2024,23:00,3732
8/13/2024,23:15,3663.6
8/13/2024,23:30,3604.8
8/13/2024,23:45,3609.6
8/14/2024,0:00,3091.2
8/14/2024,0:15,2767.2
8/14/2024,0:30,3615.6
8/14/2024,0:45,3013.2
8/14/2024,1:00,3602.4
8/14/2024,1:15,3698.4
8/14/2024,1:30,3682.8
8/14/2024,1:45,3650.4
8/14/2024,2:00,3429.6
8/14/2024,2:15,3633.6
8/14/2024,2:30,2778
8/14/2024,2:45,3669.6
8/14/2024,3:00,3618
8/14/2024,3:15,3376.8
8/14/2024,3:30,2546.4
8/14/2024,3:45,3442.8
8/14/2024,4:00,3290.4
8/14/2024,4:15,3283.2
8/14/2024,4:30,3330
8/14/2024,4:45,3358.8
8/14/2024,5:00,3436.8
8/14/2024,5:15,3376.8
8/14/2024,5:30,3421.2
8/14/2024,5:45,3376.8
8/14/2024,6:00,3430.8
8/14/2024,6:15,2857.2
8/14/2024,6:30,3361.2
8/14/2024,6:45,3319.2
8/14/2024,7:00,2478
8/14/2024,7:15,3538.8
8/14/2024,7:30,2739.6
8/14/2024,7:45,1758
8/14/2024,8:00,1474.8
8/14/2024,8:15,1279.2
8/14/2024,8:30,1376.4
8/14/2024,8:45,1419.6
8/14/2024,9:00,1542
8/14/2024,9:15,1542
8/14/2024,9:30,1245.6
8/14/2024,9:45,1638
8/14/2024,10:00,1603.2
8/14/2024,10:15,1743.6
8/14/2024,10:30,1635.6
8/14/2024,10:45,1747.2
8/14/2024,11:00,1550.4
8/14/2024,11:15,1111.2
8/14/2024,11:30,630
8/14/2024,11:45,646.8
8/14/2024,12:00,1262.4
8/14/2024,12:15,1062
8/14/2024,12:30,1419.6
8/14/2024,12:45,1762.8
8/14/2024,13:00,1465.2
8/14/2024,13:15,1449.6
8/14/2024,13:30,1550.4
8/14/2024,13:45,1377.6
8/14/2024,14:00,1618.8
8/14/2024,14:15,1602
8/14/2024,14:30,1479.6
8/14/2024,14:45,1306.8
8/14/2024,15:00,1480.8
8/14/2024,15:15,1400.4
8/14/2024,15:30,1540.8
8/14/2024,15:45,1420.8
8/14/2024,16:00,1366.8
8/14/2024,16:15,1632
8/14/2024,16:30,1076.4
8/14/2024,16:45,1392
8/14/2024,17:00,1339.2
8/14/2024,17:15,1254
8/14/2024,17:30,1652.4
8/14/2024,17:45,1224
8/14/2024,18:00,1290
8/14/2024,18:15,1228.8
8/14/2024,18:30,1219.2
8/14/2024,18:45,1060.8
8/14/2024,19:00,979.2
8/14/2024,19:15,424.8
8/14/2024,19:30,374.4
8/14/2024,19:45,370.8
8/14/2024,20:00,357.6
8/14/2024,20:15,342
8/14/2024,20:30,356.4
8/14/2024,20:45,361.2
8/14/2024,21:00,351.6
8/14/2024,21:15,358.8
8/14/2024,21:30,351.6
8/14/2024,21:45,430.8
8/14/2024,22:00,417.6
8/14/2024,22:15,466.8
8/14/2024,22:30,433.2
8/14/2024,22:45,430.8
8/14/2024,23:00,402
8/14/2024,23:15,397.2
8/14/2024,23:30,380.4
8/14/2024,23:45,367.2
8/15/2024,0:00,409.2
8/15/2024,0:15,415.2
8/15/2024,0:30,398.4
8/15/2024,0:45,402
8/15/2024,1:00,411.6
8/15/2024,1:15,399.6
8/15/2024,1:30,405.6
8/15/2024,1:45,394.8
8/15/2024,2:00,421.2
8/15/2024,2:15,423.6
8/15/2024,2:30,410.4
8/15/2024,2:45,403.2
8/15/2024,3:00,416.4
8/15/2024,3:15,405.6
8/15/2024,3:30,387.6
8/15/2024,3:45,468
8/15/2024,4:00,390
8/15/2024,4:15,394.8
8/15/2024,4:30,402
8/15/2024,4:45,398.4
8/15/2024,5:00,387.6
8/15/2024,5:15,399.6
8/15/2024,5:30,416.4
8/15/2024,5:45,441.6
8/15/2024,6:00,414
8/15/2024,6:15,404.4
8/15/2024,6:30,390
8/15/2024,6:45,356.4
8/15/2024,7:00,320.4
8/15/2024,7:15,540
8/15/2024,7:30,530.4
8/15/2024,7:45,1182
8/15/2024,8:00,1720.8
8/15/2024,8:15,2151.6
8/15/2024,8:30,2266.8
8/15/2024,8:45,2366.4
8/15/2024,9:00,2697.6
8/15/2024,9:15,3264
8/15/2024,9:30,3212.4
8/15/2024,9:45,3338.4
8/15/2024,10:00,3585.6
8/15/2024,10:15,3825.6
8/15/2024,10:30,4300.8
8/15/2024,10:45,3694.8
8/15/2024,11:00,3556.8
8/15/2024,11:15,3585.6
8/15/2024,11:30,3146.4
8/15/2024,11:45,3604.8
8/15/2024,12:00,4129.2
8/15/2024,12:15,3322.8
8/15/2024,12:30,4501.2
8/15/2024,12:45,4594.8
8/15/2024,13:00,4244.4
8/15/2024,13:15,4104
8/15/2024,13:30,4326
8/15/2024,13:45,4612.8
8/15/2024,14:00,3784.8
8/15/2024,14:15,3964.8
8/15/2024,14:30,3262.8
8/15/2024,14:45,3891.6
8/15/2024,15:00,3651.6
8/15/2024,15:15,2894.4
8/15/2024,15:30,3868.8
8/15/2024,15:45,2130
8/15/2024,16:00,3237.6
8/15/2024,16:15,2937.6
8/15/2024,16:30,2944.8
8/15/2024,16:45,3513.6
8/15/2024,17:00,3868.8
8/15/2024,17:15,4072.8
8/15/2024,17:30,3963.6
8/15/2024,17:45,4438.8
8/15/2024,18:00,4668
8/15/2024,18:15,4579.2
8/15/2024,18:30,4282.8
8/15/2024,18:45,4210.8
8/15/2024,19:00,3584.4
8/15/2024,19:15,3468
8/15/2024,19:30,3114
8/15/2024,19:45,3182.4
8/15/2024,20:00,3264
8/15/2024,20:15,3286.8
8/15/2024,20:30,3286.8
8/15/2024,20:45,3264
8/15/2024,21:00,3273.6
8/15/2024,21:15,3243.6
8/15/2024,21:30,3276
8/15/2024,21:45,3256.8
8/15/2024,22:00,3277.2
8/15/2024,22:15,3256.8
8/15/2024,22:30,3304.8
8/15/2024,22:45,3316.8
8/15/2024,23:00,3280.8
8/15/2024,23:15,3284.4
8/15/2024,23:30,3252
8/15/2024,23:45,3265.2
8/16/2024,0:00,3268.8
8/16/2024,0:15,3244.8
8/16/2024,0:30,3364.8
8/16/2024,0:45,3213.6
8/16/2024,1:00,3296.4
8/16/2024,1:15,2412
8/16/2024,1:30,2791.2
8/16/2024,1:45,3236.4
8/16/2024,2:00,3205.2
8/16/2024,2:15,3207.6
8/16/2024,2:30,3241.2
8/16/2024,2:45,3187.2
8/16/2024,3:00,3207.6
8/16/2024,3:15,3136.8
8/16/2024,3:30,3226.8
8/16/2024,3:45,3211.2
8/16/2024,4:00,3180
8/16/2024,4:15,3201.6
8/16/2024,4:30,3199.2
8/16/2024,4:45,3211.2
8/16/2024,5:00,3178.8
8/16/2024,5:15,3123.6
8/16/2024,5:30,3183.6
8/16/2024,5:45,3158.4
8/16/2024,6:00,3109.2
8/16/2024,6:15,3156
8/16/2024,6:30,3240
8/16/2024,6:45,3134.4
8/16/2024,7:00,3132
8/16/2024,7:15,3248.4
8/16/2024,7:30,3190.8
8/16/2024,7:45,3284.4
8/16/2024,8:00,3274.8
8/16/2024,8:15,3481.2
8/16/2024,8:30,3414
8/16/2024,8:45,3686.4
8/16/2024,9:00,3716.4
8/16/2024,9:15,3088.8
8/16/2024,9:30,3034.8
8/16/2024,9:45,2764.8
8/16/2024,10:00,3079.2
8/16/2024,10:15,3180
8/16/2024,10:30,3357.6
8/16/2024,10:45,3627.6
8/16/2024,11:00,3079.2
8/16/2024,11:15,3974.4
8/16/2024,11:30,2628
8/16/2024,11:45,3151.2
8/16/2024,12:00,3102
8/16/2024,12:15,3238.8
8/16/2024,12:30,3919.2
8/16/2024,12:45,3256.8
8/16/2024,13:00,3891.6
8/16/2024,13:15,3512.4
8/16/2024,13:30,4581.6
8/16/2024,13:45,4683.6
8/16/2024,14:00,4837.2
8/16/2024,14:15,4023.6
8/16/2024,14:30,3900
8/16/2024,14:45,3397.2
8/16/2024,15:00,3556.8
8/16/2024,15:15,3388.8
8/16/2024,15:30,1557.6
8/16/2024,15:45,1562.4
8/16/2024,16:00,1444.8
8/16/2024,16:15,1586.4
8/16/2024,16:30,1616.4
8/16/2024,16:45,1456.8
8/16/2024,17:00,1435.2
8/16/2024,17:15,1611.6
8/16/2024,17:30,1657.2
8/16/2024,17:45,1676.4
8/16/2024,18:00,1474.8
8/16/2024,18:15,1233.6
8/16/2024,18:30,1190.4
8/16/2024,18:45,994.8
8/16/2024,19:00,536.4
8/16/2024,19:15,814.8
8/16/2024,19:30,975.6
8/16/2024,19:45,1060.8
8/16/2024,20:00,1218
8/16/2024,20:15,1567.2
8/16/2024,20:30,1756.8
8/16/2024,20:45,1872
8/16/2024,21:00,2030.4
8/16/2024,21:15,2049.6
8/16/2024,21:30,2025.6
8/16/2024,21:45,2014.8
8/16/2024,22:00,2043.6
8/16/2024,22:15,1941.6
8/16/2024,22:30,679.2
8/16/2024,22:45,548.4
8/16/2024,23:00,522
8/16/2024,23:15,504
8/16/2024,23:30,510
8/16/2024,23:45,512.4
8/17/2024,0:00,504
8/17/2024,0:15,588
8/17/2024,0:30,1538.4
8/17/2024,0:45,1764
8/17/2024,1:00,1899.6
8/17/2024,1:15,1888.8
8/17/2024,1:30,816
8/17/2024,1:45,523.2
8/17/2024,2:00,558
8/17/2024,2:15,558
8/17/2024,2:30,550.8
8/17/2024,2:45,554.4
8/17/2024,3:00,634.8
8/17/2024,3:15,693.6
8/17/2024,3:30,1814.4
8/17/2024,3:45,2044.8
8/17/2024,4:00,2001.6
8/17/2024,4:15,2038.8
8/17/2024,4:30,2005.2
8/17/2024,4:45,2128.8
8/17/2024,5:00,3098.4
8/17/2024,5:15,2142
8/17/2024,5:30,3198
8/17/2024,5:45,2395.2
8/17/2024,6:00,2360.4
8/17/2024,6:15,3256.8
8/17/2024,6:30,2250
8/17/2024,6:45,2392.8
8/17/2024,7:00,3140.4
8/17/2024,7:15,3561.6
8/17/2024,7:30,3655.2
8/17/2024,7:45,4182
8/17/2024,8:00,4300.8
8/17/2024,8:15,4365.6
8/17/2024,8:30,4166.4
8/17/2024,8:45,4129.2
8/17/2024,9:00,4075.2
8/17/2024,9:15,4179.6
8/17/2024,9:30,4027.2
8/17/2024,9:45,4754.4
8/17/2024,10:00,3828
8/17/2024,10:15,4550.4
8/17/2024,10:30,4693.2
8/17/2024,10:45,4078.8
8/17/2024,11:00,4228.8
8/17/2024,11:15,3367.2
8/17/2024,11:30,3410.4
8/17/2024,11:45,2583.6
8/17/2024,12:00,3795.6
8/17/2024,12:15,3705.6
8/17/2024,12:30,4473.6
8/17/2024,12:45,4503.6
8/17/2024,13:00,4255.2
8/17/2024,13:15,4396.8
8/17/2024,13:30,4800
8/17/2024,13:45,4570.8
8/17/2024,14:00,4316.4
8/17/2024,14:15,4458
8/17/2024,14:30,4381.2
8/17/2024,14:45,4374
8/17/2024,15:00,4190.4
8/17/2024,15:15,4377.6
8/17/2024,15:30,3382.8
8/17/2024,15:45,4555.2
8/17/2024,16:00,4414.8
8/17/2024,16:15,3328.8
8/17/2024,16:30,3532.8
8/17/2024,16:45,4024.8
8/17/2024,17:00,3985.2
8/17/2024,17:15,3892.8
8/17/2024,17:30,4038
8/17/2024,17:45,4297.2
8/17/2024,18:00,3750
8/17/2024,18:15,4122
8/17/2024,18:30,3300
8/17/2024,18:45,2431.2
8/17/2024,19:00,3192
8/17/2024,19:15,3247.2
8/17/2024,19:30,3268.8
8/17/2024,19:45,3286.8
8/17/2024,20:00,3333.6
8/17/2024,20:15,3178.8
8/17/2024,20:30,2278.8
8/17/2024,20:45,2253.6
8/17/2024,21:00,3175.2
8/17/2024,21:15,3313.2
8/17/2024,21:30,3243.6
8/17/2024,21:45,3231.6
8/17/2024,22:00,2461.2
8/17/2024,22:15,3164.4
8/17/2024,22:30,3225.6
8/17/2024,22:45,2266.8
8/17/2024,23:00,3224.4
8/17/2024,23:15,3210
8/17/2024,23:30,3271.2
8/17/2024,23:45,3223.2
8/18/2024,0:00,3267.6
8/18/2024,0:15,3224.4
8/18/2024,0:30,3218.4
8/18/2024,0:45,3294
8/18/2024,1:00,3198
8/18/2024,1:15,3198
8/18/2024,1:30,3247.2
8/18/2024,1:45,3292.8
8/18/2024,2:00,2311.2
8/18/2024,2:15,3279.6
8/18/2024,2:30,2689.2
8/18/2024,2:45,2703.6
8/18/2024,3:00,2574
8/18/2024,3:15,2133.6
8/18/2024,3:30,2122.8
8/18/2024,3:45,2185.2
8/18/2024,4:00,3223.2
8/18/2024,4:15,2772
8/18/2024,4:30,2830.8
8/18/2024,4:45,2190
8/18/2024,5:00,3229.2
8/18/2024,5:15,2227.2
8/18/2024,5:30,3177.6
8/18/2024,5:45,2311.2
8/18/2024,6:00,2257.2
8/18/2024,6:15,3295.2
8/18/2024,6:30,2290.8
8/18/2024,6:45,648
8/18/2024,7:00,626.4
8/18/2024,7:15,586.8
8/18/2024,7:30,872.4
8/18/2024,7:45,1038
8/18/2024,8:00,1082.4
8/18/2024,8:15,1100.4
8/18/2024,8:30,1267.2
8/18/2024,8:45,1275.6
8/18/2024,9:00,2252.4
8/18/2024,9:15,2254.8
8/18/2024,9:30,2404.8
8/18/2024,9:45,3034.8
8/18/2024,10:00,3037.2
8/18/2024,10:15,3052.8
8/18/2024,10:30,3964.8
8/18/2024,10:45,4028.4
8/18/2024,11:00,3088.8
8/18/2024,11:15,2988
8/18/2024,11:30,3442.8
8/18/2024,11:45,3288
8/18/2024,12:00,3440.4
8/18/2024,12:15,2790
8/18/2024,12:30,1566
8/18/2024,12:45,2022
8/18/2024,13:00,1417.2
8/18/2024,13:15,1879.2
8/18/2024,13:30,1539.6
8/18/2024,13:45,1653.6
8/18/2024,14:00,1352.4
8/18/2024,14:15,2401.2
8/18/2024,14:30,3372
8/18/2024,14:45,1530
8/18/2024,15:00,1206
8/18/2024,15:15,1254
8/18/2024,15:30,1328.4
8/18/2024,15:45,1220.4
8/18/2024,16:00,1118.4
8/18/2024,16:15,1518
8/18/2024,16:30,1488
8/18/2024,16:45,1912.8
8/18/2024,17:00,2299.2
8/18/2024,17:15,2629.2
8/18/2024,17:30,2750.4
8/18/2024,17:45,2727.6
8/18/2024,18:00,2772
8/18/2024,18:15,2210.4
8/18/2024,18:30,3123.6
8/18/2024,18:45,2304
8/18/2024,19:00,3331.2
8/18/2024,19:15,2253.6
8/18/2024,19:30,2253.6
8/18/2024,19:45,2884.8
8/18/2024,20:00,2598
8/18/2024,20:15,2560.8
8/18/2024,20:30,2703.6
8/18/2024,20:45,2282.4
8/18/2024,21:00,3172.8
8/18/2024,21:15,2836.8
8/18/2024,21:30,3366
8/18/2024,21:45,3319.2
8/18/2024,22:00,3249.6
8/18/2024,22:15,3350.4
8/18/2024,22:30,2276.4
8/18/2024,22:45,2794.8
8/18/2024,23:00,2253.6
8/18/2024,23:15,3285.6
8/18/2024,23:30,2192.4
8/18/2024,23:45,3232.8
8/19/2024,0:00,2366.4
8/19/2024,0:15,3267.6
8/19/2024,0:30,3214.8
8/19/2024,0:45,3248.4
8/19/2024,1:00,3290.4
8/19/2024,1:15,3205.2
8/19/2024,1:30,3280.8
8/19/2024,1:45,3314.4
8/19/2024,2:00,2392.8
8/19/2024,2:15,3202.8
8/19/2024,2:30,3236.4
8/19/2024,2:45,3402
8/19/2024,3:00,3244.8
8/19/2024,3:15,2780.4
8/19/2024,3:30,2691.6
8/19/2024,3:45,3206.4
8/19/2024,4:00,3190.8
8/19/2024,4:15,3199.2
8/19/2024,4:30,2292
8/19/2024,4:45,2623.2
8/19/2024,5:00,3129.6
8/19/2024,5:15,3330
8/19/2024,5:30,2625.6
8/19/2024,5:45,3225.6
8/19/2024,6:00,2587.2
8/19/2024,6:15,2760
8/19/2024,6:30,2226
8/19/2024,6:45,2128.8
8/19/2024,7:00,2238
8/19/2024,7:15,3202.8
8/19/2024,7:30,3613.2
8/19/2024,7:45,3566.4
8/19/2024,8:00,4106.4
8/19/2024,8:15,4363.2
8/19/2024,8:30,4444.8
8/19/2024,8:45,3814.8
8/19/2024,9:00,4075.2
8/19/2024,9:15,4050
8/19/2024,9:30,4329.6
8/19/2024,9:45,3980.4
8/19/2024,10:00,4183.2
8/19/2024,10:15,3864
8/19/2024,10:30,4087.2
8/19/2024,10:45,4158
8/19/2024,11:00,3824.4
8/19/2024,11:15,3637.2
8/19/2024,11:30,3226.8
8/19/2024,11:45,3442.8
8/19/2024,12:00,3462
8/19/2024,12:15,4212
8/19/2024,12:30,4072.8
8/19/2024,12:45,4162.8
8/19/2024,13:00,3885.6
8/19/2024,13:15,4063.2
8/19/2024,13:30,3939.6
8/19/2024,13:45,3981.6
8/19/2024,14:00,3177.6
8/19/2024,14:15,4112.4
8/19/2024,14:30,3984
8/19/2024,14:45,3658.8
8/19/2024,15:00,4156.8
8/19/2024,15:15,3633.6
8/19/2024,15:30,3871.2
8/19/2024,15:45,3813.6
8/19/2024,16:00,4044
8/19/2024,16:15,3945.6
8/19/2024,16:30,4058.4
8/19/2024,16:45,4010.4
8/19/2024,17:00,3986.4
8/19/2024,17:15,4179.6
8/19/2024,17:30,3777.6
8/19/2024,17:45,3946.8
8/19/2024,18:00,4100.4
8/19/2024,18:15,4119.6
8/19/2024,18:30,3106.8
8/19/2024,18:45,3339.6
8/19/2024,19:00,3345.6
8/19/2024,19:15,3232.8
8/19/2024,19:30,3198
8/19/2024,19:45,3236.4
8/19/2024,20:00,3278.4
8/19/2024,20:15,2469.6
8/19/2024,20:30,3164.4
8/19/2024,20:45,2694
8/19/2024,21:00,3213.6
8/19/2024,21:15,3312
8/19/2024,21:30,2282.4
8/19/2024,21:45,2206.8
8/19/2024,22:00,2188.8
8/19/2024,22:15,2184
8/19/2024,22:30,2211.6
8/19/2024,22:45,3319.2
8/19/2024,23:00,2910
8/19/2024,23:15,3196.8
8/19/2024,23:30,3157.2
8/19/2024,23:45,3162
8/20/2024,0:00,3264
8/20/2024,0:15,2887.2
8/20/2024,0:30,3268.8
8/20/2024,0:45,3217.2
8/20/2024,1:00,3240
8/20/2024,1:15,3261.6
8/20/2024,1:30,3289.2
8/20/2024,1:45,3212.4
8/20/2024,2:00,3249.6
8/20/2024,2:15,3318
8/20/2024,2:30,3268.8
8/20/2024,2:45,3242.4
8/20/2024,3:00,3399.6
8/20/2024,3:15,3208.8
8/20/2024,3:30,3243.6
8/20/2024,3:45,3327.6
8/20/2024,4:00,3175.2
8/20/2024,4:15,3336
8/20/2024,4:30,3357.6
8/20/2024,4:45,3373.2
8/20/2024,5:00,2444.4
8/20/2024,5:15,2401.2
8/20/2024,5:30,3308.4
8/20/2024,5:45,3276
8/20/2024,6:00,3261.6
8/20/2024,6:15,3316.8
8/20/2024,6:30,3302.4
8/20/2024,6:45,1288.8
8/20/2024,7:00,1350
8/20/2024,7:15,2446.8
8/20/2024,7:30,3333.6
8/20/2024,7:45,3346.8
8/20/2024,8:00,4471.2
8/20/2024,8:15,3944.4
8/20/2024,8:30,3312
8/20/2024,8:45,4370.4
8/20/2024,9:00,4606.8
8/20/2024,9:15,4363.2
8/20/2024,9:30,4521.6
8/20/2024,9:45,4168.8
8/20/2024,10:00,4585.2
8/20/2024,10:15,4602
8/20/2024,10:30,3792
8/20/2024,10:45,4562.4
8/20/2024,11:00,4581.6
8/20/2024,11:15,3885.6
8/20/2024,11:30,3007.2
8/20/2024,11:45,1179.6
8/20/2024,12:00,1639.2
8/20/2024,12:15,3487.2
8/20/2024,12:30,2040
8/20/2024,12:45,2395.2
8/20/2024,13:00,2091.6
8/20/2024,13:15,2274
8/20/2024,13:30,1897.2
8/20/2024,13:45,2050.8
8/20/2024,14:00,1977.6
8/20/2024,14:15,1870.8
8/20/2024,14:30,2126.4
8/20/2024,14:45,1917.6
8/20/2024,15:00,2754
8/20/2024,15:15,3054
8/20/2024,15:30,3459.6
8/20/2024,15:45,3374.4
8/20/2024,16:00,3199.2
8/20/2024,16:15,4286.4
8/20/2024,16:30,4201.2
8/20/2024,16:45,4485.6
8/20/2024,17:00,4609.2
8/20/2024,17:15,4383.6
8/20/2024,17:30,4622.4
8/20/2024,17:45,4767.6
8/20/2024,18:00,4784.4
8/20/2024,18:15,4812
8/20/2024,18:30,4418.4
8/20/2024,18:45,3970.8
8/20/2024,19:00,3475.2
8/20/2024,19:15,2078.4
8/20/2024,19:30,1762.8
8/20/2024,19:45,1624.8
8/20/2024,20:00,1579.2
8/20/2024,20:15,1545.6
8/20/2024,20:30,1408.8
8/20/2024,20:45,1304.4
8/20/2024,21:00,1278
8/20/2024,21:15,788.4
8/20/2024,21:30,733.2
8/20/2024,21:45,766.8
8/20/2024,22:00,783.6
8/20/2024,22:15,660
8/20/2024,22:30,664.8
8/20/2024,22:45,717.6
8/20/2024,23:00,584.4
8/20/2024,23:15,602.4
8/20/2024,23:30,662.4
8/20/2024,23:45,1382.4
8/21/2024,0:00,1693.2
8/21/2024,0:15,1918.8
8/21/2024,0:30,2133.6
8/21/2024,0:45,2164.8
8/21/2024,1:00,2343.6
8/21/2024,1:15,2738.4
8/21/2024,1:30,2908.8
8/21/2024,1:45,3404.4
8/21/2024,2:00,2910
8/21/2024,2:15,3346.8
8/21/2024,2:30,3330
8/21/2024,2:45,2959.2
8/21/2024,3:00,3290.4
8/21/2024,3:15,2539.2
8/21/2024,3:30,3291.6
8/21/2024,3:45,3289.2
8/21/2024,4:00,3430.8
8/21/2024,4:15,2925.6
8/21/2024,4:30,3469.2
8/21/2024,4:45,3301.2
8/21/2024,5:00,3354
8/21/2024,5:15,3301.2
8/21/2024,5:30,2560.8
8/21/2024,5:45,3296.4
8/21/2024,6:00,2917.2
8/21/2024,6:15,3340.8
8/21/2024,6:30,3244.8
8/21/2024,6:45,2510.4
8/21/2024,7:00,3361.2
8/21/2024,7:15,3337.2
8/21/2024,7:30,3658.8
8/21/2024,7:45,3519.6
8/21/2024,8:00,4732.8
8/21/2024,8:15,4737.6
8/21/2024,8:30,4752
8/21/2024,8:45,4573.2
8/21/2024,9:00,4500
8/21/2024,9:15,4272
8/21/2024,9:30,4741.2
8/21/2024,9:45,4648.8
8/21/2024,10:00,4018.8
8/21/2024,10:15,4852.8
8/21/2024,10:30,3908.4
8/21/2024,10:45,3879.6
8/21/2024,11:00,4707.6
8/21/2024,11:15,3601.2
8/21/2024,11:30,3466.8
8/21/2024,11:45,3496.8
8/21/2024,12:00,4098
8/21/2024,12:15,3472.8
8/21/2024,12:30,3278.4
8/21/2024,12:45,3817.2
8/21/2024,13:00,3816
8/21/2024,13:15,3067.2
8/21/2024,13:30,2677.2
8/21/2024,13:45,2828.4
8/21/2024,14:00,2836.8
8/21/2024,14:15,3147.6
8/21/2024,14:30,3213.6
8/21/2024,14:45,3006
8/21/2024,15:00,3030
8/21/2024,15:15,3284.4
8/21/2024,15:30,3162
8/21/2024,15:45,4424.4
8/21/2024,16:00,4350
8/21/2024,16:15,3294
8/21/2024,16:30,4471.2
8/21/2024,16:45,4351.2
8/21/2024,17:00,4183.2
8/21/2024,17:15,3901.2
8/21/2024,17:30,1575.6
8/21/2024,17:45,1573.2
8/21/2024,18:00,1521.6
8/21/2024,18:15,1593.6
8/21/2024,18:30,1572
8/21/2024,18:45,1531.2
8/21/2024,19:00,1040.4
8/21/2024,19:15,687.6
8/21/2024,19:30,535.2
8/21/2024,19:45,540
8/21/2024,20:00,559.2
8/21/2024,20:15,524.4
8/21/2024,20:30,507.6
8/21/2024,20:45,439.2
8/21/2024,21:00,507.6
8/21/2024,21:15,512.4
8/21/2024,21:30,475.2
8/21/2024,21:45,459.6
8/21/2024,22:00,457.2
8/21/2024,22:15,442.8
8/21/2024,22:30,429.6
8/21/2024,22:45,442.8
8/21/2024,23:00,416.4
8/21/2024,23:15,382.8
8/21/2024,23:30,387.6
8/21/2024,23:45,376.8
8/22/2024,0:00,385.2
8/22/2024,0:15,381.6
8/22/2024,0:30,386.4
8/22/2024,0:45,397.2
8/22/2024,1:00,438
8/22/2024,1:15,426
8/22/2024,1:30,381.6
8/22/2024,1:45,388.8
8/22/2024,2:00,375.6
8/22/2024,2:15,384
8/22/2024,2:30,384
8/22/2024,2:45,368.4
8/22/2024,3:00,367.2
8/22/2024,3:15,385.2
8/22/2024,3:30,370.8
8/22/2024,3:45,379.2
8/22/2024,4:00,354
8/22/2024,4:15,358.8
8/22/2024,4:30,364.8
8/22/2024,4:45,348
8/22/2024,5:00,350.4
8/22/2024,5:15,402
8/22/2024,5:30,364.8
8/22/2024,5:45,367.2
8/22/2024,6:00,357.6
8/22/2024,6:15,308.4
8/22/2024,6:30,333.6
8/22/2024,6:45,306
8/22/2024,7:00,277.2
8/22/2024,7:15,525.6
8/22/2024,7:30,734.4
8/22/2024,7:45,1203.6
8/22/2024,8:00,1465.2
8/22/2024,8:15,1416
8/22/2024,8:30,1082.4
8/22/2024,8:45,1354.8
8/22/2024,9:00,1407.6
8/22/2024,9:15,1053.6
8/22/2024,9:30,1537.2
8/22/2024,9:45,1699.2
8/22/2024,10:00,1566
8/22/2024,10:15,1657.2
8/22/2024,10:30,1372.8
8/22/2024,10:45,1629.6
8/22/2024,11:00,1298.4
8/22/2024,11:15,1052.4
8/22/2024,11:30,636
8/22/2024,11:45,608.4
8/22/2024,12:00,1524
8/22/2024,12:15,1708.8
8/22/2024,12:30,2180.4
8/22/2024,12:45,2463.6
8/22/2024,13:00,2587.2
8/22/2024,13:15,2913.6
8/22/2024,13:30,3048
8/22/2024,13:45,3277.2
8/22/2024,14:00,3246
8/22/2024,14:15,3994.8
8/22/2024,14:30,4302
8/22/2024,14:45,3687.6
8/22/2024,15:00,4351.2
8/22/2024,15:15,4034.4
8/22/2024,15:30,4072.8
8/22/2024,15:45,3894
8/22/2024,16:00,4030.8
8/22/2024,16:15,4237.2
8/22/2024,16:30,4255.2
8/22/2024,16:45,4332
8/22/2024,17:00,4458
8/22/2024,17:15,4330.8
8/22/2024,17:30,4327.2
8/22/2024,17:45,4359.6
8/22/2024,18:00,4448.4
8/22/2024,18:15,4401.6
8/22/2024,18:30,4591.2
8/22/2024,18:45,3976.8
8/22/2024,19:00,4035.6
8/22/2024,19:15,3816
8/22/2024,19:30,3416.4
8/22/2024,19:45,3376.8
8/22/2024,20:00,3432
8/22/2024,20:15,3356.4
8/22/2024,20:30,3422.4
8/22/2024,20:45,3429.6
8/22/2024,21:00,2794.8
8/22/2024,21:15,2326.8
8/22/2024,21:30,2557.2
8/22/2024,21:45,3444
8/22/2024,22:00,2568
8/22/2024,22:15,3424.8
8/22/2024,22:30,3387.6
8/22/2024,22:45,3418.8
8/22/2024,23:00,3310.8
8/22/2024,23:15,3511.2
8/22/2024,23:30,3321.6
8/22/2024,23:45,3340.8
8/23/2024,0:00,2977.2
8/23/2024,0:15,3286.8
8/23/2024,0:30,2448
8/23/2024,0:45,3322.8
8/23/2024,1:00,3333.6
8/23/2024,1:15,3394.8
8/23/2024,1:30,3430.8
8/23/2024,1:45,3034.8
8/23/2024,2:00,3549.6
8/23/2024,2:15,3414
8/23/2024,2:30,3386.4
8/23/2024,2:45,3444
8/23/2024,3:00,3385.2
8/23/2024,3:15,3440.4
8/23/2024,3:30,3468
8/23/2024,3:45,3393.6
8/23/2024,4:00,3403.2
8/23/2024,4:15,3380.4
8/23/2024,4:30,3432
8/23/2024,4:45,3376.8
8/23/2024,5:00,3508.8
8/23/2024,5:15,3422.4
8/23/2024,5:30,3483.6
8/23/2024,5:45,3448.8
8/23/2024,6:00,3452.4
8/23/2024,6:15,3423.6
8/23/2024,6:30,3375.6
8/23/2024,6:45,3386.4
8/23/2024,7:00,3340.8
8/23/2024,7:15,2733.6
8/23/2024,7:30,3807.6
8/23/2024,7:45,3520.8
8/23/2024,8:00,3350.4
8/23/2024,8:15,4365.6
8/23/2024,8:30,4374
8/23/2024,8:45,4286.4
8/23/2024,9:00,4466.4
8/23/2024,9:15,3740.4
8/23/2024,9:30,4437.6
8/23/2024,9:45,3680.4
8/23/2024,10:00,4508.4
8/23/2024,10:15,4290
8/23/2024,10:30,4210.8
8/23/2024,10:45,3507.6
8/23/2024,11:00,3432
8/23/2024,11:15,3802.8
8/23/2024,11:30,3468
8/23/2024,11:45,3553.2
8/23/2024,12:00,4551.6
8/23/2024,12:15,4290
8/23/2024,12:30,4692
8/23/2024,12:45,4669.2
8/23/2024,13:00,4706.4
8/23/2024,13:15,3686.4
8/23/2024,13:30,3874.8
8/23/2024,13:45,4598.4
8/23/2024,14:00,4599.6
8/23/2024,14:15,4407.6
8/23/2024,14:30,4750.8
8/23/2024,14:45,3835.2
8/23/2024,15:00,3877.2
8/23/2024,15:15,4352.4
8/23/2024,15:30,4258.8
8/23/2024,15:45,4287.6
8/23/2024,16:00,4342.8
8/23/2024,16:15,4296
8/23/2024,16:30,4378.8
8/23/2024,16:45,4044
8/23/2024,17:00,4540.8
8/23/2024,17:15,4485.6
8/23/2024,17:30,3763.2
8/23/2024,17:45,3830.4
8/23/2024,18:00,3453.6
8/23/2024,18:15,3519.6
8/23/2024,18:30,3439.2
8/23/2024,18:45,4160.4
8/23/2024,19:00,3958.8
8/23/2024,19:15,2776.8
8/23/2024,19:30,3567.6
8/23/2024,19:45,2494.8
8/23/2024,20:00,2456.4
8/23/2024,20:15,3546
8/23/2024,20:30,3428.4
8/23/2024,20:45,2499.6
8/23/2024,21:00,3022.8
8/23/2024,21:15,3439.2
8/23/2024,21:30,3481.2
8/23/2024,21:45,2808
8/23/2024,22:00,3499.2
8/23/2024,22:15,2451.6
8/23/2024,22:30,3460.8
8/23/2024,22:45,3572.4
8/23/2024,23:00,2640
8/23/2024,23:15,3394.8
8/23/2024,23:30,3388.8
8/23/2024,23:45,2835.6
8/24/2024,0:00,3345.6
8/24/2024,0:15,2504.4
8/24/2024,0:30,3439.2
8/24/2024,0:45,3550.8
8/24/2024,1:00,2468.4
8/24/2024,1:15,3387.6
8/24/2024,1:30,2569.2
8/24/2024,1:45,3456
8/24/2024,2:00,3109.2
8/24/2024,2:15,3070.8
8/24/2024,2:30,3480
8/24/2024,2:45,3510
8/24/2024,3:00,3438
8/24/2024,3:15,3514.8
8/24/2024,3:30,3535.2
8/24/2024,3:45,3409.2
8/24/2024,4:00,3451.2
8/24/2024,4:15,3547.2
8/24/2024,4:30,3532.8
8/24/2024,4:45,3543.6
8/24/2024,5:00,3498
8/24/2024,5:15,3516
8/24/2024,5:30,3502.8
8/24/2024,5:45,3555.6
8/24/2024,6:00,3488.4
8/24/2024,6:15,3439.2
8/24/2024,6:30,3469.2
8/24/2024,6:45,3392.4
8/24/2024,7:00,3402
8/24/2024,7:15,3704.4
8/24/2024,7:30,3868.8
8/24/2024,7:45,4281.6
8/24/2024,8:00,4332
8/24/2024,8:15,4351.2
8/24/2024,8:30,4442.4
8/24/2024,8:45,3637.2
8/24/2024,9:00,4513.2
8/24/2024,9:15,4618.8
8/24/2024,9:30,4545.6
8/24/2024,9:45,4532.4
8/24/2024,10:00,4576.8
8/24/2024,10:15,4460.4
8/24/2024,10:30,4426.8
8/24/2024,10:45,4046.4
8/24/2024,11:00,4358.4
8/24/2024,11:15,3759.6
8/24/2024,11:30,2592
8/24/2024,11:45,3200.4
8/24/2024,12:00,4074
8/24/2024,12:15,3436.8
8/24/2024,12:30,3730.8
8/24/2024,12:45,3637.2
8/24/2024,13:00,4471.2
8/24/2024,13:15,4587.6
8/24/2024,13:30,4263.6
8/24/2024,13:45,4369.2
8/24/2024,14:00,4532.4
8/24/2024,14:15,4526.4
8/24/2024,14:30,4693.2
8/24/2024,14:45,4477.2
8/24/2024,15:00,3901.2
8/24/2024,15:15,4682.4
8/24/2024,15:30,3852
8/24/2024,15:45,4693.2
8/24/2024,16:00,4480.8
8/24/2024,16:15,4719.6
8/24/2024,16:30,4196.4
8/24/2024,16:45,3969.6
8/24/2024,17:00,4388.4
8/24/2024,17:15,4536
8/24/2024,17:30,3705.6
8/24/2024,17:45,4503.6
8/24/2024,18:00,4639.2
8/24/2024,18:15,4707.6
8/24/2024,18:30,4122
8/24/2024,18:45,4183.2
8/24/2024,19:00,3625.2
8/24/2024,19:15,3670.8
8/24/2024,19:30,3456
8/24/2024,19:45,3522
8/24/2024,20:00,2630.4
8/24/2024,20:15,3344.4
8/24/2024,20:30,3051.6
8/24/2024,20:45,2546.4
8/24/2024,21:00,2461.2
8/24/2024,21:15,3396
8/24/2024,21:30,3514.8
8/24/2024,21:45,3424.8
8/24/2024,22:00,2566.8
8/24/2024,22:15,2584.8
8/24/2024,22:30,3465.6
8/24/2024,22:45,3372
8/24/2024,23:00,2954.4
8/24/2024,23:15,3422.4
8/24/2024,23:30,3404.4
8/24/2024,23:45,3477.6
8/25/2024,0:00,3417.6
8/25/2024,0:15,3480
8/25/2024,0:30,2953.2
8/25/2024,0:45,3451.2
8/25/2024,1:00,3384
8/25/2024,1:15,3478.8
8/25/2024,1:30,3516
8/25/2024,1:45,3399.6
8/25/2024,2:00,3459.6
8/25/2024,2:15,3414
8/25/2024,2:30,3570
8/25/2024,2:45,3506.4
8/25/2024,3:00,3490.8
8/25/2024,3:15,3526.8
8/25/2024,3:30,2604
8/25/2024,3:45,3391.2
8/25/2024,4:00,3390
8/25/2024,4:15,3460.8
8/25/2024,4:30,3471.6
8/25/2024,4:45,2979.6
8/25/2024,5:00,3417.6
8/25/2024,5:15,2610
8/25/2024,5:30,2940
8/25/2024,5:45,3528
8/25/2024,6:00,1317.6
8/25/2024,6:15,1280.4
8/25/2024,6:30,1206
8/25/2024,6:45,646.8
8/25/2024,7:00,642
8/25/2024,7:15,840
8/25/2024,7:30,877.2
8/25/2024,7:45,1460.4
8/25/2024,8:00,1870.8
8/25/2024,8:15,1789.2
8/25/2024,8:30,1873.2
8/25/2024,8:45,1945.2
8/25/2024,9:00,1921.2
8/25/2024,9:15,1879.2
8/25/2024,9:30,1707.6
8/25/2024,9:45,1699.2
8/25/2024,10:00,2061.6
8/25/2024,10:15,2845.2
8/25/2024,10:30,3138
8/25/2024,10:45,2971.2
8/25/2024,11:00,3372
8/25/2024,11:15,3177.6
8/25/2024,11:30,2688
8/25/2024,11:45,3540
8/25/2024,12:00,3219.6
8/25/2024,12:15,4279.2
8/25/2024,12:30,4608
8/25/2024,12:45,4286.4
8/25/2024,13:00,4346.4
8/25/2024,13:15,4700.4
8/25/2024,13:30,4441.2
8/25/2024,13:45,4710
8/25/2024,14:00,4521.6
8/25/2024,14:15,4459.2
8/25/2024,14:30,4618.8
8/25/2024,14:45,4233.6
8/25/2024,15:00,4383.6
8/25/2024,15:15,4598.4
8/25/2024,15:30,4526.4
8/25/2024,15:45,4479.6
8/25/2024,16:00,4786.8
8/25/2024,16:15,4526.4
8/25/2024,16:30,4693.2
8/25/2024,16:45,4448.4
8/25/2024,17:00,3488.4
8/25/2024,17:15,4454.4
8/25/2024,17:30,4465.2
8/25/2024,17:45,4621.2
8/25/2024,18:00,4447.2
8/25/2024,18:15,4852.8
8/25/2024,18:30,4095.6
8/25/2024,18:45,3878.4
8/25/2024,19:00,3727.2
8/25/2024,19:15,3327.6
8/25/2024,19:30,2372.4
8/25/2024,19:45,854.4
8/25/2024,20:00,787.2
8/25/2024,20:15,818.4
8/25/2024,20:30,753.6
8/25/2024,20:45,757.2
8/25/2024,21:00,644.4
8/25/2024,21:15,626.4
8/25/2024,21:30,1550.4
8/25/2024,21:45,1804.8
8/25/2024,22:00,2019.6
8/25/2024,22:15,2254.8
8/25/2024,22:30,2725.2
8/25/2024,22:45,2370
8/25/2024,23:00,2406
8/25/2024,23:15,3300
8/25/2024,23:30,3318
8/25/2024,23:45,3274.8
8/26/2024,0:00,2485.2
8/26/2024,0:15,3423.6
8/26/2024,0:30,2764.8
8/26/2024,0:45,3306
8/26/2024,1:00,3303.6
8/26/2024,1:15,3284.4
8/26/2024,1:30,2786.4
8/26/2024,1:45,2804.4
8/26/2024,2:00,3318
8/26/2024,2:15,3308.4
8/26/2024,2:30,3357.6
8/26/2024,2:45,3033.6
8/26/2024,3:00,2416.8
8/26/2024,3:15,2760
8/26/2024,3:30,3277.2
8/26/2024,3:45,3330
8/26/2024,4:00,3360
8/26/2024,4:15,2493.6
8/26/2024,4:30,2403.6
8/26/2024,4:45,805.2
8/26/2024,5:00,1147.2
8/26/2024,5:15,1144.8
8/26/2024,5:30,1156.8
8/26/2024,5:45,704.4
8/26/2024,6:00,642
8/26/2024,6:15,658.8
8/26/2024,6:30,1916.4
8/26/2024,6:45,2234.4
8/26/2024,7:00,2031.6
8/26/2024,7:15,2206.8
8/26/2024,7:30,2630.4
8/26/2024,7:45,3499.2
8/26/2024,8:00,4431.6
8/26/2024,8:15,4582.8
8/26/2024,8:30,4171.2
8/26/2024,8:45,4686
8/26/2024,9:00,4483.2
8/26/2024,9:15,4377.6
8/26/2024,9:30,4762.8
8/26/2024,9:45,4543.2
8/26/2024,10:00,3397.2
8/26/2024,10:15,4075.2
8/26/2024,10:30,4725.6
8/26/2024,10:45,3462
8/26/2024,11:00,4144.8
8/26/2024,11:15,3933.6
8/26/2024,11:30,3831.6
8/26/2024,11:45,3798
8/26/2024,12:00,4023.6
8/26/2024,12:15,4246.8
8/26/2024,12:30,3546
8/26/2024,12:45,4438.8
8/26/2024,13:00,4610.4
8/26/2024,13:15,4741.2
8/26/2024,13:30,4574.4
8/26/2024,13:45,4382.4
8/26/2024,14:00,4298.4
8/26/2024,14:15,4690.8
8/26/2024,14:30,3874.8
8/26/2024,14:45,4214.4
8/26/2024,15:00,4478.4
8/26/2024,15:15,4731.6
8/26/2024,15:30,4404
8/26/2024,15:45,4192.8
8/26/2024,16:00,4279.2
8/26/2024,16:15,4284
8/26/2024,16:30,3423.6
8/26/2024,16:45,4287.6
8/26/2024,17:00,4360.8
8/26/2024,17:15,4267.2
8/26/2024,17:30,3320.4
8/26/2024,17:45,4378.8
8/26/2024,18:00,4230
8/26/2024,18:15,3531.6
8/26/2024,18:30,4101.6
8/26/2024,18:45,3495.6
8/26/2024,19:00,3543.6
8/26/2024,19:15,2660.4
8/26/2024,19:30,3391.2
8/26/2024,19:45,3276
8/26/2024,20:00,3318
8/26/2024,20:15,3337.2
8/26/2024,20:30,3369.6
8/26/2024,20:45,3378
8/26/2024,21:00,3415.2
8/26/2024,21:15,3288
8/26/2024,21:30,2557.2
8/26/2024,21:45,2444.4
8/26/2024,22:00,3289.2
8/26/2024,22:15,3255.6
8/26/2024,22:30,3343.2
8/26/2024,22:45,3331.2
8/26/2024,23:00,3301.2
8/26/2024,23:15,2390.4
8/26/2024,23:30,3268.8
8/26/2024,23:45,2842.8
8/27/2024,0:00,3255.6
8/27/2024,0:15,2466
8/27/2024,0:30,3243.6
8/27/2024,0:45,3338.4
8/27/2024,1:00,3350.4
8/27/2024,1:15,3308.4
8/27/2024,1:30,3321.6
8/27/2024,1:45,3313.2
8/27/2024,2:00,3267.6
8/27/2024,2:15,3295.2
8/27/2024,2:30,2910
8/27/2024,2:45,3273.6
8/27/2024,3:00,3355.2
8/27/2024,3:15,3301.2
8/27/2024,3:30,3303.6
8/27/2024,3:45,3324
8/27/2024,4:00,2784
8/27/2024,4:15,3261.6
8/27/2024,4:30,3205.2
8/27/2024,4:45,2377.2
8/27/2024,5:00,3213.6
8/27/2024,5:15,3292.8
8/27/2024,5:30,3259.2
8/27/2024,5:45,3270
8/27/2024,6:00,3300
8/27/2024,6:15,3303.6
8/27/2024,6:30,3291.6
8/27/2024,6:45,3262.8
8/27/2024,7:00,3254.4
8/27/2024,7:15,3547.2
8/27/2024,7:30,3877.2
8/27/2024,7:45,3507.6
8/27/2024,8:00,4370.4
8/27/2024,8:15,4272
8/27/2024,8:30,4183.2
8/27/2024,8:45,4672.8
8/27/2024,9:00,4770
8/27/2024,9:15,3499.2
8/27/2024,9:30,4647.6
8/27/2024,9:45,4552.8
8/27/2024,10:00,4316.4
8/27/2024,10:15,3901.2
8/27/2024,10:30,4597.2
8/27/2024,10:45,3860.4
8/27/2024,11:00,3784.8
8/27/2024,11:15,3396
8/27/2024,11:30,3566.4
8/27/2024,11:45,3134.4
8/27/2024,12:00,3776.4
8/27/2024,12:15,3987.6
8/27/2024,12:30,3884.4
8/27/2024,12:45,3763.2
8/27/2024,13:00,4568.4
8/27/2024,13:15,3632.4
8/27/2024,13:30,4491.6
8/27/2024,13:45,4164
8/27/2024,14:00,3615.6
8/27/2024,14:15,3446.4
8/27/2024,14:30,3436.8
8/27/2024,14:45,3158.4
8/27/2024,15:00,2444.4
8/27/2024,15:15,2072.4
8/27/2024,15:30,2284.8
8/27/2024,15:45,1768.8
8/27/2024,16:00,1870.8
8/27/2024,16:15,1688.4
8/27/2024,16:30,1638
8/27/2024,16:45,1639.2
8/27/2024,17:00,1308
8/27/2024,17:15,1488
8/27/2024,17:30,1364.4
8/27/2024,17:45,1138.8
8/27/2024,18:00,1333.2
8/27/2024,18:15,1016.4
8/27/2024,18:30,336
8/27/2024,18:45,291.6
8/27/2024,19:00,237.6
8/27/2024,19:15,112.8
8/27/2024,19:30,142.8
8/27/2024,19:45,184.8
8/27/2024,20:00,216
8/27/2024,20:15,223.2
8/27/2024,20:30,214.8
8/27/2024,20:45,204
8/27/2024,21:00,182.4
8/27/2024,21:15,193.2
8/27/2024,21:30,181.2
8/27/2024,21:45,170.4
8/27/2024,22:00,158.4
8/27/2024,22:15,136.8
8/27/2024,22:30,122.4
8/27/2024,22:45,133.2
8/27/2024,23:00,118.8
8/27/2024,23:15,117.6
8/27/2024,23:30,170.4
8/27/2024,23:45,186
8/28/2024,0:00,208.8
8/28/2024,0:15,206.4
8/28/2024,0:30,210
8/28/2024,0:45,204
8/28/2024,1:00,211.2
8/28/2024,1:15,214.8
8/28/2024,1:30,201.6
8/28/2024,1:45,198
8/28/2024,2:00,164.4
8/28/2024,2:15,169.2
8/28/2024,2:30,159.6
8/28/2024,2:45,159.6
8/28/2024,3:00,174
8/28/2024,3:15,162
8/28/2024,3:30,160.8
8/28/2024,3:45,138
8/28/2024,4:00,114
8/28/2024,4:15,124.8
8/28/2024,4:30,118.8
8/28/2024,4:45,124.8
8/28/2024,5:00,114
8/28/2024,5:15,117.6
8/28/2024,5:30,142.8
8/28/2024,5:45,142.8
8/28/2024,6:00,127.2
8/28/2024,6:15,122.4
8/28/2024,6:30,163.2
8/28/2024,6:45,162
8/28/2024,7:00,158.4
8/28/2024,7:15,200.4
8/28/2024,7:30,442.8
8/28/2024,7:45,1606.8
8/28/2024,8:00,1333.2
8/28/2024,8:15,1064.4
8/28/2024,8:30,1050
8/28/2024,8:45,1372.8
8/28/2024,9:00,1486.8
8/28/2024,9:15,1449.6
8/28/2024,9:30,1261.2
8/28/2024,9:45,1206
8/28/2024,10:00,1568.4
8/28/2024,10:15,1360.8
8/28/2024,10:30,1249.2
8/28/2024,10:45,1233.6
8/28/2024,11:00,1260
8/28/2024,11:15,631.2
8/28/2024,11:30,235.2
8/28/2024,11:45,236.4
8/28/2024,12:00,786
8/28/2024,12:15,949.2
8/28/2024,12:30,1479.6
8/28/2024,12:45,1706.4
8/28/2024,13:00,1446
8/28/2024,13:15,1516.8
8/28/2024,13:30,1496.4
8/28/2024,13:45,1543.2
8/28/2024,14:00,1738.8
8/28/2024,14:15,1509.6
8/28/2024,14:30,1110
8/28/2024,14:45,806.4
8/28/2024,15:00,800.4
8/28/2024,15:15,819.6
8/28/2024,15:30,836.4
8/28/2024,15:45,1598.4
8/28/2024,16:00,1555.2
8/28/2024,16:15,1712.4
8/28/2024,16:30,1527.6
8/28/2024,16:45,1269.6
8/28/2024,17:00,1185.6
8/28/2024,17:15,1598.4
8/28/2024,17:30,1350
8/28/2024,17:45,1708.8
8/28/2024,18:00,1972.8
8/28/2024,18:15,1533.6
8/28/2024,18:30,1752
8/28/2024,18:45,657.6
8/28/2024,19:00,147.6
8/28/2024,19:15,43.2
8/28/2024,19:30,55.2
8/28/2024,19:45,48
8/28/2024,20:00,43.2
8/28/2024,20:15,46.8
8/28/2024,20:30,50.4
8/28/2024,20:45,50.4
8/28/2024,21:00,42
8/28/2024,21:15,51.6
8/28/2024,21:30,40.8
8/28/2024,21:45,40.8
8/28/2024,22:00,40.8
8/28/2024,22:15,49.2
8/28/2024,22:30,40.8
8/28/2024,22:45,39.6
8/28/2024,23:00,49.2
8/28/2024,23:15,42
8/28/2024,23:30,39.6
8/28/2024,23:45,39.6
8/29/2024,0:00,48
8/29/2024,0:15,42
8/29/2024,0:30,39.6
8/29/2024,0:45,49.2
8/29/2024,1:00,44.4
8/29/2024,1:15,39.6
8/29/2024,1:30,39.6
8/29/2024,1:45,49.2
8/29/2024,2:00,39.6
8/29/2024,2:15,40.8
8/29/2024,2:30,48
8/29/2024,2:45,46.8
8/29/2024,3:00,39.6
8/29/2024,3:15,48
8/29/2024,3:30,39.6
8/29/2024,3:45,39.6
8/29/2024,4:00,39.6
8/29/2024,4:15,49.2
8/29/2024,4:30,40.8
8/29/2024,4:45,42
8/29/2024,5:00,46.8
8/29/2024,5:15,50.4
8/29/2024,5:30,55.2
8/29/2024,5:45,62.4
8/29/2024,6:00,52.8
8/29/2024,6:15,45.6
8/29/2024,6:30,196.8
8/29/2024,6:45,133.2
8/29/2024,7:00,223.2
8/29/2024,7:15,421.2
8/29/2024,7:30,800.4
8/29/2024,7:45,956.4
8/29/2024,8:00,1435.2
8/29/2024,8:15,1201.2
8/29/2024,8:30,1423.2
8/29/2024,8:45,1555.2
8/29/2024,9:00,1400.4
8/29/2024,9:15,1592.4
8/29/2024,9:30,1244.4
8/29/2024,9:45,1407.6
8/29/2024,10:00,1442.4
8/29/2024,10:15,1768.8
8/29/2024,10:30,1417.2
8/29/2024,10:45,1348.8
8/29/2024,11:00,1202.4
8/29/2024,11:15,291.6
8/29/2024,11:30,298.8
8/29/2024,11:45,334.8
8/29/2024,12:00,985.2
8/29/2024,12:15,1234.8
8/29/2024,12:30,1316.4
8/29/2024,12:45,1418.4
8/29/2024,13:00,1401.6
8/29/2024,13:15,1203.6
8/29/2024,13:30,1578
8/29/2024,13:45,1574.4
8/29/2024,14:00,1166.4
8/29/2024,14:15,1592.4
8/29/2024,14:30,1760.4
8/29/2024,14:45,1678.8
8/29/2024,15:00,1322.4
8/29/2024,15:15,1560
8/29/2024,15:30,1675.2
8/29/2024,15:45,1568.4
8/29/2024,16:00,1513.2
8/29/2024,16:15,1108.8
8/29/2024,16:30,1076.4
8/29/2024,16:45,1477.2
8/29/2024,17:00,1171.2
8/29/2024,17:15,1212
8/29/2024,17:30,1188
8/29/2024,17:45,1038
8/29/2024,18:00,354
8/29/2024,18:15,199.2
8/29/2024,18:30,168
8/29/2024,18:45,199.2
8/29/2024,19:00,196.8
8/29/2024,19:15,146.4
8/29/2024,19:30,63.6
8/29/2024,19:45,44.4
8/29/2024,20:00,44.4
8/29/2024,20:15,45.6
8/29/2024,20:30,44.4
8/29/2024,20:45,45.6
8/29/2024,21:00,51.6
8/29/2024,21:15,44.4
8/29/2024,21:30,50.4
8/29/2024,21:45,49.2
8/29/2024,22:00,42
8/29/2024,22:15,31.2
8/29/2024,22:30,28.8
8/29/2024,22:45,28.8
8/29/2024,23:00,28.8
8/29/2024,23:15,28.8
8/29/2024,23:30,28.8
8/29/2024,23:45,27.6
8/30/2024,0:00,27.6
8/30/2024,0:15,27.6
8/30/2024,0:30,28.8
8/30/2024,0:45,27.6
8/30/2024,1:00,27.6
8/30/2024,1:15,26.4
8/30/2024,1:30,26.4
8/30/2024,1:45,28.8
8/30/2024,2:00,27.6
8/30/2024,2:15,27.6
8/30/2024,2:30,27.6
8/30/2024,2:45,27.6
8/30/2024,3:00,27.6
8/30/2024,3:15,27.6
8/30/2024,3:30,27.6
8/30/2024,3:45,26.4
8/30/2024,4:00,25.2
8/30/2024,4:15,27.6
8/30/2024,4:30,25.2
8/30/2024,4:45,26.4
8/30/2024,5:00,26.4
8/30/2024,5:15,39.6
8/30/2024,5:30,38.4
8/30/2024,5:45,39.6
8/30/2024,6:00,30
8/30/2024,6:15,33.6
8/30/2024,6:30,368.4
8/30/2024,6:45,129.6
8/30/2024,7:00,130.8
8/30/2024,7:15,157.2
8/30/2024,7:30,174
8/30/2024,7:45,483.6
8/30/2024,8:00,562.8
8/30/2024,8:15,565.2
8/30/2024,8:30,492
8/30/2024,8:45,484.8
8/30/2024,9:00,543.6
8/30/2024,9:15,588
8/30/2024,9:30,604.8
8/30/2024,9:45,678
8/30/2024,10:00,691.2
8/30/2024,10:15,686.4
8/30/2024,10:30,739.2
8/30/2024,10:45,754.8
8/30/2024,11:00,790.8
8/30/2024,11:15,147.6
8/30/2024,11:30,194.4
8/30/2024,11:45,156
8/30/2024,12:00,597.6
8/30/2024,12:15,609.6
8/30/2024,12:30,642
8/30/2024,12:45,739.2
8/30/2024,13:00,750
8/30/2024,13:15,661.2
8/30/2024,13:30,740.4
8/30/2024,13:45,901.2
8/30/2024,14:00,885.6
8/30/2024,14:15,553.2
8/30/2024,14:30,528
8/30/2024,14:45,525.6
8/30/2024,15:00,542.4
8/30/2024,15:15,501.6
8/30/2024,15:30,511.2
8/30/2024,15:45,500.4
8/30/2024,16:00,534
8/30/2024,16:15,483.6
8/30/2024,16:30,499.2
8/30/2024,16:45,446.4
8/30/2024,17:00,524.4
8/30/2024,17:15,326.4
8/30/2024,17:30,266.4
8/30/2024,17:45,255.6
8/30/2024,18:00,116.4
8/30/2024,18:15,223.2
8/30/2024,18:30,156
8/30/2024,18:45,168
8/30/2024,19:00,76.8
8/30/2024,19:15,165.6
8/30/2024,19:30,93.6
8/30/2024,19:45,115.2
8/30/2024,20:00,121.2
8/30/2024,20:15,103.2
8/30/2024,20:30,136.8
8/30/2024,20:45,90
8/30/2024,21:00,157.2
8/30/2024,21:15,172.8
8/30/2024,21:30,145.2
8/30/2024,21:45,222
8/30/2024,22:00,187.2
8/30/2024,22:15,195.6
8/30/2024,22:30,232.8
8/30/2024,22:45,162
8/30/2024,23:00,115.2
8/30/2024,23:15,187.2
8/30/2024,23:30,142.8
8/30/2024,23:45,109.2
8/31/2024,0:00,98.4
8/31/2024,0:15,196.8
8/31/2024,0:30,112.8
8/31/2024,0:45,102
8/31/2024,1:00,174
8/31/2024,1:15,166.8
8/31/2024,1:30,111.6
8/31/2024,1:45,96
8/31/2024,2:00,183.6
8/31/2024,2:15,148.8
8/31/2024,2:30,104.4
8/31/2024,2:45,93.6
8/31/2024,3:00,178.8
8/31/2024,3:15,121.2
8/31/2024,3:30,94.8
8/31/2024,3:45,97.2
8/31/2024,4:00,99.6
8/31/2024,4:15,97.2
8/31/2024,4:30,151.2
8/31/2024,4:45,188.4
8/31/2024,5:00,198
8/31/2024,5:15,142.8
8/31/2024,5:30,118.8
8/31/2024,5:45,176.4
8/31/2024,6:00,540
8/31/2024,6:15,753.6
8/31/2024,6:30,2041.2
8/31/2024,6:45,1204.8
8/31/2024,7:00,598.8
8/31/2024,7:15,472.8
8/31/2024,7:30,486
8/31/2024,7:45,1065.6
8/31/2024,8:00,1845.6
8/31/2024,8:15,2164.8
8/31/2024,8:30,1704
8/31/2024,8:45,2774.4
8/31/2024,9:00,2391.6
8/31/2024,9:15,658.8
8/31/2024,9:30,582
8/31/2024,9:45,752.4
8/31/2024,10:00,620.4
8/31/2024,10:15,790.8
8/31/2024,10:30,1108.8
8/31/2024,10:45,1809.6
8/31/2024,11:00,2140.8
8/31/2024,11:15,1959.6
8/31/2024,11:30,1648.8
8/31/2024,11:45,2059.2
8/31/2024,12:00,2509.2
8/31/2024,12:15,2862
8/31/2024,12:30,3145.2
8/31/2024,12:45,3387.6
8/31/2024,13:00,2590.8
8/31/2024,13:15,3432
8/31/2024,13:30,2647.2
8/31/2024,13:45,3458.4
8/31/2024,14:00,2808
8/31/2024,14:15,3279.6
8/31/2024,14:30,3477.6
8/31/2024,14:45,2994
8/31/2024,15:00,3048
8/31/2024,15:15,3400.8
8/31/2024,15:30,2487.6
8/31/2024,15:45,3288
8/31/2024,16:00,3453.6
8/31/2024,16:15,2742
8/31/2024,16:30,3596.4
8/31/2024,16:45,3412.8
8/31/2024,17:00,2842.8
8/31/2024,17:15,3512.4
8/31/2024,17:30,2245.2
8/31/2024,17:45,3121.2
8/31/2024,18:00,3091.2
8/31/2024,18:15,3106.8
8/31/2024,18:30,2558.4
8/31/2024,18:45,2608.8
8/31/2024,19:00,2690.4
8/31/2024,19:15,3054
8/31/2024,19:30,3208.8
8/31/2024,19:45,3172.8
8/31/2024,20:00,3051.6
8/31/2024,20:15,3144
8/31/2024,20:30,3117.6
8/31/2024,20:45,2385.6
8/31/2024,21:00,3127.2
8/31/2024,21:15,2403.6
8/31/2024,21:30,3307.2
8/31/2024,21:45,2270.4
8/31/2024,22:00,3141.6
8/31/2024,22:15,3216
8/31/2024,22:30,3159.6
8/31/2024,22:45,3162
8/31/2024,23:00,3171.6
8/31/2024,23:15,3164.4
8/31/2024,23:30,2274
8/31/2024,23:45,2690.4
9/1/2024,0:00,3199.2
9/1/2024,0:15,3228
9/1/2024,0:30,3232.8
9/1/2024,0:45,3237.6
9/1/2024,1:00,3169.2
9/1/2024,1:15,3094.8
9/1/2024,1:30,3186
9/1/2024,1:45,3189.6
9/1/2024,2:00,3130.8
9/1/2024,2:15,3175.2
9/1/2024,2:30,3162
9/1/2024,2:45,2702.4
9/1/2024,3:00,2721.6
9/1/2024,3:15,1628.4
9/1/2024,3:30,1909.2
9/1/2024,3:45,1562.4
9/1/2024,4:00,2379.6
9/1/2024,4:15,2385.6
9/1/2024,4:30,1341.6
9/1/2024,4:45,1536
9/1/2024,5:00,1758
9/1/2024,5:15,1920
9/1/2024,5:30,2022
9/1/2024,5:45,2240.4
9/1/2024,6:00,2317.2
9/1/2024,6:15,3230.4
9/1/2024,6:30,3098.4
9/1/2024,6:45,3180
9/1/2024,7:00,3242.4
9/1/2024,7:15,3242.4
9/1/2024,7:30,3487.2
9/1/2024,7:45,3738
9/1/2024,8:00,2456.4
9/1/2024,8:15,2460
9/1/2024,8:30,2617.2
9/1/2024,8:45,3000
9/1/2024,9:00,3328.8
9/1/2024,9:15,4005.6
9/1/2024,9:30,3982.8
9/1/2024,9:45,3816
9/1/2024,10:00,3990
9/1/2024,10:15,2955.6
9/1/2024,10:30,3756
9/1/2024,10:45,3660
9/1/2024,11:00,2830.8
9/1/2024,11:15,3686.4
9/1/2024,11:30,3127.2
9/1/2024,11:45,3297.6
9/1/2024,12:00,2691.6
9/1/2024,12:15,3711.6
9/1/2024,12:30,3194.4
9/1/2024,12:45,2634
9/1/2024,13:00,3224.4
9/1/2024,13:15,3909.6
9/1/2024,13:30,3614.4
9/1/2024,13:45,2859.6
9/1/2024,14:00,3853.2
9/1/2024,14:15,3010.8
9/1/2024,14:30,2624.4
9/1/2024,14:45,3364.8
9/1/2024,15:00,3644.4
9/1/2024,15:15,3901.2
9/1/2024,15:30,3126
9/1/2024,15:45,2851.2
9/1/2024,16:00,3372
9/1/2024,16:15,3583.2
9/1/2024,16:30,3097.2
9/1/2024,16:45,3682.8
9/1/2024,17:00,3216
9/1/2024,17:15,2698.8
9/1/2024,17:30,1120.8
9/1/2024,17:45,501.6
9/1/2024,18:00,452.4
9/1/2024,18:15,1178.4
9/1/2024,18:30,1592.4
9/1/2024,18:45,1838.4
9/1/2024,19:00,1992
9/1/2024,19:15,2053.2
9/1/2024,19:30,2073.6
9/1/2024,19:45,2336.4
9/1/2024,20:00,3195.6
9/1/2024,20:15,3157.2
9/1/2024,20:30,3165.6
9/1/2024,20:45,3207.6
9/1/2024,21:00,3213.6
9/1/2024,21:15,2392.8
9/1/2024,21:30,3280.8
9/1/2024,21:45,3342
9/1/2024,22:00,3256.8
9/1/2024,22:15,3164.4
9/1/2024,22:30,3320.4
9/1/2024,22:45,3237.6
9/1/2024,23:00,3296.4
9/1/2024,23:15,2317.2
9/1/2024,23:30,2437.2
9/1/2024,23:45,3304.8
9/2/2024,0:00,2367.6
9/2/2024,0:15,2356.8
9/2/2024,0:30,3255.6
9/2/2024,0:45,3326.4
9/2/2024,1:00,3312
9/2/2024,1:15,3252
9/2/2024,1:30,2830.8
9/2/2024,1:45,3157.2
9/2/2024,2:00,2302.8
9/2/2024,2:15,3308.4
9/2/2024,2:30,3246
9/2/2024,2:45,3241.2
9/2/2024,3:00,3373.2
9/2/2024,3:15,2862
9/2/2024,3:30,3146.4
9/2/2024,3:45,3278.4
9/2/2024,4:00,3306
9/2/2024,4:15,3338.4
9/2/2024,4:30,3196.8
9/2/2024,4:45,2755.2
9/2/2024,5:00,3207.6
9/2/2024,5:15,3356.4
9/2/2024,5:30,2838
9/2/2024,5:45,3198
9/2/2024,6:00,2422.8
9/2/2024,6:15,2271.6
9/2/2024,6:30,3183.6
9/2/2024,6:45,3123.6
9/2/2024,7:00,3187.2
9/2/2024,7:15,3218.4
9/2/2024,7:30,3079.2
9/2/2024,7:45,2860.8
9/2/2024,8:00,3254.4
9/2/2024,8:15,3042
9/2/2024,8:30,3242.4
9/2/2024,8:45,#VALUE!
9/2/2024,9:00,3938.4
9/2/2024,9:15,3069.6
9/2/2024,9:30,4215.6
9/2/2024,9:45,3657.6
9/2/2024,10:00,4078.8
9/2/2024,10:15,3177.6
9/2/2024,10:30,2871.6
9/2/2024,10:45,3470.4
9/2/2024,11:00,4070.4
9/2/2024,11:15,3600
9/2/2024,11:30,2392.8
9/2/2024,11:45,3356.4
9/2/2024,12:00,2202
9/2/2024,12:15,2392.8
9/2/2024,12:30,3636
9/2/2024,12:45,#VALUE!
9/2/2024,13:00,3284.4
9/2/2024,13:15,4190.4
9/2/2024,13:30,3798
9/2/2024,13:45,3968.4
9/2/2024,14:00,3842.4
9/2/2024,14:15,4098
9/2/2024,14:30,3866.4
9/2/2024,14:45,4038
9/2/2024,15:00,2562
9/2/2024,15:15,3474
9/2/2024,15:30,3948
9/2/2024,15:45,4051.2
9/2/2024,16:00,2816.4
9/2/2024,16:15,2785.2
9/2/2024,16:30,3469.2
9/2/2024,16:45,3937.2
9/2/2024,17:00,#VALUE!
9/2/2024,17:15,3332.4
9/2/2024,17:30,3480
9/2/2024,17:45,3732
9/2/2024,18:00,2719.2
9/2/2024,18:15,2608.8
9/2/2024,18:30,2808
9/2/2024,18:45,3294
9/2/2024,19:00,3310.8
9/2/2024,19:15,3310.8
9/2/2024,19:30,3309.6
9/2/2024,19:45,3338.4
9/2/2024,20:00,3283.2
9/2/2024,20:15,2403.6
9/2/2024,20:30,2391.6
9/2/2024,20:45,3199.2
9/2/2024,21:00,3297.6
9/2/2024,21:15,2436
9/2/2024,21:30,3253.2
9/2/2024,21:45,3252
9/2/2024,22:00,3438
9/2/2024,22:15,3177.6
9/2/2024,22:30,2472
9/2/2024,22:45,3247.2
9/2/2024,23:00,3162
9/2/2024,23:15,3178.8
9/2/2024,23:30,2356.8
9/2/2024,23:45,2792.4
9/3/2024,0:00,3252
9/3/2024,0:15,2792.4
9/3/2024,0:30,3288
9/3/2024,0:45,3229.2
9/3/2024,1:00,3309.6
9/3/2024,1:15,3241.2
9/3/2024,1:30,3218.4
9/3/2024,1:45,3258
9/3/2024,2:00,3228
9/3/2024,2:15,3241.2
9/3/2024,2:30,3270
9/3/2024,2:45,3206.4
9/3/2024,3:00,3213.6
9/3/2024,3:15,3243.6
9/3/2024,3:30,3319.2
9/3/2024,3:45,3218.4
9/3/2024,4:00,3224.4
9/3/2024,4:15,3300
9/3/2024,4:30,3259.2
9/3/2024,4:45,3249.6
9/3/2024,5:00,3301.2
9/3/2024,5:15,3217.2
9/3/2024,5:30,3258
9/3/2024,5:45,2404.8
9/3/2024,6:00,3278.4
9/3/2024,6:15,3260.4
9/3/2024,6:30,3168
9/3/2024,6:45,3264
9/3/2024,7:00,3304.8
9/3/2024,7:15,3260.4
9/3/2024,7:30,3360
9/3/2024,7:45,3598.8
9/3/2024,8:00,3210
9/3/2024,8:15,3295.2
9/3/2024,8:30,3973.2
9/3/2024,8:45,2824.8
9/3/2024,9:00,3789.6
9/3/2024,9:15,3368.4
9/3/2024,9:30,2769.6
9/3/2024,9:45,2793.6
9/3/2024,10:00,3014.4
9/3/2024,10:15,2756.4
9/3/2024,10:30,2606.4
9/3/2024,10:45,2640
9/3/2024,11:00,3640.8
9/3/2024,11:15,3531.6
9/3/2024,11:30,3302.4
9/3/2024,11:45,2952
9/3/2024,12:00,3382.8
9/3/2024,12:15,3460.8
9/3/2024,12:30,3825.6
9/3/2024,12:45,4017.6
9/3/2024,13:00,4179.6
9/3/2024,13:15,4035.6
9/3/2024,13:30,4216.8
9/3/2024,13:45,4524
9/3/2024,14:00,4074
9/3/2024,14:15,4311.6
9/3/2024,14:30,4118.4
9/3/2024,14:45,4540.8
9/3/2024,15:00,4597.2
9/3/2024,15:15,3734.4
9/3/2024,15:30,4528.8
9/3/2024,15:45,4462.8
9/3/2024,16:00,3754.8
9/3/2024,16:15,4398
9/3/2024,16:30,4365.6
9/3/2024,16:45,4213.2
9/3/2024,17:00,4138.8
9/3/2024,17:15,3793.2
9/3/2024,17:30,4148.4
9/3/2024,17:45,3384
9/3/2024,18:00,3972
9/3/2024,18:15,3889.2
9/3/2024,18:30,3808.8
9/3/2024,18:45,2492.4
9/3/2024,19:00,3312
9/3/2024,19:15,3349.2
9/3/2024,19:30,3343.2
9/3/2024,19:45,3336
9/3/2024,20:00,3387.6
9/3/2024,20:15,3376.8
9/3/2024,20:30,3409.2
9/3/2024,20:45,3391.2
9/3/2024,21:00,3374.4
9/3/2024,21:15,3236.4
9/3/2024,21:30,3429.6
9/3/2024,21:45,3476.4
9/3/2024,22:00,2984.4
9/3/2024,22:15,3394.8
9/3/2024,22:30,3386.4
9/3/2024,22:45,3193.2
9/3/2024,23:00,3436.8
9/3/2024,23:15,3338.4
9/3/2024,23:30,3325.2
9/3/2024,23:45,3385.2
9/4/2024,0:00,3013.2
9/4/2024,0:15,3470.4
9/4/2024,0:30,3358.8
9/4/2024,0:45,3492
9/4/2024,1:00,3409.2
9/4/2024,1:15,3417.6
9/4/2024,1:30,3357.6
9/4/2024,1:45,3387.6
9/4/2024,2:00,3397.2
9/4/2024,2:15,3423.6
9/4/2024,2:30,3471.6
9/4/2024,2:45,2547.6
9/4/2024,3:00,3392.4
9/4/2024,3:15,2865.6
9/4/2024,3:30,3291.6
9/4/2024,3:45,3446.4
9/4/2024,4:00,3378
9/4/2024,4:15,3367.2
9/4/2024,4:30,3403.2
9/4/2024,4:45,2923.2
9/4/2024,5:00,2970
9/4/2024,5:15,2899.2
9/4/2024,5:30,2624.4
9/4/2024,5:45,3021.6
9/4/2024,6:00,3380.4
9/4/2024,6:15,3376.8
9/4/2024,6:30,3422.4
9/4/2024,6:45,3321.6
9/4/2024,7:00,3408
9/4/2024,7:15,3610.8
9/4/2024,7:30,3722.4
9/4/2024,7:45,4238.4
9/4/2024,8:00,4208.4
9/4/2024,8:15,3511.2
9/4/2024,8:30,4116
9/4/2024,8:45,3553.2
9/4/2024,9:00,3081.6
9/4/2024,9:15,4366.8
9/4/2024,9:30,4297.2
9/4/2024,9:45,4726.8
9/4/2024,10:00,4704
9/4/2024,10:15,4700.4
9/4/2024,10:30,4519.2
9/4/2024,10:45,4456.8
9/4/2024,11:00,4644
9/4/2024,11:15,3914.4
9/4/2024,11:30,3504
9/4/2024,11:45,3415.2
9/4/2024,12:00,3111.6
9/4/2024,12:15,4255.2
9/4/2024,12:30,4495.2
9/4/2024,12:45,4480.8
9/4/2024,13:00,4441.2
9/4/2024,13:15,4773.6
9/4/2024,13:30,4332
9/4/2024,13:45,4528.8
9/4/2024,14:00,4659.6
9/4/2024,14:15,4797.6
9/4/2024,14:30,4532.4
9/4/2024,14:45,4368
9/4/2024,15:00,4380
9/4/2024,15:15,4202.4
9/4/2024,15:30,4251.6
9/4/2024,15:45,4648.8
9/4/2024,16:00,3734.4
9/4/2024,16:15,4267.2
9/4/2024,16:30,4414.8
9/4/2024,16:45,3654
9/4/2024,17:00,4214.4
9/4/2024,17:15,4111.2
9/4/2024,17:30,3853.2
9/4/2024,17:45,4387.2
9/4/2024,18:00,4534.8
9/4/2024,18:15,3274.8
9/4/2024,18:30,3165.6
9/4/2024,18:45,3045.6
9/4/2024,19:00,3350.4
9/4/2024,19:15,2974.8
9/4/2024,19:30,2361.6
9/4/2024,19:45,2916
9/4/2024,20:00,3391.2
9/4/2024,20:15,3292.8
9/4/2024,20:30,3414
9/4/2024,20:45,2994
9/4/2024,21:00,2552.4
9/4/2024,21:15,3397.2
9/4/2024,21:30,3434.4
9/4/2024,21:45,733.2
9/4/2024,22:00,700.8
9/4/2024,22:15,681.6
9/4/2024,22:30,687.6
9/4/2024,22:45,657.6
9/4/2024,23:00,646.8
9/4/2024,23:15,625.2
9/4/2024,23:30,636
9/4/2024,23:45,652.8
9/5/2024,0:00,658.8
9/5/2024,0:15,631.2
9/5/2024,0:30,648
9/5/2024,0:45,658.8
9/5/2024,1:00,632.4
9/5/2024,1:15,1215.6
9/5/2024,1:30,1608
9/5/2024,1:45,2025.6
9/5/2024,2:00,2143.2
9/5/2024,2:15,2214
9/5/2024,2:30,2332.8
9/5/2024,2:45,2458.8
9/5/2024,3:00,2937.6
9/5/2024,3:15,2850
9/5/2024,3:30,2979.6
9/5/2024,3:45,3301.2
9/5/2024,4:00,3345.6
9/5/2024,4:15,3399.6
9/5/2024,4:30,3364.8
9/5/2024,4:45,3396
9/5/2024,5:00,3399.6
9/5/2024,5:15,2478
9/5/2024,5:30,2899.2
9/5/2024,5:45,3325.2
9/5/2024,6:00,2985.6
9/5/2024,6:15,3250.8
9/5/2024,6:30,3369.6
9/5/2024,6:45,3271.2
9/5/2024,7:00,3306
9/5/2024,7:15,2745.6
9/5/2024,7:30,3790.8
9/5/2024,7:45,3489.6
9/5/2024,8:00,4104
9/5/2024,8:15,4028.4
9/5/2024,8:30,3625.2
9/5/2024,8:45,4065.6
9/5/2024,9:00,4490.4
9/5/2024,9:15,4070.4
9/5/2024,9:30,3715.2
9/5/2024,9:45,4224
9/5/2024,10:00,4057.2
9/5/2024,10:15,4070.4
9/5/2024,10:30,4384.8
9/5/2024,10:45,1431.6
9/5/2024,11:00,1165.2
9/5/2024,11:15,1011.6
9/5/2024,11:30,784.8
9/5/2024,11:45,1530
9/5/2024,12:00,2340
9/5/2024,12:15,2756.4
9/5/2024,12:30,3166.8
9/5/2024,12:45,3132
9/5/2024,13:00,3620.4
9/5/2024,13:15,3315.6
9/5/2024,13:30,4231.2
9/5/2024,13:45,3967.2
9/5/2024,14:00,4156.8
9/5/2024,14:15,4270.8
9/5/2024,14:30,4018.8
9/5/2024,14:45,2300.4
9/5/2024,15:00,1980
9/5/2024,15:15,1890
9/5/2024,15:30,1486.8
9/5/2024,15:45,2226
9/5/2024,16:00,2851.2
9/5/2024,16:15,3200.4
9/5/2024,16:30,3230.4
9/5/2024,16:45,3326.4
9/5/2024,17:00,3519.6
9/5/2024,17:15,3246
9/5/2024,17:30,4124.4
9/5/2024,17:45,4399.2
9/5/2024,18:00,3332.4
9/5/2024,18:15,3688.8
9/5/2024,18:30,3579.6
9/5/2024,18:45,3912
9/5/2024,19:00,2506.8
9/5/2024,19:15,2889.6
9/5/2024,19:30,2462.4
9/5/2024,19:45,3408
9/5/2024,20:00,2514
9/5/2024,20:15,3362.4
9/5/2024,20:30,2361.6
9/5/2024,20:45,2271.6
9/5/2024,21:00,2427.6
9/5/2024,21:15,2522.4
9/5/2024,21:30,3410.4
9/5/2024,21:45,2950.8
9/5/2024,22:00,3332.4
9/5/2024,22:15,3314.4
9/5/2024,22:30,3463.2
9/5/2024,22:45,2490
9/5/2024,23:00,3295.2
9/5/2024,23:15,2781.6
9/5/2024,23:30,2686.8
9/5/2024,23:45,1634.4
9/6/2024,0:00,1618.8
9/6/2024,0:15,2671.2
9/6/2024,0:30,2557.2
9/6/2024,0:45,1621.2
9/6/2024,1:00,2276.4
9/6/2024,1:15,1990.8
9/6/2024,1:30,2116.8
9/6/2024,1:45,2200.8
9/6/2024,2:00,2631.6
9/6/2024,2:15,3219.6
9/6/2024,2:30,3192
9/6/2024,2:45,3183.6
9/6/2024,3:00,3153.6
9/6/2024,3:15,507.6
9/6/2024,3:30,1986
9/6/2024,3:45,2161.2
9/6/2024,4:00,2095.2
9/6/2024,4:15,2097.6
9/6/2024,4:30,2151.6
9/6/2024,4:45,3108
9/6/2024,5:00,3276
9/6/2024,5:15,3360
9/6/2024,5:30,3318
9/6/2024,5:45,2846.4
9/6/2024,6:00,2872.8
9/6/2024,6:15,3330
9/6/2024,6:30,3184.8
9/6/2024,6:45,2836.8
9/6/2024,7:00,2505.6
9/6/2024,7:15,3486
9/6/2024,7:30,3932.4
9/6/2024,7:45,4394.4
9/6/2024,8:00,4225.2
9/6/2024,8:15,4225.2
9/6/2024,8:30,3954
9/6/2024,8:45,3472.8
9/6/2024,9:00,3980.4
9/6/2024,9:15,4087.2
9/6/2024,9:30,4400.4
9/6/2024,9:45,4014
9/6/2024,10:00,3679.2
9/6/2024,10:15,4219.2
9/6/2024,10:30,4102.8
9/6/2024,10:45,3992.4
9/6/2024,11:00,4437.6
9/6/2024,11:15,2719.2
9/6/2024,11:30,3333.6
9/6/2024,11:45,2928
9/6/2024,12:00,3534
9/6/2024,12:15,4020
9/6/2024,12:30,4426.8
9/6/2024,12:45,4134
9/6/2024,13:00,3669.6
9/6/2024,13:15,3529.2
9/6/2024,13:30,3962.4
9/6/2024,13:45,4318.8
9/6/2024,14:00,3590.4
9/6/2024,14:15,3350.4
9/6/2024,14:30,4096.8
9/6/2024,14:45,4398
9/6/2024,15:00,3886.8
9/6/2024,15:15,4450.8
9/6/2024,15:30,4351.2
9/6/2024,15:45,4281.6
9/6/2024,16:00,3914.4
9/6/2024,16:15,3387.6
9/6/2024,16:30,4161.6
9/6/2024,16:45,4371.6
9/6/2024,17:00,3524.4
9/6/2024,17:15,4351.2
9/6/2024,17:30,4152
9/6/2024,17:45,3891.6
9/6/2024,18:00,3408
9/6/2024,18:15,3585.6
9/6/2024,18:30,3987.6
9/6/2024,18:45,3171.6
9/6/2024,19:00,2821.2
9/6/2024,19:15,2457.6
9/6/2024,19:30,3241.2
9/6/2024,19:45,3248.4
9/6/2024,20:00,2880
9/6/2024,20:15,2380.8
9/6/2024,20:30,3314.4
9/6/2024,20:45,2810.4
9/6/2024,21:00,2901.6
9/6/2024,21:15,3369.6
9/6/2024,21:30,3249.6
9/6/2024,21:45,2854.8
9/6/2024,22:00,3309.6
9/6/2024,22:15,3182.4
9/6/2024,22:30,3244.8
9/6/2024,22:45,2848.8
9/6/2024,23:00,2440.8
9/6/2024,23:15,3222
9/6/2024,23:30,3186
9/6/2024,23:45,3229.2
9/7/2024,0:00,2923.2
9/7/2024,0:15,3303.6
9/7/2024,0:30,3234
9/7/2024,0:45,2876.4
9/7/2024,1:00,2499.6
9/7/2024,1:15,3255.6
9/7/2024,1:30,2439.6
9/7/2024,1:45,2448
9/7/2024,2:00,2785.2
9/7/2024,2:15,3279.6
9/7/2024,2:30,3225.6
9/7/2024,2:45,2779.2
9/7/2024,3:00,3273.6
9/7/2024,3:15,2437.2
9/7/2024,3:30,3229.2
9/7/2024,3:45,3120
9/7/2024,4:00,2805.6
9/7/2024,4:15,2449.2
9/7/2024,4:30,3357.6
9/7/2024,4:45,3225.6
9/7/2024,5:00,2866.8
9/7/2024,5:15,3453.6
9/7/2024,5:30,3237.6
9/7/2024,5:45,2815.2
9/7/2024,6:00,2821.2
9/7/2024,6:15,2467.2
9/7/2024,6:30,3248.4
9/7/2024,6:45,2822.4
9/7/2024,7:00,2448
9/7/2024,7:15,3471.6
9/7/2024,7:30,3856.8
9/7/2024,7:45,4458
9/7/2024,8:00,4441.2
9/7/2024,8:15,4150.8
9/7/2024,8:30,3801.6
9/7/2024,8:45,4257.6
9/7/2024,9:00,3421.2
9/7/2024,9:15,4576.8
9/7/2024,9:30,4242
9/7/2024,9:45,4461.6
9/7/2024,10:00,4527.6
9/7/2024,10:15,3740.4
9/7/2024,10:30,3284.4
9/7/2024,10:45,3247.2
9/7/2024,11:00,3231.6
9/7/2024,11:15,2654.4
9/7/2024,11:30,1105.2
9/7/2024,11:45,2469.6
9/7/2024,12:00,2674.8
9/7/2024,12:15,2965.2
9/7/2024,12:30,1804.8
9/7/2024,12:45,1767.6
9/7/2024,13:00,2452.8
9/7/2024,13:15,2727.6
9/7/2024,13:30,2575.2
9/7/2024,13:45,3225.6
9/7/2024,14:00,3106.8
9/7/2024,14:15,3061.2
9/7/2024,14:30,1539.6
9/7/2024,14:45,2011.2
9/7/2024,15:00,3021.6
9/7/2024,15:15,3145.2
9/7/2024,15:30,3145.2
9/7/2024,15:45,1952.4
9/7/2024,16:00,1820.4
9/7/2024,16:15,1851.6
9/7/2024,16:30,1934.4
9/7/2024,16:45,1803.6
9/7/2024,17:00,1494
9/7/2024,17:15,1447.2
9/7/2024,17:30,1659.6
9/7/2024,17:45,1687.2
9/7/2024,18:00,1966.8
9/7/2024,18:15,1850.4
9/7/2024,18:30,1168.8
9/7/2024,18:45,1108.8
9/7/2024,19:00,619.2
9/7/2024,19:15,609.6
9/7/2024,19:30,1083.6
9/7/2024,19:45,1447.2
9/7/2024,20:00,774
9/7/2024,20:15,1856.4
9/7/2024,20:30,1990.8
9/7/2024,20:45,2068.8
9/7/2024,21:00,610.8
9/7/2024,21:15,412.8
9/7/2024,21:30,402
9/7/2024,21:45,478.8
9/7/2024,22:00,415.2
9/7/2024,22:15,391.2
9/7/2024,22:30,456
9/7/2024,22:45,429.6
9/7/2024,23:00,829.2
9/7/2024,23:15,333.6
9/7/2024,23:30,343.2
9/7/2024,23:45,416.4
9/8/2024,0:00,418.8
9/8/2024,0:15,399.6
9/8/2024,0:30,369.6
9/8/2024,0:45,784.8
9/8/2024,1:00,380.4
9/8/2024,1:15,777.6
9/8/2024,1:30,402
9/8/2024,1:45,778.8
9/8/2024,2:00,367.2
9/8/2024,2:15,356.4
9/8/2024,2:30,364.8
9/8/2024,2:45,428.4
9/8/2024,3:00,380.4
9/8/2024,3:15,380.4
9/8/2024,3:30,391.2
9/8/2024,3:45,336
9/8/2024,4:00,322.8
9/8/2024,4:15,316.8
9/8/2024,4:30,378
9/8/2024,4:45,314.4
9/8/2024,5:00,319.2
9/8/2024,5:15,355.2
9/8/2024,5:30,343.2
9/8/2024,5:45,351.6
9/8/2024,6:00,351.6
9/8/2024,6:15,352.8
9/8/2024,6:30,331.2
9/8/2024,6:45,352.8
9/8/2024,7:00,334.8
9/8/2024,7:15,583.2
9/8/2024,7:30,949.2
9/8/2024,7:45,1119.6
9/8/2024,8:00,1738.8
9/8/2024,8:15,1424.4
9/8/2024,8:30,1992
9/8/2024,8:45,1665.6
9/8/2024,9:00,1563.6
9/8/2024,9:15,1348.8
9/8/2024,9:30,1688.4
9/8/2024,9:45,1702.8
9/8/2024,10:00,1842
9/8/2024,10:15,1509.6
9/8/2024,10:30,1669.2
9/8/2024,10:45,1826.4
9/8/2024,11:00,1914
9/8/2024,11:15,1318.8
9/8/2024,11:30,679.2
9/8/2024,11:45,681.6
9/8/2024,12:00,1118.4
9/8/2024,12:15,1543.2
9/8/2024,12:30,2137.2
9/8/2024,12:45,1458
9/8/2024,13:00,1260
9/8/2024,13:15,1520.4
9/8/2024,13:30,1401.6
9/8/2024,13:45,1502.4
9/8/2024,14:00,1694.4
9/8/2024,14:15,1630.8
9/8/2024,14:30,1650
9/8/2024,14:45,1881.6
9/8/2024,15:00,1712.4
9/8/2024,15:15,1806
9/8/2024,15:30,1856.4
9/8/2024,15:45,2186.4
9/8/2024,16:00,2248.8
9/8/2024,16:15,2296.8
9/8/2024,16:30,2016
9/8/2024,16:45,2560.8
9/8/2024,17:00,2529.6
9/8/2024,17:15,2451.6
9/8/2024,17:30,2566.8
9/8/2024,17:45,2632.8
9/8/2024,18:00,2815.2
9/8/2024,18:15,2749.2
9/8/2024,18:30,2679.6
9/8/2024,18:45,2796
9/8/2024,19:00,2034
9/8/2024,19:15,2089.2
9/8/2024,19:30,2530.8
9/8/2024,19:45,2414.4
9/8/2024,20:00,2574
9/8/2024,20:15,2636.4
9/8/2024,20:30,2616
9/8/2024,20:45,2588.4
9/8/2024,21:00,2575.2
9/8/2024,21:15,2619.6
9/8/2024,21:30,2583.6
9/8/2024,21:45,2569.2
9/8/2024,22:00,2211.6
9/8/2024,22:15,2600.4
9/8/2024,22:30,2553.6
9/8/2024,22:45,2168.4
9/8/2024,23:00,2563.2
9/8/2024,23:15,2580
9/8/2024,23:30,2644.8
9/8/2024,23:45,2643.6
9/9/2024,0:00,2611.2
9/9/2024,0:15,2556
9/9/2024,0:30,2587.2
9/9/2024,0:45,2630.4
9/9/2024,1:00,2617.2
9/9/2024,1:15,2641.2
9/9/2024,1:30,2600.4
9/9/2024,1:45,2132.4
9/9/2024,2:00,2581.2
9/9/2024,2:15,2589.6
9/9/2024,2:30,2593.2
9/9/2024,2:45,2580
9/9/2024,3:00,2601.6
9/9/2024,3:15,2589.6
9/9/2024,3:30,2547.6
9/9/2024,3:45,2601.6
9/9/2024,4:00,2551.2
9/9/2024,4:15,2608.8
9/9/2024,4:30,2612.4
9/9/2024,4:45,2547.6
9/9/2024,5:00,2576.4
9/9/2024,5:15,2535.6
9/9/2024,5:30,2595.6
9/9/2024,5:45,2548.8
9/9/2024,6:00,2631.6
9/9/2024,6:15,2124
9/9/2024,6:30,2554.8
9/9/2024,6:45,2620.8
9/9/2024,7:00,2600.4
9/9/2024,7:15,2844
9/9/2024,7:30,3115.2
9/9/2024,7:45,3375.6
9/9/2024,8:00,3499.2
9/9/2024,8:15,3489.6
9/9/2024,8:30,3424.8
9/9/2024,8:45,3452.4
9/9/2024,9:00,3434.4
9/9/2024,9:15,3472.8
9/9/2024,9:30,3496.8
9/9/2024,9:45,3498
9/9/2024,10:00,3573.6
9/9/2024,10:15,3612
9/9/2024,10:30,3955.2
9/9/2024,10:45,3360
9/9/2024,11:00,3350.4
9/9/2024,11:15,3061.2
9/9/2024,11:30,3283.2
9/9/2024,11:45,3250.8
9/9/2024,12:00,3354
9/9/2024,12:15,3349.2
9/9/2024,12:30,3260.4
9/9/2024,12:45,3294
9/9/2024,13:00,3506.4
9/9/2024,13:15,3698.4
9/9/2024,13:30,3302.4
9/9/2024,13:45,3278.4
9/9/2024,14:00,3585.6
9/9/2024,14:15,3344.4
9/9/2024,14:30,3244.8
9/9/2024,14:45,3597.6
9/9/2024,15:00,3390
9/9/2024,15:15,3243.6
9/9/2024,15:30,3384
9/9/2024,15:45,3248.4
9/9/2024,16:00,3298.8
9/9/2024,16:15,3234
9/9/2024,16:30,3374.4
9/9/2024,16:45,3123.6
9/9/2024,17:00,2979.6
9/9/2024,17:15,3673.2
9/9/2024,17:30,3367.2
9/9/2024,17:45,3309.6
9/9/2024,18:00,3454.8
9/9/2024,18:15,3380.4
9/9/2024,18:30,3328.8
9/9/2024,18:45,3225.6
9/9/2024,19:00,2742
9/9/2024,19:15,2611.2
9/9/2024,19:30,2620.8
9/9/2024,19:45,2619.6
9/9/2024,20:00,2661.6
9/9/2024,20:15,2019.6
9/9/2024,20:30,2026.8
9/9/2024,20:45,2600.4
9/9/2024,21:00,2139.6
9/9/2024,21:15,2046
9/9/2024,21:30,2509.2
9/9/2024,21:45,2508
9/9/2024,22:00,2563.2
9/9/2024,22:15,2590.8
9/9/2024,22:30,2539.2
9/9/2024,22:45,2659.2
9/9/2024,23:00,2125.2
9/9/2024,23:15,2568
9/9/2024,23:30,2613.6
9/9/2024,23:45,2541.6
9/10/2024,0:00,2590.8
9/10/2024,0:15,2592
9/10/2024,0:30,2584.8
9/10/2024,0:45,2544
9/10/2024,1:00,2493.6
9/10/2024,1:15,2588.4
9/10/2024,1:30,2550
9/10/2024,1:45,2590.8
9/10/2024,2:00,2625.6
9/10/2024,2:15,2640
9/10/2024,2:30,2592
9/10/2024,2:45,2586
9/10/2024,3:00,2638.8
9/10/2024,3:15,3109.2
9/10/2024,3:30,2551.2
9/10/2024,3:45,2702.4
9/10/2024,4:00,2594.4
9/10/2024,4:15,2541.6
9/10/2024,4:30,2642.4
9/10/2024,4:45,2559.6
9/10/2024,5:00,2611.2
9/10/2024,5:15,2523.6
9/10/2024,5:30,2570.4
9/10/2024,5:45,2516.4
9/10/2024,6:00,3140.4
9/10/2024,6:15,2535.6
9/10/2024,6:30,2580
9/10/2024,6:45,2577.6
9/10/2024,7:00,2565.6
9/10/2024,7:15,2800.8
9/10/2024,7:30,2922
9/10/2024,7:45,3223.2
9/10/2024,8:00,3496.8
9/10/2024,8:15,3242.4
9/10/2024,8:30,3523.2
9/10/2024,8:45,3446.4
9/10/2024,9:00,3703.2
9/10/2024,9:15,3645.6
9/10/2024,9:30,3747.6
9/10/2024,9:45,3639.6
9/10/2024,10:00,3516
9/10/2024,10:15,3850.8
9/10/2024,10:30,3507.6
9/10/2024,10:45,3247.2
9/10/2024,11:00,3572.4
9/10/2024,11:15,3057.6
9/10/2024,11:30,2798.4
9/10/2024,11:45,3188.4
9/10/2024,12:00,3824.4
9/10/2024,12:15,3342
9/10/2024,12:30,2877.6
9/10/2024,12:45,3718.8
9/10/2024,13:00,3568.8
9/10/2024,13:15,3688.8
9/10/2024,13:30,3996
9/10/2024,13:45,3294
9/10/2024,14:00,4161.6
9/10/2024,14:15,3601.2
9/10/2024,14:30,3436.8
9/10/2024,14:45,3682.8
9/10/2024,15:00,3328.8
9/10/2024,15:15,3450
9/10/2024,15:30,3658.8
9/10/2024,15:45,3579.6
9/10/2024,16:00,3182.4
9/10/2024,16:15,3332.4
9/10/2024,16:30,3274.8
9/10/2024,16:45,3691.2
9/10/2024,17:00,3314.4
9/10/2024,17:15,3271.2
9/10/2024,17:30,3249.6
9/10/2024,17:45,3355.2
9/10/2024,18:00,3715.2
9/10/2024,18:15,3181.2
9/10/2024,18:30,3579.6
9/10/2024,18:45,3312
9/10/2024,19:00,2670
9/10/2024,19:15,2601.6
9/10/2024,19:30,2618.4
9/10/2024,19:45,2618.4
9/10/2024,20:00,2548.8
9/10/2024,20:15,2168.4
9/10/2024,20:30,2584.8
9/10/2024,20:45,2588.4
9/10/2024,21:00,2091.6
9/10/2024,21:15,2634
9/10/2024,21:30,2581.2
9/10/2024,21:45,2601.6
9/10/2024,22:00,2656.8
9/10/2024,22:15,2646
9/10/2024,22:30,2612.4
9/10/2024,22:45,2601.6
9/10/2024,23:00,2624.4
9/10/2024,23:15,2588.4
9/10/2024,23:30,2658
9/10/2024,23:45,2631.6
9/11/2024,0:00,2578.8
9/11/2024,0:15,2686.8
9/11/2024,0:30,2583.6
9/11/2024,0:45,2593.2
9/11/2024,1:00,2598
9/11/2024,1:15,2583.6
9/11/2024,1:30,2558.4
9/11/2024,1:45,2534.4
9/11/2024,2:00,2604
9/11/2024,2:15,2582.4
9/11/2024,2:30,2569.2
9/11/2024,2:45,2574
9/11/2024,3:00,2595.6
9/11/2024,3:15,2608.8
9/11/2024,3:30,2566.8
9/11/2024,3:45,2688
9/11/2024,4:00,2593.2
9/11/2024,4:15,2558.4
9/11/2024,4:30,2671.2
9/11/2024,4:45,2570.4
9/11/2024,5:00,2566.8
9/11/2024,5:15,2623.2
9/11/2024,5:30,2628
9/11/2024,5:45,2188.8
9/11/2024,6:00,2628
9/11/2024,6:15,2553.6
9/11/2024,6:30,2647.2
9/11/2024,6:45,2552.4
9/11/2024,7:00,2576.4
9/11/2024,7:15,2866.8
9/11/2024,7:30,2928
9/11/2024,7:45,3355.2
9/11/2024,8:00,3588
9/11/2024,8:15,3674.4
9/11/2024,8:30,3565.2
9/11/2024,8:45,3486
9/11/2024,9:00,3489.6
9/11/2024,9:15,3932.4
9/11/2024,9:30,3508.8
9/11/2024,9:45,3349.2
9/11/2024,10:00,3452.4
9/11/2024,10:15,3184.8
9/11/2024,10:30,3156
9/11/2024,10:45,3433.2
9/11/2024,11:00,3494.4
9/11/2024,11:15,3051.6
9/11/2024,11:30,3153.6
9/11/2024,11:45,3193.2
9/11/2024,12:00,3632.4
9/11/2024,12:15,3517.2
9/11/2024,12:30,3440.4
9/11/2024,12:45,3688.8
9/11/2024,13:00,3416.4
9/11/2024,13:15,3712.8
9/11/2024,13:30,3220.8
9/11/2024,13:45,3686.4
9/11/2024,14:00,4119.6
9/11/2024,14:15,3675.6
9/11/2024,14:30,3232.8
9/11/2024,14:45,3693.6
9/11/2024,15:00,3595.2
9/11/2024,15:15,2926.8
9/11/2024,15:30,2785.2
9/11/2024,15:45,2673.6
9/11/2024,16:00,3720
9/11/2024,16:15,3613.2
9/11/2024,16:30,3326.4
9/11/2024,16:45,3792
9/11/2024,17:00,3636
9/11/2024,17:15,3500.4
9/11/2024,17:30,3552
9/11/2024,17:45,3388.8
9/11/2024,18:00,4000.8
9/11/2024,18:15,3516
9/11/2024,18:30,3661.2
9/11/2024,18:45,2972.4
9/11/2024,19:00,3057.6
9/11/2024,19:15,2514
9/11/2024,19:30,2518.8
9/11/2024,19:45,2576.4
9/11/2024,20:00,2564.4
9/11/2024,20:15,2528.4
9/11/2024,20:30,3015.6
9/11/2024,20:45,2523.6
9/11/2024,21:00,2484
9/11/2024,21:15,2533.2
9/11/2024,21:30,2582.4
9/11/2024,21:45,2148
9/11/2024,22:00,2582.4
9/11/2024,22:15,2528.4
9/11/2024,22:30,2538
9/11/2024,22:45,2532
9/11/2024,23:00,2553.6
9/11/2024,23:15,2487.6
9/11/2024,23:30,2461.2
9/11/2024,23:45,2558.4
9/12/2024,0:00,2107.2
9/12/2024,0:15,2486.4
9/12/2024,0:30,2582.4
9/12/2024,0:45,2520
9/12/2024,1:00,2546.4
9/12/2024,1:15,2538
9/12/2024,1:30,2510.4
9/12/2024,1:45,2526
9/12/2024,2:00,2584.8
9/12/2024,2:15,2557.2
9/12/2024,2:30,2473.2
9/12/2024,2:45,2544
9/12/2024,3:00,2500.8
9/12/2024,3:15,2113.2
9/12/2024,3:30,2532
9/12/2024,3:45,2479.2
9/12/2024,4:00,2492.4
9/12/2024,4:15,2547.6
9/12/2024,4:30,2516.4
9/12/2024,4:45,2086.8
9/12/2024,5:00,2461.2
9/12/2024,5:15,3075.6
9/12/2024,5:30,2941.2
9/12/2024,5:45,2486.4
9/12/2024,6:00,2126.4
9/12/2024,6:15,2468.4
9/12/2024,6:30,2470.8
9/12/2024,6:45,2442
9/12/2024,7:00,2512.8
9/12/2024,7:15,2725.2
9/12/2024,7:30,2834.4
9/12/2024,7:45,3367.2
9/12/2024,8:00,3292.8
9/12/2024,8:15,3387.6
9/12/2024,8:30,3502.8
9/12/2024,8:45,3776.4
9/12/2024,9:00,3625.2
9/12/2024,9:15,3327.6
9/12/2024,9:30,3739.2
9/12/2024,9:45,3216
9/12/2024,10:00,3165.6
9/12/2024,10:15,2916
9/12/2024,10:30,3355.2
9/12/2024,10:45,3469.2
9/12/2024,11:00,3332.4
9/12/2024,11:15,2929.2
9/12/2024,11:30,2836.8
9/12/2024,11:45,2403.6
9/12/2024,12:00,2554.8
9/12/2024,12:15,3603.6
9/12/2024,12:30,3553.2
9/12/2024,12:45,3088.8
9/12/2024,13:00,3456
9/12/2024,13:15,3583.2
9/12/2024,13:30,3548.4
9/12/2024,13:45,3600
9/12/2024,14:00,3199.2
9/12/2024,14:15,3562.8
9/12/2024,14:30,4047.6
9/12/2024,14:45,3643.2
9/12/2024,15:00,3327.6
9/12/2024,15:15,3445.2
9/12/2024,15:30,3990
9/12/2024,15:45,3302.4
9/12/2024,16:00,2888.4
9/12/2024,16:15,3417.6
9/12/2024,16:30,3355.2
9/12/2024,16:45,3002.4
9/12/2024,17:00,2800.8
9/12/2024,17:15,3144
9/12/2024,17:30,3298.8
9/12/2024,17:45,2818.8
9/12/2024,18:00,4112.4
9/12/2024,18:15,2902.8
9/12/2024,18:30,3033.6
9/12/2024,18:45,3007.2
9/12/2024,19:00,3014.4
9/12/2024,19:15,2532
9/12/2024,19:30,2463.6
9/12/2024,19:45,2553.6
9/12/2024,20:00,2602.8
9/12/2024,20:15,2580
9/12/2024,20:30,2535.6
9/12/2024,20:45,2510.4
9/12/2024,21:00,2472
9/12/2024,21:15,2496
9/12/2024,21:30,2061.6
9/12/2024,21:45,2602.8
9/12/2024,22:00,2985.6
9/12/2024,22:15,2551.2
9/12/2024,22:30,2122.8
9/12/2024,22:45,2937.6
9/12/2024,23:00,2638.8
9/12/2024,23:15,2546.4
9/12/2024,23:30,2110.8
9/12/2024,23:45,2924.4
9/13/2024,0:00,2536.8
9/13/2024,0:15,2116.8
9/13/2024,0:30,3015.6
9/13/2024,0:45,2602.8
9/13/2024,1:00,2485.2
9/13/2024,1:15,2136
9/13/2024,1:30,3010.8
9/13/2024,1:45,2499.6
9/13/2024,2:00,3003.6
9/13/2024,2:15,2528.4
9/13/2024,2:30,2535.6
9/13/2024,2:45,2456.4
9/13/2024,3:00,1726.8
9/13/2024,3:15,2198.4
9/13/2024,3:30,1756.8
9/13/2024,3:45,1831.2
9/13/2024,4:00,952.8
9/13/2024,4:15,1039.2
9/13/2024,4:30,286.8
9/13/2024,4:45,292.8
9/13/2024,5:00,279.6
9/13/2024,5:15,278.4
9/13/2024,5:30,244.8
9/13/2024,5:45,270
9/13/2024,6:00,232.8
9/13/2024,6:15,181.2
9/13/2024,6:30,187.2
9/13/2024,6:45,170.4
9/13/2024,7:00,85.2
9/13/2024,7:15,381.6
9/13/2024,7:30,332.4
9/13/2024,7:45,357.6
9/13/2024,8:00,673.2
9/13/2024,8:15,819.6
9/13/2024,8:30,1154.4
9/13/2024,8:45,1056
9/13/2024,9:00,1255.2
9/13/2024,9:15,1069.2
9/13/2024,9:30,1294.8
9/13/2024,9:45,1748.4
9/13/2024,10:00,1620
9/13/2024,10:15,1729.2
9/13/2024,10:30,1791.6
9/13/2024,10:45,2098.8
9/13/2024,11:00,2095.2
9/13/2024,11:15,1935.6
9/13/2024,11:30,1720.8
9/13/2024,11:45,1875.6
9/13/2024,12:00,2193.6
9/13/2024,12:15,2457.6
9/13/2024,12:30,2800.8
9/13/2024,12:45,2904
9/13/2024,13:00,3018
9/13/2024,13:15,3210
9/13/2024,13:30,3542.4
9/13/2024,13:45,3498
9/13/2024,14:00,3663.6
9/13/2024,14:15,3308.4
9/13/2024,14:30,2772
9/13/2024,14:45,3242.4
9/13/2024,15:00,3153.6
9/13/2024,15:15,3994.8
9/13/2024,15:30,3133.2
9/13/2024,15:45,2802
9/13/2024,16:00,3562.8
9/13/2024,16:15,2856
9/13/2024,16:30,3721.2
9/13/2024,16:45,3178.8
9/13/2024,17:00,3289.2
9/13/2024,17:15,3501.6
9/13/2024,17:30,2880
9/13/2024,17:45,3484.8
9/13/2024,18:00,3763.2
9/13/2024,18:15,2625.6
9/13/2024,18:30,2648.4
9/13/2024,18:45,2587.2
9/13/2024,19:00,1899.6
9/13/2024,19:15,1891.2
9/13/2024,19:30,1040.4
9/13/2024,19:45,1849.2
9/13/2024,20:00,774
9/13/2024,20:15,822
9/13/2024,20:30,765.6
9/13/2024,20:45,322.8
9/13/2024,21:00,253.2
9/13/2024,21:15,324
9/13/2024,21:30,286.8
9/13/2024,21:45,279.6
9/13/2024,22:00,315.6
9/13/2024,22:15,208.8
9/13/2024,22:30,267.6
9/13/2024,22:45,280.8
9/13/2024,23:00,232.8
9/13/2024,23:15,193.2
9/13/2024,23:30,184.8
9/13/2024,23:45,280.8
9/14/2024,0:00,262.8
9/14/2024,0:15,256.8
9/14/2024,0:30,684
9/14/2024,0:45,720
9/14/2024,1:00,667.2
9/14/2024,1:15,680.4
9/14/2024,1:30,711.6
9/14/2024,1:45,244.8
9/14/2024,2:00,243.6
9/14/2024,2:15,217.2
9/14/2024,2:30,192
9/14/2024,2:45,218.4
9/14/2024,3:00,206.4
9/14/2024,3:15,178.8
9/14/2024,3:30,205.2
9/14/2024,3:45,180
9/14/2024,4:00,181.2
9/14/2024,4:15,181.2
9/14/2024,4:30,205.2
9/14/2024,4:45,171.6
9/14/2024,5:00,216
9/14/2024,5:15,205.2
9/14/2024,5:30,177.6
9/14/2024,5:45,181.2
9/14/2024,6:00,166.8
9/14/2024,6:15,168
9/14/2024,6:30,157.2
9/14/2024,6:45,164.4
9/14/2024,7:00,162
9/14/2024,7:15,433.2
9/14/2024,7:30,520.8
9/14/2024,7:45,668.4
9/14/2024,8:00,1090.8
9/14/2024,8:15,1275.6
9/14/2024,8:30,1454.4
9/14/2024,8:45,1087.2
9/14/2024,9:00,1444.8
9/14/2024,9:15,1632
9/14/2024,9:30,1112.4
9/14/2024,9:45,1124.4
9/14/2024,10:00,1588.8
9/14/2024,10:15,1179.6
9/14/2024,10:30,1186.8
9/14/2024,10:45,1191.6
9/14/2024,11:00,882
9/14/2024,11:15,516
9/14/2024,11:30,384
9/14/2024,11:45,412.8
9/14/2024,12:00,600
9/14/2024,12:15,969.6
9/14/2024,12:30,1171.2
9/14/2024,12:45,1036.8
9/14/2024,13:00,908.4
9/14/2024,13:15,1155.6
9/14/2024,13:30,1275.6
9/14/2024,13:45,1120.8
9/14/2024,14:00,1134
9/14/2024,14:15,1250.4
9/14/2024,14:30,1405.2
9/14/2024,14:45,1394.4
9/14/2024,15:00,1047.6
9/14/2024,15:15,1466.4
9/14/2024,15:30,1306.8
9/14/2024,15:45,1404
9/14/2024,16:00,1147.2
9/14/2024,16:15,1088.4
9/14/2024,16:30,982.8
9/14/2024,16:45,764.4
9/14/2024,17:00,678
9/14/2024,17:15,202.8
9/14/2024,17:30,68.4
9/14/2024,17:45,139.2
9/14/2024,18:00,66
9/14/2024,18:15,68.4
9/14/2024,18:30,55.2
9/14/2024,18:45,38.4
9/14/2024,19:00,36
9/14/2024,19:15,44.4
9/14/2024,19:30,36
9/14/2024,19:45,34.8
9/14/2024,20:00,43.2
9/14/2024,20:15,26.4
9/14/2024,20:30,21.6
9/14/2024,20:45,21.6
9/14/2024,21:00,21.6
9/14/2024,21:15,25.2
9/14/2024,21:30,21.6
9/14/2024,21:45,25.2
9/14/2024,22:00,21.6
9/14/2024,22:15,21.6
9/14/2024,22:30,20.4
9/14/2024,22:45,21.6
9/14/2024,23:00,21.6
9/14/2024,23:15,21.6
9/14/2024,23:30,20.4
9/14/2024,23:45,24
9/15/2024,0:00,20.4
9/15/2024,0:15,21.6
9/15/2024,0:30,21.6
9/15/2024,0:45,21.6
9/15/2024,1:00,21.6
9/15/2024,1:15,21.6
9/15/2024,1:30,21.6
9/15/2024,1:45,25.2
9/15/2024,2:00,20.4
9/15/2024,2:15,20.4
9/15/2024,2:30,24
9/15/2024,2:45,21.6
9/15/2024,3:00,21.6
9/15/2024,3:15,20.4
9/15/2024,3:30,25.2
9/15/2024,3:45,20.4
9/15/2024,4:00,25.2
9/15/2024,4:15,21.6
9/15/2024,4:30,20.4
9/15/2024,4:45,20.4
9/15/2024,5:00,20.4
9/15/2024,5:15,20.4
9/15/2024,5:30,21.6
9/15/2024,5:45,21.6
9/15/2024,6:00,20.4
9/15/2024,6:15,20.4
9/15/2024,6:30,20.4
9/15/2024,6:45,21.6
9/15/2024,7:00,25.2
9/15/2024,7:15,24
9/15/2024,7:30,174
9/15/2024,7:45,112.8
9/15/2024,8:00,68.4
9/15/2024,8:15,69.6
9/15/2024,8:30,128.4
9/15/2024,8:45,123.6
9/15/2024,9:00,138
9/15/2024,9:15,117.6
9/15/2024,9:30,112.8
9/15/2024,9:45,86.4
9/15/2024,10:00,67.2
9/15/2024,10:15,68.4
9/15/2024,10:30,70.8
9/15/2024,10:45,78
9/15/2024,11:00,68.4
9/15/2024,11:15,129.6
9/15/2024,11:30,48
9/15/2024,11:45,44.4
9/15/2024,12:00,126
9/15/2024,12:15,51.6
9/15/2024,12:30,43.2
9/15/2024,12:45,117.6
9/15/2024,13:00,144
9/15/2024,13:15,120
9/15/2024,13:30,76.8
9/15/2024,13:45,72
9/15/2024,14:00,136.8
9/15/2024,14:15,154.8
9/15/2024,14:30,109.2
9/15/2024,14:45,132
9/15/2024,15:00,147.6
9/15/2024,15:15,160.8
9/15/2024,15:30,112.8
9/15/2024,15:45,124.8
9/15/2024,16:00,67.2
9/15/2024,16:15,67.2
9/15/2024,16:30,52.8
9/15/2024,16:45,37.2
9/15/2024,17:00,37.2
9/15/2024,17:15,45.6
9/15/2024,17:30,34.8
9/15/2024,17:45,34.8
9/15/2024,18:00,34.8
9/15/2024,18:15,36
9/15/2024,18:30,34.8
9/15/2024,18:45,34.8
9/15/2024,19:00,43.2
9/15/2024,19:15,39.6
9/15/2024,19:30,36
9/15/2024,19:45,44.4
9/15/2024,20:00,37.2
9/15/2024,20:15,36
9/15/2024,20:30,34.8
9/15/2024,20:45,43.2
9/15/2024,21:00,37.2
9/15/2024,21:15,34.8
9/15/2024,21:30,44.4
9/15/2024,21:45,34.8
9/15/2024,22:00,34.8
9/15/2024,22:15,36
9/15/2024,22:30,44.4
9/15/2024,22:45,34.8
9/15/2024,23:00,39.6
9/15/2024,23:15,44.4
9/15/2024,23:30,36
9/15/2024,23:45,38.4
9/16/2024,0:00,33.6
9/16/2024,0:15,43.2
9/16/2024,0:30,34.8
9/16/2024,0:45,36
9/16/2024,1:00,43.2
9/16/2024,1:15,33.6
9/16/2024,1:30,34.8
9/16/2024,1:45,43.2
9/16/2024,2:00,33.6
9/16/2024,2:15,33.6
9/16/2024,2:30,33.6
9/16/2024,2:45,43.2
9/16/2024,3:00,34.8
9/16/2024,3:15,33.6
9/16/2024,3:30,43.2
9/16/2024,3:45,33.6
9/16/2024,4:00,38.4
9/16/2024,4:15,33.6
9/16/2024,4:30,33.6
9/16/2024,4:45,33.6
9/16/2024,5:00,39.6
9/16/2024,5:15,44.4
9/16/2024,5:30,38.4
9/16/2024,5:45,33.6
9/16/2024,6:00,46.8
9/16/2024,6:15,34.8
9/16/2024,6:30,38.4
9/16/2024,6:45,34.8
9/16/2024,7:00,43.2
9/16/2024,7:15,34.8
9/16/2024,7:30,34.8
9/16/2024,7:45,45.6
9/16/2024,8:00,205.2
9/16/2024,8:15,190.8
9/16/2024,8:30,208.8
9/16/2024,8:45,176.4
9/16/2024,9:00,174
9/16/2024,9:15,148.8
9/16/2024,9:30,180
9/16/2024,9:45,165.6
9/16/2024,10:00,160.8
9/16/2024,10:15,184.8
9/16/2024,10:30,198
9/16/2024,10:45,162
9/16/2024,11:00,126
9/16/2024,11:15,133.2
9/16/2024,11:30,124.8
9/16/2024,11:45,124.8
9/16/2024,12:00,146.4
9/16/2024,12:15,136.8
9/16/2024,12:30,145.2
9/16/2024,12:45,128.4
9/16/2024,13:00,124.8
9/16/2024,13:15,132
9/16/2024,13:30,166.8
9/16/2024,13:45,176.4
9/16/2024,14:00,183.6
9/16/2024,14:15,48
9/16/2024,14:30,57.6
9/16/2024,14:45,202.8
9/16/2024,15:00,232.8
9/16/2024,15:15,154.8
9/16/2024,15:30,171.6
9/16/2024,15:45,159.6
9/16/2024,16:00,158.4
9/16/2024,16:15,127.2
9/16/2024,16:30,114
9/16/2024,16:45,88.8
9/16/2024,17:00,24
9/16/2024,17:15,25.2
9/16/2024,17:30,24
9/16/2024,17:45,24
9/16/2024,18:00,24
9/16/2024,18:15,24
9/16/2024,18:30,27.6
9/16/2024,18:45,24
9/16/2024,19:00,28.8
9/16/2024,19:15,25.2
9/16/2024,19:30,24
9/16/2024,19:45,24
9/16/2024,20:00,25.2
9/16/2024,20:15,24
9/16/2024,20:30,24
9/16/2024,20:45,25.2
9/16/2024,21:00,24
9/16/2024,21:15,25.2
9/16/2024,21:30,24
9/16/2024,21:45,24
9/16/2024,22:00,24
9/16/2024,22:15,24
9/16/2024,22:30,25.2
9/16/2024,22:45,24
9/16/2024,23:00,24
9/16/2024,23:15,22.8
9/16/2024,23:30,25.2
9/16/2024,23:45,25.2
9/17/2024,0:00,25.2
9/17/2024,0:15,24
9/17/2024,0:30,24
9/17/2024,0:45,24
9/17/2024,1:00,25.2
9/17/2024,1:15,28.8
9/17/2024,1:30,22.8
9/17/2024,1:45,24
9/17/2024,2:00,22.8
9/17/2024,2:15,25.2
9/17/2024,2:30,22.8
9/17/2024,2:45,24
9/17/2024,3:00,24
9/17/2024,3:15,25.2
9/17/2024,3:30,25.2
9/17/2024,3:45,22.8
9/17/2024,4:00,24
9/17/2024,4:15,26.4
9/17/2024,4:30,22.8
9/17/2024,4:45,24
9/17/2024,5:00,21.6
9/17/2024,5:15,22.8
9/17/2024,5:30,22.8
9/17/2024,5:45,26.4
9/17/2024,6:00,25.2
9/17/2024,6:15,27.6
9/17/2024,6:30,25.2
9/17/2024,6:45,22.8
9/17/2024,7:00,24
9/17/2024,7:15,22.8
9/17/2024,7:30,24
9/17/2024,7:45,22.8
9/17/2024,8:00,24
9/17/2024,8:15,22.8
9/17/2024,8:30,22.8
9/17/2024,8:45,24
9/17/2024,9:00,22.8
9/17/2024,9:15,22.8
9/17/2024,9:30,24
9/17/2024,9:45,27.6
9/17/2024,10:00,22.8
9/17/2024,10:15,22.8
9/17/2024,10:30,22.8
9/17/2024,10:45,22.8
9/17/2024,11:00,22.8
9/17/2024,11:15,27.6
9/17/2024,11:30,22.8
9/17/2024,11:45,21.6
9/17/2024,12:00,26.4
9/17/2024,12:15,25.2
9/17/2024,12:30,21.6
9/17/2024,12:45,22.8
9/17/2024,13:00,22.8
9/17/2024,13:15,21.6
9/17/2024,13:30,22.8
9/17/2024,13:45,22.8
9/17/2024,14:00,21.6
9/17/2024,14:15,27.6
9/17/2024,14:30,22.8
9/17/2024,14:45,22.8
9/17/2024,15:00,24
9/17/2024,15:15,22.8
9/17/2024,15:30,22.8
9/17/2024,15:45,22.8
9/17/2024,16:00,22.8
9/17/2024,16:15,22.8
9/17/2024,16:30,24
9/17/2024,16:45,24
9/17/2024,17:00,27.6
9/17/2024,17:15,22.8
9/17/2024,17:30,22.8
9/17/2024,17:45,22.8
9/17/2024,18:00,27.6
9/17/2024,18:15,24
9/17/2024,18:30,22.8
9/17/2024,18:45,30
9/17/2024,19:00,25.2
9/17/2024,19:15,22.8
9/17/2024,19:30,22.8
9/17/2024,19:45,24
9/17/2024,20:00,24
9/17/2024,20:15,22.8
9/17/2024,20:30,24
9/17/2024,20:45,24
9/17/2024,21:00,22.8
9/17/2024,21:15,24
9/17/2024,21:30,26.4
9/17/2024,21:45,22.8
9/17/2024,22:00,24
9/17/2024,22:15,22.8
9/17/2024,22:30,22.8
9/17/2024,22:45,24
9/17/2024,23:00,22.8
9/17/2024,23:15,26.4
9/17/2024,23:30,22.8
9/17/2024,23:45,24
9/18/2024,0:00,22.8
9/18/2024,0:15,22.8
9/18/2024,0:30,22.8
9/18/2024,0:45,25.2
9/18/2024,1:00,26.4
9/18/2024,1:15,24
9/18/2024,1:30,22.8
9/18/2024,1:45,22.8
9/18/2024,2:00,22.8
9/18/2024,2:15,22.8
9/18/2024,2:30,22.8
9/18/2024,2:45,22.8
9/18/2024,3:00,22.8
9/18/2024,3:15,22.8
9/18/2024,3:30,27.6
9/18/2024,3:45,22.8
9/18/2024,4:00,22.8
9/18/2024,4:15,24
9/18/2024,4:30,22.8
9/18/2024,4:45,26.4
9/18/2024,5:00,31.2
9/18/2024,5:15,25.2
9/18/2024,5:30,36
9/18/2024,5:45,39.6
9/18/2024,6:00,28.8
9/18/2024,6:15,31.2
9/18/2024,6:30,22.8
9/18/2024,6:45,27.6
9/18/2024,7:00,170.4
9/18/2024,7:15,385.2
9/18/2024,7:30,591.6
9/18/2024,7:45,1039.2
9/18/2024,8:00,1431.6
9/18/2024,8:15,1264.8
9/18/2024,8:30,1503.6
9/18/2024,8:45,1344
9/18/2024,9:00,1242
9/18/2024,9:15,1308
9/18/2024,9:30,1516.8
9/18/2024,9:45,1094.4
9/18/2024,10:00,1370.4
9/18/2024,10:15,1444.8
9/18/2024,10:30,1548
9/18/2024,10:45,1008
9/18/2024,11:00,1351.2
9/18/2024,11:15,780
9/18/2024,11:30,918
9/18/2024,11:45,1153.2
9/18/2024,12:00,825.6
9/18/2024,12:15,889.2
9/18/2024,12:30,930
9/18/2024,12:45,1688.4
9/18/2024,13:00,1448.4
9/18/2024,13:15,1516.8
9/18/2024,13:30,1351.2
9/18/2024,13:45,1677.6
9/18/2024,14:00,1357.2
9/18/2024,14:15,1376.4
9/18/2024,14:30,1090.8
9/18/2024,14:45,1282.8
9/18/2024,15:00,1425.6
9/18/2024,15:15,1411.2
9/18/2024,15:30,1292.4
9/18/2024,15:45,1242
9/18/2024,16:00,1804.8
9/18/2024,16:15,2158.8
9/18/2024,16:30,2097.6
9/18/2024,16:45,1579.2
9/18/2024,17:00,1938
9/18/2024,17:15,2775.6
9/18/2024,17:30,3086.4
9/18/2024,17:45,3273.6
9/18/2024,18:00,3194.4
9/18/2024,18:15,3231.6
9/18/2024,18:30,3404.4
9/18/2024,18:45,3104.4
9/18/2024,19:00,2271.6
9/18/2024,19:15,2686.8
9/18/2024,19:30,2121.6
9/18/2024,19:45,2060.4
9/18/2024,20:00,2067.6
9/18/2024,20:15,2599.2
9/18/2024,20:30,3124.8
9/18/2024,20:45,3084
9/18/2024,21:00,3212.4
9/18/2024,21:15,3187.2
9/18/2024,21:30,2179.2
9/18/2024,21:45,3280.8
9/18/2024,22:00,3266.4
9/18/2024,22:15,2400
9/18/2024,22:30,3268.8
9/18/2024,22:45,3230.4
9/18/2024,23:00,2382
9/18/2024,23:15,3132
9/18/2024,23:30,3145.2
9/18/2024,23:45,3228
9/19/2024,0:00,3219.6
9/19/2024,0:15,3178.8
9/19/2024,0:30,3247.2
9/19/2024,0:45,2442
9/19/2024,1:00,3246
9/19/2024,1:15,3270
9/19/2024,1:30,3298.8
9/19/2024,1:45,3315.6
9/19/2024,2:00,3243.6
9/19/2024,2:15,3381.6
9/19/2024,2:30,3225.6
9/19/2024,2:45,2368.8
9/19/2024,3:00,2791.2
9/19/2024,3:15,3336
9/19/2024,3:30,3098.4
9/19/2024,3:45,3280.8
9/19/2024,4:00,3243.6
9/19/2024,4:15,3231.6
9/19/2024,4:30,3264
9/19/2024,4:45,3313.2
9/19/2024,5:00,3246
9/19/2024,5:15,3288
9/19/2024,5:30,3169.2
9/19/2024,5:45,3355.2
9/19/2024,6:00,3297.6
9/19/2024,6:15,2839.2
9/19/2024,6:30,3337.2
9/19/2024,6:45,3346.8
9/19/2024,7:00,3274.8
9/19/2024,7:15,3481.2
9/19/2024,7:30,3819.6
9/19/2024,7:45,4479.6
9/19/2024,8:00,4173.6
9/19/2024,8:15,4290
9/19/2024,8:30,4554
9/19/2024,8:45,4597.2
9/19/2024,9:00,4494
9/19/2024,9:15,4447.2
9/19/2024,9:30,4090.8
9/19/2024,9:45,4095.6
9/19/2024,10:00,4675.2
9/19/2024,10:15,4364.4
9/19/2024,10:30,4368
9/19/2024,10:45,4719.6
9/19/2024,11:00,4608
9/19/2024,11:15,4093.2
9/19/2024,11:30,3310.8
9/19/2024,11:45,3404.4
9/19/2024,12:00,3115.2
9/19/2024,12:15,4017.6
9/19/2024,12:30,3529.2
9/19/2024,12:45,4833.6
9/19/2024,13:00,4518
9/19/2024,13:15,4784.4
9/19/2024,13:30,4443.6
9/19/2024,13:45,4306.8
9/19/2024,14:00,4600.8
9/19/2024,14:15,4142.4
9/19/2024,14:30,4603.2
9/19/2024,14:45,4512
9/19/2024,15:00,3942
9/19/2024,15:15,4405.2
9/19/2024,15:30,4437.6
9/19/2024,15:45,4264.8
9/19/2024,16:00,4332
9/19/2024,16:15,3537.6
9/19/2024,16:30,4651.2
9/19/2024,16:45,4707.6
9/19/2024,17:00,4858.8
9/19/2024,17:15,3702
9/19/2024,17:30,4556.4
9/19/2024,17:45,4149.6
9/19/2024,18:00,4140
9/19/2024,18:15,4885.2
9/19/2024,18:30,3501.6
9/19/2024,18:45,2886
9/19/2024,19:00,2290.8
9/19/2024,19:15,2919.6
9/19/2024,19:30,3208.8
9/19/2024,19:45,3187.2
9/19/2024,20:00,3267.6
9/19/2024,20:15,2455.2
9/19/2024,20:30,3296.4
9/19/2024,20:45,2454
9/19/2024,21:00,3307.2
9/19/2024,21:15,3201.6
9/19/2024,21:30,3237.6
9/19/2024,21:45,3217.2
9/19/2024,22:00,3302.4
9/19/2024,22:15,2509.2
9/19/2024,22:30,3229.2
9/19/2024,22:45,3367.2
9/19/2024,23:00,3226.8
9/19/2024,23:15,3273.6
9/19/2024,23:30,2816.4
9/19/2024,23:45,3367.2
9/20/2024,0:00,3360
9/20/2024,0:15,3276
9/20/2024,0:30,3324
9/20/2024,0:45,2310
9/20/2024,1:00,3249.6
9/20/2024,1:15,2380.8
9/20/2024,1:30,3249.6
9/20/2024,1:45,3301.2
9/20/2024,2:00,3249.6
9/20/2024,2:15,2665.2
9/20/2024,2:30,2250
9/20/2024,2:45,3310.8
9/20/2024,3:00,3339.6
9/20/2024,3:15,3332.4
9/20/2024,3:30,3326.4
9/20/2024,3:45,2398.8
9/20/2024,4:00,3320.4
9/20/2024,4:15,3391.2
9/20/2024,4:30,3186
9/20/2024,4:45,3240
9/20/2024,5:00,2442
9/20/2024,5:15,3283.2
9/20/2024,5:30,3350.4
9/20/2024,5:45,2540.4
9/20/2024,6:00,3264
9/20/2024,6:15,3188.4
9/20/2024,6:30,3224.4
9/20/2024,6:45,3230.4
9/20/2024,7:00,3184.8
9/20/2024,7:15,3547.2
9/20/2024,7:30,3777.6
9/20/2024,7:45,4633.2
9/20/2024,8:00,4393.2
9/20/2024,8:15,4886.4
9/20/2024,8:30,4072.8
9/20/2024,8:45,4737.6
9/20/2024,9:00,4554
9/20/2024,9:15,4572
9/20/2024,9:30,4780.8
9/20/2024,9:45,4620
9/20/2024,10:00,4416
9/20/2024,10:15,4850.4
9/20/2024,10:30,4736.4
9/20/2024,10:45,4418.4
9/20/2024,11:00,4590
9/20/2024,11:15,3871.2
9/20/2024,11:30,2581.2
9/20/2024,11:45,2974.8
9/20/2024,12:00,4003.2
9/20/2024,12:15,4618.8
9/20/2024,12:30,4777.2
9/20/2024,12:45,4713.6
9/20/2024,13:00,4962
9/20/2024,13:15,4383.6
9/20/2024,13:30,4402.8
9/20/2024,13:45,4614
9/20/2024,14:00,4560
9/20/2024,14:15,5034
9/20/2024,14:30,3919.2
9/20/2024,14:45,4662
9/20/2024,15:00,4538.4
9/20/2024,15:15,4251.6
9/20/2024,15:30,4658.4
9/20/2024,15:45,3604.8
9/20/2024,16:00,4286.4
9/20/2024,16:15,4356
9/20/2024,16:30,4345.2
9/20/2024,16:45,4458
9/20/2024,17:00,4371.6
9/20/2024,17:15,4276.8
9/20/2024,17:30,4587.6
9/20/2024,17:45,4335.6
9/20/2024,18:00,3836.4
9/20/2024,18:15,4587.6
9/20/2024,18:30,4090.8
9/20/2024,18:45,4112.4
9/20/2024,19:00,3457.2
9/20/2024,19:15,3243.6
9/20/2024,19:30,3288
9/20/2024,19:45,2794.8
9/20/2024,20:00,3213.6
9/20/2024,20:15,2397.6
9/20/2024,20:30,3153.6
9/20/2024,20:45,3234
9/20/2024,21:00,3291.6
9/20/2024,21:15,3292.8
9/20/2024,21:30,3277.2
9/20/2024,21:45,3188.4
9/20/2024,22:00,3264
9/20/2024,22:15,3224.4
9/20/2024,22:30,3246
9/20/2024,22:45,3315.6
9/20/2024,23:00,3289.2
9/20/2024,23:15,2372.4
9/20/2024,23:30,3318
9/20/2024,23:45,3147.6
9/21/2024,0:00,3320.4
9/21/2024,0:15,3259.2
9/21/2024,0:30,3223.2
9/21/2024,0:45,3171.6
9/21/2024,1:00,2738.4
9/21/2024,1:15,2388
9/21/2024,1:30,3153.6
9/21/2024,1:45,3223.2
9/21/2024,2:00,3264
9/21/2024,2:15,3153.6
9/21/2024,2:30,3186
9/21/2024,2:45,3232.8
9/21/2024,3:00,3256.8
9/21/2024,3:15,2762.4
9/21/2024,3:30,3166.8
9/21/2024,3:45,2452.8
9/21/2024,4:00,3307.2
9/21/2024,4:15,3362.4
9/21/2024,4:30,3240
9/21/2024,4:45,3238.8
9/21/2024,5:00,3348
9/21/2024,5:15,3213.6
9/21/2024,5:30,3313.2
9/21/2024,5:45,3216
9/21/2024,6:00,3300
9/21/2024,6:15,3116.4
9/21/2024,6:30,3165.6
9/21/2024,6:45,3129.6
9/21/2024,7:00,3220.8
9/21/2024,7:15,3560.4
9/21/2024,7:30,3915.6
9/21/2024,7:45,3584.4
9/21/2024,8:00,4768.8
9/21/2024,8:15,4503.6
9/21/2024,8:30,4322.4
9/21/2024,8:45,3786
9/21/2024,9:00,3504
9/21/2024,9:15,3436.8
9/21/2024,9:30,3502.8
9/21/2024,9:45,3710.4
9/21/2024,10:00,3562.8
9/21/2024,10:15,4431.6
9/21/2024,10:30,4869.6
9/21/2024,10:45,3933.6
9/21/2024,11:00,3698.4
9/21/2024,11:15,3824.4
9/21/2024,11:30,2809.2
9/21/2024,11:45,3180
9/21/2024,12:00,3823.2
9/21/2024,12:15,3710.4
9/21/2024,12:30,3712.8
9/21/2024,12:45,4083.6
9/21/2024,13:00,2955.6
9/21/2024,13:15,2937.6
9/21/2024,13:30,3778.8
9/21/2024,13:45,3151.2
9/21/2024,14:00,2900.4
9/21/2024,14:15,3199.2
9/21/2024,14:30,3408
9/21/2024,14:45,3657.6
9/21/2024,15:00,3752.4
9/21/2024,15:15,3451.2
9/21/2024,15:30,3837.6
9/21/2024,15:45,4033.2
9/21/2024,16:00,3519.6
9/21/2024,16:15,3946.8
9/21/2024,16:30,3637.2
9/21/2024,16:45,3414
9/21/2024,17:00,3524.4
9/21/2024,17:15,3447.6
9/21/2024,17:30,3439.2
9/21/2024,17:45,3388.8
9/21/2024,18:00,4399.2
9/21/2024,18:15,4462.8
9/21/2024,18:30,3788.4
9/21/2024,18:45,3046.8
9/21/2024,19:00,2349.6
9/21/2024,19:15,3253.2
9/21/2024,19:30,2326.8
9/21/2024,19:45,2708.4
9/21/2024,20:00,3174
9/21/2024,20:15,3217.2
9/21/2024,20:30,3220.8
9/21/2024,20:45,3248.4
9/21/2024,21:00,3297.6
9/21/2024,21:15,3156
9/21/2024,21:30,3241.2
9/21/2024,21:45,3266.4
9/21/2024,22:00,2456.4
9/21/2024,22:15,3304.8
9/21/2024,22:30,3166.8
9/21/2024,22:45,3328.8
9/21/2024,23:00,3218.4
9/21/2024,23:15,3190.8
9/21/2024,23:30,3235.2
9/21/2024,23:45,3279.6
9/22/2024,0:00,3145.2
9/22/2024,0:15,3394.8
9/22/2024,0:30,2330.4
9/22/2024,0:45,2680.8
9/22/2024,1:00,3189.6
9/22/2024,1:15,3274.8
9/22/2024,1:30,2761.2
9/22/2024,1:45,3156
9/22/2024,2:00,3244.8
9/22/2024,2:15,3354
9/22/2024,2:30,2354.4
9/22/2024,2:45,2728.8
9/22/2024,3:00,2270.4
9/22/2024,3:15,3190.8
9/22/2024,3:30,3290.4
9/22/2024,3:45,2739.6
9/22/2024,4:00,3267.6
9/22/2024,4:15,3190.8
9/22/2024,4:30,2350.8
9/22/2024,4:45,3207.6
9/22/2024,5:00,3201.6
9/22/2024,5:15,3304.8
9/22/2024,5:30,3471.6
9/22/2024,5:45,3709.2
9/22/2024,6:00,3327.6
9/22/2024,6:15,3318
9/22/2024,6:30,3231.6
9/22/2024,6:45,3345.6
9/22/2024,7:00,3268.8
9/22/2024,7:15,3265.2
9/22/2024,7:30,3633.6
9/22/2024,7:45,4792.8
9/22/2024,8:00,4246.8
9/22/2024,8:15,4450.8
9/22/2024,8:30,4260
9/22/2024,8:45,4831.2
9/22/2024,9:00,4759.2
9/22/2024,9:15,3542.4
9/22/2024,9:30,4446
9/22/2024,9:45,4630.8
9/22/2024,10:00,4399.2
9/22/2024,10:15,4485.6
9/22/2024,10:30,4394.4
9/22/2024,10:45,4263.6
9/22/2024,11:00,4566
9/22/2024,11:15,4209.6
9/22/2024,11:30,3584.4
9/22/2024,11:45,3088.8
9/22/2024,12:00,3817.2
9/22/2024,12:15,4071.6
9/22/2024,12:30,4747.2
9/22/2024,12:45,4213.2
9/22/2024,13:00,4434
9/22/2024,13:15,4330.8
9/22/2024,13:30,4820.4
9/22/2024,13:45,4776
9/22/2024,14:00,4602
9/22/2024,14:15,3939.6
9/22/2024,14:30,4624.8
9/22/2024,14:45,4351.2
9/22/2024,15:00,3567.6
9/22/2024,15:15,4807.2
9/22/2024,15:30,4658.4
9/22/2024,15:45,4764
9/22/2024,16:00,4640.4
9/22/2024,16:15,3553.2
9/22/2024,16:30,4176
9/22/2024,16:45,4593.6
9/22/2024,17:00,4803.6
9/22/2024,17:15,4406.4
9/22/2024,17:30,3891.6
9/22/2024,17:45,4539.6
9/22/2024,18:00,4809.6
9/22/2024,18:15,4432.8
9/22/2024,18:30,4620
9/22/2024,18:45,3927.6
9/22/2024,19:00,3340.8
9/22/2024,19:15,3350.4
9/22/2024,19:30,3244.8
9/22/2024,19:45,2313.6
9/22/2024,20:00,2308.8
9/22/2024,20:15,2221.2
9/22/2024,20:30,2245.2
9/22/2024,20:45,3256.8
9/22/2024,21:00,3262.8
9/22/2024,21:15,3242.4
9/22/2024,21:30,3342
9/22/2024,21:45,3417.6
9/22/2024,22:00,3384
9/22/2024,22:15,3409.2
9/22/2024,22:30,3222
9/22/2024,22:45,2938.8
9/22/2024,23:00,3235.2
9/22/2024,23:15,2818.8
9/22/2024,23:30,3216
9/22/2024,23:45,3274.8
9/23/2024,0:00,3228
9/23/2024,0:15,3349.2
9/23/2024,0:30,2361.6
9/23/2024,0:45,3180
9/23/2024,1:00,3312
9/23/2024,1:15,3160.8
9/23/2024,1:30,3158.4
9/23/2024,1:45,3106.8
9/23/2024,2:00,3178.8
9/23/2024,2:15,3210
9/23/2024,2:30,3277.2
9/23/2024,2:45,3236.4
9/23/2024,3:00,3176.4
9/23/2024,3:15,2713.2
9/23/2024,3:30,3340.8
9/23/2024,3:45,3160.8
9/23/2024,4:00,3129.6
9/23/2024,4:15,3162
9/23/2024,4:30,3148.8
9/23/2024,4:45,3062.4
9/23/2024,5:00,2755.2
9/23/2024,5:15,3115.2
9/23/2024,5:30,3208.8
9/23/2024,5:45,3274.8
9/23/2024,6:00,3124.8
9/23/2024,6:15,3142.8
9/23/2024,6:30,3206.4
9/23/2024,6:45,3212.4
9/23/2024,7:00,3204
9/23/2024,7:15,3464.4
9/23/2024,7:30,3589.2
9/23/2024,7:45,4729.2
9/23/2024,8:00,4390.8
9/23/2024,8:15,4792.8
9/23/2024,8:30,4618.8
9/23/2024,8:45,4474.8
9/23/2024,9:00,3452.4
9/23/2024,9:15,4320
9/23/2024,9:30,4449.6
9/23/2024,9:45,4482
9/23/2024,10:00,4150.8
9/23/2024,10:15,4568.4
9/23/2024,10:30,4772.4
9/23/2024,10:45,4624.8
9/23/2024,11:00,4302
9/23/2024,11:15,4111.2
9/23/2024,11:30,3308.4
9/23/2024,11:45,3360
9/23/2024,12:00,2810.4
9/23/2024,12:15,4177.2
9/23/2024,12:30,4488
9/23/2024,12:45,3781.2
9/23/2024,13:00,3742.8
9/23/2024,13:15,2946
9/23/2024,13:30,3426
9/23/2024,13:45,3858
9/23/2024,14:00,3417.6
9/23/2024,14:15,3277.2
9/23/2024,14:30,3086.4
9/23/2024,14:45,3430.8
9/23/2024,15:00,3028.8
9/23/2024,15:15,3280.8
9/23/2024,15:30,3535.2
9/23/2024,15:45,3894
9/23/2024,16:00,3735.6
9/23/2024,16:15,4862.4
9/23/2024,16:30,3820.8
9/23/2024,16:45,4048.8
9/23/2024,17:00,4416
9/23/2024,17:15,4688.4
9/23/2024,17:30,3888
9/23/2024,17:45,3637.2
9/23/2024,18:00,4359.6
9/23/2024,18:15,4489.2
9/23/2024,18:30,4135.2
9/23/2024,18:45,3331.2
9/23/2024,19:00,2263.2
9/23/2024,19:15,2802
9/23/2024,19:30,2775.6
9/23/2024,19:45,2398.8
9/23/2024,20:00,2492.4
9/23/2024,20:15,3273.6
9/23/2024,20:30,3267.6
9/23/2024,20:45,2911.2
9/23/2024,21:00,2745.6
9/23/2024,21:15,3534
9/23/2024,21:30,3500.4
9/23/2024,21:45,3469.2
9/23/2024,22:00,3622.8
9/23/2024,22:15,3684
9/23/2024,22:30,3615.6
9/23/2024,22:45,3632.4
9/23/2024,23:00,3816
9/23/2024,23:15,3505.2
9/23/2024,23:30,3494.4
9/23/2024,23:45,3495.6
9/24/2024,0:00,3544.8
9/24/2024,0:15,3471.6
9/24/2024,0:30,3452.4
9/24/2024,0:45,3463.2
9/24/2024,1:00,3414
9/24/2024,1:15,3409.2
9/24/2024,1:30,3344.4
9/24/2024,1:45,3326.4
9/24/2024,2:00,3336
9/24/2024,2:15,3308.4
9/24/2024,2:30,3284.4
9/24/2024,2:45,2527.2
9/24/2024,3:00,3354
9/24/2024,3:15,2517.6
9/24/2024,3:30,3396
9/24/2024,3:45,3223.2
9/24/2024,4:00,3363.6
9/24/2024,4:15,3364.8
9/24/2024,4:30,3380.4
9/24/2024,4:45,2517.6
9/24/2024,5:00,3240
9/24/2024,5:15,3318
9/24/2024,5:30,3374.4
9/24/2024,5:45,3366
9/24/2024,6:00,3307.2
9/24/2024,6:15,2497.2
9/24/2024,6:30,3320.4
9/24/2024,6:45,3382.8
9/24/2024,7:00,3356.4
9/24/2024,7:15,3522
9/24/2024,7:30,3046.8
9/24/2024,7:45,4765.2
9/24/2024,8:00,4692
9/24/2024,8:15,4720.8
9/24/2024,8:30,4458
9/24/2024,8:45,4528.8
9/24/2024,9:00,4399.2
9/24/2024,9:15,4650
9/24/2024,9:30,4812
9/24/2024,9:45,4636.8
9/24/2024,10:00,3577.2
9/24/2024,10:15,4228.8
9/24/2024,10:30,4562.4
9/24/2024,10:45,4952.4
9/24/2024,11:00,4626
9/24/2024,11:15,4082.4
9/24/2024,11:30,3645.6
9/24/2024,11:45,3024
9/24/2024,12:00,3565.2
9/24/2024,12:15,3374.4
9/24/2024,12:30,4110
9/24/2024,12:45,4927.2
9/24/2024,13:00,4981.2
9/24/2024,13:15,4953.6
9/24/2024,13:30,4488
9/24/2024,13:45,4530
9/24/2024,14:00,4272
9/24/2024,14:15,4868.4
9/24/2024,14:30,4933.2
9/24/2024,14:45,4854
9/24/2024,15:00,4875.6
9/24/2024,15:15,3952.8
9/24/2024,15:30,4408.8
9/24/2024,15:45,3990
9/24/2024,16:00,5091.6
9/24/2024,16:15,5190
9/24/2024,16:30,4947.6
9/24/2024,16:45,5071.2
9/24/2024,17:00,4957.2
9/24/2024,17:15,4882.8
9/24/2024,17:30,4684.8
9/24/2024,17:45,4299.6
9/24/2024,18:00,4386
9/24/2024,18:15,4374
9/24/2024,18:30,4652.4
9/24/2024,18:45,4188
9/24/2024,19:00,3918
9/24/2024,19:15,3352.8
9/24/2024,19:30,3488.4
9/24/2024,19:45,3432
9/24/2024,20:00,3452.4
9/24/2024,20:15,3451.2
9/24/2024,20:30,3531.6
9/24/2024,20:45,3484.8
9/24/2024,21:00,3510
9/24/2024,21:15,3013.2
9/24/2024,21:30,3542.4
9/24/2024,21:45,3417.6
9/24/2024,22:00,3442.8
9/24/2024,22:15,3420
9/24/2024,22:30,3439.2
9/24/2024,22:45,2456.4
9/24/2024,23:00,3294
9/24/2024,23:15,3378
9/24/2024,23:30,3422.4
9/24/2024,23:45,3316.8
9/25/2024,0:00,3525.6
9/25/2024,0:15,3451.2
9/25/2024,0:30,3375.6
9/25/2024,0:45,3308.4
9/25/2024,1:00,3357.6
9/25/2024,1:15,3382.8
9/25/2024,1:30,3498
9/25/2024,1:45,3373.2
9/25/2024,2:00,3460.8
9/25/2024,2:15,2478
9/25/2024,2:30,3369.6
9/25/2024,2:45,3351.6
9/25/2024,3:00,3349.2
9/25/2024,3:15,2898
9/25/2024,3:30,3394.8
9/25/2024,3:45,3424.8
9/25/2024,4:00,3325.2
9/25/2024,4:15,3376.8
9/25/2024,4:30,3369.6
9/25/2024,4:45,3334.8
9/25/2024,5:00,3463.2
9/25/2024,5:15,2570.4
9/25/2024,5:30,3312
9/25/2024,5:45,2458.8
9/25/2024,6:00,2973.6
9/25/2024,6:15,3270
9/25/2024,6:30,3368.4
9/25/2024,6:45,3343.2
9/25/2024,7:00,3356.4
9/25/2024,7:15,2569.2
9/25/2024,7:30,2786.4
9/25/2024,7:45,3542.4
9/25/2024,8:00,3498
9/25/2024,8:15,4417.2
9/25/2024,8:30,4936.8
9/25/2024,8:45,4228.8
9/25/2024,9:00,4836
9/25/2024,9:15,4729.2
9/25/2024,9:30,4501.2
9/25/2024,9:45,3885.6
9/25/2024,10:00,4166.4
9/25/2024,10:15,4976.4
9/25/2024,10:30,5060.4
9/25/2024,10:45,4563.6
9/25/2024,11:00,4064.4
9/25/2024,11:15,4002
9/25/2024,11:30,3241.2
9/25/2024,11:45,2899.2
9/25/2024,12:00,4196.4
9/25/2024,12:15,4251.6
9/25/2024,12:30,4372.8
9/25/2024,12:45,4795.2
9/25/2024,13:00,4581.6
9/25/2024,13:15,4102.8
9/25/2024,13:30,4646.4
9/25/2024,13:45,4844.4
9/25/2024,14:00,5006.4
9/25/2024,14:15,4292.4
9/25/2024,14:30,3388.8
9/25/2024,14:45,3528
9/25/2024,15:00,3963.6
9/25/2024,15:15,3822
9/25/2024,15:30,4482
9/25/2024,15:45,3403.2
9/25/2024,16:00,4322.4
9/25/2024,16:15,4382.4
9/25/2024,16:30,4412.4
9/25/2024,16:45,3682.8
9/25/2024,17:00,3594
9/25/2024,17:15,3722.4
9/25/2024,17:30,3936
9/25/2024,17:45,4302
9/25/2024,18:00,3753.6
9/25/2024,18:15,4285.2
9/25/2024,18:30,4042.8
9/25/2024,18:45,2679.6
9/25/2024,19:00,3384
9/25/2024,19:15,3435.6
9/25/2024,19:30,3591.6
9/25/2024,19:45,3368.4
9/25/2024,20:00,3376.8
9/25/2024,20:15,3438
9/25/2024,20:30,3535.2
9/25/2024,20:45,3642
9/25/2024,21:00,3438
9/25/2024,21:15,3400.8
9/25/2024,21:30,3424.8
9/25/2024,21:45,3444
9/25/2024,22:00,3405.6
9/25/2024,22:15,3328.8
9/25/2024,22:30,3235.2
9/25/2024,22:45,3688.8
9/25/2024,23:00,3660
9/25/2024,23:15,3708
9/25/2024,23:30,3658.8
9/25/2024,23:45,3619.2
9/26/2024,0:00,3627.6
9/26/2024,0:15,3693.6
9/26/2024,0:30,3728.4
9/26/2024,0:45,3834
9/26/2024,1:00,3703.2
9/26/2024,1:15,3667.2
9/26/2024,1:30,3655.2
9/26/2024,1:45,3655.2
9/26/2024,2:00,3871.2
9/26/2024,2:15,2859.6
9/26/2024,2:30,2832
9/26/2024,2:45,3686.4
9/26/2024,3:00,3400.8
9/26/2024,3:15,3280.8
9/26/2024,3:30,3339.6
9/26/2024,3:45,2292
9/26/2024,4:00,2263.2
9/26/2024,4:15,2229.6
9/26/2024,4:30,2204.4
9/26/2024,4:45,2268
9/26/2024,5:00,3266.4
9/26/2024,5:15,3286.8
9/26/2024,5:30,3348
9/26/2024,5:45,3369.6
9/26/2024,6:00,2565.6
9/26/2024,6:15,3458.4
9/26/2024,6:30,3447.6
9/26/2024,6:45,3397.2
9/26/2024,7:00,3310.8
9/26/2024,7:15,3567.6
9/26/2024,7:30,3862.8
9/26/2024,7:45,4380
9/26/2024,8:00,3766.8
9/26/2024,8:15,3402
9/26/2024,8:30,3398.4
9/26/2024,8:45,3644.4
9/26/2024,9:00,4588.8
9/26/2024,9:15,4515.6
9/26/2024,9:30,4387.2
9/26/2024,9:45,4587.6
9/26/2024,10:00,4606.8
9/26/2024,10:15,4485.6
9/26/2024,10:30,3768
9/26/2024,10:45,4387.2
9/26/2024,11:00,4429.2
9/26/2024,11:15,4180.8
9/26/2024,11:30,3558
9/26/2024,11:45,3703.2
9/26/2024,12:00,4066.8
9/26/2024,12:15,4624.8
9/26/2024,12:30,4093.2
9/26/2024,12:45,4365.6
9/26/2024,13:00,4538.4
9/26/2024,13:15,4484.4
9/26/2024,13:30,4431.6
9/26/2024,13:45,4524
9/26/2024,14:00,4512
9/26/2024,14:15,4436.4
9/26/2024,14:30,4616.4
9/26/2024,14:45,4444.8
9/26/2024,15:00,4594.8
9/26/2024,15:15,4426.8
9/26/2024,15:30,3913.2
9/26/2024,15:45,4525.2
9/26/2024,16:00,4214.4
9/26/2024,16:15,4416
9/26/2024,16:30,4765.2
9/26/2024,16:45,4470
9/26/2024,17:00,4695.6
9/26/2024,17:15,4300.8
9/26/2024,17:30,4530
9/26/2024,17:45,4604.4
9/26/2024,18:00,4623.6
9/26/2024,18:15,4561.2
9/26/2024,18:30,3024
9/26/2024,18:45,2880
9/26/2024,19:00,2228.4
9/26/2024,19:15,2174.4
9/26/2024,19:30,2662.8
9/26/2024,19:45,2367.6
9/26/2024,20:00,3363.6
9/26/2024,20:15,3366
9/26/2024,20:30,3405.6
9/26/2024,20:45,3388.8
9/26/2024,21:00,2930.4
9/26/2024,21:15,3310.8
9/26/2024,21:30,3343.2
9/26/2024,21:45,3342
9/26/2024,22:00,3426
9/26/2024,22:15,2511.6
9/26/2024,22:30,3312
9/26/2024,22:45,3384
9/26/2024,23:00,2536.8
9/26/2024,23:15,3379.2
9/26/2024,23:30,3326.4
9/26/2024,23:45,3307.2
9/27/2024,0:00,3354
9/27/2024,0:15,3454.8
9/27/2024,0:30,3429.6
9/27/2024,0:45,2464.8
9/27/2024,1:00,3319.2
9/27/2024,1:15,3336
9/27/2024,1:30,3327.6
9/27/2024,1:45,3327.6
9/27/2024,2:00,3368.4
9/27/2024,2:15,3319.2
9/27/2024,2:30,3361.2
9/27/2024,2:45,3328.8
9/27/2024,3:00,2470.8
9/27/2024,3:15,3339.6
9/27/2024,3:30,3345.6
9/27/2024,3:45,2487.6
9/27/2024,4:00,3316.8
9/27/2024,4:15,2479.2
9/27/2024,4:30,2498.4
9/27/2024,4:45,3283.2
9/27/2024,5:00,3356.4
9/27/2024,5:15,2511.6
9/27/2024,5:30,2454
9/27/2024,5:45,3292.8
9/27/2024,6:00,3328.8
9/27/2024,6:15,3280.8
9/27/2024,6:30,3439.2
9/27/2024,6:45,3337.2
9/27/2024,7:00,3666
9/27/2024,7:15,2755.2
9/27/2024,7:30,3435.6
9/27/2024,7:45,4640.4
9/27/2024,8:00,3694.8
9/27/2024,8:15,4470
9/27/2024,8:30,4513.2
9/27/2024,8:45,4057.2
9/27/2024,9:00,4478.4
9/27/2024,9:15,3814.8
9/27/2024,9:30,4576.8
9/27/2024,9:45,4666.8
9/27/2024,10:00,4315.2
9/27/2024,10:15,3970.8
9/27/2024,10:30,4767.6
9/27/2024,10:45,4734
9/27/2024,11:00,4821.6
9/27/2024,11:15,4105.2
9/27/2024,11:30,3609.6
9/27/2024,11:45,3658.8
9/27/2024,12:00,4167.6
9/27/2024,12:15,3975.6
9/27/2024,12:30,4441.2
9/27/2024,12:45,4765.2
9/27/2024,13:00,4596
9/27/2024,13:15,3991.2
9/27/2024,13:30,4382.4
9/27/2024,13:45,3739.2
9/27/2024,14:00,3352.8
9/27/2024,14:15,3120
9/27/2024,14:30,3174
9/27/2024,14:45,1834.8
9/27/2024,15:00,1738.8
9/27/2024,15:15,1477.2
9/27/2024,15:30,1416
9/27/2024,15:45,1635.6
9/27/2024,16:00,2070
9/27/2024,16:15,1785.6
9/27/2024,16:30,1692
9/27/2024,16:45,1740
9/27/2024,17:00,1756.8
9/27/2024,17:15,2126.4
9/27/2024,17:30,2629.2
9/27/2024,17:45,2649.6
9/27/2024,18:00,2361.6
9/27/2024,18:15,2516.4
9/27/2024,18:30,2758.8
9/27/2024,18:45,1917.6
9/27/2024,19:00,2028
9/27/2024,19:15,2220
9/27/2024,19:30,2846.4
9/27/2024,19:45,2272.8
9/27/2024,20:00,3364.8
9/27/2024,20:15,3265.2
9/27/2024,20:30,3398.4
9/27/2024,20:45,3420
9/27/2024,21:00,3405.6
9/27/2024,21:15,3354
9/27/2024,21:30,3358.8
9/27/2024,21:45,3399.6
9/27/2024,22:00,3416.4
9/27/2024,22:15,3427.2
9/27/2024,22:30,3390
9/27/2024,22:45,2664
9/27/2024,23:00,3370.8
9/27/2024,23:15,3368.4
9/27/2024,23:30,3368.4
9/27/2024,23:45,3422.4
9/28/2024,0:00,3328.8
9/28/2024,0:15,3279.6
9/28/2024,0:30,3356.4
9/28/2024,0:45,3438
9/28/2024,1:00,3416.4
9/28/2024,1:15,3420
9/28/2024,1:30,3382.8
9/28/2024,1:45,2971.2
9/28/2024,2:00,3396
9/28/2024,2:15,3297.6
9/28/2024,2:30,3288
9/28/2024,2:45,3373.2
9/28/2024,3:00,3192
9/28/2024,3:15,3302.4
9/28/2024,3:30,3355.2
9/28/2024,3:45,3313.2
9/28/2024,4:00,3272.4
9/28/2024,4:15,3313.2
9/28/2024,4:30,3427.2
9/28/2024,4:45,3318
9/28/2024,5:00,3271.2
9/28/2024,5:15,3368.4
9/28/2024,5:30,2889.6
9/28/2024,5:45,3362.4
9/28/2024,6:00,3409.2
9/28/2024,6:15,2918.4
9/28/2024,6:30,3372
9/28/2024,6:45,3396
9/28/2024,7:00,3441.6
9/28/2024,7:15,3412.8
9/28/2024,7:30,3753.6
9/28/2024,7:45,4468.8
9/28/2024,8:00,5028
9/28/2024,8:15,4522.8
9/28/2024,8:30,4435.2
9/28/2024,8:45,3637.2
9/28/2024,9:00,4046.4
9/28/2024,9:15,4593.6
9/28/2024,9:30,4761.6
9/28/2024,9:45,4874.4
9/28/2024,10:00,4810.8
9/28/2024,10:15,4544.4
9/28/2024,10:30,4500
9/28/2024,10:45,4484.4
9/28/2024,11:00,4714.8
9/28/2024,11:15,3547.2
9/28/2024,11:30,3571.2
9/28/2024,11:45,2596.8
9/28/2024,12:00,3979.2
9/28/2024,12:15,4320
9/28/2024,12:30,4843.2
9/28/2024,12:45,4813.2
9/28/2024,13:00,5056.8
9/28/2024,13:15,4962
9/28/2024,13:30,4976.4
9/28/2024,13:45,4725.6
9/28/2024,14:00,4912.8
9/28/2024,14:15,5022
9/28/2024,14:30,4790.4
9/28/2024,14:45,4371.6
9/28/2024,15:00,4597.2
9/28/2024,15:15,4689.6
9/28/2024,15:30,4719.6
9/28/2024,15:45,4322.4
9/28/2024,16:00,4782
9/28/2024,16:15,4784.4
9/28/2024,16:30,4832.4
9/28/2024,16:45,4710
9/28/2024,17:00,4957.2
9/28/2024,17:15,4922.4
9/28/2024,17:30,4761.6
9/28/2024,17:45,4548
9/28/2024,18:00,3999.6
9/28/2024,18:15,4082.4
9/28/2024,18:30,3366
9/28/2024,18:45,2762.4
9/28/2024,19:00,2113.2
9/28/2024,19:15,2133.6
9/28/2024,19:30,2144.4
9/28/2024,19:45,3220.8
9/28/2024,20:00,2830.8
9/28/2024,20:15,2974.8
9/28/2024,20:30,2839.2
9/28/2024,20:45,2766
9/28/2024,21:00,2626.8
9/28/2024,21:15,1966.8
9/28/2024,21:30,2702.4
9/28/2024,21:45,2634
9/28/2024,22:00,1540.8
9/28/2024,22:15,1645.2
9/28/2024,22:30,1845.6
9/28/2024,22:45,2007.6
9/28/2024,23:00,2101.2
9/28/2024,23:15,2193.6
9/28/2024,23:30,2289.6
9/28/2024,23:45,3260.4
9/29/2024,0:00,2838
9/29/2024,0:15,3232.8
9/29/2024,0:30,3242.4
9/29/2024,0:45,3267.6
9/29/2024,1:00,2814
9/29/2024,1:15,3330
9/29/2024,1:30,3295.2
9/29/2024,1:45,2520
9/29/2024,2:00,3337.2
9/29/2024,2:15,3369.6
9/29/2024,2:30,3339.6
9/29/2024,2:45,2893.2
9/29/2024,3:00,2904
9/29/2024,3:15,3330
9/29/2024,3:30,3369.6
9/29/2024,3:45,3308.4
9/29/2024,4:00,2856
9/29/2024,4:15,3316.8
9/29/2024,4:30,3303.6
9/29/2024,4:45,3325.2
9/29/2024,5:00,3330
9/29/2024,5:15,3396
9/29/2024,5:30,3312
9/29/2024,5:45,3402
9/29/2024,6:00,3330
9/29/2024,6:15,3348
9/29/2024,6:30,3345.6
9/29/2024,6:45,3366
9/29/2024,7:00,3372
9/29/2024,7:15,3662.4
9/29/2024,7:30,3903.6
9/29/2024,7:45,3729.6
9/29/2024,8:00,3858
9/29/2024,8:15,4854
9/29/2024,8:30,4260
9/29/2024,8:45,4594.8
9/29/2024,9:00,4658.4
9/29/2024,9:15,4402.8
9/29/2024,9:30,4478.4
9/29/2024,9:45,4744.8
9/29/2024,10:00,4639.2
9/29/2024,10:15,4642.8
9/29/2024,10:30,4460.4
9/29/2024,10:45,4966.8
9/29/2024,11:00,4866
9/29/2024,11:15,4279.2
9/29/2024,11:30,3926.4
9/29/2024,11:45,4010.4
9/29/2024,12:00,4383.6
9/29/2024,12:15,4872
9/29/2024,12:30,5125.2
9/29/2024,12:45,4222.8
9/29/2024,13:00,4652.4
9/29/2024,13:15,3868.8
9/29/2024,13:30,5014.8
9/29/2024,13:45,4940.4
9/29/2024,14:00,4744.8
9/29/2024,14:15,4917.6
9/29/2024,14:30,3774
9/29/2024,14:45,4796.4
9/29/2024,15:00,4742.4
9/29/2024,15:15,4809.6
9/29/2024,15:30,4651.2
9/29/2024,15:45,4669.2
9/29/2024,16:00,4806
9/29/2024,16:15,4683.6
9/29/2024,16:30,4561.2
9/29/2024,16:45,4482
9/29/2024,17:00,4680
9/29/2024,17:15,4555.2
9/29/2024,17:30,4620
9/29/2024,17:45,4574.4
9/29/2024,18:00,4486.8
9/29/2024,18:15,4432.8
9/29/2024,18:30,3927.6
9/29/2024,18:45,3410.4
9/29/2024,19:00,3076.8
9/29/2024,19:15,3434.4
9/29/2024,19:30,3454.8
9/29/2024,19:45,3363.6
9/29/2024,20:00,3480
9/29/2024,20:15,3432
9/29/2024,20:30,2994
9/29/2024,20:45,3481.2
9/29/2024,21:00,2985.6
9/29/2024,21:15,3358.8
9/29/2024,21:30,3398.4
9/29/2024,21:45,2510.4
9/29/2024,22:00,3436.8
9/29/2024,22:15,3411.6
9/29/2024,22:30,3358.8
9/29/2024,22:45,3434.4
9/29/2024,23:00,3416.4
9/29/2024,23:15,3351.6
9/29/2024,23:30,3400.8
9/29/2024,23:45,3356.4
9/30/2024,0:00,2984.4
9/30/2024,0:15,3360
9/30/2024,0:30,3411.6
9/30/2024,0:45,3366
9/30/2024,1:00,3357.6
9/30/2024,1:15,2407.2
9/30/2024,1:30,2335.2
9/30/2024,1:45,2407.2
9/30/2024,2:00,3428.4
9/30/2024,2:15,3373.2
9/30/2024,2:30,3381.6
9/30/2024,2:45,3463.2
9/30/2024,3:00,3379.2
9/30/2024,3:15,3348
9/30/2024,3:30,3433.2
9/30/2024,3:45,3392.4
9/30/2024,4:00,3460.8
9/30/2024,4:15,3364.8
9/30/2024,4:30,3356.4
9/30/2024,4:45,3400.8
9/30/2024,5:00,3350.4
9/30/2024,5:15,2648.4
9/30/2024,5:30,3391.2
9/30/2024,5:45,3410.4
9/30/2024,6:00,3337.2
9/30/2024,6:15,3388.8
9/30/2024,6:30,3360
9/30/2024,6:45,3328.8
9/30/2024,7:00,3409.2
9/30/2024,7:15,3590.4
9/30/2024,7:30,2852.4
9/30/2024,7:45,3622.8
9/30/2024,8:00,4538.4
9/30/2024,8:15,4237.2
9/30/2024,8:30,4681.2
9/30/2024,8:45,4780.8
9/30/2024,9:00,4779.6
9/30/2024,9:15,4731.6
9/30/2024,9:30,4718.4
9/30/2024,9:45,4213.2
9/30/2024,10:00,5068.8
9/30/2024,10:15,4908
9/30/2024,10:30,4033.2
9/30/2024,10:45,3722.4
9/30/2024,11:00,4561.2
9/30/2024,11:15,4002
9/30/2024,11:30,3566.4
9/30/2024,11:45,3950.4
9/30/2024,12:00,4754.4
9/30/2024,12:15,4504.8
9/30/2024,12:30,4802.4
9/30/2024,12:45,4274.4
9/30/2024,13:00,4908
9/30/2024,13:15,4328.4
9/30/2024,13:30,3818.4
9/30/2024,13:45,4435.2
9/30/2024,14:00,4540.8
9/30/2024,14:15,4215.6
9/30/2024,14:30,4203.6
9/30/2024,14:45,3902.4
9/30/2024,15:00,3812.4
9/30/2024,15:15,3524.4
9/30/2024,15:30,3193.2
9/30/2024,15:45,2758.8
9/30/2024,16:00,1668
9/30/2024,16:15,1638
9/30/2024,16:30,722.4
9/30/2024,16:45,318
9/30/2024,17:00,73.2
9/30/2024,17:15,74.4
9/30/2024,17:30,67.2
9/30/2024,17:45,64.8
9/30/2024,18:00,62.4
9/30/2024,18:15,69.6
9/30/2024,18:30,60
9/30/2024,18:45,48
9/30/2024,19:00,46.8
9/30/2024,19:15,50.4
9/30/2024,19:30,60
9/30/2024,19:45,97.2
9/30/2024,20:00,63.6
9/30/2024,20:15,79.2
9/30/2024,20:30,66
9/30/2024,20:45,63.6
9/30/2024,21:00,58.8
9/30/2024,21:15,64.8
9/30/2024,21:30,63.6
9/30/2024,21:45,67.2
9/30/2024,22:00,63.6
9/30/2024,22:15,70.8
9/30/2024,22:30,67.2
9/30/2024,22:45,68.4
9/30/2024,23:00,68.4
9/30/2024,23:15,62.4
9/30/2024,23:30,62.4
9/30/2024,23:45,62.4
10/1/2024,0:00,61.2
10/1/2024,0:15,66
10/1/2024,0:30,62.4
10/1/2024,0:45,57.6
10/1/2024,1:00,61.2
10/1/2024,1:15,61.2
10/1/2024,1:30,62.4
10/1/2024,1:45,64.8
10/1/2024,2:00,60
10/1/2024,2:15,61.2
10/1/2024,2:30,62.4
10/1/2024,2:45,62.4
10/1/2024,3:00,57.6
10/1/2024,3:15,62.4
10/1/2024,3:30,68.4
10/1/2024,3:45,62.4
10/1/2024,4:00,61.2
10/1/2024,4:15,66
10/1/2024,4:30,58.8
10/1/2024,4:45,62.4
10/1/2024,5:00,62.4
10/1/2024,5:15,64.8
10/1/2024,5:30,62.4
10/1/2024,5:45,62.4
10/1/2024,6:00,64.8
10/1/2024,6:15,61.2
10/1/2024,6:30,55.2
10/1/2024,6:45,48
10/1/2024,7:00,46.8
10/1/2024,7:15,46.8
10/1/2024,7:30,48
10/1/2024,7:45,46.8
10/1/2024,8:00,46.8
10/1/2024,8:15,46.8
10/1/2024,8:30,45.6
10/1/2024,8:45,46.8
10/1/2024,9:00,46.8
10/1/2024,9:15,46.8
10/1/2024,9:30,46.8
10/1/2024,9:45,51.6
10/1/2024,10:00,46.8
10/1/2024,10:15,45.6
10/1/2024,10:30,46.8
10/1/2024,10:45,45.6
10/1/2024,11:00,45.6
10/1/2024,11:15,46.8
10/1/2024,11:30,46.8
10/1/2024,11:45,46.8
10/1/2024,12:00,46.8
10/1/2024,12:15,46.8
10/1/2024,12:30,46.8
10/1/2024,12:45,46.8
10/1/2024,13:00,46.8
10/1/2024,13:15,46.8
10/1/2024,13:30,45.6
10/1/2024,13:45,45.6
10/1/2024,14:00,46.8
10/1/2024,14:15,46.8
10/1/2024,14:30,48
10/1/2024,14:45,46.8
10/1/2024,15:00,46.8
10/1/2024,15:15,51.6
10/1/2024,15:30,46.8
10/1/2024,15:45,46.8
10/1/2024,16:00,46.8
10/1/2024,16:15,46.8
10/1/2024,16:30,50.4
10/1/2024,16:45,46.8
10/1/2024,17:00,51.6
10/1/2024,17:15,46.8
10/1/2024,17:30,46.8
10/1/2024,17:45,46.8
10/1/2024,18:00,48
10/1/2024,18:15,49.2
10/1/2024,18:30,48
10/1/2024,18:45,52.8
10/1/2024,19:00,48
10/1/2024,19:15,49.2
10/1/2024,19:30,52.8
10/1/2024,19:45,48
10/1/2024,20:00,50.4
10/1/2024,20:15,49.2
10/1/2024,20:30,49.2
10/1/2024,20:45,49.2
10/1/2024,21:00,49.2
10/1/2024,21:15,48
10/1/2024,21:30,48
10/1/2024,21:45,48
10/1/2024,22:00,48
10/1/2024,22:15,52.8
10/1/2024,22:30,48
10/1/2024,22:45,48
10/1/2024,23:00,48
10/1/2024,23:15,51.6
10/1/2024,23:30,46.8
10/1/2024,23:45,51.6
10/2/2024,0:00,48
10/2/2024,0:15,52.8
10/2/2024,0:30,48
10/2/2024,0:45,52.8
10/2/2024,1:00,46.8
10/2/2024,1:15,48
10/2/2024,1:30,48
10/2/2024,1:45,48
10/2/2024,2:00,48
10/2/2024,2:15,48
10/2/2024,2:30,48
10/2/2024,2:45,48
10/2/2024,3:00,48
10/2/2024,3:15,48
10/2/2024,3:30,48
10/2/2024,3:45,49.2
10/2/2024,4:00,48
10/2/2024,4:15,48
10/2/2024,4:30,48
10/2/2024,4:45,46.8
10/2/2024,5:00,48
10/2/2024,5:15,48
10/2/2024,5:30,48
10/2/2024,5:45,48
10/2/2024,6:00,48
10/2/2024,6:15,48
10/2/2024,6:30,51.6
10/2/2024,6:45,48
10/2/2024,7:00,52.8
10/2/2024,7:15,49.2
10/2/2024,7:30,52.8
10/2/2024,7:45,48
10/2/2024,8:00,48
10/2/2024,8:15,48
10/2/2024,8:30,46.8
10/2/2024,8:45,48
10/2/2024,9:00,46.8
10/2/2024,9:15,46.8
10/2/2024,9:30,46.8
10/2/2024,9:45,46.8
10/2/2024,10:00,46.8
10/2/2024,10:15,46.8
10/2/2024,10:30,46.8
10/2/2024,10:45,46.8
10/2/2024,11:00,51.6
10/2/2024,11:15,46.8
10/2/2024,11:30,48
10/2/2024,11:45,48
10/2/2024,12:00,46.8
10/2/2024,12:15,49.2
10/2/2024,12:30,48
10/2/2024,12:45,46.8
10/2/2024,13:00,48
10/2/2024,13:15,52.8
10/2/2024,13:30,48
10/2/2024,13:45,46.8
10/2/2024,14:00,51.6
10/2/2024,14:15,46.8
10/2/2024,14:30,46.8
10/2/2024,14:45,46.8
10/2/2024,15:00,48
10/2/2024,15:15,48
10/2/2024,15:30,48
10/2/2024,15:45,46.8
10/2/2024,16:00,46.8
10/2/2024,16:15,51.6
10/2/2024,16:30,48
10/2/2024,16:45,49.2
10/2/2024,17:00,50.4
10/2/2024,17:15,48
10/2/2024,17:30,48
10/2/2024,17:45,48
10/2/2024,18:00,48
10/2/2024,18:15,48
10/2/2024,18:30,46.8
10/2/2024,18:45,48
10/2/2024,19:00,48
10/2/2024,19:15,49.2
10/2/2024,19:30,49.2
10/2/2024,19:45,50.4
10/2/2024,20:00,48
10/2/2024,20:15,48
10/2/2024,20:30,48
10/2/2024,20:45,48
10/2/2024,21:00,48
10/2/2024,21:15,48
10/2/2024,21:30,48
10/2/2024,21:45,52.8
10/2/2024,22:00,48
10/2/2024,22:15,48
10/2/2024,22:30,51.6
10/2/2024,22:45,48
10/2/2024,23:00,48
10/2/2024,23:15,48
10/2/2024,23:30,48
10/2/2024,23:45,48
10/3/2024,0:00,48
10/3/2024,0:15,48
10/3/2024,0:30,48
10/3/2024,0:45,48
10/3/2024,1:00,48
10/3/2024,1:15,48
10/3/2024,1:30,52.8
10/3/2024,1:45,48
10/3/2024,2:00,48
10/3/2024,2:15,48
10/3/2024,2:30,48
10/3/2024,2:45,48
10/3/2024,3:00,48
10/3/2024,3:15,48
10/3/2024,3:30,48
10/3/2024,3:45,49.2
10/3/2024,4:00,48
10/3/2024,4:15,48
10/3/2024,4:30,48
10/3/2024,4:45,46.8
10/3/2024,5:00,48
10/3/2024,5:15,48
10/3/2024,5:30,48
10/3/2024,5:45,48
10/3/2024,6:00,48
10/3/2024,6:15,48
10/3/2024,6:30,48
10/3/2024,6:45,48
10/3/2024,7:00,48
10/3/2024,7:15,48
10/3/2024,7:30,56.4
10/3/2024,7:45,61.2
10/3/2024,8:00,62.4
10/3/2024,8:15,7.2
10/3/2024,8:30,7.2
10/3/2024,8:45,7.2
10/3/2024,9:00,7.2
10/3/2024,9:15,7.2
10/3/2024,9:30,7.2
10/3/2024,9:45,34.8
10/3/2024,10:00,32.4
10/3/2024,10:15,34.8
10/3/2024,10:30,37.2
10/3/2024,10:45,60
10/3/2024,11:00,58.8
10/3/2024,11:15,50.4
10/3/2024,11:30,48
10/3/2024,11:45,45.6
10/3/2024,12:00,63.6
10/3/2024,12:15,51.6
10/3/2024,12:30,46.8
10/3/2024,12:45,58.8
10/3/2024,13:00,51.6
10/3/2024,13:15,49.2
10/3/2024,13:30,51.6
10/3/2024,13:45,62.4
10/3/2024,14:00,46.8
10/3/2024,14:15,52.8
10/3/2024,14:30,51.6
10/3/2024,14:45,60
10/3/2024,15:00,57.6
10/3/2024,15:15,50.4
10/3/2024,15:30,57.6
10/3/2024,15:45,56.4
10/3/2024,16:00,52.8
10/3/2024,16:15,54
10/3/2024,16:30,50.4
10/3/2024,16:45,39.6
10/3/2024,17:00,32.4
10/3/2024,17:15,37.2
10/3/2024,17:30,33.6
10/3/2024,17:45,27.6
10/3/2024,18:00,20.4
10/3/2024,18:15,20.4
10/3/2024,18:30,19.2
10/3/2024,18:45,21.6
10/3/2024,19:00,20.4
10/3/2024,19:15,19.2
10/3/2024,19:30,20.4
10/3/2024,19:45,20.4
10/3/2024,20:00,20.4
10/3/2024,20:15,20.4
10/3/2024,20:30,20.4
10/3/2024,20:45,19.2
10/3/2024,21:00,20.4
10/3/2024,21:15,22.8
10/3/2024,21:30,20.4
10/3/2024,21:45,20.4
10/3/2024,22:00,20.4
10/3/2024,22:15,20.4
10/3/2024,22:30,20.4
10/3/2024,22:45,19.2
10/3/2024,23:00,19.2
10/3/2024,23:15,19.2
10/3/2024,23:30,19.2
10/3/2024,23:45,22.8
10/4/2024,0:00,19.2
10/4/2024,0:15,19.2
10/4/2024,0:30,19.2
10/4/2024,0:45,19.2
10/4/2024,1:00,19.2
10/4/2024,1:15,19.2
10/4/2024,1:30,19.2
10/4/2024,1:45,19.2
10/4/2024,2:00,19.2
10/4/2024,2:15,19.2
10/4/2024,2:30,19.2
10/4/2024,2:45,19.2
10/4/2024,3:00,19.2
10/4/2024,3:15,22.8
10/4/2024,3:30,19.2
10/4/2024,3:45,19.2
10/4/2024,4:00,19.2
10/4/2024,4:15,19.2
10/4/2024,4:30,19.2
10/4/2024,4:45,19.2
10/4/2024,5:00,21.6
10/4/2024,5:15,27.6
10/4/2024,5:30,36
10/4/2024,5:45,32.4
10/4/2024,6:00,27.6
10/4/2024,6:15,24
10/4/2024,6:30,21.6
10/4/2024,6:45,19.2
10/4/2024,7:00,19.2
10/4/2024,7:15,282
10/4/2024,7:30,372
10/4/2024,7:45,1076.4
10/4/2024,8:00,1084.8
10/4/2024,8:15,1220.4
10/4/2024,8:30,1484.4
10/4/2024,8:45,1245.6
10/4/2024,9:00,1578
10/4/2024,9:15,1360.8
10/4/2024,9:30,1278
10/4/2024,9:45,1131.6
10/4/2024,10:00,1306.8
10/4/2024,10:15,1597.2
10/4/2024,10:30,1202.4
10/4/2024,10:45,1279.2
10/4/2024,11:00,1375.2
10/4/2024,11:15,858
10/4/2024,11:30,442.8
10/4/2024,11:45,483.6
10/4/2024,12:00,1076.4
10/4/2024,12:15,1029.6
10/4/2024,12:30,1497.6
10/4/2024,12:45,1839.6
10/4/2024,13:00,1670.4
10/4/2024,13:15,1701.6
10/4/2024,13:30,1870.8
10/4/2024,13:45,1558.8
10/4/2024,14:00,1528.8
10/4/2024,14:15,1724.4
10/4/2024,14:30,1706.4
10/4/2024,14:45,1665.6
10/4/2024,15:00,1335.6
10/4/2024,15:15,1591.2
10/4/2024,15:30,1429.2
10/4/2024,15:45,1347.6
10/4/2024,16:00,1856.4
10/4/2024,16:15,1524
10/4/2024,16:30,1329.6
10/4/2024,16:45,1311.6
10/4/2024,17:00,1300.8
10/4/2024,17:15,1270.8
10/4/2024,17:30,1152
10/4/2024,17:45,1322.4
10/4/2024,18:00,1202.4
10/4/2024,18:15,865.2
10/4/2024,18:30,277.2
10/4/2024,18:45,180
10/4/2024,19:00,111.6
10/4/2024,19:15,105.6
10/4/2024,19:30,115.2
10/4/2024,19:45,177.6
10/4/2024,20:00,246
10/4/2024,20:15,93.6
10/4/2024,20:30,174
10/4/2024,20:45,256.8
10/4/2024,21:00,122.4
10/4/2024,21:15,249.6
10/4/2024,21:30,96
10/4/2024,21:45,171.6
10/4/2024,22:00,238.8
10/4/2024,22:15,174
10/4/2024,22:30,262.8
10/4/2024,22:45,124.8
10/4/2024,23:00,217.2
10/4/2024,23:15,86.4
10/4/2024,23:30,156
10/4/2024,23:45,250.8
10/5/2024,0:00,109.2
10/5/2024,0:15,159.6
10/5/2024,0:30,109.2
10/5/2024,0:45,171.6
10/5/2024,1:00,85.2
10/5/2024,1:15,178.8
10/5/2024,1:30,117.6
10/5/2024,1:45,108
10/5/2024,2:00,130.8
10/5/2024,2:15,164.4
10/5/2024,2:30,156
10/5/2024,2:45,156
10/5/2024,3:00,159.6
10/5/2024,3:15,142.8
10/5/2024,3:30,76.8
10/5/2024,3:45,103.2
10/5/2024,4:00,228
10/5/2024,4:15,145.2
10/5/2024,4:30,147.6
10/5/2024,4:45,153.6
10/5/2024,5:00,126
10/5/2024,5:15,175.2
10/5/2024,5:30,164.4
10/5/2024,5:45,174
10/5/2024,6:00,160.8
10/5/2024,6:15,237.6
10/5/2024,6:30,108
10/5/2024,6:45,99.6
10/5/2024,7:00,127.2
10/5/2024,7:15,321.6
10/5/2024,7:30,823.2
10/5/2024,7:45,980.4
10/5/2024,8:00,942
10/5/2024,8:15,1365.6
10/5/2024,8:30,1131.6
10/5/2024,8:45,1044
10/5/2024,9:00,850.8
10/5/2024,9:15,973.2
10/5/2024,9:30,1177.2
10/5/2024,9:45,1338
10/5/2024,10:00,961.2
10/5/2024,10:15,1144.8
10/5/2024,10:30,1257.6
10/5/2024,10:45,1689.6
10/5/2024,11:00,1230
10/5/2024,11:15,804
10/5/2024,11:30,333.6
10/5/2024,11:45,517.2
10/5/2024,12:00,982.8
10/5/2024,12:15,1316.4
10/5/2024,12:30,1308
10/5/2024,12:45,1214.4
10/5/2024,13:00,933.6
10/5/2024,13:15,1184.4
10/5/2024,13:30,1159.2
10/5/2024,13:45,1317.6
10/5/2024,14:00,1299.6
10/5/2024,14:15,1431.6
10/5/2024,14:30,1309.2
10/5/2024,14:45,1455.6
10/5/2024,15:00,1428
10/5/2024,15:15,932.4
10/5/2024,15:30,938.4
10/5/2024,15:45,1510.8
10/5/2024,16:00,1366.8
10/5/2024,16:15,1714.8
10/5/2024,16:30,1483.2
10/5/2024,16:45,1513.2
10/5/2024,17:00,1510.8
10/5/2024,17:15,1524
10/5/2024,17:30,1599.6
10/5/2024,17:45,1591.2
10/5/2024,18:00,1398
10/5/2024,18:15,1027.2
10/5/2024,18:30,909.6
10/5/2024,18:45,214.8
10/5/2024,19:00,98.4
10/5/2024,19:15,128.4
10/5/2024,19:30,112.8
10/5/2024,19:45,78
10/5/2024,20:00,98.4
10/5/2024,20:15,96
10/5/2024,20:30,114
10/5/2024,20:45,98.4
10/5/2024,21:00,87.6
10/5/2024,21:15,91.2
10/5/2024,21:30,85.2
10/5/2024,21:45,86.4
10/5/2024,22:00,106.8
10/5/2024,22:15,90
10/5/2024,22:30,91.2
10/5/2024,22:45,99.6
10/5/2024,23:00,75.6
10/5/2024,23:15,78
10/5/2024,23:30,87.6
10/5/2024,23:45,86.4
10/6/2024,0:00,79.2
10/6/2024,0:15,85.2
10/6/2024,0:30,108
10/6/2024,0:45,225.6
10/6/2024,1:00,196.8
10/6/2024,1:15,193.2
10/6/2024,1:30,222
10/6/2024,1:45,201.6
10/6/2024,2:00,249.6
10/6/2024,2:15,255.6
10/6/2024,2:30,250.8
10/6/2024,2:45,237.6
10/6/2024,3:00,132
10/6/2024,3:15,127.2
10/6/2024,3:30,110.4
10/6/2024,3:45,91.2
10/6/2024,4:00,84
10/6/2024,4:15,90
10/6/2024,4:30,79.2
10/6/2024,4:45,79.2
10/6/2024,5:00,74.4
10/6/2024,5:15,78
10/6/2024,5:30,82.8
10/6/2024,5:45,75.6
10/6/2024,6:00,120
10/6/2024,6:15,100.8
10/6/2024,6:30,204
10/6/2024,6:45,116.4
10/6/2024,7:00,96
10/6/2024,7:15,438
10/6/2024,7:30,400.8
10/6/2024,7:45,949.2
10/6/2024,8:00,1684.8
10/6/2024,8:15,1587.6
10/6/2024,8:30,1735.2
10/6/2024,8:45,1399.2
10/6/2024,9:00,1407.6
10/6/2024,9:15,1735.2
10/6/2024,9:30,1641.6
10/6/2024,9:45,1272
10/6/2024,10:00,1417.2
10/6/2024,10:15,1719.6
10/6/2024,10:30,1651.2
10/6/2024,10:45,1261.2
10/6/2024,11:00,1236
10/6/2024,11:15,954
10/6/2024,11:30,454.8
10/6/2024,11:45,489.6
10/6/2024,12:00,1176
10/6/2024,12:15,1251.6
10/6/2024,12:30,1314
10/6/2024,12:45,1404
10/6/2024,13:00,1795.2
10/6/2024,13:15,1459.2
10/6/2024,13:30,1267.2
10/6/2024,13:45,1321.2
10/6/2024,14:00,1618.8
10/6/2024,14:15,1808.4
10/6/2024,14:30,1556.4
10/6/2024,14:45,1448.4
10/6/2024,15:00,1618.8
10/6/2024,15:15,1326
10/6/2024,15:30,1020
10/6/2024,15:45,1736.4
10/6/2024,16:00,1423.2
10/6/2024,16:15,1326
10/6/2024,16:30,1486.8
10/6/2024,16:45,1204.8
10/6/2024,17:00,1116
10/6/2024,17:15,1399.2
10/6/2024,17:30,1215.6
10/6/2024,17:45,1182
10/6/2024,18:00,1062
10/6/2024,18:15,1226.4
10/6/2024,18:30,367.2
10/6/2024,18:45,312
10/6/2024,19:00,230.4
10/6/2024,19:15,200.4
10/6/2024,19:30,310.8
10/6/2024,19:45,331.2
10/6/2024,20:00,342
10/6/2024,20:15,484.8
10/6/2024,20:30,834
10/6/2024,20:45,915.6
10/6/2024,21:00,1080
10/6/2024,21:15,1327.2
10/6/2024,21:30,1525.2
10/6/2024,21:45,1807.2
10/6/2024,22:00,2049.6
10/6/2024,22:15,2175.6
10/6/2024,22:30,2684.4
10/6/2024,22:45,2888.4
10/6/2024,23:00,3283.2
10/6/2024,23:15,2875.2
10/6/2024,23:30,3277.2
10/6/2024,23:45,3255.6
10/7/2024,0:00,3298.8
10/7/2024,0:15,2515.2
10/7/2024,0:30,3172.8
10/7/2024,0:45,2467.2
10/7/2024,1:00,3231.6
10/7/2024,1:15,3210
10/7/2024,1:30,3405.6
10/7/2024,1:45,3372
10/7/2024,2:00,3270
10/7/2024,2:15,2475.6
10/7/2024,2:30,3452.4
10/7/2024,2:45,3523.2
10/7/2024,3:00,3417.6
10/7/2024,3:15,3288
10/7/2024,3:30,3366
10/7/2024,3:45,3312
10/7/2024,4:00,3360
10/7/2024,4:15,3319.2
10/7/2024,4:30,3193.2
10/7/2024,4:45,3296.4
10/7/2024,5:00,3367.2
10/7/2024,5:15,2466
10/7/2024,5:30,3404.4
10/7/2024,5:45,2886
10/7/2024,6:00,3352.8
10/7/2024,6:15,3406.8
10/7/2024,6:30,3223.2
10/7/2024,6:45,3285.6
10/7/2024,7:00,3313.2
10/7/2024,7:15,3495.6
10/7/2024,7:30,2970
10/7/2024,7:45,4448.4
10/7/2024,8:00,4587.6
10/7/2024,8:15,4502.4
10/7/2024,8:30,4309.2
10/7/2024,8:45,4573.2
10/7/2024,9:00,4138.8
10/7/2024,9:15,3747.6
10/7/2024,9:30,3362.4
10/7/2024,9:45,3464.4
10/7/2024,10:00,3619.2
10/7/2024,10:15,4594.8
10/7/2024,10:30,4400.4
10/7/2024,10:45,4498.8
10/7/2024,11:00,3540
10/7/2024,11:15,4089.6
10/7/2024,11:30,3057.6
10/7/2024,11:45,2562
10/7/2024,12:00,3883.2
10/7/2024,12:15,3526.8
10/7/2024,12:30,4190.4
10/7/2024,12:45,4065.6
10/7/2024,13:00,3612
10/7/2024,13:15,3577.2
10/7/2024,13:30,3770.4
10/7/2024,13:45,3472.8
10/7/2024,14:00,3396
10/7/2024,14:15,3698.4
10/7/2024,14:30,3507.6
10/7/2024,14:45,1977.6
10/7/2024,15:00,1944
10/7/2024,15:15,1844.4
10/7/2024,15:30,2040
10/7/2024,15:45,2668.8
10/7/2024,16:00,2937.6
10/7/2024,16:15,2952
10/7/2024,16:30,2994
10/7/2024,16:45,3054
10/7/2024,17:00,3120
10/7/2024,17:15,3828
10/7/2024,17:30,3726
10/7/2024,17:45,3615.6
10/7/2024,18:00,3480
10/7/2024,18:15,3872.4
10/7/2024,18:30,2895.6
10/7/2024,18:45,3464.4
10/7/2024,19:00,2374.8
10/7/2024,19:15,2336.4
10/7/2024,19:30,2698.8
10/7/2024,19:45,2474.4
10/7/2024,20:00,2318.4
10/7/2024,20:15,2456.4
10/7/2024,20:30,1574.4
10/7/2024,20:45,925.2
10/7/2024,21:00,682.8
10/7/2024,21:15,656.4
10/7/2024,21:30,655.2
10/7/2024,21:45,643.2
10/7/2024,22:00,684
10/7/2024,22:15,703.2
10/7/2024,22:30,651.6
10/7/2024,22:45,610.8
10/7/2024,23:00,639.6
10/7/2024,23:15,601.2
10/7/2024,23:30,589.2
10/7/2024,23:45,612
10/8/2024,0:00,691.2
10/8/2024,0:15,627.6
10/8/2024,0:30,625.2
10/8/2024,0:45,648
10/8/2024,1:00,638.4
10/8/2024,1:15,1035.6
10/8/2024,1:30,543.6
10/8/2024,1:45,618
10/8/2024,2:00,1356
10/8/2024,2:15,1486.8
10/8/2024,2:30,1731.6
10/8/2024,2:45,1947.6
10/8/2024,3:00,2054.4
10/8/2024,3:15,2118
10/8/2024,3:30,2749.2
10/8/2024,3:45,2470.8
10/8/2024,4:00,2875.2
10/8/2024,4:15,3181.2
10/8/2024,4:30,2474.4
10/8/2024,4:45,3276
10/8/2024,5:00,3357.6
10/8/2024,5:15,3261.6
10/8/2024,5:30,2392.8
10/8/2024,5:45,3217.2
10/8/2024,6:00,3276
10/8/2024,6:15,3330
10/8/2024,6:30,2500.8
10/8/2024,6:45,2888.4
10/8/2024,7:00,2628
10/8/2024,7:15,3574.8
10/8/2024,7:30,3490.8
10/8/2024,7:45,3957.6
10/8/2024,8:00,3860.4
10/8/2024,8:15,4234.8
10/8/2024,8:30,4329.6
10/8/2024,8:45,4208.4
10/8/2024,9:00,3100.8
10/8/2024,9:15,4326
10/8/2024,9:30,4356
10/8/2024,9:45,4238.4
10/8/2024,10:00,4263.6
10/8/2024,10:15,3051.6
10/8/2024,10:30,3801.6
10/8/2024,10:45,3920.4
10/8/2024,11:00,3438
10/8/2024,11:15,2958
10/8/2024,11:30,1947.6
10/8/2024,11:45,2922
10/8/2024,12:00,2977.2
10/8/2024,12:15,3070.8
10/8/2024,12:30,2931.6
10/8/2024,12:45,3024
10/8/2024,13:00,2762.4
10/8/2024,13:15,2292
10/8/2024,13:30,3232.8
10/8/2024,13:45,3272.4
10/8/2024,14:00,3657.6
10/8/2024,14:15,4162.8
10/8/2024,14:30,4251.6
10/8/2024,14:45,4514.4
10/8/2024,15:00,3798
10/8/2024,15:15,3874.8
10/8/2024,15:30,4490.4
10/8/2024,15:45,4557.6
10/8/2024,16:00,4573.2
10/8/2024,16:15,4548
10/8/2024,16:30,3856.8
10/8/2024,16:45,4347.6
10/8/2024,17:00,4408.8
10/8/2024,17:15,4267.2
10/8/2024,17:30,4166.4
10/8/2024,17:45,4310.4
10/8/2024,18:00,3542.4
10/8/2024,18:15,4292.4
10/8/2024,18:30,4012.8
10/8/2024,18:45,3499.2
10/8/2024,19:00,3351.6
10/8/2024,19:15,3385.2
10/8/2024,19:30,3877.2
10/8/2024,19:45,4005.6
10/8/2024,20:00,3356.4
10/8/2024,20:15,3853.2
10/8/2024,20:30,2584.8
10/8/2024,20:45,3450
10/8/2024,21:00,3416.4
10/8/2024,21:15,3464.4
10/8/2024,21:30,3466.8
10/8/2024,21:45,4008
10/8/2024,22:00,3404.4
10/8/2024,22:15,3340.8
10/8/2024,22:30,3453.6
10/8/2024,22:45,3039.6
10/8/2024,23:00,2541.6
10/8/2024,23:15,2512.8
10/8/2024,23:30,2556
10/8/2024,23:45,2512.8
10/9/2024,0:00,3474
10/9/2024,0:15,3412.8
10/9/2024,0:30,2536.8
10/9/2024,0:45,3435.6
10/9/2024,1:00,3396
10/9/2024,1:15,3369.6
10/9/2024,1:30,3942
10/9/2024,1:45,3436.8
10/9/2024,2:00,3426
10/9/2024,2:15,3446.4
10/9/2024,2:30,3475.2
10/9/2024,2:45,3456
10/9/2024,3:00,3870
10/9/2024,3:15,2582.4
10/9/2024,3:30,3710.4
10/9/2024,3:45,3091.2
10/9/2024,4:00,3285.6
10/9/2024,4:15,2815.2
10/9/2024,4:30,2610
10/9/2024,4:45,2359.2
10/9/2024,5:00,2055.6
10/9/2024,5:15,2949.6
10/9/2024,5:30,2068.8
10/9/2024,5:45,2245.2
10/9/2024,6:00,2358
10/9/2024,6:15,1982.4
10/9/2024,6:30,2072.4
10/9/2024,6:45,2145.6
10/9/2024,7:00,2742
10/9/2024,7:15,2444.4
10/9/2024,7:30,3596.4
10/9/2024,7:45,4114.8
10/9/2024,8:00,4195.2
10/9/2024,8:15,3205.2
10/9/2024,8:30,3736.8
10/9/2024,8:45,4569.6
10/9/2024,9:00,4437.6
10/9/2024,9:15,4221.6
10/9/2024,9:30,4336.8
10/9/2024,9:45,4575.6
10/9/2024,10:00,4474.8
10/9/2024,10:15,4099.2
10/9/2024,10:30,4496.4
10/9/2024,10:45,4413.6
10/9/2024,11:00,4213.2
10/9/2024,11:15,1336.8
10/9/2024,11:30,1124.4
10/9/2024,11:45,1112.4
10/9/2024,12:00,1545.6
10/9/2024,12:15,2128.8
10/9/2024,12:30,2150.4
10/9/2024,12:45,2031.6
10/9/2024,13:00,1902
10/9/2024,13:15,2222.4
10/9/2024,13:30,2616
10/9/2024,13:45,2323.2
10/9/2024,14:00,2384.4
10/9/2024,14:15,2044.8
10/9/2024,14:30,2576.4
10/9/2024,14:45,2527.2
10/9/2024,15:00,3621.6
10/9/2024,15:15,2660.4
10/9/2024,15:30,3392.4
10/9/2024,15:45,2868
10/9/2024,16:00,3742.8
10/9/2024,16:15,2828.4
10/9/2024,16:30,3765.6
10/9/2024,16:45,3543.6
10/9/2024,17:00,3744
10/9/2024,17:15,3541.2
10/9/2024,17:30,3397.2
10/9/2024,17:45,3972
10/9/2024,18:00,3554.4
10/9/2024,18:15,4404
10/9/2024,18:30,3085.2
10/9/2024,18:45,3456
10/9/2024,19:00,3442.8
10/9/2024,19:15,3369.6
10/9/2024,19:30,3430.8
10/9/2024,19:45,3378
10/9/2024,20:00,3397.2
10/9/2024,20:15,2942.4
10/9/2024,20:30,2989.2
10/9/2024,20:45,2557.2
10/9/2024,21:00,3177.6
10/9/2024,21:15,3466.8
10/9/2024,21:30,3446.4
10/9/2024,21:45,3114
10/9/2024,22:00,2592
10/9/2024,22:15,2600.4
10/9/2024,22:30,3469.2
10/9/2024,22:45,3003.6
10/9/2024,23:00,3448.8
10/9/2024,23:15,3454.8
10/9/2024,23:30,3410.4
10/9/2024,23:45,3570
10/10/2024,0:00,3405.6
10/10/2024,0:15,3451.2
10/10/2024,0:30,3448.8
10/10/2024,0:45,3536.4
10/10/2024,1:00,3440.4
10/10/2024,1:15,3494.4
10/10/2024,1:30,3376.8
10/10/2024,1:45,3496.8
10/10/2024,2:00,3488.4
10/10/2024,2:15,3487.2
10/10/2024,2:30,3512.4
10/10/2024,2:45,3404.4
10/10/2024,3:00,3516
10/10/2024,3:15,3486
10/10/2024,3:30,3496.8
10/10/2024,3:45,3426
10/10/2024,4:00,3391.2
10/10/2024,4:15,3517.2
10/10/2024,4:30,3506.4
10/10/2024,4:45,3496.8
10/10/2024,5:00,3510
10/10/2024,5:15,3453.6
10/10/2024,5:30,2598
10/10/2024,5:45,3408
10/10/2024,6:00,2503.2
10/10/2024,6:15,2533.2
10/10/2024,6:30,3405.6
10/10/2024,6:45,3477.6
10/10/2024,7:00,3405.6
10/10/2024,7:15,3673.2
10/10/2024,7:30,3084
10/10/2024,7:45,3265.2
10/10/2024,8:00,4380
10/10/2024,8:15,4402.8
10/10/2024,8:30,4482
10/10/2024,8:45,4153.2
10/10/2024,9:00,4507.2
10/10/2024,9:15,4330.8
10/10/2024,9:30,4035.6
10/10/2024,9:45,4963.2
10/10/2024,10:00,3832.8
10/10/2024,10:15,4454.4
10/10/2024,10:30,3573.6
10/10/2024,10:45,3422.4
10/10/2024,11:00,3529.2
10/10/2024,11:15,3127.2
10/10/2024,11:30,3676.8
10/10/2024,11:45,3720
10/10/2024,12:00,3897.6
10/10/2024,12:15,3289.2
10/10/2024,12:30,4224
10/10/2024,12:45,3729.6
10/10/2024,13:00,4926
10/10/2024,13:15,5059.2
10/10/2024,13:30,4035.6
10/10/2024,13:45,4854
10/10/2024,14:00,3757.2
10/10/2024,14:15,3957.6
10/10/2024,14:30,4768.8
10/10/2024,14:45,3916.8
10/10/2024,15:00,3588
10/10/2024,15:15,3810
10/10/2024,15:30,3867.6
10/10/2024,15:45,4520.4
10/10/2024,16:00,4880.4
10/10/2024,16:15,4621.2
10/10/2024,16:30,3734.4
10/10/2024,16:45,4464
10/10/2024,17:00,3776.4
10/10/2024,17:15,4628.4
10/10/2024,17:30,3676.8
10/10/2024,17:45,4759.2
10/10/2024,18:00,4285.2
10/10/2024,18:15,4243.2
10/10/2024,18:30,4034.4
10/10/2024,18:45,3987.6
10/10/2024,19:00,3555.6
10/10/2024,19:15,2479.2
10/10/2024,19:30,2332.8
10/10/2024,19:45,2312.4
10/10/2024,20:00,2307.6
10/10/2024,20:15,2552.4
10/10/2024,20:30,2544
10/10/2024,20:45,3511.2
10/10/2024,21:00,2586
10/10/2024,21:15,3505.2
10/10/2024,21:30,3516
10/10/2024,21:45,2954.4
10/10/2024,22:00,3423.6
10/10/2024,22:15,3448.8
10/10/2024,22:30,3435.6
10/10/2024,22:45,2542.8
10/10/2024,23:00,3421.2
10/10/2024,23:15,2523.6
10/10/2024,23:30,3486
10/10/2024,23:45,3464.4
10/11/2024,0:00,3537.6
10/11/2024,0:15,3447.6
10/11/2024,0:30,3499.2
10/11/2024,0:45,3483.6
10/11/2024,1:00,3486
10/11/2024,1:15,3495.6
10/11/2024,1:30,3460.8
10/11/2024,1:45,3034.8
10/11/2024,2:00,2974.8
10/11/2024,2:15,2498.4
10/11/2024,2:30,3517.2
10/11/2024,2:45,3573.6
10/11/2024,3:00,2566.8
10/11/2024,3:15,3441.6
10/11/2024,3:30,3457.2
10/11/2024,3:45,3468
10/11/2024,4:00,3434.4
10/11/2024,4:15,3549.6
10/11/2024,4:30,3496.8
10/11/2024,4:45,3498
10/11/2024,5:00,3432
10/11/2024,5:15,3513.6
10/11/2024,5:30,3438
10/11/2024,5:45,3481.2
10/11/2024,6:00,3559.2
10/11/2024,6:15,3380.4
10/11/2024,6:30,3391.2
10/11/2024,6:45,3434.4
10/11/2024,7:00,3480
10/11/2024,7:15,3756
10/11/2024,7:30,3894
10/11/2024,7:45,3897.6
10/11/2024,8:00,4354.8
10/11/2024,8:15,3662.4
10/11/2024,8:30,3355.2
10/11/2024,8:45,4372.8
10/11/2024,9:00,4342.8
10/11/2024,9:15,4546.8
10/11/2024,9:30,4462.8
10/11/2024,9:45,4626
10/11/2024,10:00,4546.8
10/11/2024,10:15,4616.4
10/11/2024,10:30,4411.2
10/11/2024,10:45,3642
10/11/2024,11:00,3628.8
10/11/2024,11:15,3451.2
10/11/2024,11:30,3063.6
10/11/2024,11:45,4190.4
10/11/2024,12:00,4365.6
10/11/2024,12:15,4419.6
10/11/2024,12:30,3723.6
10/11/2024,12:45,4768.8
10/11/2024,13:00,4584
10/11/2024,13:15,4795.2
10/11/2024,13:30,4608
10/11/2024,13:45,4665.6
10/11/2024,14:00,5025.6
10/11/2024,14:15,4903.2
10/11/2024,14:30,4425.6
10/11/2024,14:45,4963.2
10/11/2024,15:00,4834.8
10/11/2024,15:15,4964.4
10/11/2024,15:30,3669.6
10/11/2024,15:45,5018.4
10/11/2024,16:00,3846
10/11/2024,16:15,4384.8
10/11/2024,16:30,5025.6
10/11/2024,16:45,4786.8
10/11/2024,17:00,4816.8
10/11/2024,17:15,4917.6
10/11/2024,17:30,4057.2
10/11/2024,17:45,5148
10/11/2024,18:00,4586.4
10/11/2024,18:15,4358.4
10/11/2024,18:30,4252.8
10/11/2024,18:45,3908.4
10/11/2024,19:00,3542.4
10/11/2024,19:15,3410.4
10/11/2024,19:30,3471.6
10/11/2024,19:45,3453.6
10/11/2024,20:00,3428.4
10/11/2024,20:15,3427.2
10/11/2024,20:30,3501.6
10/11/2024,20:45,3447.6
10/11/2024,21:00,3428.4
10/11/2024,21:15,3463.2
10/11/2024,21:30,3480
10/11/2024,21:45,3435.6
10/11/2024,22:00,2581.2
10/11/2024,22:15,2632.8
10/11/2024,22:30,2521.2
10/11/2024,22:45,3373.2
10/11/2024,23:00,3351.6
10/11/2024,23:15,3352.8
10/11/2024,23:30,2532
10/11/2024,23:45,3411.6
10/12/2024,0:00,2595.6
10/12/2024,0:15,3483.6
10/12/2024,0:30,2510.4
10/12/2024,0:45,3459.6
10/12/2024,1:00,3411.6
10/12/2024,1:15,3385.2
10/12/2024,1:30,3453.6
10/12/2024,1:45,3405.6
10/12/2024,2:00,2577.6
10/12/2024,2:15,3399.6
10/12/2024,2:30,2520
10/12/2024,2:45,3321.6
10/12/2024,3:00,3010.8
10/12/2024,3:15,3388.8
10/12/2024,3:30,3402
10/12/2024,3:45,3433.2
10/12/2024,4:00,3057.6
10/12/2024,4:15,3382.8
10/12/2024,4:30,3483.6
10/12/2024,4:45,3393.6
10/12/2024,5:00,3478.8
10/12/2024,5:15,3465.6
10/12/2024,5:30,3376.8
10/12/2024,5:45,3469.2
10/12/2024,6:00,3506.4
10/12/2024,6:15,3412.8
10/12/2024,6:30,3510
10/12/2024,6:45,3424.8
10/12/2024,7:00,3564
10/12/2024,7:15,3685.2
10/12/2024,7:30,3950.4
10/12/2024,7:45,4928.4
10/12/2024,8:00,3860.4
10/12/2024,8:15,3644.4
10/12/2024,8:30,3240
10/12/2024,8:45,3693.6
10/12/2024,9:00,3544.8
10/12/2024,9:15,4831.2
10/12/2024,9:30,4698
10/12/2024,9:45,5094
10/12/2024,10:00,3994.8
10/12/2024,10:15,5043.6
10/12/2024,10:30,5184
10/12/2024,10:45,5048.4
10/12/2024,11:00,5076
10/12/2024,11:15,4432.8
10/12/2024,11:30,3234
10/12/2024,11:45,3986.4
10/12/2024,12:00,3387.6
10/12/2024,12:15,4659.6
10/12/2024,12:30,4053.6
10/12/2024,12:45,5058
10/12/2024,13:00,4693.2
10/12/2024,13:15,4912.8
10/12/2024,13:30,5036.4
10/12/2024,13:45,4248
10/12/2024,14:00,4692
10/12/2024,14:15,3824.4
10/12/2024,14:30,4840.8
10/12/2024,14:45,4760.4
10/12/2024,15:00,4744.8
10/12/2024,15:15,4576.8
10/12/2024,15:30,4604.4
10/12/2024,15:45,4279.2
10/12/2024,16:00,5006.4
10/12/2024,16:15,4684.8
10/12/2024,16:30,3799.2
10/12/2024,16:45,3976.8
10/12/2024,17:00,4568.4
10/12/2024,17:15,4098
10/12/2024,17:30,3909.6
10/12/2024,17:45,3970.8
10/12/2024,18:00,4239.6
10/12/2024,18:15,3657.6
10/12/2024,18:30,2563.2
10/12/2024,18:45,729.6
10/12/2024,19:00,654
10/12/2024,19:15,687.6
10/12/2024,19:30,639.6
10/12/2024,19:45,651.6
10/12/2024,20:00,634.8
10/12/2024,20:15,646.8
10/12/2024,20:30,666
10/12/2024,20:45,584.4
10/12/2024,21:00,577.2
10/12/2024,21:15,553.2
10/12/2024,21:30,543.6
10/12/2024,21:45,552
10/12/2024,22:00,544.8
10/12/2024,22:15,555.6
10/12/2024,22:30,562.8
10/12/2024,22:45,561.6
10/12/2024,23:00,559.2
10/12/2024,23:15,552
10/12/2024,23:30,1348.8
10/12/2024,23:45,1759.2
10/13/2024,0:00,2172
10/13/2024,0:15,2277.6
10/13/2024,0:30,2805.6
10/13/2024,0:45,3384
10/13/2024,1:00,3358.8
10/13/2024,1:15,3456
10/13/2024,1:30,3460.8
10/13/2024,1:45,3375.6
10/13/2024,2:00,3106.8
10/13/2024,2:15,3444
10/13/2024,2:30,3375.6
10/13/2024,2:45,3457.2
10/13/2024,3:00,3154.8
10/13/2024,3:15,2958
10/13/2024,3:30,3001.2
10/13/2024,3:45,3478.8
10/13/2024,4:00,3024
10/13/2024,4:15,3476.4
10/13/2024,4:30,3421.2
10/13/2024,4:45,3428.4
10/13/2024,5:00,2541.6
10/13/2024,5:15,3480
10/13/2024,5:30,3478.8
10/13/2024,5:45,2943.6
10/13/2024,6:00,3438
10/13/2024,6:15,3445.2
10/13/2024,6:30,2505.6
10/13/2024,6:45,3508.8
10/13/2024,7:00,2571.6
10/13/2024,7:15,3667.2
10/13/2024,7:30,4226.4
10/13/2024,7:45,4155.6
10/13/2024,8:00,3844.8
10/13/2024,8:15,3751.2
10/13/2024,8:30,4346.4
10/13/2024,8:45,3458.4
10/13/2024,9:00,3757.2
10/13/2024,9:15,3278.4
10/13/2024,9:30,4351.2
10/13/2024,9:45,3825.6
10/13/2024,10:00,2722.8
10/13/2024,10:15,2248.8
10/13/2024,10:30,2084.4
10/13/2024,10:45,2018.4
10/13/2024,11:00,2010
10/13/2024,11:15,1672.8
10/13/2024,11:30,1209.6
10/13/2024,11:45,1372.8
10/13/2024,12:00,1992
10/13/2024,12:15,2173.2
10/13/2024,12:30,2266.8
10/13/2024,12:45,2919.6
10/13/2024,13:00,3262.8
10/13/2024,13:15,3207.6
10/13/2024,13:30,3608.4
10/13/2024,13:45,4104
10/13/2024,14:00,3867.6
10/13/2024,14:15,4384.8
10/13/2024,14:30,4185.6
10/13/2024,14:45,3936
10/13/2024,15:00,4028.4
10/13/2024,15:15,3850.8
10/13/2024,15:30,4620
10/13/2024,15:45,4509.6
10/13/2024,16:00,4866
10/13/2024,16:15,4586.4
10/13/2024,16:30,4894.8
10/13/2024,16:45,4698
10/13/2024,17:00,4650
10/13/2024,17:15,4845.6
10/13/2024,17:30,4687.2
10/13/2024,17:45,4602
10/13/2024,18:00,3798
10/13/2024,18:15,3537.6
10/13/2024,18:30,3772.8
10/13/2024,18:45,2601.6
10/13/2024,19:00,2488.8
10/13/2024,19:15,2614.8
10/13/2024,19:30,3420
10/13/2024,19:45,3366
10/13/2024,20:00,2613.6
10/13/2024,20:15,3571.2
10/13/2024,20:30,2671.2
10/13/2024,20:45,2599.2
10/13/2024,21:00,3517.2
10/13/2024,21:15,2595.6
10/13/2024,21:30,2552.4
10/13/2024,21:45,3415.2
10/13/2024,22:00,3432
10/13/2024,22:15,3387.6
10/13/2024,22:30,3390
10/13/2024,22:45,3400.8
10/13/2024,23:00,2384.4
10/13/2024,23:15,3328.8
10/13/2024,23:30,3379.2
10/13/2024,23:45,2516.4
10/14/2024,0:00,3392.4
10/14/2024,0:15,3440.4
10/14/2024,0:30,3306
10/14/2024,0:45,3002.4
10/14/2024,1:00,3490.8
10/14/2024,1:15,3446.4
10/14/2024,1:30,3430.8
10/14/2024,1:45,3477.6
10/14/2024,2:00,3505.2
10/14/2024,2:15,3462
10/14/2024,2:30,3559.2
10/14/2024,2:45,1309.2
10/14/2024,3:00,1170
10/14/2024,3:15,1634.4
10/14/2024,3:30,2952
10/14/2024,3:45,3516
10/14/2024,4:00,3394.8
10/14/2024,4:15,3535.2
10/14/2024,4:30,2641.2
10/14/2024,4:45,3555.6
10/14/2024,5:00,3421.2
10/14/2024,5:15,3440.4
10/14/2024,5:30,3442.8
10/14/2024,5:45,3436.8
10/14/2024,6:00,3430.8
10/14/2024,6:15,3457.2
10/14/2024,6:30,3471.6
10/14/2024,6:45,2581.2
10/14/2024,7:00,3438
10/14/2024,7:15,3783.6
10/14/2024,7:30,4112.4
10/14/2024,7:45,4441.2
10/14/2024,8:00,4776
10/14/2024,8:15,4275.6
10/14/2024,8:30,4808.4
10/14/2024,8:45,4346.4
10/14/2024,9:00,3606
10/14/2024,9:15,3998.4
10/14/2024,9:30,3469.2
10/14/2024,9:45,4788
10/14/2024,10:00,4644
10/14/2024,10:15,4962
10/14/2024,10:30,4713.6
10/14/2024,10:45,4507.2
10/14/2024,11:00,4716
10/14/2024,11:15,4219.2
10/14/2024,11:30,3793.2
10/14/2024,11:45,2812.8
10/14/2024,12:00,4173.6
10/14/2024,12:15,4591.2
10/14/2024,12:30,4804.8
10/14/2024,12:45,4586.4
10/14/2024,13:00,4647.6
10/14/2024,13:15,4839.6
10/14/2024,13:30,4557.6
10/14/2024,13:45,4754.4
10/14/2024,14:00,4699.2
10/14/2024,14:15,3800.4
10/14/2024,14:30,3680.4
10/14/2024,14:45,3516
10/14/2024,15:00,3978
10/14/2024,15:15,4672.8
10/14/2024,15:30,4596
10/14/2024,15:45,4809.6
10/14/2024,16:00,4826.4
10/14/2024,16:15,4884
10/14/2024,16:30,4530
10/14/2024,16:45,4879.2
10/14/2024,17:00,4753.2
10/14/2024,17:15,4683.6
10/14/2024,17:30,4735.2
10/14/2024,17:45,4671.6
10/14/2024,18:00,4824
10/14/2024,18:15,4632
10/14/2024,18:30,4057.2
10/14/2024,18:45,3870
10/14/2024,19:00,3501.6
10/14/2024,19:15,2622
10/14/2024,19:30,3435.6
10/14/2024,19:45,2833.2
10/14/2024,20:00,3464.4
10/14/2024,20:15,3475.2
10/14/2024,20:30,3505.2
10/14/2024,20:45,3535.2
10/14/2024,21:00,3520.8
10/14/2024,21:15,3520.8
10/14/2024,21:30,3621.6
10/14/2024,21:45,3620.4
10/14/2024,22:00,3482.4
10/14/2024,22:15,3504
10/14/2024,22:30,3487.2
10/14/2024,22:45,3421.2
10/14/2024,23:00,3417.6
10/14/2024,23:15,3444
10/14/2024,23:30,3423.6
10/14/2024,23:45,3490.8
10/15/2024,0:00,3204
10/15/2024,0:15,2911.2
10/15/2024,0:30,1954.8
10/15/2024,0:45,2535.6
10/15/2024,1:00,2770.8
10/15/2024,1:15,2590.8
10/15/2024,1:30,806.4
10/15/2024,1:45,675.6
10/15/2024,2:00,644.4
10/15/2024,2:15,688.8
10/15/2024,2:30,1448.4
10/15/2024,2:45,1602
10/15/2024,3:00,1803.6
10/15/2024,3:15,1977.6
10/15/2024,3:30,2068.8
10/15/2024,3:45,2522.4
10/15/2024,4:00,2205.6
10/15/2024,4:15,3238.8
10/15/2024,4:30,3279.6
10/15/2024,4:45,3271.2
10/15/2024,5:00,3358.8
10/15/2024,5:15,3261.6
10/15/2024,5:30,3274.8
10/15/2024,5:45,3321.6
10/15/2024,6:00,3361.2
10/15/2024,6:15,3404.4
10/15/2024,6:30,3270
10/15/2024,6:45,3351.6
10/15/2024,7:00,3428.4
10/15/2024,7:15,3565.2
10/15/2024,7:30,4198.8
10/15/2024,7:45,4800
10/15/2024,8:00,3568.8
10/15/2024,8:15,3398.4
10/15/2024,8:30,3270
10/15/2024,8:45,4720.8
10/15/2024,9:00,4710
10/15/2024,9:15,4567.2
10/15/2024,9:30,4837.2
10/15/2024,9:45,4306.8
10/15/2024,10:00,4606.8
10/15/2024,10:15,4384.8
10/15/2024,10:30,4293.6
10/15/2024,10:45,4161.6
10/15/2024,11:00,4328.4
10/15/2024,11:15,3962.4
10/15/2024,11:30,2871.6
10/15/2024,11:45,3870
10/15/2024,12:00,4186.8
10/15/2024,12:15,4512
10/15/2024,12:30,4314
10/15/2024,12:45,4482
10/15/2024,13:00,4602
10/15/2024,13:15,4615.2
10/15/2024,13:30,4956
10/15/2024,13:45,3961.2
10/15/2024,14:00,4825.2
10/15/2024,14:15,4437.6
10/15/2024,14:30,4554
10/15/2024,14:45,4755.6
10/15/2024,15:00,4356
10/15/2024,15:15,4670.4
10/15/2024,15:30,4654.8
10/15/2024,15:45,4215.6
10/15/2024,16:00,4390.8
10/15/2024,16:15,4526.4
10/15/2024,16:30,3835.2
10/15/2024,16:45,3430.8
10/15/2024,17:00,3260.4
10/15/2024,17:15,3208.8
10/15/2024,17:30,3619.2
10/15/2024,17:45,4428
10/15/2024,18:00,4009.2
10/15/2024,18:15,3745.2
10/15/2024,18:30,4219.2
10/15/2024,18:45,3612
10/15/2024,19:00,3159.6
10/15/2024,19:15,2900.4
10/15/2024,19:30,2901.6
10/15/2024,19:45,2835.6
10/15/2024,20:00,1969.2
10/15/2024,20:15,1794
10/15/2024,20:30,1945.2
10/15/2024,20:45,2172
10/15/2024,21:00,2252.4
10/15/2024,21:15,2911.2
10/15/2024,21:30,3350.4
10/15/2024,21:45,3433.2
10/15/2024,22:00,3444
10/15/2024,22:15,2980.8
10/15/2024,22:30,3470.4
10/15/2024,22:45,3321.6
10/15/2024,23:00,3405.6
10/15/2024,23:15,3499.2
10/15/2024,23:30,3325.2
10/15/2024,23:45,3330
10/16/2024,0:00,3471.6
10/16/2024,0:15,3447.6
10/16/2024,0:30,3408
10/16/2024,0:45,2992.8
10/16/2024,1:00,2551.2
10/16/2024,1:15,3054
10/16/2024,1:30,2610
10/16/2024,1:45,2620.8
10/16/2024,2:00,3410.4
10/16/2024,2:15,3548.4
10/16/2024,2:30,3516
10/16/2024,2:45,3422.4
10/16/2024,3:00,3578.4
10/16/2024,3:15,3514.8
10/16/2024,3:30,3558
10/16/2024,3:45,3446.4
10/16/2024,4:00,3568.8
10/16/2024,4:15,3528
10/16/2024,4:30,3524.4
10/16/2024,4:45,3403.2
10/16/2024,5:00,3490.8
10/16/2024,5:15,3432
10/16/2024,5:30,3493.2
10/16/2024,5:45,3496.8
10/16/2024,6:00,3476.4
10/16/2024,6:15,3379.2
10/16/2024,6:30,3450
10/16/2024,6:45,3393.6
10/16/2024,7:00,3460.8
10/16/2024,7:15,3676.8
10/16/2024,7:30,3776.4
10/16/2024,7:45,3740.4
10/16/2024,8:00,3843.6
10/16/2024,8:15,4358.4
10/16/2024,8:30,4527.6
10/16/2024,8:45,4412.4
10/16/2024,9:00,4708.8
10/16/2024,9:15,3597.6
10/16/2024,9:30,3608.4
10/16/2024,9:45,4357.2
10/16/2024,10:00,4204.8
10/16/2024,10:15,4586.4
10/16/2024,10:30,4266
10/16/2024,10:45,4651.2
10/16/2024,11:00,3958.8
10/16/2024,11:15,3926.4
10/16/2024,11:30,3597.6
10/16/2024,11:45,3826.8
10/16/2024,12:00,3447.6
10/16/2024,12:15,3105.6
10/16/2024,12:30,3955.2
10/16/2024,12:45,4143.6
10/16/2024,13:00,4281.6
10/16/2024,13:15,4281.6
10/16/2024,13:30,4612.8
10/16/2024,13:45,4525.2
10/16/2024,14:00,4533.6
10/16/2024,14:15,4321.2
10/16/2024,14:30,4047.6
10/16/2024,14:45,3048
10/16/2024,15:00,3475.2
10/16/2024,15:15,3468
10/16/2024,15:30,3246
10/16/2024,15:45,3585.6
10/16/2024,16:00,3913.2
10/16/2024,16:15,4489.2
10/16/2024,16:30,4476
10/16/2024,16:45,4497.6
10/16/2024,17:00,4426.8
10/16/2024,17:15,4286.4
10/16/2024,17:30,4362
10/16/2024,17:45,4323.6
10/16/2024,18:00,3734.4
10/16/2024,18:15,3735.6
10/16/2024,18:30,4188
10/16/2024,18:45,3379.2
10/16/2024,19:00,2943.6
10/16/2024,19:15,3459.6
10/16/2024,19:30,3384
10/16/2024,19:45,3393.6
10/16/2024,20:00,3381.6
10/16/2024,20:15,3452.4
10/16/2024,20:30,3366
10/16/2024,20:45,3448.8
10/16/2024,21:00,3482.4
10/16/2024,21:15,3483.6
10/16/2024,21:30,3421.2
10/16/2024,21:45,3476.4
10/16/2024,22:00,3438
10/16/2024,22:15,3391.2
10/16/2024,22:30,3404.4
10/16/2024,22:45,2607.6
10/16/2024,23:00,2542.8
10/16/2024,23:15,2469.6
10/16/2024,23:30,3345.6
10/16/2024,23:45,3442.8
10/17/2024,0:00,3385.2
10/17/2024,0:15,2968.8
10/17/2024,0:30,2522.4
10/17/2024,0:45,3361.2
10/17/2024,1:00,2546.4
10/17/2024,1:15,3385.2
10/17/2024,1:30,3416.4
10/17/2024,1:45,2527.2
10/17/2024,2:00,3327.6
10/17/2024,2:15,3306
10/17/2024,2:30,2928
10/17/2024,2:45,3427.2
10/17/2024,3:00,3439.2
10/17/2024,3:15,3372
10/17/2024,3:30,2930.4
10/17/2024,3:45,3415.2
10/17/2024,4:00,2494.8
10/17/2024,4:15,2937.6
10/17/2024,4:30,3457.2
10/17/2024,4:45,3427.2
10/17/2024,5:00,3416.4
10/17/2024,5:15,3361.2
10/17/2024,5:30,3493.2
10/17/2024,5:45,2497.2
10/17/2024,6:00,2461.2
10/17/2024,6:15,2790
10/17/2024,6:30,2745.6
10/17/2024,6:45,1789.2
10/17/2024,7:00,2727.6
10/17/2024,7:15,2959.2
10/17/2024,7:30,2824.8
10/17/2024,7:45,3535.2
10/17/2024,8:00,3025.2
10/17/2024,8:15,3529.2
10/17/2024,8:30,3763.2
10/17/2024,8:45,4041.6
10/17/2024,9:00,4160.4
10/17/2024,9:15,3576
10/17/2024,9:30,4479.6
10/17/2024,9:45,4717.2
10/17/2024,10:00,4560
10/17/2024,10:15,4425.6
10/17/2024,10:30,3664.8
10/17/2024,10:45,4370.4
10/17/2024,11:00,4434
10/17/2024,11:15,4034.4
10/17/2024,11:30,3842.4
10/17/2024,11:45,3968.4
10/17/2024,12:00,4034.4
10/17/2024,12:15,4633.2
10/17/2024,12:30,4407.6
10/17/2024,12:45,4489.2
10/17/2024,13:00,4698
10/17/2024,13:15,4614
10/17/2024,13:30,3554.4
10/17/2024,13:45,3268.8
10/17/2024,14:00,3182.4
10/17/2024,14:15,2332.8
10/17/2024,14:30,2053.2
10/17/2024,14:45,2145.6
10/17/2024,15:00,2090.4
10/17/2024,15:15,2049.6
10/17/2024,15:30,1791.6
10/17/2024,15:45,1960.8
10/17/2024,16:00,1586.4
10/17/2024,16:15,1927.2
10/17/2024,16:30,1912.8
10/17/2024,16:45,1719.6
10/17/2024,17:00,2086.8
10/17/2024,17:15,1521.6
10/17/2024,17:30,1489.2
10/17/2024,17:45,1754.4
10/17/2024,18:00,1833.6
10/17/2024,18:15,1852.8
10/17/2024,18:30,1758
10/17/2024,18:45,832.8
10/17/2024,19:00,1172.4
10/17/2024,19:15,621.6
10/17/2024,19:30,522
10/17/2024,19:45,556.8
10/17/2024,20:00,552
10/17/2024,20:15,562.8
10/17/2024,20:30,1060.8
10/17/2024,20:45,1089.6
10/17/2024,21:00,642
10/17/2024,21:15,706.8
10/17/2024,21:30,566.4
10/17/2024,21:45,577.2
10/17/2024,22:00,562.8
10/17/2024,22:15,556.8
10/17/2024,22:30,556.8
10/17/2024,22:45,555.6
10/17/2024,23:00,543.6
10/17/2024,23:15,544.8
10/17/2024,23:30,536.4
10/17/2024,23:45,1294.8
10/18/2024,0:00,1693.2
10/18/2024,0:15,1940.4
10/18/2024,0:30,2079.6
10/18/2024,0:45,2606.4
10/18/2024,1:00,2624.4
10/18/2024,1:15,3290.4
10/18/2024,1:30,3278.4
10/18/2024,1:45,3259.2
10/18/2024,2:00,2313.6
10/18/2024,2:15,3135.6
10/18/2024,2:30,2342.4
10/18/2024,2:45,3265.2
10/18/2024,3:00,3151.2
10/18/2024,3:15,2156.4
10/18/2024,3:30,3356.4
10/18/2024,3:45,2956.8
10/18/2024,4:00,2269.2
10/18/2024,4:15,2628
10/18/2024,4:30,2444.4
10/18/2024,4:45,2385.6
10/18/2024,5:00,2716.8
10/18/2024,5:15,2635.2
10/18/2024,5:30,2244
10/18/2024,5:45,1628.4
10/18/2024,6:00,1564.8
10/18/2024,6:15,1723.2
10/18/2024,6:30,1797.6
10/18/2024,6:45,1953.6
10/18/2024,7:00,1958.4
10/18/2024,7:15,2317.2
10/18/2024,7:30,3052.8
10/18/2024,7:45,3588
10/18/2024,8:00,4080
10/18/2024,8:15,3276
10/18/2024,8:30,4314
10/18/2024,8:45,3858
10/18/2024,9:00,4828.8
10/18/2024,9:15,3638.4
10/18/2024,9:30,4800
10/18/2024,9:45,3538.8
10/18/2024,10:00,4682.4
10/18/2024,10:15,4488
10/18/2024,10:30,4358.4
10/18/2024,10:45,4208.4
10/18/2024,11:00,4662
10/18/2024,11:15,3819.6
10/18/2024,11:30,3804
10/18/2024,11:45,3423.6
10/18/2024,12:00,4068
10/18/2024,12:15,4402.8
10/18/2024,12:30,4564.8
10/18/2024,12:45,3698.4
10/18/2024,13:00,4364.4
10/18/2024,13:15,4450.8
10/18/2024,13:30,4429.2
10/18/2024,13:45,3811.2
10/18/2024,14:00,4137.6
10/18/2024,14:15,4592.4
10/18/2024,14:30,4198.8
10/18/2024,14:45,4798.8
10/18/2024,15:00,4539.6
10/18/2024,15:15,4726.8
10/18/2024,15:30,4182
10/18/2024,15:45,3429.6
10/18/2024,16:00,3450
10/18/2024,16:15,3769.2
10/18/2024,16:30,3872.4
10/18/2024,16:45,2292
10/18/2024,17:00,1708.8
10/18/2024,17:15,1905.6
10/18/2024,17:30,1671.6
10/18/2024,17:45,1616.4
10/18/2024,18:00,1742.4
10/18/2024,18:15,1772.4
10/18/2024,18:30,849.6
10/18/2024,18:45,705.6
10/18/2024,19:00,322.8
10/18/2024,19:15,202.8
10/18/2024,19:30,218.4
10/18/2024,19:45,390
10/18/2024,20:00,270
10/18/2024,20:15,214.8
10/18/2024,20:30,219.6
10/18/2024,20:45,208.8
10/18/2024,21:00,178.8
10/18/2024,21:15,192
10/18/2024,21:30,334.8
10/18/2024,21:45,282
10/18/2024,22:00,222
10/18/2024,22:15,226.8
10/18/2024,22:30,178.8
10/18/2024,22:45,462
10/18/2024,23:00,278.4
10/18/2024,23:15,183.6
10/18/2024,23:30,145.2
10/18/2024,23:45,258
10/19/2024,0:00,188.4
10/19/2024,0:15,146.4
10/19/2024,0:30,428.4
10/19/2024,0:45,199.2
10/19/2024,1:00,186
10/19/2024,1:15,184.8
10/19/2024,1:30,309.6
10/19/2024,1:45,228
10/19/2024,2:00,208.8
10/19/2024,2:15,207.6
10/19/2024,2:30,298.8
10/19/2024,2:45,236.4
10/19/2024,3:00,176.4
10/19/2024,3:15,364.8
10/19/2024,3:30,284.4
10/19/2024,3:45,225.6
10/19/2024,4:00,204
10/19/2024,4:15,315.6
10/19/2024,4:30,248.4
10/19/2024,4:45,205.2
10/19/2024,5:00,373.2
10/19/2024,5:15,319.2
10/19/2024,5:30,232.8
10/19/2024,5:45,184.8
10/19/2024,6:00,171.6
10/19/2024,6:15,189.6
10/19/2024,6:30,135.6
10/19/2024,6:45,265.2
10/19/2024,7:00,158.4
10/19/2024,7:15,370.8
10/19/2024,7:30,776.4
10/19/2024,7:45,1094.4
10/19/2024,8:00,1411.2
10/19/2024,8:15,1605.6
10/19/2024,8:30,1830
10/19/2024,8:45,1599.6
10/19/2024,9:00,1681.2
10/19/2024,9:15,1965.6
10/19/2024,9:30,1884
10/19/2024,9:45,1893.6
10/19/2024,10:00,1533.6
10/19/2024,10:15,1606.8
10/19/2024,10:30,1530
10/19/2024,10:45,1908
10/19/2024,11:00,1473.6
10/19/2024,11:15,853.2
10/19/2024,11:30,976.8
10/19/2024,11:45,1140
10/19/2024,12:00,1238.4
10/19/2024,12:15,1269.6
10/19/2024,12:30,1346.4
10/19/2024,12:45,1711.2
10/19/2024,13:00,1701.6
10/19/2024,13:15,1758
10/19/2024,13:30,1266
10/19/2024,13:45,1303.2
10/19/2024,14:00,1759.2
10/19/2024,14:15,1591.2
10/19/2024,14:30,1653.6
10/19/2024,14:45,1299.6
10/19/2024,15:00,1467.6
10/19/2024,15:15,1486.8
10/19/2024,15:30,1935.6
10/19/2024,15:45,2025.6
10/19/2024,16:00,1844.4
10/19/2024,16:15,1794
10/19/2024,16:30,1624.8
10/19/2024,16:45,1766.4
10/19/2024,17:00,1664.4
10/19/2024,17:15,1233.6
10/19/2024,17:30,1308
10/19/2024,17:45,1474.8
10/19/2024,18:00,1544.4
10/19/2024,18:15,1024.8
10/19/2024,18:30,944.4
10/19/2024,18:45,276
10/19/2024,19:00,291.6
10/19/2024,19:15,276
10/19/2024,19:30,307.2
10/19/2024,19:45,292.8
10/19/2024,20:00,283.2
10/19/2024,20:15,280.8
10/19/2024,20:30,261.6
10/19/2024,20:45,262.8
10/19/2024,21:00,274.8
10/19/2024,21:15,240
10/19/2024,21:30,294
10/19/2024,21:45,280.8
10/19/2024,22:00,267.6
10/19/2024,22:15,260.4
10/19/2024,22:30,261.6
10/19/2024,22:45,254.4
10/19/2024,23:00,264
10/19/2024,23:15,241.2
10/19/2024,23:30,291.6
10/19/2024,23:45,282
10/20/2024,0:00,267.6
10/20/2024,0:15,262.8
10/20/2024,0:30,262.8
10/20/2024,0:45,270
10/20/2024,1:00,262.8
10/20/2024,1:15,236.4
10/20/2024,1:30,278.4
10/20/2024,1:45,277.2
10/20/2024,2:00,261.6
10/20/2024,2:15,272.4
10/20/2024,2:30,265.2
10/20/2024,2:45,255.6
10/20/2024,3:00,271.2
10/20/2024,3:15,237.6
10/20/2024,3:30,279.6
10/20/2024,3:45,277.2
10/20/2024,4:00,273.6
10/20/2024,4:15,270
10/20/2024,4:30,276
10/20/2024,4:45,273.6
10/20/2024,5:00,256.8
10/20/2024,5:15,242.4
10/20/2024,5:30,283.2
10/20/2024,5:45,284.4
10/20/2024,6:00,238.8
10/20/2024,6:15,255.6
10/20/2024,6:30,246
10/20/2024,6:45,232.8
10/20/2024,7:00,242.4
10/20/2024,7:15,444
10/20/2024,7:30,735.6
10/20/2024,7:45,1156.8
10/20/2024,8:00,1418.4
10/20/2024,8:15,1566
10/20/2024,8:30,1420.8
10/20/2024,8:45,1072.8
10/20/2024,9:00,1320
10/20/2024,9:15,1257.6
10/20/2024,9:30,1710
10/20/2024,9:45,1689.6
10/20/2024,10:00,1368
10/20/2024,10:15,1591.2
10/20/2024,10:30,1434
10/20/2024,10:45,1524
10/20/2024,11:00,1669.2
10/20/2024,11:15,1280.4
10/20/2024,11:30,703.2
10/20/2024,11:45,477.6
10/20/2024,12:00,772.8
10/20/2024,12:15,1339.2
10/20/2024,12:30,1450.8
10/20/2024,12:45,1088.4
10/20/2024,13:00,1359.6
10/20/2024,13:15,1418.4
10/20/2024,13:30,1560
10/20/2024,13:45,1438.8
10/20/2024,14:00,1515.6
10/20/2024,14:15,1750.8
10/20/2024,14:30,1801.2
10/20/2024,14:45,1494
10/20/2024,15:00,1640.4
10/20/2024,15:15,1677.6
10/20/2024,15:30,1908
10/20/2024,15:45,1581.6
10/20/2024,16:00,1780.8
10/20/2024,16:15,1526.4
10/20/2024,16:30,1747.2
10/20/2024,16:45,1474.8
10/20/2024,17:00,1436.4
10/20/2024,17:15,1219.2
10/20/2024,17:30,1509.6
10/20/2024,17:45,1510.8
10/20/2024,18:00,1536
10/20/2024,18:15,958.8
10/20/2024,18:30,195.6
10/20/2024,18:45,174
10/20/2024,19:00,172.8
10/20/2024,19:15,126
10/20/2024,19:30,164.4
10/20/2024,19:45,40.8
10/20/2024,20:00,49.2
10/20/2024,20:15,46.8
10/20/2024,20:30,44.4
10/20/2024,20:45,44.4
10/20/2024,21:00,40.8
10/20/2024,21:15,42
10/20/2024,21:30,40.8
10/20/2024,21:45,39.6
10/20/2024,22:00,40.8
10/20/2024,22:15,40.8
10/20/2024,22:30,40.8
10/20/2024,22:45,40.8
10/20/2024,23:00,40.8
10/20/2024,23:15,39.6
10/20/2024,23:30,38.4
10/20/2024,23:45,39.6
10/21/2024,0:00,39.6
10/21/2024,0:15,39.6
10/21/2024,0:30,40.8
10/21/2024,0:45,39.6
10/21/2024,1:00,39.6
10/21/2024,1:15,39.6
10/21/2024,1:30,39.6
10/21/2024,1:45,39.6
10/21/2024,2:00,39.6
10/21/2024,2:15,40.8
10/21/2024,2:30,39.6
10/21/2024,2:45,39.6
10/21/2024,3:00,39.6
10/21/2024,3:15,39.6
10/21/2024,3:30,45.6
10/21/2024,3:45,39.6
10/21/2024,4:00,40.8
10/21/2024,4:15,40.8
10/21/2024,4:30,39.6
10/21/2024,4:45,39.6
10/21/2024,5:00,39.6
10/21/2024,5:15,43.2
10/21/2024,5:30,55.2
10/21/2024,5:45,52.8
10/21/2024,6:00,54
10/21/2024,6:15,54
10/21/2024,6:30,45.6
10/21/2024,6:45,42
10/21/2024,7:00,206.4
10/21/2024,7:15,376.8
10/21/2024,7:30,640.8
10/21/2024,7:45,1305.6
10/21/2024,8:00,1638
10/21/2024,8:15,1322.4
10/21/2024,8:30,1110
10/21/2024,8:45,1665.6
10/21/2024,9:00,1340.4
10/21/2024,9:15,1826.4
10/21/2024,9:30,1593.6
10/21/2024,9:45,1497.6
10/21/2024,10:00,1303.2
10/21/2024,10:15,1676.4
10/21/2024,10:30,1356
10/21/2024,10:45,1278
10/21/2024,11:00,939.6
10/21/2024,11:15,709.2
10/21/2024,11:30,945.6
10/21/2024,11:45,782.4
10/21/2024,12:00,1418.4
10/21/2024,12:15,1203.6
10/21/2024,12:30,1736.4
10/21/2024,12:45,1784.4
10/21/2024,13:00,1778.4
10/21/2024,13:15,1683.6
10/21/2024,13:30,1504.8
10/21/2024,13:45,1587.6
10/21/2024,14:00,2007.6
10/21/2024,14:15,2019.6
10/21/2024,14:30,1822.8
10/21/2024,14:45,1453.2
10/21/2024,15:00,1706.4
10/21/2024,15:15,1941.6
10/21/2024,15:30,1824
10/21/2024,15:45,1699.2
10/21/2024,16:00,1641.6
10/21/2024,16:15,1677.6
10/21/2024,16:30,1879.2
10/21/2024,16:45,1604.4
10/21/2024,17:00,1617.6
10/21/2024,17:15,1370.4
10/21/2024,17:30,1780.8
10/21/2024,17:45,1290
10/21/2024,18:00,1731.6
10/21/2024,18:15,1257.6
10/21/2024,18:30,1566
10/21/2024,18:45,686.4
10/21/2024,19:00,213.6
10/21/2024,19:15,152.4
10/21/2024,19:30,184.8
10/21/2024,19:45,280.8
10/21/2024,20:00,198
10/21/2024,20:15,202.8
10/21/2024,20:30,195.6
10/21/2024,20:45,193.2
10/21/2024,21:00,198
10/21/2024,21:15,196.8
10/21/2024,21:30,205.2
10/21/2024,21:45,189.6
10/21/2024,22:00,187.2
10/21/2024,22:15,171.6
10/21/2024,22:30,194.4
10/21/2024,22:45,189.6
10/21/2024,23:00,160.8
10/21/2024,23:15,134.4
10/21/2024,23:30,116.4
10/21/2024,23:45,118.8
10/22/2024,0:00,105.6
10/22/2024,0:15,246
10/22/2024,0:30,232.8
10/22/2024,0:45,193.2
10/22/2024,1:00,174
10/22/2024,1:15,186
10/22/2024,1:30,229.2
10/22/2024,1:45,193.2
10/22/2024,2:00,194.4
10/22/2024,2:15,178.8
10/22/2024,2:30,186
10/22/2024,2:45,186
10/22/2024,3:00,188.4
10/22/2024,3:15,174
10/22/2024,3:30,186
10/22/2024,3:45,187.2
10/22/2024,4:00,282
10/22/2024,4:15,702
10/22/2024,4:30,231.6
10/22/2024,4:45,282
10/22/2024,5:00,324
10/22/2024,5:15,782.4
10/22/2024,5:30,1254
10/22/2024,5:45,1062
10/22/2024,6:00,1152
10/22/2024,6:15,1374
10/22/2024,6:30,1539.6
10/22/2024,6:45,1756.8
10/22/2024,7:00,1862.4
10/22/2024,7:15,2204.4
10/22/2024,7:30,3105.6
10/22/2024,7:45,4303.2
10/22/2024,8:00,4549.2
10/22/2024,8:15,3908.4
10/22/2024,8:30,4279.2
10/22/2024,8:45,4741.2
10/22/2024,9:00,4106.4
10/22/2024,9:15,4225.2
10/22/2024,9:30,3667.2
10/22/2024,9:45,3975.6
10/22/2024,10:00,4887.6
10/22/2024,10:15,3819.6
10/22/2024,10:30,4850.4
10/22/2024,10:45,4555.2
10/22/2024,11:00,4442.4
10/22/2024,11:15,2851.2
10/22/2024,11:30,3400.8
10/22/2024,11:45,3562.8
10/22/2024,12:00,3349.2
10/22/2024,12:15,4573.2
10/22/2024,12:30,3817.2
10/22/2024,12:45,4437.6
10/22/2024,13:00,4002
10/22/2024,13:15,4425.6
10/22/2024,13:30,4531.2
10/22/2024,13:45,4749.6
10/22/2024,14:00,3898.8
10/22/2024,14:15,4992
10/22/2024,14:30,4548
10/22/2024,14:45,4056
10/22/2024,15:00,4197.6
10/22/2024,15:15,4573.2
10/22/2024,15:30,4339.2
10/22/2024,15:45,3940.8
10/22/2024,16:00,3754.8
10/22/2024,16:15,3988.8
10/22/2024,16:30,3248.4
10/22/2024,16:45,3936
10/22/2024,17:00,3300
10/22/2024,17:15,3687.6
10/22/2024,17:30,3721.2
10/22/2024,17:45,2686.8
10/22/2024,18:00,2973.6
10/22/2024,18:15,3381.6
10/22/2024,18:30,2575.2
10/22/2024,18:45,2637.6
10/22/2024,19:00,2653.2
10/22/2024,19:15,2599.2
10/22/2024,19:30,3033.6
10/22/2024,19:45,3134.4
10/22/2024,20:00,3313.2
10/22/2024,20:15,3188.4
10/22/2024,20:30,3157.2
10/22/2024,20:45,3315.6
10/22/2024,21:00,3230.4
10/22/2024,21:15,3195.6
10/22/2024,21:30,3219.6
10/22/2024,21:45,2403.6
10/22/2024,22:00,2299.2
10/22/2024,22:15,3291.6
10/22/2024,22:30,3290.4
10/22/2024,22:45,3229.2
10/22/2024,23:00,3142.8
10/22/2024,23:15,3223.2
10/22/2024,23:30,2556
10/22/2024,23:45,2124
10/23/2024,0:00,2672.4
10/23/2024,0:15,2809.2
10/23/2024,0:30,3175.2
10/23/2024,0:45,3165.6
10/23/2024,1:00,3379.2
10/23/2024,1:15,2460
10/23/2024,1:30,3295.2
10/23/2024,1:45,3205.2
10/23/2024,2:00,2367.6
10/23/2024,2:15,3306
10/23/2024,2:30,3273.6
10/23/2024,2:45,3202.8
10/23/2024,3:00,2413.2
10/23/2024,3:15,3162
10/23/2024,3:30,3314.4
10/23/2024,3:45,2850
10/23/2024,4:00,3265.2
10/23/2024,4:15,3236.4
10/23/2024,4:30,3256.8
10/23/2024,4:45,3316.8
10/23/2024,5:00,3201.6
10/23/2024,5:15,3230.4
10/23/2024,5:30,3292.8
10/23/2024,5:45,3289.2
10/23/2024,6:00,3267.6
10/23/2024,6:15,3208.8
10/23/2024,6:30,3204
10/23/2024,6:45,3240
10/23/2024,7:00,3343.2
10/23/2024,7:15,3530.4
10/23/2024,7:30,3842.4
10/23/2024,7:45,4346.4
10/23/2024,8:00,4228.8
10/23/2024,8:15,3480
10/23/2024,8:30,4885.2
10/23/2024,8:45,4532.4
10/23/2024,9:00,3537.6
10/23/2024,9:15,3621.6
10/23/2024,9:30,3038.4
10/23/2024,9:45,4665.6
10/23/2024,10:00,4676.4
10/23/2024,10:15,4074
10/23/2024,10:30,4563.6
10/23/2024,10:45,4306.8
10/23/2024,11:00,3921.6
10/23/2024,11:15,3770.4
10/23/2024,11:30,3511.2
10/23/2024,11:45,3262.8
10/23/2024,12:00,3913.2
10/23/2024,12:15,4552.8
10/23/2024,12:30,4798.8
10/23/2024,12:45,3339.6
10/23/2024,13:00,4408.8
10/23/2024,13:15,4522.8
10/23/2024,13:30,4939.2
10/23/2024,13:45,4206
10/23/2024,14:00,4291.2
10/23/2024,14:15,4668
10/23/2024,14:30,4308
10/23/2024,14:45,4306.8
10/23/2024,15:00,4238.4
10/23/2024,15:15,4459.2
10/23/2024,15:30,4538.4
10/23/2024,15:45,4368
10/23/2024,16:00,4770
10/23/2024,16:15,3553.2
10/23/2024,16:30,3546
10/23/2024,16:45,3728.4
10/23/2024,17:00,3757.2
10/23/2024,17:15,4887.6
10/23/2024,17:30,4789.2
10/23/2024,17:45,3572.4
10/23/2024,18:00,4726.8
10/23/2024,18:15,4878
10/23/2024,18:30,4200
10/23/2024,18:45,4033.2
10/23/2024,19:00,3362.4
10/23/2024,19:15,3278.4
10/23/2024,19:30,3290.4
10/23/2024,19:45,3337.2
10/23/2024,20:00,2792.4
10/23/2024,20:15,3246
10/23/2024,20:30,2367.6
10/23/2024,20:45,3207.6
10/23/2024,21:00,3388.8
10/23/2024,21:15,3205.2
10/23/2024,21:30,3241.2
10/23/2024,21:45,3255.6
10/23/2024,22:00,3206.4
10/23/2024,22:15,2718
10/23/2024,22:30,3235.2
10/23/2024,22:45,2887.2
10/23/2024,23:00,1886.4
10/23/2024,23:15,2637.6
10/23/2024,23:30,2376
10/23/2024,23:45,2384.4
10/24/2024,0:00,1579.2
10/24/2024,0:15,1952.4
10/24/2024,0:30,2024.4
10/24/2024,0:45,1705.2
10/24/2024,1:00,1826.4
10/24/2024,1:15,2097.6
10/24/2024,1:30,2196
10/24/2024,1:45,2330.4
10/24/2024,2:00,3600
10/24/2024,2:15,3338.4
10/24/2024,2:30,3412.8
10/24/2024,2:45,3362.4
10/24/2024,3:00,2598
10/24/2024,3:15,2601.6
10/24/2024,3:30,2631.6
10/24/2024,3:45,3368.4
10/24/2024,4:00,2388
10/24/2024,4:15,3298.8
10/24/2024,4:30,3321.6
10/24/2024,4:45,3280.8
10/24/2024,5:00,3328.8
10/24/2024,5:15,3362.4
10/24/2024,5:30,3388.8
10/24/2024,5:45,2923.2
10/24/2024,6:00,3344.4
10/24/2024,6:15,3350.4
10/24/2024,6:30,3340.8
10/24/2024,6:45,3333.6
10/24/2024,7:00,3370.8
10/24/2024,7:15,3645.6
10/24/2024,7:30,2961.6
10/24/2024,7:45,3763.2
10/24/2024,8:00,3686.4
10/24/2024,8:15,3423.6
10/24/2024,8:30,3765.6
10/24/2024,8:45,3423.6
10/24/2024,9:00,2152.8
10/24/2024,9:15,2056.8
10/24/2024,9:30,1945.2
10/24/2024,9:45,1983.6
10/24/2024,10:00,2133.6
10/24/2024,10:15,1890
10/24/2024,10:30,2317.2
10/24/2024,10:45,3032.4
10/24/2024,11:00,3136.8
10/24/2024,11:15,2595.6
10/24/2024,11:30,2835.6
10/24/2024,11:45,2874
10/24/2024,12:00,3250.8
10/24/2024,12:15,4696.8
10/24/2024,12:30,3878.4
10/24/2024,12:45,4508.4
10/24/2024,13:00,4376.4
10/24/2024,13:15,4490.4
10/24/2024,13:30,4785.6
10/24/2024,13:45,4875.6
10/24/2024,14:00,5132.4
10/24/2024,14:15,4419.6
10/24/2024,14:30,4884
10/24/2024,14:45,4315.2
10/24/2024,15:00,4612.8
10/24/2024,15:15,4924.8
10/24/2024,15:30,4879.2
10/24/2024,15:45,4828.8
10/24/2024,16:00,4880.4
10/24/2024,16:15,4986
10/24/2024,16:30,4267.2
10/24/2024,16:45,4482
10/24/2024,17:00,4876.8
10/24/2024,17:15,5136
10/24/2024,17:30,4912.8
10/24/2024,17:45,4687.2
10/24/2024,18:00,4816.8
10/24/2024,18:15,4962
10/24/2024,18:30,4158
10/24/2024,18:45,2649.6
10/24/2024,19:00,2542.8
10/24/2024,19:15,3435.6
10/24/2024,19:30,2479.2
10/24/2024,19:45,2467.2
10/24/2024,20:00,3463.2
10/24/2024,20:15,3433.2
10/24/2024,20:30,2463.6
10/24/2024,20:45,2388
10/24/2024,21:00,2902.8
10/24/2024,21:15,3274.8
10/24/2024,21:30,3403.2
10/24/2024,21:45,3487.2
10/24/2024,22:00,3387.6
10/24/2024,22:15,3475.2
10/24/2024,22:30,3474
10/24/2024,22:45,3381.6
10/24/2024,23:00,3337.2
10/24/2024,23:15,3423.6
10/24/2024,23:30,3297.6
10/24/2024,23:45,3369.6
10/25/2024,0:00,2569.2
10/25/2024,0:15,3364.8
10/25/2024,0:30,3380.4
10/25/2024,0:45,3412.8
10/25/2024,1:00,3446.4
10/25/2024,1:15,3284.4
10/25/2024,1:30,3374.4
10/25/2024,1:45,2458.8
10/25/2024,2:00,3252
10/25/2024,2:15,3396
10/25/2024,2:30,3402
10/25/2024,2:45,3446.4
10/25/2024,3:00,3456
10/25/2024,3:15,3379.2
10/25/2024,3:30,3346.8
10/25/2024,3:45,3458.4
10/25/2024,4:00,3427.2
10/25/2024,4:15,2484
10/25/2024,4:30,3298.8
10/25/2024,4:45,2520
10/25/2024,5:00,3276
10/25/2024,5:15,3308.4
10/25/2024,5:30,3361.2
10/25/2024,5:45,3244.8
10/25/2024,6:00,3332.4
10/25/2024,6:15,2494.8
10/25/2024,6:30,3358.8
10/25/2024,6:45,3402
10/25/2024,7:00,3326.4
10/25/2024,7:15,2712
10/25/2024,7:30,2910
10/25/2024,7:45,4214.4
10/25/2024,8:00,4345.2
10/25/2024,8:15,3963.6
10/25/2024,8:30,3726
10/25/2024,8:45,4144.8
10/25/2024,9:00,4918.8
10/25/2024,9:15,4753.2
10/25/2024,9:30,4748.4
10/25/2024,9:45,3805.2
10/25/2024,10:00,4906.8
10/25/2024,10:15,4956
10/25/2024,10:30,4216.8
10/25/2024,10:45,5059.2
10/25/2024,11:00,4794
10/25/2024,11:15,4106.4
10/25/2024,11:30,2988
10/25/2024,11:45,3903.6
10/25/2024,12:00,4335.6
10/25/2024,12:15,4788
10/25/2024,12:30,4599.6
10/25/2024,12:45,4863.6
10/25/2024,13:00,4524
10/25/2024,13:15,4717.2
10/25/2024,13:30,4863.6
10/25/2024,13:45,4833.6
10/25/2024,14:00,4760.4
10/25/2024,14:15,4695.6
10/25/2024,14:30,3937.2
10/25/2024,14:45,4819.2
10/25/2024,15:00,4465.2
10/25/2024,15:15,4402.8
10/25/2024,15:30,4087.2
10/25/2024,15:45,4485.6
10/25/2024,16:00,4627.2
10/25/2024,16:15,4512
10/25/2024,16:30,4651.2
10/25/2024,16:45,4317.6
10/25/2024,17:00,4712.4
10/25/2024,17:15,3590.4
10/25/2024,17:30,4897.2
10/25/2024,17:45,4554
10/25/2024,18:00,4634.4
10/25/2024,18:15,4027.2
10/25/2024,18:30,3655.2
10/25/2024,18:45,3398.4
10/25/2024,19:00,3416.4
10/25/2024,19:15,3351.6
10/25/2024,19:30,3360
10/25/2024,19:45,3397.2
10/25/2024,20:00,3373.2
10/25/2024,20:15,3334.8
10/25/2024,20:30,3396
10/25/2024,20:45,3396
10/25/2024,21:00,2973.6
10/25/2024,21:15,3333.6
10/25/2024,21:30,3334.8
10/25/2024,21:45,3283.2
10/25/2024,22:00,3426
10/25/2024,22:15,3445.2
10/25/2024,22:30,2469.6
10/25/2024,22:45,3405.6
10/25/2024,23:00,3386.4
10/25/2024,23:15,2354.4
10/25/2024,23:30,2451.6
10/25/2024,23:45,2880
10/26/2024,0:00,3367.2
10/26/2024,0:15,3346.8
10/26/2024,0:30,3434.4
10/26/2024,0:45,3405.6
10/26/2024,1:00,2932.8
10/26/2024,1:15,3344.4
10/26/2024,1:30,3442.8
10/26/2024,1:45,3368.4
10/26/2024,2:00,3487.2
10/26/2024,2:15,3386.4
10/26/2024,2:30,3348
10/26/2024,2:45,3411.6
10/26/2024,3:00,3343.2
10/26/2024,3:15,3381.6
10/26/2024,3:30,3379.2
10/26/2024,3:45,3402
10/26/2024,4:00,3397.2
10/26/2024,4:15,2912.4
10/26/2024,4:30,3319.2
10/26/2024,4:45,2434.8
10/26/2024,5:00,#VALUE!
10/26/2024,5:15,#VALUE!
10/26/2024,5:30,823.2
10/26/2024,5:45,1196.4
10/26/2024,6:00,799.2
10/26/2024,6:15,714
10/26/2024,6:30,1072.8
10/26/2024,6:45,634.8
10/26/2024,7:00,640.8
10/26/2024,7:15,1633.2
10/26/2024,7:30,2035.2
10/26/2024,7:45,3831.6
10/26/2024,8:00,3364.8
10/26/2024,8:15,3609.6
10/26/2024,8:30,3667.2
10/26/2024,8:45,3524.4
10/26/2024,9:00,3854.4
10/26/2024,9:15,3534
10/26/2024,9:30,4417.2
10/26/2024,9:45,#VALUE!
10/26/2024,10:00,4672.8
10/26/2024,10:15,4711.2
10/26/2024,10:30,4521.6
10/26/2024,10:45,4514.4
10/26/2024,11:00,4704
10/26/2024,11:15,4473.6
10/26/2024,11:30,3966
10/26/2024,11:45,3147.6
10/26/2024,12:00,4270.8
10/26/2024,12:15,4376.4
10/26/2024,12:30,4872
10/26/2024,12:45,3891.6
10/26/2024,13:00,4004.4
10/26/2024,13:15,4184.4
10/26/2024,13:30,4254
10/26/2024,13:45,4786.8
10/26/2024,14:00,5000.4
10/26/2024,14:15,3993.6
10/26/2024,14:30,4669.2
10/26/2024,14:45,4509.6
10/26/2024,15:00,3870
10/26/2024,15:15,4573.2
10/26/2024,15:30,4735.2
10/26/2024,15:45,5014.8
10/26/2024,16:00,4878
10/26/2024,16:15,4861.2
10/26/2024,16:30,4797.6
10/26/2024,16:45,3909.6
10/26/2024,17:00,4605.6
10/26/2024,17:15,4810.8
10/26/2024,17:30,4764
10/26/2024,17:45,4509.6
10/26/2024,18:00,4176
10/26/2024,18:15,3216
10/26/2024,18:30,2448
10/26/2024,18:45,3465.6
10/26/2024,19:00,3514.8
10/26/2024,19:15,3548.4
10/26/2024,19:30,3393.6
10/26/2024,19:45,2832
10/26/2024,20:00,2394
10/26/2024,20:15,2791.2
10/26/2024,20:30,2781.6
10/26/2024,20:45,3418.8
10/26/2024,21:00,3517.2
10/26/2024,21:15,2539.2
10/26/2024,21:30,3408
10/26/2024,21:45,2818.8
10/26/2024,22:00,2404.8
10/26/2024,22:15,2325.6
10/26/2024,22:30,2714.4
10/26/2024,22:45,3214.8
10/26/2024,23:00,2836.8
10/26/2024,23:15,2373.6
10/26/2024,23:30,2815.2
10/26/2024,23:45,2277.6
10/27/2024,0:00,2660.4
10/27/2024,0:15,2247.6
10/27/2024,0:30,2486.4
10/27/2024,0:45,3262.8
10/27/2024,1:00,2444.4
10/27/2024,1:15,3348
10/27/2024,1:30,3386.4
10/27/2024,1:45,3386.4
10/27/2024,2:00,2644.8
10/27/2024,2:15,3442.8
10/27/2024,2:30,3427.2
10/27/2024,2:45,3276
10/27/2024,3:00,3418.8
10/27/2024,3:15,3406.8
10/27/2024,3:30,3414
10/27/2024,3:45,3391.2
10/27/2024,4:00,3361.2
10/27/2024,4:15,3404.4
10/27/2024,4:30,3478.8
10/27/2024,4:45,2475.6
10/27/2024,5:00,2552.4
10/27/2024,5:15,2496
10/27/2024,5:30,2505.6
10/27/2024,5:45,3415.2
10/27/2024,6:00,3475.2
10/27/2024,6:15,3344.4
10/27/2024,6:30,3428.4
10/27/2024,6:45,3409.2
10/27/2024,7:00,2505.6
10/27/2024,7:15,3590.4
10/27/2024,7:30,3922.8
10/27/2024,7:45,4428
10/27/2024,8:00,4569.6
10/27/2024,8:15,4800
10/27/2024,8:30,4999.2
10/27/2024,8:45,4366.8
10/27/2024,9:00,4611.6
10/27/2024,9:15,3931.2
10/27/2024,9:30,4748.4
10/27/2024,9:45,5060.4
10/27/2024,10:00,4956
10/27/2024,10:15,4413.6
10/27/2024,10:30,4646.4
10/27/2024,10:45,3805.2
10/27/2024,11:00,5001.6
10/27/2024,11:15,4248
10/27/2024,11:30,3566.4
10/27/2024,11:45,3238.8
10/27/2024,12:00,4794
10/27/2024,12:15,4708.8
10/27/2024,12:30,4112.4
10/27/2024,12:45,4585.2
10/27/2024,13:00,3883.2
10/27/2024,13:15,4640.4
10/27/2024,13:30,5022
10/27/2024,13:45,4678.8
10/27/2024,14:00,4732.8
10/27/2024,14:15,4735.2
10/27/2024,14:30,3985.2
10/27/2024,14:45,4762.8
10/27/2024,15:00,4088.4
10/27/2024,15:15,4812
10/27/2024,15:30,4532.4
10/27/2024,15:45,4550.4
10/27/2024,16:00,4954.8
10/27/2024,16:15,4732.8
10/27/2024,16:30,4573.2
10/27/2024,16:45,4870.8
10/27/2024,17:00,4838.4
10/27/2024,17:15,4794
10/27/2024,17:30,4665.6
10/27/2024,17:45,4476
10/27/2024,18:00,3631.2
10/27/2024,18:15,2817.6
10/27/2024,18:30,2766
10/27/2024,18:45,2625.6
10/27/2024,19:00,2353.2
10/27/2024,19:15,1642.8
10/27/2024,19:30,703.2
10/27/2024,19:45,751.2
10/27/2024,20:00,710.4
10/27/2024,20:15,700.8
10/27/2024,20:30,660
10/27/2024,20:45,667.2
10/27/2024,21:00,660
10/27/2024,21:15,602.4
10/27/2024,21:30,594
10/27/2024,21:45,543.6
10/27/2024,22:00,526.8
10/27/2024,22:15,556.8
10/27/2024,22:30,567.6
10/27/2024,22:45,555.6
10/27/2024,23:00,526.8
10/27/2024,23:15,478.8
10/27/2024,23:30,472.8
10/27/2024,23:45,468
10/28/2024,0:00,470.4
10/28/2024,0:15,476.4
10/28/2024,0:30,522
10/28/2024,0:45,1557.6
10/28/2024,1:00,1687.2
10/28/2024,1:15,1945.2
10/28/2024,1:30,2050.8
10/28/2024,1:45,2226
10/28/2024,2:00,2691.6
10/28/2024,2:15,2184
10/28/2024,2:30,2179.2
10/28/2024,2:45,2331.6
10/28/2024,3:00,2421.6
10/28/2024,3:15,3552
10/28/2024,3:30,2722.8
10/28/2024,3:45,3556.8
10/28/2024,4:00,3073.2
10/28/2024,4:15,3498
10/28/2024,4:30,3453.6
10/28/2024,4:45,3433.2
10/28/2024,5:00,3378
10/28/2024,5:15,2508
10/28/2024,5:30,2498.4
10/28/2024,5:45,2883.6
10/28/2024,6:00,3302.4
10/28/2024,6:15,3310.8
10/28/2024,6:30,3307.2
10/28/2024,6:45,3192
10/28/2024,7:00,3322.8
10/28/2024,7:15,3628.8
10/28/2024,7:30,4048.8
10/28/2024,7:45,4885.2
10/28/2024,8:00,3918
10/28/2024,8:15,4657.2
10/28/2024,8:30,4466.4
10/28/2024,8:45,4441.2
10/28/2024,9:00,4509.6
10/28/2024,9:15,4484.4
10/28/2024,9:30,4797.6
10/28/2024,9:45,4574.4
10/28/2024,10:00,4850.4
10/28/2024,10:15,4741.2
10/28/2024,10:30,4741.2
10/28/2024,10:45,4296
10/28/2024,11:00,4306.8
10/28/2024,11:15,3798
10/28/2024,11:30,3746.4
10/28/2024,11:45,4033.2
10/28/2024,12:00,4436.4
10/28/2024,12:15,4662
10/28/2024,12:30,4804.8
10/28/2024,12:45,4898.4
10/28/2024,13:00,4749.6
10/28/2024,13:15,3787.2
10/28/2024,13:30,4735.2
10/28/2024,13:45,4804.8
10/28/2024,14:00,4896
10/28/2024,14:15,4891.2
10/28/2024,14:30,4257.6
10/28/2024,14:45,4518
10/28/2024,15:00,4014
10/28/2024,15:15,4014
10/28/2024,15:30,4554
10/28/2024,15:45,4456.8
10/28/2024,16:00,4690.8
10/28/2024,16:15,4508.4
10/28/2024,16:30,4743.6
10/28/2024,16:45,3938.4
10/28/2024,17:00,4195.2
10/28/2024,17:15,4768.8
10/28/2024,17:30,4552.8
10/28/2024,17:45,4215.6
10/28/2024,18:00,4094.4
10/28/2024,18:15,4317.6
10/28/2024,18:30,3740.4
10/28/2024,18:45,2371.2
10/28/2024,19:00,2794.8
10/28/2024,19:15,3186
10/28/2024,19:30,2853.6
10/28/2024,19:45,3298.8
10/28/2024,20:00,3381.6
10/28/2024,20:15,2502
10/28/2024,20:30,3406.8
10/28/2024,20:45,3438
10/28/2024,21:00,2902.8
10/28/2024,21:15,3404.4
10/28/2024,21:30,2941.2
10/28/2024,21:45,3333.6
10/28/2024,22:00,3393.6
10/28/2024,22:15,3336
10/28/2024,22:30,3392.4
10/28/2024,22:45,3350.4
10/28/2024,23:00,3376.8
10/28/2024,23:15,3294
10/28/2024,23:30,3351.6
10/28/2024,23:45,2853.6
10/29/2024,0:00,2790
10/29/2024,0:15,3368.4
10/29/2024,0:30,3362.4
10/29/2024,0:45,3366
10/29/2024,1:00,3315.6
10/29/2024,1:15,3322.8
10/29/2024,1:30,3382.8
10/29/2024,1:45,3356.4
10/29/2024,2:00,3268.8
10/29/2024,2:15,3606
10/29/2024,2:30,3666
10/29/2024,2:45,3650.4
10/29/2024,3:00,3744
10/29/2024,3:15,3724.8
10/29/2024,3:30,3730.8
10/29/2024,3:45,3620.4
10/29/2024,4:00,3657.6
10/29/2024,4:15,3328.8
10/29/2024,4:30,3229.2
10/29/2024,4:45,3274.8
10/29/2024,5:00,3274.8
10/29/2024,5:15,3190.8
10/29/2024,5:30,2863.2
10/29/2024,5:45,3308.4
10/29/2024,6:00,3295.2
10/29/2024,6:15,3249.6
10/29/2024,6:30,3289.2
10/29/2024,6:45,3345.6
10/29/2024,7:00,2301.6
10/29/2024,7:15,2482.8
10/29/2024,7:30,2714.4
10/29/2024,7:45,3295.2
10/29/2024,8:00,3634.8
10/29/2024,8:15,4568.4
10/29/2024,8:30,4684.8
10/29/2024,8:45,4748.4
10/29/2024,9:00,4755.6
10/29/2024,9:15,4480.8
10/29/2024,9:30,4512
10/29/2024,9:45,4228.8
10/29/2024,10:00,4330.8
10/29/2024,10:15,4424.4
10/29/2024,10:30,4274.4
10/29/2024,10:45,4672.8
10/29/2024,11:00,4488
10/29/2024,11:15,4020
10/29/2024,11:30,4261.2
10/29/2024,11:45,3952.8
10/29/2024,12:00,4372.8
10/29/2024,12:15,4168.8
10/29/2024,12:30,4351.2
10/29/2024,12:45,4462.8
10/29/2024,13:00,4753.2
10/29/2024,13:15,4353.6
10/29/2024,13:30,4268.4
10/29/2024,13:45,4696.8
10/29/2024,14:00,4774.8
10/29/2024,14:15,4408.8
10/29/2024,14:30,4490.4
10/29/2024,14:45,4398
10/29/2024,15:00,4920
10/29/2024,15:15,4514.4
10/29/2024,15:30,5128.8
10/29/2024,15:45,5060.4
10/29/2024,16:00,4740
10/29/2024,16:15,4898.4
10/29/2024,16:30,4322.4
10/29/2024,16:45,4390.8
10/29/2024,17:00,4699.2
10/29/2024,17:15,4249.2
10/29/2024,17:30,4438.8
10/29/2024,17:45,4611.6
10/29/2024,18:00,4591.2
10/29/2024,18:15,4880.4
10/29/2024,18:30,4036.8
10/29/2024,18:45,3346.8
10/29/2024,19:00,3424.8
10/29/2024,19:15,3306
10/29/2024,19:30,3373.2
10/29/2024,19:45,2847.6
10/29/2024,20:00,2473.2
10/29/2024,20:15,3380.4
10/29/2024,20:30,2461.2
10/29/2024,20:45,2509.2
10/29/2024,21:00,3358.8
10/29/2024,21:15,2714.4
10/29/2024,21:30,3354
10/29/2024,21:45,2481.6
10/29/2024,22:00,3507.6
10/29/2024,22:15,3003.6
10/29/2024,22:30,2935.2
10/29/2024,22:45,3424.8
10/29/2024,23:00,2509.2
10/29/2024,23:15,3483.6
10/29/2024,23:30,2414.4
10/29/2024,23:45,3345.6
10/30/2024,0:00,2534.4
10/30/2024,0:15,2514
10/30/2024,0:30,3024
10/30/2024,0:45,2540.4
10/30/2024,1:00,3393.6
10/30/2024,1:15,2575.2
10/30/2024,1:30,2529.6
10/30/2024,1:45,3354
10/30/2024,2:00,3439.2
10/30/2024,2:15,3416.4
10/30/2024,2:30,3378
10/30/2024,2:45,2331.6
10/30/2024,3:00,2305.2
10/30/2024,3:15,2536.8
10/30/2024,3:30,3117.6
10/30/2024,3:45,3474
10/30/2024,4:00,3295.2
10/30/2024,4:15,3378
10/30/2024,4:30,3273.6
10/30/2024,4:45,2906.4
10/30/2024,5:00,3358.8
10/30/2024,5:15,3345.6
10/30/2024,5:30,2452.8
10/30/2024,5:45,3301.2
10/30/2024,6:00,3307.2
10/30/2024,6:15,3310.8
10/30/2024,6:30,3303.6
10/30/2024,6:45,3360
10/30/2024,7:00,3258
10/30/2024,7:15,3555.6
10/30/2024,7:30,4062
10/30/2024,7:45,4599.6
10/30/2024,8:00,4482
10/30/2024,8:15,4574.4
10/30/2024,8:30,4696.8
10/30/2024,8:45,4766.4
10/30/2024,9:00,4780.8
10/30/2024,9:15,4544.4
10/30/2024,9:30,4552.8
10/30/2024,9:45,3994.8
10/30/2024,10:00,4652.4
10/30/2024,10:15,4611.6
10/30/2024,10:30,3966
10/30/2024,10:45,4285.2
10/30/2024,11:00,3691.2
10/30/2024,11:15,4450.8
10/30/2024,11:30,3319.2
10/30/2024,11:45,3979.2
10/30/2024,12:00,4458
10/30/2024,12:15,4906.8
10/30/2024,12:30,4730.4
10/30/2024,12:45,4840.8
10/30/2024,13:00,4326
10/30/2024,13:15,4909.2
10/30/2024,13:30,4632
10/30/2024,13:45,4778.4
10/30/2024,14:00,4676.4
10/30/2024,14:15,4478.4
10/30/2024,14:30,4812
10/30/2024,14:45,4909.2
10/30/2024,15:00,4495.2
10/30/2024,15:15,5005.2
10/30/2024,15:30,4698
10/30/2024,15:45,3674.4
10/30/2024,16:00,3909.6
10/30/2024,16:15,4118.4
10/30/2024,16:30,4438.8
10/30/2024,16:45,4848
10/30/2024,17:00,5041.2
10/30/2024,17:15,4173.6
10/30/2024,17:30,4578
10/30/2024,17:45,4095.6
10/30/2024,18:00,4624.8
10/30/2024,18:15,4544.4
10/30/2024,18:30,4204.8
10/30/2024,18:45,3519.6
10/30/2024,19:00,3487.2
10/30/2024,19:15,3582
10/30/2024,19:30,2928
10/30/2024,19:45,2950.8
10/30/2024,20:00,3381.6
10/30/2024,20:15,3436.8
10/30/2024,20:30,3475.2
10/30/2024,20:45,2637.6
10/30/2024,21:00,2990.4
10/30/2024,21:15,3534
10/30/2024,21:30,3553.2
10/30/2024,21:45,3560.4
10/30/2024,22:00,2540.4
10/30/2024,22:15,3426
10/30/2024,22:30,3340.8
10/30/2024,22:45,3415.2
10/30/2024,23:00,3446.4
10/30/2024,23:15,3403.2
10/30/2024,23:30,3404.4
10/30/2024,23:45,3172.8
10/31/2024,0:00,2463.6
10/31/2024,0:15,2744.4
10/31/2024,0:30,2626.8
10/31/2024,0:45,2430
10/31/2024,1:00,2358
10/31/2024,1:15,2187.6
10/31/2024,1:30,1200
10/31/2024,1:45,1632
10/31/2024,2:00,1233.6
10/31/2024,2:15,806.4
10/31/2024,2:30,759.6
10/31/2024,2:45,716.4
10/31/2024,3:00,712.8
10/31/2024,3:15,693.6
10/31/2024,3:30,726
10/31/2024,3:45,652.8
10/31/2024,4:00,747.6
10/31/2024,4:15,688.8
10/31/2024,4:30,624
10/31/2024,4:45,889.2
10/31/2024,5:00,813.6
10/31/2024,5:15,842.4
10/31/2024,5:30,777.6
10/31/2024,5:45,631.2
10/31/2024,6:00,600
10/31/2024,6:15,1448.4
10/31/2024,6:30,1790.4
10/31/2024,6:45,2022
10/31/2024,7:00,2202
10/31/2024,7:15,2908.8
10/31/2024,7:30,3207.6
10/31/2024,7:45,3513.6
10/31/2024,8:00,4057.2
10/31/2024,8:15,4233.6
10/31/2024,8:30,3272.4
10/31/2024,8:45,4454.4
10/31/2024,9:00,4304.4
10/31/2024,9:15,3825.6
10/31/2024,9:30,4251.6
10/31/2024,9:45,4069.2
10/31/2024,10:00,4431.6
10/31/2024,10:15,4569.6
10/31/2024,10:30,4761.6
10/31/2024,10:45,3937.2
10/31/2024,11:00,4821.6
10/31/2024,11:15,4730.4
10/31/2024,11:30,4332
10/31/2024,11:45,4114.8
10/31/2024,12:00,4336.8
10/31/2024,12:15,4704
10/31/2024,12:30,4896
10/31/2024,12:45,4749.6
10/31/2024,13:00,4465.2
10/31/2024,13:15,4809.6
10/31/2024,13:30,4059.6
10/31/2024,13:45,4087.2
10/31/2024,14:00,3663.6
10/31/2024,14:15,4592.4
10/31/2024,14:30,4552.8
10/31/2024,14:45,4587.6
10/31/2024,15:00,4510.8
10/31/2024,15:15,4532.4
10/31/2024,15:30,4358.4
10/31/2024,15:45,4375.2
10/31/2024,16:00,4765.2
10/31/2024,16:15,4470
10/31/2024,16:30,3760.8
10/31/2024,16:45,3904.8
10/31/2024,17:00,4160.4
10/31/2024,17:15,4214.4
10/31/2024,17:30,4413.6
10/31/2024,17:45,4524
10/31/2024,18:00,4483.2
10/31/2024,18:15,4376.4
10/31/2024,18:30,3546
10/31/2024,18:45,3565.2
10/31/2024,19:00,3582
10/31/2024,19:15,3544.8
10/31/2024,19:30,3628.8
10/31/2024,19:45,3489.6
10/31/2024,20:00,3570
10/31/2024,20:15,3441.6
10/31/2024,20:30,3540
10/31/2024,20:45,3514.8
10/31/2024,21:00,3392.4
10/31/2024,21:15,3360
10/31/2024,21:30,3492
10/31/2024,21:45,3396
10/31/2024,22:00,3426
10/31/2024,22:15,2527.2
10/31/2024,22:30,3508.8
10/31/2024,22:45,3498
10/31/2024,23:00,3436.8
10/31/2024,23:15,2332.8
10/31/2024,23:30,2972.4
10/31/2024,23:45,2628
11/1/2024,0:00,3373.2
11/1/2024,0:15,3424.8
11/1/2024,0:30,3410.4
11/1/2024,0:45,3343.2
11/1/2024,1:00,3447.6
11/1/2024,1:15,2391.6
11/1/2024,1:30,3390
11/1/2024,1:45,2532
11/1/2024,2:00,3016.8
11/1/2024,2:15,3662.4
11/1/2024,2:30,3207.6
11/1/2024,2:45,3657.6
11/1/2024,3:00,2440.8
11/1/2024,3:15,3363.6
11/1/2024,3:30,3316.8
11/1/2024,3:45,3373.2
11/1/2024,4:00,3382.8
11/1/2024,4:15,2426.4
11/1/2024,4:30,2804.4
11/1/2024,4:45,2806.8
11/1/2024,5:00,3436.8
11/1/2024,5:15,3476.4
11/1/2024,5:30,2961.6
11/1/2024,5:45,2882.4
11/1/2024,6:00,2818.8
11/1/2024,6:15,2316
11/1/2024,6:30,2752.8
11/1/2024,6:45,3295.2
11/1/2024,7:00,2796
11/1/2024,7:15,3180
11/1/2024,7:30,2917.2
11/1/2024,7:45,4312.8
11/1/2024,8:00,3598.8
11/1/2024,8:15,3740.4
11/1/2024,8:30,4320
11/1/2024,8:45,4074
11/1/2024,9:00,3894
11/1/2024,9:15,4200
11/1/2024,9:30,4194
11/1/2024,9:45,4344
11/1/2024,10:00,4548
11/1/2024,10:15,4947.6
11/1/2024,10:30,4365.6
11/1/2024,10:45,4639.2
11/1/2024,11:00,4696.8
11/1/2024,11:15,4290
11/1/2024,11:30,3865.2
11/1/2024,11:45,2773.2
11/1/2024,12:00,4057.2
11/1/2024,12:15,4398
11/1/2024,12:30,4388.4
11/1/2024,12:45,4018.8
11/1/2024,13:00,4293.6
11/1/2024,13:15,4407.6
11/1/2024,13:30,4557.6
11/1/2024,13:45,4407.6
11/1/2024,14:00,4635.6
11/1/2024,14:15,4779.6
11/1/2024,14:30,4680
11/1/2024,14:45,4608
11/1/2024,15:00,4682.4
11/1/2024,15:15,4171.2
11/1/2024,15:30,4406.4
11/1/2024,15:45,3996
11/1/2024,16:00,4030.8
11/1/2024,16:15,3138
11/1/2024,16:30,3458.4
11/1/2024,16:45,2067.6
11/1/2024,17:00,1376.4
11/1/2024,17:15,1485.6
11/1/2024,17:30,1654.8
11/1/2024,17:45,1316.4
11/1/2024,18:00,1598.4
11/1/2024,18:15,1021.2
11/1/2024,18:30,1160.4
11/1/2024,18:45,506.4
11/1/2024,19:00,199.2
11/1/2024,19:15,310.8
11/1/2024,19:30,319.2
11/1/2024,19:45,300
11/1/2024,20:00,325.2
11/1/2024,20:15,315.6
11/1/2024,20:30,328.8
11/1/2024,20:45,345.6
11/1/2024,21:00,312
11/1/2024,21:15,338.4
11/1/2024,21:30,336
11/1/2024,21:45,340.8
11/1/2024,22:00,318
11/1/2024,22:15,316.8
11/1/2024,22:30,339.6
11/1/2024,22:45,319.2
11/1/2024,23:00,306
11/1/2024,23:15,290.4
11/1/2024,23:30,309.6
11/1/2024,23:45,301.2
11/2/2024,0:00,303.6
11/2/2024,0:15,308.4
11/2/2024,0:30,312
11/2/2024,0:45,312
11/2/2024,1:00,322.8
11/2/2024,1:15,314.4
11/2/2024,1:30,330
11/2/2024,1:45,322.8
11/2/2024,2:00,321.6
11/2/2024,2:15,322.8
11/2/2024,2:30,566.4
11/2/2024,2:45,579.6
11/2/2024,3:00,466.8
11/2/2024,3:15,466.8
11/2/2024,3:30,482.4
11/2/2024,3:45,200.4
11/2/2024,4:00,169.2
11/2/2024,4:15,202.8
11/2/2024,4:30,218.4
11/2/2024,4:45,201.6
11/2/2024,5:00,244.8
11/2/2024,5:15,241.2
11/2/2024,5:30,325.2
11/2/2024,5:45,315.6
11/2/2024,6:00,330
11/2/2024,6:15,192
11/2/2024,6:30,183.6
11/2/2024,6:45,175.2
11/2/2024,7:00,210
11/2/2024,7:15,540
11/2/2024,7:30,570
11/2/2024,7:45,783.6
11/2/2024,8:00,913.2
11/2/2024,8:15,1032
11/2/2024,8:30,1158
11/2/2024,8:45,1149.6
11/2/2024,9:00,1311.6
11/2/2024,9:15,1644
11/2/2024,9:30,1282.8
11/2/2024,9:45,1656
11/2/2024,10:00,1342.8
11/2/2024,10:15,1353.6
11/2/2024,10:30,1592.4
11/2/2024,10:45,1598.4
11/2/2024,11:00,1341.6
11/2/2024,11:15,642
11/2/2024,11:30,331.2
11/2/2024,11:45,596.4
11/2/2024,12:00,1323.6
11/2/2024,12:15,1311.6
11/2/2024,12:30,1172.4
11/2/2024,12:45,1552.8
11/2/2024,13:00,1398
11/2/2024,13:15,1344
11/2/2024,13:30,1406.4
11/2/2024,13:45,1516.8
11/2/2024,14:00,1442.4
11/2/2024,14:15,1501.2
11/2/2024,14:30,1640.4
11/2/2024,14:45,1550.4
11/2/2024,15:00,1684.8
11/2/2024,15:15,1369.2
11/2/2024,15:30,1500
11/2/2024,15:45,1354.8
11/2/2024,16:00,1740
11/2/2024,16:15,1395.6
11/2/2024,16:30,1604.4
11/2/2024,16:45,1630.8
11/2/2024,17:00,1377.6
11/2/2024,17:15,1345.2
11/2/2024,17:30,1212
11/2/2024,17:45,1232.4
11/2/2024,18:00,1368
11/2/2024,18:15,1374
11/2/2024,18:30,1004.4
11/2/2024,18:45,248.4
11/2/2024,19:00,289.2
11/2/2024,19:15,272.4
11/2/2024,19:30,271.2
11/2/2024,19:45,278.4
11/2/2024,20:00,277.2
11/2/2024,20:15,228
11/2/2024,20:30,225.6
11/2/2024,20:45,292.8
11/2/2024,21:00,220.8
11/2/2024,21:15,302.4
11/2/2024,21:30,273.6
11/2/2024,21:45,256.8
11/2/2024,22:00,259.2
11/2/2024,22:15,207.6
11/2/2024,22:30,327.6
11/2/2024,22:45,285.6
11/2/2024,23:00,211.2
11/2/2024,23:15,199.2
11/2/2024,23:30,264
11/2/2024,23:45,249.6
11/3/2024,0:00,208.8
11/3/2024,0:15,206.4
11/3/2024,0:30,330
11/3/2024,0:45,277.2
11/3/2024,1:00,210
11/3/2024,1:15,200.4
11/3/2024,1:30,296.4
11/3/2024,1:45,252
11/3/2024,2:00,207.6
11/3/2024,2:15,546
11/3/2024,2:30,430.8
11/3/2024,2:45,555.6
11/3/2024,3:00,348
11/3/2024,3:15,261.6
11/3/2024,3:30,219.6
11/3/2024,3:45,315.6
11/3/2024,4:00,195.6
11/3/2024,4:15,274.8
11/3/2024,4:30,206.4
11/3/2024,4:45,253.2
11/3/2024,5:00,206.4
11/3/2024,5:15,202.8
11/3/2024,5:30,312
11/3/2024,5:45,270
11/3/2024,6:00,204
11/3/2024,6:15,205.2
11/3/2024,6:30,320.4
11/3/2024,6:45,190.8
11/3/2024,7:00,312
11/3/2024,7:15,453.6
11/3/2024,7:30,678
11/3/2024,7:45,1513.2
11/3/2024,8:00,1736.4
11/3/2024,8:15,1300.8
11/3/2024,8:30,1425.6
11/3/2024,8:45,1459.2
11/3/2024,9:00,1515.6
11/3/2024,9:15,1537.2
11/3/2024,9:30,1480.8
11/3/2024,9:45,1376.4
11/3/2024,10:00,1690.8
11/3/2024,10:15,1628.4
11/3/2024,10:30,1498.8
11/3/2024,10:45,1334.4
11/3/2024,11:00,1126.8
11/3/2024,11:15,1113.6
11/3/2024,11:30,550.8
11/3/2024,11:45,501.6
11/3/2024,12:00,890.4
11/3/2024,12:15,1148.4
11/3/2024,12:30,1348.8
11/3/2024,12:45,1519.2
11/3/2024,13:00,1622.4
11/3/2024,13:15,1623.6
11/3/2024,13:30,998.4
11/3/2024,13:45,1138.8
11/3/2024,14:00,1312.8
11/3/2024,14:15,1294.8
11/3/2024,14:30,1066.8
11/3/2024,14:45,1316.4
11/3/2024,15:00,1105.2
11/3/2024,15:15,1309.2
11/3/2024,15:30,1335.6
11/3/2024,15:45,1484.4
11/3/2024,16:00,1419.6
11/3/2024,16:15,1563.6
11/3/2024,16:30,1398
11/3/2024,16:45,1332
11/3/2024,17:00,1376.4
11/3/2024,17:15,1490.4
11/3/2024,17:30,1339.2
11/3/2024,17:45,1299.6
11/3/2024,18:00,679.2
11/3/2024,18:15,172.8
11/3/2024,18:30,163.2
11/3/2024,18:45,158.4
11/3/2024,19:00,178.8
11/3/2024,19:15,180
11/3/2024,19:30,202.8
11/3/2024,19:45,212.4
11/3/2024,20:00,199.2
11/3/2024,20:15,213.6
11/3/2024,20:30,210
11/3/2024,20:45,216
11/3/2024,21:00,211.2
11/3/2024,21:15,187.2
11/3/2024,21:30,204
11/3/2024,21:45,201.6
11/3/2024,22:00,202.8
11/3/2024,22:15,205.2
11/3/2024,22:30,210
11/3/2024,22:45,205.2
11/3/2024,23:00,208.8
11/3/2024,23:15,195.6
11/3/2024,23:30,194.4
11/3/2024,23:45,190.8
11/4/2024,0:00,187.2
11/4/2024,0:15,181.2
11/4/2024,0:30,190.8
11/4/2024,0:45,183.6
11/4/2024,1:00,186
11/4/2024,1:15,219.6
11/4/2024,1:30,192
11/4/2024,1:45,206.4
11/4/2024,2:00,211.2
11/4/2024,2:15,201.6
11/4/2024,2:30,200.4
11/4/2024,2:45,213.6
11/4/2024,3:00,446.4
11/4/2024,3:15,427.2
11/4/2024,3:30,444
11/4/2024,3:45,450
11/4/2024,4:00,264
11/4/2024,4:15,106.8
11/4/2024,4:30,126
11/4/2024,4:45,108
11/4/2024,5:00,160.8
11/4/2024,5:15,118.8
11/4/2024,5:30,231.6
11/4/2024,5:45,121.2
11/4/2024,6:00,240
11/4/2024,6:15,135.6
11/4/2024,6:30,159.6
11/4/2024,6:45,122.4
11/4/2024,7:00,130.8
11/4/2024,7:15,373.2
11/4/2024,7:30,535.2
11/4/2024,7:45,1454.4
11/4/2024,8:00,1572
11/4/2024,8:15,1628.4
11/4/2024,8:30,1670.4
11/4/2024,8:45,1635.6
11/4/2024,9:00,1429.2
11/4/2024,9:15,1698
11/4/2024,9:30,1963.2
11/4/2024,9:45,1698
11/4/2024,10:00,1698
11/4/2024,10:15,1587.6
11/4/2024,10:30,1680
11/4/2024,10:45,1345.2
11/4/2024,11:00,1498.8
11/4/2024,11:15,1054.8
11/4/2024,11:30,781.2
11/4/2024,11:45,967.2
11/4/2024,12:00,1603.2
11/4/2024,12:15,2109.6
11/4/2024,12:30,2248.8
11/4/2024,12:45,2479.2
11/4/2024,13:00,2820
11/4/2024,13:15,3286.8
11/4/2024,13:30,4160.4
11/4/2024,13:45,3748.8
11/4/2024,14:00,3507.6
11/4/2024,14:15,3879.6
11/4/2024,14:30,4706.4
11/4/2024,14:45,4891.2
11/4/2024,15:00,4778.4
11/4/2024,15:15,4279.2
11/4/2024,15:30,4489.2
11/4/2024,15:45,4478.4
11/4/2024,16:00,4228.8
11/4/2024,16:15,4425.6
11/4/2024,16:30,4387.2
11/4/2024,16:45,3393.6
11/4/2024,17:00,4573.2
11/4/2024,17:15,4453.2
11/4/2024,17:30,3914.4
11/4/2024,17:45,4190.4
11/4/2024,18:00,4485.6
11/4/2024,18:15,4531.2
11/4/2024,18:30,3888
11/4/2024,18:45,2385.6
11/4/2024,19:00,3358.8
11/4/2024,19:15,3204
11/4/2024,19:30,2785.2
11/4/2024,19:45,3409.2
11/4/2024,20:00,3450
11/4/2024,20:15,2478
11/4/2024,20:30,3308.4
11/4/2024,20:45,3325.2
11/4/2024,21:00,3319.2
11/4/2024,21:15,3320.4
11/4/2024,21:30,3350.4
11/4/2024,21:45,3440.4
11/4/2024,22:00,3421.2
11/4/2024,22:15,3367.2
11/4/2024,22:30,3398.4
11/4/2024,22:45,3367.2
11/4/2024,23:00,3308.4
11/4/2024,23:15,3255.6
11/4/2024,23:30,2842.8
11/4/2024,23:45,2452.8
11/5/2024,0:00,2948.4
11/5/2024,0:15,3412.8
11/5/2024,0:30,2922
11/5/2024,0:45,3283.2
11/5/2024,1:00,3390
11/5/2024,1:15,3336
11/5/2024,1:30,3337.2
11/5/2024,1:45,3025.2
11/5/2024,2:00,3454.8
11/5/2024,2:15,3288
11/5/2024,2:30,3363.6
11/5/2024,2:45,3363.6
11/5/2024,3:00,3294
11/5/2024,3:15,3686.4
11/5/2024,3:30,2707.2
11/5/2024,3:45,2678.4
11/5/2024,4:00,3367.2
11/5/2024,4:15,2516.4
11/5/2024,4:30,3368.4
11/5/2024,4:45,3380.4
11/5/2024,5:00,2400
11/5/2024,5:15,2432.4
11/5/2024,5:30,3314.4
11/5/2024,5:45,2383.2
11/5/2024,6:00,3289.2
11/5/2024,6:15,3230.4
11/5/2024,6:30,3222
11/5/2024,6:45,3237.6
11/5/2024,7:00,3285.6
11/5/2024,7:15,3586.8
11/5/2024,7:30,4172.4
11/5/2024,7:45,3470.4
11/5/2024,8:00,4221.6
11/5/2024,8:15,4491.6
11/5/2024,8:30,4989.6
11/5/2024,8:45,4850.4
11/5/2024,9:00,4035.6
11/5/2024,9:15,4353.6
11/5/2024,9:30,4860
11/5/2024,9:45,3964.8
11/5/2024,10:00,3916.8
11/5/2024,10:15,4185.6
11/5/2024,10:30,4544.4
11/5/2024,10:45,3841.2
11/5/2024,11:00,3579.6
11/5/2024,11:15,3295.2
11/5/2024,11:30,3735.6
11/5/2024,11:45,3624
11/5/2024,12:00,3204
11/5/2024,12:15,4747.2
11/5/2024,12:30,4749.6
11/5/2024,12:45,4503.6
11/5/2024,13:00,4828.8
11/5/2024,13:15,4710
11/5/2024,13:30,3714
11/5/2024,13:45,4473.6
11/5/2024,14:00,3878.4
11/5/2024,14:15,4728
11/5/2024,14:30,3838.8
11/5/2024,14:45,3748.8
11/5/2024,15:00,4600.8
11/5/2024,15:15,3470.4
11/5/2024,15:30,3710.4
11/5/2024,15:45,3696
11/5/2024,16:00,4041.6
11/5/2024,16:15,3650.4
11/5/2024,16:30,4094.4
11/5/2024,16:45,3718.8
11/5/2024,17:00,4726.8
11/5/2024,17:15,4278
11/5/2024,17:30,4548
11/5/2024,17:45,4886.4
11/5/2024,18:00,4606.8
11/5/2024,18:15,3926.4
11/5/2024,18:30,3894
11/5/2024,18:45,2404.8
11/5/2024,19:00,2248.8
11/5/2024,19:15,3435.6
11/5/2024,19:30,3042
11/5/2024,19:45,3022.8
11/5/2024,20:00,3432
11/5/2024,20:15,2568
11/5/2024,20:30,3451.2
11/5/2024,20:45,2578.8
11/5/2024,21:00,3544.8
11/5/2024,21:15,3052.8
11/5/2024,21:30,2916
11/5/2024,21:45,2326.8
11/5/2024,22:00,2401.2
11/5/2024,22:15,3291.6
11/5/2024,22:30,3338.4
11/5/2024,22:45,3380.4
11/5/2024,23:00,3348
11/5/2024,23:15,2860.8
11/5/2024,23:30,2874
11/5/2024,23:45,3366
11/6/2024,0:00,2418
11/6/2024,0:15,2877.6
11/6/2024,0:30,2881.2
11/6/2024,0:45,3351.6
11/6/2024,1:00,2925.6
11/6/2024,1:15,2505.6
11/6/2024,1:30,3362.4
11/6/2024,1:45,3373.2
11/6/2024,2:00,2456.4
11/6/2024,2:15,3314.4
11/6/2024,2:30,3469.2
11/6/2024,2:45,2506.8
11/6/2024,3:00,3309.6
11/6/2024,3:15,3361.2
11/6/2024,3:30,3506.4
11/6/2024,3:45,3086.4
11/6/2024,4:00,3512.4
11/6/2024,4:15,3495.6
11/6/2024,4:30,3471.6
11/6/2024,4:45,3337.2
11/6/2024,5:00,3319.2
11/6/2024,5:15,3393.6
11/6/2024,5:30,2766
11/6/2024,5:45,3249.6
11/6/2024,6:00,3201.6
11/6/2024,6:15,2854.8
11/6/2024,6:30,2821.2
11/6/2024,6:45,3189.6
11/6/2024,7:00,3169.2
11/6/2024,7:15,3094.8
11/6/2024,7:30,3348
11/6/2024,7:45,3481.2
11/6/2024,8:00,3735.6
11/6/2024,8:15,3432
11/6/2024,8:30,3578.4
11/6/2024,8:45,3861.6
11/6/2024,9:00,4650
11/6/2024,9:15,4884
11/6/2024,9:30,4287.6
11/6/2024,9:45,4820.4
11/6/2024,10:00,4665.6
11/6/2024,10:15,4580.4
11/6/2024,10:30,4825.2
11/6/2024,10:45,4462.8
11/6/2024,11:00,4944
11/6/2024,11:15,4024.8
11/6/2024,11:30,3552
11/6/2024,11:45,3468
11/6/2024,12:00,4053.6
11/6/2024,12:15,4959.6
11/6/2024,12:30,4814.4
11/6/2024,12:45,4959.6
11/6/2024,13:00,4471.2
11/6/2024,13:15,4603.2
11/6/2024,13:30,3752.4
11/6/2024,13:45,4110
11/6/2024,14:00,4646.4
11/6/2024,14:15,4669.2
11/6/2024,14:30,3660
11/6/2024,14:45,3559.2
11/6/2024,15:00,3780
11/6/2024,15:15,3480
11/6/2024,15:30,4903.2
11/6/2024,15:45,4896
11/6/2024,16:00,3525.6
11/6/2024,16:15,3589.2
11/6/2024,16:30,4065.6
11/6/2024,16:45,4471.2
11/6/2024,17:00,4405.2
11/6/2024,17:15,4000.8
11/6/2024,17:30,4140
11/6/2024,17:45,3740.4
11/6/2024,18:00,3168
11/6/2024,18:15,3057.6
11/6/2024,18:30,2535.6
11/6/2024,18:45,3285.6
11/6/2024,19:00,3218.4
11/6/2024,19:15,3274.8
11/6/2024,19:30,3298.8
11/6/2024,19:45,3367.2
11/6/2024,20:00,2839.2
11/6/2024,20:15,3163.2
11/6/2024,20:30,3183.6
11/6/2024,20:45,2727.6
11/6/2024,21:00,2611.2
11/6/2024,21:15,2536.8
11/6/2024,21:30,2247.6
11/6/2024,21:45,2023.2
11/6/2024,22:00,1657.2
11/6/2024,22:15,1526.4
11/6/2024,22:30,345.6
11/6/2024,22:45,256.8
11/6/2024,23:00,259.2
11/6/2024,23:15,235.2
11/6/2024,23:30,279.6
11/6/2024,23:45,266.4
11/7/2024,0:00,729.6
11/7/2024,0:15,933.6
11/7/2024,0:30,433.2
11/7/2024,0:45,433.2
11/7/2024,1:00,414
11/7/2024,1:15,417.6
11/7/2024,1:30,408
11/7/2024,1:45,394.8
11/7/2024,2:00,384
11/7/2024,2:15,380.4
11/7/2024,2:30,1012.8
11/7/2024,2:45,1354.8
11/7/2024,3:00,1668
11/7/2024,3:15,1870.8
11/7/2024,3:30,1962
11/7/2024,3:45,2144.4
11/7/2024,4:00,2689.2
11/7/2024,4:15,2724
11/7/2024,4:30,2698.8
11/7/2024,4:45,3229.2
11/7/2024,5:00,3121.2
11/7/2024,5:15,3170.4
11/7/2024,5:30,3190.8
11/7/2024,5:45,3234
11/7/2024,6:00,3236.4
11/7/2024,6:15,3192
11/7/2024,6:30,3205.2
11/7/2024,6:45,3253.2
11/7/2024,7:00,3196.8
11/7/2024,7:15,3030
11/7/2024,7:30,3909.6
11/7/2024,7:45,3703.2
11/7/2024,8:00,3440.4
11/7/2024,8:15,4279.2
11/7/2024,8:30,4436.4
11/7/2024,8:45,4626
11/7/2024,9:00,4740
11/7/2024,9:15,4650
11/7/2024,9:30,4650
11/7/2024,9:45,4579.2
11/7/2024,10:00,4729.2
11/7/2024,10:15,4398
11/7/2024,10:30,4632
11/7/2024,10:45,4754.4
11/7/2024,11:00,4621.2
11/7/2024,11:15,3669.6
11/7/2024,11:30,3123.6
11/7/2024,11:45,3712.8
11/7/2024,12:00,3439.2
11/7/2024,12:15,3837.6
11/7/2024,12:30,4466.4
11/7/2024,12:45,3615.6
11/7/2024,13:00,3493.2
11/7/2024,13:15,1816.8
11/7/2024,13:30,1941.6
11/7/2024,13:45,2623.2
11/7/2024,14:00,2311.2
11/7/2024,14:15,2396.4
11/7/2024,14:30,2062.8
11/7/2024,14:45,2006.4
11/7/2024,15:00,2728.8
11/7/2024,15:15,2456.4
11/7/2024,15:30,2320.8
11/7/2024,15:45,1736.4
11/7/2024,16:00,1910.4
11/7/2024,16:15,1831.2
11/7/2024,16:30,1926
11/7/2024,16:45,1773.6
11/7/2024,17:00,1767.6
11/7/2024,17:15,1851.6
11/7/2024,17:30,2732.4
11/7/2024,17:45,2216.4
11/7/2024,18:00,2132.4
11/7/2024,18:15,2088
11/7/2024,18:30,2686.8
11/7/2024,18:45,3307.2
11/7/2024,19:00,2274
11/7/2024,19:15,3172.8
11/7/2024,19:30,2371.2
11/7/2024,19:45,3194.4
11/7/2024,20:00,3202.8
11/7/2024,20:15,2395.2
11/7/2024,20:30,3171.6
11/7/2024,20:45,3272.4
11/7/2024,21:00,2403.6
11/7/2024,21:15,2479.2
11/7/2024,21:30,3268.8
11/7/2024,21:45,3314.4
11/7/2024,22:00,2126.4
11/7/2024,22:15,2664
11/7/2024,22:30,3176.4
11/7/2024,22:45,3241.2
11/7/2024,23:00,3232.8
11/7/2024,23:15,3160.8
11/7/2024,23:30,3152.4
11/7/2024,23:45,3206.4
11/8/2024,0:00,2356.8
11/8/2024,0:15,3174
11/8/2024,0:30,3184.8
11/8/2024,0:45,3337.2
11/8/2024,1:00,3261.6
11/8/2024,1:15,3373.2
11/8/2024,1:30,3104.4
11/8/2024,1:45,3206.4
11/8/2024,2:00,3218.4
11/8/2024,2:15,3193.2
11/8/2024,2:30,3250.8
11/8/2024,2:45,3379.2
11/8/2024,3:00,2422.8
11/8/2024,3:15,3298.8
11/8/2024,3:30,3243.6
11/8/2024,3:45,3261.6
11/8/2024,4:00,3238.8
11/8/2024,4:15,3265.2
11/8/2024,4:30,2864.4
11/8/2024,4:45,3175.2
11/8/2024,5:00,3289.2
11/8/2024,5:15,3391.2
11/8/2024,5:30,3367.2
11/8/2024,5:45,3307.2
11/8/2024,6:00,3295.2
11/8/2024,6:15,3210
11/8/2024,6:30,3255.6
11/8/2024,6:45,3242.4
11/8/2024,7:00,3357.6
11/8/2024,7:15,3344.4
11/8/2024,7:30,3453.6
11/8/2024,7:45,3532.8
11/8/2024,8:00,4369.2
11/8/2024,8:15,4068
11/8/2024,8:30,4255.2
11/8/2024,8:45,4041.6
11/8/2024,9:00,3704.4
11/8/2024,9:15,4273.2
11/8/2024,9:30,4024.8
11/8/2024,9:45,4336.8
11/8/2024,10:00,3980.4
11/8/2024,10:15,2640
11/8/2024,10:30,3052.8
11/8/2024,10:45,4003.2
11/8/2024,11:00,3819.6
11/8/2024,11:15,3357.6
11/8/2024,11:30,2205.6
11/8/2024,11:45,2907.6
11/8/2024,12:00,2744.4
11/8/2024,12:15,2928
11/8/2024,12:30,3193.2
11/8/2024,12:45,3679.2
11/8/2024,13:00,3687.6
11/8/2024,13:15,4281.6
11/8/2024,13:30,4179.6
11/8/2024,13:45,4104
11/8/2024,14:00,4374
11/8/2024,14:15,4176
11/8/2024,14:30,3357.6
11/8/2024,14:45,3732
11/8/2024,15:00,4431.6
11/8/2024,15:15,3138
11/8/2024,15:30,3045.6
11/8/2024,15:45,4035.6
11/8/2024,16:00,3336
11/8/2024,16:15,3890.4
11/8/2024,16:30,3003.6
11/8/2024,16:45,3920.4
11/8/2024,17:00,3511.2
11/8/2024,17:15,2596.8
11/8/2024,17:30,3452.4
11/8/2024,17:45,3010.8
11/8/2024,18:00,3280.8
11/8/2024,18:15,2362.8
11/8/2024,18:30,3417.6
11/8/2024,18:45,2372.4
11/8/2024,19:00,2404.8
11/8/2024,19:15,3360
11/8/2024,19:30,3304.8
11/8/2024,19:45,3296.4
11/8/2024,20:00,2456.4
11/8/2024,20:15,3244.8
11/8/2024,20:30,2869.2
11/8/2024,20:45,3235.2
11/8/2024,21:00,3308.4
11/8/2024,21:15,3186
11/8/2024,21:30,2259.6
11/8/2024,21:45,2160
11/8/2024,22:00,3322.8
11/8/2024,22:15,3284.4
11/8/2024,22:30,3354
11/8/2024,22:45,3212.4
11/8/2024,23:00,3213.6
11/8/2024,23:15,3276
11/8/2024,23:30,3291.6
11/8/2024,23:45,3296.4
11/9/2024,0:00,2845.2
11/9/2024,0:15,3184.8
11/9/2024,0:30,3176.4
11/9/2024,0:45,3339.6
11/9/2024,1:00,3300
11/9/2024,1:15,3234
11/9/2024,1:30,3248.4
11/9/2024,1:45,3189.6
11/9/2024,2:00,2803.2
11/9/2024,2:15,2768.4
11/9/2024,2:30,3183.6
11/9/2024,2:45,3247.2
11/9/2024,3:00,3230.4
11/9/2024,3:15,3228
11/9/2024,3:30,3295.2
11/9/2024,3:45,3225.6
11/9/2024,4:00,3320.4
11/9/2024,4:15,3290.4
11/9/2024,4:30,3302.4
11/9/2024,4:45,3214.8
11/9/2024,5:00,3284.4
11/9/2024,5:15,3187.2
11/9/2024,5:30,3290.4
11/9/2024,5:45,3236.4
11/9/2024,6:00,3270
11/9/2024,6:15,3309.6
11/9/2024,6:30,3306
11/9/2024,6:45,3262.8
11/9/2024,7:00,3195.6
11/9/2024,7:15,3291.6
11/9/2024,7:30,3430.8
11/9/2024,7:45,3585.6
11/9/2024,8:00,4095.6
11/9/2024,8:15,3996
11/9/2024,8:30,4154.4
11/9/2024,8:45,4243.2
11/9/2024,9:00,3729.6
11/9/2024,9:15,3324
11/9/2024,9:30,3288
11/9/2024,9:45,2613.6
11/9/2024,10:00,3543.6
11/9/2024,10:15,3589.2
11/9/2024,10:30,3723.6
11/9/2024,10:45,3528
11/9/2024,11:00,2851.2
11/9/2024,11:15,2912.4
11/9/2024,11:30,2198.4
11/9/2024,11:45,3340.8
11/9/2024,12:00,3310.8
11/9/2024,12:15,3717.6
11/9/2024,12:30,3849.6
11/9/2024,12:45,3916.8
11/9/2024,13:00,3816
11/9/2024,13:15,3884.4
11/9/2024,13:30,4058.4
11/9/2024,13:45,3786
11/9/2024,14:00,3915.6
11/9/2024,14:15,4132.8
11/9/2024,14:30,3782.4
11/9/2024,14:45,3589.2
11/9/2024,15:00,3483.6
11/9/2024,15:15,4017.6
11/9/2024,15:30,4093.2
11/9/2024,15:45,3326.4
11/9/2024,16:00,2990.4
11/9/2024,16:15,2811.6
11/9/2024,16:30,3456
11/9/2024,16:45,3766.8
11/9/2024,17:00,3888
11/9/2024,17:15,3884.4
11/9/2024,17:30,3219.6
11/9/2024,17:45,3242.4
11/9/2024,18:00,3250.8
11/9/2024,18:15,3262.8
11/9/2024,18:30,3231.6
11/9/2024,18:45,3270
11/9/2024,19:00,3264
11/9/2024,19:15,3367.2
11/9/2024,19:30,3304.8
11/9/2024,19:45,3316.8
11/9/2024,20:00,3226.8
11/9/2024,20:15,3328.8
11/9/2024,20:30,3277.2
11/9/2024,20:45,3186
11/9/2024,21:00,3301.2
11/9/2024,21:15,3255.6
11/9/2024,21:30,3241.2
11/9/2024,21:45,3273.6
11/9/2024,22:00,3189.6
11/9/2024,22:15,2130
11/9/2024,22:30,2667.6
11/9/2024,22:45,3199.2
11/9/2024,23:00,3267.6
11/9/2024,23:15,3253.2
11/9/2024,23:30,3254.4
11/9/2024,23:45,2839.2
11/10/2024,0:00,3265.2
11/10/2024,0:15,3273.6
11/10/2024,0:30,3302.4
11/10/2024,0:45,3372
11/10/2024,1:00,3366
11/10/2024,1:15,2371.2
11/10/2024,1:30,3207.6
11/10/2024,1:45,3268.8
11/10/2024,2:00,3308.4
11/10/2024,2:15,3396
11/10/2024,2:30,2403.6
11/10/2024,2:45,3235.2
11/10/2024,3:00,3289.2
11/10/2024,3:15,2383.2
11/10/2024,3:30,3205.2
11/10/2024,3:45,3214.8
11/10/2024,4:00,3277.2
11/10/2024,4:15,3282
11/10/2024,4:30,3252
11/10/2024,4:45,2818.8
11/10/2024,5:00,3344.4
11/10/2024,5:15,3300
11/10/2024,5:30,3296.4
11/10/2024,5:45,3310.8
11/10/2024,6:00,3260.4
11/10/2024,6:15,3207.6
11/10/2024,6:30,2810.4
11/10/2024,6:45,2805.6
11/10/2024,7:00,3218.4
11/10/2024,7:15,3285.6
11/10/2024,7:30,3297.6
11/10/2024,7:45,3736.8
11/10/2024,8:00,3940.8
11/10/2024,8:15,4268.4
11/10/2024,8:30,4189.2
11/10/2024,8:45,3822
11/10/2024,9:00,3916.8
11/10/2024,9:15,3733.2
11/10/2024,9:30,3577.2
11/10/2024,9:45,3813.6
11/10/2024,10:00,2814
11/10/2024,10:15,2652
11/10/2024,10:30,2372.4
11/10/2024,10:45,2857.2
11/10/2024,11:00,2635.2
11/10/2024,11:15,3046.8
11/10/2024,11:30,2277.6
11/10/2024,11:45,2448
11/10/2024,12:00,2988
11/10/2024,12:15,3940.8
11/10/2024,12:30,3852
11/10/2024,12:45,3990
11/10/2024,13:00,4267.2
11/10/2024,13:15,4006.8
11/10/2024,13:30,4014
11/10/2024,13:45,4078.8
11/10/2024,14:00,3723.6
11/10/2024,14:15,4281.6
11/10/2024,14:30,4354.8
11/10/2024,14:45,4143.6
11/10/2024,15:00,4114.8
11/10/2024,15:15,4272
11/10/2024,15:30,4042.8
11/10/2024,15:45,3814.8
11/10/2024,16:00,3859.2
11/10/2024,16:15,3074.4
11/10/2024,16:30,4116
11/10/2024,16:45,3548.4
11/10/2024,17:00,3128.4
11/10/2024,17:15,3698.4
11/10/2024,17:30,2306.4
11/10/2024,17:45,2236.8
11/10/2024,18:00,3243.6
11/10/2024,18:15,2270.4
11/10/2024,18:30,3301.2
11/10/2024,18:45,2433.6
11/10/2024,19:00,3276
11/10/2024,19:15,3390
11/10/2024,19:30,3421.2
11/10/2024,19:45,3391.2
11/10/2024,20:00,3366
11/10/2024,20:15,3338.4
11/10/2024,20:30,3409.2
11/10/2024,20:45,3009.6
11/10/2024,21:00,3402
11/10/2024,21:15,3434.4
11/10/2024,21:30,3448.8
11/10/2024,21:45,3454.8
11/10/2024,22:00,2548.8
11/10/2024,22:15,3392.4
11/10/2024,22:30,2941.2
11/10/2024,22:45,939.6
11/10/2024,23:00,967.2
11/10/2024,23:15,848.4
11/10/2024,23:30,795.6
11/10/2024,23:45,1647.6
11/11/2024,0:00,2239.2
11/11/2024,0:15,2280
11/11/2024,0:30,2713.2
11/11/2024,0:45,2840.4
11/11/2024,1:00,3285.6
11/11/2024,1:15,3433.2
11/11/2024,1:30,2955.6
11/11/2024,1:45,3366
11/11/2024,2:00,2545.2
11/11/2024,2:15,3290.4
11/11/2024,2:30,3321.6
11/11/2024,2:45,3418.8
11/11/2024,3:00,3370.8
11/11/2024,3:15,3433.2
11/11/2024,3:30,3438
11/11/2024,3:45,3390
11/11/2024,4:00,3339.6
11/11/2024,4:15,3402
11/11/2024,4:30,3297.6
11/11/2024,4:45,3394.8
11/11/2024,5:00,3417.6
11/11/2024,5:15,3367.2
11/11/2024,5:30,2583.6
11/11/2024,5:45,3349.2
11/11/2024,6:00,3327.6
11/11/2024,6:15,2908.8
11/11/2024,6:30,2974.8
11/11/2024,6:45,3435.6
11/11/2024,7:00,3392.4
11/11/2024,7:15,3301.2
11/11/2024,7:30,3045.6
11/11/2024,7:45,4192.8
11/11/2024,8:00,3957.6
11/11/2024,8:15,4261.2
11/11/2024,8:30,4237.2
11/11/2024,8:45,4204.8
11/11/2024,9:00,3945.6
11/11/2024,9:15,4330.8
11/11/2024,9:30,4207.2
11/11/2024,9:45,3716.4
11/11/2024,10:00,4356
11/11/2024,10:15,4424.4
11/11/2024,10:30,4173.6
11/11/2024,10:45,4606.8
11/11/2024,11:00,4954.8
11/11/2024,11:15,3072
11/11/2024,11:30,2979.6
11/11/2024,11:45,2546.4
11/11/2024,12:00,3181.2
11/11/2024,12:15,4713.6
11/11/2024,12:30,4683.6
11/11/2024,12:45,4856.4
11/11/2024,13:00,4606.8
11/11/2024,13:15,4323.6
11/11/2024,13:30,4524
11/11/2024,13:45,4554
11/11/2024,14:00,4720.8
11/11/2024,14:15,4588.8
11/11/2024,14:30,4418.4
11/11/2024,14:45,4747.2
11/11/2024,15:00,4308
11/11/2024,15:15,4132.8
11/11/2024,15:30,4356
11/11/2024,15:45,4777.2
11/11/2024,16:00,4596
11/11/2024,16:15,4555.2
11/11/2024,16:30,4855.2
11/11/2024,16:45,4856.4
11/11/2024,17:00,4681.2
11/11/2024,17:15,4586.4
11/11/2024,17:30,4543.2
11/11/2024,17:45,4525.2
11/11/2024,18:00,4742.4
11/11/2024,18:15,4554
11/11/2024,18:30,3930
11/11/2024,18:45,3867.6
11/11/2024,19:00,3466.8
11/11/2024,19:15,3426
11/11/2024,19:30,3481.2
11/11/2024,19:45,3048
11/11/2024,20:00,3565.2
11/11/2024,20:15,3106.8
11/11/2024,20:30,3618
11/11/2024,20:45,3482.4
11/11/2024,21:00,3462
11/11/2024,21:15,3146.4
11/11/2024,21:30,3526.8
11/11/2024,21:45,3607.2
11/11/2024,22:00,3590.4
11/11/2024,22:15,3336
11/11/2024,22:30,3438
11/11/2024,22:45,3038.4
11/11/2024,23:00,2972.4
11/11/2024,23:15,3464.4
11/11/2024,23:30,3362.4
11/11/2024,23:45,3450
11/12/2024,0:00,3562.8
11/12/2024,0:15,3402
11/12/2024,0:30,3427.2
11/12/2024,0:45,3340.8
11/12/2024,1:00,2301.6
11/12/2024,1:15,3408
11/12/2024,1:30,2920.8
11/12/2024,1:45,2403.6
11/12/2024,2:00,3306
11/12/2024,2:15,2496
11/12/2024,2:30,2510.4
11/12/2024,2:45,2481.6
11/12/2024,3:00,2491.2
11/12/2024,3:15,3469.2
11/12/2024,3:30,2559.6
11/12/2024,3:45,3378
11/12/2024,4:00,2892
11/12/2024,4:15,2888.4
11/12/2024,4:30,3385.2
11/12/2024,4:45,2929.2
11/12/2024,5:00,2960.4
11/12/2024,5:15,3486
11/12/2024,5:30,3326.4
11/12/2024,5:45,2977.2
11/12/2024,6:00,3265.2
11/12/2024,6:15,3321.6
11/12/2024,6:30,3283.2
11/12/2024,6:45,2406
11/12/2024,7:00,3496.8
11/12/2024,7:15,3566.4
11/12/2024,7:30,3762
11/12/2024,7:45,3415.2
11/12/2024,8:00,4550.4
11/12/2024,8:15,3943.2
11/12/2024,8:30,4074
11/12/2024,8:45,3444
11/12/2024,9:00,3268.8
11/12/2024,9:15,3692.4
11/12/2024,9:30,3399.6
11/12/2024,9:45,4262.4
11/12/2024,10:00,4448.4
11/12/2024,10:15,3829.2
11/12/2024,10:30,3579.6
11/12/2024,10:45,4330.8
11/12/2024,11:00,3945.6
11/12/2024,11:15,3549.6
11/12/2024,11:30,3573.6
11/12/2024,11:45,3596.4
11/12/2024,12:00,4304.4
11/12/2024,12:15,3505.2
11/12/2024,12:30,3952.8
11/12/2024,12:45,4518
11/12/2024,13:00,3270
11/12/2024,13:15,3690
11/12/2024,13:30,3765.6
11/12/2024,13:45,4516.8
11/12/2024,14:00,3855.6
11/12/2024,14:15,4572
11/12/2024,14:30,4522.8
11/12/2024,14:45,3271.2
11/12/2024,15:00,3913.2
11/12/2024,15:15,4110
11/12/2024,15:30,4346.4
11/12/2024,15:45,4102.8
11/12/2024,16:00,4222.8
11/12/2024,16:15,4017.6
11/12/2024,16:30,2312.4
11/12/2024,16:45,3741.6
11/12/2024,17:00,3344.4
11/12/2024,17:15,3145.2
11/12/2024,17:30,3642
11/12/2024,17:45,4720.8
11/12/2024,18:00,4765.2
11/12/2024,18:15,4447.2
11/12/2024,18:30,4107.6
11/12/2024,18:45,3492
11/12/2024,19:00,3540
11/12/2024,19:15,3500.4
11/12/2024,19:30,3512.4
11/12/2024,19:45,3452.4
11/12/2024,20:00,3538.8
11/12/2024,20:15,3003.6
11/12/2024,20:30,2953.2
11/12/2024,20:45,2449.2
11/12/2024,21:00,3433.2
11/12/2024,21:15,3429.6
11/12/2024,21:30,3417.6
11/12/2024,21:45,3319.2
11/12/2024,22:00,3422.4
11/12/2024,22:15,3372
11/12/2024,22:30,3416.4
11/12/2024,22:45,3333.6
11/12/2024,23:00,3306
11/12/2024,23:15,2456.4
11/12/2024,23:30,2428.8
11/12/2024,23:45,2935.2
11/13/2024,0:00,1887.6
11/13/2024,0:15,2736
11/13/2024,0:30,1288.8
11/13/2024,0:45,662.4
11/13/2024,1:00,993.6
11/13/2024,1:15,632.4
11/13/2024,1:30,560.4
11/13/2024,1:45,532.8
11/13/2024,2:00,460.8
11/13/2024,2:15,447.6
11/13/2024,2:30,445.2
11/13/2024,2:45,456
11/13/2024,3:00,444
11/13/2024,3:15,663.6
11/13/2024,3:30,871.2
11/13/2024,3:45,948
11/13/2024,4:00,1032
11/13/2024,4:15,1173.6
11/13/2024,4:30,1327.2
11/13/2024,4:45,1528.8
11/13/2024,5:00,1830
11/13/2024,5:15,2041.2
11/13/2024,5:30,2082
11/13/2024,5:45,2744.4
11/13/2024,6:00,3222
11/13/2024,6:15,3192
11/13/2024,6:30,3278.4
11/13/2024,6:45,3346.8
11/13/2024,7:00,3086.4
11/13/2024,7:15,3588
11/13/2024,7:30,3963.6
11/13/2024,7:45,4264.8
11/13/2024,8:00,4182
11/13/2024,8:15,4920
11/13/2024,8:30,3716.4
11/13/2024,8:45,4246.8
11/13/2024,9:00,3724.8
11/13/2024,9:15,4908
11/13/2024,9:30,4902
11/13/2024,9:45,3990
11/13/2024,10:00,4576.8
11/13/2024,10:15,5012.4
11/13/2024,10:30,4658.4
11/13/2024,10:45,4405.2
11/13/2024,11:00,4660.8
11/13/2024,11:15,4146
11/13/2024,11:30,3642
11/13/2024,11:45,3394.8
11/13/2024,12:00,3589.2
11/13/2024,12:15,5094
11/13/2024,12:30,4633.2
11/13/2024,12:45,3834
11/13/2024,13:00,3496.8
11/13/2024,13:15,4544.4
11/13/2024,13:30,4138.8
11/13/2024,13:45,3870
11/13/2024,14:00,3949.2
11/13/2024,14:15,3901.2
11/13/2024,14:30,2986.8
11/13/2024,14:45,2364
11/13/2024,15:00,2725.2
11/13/2024,15:15,2188.8
11/13/2024,15:30,2959.2
11/13/2024,15:45,3254.4
11/13/2024,16:00,3679.2
11/13/2024,16:15,3724.8
11/13/2024,16:30,4024.8
11/13/2024,16:45,3699.6
11/13/2024,17:00,4796.4
11/13/2024,17:15,4075.2
11/13/2024,17:30,4508.4
11/13/2024,17:45,3829.2
11/13/2024,18:00,4942.8
11/13/2024,18:15,4616.4
11/13/2024,18:30,3686.4
11/13/2024,18:45,3706.8
11/13/2024,19:00,2814
11/13/2024,19:15,3036
11/13/2024,19:30,3526.8
11/13/2024,19:45,2655.6
11/13/2024,20:00,3582
11/13/2024,20:15,3536.4
11/13/2024,20:30,2721.6
11/13/2024,20:45,2671.2
11/13/2024,21:00,3560.4
11/13/2024,21:15,3583.2
11/13/2024,21:30,3541.2
11/13/2024,21:45,3669.6
11/13/2024,22:00,3487.2
11/13/2024,22:15,2604
11/13/2024,22:30,3439.2
11/13/2024,22:45,3528
11/13/2024,23:00,3375.6
11/13/2024,23:15,2958
11/13/2024,23:30,3001.2
11/13/2024,23:45,3476.4
11/14/2024,0:00,3060
11/14/2024,0:15,2982
11/14/2024,0:30,3402
11/14/2024,0:45,3438
11/14/2024,1:00,3024
11/14/2024,1:15,2928
11/14/2024,1:30,2533.2
11/14/2024,1:45,2378.4
11/14/2024,2:00,2376
11/14/2024,2:15,2236.8
11/14/2024,2:30,2443.2
11/14/2024,2:45,3382.8
11/14/2024,3:00,3364.8
11/14/2024,3:15,2600.4
11/14/2024,3:30,3014.4
11/14/2024,3:45,3426
11/14/2024,4:00,2488.8
11/14/2024,4:15,2491.2
11/14/2024,4:30,2762.4
11/14/2024,4:45,2772
11/14/2024,5:00,2800.8
11/14/2024,5:15,2766
11/14/2024,5:30,3360
11/14/2024,5:45,3452.4
11/14/2024,6:00,3432
11/14/2024,6:15,2544
11/14/2024,6:30,2890.8
11/14/2024,6:45,2487.6
11/14/2024,7:00,2962.8
11/14/2024,7:15,3200.4
11/14/2024,7:30,3870
11/14/2024,7:45,3549.6
11/14/2024,8:00,3364.8
11/14/2024,8:15,3441.6
11/14/2024,8:30,3574.8
11/14/2024,8:45,4034.4
11/14/2024,9:00,4932
11/14/2024,9:15,4465.2
11/14/2024,9:30,4851.6
11/14/2024,9:45,4155.6
11/14/2024,10:00,4656
11/14/2024,10:15,4550.4
11/14/2024,10:30,4632
11/14/2024,10:45,4708.8
11/14/2024,11:00,4725.6
11/14/2024,11:15,4165.2
11/14/2024,11:30,3510
11/14/2024,11:45,3902.4
11/14/2024,12:00,4202.4
11/14/2024,12:15,4548
11/14/2024,12:30,4522.8
11/14/2024,12:45,4315.2
11/14/2024,13:00,3744
11/14/2024,13:15,4575.6
11/14/2024,13:30,3894
11/14/2024,13:45,4741.2
11/14/2024,14:00,4368
11/14/2024,14:15,4201.2
11/14/2024,14:30,4723.2
11/14/2024,14:45,4725.6
11/14/2024,15:00,4725.6
11/14/2024,15:15,3751.2
11/14/2024,15:30,3571.2
11/14/2024,15:45,4752
11/14/2024,16:00,5025.6
11/14/2024,16:15,4615.2
11/14/2024,16:30,4507.2
11/14/2024,16:45,4166.4
11/14/2024,17:00,4707.6
11/14/2024,17:15,4556.4
11/14/2024,17:30,4672.8
11/14/2024,17:45,4717.2
11/14/2024,18:00,4648.8
11/14/2024,18:15,4621.2
11/14/2024,18:30,3723.6
11/14/2024,18:45,3738
11/14/2024,19:00,3799.2
11/14/2024,19:15,2682
11/14/2024,19:30,3693.6
11/14/2024,19:45,3748.8
11/14/2024,20:00,3790.8
11/14/2024,20:15,3723.6
11/14/2024,20:30,2769.6
11/14/2024,20:45,3602.4
11/14/2024,21:00,3246
11/14/2024,21:15,3724.8
11/14/2024,21:30,3708
11/14/2024,21:45,2972.4
11/14/2024,22:00,2752.8
11/14/2024,22:15,3250.8
11/14/2024,22:30,3643.2
11/14/2024,22:45,3565.2
11/14/2024,23:00,3530.4
11/14/2024,23:15,3541.2
11/14/2024,23:30,2610
11/14/2024,23:45,3532.8
11/15/2024,0:00,3615.6
11/15/2024,0:15,3609.6
11/15/2024,0:30,3482.4
11/15/2024,0:45,3595.2
11/15/2024,1:00,2602.8
11/15/2024,1:15,3520.8
11/15/2024,1:30,3632.4
11/15/2024,1:45,3117.6
11/15/2024,2:00,3589.2
11/15/2024,2:15,3086.4
11/15/2024,2:30,3108
11/15/2024,2:45,2617.2
11/15/2024,3:00,2892
11/15/2024,3:15,2907.6
11/15/2024,3:30,3058.8
11/15/2024,3:45,3375.6
11/15/2024,4:00,3513.6
11/15/2024,4:15,3627.6
11/15/2024,4:30,2647.2
11/15/2024,4:45,3537.6
11/15/2024,5:00,3043.2
11/15/2024,5:15,3591.6
11/15/2024,5:30,2623.2
11/15/2024,5:45,3037.2
11/15/2024,6:00,2529.6
11/15/2024,6:15,2584.8
11/15/2024,6:30,2310
11/15/2024,6:45,2359.2
11/15/2024,7:00,2548.8
11/15/2024,7:15,3093.6
11/15/2024,7:30,3612
11/15/2024,7:45,4141.2
11/15/2024,8:00,4522.8
11/15/2024,8:15,4825.2
11/15/2024,8:30,3688.8
11/15/2024,8:45,4465.2
11/15/2024,9:00,4549.2
11/15/2024,9:15,4388.4
11/15/2024,9:30,4549.2
11/15/2024,9:45,4600.8
11/15/2024,10:00,3969.6
11/15/2024,10:15,4870.8
11/15/2024,10:30,3800.4
11/15/2024,10:45,4263.6
11/15/2024,11:00,4719.6
11/15/2024,11:15,4137.6
11/15/2024,11:30,3831.6
11/15/2024,11:45,3908.4
11/15/2024,12:00,4328.4
11/15/2024,12:15,4941.6
11/15/2024,12:30,4069.2
11/15/2024,12:45,5048.4
11/15/2024,13:00,4812
11/15/2024,13:15,4279.2
11/15/2024,13:30,4892.4
11/15/2024,13:45,4182
11/15/2024,14:00,4237.2
11/15/2024,14:15,3974.4
11/15/2024,14:30,4414.8
11/15/2024,14:45,4695.6
11/15/2024,15:00,4966.8
11/15/2024,15:15,4606.8
11/15/2024,15:30,4200
11/15/2024,15:45,4314
11/15/2024,16:00,3212.4
11/15/2024,16:15,3543.6
11/15/2024,16:30,3688.8
11/15/2024,16:45,3152.4
11/15/2024,17:00,2092.8
11/15/2024,17:15,1711.2
11/15/2024,17:30,1783.2
11/15/2024,17:45,1724.4
11/15/2024,18:00,1377.6
11/15/2024,18:15,1501.2
11/15/2024,18:30,328.8
11/15/2024,18:45,313.2
11/15/2024,19:00,297.6
11/15/2024,19:15,289.2
11/15/2024,19:30,292.8
11/15/2024,19:45,296.4
11/15/2024,20:00,295.2
11/15/2024,20:15,297.6
11/15/2024,20:30,297.6
11/15/2024,20:45,286.8
11/15/2024,21:00,292.8
11/15/2024,21:15,298.8
11/15/2024,21:30,284.4
11/15/2024,21:45,278.4
11/15/2024,22:00,355.2
11/15/2024,22:15,289.2
11/15/2024,22:30,235.2
11/15/2024,22:45,345.6
11/15/2024,23:00,292.8
11/15/2024,23:15,262.8
11/15/2024,23:30,217.2
11/15/2024,23:45,342
11/16/2024,0:00,286.8
11/16/2024,0:15,268.8
11/16/2024,0:30,294
11/16/2024,0:45,274.8
11/16/2024,1:00,248.4
11/16/2024,1:15,352.8
11/16/2024,1:30,291.6
11/16/2024,1:45,291.6
11/16/2024,2:00,246
11/16/2024,2:15,234
11/16/2024,2:30,367.2
11/16/2024,2:45,288
11/16/2024,3:00,237.6
11/16/2024,3:15,350.4
11/16/2024,3:30,295.2
11/16/2024,3:45,288
11/16/2024,4:00,236.4
11/16/2024,4:15,374.4
11/16/2024,4:30,284.4
11/16/2024,4:45,291.6
11/16/2024,5:00,229.2
11/16/2024,5:15,308.4
11/16/2024,5:30,309.6
11/16/2024,5:45,319.2
11/16/2024,6:00,250.8
11/16/2024,6:15,301.2
11/16/2024,6:30,309.6
11/16/2024,6:45,232.8
11/16/2024,7:00,226.8
11/16/2024,7:15,674.4
11/16/2024,7:30,684
11/16/2024,7:45,1807.2
11/16/2024,8:00,1760.4
11/16/2024,8:15,1303.2
11/16/2024,8:30,1699.2
11/16/2024,8:45,1914
11/16/2024,9:00,1617.6
11/16/2024,9:15,1722
11/16/2024,9:30,1866
11/16/2024,9:45,1854
11/16/2024,10:00,1629.6
11/16/2024,10:15,1669.2
11/16/2024,10:30,1712.4
11/16/2024,10:45,1387.2
11/16/2024,11:00,1414.8
11/16/2024,11:15,909.6
11/16/2024,11:30,987.6
11/16/2024,11:45,925.2
11/16/2024,12:00,1616.4
11/16/2024,12:15,1748.4
11/16/2024,12:30,1857.6
11/16/2024,12:45,1627.2
11/16/2024,13:00,1515.6
11/16/2024,13:15,1642.8
11/16/2024,13:30,1873.2
11/16/2024,13:45,1710
11/16/2024,14:00,1798.8
11/16/2024,14:15,1796.4
11/16/2024,14:30,2004
11/16/2024,14:45,1538.4
11/16/2024,15:00,1590
11/16/2024,15:15,1800
11/16/2024,15:30,1992
11/16/2024,15:45,1760.4
11/16/2024,16:00,1665.6
11/16/2024,16:15,1657.2
11/16/2024,16:30,1549.2
11/16/2024,16:45,1627.2
11/16/2024,17:00,1868.4
11/16/2024,17:15,1784.4
11/16/2024,17:30,1545.6
11/16/2024,17:45,1605.6
11/16/2024,18:00,482.4
11/16/2024,18:15,344.4
11/16/2024,18:30,319.2
11/16/2024,18:45,316.8
11/16/2024,19:00,318
11/16/2024,19:15,304.8
11/16/2024,19:30,307.2
11/16/2024,19:45,241.2
11/16/2024,20:00,334.8
11/16/2024,20:15,279.6
11/16/2024,20:30,258
11/16/2024,20:45,228
11/16/2024,21:00,340.8
11/16/2024,21:15,318
11/16/2024,21:30,241.2
11/16/2024,21:45,226.8
11/16/2024,22:00,289.2
11/16/2024,22:15,226.8
11/16/2024,22:30,350.4
11/16/2024,22:45,292.8
11/16/2024,23:00,231.6
11/16/2024,23:15,384
11/16/2024,23:30,295.2
11/16/2024,23:45,226.8
11/17/2024,0:00,332.4
11/17/2024,0:15,266.4
11/17/2024,0:30,258
11/17/2024,0:45,204
11/17/2024,1:00,328.8
11/17/2024,1:15,296.4
11/17/2024,1:30,234
11/17/2024,1:45,240
11/17/2024,2:00,360
11/17/2024,2:15,285.6
11/17/2024,2:30,291.6
11/17/2024,2:45,292.8
11/17/2024,3:00,236.4
11/17/2024,3:15,301.2
11/17/2024,3:30,307.2
11/17/2024,3:45,292.8
11/17/2024,4:00,237.6
11/17/2024,4:15,238.8
11/17/2024,4:30,349.2
11/17/2024,4:45,290.4
11/17/2024,5:00,236.4
11/17/2024,5:15,364.8
11/17/2024,5:30,307.2
11/17/2024,5:45,262.8
11/17/2024,6:00,252
11/17/2024,6:15,276
11/17/2024,6:30,242.4
11/17/2024,6:45,346.8
11/17/2024,7:00,309.6
11/17/2024,7:15,586.8
11/17/2024,7:30,787.2
11/17/2024,7:45,1711.2
11/17/2024,8:00,1660.8
11/17/2024,8:15,1869.6
11/17/2024,8:30,1716
11/17/2024,8:45,1436.4
11/17/2024,9:00,1538.4
11/17/2024,9:15,1767.6
11/17/2024,9:30,1773.6
11/17/2024,9:45,1586.4
11/17/2024,10:00,1851.6
11/17/2024,10:15,1753.2
11/17/2024,10:30,1654.8
11/17/2024,10:45,1563.6
11/17/2024,11:00,1708.8
11/17/2024,11:15,1131.6
11/17/2024,11:30,648
11/17/2024,11:45,704.4
11/17/2024,12:00,1284
11/17/2024,12:15,1903.2
11/17/2024,12:30,1354.8
11/17/2024,12:45,1240.8
11/17/2024,13:00,1641.6
11/17/2024,13:15,1542
11/17/2024,13:30,1717.2
11/17/2024,13:45,1294.8
11/17/2024,14:00,259.2
11/17/2024,14:15,220.8
11/17/2024,14:30,151.2
11/17/2024,14:45,135.6
11/17/2024,15:00,134.4
11/17/2024,15:15,140.4
11/17/2024,15:30,140.4
11/17/2024,15:45,147.6
11/17/2024,16:00,166.8
11/17/2024,16:15,154.8
11/17/2024,16:30,151.2
11/17/2024,16:45,194.4
11/17/2024,17:00,196.8
11/17/2024,17:15,199.2
11/17/2024,17:30,193.2
11/17/2024,17:45,202.8
11/17/2024,18:00,224.4
11/17/2024,18:15,199.2
11/17/2024,18:30,116.4
11/17/2024,18:45,232.8
11/17/2024,19:00,111.6
11/17/2024,19:15,204
11/17/2024,19:30,116.4
11/17/2024,19:45,170.4
11/17/2024,20:00,111.6
11/17/2024,20:15,171.6
11/17/2024,20:30,100.8
11/17/2024,20:45,156
11/17/2024,21:00,108
11/17/2024,21:15,111.6
11/17/2024,21:30,208.8
11/17/2024,21:45,120
11/17/2024,22:00,208.8
11/17/2024,22:15,103.2
11/17/2024,22:30,222
11/17/2024,22:45,99.6
11/17/2024,23:00,224.4
11/17/2024,23:15,97.2
11/17/2024,23:30,202.8
11/17/2024,23:45,100.8
11/18/2024,0:00,169.2
11/18/2024,0:15,108
11/18/2024,0:30,153.6
11/18/2024,0:45,96
11/18/2024,1:00,165.6
11/18/2024,1:15,98.4
11/18/2024,1:30,158.4
11/18/2024,1:45,106.8
11/18/2024,2:00,153.6
11/18/2024,2:15,#VALUE!
11/18/2024,2:30,#VALUE!
11/18/2024,2:45,#VALUE!
11/18/2024,3:00,#VALUE!
11/18/2024,3:15,#VALUE!
11/18/2024,3:30,#VALUE!
11/18/2024,3:45,27.6
11/18/2024,4:00,15.6
11/18/2024,4:15,90
11/18/2024,4:30,82.8
11/18/2024,4:45,82.8
11/18/2024,5:00,91.2
11/18/2024,5:15,86.4
11/18/2024,5:30,96
11/18/2024,5:45,104.4
11/18/2024,6:00,94.8
11/18/2024,6:15,90
11/18/2024,6:30,86.4
11/18/2024,6:45,93.6
11/18/2024,7:00,176.4
11/18/2024,7:15,585.6
11/18/2024,7:30,700.8
11/18/2024,7:45,1389.6
11/18/2024,8:00,1546.8
11/18/2024,8:15,1513.2
11/18/2024,8:30,1606.8
11/18/2024,8:45,1431.6
11/18/2024,9:00,1663.2
11/18/2024,9:15,1327.2
11/18/2024,9:30,1802.4
11/18/2024,9:45,1663.2
11/18/2024,10:00,1615.2
11/18/2024,10:15,1786.8
11/18/2024,10:30,1737.6
11/18/2024,10:45,1614
11/18/2024,11:00,1599.6
11/18/2024,11:15,1221.6
11/18/2024,11:30,818.4
11/18/2024,11:45,663.6
11/18/2024,12:00,1104
11/18/2024,12:15,1351.2
11/18/2024,12:30,1460.4
11/18/2024,12:45,1483.2
11/18/2024,13:00,1206
11/18/2024,13:15,1544.4
11/18/2024,13:30,1879.2
11/18/2024,13:45,2268
11/18/2024,14:00,2498.4
11/18/2024,14:15,2784
11/18/2024,14:30,3133.2
11/18/2024,14:45,3356.4
11/18/2024,15:00,2298
11/18/2024,15:15,2337.6
11/18/2024,15:30,2043.6
11/18/2024,15:45,1914
11/18/2024,16:00,1494
11/18/2024,16:15,1873.2
11/18/2024,16:30,1629.6
11/18/2024,16:45,1381.2
11/18/2024,17:00,1723.2
11/18/2024,17:15,1542
11/18/2024,17:30,642
11/18/2024,17:45,501.6
11/18/2024,18:00,445.2
11/18/2024,18:15,429.6
11/18/2024,18:30,429.6
11/18/2024,18:45,440.4
11/18/2024,19:00,424.8
11/18/2024,19:15,420
11/18/2024,19:30,430.8
11/18/2024,19:45,452.4
11/18/2024,20:00,463.2
11/18/2024,20:15,452.4
11/18/2024,20:30,460.8
11/18/2024,20:45,475.2
11/18/2024,21:00,502.8
11/18/2024,21:15,1466.4
11/18/2024,21:30,1818
11/18/2024,21:45,2113.2
11/18/2024,22:00,2600.4
11/18/2024,22:15,2217.6
11/18/2024,22:30,2212.8
11/18/2024,22:45,2259.6
11/18/2024,23:00,3267.6
11/18/2024,23:15,2428.8
11/18/2024,23:30,3286.8
11/18/2024,23:45,3250.8
11/19/2024,0:00,3319.2
11/19/2024,0:15,2906.4
11/19/2024,0:30,3314.4
11/19/2024,0:45,3328.8
11/19/2024,1:00,3291.6
11/19/2024,1:15,3313.2
11/19/2024,1:30,3370.8
11/19/2024,1:45,3237.6
11/19/2024,2:00,3238.8
11/19/2024,2:15,3217.2
11/19/2024,2:30,3244.8
11/19/2024,2:45,3361.2
11/19/2024,3:00,3320.4
11/19/2024,3:15,3342
11/19/2024,3:30,3289.2
11/19/2024,3:45,2448
11/19/2024,4:00,3248.4
11/19/2024,4:15,3250.8
11/19/2024,4:30,3262.8
11/19/2024,4:45,2548.8
11/19/2024,5:00,3304.8
11/19/2024,5:15,3358.8
11/19/2024,5:30,2851.2
11/19/2024,5:45,2361.6
11/19/2024,6:00,2283.6
11/19/2024,6:15,2300.4
11/19/2024,6:30,3328.8
11/19/2024,6:45,2880
11/19/2024,7:00,3313.2
11/19/2024,7:15,3553.2
11/19/2024,7:30,3794.4
11/19/2024,7:45,4606.8
11/19/2024,8:00,4464
11/19/2024,8:15,4432.8
11/19/2024,8:30,4196.4
11/19/2024,8:45,4482
11/19/2024,9:00,4462.8
11/19/2024,9:15,4303.2
11/19/2024,9:30,3109.2
11/19/2024,9:45,3244.8
11/19/2024,10:00,4008
11/19/2024,10:15,3940.8
11/19/2024,10:30,4356
11/19/2024,10:45,3969.6
11/19/2024,11:00,3831.6
11/19/2024,11:15,3842.4
11/19/2024,11:30,2512.8
11/19/2024,11:45,3357.6
11/19/2024,12:00,4299.6
11/19/2024,12:15,3624
11/19/2024,12:30,4372.8
11/19/2024,12:45,4128
11/19/2024,13:00,3634.8
11/19/2024,13:15,3631.2
11/19/2024,13:30,3618
11/19/2024,13:45,3660
11/19/2024,14:00,4070.4
11/19/2024,14:15,4476
11/19/2024,14:30,4456.8
11/19/2024,14:45,3375.6
11/19/2024,15:00,4268.4
11/19/2024,15:15,4528.8
11/19/2024,15:30,4374
11/19/2024,15:45,3274.8
11/19/2024,16:00,3426
11/19/2024,16:15,3549.6
11/19/2024,16:30,2014.8
11/19/2024,16:45,1578
11/19/2024,17:00,2011.2
11/19/2024,17:15,2174.4
11/19/2024,17:30,2373.6
11/19/2024,17:45,2895.6
11/19/2024,18:00,2634
11/19/2024,18:15,2772
11/19/2024,18:30,2151.6
11/19/2024,18:45,2820
11/19/2024,19:00,3354
11/19/2024,19:15,3225.6
11/19/2024,19:30,3204
11/19/2024,19:45,2302.8
11/19/2024,20:00,2301.6
11/19/2024,20:15,2286
11/19/2024,20:30,3193.2
11/19/2024,20:45,3199.2
11/19/2024,21:00,2290.8
11/19/2024,21:15,3230.4
11/19/2024,21:30,3258
11/19/2024,21:45,3285.6
11/19/2024,22:00,3206.4
11/19/2024,22:15,3316.8
11/19/2024,22:30,2389.2
11/19/2024,22:45,2347.2
11/19/2024,23:00,3217.2
11/19/2024,23:15,2719.2
11/19/2024,23:30,3297.6
11/19/2024,23:45,3280.8
11/20/2024,0:00,3367.2
11/20/2024,0:15,3320.4
11/20/2024,0:30,3290.4
11/20/2024,0:45,3236.4
11/20/2024,1:00,3236.4
11/20/2024,1:15,3332.4
11/20/2024,1:30,3217.2
11/20/2024,1:45,2809.2
11/20/2024,2:00,3260.4
11/20/2024,2:15,3236.4
11/20/2024,2:30,3310.8
11/20/2024,2:45,3256.8
11/20/2024,3:00,3363.6
11/20/2024,3:15,3339.6
11/20/2024,3:30,3421.2
11/20/2024,3:45,2434.8
11/20/2024,4:00,3320.4
11/20/2024,4:15,3322.8
11/20/2024,4:30,3286.8
11/20/2024,4:45,2912.4
11/20/2024,5:00,3277.2
11/20/2024,5:15,3314.4
11/20/2024,5:30,3240
11/20/2024,5:45,3411.6
11/20/2024,6:00,3292.8
11/20/2024,6:15,2316
11/20/2024,6:30,3253.2
11/20/2024,6:45,2169.6
11/20/2024,7:00,3304.8
11/20/2024,7:15,3651.6
11/20/2024,7:30,3730.8
11/20/2024,7:45,4110
11/20/2024,8:00,3763.2
11/20/2024,8:15,4574.4
11/20/2024,8:30,4820.4
11/20/2024,8:45,3499.2
11/20/2024,9:00,4497.6
11/20/2024,9:15,4221.6
11/20/2024,9:30,4495.2
11/20/2024,9:45,4518
11/20/2024,10:00,3826.8
11/20/2024,10:15,4788
11/20/2024,10:30,4137.6
11/20/2024,10:45,4617.6
11/20/2024,11:00,4652.4
11/20/2024,11:15,3931.2
11/20/2024,11:30,3633.6
11/20/2024,11:45,2838
11/20/2024,12:00,4626
11/20/2024,12:15,4558.8
11/20/2024,12:30,4326
11/20/2024,12:45,4081.2
11/20/2024,13:00,4802.4
11/20/2024,13:15,3421.2
11/20/2024,13:30,4604.4
11/20/2024,13:45,4323.6
11/20/2024,14:00,4502.4
11/20/2024,14:15,4284
11/20/2024,14:30,4250.4
11/20/2024,14:45,4014
11/20/2024,15:00,4341.6
11/20/2024,15:15,4216.8
11/20/2024,15:30,4401.6
11/20/2024,15:45,4539.6
11/20/2024,16:00,4280.4
11/20/2024,16:15,4297.2
11/20/2024,16:30,4446
11/20/2024,16:45,4579.2
11/20/2024,17:00,4371.6
11/20/2024,17:15,3342
11/20/2024,17:30,4488
11/20/2024,17:45,4519.2
11/20/2024,18:00,3552
11/20/2024,18:15,3532.8
11/20/2024,18:30,3424.8
11/20/2024,18:45,3556.8
11/20/2024,19:00,3470.4
11/20/2024,19:15,3340.8
11/20/2024,19:30,3408
11/20/2024,19:45,3496.8
11/20/2024,20:00,2882.4
11/20/2024,20:15,2355.6
11/20/2024,20:30,2294.4
11/20/2024,20:45,2212.8
11/20/2024,21:00,2318.4
11/20/2024,21:15,3436.8
11/20/2024,21:30,3428.4
11/20/2024,21:45,2906.4
11/20/2024,22:00,3396
11/20/2024,22:15,3498
11/20/2024,22:30,3590.4
11/20/2024,22:45,3516
11/20/2024,23:00,2706
11/20/2024,23:15,3504
11/20/2024,23:30,3535.2
11/20/2024,23:45,3540
11/21/2024,0:00,2670
11/21/2024,0:15,3470.4
11/21/2024,0:30,3560.4
11/21/2024,0:45,3604.8
11/21/2024,1:00,3493.2
11/21/2024,1:15,3448.8
11/21/2024,1:30,3522
11/21/2024,1:45,3481.2
11/21/2024,2:00,3493.2
11/21/2024,2:15,3429.6
11/21/2024,2:30,3452.4
11/21/2024,2:45,3451.2
11/21/2024,3:00,3447.6
11/21/2024,3:15,3032.4
11/21/2024,3:30,3538.8
11/21/2024,3:45,3411.6
11/21/2024,4:00,3458.4
11/21/2024,4:15,3506.4
11/21/2024,4:30,3472.8
11/21/2024,4:45,3464.4
11/21/2024,5:00,3126
11/21/2024,5:15,3567.6
11/21/2024,5:30,3528
11/21/2024,5:45,3013.2
11/21/2024,6:00,3505.2
11/21/2024,6:15,2596.8
11/21/2024,6:30,3457.2
11/21/2024,6:45,3462
11/21/2024,7:00,3502.8
11/21/2024,7:15,3741.6
11/21/2024,7:30,3447.6
11/21/2024,7:45,3597.6
11/21/2024,8:00,3237.6
11/21/2024,8:15,3468
11/21/2024,8:30,3793.2
11/21/2024,8:45,3892.8
11/21/2024,9:00,2440.8
11/21/2024,9:15,2554.8
11/21/2024,9:30,3328.8
11/21/2024,9:45,3142.8
11/21/2024,10:00,3415.2
11/21/2024,10:15,3662.4
11/21/2024,10:30,4278
11/21/2024,10:45,3588
11/21/2024,11:00,4411.2
11/21/2024,11:15,4054.8
11/21/2024,11:30,4092
11/21/2024,11:45,3861.6
11/21/2024,12:00,3597.6
11/21/2024,12:15,4698
11/21/2024,12:30,4596
11/21/2024,12:45,4341.6
11/21/2024,13:00,3537.6
11/21/2024,13:15,4563.6
11/21/2024,13:30,4336.8
11/21/2024,13:45,3350.4
11/21/2024,14:00,4567.2
11/21/2024,14:15,4719.6
11/21/2024,14:30,4536
11/21/2024,14:45,3300
11/21/2024,15:00,4665.6
11/21/2024,15:15,4569.6
11/21/2024,15:30,4426.8
11/21/2024,15:45,4410
11/21/2024,16:00,4686
11/21/2024,16:15,4461.6
11/21/2024,16:30,4544.4
11/21/2024,16:45,4652.4
11/21/2024,17:00,4488
11/21/2024,17:15,4142.4
11/21/2024,17:30,4326
11/21/2024,17:45,4218
11/21/2024,18:00,3506.4
11/21/2024,18:15,3495.6
11/21/2024,18:30,3541.2
11/21/2024,18:45,3372
11/21/2024,19:00,2985.6
11/21/2024,19:15,3543.6
11/21/2024,19:30,3460.8
11/21/2024,19:45,3418.8
11/21/2024,20:00,3104.4
11/21/2024,20:15,3478.8
11/21/2024,20:30,2932.8
11/21/2024,20:45,3499.2
11/21/2024,21:00,3390
11/21/2024,21:15,3445.2
11/21/2024,21:30,3516
11/21/2024,21:45,2362.8
11/21/2024,22:00,2372.4
11/21/2024,22:15,3424.8
11/21/2024,22:30,2961.6
11/21/2024,22:45,3490.8
11/21/2024,23:00,3486
11/21/2024,23:15,3040.8
11/21/2024,23:30,2946
11/21/2024,23:45,2965.2
11/22/2024,0:00,2961.6
11/22/2024,0:15,2998.8
11/22/2024,0:30,3462
11/22/2024,0:45,3390
11/22/2024,1:00,3537.6
11/22/2024,1:15,3404.4
11/22/2024,1:30,2569.2
11/22/2024,1:45,3499.2
11/22/2024,2:00,3452.4
11/22/2024,2:15,3548.4
11/22/2024,2:30,3433.2
11/22/2024,2:45,3590.4
11/22/2024,3:00,3538.8
11/22/2024,3:15,3604.8
11/22/2024,3:30,2883.6
11/22/2024,3:45,3346.8
11/22/2024,4:00,3438
11/22/2024,4:15,3448.8
11/22/2024,4:30,3392.4
11/22/2024,4:45,3402
11/22/2024,5:00,3374.4
11/22/2024,5:15,3402
11/22/2024,5:30,3436.8
11/22/2024,5:45,3463.2
11/22/2024,6:00,3397.2
11/22/2024,6:15,3484.8
11/22/2024,6:30,3429.6
11/22/2024,6:45,3524.4
11/22/2024,7:00,2374.8
11/22/2024,7:15,3490.8
11/22/2024,7:30,3662.4
11/22/2024,7:45,4239.6
11/22/2024,8:00,4389.6
11/22/2024,8:15,3540
11/22/2024,8:30,4204.8
11/22/2024,8:45,4346.4
11/22/2024,9:00,4370.4
11/22/2024,9:15,4058.4
11/22/2024,9:30,4516.8
11/22/2024,9:45,3944.4
11/22/2024,10:00,4124.4
11/22/2024,10:15,3886.8
11/22/2024,10:30,3798
11/22/2024,10:45,3997.2
11/22/2024,11:00,4231.2
11/22/2024,11:15,3954
11/22/2024,11:30,3870
11/22/2024,11:45,3093.6
11/22/2024,12:00,3999.6
11/22/2024,12:15,3940.8
11/22/2024,12:30,4060.8
11/22/2024,12:45,4034.4
11/22/2024,13:00,3985.2
11/22/2024,13:15,3979.2
11/22/2024,13:30,3738
11/22/2024,13:45,3075.6
11/22/2024,14:00,4182
11/22/2024,14:15,4059.6
11/22/2024,14:30,4135.2
11/22/2024,14:45,3076.8
11/22/2024,15:00,4129.2
11/22/2024,15:15,4144.8
11/22/2024,15:30,3862.8
11/22/2024,15:45,3616.8
11/22/2024,16:00,4195.2
11/22/2024,16:15,4386
11/22/2024,16:30,3830.4
11/22/2024,16:45,3993.6
11/22/2024,17:00,3876
11/22/2024,17:15,2878.8
11/22/2024,17:30,3463.2
11/22/2024,17:45,3492
11/22/2024,18:00,3364.8
11/22/2024,18:15,3440.4
11/22/2024,18:30,2493.6
11/22/2024,18:45,3469.2
11/22/2024,19:00,3460.8
11/22/2024,19:15,3608.4
11/22/2024,19:30,2413.2
11/22/2024,19:45,2734.8
11/22/2024,20:00,2282.4
11/22/2024,20:15,2262
11/22/2024,20:30,2292
11/22/2024,20:45,2787.6
11/22/2024,21:00,2780.4
11/22/2024,21:15,2772
11/22/2024,21:30,2322
11/22/2024,21:45,3385.2
11/22/2024,22:00,3408
11/22/2024,22:15,3456
11/22/2024,22:30,3495.6
11/22/2024,22:45,3657.6
11/22/2024,23:00,3452.4
11/22/2024,23:15,3421.2
11/22/2024,23:30,3483.6
11/22/2024,23:45,3530.4
11/23/2024,0:00,3518.4
11/23/2024,0:15,3564
11/23/2024,0:30,3048
11/23/2024,0:45,3559.2
11/23/2024,1:00,2977.2
11/23/2024,1:15,3046.8
11/23/2024,1:30,2601.6
11/23/2024,1:45,2622
11/23/2024,2:00,3486
11/23/2024,2:15,3325.2
11/23/2024,2:30,3400.8
11/23/2024,2:45,2929.2
11/23/2024,3:00,2359.2
11/23/2024,3:15,2833.2
11/23/2024,3:30,2468.4
11/23/2024,3:45,3418.8
11/23/2024,4:00,3409.2
11/23/2024,4:15,3558
11/23/2024,4:30,3489.6
11/23/2024,4:45,3474
11/23/2024,5:00,3483.6
11/23/2024,5:15,3404.4
11/23/2024,5:30,3541.2
11/23/2024,5:45,2952
11/23/2024,6:00,3374.4
11/23/2024,6:15,3370.8
11/23/2024,6:30,2898
11/23/2024,6:45,3426
11/23/2024,7:00,3442.8
11/23/2024,7:15,3423.6
11/23/2024,7:30,3664.8
11/23/2024,7:45,3987.6
11/23/2024,8:00,4242
11/23/2024,8:15,3943.2
11/23/2024,8:30,4100.4
11/23/2024,8:45,4146
11/23/2024,9:00,3758.4
11/23/2024,9:15,3968.4
11/23/2024,9:30,4204.8
11/23/2024,9:45,3642
11/23/2024,10:00,4195.2
11/23/2024,10:15,3870
11/23/2024,10:30,3162
11/23/2024,10:45,4004.4
11/23/2024,11:00,3979.2
11/23/2024,11:15,4203.6
11/23/2024,11:30,3584.4
11/23/2024,11:45,3632.4
11/23/2024,12:00,3296.4
11/23/2024,12:15,4228.8
11/23/2024,12:30,4119.6
11/23/2024,12:45,4221.6
11/23/2024,13:00,4100.4
11/23/2024,13:15,3525.6
11/23/2024,13:30,3122.4
11/23/2024,13:45,4141.2
11/23/2024,14:00,4146
11/23/2024,14:15,3290.4
11/23/2024,14:30,3841.2
11/23/2024,14:45,3019.2
11/23/2024,15:00,3055.2
11/23/2024,15:15,3427.2
11/23/2024,15:30,3631.2
11/23/2024,15:45,2997.6
11/23/2024,16:00,2854.8
11/23/2024,16:15,3127.2
11/23/2024,16:30,4084.8
11/23/2024,16:45,3915.6
11/23/2024,17:00,2755.2
11/23/2024,17:15,3666
11/23/2024,17:30,3528
11/23/2024,17:45,3475.2
11/23/2024,18:00,3372
11/23/2024,18:15,2996.4
11/23/2024,18:30,3433.2
11/23/2024,18:45,3384
11/23/2024,19:00,3354
11/23/2024,19:15,3475.2
11/23/2024,19:30,3456
11/23/2024,19:45,2295.6
11/23/2024,20:00,2224.8
11/23/2024,20:15,2184
11/23/2024,20:30,2252.4
11/23/2024,20:45,678
11/23/2024,21:00,673.2
11/23/2024,21:15,770.4
11/23/2024,21:30,724.8
11/23/2024,21:45,751.2
11/23/2024,22:00,687.6
11/23/2024,22:15,1321.2
11/23/2024,22:30,1790.4
11/23/2024,22:45,2014.8
11/23/2024,23:00,2256
11/23/2024,23:15,2724
11/23/2024,23:30,2271.6
11/23/2024,23:45,2912.4
11/24/2024,0:00,3397.2
11/24/2024,0:15,2434.8
11/24/2024,0:30,3391.2
11/24/2024,0:45,2304
11/24/2024,1:00,2805.6
11/24/2024,1:15,2556
11/24/2024,1:30,2907.6
11/24/2024,1:45,2924.4
11/24/2024,2:00,2799.6
11/24/2024,2:15,2406
11/24/2024,2:30,2335.2
11/24/2024,2:45,2367.6
11/24/2024,3:00,3466.8
11/24/2024,3:15,2946
11/24/2024,3:30,2860.8
11/24/2024,3:45,2973.6
11/24/2024,4:00,2832
11/24/2024,4:15,2773.2
11/24/2024,4:30,3403.2
11/24/2024,4:45,2377.2
11/24/2024,5:00,2822.4
11/24/2024,5:15,2329.2
11/24/2024,5:30,2334
11/24/2024,5:45,2488.8
11/24/2024,6:00,3268.8
11/24/2024,6:15,2862
11/24/2024,6:30,2810.4
11/24/2024,6:45,2394
11/24/2024,7:00,3433.2
11/24/2024,7:15,2740.8
11/24/2024,7:30,3027.6
11/24/2024,7:45,1058.4
11/24/2024,8:00,1201.2
11/24/2024,8:15,968.4
11/24/2024,8:30,705.6
11/24/2024,8:45,1113.6
11/24/2024,9:00,883.2
11/24/2024,9:15,854.4
11/24/2024,9:30,1236
11/24/2024,9:45,1068
11/24/2024,10:00,1034.4
11/24/2024,10:15,1087.2
11/24/2024,10:30,879.6
11/24/2024,10:45,794.4
11/24/2024,11:00,1054.8
11/24/2024,11:15,637.2
11/24/2024,11:30,810
11/24/2024,11:45,723.6
11/24/2024,12:00,1123.2
11/24/2024,12:15,999.6
11/24/2024,12:30,805.2
11/24/2024,12:45,973.2
11/24/2024,13:00,607.2
11/24/2024,13:15,1152
11/24/2024,13:30,1444.8
11/24/2024,13:45,1429.2
11/24/2024,14:00,1966.8
11/24/2024,14:15,1333.2
11/24/2024,14:30,828
11/24/2024,14:45,1858.8
11/24/2024,15:00,1198.8
11/24/2024,15:15,1081.2
11/24/2024,15:30,1425.6
11/24/2024,15:45,1100.4
11/24/2024,16:00,1222.8
11/24/2024,16:15,885.6
11/24/2024,16:30,1292.4
11/24/2024,16:45,1334.4
11/24/2024,17:00,678
11/24/2024,17:15,594
11/24/2024,17:30,589.2
11/24/2024,17:45,592.8
11/24/2024,18:00,583.2
11/24/2024,18:15,583.2
11/24/2024,18:30,584.4
11/24/2024,18:45,572.4
11/24/2024,19:00,576
11/24/2024,19:15,585.6
11/24/2024,19:30,596.4
11/24/2024,19:45,580.8
11/24/2024,20:00,583.2
11/24/2024,20:15,584.4
11/24/2024,20:30,613.2
11/24/2024,20:45,579.6
11/24/2024,21:00,591.6
11/24/2024,21:15,607.2
11/24/2024,21:30,1095.6
11/24/2024,21:45,414
11/24/2024,22:00,424.8
11/24/2024,22:15,414
11/24/2024,22:30,411.6
11/24/2024,22:45,415.2
11/24/2024,23:00,393.6
11/24/2024,23:15,387.6
11/24/2024,23:30,418.8
11/24/2024,23:45,406.8
11/25/2024,0:00,428.4
11/25/2024,0:15,420
11/25/2024,0:30,409.2
11/25/2024,0:45,414
11/25/2024,1:00,408
11/25/2024,1:15,400.8
11/25/2024,1:30,398.4
11/25/2024,1:45,385.2
11/25/2024,2:00,392.4
11/25/2024,2:15,412.8
11/25/2024,2:30,405.6
11/25/2024,2:45,428.4
11/25/2024,3:00,469.2
11/25/2024,3:15,408
11/25/2024,3:30,415.2
11/25/2024,3:45,417.6
11/25/2024,4:00,462
11/25/2024,4:15,404.4
11/25/2024,4:30,394.8
11/25/2024,4:45,403.2
11/25/2024,5:00,420
11/25/2024,5:15,424.8
11/25/2024,5:30,414
11/25/2024,5:45,403.2
11/25/2024,6:00,392.4
11/25/2024,6:15,392.4
11/25/2024,6:30,382.8
11/25/2024,6:45,358.8
11/25/2024,7:00,315.6
11/25/2024,7:15,348
11/25/2024,7:30,513.6
11/25/2024,7:45,907.2
11/25/2024,8:00,733.2
11/25/2024,8:15,1110
11/25/2024,8:30,843.6
11/25/2024,8:45,1114.8
11/25/2024,9:00,1064.4
11/25/2024,9:15,902.4
11/25/2024,9:30,825.6
11/25/2024,9:45,711.6
11/25/2024,10:00,886.8
11/25/2024,10:15,972
11/25/2024,10:30,842.4
11/25/2024,10:45,901.2
11/25/2024,11:00,981.6
11/25/2024,11:15,739.2
11/25/2024,11:30,462
11/25/2024,11:45,493.2
11/25/2024,12:00,775.2
11/25/2024,12:15,644.4
11/25/2024,12:30,793.2
11/25/2024,12:45,988.8
11/25/2024,13:00,686.4
11/25/2024,13:15,1062
11/25/2024,13:30,1153.2
11/25/2024,13:45,741.6
11/25/2024,14:00,930
11/25/2024,14:15,859.2
11/25/2024,14:30,898.8
11/25/2024,14:45,698.4
11/25/2024,15:00,949.2
11/25/2024,15:15,644.4
11/25/2024,15:30,639.6
11/25/2024,15:45,644.4
11/25/2024,16:00,648
11/25/2024,16:15,723.6
11/25/2024,16:30,558
11/25/2024,16:45,550.8
11/25/2024,17:00,576
11/25/2024,17:15,454.8
11/25/2024,17:30,463.2
11/25/2024,17:45,733.2
11/25/2024,18:00,403.2
11/25/2024,18:15,406.8
11/25/2024,18:30,402
11/25/2024,18:45,375.6
11/25/2024,19:00,392.4
11/25/2024,19:15,408
11/25/2024,19:30,387.6
11/25/2024,19:45,380.4
11/25/2024,20:00,386.4
11/25/2024,20:15,368.4
11/25/2024,20:30,370.8
11/25/2024,20:45,372
11/25/2024,21:00,378
11/25/2024,21:15,372
11/25/2024,21:30,369.6
11/25/2024,21:45,376.8
11/25/2024,22:00,392.4
11/25/2024,22:15,368.4
11/25/2024,22:30,361.2
11/25/2024,22:45,375.6
11/25/2024,23:00,363.6
11/25/2024,23:15,361.2
11/25/2024,23:30,363.6
11/25/2024,23:45,362.4
11/26/2024,0:00,370.8
11/26/2024,0:15,373.2
11/26/2024,0:30,370.8
11/26/2024,0:45,381.6
11/26/2024,1:00,373.2
11/26/2024,1:15,373.2
11/26/2024,1:30,379.2
11/26/2024,1:45,373.2
11/26/2024,2:00,375.6
11/26/2024,2:15,375.6
11/26/2024,2:30,369.6
11/26/2024,2:45,364.8
11/26/2024,3:00,374.4
11/26/2024,3:15,366
11/26/2024,3:30,367.2
11/26/2024,3:45,416.4
11/26/2024,4:00,454.8
11/26/2024,4:15,382.8
11/26/2024,4:30,396
11/26/2024,4:45,394.8
11/26/2024,5:00,381.6
11/26/2024,5:15,394.8
11/26/2024,5:30,444
11/26/2024,5:45,349.2
11/26/2024,6:00,352.8
11/26/2024,6:15,378
11/26/2024,6:30,408
11/26/2024,6:45,392.4
11/26/2024,7:00,394.8
11/26/2024,7:15,484.8
11/26/2024,7:30,482.4
11/26/2024,7:45,780
11/26/2024,8:00,745.2
11/26/2024,8:15,873.6
11/26/2024,8:30,878.4
11/26/2024,8:45,848.4
11/26/2024,9:00,805.2
11/26/2024,9:15,806.4
11/26/2024,9:30,908.4
11/26/2024,9:45,859.2
11/26/2024,10:00,648
11/26/2024,10:15,915.6
11/26/2024,10:30,871.2
11/26/2024,10:45,808.8
11/26/2024,11:00,806.4
11/26/2024,11:15,688.8
11/26/2024,11:30,495.6
11/26/2024,11:45,511.2
11/26/2024,12:00,522
11/26/2024,12:15,912
11/26/2024,12:30,800.4
11/26/2024,12:45,870
11/26/2024,13:00,850.8
11/26/2024,13:15,834
11/26/2024,13:30,950.4
11/26/2024,13:45,862.8
11/26/2024,14:00,684
11/26/2024,14:15,770.4
11/26/2024,14:30,688.8
11/26/2024,14:45,894
11/26/2024,15:00,802.8
11/26/2024,15:15,933.6
11/26/2024,15:30,832.8
11/26/2024,15:45,692.4
11/26/2024,16:00,678
11/26/2024,16:15,873.6
11/26/2024,16:30,778.8
11/26/2024,16:45,606
11/26/2024,17:00,804
11/26/2024,17:15,730.8
11/26/2024,17:30,741.6
11/26/2024,17:45,393.6
11/26/2024,18:00,394.8
11/26/2024,18:15,386.4
11/26/2024,18:30,382.8
11/26/2024,18:45,328.8
11/26/2024,19:00,342
11/26/2024,19:15,376.8
11/26/2024,19:30,520.8
11/26/2024,19:45,392.4
11/26/2024,20:00,442.8
11/26/2024,20:15,340.8
11/26/2024,20:30,392.4
11/26/2024,20:45,390
11/26/2024,21:00,324
11/26/2024,21:15,393.6
11/26/2024,21:30,390
11/26/2024,21:45,471.6
11/26/2024,22:00,403.2
11/26/2024,22:15,397.2
11/26/2024,22:30,384
11/26/2024,22:45,409.2
11/26/2024,23:00,369.6
11/26/2024,23:15,326.4
11/26/2024,23:30,381.6
11/26/2024,23:45,368.4
11/27/2024,0:00,390
11/27/2024,0:15,392.4
11/27/2024,0:30,412.8
11/27/2024,0:45,324
11/27/2024,1:00,388.8
11/27/2024,1:15,384
11/27/2024,1:30,378
11/27/2024,1:45,378
11/27/2024,2:00,388.8
11/27/2024,2:15,381.6
11/27/2024,2:30,392.4
11/27/2024,2:45,400.8
11/27/2024,3:00,374.4
11/27/2024,3:15,387.6
11/27/2024,3:30,382.8
11/27/2024,3:45,385.2
11/27/2024,4:00,398.4
11/27/2024,4:15,382.8
11/27/2024,4:30,375.6
11/27/2024,4:45,390
11/27/2024,5:00,384
11/27/2024,5:15,384
11/27/2024,5:30,394.8
11/27/2024,5:45,403.2
11/27/2024,6:00,415.2
11/27/2024,6:15,400.8
11/27/2024,6:30,394.8
11/27/2024,6:45,325.2
11/27/2024,7:00,330
11/27/2024,7:15,601.2
11/27/2024,7:30,754.8
11/27/2024,7:45,807.6
11/27/2024,8:00,792
11/27/2024,8:15,880.8
11/27/2024,8:30,556.8
11/27/2024,8:45,985.2
11/27/2024,9:00,1144.8
11/27/2024,9:15,981.6
11/27/2024,9:30,948
11/27/2024,9:45,1063.2
11/27/2024,10:00,1074
11/27/2024,10:15,1010.4
11/27/2024,10:30,1051.2
11/27/2024,10:45,1140
11/27/2024,11:00,1154.4
11/27/2024,11:15,777.6
11/27/2024,11:30,459.6
11/27/2024,11:45,508.8
11/27/2024,12:00,927.6
11/27/2024,12:15,1208.4
11/27/2024,12:30,1072.8
11/27/2024,12:45,1173.6
11/27/2024,13:00,1240.8
11/27/2024,13:15,1189.2
11/27/2024,13:30,1303.2
11/27/2024,13:45,1166.4
11/27/2024,14:00,1251.6
11/27/2024,14:15,1298.4
11/27/2024,14:30,964.8
11/27/2024,14:45,943.2
11/27/2024,15:00,1051.2
11/27/2024,15:15,1014
11/27/2024,15:30,963.6
11/27/2024,15:45,1261.2
11/27/2024,16:00,1212
11/27/2024,16:15,1020
11/27/2024,16:30,926.4
11/27/2024,16:45,1066.8
11/27/2024,17:00,895.2
11/27/2024,17:15,1111.2
11/27/2024,17:30,794.4
11/27/2024,17:45,782.4
11/27/2024,18:00,723.6
11/27/2024,18:15,771.6
11/27/2024,18:30,267.6
11/27/2024,18:45,302.4
11/27/2024,19:00,349.2
11/27/2024,19:15,166.8
11/27/2024,19:30,331.2
11/27/2024,19:45,280.8
11/27/2024,20:00,331.2
11/27/2024,20:15,217.2
11/27/2024,20:30,192
11/27/2024,20:45,274.8
11/27/2024,21:00,198
11/27/2024,21:15,270
11/27/2024,21:30,218.4
11/27/2024,21:45,198
11/27/2024,22:00,261.6
11/27/2024,22:15,213.6
11/27/2024,22:30,204
11/27/2024,22:45,265.2
11/27/2024,23:00,244.8
11/27/2024,23:15,244.8
11/27/2024,23:30,249.6
11/27/2024,23:45,242.4
11/28/2024,0:00,200.4
11/28/2024,0:15,200.4
11/28/2024,0:30,212.4
11/28/2024,0:45,242.4
11/28/2024,1:00,314.4
11/28/2024,1:15,272.4
11/28/2024,1:30,247.2
11/28/2024,1:45,226.8
11/28/2024,2:00,200.4
11/28/2024,2:15,285.6
11/28/2024,2:30,246
11/28/2024,2:45,195.6
11/28/2024,3:00,314.4
11/28/2024,3:15,248.4
11/28/2024,3:30,244.8
11/28/2024,3:45,214.8
11/28/2024,4:00,183.6
11/28/2024,4:15,310.8
11/28/2024,4:30,260.4
11/28/2024,4:45,247.2
11/28/2024,5:00,240
11/28/2024,5:15,194.4
11/28/2024,5:30,199.2
11/28/2024,5:45,268.8
11/28/2024,6:00,219.6
11/28/2024,6:15,219.6
11/28/2024,6:30,337.2
11/28/2024,6:45,249.6
11/28/2024,7:00,243.6
11/28/2024,7:15,512.4
11/28/2024,7:30,669.6
11/28/2024,7:45,1129.2
11/28/2024,8:00,1191.6
11/28/2024,8:15,1212
11/28/2024,8:30,1321.2
11/28/2024,8:45,1819.2
11/28/2024,9:00,1311.6
11/28/2024,9:15,1594.8
11/28/2024,9:30,1371.6
11/28/2024,9:45,1580.4
11/28/2024,10:00,1578
11/28/2024,10:15,1226.4
11/28/2024,10:30,1090.8
11/28/2024,10:45,1509.6
11/28/2024,11:00,1255.2
11/28/2024,11:15,765.6
11/28/2024,11:30,807.6
11/28/2024,11:45,1000.8
11/28/2024,12:00,1298.4
11/28/2024,12:15,1172.4
11/28/2024,12:30,1492.8
11/28/2024,12:45,1266
11/28/2024,13:00,1312.8
11/28/2024,13:15,1299.6
11/28/2024,13:30,1224
11/28/2024,13:45,1414.8
11/28/2024,14:00,1189.2
11/28/2024,14:15,1413.6
11/28/2024,14:30,997.2
11/28/2024,14:45,1029.6
11/28/2024,15:00,1407.6
11/28/2024,15:15,1212
11/28/2024,15:30,1316.4
11/28/2024,15:45,1375.2
11/28/2024,16:00,1189.2
11/28/2024,16:15,1138.8
11/28/2024,16:30,1213.2
11/28/2024,16:45,1060.8
11/28/2024,17:00,1028.4
11/28/2024,17:15,816
11/28/2024,17:30,907.2
11/28/2024,17:45,978
11/28/2024,18:00,913.2
11/28/2024,18:15,835.2
11/28/2024,18:30,289.2
11/28/2024,18:45,285.6
11/28/2024,19:00,176.4
11/28/2024,19:15,181.2
11/28/2024,19:30,211.2
11/28/2024,19:45,177.6
11/28/2024,20:00,208.8
11/28/2024,20:15,634.8
11/28/2024,20:30,682.8
11/28/2024,20:45,620.4
11/28/2024,21:00,325.2
11/28/2024,21:15,236.4
11/28/2024,21:30,363.6
11/28/2024,21:45,177.6
11/28/2024,22:00,285.6
11/28/2024,22:15,183.6
11/28/2024,22:30,294
11/28/2024,22:45,176.4
11/28/2024,23:00,182.4
11/28/2024,23:15,229.2
11/28/2024,23:30,172.8
11/28/2024,23:45,242.4
11/29/2024,0:00,175.2
11/29/2024,0:15,272.4
11/29/2024,0:30,242.4
11/29/2024,0:45,176.4
11/29/2024,1:00,237.6
11/29/2024,1:15,230.4
11/29/2024,1:30,175.2
11/29/2024,1:45,172.8
11/29/2024,2:00,235.2
11/29/2024,2:15,238.8
11/29/2024,2:30,184.8
11/29/2024,2:45,295.2
11/29/2024,3:00,182.4
11/29/2024,3:15,301.2
11/29/2024,3:30,188.4
11/29/2024,3:45,183.6
11/29/2024,4:00,231.6
11/29/2024,4:15,181.2
11/29/2024,4:30,314.4
11/29/2024,4:45,183.6
11/29/2024,5:00,307.2
11/29/2024,5:15,196.8
11/29/2024,5:30,301.2
11/29/2024,5:45,236.4
11/29/2024,6:00,196.8
11/29/2024,6:15,271.2
11/29/2024,6:30,183.6
11/29/2024,6:45,244.8
11/29/2024,7:00,182.4
11/29/2024,7:15,586.8
11/29/2024,7:30,597.6
11/29/2024,7:45,1003.2
11/29/2024,8:00,1036.8
11/29/2024,8:15,1360.8
11/29/2024,8:30,1296
11/29/2024,8:45,1333.2
11/29/2024,9:00,1204.8
11/29/2024,9:15,1506
11/29/2024,9:30,1320
11/29/2024,9:45,1321.2
11/29/2024,10:00,1458
11/29/2024,10:15,1216.8
11/29/2024,10:30,1305.6
11/29/2024,10:45,1870.8
11/29/2024,11:00,1512
11/29/2024,11:15,979.2
11/29/2024,11:30,657.6
11/29/2024,11:45,766.8
11/29/2024,12:00,1406.4
11/29/2024,12:15,1308
11/29/2024,12:30,1203.6
11/29/2024,12:45,1436.4
11/29/2024,13:00,1611.6
11/29/2024,13:15,1435.2
11/29/2024,13:30,1239.6
11/29/2024,13:45,1513.2
11/29/2024,14:00,1324.8
11/29/2024,14:15,1363.2
11/29/2024,14:30,1452
11/29/2024,14:45,1404
11/29/2024,15:00,1352.4
11/29/2024,15:15,1638
11/29/2024,15:30,1440
11/29/2024,15:45,1185.6
11/29/2024,16:00,1232.4
11/29/2024,16:15,1432.8
11/29/2024,16:30,1468.8
11/29/2024,16:45,1018.8
11/29/2024,17:00,836.4
11/29/2024,17:15,798
11/29/2024,17:30,748.8
11/29/2024,17:45,775.2
11/29/2024,18:00,285.6
11/29/2024,18:15,262.8
11/29/2024,18:30,238.8
11/29/2024,18:45,156
11/29/2024,19:00,218.4
11/29/2024,19:15,156
11/29/2024,19:30,285.6
11/29/2024,19:45,174
11/29/2024,20:00,276
11/29/2024,20:15,177.6
11/29/2024,20:30,171.6
11/29/2024,20:45,225.6
11/29/2024,21:00,177.6
11/29/2024,21:15,271.2
11/29/2024,21:30,165.6
11/29/2024,21:45,278.4
11/29/2024,22:00,172.8
11/29/2024,22:15,182.4
11/29/2024,22:30,258
11/29/2024,22:45,165.6
11/29/2024,23:00,222
11/29/2024,23:15,168
11/29/2024,23:30,285.6
11/29/2024,23:45,165.6
11/30/2024,0:00,288
11/30/2024,0:15,171.6
11/30/2024,0:30,292.8
11/30/2024,0:45,175.2
11/30/2024,1:00,301.2
11/30/2024,1:15,169.2
11/30/2024,1:30,271.2
11/30/2024,1:45,182.4
11/30/2024,2:00,175.2
11/30/2024,2:15,198
11/30/2024,2:30,168
11/30/2024,2:45,225.6
11/30/2024,3:00,178.8
11/30/2024,3:15,231.6
11/30/2024,3:30,192
11/30/2024,3:45,249.6
11/30/2024,4:00,170.4
11/30/2024,4:15,286.8
11/30/2024,4:30,180
11/30/2024,4:45,292.8
11/30/2024,5:00,170.4
11/30/2024,5:15,291.6
11/30/2024,5:30,169.2
11/30/2024,5:45,302.4
11/30/2024,6:00,196.8
11/30/2024,6:15,174
11/30/2024,6:30,200.4
11/30/2024,6:45,171.6
11/30/2024,7:00,302.4
11/30/2024,7:15,440.4
11/30/2024,7:30,441.6
11/30/2024,7:45,670.8
11/30/2024,8:00,855.6
11/30/2024,8:15,852
11/30/2024,8:30,936
11/30/2024,8:45,846
11/30/2024,9:00,920.4
11/30/2024,9:15,890.4
11/30/2024,9:30,860.4
11/30/2024,9:45,844.8
11/30/2024,10:00,842.4
11/30/2024,10:15,820.8
11/30/2024,10:30,811.2
11/30/2024,10:45,938.4
11/30/2024,11:00,696
11/30/2024,11:15,294
11/30/2024,11:30,292.8
11/30/2024,11:45,297.6
11/30/2024,12:00,717.6
11/30/2024,12:15,658.8
11/30/2024,12:30,786
11/30/2024,12:45,763.2
11/30/2024,13:00,565.2
11/30/2024,13:15,586.8
11/30/2024,13:30,578.4
11/30/2024,13:45,573.6
11/30/2024,14:00,595.2
11/30/2024,14:15,836.4
11/30/2024,14:30,848.4
11/30/2024,14:45,818.4
11/30/2024,15:00,808.8
11/30/2024,15:15,843.6
11/30/2024,15:30,812.4
11/30/2024,15:45,831.6
11/30/2024,16:00,832.8
11/30/2024,16:15,824.4
11/30/2024,16:30,924
11/30/2024,16:45,769.2
11/30/2024,17:00,858
11/30/2024,17:15,711.6
11/30/2024,17:30,786
11/30/2024,17:45,859.2
11/30/2024,18:00,735.6
11/30/2024,18:15,656.4
11/30/2024,18:30,136.8
11/30/2024,18:45,260.4
11/30/2024,19:00,134.4
11/30/2024,19:15,140.4
11/30/2024,19:30,178.8
11/30/2024,19:45,123.6
11/30/2024,20:00,242.4
11/30/2024,20:15,122.4
11/30/2024,20:30,122.4
11/30/2024,20:45,188.4
11/30/2024,21:00,123.6
11/30/2024,21:15,243.6
11/30/2024,21:30,127.2
11/30/2024,21:45,122.4
11/30/2024,22:00,178.8
11/30/2024,22:15,122.4
11/30/2024,22:30,229.2
11/30/2024,22:45,135.6
11/30/2024,23:00,122.4
11/30/2024,23:15,200.4
11/30/2024,23:30,129.6
11/30/2024,23:45,230.4
12/1/2024,0:00,132
12/1/2024,0:15,130.8
12/1/2024,0:30,247.2
12/1/2024,0:45,127.2
12/1/2024,1:00,130.8
12/1/2024,1:15,181.2
12/1/2024,1:30,122.4
12/1/2024,1:45,254.4
12/1/2024,2:00,123.6
12/1/2024,2:15,124.8
12/1/2024,2:30,200.4
12/1/2024,2:45,120
12/1/2024,3:00,121.2
12/1/2024,3:15,148.8
12/1/2024,3:30,122.4
12/1/2024,3:45,252
12/1/2024,4:00,142.8
12/1/2024,4:15,133.2
12/1/2024,4:30,188.4
12/1/2024,4:45,140.4
12/1/2024,5:00,133.2
12/1/2024,5:15,142.8
12/1/2024,5:30,132
12/1/2024,5:45,258
12/1/2024,6:00,142.8
12/1/2024,6:15,144
12/1/2024,6:30,243.6
12/1/2024,6:45,129.6
12/1/2024,7:00,134.4
12/1/2024,7:15,471.6
12/1/2024,7:30,415.2
12/1/2024,7:45,744
12/1/2024,8:00,949.2
12/1/2024,8:15,963.6
12/1/2024,8:30,969.6
12/1/2024,8:45,1016.4
12/1/2024,9:00,966
12/1/2024,9:15,927.6
12/1/2024,9:30,939.6
12/1/2024,9:45,1009.2
12/1/2024,10:00,1030.8
12/1/2024,10:15,966
12/1/2024,10:30,1005.6
12/1/2024,10:45,907.2
12/1/2024,11:00,840
12/1/2024,11:15,523.2
12/1/2024,11:30,514.8
12/1/2024,11:45,471.6
12/1/2024,12:00,886.8
12/1/2024,12:15,879.6
12/1/2024,12:30,915.6
12/1/2024,12:45,984
12/1/2024,13:00,981.6
12/1/2024,13:15,966
12/1/2024,13:30,1030.8
12/1/2024,13:45,985.2
12/1/2024,14:00,867.6
12/1/2024,14:15,974.4
12/1/2024,14:30,925.2
12/1/2024,14:45,865.2
12/1/2024,15:00,902.4
12/1/2024,15:15,744
12/1/2024,15:30,810
12/1/2024,15:45,808.8
12/1/2024,16:00,823.2
12/1/2024,16:15,943.2
12/1/2024,16:30,829.2
12/1/2024,16:45,931.2
12/1/2024,17:00,850.8
12/1/2024,17:15,841.2
12/1/2024,17:30,798
12/1/2024,17:45,714
12/1/2024,18:00,816
12/1/2024,18:15,608.4
12/1/2024,18:30,141.6
12/1/2024,18:45,192
12/1/2024,19:00,138
12/1/2024,19:15,213.6
12/1/2024,19:30,142.8
12/1/2024,19:45,136.8
12/1/2024,20:00,230.4
12/1/2024,20:15,130.8
12/1/2024,20:30,126
12/1/2024,20:45,153.6
12/1/2024,21:00,134.4
12/1/2024,21:15,240
12/1/2024,21:30,126
12/1/2024,21:45,134.4
12/1/2024,22:00,211.2
12/1/2024,22:15,124.8
12/1/2024,22:30,124.8
12/1/2024,22:45,181.2
12/1/2024,23:00,133.2
12/1/2024,23:15,243.6
12/1/2024,23:30,129.6
12/1/2024,23:45,135.6
12/2/2024,0:00,230.4
12/2/2024,0:15,127.2
12/2/2024,0:30,133.2
12/2/2024,0:45,181.2
12/2/2024,1:00,123.6
12/2/2024,1:15,248.4
12/2/2024,1:30,127.2
12/2/2024,1:45,133.2
12/2/2024,2:00,222
12/2/2024,2:15,124.8
12/2/2024,2:30,132
12/2/2024,2:45,140.4
12/2/2024,3:00,124.8
12/2/2024,3:15,248.4
12/2/2024,3:30,126
12/2/2024,3:45,133.2
12/2/2024,4:00,181.2
12/2/2024,4:15,123.6
12/2/2024,4:30,136.8
12/2/2024,4:45,132
12/2/2024,5:00,124.8
12/2/2024,5:15,254.4
12/2/2024,5:30,139.2
12/2/2024,5:45,148.8
12/2/2024,6:00,206.4
12/2/2024,6:15,145.2
12/2/2024,6:30,153.6
12/2/2024,6:45,157.2
12/2/2024,7:00,127.2
12/2/2024,7:15,513.6
12/2/2024,7:30,612
12/2/2024,7:45,1363.2
12/2/2024,8:00,1377.6
12/2/2024,8:15,1317.6
12/2/2024,8:30,#VALUE!
12/2/2024,8:45,#VALUE!
12/2/2024,9:00,1453.2
12/2/2024,9:15,1567.2
12/2/2024,9:30,1576.8
12/2/2024,9:45,1789.2
12/2/2024,10:00,1497.6
12/2/2024,10:15,1825.2
12/2/2024,10:30,1724.4
12/2/2024,10:45,1725.6
12/2/2024,11:00,1712.4
12/2/2024,11:15,805.2
12/2/2024,11:30,439.2
12/2/2024,11:45,453.6
12/2/2024,12:00,1208.4
12/2/2024,12:15,1501.2
12/2/2024,12:30,1833.6
12/2/2024,12:45,1358.4
12/2/2024,13:00,1683.6
12/2/2024,13:15,1794
12/2/2024,13:30,1484.4
12/2/2024,13:45,1234.8
12/2/2024,14:00,1566
12/2/2024,14:15,1598.4
12/2/2024,14:30,1582.8
12/2/2024,14:45,1842
12/2/2024,15:00,1374
12/2/2024,15:15,1356
12/2/2024,15:30,1465.2
12/2/2024,15:45,1113.6
12/2/2024,16:00,1525.2
12/2/2024,16:15,1678.8
12/2/2024,16:30,1524
12/2/2024,16:45,1341.6
12/2/2024,17:00,#VALUE!
12/2/2024,17:15,1759.2
12/2/2024,17:30,1288.8
12/2/2024,17:45,1668
12/2/2024,18:00,1580.4
12/2/2024,18:15,800.4
12/2/2024,18:30,279.6
12/2/2024,18:45,308.4
12/2/2024,19:00,249.6
12/2/2024,19:15,174
12/2/2024,19:30,236.4
12/2/2024,19:45,181.2
12/2/2024,20:00,301.2
12/2/2024,20:15,238.8
12/2/2024,20:30,174
12/2/2024,20:45,235.2
12/2/2024,21:00,163.2
12/2/2024,21:15,144
12/2/2024,21:30,216
12/2/2024,21:45,150
12/2/2024,22:00,247.2
12/2/2024,22:15,151.2
12/2/2024,22:30,142.8
12/2/2024,22:45,214.8
12/2/2024,23:00,152.4
12/2/2024,23:15,147.6
12/2/2024,23:30,162
12/2/2024,23:45,142.8
12/3/2024,0:00,247.2
12/3/2024,0:15,156
12/3/2024,0:30,141.6
12/3/2024,0:45,151.2
12/3/2024,1:00,152.4
12/3/2024,1:15,252
12/3/2024,1:30,141.6
12/3/2024,1:45,144
12/3/2024,2:00,175.2
12/3/2024,2:15,151.2
12/3/2024,2:30,266.4
12/3/2024,2:45,145.2
12/3/2024,3:00,152.4
12/3/2024,3:15,164.4
12/3/2024,3:30,144
12/3/2024,3:45,270
12/3/2024,4:00,142.8
12/3/2024,4:15,144
12/3/2024,4:30,212.4
12/3/2024,4:45,153.6
12/3/2024,5:00,278.4
12/3/2024,5:15,154.8
12/3/2024,5:30,169.2
12/3/2024,5:45,223.2
12/3/2024,6:00,159.6
12/3/2024,6:15,278.4
12/3/2024,6:30,158.4
12/3/2024,6:45,153.6
12/3/2024,7:00,460.8
12/3/2024,7:15,438
12/3/2024,7:30,648
12/3/2024,7:45,1656
12/3/2024,8:00,1564.8
12/3/2024,8:15,1659.6
12/3/2024,8:30,1881.6
12/3/2024,8:45,1450.8
12/3/2024,9:00,1557.6
12/3/2024,9:15,1534.8
12/3/2024,9:30,1626
12/3/2024,9:45,1430.4
12/3/2024,10:00,1167.6
12/3/2024,10:15,1282.8
12/3/2024,10:30,1462.8
12/3/2024,10:45,1447.2
12/3/2024,11:00,1428
12/3/2024,11:15,1294.8
12/3/2024,11:30,405.6
12/3/2024,11:45,340.8
12/3/2024,12:00,906
12/3/2024,12:15,1452
12/3/2024,12:30,1566
12/3/2024,12:45,1726.8
12/3/2024,13:00,1473.6
12/3/2024,13:15,1558.8
12/3/2024,13:30,1845.6
12/3/2024,13:45,1294.8
12/3/2024,14:00,1608
12/3/2024,14:15,1600.8
12/3/2024,14:30,1638
12/3/2024,14:45,1677.6
12/3/2024,15:00,1540.8
12/3/2024,15:15,1459.2
12/3/2024,15:30,1528.8
12/3/2024,15:45,1585.2
12/3/2024,16:00,1602
12/3/2024,16:15,1622.4
12/3/2024,16:30,1448.4
12/3/2024,16:45,1684.8
12/3/2024,17:00,1632
12/3/2024,17:15,1574.4
12/3/2024,17:30,1520.4
12/3/2024,17:45,928.8
12/3/2024,18:00,844.8
12/3/2024,18:15,652.8
12/3/2024,18:30,273.6
12/3/2024,18:45,232.8
12/3/2024,19:00,220.8
12/3/2024,19:15,225.6
12/3/2024,19:30,264
12/3/2024,19:45,156
12/3/2024,20:00,154.8
12/3/2024,20:15,220.8
12/3/2024,20:30,153.6
12/3/2024,20:45,278.4
12/3/2024,21:00,158.4
12/3/2024,21:15,147.6
12/3/2024,21:30,169.2
12/3/2024,21:45,158.4
12/3/2024,22:00,258
12/3/2024,22:15,150
12/3/2024,22:30,158.4
12/3/2024,22:45,163.2
12/3/2024,23:00,151.2
12/3/2024,23:15,250.8
12/3/2024,23:30,148.8
12/3/2024,23:45,156
12/4/2024,0:00,158.4
12/4/2024,0:15,150
12/4/2024,0:30,273.6
12/4/2024,0:45,148.8
12/4/2024,1:00,148.8
12/4/2024,1:15,214.8
12/4/2024,1:30,147.6
12/4/2024,1:45,274.8
12/4/2024,2:00,157.2
12/4/2024,2:15,150
12/4/2024,2:30,205.2
12/4/2024,2:45,154.8
12/4/2024,3:00,147.6
12/4/2024,3:15,211.2
12/4/2024,3:30,152.4
12/4/2024,3:45,260.4
12/4/2024,4:00,165.6
12/4/2024,4:15,154.8
12/4/2024,4:30,273.6
12/4/2024,4:45,163.2
12/4/2024,5:00,156
12/4/2024,5:15,229.2
12/4/2024,5:30,157.2
12/4/2024,5:45,168
12/4/2024,6:00,229.2
12/4/2024,6:15,169.2
12/4/2024,6:30,162
12/4/2024,6:45,222
12/4/2024,7:00,153.6
12/4/2024,7:15,502.8
12/4/2024,7:30,750
12/4/2024,7:45,1122
12/4/2024,8:00,1814.4
12/4/2024,8:15,1928.4
12/4/2024,8:30,1732.8
12/4/2024,8:45,1437.6
12/4/2024,9:00,1450.8
12/4/2024,9:15,1633.2
12/4/2024,9:30,1527.6
12/4/2024,9:45,1513.2
12/4/2024,10:00,1622.4
12/4/2024,10:15,1800
12/4/2024,10:30,1782
12/4/2024,10:45,1616.4
12/4/2024,11:00,1688.4
12/4/2024,11:15,931.2
12/4/2024,11:30,386.4
12/4/2024,11:45,354
12/4/2024,12:00,816
12/4/2024,12:15,1383.6
12/4/2024,12:30,1183.2
12/4/2024,12:45,1347.6
12/4/2024,13:00,1556.4
12/4/2024,13:15,1915.2
12/4/2024,13:30,1758
12/4/2024,13:45,1376.4
12/4/2024,14:00,1237.2
12/4/2024,14:15,1327.2
12/4/2024,14:30,1272
12/4/2024,14:45,1400.4
12/4/2024,15:00,1606.8
12/4/2024,15:15,1314
12/4/2024,15:30,1338
12/4/2024,15:45,1468.8
12/4/2024,16:00,1051.2
12/4/2024,16:15,1263.6
12/4/2024,16:30,1296
12/4/2024,16:45,1364.4
12/4/2024,17:00,1332
12/4/2024,17:15,1345.2
12/4/2024,17:30,1453.2
12/4/2024,17:45,871.2
12/4/2024,18:00,884.4
12/4/2024,18:15,258
12/4/2024,18:30,278.4
12/4/2024,18:45,180
12/4/2024,19:00,290.4
12/4/2024,19:15,175.2
12/4/2024,19:30,308.4
12/4/2024,19:45,178.8
12/4/2024,20:00,175.2
12/4/2024,20:15,190.8
12/4/2024,20:30,183.6
12/4/2024,20:45,222
12/4/2024,21:00,163.2
12/4/2024,21:15,240
12/4/2024,21:30,172.8
12/4/2024,21:45,284.4
12/4/2024,22:00,171.6
12/4/2024,22:15,273.6
12/4/2024,22:30,170.4
12/4/2024,22:45,163.2
12/4/2024,23:00,228
12/4/2024,23:15,162
12/4/2024,23:30,272.4
12/4/2024,23:45,162
12/5/2024,0:00,273.6
12/5/2024,0:15,174
12/5/2024,0:30,162
12/5/2024,0:45,218.4
12/5/2024,1:00,169.2
12/5/2024,1:15,224.4
12/5/2024,1:30,162
12/5/2024,1:45,280.8
12/5/2024,2:00,163.2
12/5/2024,2:15,169.2
12/5/2024,2:30,169.2
12/5/2024,2:45,162
12/5/2024,3:00,225.6
12/5/2024,3:15,160.8
12/5/2024,3:30,272.4
12/5/2024,3:45,171.6
12/5/2024,4:00,290.4
12/5/2024,4:15,164.4
12/5/2024,4:30,165.6
12/5/2024,4:45,174
12/5/2024,5:00,178.8
12/5/2024,5:15,222
12/5/2024,5:30,168
12/5/2024,5:45,297.6
12/5/2024,6:00,180
12/5/2024,6:15,181.2
12/5/2024,6:30,192
12/5/2024,6:45,171.6
12/5/2024,7:00,234
12/5/2024,7:15,428.4
12/5/2024,7:30,760.8
12/5/2024,7:45,1387.2
12/5/2024,8:00,1371.6
12/5/2024,8:15,1669.2
12/5/2024,8:30,1326
12/5/2024,8:45,1304.4
12/5/2024,9:00,1413.6
12/5/2024,9:15,1580.4
12/5/2024,9:30,1710
12/5/2024,9:45,1538.4
12/5/2024,10:00,1556.4
12/5/2024,10:15,1353.6
12/5/2024,10:30,1358.4
12/5/2024,10:45,1356
12/5/2024,11:00,1336.8
12/5/2024,11:15,1111.2
12/5/2024,11:30,639.6
12/5/2024,11:45,643.2
12/5/2024,12:00,1072.8
12/5/2024,12:15,1381.2
12/5/2024,12:30,1456.8
12/5/2024,12:45,1323.6
12/5/2024,13:00,1473.6
12/5/2024,13:15,1399.2
12/5/2024,13:30,1365.6
12/5/2024,13:45,1372.8
12/5/2024,14:00,1464
12/5/2024,14:15,1298.4
12/5/2024,14:30,1188
12/5/2024,14:45,1496.4
12/5/2024,15:00,1376.4
12/5/2024,15:15,1540.8
12/5/2024,15:30,1551.6
12/5/2024,15:45,1533.6
12/5/2024,16:00,1429.2
12/5/2024,16:15,1297.2
12/5/2024,16:30,1563.6
12/5/2024,16:45,1376.4
12/5/2024,17:00,1162.8
12/5/2024,17:15,1468.8
12/5/2024,17:30,1272
12/5/2024,17:45,1032
12/5/2024,18:00,910.8
12/5/2024,18:15,906
12/5/2024,18:30,241.2
12/5/2024,18:45,242.4
12/5/2024,19:00,235.2
12/5/2024,19:15,244.8
12/5/2024,19:30,218.4
12/5/2024,19:45,302.4
12/5/2024,20:00,242.4
12/5/2024,20:15,369.6
12/5/2024,20:30,300
12/5/2024,20:45,246
12/5/2024,21:00,307.2
12/5/2024,21:15,241.2
12/5/2024,21:30,364.8
12/5/2024,21:45,270
12/5/2024,22:00,244.8
12/5/2024,22:15,345.6
12/5/2024,22:30,278.4
12/5/2024,22:45,402
12/5/2024,23:00,339.6
12/5/2024,23:15,273.6
12/5/2024,23:30,326.4
12/5/2024,23:45,279.6
12/6/2024,0:00,398.4
12/6/2024,0:15,285.6
12/6/2024,0:30,364.8
12/6/2024,0:45,325.2
12/6/2024,1:00,279.6
12/6/2024,1:15,334.8
12/6/2024,1:30,273.6
12/6/2024,1:45,370.8
12/6/2024,2:00,285.6
12/6/2024,2:15,361.2
12/6/2024,2:30,338.4
12/6/2024,2:45,277.2
12/6/2024,3:00,339.6
12/6/2024,3:15,277.2
12/6/2024,3:30,406.8
12/6/2024,3:45,289.2
12/6/2024,4:00,354
12/6/2024,4:15,331.2
12/6/2024,4:30,364.8
12/6/2024,4:45,328.8
12/6/2024,5:00,273.6
12/6/2024,5:15,333.6
12/6/2024,5:30,277.2
12/6/2024,5:45,376.8
12/6/2024,6:00,283.2
12/6/2024,6:15,391.2
12/6/2024,6:30,286.8
12/6/2024,6:45,391.2
12/6/2024,7:00,290.4
12/6/2024,7:15,318
12/6/2024,7:30,913.2
12/6/2024,7:45,1144.8
12/6/2024,8:00,1480.8
12/6/2024,8:15,1150.8
12/6/2024,8:30,1412.4
12/6/2024,8:45,1440
12/6/2024,9:00,1320
12/6/2024,9:15,1656
12/6/2024,9:30,1114.8
12/6/2024,9:45,1296
12/6/2024,10:00,1219.2
12/6/2024,10:15,1532.4
12/6/2024,10:30,1531.2
12/6/2024,10:45,1562.4
12/6/2024,11:00,1412.4
12/6/2024,11:15,994.8
12/6/2024,11:30,453.6
12/6/2024,11:45,498
12/6/2024,12:00,1032
12/6/2024,12:15,1587.6
12/6/2024,12:30,1281.6
12/6/2024,12:45,1597.2
12/6/2024,13:00,1365.6
12/6/2024,13:15,1626
12/6/2024,13:30,1432.8
12/6/2024,13:45,1381.2
12/6/2024,14:00,1539.6
12/6/2024,14:15,1593.6
12/6/2024,14:30,1140
12/6/2024,14:45,1350
12/6/2024,15:00,1522.8
12/6/2024,15:15,1093.2
12/6/2024,15:30,1506
12/6/2024,15:45,1231.2
12/6/2024,16:00,1399.2
12/6/2024,16:15,1515.6
12/6/2024,16:30,1531.2
12/6/2024,16:45,1207.2
12/6/2024,17:00,1446
12/6/2024,17:15,1594.8
12/6/2024,17:30,1669.2
12/6/2024,17:45,1191.6
12/6/2024,18:00,1011.6
12/6/2024,18:15,447.6
12/6/2024,18:30,380.4
12/6/2024,18:45,356.4
12/6/2024,19:00,348
12/6/2024,19:15,358.8
12/6/2024,19:30,367.2
12/6/2024,19:45,358.8
12/6/2024,20:00,374.4
12/6/2024,20:15,399.6
12/6/2024,20:30,352.8
12/6/2024,20:45,291.6
12/6/2024,21:00,334.8
12/6/2024,21:15,280.8
12/6/2024,21:30,408
12/6/2024,21:45,328.8
12/6/2024,22:00,283.2
12/6/2024,22:15,364.8
12/6/2024,22:30,276
12/6/2024,22:45,280.8
12/6/2024,23:00,345.6
12/6/2024,23:15,284.4
12/6/2024,23:30,414
12/6/2024,23:45,352.8
12/7/2024,0:00,333.6
12/7/2024,0:15,277.2
12/7/2024,0:30,270
12/7/2024,0:45,411.6
12/7/2024,1:00,398.4
12/7/2024,1:15,331.2
12/7/2024,1:30,340.8
12/7/2024,1:45,325.2
12/7/2024,2:00,266.4
12/7/2024,2:15,410.4
12/7/2024,2:30,328.8
12/7/2024,2:45,333.6
12/7/2024,3:00,284.4
12/7/2024,3:15,405.6
12/7/2024,3:30,336
12/7/2024,3:45,327.6
12/7/2024,4:00,266.4
12/7/2024,4:15,392.4
12/7/2024,4:30,322.8
12/7/2024,4:45,264
12/7/2024,5:00,399.6
12/7/2024,5:15,325.2
12/7/2024,5:30,273.6
12/7/2024,5:45,405.6
12/7/2024,6:00,330
12/7/2024,6:15,285.6
12/7/2024,6:30,268.8
12/7/2024,6:45,346.8
12/7/2024,7:00,288
12/7/2024,7:15,662.4
12/7/2024,7:30,848.4
12/7/2024,7:45,1317.6
12/7/2024,8:00,1279.2
12/7/2024,8:15,1410
12/7/2024,8:30,1340.4
12/7/2024,8:45,1418.4
12/7/2024,9:00,1423.2
12/7/2024,9:15,1218
12/7/2024,9:30,1650
12/7/2024,9:45,1365.6
12/7/2024,10:00,1609.2
12/7/2024,10:15,1412.4
12/7/2024,10:30,1321.2
12/7/2024,10:45,1303.2
12/7/2024,11:00,1510.8
12/7/2024,11:15,738
12/7/2024,11:30,780
12/7/2024,11:45,680.4
12/7/2024,12:00,882
12/7/2024,12:15,1132.8
12/7/2024,12:30,1479.6
12/7/2024,12:45,1401.6
12/7/2024,13:00,1591.2
12/7/2024,13:15,1383.6
12/7/2024,13:30,1705.2
12/7/2024,13:45,1328.4
12/7/2024,14:00,1281.6
12/7/2024,14:15,1608
12/7/2024,14:30,1539.6
12/7/2024,14:45,1546.8
12/7/2024,15:00,1678.8
12/7/2024,15:15,1650
12/7/2024,15:30,1683.6
12/7/2024,15:45,1489.2
12/7/2024,16:00,1540.8
12/7/2024,16:15,1564.8
12/7/2024,16:30,1630.8
12/7/2024,16:45,1786.8
12/7/2024,17:00,1495.2
12/7/2024,17:15,1171.2
12/7/2024,17:30,1064.4
12/7/2024,17:45,888
12/7/2024,18:00,1039.2
12/7/2024,18:15,457.2
12/7/2024,18:30,469.2
12/7/2024,18:45,391.2
12/7/2024,19:00,355.2
12/7/2024,19:15,375.6
12/7/2024,19:30,402
12/7/2024,19:45,384
12/7/2024,20:00,370.8
12/7/2024,20:15,300
12/7/2024,20:30,279.6
12/7/2024,20:45,393.6
12/7/2024,21:00,333.6
12/7/2024,21:15,339.6
12/7/2024,21:30,327.6
12/7/2024,21:45,274.8
12/7/2024,22:00,277.2
12/7/2024,22:15,326.4
12/7/2024,22:30,325.2
12/7/2024,22:45,322.8
12/7/2024,23:00,327.6
12/7/2024,23:15,291.6
12/7/2024,23:30,271.2
12/7/2024,23:45,277.2
12/8/2024,0:00,337.2
12/8/2024,0:15,328.8
12/8/2024,0:30,271.2
12/8/2024,0:45,278.4
12/8/2024,1:00,265.2
12/8/2024,1:15,406.8
12/8/2024,1:30,357.6
12/8/2024,1:45,324
12/8/2024,2:00,338.4
12/8/2024,2:15,331.2
12/8/2024,2:30,328.8
12/8/2024,2:45,315.6
12/8/2024,3:00,288
12/8/2024,3:15,280.8
12/8/2024,3:30,284.4
12/8/2024,3:45,322.8
12/8/2024,4:00,288
12/8/2024,4:15,399.6
12/8/2024,4:30,398.4
12/8/2024,4:45,330
12/8/2024,5:00,328.8
12/8/2024,5:15,326.4
12/8/2024,5:30,291.6
12/8/2024,5:45,273.6
12/8/2024,6:00,405.6
12/8/2024,6:15,326.4
12/8/2024,6:30,334.8
12/8/2024,6:45,295.2
12/8/2024,7:00,276
12/8/2024,7:15,595.2
12/8/2024,7:30,681.6
12/8/2024,7:45,1173.6
12/8/2024,8:00,961.2
12/8/2024,8:15,1246.8
12/8/2024,8:30,1395.6
12/8/2024,8:45,1375.2
12/8/2024,9:00,1477.2
12/8/2024,9:15,1443.6
12/8/2024,9:30,1192.8
12/8/2024,9:45,1419.6
12/8/2024,10:00,1590
12/8/2024,10:15,1340.4
12/8/2024,10:30,1416
12/8/2024,10:45,1341.6
12/8/2024,11:00,1498.8
12/8/2024,11:15,475.2
12/8/2024,11:30,492
12/8/2024,11:45,528
12/8/2024,12:00,1039.2
12/8/2024,12:15,1527.6
12/8/2024,12:30,1419.6
12/8/2024,12:45,1140
12/8/2024,13:00,1323.6
12/8/2024,13:15,1278
12/8/2024,13:30,1315.2
12/8/2024,13:45,1438.8
12/8/2024,14:00,1359.6
12/8/2024,14:15,1314
12/8/2024,14:30,976.8
12/8/2024,14:45,1009.2
12/8/2024,15:00,1081.2
12/8/2024,15:15,1028.4
12/8/2024,15:30,999.6
12/8/2024,15:45,1201.2
12/8/2024,16:00,1125.6
12/8/2024,16:15,1052.4
12/8/2024,16:30,1042.8
12/8/2024,16:45,1090.8
12/8/2024,17:00,1104
12/8/2024,17:15,1089.6
12/8/2024,17:30,1014
12/8/2024,17:45,822
12/8/2024,18:00,386.4
12/8/2024,18:15,362.4
12/8/2024,18:30,358.8
12/8/2024,18:45,331.2
12/8/2024,19:00,334.8
12/8/2024,19:15,351.6
12/8/2024,19:30,348
12/8/2024,19:45,356.4
12/8/2024,20:00,356.4
12/8/2024,20:15,339.6
12/8/2024,20:30,339.6
12/8/2024,20:45,342
12/8/2024,21:00,333.6
12/8/2024,21:15,337.2
12/8/2024,21:30,343.2
12/8/2024,21:45,370.8
12/8/2024,22:00,349.2
12/8/2024,22:15,338.4
12/8/2024,22:30,357.6
12/8/2024,22:45,352.8
12/8/2024,23:00,340.8
12/8/2024,23:15,348
12/8/2024,23:30,351.6
12/8/2024,23:45,362.4
12/9/2024,0:00,354
12/9/2024,0:15,332.4
12/9/2024,0:30,340.8
12/9/2024,0:45,348
12/9/2024,1:00,340.8
12/9/2024,1:15,315.6
12/9/2024,1:30,348
12/9/2024,1:45,349.2
12/9/2024,2:00,364.8
12/9/2024,2:15,345.6
12/9/2024,2:30,345.6
12/9/2024,2:45,346.8
12/9/2024,3:00,342
12/9/2024,3:15,352.8
12/9/2024,3:30,360
12/9/2024,3:45,376.8
12/9/2024,4:00,358.8
12/9/2024,4:15,354
12/9/2024,4:30,345.6
12/9/2024,4:45,338.4
12/9/2024,5:00,339.6
12/9/2024,5:15,342
12/9/2024,5:30,339.6
12/9/2024,5:45,381.6
12/9/2024,6:00,351.6
12/9/2024,6:15,352.8
12/9/2024,6:30,343.2
12/9/2024,6:45,346.8
12/9/2024,7:00,598.8
12/9/2024,7:15,630
12/9/2024,7:30,711.6
12/9/2024,7:45,1156.8
12/9/2024,8:00,1160.4
12/9/2024,8:15,949.2
12/9/2024,8:30,1363.2
12/9/2024,8:45,1261.2
12/9/2024,9:00,1207.2
12/9/2024,9:15,1052.4
12/9/2024,9:30,938.4
12/9/2024,9:45,1014
12/9/2024,10:00,949.2
12/9/2024,10:15,1099.2
12/9/2024,10:30,972
12/9/2024,10:45,1198.8
12/9/2024,11:00,1076.4
12/9/2024,11:15,775.2
12/9/2024,11:30,709.2
12/9/2024,11:45,704.4
12/9/2024,12:00,1027.2
12/9/2024,12:15,1051.2
12/9/2024,12:30,1178.4
12/9/2024,12:45,1256.4
12/9/2024,13:00,1340.4
12/9/2024,13:15,1192.8
12/9/2024,13:30,1293.6
12/9/2024,13:45,1292.4
12/9/2024,14:00,1100.4
12/9/2024,14:15,1342.8
12/9/2024,14:30,1453.2
12/9/2024,14:45,1196.4
12/9/2024,15:00,1311.6
12/9/2024,15:15,1454.4
12/9/2024,15:30,1140
12/9/2024,15:45,1208.4
12/9/2024,16:00,1160.4
12/9/2024,16:15,1124.4
12/9/2024,16:30,969.6
12/9/2024,16:45,1161.6
12/9/2024,17:00,1149.6
12/9/2024,17:15,1218
12/9/2024,17:30,1147.2
12/9/2024,17:45,1144.8
12/9/2024,18:00,816
12/9/2024,18:15,655.2
12/9/2024,18:30,372
12/9/2024,18:45,349.2
12/9/2024,19:00,350.4
12/9/2024,19:15,346.8
12/9/2024,19:30,319.2
12/9/2024,19:45,292.8
12/9/2024,20:00,278.4
12/9/2024,20:15,266.4
12/9/2024,20:30,283.2
12/9/2024,20:45,346.8
12/9/2024,21:00,387.6
12/9/2024,21:15,302.4
12/9/2024,21:30,312
12/9/2024,21:45,343.2
12/9/2024,22:00,270
12/9/2024,22:15,423.6
12/9/2024,22:30,272.4
12/9/2024,22:45,328.8
12/9/2024,23:00,253.2
12/9/2024,23:15,326.4
12/9/2024,23:30,267.6
12/9/2024,23:45,318
12/10/2024,0:00,286.8
12/10/2024,0:15,316.8
12/10/2024,0:30,415.2
12/10/2024,0:45,322.8
12/10/2024,1:00,273.6
12/10/2024,1:15,328.8
12/10/2024,1:30,409.2
12/10/2024,1:45,314.4
12/10/2024,2:00,273.6
12/10/2024,2:15,316.8
12/10/2024,2:30,262.8
12/10/2024,2:45,321.6
12/10/2024,3:00,259.2
12/10/2024,3:15,328.8
12/10/2024,3:30,248.4
12/10/2024,3:45,397.2
12/10/2024,4:00,286.8
12/10/2024,4:15,403.2
12/10/2024,4:30,344.4
12/10/2024,4:45,333.6
12/10/2024,5:00,397.2
12/10/2024,5:15,268.8
12/10/2024,5:30,338.4
12/10/2024,5:45,310.8
12/10/2024,6:00,252
12/10/2024,6:15,308.4
12/10/2024,6:30,276
12/10/2024,6:45,393.6
12/10/2024,7:00,321.6
12/10/2024,7:15,511.2
12/10/2024,7:30,975.6
12/10/2024,7:45,1131.6
12/10/2024,8:00,1408.8
12/10/2024,8:15,1183.2
12/10/2024,8:30,1237.2
12/10/2024,8:45,1044
12/10/2024,9:00,1350
12/10/2024,9:15,1378.8
12/10/2024,9:30,1171.2
12/10/2024,9:45,1318.8
12/10/2024,10:00,1358.4
12/10/2024,10:15,1155.6
12/10/2024,10:30,1074
12/10/2024,10:45,1538.4
12/10/2024,11:00,1225.2
12/10/2024,11:15,412.8
12/10/2024,11:30,408
12/10/2024,11:45,397.2
12/10/2024,12:00,705.6
12/10/2024,12:15,1099.2
12/10/2024,12:30,1598.4
12/10/2024,12:45,1441.2
12/10/2024,13:00,1425.6
12/10/2024,13:15,1434
12/10/2024,13:30,1460.4
12/10/2024,13:45,1460.4
12/10/2024,14:00,1419.6
12/10/2024,14:15,1400.4
12/10/2024,14:30,1556.4
12/10/2024,14:45,1202.4
12/10/2024,15:00,1326
12/10/2024,15:15,1538.4
12/10/2024,15:30,1438.8
12/10/2024,15:45,1462.8
12/10/2024,16:00,1333.2
12/10/2024,16:15,1329.6
12/10/2024,16:30,1604.4
12/10/2024,16:45,1549.2
12/10/2024,17:00,1315.2
12/10/2024,17:15,1452
12/10/2024,17:30,1327.2
12/10/2024,17:45,1494
12/10/2024,18:00,1328.4
12/10/2024,18:15,852
12/10/2024,18:30,334.8
12/10/2024,18:45,326.4
12/10/2024,19:00,380.4
12/10/2024,19:15,279.6
12/10/2024,19:30,390
12/10/2024,19:45,267.6
12/10/2024,20:00,319.2
12/10/2024,20:15,274.8
12/10/2024,20:30,260.4
12/10/2024,20:45,343.2
12/10/2024,21:00,289.2
12/10/2024,21:15,342
12/10/2024,21:30,385.2
12/10/2024,21:45,280.8
12/10/2024,22:00,382.8
12/10/2024,22:15,268.8
12/10/2024,22:30,330
12/10/2024,22:45,271.2
12/10/2024,23:00,289.2
12/10/2024,23:15,338.4
12/10/2024,23:30,271.2
12/10/2024,23:45,380.4
12/11/2024,0:00,278.4
12/11/2024,0:15,326.4
12/11/2024,0:30,262.8
12/11/2024,0:45,303.6
12/11/2024,1:00,236.4
12/11/2024,1:15,246
12/11/2024,1:30,342
12/11/2024,1:45,238.8
12/11/2024,2:00,342
12/11/2024,2:15,276
12/11/2024,2:30,334.8
12/11/2024,2:45,279.6
12/11/2024,3:00,325.2
12/11/2024,3:15,270
12/11/2024,3:30,300
12/11/2024,3:45,382.8
12/11/2024,4:00,272.4
12/11/2024,4:15,387.6
12/11/2024,4:30,277.2
12/11/2024,4:45,330
12/11/2024,5:00,283.2
12/11/2024,5:15,286.8
12/11/2024,5:30,304.8
12/11/2024,5:45,212.4
12/11/2024,6:00,324
12/11/2024,6:15,198
12/11/2024,6:30,253.2
12/11/2024,6:45,290.4
12/11/2024,7:00,216
12/11/2024,7:15,346.8
12/11/2024,7:30,691.2
12/11/2024,7:45,1191.6
12/11/2024,8:00,1395.6
12/11/2024,8:15,1447.2
12/11/2024,8:30,1404
12/11/2024,8:45,1575.6
12/11/2024,9:00,1231.2
12/11/2024,9:15,1288.8
12/11/2024,9:30,1348.8
12/11/2024,9:45,1461.6
12/11/2024,10:00,1183.2
12/11/2024,10:15,1026
12/11/2024,10:30,1208.4
12/11/2024,10:45,1156.8
12/11/2024,11:00,1054.8
12/11/2024,11:15,358.8
12/11/2024,11:30,360
12/11/2024,11:45,342
12/11/2024,12:00,872.4
12/11/2024,12:15,1524
12/11/2024,12:30,1249.2
12/11/2024,12:45,1306.8
12/11/2024,13:00,1404
12/11/2024,13:15,1459.2
12/11/2024,13:30,1650
12/11/2024,13:45,1586.4
12/11/2024,14:00,1281.6
12/11/2024,14:15,1490.4
12/11/2024,14:30,1564.8
12/11/2024,14:45,1296
12/11/2024,15:00,1464
12/11/2024,15:15,1509.6
12/11/2024,15:30,1521.6
12/11/2024,15:45,1482
12/11/2024,16:00,1077.6
12/11/2024,16:15,1428
12/11/2024,16:30,1562.4
12/11/2024,16:45,1197.6
12/11/2024,17:00,1249.2
12/11/2024,17:15,979.2
12/11/2024,17:30,648
12/11/2024,17:45,312
12/11/2024,18:00,290.4
12/11/2024,18:15,297.6
12/11/2024,18:30,240
12/11/2024,18:45,188.4
12/11/2024,19:00,250.8
12/11/2024,19:15,183.6
12/11/2024,19:30,243.6
12/11/2024,19:45,195.6
12/11/2024,20:00,238.8
12/11/2024,20:15,180
12/11/2024,20:30,214.8
12/11/2024,20:45,182.4
12/11/2024,21:00,240
12/11/2024,21:15,192
12/11/2024,21:30,246
12/11/2024,21:45,184.8
12/11/2024,22:00,295.2
12/11/2024,22:15,184.8
12/11/2024,22:30,291.6
12/11/2024,22:45,193.2
12/11/2024,23:00,266.4
12/11/2024,23:15,181.2
12/11/2024,23:30,189.6
12/11/2024,23:45,196.8
12/12/2024,0:00,182.4
12/12/2024,0:15,243.6
12/12/2024,0:30,186
12/12/2024,0:45,301.2
12/12/2024,1:00,192
12/12/2024,1:15,178.8
12/12/2024,1:30,184.8
12/12/2024,1:45,188.4
12/12/2024,2:00,234
12/12/2024,2:15,180
12/12/2024,2:30,295.2
12/12/2024,2:45,181.2
12/12/2024,3:00,178.8
12/12/2024,3:15,246
12/12/2024,3:30,176.4
12/12/2024,3:45,284.4
12/12/2024,4:00,188.4
12/12/2024,4:15,175.2
12/12/2024,4:30,235.2
12/12/2024,4:45,189.6
12/12/2024,5:00,272.4
12/12/2024,5:15,182.4
12/12/2024,5:30,188.4
12/12/2024,5:45,278.4
12/12/2024,6:00,181.2
12/12/2024,6:15,189.6
12/12/2024,6:30,201.6
12/12/2024,6:45,186
12/12/2024,7:00,301.2
12/12/2024,7:15,440.4
12/12/2024,7:30,757.2
12/12/2024,7:45,1388.4
12/12/2024,8:00,1176
12/12/2024,8:15,1650
12/12/2024,8:30,1466.4
12/12/2024,8:45,1401.6
12/12/2024,9:00,1317.6
12/12/2024,9:15,1416
12/12/2024,9:30,1580.4
12/12/2024,9:45,1684.8
12/12/2024,10:00,1743.6
12/12/2024,10:15,1612.8
12/12/2024,10:30,1851.6
12/12/2024,10:45,1670.4
12/12/2024,11:00,1717.2
12/12/2024,11:15,588
12/12/2024,11:30,394.8
12/12/2024,11:45,408
12/12/2024,12:00,961.2
12/12/2024,12:15,1561.2
12/12/2024,12:30,1196.4
12/12/2024,12:45,1472.4
12/12/2024,13:00,1682.4
12/12/2024,13:15,1825.2
12/12/2024,13:30,1776
12/12/2024,13:45,1792.8
12/12/2024,14:00,1812
12/12/2024,14:15,1806
12/12/2024,14:30,1640.4
12/12/2024,14:45,1449.6
12/12/2024,15:00,1498.8
12/12/2024,15:15,1484.4
12/12/2024,15:30,1623.6
12/12/2024,15:45,1609.2
12/12/2024,16:00,1438.8
12/12/2024,16:15,1165.2
12/12/2024,16:30,1483.2
12/12/2024,16:45,1344
12/12/2024,17:00,1322.4
12/12/2024,17:15,1179.6
12/12/2024,17:30,1084.8
12/12/2024,17:45,1120.8
12/12/2024,18:00,916.8
12/12/2024,18:15,388.8
12/12/2024,18:30,324
12/12/2024,18:45,294
12/12/2024,19:00,169.2
12/12/2024,19:15,297.6
12/12/2024,19:30,408
12/12/2024,19:45,645.6
12/12/2024,20:00,832.8
12/12/2024,20:15,506.4
12/12/2024,20:30,704.4
12/12/2024,20:45,859.2
12/12/2024,21:00,832.8
12/12/2024,21:15,789.6
12/12/2024,21:30,866.4
12/12/2024,21:45,805.2
12/12/2024,22:00,660
12/12/2024,22:15,654
12/12/2024,22:30,782.4
12/12/2024,22:45,586.8
12/12/2024,23:00,667.2
12/12/2024,23:15,487.2
12/12/2024,23:30,567.6
12/12/2024,23:45,616.8
12/13/2024,0:00,814.8
12/13/2024,0:15,798
12/13/2024,0:30,423.6
12/13/2024,0:45,546
12/13/2024,1:00,558
12/13/2024,1:15,428.4
12/13/2024,1:30,386.4
12/13/2024,1:45,601.2
12/13/2024,2:00,459.6
12/13/2024,2:15,564
12/13/2024,2:30,408
12/13/2024,2:45,562.8
12/13/2024,3:00,598.8
12/13/2024,3:15,607.2
12/13/2024,3:30,568.8
12/13/2024,3:45,570
12/13/2024,4:00,382.8
12/13/2024,4:15,392.4
12/13/2024,4:30,402
12/13/2024,4:45,391.2
12/13/2024,5:00,630
12/13/2024,5:15,441.6
12/13/2024,5:30,592.8
12/13/2024,5:45,416.4
12/13/2024,6:00,571.2
12/13/2024,6:15,666
12/13/2024,6:30,854.4
12/13/2024,6:45,650.4
12/13/2024,7:00,405.6
12/13/2024,7:15,442.8
12/13/2024,7:30,590.4
12/13/2024,7:45,1023.6
12/13/2024,8:00,1303.2
12/13/2024,8:15,1450.8
12/13/2024,8:30,1219.2
12/13/2024,8:45,1320
12/13/2024,9:00,1231.2
12/13/2024,9:15,1292.4
12/13/2024,9:30,1159.2
12/13/2024,9:45,1342.8
12/13/2024,10:00,1576.8
12/13/2024,10:15,1250.4
12/13/2024,10:30,1429.2
12/13/2024,10:45,1323.6
12/13/2024,11:00,1250.4
12/13/2024,11:15,606
12/13/2024,11:30,618
12/13/2024,11:45,532.8
12/13/2024,12:00,999.6
12/13/2024,12:15,1462.8
12/13/2024,12:30,1431.6
12/13/2024,12:45,1334.4
12/13/2024,13:00,1467.6
12/13/2024,13:15,1276.8
12/13/2024,13:30,1401.6
12/13/2024,13:45,1292.4
12/13/2024,14:00,1562.4
12/13/2024,14:15,1303.2
12/13/2024,14:30,1230
12/13/2024,14:45,1219.2
12/13/2024,15:00,1240.8
12/13/2024,15:15,1062
12/13/2024,15:30,1268.4
12/13/2024,15:45,1041.6
12/13/2024,16:00,1208.4
12/13/2024,16:15,1282.8
12/13/2024,16:30,986.4
12/13/2024,16:45,1225.2
12/13/2024,17:00,874.8
12/13/2024,17:15,933.6
12/13/2024,17:30,1227.6
12/13/2024,17:45,1027.2
12/13/2024,18:00,1042.8
12/13/2024,18:15,284.4
12/13/2024,18:30,223.2
12/13/2024,18:45,295.2
12/13/2024,19:00,253.2
12/13/2024,19:15,175.2
12/13/2024,19:30,369.6
12/13/2024,19:45,525.6
12/13/2024,20:00,495.6
12/13/2024,20:15,518.4
12/13/2024,20:30,349.2
12/13/2024,20:45,544.8
12/13/2024,21:00,361.2
12/13/2024,21:15,608.4
12/13/2024,21:30,399.6
12/13/2024,21:45,396
12/13/2024,22:00,571.2
12/13/2024,22:15,769.2
12/13/2024,22:30,817.2
12/13/2024,22:45,708
12/13/2024,23:00,578.4
12/13/2024,23:15,549.6
12/13/2024,23:30,332.4
12/13/2024,23:45,327.6
12/14/2024,0:00,738
12/14/2024,0:15,691.2
12/14/2024,0:30,619.2
12/14/2024,0:45,544.8
12/14/2024,1:00,406.8
12/14/2024,1:15,805.2
12/14/2024,1:30,499.2
12/14/2024,1:45,586.8
12/14/2024,2:00,554.4
12/14/2024,2:15,454.8
12/14/2024,2:30,519.6
12/14/2024,2:45,694.8
12/14/2024,3:00,594
12/14/2024,3:15,589.2
12/14/2024,3:30,766.8
12/14/2024,3:45,645.6
12/14/2024,4:00,564
12/14/2024,4:15,747.6
12/14/2024,4:30,769.2
12/14/2024,4:45,636
12/14/2024,5:00,436.8
12/14/2024,5:15,426
12/14/2024,5:30,531.6
12/14/2024,5:45,202.8
12/14/2024,6:00,210
12/14/2024,6:15,151.2
12/14/2024,6:30,134.4
12/14/2024,6:45,195.6
12/14/2024,7:00,146.4
12/14/2024,7:15,460.8
12/14/2024,7:30,608.4
12/14/2024,7:45,1024.8
12/14/2024,8:00,1353.6
12/14/2024,8:15,1419.6
12/14/2024,8:30,1069.2
12/14/2024,8:45,1177.2
12/14/2024,9:00,1102.8
12/14/2024,9:15,1246.8
12/14/2024,9:30,1306.8
12/14/2024,9:45,1408.8
12/14/2024,10:00,1408.8
12/14/2024,10:15,1575.6
12/14/2024,10:30,1274.4
12/14/2024,10:45,1443.6
12/14/2024,11:00,1294.8
12/14/2024,11:15,380.4
12/14/2024,11:30,369.6
12/14/2024,11:45,345.6
12/14/2024,12:00,1196.4
12/14/2024,12:15,1257.6
12/14/2024,12:30,1372.8
12/14/2024,12:45,1134
12/14/2024,13:00,1335.6
12/14/2024,13:15,1086
12/14/2024,13:30,1261.2
12/14/2024,13:45,1340.4
12/14/2024,14:00,1317.6
12/14/2024,14:15,1474.8
12/14/2024,14:30,1446
12/14/2024,14:45,1218
12/14/2024,15:00,1502.4
12/14/2024,15:15,1443.6
12/14/2024,15:30,1041.6
12/14/2024,15:45,1216.8
12/14/2024,16:00,1224
12/14/2024,16:15,1224
12/14/2024,16:30,1345.2
12/14/2024,16:45,1237.2
12/14/2024,17:00,1455.6
12/14/2024,17:15,1472.4
12/14/2024,17:30,981.6
12/14/2024,17:45,991.2
12/14/2024,18:00,865.2
12/14/2024,18:15,327.6
12/14/2024,18:30,255.6
12/14/2024,18:45,270
12/14/2024,19:00,174
12/14/2024,19:15,231.6
12/14/2024,19:30,346.8
12/14/2024,19:45,502.8
12/14/2024,20:00,435.6
12/14/2024,20:15,590.4
12/14/2024,20:30,812.4
12/14/2024,20:45,790.8
12/14/2024,21:00,426
12/14/2024,21:15,583.2
12/14/2024,21:30,592.8
12/14/2024,21:45,384
12/14/2024,22:00,588
12/14/2024,22:15,583.2
12/14/2024,22:30,607.2
12/14/2024,22:45,580.8
12/14/2024,23:00,753.6
12/14/2024,23:15,556.8
12/14/2024,23:30,486
12/14/2024,23:45,361.2
12/15/2024,0:00,703.2
12/15/2024,0:15,763.2
12/15/2024,0:30,544.8
12/15/2024,0:45,436.8
12/15/2024,1:00,564
12/15/2024,1:15,754.8
12/15/2024,1:30,591.6
12/15/2024,1:45,397.2
12/15/2024,2:00,728.4
12/15/2024,2:15,762
12/15/2024,2:30,799.2
12/15/2024,2:45,715.2
12/15/2024,3:00,799.2
12/15/2024,3:15,687.6
12/15/2024,3:30,518.4
12/15/2024,3:45,409.2
12/15/2024,4:00,543.6
12/15/2024,4:15,758.4
12/15/2024,4:30,789.6
12/15/2024,4:45,321.6
12/15/2024,5:00,474
12/15/2024,5:15,290.4
12/15/2024,5:30,146.4
12/15/2024,5:45,188.4
12/15/2024,6:00,136.8
12/15/2024,6:15,240
12/15/2024,6:30,140.4
12/15/2024,6:45,124.8
12/15/2024,7:00,501.6
12/15/2024,7:15,410.4
12/15/2024,7:30,710.4
12/15/2024,7:45,955.2
12/15/2024,8:00,1330.8
12/15/2024,8:15,1320
12/15/2024,8:30,1344
12/15/2024,8:45,1412.4
12/15/2024,9:00,1399.2
12/15/2024,9:15,1456.8
12/15/2024,9:30,1318.8
12/15/2024,9:45,1270.8
12/15/2024,10:00,1369.2
12/15/2024,10:15,1263.6
12/15/2024,10:30,1338
12/15/2024,10:45,1406.4
12/15/2024,11:00,1347.6
12/15/2024,11:15,595.2
12/15/2024,11:30,729.6
12/15/2024,11:45,908.4
12/15/2024,12:00,1154.4
12/15/2024,12:15,1309.2
12/15/2024,12:30,1202.4
12/15/2024,12:45,1108.8
12/15/2024,13:00,1429.2
12/15/2024,13:15,1435.2
12/15/2024,13:30,1345.2
12/15/2024,13:45,1389.6
12/15/2024,14:00,1593.6
12/15/2024,14:15,1402.8
12/15/2024,14:30,1689.6
12/15/2024,14:45,1500
12/15/2024,15:00,1294.8
12/15/2024,15:15,1453.2
12/15/2024,15:30,1440
12/15/2024,15:45,1230
12/15/2024,16:00,1300.8
12/15/2024,16:15,1564.8
12/15/2024,16:30,1309.2
12/15/2024,16:45,1540.8
12/15/2024,17:00,1539.6
12/15/2024,17:15,1198.8
12/15/2024,17:30,789.6
12/15/2024,17:45,297.6
12/15/2024,18:00,260.4
12/15/2024,18:15,253.2
12/15/2024,18:30,236.4
12/15/2024,18:45,247.2
12/15/2024,19:00,243.6
12/15/2024,19:15,242.4
12/15/2024,19:30,399.6
12/15/2024,19:45,426
12/15/2024,20:00,422.4
12/15/2024,20:15,609.6
12/15/2024,20:30,813.6
12/15/2024,20:45,651.6
12/15/2024,21:00,600
12/15/2024,21:15,636
12/15/2024,21:30,402
12/15/2024,21:45,604.8
12/15/2024,22:00,814.8
12/15/2024,22:15,775.2
12/15/2024,22:30,637.2
12/15/2024,22:45,747.6
12/15/2024,23:00,817.2
12/15/2024,23:15,498
12/15/2024,23:30,410.4
12/15/2024,23:45,555.6
12/16/2024,0:00,690
12/16/2024,0:15,640.8
12/16/2024,0:30,661.2
12/16/2024,0:45,777.6
12/16/2024,1:00,802.8
12/16/2024,1:15,606
12/16/2024,1:30,433.2
12/16/2024,1:45,584.4
12/16/2024,2:00,670.8
12/16/2024,2:15,646.8
12/16/2024,2:30,595.2
12/16/2024,2:45,564
12/16/2024,3:00,636
12/16/2024,3:15,801.6
12/16/2024,3:30,688.8
12/16/2024,3:45,770.4
12/16/2024,4:00,789.6
12/16/2024,4:15,658.8
12/16/2024,4:30,601.2
12/16/2024,4:45,451.2
12/16/2024,5:00,314.4
12/16/2024,5:15,223.2
12/16/2024,5:30,175.2
12/16/2024,5:45,321.6
12/16/2024,6:00,196.8
12/16/2024,6:15,162
12/16/2024,6:30,230.4
12/16/2024,6:45,148.8
12/16/2024,7:00,375.6
12/16/2024,7:15,475.2
12/16/2024,7:30,590.4
12/16/2024,7:45,860.4
12/16/2024,8:00,1384.8
12/16/2024,8:15,1321.2
12/16/2024,8:30,1369.2
12/16/2024,8:45,1220.4
12/16/2024,9:00,1342.8
12/16/2024,9:15,1220.4
12/16/2024,9:30,1279.2
12/16/2024,9:45,1291.2
12/16/2024,10:00,1335.6
12/16/2024,10:15,1399.2
12/16/2024,10:30,1167.6
12/16/2024,10:45,1264.8
12/16/2024,11:00,1176
12/16/2024,11:15,337.2
12/16/2024,11:30,332.4
12/16/2024,11:45,572.4
12/16/2024,12:00,855.6
12/16/2024,12:15,1244.4
12/16/2024,12:30,1088.4
12/16/2024,12:45,804
12/16/2024,13:00,982.8
12/16/2024,13:15,982.8
12/16/2024,13:30,873.6
12/16/2024,13:45,1192.8
12/16/2024,14:00,1172.4
12/16/2024,14:15,1362
12/16/2024,14:30,1060.8
12/16/2024,14:45,736.8
12/16/2024,15:00,816
12/16/2024,15:15,985.2
12/16/2024,15:30,838.8
12/16/2024,15:45,1014
12/16/2024,16:00,824.4
12/16/2024,16:15,992.4
12/16/2024,16:30,805.2
12/16/2024,16:45,710.4
12/16/2024,17:00,862.8
12/16/2024,17:15,776.4
12/16/2024,17:30,727.2
12/16/2024,17:45,337.2
12/16/2024,18:00,260.4
12/16/2024,18:15,268.8
12/16/2024,18:30,243.6
12/16/2024,18:45,243.6
12/16/2024,19:00,255.6
12/16/2024,19:15,187.2
12/16/2024,19:30,194.4
12/16/2024,19:45,555.6
12/16/2024,20:00,560.4
12/16/2024,20:15,609.6
12/16/2024,20:30,807.6
12/16/2024,20:45,626.4
12/16/2024,21:00,400.8
12/16/2024,21:15,793.2
12/16/2024,21:30,862.8
12/16/2024,21:45,541.2
12/16/2024,22:00,450
12/16/2024,22:15,724.8
12/16/2024,22:30,806.4
12/16/2024,22:45,794.4
12/16/2024,23:00,624
12/16/2024,23:15,492
12/16/2024,23:30,342
12/16/2024,23:45,366
12/17/2024,0:00,726
12/17/2024,0:15,723.6
12/17/2024,0:30,711.6
12/17/2024,0:45,818.4
12/17/2024,1:00,762
12/17/2024,1:15,696
12/17/2024,1:30,694.8
12/17/2024,1:45,565.2
12/17/2024,2:00,642
12/17/2024,2:15,410.4
12/17/2024,2:30,428.4
12/17/2024,2:45,744
12/17/2024,3:00,808.8
12/17/2024,3:15,601.2
12/17/2024,3:30,786
12/17/2024,3:45,573.6
12/17/2024,4:00,433.2
12/17/2024,4:15,584.4
12/17/2024,4:30,274.8
12/17/2024,4:45,205.2
12/17/2024,5:00,211.2
12/17/2024,5:15,206.4
12/17/2024,5:30,198
12/17/2024,5:45,208.8
12/17/2024,6:00,200.4
12/17/2024,6:15,229.2
12/17/2024,6:30,242.4
12/17/2024,6:45,178.8
12/17/2024,7:00,158.4
12/17/2024,7:15,210
12/17/2024,7:30,417.6
12/17/2024,7:45,794.4
12/17/2024,8:00,634.8
12/17/2024,8:15,786
12/17/2024,8:30,836.4
12/17/2024,8:45,915.6
12/17/2024,9:00,1256.4
12/17/2024,9:15,962.4
12/17/2024,9:30,1090.8
12/17/2024,9:45,968.4
12/17/2024,10:00,958.8
12/17/2024,10:15,932.4
12/17/2024,10:30,1045.2
12/17/2024,10:45,1045.2
12/17/2024,11:00,1446
12/17/2024,11:15,436.8
12/17/2024,11:30,372
12/17/2024,11:45,652.8
12/17/2024,12:00,1414.8
12/17/2024,12:15,1268.4
12/17/2024,12:30,1512
12/17/2024,12:45,1401.6
12/17/2024,13:00,1435.2
12/17/2024,13:15,1359.6
12/17/2024,13:30,1492.8
12/17/2024,13:45,1411.2
12/17/2024,14:00,1340.4
12/17/2024,14:15,1242
12/17/2024,14:30,1208.4
12/17/2024,14:45,1165.2
12/17/2024,15:00,1278
12/17/2024,15:15,1252.8
12/17/2024,15:30,1354.8
12/17/2024,15:45,1298.4
12/17/2024,16:00,1052.4
12/17/2024,16:15,1166.4
12/17/2024,16:30,1200
12/17/2024,16:45,1270.8
12/17/2024,17:00,1468.8
12/17/2024,17:15,1395.6
12/17/2024,17:30,1184.4
12/17/2024,17:45,1278
12/17/2024,18:00,787.2
12/17/2024,18:15,302.4
12/17/2024,18:30,235.2
12/17/2024,18:45,240
12/17/2024,19:00,226.8
12/17/2024,19:15,231.6
12/17/2024,19:30,210
12/17/2024,19:45,766.8
12/17/2024,20:00,849.6
12/17/2024,20:15,558
12/17/2024,20:30,736.8
12/17/2024,20:45,460.8
12/17/2024,21:00,624
12/17/2024,21:15,770.4
12/17/2024,21:30,643.2
12/17/2024,21:45,853.2
12/17/2024,22:00,739.2
12/17/2024,22:15,748.8
12/17/2024,22:30,666
12/17/2024,22:45,584.4
12/17/2024,23:00,452.4
12/17/2024,23:15,396
12/17/2024,23:30,577.2
12/17/2024,23:45,584.4
12/18/2024,0:00,724.8
12/18/2024,0:15,972
12/18/2024,0:30,788.4
12/18/2024,0:45,591.6
12/18/2024,1:00,628.8
12/18/2024,1:15,744
12/18/2024,1:30,422.4
12/18/2024,1:45,735.6
12/18/2024,2:00,782.4
12/18/2024,2:15,685.2
12/18/2024,2:30,766.8
12/18/2024,2:45,394.8
12/18/2024,3:00,576
12/18/2024,3:15,433.2
12/18/2024,3:30,544.8
12/18/2024,3:45,644.4
12/18/2024,4:00,596.4
12/18/2024,4:15,574.8
12/18/2024,4:30,322.8
12/18/2024,4:45,381.6
12/18/2024,5:00,302.4
12/18/2024,5:15,171.6
12/18/2024,5:30,160.8
12/18/2024,5:45,166.8
12/18/2024,6:00,220.8
12/18/2024,6:15,200.4
12/18/2024,6:30,188.4
12/18/2024,6:45,193.2
12/18/2024,7:00,487.2
12/18/2024,7:15,450
12/18/2024,7:30,651.6
12/18/2024,7:45,859.2
12/18/2024,8:00,1120.8
12/18/2024,8:15,1591.2
12/18/2024,8:30,1200
12/18/2024,8:45,1674
12/18/2024,9:00,1364.4
12/18/2024,9:15,1413.6
12/18/2024,9:30,1227.6
12/18/2024,9:45,1472.4
12/18/2024,10:00,1236
12/18/2024,10:15,1477.2
12/18/2024,10:30,1322.4
12/18/2024,10:45,1473.6
12/18/2024,11:00,1418.4
12/18/2024,11:15,475.2
12/18/2024,11:30,418.8
12/18/2024,11:45,345.6
12/18/2024,12:00,1519.2
12/18/2024,12:15,1414.8
12/18/2024,12:30,1167.6
12/18/2024,12:45,1208.4
12/18/2024,13:00,1423.2
12/18/2024,13:15,1524
12/18/2024,13:30,1304.4
12/18/2024,13:45,1354.8
12/18/2024,14:00,1238.4
12/18/2024,14:15,1309.2
12/18/2024,14:30,1392
12/18/2024,14:45,1446
12/18/2024,15:00,1179.6
12/18/2024,15:15,1360.8
12/18/2024,15:30,1004.4
12/18/2024,15:45,1254
12/18/2024,16:00,1128
12/18/2024,16:15,988.8
12/18/2024,16:30,976.8
12/18/2024,16:45,981.6
12/18/2024,17:00,1147.2
12/18/2024,17:15,1086
12/18/2024,17:30,858
12/18/2024,17:45,669.6
12/18/2024,18:00,625.2
12/18/2024,18:15,298.8
12/18/2024,18:30,253.2
12/18/2024,18:45,252
12/18/2024,19:00,200.4
12/18/2024,19:15,174
12/18/2024,19:30,184.8
12/18/2024,19:45,242.4
12/18/2024,20:00,189.6
12/18/2024,20:15,171.6
12/18/2024,20:30,336
12/18/2024,20:45,204
12/18/2024,21:00,175.2
12/18/2024,21:15,176.4
12/18/2024,21:30,236.4
12/18/2024,21:45,190.8
12/18/2024,22:00,174
12/18/2024,22:15,308.4
12/18/2024,22:30,207.6
12/18/2024,22:45,156
12/18/2024,23:00,141.6
12/18/2024,23:15,225.6
12/18/2024,23:30,163.2
12/18/2024,23:45,141.6
12/19/2024,0:00,162
12/19/2024,0:15,202.8
12/19/2024,0:30,166.8
12/19/2024,0:45,148.8
12/19/2024,1:00,292.8
12/19/2024,1:15,171.6
12/19/2024,1:30,133.2
12/19/2024,1:45,182.4
12/19/2024,2:00,206.4
12/19/2024,2:15,151.2
12/19/2024,2:30,134.4
12/19/2024,2:45,284.4
12/19/2024,3:00,178.8
12/19/2024,3:15,157.2
12/19/2024,3:30,139.2
12/19/2024,3:45,232.8
12/19/2024,4:00,158.4
12/19/2024,4:15,129.6
12/19/2024,4:30,129.6
12/19/2024,4:45,202.8
12/19/2024,5:00,147.6
12/19/2024,5:15,129.6
12/19/2024,5:30,234
12/19/2024,5:45,194.4
12/19/2024,6:00,154.8
12/19/2024,6:15,129.6
12/19/2024,6:30,195.6
12/19/2024,6:45,156
12/19/2024,7:00,368.4
12/19/2024,7:15,513.6
12/19/2024,7:30,513.6
12/19/2024,7:45,600
12/19/2024,8:00,844.8
12/19/2024,8:15,826.8
12/19/2024,8:30,932.4
12/19/2024,8:45,836.4
12/19/2024,9:00,908.4
12/19/2024,9:15,883.2
12/19/2024,9:30,794.4
12/19/2024,9:45,931.2
12/19/2024,10:00,832.8
12/19/2024,10:15,872.4
12/19/2024,10:30,832.8
12/19/2024,10:45,912
12/19/2024,11:00,898.8
12/19/2024,11:15,328.8
12/19/2024,11:30,279.6
12/19/2024,11:45,313.2
12/19/2024,12:00,699.6
12/19/2024,12:15,879.6
12/19/2024,12:30,818.4
12/19/2024,12:45,903.6
12/19/2024,13:00,909.6
12/19/2024,13:15,878.4
12/19/2024,13:30,934.8
12/19/2024,13:45,838.8
12/19/2024,14:00,886.8
12/19/2024,14:15,973.2
12/19/2024,14:30,814.8
12/19/2024,14:45,916.8
12/19/2024,15:00,1032
12/19/2024,15:15,952.8
12/19/2024,15:30,1141.2
12/19/2024,15:45,1084.8
12/19/2024,16:00,1027.2
12/19/2024,16:15,936
12/19/2024,16:30,1198.8
12/19/2024,16:45,642
12/19/2024,17:00,837.6
12/19/2024,17:15,670.8
12/19/2024,17:30,738
12/19/2024,17:45,576
12/19/2024,18:00,704.4
12/19/2024,18:15,376.8
12/19/2024,18:30,331.2
12/19/2024,18:45,206.4
12/19/2024,19:00,193.2
12/19/2024,19:15,180
12/19/2024,19:30,201.6
12/19/2024,19:45,159.6
12/19/2024,20:00,132
12/19/2024,20:15,286.8
12/19/2024,20:30,162
12/19/2024,20:45,133.2
12/19/2024,21:00,132
12/19/2024,21:15,204
12/19/2024,21:30,146.4
12/19/2024,21:45,128.4
12/19/2024,22:00,276
12/19/2024,22:15,156
12/19/2024,22:30,139.2
12/19/2024,22:45,129.6
12/19/2024,23:00,193.2
12/19/2024,23:15,154.8
12/19/2024,23:30,129.6
12/19/2024,23:45,218.4
12/20/2024,0:00,201.6
12/20/2024,0:15,146.4
12/20/2024,0:30,129.6
12/20/2024,0:45,247.2
12/20/2024,1:00,156
12/20/2024,1:15,138
12/20/2024,1:30,133.2
12/20/2024,1:45,192
12/20/2024,2:00,154.8
12/20/2024,2:15,128.4
12/20/2024,2:30,272.4
12/20/2024,2:45,152.4
12/20/2024,3:00,129.6
12/20/2024,3:15,182.4
12/20/2024,3:30,193.2
12/20/2024,3:45,146.4
12/20/2024,4:00,135.6
12/20/2024,4:15,192
12/20/2024,4:30,147.6
12/20/2024,4:45,144
12/20/2024,5:00,282
12/20/2024,5:15,170.4
12/20/2024,5:30,146.4
12/20/2024,5:45,129.6
12/20/2024,6:00,212.4
12/20/2024,6:15,159.6
12/20/2024,6:30,172.8
12/20/2024,6:45,290.4
12/20/2024,7:00,211.2
12/20/2024,7:15,216
12/20/2024,7:30,372
12/20/2024,7:45,782.4
12/20/2024,8:00,619.2
12/20/2024,8:15,946.8
12/20/2024,8:30,1068
12/20/2024,8:45,906
12/20/2024,9:00,897.6
12/20/2024,9:15,918
12/20/2024,9:30,1106.4
12/20/2024,9:45,936
12/20/2024,10:00,1156.8
12/20/2024,10:15,1108.8
12/20/2024,10:30,896.4
12/20/2024,10:45,1196.4
12/20/2024,11:00,895.2
12/20/2024,11:15,753.6
12/20/2024,11:30,663.6
12/20/2024,11:45,512.4
12/20/2024,12:00,589.2
12/20/2024,12:15,879.6
12/20/2024,12:30,994.8
12/20/2024,12:45,723.6
12/20/2024,13:00,1048.8
12/20/2024,13:15,1075.2
12/20/2024,13:30,1185.6
12/20/2024,13:45,770.4
12/20/2024,14:00,1026
12/20/2024,14:15,955.2
12/20/2024,14:30,907.2
12/20/2024,14:45,964.8
12/20/2024,15:00,764.4
12/20/2024,15:15,835.2
12/20/2024,15:30,760.8
12/20/2024,15:45,556.8
12/20/2024,16:00,741.6
12/20/2024,16:15,738
12/20/2024,16:30,721.2
12/20/2024,16:45,615.6
12/20/2024,17:00,582
12/20/2024,17:15,453.6
12/20/2024,17:30,368.4
12/20/2024,17:45,446.4
12/20/2024,18:00,385.2
12/20/2024,18:15,297.6
12/20/2024,18:30,249.6
12/20/2024,18:45,290.4
12/20/2024,19:00,289.2
12/20/2024,19:15,234
12/20/2024,19:30,312
12/20/2024,19:45,249.6
12/20/2024,20:00,324
12/20/2024,20:15,350.4
12/20/2024,20:30,265.2
12/20/2024,20:45,324
12/20/2024,21:00,309.6
12/20/2024,21:15,398.4
12/20/2024,21:30,268.8
12/20/2024,21:45,282
12/20/2024,22:00,306
12/20/2024,22:15,340.8
12/20/2024,22:30,319.2
12/20/2024,22:45,319.2
12/20/2024,23:00,252
12/20/2024,23:15,290.4
12/20/2024,23:30,295.2
12/20/2024,23:45,288
12/21/2024,0:00,284.4
12/21/2024,0:15,283.2
12/21/2024,0:30,307.2
12/21/2024,0:45,278.4
12/21/2024,1:00,313.2
12/21/2024,1:15,279.6
12/21/2024,1:30,316.8
12/21/2024,1:45,309.6
12/21/2024,2:00,306
12/21/2024,2:15,319.2
12/21/2024,2:30,298.8
12/21/2024,2:45,312
12/21/2024,3:00,301.2
12/21/2024,3:15,298.8
12/21/2024,3:30,313.2
12/21/2024,3:45,296.4
12/21/2024,4:00,312
12/21/2024,4:15,304.8
12/21/2024,4:30,297.6
12/21/2024,4:45,319.2
12/21/2024,5:00,312
12/21/2024,5:15,315.6
12/21/2024,5:30,315.6
12/21/2024,5:45,310.8
12/21/2024,6:00,310.8
12/21/2024,6:15,320.4
12/21/2024,6:30,288
12/21/2024,6:45,314.4
12/21/2024,7:00,333.6
12/21/2024,7:15,321.6
12/21/2024,7:30,411.6
12/21/2024,7:45,530.4
12/21/2024,8:00,745.2
12/21/2024,8:15,547.2
12/21/2024,8:30,601.2
12/21/2024,8:45,550.8
12/21/2024,9:00,530.4
12/21/2024,9:15,524.4
12/21/2024,9:30,564
12/21/2024,9:45,824.4
12/21/2024,10:00,633.6
12/21/2024,10:15,937.2
12/21/2024,10:30,832.8
12/21/2024,10:45,762
12/21/2024,11:00,970.8
12/21/2024,11:15,945.6
12/21/2024,11:30,560.4
12/21/2024,11:45,734.4
12/21/2024,12:00,949.2
12/21/2024,12:15,691.2
12/21/2024,12:30,763.2
12/21/2024,12:45,769.2
12/21/2024,13:00,907.2
12/21/2024,13:15,963.6
12/21/2024,13:30,987.6
12/21/2024,13:45,621.6
12/21/2024,14:00,998.4
12/21/2024,14:15,852
12/21/2024,14:30,768
12/21/2024,14:45,976.8
12/21/2024,15:00,831.6
12/21/2024,15:15,802.8
12/21/2024,15:30,876
12/21/2024,15:45,979.2
12/21/2024,16:00,625.2
12/21/2024,16:15,1070.4
12/21/2024,16:30,979.2
12/21/2024,16:45,596.4
12/21/2024,17:00,966
12/21/2024,17:15,762
12/21/2024,17:30,734.4
12/21/2024,17:45,354
12/21/2024,18:00,350.4
12/21/2024,18:15,316.8
12/21/2024,18:30,344.4
12/21/2024,18:45,327.6
12/21/2024,19:00,285.6
12/21/2024,19:15,332.4
12/21/2024,19:30,344.4
12/21/2024,19:45,358.8
12/21/2024,20:00,289.2
12/21/2024,20:15,285.6
12/21/2024,20:30,248.4
12/21/2024,20:45,307.2
12/21/2024,21:00,306
12/21/2024,21:15,312
12/21/2024,21:30,234
12/21/2024,21:45,303.6
12/21/2024,22:00,316.8
12/21/2024,22:15,248.4
12/21/2024,22:30,271.2
12/21/2024,22:45,321.6
12/21/2024,23:00,303.6
12/21/2024,23:15,230.4
12/21/2024,23:30,301.2
12/21/2024,23:45,288
12/22/2024,0:00,241.2
12/22/2024,0:15,267.6
12/22/2024,0:30,304.8
12/22/2024,0:45,301.2
12/22/2024,1:00,309.6
12/22/2024,1:15,399.6
12/22/2024,1:30,266.4
12/22/2024,1:45,298.8
12/22/2024,2:00,288
12/22/2024,2:15,286.8
12/22/2024,2:30,331.2
12/22/2024,2:45,405.6
12/22/2024,3:00,398.4
12/22/2024,3:15,264
12/22/2024,3:30,302.4
12/22/2024,3:45,308.4
12/22/2024,4:00,296.4
12/22/2024,4:15,288
12/22/2024,4:30,280.8
12/22/2024,4:45,316.8
12/22/2024,5:00,314.4
12/22/2024,5:15,319.2
12/22/2024,5:30,343.2
12/22/2024,5:45,394.8
12/22/2024,6:00,398.4
12/22/2024,6:15,254.4
12/22/2024,6:30,225.6
12/22/2024,6:45,235.2
12/22/2024,7:00,272.4
12/22/2024,7:15,313.2
12/22/2024,7:30,511.2
12/22/2024,7:45,1008
12/22/2024,8:00,999.6
12/22/2024,8:15,1026
12/22/2024,8:30,928.8
12/22/2024,8:45,795.6
12/22/2024,9:00,1003.2
12/22/2024,9:15,717.6
12/22/2024,9:30,766.8
12/22/2024,9:45,660
12/22/2024,10:00,626.4
12/22/2024,10:15,826.8
12/22/2024,10:30,813.6
12/22/2024,10:45,1016.4
12/22/2024,11:00,756
12/22/2024,11:15,448.8
12/22/2024,11:30,435.6
12/22/2024,11:45,490.8
12/22/2024,12:00,655.2
12/22/2024,12:15,939.6
12/22/2024,12:30,802.8
12/22/2024,12:45,798
12/22/2024,13:00,763.2
12/22/2024,13:15,934.8
12/22/2024,13:30,770.4
12/22/2024,13:45,901.2
12/22/2024,14:00,804
12/22/2024,14:15,776.4
12/22/2024,14:30,741.6
12/22/2024,14:45,907.2
12/22/2024,15:00,607.2
12/22/2024,15:15,909.6
12/22/2024,15:30,982.8
12/22/2024,15:45,596.4
12/22/2024,16:00,895.2
12/22/2024,16:15,814.8
12/22/2024,16:30,548.4
12/22/2024,16:45,931.2
12/22/2024,17:00,900
12/22/2024,17:15,519.6
12/22/2024,17:30,318
12/22/2024,17:45,352.8
12/22/2024,18:00,337.2
12/22/2024,18:15,300
12/22/2024,18:30,348
12/22/2024,18:45,296.4
12/22/2024,19:00,338.4
12/22/2024,19:15,298.8
12/22/2024,19:30,309.6
12/22/2024,19:45,346.8
12/22/2024,20:00,404.4
12/22/2024,20:15,309.6
12/22/2024,20:30,306
12/22/2024,20:45,260.4
12/22/2024,21:00,310.8
12/22/2024,21:15,303.6
12/22/2024,21:30,254.4
12/22/2024,21:45,302.4
12/22/2024,22:00,388.8
12/22/2024,22:15,309.6
12/22/2024,22:30,303.6
12/22/2024,22:45,258
12/22/2024,23:00,307.2
12/22/2024,23:15,304.8
12/22/2024,23:30,258
12/22/2024,23:45,318
12/23/2024,0:00,390
12/23/2024,0:15,241.2
12/23/2024,0:30,313.2
12/23/2024,0:45,254.4
12/23/2024,1:00,302.4
12/23/2024,1:15,406.8
12/23/2024,1:30,307.2
12/23/2024,1:45,304.8
12/23/2024,2:00,315.6
12/23/2024,2:15,308.4
12/23/2024,2:30,301.2
12/23/2024,2:45,408
12/23/2024,3:00,303.6
12/23/2024,3:15,331.2
12/23/2024,3:30,309.6
12/23/2024,3:45,307.2
12/23/2024,4:00,398.4
12/23/2024,4:15,280.8
12/23/2024,4:30,303.6
12/23/2024,4:45,308.4
12/23/2024,5:00,252
12/23/2024,5:15,318
12/23/2024,5:30,318
12/23/2024,5:45,350.4
12/23/2024,6:00,249.6
12/23/2024,6:15,291.6
12/23/2024,6:30,351.6
12/23/2024,6:45,391.2
12/23/2024,7:00,298.8
12/23/2024,7:15,381.6
12/23/2024,7:30,837.6
12/23/2024,7:45,1263.6
12/23/2024,8:00,1353.6
12/23/2024,8:15,1230
12/23/2024,8:30,1297.2
12/23/2024,8:45,1306.8
12/23/2024,9:00,1264.8
12/23/2024,9:15,1176
12/23/2024,9:30,1190.4
12/23/2024,9:45,889.2
12/23/2024,10:00,1024.8
12/23/2024,10:15,832.8
12/23/2024,10:30,1338
12/23/2024,10:45,1246.8
12/23/2024,11:00,1023.6
12/23/2024,11:15,589.2
12/23/2024,11:30,481.2
12/23/2024,11:45,782.4
12/23/2024,12:00,1222.8
12/23/2024,12:15,1273.2
12/23/2024,12:30,1492.8
12/23/2024,12:45,1378.8
12/23/2024,13:00,1322.4
12/23/2024,13:15,1634.4
12/23/2024,13:30,1608
12/23/2024,13:45,1218
12/23/2024,14:00,1497.6
12/23/2024,14:15,1449.6
12/23/2024,14:30,1107.6
12/23/2024,14:45,1365.6
12/23/2024,15:00,1471.2
12/23/2024,15:15,1527.6
12/23/2024,15:30,1399.2
12/23/2024,15:45,1338
12/23/2024,16:00,1303.2
12/23/2024,16:15,1418.4
12/23/2024,16:30,1405.2
12/23/2024,16:45,1233.6
12/23/2024,17:00,1562.4
12/23/2024,17:15,1248
12/23/2024,17:30,1444.8
12/23/2024,17:45,969.6
12/23/2024,18:00,478.8
12/23/2024,18:15,339.6
12/23/2024,18:30,349.2
12/23/2024,18:45,340.8
12/23/2024,19:00,336
12/23/2024,19:15,343.2
12/23/2024,19:30,336
12/23/2024,19:45,346.8
12/23/2024,20:00,355.2
12/23/2024,20:15,346.8
12/23/2024,20:30,337.2
12/23/2024,20:45,336
12/23/2024,21:00,340.8
12/23/2024,21:15,285.6
12/23/2024,21:30,330
12/23/2024,21:45,336
12/23/2024,22:00,372
12/23/2024,22:15,340.8
12/23/2024,22:30,339.6
12/23/2024,22:45,346.8
12/23/2024,23:00,405.6
12/23/2024,23:15,334.8
12/23/2024,23:30,339.6
12/23/2024,23:45,411.6
12/24/2024,0:00,328.8
12/24/2024,0:15,338.4
12/24/2024,0:30,406.8
12/24/2024,0:45,342
12/24/2024,1:00,331.2
12/24/2024,1:15,334.8
12/24/2024,1:30,340.8
12/24/2024,1:45,331.2
12/24/2024,2:00,327.6
12/24/2024,2:15,283.2
12/24/2024,2:30,331.2
12/24/2024,2:45,328.8
12/24/2024,3:00,428.4
12/24/2024,3:15,339.6
12/24/2024,3:30,338.4
12/24/2024,3:45,427.2
12/24/2024,4:00,358.8
12/24/2024,4:15,334.8
12/24/2024,4:30,328.8
12/24/2024,4:45,328.8
12/24/2024,5:00,286.8
12/24/2024,5:15,334.8
12/24/2024,5:30,336
12/24/2024,5:45,342
12/24/2024,6:00,392.4
12/24/2024,6:15,336
12/24/2024,6:30,333.6
12/24/2024,6:45,576
12/24/2024,7:00,637.2
12/24/2024,7:15,625.2
12/24/2024,7:30,627.6
12/24/2024,7:45,1462.8
12/24/2024,8:00,1558.8
12/24/2024,8:15,1392
12/24/2024,8:30,1507.2
12/24/2024,8:45,1635.6
12/24/2024,9:00,1447.2
12/24/2024,9:15,1461.6
12/24/2024,9:30,1468.8
12/24/2024,9:45,1224
12/24/2024,10:00,937.2
12/24/2024,10:15,1120.8
12/24/2024,10:30,1370.4
12/24/2024,10:45,1182
12/24/2024,11:00,1150.8
12/24/2024,11:15,738
12/24/2024,11:30,519.6
12/24/2024,11:45,810
12/24/2024,12:00,1131.6
12/24/2024,12:15,1374
12/24/2024,12:30,1254
12/24/2024,12:45,1380
12/24/2024,13:00,1302
12/24/2024,13:15,1405.2
12/24/2024,13:30,1153.2
12/24/2024,13:45,1160.4
12/24/2024,14:00,1194
12/24/2024,14:15,1138.8
12/24/2024,14:30,1170
12/24/2024,14:45,1052.4
12/24/2024,15:00,1615.2
12/24/2024,15:15,1360.8
12/24/2024,15:30,1334.4
12/24/2024,15:45,1336.8
12/24/2024,16:00,1064.4
12/24/2024,16:15,1342.8
12/24/2024,16:30,1053.6
12/24/2024,16:45,1267.2
12/24/2024,17:00,1424.4
12/24/2024,17:15,1305.6
12/24/2024,17:30,1524
12/24/2024,17:45,1472.4
12/24/2024,18:00,475.2
12/24/2024,18:15,409.2
12/24/2024,18:30,358.8
12/24/2024,18:45,421.2
12/24/2024,19:00,280.8
12/24/2024,19:15,276
12/24/2024,19:30,406.8
12/24/2024,19:45,273.6
12/24/2024,20:00,276
12/24/2024,20:15,424.8
12/24/2024,20:30,278.4
12/24/2024,20:45,393.6
12/24/2024,21:00,324
12/24/2024,21:15,327.6
12/24/2024,21:30,331.2
12/24/2024,21:45,328.8
12/24/2024,22:00,354
12/24/2024,22:15,363.6
12/24/2024,22:30,384
12/24/2024,22:45,326.4
12/24/2024,23:00,364.8
12/24/2024,23:15,330
12/24/2024,23:30,332.4
12/24/2024,23:45,274.8
12/25/2024,0:00,272.4
12/25/2024,0:15,334.8
12/25/2024,0:30,327.6
12/25/2024,0:45,328.8
12/25/2024,1:00,284.4
12/25/2024,1:15,267.6
12/25/2024,1:30,320.4
12/25/2024,1:45,337.2
12/25/2024,2:00,326.4
12/25/2024,2:15,326.4
12/25/2024,2:30,286.8
12/25/2024,2:45,285.6
12/25/2024,3:00,271.2
12/25/2024,3:15,271.2
12/25/2024,3:30,267.6
12/25/2024,3:45,266.4
12/25/2024,4:00,332.4
12/25/2024,4:15,268.8
12/25/2024,4:30,266.4
12/25/2024,4:45,400.8
12/25/2024,5:00,316.8
12/25/2024,5:15,328.8
12/25/2024,5:30,282
12/25/2024,5:45,418.8
12/25/2024,6:00,332.4
12/25/2024,6:15,348
12/25/2024,6:30,266.4
12/25/2024,6:45,380.4
12/25/2024,7:00,568.8
12/25/2024,7:15,585.6
12/25/2024,7:30,716.4
12/25/2024,7:45,1221.6
12/25/2024,8:00,1276.8
12/25/2024,8:15,1320
12/25/2024,8:30,1664.4
12/25/2024,8:45,1594.8
12/25/2024,9:00,1584
12/25/2024,9:15,1200
12/25/2024,9:30,1357.2
12/25/2024,9:45,1612.8
12/25/2024,10:00,1730.4
12/25/2024,10:15,1461.6
12/25/2024,10:30,1448.4
12/25/2024,10:45,1770
12/25/2024,11:00,1173.6
12/25/2024,11:15,638.4
12/25/2024,11:30,556.8
12/25/2024,11:45,780
12/25/2024,12:00,1146
12/25/2024,12:15,1419.6
12/25/2024,12:30,1406.4
12/25/2024,12:45,1138.8
12/25/2024,13:00,1378.8
12/25/2024,13:15,1200
12/25/2024,13:30,1549.2
12/25/2024,13:45,1477.2
12/25/2024,14:00,1200
12/25/2024,14:15,1712.4
12/25/2024,14:30,1302
12/25/2024,14:45,1557.6
12/25/2024,15:00,1286.4
12/25/2024,15:15,1324.8
12/25/2024,15:30,1608
12/25/2024,15:45,1542
12/25/2024,16:00,1548
12/25/2024,16:15,1171.2
12/25/2024,16:30,1327.2
12/25/2024,16:45,1372.8
12/25/2024,17:00,1484.4
12/25/2024,17:15,1124.4
12/25/2024,17:30,1046.4
12/25/2024,17:45,876
12/25/2024,18:00,480
12/25/2024,18:15,385.2
12/25/2024,18:30,363.6
12/25/2024,18:45,373.2
12/25/2024,19:00,380.4
12/25/2024,19:15,403.2
12/25/2024,19:30,322.8
12/25/2024,19:45,327.6
12/25/2024,20:00,336
12/25/2024,20:15,326.4
12/25/2024,20:30,327.6
12/25/2024,20:45,284.4
12/25/2024,21:00,270
12/25/2024,21:15,265.2
12/25/2024,21:30,270
12/25/2024,21:45,360
12/25/2024,22:00,327.6
12/25/2024,22:15,272.4
12/25/2024,22:30,270
12/25/2024,22:45,374.4
12/25/2024,23:00,326.4
12/25/2024,23:15,279.6
12/25/2024,23:30,266.4
12/25/2024,23:45,393.6
12/26/2024,0:00,336
12/26/2024,0:15,277.2
12/26/2024,0:30,259.2
12/26/2024,0:45,410.4
12/26/2024,1:00,327.6
12/26/2024,1:15,272.4
12/26/2024,1:30,363.6
12/26/2024,1:45,351.6
12/26/2024,2:00,337.2
12/26/2024,2:15,268.8
12/26/2024,2:30,409.2
12/26/2024,2:45,334.8
12/26/2024,3:00,271.2
12/26/2024,3:15,387.6
12/26/2024,3:30,327.6
12/26/2024,3:45,330
12/26/2024,4:00,277.2
12/26/2024,4:15,345.6
12/26/2024,4:30,327.6
12/26/2024,4:45,277.2
12/26/2024,5:00,414
12/26/2024,5:15,325.2
12/26/2024,5:30,270
12/26/2024,5:45,406.8
12/26/2024,6:00,331.2
12/26/2024,6:15,277.2
12/26/2024,6:30,351.6
12/26/2024,6:45,576
12/26/2024,7:00,570
12/26/2024,7:15,537.6
12/26/2024,7:30,756
12/26/2024,7:45,1323.6
12/26/2024,8:00,1621.2
12/26/2024,8:15,1570.8
12/26/2024,8:30,1551.6
12/26/2024,8:45,1435.2
12/26/2024,9:00,1424.4
12/26/2024,9:15,1467.6
12/26/2024,9:30,1310.4
12/26/2024,9:45,1239.6
12/26/2024,10:00,1894.8
12/26/2024,10:15,1718.4
12/26/2024,10:30,1602
12/26/2024,10:45,1485.6
12/26/2024,11:00,1675.2
12/26/2024,11:15,888
12/26/2024,11:30,651.6
12/26/2024,11:45,801.6
12/26/2024,12:00,1321.2
12/26/2024,12:15,1384.8
12/26/2024,12:30,1521.6
12/26/2024,12:45,1528.8
12/26/2024,13:00,1696.8
12/26/2024,13:15,1567.2
12/26/2024,13:30,1347.6
12/26/2024,13:45,1272
12/26/2024,14:00,1448.4
12/26/2024,14:15,1358.4
12/26/2024,14:30,1405.2
12/26/2024,14:45,1585.2
12/26/2024,15:00,1474.8
12/26/2024,15:15,1432.8
12/26/2024,15:30,1521.6
12/26/2024,15:45,1554
12/26/2024,16:00,1244.4
12/26/2024,16:15,1693.2
12/26/2024,16:30,1420.8
12/26/2024,16:45,1420.8
12/26/2024,17:00,1618.8
12/26/2024,17:15,976.8
12/26/2024,17:30,1011.6
12/26/2024,17:45,838.8
12/26/2024,18:00,423.6
12/26/2024,18:15,387.6
12/26/2024,18:30,357.6
12/26/2024,18:45,348
12/26/2024,19:00,411.6
12/26/2024,19:15,339.6
12/26/2024,19:30,284.4
12/26/2024,19:45,349.2
12/26/2024,20:00,276
12/26/2024,20:15,332.4
12/26/2024,20:30,291.6
12/26/2024,20:45,334.8
12/26/2024,21:00,267.6
12/26/2024,21:15,322.8
12/26/2024,21:30,266.4
12/26/2024,21:45,333.6
12/26/2024,22:00,267.6
12/26/2024,22:15,325.2
12/26/2024,22:30,272.4
12/26/2024,22:45,322.8
12/26/2024,23:00,268.8
12/26/2024,23:15,325.2
12/26/2024,23:30,265.2
12/26/2024,23:45,330
12/27/2024,0:00,264
12/27/2024,0:15,321.6
12/27/2024,0:30,278.4
12/27/2024,0:45,330
12/27/2024,1:00,249.6
12/27/2024,1:15,333.6
12/27/2024,1:30,267.6
12/27/2024,1:45,386.4
12/27/2024,2:00,273.6
12/27/2024,2:15,356.4
12/27/2024,2:30,283.2
12/27/2024,2:45,404.4
12/27/2024,3:00,267.6
12/27/2024,3:15,392.4
12/27/2024,3:30,288
12/27/2024,3:45,403.2
12/27/2024,4:00,278.4
12/27/2024,4:15,384
12/27/2024,4:30,256.8
12/27/2024,4:45,350.4
12/27/2024,5:00,231.6
12/27/2024,5:15,224.4
12/27/2024,5:30,229.2
12/27/2024,5:45,402
12/27/2024,6:00,262.8
12/27/2024,6:15,339.6
12/27/2024,6:30,312
12/27/2024,6:45,506.4
12/27/2024,7:00,496.8
12/27/2024,7:15,589.2
12/27/2024,7:30,628.8
12/27/2024,7:45,1432.8
12/27/2024,8:00,1308
12/27/2024,8:15,1569.6
12/27/2024,8:30,1224
12/27/2024,8:45,1623.6
12/27/2024,9:00,1592.4
12/27/2024,9:15,1507.2
12/27/2024,9:30,1461.6
12/27/2024,9:45,1584
12/27/2024,10:00,1429.2
12/27/2024,10:15,1622.4
12/27/2024,10:30,1536
12/27/2024,10:45,1411.2
12/27/2024,11:00,1431.6
12/27/2024,11:15,474
12/27/2024,11:30,435.6
12/27/2024,11:45,783.6
12/27/2024,12:00,1464
12/27/2024,12:15,1450.8
12/27/2024,12:30,1395.6
12/27/2024,12:45,1294.8
12/27/2024,13:00,1467.6
12/27/2024,13:15,1593.6
12/27/2024,13:30,1106.4
12/27/2024,13:45,1093.2
12/27/2024,14:00,1257.6
12/27/2024,14:15,1242
12/27/2024,14:30,1102.8
12/27/2024,14:45,1450.8
12/27/2024,15:00,1386
12/27/2024,15:15,1376.4
12/27/2024,15:30,1436.4
12/27/2024,15:45,1602
12/27/2024,16:00,1579.2
12/27/2024,16:15,1296
12/27/2024,16:30,1694.4
12/27/2024,16:45,1414.8
12/27/2024,17:00,1507.2
12/27/2024,17:15,1555.2
12/27/2024,17:30,990
12/27/2024,17:45,408
12/27/2024,18:00,288
12/27/2024,18:15,387.6
12/27/2024,18:30,284.4
12/27/2024,18:45,368.4
12/27/2024,19:00,282
12/27/2024,19:15,367.2
12/27/2024,19:30,286.8
12/27/2024,19:45,409.2
12/27/2024,20:00,279.6
12/27/2024,20:15,418.8
12/27/2024,20:30,280.8
12/27/2024,20:45,409.2
12/27/2024,21:00,280.8
12/27/2024,21:15,418.8
12/27/2024,21:30,285.6
12/27/2024,21:45,403.2
12/27/2024,22:00,272.4
12/27/2024,22:15,406.8
12/27/2024,22:30,273.6
12/27/2024,22:45,306
12/27/2024,23:00,296.4
12/27/2024,23:15,276
12/27/2024,23:30,285.6
12/27/2024,23:45,271.2
12/28/2024,0:00,331.2
12/28/2024,0:15,277.2
12/28/2024,0:30,327.6
12/28/2024,0:45,273.6
12/28/2024,1:00,370.8
12/28/2024,1:15,274.8
12/28/2024,1:30,402
12/28/2024,1:45,286.8
12/28/2024,2:00,375.6
12/28/2024,2:15,324
12/28/2024,2:30,277.2
12/28/2024,2:45,330
12/28/2024,3:00,273.6
12/28/2024,3:15,367.2
12/28/2024,3:30,282
12/28/2024,3:45,421.2
12/28/2024,4:00,289.2
12/28/2024,4:15,397.2
12/28/2024,4:30,285.6
12/28/2024,4:45,277.2
12/28/2024,5:00,332.4
12/28/2024,5:15,283.2
12/28/2024,5:30,330
12/28/2024,5:45,278.4
12/28/2024,6:00,340.8
12/28/2024,6:15,282
12/28/2024,6:30,357.6
12/28/2024,6:45,273.6
12/28/2024,7:00,651.6
12/28/2024,7:15,568.8
12/28/2024,7:30,847.2
12/28/2024,7:45,1068
12/28/2024,8:00,1160.4
12/28/2024,8:15,1542
12/28/2024,8:30,1329.6
12/28/2024,8:45,1563.6
12/28/2024,9:00,1582.8
12/28/2024,9:15,1438.8
12/28/2024,9:30,1420.8
12/28/2024,9:45,1540.8
12/28/2024,10:00,1551.6
12/28/2024,10:15,1507.2
12/28/2024,10:30,1638
12/28/2024,10:45,1722
12/28/2024,11:00,1429.2
12/28/2024,11:15,555.6
12/28/2024,11:30,405.6
12/28/2024,11:45,459.6
12/28/2024,12:00,1425.6
12/28/2024,12:15,1510.8
12/28/2024,12:30,1374
12/28/2024,12:45,1459.2
12/28/2024,13:00,1452
12/28/2024,13:15,1382.4
12/28/2024,13:30,1562.4
12/28/2024,13:45,1407.6
12/28/2024,14:00,1242
12/28/2024,14:15,1327.2
12/28/2024,14:30,1496.4
12/28/2024,14:45,1513.2
12/28/2024,15:00,1556.4
12/28/2024,15:15,1611.6
12/28/2024,15:30,1266
12/28/2024,15:45,1318.8
12/28/2024,16:00,1394.4
12/28/2024,16:15,1345.2
12/28/2024,16:30,1303.2
12/28/2024,16:45,1215.6
12/28/2024,17:00,1058.4
12/28/2024,17:15,1162.8
12/28/2024,17:30,808.8
12/28/2024,17:45,322.8
12/28/2024,18:00,184.8
12/28/2024,18:15,190.8
12/28/2024,18:30,188.4
12/28/2024,18:45,182.4
12/28/2024,19:00,248.4
12/28/2024,19:15,182.4
12/28/2024,19:30,242.4
12/28/2024,19:45,189.6
12/28/2024,20:00,296.4
12/28/2024,20:15,177.6
12/28/2024,20:30,320.4
12/28/2024,20:45,187.2
12/28/2024,21:00,175.2
12/28/2024,21:15,183.6
12/28/2024,21:30,178.8
12/28/2024,21:45,238.8
12/28/2024,22:00,180
12/28/2024,22:15,192
12/28/2024,22:30,176.4
12/28/2024,22:45,241.2
12/28/2024,23:00,177.6
12/28/2024,23:15,303.6
12/28/2024,23:30,183.6
12/28/2024,23:45,176.4
12/29/2024,0:00,198
12/29/2024,0:15,188.4
12/29/2024,0:30,249.6
12/29/2024,0:45,181.2
12/29/2024,1:00,304.8
12/29/2024,1:15,178.8
12/29/2024,1:30,182.4
12/29/2024,1:45,186
12/29/2024,2:00,235.2
12/29/2024,2:15,235.2
12/29/2024,2:30,246
12/29/2024,2:45,310.8
12/29/2024,3:00,316.8
12/29/2024,3:15,250.8
12/29/2024,3:30,237.6
12/29/2024,3:45,261.6
12/29/2024,4:00,328.8
12/29/2024,4:15,182.4
12/29/2024,4:30,183.6
12/29/2024,4:45,190.8
12/29/2024,5:00,242.4
12/29/2024,5:15,242.4
12/29/2024,5:30,244.8
12/29/2024,5:45,186
12/29/2024,6:00,184.8
12/29/2024,6:15,190.8
12/29/2024,6:30,242.4
12/29/2024,6:45,241.2
12/29/2024,7:00,494.4
12/29/2024,7:15,505.2
12/29/2024,7:30,694.8
12/29/2024,7:45,672
12/29/2024,8:00,980.4
12/29/2024,8:15,1518
12/29/2024,8:30,1315.2
12/29/2024,8:45,1579.2
12/29/2024,9:00,1292.4
12/29/2024,9:15,1525.2
12/29/2024,9:30,1346.4
12/29/2024,9:45,1585.2
12/29/2024,10:00,1350
12/29/2024,10:15,1250.4
12/29/2024,10:30,1404
12/29/2024,10:45,1561.2
12/29/2024,11:00,1302
12/29/2024,11:15,387.6
12/29/2024,11:30,376.8
12/29/2024,11:45,685.2
12/29/2024,12:00,1378.8
12/29/2024,12:15,1279.2
12/29/2024,12:30,1033.2
12/29/2024,12:45,1275.6
12/29/2024,13:00,1287.6
12/29/2024,13:15,1224
12/29/2024,13:30,1102.8
12/29/2024,13:45,1244.4
12/29/2024,14:00,1270.8
12/29/2024,14:15,1460.4
12/29/2024,14:30,1353.6
12/29/2024,14:45,942
12/29/2024,15:00,1377.6
12/29/2024,15:15,1326
12/29/2024,15:30,1190.4
12/29/2024,15:45,1238.4
12/29/2024,16:00,1272
12/29/2024,16:15,1480.8
12/29/2024,16:30,1440
12/29/2024,16:45,1083.6
12/29/2024,17:00,1291.2
12/29/2024,17:15,735.6
12/29/2024,17:30,288
12/29/2024,17:45,303.6
12/29/2024,18:00,267.6
12/29/2024,18:15,259.2
12/29/2024,18:30,238.8
12/29/2024,18:45,304.8
12/29/2024,19:00,175.2
12/29/2024,19:15,170.4
12/29/2024,19:30,264
12/29/2024,19:45,165.6
12/29/2024,20:00,174
12/29/2024,20:15,226.8
12/29/2024,20:30,172.8
12/29/2024,20:45,172.8
12/29/2024,21:00,234
12/29/2024,21:15,168
12/29/2024,21:30,151.2
12/29/2024,21:45,217.2
12/29/2024,22:00,153.6
12/29/2024,22:15,151.2
12/29/2024,22:30,220.8
12/29/2024,22:45,150
12/29/2024,23:00,152.4
12/29/2024,23:15,219.6
12/29/2024,23:30,156
12/29/2024,23:45,151.2
12/30/2024,0:00,218.4
12/30/2024,0:15,150
12/30/2024,0:30,152.4
12/30/2024,0:45,210
12/30/2024,1:00,152.4
12/30/2024,1:15,160.8
12/30/2024,1:30,218.4
12/30/2024,1:45,154.8
12/30/2024,2:00,156
12/30/2024,2:15,262.8
12/30/2024,2:30,154.8
12/30/2024,2:45,158.4
12/30/2024,3:00,266.4
12/30/2024,3:15,156
12/30/2024,3:30,160.8
12/30/2024,3:45,265.2
12/30/2024,4:00,152.4
12/30/2024,4:15,168
12/30/2024,4:30,282
12/30/2024,4:45,168
12/30/2024,5:00,171.6
12/30/2024,5:15,268.8
12/30/2024,5:30,162
12/30/2024,5:45,166.8
12/30/2024,6:00,288
12/30/2024,6:15,158.4
12/30/2024,6:30,153.6
12/30/2024,6:45,504
12/30/2024,7:00,400.8
12/30/2024,7:15,434.4
12/30/2024,7:30,667.2
12/30/2024,7:45,1054.8
12/30/2024,8:00,1435.2
12/30/2024,8:15,1011.6
12/30/2024,8:30,856.8
12/30/2024,8:45,930
12/30/2024,9:00,1408.8
12/30/2024,9:15,1290
12/30/2024,9:30,1485.6
12/30/2024,9:45,1534.8
12/30/2024,10:00,1154.4
12/30/2024,10:15,1436.4
12/30/2024,10:30,1286.4
12/30/2024,10:45,1156.8
12/30/2024,11:00,1146
12/30/2024,11:15,326.4
12/30/2024,11:30,367.2
12/30/2024,11:45,445.2
12/30/2024,12:00,1200
12/30/2024,12:15,1510.8
12/30/2024,12:30,1377.6
12/30/2024,12:45,1346.4
12/30/2024,13:00,1580.4
12/30/2024,13:15,1250.4
12/30/2024,13:30,1712.4
12/30/2024,13:45,1513.2
12/30/2024,14:00,1365.6
12/30/2024,14:15,1707.6
12/30/2024,14:30,1224
12/30/2024,14:45,1692
12/30/2024,15:00,1710
12/30/2024,15:15,1638
12/30/2024,15:30,1336.8
12/30/2024,15:45,1342.8
12/30/2024,16:00,949.2
12/30/2024,16:15,1567.2
12/30/2024,16:30,1434
12/30/2024,16:45,1273.2
12/30/2024,17:00,1352.4
12/30/2024,17:15,1276.8
12/30/2024,17:30,1340.4
12/30/2024,17:45,866.4
12/30/2024,18:00,307.2
12/30/2024,18:15,298.8
12/30/2024,18:30,260.4
12/30/2024,18:45,207.6
12/30/2024,19:00,255.6
12/30/2024,19:15,162
12/30/2024,19:30,160.8
12/30/2024,19:45,236.4
12/30/2024,20:00,156
12/30/2024,20:15,154.8
12/30/2024,20:30,260.4
12/30/2024,20:45,156
12/30/2024,21:00,157.2
12/30/2024,21:15,282
12/30/2024,21:30,157.2
12/30/2024,21:45,158.4
12/30/2024,22:00,289.2
12/30/2024,22:15,158.4
12/30/2024,22:30,157.2
12/30/2024,22:45,277.2
12/30/2024,23:00,164.4
12/30/2024,23:15,156
12/30/2024,23:30,156
12/30/2024,23:45,180
12/31/2024,0:00,163.2
12/31/2024,0:15,156
12/31/2024,0:30,213.6
12/31/2024,0:45,164.4
12/31/2024,1:00,156
12/31/2024,1:15,242.4
12/31/2024,1:30,165.6
12/31/2024,1:45,156
12/31/2024,2:00,280.8
12/31/2024,2:15,165.6
12/31/2024,2:30,156
12/31/2024,2:45,255.6
12/31/2024,3:00,172.8
12/31/2024,3:15,157.2
12/31/2024,3:30,164.4
12/31/2024,3:45,223.2
12/31/2024,4:00,164.4
12/31/2024,4:15,175.2
12/31/2024,4:30,284.4
12/31/2024,4:45,166.8
12/31/2024,5:00,172.8
12/31/2024,5:15,290.4
12/31/2024,5:30,168
12/31/2024,5:45,171.6
12/31/2024,6:00,288
12/31/2024,6:15,177.6
12/31/2024,6:30,162
12/31/2024,6:45,162
12/31/2024,7:00,472.8
12/31/2024,7:15,432
12/31/2024,7:30,459.6
12/31/2024,7:45,781.2
12/31/2024,8:00,1285.2
12/31/2024,8:15,1161.6
12/31/2024,8:30,1113.6
12/31/2024,8:45,1296
12/31/2024,9:00,1304.4
12/31/2024,9:15,1192.8
12/31/2024,9:30,1544.4
12/31/2024,9:45,1378.8
12/31/2024,10:00,1256.4
12/31/2024,10:15,1273.2
12/31/2024,10:30,1046.4
12/31/2024,10:45,1309.2
12/31/2024,11:00,1255.2
12/31/2024,11:15,372
12/31/2024,11:30,373.2
12/31/2024,11:45,388.8
12/31/2024,12:00,1352.4
12/31/2024,12:15,1452
12/31/2024,12:30,1512
12/31/2024,12:45,1279.2
12/31/2024,13:00,1388.4
12/31/2024,13:15,1188
12/31/2024,13:30,1062
12/31/2024,13:45,1106.4
12/31/2024,14:00,1122
12/31/2024,14:15,846
12/31/2024,14:30,799.2
12/31/2024,14:45,818.4
12/31/2024,15:00,944.4
12/31/2024,15:15,788.4
12/31/2024,15:30,906
12/31/2024,15:45,740.4
12/31/2024,16:00,764.4
12/31/2024,16:15,336
12/31/2024,16:30,267.6
12/31/2024,16:45,237.6
12/31/2024,17:00,229.2
12/31/2024,17:15,128.4
12/31/2024,17:30,264
12/31/2024,17:45,228
12/31/2024,18:00,152.4
12/31/2024,18:15,133.2
12/31/2024,18:30,133.2
12/31/2024,18:45,141.6
12/31/2024,19:00,132
12/31/2024,19:15,133.2
12/31/2024,19:30,141.6
12/31/2024,19:45,132
12/31/2024,20:00,133.2
12/31/2024,20:15,259.2
12/31/2024,20:30,258
12/31/2024,20:45,193.2
12/31/2024,21:00,142.8
12/31/2024,21:15,153.6
12/31/2024,21:30,144
12/31/2024,21:45,134.4
12/31/2024,22:00,135.6
12/31/2024,22:15,142.8
12/31/2024,22:30,134.4
12/31/2024,22:45,135.6
12/31/2024,23:00,142.8
12/31/2024,23:15,134.4
12/31/2024,23:30,253.2
12/31/2024,23:45,192
