日期,时间,功率(KW)
2024-10-11,00:00,3448.2
2024-10-11,00:15,3445.4
2024-10-11,00:30,3382.4
2024-10-11,00:45,2927.4
2024-10-11,01:00,3337.6
2024-10-11,01:15,3404.8
2024-10-11,01:30,2545.2
2024-10-11,01:45,3227
2024-10-11,02:00,3452.4
2024-10-11,02:15,2920.4
2024-10-11,02:30,3106.6
2024-10-11,02:45,3460.8
2024-10-11,03:00,3413.2
2024-10-11,03:15,2874.2
2024-10-11,03:30,3378.2
2024-10-11,03:45,3432.8
2024-10-11,04:00,2485
2024-10-11,04:15,3242.4
2024-10-11,04:30,3466.4
2024-10-11,04:45,2598.4
2024-10-11,05:00,3103.8
2024-10-11,05:15,3400.6
2024-10-11,05:30,3325
2024-10-11,05:45,2969.4
2024-10-11,06:00,3339
2024-10-11,06:15,3399.2
2024-10-11,06:30,2513
2024-10-11,06:45,3218.6
2024-10-11,07:00,3467.8
2024-10-11,07:15,2721.6
2024-10-11,07:30,3124.8
2024-10-11,07:45,3452.4
2024-10-11,08:00,3445.4
2024-10-11,08:15,2927.4
2024-10-11,08:30,3498.6
2024-10-11,08:45,3511.2
2024-10-11,09:00,2707.6
2024-10-11,09:15,3346
2024-10-11,09:30,3498.6
2024-10-11,09:45,2387
2024-10-11,10:00,3148.6
2024-10-11,10:15,3537.8
2024-10-11,10:30,3452.4
2024-10-11,10:45,3507
2024-10-11,11:00,5044.2
2024-10-11,11:15,4730.6
2024-10-11,11:30,3145.8
2024-10-11,11:45,4862.2
2024-10-11,12:00,4907
2024-10-11,12:15,3522.4
2024-10-11,12:30,4684.4
2024-10-11,12:45,5026
2024-10-11,13:00,3361.4
2024-10-11,13:15,2962.4
2024-10-11,13:30,3862.6
2024-10-11,13:45,3816.4
2024-10-11,14:00,2655.8
2024-10-11,14:15,3306.8
2024-10-11,14:30,3529.4
2024-10-11,14:45,2765
2024-10-11,15:00,3626
2024-10-11,15:15,3564.4
2024-10-11,15:30,3452.4
2024-10-11,15:45,3017
2024-10-11,16:00,3399.2
2024-10-11,16:15,4223.8
2024-10-11,16:30,3658.2
2024-10-11,16:45,3812.2
2024-10-11,17:00,5101.6
2024-10-11,17:15,3528
2024-10-11,17:30,3094
2024-10-11,17:45,3402
2024-10-11,18:00,3290
2024-10-11,18:15,3054.8
2024-10-11,18:30,3428.6
2024-10-11,18:45,3449.6
2024-10-11,19:00,2724.4
2024-10-11,19:15,3326.4
2024-10-11,19:30,3514
2024-10-11,19:45,2352
2024-10-11,20:00,3241
2024-10-11,20:15,3572.8
2024-10-11,20:30,3413.2
2024-10-11,20:45,3078.6
2024-10-11,21:00,3474.8
2024-10-11,21:15,3530.8
2024-10-11,21:30,2814
2024-10-11,21:45,3389.4
2024-10-11,22:00,3529.4
2024-10-11,22:15,2458.4
2024-10-11,22:30,3318
2024-10-11,22:45,3609.2
2024-10-11,23:00,3145.8
2024-10-11,23:15,3140.2
2024-10-11,23:30,3519.6
2024-10-11,23:45,3501.4
2024-10-12,00:00,2871.4
2024-10-12,00:15,3414.6
2024-10-12,00:30,3572.8
2024-10-12,00:45,2431.8
2024-10-12,01:00,3295.6
2024-10-12,01:15,3574.2
2024-10-12,01:30,3112.2
2024-10-12,01:45,3151.4
2024-10-12,02:00,3484.6
2024-10-12,02:15,3515.4
2024-10-12,02:30,2829.4
2024-10-12,02:45,3409
2024-10-12,03:00,3511.2
2024-10-12,03:15,2429
2024-10-12,03:30,3262
2024-10-12,03:45,3581.2
2024-10-12,04:00,3116.4
2024-10-12,04:15,3126.2
2024-10-12,04:30,3500
2024-10-12,04:45,3509.8
2024-10-12,05:00,2920.4
2024-10-12,05:15,3343.2
2024-10-12,05:30,3518.2
2024-10-12,05:45,2510.2
2024-10-12,06:00,3285.8
2024-10-12,06:15,3565.8
2024-10-12,06:30,3099.6
2024-10-12,06:45,3113.6
2024-10-12,07:00,3508.4
2024-10-12,07:15,3528
2024-10-12,07:30,2854.6
2024-10-12,07:45,3416
2024-10-12,08:00,3557.4
2024-10-12,08:15,2363.2
2024-10-12,08:30,3670.8
2024-10-12,08:45,3998.4
2024-10-12,09:00,3621.8
2024-10-12,09:15,5444.6
2024-10-12,09:30,5556.6
2024-10-12,09:45,4650.8
2024-10-12,10:00,4163.6
2024-10-12,10:15,3949.4
2024-10-12,10:30,3350.2
2024-10-12,10:45,4004
2024-10-12,11:00,3967.6
2024-10-12,11:15,3395
2024-10-12,11:30,3973.2
2024-10-12,11:45,4148.2
2024-10-12,12:00,3579.8
2024-10-12,12:15,3512.6
2024-10-12,12:30,3711.4
2024-10-12,12:45,3222.8
2024-10-12,13:00,2311.4
2024-10-12,13:15,3620.4
2024-10-12,13:30,3357.2
2024-10-12,13:45,2602.6
2024-10-12,14:00,3540.6
2024-10-12,14:15,3556
2024-10-12,14:30,2893.8
2024-10-12,14:45,3640
2024-10-12,15:00,3676.4
2024-10-12,15:15,3087
2024-10-12,15:30,3486
2024-10-12,15:45,3781.4
2024-10-12,16:00,3780
2024-10-12,16:15,3593.8
2024-10-12,16:30,4327.4
2024-10-12,16:45,3669.4
2024-10-12,17:00,2822.4
2024-10-12,17:15,3953.6
2024-10-12,17:30,3782.8
2024-10-12,17:45,3068.8
2024-10-12,18:00,3945.2
2024-10-12,18:15,3875.2
2024-10-12,18:30,3227
2024-10-12,18:45,3876.6
2024-10-12,19:00,3976
2024-10-12,19:15,3423
2024-10-12,19:30,3577
2024-10-12,19:45,3957.8
2024-10-12,20:00,3966.2
2024-10-12,20:15,3504.2
2024-10-12,20:30,2871.4
2024-10-12,20:45,3441.2
2024-10-12,21:00,2798.6
2024-10-12,21:15,3129
2024-10-12,21:30,2952.6
2024-10-12,21:45,3225.6
2024-10-12,22:00,3442.6
2024-10-12,22:15,3598
2024-10-12,22:30,4156.6
2024-10-12,22:45,4072.6
2024-10-12,23:00,3708.6
2024-10-12,23:15,2280.6
2024-10-12,23:30,2242.8
2024-10-12,23:45,2262.4
2024-10-13,00:00,2237.2
2024-10-13,00:15,2202.2
2024-10-13,00:30,2244.2
2024-10-13,00:45,2220.4
2024-10-13,01:00,2213.4
2024-10-13,01:15,2210.6
2024-10-13,01:30,2241.4
2024-10-13,01:45,2238.6
2024-10-13,02:00,2245.6
2024-10-13,02:15,2223.2
2024-10-13,02:30,2233
2024-10-13,02:45,2234.4
2024-10-13,03:00,2226
2024-10-13,03:15,2220.4
2024-10-13,03:30,2226
2024-10-13,03:45,2228.8
2024-10-13,04:00,2198
2024-10-13,04:15,2223.2
2024-10-13,04:30,2214.8
2024-10-13,04:45,2221.8
2024-10-13,05:00,2171.4
2024-10-13,05:15,2193.8
2024-10-13,05:30,2217.6
2024-10-13,05:45,2233
2024-10-13,06:00,2248.4
2024-10-13,06:15,2217.6
2024-10-13,06:30,2221.8
2024-10-13,06:45,2230.2
2024-10-13,07:00,2235.8
2024-10-13,07:15,2228.8
2024-10-13,07:30,2245.6
2024-10-13,07:45,2230.2
2024-10-13,08:00,2220.4
2024-10-13,08:15,2230.2
2024-10-13,08:30,2210.6
2024-10-13,08:45,2440.2
2024-10-13,09:00,2413.6
2024-10-13,09:15,2192.4
2024-10-13,09:30,2213.4
2024-10-13,09:45,2230.2
2024-10-13,10:00,2433.2
2024-10-13,10:15,2413.6
2024-10-13,10:30,2436
2024-10-13,10:45,2423.4
2024-10-13,11:00,2492
2024-10-13,11:15,3186.4
2024-10-13,11:30,3665.2
2024-10-13,11:45,3369.8
2024-10-13,12:00,3624.6
2024-10-13,12:15,3689
2024-10-13,12:30,3543.4
2024-10-13,12:45,3579.8
2024-10-13,13:00,3031
2024-10-13,13:15,3234
2024-10-13,13:30,3656.8
2024-10-13,13:45,3164
2024-10-13,14:00,2427.6
2024-10-13,14:15,3654
2024-10-13,14:30,3288.6
2024-10-13,14:45,3544.8
2024-10-13,15:00,2916.2
2024-10-13,15:15,2686.6
2024-10-13,15:30,2926
2024-10-13,15:45,3145.8
2024-10-13,16:00,3368.4
2024-10-13,16:15,3334.8
2024-10-13,16:30,3421.6
2024-10-13,16:45,3277.4
2024-10-13,17:00,3284.4
2024-10-13,17:15,3035.2
2024-10-13,17:30,2052.4
2024-10-13,17:45,2410.8
2024-10-13,18:00,2710.4
2024-10-13,18:15,2966.6
2024-10-13,18:30,3164
2024-10-13,18:45,3327.8
2024-10-13,19:00,3413.2
2024-10-13,19:15,3320.8
2024-10-13,19:30,3241
2024-10-13,19:45,2742.6
2024-10-13,20:00,2391.2
2024-10-13,20:15,2632
2024-10-13,20:30,2885.4
2024-10-13,20:45,3066
2024-10-13,21:00,3273.2
2024-10-13,21:15,3414.6
2024-10-13,21:30,3922.8
2024-10-13,21:45,3805.2
2024-10-13,22:00,3409
2024-10-13,22:15,2671.2
2024-10-13,22:30,2997.4
2024-10-13,22:45,3218.6
2024-10-13,23:00,3463.6
2024-10-13,23:15,3662.4
2024-10-13,23:30,3787
2024-10-13,23:45,3880.8
2024-10-14,00:00,3816.4
2024-10-14,00:15,3757.6
2024-10-14,00:30,2746.8
2024-10-14,00:45,2349.2
2024-10-14,01:00,2604
2024-10-14,01:15,2837.8
2024-10-14,01:30,3042.2
2024-10-14,01:45,3217.2
2024-10-14,02:00,3385.2
2024-10-14,02:15,3407.6
2024-10-14,02:30,3325
2024-10-14,02:45,3054.8
2024-10-14,03:00,2137.8
2024-10-14,03:15,2476.6
2024-10-14,03:30,2741.2
2024-10-14,03:45,2961
2024-10-14,04:00,3172.4
2024-10-14,04:15,3308.2
2024-10-14,04:30,3402
2024-10-14,04:45,3365.6
2024-10-14,05:00,3231.2
2024-10-14,05:15,2779
2024-10-14,05:30,2289
2024-10-14,05:45,2563.4
2024-10-14,06:00,2798.6
2024-10-14,06:15,3115
2024-10-14,06:30,3211.6
2024-10-14,06:45,3382.4
2024-10-14,07:00,3431.4
2024-10-14,07:15,3318
2024-10-14,07:30,3208.8
2024-10-14,07:45,2241.4
2024-10-14,08:00,2608.2
2024-10-14,08:15,2788.8
2024-10-14,08:30,3024
2024-10-14,08:45,3227
2024-10-14,09:00,3378.2
2024-10-14,09:15,4218.2
2024-10-14,09:30,4300.8
2024-10-14,09:45,4145.4
2024-10-14,10:00,3598
2024-10-14,10:15,3196.2
2024-10-14,10:30,3460.8
2024-10-14,10:45,3866.8
2024-10-14,11:00,3850
2024-10-14,11:15,3984.4
2024-10-14,11:30,4069.8
2024-10-14,11:45,4335.8
2024-10-14,12:00,4298
2024-10-14,12:15,4212.6
2024-10-14,12:30,3019.8
2024-10-14,12:45,3446.8
2024-10-14,13:00,3215.8
2024-10-14,13:15,3473.4
2024-10-14,13:30,3659.6
2024-10-14,13:45,3799.6
2024-10-14,14:00,3887.8
2024-10-14,14:15,3802.4
2024-10-14,14:30,3722.6
2024-10-14,14:45,3225.6
2024-10-14,15:00,2844.8
2024-10-14,15:15,3166.8
2024-10-14,15:30,3465
2024-10-14,15:45,3669.4
2024-10-14,16:00,3829
2024-10-14,16:15,2290.4
2024-10-14,16:30,2025.8
2024-10-14,16:45,3312.4
2024-10-14,17:00,3290
2024-10-14,17:15,3337.6
2024-10-14,17:30,3266.2
2024-10-14,17:45,3417.4
2024-10-14,18:00,2339.4
2024-10-14,18:15,2571.8
2024-10-14,18:30,2882.6
2024-10-14,18:45,3088.4
2024-10-14,19:00,3301.2
2024-10-14,19:15,3444
2024-10-14,19:30,3560.2
2024-10-14,19:45,3546.2
2024-10-14,20:00,3455.2
2024-10-14,20:15,2947
2024-10-14,20:30,2490.6
2024-10-14,20:45,2741.2
2024-10-14,21:00,2980.6
2024-10-14,21:15,3199
2024-10-14,21:30,3371.2
2024-10-14,21:45,3529.4
2024-10-14,22:00,3560.2
2024-10-14,22:15,3484.6
2024-10-14,22:30,3381
2024-10-14,22:45,2237.2
2024-10-14,23:00,2625
2024-10-14,23:15,2903.6
2024-10-14,23:30,3150
2024-10-14,23:45,3290
2024-10-15,00:00,3445.4
2024-10-15,00:15,3315.2
2024-10-15,00:30,3297
2024-10-15,00:45,3194.8
2024-10-15,01:00,2732.8
2024-10-15,01:15,2188.2
2024-10-15,01:30,2471
2024-10-15,01:45,2732.8
2024-10-15,02:00,2961
2024-10-15,02:15,3145.8
2024-10-15,02:30,3274.6
2024-10-15,02:45,3347.4
2024-10-15,03:00,3241
2024-10-15,03:15,3207.4
2024-10-15,03:30,2275
2024-10-15,03:45,2325.4
2024-10-15,04:00,2597
2024-10-15,04:15,2857.4
2024-10-15,04:30,3052
2024-10-15,04:45,3162.6
2024-10-15,05:00,3315.2
2024-10-15,05:15,3301.2
2024-10-15,05:30,3235.4
2024-10-15,05:45,2874.2
2024-10-15,06:00,2084.6
2024-10-15,06:15,2433.2
2024-10-15,06:30,2676.8
2024-10-15,06:45,2987.6
2024-10-15,07:00,3187.8
2024-10-15,07:15,3320.8
2024-10-15,07:30,3372.6
2024-10-15,07:45,3305.4
2024-10-15,08:00,3409
2024-10-15,08:15,2846.2
2024-10-15,08:30,2542.4
2024-10-15,08:45,2753.8
2024-10-15,09:00,2997.4
2024-10-15,09:15,3192
2024-10-15,09:30,3330.6
2024-10-15,09:45,3439.8
2024-10-15,10:00,3479
2024-10-15,10:15,3389.4
2024-10-15,10:30,3278.8
2024-10-15,10:45,2244.2
2024-10-15,11:00,2543.8
2024-10-15,11:15,2783.2
2024-10-15,11:30,3024
2024-10-15,11:45,3218.6
2024-10-15,12:00,3353
2024-10-15,12:15,3533.6
2024-10-15,12:30,3374
2024-10-15,12:45,3287.2
2024-10-15,13:00,2777.6
2024-10-15,13:15,2394
2024-10-15,13:30,2669.8
2024-10-15,13:45,2896.6
2024-10-15,14:00,3102.4
2024-10-15,14:15,3276
2024-10-15,14:30,3382.4
2024-10-15,14:45,3491.6
2024-10-15,15:00,3389.4
2024-10-15,15:15,3193.4
2024-10-15,15:30,2282
2024-10-15,15:45,2562
2024-10-15,16:00,2821
2024-10-15,16:15,3043.6
2024-10-15,16:30,3715.6
2024-10-15,16:45,3872.4
2024-10-15,17:00,3976
2024-10-15,17:15,3830.4
2024-10-15,17:30,3834.6
2024-10-15,17:45,3362.8
2024-10-15,18:00,2759.4
2024-10-15,18:15,3088.4
2024-10-15,18:30,3285.8
2024-10-15,18:45,3221.4
2024-10-15,19:00,3564.4
2024-10-15,19:15,3502.8
2024-10-15,19:30,3585.4
2024-10-15,19:45,3554.6
2024-10-15,20:00,3493
2024-10-15,20:15,2486.4
2024-10-15,20:30,3011.4
2024-10-15,20:45,3241
2024-10-15,21:00,3515.4
2024-10-15,21:15,3673.6
2024-10-15,21:30,3841.6
2024-10-15,21:45,3770.2
2024-10-15,22:00,3169.6
2024-10-15,22:15,3403.4
2024-10-15,22:30,3792.6
2024-10-15,22:45,3894.8
2024-10-15,23:00,3976
2024-10-15,23:15,3890.6
2024-10-15,23:30,3813.6
2024-10-15,23:45,2644.6
2024-10-16,00:00,2994.6
2024-10-16,00:15,3248
2024-10-16,00:30,3498.6
2024-10-16,00:45,3689
2024-10-16,01:00,3892
2024-10-16,01:15,3980.2
2024-10-16,01:30,3941
2024-10-16,01:45,3838.8
2024-10-16,02:00,3404.8
2024-10-16,02:15,2760.8
2024-10-16,02:30,2878.4
2024-10-16,02:45,3136
2024-10-16,03:00,3341.8
2024-10-16,03:15,3574.2
2024-10-16,03:30,3705.8
2024-10-16,03:45,3795.4
2024-10-16,04:00,3691.8
2024-10-16,04:15,3623.2
2024-10-16,04:30,2874.2
2024-10-16,04:45,2763.6
2024-10-16,05:00,2945.6
2024-10-16,05:15,3241
2024-10-16,05:30,3463.6
2024-10-16,05:45,3628.8
2024-10-16,06:00,3736.6
2024-10-16,06:15,3743.6
2024-10-16,06:30,3666.6
2024-10-16,06:45,3411.8
2024-10-16,07:00,2499
2024-10-16,07:15,2906.4
2024-10-16,07:30,3176.6
2024-10-16,07:45,3392.2
2024-10-16,08:00,3901.8
2024-10-16,08:15,4041.8
2024-10-16,08:30,4193
2024-10-16,08:45,4289.6
2024-10-16,09:00,4195.8
2024-10-16,09:15,3672.2
2024-10-16,09:30,3210.2
2024-10-16,09:45,3463.6
2024-10-16,10:00,3740.8
2024-10-16,10:15,3983
2024-10-16,10:30,4159.4
2024-10-16,10:45,4247.6
2024-10-16,11:00,4314.8
2024-10-16,11:15,4002.6
2024-10-16,11:30,3862.6
2024-10-16,11:45,2640.4
2024-10-16,12:00,3103.8
2024-10-16,12:15,3392.2
2024-10-16,12:30,3662.4
2024-10-16,12:45,3957.8
2024-10-16,13:00,4172
2024-10-16,13:15,4256
2024-10-16,13:30,4221
2024-10-16,13:45,4198.6
2024-10-16,14:00,3701.6
2024-10-16,14:15,3201.8
2024-10-16,14:30,3224.2
2024-10-16,14:45,3526.6
2024-10-16,15:00,3707.2
2024-10-16,15:15,3932.6
2024-10-16,15:30,4029.2
2024-10-16,15:45,4117.4
2024-10-16,16:00,4008.2
2024-10-16,16:15,3914.4
2024-10-16,16:30,2779
2024-10-16,16:45,3168.2
2024-10-16,17:00,3473.4
2024-10-16,17:15,3666.6
2024-10-16,17:30,3840.2
2024-10-16,17:45,3920
2024-10-16,18:00,4106.2
2024-10-16,18:15,4099.2
2024-10-16,18:30,4011
2024-10-16,18:45,3595.2
2024-10-16,19:00,3008.6
2024-10-16,19:15,3334.8
2024-10-16,19:30,3703
2024-10-16,19:45,3960.6
2024-10-16,20:00,4100.6
2024-10-16,20:15,4263
2024-10-16,20:30,4316.2
2024-10-16,20:45,4201.4
2024-10-16,21:00,4197.2
2024-10-16,21:15,3270.4
2024-10-16,21:30,3347.4
2024-10-16,21:45,3600.8
2024-10-16,22:00,3837.4
2024-10-16,22:15,4009.6
2024-10-16,22:30,4223.8
2024-10-16,22:45,4288.2
2024-10-16,23:00,4345.6
2024-10-16,23:15,4205.6
2024-10-16,23:30,3879.4
2024-10-16,23:45,3189.2
2024-10-17,00:00,3497.2
2024-10-17,00:15,3731
2024-10-17,00:30,3981.6
2024-10-17,00:45,4104.8
2024-10-17,01:00,4223.8
2024-10-17,01:15,4314.8
2024-10-17,01:30,4218.2
2024-10-17,01:45,4158
2024-10-17,02:00,3616.2
2024-10-17,02:15,3260.6
2024-10-17,02:30,3564.4
2024-10-17,02:45,3796.8
2024-10-17,03:00,4013.8
2024-10-17,03:15,4149.6
2024-10-17,03:30,4265.8
2024-10-17,03:45,2641.8
2024-10-17,04:00,2647.4
2024-10-17,04:15,2606.8
2024-10-17,04:30,2669.8
2024-10-17,04:45,2664.2
2024-10-17,05:00,2672.6
2024-10-17,05:15,2597
2024-10-17,05:30,2543.8
2024-10-17,05:45,2632
2024-10-17,06:00,2620.8
2024-10-17,06:15,2637.6
2024-10-17,06:30,2571.8
2024-10-17,06:45,2658.6
2024-10-17,07:00,2630.6
2024-10-17,07:15,3176.6
2024-10-17,07:30,2657.2
2024-10-17,07:45,4260.2
2024-10-17,08:00,4326
2024-10-17,08:15,3830.4
2024-10-17,08:30,3539.2
2024-10-17,08:45,3775.8
2024-10-17,09:00,4041.8
2024-10-17,09:15,4187.4
2024-10-17,09:30,4417
2024-10-17,09:45,4519.2
2024-10-17,10:00,4569.6
2024-10-17,10:15,4487
2024-10-17,10:30,4375
2024-10-17,10:45,3285.8
2024-10-17,11:00,3536.4
2024-10-17,11:15,3802.4
2024-10-17,11:30,4006.8
2024-10-17,11:45,4222.4
2024-10-17,12:00,4363.8
2024-10-17,12:15,4474.4
2024-10-17,12:30,4446.4
2024-10-17,12:45,4379.2
2024-10-17,13:00,3914.4
2024-10-17,13:15,3371.2
2024-10-17,13:30,3201.8
2024-10-17,13:45,3476.2
2024-10-17,14:00,4072.6
2024-10-17,14:15,4015.2
2024-10-17,14:30,4156.6
2024-10-17,14:45,4212.6
2024-10-17,15:00,4123
2024-10-17,15:15,4075.4
2024-10-17,15:30,3521
2024-10-17,15:45,3190.6
2024-10-17,16:00,3068.8
2024-10-17,16:15,3280.2
2024-10-17,16:30,3431.4
2024-10-17,16:45,3662.4
2024-10-17,17:00,2681
2024-10-17,17:15,3689
2024-10-17,17:30,3143
2024-10-17,17:45,3189.2
2024-10-17,18:00,3761.8
2024-10-17,18:15,3291.4
2024-10-17,18:30,3036.6
2024-10-17,18:45,3497.2
2024-10-17,19:00,3943.8
2024-10-17,19:15,3431.4
2024-10-17,19:30,3311
2024-10-17,19:45,3857
2024-10-17,20:00,3920
2024-10-17,20:15,3039.4
2024-10-17,20:30,3697.4
2024-10-17,20:45,4051.6
2024-10-17,21:00,3197.6
2024-10-17,21:15,3448.2
2024-10-17,21:30,3953.6
2024-10-17,21:45,3949.4
2024-10-17,22:00,3127.6
2024-10-17,22:15,3784.2
2024-10-17,22:30,4485.6
2024-10-17,22:45,3120.6
2024-10-17,23:00,3971.8
2024-10-17,23:15,4428.2
2024-10-17,23:30,4319
2024-10-17,23:45,3661
2024-10-18,00:00,4214
2024-10-18,00:15,4365.2
2024-10-18,00:30,3360
2024-10-18,00:45,3999.8
2024-10-18,01:00,4439.4
2024-10-18,01:15,3799.6
2024-10-18,01:30,3731
2024-10-18,01:45,4289.6
2024-10-18,02:00,4324.6
2024-10-18,02:15,3407.6
2024-10-18,02:30,4043.2
2024-10-18,02:45,4407.2
2024-10-18,03:00,3691.8
2024-10-18,03:15,3792.6
2024-10-18,03:30,4282.6
2024-10-18,03:45,4253.2
2024-10-18,04:00,3456.6
2024-10-18,04:15,4177.6
2024-10-18,04:30,4363.8
2024-10-18,04:45,3165.4
2024-10-18,05:00,3936.8
2024-10-18,05:15,4394.6
2024-10-18,05:30,4279.8
2024-10-18,05:45,3628.8
2024-10-18,06:00,4225.2
2024-10-18,06:15,4366.6
2024-10-18,06:30,3263.4
2024-10-18,06:45,4032
2024-10-18,07:00,4432.4
2024-10-18,07:15,3858.4
2024-10-18,07:30,3729.6
2024-10-18,07:45,4284
2024-10-18,08:00,4326
2024-10-18,08:15,3448.2
2024-10-18,08:30,4081
2024-10-18,08:45,4426.8
2024-10-18,09:00,3351.6
2024-10-18,09:15,3843
2024-10-18,09:30,4361
2024-10-18,09:45,4291
2024-10-18,10:00,3509.8
2024-10-18,10:15,4160.8
2024-10-18,10:30,4348.4
2024-10-18,10:45,3110.8
2024-10-18,11:00,3892
2024-10-18,11:15,4313.4
2024-10-18,11:30,4183.2
2024-10-18,11:45,3613.4
2024-10-18,12:00,4107.6
2024-10-18,12:15,4319
2024-10-18,12:30,3276
2024-10-18,12:45,4011
2024-10-18,13:00,4373.6
2024-10-18,13:15,3743.6
2024-10-18,13:30,3683.4
2024-10-18,13:45,4249
2024-10-18,14:00,4274.2
2024-10-18,14:15,3414.6
2024-10-18,14:30,3733.8
2024-10-18,14:45,4054.4
2024-10-18,15:00,2655.8
2024-10-18,15:15,3477.6
2024-10-18,15:30,3957.8
2024-10-18,15:45,3850
2024-10-18,16:00,3155.6
2024-10-18,16:15,3815
2024-10-18,16:30,3641.4
2024-10-18,16:45,2557.8
2024-10-18,17:00,3161.2
2024-10-18,17:15,3642.8
2024-10-18,17:30,3150
2024-10-18,17:45,2926
2024-10-18,18:00,3493
2024-10-18,18:15,3574.2
2024-10-18,18:30,2626.4
2024-10-18,18:45,3305.4
2024-10-18,19:00,3670.8
2024-10-18,19:15,3001.6
2024-10-18,19:30,3117.8
2024-10-18,19:45,3624.6
2024-10-18,20:00,3617.6
2024-10-18,20:15,2850.4
2024-10-18,20:30,3459.4
2024-10-18,20:45,3690.4
2024-10-18,21:00,2452.8
2024-10-18,21:15,3232.6
2024-10-18,21:30,3676.4
2024-10-18,21:45,3591
2024-10-18,22:00,2934.4
2024-10-18,22:15,3523.8
2024-10-18,22:30,3697.4
2024-10-18,22:45,2571.8
2024-10-18,23:00,3337.6
2024-10-18,23:15,3805.2
2024-10-18,23:30,3196.2
2024-10-18,23:45,3050.6
2024-10-19,00:00,3565.8
2024-10-19,00:15,3642.8
2024-10-19,00:30,2734.2
2024-10-19,00:45,3393.6
2024-10-19,01:00,3725.4
2024-10-19,01:15,2818.2
2024-10-19,01:30,3112.2
2024-10-19,01:45,3600.8
2024-10-19,02:00,3588.2
2024-10-19,02:15,2814
2024-10-19,02:30,3451
2024-10-19,02:45,3648.4
2024-10-19,03:00,2360.4
2024-10-19,03:15,3197.6
2024-10-19,03:30,3654
2024-10-19,03:45,3540.6
2024-10-19,04:00,2877
2024-10-19,04:15,3490.2
2024-10-19,04:30,3579.8
2024-10-19,04:45,2559.2
2024-10-19,05:00,3313.8
2024-10-19,05:15,3718.4
2024-10-19,05:30,2993.2
2024-10-19,05:45,2998.8
2024-10-19,06:00,3554.6
2024-10-19,06:15,3568.6
2024-10-19,06:30,2697.8
2024-10-19,06:45,3404.8
2024-10-19,07:00,3735.2
2024-10-19,07:15,2340.8
2024-10-19,07:30,2997.4
2024-10-19,07:45,3483.2
2024-10-19,08:00,3484.6
2024-10-19,08:15,2906.4
2024-10-19,08:30,3505.6
2024-10-19,08:45,3687.6
2024-10-19,09:00,2590
2024-10-19,09:15,3278.8
2024-10-19,09:30,3722.6
2024-10-19,09:45,3231.2
2024-10-19,10:00,2972.2
2024-10-19,10:15,3497.2
2024-10-19,10:30,3635.8
2024-10-19,10:45,2647.4
2024-10-19,11:00,3325
2024-10-19,11:15,3711.4
2024-10-19,11:30,3019.8
2024-10-19,11:45,3039.4
2024-10-19,12:00,3579.8
2024-10-19,12:15,3668
2024-10-19,12:30,2858.8
2024-10-19,12:45,3466.4
2024-10-19,13:00,3686.2
2024-10-19,13:15,2511.6
2024-10-19,13:30,3299.8
2024-10-19,13:45,3584
2024-10-19,14:00,3557.4
2024-10-19,14:15,2823.8
2024-10-19,14:30,3448.2
2024-10-19,14:45,3567.2
2024-10-19,15:00,2451.4
2024-10-19,15:15,3203.2
2024-10-19,15:30,3598
2024-10-19,15:45,3108
2024-10-19,16:00,2903.6
2024-10-19,16:15,3452.4
2024-10-19,16:30,3526.6
2024-10-19,16:45,2532.6
2024-10-19,17:00,3287.2
2024-10-19,17:15,3595.2
2024-10-19,17:30,2879.8
2024-10-19,17:45,3029.6
2024-10-19,18:00,3005.8
2024-10-19,18:15,3827.6
2024-10-19,18:30,3837.4
2024-10-19,18:45,3962
2024-10-19,19:00,3941
2024-10-19,19:15,3872.4
2024-10-19,19:30,3740.8
2024-10-19,19:45,3659.6
2024-10-19,20:00,3438.4
2024-10-19,20:15,3312.4
2024-10-19,20:30,3073
2024-10-19,20:45,2773.4
2024-10-19,21:00,3866.8
2024-10-19,21:15,4271.4
2024-10-19,21:30,4358.2
2024-10-19,21:45,4377.8
2024-10-19,22:00,4431
2024-10-19,22:15,4296.6
2024-10-19,22:30,4228
2024-10-19,22:45,4074
2024-10-19,23:00,3913
2024-10-19,23:15,3724
2024-10-19,23:30,3564.4
2024-10-19,23:45,3360
2024-10-20,00:00,3213
2024-10-20,00:15,4169.2
2024-10-20,00:30,4338.6
2024-10-20,00:45,4386.2
2024-10-20,01:00,4403
2024-10-20,01:15,4386.2
2024-10-20,01:30,4288.2
2024-10-20,01:45,4142.6
2024-10-20,02:00,3966.2
2024-10-20,02:15,3781.4
2024-10-20,02:30,3617.6
2024-10-20,02:45,3406.2
2024-10-20,03:00,3124.8
2024-10-20,03:15,3784.2
2024-10-20,03:30,4272.8
2024-10-20,03:45,4307.8
2024-10-20,04:00,4384.8
2024-10-20,04:15,4361
2024-10-20,04:30,4282.6
2024-10-20,04:45,4144
2024-10-20,05:00,3949.4
2024-10-20,05:15,3862.6
2024-10-20,05:30,3719.8
2024-10-20,05:45,3505.6
2024-10-20,06:00,3301.2
2024-10-20,06:15,3430
2024-10-20,06:30,4166.4
2024-10-20,06:45,4348.4
2024-10-20,07:00,4373.6
2024-10-20,07:15,4397.4
2024-10-20,07:30,4341.4
2024-10-20,07:45,3953.6
2024-10-20,08:00,3810.8
2024-10-20,08:15,3834.6
2024-10-20,08:30,3696
2024-10-20,08:45,3411.8
2024-10-20,09:00,3410.4
2024-10-20,09:15,3103.8
2024-10-20,09:30,3791.2
2024-10-20,09:45,4222.4
2024-10-20,10:00,4282.6
2024-10-20,10:15,4300.8
2024-10-20,10:30,4236.4
2024-10-20,10:45,4172
2024-10-20,11:00,4072.6
2024-10-20,11:15,3850
2024-10-20,11:30,3731
2024-10-20,11:45,3465
2024-10-20,12:00,3256.4
2024-10-20,12:15,3148.6
2024-10-20,12:30,3733.8
2024-10-20,12:45,4165
2024-10-20,13:00,4272.8
2024-10-20,13:15,4229.4
2024-10-20,13:30,4293.8
2024-10-20,13:45,4278.4
2024-10-20,14:00,4169.2
2024-10-20,14:15,4025
2024-10-20,14:30,3850
2024-10-20,14:45,3663.8
2024-10-20,15:00,3446.8
2024-10-20,15:15,3313.8
2024-10-20,15:30,2994.6
2024-10-20,15:45,3929.8
2024-10-20,16:00,3295.6
2024-10-20,16:15,4305
2024-10-20,16:30,3593.8
2024-10-20,16:45,4289.6
2024-10-20,17:00,3886.4
2024-10-20,17:15,3778.6
2024-10-20,17:30,4074
2024-10-20,17:45,3150
2024-10-20,18:00,4151
2024-10-20,18:15,3462.2
2024-10-20,18:30,4097.8
2024-10-20,18:45,3782.8
2024-10-20,19:00,3652.6
2024-10-20,19:15,4146.8
2024-10-20,19:30,3339
2024-10-20,19:45,4331.6
2024-10-20,20:00,3649.8
2024-10-20,20:15,4306.4
2024-10-20,20:30,3917.2
2024-10-20,20:45,3887.8
2024-10-20,21:00,4062.8
2024-10-20,21:15,3238.2
2024-10-20,21:30,4193
2024-10-20,21:45,3595.2
2024-10-20,22:00,4219.6
2024-10-20,22:15,3970.4
2024-10-20,22:30,3778.6
2024-10-20,22:45,4163.6
2024-10-20,23:00,3319.4
2024-10-20,23:15,4258.8
2024-10-20,23:30,3609.2
2024-10-20,23:45,4254.6
2024-10-21,00:00,3897.6
2024-10-21,00:15,3899
2024-10-21,00:30,4088
2024-10-21,00:45,3210.2
2024-10-21,01:00,4219.6
2024-10-21,01:15,3504.2
2024-10-21,01:30,4204.2
2024-10-21,01:45,3837.4
2024-10-21,02:00,3775.8
2024-10-21,02:15,4093.6
2024-10-21,02:30,3266.2
2024-10-21,02:45,4225.2
2024-10-21,03:00,3511.2
2024-10-21,03:15,4180.4
2024-10-21,03:30,3809.4
2024-10-21,03:45,3911.6
2024-10-21,04:00,4097.8
2024-10-21,04:15,3200.4
2024-10-21,04:30,4243.4
2024-10-21,04:45,3533.6
2024-10-21,05:00,4201.4
2024-10-21,05:15,3847.2
2024-10-21,05:30,4074
2024-10-21,05:45,4030.6
2024-10-21,06:00,3249.4
2024-10-21,06:15,4162.2
2024-10-21,06:30,3551.8
2024-10-21,06:45,4201.4
2024-10-21,07:00,3869.6
2024-10-21,07:15,3920
2024-10-21,07:30,4139.8
2024-10-21,07:45,3253.6
2024-10-21,08:00,4600.4
2024-10-21,08:15,3976
2024-10-21,08:30,4580.8
2024-10-21,08:45,4137
2024-10-21,09:00,4271.4
2024-10-21,09:15,3271.8
2024-10-21,09:30,4034.8
2024-10-21,09:45,4470.2
2024-10-21,10:00,4509.4
2024-10-21,10:15,4519.2
2024-10-21,10:30,4517.8
2024-10-21,10:45,4418.4
2024-10-21,11:00,4365.2
2024-10-21,11:15,4173.4
2024-10-21,11:30,4011
2024-10-21,11:45,3840.2
2024-10-21,12:00,3654
2024-10-21,12:15,3424.4
2024-10-21,12:30,3760.4
2024-10-21,12:45,4307.8
2024-10-21,13:00,4361
2024-10-21,13:15,4440.8
2024-10-21,13:30,4438
2024-10-21,13:45,4397.4
2024-10-21,14:00,4271.4
2024-10-21,14:15,4243.4
2024-10-21,14:30,4079.6
2024-10-21,14:45,3185
2024-10-21,15:00,3987.2
2024-10-21,15:15,4450.6
2024-10-21,15:30,4407.2
2024-10-21,15:45,3666.6
2024-10-21,16:00,4125.8
2024-10-21,16:15,4313.4
2024-10-21,16:30,3040.8
2024-10-21,16:45,3763.2
2024-10-21,17:00,4117.4
2024-10-21,17:15,3866.8
2024-10-21,17:30,3659.6
2024-10-21,17:45,4194.4
2024-10-21,18:00,4282.6
2024-10-21,18:15,3740.8
2024-10-21,18:30,4183.2
2024-10-21,18:45,4102
2024-10-21,19:00,3948
2024-10-21,19:15,3781.4
2024-10-21,19:30,3687.6
2024-10-21,19:45,3511.2
2024-10-21,20:00,3227
2024-10-21,20:15,3858.4
2024-10-21,20:30,4268.6
2024-10-21,20:45,4335.8
2024-10-21,21:00,4411.4
2024-10-21,21:15,4389
2024-10-21,21:30,4125.8
2024-10-21,21:45,4180.4
2024-10-21,22:00,4082.4
2024-10-21,22:15,3943.8
2024-10-21,22:30,3571.4
2024-10-21,22:45,3404.8
2024-10-21,23:00,3211.6
2024-10-21,23:15,3109.4
2024-10-21,23:30,3865.4
2024-10-21,23:45,4060
2024-10-22,00:00,4111.8
2024-10-22,00:15,4159.4
2024-10-22,00:30,4090.8
2024-10-22,00:45,3997
2024-10-22,01:00,3876.6
2024-10-22,01:15,3739.4
2024-10-22,01:30,3577
2024-10-22,01:45,3378.2
2024-10-22,02:00,3192
2024-10-22,02:15,2853.2
2024-10-22,02:30,3579.8
2024-10-22,02:45,4015.2
2024-10-22,03:00,4065.6
2024-10-22,03:15,4127.2
2024-10-22,03:30,4121.6
2024-10-22,03:45,4062.8
2024-10-22,04:00,3914.4
2024-10-22,04:15,3469.2
2024-10-22,04:30,3313.8
2024-10-22,04:45,3150
2024-10-22,05:00,2994.6
2024-10-22,05:15,2741.2
2024-10-22,05:30,3172.4
2024-10-22,05:45,3620.4
2024-10-22,06:00,3701.6
2024-10-22,06:15,3768.8
2024-10-22,06:30,3787
2024-10-22,06:45,3747.8
2024-10-22,07:00,3676.4
2024-10-22,07:15,3540.6
2024-10-22,07:30,3411.8
2024-10-22,07:45,3248
2024-10-22,08:00,3074.4
2024-10-22,08:15,3210.2
2024-10-22,08:30,2959.6
2024-10-22,08:45,3740.8
2024-10-22,09:00,4155.2
2024-10-22,09:15,3731
2024-10-22,09:30,4097.8
2024-10-22,09:45,3957.8
2024-10-22,10:00,3540.6
2024-10-22,10:15,4102
2024-10-22,10:30,3323.6
2024-10-22,10:45,4180.4
2024-10-22,11:00,3623.2
2024-10-22,11:15,4072.6
2024-10-22,11:30,3887.8
2024-10-22,11:45,3285.8
2024-10-22,12:00,4117.4
2024-10-22,12:15,2916.2
2024-10-22,12:30,3768.8
2024-10-22,12:45,3396.4
2024-10-22,13:00,3862.6
2024-10-22,13:15,3672.2
2024-10-22,13:30,3581.2
2024-10-22,13:45,4286.8
2024-10-22,14:00,3537.8
2024-10-22,14:15,3992.8
2024-10-22,14:30,3549
2024-10-22,14:45,3862.6
2024-10-22,15:00,4125.8
2024-10-22,15:15,3140.2
2024-10-22,15:30,4265.8
2024-10-22,15:45,3505.6
2024-10-22,16:00,4309.2
2024-10-22,16:15,3815
2024-10-22,16:30,4055.8
2024-10-22,16:45,3836
2024-10-22,17:00,3362.8
2024-10-22,17:15,4058.6
2024-10-22,17:30,3308.2
2024-10-22,17:45,4176.2
2024-10-22,18:00,3816.4
2024-10-22,18:15,4282.6
2024-10-22,18:30,4043.2
2024-10-22,18:45,3199
2024-10-22,19:00,4295.2
2024-10-22,19:15,3550.4
2024-10-22,19:30,4400.2
2024-10-22,19:45,3861.2
2024-10-22,20:00,4331.6
2024-10-22,20:15,4132.8
2024-10-22,20:30,3414.6
2024-10-22,20:45,4298
2024-10-22,21:00,3516.8
2024-10-22,21:15,4382
2024-10-22,21:30,3642.8
2024-10-22,21:45,4086.6
2024-10-22,22:00,3894.8
2024-10-22,22:15,3490.2
2024-10-22,22:30,4099.2
2024-10-22,22:45,3304
2024-10-22,23:00,4114.6
2024-10-22,23:15,3640
2024-10-22,23:30,4030.6
2024-10-22,23:45,3868.2
2024-10-23,00:00,2872.8
2024-10-23,00:15,4079.6
2024-10-23,00:30,3362.8
2024-10-23,00:45,4162.2
2024-10-23,01:00,3574.2
2024-10-23,01:15,4075.4
2024-10-23,01:30,3910.2
2024-10-23,01:45,2996
2024-10-23,02:00,4092.2
2024-10-23,02:15,3292.8
2024-10-23,02:30,4158
2024-10-23,02:45,3591
2024-10-23,03:00,4051.6
2024-10-23,03:15,3899
2024-10-23,03:30,2843.4
2024-10-23,03:45,4100.6
2024-10-23,04:00,3294.2
2024-10-23,04:15,4121.6
2024-10-23,04:30,3642.8
2024-10-23,04:45,4060
2024-10-23,05:00,3924.2
2024-10-23,05:15,2822.4
2024-10-23,05:30,4032
2024-10-23,05:45,3337.6
2024-10-23,06:00,4197.2
2024-10-23,06:15,3642.8
2024-10-23,06:30,4076.8
2024-10-23,06:45,3924.2
2024-10-23,07:00,2857.4
2024-10-23,07:15,4092.2
2024-10-23,07:30,3389.4
2024-10-23,07:45,4159.4
2024-10-23,08:00,3641.4
2024-10-23,08:15,4053
2024-10-23,08:30,3885
2024-10-23,08:45,2865.8
2024-10-23,09:00,4072.6
2024-10-23,09:15,3312.4
2024-10-23,09:30,4135.6
2024-10-23,09:45,3572.8
2024-10-23,10:00,4001.2
2024-10-23,10:15,3869.6
2024-10-23,10:30,2979.2
2024-10-23,10:45,4004
2024-10-23,11:00,3280.2
2024-10-23,11:15,4054.4
2024-10-23,11:30,3543.4
2024-10-23,11:45,3928.4
2024-10-23,12:00,3876.6
2024-10-23,12:15,2797.2
2024-10-23,12:30,4016.6
2024-10-23,12:45,3451
2024-10-23,13:00,4254.6
2024-10-23,13:15,3724
2024-10-23,13:30,4184.6
2024-10-23,13:45,4020.8
2024-10-23,14:00,3264.8
2024-10-23,14:15,4271.4
2024-10-23,14:30,3504.2
2024-10-23,14:45,4303.6
2024-10-23,15:00,3831.8
2024-10-23,15:15,4197.2
2024-10-23,15:30,4046
2024-10-23,15:45,3050.6
2024-10-23,16:00,4247.6
2024-10-23,16:15,3544.8
2024-10-23,16:30,4243.4
2024-10-23,16:45,3649.8
2024-10-23,17:00,4092.2
2024-10-23,17:15,3880.8
2024-10-23,17:30,3166.8
2024-10-23,17:45,4079.6
2024-10-23,18:00,3326.4
2024-10-23,18:15,4146.8
2024-10-23,18:30,3600.8
2024-10-23,18:45,4060
2024-10-23,19:00,3900.4
2024-10-23,19:15,2886.8
2024-10-23,19:30,4141.2
2024-10-23,19:45,3351.6
2024-10-23,20:00,4167.8
2024-10-23,20:15,3675
2024-10-23,20:30,4127.2
2024-10-23,20:45,3914.4
2024-10-23,21:00,3438.4
2024-10-23,21:15,4086.6
2024-10-23,21:30,3305.4
2024-10-23,21:45,4193
2024-10-23,22:00,3579.8
2024-10-23,22:15,4071.2
2024-10-23,22:30,3862.6
2024-10-23,22:45,3578.4
2024-10-23,23:00,4071.2
2024-10-23,23:15,3292.8
2024-10-23,23:30,4180.4
2024-10-23,23:45,3600.8
2024-10-24,00:00,4085.2
2024-10-24,00:15,3890.6
2024-10-24,00:30,3567.2
2024-10-24,00:45,4065.6
2024-10-24,01:00,3257.8
2024-10-24,01:15,4173.4
2024-10-24,01:30,3570
2024-10-24,01:45,4043.2
2024-10-24,02:00,3865.4
2024-10-24,02:15,3609.2
2024-10-24,02:30,4055.8
2024-10-24,02:45,3231.2
2024-10-24,03:00,4229.4
2024-10-24,03:15,3572.8
2024-10-24,03:30,4096.4
2024-10-24,03:45,3866.8
2024-10-24,04:00,3603.6
2024-10-24,04:15,4100.6
2024-10-24,04:30,3252.2
2024-10-24,04:45,4155.2
2024-10-24,05:00,3585.4
2024-10-24,05:15,4064.2
2024-10-24,05:30,3866.8
2024-10-24,05:45,3602.2
2024-10-24,06:00,4109
2024-10-24,06:15,3236.8
2024-10-24,06:30,4216.8
2024-10-24,06:45,3584
2024-10-24,07:00,4099.2
2024-10-24,07:15,3864
2024-10-24,07:30,3542
2024-10-24,07:45,4088
2024-10-24,08:00,3214.4
2024-10-24,08:15,4146.8
2024-10-24,08:30,3577
2024-10-24,08:45,4034.8
2024-10-24,09:00,3848.6
2024-10-24,09:15,3529.4
2024-10-24,09:30,3998.4
2024-10-24,09:45,3200.4
2024-10-24,10:00,4043.2
2024-10-24,10:15,3432.8
2024-10-24,10:30,3991.4
2024-10-24,10:45,3726.8
2024-10-24,11:00,3493
2024-10-24,11:15,3921.4
2024-10-24,11:30,3140.2
2024-10-24,11:45,4060
2024-10-24,12:00,3435.6
2024-10-24,12:15,4142.6
2024-10-24,12:30,3942.4
2024-10-24,12:45,3669.4
2024-10-24,13:00,4078.2
2024-10-24,13:15,3271.8
2024-10-24,13:30,4197.2
2024-10-24,13:45,3600.8
2024-10-24,14:00,4127.2
2024-10-24,14:15,3880.8
2024-10-24,14:30,3682
2024-10-24,14:45,4121.6
2024-10-24,15:00,3334.8
2024-10-24,15:15,4267.2
2024-10-24,15:30,3631.6
2024-10-24,15:45,4184.6
2024-10-24,16:00,3990
2024-10-24,16:15,3794
2024-10-24,16:30,4253.2
2024-10-24,16:45,3229.8
2024-10-24,17:00,4204.2
2024-10-24,17:15,3481.8
2024-10-24,17:30,3928.4
2024-10-24,17:45,3774.4
2024-10-24,18:00,3572.8
2024-10-24,18:15,3985.8
2024-10-24,18:30,3169.6
2024-10-24,18:45,4118.8
2024-10-24,19:00,3481.8
2024-10-24,19:15,4050.2
2024-10-24,19:30,3788.4
2024-10-24,19:45,3581.2
2024-10-24,20:00,4006.8
2024-10-24,20:15,3206
2024-10-24,20:30,4167.8
2024-10-24,20:45,3512.6
2024-10-24,21:00,4088
2024-10-24,21:15,3805.2
2024-10-24,21:30,3607.8
2024-10-24,21:45,3999.8
2024-10-24,22:00,3190.6
2024-10-24,22:15,4132.8
2024-10-24,22:30,3459.4
2024-10-24,22:45,4088
2024-10-24,23:00,3767.4
2024-10-24,23:15,3648.4
2024-10-24,23:30,4016.6
2024-10-24,23:45,3180.8
2024-10-25,00:00,4120.2
2024-10-25,00:15,3046.4
2024-10-25,00:30,3662.4
2024-10-25,00:45,3365.6
2024-10-25,01:00,3210.2
2024-10-25,01:15,3591
2024-10-25,01:30,2737
2024-10-25,01:45,3710
2024-10-25,02:00,3033.8
2024-10-25,02:15,3682
2024-10-25,02:30,3353
2024-10-25,02:45,3243.8
2024-10-25,03:00,3610.6
2024-10-25,03:15,2699.2
2024-10-25,03:30,3704.4
2024-10-25,03:45,3035.2
2024-10-25,04:00,3662.4
2024-10-25,04:15,3347.4
2024-10-25,04:30,3162.6
2024-10-25,04:45,3624.6
2024-10-25,05:00,2734.2
2024-10-25,05:15,3750.6
2024-10-25,05:30,3042.2
2024-10-25,05:45,3658.2
2024-10-25,06:00,3337.6
2024-10-25,06:15,3220
2024-10-25,06:30,3574.2
2024-10-25,06:45,2713.2
2024-10-25,07:00,3750.6
2024-10-25,07:15,3033.8
2024-10-25,07:30,3714.2
2024-10-25,07:45,3355.8
2024-10-25,08:00,3228.4
2024-10-25,08:15,3651.2
2024-10-25,08:30,2798.6
2024-10-25,08:45,3799.6
2024-10-25,09:00,3159.8
2024-10-25,09:15,3775.8
2024-10-25,09:30,3446.8
2024-10-25,09:45,3327.8
2024-10-25,10:00,3655.4
2024-10-25,10:15,2846.2
2024-10-25,10:30,3824.8
2024-10-25,10:45,3056.2
2024-10-25,11:00,3714.2
2024-10-25,11:15,3365.6
2024-10-25,11:30,3323.6
2024-10-25,11:45,3617.6
2024-10-25,12:00,2721.6
2024-10-25,12:15,3760.4
2024-10-25,12:30,3073
2024-10-25,12:45,3851.4
2024-10-25,13:00,3544.8
2024-10-25,13:15,3437
2024-10-25,13:30,3757.6
2024-10-25,13:45,2836.4
2024-10-25,14:00,3824.8
2024-10-25,14:15,3145.8
2024-10-25,14:30,3628.8
2024-10-25,14:45,3504.2
2024-10-25,15:00,3346
2024-10-25,15:15,3222.8
2024-10-25,15:30,2926
2024-10-25,15:45,2802.8
2024-10-25,16:00,3270.4
2024-10-25,16:15,3626
2024-10-25,16:30,3739.4
2024-10-25,16:45,3641.4
2024-10-25,17:00,3672.2
2024-10-25,17:15,3582.6
2024-10-25,17:30,3483.2
2024-10-25,17:45,3336.2
2024-10-25,18:00,3210.2
2024-10-25,18:15,3031
2024-10-25,18:30,2865.8
2024-10-25,18:45,2702
2024-10-25,19:00,2377.2
2024-10-25,19:15,3147.2
2024-10-25,19:30,3543.4
2024-10-25,19:45,3588.2
2024-10-25,20:00,3693.2
2024-10-25,20:15,3638.6
2024-10-25,20:30,3564.4
2024-10-25,20:45,3437
2024-10-25,21:00,3341.8
2024-10-25,21:15,3214.4
2024-10-25,21:30,3024
2024-10-25,21:45,2846.2
2024-10-25,22:00,2616.6
2024-10-25,22:15,2917.6
2024-10-25,22:30,3529.4
2024-10-25,22:45,3564.4
2024-10-25,23:00,3606.4
2024-10-25,23:15,3649.8
2024-10-25,23:30,3595.2
2024-10-25,23:45,3495.8
2024-10-26,00:00,3397.8
2024-10-26,00:15,3215.8
2024-10-26,00:30,3105.2
2024-10-26,00:45,2930.2
2024-10-26,01:00,2748.2
2024-10-26,01:15,2482.2
2024-10-26,01:30,3130.4
2024-10-26,01:45,3549
2024-10-26,02:00,3578.4
2024-10-26,02:15,3683.4
2024-10-26,02:30,3630.2
2024-10-26,02:45,3539.2
2024-10-26,03:00,3074.4
2024-10-26,03:15,2935.8
2024-10-26,03:30,2798.6
2024-10-26,03:45,2601.2
2024-10-26,04:00,2401
2024-10-26,04:15,2175.6
2024-10-26,04:30,2160.2
2024-10-26,04:45,2952.6
2024-10-26,05:00,3214.4
2024-10-26,05:15,3269
2024-10-26,05:30,3239.6
2024-10-26,05:45,3264.8
2024-10-26,06:00,3166.8
2024-10-26,06:15,3035.2
2024-10-26,06:30,2874.2
2024-10-26,06:45,2737
2024-10-26,07:00,2542.4
2024-10-26,07:15,2361.8
2024-10-26,07:30,2100
2024-10-26,07:45,2784.6
2024-10-26,08:00,3357.2
2024-10-26,08:15,3742.2
2024-10-26,08:30,3768.8
2024-10-26,08:45,3756.2
2024-10-26,09:00,3668
2024-10-26,09:15,3561.6
2024-10-26,09:30,3462.2
2024-10-26,09:45,3295.6
2024-10-26,10:00,3110.8
2024-10-26,10:15,2938.6
2024-10-26,10:30,2776.2
2024-10-26,10:45,3217.2
2024-10-26,11:00,3687.6
2024-10-26,11:15,3705.8
2024-10-26,11:30,3767.4
2024-10-26,11:45,3803.8
2024-10-26,12:00,3732.4
2024-10-26,12:15,3259.2
2024-10-26,12:30,3157
2024-10-26,12:45,3245.2
2024-10-26,13:00,3073
2024-10-26,13:15,2905
2024-10-26,13:30,2730
2024-10-26,13:45,2832.2
2024-10-26,14:00,3543.4
2024-10-26,14:15,3843
2024-10-26,14:30,3850
2024-10-26,14:45,3966.2
2024-10-26,15:00,3868.2
2024-10-26,15:15,3820.6
2024-10-26,15:30,3705.8
2024-10-26,15:45,3654
2024-10-26,16:00,3431.4
2024-10-26,16:15,3250.8
2024-10-26,16:30,3063.2
2024-10-26,16:45,2727.2
2024-10-26,17:00,3040.8
2024-10-26,17:15,3537.8
2024-10-26,17:30,3546.2
2024-10-26,17:45,3610.6
2024-10-26,18:00,3644.2
2024-10-26,18:15,3542
2024-10-26,18:30,3477.6
2024-10-26,18:45,3358.6
2024-10-26,19:00,3203.2
2024-10-26,19:15,3026.8
2024-10-26,19:30,2878.4
2024-10-26,19:45,2665.6
2024-10-26,20:00,2674
2024-10-26,20:15,3392.2
2024-10-26,20:30,3582.6
2024-10-26,20:45,3655.4
2024-10-26,21:00,3662.4
2024-10-26,21:15,3634.4
2024-10-26,21:30,3956.4
2024-10-26,21:45,3830.4
2024-10-26,22:00,3696
2024-10-26,22:15,3557.4
2024-10-26,22:30,3358.6
2024-10-26,22:45,3137.4
2024-10-26,23:00,2886.8
2024-10-26,23:15,3498.6
2024-10-26,23:30,3969
2024-10-26,23:45,4051.6
2024-10-27,00:00,4048.8
2024-10-27,00:15,4058.6
2024-10-27,00:30,3959.2
2024-10-27,00:45,3848.6
2024-10-27,01:00,3757.6
2024-10-27,01:15,3624.6
2024-10-27,01:30,3411.8
2024-10-27,01:45,3243.8
2024-10-27,02:00,3054.8
2024-10-27,02:15,2937.2
2024-10-27,02:30,3777.2
2024-10-27,02:45,3957.8
2024-10-27,03:00,4029.2
2024-10-27,03:15,4050.2
2024-10-27,03:30,3970.4
2024-10-27,03:45,3861.2
2024-10-27,04:00,3798.2
2024-10-27,04:15,3645.6
2024-10-27,04:30,3465
2024-10-27,04:45,3231.2
2024-10-27,05:00,3126.2
2024-10-27,05:15,2846.2
2024-10-27,05:30,3511.2
2024-10-27,05:45,3978.8
2024-10-27,06:00,3974.6
2024-10-27,06:15,4054.4
2024-10-27,06:30,3976
2024-10-27,06:45,3959.2
2024-10-27,07:00,3859.8
2024-10-27,07:15,3746.4
2024-10-27,07:30,3598
2024-10-27,07:45,3407.6
2024-10-27,08:00,3337.6
2024-10-27,08:15,2728.6
2024-10-27,08:30,3280.2
2024-10-27,08:45,3761.8
2024-10-27,09:00,3789.8
2024-10-27,09:15,3823.4
2024-10-27,09:30,3890.6
2024-10-27,09:45,3805.2
2024-10-27,10:00,3754.8
2024-10-27,10:15,3620.4
2024-10-27,10:30,3484.6
2024-10-27,10:45,3288.6
2024-10-27,11:00,3116.4
2024-10-27,11:15,2919
2024-10-27,11:30,2431.8
2024-10-27,11:45,3227
2024-10-27,12:00,3593.8
2024-10-27,12:15,3675
2024-10-27,12:30,3722.6
2024-10-27,12:45,3627.4
2024-10-27,13:00,2973.6
2024-10-27,13:15,3642.8
2024-10-27,13:30,3743.6
2024-10-27,13:45,3106.6
2024-10-27,14:00,3775.8
2024-10-27,14:15,3733.8
2024-10-27,14:30,3147.2
2024-10-27,14:45,3759
2024-10-27,15:00,3705.8
2024-10-27,15:15,3151.4
2024-10-27,15:30,2959.6
2024-10-27,15:45,3087
2024-10-27,16:00,3753.4
2024-10-27,16:15,4211.2
2024-10-27,16:30,3862.6
2024-10-27,16:45,3823.4
2024-10-27,17:00,3778.6
2024-10-27,17:15,3721.2
2024-10-27,17:30,3585.4
2024-10-27,17:45,3441.2
2024-10-27,18:00,3544.8
2024-10-27,18:15,3339
2024-10-27,18:30,3165.4
2024-10-27,18:45,2959.6
2024-10-27,19:00,3350.2
2024-10-27,19:15,3857
2024-10-27,19:30,3952.2
2024-10-27,19:45,4016.6
2024-10-27,20:00,4040.4
2024-10-27,20:15,3901.8
2024-10-27,20:30,3872.4
2024-10-27,20:45,3760.4
2024-10-27,21:00,3627.4
2024-10-27,21:15,3481.8
2024-10-27,21:30,2919
2024-10-27,21:45,2487.8
2024-10-27,22:00,2207.8
2024-10-27,22:15,2877
2024-10-27,22:30,3309.6
2024-10-27,22:45,3346
2024-10-27,23:00,3435.6
2024-10-27,23:15,3407.6
2024-10-27,23:30,3322.2
2024-10-27,23:45,3210.2
2024-10-28,00:00,3054.8
2024-10-28,00:15,2893.8
2024-10-28,00:30,2717.4
2024-10-28,00:45,2511.6
2024-10-28,01:00,2346.4
2024-10-28,01:15,2772
2024-10-28,01:30,3159.8
2024-10-28,01:45,3311
2024-10-28,02:00,3369.8
2024-10-28,02:15,3427.2
2024-10-28,02:30,3330.6
2024-10-28,02:45,3273.2
2024-10-28,03:00,3103.8
2024-10-28,03:15,2970.8
2024-10-28,03:30,2779
2024-10-28,03:45,2629.2
2024-10-28,04:00,2408
2024-10-28,04:15,2135
2024-10-28,04:30,2888.2
2024-10-28,04:45,3267.6
2024-10-28,05:00,3355.8
2024-10-28,05:15,3423
2024-10-28,05:30,3393.6
2024-10-28,05:45,3295.6
2024-10-28,06:00,3229.8
2024-10-28,06:15,3050.6
2024-10-28,06:30,2921.8
2024-10-28,06:45,2787.4
2024-10-28,07:00,2605.4
2024-10-28,07:15,2391.2
2024-10-28,07:30,2916.2
2024-10-28,07:45,3353
2024-10-28,08:00,3399.2
2024-10-28,08:15,3438.4
2024-10-28,08:30,3837.4
2024-10-28,08:45,3788.4
2024-10-28,09:00,3850
2024-10-28,09:15,4191.6
2024-10-28,09:30,4022.2
2024-10-28,09:45,3880.8
2024-10-28,10:00,3656.8
2024-10-28,10:15,3442.6
2024-10-28,10:30,3098.2
2024-10-28,10:45,3859.8
2024-10-28,11:00,4271.4
2024-10-28,11:15,4319
2024-10-28,11:30,4190.2
2024-10-28,11:45,4131.4
2024-10-28,12:00,4051.6
2024-10-28,12:15,3929.8
2024-10-28,12:30,3978.8
2024-10-28,12:45,3894.8
2024-10-28,13:00,3696
2024-10-28,13:15,3472
2024-10-28,13:30,3284.4
2024-10-28,13:45,3666.6
2024-10-28,14:00,4186
2024-10-28,14:15,4342.8
2024-10-28,14:30,4386.2
2024-10-28,14:45,4414.2
2024-10-28,15:00,4337.2
2024-10-28,15:15,4202.8
2024-10-28,15:30,3913
2024-10-28,15:45,3714.2
2024-10-28,16:00,3619
2024-10-28,16:15,3386.6
2024-10-28,16:30,3252.2
2024-10-28,16:45,2863
2024-10-28,17:00,3705.8
2024-10-28,17:15,4025
2024-10-28,17:30,4044.6
2024-10-28,17:45,4109
2024-10-28,18:00,4086.6
2024-10-28,18:15,4011
2024-10-28,18:30,3865.4
2024-10-28,18:45,3796.8
2024-10-28,19:00,3609.2
2024-10-28,19:15,3481.8
2024-10-28,19:30,3326.4
2024-10-28,19:45,3105.2
2024-10-28,20:00,3619
2024-10-28,20:15,4013.8
2024-10-28,20:30,4085.2
2024-10-28,20:45,4090.8
2024-10-28,21:00,4124.4
2024-10-28,21:15,4124.4
2024-10-28,21:30,3971.8
2024-10-28,21:45,3865.4
2024-10-28,22:00,3738
2024-10-28,22:15,3550.4
2024-10-28,22:30,3343.2
2024-10-28,22:45,3169.6
2024-10-28,23:00,2804.2
2024-10-28,23:15,3672.2
2024-10-28,23:30,4065.6
2024-10-28,23:45,4092.2
2024-10-29,00:00,4148.2
2024-10-29,00:15,4145.4
2024-10-29,00:30,4039
2024-10-29,00:45,3922.8
2024-10-29,01:00,3763.2
2024-10-29,01:15,3598
2024-10-29,01:30,3407.6
2024-10-29,01:45,3176.6
2024-10-29,02:00,3025.4
2024-10-29,02:15,3560.2
2024-10-29,02:30,4044.6
2024-10-29,02:45,4082.4
2024-10-29,03:00,4138.4
2024-10-29,03:15,4134.2
2024-10-29,03:30,4060
2024-10-29,03:45,3959.2
2024-10-29,04:00,3808
2024-10-29,04:15,3659.6
2024-10-29,04:30,3470.6
2024-10-29,04:45,3318
2024-10-29,05:00,3081.4
2024-10-29,05:15,3304
2024-10-29,05:30,3991.4
2024-10-29,05:45,4018
2024-10-29,06:00,4124.4
2024-10-29,06:15,4134.2
2024-10-29,06:30,4116
2024-10-29,06:45,4015.2
2024-10-29,07:00,3936.8
2024-10-29,07:15,3771.6
2024-10-29,07:30,3637.2
2024-10-29,07:45,3554.6
2024-10-29,08:00,3340.4
2024-10-29,08:15,3007.2
2024-10-29,08:30,3591
2024-10-29,08:45,4011
2024-10-29,09:00,4004
2024-10-29,09:15,4081
2024-10-29,09:30,3992.8
2024-10-29,09:45,3948
2024-10-29,10:00,3799.6
2024-10-29,10:15,3712.8
2024-10-29,10:30,3556
2024-10-29,10:45,3379.6
2024-10-29,11:00,3183.6
2024-10-29,11:15,2914.8
2024-10-29,11:30,3305.4
2024-10-29,11:45,3827.6
2024-10-29,12:00,3931.2
2024-10-29,12:15,3938.2
2024-10-29,12:30,3999.8
2024-10-29,12:45,4155.2
2024-10-29,13:00,4051.6
2024-10-29,13:15,3924.2
2024-10-29,13:30,3773
2024-10-29,13:45,3614.8
2024-10-29,14:00,3385.2
2024-10-29,14:15,3267.6
2024-10-29,14:30,2963.8
2024-10-29,14:45,3760.4
2024-10-29,15:00,4188.8
2024-10-29,15:15,4209.8
2024-10-29,15:30,4303.6
2024-10-29,15:45,4237.8
2024-10-29,16:00,4146.8
2024-10-29,16:15,4051.6
2024-10-29,16:30,3939.6
2024-10-29,16:45,3218.6
2024-10-29,17:00,3070.2
2024-10-29,17:15,2843.4
2024-10-29,17:30,2604
2024-10-29,17:45,3196.2
2024-10-29,18:00,3575.6
2024-10-29,18:15,3670.8
2024-10-29,18:30,3271.8
2024-10-29,18:45,3336.2
2024-10-29,19:00,3245.2
2024-10-29,19:15,3218.6
2024-10-29,19:30,3081.4
2024-10-29,19:45,2941.4
2024-10-29,20:00,2772
2024-10-29,20:15,2535.4
2024-10-29,20:30,2416.4
2024-10-29,20:45,2091.6
2024-10-29,21:00,3007.2
2024-10-29,21:15,3246.6
2024-10-29,21:30,3339
2024-10-29,21:45,3420.2
2024-10-29,22:00,3367
2024-10-29,22:15,3280.2
2024-10-29,22:30,3152.8
2024-10-29,22:45,3081.4
2024-10-29,23:00,2899.4
2024-10-29,23:15,2716
2024-10-29,23:30,2527
2024-10-29,23:45,2213.4
2024-10-30,00:00,2840.6
2024-10-30,00:15,3297
2024-10-30,00:30,3325
2024-10-30,00:45,3323.6
2024-10-30,01:00,3305.4
2024-10-30,01:15,3235.4
2024-10-30,01:30,3154.2
2024-10-30,01:45,3003
2024-10-30,02:00,2843.4
2024-10-30,02:15,2630.6
2024-10-30,02:30,2517.2
2024-10-30,02:45,2318.4
2024-10-30,03:00,2318.4
2024-10-30,03:15,3092.6
2024-10-30,03:30,3166.8
2024-10-30,03:45,3378.2
2024-10-30,04:00,3298.4
2024-10-30,04:15,3217.2
2024-10-30,04:30,3103.8
2024-10-30,04:45,2968
2024-10-30,05:00,2832.2
2024-10-30,05:15,2697.8
2024-10-30,05:30,2545.2
2024-10-30,05:45,2287.6
2024-10-30,06:00,1927.8
2024-10-30,06:15,2786
2024-10-30,06:30,3180.8
2024-10-30,06:45,3206
2024-10-30,07:00,3407.6
2024-10-30,07:15,3260.6
2024-10-30,07:30,3313.8
2024-10-30,07:45,3357.2
2024-10-30,08:00,3617.6
2024-10-30,08:15,3262
2024-10-30,08:30,3038
2024-10-30,08:45,2847.6
2024-10-30,09:00,2632
2024-10-30,09:15,2976.4
2024-10-30,09:30,3502.8
2024-10-30,09:45,3627.4
2024-10-30,10:00,3655.4
2024-10-30,10:15,3623.2
2024-10-30,10:30,3572.8
2024-10-30,10:45,3536.4
2024-10-30,11:00,3388
2024-10-30,11:15,3206
2024-10-30,11:30,3032.4
2024-10-30,11:45,2861.6
2024-10-30,12:00,2651.6
2024-10-30,12:15,2308.6
2024-10-30,12:30,3099.6
2024-10-30,12:45,3488.8
2024-10-30,13:00,3715.6
2024-10-30,13:15,3815
2024-10-30,13:30,3708.6
2024-10-30,13:45,3655.4
2024-10-30,14:00,3577
2024-10-30,14:15,3428.6
2024-10-30,14:30,3530.8
2024-10-30,14:45,3369.8
2024-10-30,15:00,3007.2
2024-10-30,15:15,4313.4
2024-10-30,15:30,4207
2024-10-30,15:45,4741.8
2024-10-30,16:00,3978.8
2024-10-30,16:15,3802.4
2024-10-30,16:30,3292.8
2024-10-30,16:45,3263.4
2024-10-30,17:00,3176.6
2024-10-30,17:15,3012.8
2024-10-30,17:30,2861.6
2024-10-30,17:45,2651.6
2024-10-30,18:00,2518.6
2024-10-30,18:15,2322.6
2024-10-30,18:30,2182.6
2024-10-30,18:45,2846.2
2024-10-30,19:00,3264.8
2024-10-30,19:15,3409
2024-10-30,19:30,3428.6
2024-10-30,19:45,3383.8
2024-10-30,20:00,3312.4
2024-10-30,20:15,3194.8
2024-10-30,20:30,3074.4
2024-10-30,20:45,2871.4
2024-10-30,21:00,2725.8
2024-10-30,21:15,2500.4
2024-10-30,21:30,2305.8
2024-10-30,21:45,2846.2
2024-10-30,22:00,3284.4
2024-10-30,22:15,3332
2024-10-30,22:30,3365.6
2024-10-30,22:45,3353
2024-10-30,23:00,3287.2
2024-10-30,23:15,3204.6
2024-10-30,23:30,3033.8
2024-10-30,23:45,2903.6
2024-10-31,00:00,2699.2
2024-10-31,00:15,2534
2024-10-31,00:30,2367.4
2024-10-31,00:45,2130.8
2024-10-31,01:00,3024
2024-10-31,01:15,3270.4
2024-10-31,01:30,3323.6
2024-10-31,01:45,3337.6
2024-10-31,02:00,3294.2
2024-10-31,02:15,3207.4
2024-10-31,02:30,3091.2
2024-10-31,02:45,2923.2
2024-10-31,03:00,2825.2
2024-10-31,03:15,2641.8
2024-10-31,03:30,2457
2024-10-31,03:45,2237.2
2024-10-31,04:00,2774.8
2024-10-31,04:15,3270.4
2024-10-31,04:30,3271.8
2024-10-31,04:45,3353
2024-10-31,05:00,3309.6
2024-10-31,05:15,3259.2
2024-10-31,05:30,3180.8
2024-10-31,05:45,3026.8
2024-10-31,06:00,2885.4
2024-10-31,06:15,2671.2
2024-10-31,06:30,2504.6
2024-10-31,06:45,2296
2024-10-31,07:00,2699.2
2024-10-31,07:15,2965.2
2024-10-31,07:30,3270.4
2024-10-31,07:45,3679.2
2024-10-31,08:00,3784.2
2024-10-31,08:15,3687.6
2024-10-31,08:30,3210.2
2024-10-31,08:45,3123.4
2024-10-31,09:00,3329.2
2024-10-31,09:15,3308.2
2024-10-31,09:30,4313.4
2024-10-31,09:45,4310.6
2024-10-31,10:00,3249.4
2024-10-31,10:15,3260.6
2024-10-31,10:30,3595.2
2024-10-31,10:45,3539.2
2024-10-31,11:00,3077.2
2024-10-31,11:15,3514
2024-10-31,11:30,3571.4
2024-10-31,11:45,2755.2
2024-10-31,12:00,3362.8
2024-10-31,12:15,3514
2024-10-31,12:30,2401
2024-10-31,12:45,3183.6
2024-10-31,13:00,3747.8
2024-10-31,13:15,3679.2
2024-10-31,13:30,3236.8
2024-10-31,13:45,3658.2
2024-10-31,14:00,3715.6
2024-10-31,14:15,2870
2024-10-31,14:30,3544.8
2024-10-31,14:45,3788.4
2024-10-31,15:00,2847.6
2024-10-31,15:15,3470.6
2024-10-31,15:30,3782.8
2024-10-31,15:45,3641.4
2024-10-31,16:00,3325
2024-10-31,16:15,3726.8
2024-10-31,16:30,3805.2
2024-10-31,16:45,2830.8
2024-10-31,17:00,3512.6
2024-10-31,17:15,3617.6
2024-10-31,17:30,4067
2024-10-31,17:45,4772.6
2024-10-31,18:00,5034.4
2024-10-31,18:15,4786.6
2024-10-31,18:30,3339
2024-10-31,18:45,3154.2
2024-10-31,19:00,2763.6
2024-10-31,19:15,2483.6
2024-10-31,19:30,3159.8
2024-10-31,19:45,3614.8
2024-10-31,20:00,3617.6
2024-10-31,20:15,3717
2024-10-31,20:30,3683.4
2024-10-31,20:45,3613.4
2024-10-31,21:00,3511.2
2024-10-31,21:15,3406.2
2024-10-31,21:30,3866.8
2024-10-31,21:45,3718.4
2024-10-31,22:00,3574.2
2024-10-31,22:15,3395
2024-10-31,22:30,3113.6
2024-10-31,22:45,3788.4
2024-10-31,23:00,4195.8
2024-10-31,23:15,4219.6
2024-10-31,23:30,4285.4
2024-10-31,23:45,4288.2
2024-11-01,00:00,4153.8
2024-11-01,00:15,4083.8
2024-11-01,00:30,3934
2024-11-01,00:45,3847.2
2024-11-01,01:00,3633
2024-11-01,01:15,3507
2024-11-01,01:30,3353
2024-11-01,01:45,3024
2024-11-01,02:00,3718.4
2024-11-01,02:15,4149.6
2024-11-01,02:30,4201.4
2024-11-01,02:45,4250.4
2024-11-01,03:00,4253.2
2024-11-01,03:15,4162.2
2024-11-01,03:30,4043.2
2024-11-01,03:45,3957.8
2024-11-01,04:00,3847.2
2024-11-01,04:15,3610.6
2024-11-01,04:30,3507
2024-11-01,04:45,3304
2024-11-01,05:00,3021.2
2024-11-01,05:15,3691.8
2024-11-01,05:30,4082.4
2024-11-01,05:45,4128.6
2024-11-01,06:00,4242
2024-11-01,06:15,4211.2
2024-11-01,06:30,3592.4
2024-11-01,06:45,3536.4
2024-11-01,07:00,3411.8
2024-11-01,07:15,3259.2
2024-11-01,07:30,3122
2024-11-01,07:45,2948.4
2024-11-01,08:00,2844.8
2024-11-01,08:15,2597
2024-11-01,08:30,3234
2024-11-01,08:45,3707.2
2024-11-01,09:00,3739.4
2024-11-01,09:15,5402.6
2024-11-01,09:30,2396.8
2024-11-01,09:45,3136
2024-11-01,10:00,4146.8
2024-11-01,10:15,4247.6
2024-11-01,10:30,3004.4
2024-11-01,10:45,3053.4
2024-11-01,11:00,2844.8
2024-11-01,11:15,2485
2024-11-01,11:30,2244.2
2024-11-01,11:45,2283.4
2024-11-01,12:00,3186.4
2024-11-01,12:15,3462.2
2024-11-01,12:30,3414.6
2024-11-01,12:45,3556
2024-11-01,13:00,3383.8
2024-11-01,13:15,3388
2024-11-01,13:30,3196.2
2024-11-01,13:45,3444
2024-11-01,14:00,3302.6
2024-11-01,14:15,3124.8
2024-11-01,14:30,3017
2024-11-01,14:45,2802.8
2024-11-01,15:00,3077.2
2024-11-01,15:15,3543.4
2024-11-01,15:30,3621.8
2024-11-01,15:45,3669.4
2024-11-01,16:00,3698.8
2024-11-01,16:15,3673.6
2024-11-01,16:30,3563
2024-11-01,16:45,3514
2024-11-01,17:00,3355.8
2024-11-01,17:15,3171
2024-11-01,17:30,2947
2024-11-01,17:45,2451.4
2024-11-01,18:00,2248.4
2024-11-01,18:15,3143
2024-11-01,18:30,3592.4
2024-11-01,18:45,3843
2024-11-01,19:00,3896.2
2024-11-01,19:15,3893.4
2024-11-01,19:30,3879.4
2024-11-01,19:45,4316.2
2024-11-01,20:00,4260.2
2024-11-01,20:15,4109
2024-11-01,20:30,3978.8
2024-11-01,20:45,3799.6
2024-11-01,21:00,3607.8
2024-11-01,21:15,3395
2024-11-01,21:30,3956.4
2024-11-01,21:45,4384.8
2024-11-01,22:00,4438
2024-11-01,22:15,4513.6
2024-11-01,22:30,4499.6
2024-11-01,22:45,4463.2
2024-11-01,23:00,4365.2
2024-11-01,23:15,4292.4
2024-11-01,23:30,4156.6
2024-11-01,23:45,4033.4
2024-11-02,00:00,3903.2
2024-11-02,00:15,3690.4
2024-11-02,00:30,3486
2024-11-02,00:45,3998.4
2024-11-02,01:00,4321.8
2024-11-02,01:15,4306.4
2024-11-02,01:30,4380.6
2024-11-02,01:45,4405.8
2024-11-02,02:00,4326
2024-11-02,02:15,4279.8
2024-11-02,02:30,4151
2024-11-02,02:45,3946.6
2024-11-02,03:00,3735.2
2024-11-02,03:15,3635.8
2024-11-02,03:30,3416
2024-11-02,03:45,3155.6
2024-11-02,04:00,3852.8
2024-11-02,04:15,4256
2024-11-02,04:30,4277
2024-11-02,04:45,4334.4
2024-11-02,05:00,4362.4
2024-11-02,05:15,4246.2
2024-11-02,05:30,4120.2
2024-11-02,05:45,3995.6
2024-11-02,06:00,3864
2024-11-02,06:15,3659.6
2024-11-02,06:30,3147.2
2024-11-02,06:45,2773.4
2024-11-02,07:00,2549.4
2024-11-02,07:15,3234
2024-11-02,07:30,3666.6
2024-11-02,07:45,3784.2
2024-11-02,08:00,3764.6
2024-11-02,08:15,3813.6
2024-11-02,08:30,3672.2
2024-11-02,08:45,3717
2024-11-02,09:00,3556
2024-11-02,09:15,3378.2
2024-11-02,09:30,3234
2024-11-02,09:45,3031
2024-11-02,10:00,2874.2
2024-11-02,10:15,2599.8
2024-11-02,10:30,3242.4
2024-11-02,10:45,3665.2
2024-11-02,11:00,3719.8
2024-11-02,11:15,3754.8
2024-11-02,11:30,3759
2024-11-02,11:45,3666.6
2024-11-02,12:00,3532.2
2024-11-02,12:15,3473.4
2024-11-02,12:30,3315.2
2024-11-02,12:45,3343.2
2024-11-02,13:00,3210.2
2024-11-02,13:15,3039.4
2024-11-02,13:30,2689.4
2024-11-02,13:45,3446.8
2024-11-02,14:00,3826.2
2024-11-02,14:15,3910.2
2024-11-02,14:30,4013.8
2024-11-02,14:45,3960.6
2024-11-02,15:00,3889.2
2024-11-02,15:15,3803.8
2024-11-02,15:30,3670.8
2024-11-02,15:45,3533.6
2024-11-02,16:00,3396.4
2024-11-02,16:15,3213
2024-11-02,16:30,3092.6
2024-11-02,16:45,2576
2024-11-02,17:00,3248
2024-11-02,17:15,3626
2024-11-02,17:30,3654
2024-11-02,17:45,3729.6
2024-11-02,18:00,3662.4
2024-11-02,18:15,3627.4
2024-11-02,18:30,3505.6
2024-11-02,18:45,3397.8
2024-11-02,19:00,3252.2
2024-11-02,19:15,3087
2024-11-02,19:30,2973.6
2024-11-02,19:45,2794.4
2024-11-02,20:00,2854.6
2024-11-02,20:15,3567.2
2024-11-02,20:30,3740.8
2024-11-02,20:45,3760.4
2024-11-02,21:00,3834.6
2024-11-02,21:15,3777.2
2024-11-02,21:30,3689
2024-11-02,21:45,3606.4
2024-11-02,22:00,3467.8
2024-11-02,22:15,3747.8
2024-11-02,22:30,2970.8
2024-11-02,22:45,3589.6
2024-11-02,23:00,3845.8
2024-11-02,23:15,2548
2024-11-02,23:30,3361.4
2024-11-02,23:45,3815
2024-11-03,00:00,3704.4
2024-11-03,00:15,3081.4
2024-11-03,00:30,3725.4
2024-11-03,00:45,3775.8
2024-11-03,01:00,2863
2024-11-03,01:15,3525.2
2024-11-03,01:30,4050.2
2024-11-03,01:45,3425.8
2024-11-03,02:00,3446.8
2024-11-03,02:15,3946.6
2024-11-03,02:30,3959.2
2024-11-03,02:45,3192
2024-11-03,03:00,3813.6
2024-11-03,03:15,4032
2024-11-03,03:30,2807
2024-11-03,03:45,3578.4
2024-11-03,04:00,4032
2024-11-03,04:15,3897.6
2024-11-03,04:30,3330.6
2024-11-03,04:45,3934
2024-11-03,05:00,3991.4
2024-11-03,05:15,3091.2
2024-11-03,05:30,3732.4
2024-11-03,05:45,4030.6
2024-11-03,06:00,3381
2024-11-03,06:15,3466.4
2024-11-03,06:30,3750.6
2024-11-03,06:45,3774.4
2024-11-03,07:00,3028.2
2024-11-03,07:15,3659.6
2024-11-03,07:30,3883.6
2024-11-03,07:45,2808.4
2024-11-03,08:00,3558.8
2024-11-03,08:15,3931.2
2024-11-03,08:30,3589.6
2024-11-03,08:45,3248
2024-11-03,09:00,3768.8
2024-11-03,09:15,3808
2024-11-03,09:30,3003
2024-11-03,09:45,3572.8
2024-11-03,10:00,3878
2024-11-03,10:15,2815.4
2024-11-03,10:30,3318
2024-11-03,10:45,3747.8
2024-11-03,11:00,3705.8
2024-11-03,11:15,2980.6
2024-11-03,11:30,3565.8
2024-11-03,11:45,3780
2024-11-03,12:00,2651.6
2024-11-03,12:15,3381
2024-11-03,12:30,3763.2
2024-11-03,12:45,3511.2
2024-11-03,13:00,3333.4
2024-11-03,13:15,3887.8
2024-11-03,13:30,3879.4
2024-11-03,13:45,3122
2024-11-03,14:00,3732.4
2024-11-03,14:15,3908.8
2024-11-03,14:30,4029.2
2024-11-03,14:45,3966.2
2024-11-03,15:00,3950.8
2024-11-03,15:15,3801
2024-11-03,15:30,3714.2
2024-11-03,15:45,3561.6
2024-11-03,16:00,3389.4
2024-11-03,16:15,3260.6
2024-11-03,16:30,3032.4
2024-11-03,16:45,2311.4
2024-11-03,17:00,2850.4
2024-11-03,17:15,3263.4
2024-11-03,17:30,3297
2024-11-03,17:45,3358.6
2024-11-03,18:00,3334.8
2024-11-03,18:15,3284.4
2024-11-03,18:30,3206
2024-11-03,18:45,3103.8
2024-11-03,19:00,2933
2024-11-03,19:15,2759.4
2024-11-03,19:30,2612.4
2024-11-03,19:45,2646
2024-11-03,20:00,2336.6
2024-11-03,20:15,3109.4
2024-11-03,20:30,3483.2
2024-11-03,20:45,3533.6
2024-11-03,21:00,3606.4
2024-11-03,21:15,3619
2024-11-03,21:30,3533.6
2024-11-03,21:45,3446.8
2024-11-03,22:00,3686.2
2024-11-03,22:15,3512.6
2024-11-03,22:30,3347.4
2024-11-03,22:45,3173.8
2024-11-03,23:00,2983.4
2024-11-03,23:15,2805.6
2024-11-03,23:30,3515.4
2024-11-03,23:45,3907.4
2024-11-04,00:00,3897.6
2024-11-04,00:15,4013.8
2024-11-04,00:30,3943.8
2024-11-04,00:45,3880.8
2024-11-04,01:00,3761.8
2024-11-04,01:15,3642.8
2024-11-04,01:30,3523.8
2024-11-04,01:45,3332
2024-11-04,02:00,3179.4
2024-11-04,02:15,2987.6
2024-11-04,02:30,2668.4
2024-11-04,02:45,3500
2024-11-04,03:00,3889.2
2024-11-04,03:15,3929.8
2024-11-04,03:30,3981.6
2024-11-04,03:45,3920
2024-11-04,04:00,3866.8
2024-11-04,04:15,3729.6
2024-11-04,04:30,3592.4
2024-11-04,04:45,3470.6
2024-11-04,05:00,3271.8
2024-11-04,05:15,3151.4
2024-11-04,05:30,2987.6
2024-11-04,05:45,2674
2024-11-04,06:00,3539.2
2024-11-04,06:15,3850
2024-11-04,06:30,3890.6
2024-11-04,06:45,3985.8
2024-11-04,07:00,3911.6
2024-11-04,07:15,3830.4
2024-11-04,07:30,3788.4
2024-11-04,07:45,3760.4
2024-11-04,08:00,3571.4
2024-11-04,08:15,3389.4
2024-11-04,08:30,3164
2024-11-04,08:45,2973.6
2024-11-04,09:00,3337.6
2024-11-04,09:15,3808
2024-11-04,09:30,3945.2
2024-11-04,09:45,3987.2
2024-11-04,10:00,4058.6
2024-11-04,10:15,3935.4
2024-11-04,10:30,3859.8
2024-11-04,10:45,3754.8
2024-11-04,11:00,3610.6
2024-11-04,11:15,3434.2
2024-11-04,11:30,3235.4
2024-11-04,11:45,3063.2
2024-11-04,12:00,2875.6
2024-11-04,12:15,3117.8
2024-11-04,12:30,3780
2024-11-04,12:45,3896.2
2024-11-04,13:00,3900.4
2024-11-04,13:15,3934
2024-11-04,13:30,3924.2
2024-11-04,13:45,3911.6
2024-11-04,14:00,3775.8
2024-11-04,14:15,3655.4
2024-11-04,14:30,3512.6
2024-11-04,14:45,3311
2024-11-04,15:00,3158.4
2024-11-04,15:15,2947
2024-11-04,15:30,3381
2024-11-04,15:45,3871
2024-11-04,16:00,3966.2
2024-11-04,16:15,3980.2
2024-11-04,16:30,4008.2
2024-11-04,16:45,3957.8
2024-11-04,17:00,3577
2024-11-04,17:15,3350.2
2024-11-04,17:30,3227
2024-11-04,17:45,3082.8
2024-11-04,18:00,2874.2
2024-11-04,18:15,2753.8
2024-11-04,18:30,2546.6
2024-11-04,18:45,2900.8
2024-11-04,19:00,3414.6
2024-11-04,19:15,3710
2024-11-04,19:30,3820.6
2024-11-04,19:45,3876.6
2024-11-04,20:00,3899
2024-11-04,20:15,3729.6
2024-11-04,20:30,3578.4
2024-11-04,20:45,3544.8
2024-11-04,21:00,3389.4
2024-11-04,21:15,3101
2024-11-04,21:30,2916.2
2024-11-04,21:45,2755.2
2024-11-04,22:00,3207.4
2024-11-04,22:15,3803.8
2024-11-04,22:30,3711.4
2024-11-04,22:45,3789.8
2024-11-04,23:00,3868.2
2024-11-04,23:15,3903.2
2024-11-04,23:30,3805.2
2024-11-04,23:45,3689
2024-11-05,00:00,3574.2
2024-11-05,00:15,3326.4
2024-11-05,00:30,3178
2024-11-05,00:45,3025.4
2024-11-05,01:00,2739.8
2024-11-05,01:15,3073
2024-11-05,01:30,3745
2024-11-05,01:45,3739.4
2024-11-05,02:00,3857
2024-11-05,02:15,3875.2
2024-11-05,02:30,3682
2024-11-05,02:45,3683.4
2024-11-05,03:00,3572.8
2024-11-05,03:15,3346
2024-11-05,03:30,3190.6
2024-11-05,03:45,3033.8
2024-11-05,04:00,2928.8
2024-11-05,04:15,2564.8
2024-11-05,04:30,3193.4
2024-11-05,04:45,3631.6
2024-11-05,05:00,3717
2024-11-05,05:15,3735.2
2024-11-05,05:30,3869.6
2024-11-05,05:45,3708.6
2024-11-05,06:00,3614.8
2024-11-05,06:15,3508.4
2024-11-05,06:30,3334.8
2024-11-05,06:45,3325
2024-11-05,07:00,3120.6
2024-11-05,07:15,2917.6
2024-11-05,07:30,2814
2024-11-05,07:45,3449.6
2024-11-05,08:00,4064.2
2024-11-05,08:15,4100.6
2024-11-05,08:30,4139.8
2024-11-05,08:45,4135.6
2024-11-05,09:00,3987.2
2024-11-05,09:15,3729.6
2024-11-05,09:30,3631.6
2024-11-05,09:45,3529.4
2024-11-05,10:00,3358.6
2024-11-05,10:15,3203.2
2024-11-05,10:30,2949.8
2024-11-05,10:45,2723
2024-11-05,11:00,3323.6
2024-11-05,11:15,3775.8
2024-11-05,11:30,3792.6
2024-11-05,11:45,3803.8
2024-11-05,12:00,3791.2
2024-11-05,12:15,3810.8
2024-11-05,12:30,3626
2024-11-05,12:45,3731
2024-11-05,13:00,3584
2024-11-05,13:15,3309.6
2024-11-05,13:30,3228.4
2024-11-05,13:45,3028.2
2024-11-05,14:00,2879.8
2024-11-05,14:15,3439.8
2024-11-05,14:30,3934
2024-11-05,14:45,3938.2
2024-11-05,15:00,4036.2
2024-11-05,15:15,4032
2024-11-05,15:30,3970.4
2024-11-05,15:45,3904.6
2024-11-05,16:00,3743.6
2024-11-05,16:15,3606.4
2024-11-05,16:30,3294.2
2024-11-05,16:45,3130.4
2024-11-05,17:00,3018.4
2024-11-05,17:15,2462.6
2024-11-05,17:30,3190.6
2024-11-05,17:45,3607.8
2024-11-05,18:00,3735.2
2024-11-05,18:15,3756.2
2024-11-05,18:30,3747.8
2024-11-05,18:45,3703
2024-11-05,19:00,3591
2024-11-05,19:15,3130.4
2024-11-05,19:30,3019.8
2024-11-05,19:45,2874.2
2024-11-05,20:00,2699.2
2024-11-05,20:15,2879.8
2024-11-05,20:30,2556.4
2024-11-05,20:45,3808
2024-11-05,21:00,4237.8
2024-11-05,21:15,4267.2
2024-11-05,21:30,4337.2
2024-11-05,21:45,4286.8
2024-11-05,22:00,4226.6
2024-11-05,22:15,4141.2
2024-11-05,22:30,4041.8
2024-11-05,22:45,3873.8
2024-11-05,23:00,3634.4
2024-11-05,23:15,3486
2024-11-05,23:30,3332
2024-11-05,23:45,2969.4
2024-11-06,00:00,3777.2
2024-11-06,00:15,4222.4
2024-11-06,00:30,4225.2
2024-11-06,00:45,4307.8
2024-11-06,01:00,4193
2024-11-06,01:15,4099.2
2024-11-06,01:30,4015.2
2024-11-06,01:45,3925.6
2024-11-06,02:00,3735.2
2024-11-06,02:15,3572.8
2024-11-06,02:30,3417.4
2024-11-06,02:45,3241
2024-11-06,03:00,2961
2024-11-06,03:15,3792.6
2024-11-06,03:30,4201.4
2024-11-06,03:45,4170.6
2024-11-06,04:00,3738
2024-11-06,04:15,3677.8
2024-11-06,04:30,3542
2024-11-06,04:45,3491.6
2024-11-06,05:00,3378.2
2024-11-06,05:15,3189.2
2024-11-06,05:30,3021.2
2024-11-06,05:45,2830.8
2024-11-06,06:00,2613.8
2024-11-06,06:15,2476.6
2024-11-06,06:30,3220
2024-11-06,06:45,3661
2024-11-06,07:00,3724
2024-11-06,07:15,3746.4
2024-11-06,07:30,3774.4
2024-11-06,07:45,3824.8
2024-11-06,08:00,3747.8
2024-11-06,08:15,3789.8
2024-11-06,08:30,3631.6
2024-11-06,08:45,3403.4
2024-11-06,09:00,3203.2
2024-11-06,09:15,3031
2024-11-06,09:30,3343.2
2024-11-06,09:45,3913
2024-11-06,10:00,3971.8
2024-11-06,10:15,4034.8
2024-11-06,10:30,4086.6
2024-11-06,10:45,4004
2024-11-06,11:00,3920
2024-11-06,11:15,3784.2
2024-11-06,11:30,3637.2
2024-11-06,11:45,3449.6
2024-11-06,12:00,3294.2
2024-11-06,12:15,3127.6
2024-11-06,12:30,2877
2024-11-06,12:45,3354.4
2024-11-06,13:00,3837.4
2024-11-06,13:15,3956.4
2024-11-06,13:30,4032
2024-11-06,13:45,3970.4
2024-11-06,14:00,3934
2024-11-06,14:15,3761.8
2024-11-06,14:30,3700.2
2024-11-06,14:45,3528
2024-11-06,15:00,3413.2
2024-11-06,15:15,3329.2
2024-11-06,15:30,3105.2
2024-11-06,15:45,2878.4
2024-11-06,16:00,3399.2
2024-11-06,16:15,3683.4
2024-11-06,16:30,3693.2
2024-11-06,16:45,3801
2024-11-06,17:00,3801
2024-11-06,17:15,3753.4
2024-11-06,17:30,3612
2024-11-06,17:45,3497.2
2024-11-06,18:00,3318
2024-11-06,18:15,3126.2
2024-11-06,18:30,3028.2
2024-11-06,18:45,2877
2024-11-06,19:00,2634.8
2024-11-06,19:15,3186.4
2024-11-06,19:30,3696
2024-11-06,19:45,3754.8
2024-11-06,20:00,4432.4
2024-11-06,20:15,4446.4
2024-11-06,20:30,4382
2024-11-06,20:45,4302.2
2024-11-06,21:00,4165
2024-11-06,21:15,3994.2
2024-11-06,21:30,3868.2
2024-11-06,21:45,3673.6
2024-11-06,22:00,3495.8
2024-11-06,22:15,3173.8
2024-11-06,22:30,3894.8
2024-11-06,22:45,4314.8
2024-11-06,23:00,4368
2024-11-06,23:15,4396
2024-11-06,23:30,4398.8
2024-11-06,23:45,4326
2024-11-07,00:00,4250.4
2024-11-07,00:15,4152.4
2024-11-07,00:30,3967.6
2024-11-07,00:45,3820.6
2024-11-07,01:00,3665.2
2024-11-07,01:15,3435.6
2024-11-07,01:30,3175.2
2024-11-07,01:45,3799.6
2024-11-07,02:00,4272.8
2024-11-07,02:15,4296.6
2024-11-07,02:30,4342.8
2024-11-07,02:45,4355.4
2024-11-07,03:00,4292.4
2024-11-07,03:15,4207
2024-11-07,03:30,4071.2
2024-11-07,03:45,3939.6
2024-11-07,04:00,3733.8
2024-11-07,04:15,3561.6
2024-11-07,04:30,3379.6
2024-11-07,04:45,3064.6
2024-11-07,05:00,3809.4
2024-11-07,05:15,4214
2024-11-07,05:30,4239.2
2024-11-07,05:45,3704.4
2024-11-07,06:00,3735.2
2024-11-07,06:15,3640
2024-11-07,06:30,3542
2024-11-07,06:45,3435.6
2024-11-07,07:00,3318
2024-11-07,07:15,3155.6
2024-11-07,07:30,3015.6
2024-11-07,07:45,2795.8
2024-11-07,08:00,2518.6
2024-11-07,08:15,3294.2
2024-11-07,08:30,3759
2024-11-07,08:45,3745
2024-11-07,09:00,3822
2024-11-07,09:15,3789.8
2024-11-07,09:30,3670.8
2024-11-07,09:45,5138
2024-11-07,10:00,5082
2024-11-07,10:15,3236.8
2024-11-07,10:30,3662.4
2024-11-07,10:45,3687.6
2024-11-07,11:00,2805.6
2024-11-07,11:15,3500
2024-11-07,11:30,3700.2
2024-11-07,11:45,2532.6
2024-11-07,12:00,3332
2024-11-07,12:15,3669.4
2024-11-07,12:30,3600.8
2024-11-07,12:45,3138.8
2024-11-07,13:00,3561.6
2024-11-07,13:15,3649.8
2024-11-07,13:30,2763.6
2024-11-07,13:45,3542
2024-11-07,14:00,3773
2024-11-07,14:15,4590.6
2024-11-07,14:30,4985.4
2024-11-07,14:45,5296.2
2024-11-07,15:00,3942.4
2024-11-07,15:15,3621.8
2024-11-07,15:30,3655.4
2024-11-07,15:45,3396.4
2024-11-07,16:00,3241
2024-11-07,16:15,3103.8
2024-11-07,16:30,2903.6
2024-11-07,16:45,2682.4
2024-11-07,17:00,3131.8
2024-11-07,17:15,3613.4
2024-11-07,17:30,3637.2
2024-11-07,17:45,3348.8
2024-11-07,18:00,3372.6
2024-11-07,18:15,3322.2
2024-11-07,18:30,3221.4
2024-11-07,18:45,3130.4
2024-11-07,19:00,3395
2024-11-07,19:15,3260.6
2024-11-07,19:30,3123.4
2024-11-07,19:45,2973.6
2024-11-07,20:00,2793
2024-11-07,20:15,3158.4
2024-11-07,20:30,3694.6
2024-11-07,20:45,3738
2024-11-07,21:00,3768.8
2024-11-07,21:15,3831.8
2024-11-07,21:30,3829
2024-11-07,21:45,3677.8
2024-11-07,22:00,3582.6
2024-11-07,22:15,3465
2024-11-07,22:30,3257.8
2024-11-07,22:45,3106.6
2024-11-07,23:00,2919
2024-11-07,23:15,2703.4
2024-11-07,23:30,3152.8
2024-11-07,23:45,3722.6
2024-11-08,00:00,3745
2024-11-08,00:15,3746.4
2024-11-08,00:30,3838.8
2024-11-08,00:45,3712.8
2024-11-08,01:00,3638.6
2024-11-08,01:15,3530.8
2024-11-08,01:30,3334.8
2024-11-08,01:45,3197.6
2024-11-08,02:00,2998.8
2024-11-08,02:15,2781.8
2024-11-08,02:30,2580.2
2024-11-08,02:45,3126.2
2024-11-08,03:00,3617.6
2024-11-08,03:15,3655.4
2024-11-08,03:30,3662.4
2024-11-08,03:45,3735.2
2024-11-08,04:00,3610.6
2024-11-08,04:15,3529.4
2024-11-08,04:30,3431.4
2024-11-08,04:45,3264.8
2024-11-08,05:00,3171
2024-11-08,05:15,2930.2
2024-11-08,05:30,2774.8
2024-11-08,05:45,2545.2
2024-11-08,06:00,3154.2
2024-11-08,06:15,3613.4
2024-11-08,06:30,3599.4
2024-11-08,06:45,3756.2
2024-11-08,07:00,3736.6
2024-11-08,07:15,3698.8
2024-11-08,07:30,3700.2
2024-11-08,07:45,3585.4
2024-11-08,08:00,3469.2
2024-11-08,08:15,3250.8
2024-11-08,08:30,3021.2
2024-11-08,08:45,2856
2024-11-08,09:00,2563.4
2024-11-08,09:15,3227
2024-11-08,09:30,3711.4
2024-11-08,09:45,3669.4
2024-11-08,10:00,3794
2024-11-08,10:15,3721.2
2024-11-08,10:30,3673.6
2024-11-08,10:45,3592.4
2024-11-08,11:00,3494.4
2024-11-08,11:15,3290
2024-11-08,11:30,3117.8
2024-11-08,11:45,2926
2024-11-08,12:00,2745.4
2024-11-08,12:15,2429
2024-11-08,12:30,3036.6
2024-11-08,12:45,3530.8
2024-11-08,13:00,3564.4
2024-11-08,13:15,3600.8
2024-11-08,13:30,3634.4
2024-11-08,13:45,3564.4
2024-11-08,14:00,3455.2
2024-11-08,14:15,3323.6
2024-11-08,14:30,3182.2
2024-11-08,14:45,3033.8
2024-11-08,15:00,2886.8
2024-11-08,15:15,2732.8
2024-11-08,15:30,2494.8
2024-11-08,15:45,3141.6
2024-11-08,16:00,3606.4
2024-11-08,16:15,3634.4
2024-11-08,16:30,3700.2
2024-11-08,16:45,3703
2024-11-08,17:00,3637.2
2024-11-08,17:15,3498.6
2024-11-08,17:30,3421.6
2024-11-08,17:45,3172.4
2024-11-08,18:00,3000.2
2024-11-08,18:15,2914.8
2024-11-08,18:30,2738.4
2024-11-08,18:45,2468.2
2024-11-08,19:00,3273.2
2024-11-08,19:15,3649.8
2024-11-08,19:30,3729.6
2024-11-08,19:45,3760.4
2024-11-08,20:00,4370.8
2024-11-08,20:15,4240.6
2024-11-08,20:30,4160.8
2024-11-08,20:45,4039
2024-11-08,21:00,3873.8
2024-11-08,21:15,3694.6
2024-11-08,21:30,3553.2
2024-11-08,21:45,3337.6
2024-11-08,22:00,3026.8
2024-11-08,22:15,3803.8
2024-11-08,22:30,4214
2024-11-08,22:45,4254.6
2024-11-08,23:00,4310.6
2024-11-08,23:15,4247.6
2024-11-08,23:30,4191.6
2024-11-08,23:45,4141.2
2024-11-09,00:00,4006.8
2024-11-09,00:15,3834.6
2024-11-09,00:30,3642.8
2024-11-09,00:45,3514
2024-11-09,01:00,3292.8
2024-11-09,01:15,2972.2
2024-11-09,01:30,3749.2
2024-11-09,01:45,4159.4
2024-11-09,02:00,4201.4
2024-11-09,02:15,4246.2
2024-11-09,02:30,4230.8
2024-11-09,02:45,4151
2024-11-09,03:00,4041.8
2024-11-09,03:15,3927
2024-11-09,03:30,3764.6
2024-11-09,03:45,3627.4
2024-11-09,04:00,3451
2024-11-09,04:15,3271.8
2024-11-09,04:30,2941.4
2024-11-09,04:45,3742.2
2024-11-09,05:00,4184.6
2024-11-09,05:15,4214
2024-11-09,05:30,3728.2
2024-11-09,05:45,3700.2
2024-11-09,06:00,3599.4
2024-11-09,06:15,3458
2024-11-09,06:30,3354.4
2024-11-09,06:45,3206
2024-11-09,07:00,3010
2024-11-09,07:15,2851.8
2024-11-09,07:30,2818.2
2024-11-09,07:45,3015.6
2024-11-09,08:00,3339
2024-11-09,08:15,3904.6
2024-11-09,08:30,4033.4
2024-11-09,08:45,4053
2024-11-09,09:00,3974.6
2024-11-09,09:15,3928.4
2024-11-09,09:30,3855.6
2024-11-09,09:45,3698.8
2024-11-09,10:00,3560.2
2024-11-09,10:15,3399.2
2024-11-09,10:30,3218.6
2024-11-09,10:45,2962.4
2024-11-09,11:00,3364.2
2024-11-09,11:15,3875.2
2024-11-09,11:30,4029.2
2024-11-09,11:45,4083.8
2024-11-09,12:00,4111.8
2024-11-09,12:15,4104.8
2024-11-09,12:30,4004
2024-11-09,12:45,3925.6
2024-11-09,13:00,3794
2024-11-09,13:15,3642.8
2024-11-09,13:30,3465
2024-11-09,13:45,3287.2
2024-11-09,14:00,3099.6
2024-11-09,14:15,3325
2024-11-09,14:30,3976
2024-11-09,14:45,4020.8
2024-11-09,15:00,4067
2024-11-09,15:15,4132.8
2024-11-09,15:30,4027.8
2024-11-09,15:45,4006.8
2024-11-09,16:00,3955
2024-11-09,16:15,3750.6
2024-11-09,16:30,3634.4
2024-11-09,16:45,3438.4
2024-11-09,17:00,3130.4
2024-11-09,17:15,2928.8
2024-11-09,17:30,2902.2
2024-11-09,17:45,3409
2024-11-09,18:00,3505.6
2024-11-09,18:15,3563
2024-11-09,18:30,3619
2024-11-09,18:45,4064.2
2024-11-09,19:00,3826.2
2024-11-09,19:15,3766
2024-11-09,19:30,3631.6
2024-11-09,19:45,3472
2024-11-09,20:00,3292.8
2024-11-09,20:15,3189.2
2024-11-09,20:30,2982
2024-11-09,20:45,3319.4
2024-11-09,21:00,3869.6
2024-11-09,21:15,3925.6
2024-11-09,21:30,3985.8
2024-11-09,21:45,3967.6
2024-11-09,22:00,3957.8
2024-11-09,22:15,3917.2
2024-11-09,22:30,3789.8
2024-11-09,22:45,3655.4
2024-11-09,23:00,3514
2024-11-09,23:15,3326.4
2024-11-09,23:30,3138.8
2024-11-09,23:45,2875.6
2024-11-10,00:00,3388
2024-11-10,00:15,3862.6
2024-11-10,00:30,3904.6
2024-11-10,00:45,3967.6
2024-11-10,01:00,4006.8
2024-11-10,01:15,3915.8
2024-11-10,01:30,3837.4
2024-11-10,01:45,3756.2
2024-11-10,02:00,3554.6
2024-11-10,02:15,3379.6
2024-11-10,02:30,3227
2024-11-10,02:45,2994.6
2024-11-10,03:00,2783.2
2024-11-10,03:15,3399.2
2024-11-10,03:30,3838.8
2024-11-10,03:45,3903.2
2024-11-10,04:00,3934
2024-11-10,04:15,3942.4
2024-11-10,04:30,3868.2
2024-11-10,04:45,3824.8
2024-11-10,05:00,3652.6
2024-11-10,05:15,3525.2
2024-11-10,05:30,3332
2024-11-10,05:45,3197.6
2024-11-10,06:00,3050.6
2024-11-10,06:15,2828
2024-11-10,06:30,3381
2024-11-10,06:45,3878
2024-11-10,07:00,3913
2024-11-10,07:15,3946.6
2024-11-10,07:30,4027.8
2024-11-10,07:45,3929.8
2024-11-10,08:00,3899
2024-11-10,08:15,3771.6
2024-11-10,08:30,3655.4
2024-11-10,08:45,3451
2024-11-10,09:00,3077.2
2024-11-10,09:15,2902.2
2024-11-10,09:30,2675.4
2024-11-10,09:45,3238.2
2024-11-10,10:00,3640
2024-11-10,10:15,3701.6
2024-11-10,10:30,3693.2
2024-11-10,10:45,3722.6
2024-11-10,11:00,3648.4
2024-11-10,11:15,3579.8
2024-11-10,11:30,3444
2024-11-10,11:45,3262
2024-11-10,12:00,3113.6
2024-11-10,12:15,3171
2024-11-10,12:30,2989
2024-11-10,12:45,2745.4
2024-11-10,13:00,3353
2024-11-10,13:15,3768.8
2024-11-10,13:30,3838.8
2024-11-10,13:45,3963.4
2024-11-10,14:00,3914.4
2024-11-10,14:15,3817.8
2024-11-10,14:30,3740.8
2024-11-10,14:45,3572.8
2024-11-10,15:00,3491.6
2024-11-10,15:15,3375.4
2024-11-10,15:30,3127.6
2024-11-10,15:45,2993.2
2024-11-10,16:00,2737
2024-11-10,16:15,3404.8
2024-11-10,16:30,3836
2024-11-10,16:45,3680.6
2024-11-10,17:00,3704.4
2024-11-10,17:15,3659.6
2024-11-10,17:30,3605
2024-11-10,17:45,3509.8
2024-11-10,18:00,3823.4
2024-11-10,18:15,3385.2
2024-11-10,18:30,3283
2024-11-10,18:45,3115
2024-11-10,19:00,2965.2
2024-11-10,19:15,2854.6
2024-11-10,19:30,3588.2
2024-11-10,19:45,3921.4
2024-11-10,20:00,3994.2
2024-11-10,20:15,4037.6
2024-11-10,20:30,3934
2024-11-10,20:45,3955
2024-11-10,21:00,4279.8
2024-11-10,21:15,4172
2024-11-10,21:30,4032
2024-11-10,21:45,3875.2
2024-11-10,22:00,3697.4
2024-11-10,22:15,3491.6
2024-11-10,22:30,3617.6
2024-11-10,22:45,4236.4
2024-11-10,23:00,4361
2024-11-10,23:15,4417
2024-11-10,23:30,4531.8
2024-11-10,23:45,4443.6
2024-11-11,00:00,4370.8
2024-11-11,00:15,4278.4
2024-11-11,00:30,4167.8
2024-11-11,00:45,4086.6
2024-11-11,01:00,3287.2
2024-11-11,01:15,3148.6
2024-11-11,01:30,2910.6
2024-11-11,01:45,3614.8
2024-11-11,02:00,4272.8
2024-11-11,02:15,4447.8
2024-11-11,02:30,3901.8
2024-11-11,02:45,3980.2
2024-11-11,03:00,3952.2
2024-11-11,03:15,3817.8
2024-11-11,03:30,3754.8
2024-11-11,03:45,3543.4
2024-11-11,04:00,3395
2024-11-11,04:15,3176.6
2024-11-11,04:30,3043.6
2024-11-11,04:45,2787.4
2024-11-11,05:00,2948.4
2024-11-11,05:15,3676.4
2024-11-11,05:30,3873.8
2024-11-11,05:45,3899
2024-11-11,06:00,4013.8
2024-11-11,06:15,3913
2024-11-11,06:30,3812.2
2024-11-11,06:45,3729.6
2024-11-11,07:00,3507
2024-11-11,07:15,3470.6
2024-11-11,07:30,3332
2024-11-11,07:45,3137.4
2024-11-11,08:00,2927.4
2024-11-11,08:15,3459.4
2024-11-11,08:30,4019.4
2024-11-11,08:45,4015.2
2024-11-11,09:00,3371.2
2024-11-11,09:15,3393.6
2024-11-11,09:30,3316.6
2024-11-11,09:45,3264.8
2024-11-11,10:00,3110.8
2024-11-11,10:15,2968
2024-11-11,10:30,2830.8
2024-11-11,10:45,2682.4
2024-11-11,11:00,2485
2024-11-11,11:15,2207.8
2024-11-11,11:30,2721.6
2024-11-11,11:45,3193.4
2024-11-11,12:00,3208.8
2024-11-11,12:15,3266.2
2024-11-11,12:30,3288.6
2024-11-11,12:45,3262
2024-11-11,13:00,3281.6
2024-11-11,13:15,3071.6
2024-11-11,13:30,2972.2
2024-11-11,13:45,2759.4
2024-11-11,14:00,2597
2024-11-11,14:15,2412.2
2024-11-11,14:30,2186.8
2024-11-11,14:45,2762.2
2024-11-11,15:00,3388
2024-11-11,15:15,3382.4
2024-11-11,15:30,3427.2
2024-11-11,15:45,3452.4
2024-11-11,16:00,3421.6
2024-11-11,16:15,3346
2024-11-11,16:30,3270.4
2024-11-11,16:45,3064.6
2024-11-11,17:00,2895.2
2024-11-11,17:15,2717.4
2024-11-11,17:30,2529.8
2024-11-11,17:45,2244.2
2024-11-11,18:00,2895.2
2024-11-11,18:15,3304
2024-11-11,18:30,3343.2
2024-11-11,18:45,3456.6
2024-11-11,19:00,3481.8
2024-11-11,19:15,3752
2024-11-11,19:30,3707.2
2024-11-11,19:45,3610.6
2024-11-11,20:00,3453.8
2024-11-11,20:15,3242.4
2024-11-11,20:30,3082.8
2024-11-11,20:45,2914.8
2024-11-11,21:00,2728.6
2024-11-11,21:15,3361.4
2024-11-11,21:30,3805.2
2024-11-11,21:45,3816.4
2024-11-11,22:00,3885
2024-11-11,22:15,3840.2
2024-11-11,22:30,3768.8
2024-11-11,22:45,3676.4
2024-11-11,23:00,3518.2
2024-11-11,23:15,3353
2024-11-11,23:30,3152.8
2024-11-11,23:45,2966.6
2024-11-12,00:00,2826.6
2024-11-12,00:15,2681
2024-11-12,00:30,3411.8
2024-11-12,00:45,3701.6
2024-11-12,01:00,3785.6
2024-11-12,01:15,3813.6
2024-11-12,01:30,3774.4
2024-11-12,01:45,3711.4
2024-11-12,02:00,3607.8
2024-11-12,02:15,3494.4
2024-11-12,02:30,3332
2024-11-12,02:45,3150
2024-11-12,03:00,3001.6
2024-11-12,03:15,2807
2024-11-12,03:30,2675.4
2024-11-12,03:45,3439.8
2024-11-12,04:00,3747.8
2024-11-12,04:15,3781.4
2024-11-12,04:30,3813.6
2024-11-12,04:45,3736.6
2024-11-12,05:00,3680.6
2024-11-12,05:15,3582.6
2024-11-12,05:30,3491.6
2024-11-12,05:45,3334.8
2024-11-12,06:00,3144.4
2024-11-12,06:15,2928.8
2024-11-12,06:30,2773.4
2024-11-12,06:45,3032.4
2024-11-12,07:00,3599.4
2024-11-12,07:15,3738
2024-11-12,07:30,3784.2
2024-11-12,07:45,3829
2024-11-12,08:00,3752
2024-11-12,08:15,3886.4
2024-11-12,08:30,3672.2
2024-11-12,08:45,3476.2
2024-11-12,09:00,3290
2024-11-12,09:15,3103.8
2024-11-12,09:30,4349.8
2024-11-12,09:45,3745
2024-11-12,10:00,4300.8
2024-11-12,10:15,5016.2
2024-11-12,10:30,4237.8
2024-11-12,10:45,5080.6
2024-11-12,11:00,5345.2
2024-11-12,11:15,4755.8
2024-11-12,11:30,4751.6
2024-11-12,11:45,3630.2
2024-11-12,12:00,3767.4
2024-11-12,12:15,2947
2024-11-12,12:30,3453.8
2024-11-12,12:45,3872.4
2024-11-12,13:00,2773.4
2024-11-12,13:15,3610.6
2024-11-12,13:30,3858.4
2024-11-12,13:45,3178
2024-11-12,14:00,3355.8
2024-11-12,14:15,3677.8
2024-11-12,14:30,3826.2
2024-11-12,14:45,3224.2
2024-11-12,15:00,3714.2
2024-11-12,15:15,3865.4
2024-11-12,15:30,2895.2
2024-11-12,15:45,3670.8
2024-11-12,16:00,3943.8
2024-11-12,16:15,3435.6
2024-11-12,16:30,3549
2024-11-12,16:45,3907.4
2024-11-12,17:00,3669.4
2024-11-12,17:15,3122
2024-11-12,17:30,3572.8
2024-11-12,17:45,3631.6
2024-11-12,18:00,2777.6
2024-11-12,18:15,3515.4
2024-11-12,18:30,3690.4
2024-11-12,18:45,3154.2
2024-11-12,19:00,3365.6
2024-11-12,19:15,3715.6
2024-11-12,19:30,3698.8
2024-11-12,19:45,3157
2024-11-12,20:00,3613.4
2024-11-12,20:15,3707.2
2024-11-12,20:30,2802.8
2024-11-12,20:45,3495.8
2024-11-12,21:00,3784.2
2024-11-12,21:15,3270.4
2024-11-12,21:30,3354.4
2024-11-12,21:45,3717
2024-11-12,22:00,3627.4
2024-11-12,22:15,3185
2024-11-12,22:30,3596.6
2024-11-12,22:45,3665.2
2024-11-12,23:00,2795.8
2024-11-12,23:15,3493
2024-11-12,23:30,3704.4
2024-11-12,23:45,3189.2
2024-11-13,00:00,3333.4
2024-11-13,00:15,3683.4
2024-11-13,00:30,3630.2
2024-11-13,00:45,3157
2024-11-13,01:00,3605
2024-11-13,01:15,3669.4
2024-11-13,01:30,2730
2024-11-13,01:45,3451
2024-11-13,02:00,3701.6
2024-11-13,02:15,3035.2
2024-11-13,02:30,3327.8
2024-11-13,02:45,3679.2
2024-11-13,03:00,3640
2024-11-13,03:15,3172.4
2024-11-13,03:30,3570
2024-11-13,03:45,3654
2024-11-13,04:00,2773.4
2024-11-13,04:15,3445.4
2024-11-13,04:30,3686.2
2024-11-13,04:45,3119.2
2024-11-13,05:00,3344.6
2024-11-13,05:15,3673.6
2024-11-13,05:30,3575.6
2024-11-13,05:45,3137.4
2024-11-13,06:00,3603.6
2024-11-13,06:15,3661
2024-11-13,06:30,2833.6
2024-11-13,06:45,3515.4
2024-11-13,07:00,3729.6
2024-11-13,07:15,2682.4
2024-11-13,07:30,3410.4
2024-11-13,07:45,3890.6
2024-11-13,08:00,3816.4
2024-11-13,08:15,3390.8
2024-11-13,08:30,3767.4
2024-11-13,08:45,3787
2024-11-13,09:00,2984.8
2024-11-13,09:15,3617.6
2024-11-13,09:30,3829
2024-11-13,09:45,3091.2
2024-11-13,10:00,3544.8
2024-11-13,10:15,3976
2024-11-13,10:30,3834.6
2024-11-13,10:45,3493
2024-11-13,11:00,3859.8
2024-11-13,11:15,3886.4
2024-11-13,11:30,2980.6
2024-11-13,11:45,3742.2
2024-11-13,12:00,3904.6
2024-11-13,12:15,2822.4
2024-11-13,12:30,3605
2024-11-13,12:45,4110.4
2024-11-13,13:00,3976
2024-11-13,13:15,3553.2
2024-11-13,13:30,4026.4
2024-11-13,13:45,4050.2
2024-11-13,14:00,3232.6
2024-11-13,14:15,3906
2024-11-13,14:30,4074
2024-11-13,14:45,2828
2024-11-13,15:00,3620.4
2024-11-13,15:15,3917.2
2024-11-13,15:30,3756.2
2024-11-13,15:45,3465
2024-11-13,16:00,3883.6
2024-11-13,16:15,3928.4
2024-11-13,16:30,3073
2024-11-13,16:45,3764.6
2024-11-13,17:00,3725.4
2024-11-13,17:15,2583
2024-11-13,17:30,3413.2
2024-11-13,17:45,3396.4
2024-11-13,18:00,3263.4
2024-11-13,18:15,2921.8
2024-11-13,18:30,3299.8
2024-11-13,18:45,3291.4
2024-11-13,19:00,2619.4
2024-11-13,19:15,3536.4
2024-11-13,19:30,3701.6
2024-11-13,19:45,3192
2024-11-13,20:00,4015.2
2024-11-13,20:15,4312
2024-11-13,20:30,4025
2024-11-13,20:45,3866.8
2024-11-13,21:00,4219.6
2024-11-13,21:15,4253.2
2024-11-13,21:30,3558.8
2024-11-13,21:45,4153.8
2024-11-13,22:00,4295.2
2024-11-13,22:15,3273.2
2024-11-13,22:30,4111.8
2024-11-13,22:45,4362.4
2024-11-13,23:00,3913
2024-11-13,23:15,3998.4
2024-11-13,23:30,4362.4
2024-11-13,23:45,4298
2024-11-14,00:00,3683.4
2024-11-14,00:15,4226.6
2024-11-14,00:30,4263
2024-11-14,00:45,3211.6
2024-11-14,01:00,4023.6
2024-11-14,01:15,4250.4
2024-11-14,01:30,3819.2
2024-11-14,01:45,3850
2024-11-14,02:00,4208.4
2024-11-14,02:15,4275.6
2024-11-14,02:30,3739.4
2024-11-14,02:45,4211.2
2024-11-14,03:00,4289.6
2024-11-14,03:15,3318
2024-11-14,03:30,4040.4
2024-11-14,03:45,4282.6
2024-11-14,04:00,3754.8
2024-11-14,04:15,3837.4
2024-11-14,04:30,4253.2
2024-11-14,04:45,4239.2
2024-11-14,05:00,3736.6
2024-11-14,05:15,4191.6
2024-11-14,05:30,4233.6
2024-11-14,05:45,3253.6
2024-11-14,06:00,3952.2
2024-11-14,06:15,4226.6
2024-11-14,06:30,3018.4
2024-11-14,06:45,3375.4
2024-11-14,07:00,3738
2024-11-14,07:15,3687.6
2024-11-14,07:30,3245.2
2024-11-14,07:45,3669.4
2024-11-14,08:00,3672.2
2024-11-14,08:15,2994.6
2024-11-14,08:30,3526.6
2024-11-14,08:45,3729.6
2024-11-14,09:00,3197.6
2024-11-14,09:15,3397.8
2024-11-14,09:30,3687.6
2024-11-14,09:45,3691.8
2024-11-14,10:00,3227
2024-11-14,10:15,3616.2
2024-11-14,10:30,3645.6
2024-11-14,10:45,2835
2024-11-14,11:00,3480.4
2024-11-14,11:15,3669.4
2024-11-14,11:30,2632
2024-11-14,11:45,3329.2
2024-11-14,12:00,3624.6
2024-11-14,12:15,3621.8
2024-11-14,12:30,3207.4
2024-11-14,12:45,3815
2024-11-14,13:00,3865.4
2024-11-14,13:15,3091.2
2024-11-14,13:30,3770.2
2024-11-14,13:45,3915.8
2024-11-14,14:00,2877
2024-11-14,14:15,3637.2
2024-11-14,14:30,3960.6
2024-11-14,14:45,3668
2024-11-14,15:00,3501.4
2024-11-14,15:15,3880.8
2024-11-14,15:30,3880.8
2024-11-14,15:45,3189.2
2024-11-14,16:00,3743.6
2024-11-14,16:15,3935.4
2024-11-14,16:30,2773.4
2024-11-14,16:45,3635.8
2024-11-14,17:00,3770.2
2024-11-14,17:15,3397.8
2024-11-14,17:30,3185
2024-11-14,17:45,3626
2024-11-14,18:00,3654
2024-11-14,18:15,2913.4
2024-11-14,18:30,3528
2024-11-14,18:45,3697.4
2024-11-14,19:00,2651.6
2024-11-14,19:15,3458
2024-11-14,19:30,3750.6
2024-11-14,19:45,3316.6
2024-11-14,20:00,3334.8
2024-11-14,20:15,3691.8
2024-11-14,20:30,3712.8
2024-11-14,20:45,3050.6
2024-11-14,21:00,3589.6
2024-11-14,21:15,3707.2
2024-11-14,21:30,2651.6
2024-11-14,21:45,3472
2024-11-14,22:00,3792.6
2024-11-14,22:15,3390.8
2024-11-14,22:30,3301.2
2024-11-14,22:45,3645.6
2024-11-14,23:00,3682
2024-11-14,23:15,3096.8
2024-11-14,23:30,3593.8
2024-11-14,23:45,3711.4
2024-11-15,00:00,2658.6
2024-11-15,00:15,3463.6
2024-11-15,00:30,3732.4
2024-11-15,00:45,3294.2
2024-11-15,01:00,3325
2024-11-15,01:15,3693.2
2024-11-15,01:30,3687.6
2024-11-15,01:45,3019.8
2024-11-15,02:00,3574.2
2024-11-15,02:15,3705.8
2024-11-15,02:30,2658.6
2024-11-15,02:45,3466.4
2024-11-15,03:00,3761.8
2024-11-15,03:15,3280.2
2024-11-15,03:30,3378.2
2024-11-15,03:45,3719.8
2024-11-15,04:00,3686.2
2024-11-15,04:15,3106.6
2024-11-15,04:30,3610.6
2024-11-15,04:45,3379.6
2024-11-15,05:00,2387
2024-11-15,05:15,3140.2
2024-11-15,05:30,3413.2
2024-11-15,05:45,2965.2
2024-11-15,06:00,3012.8
2024-11-15,06:15,3388
2024-11-15,06:30,3355.8
2024-11-15,06:45,2794.4
2024-11-15,07:00,3336.2
2024-11-15,07:15,3432.8
2024-11-15,07:30,2497.6
2024-11-15,07:45,3255
2024-11-15,08:00,3508.4
2024-11-15,08:15,3014.2
2024-11-15,08:30,3120.6
2024-11-15,08:45,3446.8
2024-11-15,09:00,3424.4
2024-11-15,09:15,2907.8
2024-11-15,09:30,3376.8
2024-11-15,09:45,3421.6
2024-11-15,10:00,2483.6
2024-11-15,10:15,3224.2
2024-11-15,10:30,3518.2
2024-11-15,10:45,1930.6
2024-11-15,11:00,1734.6
2024-11-15,11:15,3362.8
2024-11-15,11:30,3372.6
2024-11-15,11:45,2849
2024-11-15,12:00,3271.8
2024-11-15,12:15,3393.6
2024-11-15,12:30,2487.8
2024-11-15,12:45,3395
2024-11-15,13:00,3607.8
2024-11-15,13:15,3117.8
2024-11-15,13:30,3257.8
2024-11-15,13:45,3414.6
2024-11-15,14:00,3334.8
2024-11-15,14:15,2846.2
2024-11-15,14:30,3248
2024-11-15,14:45,3341.8
2024-11-15,15:00,2389.8
2024-11-15,15:15,3130.4
2024-11-15,15:30,3385.2
2024-11-15,15:45,2801.4
2024-11-15,16:00,3050.6
2024-11-15,16:15,3386.6
2024-11-15,16:30,3322.2
2024-11-15,16:45,2828
2024-11-15,17:00,3211.6
2024-11-15,17:15,3288.6
2024-11-15,17:30,1737.4
2024-11-15,17:45,3096.8
2024-11-15,18:00,3267.6
2024-11-15,18:15,2767.8
2024-11-15,18:30,3033.8
2024-11-15,18:45,3382.4
2024-11-15,19:00,3340.4
2024-11-15,19:15,2837.8
2024-11-15,19:30,3343.2
2024-11-15,19:45,3418.8
2024-11-15,20:00,2534
2024-11-15,20:15,3794
2024-11-15,20:30,4046
2024-11-15,20:45,3452.4
2024-11-15,21:00,3696
2024-11-15,21:15,4040.4
2024-11-15,21:30,3980.2
2024-11-15,21:45,3557.4
2024-11-15,22:00,3963.4
2024-11-15,22:15,4016.6
2024-11-15,22:30,3123.4
2024-11-15,22:45,3815
2024-11-15,23:00,4012.4
2024-11-15,23:15,3438.4
2024-11-15,23:30,3652.6
2024-11-15,23:45,3943.8
2024-11-16,00:00,3871
2024-11-16,00:15,3416
2024-11-16,00:30,3824.8
2024-11-16,00:45,3885
2024-11-16,01:00,3032.4
2024-11-16,01:15,3194.8
2024-11-16,01:30,3390.8
2024-11-16,01:45,2811.2
2024-11-16,02:00,3050.6
2024-11-16,02:15,3407.6
2024-11-16,02:30,3330.6
2024-11-16,02:45,2870
2024-11-16,03:00,3290
2024-11-16,03:15,3344.6
2024-11-16,03:30,2541
2024-11-16,03:45,3214.4
2024-11-16,04:00,3381
2024-11-16,04:15,2396.8
2024-11-16,04:30,3066
2024-11-16,04:45,3423
2024-11-16,05:00,3327.8
2024-11-16,05:15,2878.4
2024-11-16,05:30,3316.6
2024-11-16,05:45,3351.6
2024-11-16,06:00,2447.2
2024-11-16,06:15,3200.4
2024-11-16,06:30,3361.4
2024-11-16,06:45,2805.6
2024-11-16,07:00,3022.6
2024-11-16,07:15,3285.8
2024-11-16,07:30,3306.8
2024-11-16,07:45,2935.8
2024-11-16,08:00,3355.8
2024-11-16,08:15,3407.6
2024-11-16,08:30,2559.2
2024-11-16,08:45,3228.4
2024-11-16,09:00,3414.6
2024-11-16,09:15,2448.6
2024-11-16,09:30,3106.6
2024-11-16,09:45,3427.2
2024-11-16,10:00,3308.2
2024-11-16,10:15,2933
2024-11-16,10:30,3313.8
2024-11-16,10:45,3347.4
2024-11-16,11:00,2514.4
2024-11-16,11:15,3186.4
2024-11-16,11:30,3372.6
2024-11-16,11:45,2161.6
2024-11-16,12:00,3050.6
2024-11-16,12:15,3388
2024-11-16,12:30,3253.6
2024-11-16,12:45,2923.2
2024-11-16,13:00,3318
2024-11-16,13:15,3299.8
2024-11-16,13:30,2574.6
2024-11-16,13:45,3222.8
2024-11-16,14:00,3411.8
2024-11-16,14:15,2273.6
2024-11-16,14:30,3084.2
2024-11-16,14:45,3411.8
2024-11-16,15:00,3285.8
2024-11-16,15:15,2821
2024-11-16,15:30,3238.2
2024-11-16,15:45,3243.8
2024-11-16,16:00,2527
2024-11-16,16:15,3129
2024-11-16,16:30,3271.8
2024-11-16,16:45,2038.4
2024-11-16,17:00,3042.2
2024-11-16,17:15,3267.6
2024-11-16,17:30,3270.4
2024-11-16,17:45,2909.2
2024-11-16,18:00,3291.4
2024-11-16,18:15,3323.6
2024-11-16,18:30,2494.8
2024-11-16,18:45,3207.4
2024-11-16,19:00,3376.8
2024-11-16,19:15,2450
2024-11-16,19:30,3122
2024-11-16,19:45,3446.8
2024-11-16,20:00,3150
2024-11-16,20:15,2991.8
2024-11-16,20:30,3404.8
2024-11-16,20:45,3434.2
2024-11-16,21:00,2672.6
2024-11-16,21:15,3276
2024-11-16,21:30,3472
2024-11-16,21:45,2216.2
2024-11-16,22:00,3133.2
2024-11-16,22:15,3434.2
2024-11-16,22:30,3323.6
2024-11-16,22:45,2952.6
2024-11-16,23:00,3340.4
2024-11-16,23:15,3399.2
2024-11-16,23:30,2578.8
2024-11-16,23:45,3256.4
2024-11-17,00:00,3424.4
2024-11-17,00:15,2280.6
2024-11-17,00:30,3127.6
2024-11-17,00:45,3431.4
2024-11-17,01:00,3147.2
2024-11-17,01:15,2961
2024-11-17,01:30,3375.4
2024-11-17,01:45,3364.2
2024-11-17,02:00,2639
2024-11-17,02:15,3262
2024-11-17,02:30,3417.4
2024-11-17,02:45,2216.2
2024-11-17,03:00,3144.4
2024-11-17,03:15,3442.6
2024-11-17,03:30,3214.4
2024-11-17,03:45,2956.8
2024-11-17,04:00,3368.4
2024-11-17,04:15,3368.4
2024-11-17,04:30,2711.8
2024-11-17,04:45,3281.6
2024-11-17,05:00,3404.8
2024-11-17,05:15,2343.6
2024-11-17,05:30,3158.4
2024-11-17,05:45,3448.2
2024-11-17,06:00,3032.4
2024-11-17,06:15,3004.4
2024-11-17,06:30,3382.4
2024-11-17,06:45,3390.8
2024-11-17,07:00,2689.4
2024-11-17,07:15,3285.8
2024-11-17,07:30,3357.2
2024-11-17,07:45,2209.2
2024-11-17,08:00,3176.6
2024-11-17,08:15,3411.8
2024-11-17,08:30,2991.8
2024-11-17,08:45,3106.6
2024-11-17,09:00,3469.2
2024-11-17,09:15,3402
2024-11-17,09:30,2837.8
2024-11-17,09:45,3395
2024-11-17,10:00,3514
2024-11-17,10:15,2329.6
2024-11-17,10:30,3213
2024-11-17,10:45,3491.6
2024-11-17,11:00,3040.8
2024-11-17,11:15,3019.8
2024-11-17,11:30,3386.6
2024-11-17,11:45,3413.2
2024-11-17,12:00,2707.6
2024-11-17,12:15,3312.4
2024-11-17,12:30,3386.6
2024-11-17,12:45,2367.4
2024-11-17,13:00,3193.4
2024-11-17,13:15,3467.8
2024-11-17,13:30,3007.2
2024-11-17,13:45,3068.8
2024-11-17,14:00,3435.6
2024-11-17,14:15,3424.4
2024-11-17,14:30,2798.6
2024-11-17,14:45,3277.4
2024-11-17,15:00,3411.8
2024-11-17,15:15,2336.6
2024-11-17,15:30,3249.4
2024-11-17,15:45,3537.8
2024-11-17,16:00,3043.6
2024-11-17,16:15,3101
2024-11-17,16:30,3469.2
2024-11-17,16:45,3441.2
2024-11-17,17:00,2843.4
2024-11-17,17:15,3319.4
2024-11-17,17:30,3357.2
2024-11-17,17:45,2401
2024-11-17,18:00,3238.2
2024-11-17,18:15,3501.4
2024-11-17,18:30,2987.6
2024-11-17,18:45,3050.6
2024-11-17,19:00,3789.8
2024-11-17,19:15,3771.6
2024-11-17,19:30,3162.6
2024-11-17,19:45,3764.6
2024-11-17,20:00,3882.2
2024-11-17,20:15,2794.4
2024-11-17,20:30,3620.4
2024-11-17,20:45,3858.4
2024-11-17,21:00,3390.8
2024-11-17,21:15,3491.6
2024-11-17,21:30,3855.6
2024-11-17,21:45,3788.4
2024-11-17,22:00,3241
2024-11-17,22:15,3729.6
2024-11-17,22:30,3820.6
2024-11-17,22:45,2846.2
2024-11-17,23:00,3610.6
2024-11-17,23:15,3861.2
2024-11-17,23:30,3374
2024-11-17,23:45,3455.2
2024-11-18,00:00,3810.8
2024-11-18,00:15,3787
2024-11-18,00:30,3283
2024-11-18,00:45,3717
2024-11-18,01:00,3806.6
2024-11-18,01:15,2836.4
2024-11-18,01:30,3600.8
2024-11-18,01:45,3836
2024-11-18,02:00,3292.8
2024-11-18,02:15,3451
2024-11-18,02:30,3794
2024-11-18,02:45,3749.2
2024-11-18,03:00,3183.6
2024-11-18,03:15,3672.2
2024-11-18,03:30,3766
2024-11-18,03:45,2833.6
2024-11-18,04:00,3564.4
2024-11-18,04:15,3840.2
2024-11-18,04:30,2935.8
2024-11-18,04:45,3453.8
2024-11-18,05:00,3788.4
2024-11-18,05:15,3729.6
2024-11-18,05:30,3280.2
2024-11-18,05:45,3696
2024-11-18,06:00,3703
2024-11-18,06:15,2840.6
2024-11-18,06:30,3540.6
2024-11-18,06:45,3773
2024-11-18,07:00,3015.6
2024-11-18,07:15,3434.2
2024-11-18,07:30,3770.2
2024-11-18,07:45,3392.2
2024-11-18,08:00,2927.4
2024-11-18,08:15,3369.8
2024-11-18,08:30,3355.8
2024-11-18,08:45,2529.8
2024-11-18,09:00,3192
2024-11-18,09:15,3372.6
2024-11-18,09:30,2235.8
2024-11-18,09:45,3008.6
2024-11-18,10:00,3357.2
2024-11-18,10:15,3276
2024-11-18,10:30,2846.2
2024-11-18,10:45,3241
2024-11-18,11:00,3291.4
2024-11-18,11:15,2426.2
2024-11-18,11:30,3105.2
2024-11-18,11:45,3325
2024-11-18,12:00,2580.2
2024-11-18,12:15,2965.2
2024-11-18,12:30,3320.8
2024-11-18,12:45,3432.8
2024-11-18,13:00,3059
2024-11-18,13:15,3465
2024-11-18,13:30,3508.4
2024-11-18,13:45,2695
2024-11-18,14:00,3360
2024-11-18,14:15,3504.2
2024-11-18,14:30,2290.4
2024-11-18,14:45,3218.6
2024-11-18,15:00,3535
2024-11-18,15:15,3515.4
2024-11-18,15:30,3144.4
2024-11-18,15:45,3558.8
2024-11-18,16:00,3598
2024-11-18,16:15,2801.4
2024-11-18,16:30,3456.6
2024-11-18,16:45,3260.6
2024-11-18,17:00,2206.4
2024-11-18,17:15,3052
2024-11-18,17:30,3353
2024-11-18,17:45,2891
2024-11-18,18:00,2851.8
2024-11-18,18:15,3624.6
2024-11-18,18:30,3652.6
2024-11-18,18:45,2895.2
2024-11-18,19:00,3537.8
2024-11-18,19:15,3740.8
2024-11-18,19:30,2510.2
2024-11-18,19:45,3432.8
2024-11-18,20:00,3686.2
2024-11-18,20:15,3236.8
2024-11-18,20:30,2919
2024-11-18,20:45,3309.6
2024-11-18,21:00,3920
2024-11-18,21:15,3259.2
2024-11-18,21:30,4107.6
2024-11-18,21:45,4300.8
2024-11-18,22:00,2914.8
2024-11-18,22:15,3777.2
2024-11-18,22:30,4075.4
2024-11-18,22:45,3658.2
2024-11-18,23:00,3651.2
2024-11-18,23:15,3997
2024-11-18,23:30,3981.6
2024-11-18,23:45,3253.6
2024-11-19,00:00,4148.2
2024-11-19,00:15,4261.6
2024-11-19,00:30,3063.2
2024-11-19,00:45,3935.4
2024-11-19,01:00,4207
2024-11-19,01:15,3740.8
2024-11-19,01:30,3791.2
2024-11-19,01:45,4156.6
2024-11-19,02:00,4222.4
2024-11-19,02:15,2987.6
2024-11-19,02:30,3522.4
2024-11-19,02:45,3652.6
2024-11-19,03:00,2571.8
2024-11-19,03:15,3417.4
2024-11-19,03:30,3715.6
2024-11-19,03:45,3276
2024-11-19,04:00,3294.2
2024-11-19,04:15,3648.4
2024-11-19,04:30,3633
2024-11-19,04:45,2905
2024-11-19,05:00,3498.6
2024-11-19,05:15,3644.2
2024-11-19,05:30,2592.8
2024-11-19,05:45,3319.4
2024-11-19,06:00,3623.2
2024-11-19,06:15,3208.8
2024-11-19,06:30,3252.2
2024-11-19,06:45,3624.6
2024-11-19,07:00,3621.8
2024-11-19,07:15,2968
2024-11-19,07:30,3561.6
2024-11-19,07:45,3490.2
2024-11-19,08:00,2385.6
2024-11-19,08:15,3257.8
2024-11-19,08:30,3539.2
2024-11-19,08:45,3179.4
2024-11-19,09:00,3178
2024-11-19,09:15,3574.2
2024-11-19,09:30,3907.4
2024-11-19,09:45,3260.6
2024-11-19,10:00,3792.6
2024-11-19,10:15,3932.6
2024-11-19,10:30,2850.4
2024-11-19,10:45,3708.6
2024-11-19,11:00,3991.4
2024-11-19,11:15,3522.4
2024-11-19,11:30,3550.4
2024-11-19,11:45,3899
2024-11-19,12:00,3887.8
2024-11-19,12:15,3269
2024-11-19,12:30,3785.6
2024-11-19,12:45,4103.4
2024-11-19,13:00,3059
2024-11-19,13:15,3880.8
2024-11-19,13:30,4152.4
2024-11-19,13:45,3668
2024-11-19,14:00,3775.8
2024-11-19,14:15,4106.2
2024-11-19,14:30,4100.6
2024-11-19,14:45,3521
2024-11-19,15:00,4046
2024-11-19,15:15,4116
2024-11-19,15:30,3115
2024-11-19,15:45,3922.8
2024-11-19,16:00,4137
2024-11-19,16:15,3614.8
2024-11-19,16:30,3581.2
2024-11-19,16:45,3983
2024-11-19,17:00,3754.8
2024-11-19,17:15,3182.2
2024-11-19,17:30,3733.8
2024-11-19,17:45,3771.6
2024-11-19,18:00,2843.4
2024-11-19,18:15,3560.2
2024-11-19,18:30,3798.2
2024-11-19,18:45,3304
2024-11-19,19:00,3441.2
2024-11-19,19:15,3798.2
2024-11-19,19:30,3775.8
2024-11-19,19:45,3257.8
2024-11-19,20:00,3753.4
2024-11-19,20:15,3809.4
2024-11-19,20:30,2864.4
2024-11-19,20:45,3581.2
2024-11-19,21:00,3871
2024-11-19,21:15,3348.8
2024-11-19,21:30,3488.8
2024-11-19,21:45,3830.4
2024-11-19,22:00,3798.2
2024-11-19,22:15,3269
2024-11-19,22:30,3714.2
2024-11-19,22:45,3826.2
2024-11-19,23:00,2917.6
2024-11-19,23:15,3634.4
2024-11-19,23:30,3865.4
2024-11-19,23:45,3364.2
2024-11-20,00:00,3487.4
2024-11-20,00:15,3782.8
2024-11-20,00:30,3760.4
2024-11-20,00:45,3172.4
2024-11-20,01:00,3649.8
2024-11-20,01:15,3770.2
2024-11-20,01:30,2868.6
2024-11-20,01:45,3563
2024-11-20,02:00,3808
2024-11-20,02:15,3302.6
2024-11-20,02:30,3431.4
2024-11-20,02:45,3757.6
2024-11-20,03:00,3721.2
2024-11-20,03:15,3165.4
2024-11-20,03:30,3652.6
2024-11-20,03:45,3753.4
2024-11-20,04:00,2807
2024-11-20,04:15,3549
2024-11-20,04:30,3794
2024-11-20,04:45,3309.6
2024-11-20,05:00,3404.8
2024-11-20,05:15,3763.2
2024-11-20,05:30,3718.4
2024-11-20,05:45,3242.4
2024-11-20,06:00,3655.4
2024-11-20,06:15,3726.8
2024-11-20,06:30,2847.6
2024-11-20,06:45,3591
2024-11-20,07:00,3823.4
2024-11-20,07:15,3274.6
2024-11-20,07:30,3465
2024-11-20,07:45,3838.8
2024-11-20,08:00,3901.8
2024-11-20,08:15,3411.8
2024-11-20,08:30,3883.6
2024-11-20,08:45,3980.2
2024-11-20,09:00,3057.6
2024-11-20,09:15,3775.8
2024-11-20,09:30,4025
2024-11-20,09:45,3241
2024-11-20,10:00,3603.6
2024-11-20,10:15,4020.8
2024-11-20,10:30,3896.2
2024-11-20,10:45,3452.4
2024-11-20,11:00,3878
2024-11-20,11:15,3913
2024-11-20,11:30,3052
2024-11-20,11:45,3732.4
2024-11-20,12:00,3634.4
2024-11-20,12:15,2417.8
2024-11-20,12:30,2409.4
2024-11-20,12:45,2520
2024-11-20,13:00,2510.2
2024-11-20,13:15,1373.4
2024-11-20,13:30,2521.4
2024-11-20,13:45,2485
2024-11-20,14:00,2487.8
2024-11-20,14:15,2517.2
2024-11-20,14:30,2500.4
2024-11-20,14:45,2497.6
2024-11-20,15:00,2486.4
2024-11-20,15:15,2475.2
2024-11-20,15:30,3781.4
2024-11-20,15:45,3687.6
2024-11-20,16:00,3903.2
2024-11-20,16:15,3109.4
2024-11-20,16:30,3708.6
2024-11-20,16:45,3865.4
2024-11-20,17:00,2622.2
2024-11-20,17:15,3491.6
2024-11-20,17:30,3805.2
2024-11-20,17:45,3635.8
2024-11-20,18:00,3362.8
2024-11-20,18:15,3732.4
2024-11-20,18:30,3722.6
2024-11-20,18:45,3059
2024-11-20,19:00,3655.4
2024-11-20,19:15,3836
2024-11-20,19:30,2723
2024-11-20,19:45,3245.2
2024-11-20,20:00,3574.2
2024-11-20,20:15,3453.8
2024-11-20,20:30,3480.4
2024-11-20,20:45,3830.4
2024-11-20,21:00,3826.2
2024-11-20,21:15,3088.4
2024-11-20,21:30,3708.6
2024-11-20,21:45,3829
2024-11-20,22:00,2790.2
2024-11-20,22:15,3605
2024-11-20,22:30,3890.6
2024-11-20,22:45,3413.2
2024-11-20,23:00,3431.4
2024-11-20,23:15,3794
2024-11-20,23:30,3809.4
2024-11-20,23:45,3117.8
2024-11-21,00:00,3673.6
2024-11-21,00:15,3813.6
2024-11-21,00:30,2686.6
2024-11-21,00:45,3536.4
2024-11-21,01:00,3845.8
2024-11-21,01:15,3390.8
2024-11-21,01:30,3386.6
2024-11-21,01:45,3764.6
2024-11-21,02:00,3768.8
2024-11-21,02:15,3151.4
2024-11-21,02:30,3638.6
2024-11-21,02:45,3742.2
2024-11-21,03:00,2731.4
2024-11-21,03:15,3512.6
2024-11-21,03:30,3787
2024-11-21,03:45,3302.6
2024-11-21,04:00,3360
2024-11-21,04:15,3746.4
2024-11-21,04:30,3719.8
2024-11-21,04:45,3106.6
2024-11-21,05:00,3655.4
2024-11-21,05:15,3753.4
2024-11-21,05:30,2734.2
2024-11-21,05:45,3526.6
2024-11-21,06:00,3799.6
2024-11-21,06:15,3297
2024-11-21,06:30,3395
2024-11-21,06:45,3773
2024-11-21,07:00,3714.2
2024-11-21,07:15,3196.2
2024-11-21,07:30,3714.2
2024-11-21,07:45,3864
2024-11-21,08:00,2882.6
2024-11-21,08:15,3735.2
2024-11-21,08:30,3998.4
2024-11-21,08:45,3474.8
2024-11-21,09:00,3585.4
2024-11-21,09:15,3988.6
2024-11-21,09:30,3861.2
2024-11-21,09:45,3273.2
2024-11-21,10:00,3645.6
2024-11-21,10:15,3845.8
2024-11-21,10:30,2898
2024-11-21,10:45,3586.8
2024-11-21,11:00,3823.4
2024-11-21,11:15,3280.2
2024-11-21,11:30,3413.2
2024-11-21,11:45,3761.8
2024-11-21,12:00,3725.4
2024-11-21,12:15,3178
2024-11-21,12:30,3637.2
2024-11-21,12:45,3998.4
2024-11-21,13:00,3047.8
2024-11-21,13:15,3742.2
2024-11-21,13:30,4004
2024-11-21,13:45,3516.8
2024-11-21,14:00,3616.2
2024-11-21,14:15,3948
2024-11-21,14:30,3952.2
2024-11-21,14:45,3431.4
2024-11-21,15:00,3920
2024-11-21,15:15,3998.4
2024-11-21,15:30,3124.8
2024-11-21,15:45,3722.6
2024-11-21,16:00,4125.8
2024-11-21,16:15,3551.8
2024-11-21,16:30,3747.8
2024-11-21,16:45,3922.8
2024-11-21,17:00,3565.8
2024-11-21,17:15,2942.8
2024-11-21,17:30,3393.6
2024-11-21,17:45,3477.6
2024-11-21,18:00,2562
2024-11-21,18:15,3320.8
2024-11-21,18:30,3725.4
2024-11-21,18:45,3101
2024-11-21,19:00,3421.6
2024-11-21,19:15,3773
2024-11-21,19:30,3742.2
2024-11-21,19:45,3263.4
2024-11-21,20:00,4342.8
2024-11-21,20:15,4375
2024-11-21,20:30,3501.4
2024-11-21,20:45,4212.6
2024-11-21,21:00,4447.8
2024-11-21,21:15,3887.8
2024-11-21,21:30,4100.6
2024-11-21,21:45,4450.6
2024-11-21,22:00,4412.8
2024-11-21,22:15,3872.4
2024-11-21,22:30,4309.2
2024-11-21,22:45,4382
2024-11-21,23:00,3535
2024-11-21,23:15,4211.2
2024-11-21,23:30,4387.6
2024-11-21,23:45,3605
2024-11-22,00:00,4022.2
2024-11-22,00:15,4334.4
2024-11-22,00:30,4285.4
2024-11-22,00:45,3809.4
2024-11-22,01:00,4296.6
2024-11-22,01:15,3777.2
2024-11-22,01:30,2892.4
2024-11-22,01:45,3591
2024-11-22,02:00,3820.6
2024-11-22,02:15,3241
2024-11-22,02:30,3453.8
2024-11-22,02:45,3817.8
2024-11-22,03:00,3738
2024-11-22,03:15,3290
2024-11-22,03:30,3682
2024-11-22,03:45,3746.4
2024-11-22,04:00,2923.2
2024-11-22,04:15,3571.4
2024-11-22,04:30,3791.2
2024-11-22,04:45,2937.2
2024-11-22,05:00,3449.6
2024-11-22,05:15,3802.4
2024-11-22,05:30,3651.2
2024-11-22,05:45,3204.6
2024-11-22,06:00,3694.6
2024-11-22,06:15,3756.2
2024-11-22,06:30,2882.6
2024-11-22,06:45,3635.8
2024-11-22,07:00,3829
2024-11-22,07:15,2606.8
2024-11-22,07:30,3602.2
2024-11-22,07:45,3754.8
2024-11-22,08:00,4069.8
2024-11-22,08:15,3649.8
2024-11-22,08:30,4061.4
2024-11-22,08:45,3908.8
2024-11-22,09:00,3056.2
2024-11-22,09:15,3736.6
2024-11-22,09:30,3921.4
2024-11-22,09:45,2818.2
2024-11-22,10:00,3616.2
2024-11-22,10:15,3973.2
2024-11-22,10:30,3852.8
2024-11-22,10:45,3449.6
2024-11-22,11:00,3848.6
2024-11-22,11:15,3873.8
2024-11-22,11:30,3068.8
2024-11-22,11:45,3742.2
2024-11-22,12:00,3889.2
2024-11-22,12:15,2580.2
2024-11-22,12:30,3472
2024-11-22,12:45,3815
2024-11-22,13:00,3656.8
2024-11-22,13:15,3322.2
2024-11-22,13:30,3700.2
2024-11-22,13:45,3796.8
2024-11-22,14:00,3094
2024-11-22,14:15,3774.4
2024-11-22,14:30,3878
2024-11-22,14:45,2672.6
2024-11-22,15:00,3644.2
2024-11-22,15:15,3701.6
2024-11-22,15:30,3514
2024-11-22,15:45,3483.2
2024-11-22,16:00,3873.8
2024-11-22,16:15,3836
2024-11-22,16:30,3075.8
2024-11-22,16:45,3522.4
2024-11-22,17:00,3683.4
2024-11-22,17:15,2503.2
2024-11-22,17:30,3367
2024-11-22,17:45,3718.4
2024-11-22,18:00,3551.8
2024-11-22,18:15,3194.8
2024-11-22,18:30,3605
2024-11-22,18:45,3620.4
2024-11-22,19:00,2886.8
2024-11-22,19:15,3585.4
2024-11-22,19:30,3759
2024-11-22,19:45,2620.8
2024-11-22,20:00,3463.6
2024-11-22,20:15,3799.6
2024-11-22,20:30,3424.4
2024-11-22,20:45,3336.2
2024-11-22,21:00,3740.8
2024-11-22,21:15,3717
2024-11-22,21:30,2975
2024-11-22,21:45,3619
2024-11-22,22:00,3753.4
2024-11-22,22:15,2535.4
2024-11-22,22:30,3490.2
2024-11-22,22:45,3766
2024-11-22,23:00,3578.4
2024-11-22,23:15,3287.2
2024-11-22,23:30,3693.2
2024-11-22,23:45,3669.4
2024-11-23,00:00,2994.6
2024-11-23,00:15,3584
2024-11-23,00:30,3691.8
2024-11-23,00:45,2560.6
2024-11-23,01:00,3455.2
2024-11-23,01:15,3752
2024-11-23,01:30,3304
2024-11-23,01:45,3255
2024-11-23,02:00,3645.6
2024-11-23,02:15,3673.6
2024-11-23,02:30,2942.8
2024-11-23,02:45,3553.2
2024-11-23,03:00,3693.2
2024-11-23,03:15,2662.8
2024-11-23,03:30,3467.8
2024-11-23,03:45,3733.8
2024-11-23,04:00,3220
2024-11-23,04:15,3290
2024-11-23,04:30,3642.8
2024-11-23,04:45,3627.4
2024-11-23,05:00,3038
2024-11-23,05:15,3574.2
2024-11-23,05:30,3666.6
2024-11-23,05:45,2608.2
2024-11-23,06:00,3438.4
2024-11-23,06:15,3698.8
2024-11-23,06:30,3225.6
2024-11-23,06:45,3270.4
2024-11-23,07:00,3670.8
2024-11-23,07:15,3672.2
2024-11-23,07:30,3283
2024-11-23,07:45,3770.2
2024-11-23,08:00,3829
2024-11-23,08:15,2893.8
2024-11-23,08:30,3677.8
2024-11-23,08:45,3880.8
2024-11-23,09:00,3395
2024-11-23,09:15,3498.6
2024-11-23,09:30,3666.6
2024-11-23,09:45,3631.6
2024-11-23,10:00,2979.2
2024-11-23,10:15,3519.6
2024-11-23,10:30,3803.8
2024-11-23,10:45,2788.8
2024-11-23,11:00,3579.8
2024-11-23,11:15,3801
2024-11-23,11:30,3329.2
2024-11-23,11:45,3411.8
2024-11-23,12:00,3808
2024-11-23,12:15,3761.8
2024-11-23,12:30,3157
2024-11-23,12:45,3644.2
2024-11-23,13:00,3756.2
2024-11-23,13:15,2773.4
2024-11-23,13:30,3546.2
2024-11-23,13:45,3833.2
2024-11-23,14:00,3343.2
2024-11-23,14:15,3438.4
2024-11-23,14:30,3798.2
2024-11-23,14:45,3770.2
2024-11-23,15:00,3194.8
2024-11-23,15:15,3705.8
2024-11-23,15:30,3851.4
2024-11-23,15:45,2900.8
2024-11-23,16:00,3696
2024-11-23,16:15,3970.4
2024-11-23,16:30,3474.8
2024-11-23,16:45,3592.4
2024-11-23,17:00,3949.4
2024-11-23,17:15,3893.4
2024-11-23,17:30,3291.4
2024-11-23,17:45,3791.2
2024-11-23,18:00,3903.2
2024-11-23,18:15,2931.6
2024-11-23,18:30,3669.4
2024-11-23,18:45,3946.6
2024-11-23,19:00,3462.2
2024-11-23,19:15,3553.2
2024-11-23,19:30,3924.2
2024-11-23,19:45,3886.4
2024-11-23,20:00,3375.4
2024-11-23,20:15,3809.4
2024-11-23,20:30,3897.6
2024-11-23,20:45,2997.4
2024-11-23,21:00,3711.4
2024-11-23,21:15,3920
2024-11-23,21:30,3421.6
2024-11-23,21:45,3584
2024-11-23,22:00,3901.8
2024-11-23,22:15,3858.4
2024-11-23,22:30,3316.6
2024-11-23,22:45,3777.2
2024-11-23,23:00,3875.2
2024-11-23,23:15,2966.6
2024-11-23,23:30,3662.4
2024-11-23,23:45,3918.6
2024-11-24,00:00,3158.4
2024-11-24,00:15,3543.4
2024-11-24,00:30,3883.6
2024-11-24,00:45,3827.6
2024-11-24,01:00,3350.2
2024-11-24,01:15,3789.8
2024-11-24,01:30,3859.8
2024-11-24,01:45,2993.2
2024-11-24,02:00,3679.2
2024-11-24,02:15,3883.6
2024-11-24,02:30,3365.6
2024-11-24,02:45,3525.2
2024-11-24,03:00,3880.8
2024-11-24,03:15,3857
2024-11-24,03:30,3327.8
2024-11-24,03:45,3780
2024-11-24,04:00,3841.6
2024-11-24,04:15,2983.4
2024-11-24,04:30,3609.2
2024-11-24,04:45,3894.8
2024-11-24,05:00,3063.2
2024-11-24,05:15,3532.2
2024-11-24,05:30,3890.6
2024-11-24,05:45,3844.4
2024-11-24,06:00,3355.8
2024-11-24,06:15,3771.6
2024-11-24,06:30,3838.8
2024-11-24,06:45,2991.8
2024-11-24,07:00,3703
2024-11-24,07:15,3731
2024-11-24,07:30,3140.2
2024-11-24,07:45,3357.2
2024-11-24,08:00,3712.8
2024-11-24,08:15,3649.8
2024-11-24,08:30,3389.4
2024-11-24,08:45,3795.4
2024-11-24,09:00,3838.8
2024-11-24,09:15,2959.6
2024-11-24,09:30,3633
2024-11-24,09:45,3876.6
2024-11-24,10:00,2751
2024-11-24,10:15,3472
2024-11-24,10:30,3808
2024-11-24,10:45,3718.4
2024-11-24,11:00,3301.2
2024-11-24,11:15,3705.8
2024-11-24,11:30,3781.4
2024-11-24,11:45,2963.8
2024-11-24,12:00,3641.4
2024-11-24,12:15,3815
2024-11-24,12:30,2581.6
2024-11-24,12:45,3518.2
2024-11-24,13:00,3844.4
2024-11-24,13:15,3700.2
2024-11-24,13:30,3376.8
2024-11-24,13:45,3750.6
2024-11-24,14:00,3823.4
2024-11-24,14:15,3024
2024-11-24,14:30,3665.2
2024-11-24,14:45,3808
2024-11-24,15:00,2762.2
2024-11-24,15:15,3515.4
2024-11-24,15:30,3889.2
2024-11-24,15:45,3600.8
2024-11-24,16:00,3180.8
2024-11-24,16:15,3602.2
2024-11-24,16:30,3598
2024-11-24,16:45,2840.6
2024-11-24,17:00,3473.4
2024-11-24,17:15,3619
2024-11-24,17:30,2410.8
2024-11-24,17:45,3290
2024-11-24,18:00,3626
2024-11-24,18:15,3497.2
2024-11-24,18:30,2839.2
2024-11-24,18:45,3224.2
2024-11-24,19:00,3577
2024-11-24,19:15,2809.8
2024-11-24,19:30,3504.2
2024-11-24,19:45,3712.8
2024-11-24,20:00,2503.2
2024-11-24,20:15,3414.6
2024-11-24,20:30,3704.4
2024-11-24,20:45,3315.2
2024-11-24,21:00,3243.8
2024-11-24,21:15,3634.4
2024-11-24,21:30,3648.4
2024-11-24,21:45,2955.4
2024-11-24,22:00,3525.2
2024-11-24,22:15,3672.2
2024-11-24,22:30,2522.8
2024-11-24,22:45,3425.8
2024-11-24,23:00,3715.6
2024-11-24,23:15,3397.8
2024-11-24,23:30,3236.8
2024-11-24,23:45,3600.8
2024-11-25,00:00,3620.4
2024-11-25,00:15,2990.4
2024-11-25,00:30,3551.8
2024-11-25,00:45,3649.8
2024-11-25,01:00,2563.4
2024-11-25,01:15,3376.8
2024-11-25,01:30,3676.4
2024-11-25,01:45,3248
2024-11-25,02:00,3253.6
2024-11-25,02:15,3603.6
2024-11-25,02:30,3630.2
2024-11-25,02:45,2976.4
2024-11-25,03:00,3509.8
2024-11-25,03:15,3621.8
2024-11-25,03:30,2542.4
2024-11-25,03:45,3362.8
2024-11-25,04:00,3649.8
2024-11-25,04:15,3213
2024-11-25,04:30,3299.8
2024-11-25,04:45,3662.4
2024-11-25,05:00,3633
2024-11-25,05:15,2989
2024-11-25,05:30,3480.4
2024-11-25,05:45,3633
2024-11-25,06:00,2632
2024-11-25,06:15,3388
2024-11-25,06:30,3649.8
2024-11-25,06:45,3217.2
2024-11-25,07:00,3292.8
2024-11-25,07:15,3649.8
2024-11-25,07:30,3641.4
2024-11-25,07:45,3102.4
2024-11-25,08:00,3665.2
2024-11-25,08:15,3738
2024-11-25,08:30,3046.4
2024-11-25,08:45,3717
2024-11-25,09:00,3945.2
2024-11-25,09:15,3434.2
2024-11-25,09:30,3617.6
2024-11-25,09:45,4099.2
2024-11-25,10:00,4064.2
2024-11-25,10:15,3481.8
2024-11-25,10:30,4022.2
2024-11-25,10:45,4095
2024-11-25,11:00,3119.2
2024-11-25,11:15,3854.2
2024-11-25,11:30,4106.2
2024-11-25,11:45,3609.2
2024-11-25,12:00,3680.6
2024-11-25,12:15,4048.8
2024-11-25,12:30,4048.8
2024-11-25,12:45,3532.2
2024-11-25,13:00,3808
2024-11-25,13:15,3879.4
2024-11-25,13:30,2993.2
2024-11-25,13:45,3687.6
2024-11-25,14:00,4068.4
2024-11-25,14:15,3536.4
2024-11-25,14:30,3739.4
2024-11-25,14:45,4089.4
2024-11-25,15:00,4050.2
2024-11-25,15:15,3505.6
2024-11-25,15:30,3998.4
2024-11-25,15:45,4089.4
2024-11-25,16:00,3144.4
2024-11-25,16:15,3864
2024-11-25,16:30,3528
2024-11-25,16:45,2872.8
2024-11-25,17:00,3222.8
2024-11-25,17:15,3544.8
2024-11-25,17:30,3479
2024-11-25,17:45,3029.6
2024-11-25,18:00,3434.2
2024-11-25,18:15,3512.6
2024-11-25,18:30,2643.2
2024-11-25,18:45,3346
2024-11-25,19:00,3570
2024-11-25,19:15,2724.4
2024-11-25,19:30,3232.6
2024-11-25,19:45,3565.8
2024-11-25,20:00,3521
2024-11-25,20:15,3141.6
2024-11-25,20:30,3544.8
2024-11-25,20:45,3598
2024-11-25,21:00,2734.2
2024-11-25,21:15,3368.4
2024-11-25,21:30,3591
2024-11-25,21:45,2504.6
2024-11-25,22:00,3274.6
2024-11-25,22:15,3599.4
2024-11-25,22:30,3508.4
2024-11-25,22:45,3095.4
2024-11-25,23:00,3518.2
2024-11-25,23:15,3546.2
2024-11-25,23:30,2732.8
2024-11-25,23:45,3400.6
2024-11-26,00:00,3582.6
2024-11-26,00:15,2522.8
2024-11-26,00:30,3238.2
2024-11-26,00:45,3563
2024-11-26,01:00,3288.6
2024-11-26,01:15,3116.4
2024-11-26,01:30,3491.6
2024-11-26,01:45,3532.2
2024-11-26,02:00,2767.8
2024-11-26,02:15,3381
2024-11-26,02:30,3567.2
2024-11-26,02:45,2350.6
2024-11-26,03:00,3260.6
2024-11-26,03:15,3582.6
2024-11-26,03:30,3305.4
2024-11-26,03:45,3106.6
2024-11-26,04:00,3505.6
2024-11-26,04:15,3529.4
2024-11-26,04:30,2769.2
2024-11-26,04:45,3388
2024-11-26,05:00,3518.2
2024-11-26,05:15,2420.6
2024-11-26,05:30,3299.8
2024-11-26,05:45,3585.4
2024-11-26,06:00,3127.6
2024-11-26,06:15,3122
2024-11-26,06:30,3507
2024-11-26,06:45,3533.6
2024-11-26,07:00,2860.2
2024-11-26,07:15,3434.2
2024-11-26,07:30,3584
2024-11-26,07:45,2465.4
2024-11-26,08:00,3392.2
2024-11-26,08:15,3698.8
2024-11-26,08:30,3155.6
2024-11-26,08:45,3162.6
2024-11-26,09:00,3533.6
2024-11-26,09:15,3533.6
2024-11-26,09:30,2912
2024-11-26,09:45,3428.6
2024-11-26,10:00,3599.4
2024-11-26,10:15,2475.2
2024-11-26,10:30,3283
2024-11-26,10:45,3564.4
2024-11-26,11:00,3095.4
2024-11-26,11:15,3084.2
2024-11-26,11:30,3519.6
2024-11-26,11:45,3515.4
2024-11-26,12:00,2811.2
2024-11-26,12:15,3368.4
2024-11-26,12:30,3477.6
2024-11-26,12:45,2577.4
2024-11-26,13:00,3411.8
2024-11-26,13:15,3672.2
2024-11-26,13:30,3214.4
2024-11-26,13:45,3150
2024-11-26,14:00,3563
2024-11-26,14:15,3644.2
2024-11-26,14:30,2980.6
2024-11-26,14:45,3563
2024-11-26,15:00,3684.8
2024-11-26,15:15,2671.2
2024-11-26,15:30,3449.6
2024-11-26,15:45,3729.6
2024-11-26,16:00,3341.8
2024-11-26,16:15,3427.2
2024-11-26,16:30,3598
2024-11-26,16:45,3620.4
2024-11-26,17:00,2949.8
2024-11-26,17:15,3511.2
2024-11-26,17:30,3596.6
2024-11-26,17:45,2661.4
2024-11-26,18:00,3414.6
2024-11-26,18:15,3684.8
2024-11-26,18:30,3197.6
2024-11-26,18:45,3190.6
2024-11-26,19:00,3579.8
2024-11-26,19:15,3595.2
2024-11-26,19:30,3012.8
2024-11-26,19:45,3514
2024-11-26,20:00,3596.6
2024-11-26,20:15,2622.2
2024-11-26,20:30,3355.8
2024-11-26,20:45,3609.2
2024-11-26,21:00,3148.6
2024-11-26,21:15,3278.8
2024-11-26,21:30,3582.6
2024-11-26,21:45,3574.2
2024-11-26,22:00,3011.4
2024-11-26,22:15,3514
2024-11-26,22:30,3578.4
2024-11-26,22:45,2675.4
2024-11-26,23:00,3397.8
2024-11-26,23:15,3525.2
2024-11-26,23:30,3056.2
2024-11-26,23:45,3175.2
2024-11-27,00:00,3508.4
2024-11-27,00:15,3467.8
2024-11-27,00:30,2928.8
2024-11-27,00:45,3423
2024-11-27,01:00,3497.2
2024-11-27,01:15,2557.8
2024-11-27,01:30,3318
2024-11-27,01:45,3507
2024-11-27,02:00,2832.2
2024-11-27,02:15,3179.4
2024-11-27,02:30,3495.8
2024-11-27,02:45,3449.6
2024-11-27,03:00,2966.6
2024-11-27,03:15,3402
2024-11-27,03:30,3469.2
2024-11-27,03:45,2576
2024-11-27,04:00,3283
2024-11-27,04:15,3522.4
2024-11-27,04:30,2983.4
2024-11-27,04:45,3157
2024-11-27,05:00,3518.2
2024-11-27,05:15,3479
2024-11-27,05:30,3031
2024-11-27,05:45,3413.2
2024-11-27,06:00,3453.8
2024-11-27,06:15,2618
2024-11-27,06:30,3302.6
2024-11-27,06:45,3522.4
2024-11-27,07:00,2566.2
2024-11-27,07:15,3192
2024-11-27,07:30,3516.8
2024-11-27,07:45,3508.4
2024-11-27,08:00,2993.2
2024-11-27,08:15,3407.6
2024-11-27,08:30,3666.6
2024-11-27,08:45,2797.2
2024-11-27,09:00,3578.4
2024-11-27,09:15,3782.8
2024-11-27,09:30,2601.2
2024-11-27,09:45,3470.6
2024-11-27,10:00,3705.8
2024-11-27,10:15,3528
2024-11-27,10:30,3208.8
2024-11-27,10:45,3628.8
2024-11-27,11:00,3613.4
2024-11-27,11:15,2788.8
2024-11-27,11:30,3442.6
2024-11-27,11:45,3633
2024-11-27,12:00,2546.6
2024-11-27,12:15,3311
2024-11-27,12:30,3628.8
2024-11-27,12:45,3560.2
2024-11-27,13:00,3126.2
2024-11-27,13:15,3522.4
2024-11-27,13:30,3589.6
2024-11-27,13:45,2909.2
2024-11-27,14:00,3508.4
2024-11-27,14:15,3659.6
2024-11-27,14:30,2444.4
2024-11-27,14:45,3259.2
2024-11-27,15:00,3589.6
2024-11-27,15:15,3123.4
2024-11-27,15:30,2961
2024-11-27,15:45,3400.6
2024-11-27,16:00,3381
2024-11-27,16:15,2693.6
2024-11-27,16:30,3277.4
2024-11-27,16:45,3361.4
2024-11-27,17:00,2269.4
2024-11-27,17:15,3161.2
2024-11-27,17:30,3442.6
2024-11-27,17:45,3012.8
2024-11-27,18:00,2996
2024-11-27,18:15,3404.8
2024-11-27,18:30,3430
2024-11-27,18:45,2707.6
2024-11-27,19:00,3297
2024-11-27,19:15,3456.6
2024-11-27,19:30,2356.2
2024-11-27,19:45,3227
2024-11-27,20:00,3553.2
2024-11-27,20:15,3116.4
2024-11-27,20:30,3049.2
2024-11-27,20:45,3445.4
2024-11-27,21:00,3445.4
2024-11-27,21:15,2739.8
2024-11-27,21:30,3348.8
2024-11-27,21:45,3509.8
2024-11-27,22:00,2471
2024-11-27,22:15,3277.4
2024-11-27,22:30,3528
2024-11-27,22:45,3089.8
2024-11-27,23:00,3095.4
2024-11-27,23:15,3469.2
2024-11-27,23:30,3458
2024-11-27,23:45,2815.4
2024-11-28,00:00,3353
2024-11-28,00:15,3486
2024-11-28,00:30,2454.2
2024-11-28,00:45,3218.6
2024-11-28,01:00,3493
2024-11-28,01:15,3039.4
2024-11-28,01:30,3060.4
2024-11-28,01:45,3396.4
2024-11-28,02:00,3378.2
2024-11-28,02:15,2837.8
2024-11-28,02:30,3311
2024-11-28,02:45,3428.6
2024-11-28,03:00,2438.8
2024-11-28,03:15,3207.4
2024-11-28,03:30,3455.2
2024-11-28,03:45,2938.6
2024-11-28,04:00,2989
2024-11-28,04:15,3357.2
2024-11-28,04:30,3351.6
2024-11-28,04:45,2721.6
2024-11-28,05:00,3259.2
2024-11-28,05:15,3382.4
2024-11-28,05:30,2387
2024-11-28,05:45,3089.8
2024-11-28,06:00,3351.6
2024-11-28,06:15,2900.8
2024-11-28,06:30,3005.8
2024-11-28,06:45,3378.2
2024-11-28,07:00,3347.4
2024-11-28,07:15,2804.2
2024-11-28,07:30,3290
2024-11-28,07:45,3421.6
2024-11-28,08:00,2451.4
2024-11-28,08:15,3484.6
2024-11-28,08:30,3746.4
2024-11-28,08:45,3227
2024-11-28,09:00,3313.8
2024-11-28,09:15,3642.8
2024-11-28,09:30,3732.4
2024-11-28,09:45,3318
2024-11-28,10:00,3770.2
2024-11-28,10:15,3813.6
2024-11-28,10:30,2919
2024-11-28,10:45,3626
2024-11-28,11:00,3817.8
2024-11-28,11:15,3248
2024-11-28,11:30,3446.8
2024-11-28,11:45,3799.6
2024-11-28,12:00,3731
2024-11-28,12:15,3193.4
2024-11-28,12:30,3675
2024-11-28,12:45,3794
2024-11-28,13:00,2849
2024-11-28,13:15,3560.2
2024-11-28,13:30,3799.6
2024-11-28,13:45,3330.6
2024-11-28,14:00,3432.8
2024-11-28,14:15,3810.8
2024-11-28,14:30,3761.8
2024-11-28,14:45,3288.6
2024-11-28,15:00,3715.6
2024-11-28,15:15,3834.6
2024-11-28,15:30,2982
2024-11-28,15:45,3659.6
2024-11-28,16:00,3903.2
2024-11-28,16:15,3425.8
2024-11-28,16:30,3241
2024-11-28,16:45,3598
2024-11-28,17:00,3540.6
2024-11-28,17:15,2910.6
2024-11-28,17:30,3361.4
2024-11-28,17:45,3448.2
2024-11-28,18:00,2490.6
2024-11-28,18:15,3266.2
2024-11-28,18:30,3480.4
2024-11-28,18:45,2891
2024-11-28,19:00,3137.4
2024-11-28,19:15,3508.4
2024-11-28,19:30,3472
2024-11-28,19:45,2962.4
2024-11-28,20:00,3441.2
2024-11-28,20:15,3514
2024-11-28,20:30,2622.2
2024-11-28,20:45,3308.2
2024-11-28,21:00,3543.4
2024-11-28,21:15,3033.8
2024-11-28,21:30,3179.4
2024-11-28,21:45,3533.6
2024-11-28,22:00,3500
2024-11-28,22:15,3014.2
2024-11-28,22:30,3449.6
2024-11-28,22:45,3502.8
2024-11-28,23:00,2637.6
2024-11-28,23:15,3309.6
2024-11-28,23:30,3508.4
2024-11-28,23:45,2910.6
2024-11-29,00:00,3185
2024-11-29,00:15,3505.6
2024-11-29,00:30,3463.6
2024-11-29,00:45,2937.2
2024-11-29,01:00,3399.2
2024-11-29,01:15,3486
2024-11-29,01:30,2555
2024-11-29,01:45,3287.2
2024-11-29,02:00,3493
2024-11-29,02:15,2968
2024-11-29,02:30,3140.2
2024-11-29,02:45,3508.4
2024-11-29,03:00,3446.8
2024-11-29,03:15,3012.8
2024-11-29,03:30,3424.4
2024-11-29,03:45,3466.4
2024-11-29,04:00,2602.6
2024-11-29,04:15,3295.6
2024-11-29,04:30,3500
2024-11-29,04:45,2704.8
2024-11-29,05:00,3159.8
2024-11-29,05:15,3483.2
2024-11-29,05:30,3448.2
2024-11-29,05:45,2966.6
2024-11-29,06:00,3390.8
2024-11-29,06:15,3469.2
2024-11-29,06:30,2623.6
2024-11-29,06:45,3304
2024-11-29,07:00,3494.4
2024-11-29,07:15,2451.4
2024-11-29,07:30,3200.4
2024-11-29,07:45,3537.8
2024-11-29,08:00,3459.4
2024-11-29,08:15,2846.2
2024-11-29,08:30,3791.2
2024-11-29,08:45,3945.2
2024-11-29,09:00,3036.6
2024-11-29,09:15,3676.4
2024-11-29,09:30,3990
2024-11-29,09:45,3108
2024-11-29,10:00,3613.4
2024-11-29,10:15,3959.2
2024-11-29,10:30,3816.4
2024-11-29,10:45,3505.6
2024-11-29,11:00,3900.4
2024-11-29,11:15,3924.2
2024-11-29,11:30,3126.2
2024-11-29,11:45,3746.4
2024-11-29,12:00,3749.2
2024-11-29,12:15,2553.6
2024-11-29,12:30,3458
2024-11-29,12:45,3767.4
2024-11-29,13:00,3662.4
2024-11-29,13:15,3277.4
2024-11-29,13:30,3691.8
2024-11-29,13:45,3733.8
2024-11-29,14:00,2898
2024-11-29,14:15,3558.8
2024-11-29,14:30,3752
2024-11-29,14:45,2619.4
2024-11-29,15:00,3526.6
2024-11-29,15:15,3851.4
2024-11-29,15:30,3784.2
2024-11-29,15:45,3564.4
2024-11-29,16:00,3962
2024-11-29,16:15,4020.8
2024-11-29,16:30,2913.4
2024-11-29,16:45,3385.2
2024-11-29,17:00,3421.6
2024-11-29,17:15,2192.4
2024-11-29,17:30,3064.6
2024-11-29,17:45,3364.2
2024-11-29,18:00,3283
2024-11-29,18:15,2944.2
2024-11-29,18:30,3343.2
2024-11-29,18:45,3369.8
2024-11-29,19:00,2704.8
2024-11-29,19:15,3295.6
2024-11-29,19:30,3462.2
2024-11-29,19:45,2384.2
2024-11-29,20:00,3708.6
2024-11-29,20:15,4044.6
2024-11-29,20:30,3693.2
2024-11-29,20:45,3592.4
2024-11-29,21:00,3964.8
2024-11-29,21:15,3992.8
2024-11-29,21:30,3248
2024-11-29,21:45,3847.2
2024-11-29,22:00,4015.2
2024-11-29,22:15,2262.4
2024-11-29,22:30,3172.4
2024-11-29,22:45,3525.2
2024-11-29,23:00,3077.2
2024-11-29,23:15,3035.2
2024-11-29,23:30,3407.6
2024-11-29,23:45,3417.4
2024-11-30,00:00,2721.6
2024-11-30,00:15,3292.8
2024-11-30,00:30,3428.6
2024-11-30,00:45,2315.6
2024-11-30,01:00,3193.4
2024-11-30,01:15,3479
2024-11-30,01:30,3073
2024-11-30,01:45,2969.4
2024-11-30,02:00,3353
2024-11-30,02:15,3369.8
2024-11-30,02:30,2653
2024-11-30,02:45,3239.6
2024-11-30,03:00,3393.6
2024-11-30,03:15,2359
2024-11-30,03:30,3176.6
2024-11-30,03:45,3448.2
2024-11-30,04:00,2962.4
2024-11-30,04:15,2994.6
2024-11-30,04:30,3357.2
2024-11-30,04:45,3351.6
2024-11-30,05:00,2713.2
2024-11-30,05:15,3256.4
2024-11-30,05:30,3369.8
2024-11-30,05:45,2361.8
2024-11-30,06:00,3159.8
2024-11-30,06:15,3427.2
2024-11-30,06:30,2997.4
2024-11-30,06:45,3021.2
2024-11-30,07:00,3417.4
2024-11-30,07:15,3389.4
2024-11-30,07:30,2819.6
2024-11-30,07:45,3495.8
2024-11-30,08:00,3591
2024-11-30,08:15,2612.4
2024-11-30,08:30,3341.8
2024-11-30,08:45,3638.6
2024-11-30,09:00,3185
2024-11-30,09:15,3239.6
2024-11-30,09:30,3565.8
2024-11-30,09:45,3539.2
2024-11-30,10:00,2952.6
2024-11-30,10:15,3423
2024-11-30,10:30,3542
2024-11-30,10:45,2497.6
2024-11-30,11:00,3297
2024-11-30,11:15,3537.8
2024-11-30,11:30,3081.4
2024-11-30,11:45,3122
2024-11-30,12:00,3480.4
2024-11-30,12:15,3459.4
2024-11-30,12:30,2865.8
2024-11-30,12:45,3371.2
2024-11-30,13:00,3477.6
2024-11-30,13:15,2422
2024-11-30,13:30,3257.8
2024-11-30,13:45,3535
2024-11-30,14:00,3045
2024-11-30,14:15,3126.2
2024-11-30,14:30,3463.6
2024-11-30,14:45,3449.6
2024-11-30,15:00,2847.6
2024-11-30,15:15,3418.8
2024-11-30,15:30,3539.2
2024-11-30,15:45,2681
2024-11-30,16:00,3410.4
2024-11-30,16:15,3644.2
2024-11-30,16:30,3390.8
2024-11-30,16:45,3477.6
2024-11-30,17:00,3585.4
2024-11-30,17:15,3378.2
2024-11-30,17:30,2825.2
2024-11-30,17:45,3288.6
2024-11-30,18:00,3386.6
2024-11-30,18:15,2661.4
2024-11-30,18:30,3357.2
2024-11-30,18:45,3624.6
2024-11-30,19:00,3176.6
2024-11-30,19:15,3246.6
2024-11-30,19:30,3459.4
2024-11-30,19:45,3411.8
2024-11-30,20:00,2902.2
2024-11-30,20:15,3348.8
2024-11-30,20:30,3414.6
2024-11-30,20:45,2511.6
2024-11-30,21:00,3207.4
2024-11-30,21:15,3449.6
2024-11-30,21:30,3155.6
2024-11-30,21:45,3288.6
2024-11-30,22:00,3613.4
2024-11-30,22:15,3585.4
2024-11-30,22:30,3047.8
2024-11-30,22:45,3519.6
2024-11-30,23:00,3430
2024-11-30,23:15,2483.6
2024-11-30,23:30,3239.6
2024-11-30,23:45,3455.2
2024-12-01,00:00,2917.6
2024-12-01,00:15,3088.4
2024-12-01,00:30,3438.4
2024-12-01,00:45,3396.4
2024-12-01,01:00,2885.4
2024-12-01,01:15,3316.6
2024-12-01,01:30,3421.6
2024-12-01,01:45,2492
2024-12-01,02:00,3193.4
2024-12-01,02:15,3438.4
2024-12-01,02:30,2970.8
2024-12-01,02:45,3068.8
2024-12-01,03:00,3410.4
2024-12-01,03:15,3374
2024-12-01,03:30,2903.6
2024-12-01,03:45,3339
2024-12-01,04:00,3396.4
2024-12-01,04:15,2527
2024-12-01,04:30,3224.2
2024-12-01,04:45,3441.2
2024-12-01,05:00,2931.6
2024-12-01,05:15,3080
2024-12-01,05:30,3367
2024-12-01,05:45,3404.8
2024-12-01,06:00,2875.6
2024-12-01,06:15,3341.8
2024-12-01,06:30,3441.2
2024-12-01,06:45,2535.4
2024-12-01,07:00,3253.6
2024-12-01,07:15,3486
2024-12-01,07:30,2966.6
2024-12-01,07:45,3150
2024-12-01,08:00,3672.2
2024-12-01,08:15,3596.6
2024-12-01,08:30,3358.6
2024-12-01,08:45,4065.6
2024-12-01,09:00,4095
2024-12-01,09:15,3193.4
2024-12-01,09:30,3882.2
2024-12-01,09:45,4079.6
2024-12-01,10:00,3326.4
2024-12-01,10:15,3715.6
2024-12-01,10:30,4008.2
2024-12-01,10:45,3770.2
2024-12-01,11:00,3287.2
2024-12-01,11:15,3683.4
2024-12-01,11:30,3745
2024-12-01,11:45,2947
2024-12-01,12:00,3558.8
2024-12-01,12:15,3724
2024-12-01,12:30,2528.4
2024-12-01,12:45,3417.4
2024-12-01,13:00,3726.8
2024-12-01,13:15,3634.4
2024-12-01,13:30,3295.6
2024-12-01,13:45,3689
2024-12-01,14:00,3712.8
2024-12-01,14:15,2919
2024-12-01,14:30,3546.2
2024-12-01,14:45,3729.6
2024-12-01,15:00,2571.8
2024-12-01,15:15,3470.6
2024-12-01,15:30,3805.2
2024-12-01,15:45,3435.6
2024-12-01,16:00,3428.6
2024-12-01,16:15,3763.2
2024-12-01,16:30,3792.6
2024-12-01,16:45,3074.4
2024-12-01,17:00,3536.4
2024-12-01,17:15,3655.4
2024-12-01,17:30,2532.6
2024-12-01,17:45,3406.2
2024-12-01,18:00,3683.4
2024-12-01,18:15,3347.4
2024-12-01,18:30,3262
2024-12-01,18:45,3631.6
2024-12-01,19:00,3659.6
2024-12-01,19:15,2989
2024-12-01,19:30,3577
2024-12-01,19:45,3739.4
2024-12-01,20:00,2716
2024-12-01,20:15,3504.2
2024-12-01,20:30,3806.6
2024-12-01,20:45,3322.2
2024-12-01,21:00,3340.4
2024-12-01,21:15,3680.6
2024-12-01,21:30,3900.4
2024-12-01,21:45,3231.2
2024-12-01,22:00,3796.8
2024-12-01,22:15,3929.8
2024-12-01,22:30,2815.4
2024-12-01,22:45,3658.2
2024-12-01,23:00,3967.6
2024-12-01,23:15,3579.8
2024-12-01,23:30,3516.8
2024-12-01,23:45,3886.4
2024-12-02,00:00,3872.4
2024-12-02,00:15,3245.2
2024-12-02,00:30,3792.6
2024-12-02,00:45,3903.2
2024-12-02,01:00,2700.6
2024-12-02,01:15,3486
2024-12-02,01:30,3767.4
2024-12-02,01:45,3316.6
2024-12-02,02:00,3339
2024-12-02,02:15,3701.6
2024-12-02,02:30,3693.2
2024-12-02,02:45,3047.8
2024-12-02,03:00,3586.8
2024-12-02,03:15,3693.2
2024-12-02,03:30,2636.2
2024-12-02,03:45,3432.8
2024-12-02,04:00,3729.6
2024-12-02,04:15,3257.8
2024-12-02,04:30,3348.8
2024-12-02,04:45,3696
2024-12-02,05:00,3675
2024-12-02,05:15,3091.2
2024-12-02,05:30,3595.2
2024-12-02,05:45,3708.6
2024-12-02,06:00,2689.4
2024-12-02,06:15,3481.8
2024-12-02,06:30,3749.2
2024-12-02,06:45,3270.4
2024-12-02,07:00,3358.6
2024-12-02,07:15,3715.6
2024-12-02,07:30,3711.4
2024-12-02,07:45,3080
2024-12-02,08:00,3621.8
2024-12-02,08:15,3684.8
2024-12-02,08:30,2767.8
2024-12-02,08:45,3637.2
2024-12-02,09:00,4435.2
2024-12-02,09:15,4001.2
2024-12-02,09:30,4074
2024-12-02,09:45,3298.4
2024-12-02,10:00,3071.6
2024-12-02,10:15,3073
2024-12-02,10:30,3053.4
2024-12-02,10:45,3011.4
2024-12-02,11:00,3026.8
2024-12-02,11:15,3001.6
2024-12-02,11:30,2972.2
2024-12-02,11:45,2975
2024-12-02,12:00,2882.6
2024-12-02,12:15,2793
2024-12-02,12:30,2790.2
2024-12-02,12:45,2847.6
2024-12-02,13:00,2812.6
2024-12-02,13:15,2819.6
2024-12-02,13:30,2788.8
2024-12-02,13:45,2801.4
2024-12-02,14:00,2800
2024-12-02,14:15,2809.8
2024-12-02,14:30,2815.4
2024-12-02,14:45,2497.6
2024-12-02,15:00,2055.2
2024-12-02,15:15,2097.2
2024-12-02,15:30,2037
2024-12-02,15:45,2690.8
2024-12-02,16:00,2629.2
2024-12-02,16:15,2993.2
2024-12-02,16:30,3400.6
2024-12-02,16:45,3102.4
2024-12-02,17:00,3844.4
2024-12-02,17:15,4219.6
2024-12-02,17:30,4246.2
2024-12-02,17:45,2690.8
2024-12-02,18:00,2900.8
2024-12-02,18:15,2653
2024-12-02,18:30,2661.4
2024-12-02,18:45,2655.8
2024-12-02,19:00,2594.2
2024-12-02,19:15,2643.2
2024-12-02,19:30,2653
2024-12-02,19:45,3183.6
2024-12-02,20:00,3284.4
2024-12-02,20:15,3176.6
2024-12-02,20:30,2625
2024-12-02,20:45,2622.2
2024-12-02,21:00,3372.6
2024-12-02,21:15,3393.6
2024-12-02,21:30,3417.4
2024-12-02,21:45,3411.8
2024-12-02,22:00,3383.8
2024-12-02,22:15,3378.2
2024-12-02,22:30,3386.6
2024-12-02,22:45,2819.6
2024-12-02,23:00,2847.6
2024-12-02,23:15,2717.4
2024-12-02,23:30,2769.2
2024-12-02,23:45,2825.2
2024-12-03,00:00,2710.4
2024-12-03,00:15,2725.8
2024-12-03,00:30,1965.6
2024-12-03,00:45,1962.8
2024-12-03,01:00,1965.6
2024-12-03,01:15,1965.6
2024-12-03,01:30,1975.4
2024-12-03,01:45,1978.2
2024-12-03,02:00,1964.2
2024-12-03,02:15,1960
2024-12-03,02:30,1968.4
2024-12-03,02:45,1965.6
2024-12-03,03:00,1976.8
2024-12-03,03:15,1990.8
2024-12-03,03:30,1975.4
2024-12-03,03:45,1961.4
2024-12-03,04:00,1968.4
2024-12-03,04:15,1960
2024-12-03,04:30,1975.4
2024-12-03,04:45,1929.2
2024-12-03,05:00,1943.2
2024-12-03,05:15,1940.4
2024-12-03,05:30,1958.6
2024-12-03,05:45,1940.4
2024-12-03,06:00,1930.6
2024-12-03,06:15,1940.4
2024-12-03,06:30,1957.2
2024-12-03,06:45,1961.4
2024-12-03,07:00,1982.4
2024-12-03,07:15,2004.8
2024-12-03,07:30,1978.2
2024-12-03,07:45,1948.8
2024-12-03,08:00,1953
2024-12-03,08:15,1979.6
2024-12-03,08:30,2018.8
2024-12-03,08:45,2018.8
2024-12-03,09:00,2016
2024-12-03,09:15,2014.6
2024-12-03,09:30,2010.4
2024-12-03,09:45,2013.2
2024-12-03,10:00,2020.2
2024-12-03,10:15,2016
2024-12-03,10:30,1990.8
2024-12-03,10:45,2014.6
2024-12-03,11:00,1995
2024-12-03,11:15,1976.8
2024-12-03,11:30,1992.2
2024-12-03,11:45,1974
2024-12-03,12:00,1940.4
2024-12-03,12:15,2594.2
2024-12-03,12:30,2359
2024-12-03,12:45,3179.4
2024-12-03,13:00,3644.2
2024-12-03,13:15,3707.2
2024-12-03,13:30,3771.6
2024-12-03,13:45,3775.8
2024-12-03,14:00,3721.2
2024-12-03,14:15,3687.6
2024-12-03,14:30,3540.6
2024-12-03,14:45,3396.4
2024-12-03,15:00,3215.8
2024-12-03,15:15,3043.6
2024-12-03,15:30,3095.4
2024-12-03,15:45,2494.8
2024-12-03,16:00,3369.8
2024-12-03,16:15,3780
2024-12-03,16:30,3822
2024-12-03,16:45,3878
2024-12-03,17:00,3834.6
2024-12-03,17:15,3733.8
2024-12-03,17:30,3336.2
2024-12-03,17:45,3176.6
2024-12-03,18:00,3035.2
2024-12-03,18:15,2884
2024-12-03,18:30,2723
2024-12-03,18:45,2528.4
2024-12-03,19:00,2214.8
2024-12-03,19:15,3005.8
2024-12-03,19:30,3767.4
2024-12-03,19:45,4450.6
2024-12-03,20:00,4522
2024-12-03,20:15,4502.4
2024-12-03,20:30,4410
2024-12-03,20:45,4317.6
2024-12-03,21:00,4173.4
2024-12-03,21:15,3995.6
2024-12-03,21:30,3809.4
2024-12-03,21:45,3619
2024-12-03,22:00,3431.4
2024-12-03,22:15,3124.8
2024-12-03,22:30,3949.4
2024-12-03,22:45,4345.6
2024-12-03,23:00,4390.4
2024-12-03,23:15,4418.4
2024-12-03,23:30,4375
2024-12-03,23:45,4307.8
2024-12-04,00:00,4214
2024-12-04,00:15,4074
2024-12-04,00:30,3914.4
2024-12-04,00:45,3724
2024-12-04,01:00,3539.2
2024-12-04,01:15,3431.4
2024-12-04,01:30,3299.8
2024-12-04,01:45,4099.2
2024-12-04,02:00,3789.8
2024-12-04,02:15,3809.4
2024-12-04,02:30,3831.8
2024-12-04,02:45,3796.8
2024-12-04,03:00,3701.6
2024-12-04,03:15,3609.2
2024-12-04,03:30,3484.6
2024-12-04,03:45,3304
2024-12-04,04:00,3109.4
2024-12-04,04:15,2949.8
2024-12-04,04:30,2699.2
2024-12-04,04:45,3221.4
2024-12-04,05:00,3714.2
2024-12-04,05:15,3739.4
2024-12-04,05:30,3729.6
2024-12-04,05:45,3833.2
2024-12-04,06:00,3833.2
2024-12-04,06:15,3725.4
2024-12-04,06:30,3634.4
2024-12-04,06:45,3511.2
2024-12-04,07:00,3311
2024-12-04,07:15,3143
2024-12-04,07:30,2986.2
2024-12-04,07:45,2781.8
2024-12-04,08:00,3348.8
2024-12-04,08:15,3813.6
2024-12-04,08:30,4008.2
2024-12-04,08:45,4229.4
2024-12-04,09:00,4131.4
2024-12-04,09:15,3998.4
2024-12-04,09:30,3948
2024-12-04,09:45,3809.4
2024-12-04,10:00,3647
2024-12-04,10:15,3495.8
2024-12-04,10:30,3375.4
2024-12-04,10:45,3211.6
2024-12-04,11:00,2916.2
2024-12-04,11:15,3568.6
2024-12-04,11:30,3978.8
2024-12-04,11:45,4009.6
2024-12-04,12:00,3890.6
2024-12-04,12:15,4055.8
2024-12-04,12:30,3963.4
2024-12-04,12:45,3875.2
2024-12-04,13:00,3760.4
2024-12-04,13:15,3630.2
2024-12-04,13:30,3465
2024-12-04,13:45,3313.8
2024-12-04,14:00,3143
2024-12-04,14:15,2849
2024-12-04,14:30,3333.4
2024-12-04,14:45,3782.8
2024-12-04,15:00,3824.8
2024-12-04,15:15,3879.4
2024-12-04,15:30,3879.4
2024-12-04,15:45,3761.8
2024-12-04,16:00,3680.6
2024-12-04,16:15,3570
2024-12-04,16:30,3409
2024-12-04,16:45,3137.4
2024-12-04,17:00,2909.2
2024-12-04,17:15,2709
2024-12-04,17:30,2466.8
2024-12-04,17:45,3172.4
2024-12-04,18:00,3614.8
2024-12-04,18:15,3666.6
2024-12-04,18:30,3715.6
2024-12-04,18:45,3673.6
2024-12-04,19:00,3617.6
2024-12-04,19:15,3585.4
2024-12-04,19:30,3420.2
2024-12-04,19:45,3287.2
2024-12-04,20:00,3119.2
2024-12-04,20:15,2956.8
2024-12-04,20:30,2762.2
2024-12-04,20:45,2793
2024-12-04,21:00,3519.6
2024-12-04,21:15,3703
2024-12-04,21:30,3759
2024-12-04,21:45,3490.2
2024-12-04,22:00,3448.2
2024-12-04,22:15,3357.2
2024-12-04,22:30,3264.8
2024-12-04,22:45,3136
2024-12-04,23:00,2968
2024-12-04,23:15,3130.4
2024-12-04,23:30,2963.8
2024-12-04,23:45,2731.4
2024-12-05,00:00,3147.2
2024-12-05,00:15,3638.6
2024-12-05,00:30,3725.4
2024-12-05,00:45,3775.8
2024-12-05,01:00,3789.8
2024-12-05,01:15,3728.2
2024-12-05,01:30,3648.4
2024-12-05,01:45,3561.6
2024-12-05,02:00,3424.4
2024-12-05,02:15,3274.6
2024-12-05,02:30,3091.2
2024-12-05,02:45,2916.2
2024-12-05,03:00,2674
2024-12-05,03:15,3028.2
2024-12-05,03:30,3596.6
2024-12-05,03:45,3689
2024-12-05,04:00,3733.8
2024-12-05,04:15,3760.4
2024-12-05,04:30,3710
2024-12-05,04:45,3591
2024-12-05,05:00,3501.4
2024-12-05,05:15,3344.6
2024-12-05,05:30,3178
2024-12-05,05:45,3003
2024-12-05,06:00,2849
2024-12-05,06:15,2651.6
2024-12-05,06:30,3094
2024-12-05,06:45,3591
2024-12-05,07:00,3680.6
2024-12-05,07:15,3750.6
2024-12-05,07:30,3780
2024-12-05,07:45,3747.8
2024-12-05,08:00,3680.6
2024-12-05,08:15,3567.2
2024-12-05,08:30,3444
2024-12-05,08:45,3270.4
2024-12-05,09:00,3088.4
2024-12-05,09:15,2914.8
2024-12-05,09:30,2664.2
2024-12-05,09:45,3284.4
2024-12-05,10:00,3771.6
2024-12-05,10:15,3799.6
2024-12-05,10:30,3827.6
2024-12-05,10:45,4065.6
2024-12-05,11:00,3948
2024-12-05,11:15,3861.2
2024-12-05,11:30,3732.4
2024-12-05,11:45,3600.8
2024-12-05,12:00,3337.6
2024-12-05,12:15,3194.8
2024-12-05,12:30,3038
2024-12-05,12:45,2646
2024-12-05,13:00,3382.4
2024-12-05,13:15,3848.6
2024-12-05,13:30,3848.6
2024-12-05,13:45,3913
2024-12-05,14:00,3976
2024-12-05,14:15,3827.6
2024-12-05,14:30,3799.6
2024-12-05,14:45,3672.2
2024-12-05,15:00,3504.2
2024-12-05,15:15,3330.6
2024-12-05,15:30,3214.4
2024-12-05,15:45,3015.6
2024-12-05,16:00,2738.4
2024-12-05,16:15,3413.2
2024-12-05,16:30,3879.4
2024-12-05,16:45,3931.2
2024-12-05,17:00,3787
2024-12-05,17:15,3726.8
2024-12-05,17:30,3635.8
2024-12-05,17:45,3249.4
2024-12-05,18:00,3099.6
2024-12-05,18:15,3026.8
2024-12-05,18:30,2853.2
2024-12-05,18:45,2998.8
2024-12-05,19:00,2825.2
2024-12-05,19:15,2486.4
2024-12-05,19:30,3283
2024-12-05,19:45,3715.6
2024-12-05,20:00,3747.8
2024-12-05,20:15,3810.8
2024-12-05,20:30,3724
2024-12-05,20:45,3687.6
2024-12-05,21:00,3750.6
2024-12-05,21:15,3586.8
2024-12-05,21:30,3449.6
2024-12-05,21:45,3277.4
2024-12-05,22:00,3119.2
2024-12-05,22:15,2951.2
2024-12-05,22:30,2647.4
2024-12-05,22:45,3487.4
2024-12-05,23:00,3851.4
2024-12-05,23:15,3886.4
2024-12-05,23:30,3950.8
2024-12-05,23:45,3928.4
2024-12-06,00:00,3836
2024-12-06,00:15,3698.8
2024-12-06,00:30,3572.8
2024-12-06,00:45,3396.4
2024-12-06,01:00,3257.8
2024-12-06,01:15,3057.6
2024-12-06,01:30,2826.6
2024-12-06,01:45,3260.6
2024-12-06,02:00,3803.8
2024-12-06,02:15,3851.4
2024-12-06,02:30,3885
2024-12-06,02:45,3959.2
2024-12-06,03:00,3885
2024-12-06,03:15,3788.4
2024-12-06,03:30,3704.4
2024-12-06,03:45,3581.2
2024-12-06,04:00,3393.6
2024-12-06,04:15,3220
2024-12-06,04:30,3032.4
2024-12-06,04:45,2833.6
2024-12-06,05:00,3288.6
2024-12-06,05:15,3801
2024-12-06,05:30,3862.6
2024-12-06,05:45,3900.4
2024-12-06,06:00,3922.8
2024-12-06,06:15,3865.4
2024-12-06,06:30,3847.2
2024-12-06,06:45,3740.8
2024-12-06,07:00,3579.8
2024-12-06,07:15,3437
2024-12-06,07:30,3285.8
2024-12-06,07:45,3161.2
2024-12-06,08:00,2931.6
2024-12-06,08:15,3446.8
2024-12-06,08:30,3917.2
2024-12-06,08:45,4004
2024-12-06,09:00,4174.8
2024-12-06,09:15,4142.6
2024-12-06,09:30,4064.2
2024-12-06,09:45,4001.2
2024-12-06,10:00,3826.2
2024-12-06,10:15,3712.8
2024-12-06,10:30,3535
2024-12-06,10:45,3396.4
2024-12-06,11:00,3186.4
2024-12-06,11:15,2896.6
2024-12-06,11:30,3428.6
2024-12-06,11:45,3901.8
2024-12-06,12:00,4025
2024-12-06,12:15,3970.4
2024-12-06,12:30,3974.6
2024-12-06,12:45,3999.8
2024-12-06,13:00,4464.6
2024-12-06,13:15,4310.6
2024-12-06,13:30,4148.2
2024-12-06,13:45,4086.6
2024-12-06,14:00,3896.2
2024-12-06,14:15,3866.8
2024-12-06,14:30,3515.4
2024-12-06,14:45,4200
2024-12-06,15:00,4698.4
2024-12-06,15:15,4704
2024-12-06,15:30,4729.2
2024-12-06,15:45,4733.4
2024-12-06,16:00,4625.6
2024-12-06,16:15,4520.6
2024-12-06,16:30,4390.4
2024-12-06,16:45,4204.2
2024-12-06,17:00,4050.2
2024-12-06,17:15,3861.2
2024-12-06,17:30,3670.8
2024-12-06,17:45,3327.8
2024-12-06,18:00,4093.6
2024-12-06,18:15,3966.2
2024-12-06,18:30,4022.2
2024-12-06,18:45,4089.4
2024-12-06,19:00,4078.2
2024-12-06,19:15,4043.2
2024-12-06,19:30,3948
2024-12-06,19:45,3871
2024-12-06,20:00,3703
2024-12-06,20:15,3537.8
2024-12-06,20:30,3333.4
2024-12-06,20:45,3124.8
2024-12-06,21:00,2811.2
2024-12-06,21:15,3599.4
2024-12-06,21:30,4067
2024-12-06,21:45,4046
2024-12-06,22:00,4099.2
2024-12-06,22:15,4083.8
2024-12-06,22:30,4047.4
2024-12-06,22:45,3913
2024-12-06,23:00,3837.4
2024-12-06,23:15,3689
2024-12-06,23:30,3483.2
2024-12-06,23:45,3308.2
2024-12-07,00:00,3145.8
2024-12-07,00:15,2825.2
2024-12-07,00:30,3537.8
2024-12-07,00:45,4006.8
2024-12-07,01:00,4036.2
2024-12-07,01:15,4102
2024-12-07,01:30,4060
2024-12-07,01:45,3997
2024-12-07,02:00,3872.4
2024-12-07,02:15,3752
2024-12-07,02:30,3612
2024-12-07,02:45,3378.2
2024-12-07,03:00,3271.8
2024-12-07,03:15,3059
2024-12-07,03:30,2724.4
2024-12-07,03:45,3518.2
2024-12-07,04:00,3983
2024-12-07,04:15,4013.8
2024-12-07,04:30,4089.4
2024-12-07,04:45,4013.8
2024-12-07,05:00,3959.2
2024-12-07,05:15,3882.2
2024-12-07,05:30,3721.2
2024-12-07,05:45,3490.2
2024-12-07,06:00,3351.6
2024-12-07,06:15,3199
2024-12-07,06:30,3025.4
2024-12-07,06:45,3340.4
2024-12-07,07:00,3640
2024-12-07,07:15,4020.8
2024-12-07,07:30,4062.8
2024-12-07,07:45,4219.6
2024-12-07,08:00,4163.6
2024-12-07,08:15,4072.6
2024-12-07,08:30,3981.6
2024-12-07,08:45,3806.6
2024-12-07,09:00,3683.4
2024-12-07,09:15,3280.2
2024-12-07,09:30,3049.2
2024-12-07,09:45,2826.6
2024-12-07,10:00,3245.2
2024-12-07,10:15,3831.8
2024-12-07,10:30,3864
2024-12-07,10:45,3904.6
2024-12-07,11:00,3910.2
2024-12-07,11:15,3806.6
2024-12-07,11:30,3740.8
2024-12-07,11:45,3647
2024-12-07,12:00,3479
2024-12-07,12:15,3308.2
2024-12-07,12:30,3148.6
2024-12-07,12:45,3201.8
2024-12-07,13:00,2926
2024-12-07,13:15,3444
2024-12-07,13:30,3999.8
2024-12-07,13:45,4039
2024-12-07,14:00,4068.4
2024-12-07,14:15,4043.2
2024-12-07,14:30,4029.2
2024-12-07,14:45,3754.8
2024-12-07,15:00,3675
2024-12-07,15:15,3539.2
2024-12-07,15:30,3410.4
2024-12-07,15:45,3228.4
2024-12-07,16:00,3056.2
2024-12-07,16:15,2765
2024-12-07,16:30,3337.6
2024-12-07,16:45,3757.6
2024-12-07,17:00,3780
2024-12-07,17:15,3901.8
2024-12-07,17:30,3918.6
2024-12-07,17:45,3549
2024-12-07,18:00,3444
2024-12-07,18:15,3336.2
2024-12-07,18:30,3207.4
2024-12-07,18:45,2993.2
2024-12-07,19:00,3176.6
2024-12-07,19:15,3014.2
2024-12-07,19:30,2826.6
2024-12-07,19:45,3358.6
2024-12-07,20:00,3896.2
2024-12-07,20:15,3893.4
2024-12-07,20:30,3976
2024-12-07,20:45,4006.8
2024-12-07,21:00,3889.2
2024-12-07,21:15,3826.2
2024-12-07,21:30,3697.4
2024-12-07,21:45,3542
2024-12-07,22:00,3376.8
2024-12-07,22:15,3193.4
2024-12-07,22:30,2959.6
2024-12-07,22:45,2595.6
2024-12-07,23:00,3437
2024-12-07,23:15,3855.6
2024-12-07,23:30,3900.4
2024-12-07,23:45,3969
2024-12-08,00:00,3955
2024-12-08,00:15,3854.2
2024-12-08,00:30,3760.4
2024-12-08,00:45,3592.4
2024-12-08,01:00,3455.2
2024-12-08,01:15,3264.8
2024-12-08,01:30,3095.4
2024-12-08,01:45,2881.2
2024-12-08,02:00,2716
2024-12-08,02:15,3554.6
2024-12-08,02:30,3855.6
2024-12-08,02:45,3917.2
2024-12-08,03:00,3970.4
2024-12-08,03:15,3929.8
2024-12-08,03:30,3845.8
2024-12-08,03:45,3740.8
2024-12-08,04:00,3593.8
2024-12-08,04:15,3434.2
2024-12-08,04:30,3256.4
2024-12-08,04:45,3088.4
2024-12-08,05:00,2837.8
2024-12-08,05:15,3150
2024-12-08,05:30,3740.8
2024-12-08,05:45,3893.4
2024-12-08,06:00,3917.2
2024-12-08,06:15,3987.2
2024-12-08,06:30,3936.8
2024-12-08,06:45,3873.8
2024-12-08,07:00,3753.4
2024-12-08,07:15,3612
2024-12-08,07:30,3452.4
2024-12-08,07:45,3340.4
2024-12-08,08:00,3102.4
2024-12-08,08:15,2912
2024-12-08,08:30,3302.6
2024-12-08,08:45,3859.8
2024-12-08,09:00,3865.4
2024-12-08,09:15,3964.8
2024-12-08,09:30,4004
2024-12-08,09:45,3910.2
2024-12-08,10:00,3742.2
2024-12-08,10:15,3690.4
2024-12-08,10:30,3495.8
2024-12-08,10:45,3327.8
2024-12-08,11:00,3165.4
2024-12-08,11:15,2916.2
2024-12-08,11:30,2620.8
2024-12-08,11:45,3245.2
2024-12-08,12:00,3771.6
2024-12-08,12:15,3802.4
2024-12-08,12:30,3854.2
2024-12-08,12:45,3861.2
2024-12-08,13:00,3808
2024-12-08,13:15,3690.4
2024-12-08,13:30,3593.8
2024-12-08,13:45,3406.2
2024-12-08,14:00,3298.4
2024-12-08,14:15,3108
2024-12-08,14:30,2909.2
2024-12-08,14:45,2651.6
2024-12-08,15:00,3316.6
2024-12-08,15:15,3792.6
2024-12-08,15:30,3886.4
2024-12-08,15:45,3956.4
2024-12-08,16:00,3969
2024-12-08,16:15,3838.8
2024-12-08,16:30,3773
2024-12-08,16:45,3673.6
2024-12-08,17:00,3490.2
2024-12-08,17:15,3301.2
2024-12-08,17:30,3075.8
2024-12-08,17:45,2913.4
2024-12-08,18:00,2548
2024-12-08,18:15,3456.6
2024-12-08,18:30,3854.2
2024-12-08,18:45,3925.6
2024-12-08,19:00,3946.6
2024-12-08,19:15,3950.8
2024-12-08,19:30,3823.4
2024-12-08,19:45,3778.6
2024-12-08,20:00,3670.8
2024-12-08,20:15,3495.8
2024-12-08,20:30,3329.2
2024-12-08,20:45,3110.8
2024-12-08,21:00,2958.2
2024-12-08,21:15,2651.6
2024-12-08,21:30,3498.6
2024-12-08,21:45,3880.8
2024-12-08,22:00,3942.4
2024-12-08,22:15,3999.8
2024-12-08,22:30,3945.2
2024-12-08,22:45,3848.6
2024-12-08,23:00,3715.6
2024-12-08,23:15,3579.8
2024-12-08,23:30,3424.4
2024-12-08,23:45,3266.2
2024-12-09,00:00,3134.6
2024-12-09,00:15,2885.4
2024-12-09,00:30,2588.6
2024-12-09,00:45,3435.6
2024-12-09,01:00,3844.4
2024-12-09,01:15,3910.2
2024-12-09,01:30,3952.2
2024-12-09,01:45,3927
2024-12-09,02:00,3802.4
2024-12-09,02:15,3728.2
2024-12-09,02:30,3554.6
2024-12-09,02:45,3396.4
2024-12-09,03:00,3213
2024-12-09,03:15,3045
2024-12-09,03:30,2801.4
2024-12-09,03:45,3235.4
2024-12-09,04:00,3785.6
2024-12-09,04:15,3833.2
2024-12-09,04:30,3886.4
2024-12-09,04:45,3938.2
2024-12-09,05:00,3883.6
2024-12-09,05:15,3823.4
2024-12-09,05:30,3731
2024-12-09,05:45,3596.6
2024-12-09,06:00,3397.8
2024-12-09,06:15,3234
2024-12-09,06:30,3054.8
2024-12-09,06:45,2868.6
2024-12-09,07:00,3183.6
2024-12-09,07:15,3738
2024-12-09,07:30,3873.8
2024-12-09,07:45,3935.4
2024-12-09,08:00,3990
2024-12-09,08:15,3964.8
2024-12-09,08:30,3869.6
2024-12-09,08:45,3778.6
2024-12-09,09:00,3844.4
2024-12-09,09:15,3677.8
2024-12-09,09:30,3284.4
2024-12-09,09:45,3049.2
2024-12-09,10:00,2879.8
2024-12-09,10:15,3234
2024-12-09,10:30,3859.8
2024-12-09,10:45,3903.2
2024-12-09,11:00,3950.8
2024-12-09,11:15,3934
2024-12-09,11:30,3861.2
2024-12-09,11:45,3725.4
2024-12-09,12:00,3620.4
2024-12-09,12:15,3509.8
2024-12-09,12:30,3306.8
2024-12-09,12:45,3232.6
2024-12-09,13:00,3018.4
2024-12-09,13:15,2567.6
2024-12-09,13:30,3063.2
2024-12-09,13:45,3605
2024-12-09,14:00,3627.4
2024-12-09,14:15,3672.2
2024-12-09,14:30,3631.6
2024-12-09,14:45,3532.2
2024-12-09,15:00,3480.4
2024-12-09,15:15,3344.6
2024-12-09,15:30,3194.8
2024-12-09,15:45,3077.2
2024-12-09,16:00,2858.8
2024-12-09,16:15,2696.4
2024-12-09,16:30,2489.2
2024-12-09,16:45,3063.2
2024-12-09,17:00,3547.6
2024-12-09,17:15,3543.4
2024-12-09,17:30,3567.2
2024-12-09,17:45,3637.2
2024-12-09,18:00,3488.8
2024-12-09,18:15,3418.8
2024-12-09,18:30,3291.4
2024-12-09,18:45,3152.8
2024-12-09,19:00,3056.2
2024-12-09,19:15,2818.2
2024-12-09,19:30,3021.2
2024-12-09,19:45,2660
2024-12-09,20:00,3472
2024-12-09,20:15,3826.2
2024-12-09,20:30,3858.4
2024-12-09,20:45,3928.4
2024-12-09,21:00,3903.2
2024-12-09,21:15,3816.4
2024-12-09,21:30,3743.6
2024-12-09,21:45,3607.8
2024-12-09,22:00,3441.2
2024-12-09,22:15,3256.4
2024-12-09,22:30,3081.4
2024-12-09,22:45,2896.6
2024-12-09,23:00,2578.8
2024-12-09,23:15,3445.4
2024-12-09,23:30,3815
2024-12-09,23:45,3862.6
2024-12-10,00:00,3906
2024-12-10,00:15,3872.4
2024-12-10,00:30,3785.6
2024-12-10,00:45,3700.2
2024-12-10,01:00,3567.2
2024-12-10,01:15,3395
2024-12-10,01:30,3269
2024-12-10,01:45,3028.2
2024-12-10,02:00,2861.6
2024-12-10,02:15,2615.2
2024-12-10,02:30,3435.6
2024-12-10,02:45,3761.8
2024-12-10,03:00,3824.8
2024-12-10,03:15,3866.8
2024-12-10,03:30,3829
2024-12-10,03:45,3743.6
2024-12-10,04:00,3626
2024-12-10,04:15,3491.6
2024-12-10,04:30,3336.2
2024-12-10,04:45,3194.8
2024-12-10,05:00,3061.8
2024-12-10,05:15,2840.6
2024-12-10,05:30,2612.4
2024-12-10,05:45,3431.4
2024-12-10,06:00,3810.8
2024-12-10,06:15,3862.6
2024-12-10,06:30,3939.6
2024-12-10,06:45,3869.6
2024-12-10,07:00,3817.8
2024-12-10,07:15,3707.2
2024-12-10,07:30,3572.8
2024-12-10,07:45,3416
2024-12-10,08:00,2982
2024-12-10,08:15,2790.2
2024-12-10,08:30,2549.4
2024-12-10,08:45,2849
2024-12-10,09:00,3409
2024-12-10,09:15,3729.6
2024-12-10,09:30,3677.8
2024-12-10,09:45,3732.4
2024-12-10,10:00,3652.6
2024-12-10,10:15,3591
2024-12-10,10:30,3467.8
2024-12-10,10:45,3333.4
2024-12-10,11:00,3221.4
2024-12-10,11:15,3053.4
2024-12-10,11:30,2844.8
2024-12-10,11:45,2578.8
2024-12-10,12:00,3203.2
2024-12-10,12:15,3648.4
2024-12-10,12:30,3607.8
2024-12-10,12:45,3679.2
2024-12-10,13:00,3668
2024-12-10,13:15,3621.8
2024-12-10,13:30,3536.4
2024-12-10,13:45,3438.4
2024-12-10,14:00,3297
2024-12-10,14:15,3117.8
2024-12-10,14:30,2921.8
2024-12-10,14:45,2744
2024-12-10,15:00,2651.6
2024-12-10,15:15,3409
2024-12-10,15:30,3631.6
2024-12-10,15:45,3656.8
2024-12-10,16:00,3704.4
2024-12-10,16:15,3663.8
2024-12-10,16:30,3591
2024-12-10,16:45,3689
2024-12-10,17:00,3928.4
2024-12-10,17:15,3228.4
2024-12-10,17:30,3290
2024-12-10,17:45,2851.8
2024-12-10,18:00,2650.2
2024-12-10,18:15,2340.8
2024-12-10,18:30,3123.4
2024-12-10,18:45,3582.6
2024-12-10,19:00,3635.8
2024-12-10,19:15,3997
2024-12-10,19:30,3977.4
2024-12-10,19:45,3883.6
2024-12-10,20:00,3791.2
2024-12-10,20:15,3634.4
2024-12-10,20:30,3497.2
2024-12-10,20:45,3308.2
2024-12-10,21:00,3186.4
2024-12-10,21:15,2989
2024-12-10,21:30,2655.8
2024-12-10,21:45,3383.8
2024-12-10,22:00,3862.6
2024-12-10,22:15,3894.8
2024-12-10,22:30,3976
2024-12-10,22:45,3927
2024-12-10,23:00,3885
2024-12-10,23:15,3743.6
2024-12-10,23:30,3624.6
2024-12-10,23:45,3449.6
2024-12-11,00:00,3277.4
2024-12-11,00:15,3073
2024-12-11,00:30,2870
2024-12-11,00:45,2968
2024-12-11,01:00,3644.2
2024-12-11,01:15,3829
2024-12-11,01:30,3904.6
2024-12-11,01:45,3932.6
2024-12-11,02:00,3924.2
2024-12-11,02:15,3815
2024-12-11,02:30,3743.6
2024-12-11,02:45,3575.6
2024-12-11,03:00,3431.4
2024-12-11,03:15,3220
2024-12-11,03:30,3053.4
2024-12-11,03:45,2829.4
2024-12-11,04:00,3028.2
2024-12-11,04:15,3600.8
2024-12-11,04:30,3840.2
2024-12-11,04:45,3869.6
2024-12-11,05:00,3935.4
2024-12-11,05:15,3918.6
2024-12-11,05:30,3812.2
2024-12-11,05:45,3728.2
2024-12-11,06:00,3575.6
2024-12-11,06:15,3404.8
2024-12-11,06:30,3242.4
2024-12-11,06:45,3071.6
2024-12-11,07:00,2870
2024-12-11,07:15,3229.8
2024-12-11,07:30,3827.6
2024-12-11,07:45,3911.6
2024-12-11,08:00,3977.4
2024-12-11,08:15,4205.6
2024-12-11,08:30,4153.8
2024-12-11,08:45,4033.4
2024-12-11,09:00,3771.6
2024-12-11,09:15,3644.2
2024-12-11,09:30,3455.2
2024-12-11,09:45,4880.4
2024-12-11,10:00,4687.2
2024-12-11,10:15,3698.8
2024-12-11,10:30,4855.2
2024-12-11,10:45,5402.6
2024-12-11,11:00,4397.4
2024-12-11,11:15,4142.6
2024-12-11,11:30,3889.2
2024-12-11,11:45,3841.6
2024-12-11,12:00,3733.8
2024-12-11,12:15,3633
2024-12-11,12:30,3463.6
2024-12-11,12:45,3295.6
2024-12-11,13:00,3122
2024-12-11,13:15,3554.6
2024-12-11,13:30,3504.2
2024-12-11,13:45,4015.2
2024-12-11,14:00,2972.2
2024-12-11,14:15,2947
2024-12-11,14:30,2955.4
2024-12-11,14:45,3070.2
2024-12-11,15:00,2724.4
2024-12-11,15:15,3593.8
2024-12-11,15:30,4114.6
2024-12-11,15:45,4695.6
2024-12-11,16:00,4727.8
2024-12-11,16:15,3442.6
2024-12-11,16:30,3848.6
2024-12-11,16:45,3920
2024-12-11,17:00,2858.8
2024-12-11,17:15,3421.6
2024-12-11,17:30,3675
2024-12-11,17:45,2756.6
2024-12-11,18:00,3333.4
2024-12-11,18:15,3780
2024-12-11,18:30,3693.2
2024-12-11,18:45,3113.6
2024-12-11,19:00,3666.6
2024-12-11,19:15,3733.8
2024-12-11,19:30,2906.4
2024-12-11,19:45,4095
2024-12-11,20:00,4212.6
2024-12-11,20:15,3467.8
2024-12-11,20:30,3872.4
2024-12-11,20:45,4306.4
2024-12-11,21:00,4312
2024-12-11,21:15,3676.4
2024-12-11,21:30,4235
2024-12-11,21:45,4335.8
2024-12-11,22:00,3567.2
2024-12-11,22:15,4219.6
2024-12-11,22:30,4405.8
2024-12-11,22:45,3305.4
2024-12-11,23:00,3924.2
2024-12-11,23:15,4303.6
2024-12-11,23:30,4233.6
2024-12-11,23:45,3570
2024-12-12,00:00,4149.6
2024-12-12,00:15,4183.2
2024-12-12,00:30,3304
2024-12-12,00:45,4013.8
2024-12-12,01:00,4190.2
2024-12-12,01:15,3532.2
2024-12-12,01:30,3766
2024-12-12,01:45,3717
2024-12-12,02:00,3620.4
2024-12-12,02:15,3099.6
2024-12-12,02:30,3617.6
2024-12-12,02:45,3683.4
2024-12-12,03:00,2836.4
2024-12-12,03:15,3505.6
2024-12-12,03:30,3680.6
2024-12-12,03:45,2501.8
2024-12-12,04:00,3291.4
2024-12-12,04:15,3724
2024-12-12,04:30,3633
2024-12-12,04:45,3077.2
2024-12-12,05:00,3642.8
2024-12-12,05:15,3637.2
2024-12-12,05:30,2793
2024-12-12,05:45,3476.2
2024-12-12,06:00,3677.8
2024-12-12,06:15,2475.2
2024-12-12,06:30,3346
2024-12-12,06:45,3708.6
2024-12-12,07:00,3402
2024-12-12,07:15,3138.8
2024-12-12,07:30,3628.8
2024-12-12,07:45,3680.6
2024-12-12,08:00,2954
2024-12-12,08:15,3162.6
2024-12-12,08:30,4680.2
2024-12-12,08:45,2947
2024-12-12,09:00,2769.2
2024-12-12,09:15,2832.2
2024-12-12,09:30,2686.6
2024-12-12,09:45,2406.6
2024-12-12,10:00,3120.6
2024-12-12,10:15,3592.4
2024-12-12,10:30,3621.8
2024-12-12,10:45,3683.4
2024-12-12,11:00,3746.4
2024-12-12,11:15,3666.6
2024-12-12,11:30,3550.4
2024-12-12,11:45,3424.4
2024-12-12,12:00,3274.6
2024-12-12,12:15,3078.6
2024-12-12,12:30,2906.4
2024-12-12,12:45,2889.6
2024-12-12,13:00,2524.2
2024-12-12,13:15,3360
2024-12-12,13:30,3707.2
2024-12-12,13:45,3761.8
2024-12-12,14:00,3684.8
2024-12-12,14:15,3824.8
2024-12-12,14:30,3901.8
2024-12-12,14:45,3837.4
2024-12-12,15:00,3704.4
2024-12-12,15:15,3560.2
2024-12-12,15:30,3418.8
2024-12-12,15:45,3169.6
2024-12-12,16:00,2975
2024-12-12,16:15,2843.4
2024-12-12,16:30,3577
2024-12-12,16:45,3711.4
2024-12-12,17:00,3602.2
2024-12-12,17:15,3729.6
2024-12-12,17:30,3642.8
2024-12-12,17:45,3554.6
2024-12-12,18:00,3472
2024-12-12,18:15,3330.6
2024-12-12,18:30,3197.6
2024-12-12,18:45,3033.8
2024-12-12,19:00,2875.6
2024-12-12,19:15,2667
2024-12-12,19:30,2805.6
2024-12-12,19:45,3521
2024-12-12,20:00,3679.2
2024-12-12,20:15,3687.6
2024-12-12,20:30,3722.6
2024-12-12,20:45,3858.4
2024-12-12,21:00,3766
2024-12-12,21:15,3669.4
2024-12-12,21:30,3501.4
2024-12-12,21:45,3341.8
2024-12-12,22:00,3162.6
2024-12-12,22:15,3015.6
2024-12-12,22:30,2808.4
2024-12-12,22:45,3077.2
2024-12-12,23:00,3691.8
2024-12-12,23:15,3780
2024-12-12,23:30,3845.8
2024-12-12,23:45,3861.2
2024-12-13,00:00,3859.8
2024-12-13,00:15,3739.4
2024-12-13,00:30,3444
2024-12-13,00:45,3273.2
2024-12-13,01:00,3127.6
2024-12-13,01:15,2930.2
2024-12-13,01:30,2762.2
2024-12-13,01:45,2503.2
2024-12-13,02:00,3099.6
2024-12-13,02:15,3497.2
2024-12-13,02:30,3584
2024-12-13,02:45,3658.2
2024-12-13,03:00,3687.6
2024-12-13,03:15,3638.6
2024-12-13,03:30,3532.2
2024-12-13,03:45,3410.4
2024-12-13,04:00,3270.4
2024-12-13,04:15,3088.4
2024-12-13,04:30,2933
2024-12-13,04:45,2707.6
2024-12-13,05:00,2489.2
2024-12-13,05:15,3017
2024-12-13,05:30,3497.2
2024-12-13,05:45,3619
2024-12-13,06:00,3668
2024-12-13,06:15,3689
2024-12-13,06:30,3634.4
2024-12-13,06:45,3621.8
2024-12-13,07:00,3512.6
2024-12-13,07:15,3371.2
2024-12-13,07:30,3238.2
2024-12-13,07:45,3145.8
2024-12-13,08:00,2954
2024-12-13,08:15,2769.2
2024-12-13,08:30,3333.4
2024-12-13,08:45,3833.2
2024-12-13,09:00,3866.8
2024-12-13,09:15,3959.2
2024-12-13,09:30,3974.6
2024-12-13,09:45,3903.2
2024-12-13,10:00,3787
2024-12-13,10:15,3658.2
2024-12-13,10:30,3532.2
2024-12-13,10:45,3341.8
2024-12-13,11:00,3164
2024-12-13,11:15,2956.8
2024-12-13,11:30,2653
2024-12-13,11:45,3414.6
2024-12-13,12:00,3858.4
2024-12-13,12:15,3878
2024-12-13,12:30,3931.2
2024-12-13,12:45,3900.4
2024-12-13,13:00,3808
2024-12-13,13:15,3750.6
2024-12-13,13:30,3585.4
2024-12-13,13:45,3393.6
2024-12-13,14:00,3117.8
2024-12-13,14:15,3003
2024-12-13,14:30,2860.2
2024-12-13,14:45,2541
2024-12-13,15:00,3337.6
2024-12-13,15:15,3768.8
2024-12-13,15:30,3848.6
2024-12-13,15:45,3911.6
2024-12-13,16:00,3865.4
2024-12-13,16:15,3841.6
2024-12-13,16:30,3717
2024-12-13,16:45,3586.8
2024-12-13,17:00,3428.6
2024-12-13,17:15,3229.8
2024-12-13,17:30,3032.4
2024-12-13,17:45,2842
2024-12-13,18:00,3028.2
2024-12-13,18:15,3641.4
2024-12-13,18:30,3815
2024-12-13,18:45,3841.6
2024-12-13,19:00,4135.6
2024-12-13,19:15,4096.4
2024-12-13,19:30,3998.4
2024-12-13,19:45,3938.2
2024-12-13,20:00,3784.2
2024-12-13,20:15,3609.2
2024-12-13,20:30,3465
2024-12-13,20:45,3255
2024-12-13,21:00,3040.8
2024-12-13,21:15,3404.8
2024-12-13,21:30,3995.6
2024-12-13,21:45,4081
2024-12-13,22:00,4159.4
2024-12-13,22:15,4163.6
2024-12-13,22:30,4102
2024-12-13,22:45,3771.6
2024-12-13,23:00,3647
2024-12-13,23:15,3491.6
2024-12-13,23:30,3340.4
2024-12-13,23:45,3406.2
2024-12-14,00:00,3218.6
2024-12-14,00:15,2779
2024-12-14,00:30,3301.2
2024-12-14,00:45,3820.6
2024-12-14,01:00,3852.8
2024-12-14,01:15,3935.4
2024-12-14,01:30,3679.2
2024-12-14,01:45,3607.8
2024-12-14,02:00,3500
2024-12-14,02:15,3386.6
2024-12-14,02:30,3234
2024-12-14,02:45,3108
2024-12-14,03:00,2927.4
2024-12-14,03:15,2965.2
2024-12-14,03:30,2699.2
2024-12-14,03:45,3334.8
2024-12-14,04:00,3812.2
2024-12-14,04:15,3855.6
2024-12-14,04:30,3935.4
2024-12-14,04:45,3929.8
2024-12-14,05:00,3830.4
2024-12-14,05:15,3747.8
2024-12-14,05:30,3610.6
2024-12-14,05:45,3400.6
2024-12-14,06:00,3236.8
2024-12-14,06:15,3060.4
2024-12-14,06:30,2902.2
2024-12-14,06:45,2535.4
2024-12-14,07:00,3325
2024-12-14,07:15,3845.8
2024-12-14,07:30,3929.8
2024-12-14,07:45,3736.6
2024-12-14,08:00,3686.2
2024-12-14,08:15,3617.6
2024-12-14,08:30,3507
2024-12-14,08:45,3382.4
2024-12-14,09:00,3213
2024-12-14,09:15,3059
2024-12-14,09:30,2882.6
2024-12-14,09:45,2891
2024-12-14,10:00,3304
2024-12-14,10:15,4081
2024-12-14,10:30,4459
2024-12-14,10:45,4533.2
2024-12-14,11:00,4540.2
2024-12-14,11:15,4473
2024-12-14,11:30,4379.2
2024-12-14,11:45,4274.2
2024-12-14,12:00,4125.8
2024-12-14,12:15,3976
2024-12-14,12:30,3704.4
2024-12-14,12:45,3560.2
2024-12-14,13:00,3334.8
2024-12-14,13:15,3330.6
2024-12-14,13:30,4046
2024-12-14,13:45,4256
2024-12-14,14:00,4313.4
2024-12-14,14:15,4373.6
2024-12-14,14:30,4373.6
2024-12-14,14:45,4344.2
2024-12-14,15:00,3638.6
2024-12-14,15:15,3528
2024-12-14,15:30,3360
2024-12-14,15:45,3193.4
2024-12-14,16:00,2976.4
2024-12-14,16:15,2762.2
2024-12-14,16:30,2444.4
2024-12-14,16:45,3294.2
2024-12-14,17:00,3500
2024-12-14,17:15,3560.2
2024-12-14,17:30,3620.4
2024-12-14,17:45,3483.2
2024-12-14,18:00,3480.4
2024-12-14,18:15,3304
2024-12-14,18:30,3155.6
2024-12-14,18:45,3084.2
2024-12-14,19:00,2877
2024-12-14,19:15,2777.6
2024-12-14,19:30,2515.8
2024-12-14,19:45,2966.6
2024-12-14,20:00,3501.4
2024-12-14,20:15,3584
2024-12-14,20:30,3641.4
2024-12-14,20:45,3676.4
2024-12-14,21:00,3598
2024-12-14,21:15,3549
2024-12-14,21:30,3439.8
2024-12-14,21:45,3259.2
2024-12-14,22:00,3075.8
2024-12-14,22:15,2899.4
2024-12-14,22:30,2704.8
2024-12-14,22:45,2436
2024-12-14,23:00,3053.4
2024-12-14,23:15,3523.8
2024-12-14,23:30,3575.6
2024-12-14,23:45,3452.4
2024-12-15,00:00,3490.2
2024-12-15,00:15,3413.2
2024-12-15,00:30,3320.8
2024-12-15,00:45,3222.8
2024-12-15,01:00,3054.8
2024-12-15,01:15,2889.6
2024-12-15,01:30,2707.6
2024-12-15,01:45,2515.8
2024-12-15,02:00,2233
2024-12-15,02:15,2849
2024-12-15,02:30,3336.2
2024-12-15,02:45,3386.6
2024-12-15,03:00,3439.8
2024-12-15,03:15,3445.4
2024-12-15,03:30,3425.8
2024-12-15,03:45,3322.2
2024-12-15,04:00,3225.6
2024-12-15,04:15,3082.8
2024-12-15,04:30,2865.8
2024-12-15,04:45,2672.6
2024-12-15,05:00,2514.4
2024-12-15,05:15,2234.4
2024-12-15,05:30,2847.6
2024-12-15,05:45,3334.8
2024-12-15,06:00,3390.8
2024-12-15,06:15,3431.4
2024-12-15,06:30,3439.8
2024-12-15,06:45,3379.6
2024-12-15,07:00,3283
2024-12-15,07:15,3140.2
2024-12-15,07:30,3031
2024-12-15,07:45,2991.8
2024-12-15,08:00,2804.2
2024-12-15,08:15,2597
2024-12-15,08:30,2272.2
2024-12-15,08:45,2963.8
2024-12-15,09:00,3453.8
2024-12-15,09:15,4018
2024-12-15,09:30,4090.8
2024-12-15,09:45,4044.6
2024-12-15,10:00,3942.4
2024-12-15,10:15,3813.6
2024-12-15,10:30,3633
2024-12-15,10:45,3473.4
2024-12-15,11:00,3311
2024-12-15,11:15,3175.2
2024-12-15,11:30,3007.2
2024-12-15,11:45,2646
2024-12-15,12:00,3327.8
2024-12-15,12:15,3738
2024-12-15,12:30,3764.6
2024-12-15,12:45,3750.6
2024-12-15,13:00,4034.8
2024-12-15,13:15,3981.6
2024-12-15,13:30,3872.4
2024-12-15,13:45,3749.2
2024-12-15,14:00,3563
2024-12-15,14:15,3403.4
2024-12-15,14:30,3249.4
2024-12-15,14:45,3050.6
2024-12-15,15:00,2781.8
2024-12-15,15:15,3561.6
2024-12-15,15:30,3957.8
2024-12-15,15:45,3977.4
2024-12-15,16:00,4113.2
2024-12-15,16:15,4113.2
2024-12-15,16:30,4060
2024-12-15,16:45,3225.6
2024-12-15,17:00,3150
2024-12-15,17:15,2947
2024-12-15,17:30,2753.8
2024-12-15,17:45,2573.2
2024-12-15,18:00,2396.8
2024-12-15,18:15,2157.4
2024-12-15,18:30,3018.4
2024-12-15,18:45,3816.4
2024-12-15,19:00,3915.8
2024-12-15,19:15,4018
2024-12-15,19:30,3948
2024-12-15,19:45,3886.4
2024-12-15,20:00,3802.4
2024-12-15,20:15,3627.4
2024-12-15,20:30,3452.4
2024-12-15,20:45,3297
2024-12-15,21:00,3085.6
2024-12-15,21:15,2737
2024-12-15,21:30,2563.4
2024-12-15,21:45,3379.6
2024-12-15,22:00,3886.4
2024-12-15,22:15,3911.6
2024-12-15,22:30,3976
2024-12-15,22:45,3896.2
2024-12-15,23:00,3847.2
2024-12-15,23:15,3544.8
2024-12-15,23:30,3390.8
2024-12-15,23:45,3231.2
2024-12-16,00:00,3082.8
2024-12-16,00:15,2919
2024-12-16,00:30,2707.6
2024-12-16,00:45,2772
2024-12-16,01:00,3449.6
2024-12-16,01:15,3701.6
2024-12-16,01:30,3736.6
2024-12-16,01:45,3781.4
2024-12-16,02:00,3684.8
2024-12-16,02:15,3630.2
2024-12-16,02:30,3488.8
2024-12-16,02:45,3334.8
2024-12-16,03:00,3190.6
2024-12-16,03:15,2994.6
2024-12-16,03:30,2797.2
2024-12-16,03:45,2550.8
2024-12-16,04:00,2888.2
2024-12-16,04:15,3472
2024-12-16,04:30,3602.2
2024-12-16,04:45,3682
2024-12-16,05:00,3715.6
2024-12-16,05:15,3647
2024-12-16,05:30,3591
2024-12-16,05:45,3381
2024-12-16,06:00,3309.6
2024-12-16,06:15,3110.8
2024-12-16,06:30,2972.2
2024-12-16,06:45,2791.6
2024-12-16,07:00,2517.2
2024-12-16,07:15,3119.2
2024-12-16,07:30,3641.4
2024-12-16,07:45,3679.2
2024-12-16,08:00,3764.6
2024-12-16,08:15,3798.2
2024-12-16,08:30,3701.6
2024-12-16,08:45,3659.6
2024-12-16,09:00,3511.2
2024-12-16,09:15,3309.6
2024-12-16,09:30,3166.8
2024-12-16,09:45,2934.4
2024-12-16,10:00,2793
2024-12-16,10:15,2452.8
2024-12-16,10:30,3152.8
2024-12-16,10:45,3565.8
2024-12-16,11:00,3557.4
2024-12-16,11:15,3588.2
2024-12-16,11:30,3592.4
2024-12-16,11:45,3544.8
2024-12-16,12:00,3420.2
2024-12-16,12:15,3329.2
2024-12-16,12:30,3171
2024-12-16,12:45,3014.2
2024-12-16,13:00,3052
2024-12-16,13:15,2865.8
2024-12-16,13:30,2629.2
2024-12-16,13:45,3215.8
2024-12-16,14:00,3750.6
2024-12-16,14:15,3763.2
2024-12-16,14:30,3841.6
2024-12-16,14:45,3826.2
2024-12-16,15:00,3775.8
2024-12-16,15:15,3659.6
2024-12-16,15:30,3536.4
2024-12-16,15:45,3389.4
2024-12-16,16:00,3220
2024-12-16,16:15,3084.2
2024-12-16,16:30,2921.8
2024-12-16,16:45,2676.8
2024-12-16,17:00,3152.8
2024-12-16,17:15,3571.4
2024-12-16,17:30,3606.4
2024-12-16,17:45,3624.6
2024-12-16,18:00,3402
2024-12-16,18:15,3332
2024-12-16,18:30,3241
2024-12-16,18:45,3155.6
2024-12-16,19:00,3362.8
2024-12-16,19:15,3183.6
2024-12-16,19:30,3040.8
2024-12-16,19:45,2898
2024-12-16,20:00,2524.2
2024-12-16,20:15,3053.4
2024-12-16,20:30,3451
2024-12-16,20:45,3540.6
2024-12-16,21:00,3586.8
2024-12-16,21:15,3616.2
2024-12-16,21:30,3808
2024-12-16,21:45,3705.8
2024-12-16,22:00,3571.4
2024-12-16,22:15,3336.2
2024-12-16,22:30,3248
2024-12-16,22:45,3031
2024-12-16,23:00,2877
2024-12-16,23:15,2517.2
2024-12-16,23:30,3337.6
2024-12-16,23:45,3711.4
2024-12-17,00:00,3736.6
2024-12-17,00:15,3850
2024-12-17,00:30,3823.4
2024-12-17,00:45,3721.2
2024-12-17,01:00,3616.2
2024-12-17,01:15,3495.8
2024-12-17,01:30,3315.2
2024-12-17,01:45,3141.6
2024-12-17,02:00,2963.8
2024-12-17,02:15,2758
2024-12-17,02:30,2756.6
2024-12-17,02:45,3495.8
2024-12-17,03:00,3745
2024-12-17,03:15,3798.2
2024-12-17,03:30,3833.2
2024-12-17,03:45,3788.4
2024-12-17,04:00,3689
2024-12-17,04:15,3561.6
2024-12-17,04:30,3444
2024-12-17,04:45,3252.2
2024-12-17,05:00,3066
2024-12-17,05:15,2958.2
2024-12-17,05:30,2713.2
2024-12-17,05:45,2924.6
2024-12-17,06:00,3561.6
2024-12-17,06:15,3687.6
2024-12-17,06:30,3775.8
2024-12-17,06:45,3830.4
2024-12-17,07:00,3774.4
2024-12-17,07:15,3705.8
2024-12-17,07:30,3585.4
2024-12-17,07:45,3445.4
2024-12-17,08:00,3306.8
2024-12-17,08:15,3231.2
2024-12-17,08:30,3085.6
2024-12-17,08:45,2927.4
2024-12-17,09:00,3171
2024-12-17,09:15,3801
2024-12-17,09:30,3931.2
2024-12-17,09:45,3981.6
2024-12-17,10:00,3994.2
2024-12-17,10:15,4527.6
2024-12-17,10:30,5110
2024-12-17,10:45,4106.2
2024-12-17,11:00,3383.8
2024-12-17,11:15,3305.4
2024-12-17,11:30,3721.2
2024-12-17,11:45,3708.6
2024-12-17,12:00,2268
2024-12-17,12:15,2885.4
2024-12-17,12:30,3547.6
2024-12-17,12:45,3985.8
2024-12-17,13:00,3379.6
2024-12-17,13:15,3528
2024-12-17,13:30,3934
2024-12-17,13:45,3894.8
2024-12-17,14:00,3351.6
2024-12-17,14:15,3910.2
2024-12-17,14:30,3798.2
2024-12-17,14:45,2912
2024-12-17,15:00,3557.4
2024-12-17,15:15,3829
2024-12-17,15:30,3056.2
2024-12-17,15:45,3173.8
2024-12-17,16:00,3612
2024-12-17,16:15,3578.4
2024-12-17,16:30,2913.4
2024-12-17,16:45,3556
2024-12-17,17:00,3472
2024-12-17,17:15,2592.8
2024-12-17,17:30,3211.6
2024-12-17,17:45,3488.8
2024-12-17,18:00,2591.4
2024-12-17,18:15,3071.6
2024-12-17,18:30,3539.2
2024-12-17,18:45,3700.2
2024-12-17,19:00,3133.2
2024-12-17,19:15,3677.8
2024-12-17,19:30,3740.8
2024-12-17,19:45,2907.8
2024-12-17,20:00,3536.4
2024-12-17,20:15,3852.8
2024-12-17,20:30,3168.2
2024-12-17,20:45,3313.8
2024-12-17,21:00,3816.4
2024-12-17,21:15,3717
2024-12-17,21:30,3175.2
2024-12-17,21:45,3740.8
2024-12-17,22:00,3795.4
2024-12-17,22:15,2891
2024-12-17,22:30,3540.6
2024-12-17,22:45,3750.6
2024-12-17,23:00,3067.4
2024-12-17,23:15,3316.6
2024-12-17,23:30,3761.8
2024-12-17,23:45,3714.2
2024-12-18,00:00,3080
2024-12-18,00:15,3662.4
2024-12-18,00:30,3710
2024-12-18,00:45,2797.2
2024-12-18,01:00,3516.8
2024-12-18,01:15,3729.6
2024-12-18,01:30,2991.8
2024-12-18,01:45,3311
2024-12-18,02:00,3753.4
2024-12-18,02:15,3682
2024-12-18,02:30,3070.2
2024-12-18,02:45,3673.6
2024-12-18,03:00,3696
2024-12-18,03:15,2822.4
2024-12-18,03:30,3501.4
2024-12-18,03:45,3760.4
2024-12-18,04:00,3165.4
2024-12-18,04:15,3306.8
2024-12-18,04:30,3788.4
2024-12-18,04:45,3704.4
2024-12-18,05:00,3075.8
2024-12-18,05:15,3697.4
2024-12-18,05:30,3726.8
2024-12-18,05:45,2874.2
2024-12-18,06:00,3550.4
2024-12-18,06:15,3754.8
2024-12-18,06:30,2830.8
2024-12-18,06:45,3344.6
2024-12-18,07:00,3805.2
2024-12-18,07:15,3739.4
2024-12-18,07:30,3115
2024-12-18,07:45,3817.8
2024-12-18,08:00,3892
2024-12-18,08:15,2945.6
2024-12-18,08:30,3690.4
2024-12-18,08:45,3904.6
2024-12-18,09:00,3441.2
2024-12-18,09:15,3512.6
2024-12-18,09:30,3907.4
2024-12-18,09:45,3868.2
2024-12-18,10:00,3215.8
2024-12-18,10:15,3826.2
2024-12-18,10:30,3805.2
2024-12-18,10:45,2945.6
2024-12-18,11:00,3627.4
2024-12-18,11:15,3824.8
2024-12-18,11:30,3102.4
2024-12-18,11:45,3378.2
2024-12-18,12:00,3816.4
2024-12-18,12:15,3763.2
2024-12-18,12:30,3115
2024-12-18,12:45,3767.4
2024-12-18,13:00,3759
2024-12-18,13:15,2899.4
2024-12-18,13:30,3612
2024-12-18,13:45,3904.6
2024-12-18,14:00,2780.4
2024-12-18,14:15,3411.8
2024-12-18,14:30,3882.2
2024-12-18,14:45,3795.4
2024-12-18,15:00,3211.6
2024-12-18,15:15,3780
2024-12-18,15:30,3822
2024-12-18,15:45,2976.4
2024-12-18,16:00,3686.2
2024-12-18,16:15,3908.8
2024-12-18,16:30,3038
2024-12-18,16:45,3241
2024-12-18,17:00,3693.2
2024-12-18,17:15,3620.4
2024-12-18,17:30,3017
2024-12-18,17:45,3551.8
2024-12-18,18:00,3595.2
2024-12-18,18:15,2718.8
2024-12-18,18:30,3437
2024-12-18,18:45,3648.4
2024-12-18,19:00,2711.8
2024-12-18,19:15,3262
2024-12-18,19:30,3684.8
2024-12-18,19:45,3628.8
2024-12-18,20:00,3043.6
2024-12-18,20:15,3606.4
2024-12-18,20:30,3666.6
2024-12-18,20:45,2714.6
2024-12-18,21:00,3402
2024-12-18,21:15,3680.6
2024-12-18,21:30,2644.6
2024-12-18,21:45,3241
2024-12-18,22:00,3691.8
2024-12-18,22:15,3605
2024-12-18,22:30,3011.4
2024-12-18,22:45,3613.4
2024-12-18,23:00,3628.8
2024-12-18,23:15,2751
2024-12-18,23:30,3431.4
2024-12-18,23:45,3634.4
2024-12-19,00:00,2893.8
2024-12-19,00:15,3201.8
2024-12-19,00:30,3640
2024-12-19,00:45,3600.8
2024-12-19,01:00,2983.4
2024-12-19,01:15,3554.6
2024-12-19,01:30,3626
2024-12-19,01:45,2762.2
2024-12-19,02:00,3403.4
2024-12-19,02:15,3616.2
2024-12-19,02:30,2487.8
2024-12-19,02:45,3222.8
2024-12-19,03:00,3640
2024-12-19,03:15,3568.6
2024-12-19,03:30,2959.6
2024-12-19,03:45,3539.2
2024-12-19,04:00,3595.2
2024-12-19,04:15,2710.4
2024-12-19,04:30,3404.8
2024-12-19,04:45,3612
2024-12-19,05:00,2896.6
2024-12-19,05:15,3116.4
2024-12-19,05:30,3624.6
2024-12-19,05:45,3591
2024-12-19,06:00,3026.8
2024-12-19,06:15,3581.2
2024-12-19,06:30,3626
2024-12-19,06:45,2753.8
2024-12-19,07:00,3446.8
2024-12-19,07:15,3663.8
2024-12-19,07:30,2808.4
2024-12-19,07:45,3281.6
2024-12-19,08:00,3738
2024-12-19,08:15,3973.2
2024-12-19,08:30,3312.4
2024-12-19,08:45,3847.2
2024-12-19,09:00,3903.2
2024-12-19,09:15,2982
2024-12-19,09:30,3733.8
2024-12-19,09:45,3950.8
2024-12-19,10:00,2654.4
2024-12-19,10:15,3526.6
2024-12-19,10:30,3896.2
2024-12-19,10:45,3736.6
2024-12-19,11:00,3154.2
2024-12-19,11:15,3676.4
2024-12-19,11:30,3722.6
2024-12-19,11:45,2895.2
2024-12-19,12:00,3560.2
2024-12-19,12:15,3774.4
2024-12-19,12:30,2795.8
2024-12-19,12:45,3306.8
2024-12-19,13:00,4015.2
2024-12-19,13:15,3897.6
2024-12-19,13:30,3276
2024-12-19,13:45,4012.4
2024-12-19,14:00,4081
2024-12-19,14:15,3143
2024-12-19,14:30,3878
2024-12-19,14:45,4043.2
2024-12-19,15:00,2990.4
2024-12-19,15:15,3655.4
2024-12-19,15:30,4055.8
2024-12-19,15:45,4008.2
2024-12-19,16:00,3455.2
2024-12-19,16:15,4004
2024-12-19,16:30,3715.6
2024-12-19,16:45,2954
2024-12-19,17:00,3404.8
2024-12-19,17:15,3589.6
2024-12-19,17:30,2774.8
2024-12-19,17:45,3182.2
2024-12-19,18:00,3605
2024-12-19,18:15,3508.4
2024-12-19,18:30,2991.8
2024-12-19,18:45,3554.6
2024-12-19,19:00,3575.6
2024-12-19,19:15,2770.6
2024-12-19,19:30,3428.6
2024-12-19,19:45,3610.6
2024-12-19,20:00,2412.2
2024-12-19,20:15,3246.6
2024-12-19,20:30,3654
2024-12-19,20:45,3560.2
2024-12-19,21:00,3018.4
2024-12-19,21:15,3554.6
2024-12-19,21:30,3598
2024-12-19,21:45,2762.2
2024-12-19,22:00,3438.4
2024-12-19,22:15,3606.4
2024-12-19,22:30,2433.2
2024-12-19,22:45,3256.4
2024-12-19,23:00,3648.4
2024-12-19,23:15,3417.4
2024-12-19,23:30,3026.8
2024-12-19,23:45,3574.2
2024-12-20,00:00,3598
2024-12-20,00:15,2745.4
2024-12-20,00:30,3423
2024-12-20,00:45,3605
2024-12-20,01:00,2452.8
2024-12-20,01:15,3229.8
2024-12-20,01:30,3628.8
2024-12-20,01:45,3557.4
2024-12-20,02:00,2979.2
2024-12-20,02:15,3565.8
2024-12-20,02:30,3578.4
2024-12-20,02:45,2786
2024-12-20,03:00,3451
2024-12-20,03:15,3617.6
2024-12-20,03:30,2403.8
2024-12-20,03:45,3248
2024-12-20,04:00,3648.4
2024-12-20,04:15,3312.4
2024-12-20,04:30,3028.2
2024-12-20,04:45,3498.6
2024-12-20,05:00,3588.2
2024-12-20,05:15,2787.4
2024-12-20,05:30,3448.2
2024-12-20,05:45,3579.8
2024-12-20,06:00,2333.8
2024-12-20,06:15,3292.8
2024-12-20,06:30,3651.2
2024-12-20,06:45,3199
2024-12-20,07:00,3080
2024-12-20,07:15,3605
2024-12-20,07:30,3612
2024-12-20,07:45,2854.6
2024-12-20,08:00,3449.6
2024-12-20,08:15,3873.8
2024-12-20,08:30,3305.4
2024-12-20,08:45,4268.6
2024-12-20,09:00,4460.4
2024-12-20,09:15,4117.4
2024-12-20,09:30,3929.8
2024-12-20,09:45,4576.6
2024-12-20,10:00,4603.2
2024-12-20,10:15,3837.4
2024-12-20,10:30,4513.6
2024-12-20,10:45,4604.6
2024-12-20,11:00,3521
2024-12-20,11:15,4307.8
2024-12-20,11:30,4569.6
2024-12-20,11:45,4114.6
2024-12-20,12:00,3889.2
2024-12-20,12:15,4361
2024-12-20,12:30,4454.8
2024-12-20,12:45,3901.8
2024-12-20,13:00,4489.8
2024-12-20,13:15,4613
2024-12-20,13:30,3584
2024-12-20,13:45,4285.4
2024-12-20,14:00,4701.2
2024-12-20,14:15,4275.6
2024-12-20,14:30,4191.6
2024-12-20,14:45,4684.4
2024-12-20,15:00,4649.4
2024-12-20,15:15,3964.8
2024-12-20,15:30,4589.2
2024-12-20,15:45,4674.6
2024-12-20,16:00,3617.6
2024-12-20,16:15,4384.8
2024-12-20,16:30,4403
2024-12-20,16:45,4008.2
2024-12-20,17:00,3764.6
2024-12-20,17:15,3610.6
2024-12-20,17:30,3567.2
2024-12-20,17:45,2916.2
2024-12-20,18:00,3586.8
2024-12-20,18:15,3675
2024-12-20,18:30,2742.6
2024-12-20,18:45,3435.6
2024-12-20,19:00,3722.6
2024-12-20,19:15,3252.2
2024-12-20,19:30,3243.8
2024-12-20,19:45,3708.6
2024-12-20,20:00,3684.8
2024-12-20,20:15,3011.4
2024-12-20,20:30,3623.2
2024-12-20,20:45,3693.2
2024-12-20,21:00,2711.8
2024-12-20,21:15,3442.6
2024-12-20,21:30,3738
2024-12-20,21:45,3285.8
2024-12-20,22:00,3260.6
2024-12-20,22:15,3714.2
2024-12-20,22:30,3679.2
2024-12-20,22:45,3045
2024-12-20,23:00,3638.6
2024-12-20,23:15,3682
2024-12-20,23:30,2777.6
2024-12-20,23:45,3466.4
2024-12-21,00:00,3728.2
2024-12-21,00:15,3241
2024-12-21,00:30,3242.4
2024-12-21,00:45,3711.4
2024-12-21,01:00,3676.4
2024-12-21,01:15,3018.4
2024-12-21,01:30,3633
2024-12-21,01:45,3697.4
2024-12-21,02:00,2718.8
2024-12-21,02:15,3463.6
2024-12-21,02:30,3739.4
2024-12-21,02:45,3032.4
2024-12-21,03:00,3302.6
2024-12-21,03:15,3740.8
2024-12-21,03:30,3669.4
2024-12-21,03:45,3053.4
2024-12-21,04:00,3635.8
2024-12-21,04:15,3693.2
2024-12-21,04:30,2718.8
2024-12-21,04:45,3446.8
2024-12-21,05:00,3721.2
2024-12-21,05:15,3102.4
2024-12-21,05:30,3295.6
2024-12-21,05:45,3732.4
2024-12-21,06:00,3679.2
2024-12-21,06:15,3052
2024-12-21,06:30,3658.2
2024-12-21,06:45,3725.4
2024-12-21,07:00,2839.2
2024-12-21,07:15,3529.4
2024-12-21,07:30,3735.2
2024-12-21,07:45,2933
2024-12-21,08:00,3579.8
2024-12-21,08:15,4004
2024-12-21,08:30,3953.6
2024-12-21,08:45,3340.4
2024-12-21,09:00,3900.4
2024-12-21,09:15,3943.8
2024-12-21,09:30,3061.8
2024-12-21,09:45,3738
2024-12-21,10:00,3955
2024-12-21,10:15,3337.6
2024-12-21,10:30,3484.6
2024-12-21,10:45,3991.4
2024-12-21,11:00,3897.6
2024-12-21,11:15,3294.2
2024-12-21,11:30,4095
2024-12-21,11:45,4078.2
2024-12-21,12:00,3269
2024-12-21,12:15,4015.2
2024-12-21,12:30,4139.8
2024-12-21,12:45,3371.2
2024-12-21,13:00,3732.4
2024-12-21,13:15,4145.4
2024-12-21,13:30,4145.4
2024-12-21,13:45,3525.2
2024-12-21,14:00,4055.8
2024-12-21,14:15,4148.2
2024-12-21,14:30,3190.6
2024-12-21,14:45,3908.8
2024-12-21,15:00,4148.2
2024-12-21,15:15,2955.4
2024-12-21,15:30,3787
2024-12-21,15:45,4242
2024-12-21,16:00,4138.4
2024-12-21,16:15,3578.4
2024-12-21,16:30,3880.8
2024-12-21,16:45,3964.8
2024-12-21,17:00,2881.2
2024-12-21,17:15,3574.2
2024-12-21,17:30,3739.4
2024-12-21,17:45,2742.6
2024-12-21,18:00,3295.6
2024-12-21,18:15,3733.8
2024-12-21,18:30,3661
2024-12-21,18:45,3085.6
2024-12-21,19:00,3684.8
2024-12-21,19:15,3714.2
2024-12-21,19:30,2926
2024-12-21,19:45,3613.4
2024-12-21,20:00,3739.4
2024-12-21,20:15,2511.6
2024-12-21,20:30,3371.2
2024-12-21,20:45,3791.2
2024-12-21,21:00,3641.4
2024-12-21,21:15,3162.6
2024-12-21,21:30,3731
2024-12-21,21:45,3722.6
2024-12-21,22:00,2877
2024-12-21,22:15,3588.2
2024-12-21,22:30,3738
2024-12-21,22:45,2574.6
2024-12-21,23:00,3343.2
2024-12-21,23:15,3764.6
2024-12-21,23:30,3529.4
2024-12-21,23:45,3171
2024-12-22,00:00,3715.6
2024-12-22,00:15,3714.2
2024-12-22,00:30,2889.6
2024-12-22,00:45,3547.6
2024-12-22,01:00,3726.8
2024-12-22,01:15,2496.2
2024-12-22,01:30,3364.2
2024-12-22,01:45,3767.4
2024-12-22,02:00,3616.2
2024-12-22,02:15,3116.4
2024-12-22,02:30,3687.6
2024-12-22,02:45,3715.6
2024-12-22,03:00,2832.2
2024-12-22,03:15,3572.8
2024-12-22,03:30,3721.2
2024-12-22,03:45,2447.2
2024-12-22,04:00,3362.8
2024-12-22,04:15,3760.4
2024-12-22,04:30,3598
2024-12-22,04:45,3130.4
2024-12-22,05:00,3693.2
2024-12-22,05:15,3721.2
2024-12-22,05:30,2805.6
2024-12-22,05:45,3553.2
2024-12-22,06:00,3743.6
2024-12-22,06:15,2564.8
2024-12-22,06:30,3348.8
2024-12-22,06:45,3799.6
2024-12-22,07:00,3735.2
2024-12-22,07:15,3165.4
2024-12-22,07:30,3739.4
2024-12-22,07:45,3778.6
2024-12-22,08:00,2930.2
2024-12-22,08:15,3606.4
2024-12-22,08:30,3757.6
2024-12-22,08:45,2492
2024-12-22,09:00,3502.8
2024-12-22,09:15,3873.8
2024-12-22,09:30,3707.2
2024-12-22,09:45,3199
2024-12-22,10:00,3710
2024-12-22,10:15,3726.8
2024-12-22,10:30,2870
2024-12-22,10:45,3518.2
2024-12-22,11:00,3677.8
2024-12-22,11:15,2511.6
2024-12-22,11:30,3529.4
2024-12-22,11:45,3907.4
2024-12-22,12:00,3546.2
2024-12-22,12:15,3311
2024-12-22,12:30,3858.4
2024-12-22,12:45,3920
2024-12-22,13:00,3091.2
2024-12-22,13:15,3740.8
2024-12-22,13:30,3921.4
2024-12-22,13:45,2681
2024-12-22,14:00,3546.2
2024-12-22,14:15,3942.4
2024-12-22,14:30,3726.8
2024-12-22,14:45,3361.4
2024-12-22,15:00,3784.2
2024-12-22,15:15,3890.6
2024-12-22,15:30,3117.8
2024-12-22,15:45,3736.6
2024-12-22,16:00,3873.8
2024-12-22,16:15,2744
2024-12-22,16:30,3519.6
2024-12-22,16:45,3640
2024-12-22,17:00,3207.4
2024-12-22,17:15,3017
2024-12-22,17:30,3553.2
2024-12-22,17:45,3523.8
2024-12-22,18:00,2730
2024-12-22,18:15,3407.6
2024-12-22,18:30,3549
2024-12-22,18:45,2347.8
2024-12-22,19:00,3245.2
2024-12-22,19:15,3628.8
2024-12-22,19:30,3341.8
2024-12-22,19:45,3096.8
2024-12-22,20:00,3591
2024-12-22,20:15,3571.4
2024-12-22,20:30,2851.8
2024-12-22,20:45,3460.8
2024-12-22,21:00,3591
2024-12-22,21:15,2465.4
2024-12-22,21:30,3277.4
2024-12-22,21:45,3656.8
2024-12-22,22:00,3277.4
2024-12-22,22:15,3031
2024-12-22,22:30,3565.8
2024-12-22,22:45,3560.2
2024-12-22,23:00,2801.4
2024-12-22,23:15,3442.6
2024-12-22,23:30,3581.2
2024-12-22,23:45,2482.2
2024-12-23,00:00,3318
2024-12-23,00:15,3637.2
2024-12-23,00:30,3193.4
2024-12-23,00:45,3063.2
2024-12-23,01:00,3567.2
2024-12-23,01:15,3554.6
2024-12-23,01:30,2797.2
2024-12-23,01:45,3453.8
2024-12-23,02:00,3572.8
2024-12-23,02:15,2459.8
2024-12-23,02:30,3263.4
2024-12-23,02:45,3609.2
2024-12-23,03:00,3175.2
2024-12-23,03:15,3026.8
2024-12-23,03:30,3561.6
2024-12-23,03:45,3553.2
2024-12-23,04:00,2814
2024-12-23,04:15,3442.6
2024-12-23,04:30,3547.6
2024-12-23,04:45,2485
2024-12-23,05:00,3267.6
2024-12-23,05:15,3619
2024-12-23,05:30,3176.6
2024-12-23,05:45,3025.4
2024-12-23,06:00,3546.2
2024-12-23,06:15,3530.8
2024-12-23,06:30,2801.4
2024-12-23,06:45,3442.6
2024-12-23,07:00,3572.8
2024-12-23,07:15,2426.2
2024-12-23,07:30,3260.6
2024-12-23,07:45,3638.6
2024-12-23,08:00,3166.8
2024-12-23,08:15,3075.8
2024-12-23,08:30,3570
2024-12-23,08:45,3546.2
2024-12-23,09:00,2752.4
2024-12-23,09:15,3449.6
2024-12-23,09:30,3574.2
2024-12-23,09:45,2417.8
2024-12-23,10:00,3277.4
2024-12-23,10:15,3616.2
2024-12-23,10:30,3255
2024-12-23,10:45,2986.2
2024-12-23,11:00,3526.6
2024-12-23,11:15,3529.4
2024-12-23,11:30,2713.2
2024-12-23,11:45,3382.4
2024-12-23,12:00,3539.2
2024-12-23,12:15,2492
2024-12-23,12:30,3264.8
2024-12-23,12:45,3600.8
2024-12-23,13:00,3164
2024-12-23,13:15,3035.2
2024-12-23,13:30,3556
2024-12-23,13:45,3550.4
2024-12-23,14:00,2819.6
2024-12-23,14:15,3463.6
2024-12-23,14:30,3565.8
2024-12-23,14:45,2408
2024-12-23,15:00,3255
2024-12-23,15:15,3638.6
2024-12-23,15:30,3248
2024-12-23,15:45,3059
2024-12-23,16:00,3586.8
2024-12-23,16:15,3560.2
2024-12-23,16:30,2843.4
2024-12-23,16:45,3467.8
2024-12-23,17:00,3554.6
2024-12-23,17:15,2471
2024-12-23,17:30,3164
2024-12-23,17:45,3525.2
2024-12-23,18:00,3101
2024-12-23,18:15,3019.8
2024-12-23,18:30,3542
2024-12-23,18:45,3523.8
2024-12-23,19:00,2780.4
2024-12-23,19:15,3438.4
2024-12-23,19:30,3561.6
2024-12-23,19:45,2574.6
2024-12-23,20:00,3802.4
2024-12-23,20:15,4149.6
2024-12-23,20:30,3687.6
2024-12-23,20:45,3607.8
2024-12-23,21:00,4102
2024-12-23,21:15,4169.2
2024-12-23,21:30,3456.6
2024-12-23,21:45,4069.8
2024-12-23,22:00,4184.6
2024-12-23,22:15,3120.6
2024-12-23,22:30,3918.6
2024-12-23,22:45,4187.4
2024-12-23,23:00,3740.8
2024-12-23,23:15,3596.6
2024-12-23,23:30,4082.4
2024-12-23,23:45,4071.2
2024-12-24,00:00,3298.4
2024-12-24,00:15,3952.2
2024-12-24,00:30,4034.8
2024-12-24,00:45,3017
2024-12-24,01:00,3788.4
2024-12-24,01:15,4093.6
2024-12-24,01:30,3665.2
2024-12-24,01:45,3607.8
2024-12-24,02:00,4107.6
2024-12-24,02:15,4099.2
2024-12-24,02:30,3386.6
2024-12-24,02:45,4018
2024-12-24,03:00,4114.6
2024-12-24,03:15,3017
2024-12-24,03:30,3332
2024-12-24,03:45,3648.4
2024-12-24,04:00,3192
2024-12-24,04:15,3039.4
2024-12-24,04:30,3505.6
2024-12-24,04:45,3568.6
2024-12-24,05:00,2846.2
2024-12-24,05:15,3507
2024-12-24,05:30,3579.8
2024-12-24,05:45,2583
2024-12-24,06:00,3308.2
2024-12-24,06:15,3609.2
2024-12-24,06:30,3157
2024-12-24,06:45,3089.8
2024-12-24,07:00,3570
2024-12-24,07:15,3578.4
2024-12-24,07:30,2865.8
2024-12-24,07:45,3522.4
2024-12-24,08:00,3624.6
2024-12-24,08:15,2587.2
2024-12-24,08:30,3388
2024-12-24,08:45,3698.8
2024-12-24,09:00,3166.8
2024-12-24,09:15,3221.4
2024-12-24,09:30,3626
2024-12-24,09:45,3623.2
2024-12-24,10:00,2913.4
2024-12-24,10:15,3507
2024-12-24,10:30,3616.2
2024-12-24,10:45,2637.6
2024-12-24,11:00,3351.6
2024-12-24,11:15,3599.4
2024-12-24,11:30,3113.6
2024-12-24,11:45,3077.2
2024-12-24,12:00,3525.2
2024-12-24,12:15,3526.6
2024-12-24,12:30,2847.6
2024-12-24,12:45,3425.8
2024-12-24,13:00,3628.8
2024-12-24,13:15,2739.8
2024-12-24,13:30,3428.6
2024-12-24,13:45,3705.8
2024-12-24,14:00,3291.4
2024-12-24,14:15,3343.2
2024-12-24,14:30,3798.2
2024-12-24,14:45,3788.4
2024-12-24,15:00,3052
2024-12-24,15:15,3668
2024-12-24,15:30,3829
2024-12-24,15:45,2980.6
2024-12-24,16:00,3782.8
2024-12-24,16:15,4044.6
2024-12-24,16:30,3465
2024-12-24,16:45,3434.2
2024-12-24,17:00,3864
2024-12-24,17:15,3637.2
2024-12-24,17:30,2941.4
2024-12-24,17:45,3535
2024-12-24,18:00,3612
2024-12-24,18:15,2613.8
2024-12-24,18:30,3388
2024-12-24,18:45,3714.2
2024-12-24,19:00,3263.4
2024-12-24,19:15,3200.4
2024-12-24,19:30,3724
2024-12-24,19:45,3729.6
2024-12-24,20:00,3010
2024-12-24,20:15,3655.4
2024-12-24,20:30,3739.4
2024-12-24,20:45,2781.8
2024-12-24,21:00,3490.2
2024-12-24,21:15,3782.8
2024-12-24,21:30,3298.4
2024-12-24,21:45,3313.8
2024-12-24,22:00,3775.8
2024-12-24,22:15,3708.6
2024-12-24,22:30,3064.6
2024-12-24,22:45,3638.6
2024-12-24,23:00,3689
2024-12-24,23:15,2769.2
2024-12-24,23:30,3463.6
2024-12-24,23:45,3729.6
2024-12-25,00:00,3287.2
2024-12-25,00:15,3252.2
2024-12-25,00:30,3733.8
2024-12-25,00:45,3668
2024-12-25,01:00,3050.6
2024-12-25,01:15,3640
2024-12-25,01:30,3666.6
2024-12-25,01:45,2751
2024-12-25,02:00,3465
2024-12-25,02:15,3698.8
2024-12-25,02:30,3207.4
2024-12-25,02:45,3246.6
2024-12-25,03:00,3701.6
2024-12-25,03:15,3663.8
2024-12-25,03:30,3022.6
2024-12-25,03:45,3593.8
2024-12-25,04:00,3648.4
2024-12-25,04:15,2711.8
2024-12-25,04:30,3427.2
2024-12-25,04:45,3724
2024-12-25,05:00,3140.2
2024-12-25,05:15,3250.8
2024-12-25,05:30,3686.2
2024-12-25,05:45,3592.4
2024-12-25,06:00,2949.8
2024-12-25,06:15,3602.2
2024-12-25,06:30,3584
2024-12-25,06:45,2711.8
2024-12-25,07:00,3441.2
2024-12-25,07:15,3682
2024-12-25,07:30,3194.8
2024-12-25,07:45,3532.2
2024-12-25,08:00,4005.4
2024-12-25,08:15,4009.6
2024-12-25,08:30,3340.4
2024-12-25,08:45,3969
2024-12-25,09:00,4008.2
2024-12-25,09:15,3133.2
2024-12-25,09:30,3841.6
2024-12-25,09:45,4132.8
2024-12-25,10:00,3647
2024-12-25,10:15,3795.4
2024-12-25,10:30,4173.4
2024-12-25,10:45,3998.4
2024-12-25,11:00,3435.6
2024-12-25,11:15,4009.6
2024-12-25,11:30,3778.6
2024-12-25,11:45,2856
2024-12-25,12:00,3563
2024-12-25,12:15,3803.8
2024-12-25,12:30,3271.8
2024-12-25,12:45,3325
2024-12-25,13:00,3677.8
2024-12-25,13:15,3644.2
2024-12-25,13:30,3071.6
2024-12-25,13:45,3785.6
2024-12-25,14:00,3858.4
2024-12-25,14:15,2976.4
2024-12-25,14:30,3680.6
2024-12-25,14:45,3907.4
2024-12-25,15:00,3171
2024-12-25,15:15,3579.8
2024-12-25,15:30,4043.2
2024-12-25,15:45,3987.2
2024-12-25,16:00,3348.8
2024-12-25,16:15,3927
2024-12-25,16:30,3998.4
2024-12-25,16:45,2976.4
2024-12-25,17:00,3480.4
2024-12-25,17:15,3700.2
2024-12-25,17:30,2769.2
2024-12-25,17:45,3311
2024-12-25,18:00,3708.6
2024-12-25,18:15,3659.6
2024-12-25,18:30,3095.4
2024-12-25,18:45,3677.8
2024-12-25,19:00,3729.6
2024-12-25,19:15,2843.4
2024-12-25,19:30,3560.2
2024-12-25,19:45,3766
2024-12-25,20:00,3001.6
2024-12-25,20:15,3372.6
2024-12-25,20:30,3791.2
2024-12-25,20:45,3724
2024-12-25,21:00,3095.4
2024-12-25,21:15,3752
2024-12-25,21:30,3753.4
2024-12-25,21:45,2956.8
2024-12-25,22:00,3626
2024-12-25,22:15,3768.8
2024-12-25,22:30,2604
2024-12-25,22:45,3389.4
2024-12-25,23:00,3833.2
2024-12-25,23:15,3764.6
2024-12-25,23:30,3196.2
2024-12-25,23:45,3728.2
2024-12-26,00:00,3729.6
2024-12-26,00:15,2849
2024-12-26,00:30,3553.2
2024-12-26,00:45,3739.4
2024-12-26,01:00,3074.4
2024-12-26,01:15,3332
2024-12-26,01:30,3775.8
2024-12-26,01:45,3676.4
2024-12-26,02:00,3130.4
2024-12-26,02:15,3708.6
2024-12-26,02:30,3733.8
2024-12-26,02:45,2875.6
2024-12-26,03:00,3578.4
2024-12-26,03:15,3736.6
2024-12-26,03:30,2570.4
2024-12-26,03:45,3346
2024-12-26,04:00,3771.6
2024-12-26,04:15,3682
2024-12-26,04:30,3105.2
2024-12-26,04:45,3635.8
2024-12-26,05:00,3708.6
2024-12-26,05:15,2884
2024-12-26,05:30,3551.8
2024-12-26,05:45,3708.6
2024-12-26,06:00,2529.8
2024-12-26,06:15,3371.2
2024-12-26,06:30,3773
2024-12-26,06:45,3599.4
2024-12-26,07:00,3147.2
2024-12-26,07:15,3703
2024-12-26,07:30,3728.2
2024-12-26,07:45,2874.2
2024-12-26,08:00,3581.2
2024-12-26,08:15,3855.6
2024-12-26,08:30,2821
2024-12-26,08:45,3563
2024-12-26,09:00,3978.8
2024-12-26,09:15,3899
2024-12-26,09:30,3344.6
2024-12-26,09:45,3876.6
2024-12-26,10:00,3841.6
2024-12-26,10:15,3052
2024-12-26,10:30,3698.8
2024-12-26,10:45,3866.8
2024-12-26,11:00,2599.8
2024-12-26,11:15,3469.2
2024-12-26,11:30,3878
2024-12-26,11:45,3743.6
2024-12-26,12:00,3204.6
2024-12-26,12:15,3774.4
2024-12-26,12:30,3809.4
2024-12-26,12:45,2955.4
2024-12-26,13:00,3472
2024-12-26,13:15,3652.6
2024-12-26,13:30,2590
2024-12-26,13:45,3313.8
2024-12-26,14:00,3910.2
2024-12-26,14:15,3666.6
2024-12-26,14:30,3309.6
2024-12-26,14:45,3859.8
2024-12-26,15:00,3686.2
2024-12-26,15:15,2888.2
2024-12-26,15:30,3780
2024-12-26,15:45,3966.2
2024-12-26,16:00,2780.4
2024-12-26,16:15,3598
2024-12-26,16:30,4004
2024-12-26,16:45,3648.4
2024-12-26,17:00,3148.6
2024-12-26,17:15,3561.6
2024-12-26,17:30,3584
2024-12-26,17:45,2907.8
2024-12-26,18:00,3656.8
2024-12-26,18:15,3812.2
2024-12-26,18:30,2578.8
2024-12-26,18:45,3428.6
2024-12-26,19:00,3813.6
2024-12-26,19:15,3512.6
2024-12-26,19:30,3241
2024-12-26,19:45,3799.6
2024-12-26,20:00,3834.6
2024-12-26,20:15,3017
2024-12-26,20:30,3651.2
2024-12-26,20:45,3815
2024-12-26,21:00,2609.6
2024-12-26,21:15,3451
2024-12-26,21:30,3896.2
2024-12-26,21:45,3600.8
2024-12-26,22:00,3277.4
2024-12-26,22:15,3792.6
2024-12-26,22:30,3759
2024-12-26,22:45,3003
2024-12-26,23:00,3670.8
2024-12-26,23:15,3799.6
2024-12-26,23:30,2634.8
2024-12-26,23:45,3466.4
2024-12-27,00:00,3854.2
2024-12-27,00:15,3452.4
2024-12-27,00:30,3241
2024-12-27,00:45,3735.2
2024-12-27,01:00,3735.2
2024-12-27,01:15,2961
2024-12-27,01:30,3652.6
2024-12-27,01:45,3768.8
2024-12-27,02:00,2716
2024-12-27,02:15,3452.4
2024-12-27,02:30,3823.4
2024-12-27,02:45,3367
2024-12-27,03:00,3224.2
2024-12-27,03:15,3752
2024-12-27,03:30,3733.8
2024-12-27,03:45,2975
2024-12-27,04:00,3656.8
2024-12-27,04:15,3768.8
2024-12-27,04:30,2566.2
2024-12-27,04:45,3411.8
2024-12-27,05:00,3838.8
2024-12-27,05:15,3462.2
2024-12-27,05:30,3215.8
2024-12-27,05:45,3743.6
2024-12-27,06:00,3753.4
2024-12-27,06:15,3017
2024-12-27,06:30,3661
2024-12-27,06:45,3766
2024-12-27,07:00,2671.2
2024-12-27,07:15,3477.6
2024-12-27,07:30,3844.4
2024-12-27,07:45,3364.2
2024-12-27,08:00,3218.6
2024-12-27,08:15,3976
2024-12-27,08:30,3929.8
2024-12-27,08:45,3155.6
2024-12-27,09:00,3862.6
2024-12-27,09:15,3988.6
2024-12-27,09:30,2798.6
2024-12-27,09:45,3528
2024-12-27,10:00,3917.2
2024-12-27,10:15,3378.2
2024-12-27,10:30,3312.4
2024-12-27,10:45,3806.6
2024-12-27,11:00,3780
2024-12-27,11:15,3059
2024-12-27,11:30,3696
2024-12-27,11:45,3774.4
2024-12-27,12:00,2739.8
2024-12-27,12:15,3479
2024-12-27,12:30,3834.6
2024-12-27,12:45,3424.4
2024-12-27,13:00,3298.4
2024-12-27,13:15,3787
2024-12-27,13:30,3725.4
2024-12-27,13:45,2983.4
2024-12-27,14:00,3648.4
2024-12-27,14:15,3764.6
2024-12-27,14:30,2756.6
2024-12-27,14:45,3521
2024-12-27,15:00,3845.8
2024-12-27,15:15,3392.2
2024-12-27,15:30,3316.6
2024-12-27,15:45,3808
2024-12-27,16:00,3871
2024-12-27,16:15,3105.2
2024-12-27,16:30,3732.4
2024-12-27,16:45,3600.8
2024-12-27,17:00,2620.8
2024-12-27,17:15,3381
2024-12-27,17:30,3704.4
2024-12-27,17:45,3253.6
2024-12-27,18:00,3133.2
2024-12-27,18:15,3652.6
2024-12-27,18:30,3651.2
2024-12-27,18:45,2966.6
2024-12-27,19:00,3593.8
2024-12-27,19:15,3694.6
2024-12-27,19:30,2678.2
2024-12-27,19:45,3444
2024-12-27,20:00,3753.4
2024-12-27,20:15,3277.4
2024-12-27,20:30,3194.8
2024-12-27,20:45,3690.4
2024-12-27,21:00,3676.4
2024-12-27,21:15,2930.2
2024-12-27,21:30,3574.2
2024-12-27,21:45,3729.6
2024-12-27,22:00,2567.6
2024-12-27,22:15,3379.6
2024-12-27,22:30,3764.6
2024-12-27,22:45,3347.4
2024-12-27,23:00,3222.8
2024-12-27,23:15,3729.6
2024-12-27,23:30,3725.4
2024-12-27,23:45,2955.4
2024-12-28,00:00,3600.8
2024-12-28,00:15,3717
2024-12-28,00:30,2591.4
2024-12-28,00:45,3407.6
2024-12-28,01:00,3775.8
2024-12-28,01:15,3353
2024-12-28,01:30,3180.8
2024-12-28,01:45,3728.2
2024-12-28,02:00,3619
2024-12-28,02:15,2916.2
2024-12-28,02:30,3535
2024-12-28,02:45,3676.4
2024-12-28,03:00,2636.2
2024-12-28,03:15,3378.2
2024-12-28,03:30,3721.2
2024-12-28,03:45,3252.2
2024-12-28,04:00,3186.4
2024-12-28,04:15,3696
2024-12-28,04:30,3687.6
2024-12-28,04:45,2931.6
2024-12-28,05:00,3593.8
2024-12-28,05:15,3693.2
2024-12-28,05:30,2546.6
2024-12-28,05:45,3402
2024-12-28,06:00,3682
2024-12-28,06:15,3290
2024-12-28,06:30,3169.6
2024-12-28,06:45,3703
2024-12-28,07:00,3696
2024-12-28,07:15,2980.6
2024-12-28,07:30,3606.4
2024-12-28,07:45,3833.2
2024-12-28,08:00,2794.4
2024-12-28,08:15,3550.4
2024-12-28,08:30,3852.8
2024-12-28,08:45,3374
2024-12-28,09:00,3278.8
2024-12-28,09:15,3789.8
2024-12-28,09:30,3593.8
2024-12-28,09:45,2942.8
2024-12-28,10:00,3602.2
2024-12-28,10:15,3668
2024-12-28,10:30,2577.4
2024-12-28,10:45,3445.4
2024-12-28,11:00,3684.8
2024-12-28,11:15,3220
2024-12-28,11:30,3186.4
2024-12-28,11:45,3634.4
2024-12-28,12:00,3627.4
2024-12-28,12:15,2928.8
2024-12-28,12:30,3515.4
2024-12-28,12:45,3661
2024-12-28,13:00,2627.8
2024-12-28,13:15,3361.4
2024-12-28,13:30,3637.2
2024-12-28,13:45,3178
2024-12-28,14:00,3115
2024-12-28,14:15,3603.6
2024-12-28,14:30,3588.2
2024-12-28,14:45,2863
2024-12-28,15:00,3574.2
2024-12-28,15:15,3628.8
2024-12-28,15:30,2693.6
2024-12-28,15:45,3438.4
2024-12-28,16:00,3743.6
2024-12-28,16:15,3266.2
2024-12-28,16:30,3186.4
2024-12-28,16:45,3726.8
2024-12-28,17:00,3810.8
2024-12-28,17:15,2888.2
2024-12-28,17:30,3504.2
2024-12-28,17:45,3630.2
2024-12-28,18:00,2592.8
2024-12-28,18:15,3315.2
2024-12-28,18:30,3652.6
2024-12-28,18:45,3180.8
2024-12-28,19:00,3162.6
2024-12-28,19:15,3661
2024-12-28,19:30,3627.4
2024-12-28,19:45,2970.8
2024-12-28,20:00,3567.2
2024-12-28,20:15,3652.6
2024-12-28,20:30,2688
2024-12-28,20:45,3444
2024-12-28,21:00,3686.2
2024-12-28,21:15,3271.8
2024-12-28,21:30,3190.6
2024-12-28,21:45,3679.2
2024-12-28,22:00,3659.6
2024-12-28,22:15,2972.2
2024-12-28,22:30,3582.6
2024-12-28,22:45,3675
2024-12-28,23:00,2751
2024-12-28,23:15,3473.4
2024-12-28,23:30,3682
2024-12-28,23:45,3221.4
2024-12-29,00:00,3243.8
2024-12-29,00:15,3708.6
2024-12-29,00:30,3655.4
2024-12-29,00:45,2962.4
2024-12-29,01:00,3603.6
2024-12-29,01:15,3647
2024-12-29,01:30,2634.8
2024-12-29,01:45,3409
2024-12-29,02:00,3682
2024-12-29,02:15,3234
2024-12-29,02:30,3165.4
2024-12-29,02:45,3656.8
2024-12-29,03:00,3649.8
2024-12-29,03:15,2966.6
2024-12-29,03:30,3558.8
2024-12-29,03:45,3630.2
2024-12-29,04:00,2637.6
2024-12-29,04:15,3367
2024-12-29,04:30,3677.8
2024-12-29,04:45,3162.6
2024-12-29,05:00,3117.8
2024-12-29,05:15,3670.8
2024-12-29,05:30,3670.8
2024-12-29,05:45,2914.8
2024-12-29,06:00,3570
2024-12-29,06:15,3642.8
2024-12-29,06:30,2581.6
2024-12-29,06:45,3365.6
2024-12-29,07:00,3707.2
2024-12-29,07:15,3196.2
2024-12-29,07:30,3176.6
2024-12-29,07:45,3745
2024-12-29,08:00,3672.2
2024-12-29,08:15,2941.4
2024-12-29,08:30,3542
2024-12-29,08:45,3662.4
2024-12-29,09:00,2671.2
2024-12-29,09:15,3400.6
2024-12-29,09:30,3676.4
2024-12-29,09:45,3193.4
2024-12-29,10:00,3178
2024-12-29,10:15,3631.6
2024-12-29,10:30,3742.2
2024-12-29,10:45,3026.8
2024-12-29,11:00,3620.4
2024-12-29,11:15,3771.6
2024-12-29,11:30,2878.4
2024-12-29,11:45,3600.8
2024-12-29,12:00,3886.4
2024-12-29,12:15,3388
2024-12-29,12:30,3260.6
2024-12-29,12:45,3747.8
2024-12-29,13:00,3735.2
2024-12-29,13:15,3046.4
2024-12-29,13:30,3652.6
2024-12-29,13:45,3753.4
2024-12-29,14:00,2730
2024-12-29,14:15,3459.4
2024-12-29,14:30,3796.8
2024-12-29,14:45,3344.6
2024-12-29,15:00,3285.8
2024-12-29,15:15,3768.8
2024-12-29,15:30,3756.2
2024-12-29,15:45,3180.8
2024-12-29,16:00,3791.2
2024-12-29,16:15,3883.6
2024-12-29,16:30,2921.8
2024-12-29,16:45,3474.8
2024-12-29,17:00,3833.2
2024-12-29,17:15,3390.8
2024-12-29,17:30,3350.2
2024-12-29,17:45,3812.2
2024-12-29,18:00,3763.2
2024-12-29,18:15,3075.8
2024-12-29,18:30,3673.6
2024-12-29,18:45,3787
2024-12-29,19:00,2800
2024-12-29,19:15,3542
2024-12-29,19:30,3840.2
2024-12-29,19:45,3294.2
2024-12-29,20:00,3418.8
2024-12-29,20:15,3864
2024-12-29,20:30,3802.4
2024-12-29,20:45,3166.8
2024-12-29,21:00,3799.6
2024-12-29,21:15,3841.6
2024-12-29,21:30,2900.8
2024-12-29,21:45,3663.8
2024-12-29,22:00,3873.8
2024-12-29,22:15,3421.6
2024-12-29,22:30,3385.2
2024-12-29,22:45,3848.6
2024-12-29,23:00,3822
2024-12-29,23:15,3078.6
2024-12-29,23:30,3670.8
2024-12-29,23:45,3767.4
2024-12-30,00:00,2843.4
2024-12-30,00:15,3543.4
2024-12-30,00:30,3770.2
2024-12-30,00:45,3291.4
2024-12-30,01:00,3228.4
2024-12-30,01:15,3771.6
2024-12-30,01:30,3726.8
2024-12-30,01:45,2970.8
2024-12-30,02:00,3574.2
2024-12-30,02:15,3623.2
2024-12-30,02:30,2685.2
2024-12-30,02:45,3399.2
2024-12-30,03:00,3698.8
2024-12-30,03:15,3227
2024-12-30,03:30,3186.4
2024-12-30,03:45,3645.6
2024-12-30,04:00,3640
2024-12-30,04:15,2982
2024-12-30,04:30,3581.2
2024-12-30,04:45,3638.6
2024-12-30,05:00,2646
2024-12-30,05:15,3397.8
2024-12-30,05:30,3693.2
2024-12-30,05:45,3192
2024-12-30,06:00,3189.2
2024-12-30,06:15,3663.8
2024-12-30,06:30,3630.2
2024-12-30,06:45,2931.6
2024-12-30,07:00,3557.4
2024-12-30,07:15,3634.4
2024-12-30,07:30,2641.8
2024-12-30,07:45,3584
2024-12-30,08:00,3777.2
2024-12-30,08:15,3260.6
2024-12-30,08:30,3220
2024-12-30,08:45,3635.8
2024-12-30,09:00,3592.4
2024-12-30,09:15,2902.2
2024-12-30,09:30,3469.2
2024-12-30,09:45,3544.8
2024-12-30,10:00,2563.4
2024-12-30,10:15,3458
2024-12-30,10:30,3726.8
2024-12-30,10:45,3234
2024-12-30,11:00,3185
2024-12-30,11:15,3647
2024-12-30,11:30,3602.2
2024-12-30,11:45,2930.2
2024-12-30,12:00,3560.2
2024-12-30,12:15,3600.8
2024-12-30,12:30,2549.4
2024-12-30,12:45,3365.6
2024-12-30,13:00,3683.4
2024-12-30,13:15,3413.2
2024-12-30,13:30,3532.2
2024-12-30,13:45,3710
2024-12-30,14:00,4134.2
2024-12-30,14:15,3266.2
2024-12-30,14:30,3991.4
2024-12-30,14:45,3931.2
2024-12-30,15:00,3206
2024-12-30,15:15,3861.2
2024-12-30,15:30,3890.6
2024-12-30,15:45,3924.2
2024-12-30,16:00,3673.6
2024-12-30,16:15,2331
2024-12-30,16:30,2336.6
2024-12-30,16:45,2415
2024-12-30,17:00,2331
2024-12-30,17:15,2319.8
2024-12-30,17:30,3710
2024-12-30,17:45,3539.2
2024-12-30,18:00,3344.6
2024-12-30,18:15,3200.4
2024-12-30,18:30,3024
2024-12-30,18:45,2808.4
2024-12-30,19:00,3327.8
2024-12-30,19:15,3819.2
2024-12-30,19:30,3882.2
2024-12-30,19:45,3935.4
2024-12-30,20:00,3819.2
2024-12-30,20:15,3785.6
2024-12-30,20:30,3708.6
2024-12-30,20:45,3575.6
2024-12-30,21:00,3533.6
2024-12-30,21:15,3862.6
2024-12-30,21:30,3757.6
2024-12-30,21:45,3578.4
2024-12-30,22:00,3326.4
2024-12-30,22:15,3887.8
2024-12-30,22:30,4377.8
2024-12-30,22:45,4449.2
2024-12-30,23:00,4503.8
2024-12-30,23:15,3879.4
2024-12-30,23:30,3815
2024-12-30,23:45,3708.6
2024-12-31,00:00,3575.6
2024-12-31,00:15,3467.8
2024-12-31,00:30,3323.6
2024-12-31,00:45,3122
2024-12-31,01:00,2951.2
2024-12-31,01:15,2672.6
2024-12-31,01:30,3271.8
2024-12-31,01:45,3781.4
2024-12-31,02:00,3788.4
2024-12-31,02:15,3904.6
2024-12-31,02:30,3904.6
2024-12-31,02:45,3806.6
2024-12-31,03:00,3729.6
2024-12-31,03:15,3585.4
2024-12-31,03:30,3420.2
2024-12-31,03:45,3255
2024-12-31,04:00,3064.6
2024-12-31,04:15,2907.8
2024-12-31,04:30,2713.2
2024-12-31,04:45,3266.2
2024-12-31,05:00,3787
2024-12-31,05:15,3742.2
2024-12-31,05:30,3764.6
2024-12-31,05:45,3859.8
2024-12-31,06:00,3822
2024-12-31,06:15,3701.6
2024-12-31,06:30,3579.8
2024-12-31,06:45,3431.4
2024-12-31,07:00,3206
2024-12-31,07:15,3036.6
2024-12-31,07:30,2916.2
2024-12-31,07:45,2662.8
2024-12-31,08:00,3389.4
2024-12-31,08:15,3840.2
2024-12-31,08:30,3990
2024-12-31,08:45,4058.6
2024-12-31,09:00,4064.2
2024-12-31,09:15,3962
2024-12-31,09:30,3882.2
2024-12-31,09:45,3750.6
2024-12-31,10:00,3638.6
2024-12-31,10:15,3403.4
2024-12-31,10:30,3227
2024-12-31,10:45,3073
2024-12-31,11:00,2671.2
2024-12-31,11:15,3388
2024-12-31,11:30,3876.6
2024-12-31,11:45,3925.6
2024-12-31,12:00,3943.8
2024-12-31,12:15,3921.4
2024-12-31,12:30,3889.2
2024-12-31,12:45,3782.8
2024-12-31,13:00,3640
2024-12-31,13:15,3466.4
2024-12-31,13:30,3893.4
2024-12-31,13:45,3750.6
2024-12-31,14:00,3558.8
2024-12-31,14:15,3221.4
2024-12-31,14:30,3887.8
2024-12-31,14:45,4368
2024-12-31,15:00,4414.2
2024-12-31,15:15,4485.6
2024-12-31,15:30,4461.8
2024-12-31,15:45,4355.4
2024-12-31,16:00,4113.2
2024-12-31,16:15,4022.2
2024-12-31,16:30,3830.4
2024-12-31,16:45,3705.8
2024-12-31,17:00,3557.4
2024-12-31,17:15,3575.6
2024-12-31,17:30,3078.6
2024-12-31,17:45,3787
2024-12-31,18:00,4270
2024-12-31,18:15,4337.2
2024-12-31,18:30,4383.4
2024-12-31,18:45,4354
2024-12-31,19:00,4279.8
2024-12-31,19:15,4191.6
2024-12-31,19:30,4103.4
2024-12-31,19:45,3890.6
2024-12-31,20:00,3718.4
2024-12-31,20:15,3557.4
2024-12-31,20:30,3389.4
2024-12-31,20:45,3143
2024-12-31,21:00,3864
2024-12-31,21:15,4334.4
2024-12-31,21:30,4355.4
2024-12-31,21:45,4435.2
2024-12-31,22:00,4397.4
2024-12-31,22:15,4410
2024-12-31,22:30,3761.8
2024-12-31,22:45,3617.6
2024-12-31,23:00,3458
2024-12-31,23:15,3260.6
2024-12-31,23:30,3077.2
2024-12-31,23:45,2949.8
2025-01-01,00:00,2898
2025-01-01,00:15,3640
2025-01-01,00:30,3900.4
2025-01-01,00:45,3922.8
2025-01-01,01:00,3929.8
2025-01-01,01:15,3913
2025-01-01,01:30,3823.4
2025-01-01,01:45,3722.6
2025-01-01,02:00,3610.6
2025-01-01,02:15,3393.6
2025-01-01,02:30,3252.2
2025-01-01,02:45,3075.8
2025-01-01,03:00,2818.2
2025-01-01,03:15,2913.4
2025-01-01,03:30,3609.2
2025-01-01,03:45,3803.8
2025-01-01,04:00,3851.4
2025-01-01,04:15,3861.2
2025-01-01,04:30,3822
2025-01-01,04:45,3662.4
2025-01-01,05:00,3575.6
2025-01-01,05:15,3444
2025-01-01,05:30,3340.4
2025-01-01,05:45,3197.6
2025-01-01,06:00,3012.8
2025-01-01,06:15,2815.4
2025-01-01,06:30,3155.6
2025-01-01,06:45,3705.8
2025-01-01,07:00,3841.6
2025-01-01,07:15,3893.4
2025-01-01,07:30,3988.6
2025-01-01,07:45,3920
2025-01-01,08:00,3824.8
2025-01-01,08:15,3683.4
2025-01-01,08:30,3488.8
2025-01-01,08:45,3297
2025-01-01,09:00,3183.6
2025-01-01,09:15,3005.8
2025-01-01,09:30,2790.2
2025-01-01,09:45,3232.6
2025-01-01,10:00,3768.8
2025-01-01,10:15,3750.6
2025-01-01,10:30,3817.8
2025-01-01,10:45,3813.6
2025-01-01,11:00,3759
2025-01-01,11:15,3633
2025-01-01,11:30,3514
2025-01-01,11:45,3369.8
2025-01-01,12:00,3186.4
2025-01-01,12:15,2993.2
2025-01-01,12:30,2856
2025-01-01,12:45,2580.2
2025-01-01,13:00,3161.2
2025-01-01,13:15,3655.4
2025-01-01,13:30,4291
2025-01-01,13:45,4314.8
2025-01-01,14:00,4380.6
2025-01-01,14:15,4293.8
2025-01-01,14:30,3647
2025-01-01,14:45,3525.2
2025-01-01,15:00,3316.6
2025-01-01,15:15,3711.4
2025-01-01,15:30,3530.8
2025-01-01,15:45,3302.6
2025-01-01,16:00,3004.4
2025-01-01,16:15,3703
2025-01-01,16:30,4249
2025-01-01,16:45,4355.4
2025-01-01,17:00,4428.2
2025-01-01,17:15,4397.4
2025-01-01,17:30,4351.2
2025-01-01,17:45,4247.6
2025-01-01,18:00,4134.2
2025-01-01,18:15,3953.6
2025-01-01,18:30,3752
2025-01-01,18:45,3581.2
2025-01-01,19:00,2857.4
2025-01-01,19:15,2556.4
2025-01-01,19:30,3291.4
2025-01-01,19:45,3777.2
2025-01-01,20:00,3866.8
2025-01-01,20:15,3910.2
2025-01-01,20:30,3879.4
2025-01-01,20:45,3812.2
2025-01-01,21:00,3687.6
2025-01-01,21:15,3627.4
2025-01-01,21:30,3465
2025-01-01,21:45,3285.8
2025-01-01,22:00,3116.4
2025-01-01,22:15,2900.8
2025-01-01,22:30,2597
2025-01-01,22:45,3250.8
2025-01-01,23:00,3655.4
2025-01-01,23:15,3771.6
2025-01-01,23:30,3841.6
2025-01-01,23:45,3827.6
2025-01-02,00:00,3745
2025-01-02,00:15,3641.4
2025-01-02,00:30,3504.2
2025-01-02,00:45,3326.4
2025-01-02,01:00,3151.4
2025-01-02,01:15,2976.4
2025-01-02,01:30,2819.6
2025-01-02,01:45,2723
2025-01-02,02:00,3483.2
2025-01-02,02:15,3754.8
2025-01-02,02:30,3816.4
2025-01-02,02:45,3861.2
2025-01-02,03:00,3806.6
2025-01-02,03:15,3714.2
2025-01-02,03:30,3596.6
2025-01-02,03:45,3456.6
2025-01-02,04:00,3311
2025-01-02,04:15,3123.4
2025-01-02,04:30,2914.8
2025-01-02,04:45,2699.2
2025-01-02,05:00,3095.4
2025-01-02,05:15,3666.6
2025-01-02,05:30,3718.4
2025-01-02,05:45,3756.2
2025-01-02,06:00,3810.8
2025-01-02,06:15,3745
2025-01-02,06:30,3689
2025-01-02,06:45,3568.6
2025-01-02,07:00,3451
2025-01-02,07:15,3260.6
2025-01-02,07:30,3136
2025-01-02,07:45,2962.4
2025-01-02,08:00,2742.6
2025-01-02,08:15,3312.4
2025-01-02,08:30,3651.2
2025-01-02,08:45,3711.4
2025-01-02,09:00,3745
2025-01-02,09:15,3871
2025-01-02,09:30,3848.6
2025-01-02,09:45,3733.8
2025-01-02,10:00,3619
2025-01-02,10:15,3416
2025-01-02,10:30,2987.6
2025-01-02,10:45,2797.2
2025-01-02,11:00,2611
2025-01-02,11:15,2336.6
2025-01-02,11:30,2927.4
2025-01-02,11:45,3385.2
2025-01-02,12:00,3441.2
2025-01-02,12:15,3481.8
2025-01-02,12:30,3494.4
2025-01-02,12:45,4030.6
2025-01-02,13:00,3983
2025-01-02,13:15,3880.8
2025-01-02,13:30,3722.6
2025-01-02,13:45,3746.4
2025-01-02,14:00,3500
2025-01-02,14:15,3383.8
2025-01-02,14:30,3200.4
2025-01-02,14:45,3838.8
2025-01-02,15:00,4279.8
2025-01-02,15:15,4326
2025-01-02,15:30,4330.2
2025-01-02,15:45,4349.8
2025-01-02,16:00,4188.8
2025-01-02,16:15,4081
2025-01-02,16:30,3963.4
2025-01-02,16:45,3738
2025-01-02,17:00,3682
2025-01-02,17:15,3435.6
2025-01-02,17:30,3326.4
2025-01-02,17:45,3099.6
2025-01-02,18:00,3187.8
2025-01-02,18:15,3614.8
2025-01-02,18:30,3652.6
2025-01-02,18:45,3746.4
2025-01-02,19:00,3743.6
2025-01-02,19:15,3677.8
2025-01-02,19:30,3610.6
2025-01-02,19:45,3491.6
2025-01-02,20:00,3305.4
2025-01-02,20:15,3158.4
2025-01-02,20:30,2948.4
2025-01-02,20:45,2790.2
2025-01-02,21:00,2634.8
2025-01-02,21:15,3416
2025-01-02,21:30,3700.2
2025-01-02,21:45,3743.6
2025-01-02,22:00,3827.6
2025-01-02,22:15,3792.6
2025-01-02,22:30,3742.2
2025-01-02,22:45,3595.2
2025-01-02,23:00,3491.6
2025-01-02,23:15,3308.2
2025-01-02,23:30,3157
2025-01-02,23:45,2959.6
2025-01-03,00:00,2783.2
2025-01-03,00:15,3022.6
2025-01-03,00:30,3599.4
2025-01-03,00:45,3738
2025-01-03,01:00,3780
2025-01-03,01:15,3858.4
2025-01-03,01:30,3794
2025-01-03,01:45,3690.4
2025-01-03,02:00,3616.2
2025-01-03,02:15,3502.8
2025-01-03,02:30,3332
2025-01-03,02:45,3151.4
2025-01-03,03:00,2972.2
2025-01-03,03:15,2738.4
2025-01-03,03:30,3159.8
2025-01-03,03:45,3701.6
2025-01-03,04:00,3770.2
2025-01-03,04:15,3824.8
2025-01-03,04:30,3855.6
2025-01-03,04:45,3799.6
2025-01-03,05:00,3705.8
2025-01-03,05:15,3467.8
2025-01-03,05:30,3284.4
2025-01-03,05:45,3095.4
2025-01-03,06:00,2987.6
2025-01-03,06:15,2780.4
2025-01-03,06:30,2528.4
2025-01-03,06:45,3073
2025-01-03,07:00,3563
2025-01-03,07:15,3614.8
2025-01-03,07:30,3700.2
2025-01-03,07:45,3739.4
2025-01-03,08:00,3689
2025-01-03,08:15,3575.6
2025-01-03,08:30,3407.6
2025-01-03,08:45,3217.2
2025-01-03,09:00,3043.6
2025-01-03,09:15,2877
2025-01-03,09:30,2668.4
2025-01-03,09:45,2497.6
2025-01-03,10:00,3215.8
2025-01-03,10:15,3633
2025-01-03,10:30,3641.4
2025-01-03,10:45,3712.8
2025-01-03,11:00,3761.8
2025-01-03,11:15,3630.2
2025-01-03,11:30,3532.2
2025-01-03,11:45,3400.6
2025-01-03,12:00,3283
2025-01-03,12:15,3061.8
2025-01-03,12:30,2853.2
2025-01-03,12:45,2657.2
2025-01-03,13:00,2378.6
2025-01-03,13:15,3057.6
2025-01-03,13:30,3536.4
2025-01-03,13:45,3585.4
2025-01-03,14:00,3619
2025-01-03,14:15,3628.8
2025-01-03,14:30,3563
2025-01-03,14:45,3493
2025-01-03,15:00,3369.8
2025-01-03,15:15,3257.8
2025-01-03,15:30,3066
2025-01-03,15:45,2909.2
2025-01-03,16:00,2763.6
2025-01-03,16:15,2391.2
2025-01-03,16:30,3215.8
2025-01-03,16:45,3642.8
2025-01-03,17:00,3651.2
2025-01-03,17:15,3707.2
2025-01-03,17:30,3690.4
2025-01-03,17:45,3609.2
2025-01-03,18:00,3505.6
2025-01-03,18:15,3390.8
2025-01-03,18:30,3285.8
2025-01-03,18:45,3143
2025-01-03,19:00,2970.8
2025-01-03,19:15,2774.8
2025-01-03,19:30,2499
2025-01-03,19:45,3204.6
2025-01-03,20:00,3669.4
2025-01-03,20:15,3736.6
2025-01-03,20:30,3812.2
2025-01-03,20:45,3759
2025-01-03,21:00,3693.2
2025-01-03,21:15,3591
2025-01-03,21:30,3462.2
2025-01-03,21:45,3276
2025-01-03,22:00,3130.4
2025-01-03,22:15,2968
2025-01-03,22:30,2811.2
2025-01-03,22:45,2461.2
2025-01-03,23:00,3248
2025-01-03,23:15,3701.6
2025-01-03,23:30,3770.2
2025-01-03,23:45,3844.4
2025-01-04,00:00,3761.8
2025-01-04,00:15,3700.2
2025-01-04,00:30,3641.4
2025-01-04,00:45,3428.6
2025-01-04,01:00,3252.2
2025-01-04,01:15,3053.4
2025-01-04,01:30,2885.4
2025-01-04,01:45,2545.2
2025-01-04,02:00,2884
2025-01-04,02:15,3472
2025-01-04,02:30,3567.2
2025-01-04,02:45,3586.8
2025-01-04,03:00,3662.4
2025-01-04,03:15,3591
2025-01-04,03:30,3521
2025-01-04,03:45,3400.6
2025-01-04,04:00,3245.2
2025-01-04,04:15,3081.4
2025-01-04,04:30,2910.6
2025-01-04,04:45,2667
2025-01-04,05:00,2454.2
2025-01-04,05:15,3007.2
2025-01-04,05:30,3544.8
2025-01-04,05:45,3550.4
2025-01-04,06:00,3613.4
2025-01-04,06:15,3621.8
2025-01-04,06:30,3557.4
2025-01-04,06:45,3505.6
2025-01-04,07:00,3402
2025-01-04,07:15,3277.4
2025-01-04,07:30,3122
2025-01-04,07:45,2942.8
2025-01-04,08:00,2746.8
2025-01-04,08:15,2599.8
2025-01-04,08:30,3134.6
2025-01-04,08:45,3659.6
2025-01-04,09:00,3703
2025-01-04,09:15,3619
2025-01-04,09:30,3669.4
2025-01-04,09:45,3572.8
2025-01-04,10:00,3495.8
2025-01-04,10:15,3351.6
2025-01-04,10:30,3204.6
2025-01-04,10:45,3085.6
2025-01-04,11:00,2917.6
2025-01-04,11:15,2732.8
2025-01-04,11:30,2532.6
2025-01-04,11:45,3038
2025-01-04,12:00,3549
2025-01-04,12:15,3591
2025-01-04,12:30,3658.2
2025-01-04,12:45,3663.8
2025-01-04,13:00,3612
2025-01-04,13:15,3494.4
2025-01-04,13:30,3386.6
2025-01-04,13:45,3105.2
2025-01-04,14:00,2899.4
2025-01-04,14:15,2703.4
2025-01-04,14:30,2592.8
2025-01-04,14:45,2249.8
2025-01-04,15:00,2888.2
2025-01-04,15:15,3418.8
2025-01-04,15:30,3459.4
2025-01-04,15:45,3459.4
2025-01-04,16:00,3467.8
2025-01-04,16:15,3432.8
2025-01-04,16:30,3327.8
2025-01-04,16:45,3354.4
2025-01-04,17:00,3138.8
2025-01-04,17:15,2923.2
2025-01-04,17:30,2765
2025-01-04,17:45,2646
2025-01-04,18:00,2353.4
2025-01-04,18:15,3046.4
2025-01-04,18:30,3493
2025-01-04,18:45,3537.8
2025-01-04,19:00,3596.6
2025-01-04,19:15,3607.8
2025-01-04,19:30,3558.8
2025-01-04,19:45,3509.8
2025-01-04,20:00,3365.6
2025-01-04,20:15,3224.2
2025-01-04,20:30,3053.4
2025-01-04,20:45,2888.2
2025-01-04,21:00,2658.6
2025-01-04,21:15,2346.4
2025-01-04,21:30,3063.2
2025-01-04,21:45,3500
2025-01-04,22:00,3563
2025-01-04,22:15,3648.4
2025-01-04,22:30,3606.4
2025-01-04,22:45,3515.4
2025-01-04,23:00,3343.2
2025-01-04,23:15,3281.6
2025-01-04,23:30,3085.6
2025-01-04,23:45,3018.4
2025-01-05,00:00,2835
2025-01-05,00:15,2647.4
2025-01-05,00:30,2304.4
2025-01-05,00:45,3032.4
2025-01-05,01:00,3488.8
2025-01-05,01:15,3547.6
2025-01-05,01:30,3592.4
2025-01-05,01:45,3535
2025-01-05,02:00,3490.2
2025-01-05,02:15,3378.2
2025-01-05,02:30,3229.8
2025-01-05,02:45,3075.8
2025-01-05,03:00,2913.4
2025-01-05,03:15,2758
2025-01-05,03:30,2581.6
2025-01-05,03:45,2290.4
2025-01-05,04:00,3019.8
2025-01-05,04:15,3470.6
2025-01-05,04:30,3532.2
2025-01-05,04:45,3621.8
2025-01-05,05:00,3551.8
2025-01-05,05:15,3481.8
2025-01-05,05:30,3397.8
2025-01-05,05:45,3278.8
2025-01-05,06:00,3094
2025-01-05,06:15,2916.2
2025-01-05,06:30,2767.8
2025-01-05,06:45,2567.6
2025-01-05,07:00,2538.2
2025-01-05,07:15,3046.4
2025-01-05,07:30,3521
2025-01-05,07:45,3570
2025-01-05,08:00,3655.4
2025-01-05,08:15,3616.2
2025-01-05,08:30,3542
2025-01-05,08:45,3452.4
2025-01-05,09:00,3308.2
2025-01-05,09:15,3108
2025-01-05,09:30,2917.6
2025-01-05,09:45,2711.8
2025-01-05,10:00,2531.2
2025-01-05,10:15,2520
2025-01-05,10:30,3192
2025-01-05,10:45,3437
2025-01-05,11:00,3498.6
2025-01-05,11:15,3497.2
2025-01-05,11:30,3448.2
2025-01-05,11:45,3341.8
2025-01-05,12:00,3263.4
2025-01-05,12:15,3110.8
2025-01-05,12:30,2952.6
2025-01-05,12:45,2791.6
2025-01-05,13:00,2605.4
2025-01-05,13:15,2405.2
2025-01-05,13:30,2744
2025-01-05,13:45,3306.8
2025-01-05,14:00,3362.8
2025-01-05,14:15,3409
2025-01-05,14:30,3473.4
2025-01-05,14:45,3379.6
2025-01-05,15:00,3332
2025-01-05,15:15,3234
2025-01-05,15:30,3173.8
2025-01-05,15:45,3007.2
2025-01-05,16:00,2843.4
2025-01-05,16:15,2688
2025-01-05,16:30,2485
2025-01-05,16:45,2828
2025-01-05,17:00,3453.8
2025-01-05,17:15,3493
2025-01-05,17:30,3491.6
2025-01-05,17:45,3532.2
2025-01-05,18:00,3474.8
2025-01-05,18:15,3402
2025-01-05,18:30,3305.4
2025-01-05,18:45,3141.6
2025-01-05,19:00,3010
2025-01-05,19:15,2809.8
2025-01-05,19:30,2709
2025-01-05,19:45,2468.2
2025-01-05,20:00,3025.4
2025-01-05,20:15,3483.2
2025-01-05,20:30,3523.8
2025-01-05,20:45,3634.4
2025-01-05,21:00,3614.8
2025-01-05,21:15,3556
2025-01-05,21:30,3472
2025-01-05,21:45,3369.8
2025-01-05,22:00,3169.6
2025-01-05,22:15,3005.8
2025-01-05,22:30,2829.4
2025-01-05,22:45,2654.4
2025-01-05,23:00,2328.2
2025-01-05,23:15,3053.4
2025-01-05,23:30,3514
2025-01-05,23:45,3523.8
2025-01-06,00:00,3581.2
2025-01-06,00:15,3595.2
2025-01-06,00:30,3551.8
2025-01-06,00:45,3458
2025-01-06,01:00,3362.8
2025-01-06,01:15,3201.8
2025-01-06,01:30,3011.4
2025-01-06,01:45,2840.6
2025-01-06,02:00,2636.2
2025-01-06,02:15,2343.6
2025-01-06,02:30,3077.2
2025-01-06,02:45,3544.8
2025-01-06,03:00,3589.6
2025-01-06,03:15,3652.6
2025-01-06,03:30,3591
2025-01-06,03:45,3546.2
2025-01-06,04:00,3480.4
2025-01-06,04:15,3350.2
2025-01-06,04:30,3179.4
2025-01-06,04:45,3007.2
2025-01-06,05:00,2837.8
2025-01-06,05:15,2636.2
2025-01-06,05:30,2329.6
2025-01-06,05:45,3113.6
2025-01-06,06:00,3547.6
2025-01-06,06:15,3593.8
2025-01-06,06:30,3673.6
2025-01-06,06:45,3642.8
2025-01-06,07:00,3543.4
2025-01-06,07:15,3453.8
2025-01-06,07:30,3351.6
2025-01-06,07:45,3197.6
2025-01-06,08:00,3012.8
2025-01-06,08:15,2920.4
2025-01-06,08:30,2784.6
2025-01-06,08:45,2576
2025-01-06,09:00,3358.6
2025-01-06,09:15,3637.2
2025-01-06,09:30,3659.6
2025-01-06,09:45,3700.2
2025-01-06,10:00,3648.4
2025-01-06,10:15,3515.4
2025-01-06,10:30,3404.8
2025-01-06,10:45,3232.6
2025-01-06,11:00,3046.4
2025-01-06,11:15,2885.4
2025-01-06,11:30,2685.2
2025-01-06,11:45,2465.4
2025-01-06,12:00,2548
2025-01-06,12:15,3203.2
2025-01-06,12:30,3469.2
2025-01-06,12:45,3490.2
2025-01-06,13:00,3551.8
2025-01-06,13:15,3495.8
2025-01-06,13:30,3420.2
2025-01-06,13:45,3297
2025-01-06,14:00,3155.6
2025-01-06,14:15,3000.2
2025-01-06,14:30,2849
2025-01-06,14:45,2683.8
2025-01-06,15:00,2458.4
2025-01-06,15:15,2956.8
2025-01-06,15:30,3430
2025-01-06,15:45,3516.8
2025-01-06,16:00,3585.4
2025-01-06,16:15,3648.4
2025-01-06,16:30,3619
2025-01-06,16:45,3561.6
2025-01-06,17:00,3469.2
2025-01-06,17:15,3288.6
2025-01-06,17:30,3152.8
2025-01-06,17:45,2961
2025-01-06,18:00,2762.2
2025-01-06,18:15,2559.2
2025-01-06,18:30,2959.6
2025-01-06,18:45,3508.4
2025-01-06,19:00,3567.2
2025-01-06,19:15,3635.8
2025-01-06,19:30,3711.4
2025-01-06,19:45,3656.8
2025-01-06,20:00,3595.2
2025-01-06,20:15,3486
2025-01-06,20:30,3368.4
2025-01-06,20:45,3208.8
2025-01-06,21:00,2962.4
2025-01-06,21:15,2759.4
2025-01-06,21:30,2542.4
2025-01-06,21:45,3032.4
2025-01-06,22:00,3588.2
2025-01-06,22:15,3627.4
2025-01-06,22:30,3712.8
2025-01-06,22:45,3719.8
2025-01-06,23:00,3630.2
2025-01-06,23:15,3529.4
2025-01-06,23:30,3413.2
2025-01-06,23:45,3273.2
2025-01-07,00:00,3088.4
2025-01-07,00:15,2935.8
2025-01-07,00:30,2739.8
2025-01-07,00:45,2466.8
2025-01-07,01:00,3095.4
2025-01-07,01:15,3578.4
2025-01-07,01:30,3605
2025-01-07,01:45,3673.6
2025-01-07,02:00,3680.6
2025-01-07,02:15,3626
2025-01-07,02:30,3549
2025-01-07,02:45,3393.6
2025-01-07,03:00,3235.4
2025-01-07,03:15,3077.2
2025-01-07,03:30,2906.4
2025-01-07,03:45,2695
2025-01-07,04:00,2357.6
2025-01-07,04:15,3096.8
2025-01-07,04:30,3588.2
2025-01-07,04:45,3610.6
2025-01-07,05:00,3647
2025-01-07,05:15,3728.2
2025-01-07,05:30,3648.4
2025-01-07,05:45,3547.6
2025-01-07,06:00,3395
2025-01-07,06:15,3229.8
2025-01-07,06:30,3094
2025-01-07,06:45,2893.8
2025-01-07,07:00,2713.2
2025-01-07,07:15,2396.8
2025-01-07,07:30,3213
2025-01-07,07:45,3635.8
2025-01-07,08:00,3697.4
2025-01-07,08:15,3760.4
2025-01-07,08:30,3710
2025-01-07,08:45,3647
2025-01-07,09:00,3487.4
2025-01-07,09:15,3325
2025-01-07,09:30,3169.6
2025-01-07,09:45,2975
2025-01-07,10:00,2788.8
2025-01-07,10:15,2584.4
2025-01-07,10:30,2284.8
2025-01-07,10:45,3099.6
2025-01-07,11:00,3434.2
2025-01-07,11:15,3526.6
2025-01-07,11:30,3540.6
2025-01-07,11:45,3504.2
2025-01-07,12:00,3431.4
2025-01-07,12:15,3291.4
2025-01-07,12:30,3200.4
2025-01-07,12:45,3075.8
2025-01-07,13:00,2920.4
2025-01-07,13:15,2657.2
2025-01-07,13:30,2513
2025-01-07,13:45,2483.6
2025-01-07,14:00,3872.4
2025-01-07,14:15,4034.8
2025-01-07,14:30,4103.4
2025-01-07,14:45,4173.4
2025-01-07,15:00,4135.6
2025-01-07,15:15,4096.4
2025-01-07,15:30,3990
2025-01-07,15:45,3840.2
2025-01-07,16:00,3656.8
2025-01-07,16:15,3444
2025-01-07,16:30,3287.2
2025-01-07,16:45,3131.8
2025-01-07,17:00,3168.2
2025-01-07,17:15,3918.6
2025-01-07,17:30,3938.2
2025-01-07,17:45,4095
2025-01-07,18:00,4068.4
2025-01-07,18:15,4064.2
2025-01-07,18:30,3995.6
2025-01-07,18:45,3904.6
2025-01-07,19:00,3203.2
2025-01-07,19:15,3019.8
2025-01-07,19:30,2870
2025-01-07,19:45,2671.2
2025-01-07,20:00,2494.8
2025-01-07,20:15,3091.2
2025-01-07,20:30,3543.4
2025-01-07,20:45,3551.8
2025-01-07,21:00,3612
2025-01-07,21:15,3647
2025-01-07,21:30,3586.8
2025-01-07,21:45,3512.6
2025-01-07,22:00,3376.8
2025-01-07,22:15,3214.4
2025-01-07,22:30,3077.2
2025-01-07,22:45,2879.8
2025-01-07,23:00,2679.6
2025-01-07,23:15,2387
2025-01-07,23:30,3116.4
2025-01-07,23:45,3571.4
2025-01-08,00:00,3585.4
2025-01-08,00:15,3662.4
2025-01-08,00:30,3635.8
2025-01-08,00:45,3570
2025-01-08,01:00,3470.6
2025-01-08,01:15,3344.6
2025-01-08,01:30,3201.8
2025-01-08,01:45,3045
2025-01-08,02:00,2870
2025-01-08,02:15,2655.8
2025-01-08,02:30,2347.8
2025-01-08,02:45,3098.2
2025-01-08,03:00,3557.4
2025-01-08,03:15,3596.6
2025-01-08,03:30,3638.6
2025-01-08,03:45,3607.8
2025-01-08,04:00,3505.6
2025-01-08,04:15,3400.6
2025-01-08,04:30,3218.6
2025-01-08,04:45,3123.4
2025-01-08,05:00,2993.2
2025-01-08,05:15,2784.6
2025-01-08,05:30,2599.8
2025-01-08,05:45,2263.8
2025-01-08,06:00,3049.2
2025-01-08,06:15,3479
2025-01-08,06:30,3564.4
2025-01-08,06:45,3621.8
2025-01-08,07:00,3571.4
2025-01-08,07:15,3512.6
2025-01-08,07:30,3411.8
2025-01-08,07:45,3292.8
2025-01-08,08:00,3158.4
2025-01-08,08:15,2972.2
2025-01-08,08:30,2784.6
2025-01-08,08:45,2598.4
2025-01-08,09:00,2534
2025-01-08,09:15,3309.6
2025-01-08,09:30,3620.4
2025-01-08,09:45,3675
2025-01-08,10:00,3747.8
2025-01-08,10:15,3621.8
2025-01-08,10:30,3575.6
2025-01-08,10:45,3421.6
2025-01-08,11:00,3308.2
2025-01-08,11:15,3080
2025-01-08,11:30,2916.2
2025-01-08,11:45,2724.4
2025-01-08,12:00,2476.6
2025-01-08,12:15,2993.2
2025-01-08,12:30,3472
2025-01-08,12:45,3505.6
2025-01-08,13:00,3518.2
2025-01-08,13:15,3609.2
2025-01-08,13:30,3530.8
2025-01-08,13:45,3466.4
2025-01-08,14:00,3386.6
2025-01-08,14:15,3200.4
2025-01-08,14:30,3061.8
2025-01-08,14:45,2895.2
2025-01-08,15:00,2762.2
2025-01-08,15:15,2501.8
2025-01-08,15:30,3143
2025-01-08,15:45,3605
2025-01-08,16:00,3673.6
2025-01-08,16:15,3682
2025-01-08,16:30,3719.8
2025-01-08,16:45,3610.6
2025-01-08,17:00,3476.2
2025-01-08,17:15,3333.4
2025-01-08,17:30,3200.4
2025-01-08,17:45,3092.6
2025-01-08,18:00,2903.6
2025-01-08,18:15,2765
2025-01-08,18:30,2479.4
2025-01-08,18:45,3080
2025-01-08,19:00,3598
2025-01-08,19:15,3637.2
2025-01-08,19:30,3733.8
2025-01-08,19:45,4285.4
2025-01-08,20:00,4232.2
2025-01-08,20:15,4113.2
2025-01-08,20:30,3953.6
2025-01-08,20:45,3815
2025-01-08,21:00,3662.4
2025-01-08,21:15,3547.6
2025-01-08,21:30,3382.4
2025-01-08,21:45,3045
2025-01-08,22:00,3735.2
2025-01-08,22:15,4197.2
2025-01-08,22:30,4188.8
2025-01-08,22:45,4279.8
2025-01-08,23:00,4237.8
2025-01-08,23:15,4125.8
2025-01-08,23:30,4067
2025-01-08,23:45,3914.4
2025-01-09,00:00,3767.4
2025-01-09,00:15,3561.6
2025-01-09,00:30,3425.8
2025-01-09,00:45,3228.4
2025-01-09,01:00,3084.2
2025-01-09,01:15,3903.2
2025-01-09,01:30,3658.2
2025-01-09,01:45,3733.8
2025-01-09,02:00,3810.8
2025-01-09,02:15,3778.6
2025-01-09,02:30,3682
2025-01-09,02:45,3571.4
2025-01-09,03:00,3458
2025-01-09,03:15,3287.2
2025-01-09,03:30,3106.6
2025-01-09,03:45,2875.6
2025-01-09,04:00,2648.8
2025-01-09,04:15,2847.6
2025-01-09,04:30,3528
2025-01-09,04:45,3628.8
2025-01-09,05:00,3710
2025-01-09,05:15,3767.4
2025-01-09,05:30,3605
2025-01-09,05:45,3529.4
2025-01-09,06:00,3332
2025-01-09,06:15,3294.2
2025-01-09,06:30,3050.6
2025-01-09,06:45,2916.2
2025-01-09,07:00,2745.4
2025-01-09,07:15,2517.2
2025-01-09,07:30,3022.6
2025-01-09,07:45,3537.8
2025-01-09,08:00,3644.2
2025-01-09,08:15,3666.6
2025-01-09,08:30,3620.4
2025-01-09,08:45,3582.6
2025-01-09,09:00,3463.6
2025-01-09,09:15,3350.2
2025-01-09,09:30,3189.2
2025-01-09,09:45,3017
2025-01-09,10:00,2839.2
2025-01-09,10:15,2657.2
2025-01-09,10:30,2532.6
2025-01-09,10:45,3003
2025-01-09,11:00,3539.2
2025-01-09,11:15,3595.2
2025-01-09,11:30,3645.6
2025-01-09,11:45,3662.4
2025-01-09,12:00,3602.2
2025-01-09,12:15,3528
2025-01-09,12:30,3424.4
2025-01-09,12:45,3228.4
2025-01-09,13:00,2860.2
2025-01-09,13:15,2665.6
2025-01-09,13:30,2711.8
2025-01-09,13:45,2510.2
2025-01-09,14:00,3017
2025-01-09,14:15,3550.4
2025-01-09,14:30,3634.4
2025-01-09,14:45,3634.4
2025-01-09,15:00,3722.6
2025-01-09,15:15,3718.4
2025-01-09,15:30,3617.6
2025-01-09,15:45,3529.4
2025-01-09,16:00,3322.2
2025-01-09,16:15,3122
2025-01-09,16:30,2975
2025-01-09,16:45,2826.6
2025-01-09,17:00,2482.2
2025-01-09,17:15,3203.2
2025-01-09,17:30,3649.8
2025-01-09,17:45,3635.8
2025-01-09,18:00,3743.6
2025-01-09,18:15,3747.8
2025-01-09,18:30,3669.4
2025-01-09,18:45,3578.4
2025-01-09,19:00,3456.6
2025-01-09,19:15,3311
2025-01-09,19:30,3217.2
2025-01-09,19:45,2965.2
2025-01-09,20:00,2836.4
2025-01-09,20:15,2468.2
2025-01-09,20:30,3316.6
2025-01-09,20:45,3722.6
2025-01-09,21:00,3802.4
2025-01-09,21:15,3857
2025-01-09,21:30,3789.8
2025-01-09,21:45,3721.2
2025-01-09,22:00,3638.6
2025-01-09,22:15,3507
2025-01-09,22:30,3325
2025-01-09,22:45,3161.2
2025-01-09,23:00,2996
2025-01-09,23:15,2777.6
2025-01-09,23:30,2872.8
2025-01-09,23:45,3507
2025-01-10,00:00,3735.2
2025-01-10,00:15,3787
2025-01-10,00:30,3813.6
2025-01-10,00:45,3710
2025-01-10,01:00,3633
2025-01-10,01:15,3539.2
2025-01-10,01:30,3368.4
2025-01-10,01:45,3194.8
2025-01-10,02:00,3089.8
2025-01-10,02:15,2903.6
2025-01-10,02:30,2704.8
2025-01-10,02:45,2727.2
2025-01-10,03:00,3490.2
2025-01-10,03:15,3672.2
2025-01-10,03:30,3735.2
2025-01-10,03:45,3759
2025-01-10,04:00,3690.4
2025-01-10,04:15,3626
2025-01-10,04:30,3509.8
2025-01-10,04:45,3311
2025-01-10,05:00,3138.8
2025-01-10,05:15,3022.6
2025-01-10,05:30,2847.6
2025-01-10,05:45,2583
2025-01-10,06:00,2860.2
2025-01-10,06:15,3570
2025-01-10,06:30,3700.2
2025-01-10,06:45,3756.2
2025-01-10,07:00,3803.8
2025-01-10,07:15,3743.6
2025-01-10,07:30,3707.2
2025-01-10,07:45,3553.2
2025-01-10,08:00,3434.2
2025-01-10,08:15,3262
2025-01-10,08:30,3059
2025-01-10,08:45,2879.8
2025-01-10,09:00,2612.4
2025-01-10,09:15,3290
2025-01-10,09:30,3799.6
2025-01-10,09:45,3788.4
2025-01-10,10:00,3903.2
2025-01-10,10:15,3914.4
2025-01-10,10:30,3791.2
2025-01-10,10:45,3672.2
2025-01-10,11:00,3563
2025-01-10,11:15,3404.8
2025-01-10,11:30,3253.6
2025-01-10,11:45,3057.6
2025-01-10,12:00,2857.4
2025-01-10,12:15,2549.4
2025-01-10,12:30,3201.8
2025-01-10,12:45,3686.2
2025-01-10,13:00,3686.2
2025-01-10,13:15,3736.6
2025-01-10,13:30,3759
2025-01-10,13:45,3739.4
2025-01-10,14:00,3591
2025-01-10,14:15,3554.6
2025-01-10,14:30,3397.8
2025-01-10,14:45,3208.8
2025-01-10,15:00,3042.2
2025-01-10,15:15,2892.4
2025-01-10,15:30,2623.6
2025-01-10,15:45,3283
2025-01-10,16:00,3774.4
2025-01-10,16:15,3799.6
2025-01-10,16:30,3920
2025-01-10,16:45,3866.8
2025-01-10,17:00,3733.8
2025-01-10,17:15,3505.6
2025-01-10,17:30,3355.8
2025-01-10,17:45,3173.8
2025-01-10,18:00,3000.2
2025-01-10,18:15,2868.6
2025-01-10,18:30,2660
2025-01-10,18:45,2350.6
2025-01-10,19:00,3374
2025-01-10,19:15,3896.2
2025-01-10,19:30,3936.8
2025-01-10,19:45,3998.4
2025-01-10,20:00,3966.2
2025-01-10,20:15,3889.2
2025-01-10,20:30,3802.4
2025-01-10,20:45,3662.4
2025-01-10,21:00,3544.8
2025-01-10,21:15,3320.8
2025-01-10,21:30,3143
2025-01-10,21:45,2941.4
2025-01-10,22:00,3224.2
2025-01-10,22:15,3820.6
2025-01-10,22:30,3901.8
2025-01-10,22:45,3956.4
2025-01-10,23:00,3983
2025-01-10,23:15,3943.8
2025-01-10,23:30,3886.4
2025-01-10,23:45,3756.2
2025-01-11,00:00,3613.4
2025-01-11,00:15,3453.8
2025-01-11,00:30,3242.4
2025-01-11,00:45,3060.4
2025-01-11,01:00,2870
2025-01-11,01:15,3200.4
2025-01-11,01:30,3773
2025-01-11,01:45,3886.4
2025-01-11,02:00,3922.8
2025-01-11,02:15,3950.8
2025-01-11,02:30,3903.2
2025-01-11,02:45,3876.6
2025-01-11,03:00,3742.2
2025-01-11,03:15,3598
2025-01-11,03:30,3417.4
2025-01-11,03:45,3278.8
2025-01-11,04:00,3082.8
2025-01-11,04:15,2846.2
2025-01-11,04:30,3327.8
2025-01-11,04:45,3833.2
2025-01-11,05:00,3893.4
2025-01-11,05:15,3934
2025-01-11,05:30,3985.8
2025-01-11,05:45,3641.4
2025-01-11,06:00,3543.4
2025-01-11,06:15,3411.8
2025-01-11,06:30,3333.4
2025-01-11,06:45,3172.4
2025-01-11,07:00,2949.8
2025-01-11,07:15,2759.4
2025-01-11,07:30,2546.6
2025-01-11,07:45,2989
2025-01-11,08:00,3525.2
2025-01-11,08:15,3598
2025-01-11,08:30,3647
2025-01-11,08:45,3703
2025-01-11,09:00,3796.8
2025-01-11,09:15,3522.4
2025-01-11,09:30,3600.8
2025-01-11,09:45,3411.8
2025-01-11,10:00,3236.8
2025-01-11,10:15,3060.4
2025-01-11,10:30,2875.6
2025-01-11,10:45,2944.2
2025-01-11,11:00,3446.8
2025-01-11,11:15,3893.4
2025-01-11,11:30,3925.6
2025-01-11,11:45,3977.4
2025-01-11,12:00,3987.2
2025-01-11,12:15,3889.2
2025-01-11,12:30,3806.6
2025-01-11,12:45,3721.2
2025-01-11,13:00,3532.2
2025-01-11,13:15,3348.8
2025-01-11,13:30,3168.2
2025-01-11,13:45,3024
2025-01-11,14:00,2718.8
2025-01-11,14:15,3346
2025-01-11,14:30,3822
2025-01-11,14:45,3868.2
2025-01-11,15:00,3903.2
2025-01-11,15:15,3918.6
2025-01-11,15:30,3910.2
2025-01-11,15:45,3795.4
2025-01-11,16:00,3689
2025-01-11,16:15,3554.6
2025-01-11,16:30,3325
2025-01-11,16:45,3248
2025-01-11,17:00,2921.8
2025-01-11,17:15,2591.4
2025-01-11,17:30,3281.6
2025-01-11,17:45,3712.8
2025-01-11,18:00,3763.2
2025-01-11,18:15,3866.8
2025-01-11,18:30,3841.6
2025-01-11,18:45,3801
2025-01-11,19:00,3735.2
2025-01-11,19:15,3572.8
2025-01-11,19:30,3588.2
2025-01-11,19:45,3945.2
2025-01-11,20:00,3747.8
2025-01-11,20:15,3577
2025-01-11,20:30,3322.2
2025-01-11,20:45,4099.2
2025-01-11,21:00,4428.2
2025-01-11,21:15,4414.2
2025-01-11,21:30,4503.8
2025-01-11,21:45,4452
2025-01-11,22:00,4377.8
2025-01-11,22:15,4277
2025-01-11,22:30,4165
2025-01-11,22:45,4044.6
2025-01-11,23:00,3875.2
2025-01-11,23:15,3697.4
2025-01-11,23:30,3540.6
2025-01-11,23:45,3354.4
2025-01-12,00:00,4132.8
2025-01-12,00:15,4439.4
2025-01-12,00:30,4463.2
2025-01-12,00:45,3939.6
2025-01-12,01:00,3890.6
2025-01-12,01:15,3771.6
2025-01-12,01:30,3666.6
2025-01-12,01:45,3516.8
2025-01-12,02:00,3355.8
2025-01-12,02:15,3180.8
2025-01-12,02:30,2997.4
2025-01-12,02:45,2773.4
2025-01-12,03:00,3295.6
2025-01-12,03:15,3550.4
2025-01-12,03:30,3794
2025-01-12,03:45,3838.8
2025-01-12,04:00,3897.6
2025-01-12,04:15,3871
2025-01-12,04:30,3777.2
2025-01-12,04:45,3673.6
2025-01-12,05:00,3512.6
2025-01-12,05:15,3341.8
2025-01-12,05:30,3077.2
2025-01-12,05:45,2913.4
2025-01-12,06:00,2742.6
2025-01-12,06:15,2122.4
2025-01-12,06:30,2384.2
2025-01-12,06:45,2422
2025-01-12,07:00,2910.6
2025-01-12,07:15,3950.8
2025-01-12,07:30,3907.4
2025-01-12,07:45,3817.8
2025-01-12,08:00,3868.2
2025-01-12,08:15,3749.2
2025-01-12,08:30,3582.6
2025-01-12,08:45,3378.2
2025-01-12,09:00,3217.2
2025-01-12,09:15,2963.8
2025-01-12,09:30,3432.8
2025-01-12,09:45,3928.4
2025-01-12,10:00,3950.8
2025-01-12,10:15,3998.4
2025-01-12,10:30,3834.6
2025-01-12,10:45,3725.4
2025-01-12,11:00,3637.2
2025-01-12,11:15,3565.8
2025-01-12,11:30,3397.8
2025-01-12,11:45,3215.8
2025-01-12,12:00,3045
2025-01-12,12:15,2893.8
2025-01-12,12:30,2632
2025-01-12,12:45,3200.4
2025-01-12,13:00,3627.4
2025-01-12,13:15,3743.6
2025-01-12,13:30,3774.4
2025-01-12,13:45,3824.8
2025-01-12,14:00,3728.2
2025-01-12,14:15,3641.4
2025-01-12,14:30,3533.6
2025-01-12,14:45,3381
2025-01-12,15:00,3101
2025-01-12,15:15,2882.6
2025-01-12,15:30,2744
2025-01-12,15:45,2542.4
2025-01-12,16:00,3150
2025-01-12,16:15,3568.6
2025-01-12,16:30,3326.4
2025-01-12,16:45,3446.8
2025-01-12,17:00,3473.4
2025-01-12,17:15,3393.6
2025-01-12,17:30,3315.2
2025-01-12,17:45,3182.2
2025-01-12,18:00,3019.8
2025-01-12,18:15,2865.8
2025-01-12,18:30,2686.6
2025-01-12,18:45,2483.6
2025-01-12,19:00,2179.8
2025-01-12,19:15,2927.4
2025-01-12,19:30,3383.8
2025-01-12,19:45,3435.6
2025-01-12,20:00,3493
2025-01-12,20:15,3473.4
2025-01-12,20:30,3434.2
2025-01-12,20:45,3343.2
2025-01-12,21:00,3204.6
2025-01-12,21:15,3028.2
2025-01-12,21:30,2860.2
2025-01-12,21:45,2703.4
2025-01-12,22:00,2493.4
2025-01-12,22:15,2415
2025-01-12,22:30,3278.8
2025-01-12,22:45,3623.2
2025-01-12,23:00,3666.6
2025-01-12,23:15,3777.2
2025-01-12,23:30,3731
2025-01-12,23:45,3635.8
2025-01-13,00:00,3537.8
2025-01-13,00:15,3399.2
2025-01-13,00:30,3243.8
2025-01-13,00:45,3071.6
2025-01-13,01:00,2874.2
2025-01-13,01:15,2688
2025-01-13,01:30,2438.8
2025-01-13,01:45,3196.2
2025-01-13,02:00,3593.8
2025-01-13,02:15,3691.8
2025-01-13,02:30,3725.4
2025-01-13,02:45,3673.6
2025-01-13,03:00,3606.4
2025-01-13,03:15,3479
2025-01-13,03:30,3360
2025-01-13,03:45,3239.6
2025-01-13,04:00,3038
2025-01-13,04:15,2875.6
2025-01-13,04:30,2720.2
2025-01-13,04:45,2503.2
2025-01-13,05:00,3186.4
2025-01-13,05:15,3652.6
2025-01-13,05:30,3669.4
2025-01-13,05:45,3717
2025-01-13,06:00,3669.4
2025-01-13,06:15,3596.6
2025-01-13,06:30,3522.4
2025-01-13,06:45,3395
2025-01-13,07:00,3228.4
2025-01-13,07:15,3053.4
2025-01-13,07:30,2900.8
2025-01-13,07:45,2739.8
2025-01-13,08:00,2448.6
2025-01-13,08:15,3283
2025-01-13,08:30,3641.4
2025-01-13,08:45,3770.2
2025-01-13,09:00,3742.2
2025-01-13,09:15,3675
2025-01-13,09:30,3575.6
2025-01-13,09:45,3448.2
2025-01-13,10:00,3292.8
2025-01-13,10:15,3336.2
2025-01-13,10:30,3116.4
2025-01-13,10:45,2914.8
2025-01-13,11:00,2693.6
2025-01-13,11:15,3021.2
2025-01-13,11:30,3542
2025-01-13,11:45,3588.2
2025-01-13,12:00,3633
2025-01-13,12:15,3694.6
2025-01-13,12:30,3634.4
2025-01-13,12:45,3543.4
2025-01-13,13:00,3469.2
2025-01-13,13:15,3301.2
2025-01-13,13:30,3154.2
2025-01-13,13:45,2994.6
2025-01-13,14:00,2822.4
2025-01-13,14:15,2609.6
2025-01-13,14:30,3043.6
2025-01-13,14:45,4137
2025-01-13,15:00,4263
2025-01-13,15:15,4270
2025-01-13,15:30,4323.2
2025-01-13,15:45,4174.8
2025-01-13,16:00,4124.4
2025-01-13,16:15,4138.4
2025-01-13,16:30,3896.2
2025-01-13,16:45,3829
2025-01-13,17:00,3621.8
2025-01-13,17:15,3466.4
2025-01-13,17:30,3144.4
2025-01-13,17:45,3714.2
2025-01-13,18:00,4142.6
2025-01-13,18:15,4215.4
2025-01-13,18:30,4247.6
2025-01-13,18:45,4344.2
2025-01-13,19:00,4251.8
2025-01-13,19:15,4169.2
2025-01-13,19:30,4090.8
2025-01-13,19:45,3931.2
2025-01-13,20:00,3841.6
2025-01-13,20:15,3662.4
2025-01-13,20:30,3452.4
2025-01-13,20:45,3231.2
2025-01-13,21:00,3701.6
2025-01-13,21:15,4174.8
2025-01-13,21:30,4193
2025-01-13,21:45,4289.6
2025-01-13,22:00,4277
2025-01-13,22:15,4209.8
2025-01-13,22:30,4149.6
2025-01-13,22:45,4004
2025-01-13,23:00,3854.2
2025-01-13,23:15,3693.2
2025-01-13,23:30,3502.8
2025-01-13,23:45,3326.4
2025-01-14,00:00,3028.2
2025-01-14,00:15,3682
2025-01-14,00:30,4132.8
2025-01-14,00:45,4172
2025-01-14,01:00,4257.4
2025-01-14,01:15,3775.8
2025-01-14,01:30,3715.6
2025-01-14,01:45,3613.4
2025-01-14,02:00,3504.2
2025-01-14,02:15,3319.4
2025-01-14,02:30,3137.4
2025-01-14,02:45,2987.6
2025-01-14,03:00,2779
2025-01-14,03:15,2465.4
2025-01-14,03:30,3232.6
2025-01-14,03:45,3621.8
2025-01-14,04:00,3703
2025-01-14,04:15,3739.4
2025-01-14,04:30,3732.4
2025-01-14,04:45,3673.6
2025-01-14,05:00,3575.6
2025-01-14,05:15,3438.4
2025-01-14,05:30,3287.2
2025-01-14,05:45,3106.6
2025-01-14,06:00,2906.4
2025-01-14,06:15,2752.4
2025-01-14,06:30,2464
2025-01-14,06:45,3245.2
2025-01-14,07:00,3677.8
2025-01-14,07:15,3728.2
2025-01-14,07:30,3833.2
2025-01-14,07:45,3787
2025-01-14,08:00,3698.8
2025-01-14,08:15,3654
2025-01-14,08:30,3567.2
2025-01-14,08:45,3431.4
2025-01-14,09:00,3270.4
2025-01-14,09:15,3110.8
2025-01-14,09:30,2704.8
2025-01-14,09:45,2625
2025-01-14,10:00,3308.2
2025-01-14,10:15,4733.4
2025-01-14,10:30,3922.8
2025-01-14,10:45,3669.4
2025-01-14,11:00,2903.6
2025-01-14,11:15,3523.8
2025-01-14,11:30,3668
2025-01-14,11:45,2574.6
2025-01-14,12:00,3330.6
2025-01-14,12:15,3703
2025-01-14,12:30,3283
2025-01-14,12:45,3176.6
2025-01-14,13:00,3665.2
2025-01-14,13:15,3962
2025-01-14,13:30,3353
2025-01-14,13:45,3974.6
2025-01-14,14:00,4016.6
2025-01-14,14:15,2924.6
2025-01-14,14:30,3689
2025-01-14,14:45,4062.8
2025-01-14,15:00,3598
2025-01-14,15:15,3488.8
2025-01-14,15:30,3966.2
2025-01-14,15:45,3964.8
2025-01-14,16:00,3238.2
2025-01-14,16:15,3834.6
2025-01-14,16:30,3731
2025-01-14,16:45,2840.6
2025-01-14,17:00,3315.2
2025-01-14,17:15,3613.4
2025-01-14,17:30,3193.4
2025-01-14,17:45,3080
2025-01-14,18:00,3563
2025-01-14,18:15,3518.2
2025-01-14,18:30,2804.2
2025-01-14,18:45,3437
2025-01-14,19:00,3544.8
2025-01-14,19:15,2542.4
2025-01-14,19:30,3390.8
2025-01-14,19:45,3623.2
2025-01-14,20:00,3222.8
2025-01-14,20:15,3081.4
2025-01-14,20:30,3556
2025-01-14,20:45,3557.4
2025-01-14,21:00,2854.6
2025-01-14,21:15,3430
2025-01-14,21:30,3654
2025-01-14,21:45,2702
2025-01-14,22:00,3274.6
2025-01-14,22:15,3617.6
2025-01-14,22:30,3194.8
2025-01-14,22:45,3061.8
2025-01-14,23:00,3549
2025-01-14,23:15,3495.8
2025-01-14,23:30,2730
2025-01-14,23:45,3292.8
2025-01-15,00:00,3525.2
2025-01-15,00:15,2317
2025-01-15,00:30,3190.6
2025-01-15,00:45,3491.6
2025-01-15,01:00,3056.2
2025-01-15,01:15,2863
2025-01-15,01:30,3266.2
2025-01-15,01:45,3252.2
2025-01-15,02:00,2653
2025-01-15,02:15,3082.8
2025-01-15,02:30,3189.2
2025-01-15,02:45,2360.4
2025-01-15,03:00,2945.6
2025-01-15,03:15,3031
2025-01-15,03:30,2843.4
2025-01-15,03:45,2689.4
2025-01-15,04:00,3180.8
2025-01-15,04:15,3180.8
2025-01-15,04:30,2650.2
2025-01-15,04:45,3234
2025-01-15,05:00,3263.4
2025-01-15,05:15,2466.8
2025-01-15,05:30,3001.6
2025-01-15,05:45,3308.2
2025-01-15,06:00,2608.2
2025-01-15,06:15,2613.8
2025-01-15,06:30,2977.8
2025-01-15,06:45,2942.8
2025-01-15,07:00,2419.2
2025-01-15,07:15,2865.8
2025-01-15,07:30,2937.2
2025-01-15,07:45,2157.4
2025-01-15,08:00,2812.6
2025-01-15,08:15,2774.8
2025-01-15,08:30,2450
2025-01-15,08:45,2541
2025-01-15,09:00,2741.2
2025-01-15,09:15,2830.8
2025-01-15,09:30,2300.2
2025-01-15,09:45,2706.2
2025-01-15,10:00,2686.6
2025-01-15,10:15,2174.2
2025-01-15,10:30,2489.2
2025-01-15,10:45,2935.8
2025-01-15,11:00,2261
2025-01-15,11:15,2493.4
2025-01-15,11:30,2849
2025-01-15,11:45,2573.2
2025-01-15,12:00,2356.2
2025-01-15,12:15,2723
2025-01-15,12:30,2780.4
2025-01-15,12:45,2174.2
2025-01-15,13:00,2384.2
2025-01-15,13:15,2520
2025-01-15,13:30,2276.4
2025-01-15,13:45,2380
2025-01-15,14:00,2588.6
2025-01-15,14:15,2563.4
2025-01-15,14:30,2097.2
2025-01-15,14:45,2472.4
2025-01-15,15:00,2541
2025-01-15,15:15,2038.4
2025-01-15,15:30,2570.4
2025-01-15,15:45,2704.8
2025-01-15,16:00,2154.6
2025-01-15,16:15,2276.4
2025-01-15,16:30,2468.2
2025-01-15,16:45,2367.4
2025-01-15,17:00,1877.4
2025-01-15,17:15,1804.6
2025-01-15,17:30,1722
2025-01-15,17:45,1302
2025-01-15,18:00,1624
2025-01-15,18:15,1691.2
2025-01-15,18:30,1451.8
2025-01-15,18:45,1479.8
2025-01-15,19:00,1757
2025-01-15,19:15,1716.4
2025-01-15,19:30,1423.8
2025-01-15,19:45,1652
2025-01-15,20:00,1604.4
2025-01-15,20:15,1320.2
2025-01-15,20:30,1591.8
2025-01-15,20:45,1660.4
2025-01-15,21:00,1038.8
2025-01-15,21:15,985.6
2025-01-15,21:30,1085
2025-01-15,21:45,746.2
2025-01-15,22:00,631.4
2025-01-15,22:15,765.8
2025-01-15,22:30,788.2
2025-01-15,22:45,600.6
2025-01-15,23:00,722.4
2025-01-15,23:15,758.8
2025-01-15,23:30,516.6
2025-01-15,23:45,686
2025-01-16,00:00,807.8
2025-01-16,00:15,756
2025-01-16,00:30,646.8
2025-01-16,00:45,799.4
2025-01-16,01:00,830.2
2025-01-16,01:15,600.6
2025-01-16,01:30,821.8
2025-01-16,01:45,1026.2
2025-01-16,02:00,660.8
2025-01-16,02:15,893.2
2025-01-16,02:30,1059.8
2025-01-16,02:45,908.6
2025-01-16,03:00,691.6
2025-01-16,03:15,814.8
2025-01-16,03:30,743.4
2025-01-16,03:45,617.4
2025-01-16,04:00,723.8
2025-01-16,04:15,656.6
2025-01-16,04:30,527.8
2025-01-16,04:45,686
2025-01-16,05:00,719.6
2025-01-16,05:15,618.8
2025-01-16,05:30,578.2
2025-01-16,05:45,641.2
2025-01-16,06:00,712.6
2025-01-16,06:15,567
2025-01-16,06:30,642.6
2025-01-16,06:45,606.2
2025-01-16,07:00,435.4
2025-01-16,07:15,526.4
2025-01-16,07:30,527.8
2025-01-16,07:45,575.4
2025-01-16,08:00,585.2
2025-01-16,08:15,680.4
2025-01-16,08:30,667.8
2025-01-16,08:45,641.2
2025-01-16,09:00,642.6
2025-01-16,09:15,828.8
2025-01-16,09:30,541.8
2025-01-16,09:45,655.2
2025-01-16,10:00,645.4
2025-01-16,10:15,574
2025-01-16,10:30,579.6
2025-01-16,10:45,667.8
2025-01-16,11:00,715.4
2025-01-16,11:15,487.2
2025-01-16,11:30,611.8
2025-01-16,11:45,571.2
2025-01-16,12:00,425.6
2025-01-16,12:15,543.2
2025-01-16,12:30,550.2
2025-01-16,12:45,449.4
2025-01-16,13:00,429.8
2025-01-16,13:15,574
2025-01-16,13:30,583.8
2025-01-16,13:45,434
2025-01-16,14:00,565.6
2025-01-16,14:15,529.2
2025-01-16,14:30,464.8
2025-01-16,14:45,652.4
2025-01-16,15:00,476
2025-01-16,15:15,516.6
2025-01-16,15:30,515.2
2025-01-16,15:45,536.2
2025-01-16,16:00,495.6
2025-01-16,16:15,417.2
2025-01-16,16:30,488.6
2025-01-16,16:45,635.6
2025-01-16,17:00,414.4
2025-01-16,17:15,512.4
2025-01-16,17:30,585.2
2025-01-16,17:45,513.8
2025-01-16,18:00,466.2
2025-01-16,18:15,515.2
2025-01-16,18:30,547.4
2025-01-16,18:45,396.2
2025-01-16,19:00,560
2025-01-16,19:15,541.8
2025-01-16,19:30,406
2025-01-16,19:45,457.8
2025-01-16,20:00,504
2025-01-16,20:15,480.2
2025-01-16,20:30,494.2
2025-01-16,20:45,543.2
2025-01-16,21:00,631.4
2025-01-16,21:15,498.4
2025-01-16,21:30,687.4
2025-01-16,21:45,488.6
2025-01-16,22:00,394.8
2025-01-16,22:15,459.2
2025-01-16,22:30,499.8
2025-01-16,22:45,361.2
2025-01-16,23:00,460.6
2025-01-16,23:15,635.6
2025-01-16,23:30,1078
2025-01-16,23:45,421.4
2025-01-17,00:00,
2025-01-17,00:15,
2025-01-17,00:30,
2025-01-17,00:45,
2025-01-17,01:00,
2025-01-17,01:15,
2025-01-17,01:30,
2025-01-17,01:45,
2025-01-17,02:00,
2025-01-17,02:15,
2025-01-17,02:30,
2025-01-17,02:45,
2025-01-17,03:00,
2025-01-17,03:15,
2025-01-17,03:30,
2025-01-17,03:45,
2025-01-17,04:00,
2025-01-17,04:15,
2025-01-17,04:30,
2025-01-17,04:45,
2025-01-17,05:00,
2025-01-17,05:15,
2025-01-17,05:30,
2025-01-17,05:45,
2025-01-17,06:00,
2025-01-17,06:15,
2025-01-17,06:30,
2025-01-17,06:45,
2025-01-17,07:00,
2025-01-17,07:15,
2025-01-17,07:30,
2025-01-17,07:45,
2025-01-17,08:00,
2025-01-17,08:15,
2025-01-17,08:30,
2025-01-17,08:45,
2025-01-17,09:00,
2025-01-17,09:15,
2025-01-17,09:30,
2025-01-17,09:45,
2025-01-17,10:00,
2025-01-17,10:15,
2025-01-17,10:30,
2025-01-17,10:45,
2025-01-17,11:00,
2025-01-17,11:15,
2025-01-17,11:30,
2025-01-17,11:45,
2025-01-17,12:00,
2025-01-17,12:15,
2025-01-17,12:30,
2025-01-17,12:45,
2025-01-17,13:00,
2025-01-17,13:15,
2025-01-17,13:30,
2025-01-17,13:45,
2025-01-17,14:00,
2025-01-17,14:15,
2025-01-17,14:30,
2025-01-17,14:45,
2025-01-17,15:00,
2025-01-17,15:15,
2025-01-17,15:30,
2025-01-17,15:45,
2025-01-17,16:00,
2025-01-17,16:15,
2025-01-17,16:30,
2025-01-17,16:45,
2025-01-17,17:00,
2025-01-17,17:15,
2025-01-17,17:30,
2025-01-17,17:45,
2025-01-17,18:00,
2025-01-17,18:15,
2025-01-17,18:30,
2025-01-17,18:45,
2025-01-17,19:00,
2025-01-17,19:15,
2025-01-17,19:30,
2025-01-17,19:45,
2025-01-17,20:00,
2025-01-17,20:15,
2025-01-17,20:30,
2025-01-17,20:45,
2025-01-17,21:00,
2025-01-17,21:15,
2025-01-17,21:30,
2025-01-17,21:45,
2025-01-17,22:00,
2025-01-17,22:15,
2025-01-17,22:30,
2025-01-17,22:45,
2025-01-17,23:00,
2025-01-17,23:15,
2025-01-17,23:30,
2025-01-17,23:45,
2025-01-18,00:00,
2025-01-18,00:15,
2025-01-18,00:30,
2025-01-18,00:45,
2025-01-18,01:00,
2025-01-18,01:15,
2025-01-18,01:30,
2025-01-18,01:45,
2025-01-18,02:00,
2025-01-18,02:15,
2025-01-18,02:30,
2025-01-18,02:45,
2025-01-18,03:00,
2025-01-18,03:15,
2025-01-18,03:30,
2025-01-18,03:45,
2025-01-18,04:00,
2025-01-18,04:15,
2025-01-18,04:30,
2025-01-18,04:45,
2025-01-18,05:00,
2025-01-18,05:15,
2025-01-18,05:30,
2025-01-18,05:45,
2025-01-18,06:00,
2025-01-18,06:15,
2025-01-18,06:30,
2025-01-18,06:45,
2025-01-18,07:00,
2025-01-18,07:15,
2025-01-18,07:30,
2025-01-18,07:45,
2025-01-18,08:00,
2025-01-18,08:15,
2025-01-18,08:30,
2025-01-18,08:45,
2025-01-18,09:00,
2025-01-18,09:15,
2025-01-18,09:30,
2025-01-18,09:45,
2025-01-18,10:00,
2025-01-18,10:15,
2025-01-18,10:30,
2025-01-18,10:45,
2025-01-18,11:00,
2025-01-18,11:15,
2025-01-18,11:30,
2025-01-18,11:45,
2025-01-18,12:00,
2025-01-18,12:15,
2025-01-18,12:30,
2025-01-18,12:45,
2025-01-18,13:00,
2025-01-18,13:15,
2025-01-18,13:30,
2025-01-18,13:45,
2025-01-18,14:00,
2025-01-18,14:15,
2025-01-18,14:30,
2025-01-18,14:45,
2025-01-18,15:00,
2025-01-18,15:15,
2025-01-18,15:30,
2025-01-18,15:45,
2025-01-18,16:00,
2025-01-18,16:15,
2025-01-18,16:30,
2025-01-18,16:45,
2025-01-18,17:00,
2025-01-18,17:15,
2025-01-18,17:30,
2025-01-18,17:45,
2025-01-18,18:00,
2025-01-18,18:15,
2025-01-18,18:30,
2025-01-18,18:45,
2025-01-18,19:00,
2025-01-18,19:15,
2025-01-18,19:30,
2025-01-18,19:45,
2025-01-18,20:00,
2025-01-18,20:15,
2025-01-18,20:30,
2025-01-18,20:45,
2025-01-18,21:00,
2025-01-18,21:15,
2025-01-18,21:30,
2025-01-18,21:45,
2025-01-18,22:00,
2025-01-18,22:15,
2025-01-18,22:30,
2025-01-18,22:45,
2025-01-18,23:00,
2025-01-18,23:15,
2025-01-18,23:30,
2025-01-18,23:45,
2025-01-19,00:00,
2025-01-19,00:15,
2025-01-19,00:30,
2025-01-19,00:45,
2025-01-19,01:00,
2025-01-19,01:15,
2025-01-19,01:30,
2025-01-19,01:45,
2025-01-19,02:00,
2025-01-19,02:15,
2025-01-19,02:30,
2025-01-19,02:45,
2025-01-19,03:00,
2025-01-19,03:15,
2025-01-19,03:30,
2025-01-19,03:45,
2025-01-19,04:00,
2025-01-19,04:15,
2025-01-19,04:30,
2025-01-19,04:45,
2025-01-19,05:00,
2025-01-19,05:15,
2025-01-19,05:30,
2025-01-19,05:45,
2025-01-19,06:00,
2025-01-19,06:15,
2025-01-19,06:30,
2025-01-19,06:45,
2025-01-19,07:00,
2025-01-19,07:15,
2025-01-19,07:30,
2025-01-19,07:45,
2025-01-19,08:00,
2025-01-19,08:15,
2025-01-19,08:30,
2025-01-19,08:45,
2025-01-19,09:00,
2025-01-19,09:15,
2025-01-19,09:30,
2025-01-19,09:45,
2025-01-19,10:00,
2025-01-19,10:15,
2025-01-19,10:30,
2025-01-19,10:45,
2025-01-19,11:00,
2025-01-19,11:15,
2025-01-19,11:30,
2025-01-19,11:45,
2025-01-19,12:00,
2025-01-19,12:15,
2025-01-19,12:30,
2025-01-19,12:45,
2025-01-19,13:00,
2025-01-19,13:15,
2025-01-19,13:30,
2025-01-19,13:45,
2025-01-19,14:00,
2025-01-19,14:15,
2025-01-19,14:30,
2025-01-19,14:45,
2025-01-19,15:00,
2025-01-19,15:15,
2025-01-19,15:30,
2025-01-19,15:45,
2025-01-19,16:00,
2025-01-19,16:15,
2025-01-19,16:30,
2025-01-19,16:45,
2025-01-19,17:00,
2025-01-19,17:15,
2025-01-19,17:30,
2025-01-19,17:45,
2025-01-19,18:00,
2025-01-19,18:15,
2025-01-19,18:30,
2025-01-19,18:45,
2025-01-19,19:00,
2025-01-19,19:15,
2025-01-19,19:30,
2025-01-19,19:45,
2025-01-19,20:00,
2025-01-19,20:15,
2025-01-19,20:30,
2025-01-19,20:45,
2025-01-19,21:00,
2025-01-19,21:15,
2025-01-19,21:30,
2025-01-19,21:45,
2025-01-19,22:00,
2025-01-19,22:15,
2025-01-19,22:30,
2025-01-19,22:45,
2025-01-19,23:00,
2025-01-19,23:15,
2025-01-19,23:30,
2025-01-19,23:45,
2025-01-20,00:00,2877
2025-01-20,00:15,3486
2025-01-20,00:30,3497.2
2025-01-20,00:45,2583
2025-01-20,01:00,3465
2025-01-20,01:15,3669.4
2025-01-20,01:30,3067.4
2025-01-20,01:45,3166.8
2025-01-20,02:00,3624.6
2025-01-20,02:15,3547.6
2025-01-20,02:30,3033.8
2025-01-20,02:45,3563
2025-01-20,03:00,3596.6
2025-01-20,03:15,2766.4
2025-01-20,03:30,3444
2025-01-20,03:45,3652.6
2025-01-20,04:00,2639
2025-01-20,04:15,3217.2
2025-01-20,04:30,3535
2025-01-20,04:45,3535
2025-01-20,05:00,2980.6
2025-01-20,05:15,3530.8
2025-01-20,05:30,3539.2
2025-01-20,05:45,2706.2
2025-01-20,06:00,3437
2025-01-20,06:15,3570
2025-01-20,06:30,2373
2025-01-20,06:45,3263.4
2025-01-20,07:00,3640
2025-01-20,07:15,3486
2025-01-20,07:30,3077.2
2025-01-20,07:45,3724
2025-01-20,08:00,3922.8
2025-01-20,08:15,3122
2025-01-20,08:30,3809.4
2025-01-20,08:45,3969
2025-01-20,09:00,2809.8
2025-01-20,09:15,3630.2
2025-01-20,09:30,3998.4
2025-01-20,09:45,3694.6
2025-01-20,10:00,3221.4
2025-01-20,10:15,3782.8
2025-01-20,10:30,3729.6
2025-01-20,10:45,2987.6
2025-01-20,11:00,3620.4
2025-01-20,11:15,3749.2
2025-01-20,11:30,2581.6
2025-01-20,11:45,3404.8
2025-01-20,12:00,3711.4
2025-01-20,12:15,3290
2025-01-20,12:30,3705.8
2025-01-20,12:45,3663.8
2025-01-20,13:00,3675
2025-01-20,13:15,2879.8
2025-01-20,13:30,3509.8
2025-01-20,13:45,3649.8
2025-01-20,14:00,2556.4
2025-01-20,14:15,2249.8
2025-01-20,14:30,2742.6
2025-01-20,14:45,3837.4
2025-01-20,15:00,3777.2
2025-01-20,15:15,4275.6
2025-01-20,15:30,3084.2
2025-01-20,15:45,2303
2025-01-20,16:00,4046
2025-01-20,16:15,3015.6
2025-01-20,16:30,3038
2025-01-20,16:45,3683.4
2025-01-20,17:00,4029.2
2025-01-20,17:15,2555
2025-01-20,17:30,3553.2
2025-01-20,17:45,4067
2025-01-20,18:00,4083.8
2025-01-20,18:15,3402
2025-01-20,18:30,4036.2
2025-01-20,18:45,4176.2
2025-01-20,19:00,3039.4
2025-01-20,19:15,3816.4
2025-01-20,19:30,4173.4
2025-01-20,19:45,3770.2
2025-01-20,20:00,3673.6
2025-01-20,20:15,3628.8
2025-01-20,20:30,3627.4
2025-01-20,20:45,2867.2
2025-01-20,21:00,3474.8
2025-01-20,21:15,3654
2025-01-20,21:30,2588.6
2025-01-20,21:45,3386.6
2025-01-20,22:00,3726.8
2025-01-20,22:15,3280.2
2025-01-20,22:30,3227
2025-01-20,22:45,3661
2025-01-20,23:00,3596.6
2025-01-20,23:15,2898
2025-01-20,23:30,3508.4
2025-01-20,23:45,3612
2025-01-21,00:00,2623.6
2025-01-21,00:15,3334.8
2025-01-21,00:30,3656.8
2025-01-21,00:45,3138.8
2025-01-21,01:00,3061.8
2025-01-21,01:15,3550.4
2025-01-21,01:30,3542
2025-01-21,01:45,2847.6
2025-01-21,02:00,3487.4
2025-01-21,02:15,3567.2
2025-01-21,02:30,2618
2025-01-21,02:45,3340.4
2025-01-21,03:00,3607.8
2025-01-21,03:15,3109.4
2025-01-21,03:30,3133.2
2025-01-21,03:45,3571.4
2025-01-21,04:00,3535
2025-01-21,04:15,2872.8
2025-01-21,04:30,3274.6
2025-01-21,04:45,3365.6
2025-01-21,05:00,2444.4
2025-01-21,05:15,3141.6
2025-01-21,05:30,3512.6
2025-01-21,05:45,2940
2025-01-21,06:00,2927.4
2025-01-21,06:15,3411.8
2025-01-21,06:30,3357.2
2025-01-21,06:45,2735.6
2025-01-21,07:00,3325
2025-01-21,07:15,3372.6
2025-01-21,07:30,2660
2025-01-21,07:45,3570
2025-01-21,08:00,3798.2
2025-01-21,08:15,3154.2
2025-01-21,08:30,3379.6
2025-01-21,08:45,3799.6
2025-01-21,09:00,3721.2
2025-01-21,09:15,3102.4
2025-01-21,09:30,3617.6
2025-01-21,09:45,3666.6
2025-01-21,10:00,2808.4
2025-01-21,10:15,3470.6
2025-01-21,10:30,3662.4
2025-01-21,10:45,2466.8
2025-01-21,11:00,3243.8
2025-01-21,11:15,3652.6
2025-01-21,11:30,3542
2025-01-21,11:45,2997.4
2025-01-21,12:00,3543.4
2025-01-21,12:15,3537.8
2025-01-21,12:30,2718.8
2025-01-21,12:45,3403.4
2025-01-21,13:00,3556
2025-01-21,13:15,2479.4
2025-01-21,13:30,3189.2
2025-01-21,13:45,3582.6
2025-01-21,14:00,3546.2
2025-01-21,14:15,2962.4
2025-01-21,14:30,3542
2025-01-21,14:45,3584
2025-01-21,15:00,2826.6
2025-01-21,15:15,3442.6
2025-01-21,15:30,3617.6
2025-01-21,15:45,2254
2025-01-21,16:00,3042.2
2025-01-21,16:15,3442.6
2025-01-21,16:30,3253.6
2025-01-21,16:45,2794.4
2025-01-21,17:00,3396.4
2025-01-21,17:15,3386.6
2025-01-21,17:30,2595.6
2025-01-21,17:45,3239.6
2025-01-21,18:00,3444
2025-01-21,18:15,2434.6
2025-01-21,18:30,3032.4
2025-01-21,18:45,3462.2
2025-01-21,19:00,3287.2
2025-01-21,19:15,2909.2
2025-01-21,19:30,3430
2025-01-21,19:45,3458
2025-01-21,20:00,2674
2025-01-21,20:15,3322.2
2025-01-21,20:30,3516.8
2025-01-21,20:45,2315.6
2025-01-21,21:00,3133.2
2025-01-21,21:15,3525.2
2025-01-21,21:30,3425.8
2025-01-21,21:45,2882.6
2025-01-21,22:00,3463.6
2025-01-21,22:15,3465
2025-01-21,22:30,2625
2025-01-21,22:45,3284.4
2025-01-21,23:00,3469.2
2025-01-21,23:15,2297.4
2025-01-21,23:30,3141.6
2025-01-21,23:45,3521
2025-01-22,00:00,3245.2
2025-01-22,00:15,2940
2025-01-22,00:30,3458
2025-01-22,00:45,3473.4
2025-01-22,01:00,2683.8
2025-01-22,01:15,3340.4
2025-01-22,01:30,3484.6
2025-01-22,01:45,2286.2
2025-01-22,02:00,3129
2025-01-22,02:15,3540.6
2025-01-22,02:30,3372.6
2025-01-22,02:45,2881.2
2025-01-22,03:00,3453.8
2025-01-22,03:15,3476.2
2025-01-22,03:30,2686.6
2025-01-22,03:45,3354.4
2025-01-22,04:00,3490.2
2025-01-22,04:15,2305.8
2025-01-22,04:30,3155.6
2025-01-22,04:45,3480.4
2025-01-22,05:00,3355.8
2025-01-22,05:15,2952.6
2025-01-22,05:30,3462.2
2025-01-22,05:45,3481.8
2025-01-22,06:00,2674
2025-01-22,06:15,3337.6
2025-01-22,06:30,3523.8
2025-01-22,06:45,2315.6
2025-01-22,07:00,3169.6
2025-01-22,07:15,3607.8
2025-01-22,07:30,3171
2025-01-22,07:45,2991.8
2025-01-22,08:00,3568.6
2025-01-22,08:15,3525.2
2025-01-22,08:30,2811.2
2025-01-22,08:45,3491.6
2025-01-22,09:00,3627.4
2025-01-22,09:15,2420.6
2025-01-22,09:30,3259.2
2025-01-22,09:45,3603.6
2025-01-22,10:00,3413.2
2025-01-22,10:15,3018.4
2025-01-22,10:30,3508.4
2025-01-22,10:45,3525.2
2025-01-22,11:00,2723
2025-01-22,11:15,3413.2
2025-01-22,11:30,3518.2
2025-01-22,11:45,2385.6
2025-01-22,12:00,3210.2
2025-01-22,12:15,3593.8
2025-01-22,12:30,3183.6
2025-01-22,12:45,2945.6
2025-01-22,13:00,3480.4
2025-01-22,13:15,3494.4
2025-01-22,13:30,2735.6
2025-01-22,13:45,3386.6
2025-01-22,14:00,3521
2025-01-22,14:15,2319.8
2025-01-22,14:30,3183.6
2025-01-22,14:45,3571.4
2025-01-22,15:00,3316.6
2025-01-22,15:15,2837.8
2025-01-22,15:30,3403.4
2025-01-22,15:45,3423
2025-01-22,16:00,2674
2025-01-22,16:15,3322.2
2025-01-22,16:30,3458
2025-01-22,16:45,2244.2
2025-01-22,17:00,3140.2
2025-01-22,17:15,3448.2
2025-01-22,17:30,3245.2
2025-01-22,17:45,2881.2
2025-01-22,18:00,3414.6
2025-01-22,18:15,3428.6
2025-01-22,18:30,2630.6
2025-01-22,18:45,3313.8
2025-01-22,19:00,3488.8
2025-01-22,19:15,2270.8
2025-01-22,19:30,3165.4
2025-01-22,19:45,3519.6
2025-01-22,20:00,3133.2
2025-01-22,20:15,2976.4
2025-01-22,20:30,3473.4
2025-01-22,20:45,3486
2025-01-22,21:00,2732.8
2025-01-22,21:15,3371.2
2025-01-22,21:30,3508.4
2025-01-22,21:45,2387
2025-01-22,22:00,3165.4
2025-01-22,22:15,3546.2
2025-01-22,22:30,3203.2
2025-01-22,22:45,2934.4
2025-01-22,23:00,3453.8
2025-01-22,23:15,3459.4
2025-01-22,23:30,2667
2025-01-22,23:45,3368.4
2025-01-23,00:00,3504.2
2025-01-23,00:15,2361.8
2025-01-23,00:30,3185
2025-01-23,00:45,3550.4
2025-01-23,01:00,3102.4
2025-01-23,01:15,2882.6
2025-01-23,01:30,3399.2
2025-01-23,01:45,3399.2
2025-01-23,02:00,2632
2025-01-23,02:15,3266.2
2025-01-23,02:30,3404.8
2025-01-23,02:45,2255.4
2025-01-23,03:00,3087
2025-01-23,03:15,3442.6
2025-01-23,03:30,3054.8
2025-01-23,03:45,2881.2
2025-01-23,04:00,3393.6
2025-01-23,04:15,3367
2025-01-23,04:30,2660
2025-01-23,04:45,3267.6
2025-01-23,05:00,3399.2
2025-01-23,05:15,2293.2
2025-01-23,05:30,3091.2
2025-01-23,05:45,3448.2
2025-01-23,06:00,3011.4
2025-01-23,06:15,2870
2025-01-23,06:30,3395
2025-01-23,06:45,3411.8
2025-01-23,07:00,2639
2025-01-23,07:15,3297
2025-01-23,07:30,3438.4
2025-01-23,07:45,2282
2025-01-23,08:00,3129
2025-01-23,08:15,3444
2025-01-23,08:30,3022.6
2025-01-23,08:45,3012.8
2025-01-23,09:00,3536.4
2025-01-23,09:15,3477.6
2025-01-23,09:30,2725.8
2025-01-23,09:45,3376.8
2025-01-23,10:00,3483.2
2025-01-23,10:15,2349.2
2025-01-23,10:30,3224.2
2025-01-23,10:45,3542
2025-01-23,11:00,3150
2025-01-23,11:15,2938.6
2025-01-23,11:30,3435.6
2025-01-23,11:45,3431.4
2025-01-23,12:00,2697.8
2025-01-23,12:15,3315.2
2025-01-23,12:30,3425.8
2025-01-23,12:45,2343.6
2025-01-23,13:00,3131.8
2025-01-23,13:15,3474.8
2025-01-23,13:30,3050.6
2025-01-23,13:45,2933
2025-01-23,14:00,3451
2025-01-23,14:15,3434.2
2025-01-23,14:30,2688
2025-01-23,14:45,3334.8
2025-01-23,15:00,3449.6
2025-01-23,15:15,2297.4
2025-01-23,15:30,3152.8
2025-01-23,15:45,3525.2
2025-01-23,16:00,3056.2
2025-01-23,16:15,2955.4
2025-01-23,16:30,3459.4
2025-01-23,16:45,3403.4
2025-01-23,17:00,2700.6
2025-01-23,17:15,3312.4
2025-01-23,17:30,3424.4
2025-01-23,17:45,2310
2025-01-23,18:00,3068.8
2025-01-23,18:15,3409
2025-01-23,18:30,2993.2
2025-01-23,18:45,2860.2
2025-01-23,19:00,3382.4
2025-01-23,19:15,3368.4
2025-01-23,19:30,2702
2025-01-23,19:45,3284.4
2025-01-23,20:00,3512.6
2025-01-23,20:15,2410.8
2025-01-23,20:30,3168.2
2025-01-23,20:45,3486
2025-01-23,21:00,3047.8
2025-01-23,21:15,2938.6
2025-01-23,21:30,3477.6
2025-01-23,21:45,2303
2025-01-23,22:00,1559.6
2025-01-23,22:15,2185.4
2025-01-23,22:30,2293.2
2025-01-23,22:45,1142.4
2025-01-23,23:00,1958.6
2025-01-23,23:15,2336.6
2025-01-23,23:30,2017.4
2025-01-23,23:45,1738.8
2025-01-24,00:00,2261
2025-01-24,00:15,2275
2025-01-24,00:30,1516.2
2025-01-24,00:45,2137.8
2025-01-24,01:00,2245.6
2025-01-24,01:15,1155
2025-01-24,01:30,1981
2025-01-24,01:45,2308.6
2025-01-24,02:00,1873.2
2025-01-24,02:15,1743
2025-01-24,02:30,2235.8
2025-01-24,02:45,2207.8
2025-01-24,03:00,1467.2
2025-01-24,03:15,2105.6
2025-01-24,03:30,2233
2025-01-24,03:45,1110.2
2025-01-24,04:00,1919.4
2025-01-24,04:15,2284.8
2025-01-24,04:30,1817.2
2025-01-24,04:45,1722
2025-01-24,05:00,2233
2025-01-24,05:15,2214.8
2025-01-24,05:30,1418.2
2025-01-24,05:45,2063.6
2025-01-24,06:00,2186.8
2025-01-24,06:15,1087.8
2025-01-24,06:30,1965.6
2025-01-24,06:45,2307.2
2025-01-24,07:00,1866.2
2025-01-24,07:15,1740.2
2025-01-24,07:30,2244.2
2025-01-24,07:45,3480.4
2025-01-24,08:00,2758
2025-01-24,08:15,3381
2025-01-24,08:30,3542
2025-01-24,08:45,2483.6
2025-01-24,09:00,3238.2
2025-01-24,09:15,1629.6
2025-01-24,09:30,2766.4
2025-01-24,09:45,3388
2025-01-24,10:00,2483.6
2025-01-24,10:15,3201.8
2025-01-24,10:30,3463.6
2025-01-24,10:45,2941.4
2025-01-24,11:00,2975
2025-01-24,11:15,3428.6
2025-01-24,11:30,3371.2
2025-01-24,11:45,2685.2
2025-01-24,12:00,3267.6
2025-01-24,12:15,3346
2025-01-24,12:30,2438.8
2025-01-24,12:45,3152.8
2025-01-24,13:00,3358.6
2025-01-24,13:15,2702
2025-01-24,13:30,2942.8
2025-01-24,13:45,3313.8
2025-01-24,14:00,3348.8
2025-01-24,14:15,2689.4
2025-01-24,14:30,3295.6
2025-01-24,14:45,3344.6
2025-01-24,15:00,2454.2
2025-01-24,15:15,3152.8
2025-01-24,15:30,3402
2025-01-24,15:45,2933
2025-01-24,16:00,2940
2025-01-24,16:15,3379.6
2025-01-24,16:30,3346
2025-01-24,16:45,2731.4
2025-01-24,17:00,3311
2025-01-24,17:15,3320.8
2025-01-24,17:30,2410.8
2025-01-24,17:45,3117.8
2025-01-24,18:00,3319.4
2025-01-24,18:15,2786
2025-01-24,18:30,2906.4
2025-01-24,18:45,3369.8
2025-01-24,19:00,3306.8
2025-01-24,19:15,2717.4
2025-01-24,19:30,3323.6
2025-01-24,19:45,3347.4
2025-01-24,20:00,2454.2
2025-01-24,20:15,3138.8
2025-01-24,20:30,3388
2025-01-24,20:45,2644.6
2025-01-24,21:00,2952.6
2025-01-24,21:15,3920
2025-01-24,21:30,3847.2
2025-01-24,21:45,3242.4
2025-01-24,22:00,3845.8
2025-01-24,22:15,3855.6
2025-01-24,22:30,2983.4
2025-01-24,22:45,3690.4
2025-01-24,23:00,3910.2
2025-01-24,23:15,3368.4
2025-01-24,23:30,3453.8
2025-01-24,23:45,3885
2025-01-25,00:00,3827.6
2025-01-25,00:15,3214.4
2025-01-25,00:30,3774.4
2025-01-25,00:45,3833.2
2025-01-25,01:00,2993.2
2025-01-25,01:15,3679.2
2025-01-25,01:30,3897.6
2025-01-25,01:45,3033.8
2025-01-25,02:00,3456.6
2025-01-25,02:15,3893.4
2025-01-25,02:30,3813.6
2025-01-25,02:45,3200.4
2025-01-25,03:00,3795.4
2025-01-25,03:15,3823.4
2025-01-25,03:30,2921.8
2025-01-25,03:45,3633
2025-01-25,04:00,3869.6
2025-01-25,04:15,3378.2
2025-01-25,04:30,3411.8
2025-01-25,04:45,3799.6
2025-01-25,05:00,3820.6
2025-01-25,05:15,3217.2
2025-01-25,05:30,3770.2
2025-01-25,05:45,3819.2
2025-01-25,06:00,2920.4
2025-01-25,06:15,3607.8
2025-01-25,06:30,3857
2025-01-25,06:45,3294.2
2025-01-25,07:00,3414.6
2025-01-25,07:15,3869.6
2025-01-25,07:30,3798.2
2025-01-25,07:45,3179.4
2025-01-25,08:00,3801
2025-01-25,08:15,3850
2025-01-25,08:30,2469.6
2025-01-25,08:45,3197.6
2025-01-25,09:00,3445.4
2025-01-25,09:15,2755.2
2025-01-25,09:30,3028.2
2025-01-25,09:45,3467.8
2025-01-25,10:00,3414.6
2025-01-25,10:15,2751
2025-01-25,10:30,3348.8
2025-01-25,10:45,3381
2025-01-25,11:00,2479.4
2025-01-25,11:15,3172.4
2025-01-25,11:30,3442.6
2025-01-25,11:45,2914.8
2025-01-25,12:00,2941.4
2025-01-25,12:15,3399.2
2025-01-25,12:30,3362.8
2025-01-25,12:45,2700.6
2025-01-25,13:00,3311
2025-01-25,13:15,3378.2
2025-01-25,13:30,2982
2025-01-25,13:45,3661
2025-01-25,14:00,3878
2025-01-25,14:15,3250.8
2025-01-25,14:30,3448.2
2025-01-25,14:45,3890.6
2025-01-25,15:00,3819.2
2025-01-25,15:15,3248
2025-01-25,15:30,3865.4
2025-01-25,15:45,3910.2
2025-01-25,16:00,2989
2025-01-25,16:15,3148.6
2025-01-25,16:30,3375.4
2025-01-25,16:45,2811.2
2025-01-25,17:00,2958.2
2025-01-25,17:15,3269
2025-01-25,17:30,3245.2
2025-01-25,17:45,2689.4
2025-01-25,18:00,3238.2
2025-01-25,18:15,3229.8
2025-01-25,18:30,2359
2025-01-25,18:45,3059
2025-01-25,19:00,3200.4
2025-01-25,19:15,1614.2
2025-01-25,19:30,1766.8
2025-01-25,19:45,1677.2
2025-01-25,20:00,646.8
2025-01-25,20:15,648.2
2025-01-25,20:30,663.6
2025-01-25,20:45,555.8
2025-01-25,21:00,490
2025-01-25,21:15,476
2025-01-25,21:30,491.4
2025-01-25,21:45,480.2
2025-01-25,22:00,375.2
2025-01-25,22:15,362.6
2025-01-25,22:30,362.6
2025-01-25,22:45,362.6
2025-01-25,23:00,375.2
2025-01-25,23:15,443.8
2025-01-25,23:30,429.8
2025-01-25,23:45,443.8
2025-01-26,00:00,434
2025-01-26,00:15,414.4
2025-01-26,00:30,427
2025-01-26,00:45,448
2025-01-26,01:00,432.6
2025-01-26,01:15,537.6
2025-01-26,01:30,534.8
2025-01-26,01:45,533.4
2025-01-26,02:00,539
2025-01-26,02:15,534.8
2025-01-26,02:30,541.8
2025-01-26,02:45,543.2
2025-01-26,03:00,530.6
2025-01-26,03:15,529.2
2025-01-26,03:30,537.6
2025-01-26,03:45,558.6
2025-01-26,04:00,547.4
2025-01-26,04:15,536.2
2025-01-26,04:30,539
2025-01-26,04:45,558.6
2025-01-26,05:00,554.4
2025-01-26,05:15,568.4
2025-01-26,05:30,558.6
2025-01-26,05:45,564.2
2025-01-26,06:00,551.6
2025-01-26,06:15,582.4
2025-01-26,06:30,548.8
2025-01-26,06:45,550.2
2025-01-26,07:00,550.2
2025-01-26,07:15,560
2025-01-26,07:30,562.8
2025-01-26,07:45,548.8
2025-01-26,08:00,562.8
2025-01-26,08:15,385
2025-01-26,08:30,337.4
2025-01-26,08:45,222.6
2025-01-26,09:00,222.6
2025-01-26,09:15,210
2025-01-26,09:30,207.2
2025-01-26,09:45,193.2
2025-01-26,10:00,198.8
2025-01-26,10:15,190.4
2025-01-26,10:30,184.8
2025-01-26,10:45,173.6
2025-01-26,11:00,424.2
2025-01-26,11:15,190.4
2025-01-26,11:30,186.2
2025-01-26,11:45,173.6
2025-01-26,12:00,179.2
2025-01-26,12:15,194.6
2025-01-26,12:30,175
2025-01-26,12:45,113.4
2025-01-26,13:00,51.8
2025-01-26,13:15,51.8
2025-01-26,13:30,53.2
2025-01-26,13:45,46.2
2025-01-26,14:00,49
2025-01-26,14:15,57.4
2025-01-26,14:30,43.4
2025-01-26,14:45,43.4
2025-01-26,15:00,42
2025-01-26,15:15,37.8
2025-01-26,15:30,39.2
2025-01-26,15:45,56
2025-01-26,16:00,32.2
2025-01-26,16:15,37.8
2025-01-26,16:30,29.4
2025-01-26,16:45,28
2025-01-26,17:00,32.2
2025-01-26,17:15,29.4
2025-01-26,17:30,40.6
2025-01-26,17:45,29.4
2025-01-26,18:00,54.6
2025-01-26,18:15,50.4
2025-01-26,18:30,30.8
2025-01-26,18:45,29.4
2025-01-26,19:00,33.6
2025-01-26,19:15,33.6
2025-01-26,19:30,33.6
2025-01-26,19:45,30.8
2025-01-26,20:00,30.8
2025-01-26,20:15,30.8
2025-01-26,20:30,30.8
2025-01-26,20:45,32.2
2025-01-26,21:00,36.4
2025-01-26,21:15,30.8
2025-01-26,21:30,30.8
2025-01-26,21:45,35
2025-01-26,22:00,30.8
2025-01-26,22:15,30.8
2025-01-26,22:30,30.8
2025-01-26,22:45,30.8
2025-01-26,23:00,30.8
2025-01-26,23:15,32.2
2025-01-26,23:30,35
2025-01-26,23:45,50.4
2025-01-27,00:00,33.6
2025-01-27,00:15,30.8
2025-01-27,00:30,30.8
2025-01-27,00:45,30.8
2025-01-27,01:00,30.8
2025-01-27,01:15,30.8
2025-01-27,01:30,33.6
2025-01-27,01:45,30.8
2025-01-27,02:00,30.8
2025-01-27,02:15,30.8
2025-01-27,02:30,30.8
2025-01-27,02:45,30.8
2025-01-27,03:00,42
2025-01-27,03:15,30.8
2025-01-27,03:30,37.8
2025-01-27,03:45,33.6
2025-01-27,04:00,30.8
2025-01-27,04:15,32.2
2025-01-27,04:30,33.6
2025-01-27,04:45,30.8
2025-01-27,05:00,36.4
2025-01-27,05:15,30.8
2025-01-27,05:30,42
2025-01-27,05:45,30.8
2025-01-27,06:00,33.6
2025-01-27,06:15,32.2
2025-01-27,06:30,32.2
2025-01-27,06:45,32.2
2025-01-27,07:00,36.4
2025-01-27,07:15,30.8
2025-01-27,07:30,22.4
2025-01-27,07:45,15.4
2025-01-27,08:00,4.2
2025-01-27,08:15,
2025-01-27,08:30,-11.2
2025-01-27,08:45,
2025-01-27,09:00,-14
2025-01-27,09:15,-15.4
2025-01-27,09:30,-46.2
2025-01-27,09:45,-44.8
2025-01-27,10:00,-58.8
2025-01-27,10:15,-60.2
2025-01-27,10:30,-68.6
2025-01-27,10:45,-67.2
2025-01-27,11:00,-91
2025-01-27,11:15,-79.8
2025-01-27,11:30,-98
2025-01-27,11:45,-75.6
2025-01-27,12:00,-103.6
2025-01-27,12:15,-105
2025-01-27,12:30,-110.6
2025-01-27,12:45,-109.2
2025-01-27,13:00,-112
2025-01-27,13:15,-112
2025-01-27,13:30,-105
2025-01-27,13:45,-106.4
2025-01-27,14:00,-102.2
2025-01-27,14:15,-99.4
2025-01-27,14:30,-92.4
2025-01-27,14:45,-92.4
2025-01-27,15:00,-88.2
2025-01-27,15:15,-85.4
2025-01-27,15:30,-81.2
2025-01-27,15:45,-65.8
2025-01-27,16:00,-56
2025-01-27,16:15,-29.4
2025-01-27,16:30,-28
2025-01-27,16:45,-9.8
2025-01-27,17:00,7
2025-01-27,17:15,18.2
2025-01-27,17:30,26.6
2025-01-27,17:45,28
2025-01-27,18:00,37.8
2025-01-27,18:15,28
2025-01-27,18:30,30.8
2025-01-27,18:45,28
2025-01-27,19:00,28
2025-01-27,19:15,29.4
2025-01-27,19:30,28
2025-01-27,19:45,40.6
2025-01-27,20:00,28
2025-01-27,20:15,30.8
2025-01-27,20:30,28
2025-01-27,20:45,29.4
2025-01-27,21:00,28
2025-01-27,21:15,29.4
2025-01-27,21:30,29.4
2025-01-27,21:45,46.2
2025-01-27,22:00,28
2025-01-27,22:15,28
2025-01-27,22:30,29.4
2025-01-27,22:45,29.4
2025-01-27,23:00,29.4
2025-01-27,23:15,29.4
2025-01-27,23:30,29.4
2025-01-27,23:45,29.4
2025-01-28,00:00,36.4
2025-01-28,00:15,33.6
2025-01-28,00:30,30.8
2025-01-28,00:45,30.8
2025-01-28,01:00,29.4
2025-01-28,01:15,32.2
2025-01-28,01:30,29.4
2025-01-28,01:45,29.4
2025-01-28,02:00,29.4
2025-01-28,02:15,29.4
2025-01-28,02:30,39.2
2025-01-28,02:45,29.4
2025-01-28,03:00,29.4
2025-01-28,03:15,46.2
2025-01-28,03:30,29.4
2025-01-28,03:45,29.4
2025-01-28,04:00,29.4
2025-01-28,04:15,33.6
2025-01-28,04:30,32.2
2025-01-28,04:45,30.8
2025-01-28,05:00,33.6
2025-01-28,05:15,29.4
2025-01-28,05:30,32.2
2025-01-28,05:45,44.8
2025-01-28,06:00,40.6
2025-01-28,06:15,32.2
2025-01-28,06:30,30.8
2025-01-28,06:45,30.8
2025-01-28,07:00,26.6
2025-01-28,07:15,26.6
2025-01-28,07:30,26.6
2025-01-28,07:45,9.8
2025-01-28,08:00,4.2
2025-01-28,08:15,-11.2
2025-01-28,08:30,-9.8
2025-01-28,08:45,-29.4
2025-01-28,09:00,-26.6
2025-01-28,09:15,-44.8
2025-01-28,09:30,-51.8
2025-01-28,09:45,-61.6
2025-01-28,10:00,-68.6
2025-01-28,10:15,-71.4
2025-01-28,10:30,-82.6
2025-01-28,10:45,-85.4
2025-01-28,11:00,-92.4
2025-01-28,11:15,-95.2
2025-01-28,11:30,-98
2025-01-28,11:45,-102.2
2025-01-28,12:00,-105
2025-01-28,12:15,-102.2
2025-01-28,12:30,-106.4
2025-01-28,12:45,-106.4
2025-01-28,13:00,-109.2
2025-01-28,13:15,-110.6
2025-01-28,13:30,-103.6
2025-01-28,13:45,-107.8
2025-01-28,14:00,-98
2025-01-28,14:15,-99.4
2025-01-28,14:30,-103.6
2025-01-28,14:45,-95.2
2025-01-28,15:00,-84
2025-01-28,15:15,-81.2
2025-01-28,15:30,-64.4
2025-01-28,15:45,-39.2
2025-01-28,16:00,-42
2025-01-28,16:15,-32.2
2025-01-28,16:30,-18.2
2025-01-28,16:45,
2025-01-28,17:00,14
2025-01-28,17:15,22.4
2025-01-28,17:30,28
2025-01-28,17:45,28
2025-01-28,18:00,35
2025-01-28,18:15,26.6
2025-01-28,18:30,28
2025-01-28,18:45,30.8
2025-01-28,19:00,36.4
2025-01-28,19:15,28
2025-01-28,19:30,28
2025-01-28,19:45,37.8
2025-01-28,20:00,32.2
2025-01-28,20:15,37.8
2025-01-28,20:30,26.6
2025-01-28,20:45,30.8
2025-01-28,21:00,29.4
2025-01-28,21:15,26.6
2025-01-28,21:30,28
2025-01-28,21:45,26.6
2025-01-28,22:00,28
2025-01-28,22:15,28
2025-01-28,22:30,28
2025-01-28,22:45,29.4
2025-01-28,23:00,29.4
2025-01-28,23:15,35
2025-01-28,23:30,28
2025-01-28,23:45,33.6
2025-01-29,00:00,28
2025-01-29,00:15,28
2025-01-29,00:30,28
2025-01-29,00:45,28
2025-01-29,01:00,28
2025-01-29,01:15,30.8
2025-01-29,01:30,29.4
2025-01-29,01:45,28
2025-01-29,02:00,28
2025-01-29,02:15,29.4
2025-01-29,02:30,29.4
2025-01-29,02:45,30.8
2025-01-29,03:00,29.4
2025-01-29,03:15,29.4
2025-01-29,03:30,28
2025-01-29,03:45,28
2025-01-29,04:00,28
2025-01-29,04:15,28
2025-01-29,04:30,29.4
2025-01-29,04:45,30.8
2025-01-29,05:00,29.4
2025-01-29,05:15,46.2
2025-01-29,05:30,29.4
2025-01-29,05:45,29.4
2025-01-29,06:00,33.6
2025-01-29,06:15,29.4
2025-01-29,06:30,29.4
2025-01-29,06:45,28
2025-01-29,07:00,26.6
2025-01-29,07:15,26.6
2025-01-29,07:30,22.4
2025-01-29,07:45,14
2025-01-29,08:00,5.6
2025-01-29,08:15,
2025-01-29,08:30,-15.4
2025-01-29,08:45,-12.6
2025-01-29,09:00,-33.6
2025-01-29,09:15,-36.4
2025-01-29,09:30,-49
2025-01-29,09:45,-56
2025-01-29,10:00,-63
2025-01-29,10:15,-70
2025-01-29,10:30,-74.2
2025-01-29,10:45,-77
2025-01-29,11:00,-84
2025-01-29,11:15,-89.6
2025-01-29,11:30,-93.8
2025-01-29,11:45,-96.6
2025-01-29,12:00,-92.4
2025-01-29,12:15,-95.2
2025-01-29,12:30,-99.4
2025-01-29,12:45,-92.4
2025-01-29,13:00,-98
2025-01-29,13:15,-103.6
2025-01-29,13:30,-100.8
2025-01-29,13:45,-96.6
2025-01-29,14:00,-84
2025-01-29,14:15,-75.6
2025-01-29,14:30,-86.8
2025-01-29,14:45,-85.4
2025-01-29,15:00,-79.8
2025-01-29,15:15,-72.8
2025-01-29,15:30,-64.4
2025-01-29,15:45,-56
2025-01-29,16:00,-39.2
2025-01-29,16:15,-26.6
2025-01-29,16:30,-14
2025-01-29,16:45,5.6
2025-01-29,17:00,19.6
2025-01-29,17:15,25.2
2025-01-29,17:30,32.2
2025-01-29,17:45,26.6
2025-01-29,18:00,36.4
2025-01-29,18:15,29.4
2025-01-29,18:30,26.6
2025-01-29,18:45,29.4
2025-01-29,19:00,32.2
2025-01-29,19:15,26.6
2025-01-29,19:30,26.6
2025-01-29,19:45,26.6
2025-01-29,20:00,28
2025-01-29,20:15,37.8
2025-01-29,20:30,28
2025-01-29,20:45,26.6
2025-01-29,21:00,33.6
2025-01-29,21:15,26.6
2025-01-29,21:30,26.6
2025-01-29,21:45,26.6
2025-01-29,22:00,32.2
2025-01-29,22:15,29.4
2025-01-29,22:30,30.8
2025-01-29,22:45,28
2025-01-29,23:00,32.2
2025-01-29,23:15,28
2025-01-29,23:30,28
2025-01-29,23:45,28
2025-01-30,00:00,28
2025-01-30,00:15,28
2025-01-30,00:30,28
2025-01-30,00:45,28
2025-01-30,01:00,32.2
2025-01-30,01:15,28
2025-01-30,01:30,37.8
2025-01-30,01:45,28
2025-01-30,02:00,32.2
2025-01-30,02:15,36.4
2025-01-30,02:30,28
2025-01-30,02:45,28
2025-01-30,03:00,30.8
2025-01-30,03:15,35
2025-01-30,03:30,28
2025-01-30,03:45,28
2025-01-30,04:00,28
2025-01-30,04:15,32.2
2025-01-30,04:30,28
2025-01-30,04:45,28
2025-01-30,05:00,29.4
2025-01-30,05:15,28
2025-01-30,05:30,28
2025-01-30,05:45,30.8
2025-01-30,06:00,35
2025-01-30,06:15,26.6
2025-01-30,06:30,29.4
2025-01-30,06:45,26.6
2025-01-30,07:00,30.8
2025-01-30,07:15,29.4
2025-01-30,07:30,37.8
2025-01-30,07:45,25.2
2025-01-30,08:00,5.6
2025-01-30,08:15,-2.8
2025-01-30,08:30,-11.2
2025-01-30,08:45,-19.6
2025-01-30,09:00,-29.4
2025-01-30,09:15,-39.2
2025-01-30,09:30,-47.6
2025-01-30,09:45,-47.6
2025-01-30,10:00,-56
2025-01-30,10:15,-64.4
2025-01-30,10:30,-72.8
2025-01-30,10:45,-67.2
2025-01-30,11:00,-57.4
2025-01-30,11:15,-46.2
2025-01-30,11:30,-91
2025-01-30,11:45,-91
2025-01-30,12:00,-92.4
2025-01-30,12:15,-95.2
2025-01-30,12:30,-96.6
2025-01-30,12:45,-96.6
2025-01-30,13:00,-96.6
2025-01-30,13:15,-92.4
2025-01-30,13:30,-81.2
2025-01-30,13:45,-85.4
2025-01-30,14:00,-96.6
2025-01-30,14:15,-89.6
2025-01-30,14:30,-43.4
2025-01-30,14:45,-78.4
2025-01-30,15:00,-68.6
2025-01-30,15:15,-37.8
2025-01-30,15:30,-5.6
2025-01-30,15:45,4.2
2025-01-30,16:00,8.4
2025-01-30,16:15,5.6
2025-01-30,16:30,12.6
2025-01-30,16:45,19.6
2025-01-30,17:00,19.6
2025-01-30,17:15,28
2025-01-30,17:30,29.4
2025-01-30,17:45,25.2
2025-01-30,18:00,35
2025-01-30,18:15,26.6
2025-01-30,18:30,26.6
2025-01-30,18:45,29.4
2025-01-30,19:00,28
2025-01-30,19:15,26.6
2025-01-30,19:30,26.6
2025-01-30,19:45,26.6
2025-01-30,20:00,26.6
2025-01-30,20:15,32.2
2025-01-30,20:30,36.4
2025-01-30,20:45,26.6
2025-01-30,21:00,29.4
2025-01-30,21:15,26.6
2025-01-30,21:30,30.8
2025-01-30,21:45,36.4
2025-01-30,22:00,30.8
2025-01-30,22:15,26.6
2025-01-30,22:30,26.6
2025-01-30,22:45,26.6
2025-01-30,23:00,30.8
2025-01-30,23:15,28
2025-01-30,23:30,33.6
2025-01-30,23:45,26.6
2025-01-31,00:00,26.6
2025-01-31,00:15,26.6
2025-01-31,00:30,26.6
2025-01-31,00:45,26.6
2025-01-31,01:00,26.6
2025-01-31,01:15,26.6
2025-01-31,01:30,26.6
2025-01-31,01:45,33.6
2025-01-31,02:00,26.6
2025-01-31,02:15,30.8
2025-01-31,02:30,26.6
2025-01-31,02:45,26.6
2025-01-31,03:00,26.6
2025-01-31,03:15,26.6
2025-01-31,03:30,28
2025-01-31,03:45,30.8
2025-01-31,04:00,37.8
2025-01-31,04:15,26.6
2025-01-31,04:30,26.6
2025-01-31,04:45,26.6
2025-01-31,05:00,32.2
2025-01-31,05:15,26.6
2025-01-31,05:30,26.6
2025-01-31,05:45,26.6
2025-01-31,06:00,26.6
2025-01-31,06:15,36.4
2025-01-31,06:30,26.6
2025-01-31,06:45,26.6
2025-01-31,07:00,25.2
2025-01-31,07:15,28
2025-01-31,07:30,29.4
2025-01-31,07:45,25.2
2025-01-31,08:00,23.8
2025-01-31,08:15,22.4
2025-01-31,08:30,19.6
2025-01-31,08:45,19.6
2025-01-31,09:00,16.8
2025-01-31,09:15,16.8
2025-01-31,09:30,19.6
2025-01-31,09:45,15.4
2025-01-31,10:00,16.8
2025-01-31,10:15,16.8
2025-01-31,10:30,12.6
2025-01-31,10:45,5.6
2025-01-31,11:00,9.8
2025-01-31,11:15,8.4
2025-01-31,11:30,14
2025-01-31,11:45,7
2025-01-31,12:00,-5.6
2025-01-31,12:15,-15.4
2025-01-31,12:30,-2.8
2025-01-31,12:45,
2025-01-31,13:00,12.6
2025-01-31,13:15,15.4
2025-01-31,13:30,21
2025-01-31,13:45,25.2
2025-01-31,14:00,23.8
2025-01-31,14:15,22.4
2025-01-31,14:30,19.6
2025-01-31,14:45,14
2025-01-31,15:00,16.8
2025-01-31,15:15,16.8
2025-01-31,15:30,21
2025-01-31,15:45,19.6
2025-01-31,16:00,28
2025-01-31,16:15,23.8
2025-01-31,16:30,23.8
2025-01-31,16:45,23.8
2025-01-31,17:00,25.2
2025-01-31,17:15,25.2
2025-01-31,17:30,29.4
2025-01-31,17:45,25.2
2025-01-31,18:00,28
2025-01-31,18:15,26.6
2025-01-31,18:30,26.6
2025-01-31,18:45,26.6
2025-01-31,19:00,26.6
2025-01-31,19:15,26.6
2025-01-31,19:30,26.6
2025-01-31,19:45,26.6
2025-01-31,20:00,26.6
2025-01-31,20:15,32.2
2025-01-31,20:30,26.6
2025-01-31,20:45,36.4
2025-01-31,21:00,28
2025-01-31,21:15,28
2025-01-31,21:30,26.6
2025-01-31,21:45,43.4
2025-01-31,22:00,26.6
2025-01-31,22:15,35
2025-01-31,22:30,26.6
2025-01-31,22:45,33.6
2025-01-31,23:00,26.6
2025-01-31,23:15,32.2
2025-01-31,23:30,26.6
2025-01-31,23:45,30.8
2025-02-01,00:00,25.2
2025-02-01,00:15,28
2025-02-01,00:30,28
2025-02-01,00:45,26.6
2025-02-01,01:00,26.6
2025-02-01,01:15,26.6
2025-02-01,01:30,25.2
2025-02-01,01:45,25.2
2025-02-01,02:00,28
2025-02-01,02:15,26.6
2025-02-01,02:30,25.2
2025-02-01,02:45,33.6
2025-02-01,03:00,28
2025-02-01,03:15,25.2
2025-02-01,03:30,26.6
2025-02-01,03:45,26.6
2025-02-01,04:00,26.6
2025-02-01,04:15,26.6
2025-02-01,04:30,26.6
2025-02-01,04:45,25.2
2025-02-01,05:00,26.6
2025-02-01,05:15,28
2025-02-01,05:30,26.6
2025-02-01,05:45,29.4
2025-02-01,06:00,26.6
2025-02-01,06:15,26.6
2025-02-01,06:30,26.6
2025-02-01,06:45,36.4
2025-02-01,07:00,26.6
2025-02-01,07:15,25.2
2025-02-01,07:30,25.2
2025-02-01,07:45,25.2
2025-02-01,08:00,33.6
2025-02-01,08:15,30.8
2025-02-01,08:30,43.4
2025-02-01,08:45,42
2025-02-01,09:00,51.8
2025-02-01,09:15,49
2025-02-01,09:30,47.6
2025-02-01,09:45,47.6
2025-02-01,10:00,37.8
2025-02-01,10:15,35
2025-02-01,10:30,28
2025-02-01,10:45,19.6
2025-02-01,11:00,21
2025-02-01,11:15,19.6
2025-02-01,11:30,19.6
2025-02-01,11:45,15.4
2025-02-01,12:00,12.6
2025-02-01,12:15,12.6
2025-02-01,12:30,8.4
2025-02-01,12:45,9.8
2025-02-01,13:00,8.4
2025-02-01,13:15,14
2025-02-01,13:30,11.2
2025-02-01,13:45,4.2
2025-02-01,14:00,18.2
2025-02-01,14:15,19.6
2025-02-01,14:30,18.2
2025-02-01,14:45,25.2
2025-02-01,15:00,16.8
2025-02-01,15:15,19.6
2025-02-01,15:30,21
2025-02-01,15:45,23.8
2025-02-01,16:00,33.6
2025-02-01,16:15,23.8
2025-02-01,16:30,25.2
2025-02-01,16:45,30.8
2025-02-01,17:00,25.2
2025-02-01,17:15,25.2
2025-02-01,17:30,30.8
2025-02-01,17:45,26.6
2025-02-01,18:00,26.6
2025-02-01,18:15,30.8
2025-02-01,18:30,26.6
2025-02-01,18:45,26.6
2025-02-01,19:00,26.6
2025-02-01,19:15,26.6
2025-02-01,19:30,36.4
2025-02-01,19:45,39.2
2025-02-01,20:00,26.6
2025-02-01,20:15,28
2025-02-01,20:30,32.2
2025-02-01,20:45,28
2025-02-01,21:00,25.2
2025-02-01,21:15,28
2025-02-01,21:30,25.2
2025-02-01,21:45,25.2
2025-02-01,22:00,25.2
2025-02-01,22:15,30.8
2025-02-01,22:30,25.2
2025-02-01,22:45,36.4
2025-02-01,23:00,25.2
2025-02-01,23:15,25.2
2025-02-01,23:30,28
2025-02-01,23:45,29.4
2025-02-02,00:00,25.2
2025-02-02,00:15,25.2
2025-02-02,00:30,25.2
2025-02-02,00:45,25.2
2025-02-02,01:00,23.8
2025-02-02,01:15,29.4
2025-02-02,01:30,26.6
2025-02-02,01:45,25.2
2025-02-02,02:00,25.2
2025-02-02,02:15,25.2
2025-02-02,02:30,26.6
2025-02-02,02:45,23.8
2025-02-02,03:00,25.2
2025-02-02,03:15,26.6
2025-02-02,03:30,30.8
2025-02-02,03:45,23.8
2025-02-02,04:00,30.8
2025-02-02,04:15,25.2
2025-02-02,04:30,25.2
2025-02-02,04:45,25.2
2025-02-02,05:00,26.6
2025-02-02,05:15,26.6
2025-02-02,05:30,25.2
2025-02-02,05:45,23.8
2025-02-02,06:00,23.8
2025-02-02,06:15,23.8
2025-02-02,06:30,26.6
2025-02-02,06:45,29.4
2025-02-02,07:00,29.4
2025-02-02,07:15,25.2
2025-02-02,07:30,30.8
2025-02-02,07:45,25.2
2025-02-02,08:00,29.4
2025-02-02,08:15,32.2
2025-02-02,08:30,49
2025-02-02,08:45,35
2025-02-02,09:00,36.4
2025-02-02,09:15,42
2025-02-02,09:30,36.4
2025-02-02,09:45,46.2
2025-02-02,10:00,29.4
2025-02-02,10:15,-15.4
2025-02-02,10:30,-29.4
2025-02-02,10:45,-2.8
2025-02-02,11:00,-56
2025-02-02,11:15,-30.8
2025-02-02,11:30,2.8
2025-02-02,11:45,-16.8
2025-02-02,12:00,4.2
2025-02-02,12:15,7
2025-02-02,12:30,-14
2025-02-02,12:45,-5.6
2025-02-02,13:00,-2.8
2025-02-02,13:15,5.6
2025-02-02,13:30,-4.2
2025-02-02,13:45,-8.4
2025-02-02,14:00,
2025-02-02,14:15,1.4
2025-02-02,14:30,9.8
2025-02-02,14:45,15.4
2025-02-02,15:00,11.2
2025-02-02,15:15,18.2
2025-02-02,15:30,19.6
2025-02-02,15:45,16.8
2025-02-02,16:00,18.2
2025-02-02,16:15,22.4
2025-02-02,16:30,29.4
2025-02-02,16:45,28
2025-02-02,17:00,25.2
2025-02-02,17:15,28
2025-02-02,17:30,28
2025-02-02,17:45,39.2
2025-02-02,18:00,26.6
2025-02-02,18:15,36.4
2025-02-02,18:30,33.6
2025-02-02,18:45,30.8
2025-02-02,19:00,30.8
2025-02-02,19:15,30.8
2025-02-02,19:30,47.6
2025-02-02,19:45,47.6
2025-02-02,20:00,29.4
2025-02-02,20:15,37.8
2025-02-02,20:30,28
2025-02-02,20:45,29.4
2025-02-02,21:00,28
2025-02-02,21:15,28
2025-02-02,21:30,28
2025-02-02,21:45,28
2025-02-02,22:00,26.6
2025-02-02,22:15,29.4
2025-02-02,22:30,26.6
2025-02-02,22:45,30.8
2025-02-02,23:00,37.8
2025-02-02,23:15,30.8
2025-02-02,23:30,30.8
2025-02-02,23:45,32.2
2025-02-03,00:00,30.8
2025-02-03,00:15,35
2025-02-03,00:30,32.2
2025-02-03,00:45,30.8
2025-02-03,01:00,40.6
2025-02-03,01:15,35
2025-02-03,01:30,30.8
2025-02-03,01:45,32.2
2025-02-03,02:00,30.8
2025-02-03,02:15,30.8
2025-02-03,02:30,30.8
2025-02-03,02:45,30.8
2025-02-03,03:00,30.8
2025-02-03,03:15,30.8
2025-02-03,03:30,30.8
2025-02-03,03:45,30.8
2025-02-03,04:00,30.8
2025-02-03,04:15,30.8
2025-02-03,04:30,30.8
2025-02-03,04:45,37.8
2025-02-03,05:00,30.8
2025-02-03,05:15,37.8
2025-02-03,05:30,32.2
2025-02-03,05:45,30.8
2025-02-03,06:00,32.2
2025-02-03,06:15,33.6
2025-02-03,06:30,30.8
2025-02-03,06:45,33.6
2025-02-03,07:00,58.8
2025-02-03,07:15,113.4
2025-02-03,07:30,1955.8
2025-02-03,07:45,1044.4
2025-02-03,08:00,1848
2025-02-03,08:15,2220.4
2025-02-03,08:30,1814.4
2025-02-03,08:45,1689.8
2025-02-03,09:00,2179.8
2025-02-03,09:15,2192.4
2025-02-03,09:30,1402.8
2025-02-03,09:45,2060.8
2025-02-03,10:00,2210.6
2025-02-03,10:15,1198.4
2025-02-03,10:30,1908.2
2025-02-03,10:45,2156
2025-02-03,11:00,1765.4
2025-02-03,11:15,1628.2
2025-02-03,11:30,2174.2
2025-02-03,11:45,2163
2025-02-03,12:00,1359.4
2025-02-03,12:15,2017.4
2025-02-03,12:30,2149
2025-02-03,12:45,1065.4
2025-02-03,13:00,1831.2
2025-02-03,13:15,2128
2025-02-03,13:30,1710.8
2025-02-03,13:45,1631
2025-02-03,14:00,2076.2
2025-02-03,14:15,2062.2
2025-02-03,14:30,1404.2
2025-02-03,14:45,3158.4
2025-02-03,15:00,3176.6
2025-02-03,15:15,2350.6
2025-02-03,15:30,3001.6
2025-02-03,15:45,3302.6
2025-02-03,16:00,2804.2
2025-02-03,16:15,2861.6
2025-02-03,16:30,3294.2
2025-02-03,16:45,3224.2
2025-02-03,17:00,2622.2
2025-02-03,17:15,3161.2
2025-02-03,17:30,3364.2
2025-02-03,17:45,2345
2025-02-03,18:00,2991.8
2025-02-03,18:15,3298.4
2025-02-03,18:30,2811.2
2025-02-03,18:45,2818.2
2025-02-03,19:00,3266.2
2025-02-03,19:15,3269
2025-02-03,19:30,2605.4
2025-02-03,19:45,3200.4
2025-02-03,20:00,3382.4
2025-02-03,20:15,2354.8
2025-02-03,20:30,3068.8
2025-02-03,20:45,3315.2
2025-02-03,21:00,2909.2
2025-02-03,21:15,2814
2025-02-03,21:30,3245.2
2025-02-03,21:45,3270.4
2025-02-03,22:00,2506
2025-02-03,22:15,3255
2025-02-03,22:30,3229.8
2025-02-03,22:45,2444.4
2025-02-03,23:00,3172.4
2025-02-03,23:15,3316.6
2025-02-03,23:30,2839.2
2025-02-03,23:45,2795.8
2025-02-04,00:00,3292.8
2025-02-04,00:15,3362.8
2025-02-04,00:30,2566.2
2025-02-04,00:45,3196.2
2025-02-04,01:00,3266.2
2025-02-04,01:15,2269.4
2025-02-04,01:30,2982
2025-02-04,01:45,3278.8
2025-02-04,02:00,2828
2025-02-04,02:15,2760.8
2025-02-04,02:30,3280.2
2025-02-04,02:45,3220
2025-02-04,03:00,2570.4
2025-02-04,03:15,3183.6
2025-02-04,03:30,3229.8
2025-02-04,03:45,2263.8
2025-02-04,04:00,3033.8
2025-02-04,04:15,3262
2025-02-04,04:30,2970.8
2025-02-04,04:45,2773.4
2025-02-04,05:00,3270.4
2025-02-04,05:15,3203.2
2025-02-04,05:30,2718.8
2025-02-04,05:45,3185
2025-02-04,06:00,3228.4
2025-02-04,06:15,2423.4
2025-02-04,06:30,3035.2
2025-02-04,06:45,3288.6
2025-02-04,07:00,2700.6
2025-02-04,07:15,2821
2025-02-04,07:30,3341.8
2025-02-04,07:45,3241
2025-02-04,08:00,2699.2
2025-02-04,08:15,3325
2025-02-04,08:30,3325
2025-02-04,08:45,2462.6
2025-02-04,09:00,3203.2
2025-02-04,09:15,3411.8
2025-02-04,09:30,2878.4
2025-02-04,09:45,2823.8
2025-02-04,10:00,3245.2
2025-02-04,10:15,3210.2
2025-02-04,10:30,2725.8
2025-02-04,10:45,3231.2
2025-02-04,11:00,3348.8
2025-02-04,11:15,2353.4
2025-02-04,11:30,3064.6
2025-02-04,11:45,3257.8
2025-02-04,12:00,2454.2
2025-02-04,12:15,2875.6
2025-02-04,12:30,3354.4
2025-02-04,12:45,3241
2025-02-04,13:00,1733.2
2025-02-04,13:15,1733.2
2025-02-04,13:30,1699.6
2025-02-04,13:45,1717.8
2025-02-04,14:00,1699.6
2025-02-04,14:15,1699.6
2025-02-04,14:30,3019.8
2025-02-04,14:45,3364.2
2025-02-04,15:00,2938.6
2025-02-04,15:15,3011.4
2025-02-04,15:30,3425.8
2025-02-04,15:45,3379.6
2025-02-04,16:00,2702
2025-02-04,16:15,3280.2
2025-02-04,16:30,3381
2025-02-04,16:45,2461.2
2025-02-04,17:00,3070.2
2025-02-04,17:15,3368.4
2025-02-04,17:30,2895.2
2025-02-04,17:45,2856
2025-02-04,18:00,3348.8
2025-02-04,18:15,3479
2025-02-04,18:30,2632
2025-02-04,18:45,3281.6
2025-02-04,19:00,3332
2025-02-04,19:15,2465.4
2025-02-04,19:30,3152.8
2025-02-04,19:45,3529.4
2025-02-04,20:00,2937.2
2025-02-04,20:15,3150
2025-02-04,20:30,2401
2025-02-04,20:45,2349.2
2025-02-04,21:00,1754.2
2025-02-04,21:15,2336.6
2025-02-04,21:30,2378.6
2025-02-04,21:45,1484
2025-02-04,22:00,2144.8
2025-02-04,22:15,2378.6
2025-02-04,22:30,1841
2025-02-04,22:45,1919.4
2025-02-04,23:00,2410.8
2025-02-04,23:15,2338
2025-02-04,23:30,1765.4
2025-02-04,23:45,2326.8
2025-02-05,00:00,2333.8
2025-02-05,00:15,1481.2
2025-02-05,00:30,2200.8
2025-02-05,00:45,2378.6
2025-02-05,01:00,1545.6
2025-02-05,01:15,1965.6
2025-02-05,01:30,2389.8
2025-02-05,01:45,2343.6
2025-02-05,02:00,1708
2025-02-05,02:15,2319.8
2025-02-05,02:30,2333.8
2025-02-05,02:45,1444.8
2025-02-05,03:00,2158.8
2025-02-05,03:15,2359
2025-02-05,03:30,1243.2
2025-02-05,03:45,1948.8
2025-02-05,04:00,2389.8
2025-02-05,04:15,2312.8
2025-02-05,04:30,1645
2025-02-05,04:45,2261
2025-02-05,05:00,2318.4
2025-02-05,05:15,1428
2025-02-05,05:30,2160.2
2025-02-05,05:45,2377.2
2025-02-05,06:00,1708
2025-02-05,06:15,1925
2025-02-05,06:30,2367.4
2025-02-05,06:45,2307.2
2025-02-05,07:00,1696.8
2025-02-05,07:15,2308.6
2025-02-05,07:30,2349.2
2025-02-05,07:45,1502.2
2025-02-05,08:00,2178.4
2025-02-05,08:15,2419.2
2025-02-05,08:30,1618.4
2025-02-05,08:45,2011.8
2025-02-05,09:00,2405.2
2025-02-05,09:15,3529.4
2025-02-05,09:30,2814
2025-02-05,09:45,3403.4
2025-02-05,10:00,3435.6
2025-02-05,10:15,2563.4
2025-02-05,10:30,3234
2025-02-05,10:45,3430
2025-02-05,11:00,2912
2025-02-05,11:15,3089.8
2025-02-05,11:30,3501.4
2025-02-05,11:45,3432.8
2025-02-05,12:00,2787.4
2025-02-05,12:15,3348.8
2025-02-05,12:30,3392.2
2025-02-05,12:45,2528.4
2025-02-05,13:00,3217.2
2025-02-05,13:15,4075.4
2025-02-05,13:30,3462.2
2025-02-05,13:45,3606.4
2025-02-05,14:00,4040.4
2025-02-05,14:15,3998.4
2025-02-05,14:30,3365.6
2025-02-05,14:45,4034.8
2025-02-05,15:00,4104.8
2025-02-05,15:15,3217.2
2025-02-05,15:30,3962
2025-02-05,15:45,4134.2
2025-02-05,16:00,2872.8
2025-02-05,16:15,3271.8
2025-02-05,16:30,3598
2025-02-05,16:45,3609.2
2025-02-05,17:00,2998.8
2025-02-05,17:15,3481.8
2025-02-05,17:30,3537.8
2025-02-05,17:45,2667
2025-02-05,18:00,3305.4
2025-02-05,18:15,3539.2
2025-02-05,18:30,2879.8
2025-02-05,18:45,3113.6
2025-02-05,19:00,3603.6
2025-02-05,19:15,3511.2
2025-02-05,19:30,2970.8
2025-02-05,19:45,3554.6
2025-02-05,20:00,3547.6
2025-02-05,20:15,2755.2
2025-02-05,20:30,3431.4
2025-02-05,20:45,3600.8
2025-02-05,21:00,2590
2025-02-05,21:15,3214.4
2025-02-05,21:30,3759
2025-02-05,21:45,3704.4
2025-02-05,22:00,2976.4
2025-02-05,22:15,3565.8
2025-02-05,22:30,3764.6
2025-02-05,22:45,2721.6
2025-02-05,23:00,3319.4
2025-02-05,23:15,3539.2
2025-02-05,23:30,2310
2025-02-05,23:45,3144.4
2025-02-06,00:00,3557.4
2025-02-06,00:15,3466.4
2025-02-06,00:30,2900.8
2025-02-06,00:45,3479
2025-02-06,01:00,3507
2025-02-06,01:15,2625
2025-02-06,01:30,3336.2
2025-02-06,01:45,3533.6
2025-02-06,02:00,2654.4
2025-02-06,02:15,3124.8
2025-02-06,02:30,3558.8
2025-02-06,02:45,3514
2025-02-06,03:00,2872.8
2025-02-06,03:15,3458
2025-02-06,03:30,3501.4
2025-02-06,03:45,2662.8
2025-02-06,04:00,3330.6
2025-02-06,04:15,3519.6
2025-02-06,04:30,2356.2
2025-02-06,04:45,3066
2025-02-06,05:00,3571.4
2025-02-06,05:15,3463.6
2025-02-06,05:30,2861.6
2025-02-06,05:45,3451
2025-02-06,06:00,3459.4
2025-02-06,06:15,2622.2
2025-02-06,06:30,3336.2
2025-02-06,06:45,3535
2025-02-06,07:00,2664.2
2025-02-06,07:15,3122
2025-02-06,07:30,3673.6
2025-02-06,07:45,3537.8
2025-02-06,08:00,3018.4
2025-02-06,08:15,3633
2025-02-06,08:30,3624.6
2025-02-06,08:45,2993.2
2025-02-06,09:00,3614.8
2025-02-06,09:15,3887.8
2025-02-06,09:30,2637.6
2025-02-06,09:45,3445.4
2025-02-06,10:00,3773
2025-02-06,10:15,3715.6
2025-02-06,10:30,3101
2025-02-06,10:45,3683.4
2025-02-06,11:00,3704.4
2025-02-06,11:15,2837.8
2025-02-06,11:30,3550.4
2025-02-06,11:45,3705.8
2025-02-06,12:00,2479.4
2025-02-06,12:15,3427.2
2025-02-06,12:30,3826.2
2025-02-06,12:45,3640
2025-02-06,13:00,3276
2025-02-06,13:15,3787
2025-02-06,13:30,3826.2
2025-02-06,13:45,2980.6
2025-02-06,14:00,3557.4
2025-02-06,14:15,3752
2025-02-06,14:30,2543.8
2025-02-06,14:45,3400.6
2025-02-06,15:00,3799.6
2025-02-06,15:15,3724
2025-02-06,15:30,3192
2025-02-06,15:45,3729.6
2025-02-06,16:00,3858.4
2025-02-06,16:15,3010
2025-02-06,16:30,3694.6
2025-02-06,16:45,3843
2025-02-06,17:00,2609.6
2025-02-06,17:15,3322.2
2025-02-06,17:30,3756.2
2025-02-06,17:45,3691.8
2025-02-06,18:00,3155.6
2025-02-06,18:15,3698.8
2025-02-06,18:30,3726.8
2025-02-06,18:45,2906.4
2025-02-06,19:00,3554.6
2025-02-06,19:15,3756.2
2025-02-06,19:30,2634.8
2025-02-06,19:45,3872.4
2025-02-06,20:00,4285.4
2025-02-06,20:15,3970.4
2025-02-06,20:30,3670.8
2025-02-06,20:45,4202.8
2025-02-06,21:00,4187.4
2025-02-06,21:15,3420.2
2025-02-06,21:30,4096.4
2025-02-06,21:45,4232.2
2025-02-06,22:00,2986.2
2025-02-06,22:15,3873.8
2025-02-06,22:30,4289.6
2025-02-06,22:45,4230.8
2025-02-06,23:00,3682
2025-02-06,23:15,4270
2025-02-06,23:30,4275.6
2025-02-06,23:45,3406.2
2025-02-07,00:00,4160.8
2025-02-07,00:15,4285.4
2025-02-07,00:30,2602.6
2025-02-07,00:45,3479
2025-02-07,01:00,3851.4
2025-02-07,01:15,3661
2025-02-07,01:30,3201.8
2025-02-07,01:45,3781.4
2025-02-07,02:00,3733.8
2025-02-07,02:15,2916.2
2025-02-07,02:30,3617.6
2025-02-07,02:45,3795.4
2025-02-07,03:00,2647.4
2025-02-07,03:15,3425.8
2025-02-07,03:30,3844.4
2025-02-07,03:45,3760.4
2025-02-07,04:00,3173.8
2025-02-07,04:15,3742.2
2025-02-07,04:30,3780
2025-02-07,04:45,2969.4
2025-02-07,05:00,3649.8
2025-02-07,05:15,3816.4
2025-02-07,05:30,2608.2
2025-02-07,05:45,3455.2
2025-02-07,06:00,3854.2
2025-02-07,06:15,3647
2025-02-07,06:30,3213
2025-02-07,06:45,3813.6
2025-02-07,07:00,3819.2
2025-02-07,07:15,2955.4
2025-02-07,07:30,3683.4
2025-02-07,07:45,3948
2025-02-07,08:00,2749.6
2025-02-07,08:15,3630.2
2025-02-07,08:30,4004
2025-02-07,08:45,3966.2
2025-02-07,09:00,3634.4
2025-02-07,09:15,4193
2025-02-07,09:30,4166.4
2025-02-07,09:45,3344.6
2025-02-07,10:00,3991.4
2025-02-07,10:15,4130
2025-02-07,10:30,2885.4
2025-02-07,10:45,3724
2025-02-07,11:00,4135.6
2025-02-07,11:15,3978.8
2025-02-07,11:30,3465
2025-02-07,11:45,4043.2
2025-02-07,12:00,4065.6
2025-02-07,12:15,3173.8
2025-02-07,12:30,3920
2025-02-07,12:45,4062.8
2025-02-07,13:00,2805.6
2025-02-07,13:15,3691.8
2025-02-07,13:30,4088
2025-02-07,13:45,3836
2025-02-07,14:00,3504.2
2025-02-07,14:15,4034.8
2025-02-07,14:30,4050.2
2025-02-07,14:45,3767.4
2025-02-07,15:00,4379.2
2025-02-07,15:15,4566.8
2025-02-07,15:30,3361.4
2025-02-07,15:45,4212.6
2025-02-07,16:00,4628.4
2025-02-07,16:15,4243.4
2025-02-07,16:30,3855.6
2025-02-07,16:45,4438
2025-02-07,17:00,4222.4
2025-02-07,17:15,3532.2
2025-02-07,17:30,4334.4
2025-02-07,17:45,4478.6
2025-02-07,18:00,3200.4
2025-02-07,18:15,4095
2025-02-07,18:30,4478.6
2025-02-07,18:45,4289.6
2025-02-07,19:00,3883.6
2025-02-07,19:15,4435.2
2025-02-07,19:30,4523.4
2025-02-07,19:45,3655.4
2025-02-07,20:00,4309.2
2025-02-07,20:15,4494
2025-02-07,20:30,3291.4
2025-02-07,20:45,4132.8
2025-02-07,21:00,4508
2025-02-07,21:15,3834.6
2025-02-07,21:30,3662.4
2025-02-07,21:45,4250.4
2025-02-07,22:00,4237.8
2025-02-07,22:15,3386.6
2025-02-07,22:30,4093.6
2025-02-07,22:45,4249
2025-02-07,23:00,3008.6
2025-02-07,23:15,3920
2025-02-07,23:30,4312
2025-02-07,23:45,3983
2025-02-08,00:00,3679.2
2025-02-08,00:15,4195.8
2025-02-08,00:30,4466
2025-02-08,00:45,3670.8
2025-02-08,01:00,4331.6
2025-02-08,01:15,4487
2025-02-08,01:30,3367
2025-02-08,01:45,4082.4
2025-02-08,02:00,4491.2
2025-02-08,02:15,4096.4
2025-02-08,02:30,3864
2025-02-08,02:45,4445
2025-02-08,03:00,4438
2025-02-08,03:15,3571.4
2025-02-08,03:30,4293.8
2025-02-08,03:45,4425.4
2025-02-08,04:00,3115
2025-02-08,04:15,4092.2
2025-02-08,04:30,4459
2025-02-08,04:45,4016.6
2025-02-08,05:00,3838.8
2025-02-08,05:15,4323.2
2025-02-08,05:30,4432.4
2025-02-08,05:45,3652.6
2025-02-08,06:00,4208.4
2025-02-08,06:15,4397.4
2025-02-08,06:30,3291.4
2025-02-08,06:45,4065.6
2025-02-08,07:00,4468.8
2025-02-08,07:15,4075.4
2025-02-08,07:30,3822
2025-02-08,07:45,4414.2
2025-02-08,08:00,4299.4
2025-02-08,08:15,3565.8
2025-02-08,08:30,4341.4
2025-02-08,08:45,4460.4
2025-02-08,09:00,3229.8
2025-02-08,09:15,4118.8
2025-02-08,09:30,4510.8
2025-02-08,09:45,4106.2
2025-02-08,10:00,3971.8
2025-02-08,10:15,3966.2
2025-02-08,10:30,3985.8
2025-02-08,10:45,3217.2
2025-02-08,11:00,3882.2
2025-02-08,11:15,4040.4
2025-02-08,11:30,2839.2
2025-02-08,11:45,3616.2
2025-02-08,12:00,4015.2
2025-02-08,12:15,3707.2
2025-02-08,12:30,3351.6
2025-02-08,12:45,3984.4
2025-02-08,13:00,3974.6
2025-02-08,13:15,3162.6
2025-02-08,13:30,3876.6
2025-02-08,13:45,3682
2025-02-08,14:00,2756.6
2025-02-08,14:15,3638.6
2025-02-08,14:30,3971.8
2025-02-08,14:45,3565.8
2025-02-08,15:00,3410.4
2025-02-08,15:15,3925.6
2025-02-08,15:30,3998.4
2025-02-08,15:45,3189.2
2025-02-08,16:00,4279.8
2025-02-08,16:15,4358.2
2025-02-08,16:30,3297
2025-02-08,16:45,4135.6
2025-02-08,17:00,4545.8
2025-02-08,17:15,4099.2
2025-02-08,17:30,3929.8
2025-02-08,17:45,4485.6
2025-02-08,18:00,4482.8
2025-02-08,18:15,3669.4
2025-02-08,18:30,4356.8
2025-02-08,18:45,4485.6
2025-02-08,19:00,3278.8
2025-02-08,19:15,4109
2025-02-08,19:30,4463.2
2025-02-08,19:45,4176.2
2025-02-08,20:00,3936.8
2025-02-08,20:15,4492.6
2025-02-08,20:30,4461.8
2025-02-08,20:45,3670.8
2025-02-08,21:00,4319
2025-02-08,21:15,4482.8
2025-02-08,21:30,3448.2
2025-02-08,21:45,4177.6
2025-02-08,22:00,4550
2025-02-08,22:15,4100.6
2025-02-08,22:30,3952.2
2025-02-08,22:45,4477.2
2025-02-08,23:00,4463.2
2025-02-08,23:15,3686.2
2025-02-08,23:30,4377.8
2025-02-08,23:45,4508
2025-02-09,00:00,3343.2
2025-02-09,00:15,4194.4
2025-02-09,00:30,4517.8
2025-02-09,00:45,4114.6
2025-02-09,01:00,3921.4
2025-02-09,01:15,4498.2
2025-02-09,01:30,4477.2
2025-02-09,01:45,3712.8
2025-02-09,02:00,4317.6
2025-02-09,02:15,4509.4
2025-02-09,02:30,3425.8
2025-02-09,02:45,4162.2
2025-02-09,03:00,4519.2
2025-02-09,03:15,4065.6
2025-02-09,03:30,3931.2
2025-02-09,03:45,4480
2025-02-09,04:00,4446.4
2025-02-09,04:15,3697.4
2025-02-09,04:30,4386.2
2025-02-09,04:45,4435.2
2025-02-09,05:00,3284.4
2025-02-09,05:15,4130
2025-02-09,05:30,4464.6
2025-02-09,05:45,3980.2
2025-02-09,06:00,3886.4
2025-02-09,06:15,4489.8
2025-02-09,06:30,4533.2
2025-02-09,06:45,3736.6
2025-02-09,07:00,4369.4
2025-02-09,07:15,4496.8
2025-02-09,07:30,3508.4
2025-02-09,07:45,4081
2025-02-09,08:00,4464.6
2025-02-09,08:15,4001.2
2025-02-09,08:30,3848.6
2025-02-09,08:45,4405.8
2025-02-09,09:00,4366.6
2025-02-09,09:15,3577
2025-02-09,09:30,4263
2025-02-09,09:45,4344.2
2025-02-09,10:00,3252.2
2025-02-09,10:15,4086.6
2025-02-09,10:30,4375
2025-02-09,10:45,3886.4
2025-02-09,11:00,3813.6
2025-02-09,11:15,4314.8
2025-02-09,11:30,4286.8
2025-02-09,11:45,3528
2025-02-09,12:00,4131.4
2025-02-09,12:15,4258.8
2025-02-09,12:30,3241
2025-02-09,12:45,3981.6
2025-02-09,13:00,4310.6
2025-02-09,13:15,3714.2
2025-02-09,13:30,3700.2
2025-02-09,13:45,4226.6
2025-02-09,14:00,4302.2
2025-02-09,14:15,3628.8
2025-02-09,14:30,4228
2025-02-09,14:45,4330.2
2025-02-09,15:00,3334.8
2025-02-09,15:15,4071.2
2025-02-09,15:30,4349.8
2025-02-09,15:45,3892
2025-02-09,16:00,3868.2
2025-02-09,16:15,4349.8
2025-02-09,16:30,4341.4
2025-02-09,16:45,3669.4
2025-02-09,17:00,4242
2025-02-09,17:15,4398.8
2025-02-09,17:30,3388
2025-02-09,17:45,4142.6
2025-02-09,18:00,4384.8
2025-02-09,18:15,3910.2
2025-02-09,18:30,3927
2025-02-09,18:45,4404.4
2025-02-09,19:00,4348.4
2025-02-09,19:15,3642.8
2025-02-09,19:30,4328.8
2025-02-09,19:45,4432.4
2025-02-09,20:00,3437
2025-02-09,20:15,4225.2
2025-02-09,20:30,4495.4
2025-02-09,20:45,4016.6
2025-02-09,21:00,3911.6
2025-02-09,21:15,4417
2025-02-09,21:30,4456.2
2025-02-09,21:45,3792.6
2025-02-09,22:00,4352.6
2025-02-09,22:15,4424
2025-02-09,22:30,3467.8
2025-02-09,22:45,4131.4
2025-02-09,23:00,4456.2
2025-02-09,23:15,3973.2
2025-02-09,23:30,3913
2025-02-09,23:45,4405.8
2025-02-10,00:00,4391.8
2025-02-10,00:15,3673.6
2025-02-10,00:30,4293.8
2025-02-10,00:45,4410
2025-02-10,01:00,3297
2025-02-10,01:15,4102
2025-02-10,01:30,4412.8
2025-02-10,01:45,3983
2025-02-10,02:00,3928.4
2025-02-10,02:15,4372.2
2025-02-10,02:30,4345.6
2025-02-10,02:45,3676.4
2025-02-10,03:00,4260.2
2025-02-10,03:15,4425.4
2025-02-10,03:30,3386.6
2025-02-10,03:45,4106.2
2025-02-10,04:00,4418.4
2025-02-10,04:15,3862.6
2025-02-10,04:30,3880.8
2025-02-10,04:45,4372.2
2025-02-10,05:00,4340
2025-02-10,05:15,3613.4
2025-02-10,05:30,4270
2025-02-10,05:45,4361
2025-02-10,06:00,3355.8
2025-02-10,06:15,4118.8
2025-02-10,06:30,4425.4
2025-02-10,06:45,3970.4
2025-02-10,07:00,3956.4
2025-02-10,07:15,4398.8
2025-02-10,07:30,4403
2025-02-10,07:45,3726.8
2025-02-10,08:00,4362.4
2025-02-10,08:15,4606
2025-02-10,08:30,3612
2025-02-10,08:45,4305
2025-02-10,09:00,4603.2
2025-02-10,09:15,4088
2025-02-10,09:30,4012.4
2025-02-10,09:45,4481.4
2025-02-10,10:00,4449.2
2025-02-10,10:15,3795.4
2025-02-10,10:30,4450.6
2025-02-10,10:45,4419.8
2025-02-10,11:00,3553.2
2025-02-10,11:15,4330.2
2025-02-10,11:30,4599
2025-02-10,11:45,4081
2025-02-10,12:00,4090.8
2025-02-10,12:15,4503.8
2025-02-10,12:30,4459
2025-02-10,12:45,3803.8
2025-02-10,13:00,4351.2
2025-02-10,13:15,4468.8
2025-02-10,13:30,3494.4
2025-02-10,13:45,4167.8
2025-02-10,14:00,4509.4
2025-02-10,14:15,3913
2025-02-10,14:30,4071.2
2025-02-10,14:45,4541.6
2025-02-10,15:00,4002.6
2025-02-10,15:15,3392.2
2025-02-10,15:30,3974.6
2025-02-10,15:45,4002.6
2025-02-10,16:00,3092.6
2025-02-10,16:15,3794
2025-02-10,16:30,4083.8
2025-02-10,16:45,3522.4
2025-02-10,17:00,3586.8
2025-02-10,17:15,4100.6
2025-02-10,17:30,4074
2025-02-10,17:45,3424.4
2025-02-10,18:00,3994.2
2025-02-10,18:15,4088
2025-02-10,18:30,3203.2
2025-02-10,18:45,3914.4
2025-02-10,19:00,4121.6
2025-02-10,19:15,3477.6
2025-02-10,19:30,3693.2
2025-02-10,19:45,4166.4
2025-02-10,20:00,4106.2
2025-02-10,20:15,3462.2
2025-02-10,20:30,4099.2
2025-02-10,20:45,4597.6
2025-02-10,21:00,3670.8
2025-02-10,21:15,4414.2
2025-02-10,21:30,4660.6
2025-02-10,21:45,4174.8
2025-02-10,22:00,4214
2025-02-10,22:15,4568.2
2025-02-10,22:30,4558.4
2025-02-10,22:45,3945.2
2025-02-10,23:00,4557
2025-02-10,23:15,4569.6
2025-02-10,23:30,3677.8
2025-02-10,23:45,4355.4
2025-02-11,00:00,4569.6
2025-02-11,00:15,3599.4
2025-02-11,00:30,3880.8
2025-02-11,00:45,4349.8
2025-02-11,01:00,4272.8
2025-02-11,01:15,3623.2
2025-02-11,01:30,4237.8
2025-02-11,01:45,4250.4
2025-02-11,02:00,3341.8
2025-02-11,02:15,4061.4
2025-02-11,02:30,4282.6
2025-02-11,02:45,3287.2
2025-02-11,03:00,3890.6
2025-02-11,03:15,4300.8
2025-02-11,03:30,4232.2
2025-02-11,03:45,3661
2025-02-11,04:00,4221
2025-02-11,04:15,4250.4
2025-02-11,04:30,3400.6
2025-02-11,04:45,4071.2
2025-02-11,05:00,4285.4
2025-02-11,05:15,3361.4
2025-02-11,05:30,3796.8
2025-02-11,05:45,4195.8
2025-02-11,06:00,4174.8
2025-02-11,06:15,3564.4
2025-02-11,06:30,4187.4
2025-02-11,06:45,4193
2025-02-11,07:00,3376.8
2025-02-11,07:15,4079.6
2025-02-11,07:30,4236.4
2025-02-11,07:45,3152.8
2025-02-11,08:00,3893.4
2025-02-11,08:15,4331.6
2025-02-11,08:30,4201.4
2025-02-11,08:45,3641.4
2025-02-11,09:00,4202.8
2025-02-11,09:15,4251.8
2025-02-11,09:30,3507
2025-02-11,09:45,4197.2
2025-02-11,10:00,4376.4
2025-02-11,10:15,3584
2025-02-11,10:30,3984.4
2025-02-11,10:45,4424
2025-02-11,11:00,4263
2025-02-11,11:15,3750.6
2025-02-11,11:30,4337.2
2025-02-11,11:45,4334.4
2025-02-11,12:00,3494.4
2025-02-11,12:15,4158
2025-02-11,12:30,4288.2
2025-02-11,12:45,3151.4
2025-02-11,13:00,3917.2
2025-02-11,13:15,4291
2025-02-11,13:30,4263
2025-02-11,13:45,3726.8
2025-02-11,14:00,4275.6
2025-02-11,14:15,4307.8
2025-02-11,14:30,3497.2
2025-02-11,14:45,4173.4
2025-02-11,15:00,4320.4
2025-02-11,15:15,3218.6
2025-02-11,15:30,4011
2025-02-11,15:45,4383.4
2025-02-11,16:00,4009.6
2025-02-11,16:15,3728.2
2025-02-11,16:30,4320.4
2025-02-11,16:45,4314.8
2025-02-11,17:00,3516.8
2025-02-11,17:15,4127.2
2025-02-11,17:30,4303.6
2025-02-11,17:45,3068.8
2025-02-11,18:00,3960.6
2025-02-11,18:15,4344.2
2025-02-11,18:30,4243.4
2025-02-11,18:45,3708.6
2025-02-11,19:00,4337.2
2025-02-11,19:15,4310.6
2025-02-11,19:30,3564.4
2025-02-11,19:45,4195.8
2025-02-11,20:00,4349.8
2025-02-11,20:15,3094
2025-02-11,20:30,3897.6
2025-02-11,20:45,4320.4
2025-02-11,21:00,4023.6
2025-02-11,21:15,3686.2
2025-02-11,21:30,4249
2025-02-11,21:45,4222.4
2025-02-11,22:00,3428.6
2025-02-11,22:15,4109
2025-02-11,22:30,4218.2
2025-02-11,22:45,3032.4
2025-02-11,23:00,3918.6
2025-02-11,23:15,4275.6
2025-02-11,23:30,3899
2025-02-11,23:45,3672.2
2025-02-12,00:00,4211.2
2025-02-12,00:15,4218.2
2025-02-12,00:30,3428.6
2025-02-12,00:45,4068.4
2025-02-12,01:00,4202.8
2025-02-12,01:15,3045
2025-02-12,01:30,3878
2025-02-12,01:45,4244.8
2025-02-12,02:00,3964.8
2025-02-12,02:15,3637.2
2025-02-12,02:30,4207
2025-02-12,02:45,4200
2025-02-12,03:00,3372.6
2025-02-12,03:15,4102
2025-02-12,03:30,4205.6
2025-02-12,03:45,3047.8
2025-02-12,04:00,3904.6
2025-02-12,04:15,4258.8
2025-02-12,04:30,3897.6
2025-02-12,04:45,3570
2025-02-12,05:00,4104.8
2025-02-12,05:15,4205.6
2025-02-12,05:30,3417.4
2025-02-12,05:45,4058.6
2025-02-12,06:00,4225.2
2025-02-12,06:15,3008.6
2025-02-12,06:30,3904.6
2025-02-12,06:45,4356.8
2025-02-12,07:00,4054.4
2025-02-12,07:15,3764.6
2025-02-12,07:30,4260.2
2025-02-12,07:45,4298
2025-02-12,08:00,3558.8
2025-02-12,08:15,4277
2025-02-12,08:30,4599
2025-02-12,08:45,3466.4
2025-02-12,09:00,4326
2025-02-12,09:15,4674.6
2025-02-12,09:30,4237.8
2025-02-12,09:45,4047.4
2025-02-12,10:00,4447.8
2025-02-12,10:15,4426.8
2025-02-12,10:30,3620.4
2025-02-12,10:45,4293.8
2025-02-12,11:00,4460.4
2025-02-12,11:15,3262
2025-02-12,11:30,4173.4
2025-02-12,11:45,4471.6
2025-02-12,12:00,3983
2025-02-12,12:15,3862.6
2025-02-12,12:30,4424
2025-02-12,12:45,4398.8
2025-02-12,13:00,3666.6
2025-02-12,13:15,4333
2025-02-12,13:30,4454.8
2025-02-12,13:45,3271.8
2025-02-12,14:00,4163.6
2025-02-12,14:15,4510.8
2025-02-12,14:30,4058.6
2025-02-12,14:45,4034.8
2025-02-12,15:00,4578
2025-02-12,15:15,4561.2
2025-02-12,15:30,3847.2
2025-02-12,15:45,4488.4
2025-02-12,16:00,4544.4
2025-02-12,16:15,3508.4
2025-02-12,16:30,4295.2
2025-02-12,16:45,4573.8
2025-02-12,17:00,3932.6
2025-02-12,17:15,3852.8
2025-02-12,17:30,4359.6
2025-02-12,17:45,4386.2
2025-02-12,18:00,3546.2
2025-02-12,18:15,4256
2025-02-12,18:30,4356.8
2025-02-12,18:45,3214.4
2025-02-12,19:00,4072.6
2025-02-12,19:15,4457.6
2025-02-12,19:30,4034.8
2025-02-12,19:45,3980.2
2025-02-12,20:00,4422.6
2025-02-12,20:15,4372.2
2025-02-12,20:30,3676.4
2025-02-12,20:45,4292.4
2025-02-12,21:00,4408.6
2025-02-12,21:15,3616.2
2025-02-12,21:30,4382
2025-02-12,21:45,4685.8
2025-02-12,22:00,4214
2025-02-12,22:15,4135.6
2025-02-12,22:30,4638.2
2025-02-12,22:45,4601.8
2025-02-12,23:00,3852.8
2025-02-12,23:15,4517.8
2025-02-12,23:30,4639.6
2025-02-12,23:45,3617.6
2025-02-13,00:00,4324.6
2025-02-13,00:15,4470.2
2025-02-13,00:30,4138.4
2025-02-13,00:45,4097.8
2025-02-13,01:00,4576.6
2025-02-13,01:15,4529
2025-02-13,01:30,3864
2025-02-13,01:45,4461.8
2025-02-13,02:00,4557
2025-02-13,02:15,3565.8
2025-02-13,02:30,4333
2025-02-13,02:45,4604.6
2025-02-13,03:00,4156.6
2025-02-13,03:15,4090.8
2025-02-13,03:30,4634
2025-02-13,03:45,4557
2025-02-13,04:00,3915.8
2025-02-13,04:15,4527.6
2025-02-13,04:30,4562.6
2025-02-13,04:45,3593.8
2025-02-13,05:00,4365.2
2025-02-13,05:15,4587.8
2025-02-13,05:30,4082.4
2025-02-13,05:45,4111.8
2025-02-13,06:00,4607.4
2025-02-13,06:15,4524.8
2025-02-13,06:30,3943.8
2025-02-13,06:45,4519.2
2025-02-13,07:00,4585
2025-02-13,07:15,3640
2025-02-13,07:30,4523.4
2025-02-13,07:45,4825.8
2025-02-13,08:00,4249
2025-02-13,08:15,4554.2
2025-02-13,08:30,5019
2025-02-13,08:45,4929.4
2025-02-13,09:00,3995.6
2025-02-13,09:15,4579.4
2025-02-13,09:30,4649.4
2025-02-13,09:45,3732.4
2025-02-13,10:00,4407.2
2025-02-13,10:15,4600.4
2025-02-13,10:30,3827.6
2025-02-13,10:45,4218.2
2025-02-13,11:00,4610.2
2025-02-13,11:15,4547.2
2025-02-13,11:30,3945.2
2025-02-13,11:45,4487
2025-02-13,12:00,4524.8
2025-02-13,12:15,3696
2025-02-13,12:30,4338.6
2025-02-13,12:45,4538.8
2025-02-13,13:00,3318
2025-02-13,13:15,4138.4
2025-02-13,13:30,4582.2
2025-02-13,13:45,4327.4
2025-02-13,14:00,3908.8
2025-02-13,14:15,4447.8
2025-02-13,14:30,4449.2
2025-02-13,14:45,3687.6
2025-02-13,15:00,4344.2
2025-02-13,15:15,4509.4
2025-02-13,15:30,3320.8
2025-02-13,15:45,4144
2025-02-13,16:00,4529
2025-02-13,16:15,4244.8
2025-02-13,16:30,3865.4
2025-02-13,16:45,4232.2
2025-02-13,17:00,4355.4
2025-02-13,17:15,3554.6
2025-02-13,17:30,4180.4
2025-02-13,17:45,4344.2
2025-02-13,18:00,3150
2025-02-13,18:15,4006.8
2025-02-13,18:30,4435.2
2025-02-13,18:45,4256
2025-02-13,19:00,3805.2
2025-02-13,19:15,4372.2
2025-02-13,19:30,4383.4
2025-02-13,19:45,3589.6
2025-02-13,20:00,4277
2025-02-13,20:15,4411.4
2025-02-13,20:30,3253.6
2025-02-13,20:45,4139.8
2025-02-13,21:00,3981.6
2025-02-13,21:15,3617.6
2025-02-13,21:30,3403.4
2025-02-13,21:45,3943.8
2025-02-13,22:00,3941
2025-02-13,22:15,3158.4
2025-02-13,22:30,3799.6
2025-02-13,22:45,3942.4
2025-02-13,23:00,2751
2025-02-13,23:15,3563
2025-02-13,23:30,3985.8
2025-02-13,23:45,3809.4
2025-02-14,00:00,3348.8
2025-02-14,00:15,3903.2
2025-02-14,00:30,3897.6
2025-02-14,00:45,3150
2025-02-14,01:00,3817.8
2025-02-14,01:15,3928.4
2025-02-14,01:30,2759.4
2025-02-14,01:45,3600.8
2025-02-14,02:00,3948
2025-02-14,02:15,3599.4
2025-02-14,02:30,3362.8
2025-02-14,02:45,3887.8
2025-02-14,03:00,3894.8
2025-02-14,03:15,3078.6
2025-02-14,03:30,3731
2025-02-14,03:45,3886.4
2025-02-14,04:00,2681
2025-02-14,04:15,3521
2025-02-14,04:30,3941
2025-02-14,04:45,3551.8
2025-02-14,05:00,3262
2025-02-14,05:15,3774.4
2025-02-14,05:30,3880.8
2025-02-14,05:45,3089.8
2025-02-14,06:00,3753.4
2025-02-14,06:15,3879.4
2025-02-14,06:30,2671.2
2025-02-14,06:45,3529.4
2025-02-14,07:00,3934
2025-02-14,07:15,3754.8
2025-02-14,07:30,3327.8
2025-02-14,07:45,4008.2
2025-02-14,08:00,4086.6
2025-02-14,08:15,3231.2
2025-02-14,08:30,4065.6
2025-02-14,08:45,4218.2
2025-02-14,09:00,3061.8
2025-02-14,09:15,3880.8
2025-02-14,09:30,4291
2025-02-14,09:45,4008.2
2025-02-14,10:00,3505.6
2025-02-14,10:15,4020.8
2025-02-14,10:30,3991.4
2025-02-14,10:45,3269
2025-02-14,11:00,4057.2
2025-02-14,11:15,4207
2025-02-14,11:30,2945.6
2025-02-14,11:45,3788.4
2025-02-14,12:00,4219.6
2025-02-14,12:15,4053
2025-02-14,12:30,3595.2
2025-02-14,12:45,4104.8
2025-02-14,13:00,4174.8
2025-02-14,13:15,3385.2
2025-02-14,13:30,4074
2025-02-14,13:45,4232.2
2025-02-14,14:00,3028.2
2025-02-14,14:15,3838.8
2025-02-14,14:30,4229.4
2025-02-14,14:45,3999.8
2025-02-14,15:00,3537.8
2025-02-14,15:15,4040.4
2025-02-14,15:30,4545.8
2025-02-14,15:45,3715.6
2025-02-14,16:00,4358.2
2025-02-14,16:15,4513.6
2025-02-14,16:30,3005.8
2025-02-14,16:45,4027.8
2025-02-14,17:00,4407.2
2025-02-14,17:15,4053
2025-02-14,17:30,3822
2025-02-14,17:45,4564
2025-02-14,18:00,4316.2
2025-02-14,18:15,3570
2025-02-14,18:30,4180.4
2025-02-14,18:45,4323.2
2025-02-14,19:00,3203.2
2025-02-14,19:15,4047.4
2025-02-14,19:30,4467.4
2025-02-14,19:45,4089.4
2025-02-14,20:00,3813.6
2025-02-14,20:15,4352.6
2025-02-14,20:30,4355.4
2025-02-14,20:45,3571.4
2025-02-14,21:00,4240.6
2025-02-14,21:15,4362.4
2025-02-14,21:30,3281.6
2025-02-14,21:45,4086.6
2025-02-14,22:00,4447.8
2025-02-14,22:15,4027.8
2025-02-14,22:30,3897.6
2025-02-14,22:45,4386.2
2025-02-14,23:00,4330.2
2025-02-14,23:15,3640
2025-02-14,23:30,4223.8
2025-02-14,23:45,4333
2025-02-15,00:00,3257.8
2025-02-15,00:15,4040.4
2025-02-15,00:30,4366.6
2025-02-15,00:45,3953.6
2025-02-15,01:00,3801
2025-02-15,01:15,4307.8
2025-02-15,01:30,4256
2025-02-15,01:45,3565.8
2025-02-15,02:00,4193
2025-02-15,02:15,4281.2
2025-02-15,02:30,3260.6
2025-02-15,02:45,4008.2
2025-02-15,03:00,4299.4
2025-02-15,03:15,3861.2
2025-02-15,03:30,3823.4
2025-02-15,03:45,4298
2025-02-15,04:00,4254.6
2025-02-15,04:15,3560.2
2025-02-15,04:30,4190.2
2025-02-15,04:45,4226.6
2025-02-15,05:00,3210.2
2025-02-15,05:15,4078.2
2025-02-15,05:30,4319
2025-02-15,05:45,3820.6
2025-02-15,06:00,3864
2025-02-15,06:15,4312
2025-02-15,06:30,4265.8
2025-02-15,06:45,3644.2
2025-02-15,07:00,4228
2025-02-15,07:15,4285.4
2025-02-15,07:30,3350.2
2025-02-15,07:45,4096.4
2025-02-15,08:00,4660.6
2025-02-15,08:15,4218.2
2025-02-15,08:30,4208.4
2025-02-15,08:45,4634
2025-02-15,09:00,4568.2
2025-02-15,09:15,4184.6
2025-02-15,09:30,5422.2
2025-02-15,09:45,4795
2025-02-15,10:00,3872.4
2025-02-15,10:15,4270
2025-02-15,10:30,4488.4
2025-02-15,10:45,3955
2025-02-15,11:00,4005.4
2025-02-15,11:15,4474.4
2025-02-15,11:30,4394.6
2025-02-15,11:45,3761.8
2025-02-15,12:00,4384.8
2025-02-15,12:15,4380.6
2025-02-15,12:30,3535
2025-02-15,12:45,4243.4
2025-02-15,13:00,4480
2025-02-15,13:15,4251.8
2025-02-15,13:30,4312
2025-02-15,13:45,4627
2025-02-15,14:00,4606
2025-02-15,14:15,4041.8
2025-02-15,14:30,4589.2
2025-02-15,14:45,4629.8
2025-02-15,15:00,3777.2
2025-02-15,15:15,4412.8
2025-02-15,15:30,4650.8
2025-02-15,15:45,4004
2025-02-15,16:00,4274.2
2025-02-15,16:15,4677.4
2025-02-15,16:30,4606
2025-02-15,16:45,3679.2
2025-02-15,17:00,4291
2025-02-15,17:15,4337.2
2025-02-15,17:30,3543.4
2025-02-15,17:45,3759
2025-02-15,18:00,3929.8
2025-02-15,18:15,2975
2025-02-15,18:30,3515.4
2025-02-15,18:45,3949.4
2025-02-15,19:00,3890.6
2025-02-15,19:15,3301.2
2025-02-15,19:30,3893.4
2025-02-15,19:45,3896.2
2025-02-15,20:00,3054.8
2025-02-15,20:15,3756.2
2025-02-15,20:30,3941
2025-02-15,20:45,3327.8
2025-02-15,21:00,3512.6
2025-02-15,21:15,3943.8
2025-02-15,21:30,3892
2025-02-15,21:45,3385.2
2025-02-15,22:00,3918.6
2025-02-15,22:15,3946.6
2025-02-15,22:30,3138.8
2025-02-15,22:45,3803.8
2025-02-15,23:00,3980.2
2025-02-15,23:15,2989
2025-02-15,23:30,3600.8
2025-02-15,23:45,3998.4
2025-02-16,00:00,3934
2025-02-16,00:15,3354.4
2025-02-16,00:30,3920
2025-02-16,00:45,3913
2025-02-16,01:00,3084.2
2025-02-16,01:15,3740.8
2025-02-16,01:30,3956.4
2025-02-16,01:45,2800
2025-02-16,02:00,3652.6
2025-02-16,02:15,3992.8
2025-02-16,02:30,3669.4
2025-02-16,02:45,3372.6
2025-02-16,03:00,3904.6
2025-02-16,03:15,3889.2
2025-02-16,03:30,3117.8
2025-02-16,03:45,3759
2025-02-16,04:00,3943.8
2025-02-16,04:15,2758
2025-02-16,04:30,3498.6
2025-02-16,04:45,3931.2
2025-02-16,05:00,3785.6
2025-02-16,05:15,3386.6
2025-02-16,05:30,3901.8
2025-02-16,05:45,3929.8
2025-02-16,06:00,3208.8
2025-02-16,06:15,3817.8
2025-02-16,06:30,3960.6
2025-02-16,06:45,2920.4
2025-02-16,07:00,3647
2025-02-16,07:15,3995.6
2025-02-16,07:30,3591
2025-02-16,07:45,3467.8
2025-02-16,08:00,4270
2025-02-16,08:15,4114.6
2025-02-16,08:30,3434.2
2025-02-16,08:45,4034.8
2025-02-16,09:00,4179
2025-02-16,09:15,3038
2025-02-16,09:30,3831.8
2025-02-16,09:45,4198.6
2025-02-16,10:00,3740.8
2025-02-16,10:15,3668
2025-02-16,10:30,4095
2025-02-16,10:45,4092.2
2025-02-16,11:00,3360
2025-02-16,11:15,3896.2
2025-02-16,11:30,4015.2
2025-02-16,11:45,3014.2
2025-02-16,12:00,3714.2
2025-02-16,12:15,4046
2025-02-16,12:30,3616.2
2025-02-16,12:45,3309.6
2025-02-16,13:00,3812.2
2025-02-16,13:15,3795.4
2025-02-16,13:30,3215.8
2025-02-16,13:45,4008.2
2025-02-16,14:00,4104.8
2025-02-16,14:15,3116.4
2025-02-16,14:30,3897.6
2025-02-16,14:45,4166.4
2025-02-16,15:00,3717
2025-02-16,15:15,3603.6
2025-02-16,15:30,4067
2025-02-16,15:45,4075.4
2025-02-16,16:00,3395
2025-02-16,16:15,3987.2
2025-02-16,16:30,4015.2
2025-02-16,16:45,3169.6
2025-02-16,17:00,3707.2
2025-02-16,17:15,3974.6
2025-02-16,17:30,3599.4
2025-02-16,17:45,3456.6
2025-02-16,18:00,4008.2
2025-02-16,18:15,3932.6
2025-02-16,18:30,3318
2025-02-16,18:45,3918.6
2025-02-16,19:00,4022.2
2025-02-16,19:15,3102.4
2025-02-16,19:30,3837.4
2025-02-16,19:45,4095
2025-02-16,20:00,3602.2
2025-02-16,20:15,3617.6
2025-02-16,20:30,4033.4
2025-02-16,20:45,4040.4
2025-02-16,21:00,3382.4
2025-02-16,21:15,3949.4
2025-02-16,21:30,4044.6
2025-02-16,21:45,3138.8
2025-02-16,22:00,3796.8
2025-02-16,22:15,4072.6
2025-02-16,22:30,3458
2025-02-16,22:45,3637.2
2025-02-16,23:00,4103.4
2025-02-16,23:15,4047.4
2025-02-16,23:30,3456.6
2025-02-16,23:45,3988.6
2025-02-17,00:00,3994.2
2025-02-17,00:15,3141.6
2025-02-17,00:30,3816.4
2025-02-17,00:45,4050.2
2025-02-17,01:00,3553.2
2025-02-17,01:15,3598
2025-02-17,01:30,4064.2
2025-02-17,01:45,4016.6
2025-02-17,02:00,3367
2025-02-17,02:15,3998.4
2025-02-17,02:30,4018
2025-02-17,02:45,3200.4
2025-02-17,03:00,3610.6
2025-02-17,03:15,3794
2025-02-17,03:30,2762.2
2025-02-17,03:45,3350.2
2025-02-17,04:00,3782.8
2025-02-17,04:15,3743.6
2025-02-17,04:30,3138.8
2025-02-17,04:45,3663.8
2025-02-17,05:00,3669.4
2025-02-17,05:15,2816.8
2025-02-17,05:30,3565.8
2025-02-17,05:45,3715.6
2025-02-17,06:00,2931.6
2025-02-17,06:15,3382.4
2025-02-17,06:30,4100.6
2025-02-17,06:45,3880.8
2025-02-17,07:00,3449.6
2025-02-17,07:15,4004
2025-02-17,07:30,4075.4
2025-02-17,07:45,3287.2
2025-02-17,08:00,3927
2025-02-17,08:15,4109
2025-02-17,08:30,2933
2025-02-17,08:45,3756.2
2025-02-17,09:00,4100.6
2025-02-17,09:15,3956.4
2025-02-17,09:30,3483.2
2025-02-17,09:45,4016.6
2025-02-17,10:00,4065.6
2025-02-17,10:15,3211.6
2025-02-17,10:30,3920
2025-02-17,10:45,4043.2
2025-02-17,11:00,2867.2
2025-02-17,11:15,3707.2
2025-02-17,11:30,4097.8
2025-02-17,11:45,3721.2
2025-02-17,12:00,3533.6
2025-02-17,12:15,4044.6
2025-02-17,12:30,4054.4
2025-02-17,12:45,3298.4
2025-02-17,13:00,3887.8
2025-02-17,13:15,3998.4
2025-02-17,13:30,2896.6
2025-02-17,13:45,3680.6
2025-02-17,14:00,4071.2
2025-02-17,14:15,3733.8
2025-02-17,14:30,3483.2
2025-02-17,14:45,4043.2
2025-02-17,15:00,4064.2
2025-02-17,15:15,3343.2
2025-02-17,15:30,4099.2
2025-02-17,15:45,4216.8
2025-02-17,16:00,3131.8
2025-02-17,16:15,3649.8
2025-02-17,16:30,3803.8
2025-02-17,16:45,3330.6
2025-02-17,17:00,3124.8
2025-02-17,17:15,3416
2025-02-17,17:30,2275
2025-02-17,17:45,1519
2025-02-17,18:00,2136.4
2025-02-17,18:15,2286.2
2025-02-17,18:30,1169
2025-02-17,18:45,2003.4
2025-02-17,19:00,2324
2025-02-17,19:15,2018.8
2025-02-17,19:30,2093
2025-02-17,19:45,2620.8
2025-02-17,20:00,2580.2
2025-02-17,20:15,1856.4
2025-02-17,20:30,2469.6
2025-02-17,20:45,2597
2025-02-17,21:00,1486.8
2025-02-17,21:15,2290.4
2025-02-17,21:30,2508.8
2025-02-17,21:45,2107
2025-02-17,22:00,2063.6
2025-02-17,22:15,2553.6
2025-02-17,22:30,2556.4
2025-02-17,22:45,1828.4
2025-02-17,23:00,2482.2
2025-02-17,23:15,2594.2
2025-02-17,23:30,1569.4
2025-02-17,23:45,2119.6
2025-02-18,00:00,2440.2
2025-02-18,00:15,2021.6
2025-02-18,00:30,1873.2
2025-02-18,00:45,2391.2
2025-02-18,01:00,2406.6
2025-02-18,01:15,2875.6
2025-02-18,01:30,3313.8
2025-02-18,01:45,3453.8
2025-02-18,02:00,2384.2
2025-02-18,02:15,3152.8
2025-02-18,02:30,2637.6
2025-02-18,02:45,2052.4
2025-02-18,03:00,1964.2
2025-02-18,03:15,2405.2
2025-02-18,03:30,2381.4
2025-02-18,03:45,1702.4
2025-02-18,04:00,2307.2
2025-02-18,04:15,2399.6
2025-02-18,04:30,1423.8
2025-02-18,04:45,2072
2025-02-18,05:00,2374.4
2025-02-18,05:15,1946
2025-02-18,05:30,1906.8
2025-02-18,05:45,2384.2
2025-02-18,06:00,2252.6
2025-02-18,06:15,1547
2025-02-18,06:30,2177
2025-02-18,06:45,2328.2
2025-02-18,07:00,1286.6
2025-02-18,07:15,2072
2025-02-18,07:30,2345
2025-02-18,07:45,1944.6
2025-02-18,08:00,1899.8
2025-02-18,08:15,2331
2025-02-18,08:30,3519.6
2025-02-18,08:45,2832.2
2025-02-18,09:00,3425.8
2025-02-18,09:15,3623.2
2025-02-18,09:30,2650.2
2025-02-18,09:45,3336.2
2025-02-18,10:00,3627.4
2025-02-18,10:15,3171
2025-02-18,10:30,3047.8
2025-02-18,10:45,3556
2025-02-18,11:00,3504.2
2025-02-18,11:15,2846.2
2025-02-18,11:30,3407.6
2025-02-18,11:45,3467.8
2025-02-18,12:00,2494.8
2025-02-18,12:15,3206
2025-02-18,12:30,3470.6
2025-02-18,12:45,3050.6
2025-02-18,13:00,3176.6
2025-02-18,13:15,3612
2025-02-18,13:30,3607.8
2025-02-18,13:45,2920.4
2025-02-18,14:00,3512.6
2025-02-18,14:15,3602.2
2025-02-18,14:30,2616.6
2025-02-18,14:45,3329.2
2025-02-18,15:00,3658.2
2025-02-18,15:15,3239.6
2025-02-18,15:30,3204.6
2025-02-18,15:45,3663.8
2025-02-18,16:00,3658.2
2025-02-18,16:15,3010
2025-02-18,16:30,3437
2025-02-18,16:45,3452.4
2025-02-18,17:00,2402.4
2025-02-18,17:15,3134.6
2025-02-18,17:30,3452.4
2025-02-18,17:45,3036.6
2025-02-18,18:00,3000.2
2025-02-18,18:15,3889.2
2025-02-18,18:30,3908.8
2025-02-18,18:45,3182.2
2025-02-18,19:00,3815
2025-02-18,19:15,3774.4
2025-02-18,19:30,2882.6
2025-02-18,19:45,3547.6
2025-02-18,20:00,3969
2025-02-18,20:15,3516.8
2025-02-18,20:30,3507
2025-02-18,20:45,3941
2025-02-18,21:00,3920
2025-02-18,21:15,3302.6
2025-02-18,21:30,3889.2
2025-02-18,21:45,3950.8
2025-02-18,22:00,2997.4
2025-02-18,22:15,3721.2
2025-02-18,22:30,4002.6
2025-02-18,22:45,3561.6
2025-02-18,23:00,3536.4
2025-02-18,23:15,3749.2
2025-02-18,23:30,3731
2025-02-18,23:45,3122
2025-02-19,00:00,3672.2
2025-02-19,00:15,3736.6
2025-02-19,00:30,2829.4
2025-02-19,00:45,3504.2
2025-02-19,01:00,3746.4
2025-02-19,01:15,3273.2
2025-02-19,01:30,3003
2025-02-19,01:45,3476.2
2025-02-19,02:00,3456.6
2025-02-19,02:15,2791.6
2025-02-19,02:30,3402
2025-02-19,02:45,3466.4
2025-02-19,03:00,2517.2
2025-02-19,03:15,3242.4
2025-02-19,03:30,3518.2
2025-02-19,03:45,2889.6
2025-02-19,04:00,3074.4
2025-02-19,04:15,3396.4
2025-02-19,04:30,3444
2025-02-19,04:45,2825.2
2025-02-19,05:00,3386.6
2025-02-19,05:15,3448.2
2025-02-19,05:30,2825.2
2025-02-19,05:45,3507
2025-02-19,06:00,3724
2025-02-19,06:15,3144.4
2025-02-19,06:30,3283
2025-02-19,06:45,3757.6
2025-02-19,07:00,3728.2
2025-02-19,07:15,3094
2025-02-19,07:30,3701.6
2025-02-19,07:45,3756.2
2025-02-19,08:00,2977.8
2025-02-19,08:15,3735.2
2025-02-19,08:30,3927
2025-02-19,08:45,3057.6
2025-02-19,09:00,3390.8
2025-02-19,09:15,3799.6
2025-02-19,09:30,3760.4
2025-02-19,09:45,3081.4
2025-02-19,10:00,3689
2025-02-19,10:15,3673.6
2025-02-19,10:30,2776.2
2025-02-19,10:45,3446.8
2025-02-19,11:00,3694.6
2025-02-19,11:15,3071.6
2025-02-19,11:30,3222.8
2025-02-19,11:45,3670.8
2025-02-19,12:00,3596.6
2025-02-19,12:15,3571.4
2025-02-19,12:30,4118.8
2025-02-19,12:45,4127.2
2025-02-19,13:00,3253.6
2025-02-19,13:15,3969
2025-02-19,13:30,4111.8
2025-02-19,13:45,3409
2025-02-19,14:00,3752
2025-02-19,14:15,4152.4
2025-02-19,14:30,4160.8
2025-02-19,14:45,3487.4
2025-02-19,15:00,4128.6
2025-02-19,15:15,4363.8
2025-02-19,15:30,3472
2025-02-19,15:45,4169.2
2025-02-19,16:00,4333
2025-02-19,16:15,3260.6
2025-02-19,16:30,4008.2
2025-02-19,16:45,4491.2
2025-02-19,17:00,4312
2025-02-19,17:15,3376.8
2025-02-19,17:30,3931.2
2025-02-19,17:45,3861.2
2025-02-19,18:00,3024
2025-02-19,18:15,3707.2
2025-02-19,18:30,3934
2025-02-19,18:45,3116.4
2025-02-19,19:00,3521
2025-02-19,19:15,3978.8
2025-02-19,19:30,3943.8
2025-02-19,19:45,3344.6
2025-02-19,20:00,3915.8
2025-02-19,20:15,3932.6
2025-02-19,20:30,3134.6
2025-02-19,20:45,3774.4
2025-02-19,21:00,3977.4
2025-02-19,21:15,2823.8
2025-02-19,21:30,3561.6
2025-02-19,21:45,3963.4
2025-02-19,22:00,3893.4
2025-02-19,22:15,3313.8
2025-02-19,22:30,3871
2025-02-19,22:45,3924.2
2025-02-19,23:00,3046.4
2025-02-19,23:15,3746.4
2025-02-19,23:30,3945.2
2025-02-19,23:45,3246.6
2025-02-20,00:00,3522.4
2025-02-20,00:15,3966.2
2025-02-20,00:30,3899
2025-02-20,00:45,3353
2025-02-20,01:00,3880.8
2025-02-20,01:15,3932.6
2025-02-20,01:30,3081.4
2025-02-20,01:45,3743.6
2025-02-20,02:00,3938.2
2025-02-20,02:15,2996
2025-02-20,02:30,3515.4
2025-02-20,02:45,3969
2025-02-20,03:00,3903.2
2025-02-20,03:15,3276
2025-02-20,03:30,3896.2
2025-02-20,03:45,3914.4
2025-02-20,04:00,3017
2025-02-20,04:15,3725.4
2025-02-20,04:30,3955
2025-02-20,04:45,2944.2
2025-02-20,05:00,3504.2
2025-02-20,05:15,3962
2025-02-20,05:30,3936.8
2025-02-20,05:45,3333.4
2025-02-20,06:00,3887.8
2025-02-20,06:15,3941
2025-02-20,06:30,3078.6
2025-02-20,06:45,3747.8
2025-02-20,07:00,3973.2
2025-02-20,07:15,3351.6
2025-02-20,07:30,3536.4
2025-02-20,07:45,3819.2
2025-02-20,08:00,3774.4
2025-02-20,08:15,3144.4
2025-02-20,08:30,3812.2
2025-02-20,08:45,3809.4
2025-02-20,09:00,2969.4
2025-02-20,09:15,3614.8
2025-02-20,09:30,4345.6
2025-02-20,09:45,3399.2
2025-02-20,10:00,3964.8
2025-02-20,10:15,4338.6
2025-02-20,10:30,4319
2025-02-20,10:45,3708.6
2025-02-20,11:00,4202.8
2025-02-20,11:15,3750.6
2025-02-20,11:30,2900.8
2025-02-20,11:45,3540.6
2025-02-20,12:00,3760.4
2025-02-20,12:15,3049.2
2025-02-20,12:30,3374
2025-02-20,12:45,3787
2025-02-20,13:00,3362.8
2025-02-20,13:15,2804.2
2025-02-20,13:30,3374
2025-02-20,13:45,3381
2025-02-20,14:00,2545.2
2025-02-20,14:15,3250.8
2025-02-20,14:30,3451
2025-02-20,14:45,2665.6
2025-02-20,15:00,3145.8
2025-02-20,15:15,3526.6
2025-02-20,15:30,3526.6
2025-02-20,15:45,2917.6
2025-02-20,16:00,3463.6
2025-02-20,16:15,3528
2025-02-20,16:30,2681
2025-02-20,16:45,3260.6
2025-02-20,17:00,3526.6
2025-02-20,17:15,2378.6
2025-02-20,17:30,3126.2
2025-02-20,17:45,3509.8
2025-02-20,18:00,4022.2
2025-02-20,18:15,3523.8
2025-02-20,18:30,4090.8
2025-02-20,18:45,4389
2025-02-20,19:00,3556
2025-02-20,19:15,4215.4
2025-02-20,19:30,4439.4
2025-02-20,19:45,3801
2025-02-20,20:00,4281.2
2025-02-20,20:15,3397.8
2025-02-20,20:30,3435.6
2025-02-20,20:45,3445.4
2025-02-20,21:00,3358.6
2025-02-20,21:15,3368.4
2025-02-20,21:30,3392.2
2025-02-20,21:45,3432.8
2025-02-20,22:00,3400.6
2025-02-20,22:15,2814
2025-02-20,22:30,2808.4
2025-02-20,22:45,2854.6
2025-02-20,23:00,2828
2025-02-20,23:15,2762.2
2025-02-20,23:30,2735.6
2025-02-20,23:45,2723
2025-02-21,00:00,2741.2
2025-02-21,00:15,2748.2
2025-02-21,00:30,2741.2
2025-02-21,00:45,2769.2
2025-02-21,01:00,2752.4
2025-02-21,01:15,2758
2025-02-21,01:30,2739.8
2025-02-21,01:45,2746.8
2025-02-21,02:00,2739.8
2025-02-21,02:15,2746.8
2025-02-21,02:30,2745.4
2025-02-21,02:45,2753.8
2025-02-21,03:00,2753.8
2025-02-21,03:15,2776.2
2025-02-21,03:30,2732.8
2025-02-21,03:45,2734.2
2025-02-21,04:00,2641.8
2025-02-21,04:15,2643.2
2025-02-21,04:30,2646
2025-02-21,04:45,2660
2025-02-21,05:00,2541
2025-02-21,05:15,2611
2025-02-21,05:30,2599.8
2025-02-21,05:45,2612.4
2025-02-21,06:00,2595.6
2025-02-21,06:15,2618
2025-02-21,06:30,2597
2025-02-21,06:45,2639
2025-02-21,07:00,2615.2
2025-02-21,07:15,2633.4
2025-02-21,07:30,2667
2025-02-21,07:45,2658.6
2025-02-21,08:00,2702
2025-02-21,08:15,2702
2025-02-21,08:30,2737
2025-02-21,08:45,2720.2
2025-02-21,09:00,2851.8
2025-02-21,09:15,2874.2
2025-02-21,09:30,3077.2
2025-02-21,09:45,3064.6
2025-02-21,10:00,2293.2
2025-02-21,10:15,2359
2025-02-21,10:30,2310
2025-02-21,10:45,2371.6
2025-02-21,11:00,2352
2025-02-21,11:15,2380
2025-02-21,11:30,2332.4
2025-02-21,11:45,2346.4
2025-02-21,12:00,2332.4
2025-02-21,12:15,2483.6
2025-02-21,12:30,2496.2
2025-02-21,12:45,2846.2
2025-02-21,13:00,3200.4
2025-02-21,13:15,3411.8
2025-02-21,13:30,3323.6
2025-02-21,13:45,3253.6
2025-02-21,14:00,3294.2
2025-02-21,14:15,3294.2
2025-02-21,14:30,3285.8
2025-02-21,14:45,3242.4
2025-02-21,15:00,3221.4
2025-02-21,15:15,3194.8
2025-02-21,15:30,3166.8
2025-02-21,15:45,3189.2
2025-02-21,16:00,2749.6
2025-02-21,16:15,3018.4
2025-02-21,16:30,2983.4
2025-02-21,16:45,3007.2
2025-02-21,17:00,2758
2025-02-21,17:15,2784.6
2025-02-21,17:30,2795.8
2025-02-21,17:45,2919
2025-02-21,18:00,2958.2
2025-02-21,18:15,2984.8
2025-02-21,18:30,2496.2
2025-02-21,18:45,2501.8
2025-02-21,19:00,2511.6
2025-02-21,19:15,2504.6
2025-02-21,19:30,2531.2
2025-02-21,19:45,2513
2025-02-21,20:00,2490.6
2025-02-21,20:15,2475.2
2025-02-21,20:30,2507.4
2025-02-21,20:45,2487.8
2025-02-21,21:00,2468.2
2025-02-21,21:15,2479.4
2025-02-21,21:30,2473.8
2025-02-21,21:45,2466.8
2025-02-21,22:00,2486.4
2025-02-21,22:15,2370.2
2025-02-21,22:30,2360.4
2025-02-21,22:45,2269.4
2025-02-21,23:00,2266.6
2025-02-21,23:15,2263.8
2025-02-21,23:30,2255.4
2025-02-21,23:45,2254
2025-02-22,00:00,2227.4
2025-02-22,00:15,2227.4
2025-02-22,00:30,2214.8
2025-02-22,00:45,2241.4
2025-02-22,01:00,2231.6
2025-02-22,01:15,2227.4
2025-02-22,01:30,2142
2025-02-22,01:45,2156
2025-02-22,02:00,2080.4
2025-02-22,02:15,2074.8
2025-02-22,02:30,2069.2
2025-02-22,02:45,2076.2
2025-02-22,03:00,2080.4
2025-02-22,03:15,2227.4
2025-02-22,03:30,2216.2
2025-02-22,03:45,2069.2
2025-02-22,04:00,2086
2025-02-22,04:15,2072
2025-02-22,04:30,2048.2
2025-02-22,04:45,2066.4
2025-02-22,05:00,2065
2025-02-22,05:15,2206.4
2025-02-22,05:30,2212
2025-02-22,05:45,2179.8
2025-02-22,06:00,2170
2025-02-22,06:15,2188.2
2025-02-22,06:30,2220.4
2025-02-22,06:45,2242.8
2025-02-22,07:00,2244.2
2025-02-22,07:15,2245.6
2025-02-22,07:30,2249.8
2025-02-22,07:45,2262.4
2025-02-22,08:00,2150.4
2025-02-22,08:15,2135
2025-02-22,08:30,2177
2025-02-22,08:45,2116.8
2025-02-22,09:00,2094.4
2025-02-22,09:15,2095.8
2025-02-22,09:30,2079
2025-02-22,09:45,2088.8
2025-02-22,10:00,2125.2
2025-02-22,10:15,2126.6
2025-02-22,10:30,2165.8
2025-02-22,10:45,2039.8
2025-02-22,11:00,1841
2025-02-22,11:15,1829.8
2025-02-22,11:30,1848
2025-02-22,11:45,1775.2
2025-02-22,12:00,1792
2025-02-22,12:15,1750
2025-02-22,12:30,1535.8
2025-02-22,12:45,1974
2025-02-22,13:00,1936.2
2025-02-22,13:15,1943.2
2025-02-22,13:30,1957.2
2025-02-22,13:45,1934.8
2025-02-22,14:00,1953
2025-02-22,14:15,1939
2025-02-22,14:30,1939
2025-02-22,14:45,1906.8
2025-02-22,15:00,1936.2
2025-02-22,15:15,1955.8
2025-02-22,15:30,1972.6
2025-02-22,15:45,1971.2
2025-02-22,16:00,1941.8
2025-02-22,16:15,1978.2
2025-02-22,16:30,1762.6
2025-02-22,16:45,1771
2025-02-22,17:00,1675.8
2025-02-22,17:15,1751.4
2025-02-22,17:30,1744.4
2025-02-22,17:45,1953
2025-02-22,18:00,1932
2025-02-22,18:15,1933.4
2025-02-22,18:30,1937.6
2025-02-22,18:45,1962.8
2025-02-22,19:00,1953
2025-02-22,19:15,1967
2025-02-22,19:30,1983.8
2025-02-22,19:45,1961.4
2025-02-22,20:00,1951.6
2025-02-22,20:15,1978.2
2025-02-22,20:30,1971.2
2025-02-22,20:45,1972.6
2025-02-22,21:00,1972.6
2025-02-22,21:15,1968.4
2025-02-22,21:30,1785
2025-02-22,21:45,1790.6
2025-02-22,22:00,1953
2025-02-22,22:15,1930.6
2025-02-22,22:30,1951.6
2025-02-22,22:45,1934.8
2025-02-22,23:00,1757
2025-02-22,23:15,1752.8
2025-02-22,23:30,1663.2
2025-02-22,23:45,1660.4
2025-02-23,00:00,1492.4
2025-02-23,00:15,1477
2025-02-23,00:30,1467.2
2025-02-23,00:45,1474.2
2025-02-23,01:00,1470
2025-02-23,01:15,1640.8
2025-02-23,01:30,1477
2025-02-23,01:45,1450.4
2025-02-23,02:00,1463
2025-02-23,02:15,1471.4
2025-02-23,02:30,1464.4
2025-02-23,02:45,1477
2025-02-23,03:00,1465.8
2025-02-23,03:15,1635.2
2025-02-23,03:30,1631
2025-02-23,03:45,1632.4
2025-02-23,04:00,1636.6
2025-02-23,04:15,1647.8
2025-02-23,04:30,1638
2025-02-23,04:45,1638
2025-02-23,05:00,1636.6
2025-02-23,05:15,1631
2025-02-23,05:30,1636.6
2025-02-23,05:45,1636.6
2025-02-23,06:00,1639.4
2025-02-23,06:15,1636.6
2025-02-23,06:30,1643.6
2025-02-23,06:45,1663.2
2025-02-23,07:00,1675.8
2025-02-23,07:15,1670.2
2025-02-23,07:30,1666
2025-02-23,07:45,1682.8
2025-02-23,08:00,1708
2025-02-23,08:15,1566.6
2025-02-23,08:30,1491
2025-02-23,08:45,1663.2
2025-02-23,09:00,1653.4
2025-02-23,09:15,1724.8
2025-02-23,09:30,1702.4
2025-02-23,09:45,1712.2
2025-02-23,10:00,1717.8
2025-02-23,10:15,1730.4
2025-02-23,10:30,1764
2025-02-23,10:45,1726.2
2025-02-23,11:00,1727.6
2025-02-23,11:15,1687
2025-02-23,11:30,1680
2025-02-23,11:45,1682.8
2025-02-23,12:00,1741.6
2025-02-23,12:15,1730.4
2025-02-23,12:30,1688.4
2025-02-23,12:45,1744.4
2025-02-23,13:00,1724.8
2025-02-23,13:15,1719.2
2025-02-23,13:30,1720.6
2025-02-23,13:45,1990.8
2025-02-23,14:00,2002
2025-02-23,14:15,2025.8
2025-02-23,14:30,1750
2025-02-23,14:45,1729
2025-02-23,15:00,1552.6
2025-02-23,15:15,1545.6
2025-02-23,15:30,1580.6
2025-02-23,15:45,1562.4
2025-02-23,16:00,1563.8
2025-02-23,16:15,1496.6
2025-02-23,16:30,1615.6
2025-02-23,16:45,2219
2025-02-23,17:00,2217.6
2025-02-23,17:15,2192.4
2025-02-23,17:30,2195.2
2025-02-23,17:45,2192.4
2025-02-23,18:00,2472.4
2025-02-23,18:15,2433.2
2025-02-23,18:30,2429
2025-02-23,18:45,2413.6
2025-02-23,19:00,2437.4
2025-02-23,19:15,2417.8
2025-02-23,19:30,2552.2
2025-02-23,19:45,2716
2025-02-23,20:00,2703.4
2025-02-23,20:15,2693.6
2025-02-23,20:30,2731.4
2025-02-23,20:45,2737
2025-02-23,21:00,2704.8
2025-02-23,21:15,2718.8
2025-02-23,21:30,2714.6
2025-02-23,21:45,2735.6
2025-02-23,22:00,2699.2
2025-02-23,22:15,2721.6
2025-02-23,22:30,2711.8
2025-02-23,22:45,2700.6
2025-02-23,23:00,2823.8
2025-02-23,23:15,2762.2
2025-02-23,23:30,2732.8
2025-02-23,23:45,2728.6
2025-02-24,00:00,2738.4
2025-02-24,00:15,2720.2
2025-02-24,00:30,2713.2
2025-02-24,00:45,2741.2
2025-02-24,01:00,2730
2025-02-24,01:15,2725.8
2025-02-24,01:30,2745.4
2025-02-24,01:45,2742.6
2025-02-24,02:00,2732.8
2025-02-24,02:15,2748.2
2025-02-24,02:30,2732.8
2025-02-24,02:45,2731.4
2025-02-24,03:00,2716
2025-02-24,03:15,2720.2
2025-02-24,03:30,2730
2025-02-24,03:45,2716
2025-02-24,04:00,2717.4
2025-02-24,04:15,2730
2025-02-24,04:30,2625
2025-02-24,04:45,2720.2
2025-02-24,05:00,2717.4
2025-02-24,05:15,2731.4
2025-02-24,05:30,2619.4
2025-02-24,05:45,2632
2025-02-24,06:00,2629.2
2025-02-24,06:15,2623.6
2025-02-24,06:30,2620.8
2025-02-24,06:45,2627.8
2025-02-24,07:00,2640.4
2025-02-24,07:15,2629.2
2025-02-24,07:30,2657.2
2025-02-24,07:45,2640.4
2025-02-24,08:00,2692.2
2025-02-24,08:15,2930.2
2025-02-24,08:30,2928.8
2025-02-24,08:45,2935.8
2025-02-24,09:00,2874.2
2025-02-24,09:15,2877
2025-02-24,09:30,2860.2
2025-02-24,09:45,2801.4
2025-02-24,10:00,2808.4
2025-02-24,10:15,2800
2025-02-24,10:30,2788.8
2025-02-24,10:45,2755.2
2025-02-24,11:00,2779
2025-02-24,11:15,2769.2
2025-02-24,11:30,2783.2
2025-02-24,11:45,2742.6
2025-02-24,12:00,2773.4
2025-02-24,12:15,2760.8
2025-02-24,12:30,2746.8
2025-02-24,12:45,2738.4
2025-02-24,13:00,2738.4
2025-02-24,13:15,2720.2
2025-02-24,13:30,2745.4
2025-02-24,13:45,2833.6
2025-02-24,14:00,2748.2
2025-02-24,14:15,2599.8
2025-02-24,14:30,2570.4
2025-02-24,14:45,2564.8
2025-02-24,15:00,2762.2
2025-02-24,15:15,2727.2
2025-02-24,15:30,2763.6
2025-02-24,15:45,2777.6
2025-02-24,16:00,2811.2
2025-02-24,16:15,4036.2
2025-02-24,16:30,3728.2
2025-02-24,16:45,3745
2025-02-24,17:00,3546.2
2025-02-24,17:15,3250.8
2025-02-24,17:30,3955
2025-02-24,17:45,4376.4
2025-02-24,18:00,4428.2
2025-02-24,18:15,3817.8
2025-02-24,18:30,3788.4
2025-02-24,18:45,3729.6
2025-02-24,19:00,3644.2
2025-02-24,19:15,3304
2025-02-24,19:30,3161.2
2025-02-24,19:45,3683.4
2025-02-24,20:00,3493
2025-02-24,20:15,3557.4
2025-02-24,20:30,3248
2025-02-24,20:45,3960.6
2025-02-24,21:00,4452
2025-02-24,21:15,4485.6
2025-02-24,21:30,4548.6
2025-02-24,21:45,4536
2025-02-24,22:00,4464.6
2025-02-24,22:15,4347
2025-02-24,22:30,4188.8
2025-02-24,22:45,3458
2025-02-24,23:00,3318
2025-02-24,23:15,3148.6
2025-02-24,23:30,2951.2
2025-02-24,23:45,2647.4
2025-02-25,00:00,3411.8
2025-02-25,00:15,3889.2
2025-02-25,00:30,3903.2
2025-02-25,00:45,3974.6
2025-02-25,01:00,3903.2
2025-02-25,01:15,3883.6
2025-02-25,01:30,3732.4
2025-02-25,01:45,3624.6
2025-02-25,02:00,3427.2
2025-02-25,02:15,3257.8
2025-02-25,02:30,3050.6
2025-02-25,02:45,2836.4
2025-02-25,03:00,3281.6
2025-02-25,03:15,3497.2
2025-02-25,03:30,3852.8
2025-02-25,03:45,3900.4
2025-02-25,04:00,3956.4
2025-02-25,04:15,3935.4
2025-02-25,04:30,3809.4
2025-02-25,04:45,3756.2
2025-02-25,05:00,3581.2
2025-02-25,05:15,3449.6
2025-02-25,05:30,3234
2025-02-25,05:45,2977.8
2025-02-25,06:00,2769.2
2025-02-25,06:15,3197.6
2025-02-25,06:30,3708.6
2025-02-25,06:45,3801
2025-02-25,07:00,3834.6
2025-02-25,07:15,3922.8
2025-02-25,07:30,3817.8
2025-02-25,07:45,3796.8
2025-02-25,08:00,3759
2025-02-25,08:15,3697.4
2025-02-25,08:30,3502.8
2025-02-25,08:45,3341.8
2025-02-25,09:00,3180.8
2025-02-25,09:15,2940
2025-02-25,09:30,3544.8
2025-02-25,09:45,4104.8
2025-02-25,10:00,4120.2
2025-02-25,10:15,4183.2
2025-02-25,10:30,4194.4
2025-02-25,10:45,4086.6
2025-02-25,11:00,3980.2
2025-02-25,11:15,3861.2
2025-02-25,11:30,3781.4
2025-02-25,11:45,3599.4
2025-02-25,12:00,3421.6
2025-02-25,12:15,3140.2
2025-02-25,12:30,2914.8
2025-02-25,12:45,3596.6
2025-02-25,13:00,4090.8
2025-02-25,13:15,4123
2025-02-25,13:30,4242
2025-02-25,13:45,4030.6
2025-02-25,14:00,3959.2
2025-02-25,14:15,4480
2025-02-25,14:30,4274.2
2025-02-25,14:45,4207
2025-02-25,15:00,4009.6
2025-02-25,15:15,3294.2
2025-02-25,15:30,3201.8
2025-02-25,15:45,2921.8
2025-02-25,16:00,3497.2
2025-02-25,16:15,3959.2
2025-02-25,16:30,3866.8
2025-02-25,16:45,3760.4
2025-02-25,17:00,3745
2025-02-25,17:15,3673.6
2025-02-25,17:30,3595.2
2025-02-25,17:45,3442.6
2025-02-25,18:00,3284.4
2025-02-25,18:15,3243.8
2025-02-25,18:30,3067.4
2025-02-25,18:45,3033.8
2025-02-25,19:00,2556.4
2025-02-25,19:15,3346
2025-02-25,19:30,3760.4
2025-02-25,19:45,3861.2
2025-02-25,20:00,3911.6
2025-02-25,20:15,3897.6
2025-02-25,20:30,3819.2
2025-02-25,20:45,3719.8
2025-02-25,21:00,3577
2025-02-25,21:15,3466.4
2025-02-25,21:30,3278.8
2025-02-25,21:45,3073
2025-02-25,22:00,2877
2025-02-25,22:15,2623.6
2025-02-25,22:30,3439.8
2025-02-25,22:45,3836
2025-02-25,23:00,3883.6
2025-02-25,23:15,3939.6
2025-02-25,23:30,3865.4
2025-02-25,23:45,3829
2025-02-26,00:00,3719.8
2025-02-26,00:15,3592.4
2025-02-26,00:30,3390.8
2025-02-26,00:45,3257.8
2025-02-26,01:00,3018.4
2025-02-26,01:15,2868.6
2025-02-26,01:30,2853.2
2025-02-26,01:45,3624.6
2025-02-26,02:00,3810.8
2025-02-26,02:15,3864
2025-02-26,02:30,3788.4
2025-02-26,02:45,3749.2
2025-02-26,03:00,3634.4
2025-02-26,03:15,3535
2025-02-26,03:30,3381
2025-02-26,03:45,3256.4
2025-02-26,04:00,3094
2025-02-26,04:15,2933
2025-02-26,04:30,2710.4
2025-02-26,04:45,2966.6
2025-02-26,05:00,3591
2025-02-26,05:15,3637.2
2025-02-26,05:30,3690.4
2025-02-26,05:45,3815
2025-02-26,06:00,3746.4
2025-02-26,06:15,3651.2
2025-02-26,06:30,3522.4
2025-02-26,06:45,3402
2025-02-26,07:00,3235.4
2025-02-26,07:15,3052
2025-02-26,07:30,2893.8
2025-02-26,07:45,2641.8
2025-02-26,08:00,3133.2
2025-02-26,08:15,3876.6
2025-02-26,08:30,3987.2
2025-02-26,08:45,4153.8
2025-02-26,09:00,4134.2
2025-02-26,09:15,4019.4
2025-02-26,09:30,3939.6
2025-02-26,09:45,3812.2
2025-02-26,10:00,3638.6
2025-02-26,10:15,3445.4
2025-02-26,10:30,3259.2
2025-02-26,10:45,3182.2
2025-02-26,11:00,2842
2025-02-26,11:15,3507
2025-02-26,11:30,3946.6
2025-02-26,11:45,3976
2025-02-26,12:00,4004
2025-02-26,12:15,4025
2025-02-26,12:30,3927
2025-02-26,12:45,3850
2025-02-26,13:00,3731
2025-02-26,13:15,3554.6
2025-02-26,13:30,3416
2025-02-26,13:45,3217.2
2025-02-26,14:00,3077.2
2025-02-26,14:15,2765
2025-02-26,14:30,3291.4
2025-02-26,14:45,3693.2
2025-02-26,15:00,3739.4
2025-02-26,15:15,3788.4
2025-02-26,15:30,3801
2025-02-26,15:45,3735.2
2025-02-26,16:00,3656.8
2025-02-26,16:15,3523.8
2025-02-26,16:30,3424.4
2025-02-26,16:45,3277.4
2025-02-26,17:00,3119.2
2025-02-26,17:15,2924.6
2025-02-26,17:30,2622.2
2025-02-26,17:45,3336.2
2025-02-26,18:00,3766
2025-02-26,18:15,3819.2
2025-02-26,18:30,3869.6
2025-02-26,18:45,3840.2
2025-02-26,19:00,3764.6
2025-02-26,19:15,4242
2025-02-26,19:30,4081
2025-02-26,19:45,3910.2
2025-02-26,20:00,3757.6
2025-02-26,20:15,3600.8
2025-02-26,20:30,3094
2025-02-26,20:45,2739.8
2025-02-26,21:00,3535
2025-02-26,21:15,4030.6
2025-02-26,21:30,3963.4
2025-02-26,21:45,4002.6
2025-02-26,22:00,3966.2
2025-02-26,22:15,3875.2
2025-02-26,22:30,3780
2025-02-26,22:45,3638.6
2025-02-26,23:00,3479
2025-02-26,23:15,3288.6
2025-02-26,23:30,3172.4
2025-02-26,23:45,2927.4
2025-02-27,00:00,3348.8
2025-02-27,00:15,3514
2025-02-27,00:30,3907.4
2025-02-27,00:45,3911.6
2025-02-27,01:00,3956.4
2025-02-27,01:15,3924.2
2025-02-27,01:30,3844.4
2025-02-27,01:45,3763.2
2025-02-27,02:00,3613.4
2025-02-27,02:15,3446.8
2025-02-27,02:30,3308.2
2025-02-27,02:45,3127.6
2025-02-27,03:00,2881.2
2025-02-27,03:15,3253.6
2025-02-27,03:30,3767.4
2025-02-27,03:45,3822
2025-02-27,04:00,3864
2025-02-27,04:15,3866.8
2025-02-27,04:30,3831.8
2025-02-27,04:45,3684.8
2025-02-27,05:00,3567.2
2025-02-27,05:15,3522.4
2025-02-27,05:30,3340.4
2025-02-27,05:45,3168.2
2025-02-27,06:00,3003
2025-02-27,06:15,2759.4
2025-02-27,06:30,3266.2
2025-02-27,06:45,3803.8
2025-02-27,07:00,3827.6
2025-02-27,07:15,3880.8
2025-02-27,07:30,3633
2025-02-27,07:45,3565.8
2025-02-27,08:00,3465
2025-02-27,08:15,3536.4
2025-02-27,08:30,3449.6
2025-02-27,08:45,3260.6
2025-02-27,09:00,3060.4
2025-02-27,09:15,2856
2025-02-27,09:30,3122
2025-02-27,09:45,3669.4
2025-02-27,10:00,4102
2025-02-27,10:15,4146.8
2025-02-27,10:30,4148.2
2025-02-27,10:45,4230.8
2025-02-27,11:00,4153.8
2025-02-27,11:15,4061.4
2025-02-27,11:30,3943.8
2025-02-27,11:45,3770.2
2025-02-27,12:00,3584
2025-02-27,12:15,3360
2025-02-27,12:30,3190.6
2025-02-27,12:45,3103.8
2025-02-27,13:00,3682
2025-02-27,13:15,4090.8
2025-02-27,13:30,4202.8
2025-02-27,13:45,3792.6
2025-02-27,14:00,3815
2025-02-27,14:15,3726.8
2025-02-27,14:30,3610.6
2025-02-27,14:45,3508.4
2025-02-27,15:00,3431.4
2025-02-27,15:15,3095.4
2025-02-27,15:30,3047.8
2025-02-27,15:45,2835
2025-02-27,16:00,2674
2025-02-27,16:15,3393.6
2025-02-27,16:30,3423
2025-02-27,16:45,3505.6
2025-02-27,17:00,3430
2025-02-27,17:15,3350.2
2025-02-27,17:30,3301.2
2025-02-27,17:45,2219
2025-02-27,18:00,2072
2025-02-27,18:15,1974
2025-02-27,18:30,1820
2025-02-27,18:45,1652
2025-02-27,19:00,1468.6
2025-02-27,19:15,1156.4
2025-02-27,19:30,2986.2
2025-02-27,19:45,3533.6
2025-02-27,20:00,3449.6
2025-02-27,20:15,3516.8
2025-02-27,20:30,3542
2025-02-27,20:45,3344.6
2025-02-27,21:00,3284.4
2025-02-27,21:15,3292.8
2025-02-27,21:30,3032.4
2025-02-27,21:45,2966.6
2025-02-27,22:00,2676.8
2025-02-27,22:15,2492
2025-02-27,22:30,2193.8
2025-02-27,22:45,2982
2025-02-27,23:00,3375.4
2025-02-27,23:15,3516.8
2025-02-27,23:30,3508.4
2025-02-27,23:45,3434.2
2025-02-28,00:00,3329.2
2025-02-28,00:15,3311
2025-02-28,00:30,3012.8
2025-02-28,00:45,2877
2025-02-28,01:00,2739.8
2025-02-28,01:15,2601.2
2025-02-28,01:30,2366
2025-02-28,01:45,2704.8
2025-02-28,02:00,3224.2
2025-02-28,02:15,3437
2025-02-28,02:30,3504.2
2025-02-28,02:45,3439.8
2025-02-28,03:00,3353
2025-02-28,03:15,3294.2
2025-02-28,03:30,3129
2025-02-28,03:45,3110.8
2025-02-28,04:00,2800
2025-02-28,04:15,2745.4
2025-02-28,04:30,2468.2
2025-02-28,04:45,2214.8
2025-02-28,05:00,2770.6
2025-02-28,05:15,3218.6
2025-02-28,05:30,3291.4
2025-02-28,05:45,3451
2025-02-28,06:00,3375.4
2025-02-28,06:15,3301.2
2025-02-28,06:30,3217.2
2025-02-28,06:45,3115
2025-02-28,07:00,2987.6
2025-02-28,07:15,2963.8
2025-02-28,07:30,2662.8
2025-02-28,07:45,2514.4
2025-02-28,08:00,2356.2
2025-02-28,08:15,3357.2
2025-02-28,08:30,3836
2025-02-28,08:45,3873.8
2025-02-28,09:00,3855.6
2025-02-28,09:15,4090.8
2025-02-28,09:30,3999.8
2025-02-28,09:45,3929.8
2025-02-28,10:00,3794
2025-02-28,10:15,3626
2025-02-28,10:30,3406.2
2025-02-28,10:45,3269
2025-02-28,11:00,3106.6
2025-02-28,11:15,2811.2
2025-02-28,11:30,3425.8
2025-02-28,11:45,3882.2
2025-02-28,12:00,3925.6
2025-02-28,12:15,3998.4
2025-02-28,12:30,3990
2025-02-28,12:45,3911.6
2025-02-28,13:00,3862.6
2025-02-28,13:15,3767.4
2025-02-28,13:30,3630.2
2025-02-28,13:45,3376.8
2025-02-28,14:00,3203.2
2025-02-28,14:15,3045
2025-02-28,14:30,2780.4
2025-02-28,14:45,3418.8
2025-02-28,15:00,3883.6
2025-02-28,15:15,3921.4
2025-02-28,15:30,3963.4
2025-02-28,15:45,3953.6
2025-02-28,16:00,3868.2
2025-02-28,16:15,3798.2
2025-02-28,16:30,3222.8
2025-02-28,16:45,3003
2025-02-28,17:00,2779
2025-02-28,17:15,2780.4
2025-02-28,17:30,2629.2
2025-02-28,17:45,2321.2
2025-02-28,18:00,3003
2025-02-28,18:15,3435.6
2025-02-28,18:30,3470.6
2025-02-28,18:45,3557.4
2025-02-28,19:00,3547.6
2025-02-28,19:15,3481.8
2025-02-28,19:30,3397.8
2025-02-28,19:45,3766
2025-02-28,20:00,3575.6
2025-02-28,20:15,3516.8
2025-02-28,20:30,3374
2025-02-28,20:45,3186.4
2025-02-28,21:00,3081.4
2025-02-28,21:15,3760.4
2025-02-28,21:30,4022.2
2025-02-28,21:45,4058.6
2025-02-28,22:00,4102
2025-02-28,22:15,4062.8
2025-02-28,22:30,4015.2
2025-02-28,22:45,3928.4
2025-02-28,23:00,3679.2
2025-02-28,23:15,3512.6
2025-02-28,23:30,3365.6
2025-02-28,23:45,3214.4
2025-03-01,00:00,3024
2025-03-01,00:15,2815.4
2025-03-01,00:30,3596.6
2025-03-01,00:45,3915.8
2025-03-01,01:00,3963.4
2025-03-01,01:15,4025
2025-03-01,01:30,3983
2025-03-01,01:45,3942.4
2025-03-01,02:00,3852.8
2025-03-01,02:15,3694.6
2025-03-01,02:30,3537.8
2025-03-01,02:45,3367
2025-03-01,03:00,3182.2
2025-03-01,03:15,3010
2025-03-01,03:30,2818.2
2025-03-01,03:45,3603.6
2025-03-01,04:00,3882.2
2025-03-01,04:15,3932.6
2025-03-01,04:30,3999.8
2025-03-01,04:45,3936.8
2025-03-01,05:00,3844.4
2025-03-01,05:15,3663.8
2025-03-01,05:30,3603.6
2025-03-01,05:45,3473.4
2025-03-01,06:00,3383.8
2025-03-01,06:15,3220
2025-03-01,06:30,3047.8
2025-03-01,06:45,2931.6
2025-03-01,07:00,3683.4
2025-03-01,07:15,3960.6
2025-03-01,07:30,4047.4
2025-03-01,07:45,4104.8
2025-03-01,08:00,4104.8
2025-03-01,08:15,3994.2
2025-03-01,08:30,4018
2025-03-01,08:45,3864
2025-03-01,09:00,3700.2
2025-03-01,09:15,3504.2
2025-03-01,09:30,3705.8
2025-03-01,09:45,2630.6
2025-03-01,10:00,2805.6
2025-03-01,10:15,3365.6
2025-03-01,10:30,3872.4
2025-03-01,10:45,3887.8
2025-03-01,11:00,3669.4
2025-03-01,11:15,3621.8
2025-03-01,11:30,3550.4
2025-03-01,11:45,3424.4
2025-03-01,12:00,3257.8
2025-03-01,12:15,3110.8
2025-03-01,12:30,2916.2
2025-03-01,12:45,2751
2025-03-01,13:00,2546.6
2025-03-01,13:15,3309.6
2025-03-01,13:30,3726.8
2025-03-01,13:45,3794
2025-03-01,14:00,3717
2025-03-01,14:15,3777.2
2025-03-01,14:30,3719.8
2025-03-01,14:45,3661
2025-03-01,15:00,3535
2025-03-01,15:15,3369.8
2025-03-01,15:30,3196.2
2025-03-01,15:45,3028.2
2025-03-01,16:00,2860.2
2025-03-01,16:15,2605.4
2025-03-01,16:30,3131.8
2025-03-01,16:45,3675
2025-03-01,17:00,3554.6
2025-03-01,17:15,3579.8
2025-03-01,17:30,3556
2025-03-01,17:45,3481.8
2025-03-01,18:00,3404.8
2025-03-01,18:15,3323.6
2025-03-01,18:30,3194.8
2025-03-01,18:45,3059
2025-03-01,19:00,2867.2
2025-03-01,19:15,2693.6
2025-03-01,19:30,2487.8
2025-03-01,19:45,3063.2
2025-03-01,20:00,3514
2025-03-01,20:15,3557.4
2025-03-01,20:30,3613.4
2025-03-01,20:45,3619
2025-03-01,21:00,3546.2
2025-03-01,21:15,3449.6
2025-03-01,21:30,3309.6
2025-03-01,21:45,3168.2
2025-03-01,22:00,3017
2025-03-01,22:15,2874.2
2025-03-01,22:30,2702
2025-03-01,22:45,2433.2
2025-03-01,23:00,3059
2025-03-01,23:15,3498.6
2025-03-01,23:30,3574.2
2025-03-01,23:45,3607.8
2025-03-02,00:00,3631.6
2025-03-02,00:15,3532.2
2025-03-02,00:30,3462.2
2025-03-02,00:45,3330.6
2025-03-02,01:00,3179.4
2025-03-02,01:15,3040.8
2025-03-02,01:30,2849
2025-03-02,01:45,2671.2
2025-03-02,02:00,2429
2025-03-02,02:15,3172.4
2025-03-02,02:30,3529.4
2025-03-02,02:45,3550.4
2025-03-02,03:00,3610.6
2025-03-02,03:15,3593.8
2025-03-02,03:30,3498.6
2025-03-02,03:45,3437
2025-03-02,04:00,3288.6
2025-03-02,04:15,3150
2025-03-02,04:30,2973.6
2025-03-02,04:45,2696.4
2025-03-02,05:00,2608.2
2025-03-02,05:15,2562
2025-03-02,05:30,3269
2025-03-02,05:45,3511.2
2025-03-02,06:00,3532.2
2025-03-02,06:15,3610.6
2025-03-02,06:30,3547.6
2025-03-02,06:45,3518.2
2025-03-02,07:00,3418.8
2025-03-02,07:15,3290
2025-03-02,07:30,3182.2
2025-03-02,07:45,2990.4
2025-03-02,08:00,3053.4
2025-03-02,08:15,2872.8
2025-03-02,08:30,3039.4
2025-03-02,08:45,3677.8
2025-03-02,09:00,3813.6
2025-03-02,09:15,3827.6
2025-03-02,09:30,3890.6
2025-03-02,09:45,3782.8
2025-03-02,10:00,3728.2
2025-03-02,10:15,3547.6
2025-03-02,10:30,3481.8
2025-03-02,10:45,3311
2025-03-02,11:00,3127.6
2025-03-02,11:15,2934.4
2025-03-02,11:30,2724.4
2025-03-02,11:45,3140.2
2025-03-02,12:00,3628.8
2025-03-02,12:15,3696
2025-03-02,12:30,3728.2
2025-03-02,12:45,3558.8
2025-03-02,13:00,3535
2025-03-02,13:15,3428.6
2025-03-02,13:30,3365.6
2025-03-02,13:45,3214.4
2025-03-02,14:00,3064.6
2025-03-02,14:15,2909.2
2025-03-02,14:30,2735.6
2025-03-02,14:45,2268
2025-03-02,15:00,2297.4
2025-03-02,15:15,2297.4
2025-03-02,15:30,2216.2
2025-03-02,15:45,2275
2025-03-02,16:00,2116.8
2025-03-02,16:15,3295.6
2025-03-02,16:30,3108
2025-03-02,16:45,2941.4
2025-03-02,17:00,2781.8
2025-03-02,17:15,2437.4
2025-03-02,17:30,3113.6
2025-03-02,17:45,3570
2025-03-02,18:00,3616.2
2025-03-02,18:15,3670.8
2025-03-02,18:30,3672.2
2025-03-02,18:45,3612
2025-03-02,19:00,3535
2025-03-02,19:15,3444
2025-03-02,19:30,3306.8
2025-03-02,19:45,3175.2
2025-03-02,20:00,2961
2025-03-02,20:15,2790.2
2025-03-02,20:30,2514.4
2025-03-02,20:45,3186.4
2025-03-02,21:00,3638.6
2025-03-02,21:15,3694.6
2025-03-02,21:30,3775.8
2025-03-02,21:45,3735.2
2025-03-02,22:00,3658.2
2025-03-02,22:15,3560.2
2025-03-02,22:30,3441.2
2025-03-02,22:45,3259.2
2025-03-02,23:00,3159.8
2025-03-02,23:15,2969.4
2025-03-02,23:30,2815.4
2025-03-02,23:45,2508.8
2025-03-03,00:00,3194.8
2025-03-03,00:15,3656.8
2025-03-03,00:30,3682
2025-03-03,00:45,3711.4
2025-03-03,01:00,3690.4
2025-03-03,01:15,3621.8
2025-03-03,01:30,3526.6
2025-03-03,01:45,3390.8
2025-03-03,02:00,3250.8
2025-03-03,02:15,3054.8
2025-03-03,02:30,2888.2
2025-03-03,02:45,2688
2025-03-03,03:00,2441.6
2025-03-03,03:15,3182.2
2025-03-03,03:30,3634.4
2025-03-03,03:45,3676.4
2025-03-03,04:00,3742.2
2025-03-03,04:15,3693.2
2025-03-03,04:30,3530.8
2025-03-03,04:45,3472
2025-03-03,05:00,3367
2025-03-03,05:15,3203.2
2025-03-03,05:30,3033.8
2025-03-03,05:45,2871.4
2025-03-03,06:00,2653
2025-03-03,06:15,2895.2
2025-03-03,06:30,3543.4
2025-03-03,06:45,3683.4
2025-03-03,07:00,3721.2
2025-03-03,07:15,3785.6
2025-03-03,07:30,3718.4
2025-03-03,07:45,3708.6
2025-03-03,08:00,3599.4
2025-03-03,08:15,3446.8
2025-03-03,08:30,3325
2025-03-03,08:45,3148.6
2025-03-03,09:00,2963.8
2025-03-03,09:15,2766.4
2025-03-03,09:30,3183.6
2025-03-03,09:45,3705.8
2025-03-03,10:00,3761.8
2025-03-03,10:15,3808
2025-03-03,10:30,3798.2
2025-03-03,10:45,3750.6
2025-03-03,11:00,3634.4
2025-03-03,11:15,3591
2025-03-03,11:30,3442.6
2025-03-03,11:45,3284.4
2025-03-03,12:00,3068.8
2025-03-03,12:15,2865.8
2025-03-03,12:30,2633.4
2025-03-03,12:45,3154.2
2025-03-03,13:00,3670.8
2025-03-03,13:15,3696
2025-03-03,13:30,3728.2
2025-03-03,13:45,3781.4
2025-03-03,14:00,4191.6
2025-03-03,14:15,4113.2
2025-03-03,14:30,3990
2025-03-03,14:45,3820.6
2025-03-03,15:00,3648.4
2025-03-03,15:15,3495.8
2025-03-03,15:30,3323.6
2025-03-03,15:45,2622.2
2025-03-03,16:00,3215.8
2025-03-03,16:15,3627.4
2025-03-03,16:30,3710
2025-03-03,16:45,3782.8
2025-03-03,17:00,3801
2025-03-03,17:15,3673.6
2025-03-03,17:30,3596.6
2025-03-03,17:45,3435.6
2025-03-03,18:00,3315.2
2025-03-03,18:15,3105.2
2025-03-03,18:30,2959.6
2025-03-03,18:45,2758
2025-03-03,19:00,2451.4
2025-03-03,19:15,3236.8
2025-03-03,19:30,3724
2025-03-03,19:45,3738
2025-03-03,20:00,3896.2
2025-03-03,20:15,4313.4
2025-03-03,20:30,4229.4
2025-03-03,20:45,4156.6
2025-03-03,21:00,4037.6
2025-03-03,21:15,3833.2
2025-03-03,21:30,3684.8
2025-03-03,21:45,3495.8
2025-03-03,22:00,3305.4
2025-03-03,22:15,3014.2
2025-03-03,22:30,3778.6
2025-03-03,22:45,4200
2025-03-03,23:00,4260.2
2025-03-03,23:15,4289.6
2025-03-03,23:30,4342.8
2025-03-03,23:45,4251.8
2025-03-04,00:00,4076.8
2025-03-04,00:15,3928.4
2025-03-04,00:30,3782.8
2025-03-04,00:45,3568.6
2025-03-04,01:00,3396.4
2025-03-04,01:15,3217.2
2025-03-04,01:30,2856
2025-03-04,01:45,3742.2
2025-03-04,02:00,4121.6
2025-03-04,02:15,4144
2025-03-04,02:30,4204.2
2025-03-04,02:45,4145.4
2025-03-04,03:00,4060
2025-03-04,03:15,3946.6
2025-03-04,03:30,3859.8
2025-03-04,03:45,3703
2025-03-04,04:00,3528
2025-03-04,04:15,3330.6
2025-03-04,04:30,3084.2
2025-03-04,04:45,2980.6
2025-03-04,05:00,3719.8
2025-03-04,05:15,4041.8
2025-03-04,05:30,4043.2
2025-03-04,05:45,4085.2
2025-03-04,06:00,4102
2025-03-04,06:15,3992.8
2025-03-04,06:30,3907.4
2025-03-04,06:45,3766
2025-03-04,07:00,3221.4
2025-03-04,07:15,3049.2
2025-03-04,07:30,2864.4
2025-03-04,07:45,2709
2025-03-04,08:00,2777.6
2025-03-04,08:15,3444
2025-03-04,08:30,3722.6
2025-03-04,08:45,3939.6
2025-03-04,09:00,3977.4
2025-03-04,09:15,3922.8
2025-03-04,09:30,3798.2
2025-03-04,09:45,3782.8
2025-03-04,10:00,4498.2
2025-03-04,10:15,4874.8
2025-03-04,10:30,4810.4
2025-03-04,10:45,3012.8
2025-03-04,11:00,3668
2025-03-04,11:15,3942.4
2025-03-04,11:30,3474.8
2025-03-04,11:45,3511.2
2025-03-04,12:00,3894.8
2025-03-04,12:15,4321.8
2025-03-04,12:30,3732.4
2025-03-04,12:45,4313.4
2025-03-04,13:00,4393.2
2025-03-04,13:15,3522.4
2025-03-04,13:30,4208.4
2025-03-04,13:45,4410
2025-03-04,14:00,3897.6
2025-03-04,14:15,4015.2
2025-03-04,14:30,4450.6
2025-03-04,14:45,4396
2025-03-04,15:00,3738
2025-03-04,15:15,4333
2025-03-04,15:30,4391.8
2025-03-04,15:45,3511.2
2025-03-04,16:00,4207
2025-03-04,16:15,4422.6
2025-03-04,16:30,3336.2
2025-03-04,16:45,3560.2
2025-03-04,17:00,4067
2025-03-04,17:15,3990
2025-03-04,17:30,3361.4
2025-03-04,17:45,3935.4
2025-03-04,18:00,3976
2025-03-04,18:15,3061.8
2025-03-04,18:30,3774.4
2025-03-04,18:45,3999.8
2025-03-04,19:00,3488.8
2025-03-04,19:15,3572.8
2025-03-04,19:30,4034.8
2025-03-04,19:45,3953.6
2025-03-04,20:00,3360
2025-03-04,20:15,4145.4
2025-03-04,20:30,3945.2
2025-03-04,20:45,3098.2
2025-03-04,21:00,3766
2025-03-04,21:15,3971.8
2025-03-04,21:30,3201.8
2025-03-04,21:45,3515.4
2025-03-04,22:00,3945.2
2025-03-04,22:15,3890.6
2025-03-04,22:30,3267.6
2025-03-04,22:45,3875.2
2025-03-04,23:00,3924.2
2025-03-04,23:15,3005.8
2025-03-04,23:30,3707.2
2025-03-04,23:45,3942.4
2025-03-05,00:00,2906.4
2025-03-05,00:15,3521
2025-03-05,00:30,3910.2
2025-03-05,00:45,3882.2
2025-03-05,01:00,3334.8
2025-03-05,01:15,3928.4
2025-03-05,01:30,3978.8
2025-03-05,01:45,3126.2
2025-03-05,02:00,3795.4
2025-03-05,02:15,3998.4
2025-03-05,02:30,3123.4
2025-03-05,02:45,3568.6
2025-03-05,03:00,3998.4
2025-03-05,03:15,3932.6
2025-03-05,03:30,3318
2025-03-05,03:45,3913
2025-03-05,04:00,3932.6
2025-03-05,04:15,3106.6
2025-03-05,04:30,3802.4
2025-03-05,04:45,3970.4
2025-03-05,05:00,3003
2025-03-05,05:15,3585.4
2025-03-05,05:30,3977.4
2025-03-05,05:45,3927
2025-03-05,06:00,3339
2025-03-05,06:15,3885
2025-03-05,06:30,3938.2
2025-03-05,06:45,3091.2
2025-03-05,07:00,3759
2025-03-05,07:15,4006.8
2025-03-05,07:30,2914.8
2025-03-05,07:45,3091.2
2025-03-05,08:00,3550.4
2025-03-05,08:15,3472
2025-03-05,08:30,2948.4
2025-03-05,08:45,3777.2
2025-03-05,09:00,3836
2025-03-05,09:15,2947
2025-03-05,09:30,3645.6
2025-03-05,09:45,3857
2025-03-05,10:00,2819.6
2025-03-05,10:15,3368.4
2025-03-05,10:30,3801
2025-03-05,10:45,3760.4
2025-03-05,11:00,3141.6
2025-03-05,11:15,3717
2025-03-05,11:30,3766
2025-03-05,11:45,2882.6
2025-03-05,12:00,3563
2025-03-05,12:15,3763.2
2025-03-05,12:30,2535.4
2025-03-05,12:45,3383.8
2025-03-05,13:00,3778.6
2025-03-05,13:15,3661
2025-03-05,13:30,3168.2
2025-03-05,13:45,3711.4
2025-03-05,14:00,3732.4
2025-03-05,14:15,2881.2
2025-03-05,14:30,3567.2
2025-03-05,14:45,3787
2025-03-05,15:00,2832.2
2025-03-05,15:15,3390.8
2025-03-05,15:30,3830.4
2025-03-05,15:45,3753.4
2025-03-05,16:00,3159.8
2025-03-05,16:15,3717
2025-03-05,16:30,3747.8
2025-03-05,16:45,2916.2
2025-03-05,17:00,3586.8
2025-03-05,17:15,3760.4
2025-03-05,17:30,2725.8
2025-03-05,17:45,3362.8
2025-03-05,18:00,3761.8
2025-03-05,18:15,3710
2025-03-05,18:30,3102.4
2025-03-05,18:45,3679.2
2025-03-05,19:00,3729.6
2025-03-05,19:15,2840.6
2025-03-05,19:30,3577
2025-03-05,19:45,3798.2
2025-03-05,20:00,3143
2025-03-05,20:15,3371.2
2025-03-05,20:30,3815
2025-03-05,20:45,3694.6
2025-03-05,21:00,3190.6
2025-03-05,21:15,3732.4
2025-03-05,21:30,3738
2025-03-05,21:45,2935.8
2025-03-05,22:00,3582.6
2025-03-05,22:15,3788.4
2025-03-05,22:30,2710.4
2025-03-05,22:45,3364.2
2025-03-05,23:00,3816.4
2025-03-05,23:15,3732.4
2025-03-05,23:30,3147.2
2025-03-05,23:45,3742.2
2025-03-06,00:00,3739.4
2025-03-06,00:15,2870
2025-03-06,00:30,3570
2025-03-06,00:45,3771.6
2025-03-06,01:00,2548
2025-03-06,01:15,3463.6
2025-03-06,01:30,3868.2
2025-03-06,01:45,3740.8
2025-03-06,02:00,3193.4
2025-03-06,02:15,3763.2
2025-03-06,02:30,3746.4
2025-03-06,02:45,2919
2025-03-06,03:00,3575.6
2025-03-06,03:15,3785.6
2025-03-06,03:30,2870
2025-03-06,03:45,3372.6
2025-03-06,04:00,3827.6
2025-03-06,04:15,3743.6
2025-03-06,04:30,3120.6
2025-03-06,04:45,3654
2025-03-06,05:00,3753.4
2025-03-06,05:15,2930.2
2025-03-06,05:30,3619
2025-03-06,05:45,3794
2025-03-06,06:00,2598.4
2025-03-06,06:15,3420.2
2025-03-06,06:30,3798.2
2025-03-06,06:45,3750.6
2025-03-06,07:00,3180.8
2025-03-06,07:15,3746.4
2025-03-06,07:30,3820.6
2025-03-06,07:45,2839.2
2025-03-06,08:00,3624.6
2025-03-06,08:15,3662.4
2025-03-06,08:30,2626.4
2025-03-06,08:45,3381
2025-03-06,09:00,3766
2025-03-06,09:15,3480.4
2025-03-06,09:30,3115
2025-03-06,09:45,3644.2
2025-03-06,10:00,3630.2
2025-03-06,10:15,2797.2
2025-03-06,10:30,3490.2
2025-03-06,10:45,3684.8
2025-03-06,11:00,2588.6
2025-03-06,11:15,3416
2025-03-06,11:30,3803.8
2025-03-06,11:45,3743.6
2025-03-06,12:00,3120.6
2025-03-06,12:15,3704.4
2025-03-06,12:30,3701.6
2025-03-06,12:45,2878.4
2025-03-06,13:00,3557.4
2025-03-06,13:15,3718.4
2025-03-06,13:30,2497.6
2025-03-06,13:45,3348.8
2025-03-06,14:00,3753.4
2025-03-06,14:15,3585.4
2025-03-06,14:30,3123.4
2025-03-06,14:45,3673.6
2025-03-06,15:00,3717
2025-03-06,15:15,2874.2
2025-03-06,15:30,3568.6
2025-03-06,15:45,3757.6
2025-03-06,16:00,2690.8
2025-03-06,16:15,3362.8
2025-03-06,16:30,3844.4
2025-03-06,16:45,3694.6
2025-03-06,17:00,3245.2
2025-03-06,17:15,3764.6
2025-03-06,17:30,3746.4
2025-03-06,17:45,2969.4
2025-03-06,18:00,3635.8
2025-03-06,18:15,3787
2025-03-06,18:30,2619.4
2025-03-06,18:45,3466.4
2025-03-06,19:00,3876.6
2025-03-06,19:15,3658.2
2025-03-06,19:30,3277.4
2025-03-06,19:45,3880.8
2025-03-06,20:00,4359.6
2025-03-06,20:15,3550.4
2025-03-06,20:30,4260.2
2025-03-06,20:45,4428.2
2025-03-06,21:00,3269
2025-03-06,21:15,4096.4
2025-03-06,21:30,4419.8
2025-03-06,21:45,4041.8
2025-03-06,22:00,3823.4
2025-03-06,22:15,4316.2
2025-03-06,22:30,4333
2025-03-06,22:45,3571.4
2025-03-06,23:00,4221
2025-03-06,23:15,4340
2025-03-06,23:30,3169.6
2025-03-06,23:45,4008.2
2025-03-07,00:00,4464.6
2025-03-07,00:15,3642.8
2025-03-07,00:30,3255
2025-03-07,00:45,3841.6
2025-03-07,01:00,3808
2025-03-07,01:15,3075.8
2025-03-07,01:30,3697.4
2025-03-07,01:45,3844.4
2025-03-07,02:00,2613.8
2025-03-07,02:15,3483.2
2025-03-07,02:30,3858.4
2025-03-07,02:45,3540.6
2025-03-07,03:00,3249.4
2025-03-07,03:15,3774.4
2025-03-07,03:30,3766
2025-03-07,03:45,2972.2
2025-03-07,04:00,3647
2025-03-07,04:15,3784.2
2025-03-07,04:30,2599.8
2025-03-07,04:45,3430
2025-03-07,05:00,3749.2
2025-03-07,05:15,3725.4
2025-03-07,05:30,3263.4
2025-03-07,05:45,3707.2
2025-03-07,06:00,3739.4
2025-03-07,06:15,2975
2025-03-07,06:30,3631.6
2025-03-07,06:45,3784.2
2025-03-07,07:00,2580.2
2025-03-07,07:15,3459.4
2025-03-07,07:30,3851.4
2025-03-07,07:45,3557.4
2025-03-07,08:00,3291.4
2025-03-07,08:15,3844.4
2025-03-07,08:30,3834.6
2025-03-07,08:45,3032.4
2025-03-07,09:00,3676.4
2025-03-07,09:15,3816.4
2025-03-07,09:30,2702
2025-03-07,09:45,3477.6
2025-03-07,10:00,3843
2025-03-07,10:15,3358.6
2025-03-07,10:30,3201.8
2025-03-07,10:45,3707.2
2025-03-07,11:00,3647
2025-03-07,11:15,2938.6
2025-03-07,11:30,3634.4
2025-03-07,11:45,3771.6
2025-03-07,12:00,2188.2
2025-03-07,12:15,2189.6
2025-03-07,12:30,1992.2
2025-03-07,12:45,2084.6
2025-03-07,13:00,3277.4
2025-03-07,13:15,3094
2025-03-07,13:30,2938.6
2025-03-07,13:45,2899.4
2025-03-07,14:00,2583
2025-03-07,14:15,3423
2025-03-07,14:30,3759
2025-03-07,14:45,3802.4
2025-03-07,15:00,3663.8
2025-03-07,15:15,3781.4
2025-03-07,15:30,3670.8
2025-03-07,15:45,3592.4
2025-03-07,16:00,3449.6
2025-03-07,16:15,3311
2025-03-07,16:30,3101
2025-03-07,16:45,2927.4
2025-03-07,17:00,2718.8
2025-03-07,17:15,2625
2025-03-07,17:30,3365.6
2025-03-07,17:45,3644.2
2025-03-07,18:00,3567.2
2025-03-07,18:15,3623.2
2025-03-07,18:30,3614.8
2025-03-07,18:45,3533.6
2025-03-07,19:00,3451
2025-03-07,19:15,3360
2025-03-07,19:30,3284.4
2025-03-07,19:45,3162.6
2025-03-07,20:00,2977.8
2025-03-07,20:15,2770.6
2025-03-07,20:30,2546.6
2025-03-07,20:45,3361.4
2025-03-07,21:00,3722.6
2025-03-07,21:15,3732.4
2025-03-07,21:30,3834.6
2025-03-07,21:45,3787
2025-03-07,22:00,3724
2025-03-07,22:15,3642.8
2025-03-07,22:30,3515.4
2025-03-07,22:45,3304
2025-03-07,23:00,3148.6
2025-03-07,23:15,2961
2025-03-07,23:30,2776.2
2025-03-07,23:45,2501.8
2025-03-08,00:00,3327.8
2025-03-08,00:15,3659.6
2025-03-08,00:30,3703
2025-03-08,00:45,3757.6
2025-03-08,01:00,3703
2025-03-08,01:15,3658.2
2025-03-08,01:30,3533.6
2025-03-08,01:45,3409
2025-03-08,02:00,3277.4
2025-03-08,02:15,3123.4
2025-03-08,02:30,2987.6
2025-03-08,02:45,2809.8
2025-03-08,03:00,2464
2025-03-08,03:15,3301.2
2025-03-08,03:30,3683.4
2025-03-08,03:45,3760.4
2025-03-08,04:00,3819.2
2025-03-08,04:15,3781.4
2025-03-08,04:30,3600.8
2025-03-08,04:45,3494.4
2025-03-08,05:00,3425.8
2025-03-08,05:15,3256.4
2025-03-08,05:30,3075.8
2025-03-08,05:45,2917.6
2025-03-08,06:00,2732.8
2025-03-08,06:15,2550.8
2025-03-08,06:30,3318
2025-03-08,06:45,3719.8
2025-03-08,07:00,3775.8
2025-03-08,07:15,3837.4
2025-03-08,07:30,3771.6
2025-03-08,07:45,3474.8
2025-03-08,08:00,3367
2025-03-08,08:15,3267.6
2025-03-08,08:30,3036.6
2025-03-08,08:45,2884
2025-03-08,09:00,2700.6
2025-03-08,09:15,2444.4
2025-03-08,09:30,2898
2025-03-08,09:45,3455.2
2025-03-08,10:00,3663.8
2025-03-08,10:15,3673.6
2025-03-08,10:30,3724
2025-03-08,10:45,3592.4
2025-03-08,11:00,3549
2025-03-08,11:15,3410.4
2025-03-08,11:30,3260.6
2025-03-08,11:45,3081.4
2025-03-08,12:00,2882.6
2025-03-08,12:15,2725.8
2025-03-08,12:30,2536.8
2025-03-08,12:45,2961
2025-03-08,13:00,3473.4
2025-03-08,13:15,3494.4
2025-03-08,13:30,3557.4
2025-03-08,13:45,3606.4
2025-03-08,14:00,3575.6
2025-03-08,14:15,3507
2025-03-08,14:30,3439.8
2025-03-08,14:45,3306.8
2025-03-08,15:00,3152.8
2025-03-08,15:15,3036.6
2025-03-08,15:30,2797.2
2025-03-08,15:45,2637.6
2025-03-08,16:00,2902.2
2025-03-08,16:15,3431.4
2025-03-08,16:30,3550.4
2025-03-08,16:45,3393.6
2025-03-08,17:00,3410.4
2025-03-08,17:15,3346
2025-03-08,17:30,3283
2025-03-08,17:45,3222.8
2025-03-08,18:00,3084.2
2025-03-08,18:15,3080
2025-03-08,18:30,2965.2
2025-03-08,18:45,2797.2
2025-03-08,19:00,2578.8
2025-03-08,19:15,3133.2
2025-03-08,19:30,3645.6
2025-03-08,19:45,3698.8
2025-03-08,20:00,3683.4
2025-03-08,20:15,3736.6
2025-03-08,20:30,3708.6
2025-03-08,20:45,3607.8
2025-03-08,21:00,3487.4
2025-03-08,21:15,3320.8
2025-03-08,21:30,3179.4
2025-03-08,21:45,2832.2
2025-03-08,22:00,2627.8
2025-03-08,22:15,2363.2
2025-03-08,22:30,2903.6
2025-03-08,22:45,3473.4
2025-03-08,23:00,3467.8
2025-03-08,23:15,3561.6
2025-03-08,23:30,3550.4
2025-03-08,23:45,3505.6
2025-03-09,00:00,3395
2025-03-09,00:15,3262
2025-03-09,00:30,3102.4
2025-03-09,00:45,2956.8
2025-03-09,01:00,2765
2025-03-09,01:15,2601.2
2025-03-09,01:30,2340.8
2025-03-09,01:45,2963.8
2025-03-09,02:00,3414.6
2025-03-09,02:15,3480.4
2025-03-09,02:30,3487.4
2025-03-09,02:45,3528
2025-03-09,03:00,3472
2025-03-09,03:15,3402
2025-03-09,03:30,3277.4
2025-03-09,03:45,3117.8
2025-03-09,04:00,2991.8
2025-03-09,04:15,2794.4
2025-03-09,04:30,2599.8
2025-03-09,04:45,2366
2025-03-09,05:00,2930.2
2025-03-09,05:15,3427.2
2025-03-09,05:30,3446.8
2025-03-09,05:45,3495.8
2025-03-09,06:00,3516.8
2025-03-09,06:15,3437
2025-03-09,06:30,3346
2025-03-09,06:45,3299.8
2025-03-09,07:00,3152.8
2025-03-09,07:15,2987.6
2025-03-09,07:30,2816.8
2025-03-09,07:45,2626.4
2025-03-09,08:00,2486.4
2025-03-09,08:15,3137.4
2025-03-09,08:30,3630.2
2025-03-09,08:45,3619
2025-03-09,09:00,3665.2
2025-03-09,09:15,3682
2025-03-09,09:30,3549
2025-03-09,09:45,3451
2025-03-09,10:00,3360
2025-03-09,10:15,3129
2025-03-09,10:30,2994.6
2025-03-09,10:45,2868.6
2025-03-09,11:00,2650.2
2025-03-09,11:15,2325.4
2025-03-09,11:30,2969.4
2025-03-09,11:45,3441.2
2025-03-09,12:00,3441.2
2025-03-09,12:15,3507
2025-03-09,12:30,3526.6
2025-03-09,12:45,3459.4
2025-03-09,13:00,3392.2
2025-03-09,13:15,3239.6
2025-03-09,13:30,3081.4
2025-03-09,13:45,2906.4
2025-03-09,14:00,2781.8
2025-03-09,14:15,2605.4
2025-03-09,14:30,2248.4
2025-03-09,14:45,3057.6
2025-03-09,15:00,3449.6
2025-03-09,15:15,3476.2
2025-03-09,15:30,3463.6
2025-03-09,15:45,3539.2
2025-03-09,16:00,3455.2
2025-03-09,16:15,3334.8
2025-03-09,16:30,3138.8
2025-03-09,16:45,3092.6
2025-03-09,17:00,2970.8
2025-03-09,17:15,2713.2
2025-03-09,17:30,2518.6
2025-03-09,17:45,2261
2025-03-09,18:00,3084.2
2025-03-09,18:15,3479
2025-03-09,18:30,3740.8
2025-03-09,18:45,3862.6
2025-03-09,19:00,3791.2
2025-03-09,19:15,3722.6
2025-03-09,19:30,3724
2025-03-09,19:45,3508.4
2025-03-09,20:00,3374
2025-03-09,20:15,3166.8
2025-03-09,20:30,3029.6
2025-03-09,20:45,2821
2025-03-09,21:00,2622.2
2025-03-09,21:15,3379.6
2025-03-09,21:30,3574.2
2025-03-09,21:45,3595.2
2025-03-09,22:00,3675
2025-03-09,22:15,3633
2025-03-09,22:30,3518.2
2025-03-09,22:45,3417.4
2025-03-09,23:00,3308.2
2025-03-09,23:15,3164
2025-03-09,23:30,2956.8
2025-03-09,23:45,2776.2
2025-03-10,00:00,2611
2025-03-10,00:15,2448.6
2025-03-10,00:30,3276
2025-03-10,00:45,3525.2
2025-03-10,01:00,3572.8
2025-03-10,01:15,3628.8
2025-03-10,01:30,3567.2
2025-03-10,01:45,3473.4
2025-03-10,02:00,3399.2
2025-03-10,02:15,3242.4
2025-03-10,02:30,3077.2
2025-03-10,02:45,2893.8
2025-03-10,03:00,2707.6
2025-03-10,03:15,2571.8
2025-03-10,03:30,2525.6
2025-03-10,03:45,3221.4
2025-03-10,04:00,3532.2
2025-03-10,04:15,3572.8
2025-03-10,04:30,3626
2025-03-10,04:45,3554.6
2025-03-10,05:00,3481.8
2025-03-10,05:15,3297
2025-03-10,05:30,3225.6
2025-03-10,05:45,3075.8
2025-03-10,06:00,2907.8
2025-03-10,06:15,2713.2
2025-03-10,06:30,2486.4
2025-03-10,06:45,3035.2
2025-03-10,07:00,3528
2025-03-10,07:15,3565.8
2025-03-10,07:30,3626
2025-03-10,07:45,3707.2
2025-03-10,08:00,3644.2
2025-03-10,08:15,3504.2
2025-03-10,08:30,3325
2025-03-10,08:45,3214.4
2025-03-10,09:00,3059
2025-03-10,09:15,2914.8
2025-03-10,09:30,2685.2
2025-03-10,09:45,2444.4
2025-03-10,10:00,3014.2
2025-03-10,10:15,3481.8
2025-03-10,10:30,3451
2025-03-10,10:45,3451
2025-03-10,11:00,3452.4
2025-03-10,11:15,3372.6
2025-03-10,11:30,3304
2025-03-10,11:45,3164
2025-03-10,12:00,3042.2
2025-03-10,12:15,2858.8
2025-03-10,12:30,2720.2
2025-03-10,12:45,2752.4
2025-03-10,13:00,2494.8
2025-03-10,13:15,2990.4
2025-03-10,13:30,3500
2025-03-10,13:45,3508.4
2025-03-10,14:00,3701.6
2025-03-10,14:15,3704.4
2025-03-10,14:30,3602.2
2025-03-10,14:45,3535
2025-03-10,15:00,3404.8
2025-03-10,15:15,3323.6
2025-03-10,15:30,3166.8
2025-03-10,15:45,2793
2025-03-10,16:00,2658.6
2025-03-10,16:15,2396.8
2025-03-10,16:30,2867.2
2025-03-10,16:45,3425.8
2025-03-10,17:00,3416
2025-03-10,17:15,3481.8
2025-03-10,17:30,3514
2025-03-10,17:45,3465
2025-03-10,18:00,3396.4
2025-03-10,18:15,3315.2
2025-03-10,18:30,3124.8
2025-03-10,18:45,2965.2
2025-03-10,19:00,2787.4
2025-03-10,19:15,2917.6
2025-03-10,19:30,2655.8
2025-03-10,19:45,3267.6
2025-03-10,20:00,3687.6
2025-03-10,20:15,3753.4
2025-03-10,20:30,3784.2
2025-03-10,20:45,3844.4
2025-03-10,21:00,3813.6
2025-03-10,21:15,3693.2
2025-03-10,21:30,3558.8
2025-03-10,21:45,3417.4
2025-03-10,22:00,3263.4
2025-03-10,22:15,3050.6
2025-03-10,22:30,2871.4
2025-03-10,22:45,2557.8
2025-03-10,23:00,3263.4
2025-03-10,23:15,3704.4
2025-03-10,23:30,3753.4
2025-03-10,23:45,3789.8
2025-03-11,00:00,3795.4
2025-03-11,00:15,3718.4
2025-03-11,00:30,3655.4
2025-03-11,00:45,3508.4
2025-03-11,01:00,3383.8
2025-03-11,01:15,3179.4
2025-03-11,01:30,3033.8
2025-03-11,01:45,2815.4
2025-03-11,02:00,2527
2025-03-11,02:15,3248
2025-03-11,02:30,3700.2
2025-03-11,02:45,3738
2025-03-11,03:00,3808
2025-03-11,03:15,3768.8
2025-03-11,03:30,3704.4
2025-03-11,03:45,3644.2
2025-03-11,04:00,3516.8
2025-03-11,04:15,3389.4
2025-03-11,04:30,3124.8
2025-03-11,04:45,3021.2
2025-03-11,05:00,2767.8
2025-03-11,05:15,2457
2025-03-11,05:30,3248
2025-03-11,05:45,3670.8
2025-03-11,06:00,3725.4
2025-03-11,06:15,3784.2
2025-03-11,06:30,3764.6
2025-03-11,06:45,3728.2
2025-03-11,07:00,3641.4
2025-03-11,07:15,3508.4
2025-03-11,07:30,3369.8
2025-03-11,07:45,3225.6
2025-03-11,08:00,3109.4
2025-03-11,08:15,2917.6
2025-03-11,08:30,2674
2025-03-11,08:45,3343.2
2025-03-11,09:00,3754.8
2025-03-11,09:15,3850
2025-03-11,09:30,3593.8
2025-03-11,09:45,3872.4
2025-03-11,10:00,3721.2
2025-03-11,10:15,3628.8
2025-03-11,10:30,3512.6
2025-03-11,10:45,3299.8
2025-03-11,11:00,3140.2
2025-03-11,11:15,2937.2
2025-03-11,11:30,2776.2
2025-03-11,11:45,2664.2
2025-03-11,12:00,3173.8
2025-03-11,12:15,3588.2
2025-03-11,12:30,3656.8
2025-03-11,12:45,3750.6
2025-03-11,13:00,3700.2
2025-03-11,13:15,3633
2025-03-11,13:30,3605
2025-03-11,13:45,3371.2
2025-03-11,14:00,3330.6
2025-03-11,14:15,3091.2
2025-03-11,14:30,3046.4
2025-03-11,14:45,2825.2
2025-03-11,15:00,2640.4
2025-03-11,15:15,3399.2
2025-03-11,15:30,3676.4
2025-03-11,15:45,3698.8
2025-03-11,16:00,3773
2025-03-11,16:15,3712.8
2025-03-11,16:30,3557.4
2025-03-11,16:45,3498.6
2025-03-11,17:00,3336.2
2025-03-11,17:15,3168.2
2025-03-11,17:30,3059
2025-03-11,17:45,2907.8
2025-03-11,18:00,2749.6
2025-03-11,18:15,2571.8
2025-03-11,18:30,3348.8
2025-03-11,18:45,3663.8
2025-03-11,19:00,3719.8
2025-03-11,19:15,3770.2
2025-03-11,19:30,3760.4
2025-03-11,19:45,3729.6
2025-03-11,20:00,3619
2025-03-11,20:15,3477.6
2025-03-11,20:30,3337.6
2025-03-11,20:45,3179.4
2025-03-11,21:00,2951.2
2025-03-11,21:15,2805.6
2025-03-11,21:30,2683.8
2025-03-11,21:45,3357.2
2025-03-11,22:00,3691.8
2025-03-11,22:15,3844.4
2025-03-11,22:30,3857
2025-03-11,22:45,3747.8
2025-03-11,23:00,3668
2025-03-11,23:15,3588.2
2025-03-11,23:30,3460.8
2025-03-11,23:45,3259.2
2025-03-12,00:00,3110.8
2025-03-12,00:15,2919
2025-03-12,00:30,2739.8
2025-03-12,00:45,2644.6
2025-03-12,01:00,3463.6
2025-03-12,01:15,3656.8
2025-03-12,01:30,3697.4
2025-03-12,01:45,3778.6
2025-03-12,02:00,3715.6
2025-03-12,02:15,3633
2025-03-12,02:30,3516.8
2025-03-12,02:45,3410.4
2025-03-12,03:00,3213
2025-03-12,03:15,3028.2
2025-03-12,03:30,2858.8
2025-03-12,03:45,2620.8
2025-03-12,04:00,3166.8
2025-03-12,04:15,3553.2
2025-03-12,04:30,3645.6
2025-03-12,04:45,3722.6
2025-03-12,05:00,3778.6
2025-03-12,05:15,3689
2025-03-12,05:30,3612
2025-03-12,05:45,3271.8
2025-03-12,06:00,3063.2
2025-03-12,06:15,2935.8
2025-03-12,06:30,2763.6
2025-03-12,06:45,2644.6
2025-03-12,07:00,2426.2
2025-03-12,07:15,2951.2
2025-03-12,07:30,3424.4
2025-03-12,07:45,3479
2025-03-12,08:00,3554.6
2025-03-12,08:15,3550.4
2025-03-12,08:30,3684.8
2025-03-12,08:45,3866.8
2025-03-12,09:00,3773
2025-03-12,09:15,3605
2025-03-12,09:30,3462.2
2025-03-12,09:45,3241
2025-03-12,10:00,3089.8
2025-03-12,10:15,2895.2
2025-03-12,10:30,3344.6
2025-03-12,10:45,3820.6
2025-03-12,11:00,3915.8
2025-03-12,11:15,3864
2025-03-12,11:30,3938.2
2025-03-12,11:45,3872.4
2025-03-12,12:00,3759
2025-03-12,12:15,3708.6
2025-03-12,12:30,3383.8
2025-03-12,12:45,3320.8
2025-03-12,13:00,3082.8
2025-03-12,13:15,2948.4
2025-03-12,13:30,2727.2
2025-03-12,13:45,3178
2025-03-12,14:00,3658.2
2025-03-12,14:15,3742.2
2025-03-12,14:30,3725.4
2025-03-12,14:45,3813.6
2025-03-12,15:00,3756.2
2025-03-12,15:15,3617.6
2025-03-12,15:30,3585.4
2025-03-12,15:45,3417.4
2025-03-12,16:00,3178
2025-03-12,16:15,2993.2
2025-03-12,16:30,2805.6
2025-03-12,16:45,2385.6
2025-03-12,17:00,2835
2025-03-12,17:15,3378.2
2025-03-12,17:30,3402
2025-03-12,17:45,3444
2025-03-12,18:00,3488.8
2025-03-12,18:15,3425.8
2025-03-12,18:30,3368.4
2025-03-12,18:45,3248
2025-03-12,19:00,3155.6
2025-03-12,19:15,3035.2
2025-03-12,19:30,2947
2025-03-12,19:45,2798.6
2025-03-12,20:00,2524.2
2025-03-12,20:15,3175.2
2025-03-12,20:30,3614.8
2025-03-12,20:45,3563
2025-03-12,21:00,3668
2025-03-12,21:15,3680.6
2025-03-12,21:30,3589.6
2025-03-12,21:45,3504.2
2025-03-12,22:00,3403.4
2025-03-12,22:15,3249.4
2025-03-12,22:30,3071.6
2025-03-12,22:45,2885.4
2025-03-12,23:00,2679.6
2025-03-12,23:15,2475.2
2025-03-12,23:30,3063.2
2025-03-12,23:45,3494.4
2025-03-13,00:00,3543.4
2025-03-13,00:15,3621.8
2025-03-13,00:30,3614.8
2025-03-13,00:45,3540.6
2025-03-13,01:00,3470.6
2025-03-13,01:15,3386.6
2025-03-13,01:30,3249.4
2025-03-13,01:45,3059
2025-03-13,02:00,2920.4
2025-03-13,02:15,2727.2
2025-03-13,02:30,2452.8
2025-03-13,02:45,3050.6
2025-03-13,03:00,3504.2
2025-03-13,03:15,3543.4
2025-03-13,03:30,3598
2025-03-13,03:45,3619
2025-03-13,04:00,3530.8
2025-03-13,04:15,3467.8
2025-03-13,04:30,3329.2
2025-03-13,04:45,3075.8
2025-03-13,05:00,2821
2025-03-13,05:15,2731.4
2025-03-13,05:30,2597
2025-03-13,05:45,2436
2025-03-13,06:00,2987.6
2025-03-13,06:15,3452.4
2025-03-13,06:30,3488.8
2025-03-13,06:45,3568.6
2025-03-13,07:00,3592.4
2025-03-13,07:15,3511.2
2025-03-13,07:30,3414.6
2025-03-13,07:45,3327.8
2025-03-13,08:00,3193.4
2025-03-13,08:15,3284.4
2025-03-13,08:30,3080
2025-03-13,08:45,2899.4
2025-03-13,09:00,2567.6
2025-03-13,09:15,3290
2025-03-13,09:30,3754.8
2025-03-13,09:45,3805.2
2025-03-13,10:00,3817.8
2025-03-13,10:15,3845.8
2025-03-13,10:30,3824.8
2025-03-13,10:45,3750.6
2025-03-13,11:00,3585.4
2025-03-13,11:15,3420.2
2025-03-13,11:30,3280.2
2025-03-13,11:45,3047.8
2025-03-13,12:00,2872.8
2025-03-13,12:15,2521.4
2025-03-13,12:30,3371.2
2025-03-13,12:45,3696
2025-03-13,13:00,3682
2025-03-13,13:15,3880.8
2025-03-13,13:30,3861.2
2025-03-13,13:45,3725.4
2025-03-13,14:00,3668
2025-03-13,14:15,3563
2025-03-13,14:30,3455.2
2025-03-13,14:45,3263.4
2025-03-13,15:00,3087
2025-03-13,15:15,2902.2
2025-03-13,15:30,2690.8
2025-03-13,15:45,3327.8
2025-03-13,16:00,3670.8
2025-03-13,16:15,3740.8
2025-03-13,16:30,3717
2025-03-13,16:45,3666.6
2025-03-13,17:00,3644.2
2025-03-13,17:15,3522.4
2025-03-13,17:30,3389.4
2025-03-13,17:45,3245.2
2025-03-13,18:00,3091.2
2025-03-13,18:15,2933
2025-03-13,18:30,2756.6
2025-03-13,18:45,2508.8
2025-03-13,19:00,3381
2025-03-13,19:15,3707.2
2025-03-13,19:30,3754.8
2025-03-13,19:45,3810.8
2025-03-13,20:00,3735.2
2025-03-13,20:15,3648.4
2025-03-13,20:30,3526.6
2025-03-13,20:45,3397.8
2025-03-13,21:00,3228.4
2025-03-13,21:15,3052
2025-03-13,21:30,2926
2025-03-13,21:45,2727.2
2025-03-13,22:00,2668.4
2025-03-13,22:15,3410.4
2025-03-13,22:30,3677.8
2025-03-13,22:45,3731
2025-03-13,23:00,3787
2025-03-13,23:15,3683.4
2025-03-13,23:30,3642.8
2025-03-13,23:45,3512.6
2025-03-14,00:00,3364.2
2025-03-14,00:15,3203.2
2025-03-14,00:30,3019.8
2025-03-14,00:45,2835
2025-03-14,01:00,2581.6
2025-03-14,01:15,3193.4
2025-03-14,01:30,3619
2025-03-14,01:45,3652.6
2025-03-14,02:00,3728.2
2025-03-14,02:15,3763.2
2025-03-14,02:30,3684.8
2025-03-14,02:45,3677.8
2025-03-14,03:00,3537.8
2025-03-14,03:15,3348.8
2025-03-14,03:30,3234
2025-03-14,03:45,3015.6
2025-03-14,04:00,2818.2
2025-03-14,04:15,2539.6
2025-03-14,04:30,3122
2025-03-14,04:45,3655.4
2025-03-14,05:00,3703
2025-03-14,05:15,3749.2
2025-03-14,05:30,3729.6
2025-03-14,05:45,3672.2
2025-03-14,06:00,3595.2
2025-03-14,06:15,3455.2
2025-03-14,06:30,3339
2025-03-14,06:45,3187.8
2025-03-14,07:00,3010
2025-03-14,07:15,2835
2025-03-14,07:30,2581.6
2025-03-14,07:45,3274.6
2025-03-14,08:00,3809.4
2025-03-14,08:15,3801
2025-03-14,08:30,3844.4
2025-03-14,08:45,3899
2025-03-14,09:00,3733.8
2025-03-14,09:15,3728.2
2025-03-14,09:30,3602.2
2025-03-14,09:45,3535
2025-03-14,10:00,3326.4
2025-03-14,10:15,3148.6
2025-03-14,10:30,2958.2
2025-03-14,10:45,2725.8
2025-03-14,11:00,3329.2
2025-03-14,11:15,3697.4
2025-03-14,11:30,3768.8
2025-03-14,11:45,3785.6
2025-03-14,12:00,3798.2
2025-03-14,12:15,3740.8
2025-03-14,12:30,3640
2025-03-14,12:45,3528
2025-03-14,13:00,3348.8
2025-03-14,13:15,3215.8
2025-03-14,13:30,3264.8
2025-03-14,13:45,3140.2
2025-03-14,14:00,2945.6
2025-03-14,14:15,3560.2
2025-03-14,14:30,4002.6
2025-03-14,14:45,4064.2
2025-03-14,15:00,4123
2025-03-14,15:15,4155.2
2025-03-14,15:30,4137
2025-03-14,15:45,3928.4
2025-03-14,16:00,3826.2
2025-03-14,16:15,3579.8
2025-03-14,16:30,3369.8
2025-03-14,16:45,3071.6
2025-03-14,17:00,2849
2025-03-14,17:15,2504.6
2025-03-14,17:30,3267.6
2025-03-14,17:45,3712.8
2025-03-14,18:00,3736.6
2025-03-14,18:15,3992.8
2025-03-14,18:30,3967.6
2025-03-14,18:45,3928.4
2025-03-14,19:00,3851.4
2025-03-14,19:15,3556
2025-03-14,19:30,3354.4
2025-03-14,19:45,3327.8
2025-03-14,20:00,3138.8
2025-03-14,20:15,2643.2
2025-03-14,20:30,2434.6
2025-03-14,20:45,3210.2
2025-03-14,21:00,3558.8
2025-03-14,21:15,3581.2
2025-03-14,21:30,3687.6
2025-03-14,21:45,3589.6
2025-03-14,22:00,3554.6
2025-03-14,22:15,3473.4
2025-03-14,22:30,3375.4
2025-03-14,22:45,3166.8
2025-03-14,23:00,2994.6
2025-03-14,23:15,2832.2
2025-03-14,23:30,2626.4
2025-03-14,23:45,2301.6
2025-03-15,00:00,3088.4
2025-03-15,00:15,3508.4
2025-03-15,00:30,3556
2025-03-15,00:45,3613.4
2025-03-15,01:00,3572.8
2025-03-15,01:15,3498.6
2025-03-15,01:30,3393.6
2025-03-15,01:45,3242.4
2025-03-15,02:00,3098.2
2025-03-15,02:15,2983.4
2025-03-15,02:30,2794.4
2025-03-15,02:45,2620.8
2025-03-15,03:00,2283.4
2025-03-15,03:15,3095.4
2025-03-15,03:30,3535
2025-03-15,03:45,3558.8
2025-03-15,04:00,3645.6
2025-03-15,04:15,3585.4
2025-03-15,04:30,3523.8
2025-03-15,04:45,3336.2
2025-03-15,05:00,3264.8
2025-03-15,05:15,3095.4
2025-03-15,05:30,2933
2025-03-15,05:45,2727.2
2025-03-15,06:00,2529.8
2025-03-15,06:15,2902.2
2025-03-15,06:30,3134.6
2025-03-15,06:45,3549
2025-03-15,07:00,3578.4
2025-03-15,07:15,3651.2
2025-03-15,07:30,3620.4
2025-03-15,07:45,3536.4
2025-03-15,08:00,3483.2
2025-03-15,08:15,3399.2
2025-03-15,08:30,3431.4
2025-03-15,08:45,3203.2
2025-03-15,09:00,3059
2025-03-15,09:15,2780.4
2025-03-15,09:30,3277.4
2025-03-15,09:45,3834.6
2025-03-15,10:00,3903.2
2025-03-15,10:15,3931.2
2025-03-15,10:30,3974.6
2025-03-15,10:45,3897.6
2025-03-15,11:00,3880.8
2025-03-15,11:15,3637.2
2025-03-15,11:30,3474.8
2025-03-15,11:45,3326.4
2025-03-15,12:00,3117.8
2025-03-15,12:15,2905
2025-03-15,12:30,2632
2025-03-15,12:45,3600.8
2025-03-15,13:00,3964.8
2025-03-15,13:15,4120.2
2025-03-15,13:30,4167.8
2025-03-15,13:45,4326
2025-03-15,14:00,4167.8
2025-03-15,14:15,4113.2
2025-03-15,14:30,4097.8
2025-03-15,14:45,3948
2025-03-15,15:00,3679.2
2025-03-15,15:15,3539.2
2025-03-15,15:30,3403.4
2025-03-15,15:45,3127.6
2025-03-15,16:00,3502.8
2025-03-15,16:15,3995.6
2025-03-15,16:30,4075.4
2025-03-15,16:45,3920
2025-03-15,17:00,3957.8
2025-03-15,17:15,3971.8
2025-03-15,17:30,3854.2
2025-03-15,17:45,3742.2
2025-03-15,18:00,3603.6
2025-03-15,18:15,3423
2025-03-15,18:30,3259.2
2025-03-15,18:45,3355.8
2025-03-15,19:00,3179.4
2025-03-15,19:15,3473.4
2025-03-15,19:30,4075.4
2025-03-15,19:45,4159.4
2025-03-15,20:00,4278.4
2025-03-15,20:15,4219.6
2025-03-15,20:30,4240.6
2025-03-15,20:45,4149.6
2025-03-15,21:00,3981.6
2025-03-15,21:15,3921.4
2025-03-15,21:30,3679.2
2025-03-15,21:45,3554.6
2025-03-15,22:00,3340.4
2025-03-15,22:15,3095.4
2025-03-15,22:30,3704.4
2025-03-15,22:45,4046
2025-03-15,23:00,4125.8
2025-03-15,23:15,4173.4
2025-03-15,23:30,4226.6
2025-03-15,23:45,3963.4
2025-03-16,00:00,3883.6
2025-03-16,00:15,3775.8
2025-03-16,00:30,3610.6
2025-03-16,00:45,3386.6
2025-03-16,01:00,3263.4
2025-03-16,01:15,3061.8
2025-03-16,01:30,2821
2025-03-16,01:45,3465
2025-03-16,02:00,3929.8
2025-03-16,02:15,3967.6
2025-03-16,02:30,4009.6
2025-03-16,02:45,4020.8
2025-03-16,03:00,3978.8
2025-03-16,03:15,3913
2025-03-16,03:30,3746.4
2025-03-16,03:45,3600.8
2025-03-16,04:00,3325
2025-03-16,04:15,3091.2
2025-03-16,04:30,2920.4
2025-03-16,04:45,2696.4
2025-03-16,05:00,3245.2
2025-03-16,05:15,3785.6
2025-03-16,05:30,3778.6
2025-03-16,05:45,3871
2025-03-16,06:00,3910.2
2025-03-16,06:15,3834.6
2025-03-16,06:30,3735.2
2025-03-16,06:45,3628.8
2025-03-16,07:00,3518.2
2025-03-16,07:15,3357.2
2025-03-16,07:30,3150
2025-03-16,07:45,2980.6
2025-03-16,08:00,2660
2025-03-16,08:15,3431.4
2025-03-16,08:30,3934
2025-03-16,08:45,3869.6
2025-03-16,09:00,3977.4
2025-03-16,09:15,4013.8
2025-03-16,09:30,3964.8
2025-03-16,09:45,3802.4
2025-03-16,10:00,3752
2025-03-16,10:15,3502.8
2025-03-16,10:30,3306.8
2025-03-16,10:45,3145.8
2025-03-16,11:00,2885.4
2025-03-16,11:15,2633.4
2025-03-16,11:30,3360
2025-03-16,11:45,3766
2025-03-16,12:00,3788.4
2025-03-16,12:15,3850
2025-03-16,12:30,3806.6
2025-03-16,12:45,3953.6
2025-03-16,13:00,3967.6
2025-03-16,13:15,3747.8
2025-03-16,13:30,3530.8
2025-03-16,13:45,3385.2
2025-03-16,14:00,3220
2025-03-16,14:15,2970.8
2025-03-16,14:30,3183.6
2025-03-16,14:45,3780
2025-03-16,15:00,3946.6
2025-03-16,15:15,3997
2025-03-16,15:30,4039
2025-03-16,15:45,4005.4
2025-03-16,16:00,3854.2
2025-03-16,16:15,3770.2
2025-03-16,16:30,3504.2
2025-03-16,16:45,3217.2
2025-03-16,17:00,3133.2
2025-03-16,17:15,3003
2025-03-16,17:30,2763.6
2025-03-16,17:45,3292.8
2025-03-16,18:00,3866.8
2025-03-16,18:15,3988.6
2025-03-16,18:30,4118.8
2025-03-16,18:45,4104.8
2025-03-16,19:00,4061.4
2025-03-16,19:15,3936.8
2025-03-16,19:30,3840.2
2025-03-16,19:45,3712.8
2025-03-16,20:00,3659.6
2025-03-16,20:15,3428.6
2025-03-16,20:30,3210.2
2025-03-16,20:45,2949.8
2025-03-16,21:00,3446.8
2025-03-16,21:15,3920
2025-03-16,21:30,3991.4
2025-03-16,21:45,4039
2025-03-16,22:00,3879.4
2025-03-16,22:15,3861.2
2025-03-16,22:30,3676.4
2025-03-16,22:45,3626
2025-03-16,23:00,3445.4
2025-03-16,23:15,3278.8
2025-03-16,23:30,3162.6
2025-03-16,23:45,3005.8
2025-03-17,00:00,2804.2
2025-03-17,00:15,3242.4
2025-03-17,00:30,3763.2
2025-03-17,00:45,3801
2025-03-17,01:00,3806.6
2025-03-17,01:15,3837.4
2025-03-17,01:30,3789.8
2025-03-17,01:45,3680.6
2025-03-17,02:00,3654
2025-03-17,02:15,3431.4
2025-03-17,02:30,3243.8
2025-03-17,02:45,3115
2025-03-17,03:00,2927.4
2025-03-17,03:15,2648.8
2025-03-17,03:30,3138.8
2025-03-17,03:45,3743.6
2025-03-17,04:00,3805.2
2025-03-17,04:15,3852.8
2025-03-17,04:30,3789.8
2025-03-17,04:45,3806.6
2025-03-17,05:00,3735.2
2025-03-17,05:15,3591
2025-03-17,05:30,3477.6
2025-03-17,05:45,3280.2
2025-03-17,06:00,3101
2025-03-17,06:15,2979.2
2025-03-17,06:30,2627.8
2025-03-17,06:45,3295.6
2025-03-17,07:00,3798.2
2025-03-17,07:15,3868.2
2025-03-17,07:30,3924.2
2025-03-17,07:45,3992.8
2025-03-17,08:00,3971.8
2025-03-17,08:15,3795.4
2025-03-17,08:30,3697.4
2025-03-17,08:45,3518.2
2025-03-17,09:00,3364.2
2025-03-17,09:15,3239.6
2025-03-17,09:30,3045
2025-03-17,09:45,2917.6
2025-03-17,10:00,3578.4
2025-03-17,10:15,4057.2
2025-03-17,10:30,4030.6
2025-03-17,10:45,4160.8
2025-03-17,11:00,4232.2
2025-03-17,11:15,4124.4
2025-03-17,11:30,3997
2025-03-17,11:45,3915.8
2025-03-17,12:00,3802.4
2025-03-17,12:15,3638.6
2025-03-17,12:30,3290
2025-03-17,12:45,3151.4
2025-03-17,13:00,2879.8
2025-03-17,13:15,3432.8
2025-03-17,13:30,4106.2
2025-03-17,13:45,4167.8
2025-03-17,14:00,4289.6
2025-03-17,14:15,4282.6
2025-03-17,14:30,4180.4
2025-03-17,14:45,4181.8
2025-03-17,15:00,3983
2025-03-17,15:15,3840.2
2025-03-17,15:30,3675
2025-03-17,15:45,3507
2025-03-17,16:00,3169.6
2025-03-17,16:15,2941.4
2025-03-17,16:30,3512.6
2025-03-17,16:45,3900.4
2025-03-17,17:00,3973.2
2025-03-17,17:15,4333
2025-03-17,17:30,4107.6
2025-03-17,17:45,4029.2
2025-03-17,18:00,3890.6
2025-03-17,18:15,3766
2025-03-17,18:30,3872.4
2025-03-17,18:45,3661
2025-03-17,19:00,3488.8
2025-03-17,19:15,3309.6
2025-03-17,19:30,3011.4
2025-03-17,19:45,4326
2025-03-17,20:00,4708.2
2025-03-17,20:15,4741.8
2025-03-17,20:30,4834.2
2025-03-17,20:45,4754.4
2025-03-17,21:00,4720.8
2025-03-17,21:15,4572.4
2025-03-17,21:30,4538.8
2025-03-17,21:45,4359.6
2025-03-17,22:00,4188.8
2025-03-17,22:15,3956.4
2025-03-17,22:30,3774.4
2025-03-17,22:45,3320.8
2025-03-17,23:00,4197.2
2025-03-17,23:15,4508
2025-03-17,23:30,4618.6
2025-03-17,23:45,4669
2025-03-18,00:00,4634
2025-03-18,00:15,4551.4
2025-03-18,00:30,4491.2
2025-03-18,00:45,4352.6
2025-03-18,01:00,4113.2
2025-03-18,01:15,3983
2025-03-18,01:30,3809.4
2025-03-18,01:45,3661
2025-03-18,02:00,3407.6
2025-03-18,02:15,4170.6
2025-03-18,02:30,4524.8
2025-03-18,02:45,4586.4
2025-03-18,03:00,4688.6
2025-03-18,03:15,4596.2
2025-03-18,03:30,4529
2025-03-18,03:45,4417
2025-03-18,04:00,4278.4
2025-03-18,04:15,4107.6
2025-03-18,04:30,3931.2
2025-03-18,04:45,3676.4
2025-03-18,05:00,3535
2025-03-18,05:15,3596.6
2025-03-18,05:30,4307.8
2025-03-18,05:45,4478.6
2025-03-18,06:00,4590.6
2025-03-18,06:15,4670.4
2025-03-18,06:30,4030.6
2025-03-18,06:45,4020.8
2025-03-18,07:00,3868.2
2025-03-18,07:15,3745
2025-03-18,07:30,3644.2
2025-03-18,07:45,3389.4
2025-03-18,08:00,3269
2025-03-18,08:15,3155.6
2025-03-18,08:30,3120.6
2025-03-18,08:45,3816.4
2025-03-18,09:00,4009.6
2025-03-18,09:15,3981.6
2025-03-18,09:30,4055.8
2025-03-18,09:45,5343.8
2025-03-18,10:00,5474
2025-03-18,10:15,4873.4
2025-03-18,10:30,3676.4
2025-03-18,10:45,3815
2025-03-18,11:00,3752
2025-03-18,11:15,3171
2025-03-18,11:30,3668
2025-03-18,11:45,3757.6
2025-03-18,12:00,2905
2025-03-18,12:15,3490.2
2025-03-18,12:30,3766
2025-03-18,12:45,2949.8
2025-03-18,13:00,3351.6
2025-03-18,13:15,3932.6
2025-03-18,13:30,3900.4
2025-03-18,13:45,3263.4
2025-03-18,14:00,3955
2025-03-18,14:15,4037.6
2025-03-18,14:30,3109.4
2025-03-18,14:45,2466.8
2025-03-18,15:00,4034.8
2025-03-18,15:15,4002.6
2025-03-18,15:30,3129
2025-03-18,15:45,3810.8
2025-03-18,16:00,4032
2025-03-18,16:15,3309.6
2025-03-18,16:30,3225.6
2025-03-18,16:45,3624.6
2025-03-18,17:00,3523.8
2025-03-18,17:15,3206
2025-03-18,17:30,3749.2
2025-03-18,17:45,3543.4
2025-03-18,18:00,2709
2025-03-18,18:15,3556
2025-03-18,18:30,3774.4
2025-03-18,18:45,2874.2
2025-03-18,19:00,3389.4
2025-03-18,19:15,3950.8
2025-03-18,19:30,3887.8
2025-03-18,19:45,3253.6
2025-03-18,20:00,3858.4
2025-03-18,20:15,3885
2025-03-18,20:30,3201.8
2025-03-18,20:45,4274.2
2025-03-18,21:00,4442.2
2025-03-18,21:15,3260.6
2025-03-18,21:30,4046
2025-03-18,21:45,4446.4
2025-03-18,22:00,4365.2
2025-03-18,22:15,3698.8
2025-03-18,22:30,4254.6
2025-03-18,22:45,4309.2
2025-03-18,23:00,3477.6
2025-03-18,23:15,4148.2
2025-03-18,23:30,4333
2025-03-18,23:45,3255
2025-03-19,00:00,3743.6
2025-03-19,00:15,4132.8
2025-03-19,00:30,4041.8
2025-03-19,00:45,3518.2
2025-03-19,01:00,4057.2
2025-03-19,01:15,4068.4
2025-03-19,01:30,3299.8
2025-03-19,01:45,3964.8
2025-03-19,02:00,4081
2025-03-19,02:15,2863
2025-03-19,02:30,3726.8
2025-03-19,02:45,4117.4
2025-03-19,03:00,4011
2025-03-19,03:15,3495.8
2025-03-19,03:30,4050.2
2025-03-19,03:45,4040.4
2025-03-19,04:00,3248
2025-03-19,04:15,3875.2
2025-03-19,04:30,3578.4
2025-03-19,04:45,2389.8
2025-03-19,05:00,3166.8
2025-03-19,05:15,3634.4
2025-03-19,05:30,3281.6
2025-03-19,05:45,2968
2025-03-19,06:00,3505.6
2025-03-19,06:15,3546.2
2025-03-19,06:30,2756.6
2025-03-19,06:45,3435.6
2025-03-19,07:00,3589.6
2025-03-19,07:15,2350.6
2025-03-19,07:30,3239.6
2025-03-19,07:45,3628.8
2025-03-19,08:00,3529.4
2025-03-19,08:15,2982
2025-03-19,08:30,3466.4
2025-03-19,08:45,3508.4
2025-03-19,09:00,2725.8
2025-03-19,09:15,3267.6
2025-03-19,09:30,3392.2
2025-03-19,09:45,2221.8
2025-03-19,10:00,3019.8
2025-03-19,10:15,3418.8
2025-03-19,10:30,3120.6
2025-03-19,10:45,2809.8
2025-03-19,11:00,3348.8
2025-03-19,11:15,3318
2025-03-19,11:30,2520
2025-03-19,11:45,3185
2025-03-19,12:00,3316.6
2025-03-19,12:15,2107
2025-03-19,12:30,2940
2025-03-19,12:45,3540.6
2025-03-19,13:00,3120.6
2025-03-19,13:15,2972.2
2025-03-19,13:30,3465
2025-03-19,13:45,3459.4
2025-03-19,14:00,2703.4
2025-03-19,14:15,3327.8
2025-03-19,14:30,3487.4
2025-03-19,14:45,2371.6
2025-03-19,15:00,3213
2025-03-19,15:15,3820.6
2025-03-19,15:30,3536.4
2025-03-19,15:45,3225.6
2025-03-19,16:00,3754.8
2025-03-19,16:15,3764.6
2025-03-19,16:30,2564.8
2025-03-19,16:45,3210.2
2025-03-19,17:00,3382.4
2025-03-19,17:15,2293.2
2025-03-19,17:30,3094
2025-03-19,17:45,3452.4
2025-03-19,18:00,3077.2
2025-03-19,18:15,3078.6
2025-03-19,18:30,3598
2025-03-19,18:45,3619
2025-03-19,19:00,2825.2
2025-03-19,19:15,3494.4
2025-03-19,19:30,3656.8
2025-03-19,19:45,2522.8
2025-03-19,20:00,3350.2
2025-03-19,20:15,3705.8
2025-03-19,20:30,3409
2025-03-19,20:45,3068.8
2025-03-19,21:00,3649.8
2025-03-19,21:15,3592.4
2025-03-19,21:30,2861.6
2025-03-19,21:45,3522.4
2025-03-19,22:00,3612
2025-03-19,22:15,2451.4
2025-03-19,22:30,3326.4
2025-03-19,22:45,3452.4
2025-03-19,23:00,3063.2
2025-03-19,23:15,2905
2025-03-19,23:30,3385.2
2025-03-19,23:45,3365.6
2025-03-20,00:00,2564.8
2025-03-20,00:15,3225.6
2025-03-20,00:30,3389.4
2025-03-20,00:45,2200.8
2025-03-20,01:00,2979.2
2025-03-20,01:15,3388
2025-03-20,01:30,2970.8
2025-03-20,01:45,2790.2
2025-03-20,02:00,3410.4
2025-03-20,02:15,3327.8
2025-03-20,02:30,2620.8
2025-03-20,02:45,3262
2025-03-20,03:00,3416
2025-03-20,03:15,2212
2025-03-20,03:30,3063.2
2025-03-20,03:45,3404.8
2025-03-20,04:00,3194.8
2025-03-20,04:15,2815.4
2025-03-20,04:30,3304
2025-03-20,04:45,3376.8
2025-03-20,05:00,2524.2
2025-03-20,05:15,3263.4
2025-03-20,05:30,3395
2025-03-20,05:45,2213.4
2025-03-20,06:00,3004.4
2025-03-20,06:15,3393.6
2025-03-20,06:30,3052
2025-03-20,06:45,2804.2
2025-03-20,07:00,3346
2025-03-20,07:15,3319.4
2025-03-20,07:30,2629.2
2025-03-20,07:45,3280.2
2025-03-20,08:00,3551.8
2025-03-20,08:15,2567.6
2025-03-20,08:30,3451
2025-03-20,08:45,3798.2
2025-03-20,09:00,3647
2025-03-20,09:15,3364.2
2025-03-20,09:30,3904.6
2025-03-20,09:45,3955
2025-03-20,10:00,3147.2
2025-03-20,10:15,3740.8
2025-03-20,10:30,3896.2
2025-03-20,10:45,2728.6
2025-03-20,11:00,3547.6
2025-03-20,11:15,3928.4
2025-03-20,11:30,3725.4
2025-03-20,11:45,3304
2025-03-20,12:00,3816.4
2025-03-20,12:15,3844.4
2025-03-20,12:30,3039.4
2025-03-20,12:45,3683.4
2025-03-20,13:00,3805.2
2025-03-20,13:15,2448.6
2025-03-20,13:30,3273.2
2025-03-20,13:45,3710
2025-03-20,14:00,3361.4
2025-03-20,14:15,3127.6
2025-03-20,14:30,3614.8
2025-03-20,14:45,3707.2
2025-03-20,15:00,3123.4
2025-03-20,15:15,3787
2025-03-20,15:30,4005.4
2025-03-20,15:45,2794.4
2025-03-20,16:00,3652.6
2025-03-20,16:15,3987.2
2025-03-20,16:30,3428.6
2025-03-20,16:45,2966.6
2025-03-20,17:00,3502.8
2025-03-20,17:15,3508.4
2025-03-20,17:30,2660
2025-03-20,17:45,3367
2025-03-20,18:00,3571.4
2025-03-20,18:15,2396.8
2025-03-20,18:30,3252.2
2025-03-20,18:45,3616.2
2025-03-20,19:00,3434.2
2025-03-20,19:15,3031
2025-03-20,19:30,3371.2
2025-03-20,19:45,3382.4
2025-03-20,20:00,2843.4
2025-03-20,20:15,3428.6
2025-03-20,20:30,3598
2025-03-20,20:45,2448.6
2025-03-20,21:00,3246.6
2025-03-20,21:15,3640
2025-03-20,21:30,3616.2
2025-03-20,21:45,3047.8
2025-03-20,22:00,3595.2
2025-03-20,22:15,3595.2
2025-03-20,22:30,2853.2
2025-03-20,22:45,3481.8
2025-03-20,23:00,3607.8
2025-03-20,23:15,2406.6
2025-03-20,23:30,3263.4
2025-03-20,23:45,3624.6
2025-03-21,00:00,3543.4
2025-03-21,00:15,3026.8
2025-03-21,00:30,3529.4
2025-03-21,00:45,3578.4
2025-03-21,01:00,2790.2
2025-03-21,01:15,3455.2
2025-03-21,01:30,3574.2
2025-03-21,01:45,2608.2
2025-03-21,02:00,3255
2025-03-21,02:15,3647
2025-03-21,02:30,3413.2
2025-03-21,02:45,3012.8
2025-03-21,03:00,3553.2
2025-03-21,03:15,3560.2
2025-03-21,03:30,2766.4
2025-03-21,03:45,3402
2025-03-21,04:00,3586.8
2025-03-21,04:15,2471
2025-03-21,04:30,3203.2
2025-03-21,04:45,3547.6
2025-03-21,05:00,3551.8
2025-03-21,05:15,2945.6
2025-03-21,05:30,3509.8
2025-03-21,05:45,3564.4
2025-03-21,06:00,2721.6
2025-03-21,06:15,3353
2025-03-21,06:30,3511.2
2025-03-21,06:45,2361.8
2025-03-21,07:00,3165.4
2025-03-21,07:15,3561.6
2025-03-21,07:30,3504.2
2025-03-21,07:45,3084.2
2025-03-21,08:00,3894.8
2025-03-21,08:15,3883.6
2025-03-21,08:30,3234
2025-03-21,08:45,3871
2025-03-21,09:00,4053
2025-03-21,09:15,3087
2025-03-21,09:30,3655.4
2025-03-21,09:45,4050.2
2025-03-21,10:00,3987.2
2025-03-21,10:15,3557.4
2025-03-21,10:30,4083.8
2025-03-21,10:45,4074
2025-03-21,11:00,3302.6
2025-03-21,11:15,3890.6
2025-03-21,11:30,4072.6
2025-03-21,11:45,3038
2025-03-21,12:00,3682
2025-03-21,12:15,4054.4
2025-03-21,12:30,3998.4
2025-03-21,12:45,3442.6
2025-03-21,13:00,3985.8
2025-03-21,13:15,3974.6
2025-03-21,13:30,3192
2025-03-21,13:45,3824.8
2025-03-21,14:00,4040.4
2025-03-21,14:15,2863
2025-03-21,14:30,3750.6
2025-03-21,14:45,4092.2
2025-03-21,15:00,4016.6
2025-03-21,15:15,3416
2025-03-21,15:30,3948
2025-03-21,15:45,3903.2
2025-03-21,16:00,2937.2
2025-03-21,16:15,3582.6
2025-03-21,16:30,3546.2
2025-03-21,16:45,2429
2025-03-21,17:00,3372.6
2025-03-21,17:15,3777.2
2025-03-21,17:30,3655.4
2025-03-21,17:45,3113.6
2025-03-21,18:00,3668
2025-03-21,18:15,3703
2025-03-21,18:30,2954
2025-03-21,18:45,3628.8
2025-03-21,19:00,3801
2025-03-21,19:15,2595.6
2025-03-21,19:30,3360
2025-03-21,19:45,3780
2025-03-21,20:00,3640
2025-03-21,20:15,3193.4
2025-03-21,20:30,3708.6
2025-03-21,20:45,3693.2
2025-03-21,21:00,2982
2025-03-21,21:15,3593.8
2025-03-21,21:30,3722.6
2025-03-21,21:45,2823.8
2025-03-21,22:00,3358.6
2025-03-21,22:15,3780
2025-03-21,22:30,3574.2
2025-03-21,22:45,3131.8
2025-03-21,23:00,3735.2
2025-03-21,23:15,3745
2025-03-21,23:30,2951.2
2025-03-21,23:45,3600.8
2025-03-22,00:00,3785.6
2025-03-22,00:15,2580.2
2025-03-22,00:30,3417.4
2025-03-22,00:45,3806.6
2025-03-22,01:00,3693.2
2025-03-22,01:15,3140.2
2025-03-22,01:30,3682
2025-03-22,01:45,3697.4
2025-03-22,02:00,2913.4
2025-03-22,02:15,3557.4
2025-03-22,02:30,3731
2025-03-22,02:45,2564.8
2025-03-22,03:00,3400.6
2025-03-22,03:15,3757.6
2025-03-22,03:30,3593.8
2025-03-22,03:45,3147.2
2025-03-22,04:00,3693.2
2025-03-22,04:15,3680.6
2025-03-22,04:30,2898
2025-03-22,04:45,3550.4
2025-03-22,05:00,3651.2
2025-03-22,05:15,2742.6
2025-03-22,05:30,3330.6
2025-03-22,05:45,3777.2
2025-03-22,06:00,3698.8
2025-03-22,06:15,3109.4
2025-03-22,06:30,3630.2
2025-03-22,06:45,3665.2
2025-03-22,07:00,2879.8
2025-03-22,07:15,3525.2
2025-03-22,07:30,3753.4
2025-03-22,07:45,2633.4
2025-03-22,08:00,3455.2
2025-03-22,08:15,4159.4
2025-03-22,08:30,4041.8
2025-03-22,08:45,3514
2025-03-22,09:00,4088
2025-03-22,09:15,4011
2025-03-22,09:30,3204.6
2025-03-22,09:45,3820.6
2025-03-22,10:00,3990
2025-03-22,10:15,3075.8
2025-03-22,10:30,3691.8
2025-03-22,10:45,4078.2
2025-03-22,11:00,3901.8
2025-03-22,11:15,3474.8
2025-03-22,11:30,4496.8
2025-03-22,11:45,4524.8
2025-03-22,12:00,3736.6
2025-03-22,12:15,4377.8
2025-03-22,12:30,4515
2025-03-22,12:45,3315.2
2025-03-22,13:00,4144
2025-03-22,13:15,4517.8
2025-03-22,13:30,4426.8
2025-03-22,13:45,3921.4
2025-03-22,14:00,4445
2025-03-22,14:15,4202.8
2025-03-22,14:30,3448.2
2025-03-22,14:45,4118.8
2025-03-22,15:00,3032.4
2025-03-22,15:15,3162.6
2025-03-22,15:30,4243.4
2025-03-22,15:45,4571
2025-03-22,16:00,4289.6
2025-03-22,16:15,3995.6
2025-03-22,16:30,4250.4
2025-03-22,16:45,4232.2
2025-03-22,17:00,3383.8
2025-03-22,17:15,4004
2025-03-22,17:30,4135.6
2025-03-22,17:45,2963.8
2025-03-22,18:00,3703
2025-03-22,18:15,3600.8
2025-03-22,18:30,3432.8
2025-03-22,18:45,3143
2025-03-22,19:00,3565.8
2025-03-22,19:15,3551.8
2025-03-22,19:30,2878.4
2025-03-22,19:45,3518.2
2025-03-22,20:00,3676.4
2025-03-22,20:15,2525.6
2025-03-22,20:30,3333.4
2025-03-22,20:45,3764.6
2025-03-22,21:00,3508.4
2025-03-22,21:15,3189.2
2025-03-22,21:30,3712.8
2025-03-22,21:45,3704.4
2025-03-22,22:00,2962.4
2025-03-22,22:15,3612
2025-03-22,22:30,3754.8
2025-03-22,22:45,2499
2025-03-22,23:00,3312.4
2025-03-22,23:15,3691.8
2025-03-22,23:30,3297
2025-03-22,23:45,3213
2025-03-23,00:00,3630.2
2025-03-23,00:15,3619
2025-03-23,00:30,2853.2
2025-03-23,00:45,3481.8
2025-03-23,01:00,3607.8
2025-03-23,01:15,2443
2025-03-23,01:30,3295.6
2025-03-23,01:45,3644.2
2025-03-23,02:00,3396.4
2025-03-23,02:15,3052
2025-03-23,02:30,3626
2025-03-23,02:45,3666.6
2025-03-23,03:00,2935.8
2025-03-23,03:15,3582.6
2025-03-23,03:30,3628.8
2025-03-23,03:45,2602.6
2025-03-23,04:00,3360
2025-03-23,04:15,3662.4
2025-03-23,04:30,3262
2025-03-23,04:45,3074.4
2025-03-23,05:00,3613.4
2025-03-23,05:15,3598
2025-03-23,05:30,2863
2025-03-23,05:45,3483.2
2025-03-23,06:00,3537.8
2025-03-23,06:15,2403.8
2025-03-23,06:30,3414.6
2025-03-23,06:45,3676.4
2025-03-23,07:00,3292.8
2025-03-23,07:15,3222.8
2025-03-23,07:30,3546.2
2025-03-23,07:45,3544.8
2025-03-23,08:00,3315.2
2025-03-23,08:15,3820.6
2025-03-23,08:30,3938.2
2025-03-23,08:45,2888.2
2025-03-23,09:00,3642.8
2025-03-23,09:15,3928.4
2025-03-23,09:30,3547.6
2025-03-23,09:45,3388
2025-03-23,10:00,3872.4
2025-03-23,10:15,3864
2025-03-23,10:30,3141.6
2025-03-23,10:45,3812.2
2025-03-23,11:00,3913
2025-03-23,11:15,2791.6
2025-03-23,11:30,3658.2
2025-03-23,11:45,3925.6
2025-03-23,12:00,3502.8
2025-03-23,12:15,3390.8
2025-03-23,12:30,3844.4
2025-03-23,12:45,3822
2025-03-23,13:00,3140.2
2025-03-23,13:15,3732.4
2025-03-23,13:30,3826.2
2025-03-23,13:45,2833.6
2025-03-23,14:00,3599.4
2025-03-23,14:15,3921.4
2025-03-23,14:30,3547.6
2025-03-23,14:45,3319.4
2025-03-23,15:00,3864
2025-03-23,15:15,3869.6
2025-03-23,15:30,3137.4
2025-03-23,15:45,3830.4
2025-03-23,16:00,3936.8
2025-03-23,16:15,2786
2025-03-23,16:30,3425.8
2025-03-23,16:45,3711.4
2025-03-23,17:00,3253.6
2025-03-23,17:15,3172.4
2025-03-23,17:30,3710
2025-03-23,17:45,3677.8
2025-03-23,18:00,2986.2
2025-03-23,18:15,3595.2
2025-03-23,18:30,3686.2
2025-03-23,18:45,2661.4
2025-03-23,19:00,3448.2
2025-03-23,19:15,3789.8
2025-03-23,19:30,3434.2
2025-03-23,19:45,3322.2
2025-03-23,20:00,3759
2025-03-23,20:15,3735.2
2025-03-23,20:30,3057.6
2025-03-23,20:45,3661
2025-03-23,21:00,3754.8
2025-03-23,21:15,2681
2025-03-23,21:30,3472
2025-03-23,21:45,3801
2025-03-23,22:00,3418.8
2025-03-23,22:15,3267.6
2025-03-23,22:30,3764.6
2025-03-23,22:45,3745
2025-03-23,23:00,3026.8
2025-03-23,23:15,3619
2025-03-23,23:30,3743.6
2025-03-23,23:45,2767.8
2025-03-24,00:00,3463.6
2025-03-24,00:15,3812.2
2025-03-24,00:30,3341.8
2025-03-24,00:45,3257.8
2025-03-24,01:00,3733.8
2025-03-24,01:15,3687.6
2025-03-24,01:30,3007.2
2025-03-24,01:45,3614.8
2025-03-24,02:00,3710
2025-03-24,02:15,2655.8
2025-03-24,02:30,3452.4
2025-03-24,02:45,3767.4
2025-03-24,03:00,3348.8
2025-03-24,03:15,3231.2
2025-03-24,03:30,3719.8
2025-03-24,03:45,3726.8
2025-03-24,04:00,3043.6
2025-03-24,04:15,3641.4
2025-03-24,04:30,3647
2025-03-24,04:45,2780.4
2025-03-24,05:00,3479
2025-03-24,05:15,3754.8
2025-03-24,05:30,3311
2025-03-24,05:45,3228.4
2025-03-24,06:00,3717
2025-03-24,06:15,3684.8
2025-03-24,06:30,3014.2
2025-03-24,06:45,3647
2025-03-24,07:00,3728.2
2025-03-24,07:15,2699.2
2025-03-24,07:30,3474.8
2025-03-24,07:45,3875.2
2025-03-24,08:00,3665.2
2025-03-24,08:15,3619
2025-03-24,08:30,4089.4
2025-03-24,08:45,4025
2025-03-24,09:00,3402
2025-03-24,09:15,3955
2025-03-24,09:30,4013.8
2025-03-24,09:45,3091.2
2025-03-24,10:00,3773
2025-03-24,10:15,4044.6
2025-03-24,10:30,3633
2025-03-24,10:45,3522.4
2025-03-24,11:00,3974.6
2025-03-24,11:15,3924.2
2025-03-24,11:30,3248
2025-03-24,11:45,3852.8
2025-03-24,12:00,3925.6
2025-03-24,12:15,2998.8
2025-03-24,12:30,3733.8
2025-03-24,12:45,3962
2025-03-24,13:00,3528
2025-03-24,13:15,3990
2025-03-24,13:30,4229.4
2025-03-24,13:45,4291
2025-03-24,14:00,3607.8
2025-03-24,14:15,4382
2025-03-24,14:30,4481.4
2025-03-24,14:45,3528
2025-03-24,15:00,4219.6
2025-03-24,15:15,4337.2
2025-03-24,15:30,4142.6
2025-03-24,15:45,3843
2025-03-24,16:00,4499.6
2025-03-24,16:15,4477.2
2025-03-24,16:30,3697.4
2025-03-24,16:45,4123
2025-03-24,17:00,4174.8
2025-03-24,17:15,3182.2
2025-03-24,17:30,3935.4
2025-03-24,17:45,4207
2025-03-24,18:00,3788.4
2025-03-24,18:15,3735.2
2025-03-24,18:30,4219.6
2025-03-24,18:45,4207
2025-03-24,19:00,3549
2025-03-24,19:15,4099.2
2025-03-24,19:30,4247.6
2025-03-24,19:45,3248
2025-03-24,20:00,3953.6
2025-03-24,20:15,4312
2025-03-24,20:30,3838.8
2025-03-24,20:45,3764.6
2025-03-24,21:00,4214
2025-03-24,21:15,4183.2
2025-03-24,21:30,3535
2025-03-24,21:45,4146.8
2025-03-24,22:00,4228
2025-03-24,22:15,3169.6
2025-03-24,22:30,3960.6
2025-03-24,22:45,4246.2
2025-03-24,23:00,3868.2
2025-03-24,23:15,3722.6
2025-03-24,23:30,4176.2
2025-03-24,23:45,3726.8
2025-03-25,00:00,3003
2025-03-25,00:15,3600.8
2025-03-25,00:30,3696
2025-03-25,00:45,2714.6
2025-03-25,01:00,3444
2025-03-25,01:15,3739.4
2025-03-25,01:30,3332
2025-03-25,01:45,3236.8
2025-03-25,02:00,3724
2025-03-25,02:15,3675
2025-03-25,02:30,2973.6
2025-03-25,02:45,3599.4
2025-03-25,03:00,3691.8
2025-03-25,03:15,2644.6
2025-03-25,03:30,3438.4
2025-03-25,03:45,3732.4
2025-03-25,04:00,3319.4
2025-03-25,04:15,3227
2025-03-25,04:30,3703
2025-03-25,04:45,3662.4
2025-03-25,05:00,2958.2
2025-03-25,05:15,3560.2
2025-03-25,05:30,3654
2025-03-25,05:45,2714.6
2025-03-25,06:00,3442.6
2025-03-25,06:15,3753.4
2025-03-25,06:30,3332
2025-03-25,06:45,3264.8
2025-03-25,07:00,3724
2025-03-25,07:15,3712.8
2025-03-25,07:30,3018.4
2025-03-25,07:45,3826.2
2025-03-25,08:00,4082.4
2025-03-25,08:15,2952.6
2025-03-25,08:30,3774.4
2025-03-25,08:45,4116
2025-03-25,09:00,4242
2025-03-25,09:15,4166.4
2025-03-25,09:30,4653.6
2025-03-25,09:45,4666.2
2025-03-25,10:00,4040.4
2025-03-25,10:15,4589.2
2025-03-25,10:30,4667.6
2025-03-25,10:45,3672.2
2025-03-25,11:00,4344.2
2025-03-25,11:15,4695.6
2025-03-25,11:30,4296.6
2025-03-25,11:45,4069.8
2025-03-25,12:00,4510.8
2025-03-25,12:15,4515
2025-03-25,12:30,3641.4
2025-03-25,12:45,4260.2
2025-03-25,13:00,4333
2025-03-25,13:15,3368.4
2025-03-25,13:30,4110.4
2025-03-25,13:45,4387.6
2025-03-25,14:00,3992.8
2025-03-25,14:15,3908.8
2025-03-25,14:30,4359.6
2025-03-25,14:45,4348.4
2025-03-25,15:00,3708.6
2025-03-25,15:15,4334.4
2025-03-25,15:30,4380.6
2025-03-25,15:45,3413.2
2025-03-25,16:00,4114.6
2025-03-25,16:15,4429.6
2025-03-25,16:30,3949.4
2025-03-25,16:45,3864
2025-03-25,17:00,4428.2
2025-03-25,17:15,4349.8
2025-03-25,17:30,3752
2025-03-25,17:45,4323.2
2025-03-25,18:00,4390.4
2025-03-25,18:15,3448.2
2025-03-25,18:30,4200
2025-03-25,18:45,4438
2025-03-25,19:00,4058.6
2025-03-25,19:15,3970.4
2025-03-25,19:30,4461.8
2025-03-25,19:45,4515
2025-03-25,20:00,3957.8
2025-03-25,20:15,4541.6
2025-03-25,20:30,4601.8
2025-03-25,20:45,3596.6
2025-03-25,21:00,4326
2025-03-25,21:15,4569.6
2025-03-25,21:30,4156.6
2025-03-25,21:45,4113.2
2025-03-25,22:00,4550
2025-03-25,22:15,4524.8
2025-03-25,22:30,3913
2025-03-25,22:45,4509.4
2025-03-25,23:00,4538.8
2025-03-25,23:15,3544.8
2025-03-25,23:30,4272.8
2025-03-25,23:45,4593.4
2025-03-26,00:00,4195.8
2025-03-26,00:15,4089.4
2025-03-26,00:30,4506.6
2025-03-26,00:45,4487
2025-03-26,01:00,3841.6
2025-03-26,01:15,4466
2025-03-26,01:30,4512.2
2025-03-26,01:45,3584
2025-03-26,02:00,4299.4
2025-03-26,02:15,4561.2
2025-03-26,02:30,4174.8
2025-03-26,02:45,4088
2025-03-26,03:00,4519.2
2025-03-26,03:15,4510.8
2025-03-26,03:30,3845.8
2025-03-26,03:45,4445
2025-03-26,04:00,4516.4
2025-03-26,04:15,3515.4
2025-03-26,04:30,4264.4
2025-03-26,04:45,4435.2
2025-03-26,05:00,4160.8
2025-03-26,05:15,4072.6
2025-03-26,05:30,4544.4
2025-03-26,05:45,4498.2
2025-03-26,06:00,3784.2
2025-03-26,06:15,4445
2025-03-26,06:30,4509.4
2025-03-26,06:45,3599.4
2025-03-26,07:00,4295.2
2025-03-26,07:15,4575.2
2025-03-26,07:30,3997
2025-03-26,07:45,3925.6
2025-03-26,08:00,4414.2
2025-03-26,08:15,4537.4
2025-03-26,08:30,3866.8
2025-03-26,08:45,4631.2
2025-03-26,09:00,4699.8
2025-03-26,09:15,3708.6
2025-03-26,09:30,4501
2025-03-26,09:45,4722.2
2025-03-26,10:00,4303.6
2025-03-26,10:15,4242
2025-03-26,10:30,4660.6
2025-03-26,10:45,4614.4
2025-03-26,11:00,4019.4
2025-03-26,11:15,4576.6
2025-03-26,11:30,4648
2025-03-26,11:45,3733.8
2025-03-26,12:00,4379.2
2025-03-26,12:15,4643.8
2025-03-26,12:30,4233.6
2025-03-26,12:45,4158
2025-03-26,13:00,4620
2025-03-26,13:15,4606
2025-03-26,13:30,3955
2025-03-26,13:45,4575.2
2025-03-26,14:00,4613
2025-03-26,14:15,3763.2
2025-03-26,14:30,4428.2
2025-03-26,14:45,4664.8
2025-03-26,15:00,4285.4
2025-03-26,15:15,4272.8
2025-03-26,15:30,4687.2
2025-03-26,15:45,4634
2025-03-26,16:00,4011
2025-03-26,16:15,4344.2
2025-03-26,16:30,4477.2
2025-03-26,16:45,3521
2025-03-26,17:00,4230.8
2025-03-26,17:15,4499.6
2025-03-26,17:30,3994.2
2025-03-26,17:45,3491.6
2025-03-26,18:00,3932.6
2025-03-26,18:15,3875.2
2025-03-26,18:30,3287.2
2025-03-26,18:45,3833.2
2025-03-26,19:00,3854.2
2025-03-26,19:15,3014.2
2025-03-26,19:30,3733.8
2025-03-26,19:45,3960.6
2025-03-26,20:00,3521
2025-03-26,20:15,3500
2025-03-26,20:30,3935.4
2025-03-26,20:45,3893.4
2025-03-26,21:00,3703
2025-03-26,21:15,4282.6
2025-03-26,21:30,4337.2
2025-03-26,21:45,3514
2025-03-26,22:00,4187.4
2025-03-26,22:15,4387.6
2025-03-26,22:30,3936.8
2025-03-26,22:45,3862.6
2025-03-26,23:00,4309.2
2025-03-26,23:15,4216.8
2025-03-26,23:30,3627.4
2025-03-26,23:45,4237.8
2025-03-27,00:00,4237.8
2025-03-27,00:15,3329.2
2025-03-27,00:30,4041.8
2025-03-27,00:45,4257.4
2025-03-27,01:00,3820.6
2025-03-27,01:15,3773
2025-03-27,01:30,4208.4
2025-03-27,01:45,4173.4
2025-03-27,02:00,3579.8
2025-03-27,02:15,4141.2
2025-03-27,02:30,4180.4
2025-03-27,02:45,3329.2
2025-03-27,03:00,4001.2
2025-03-27,03:15,4233.6
2025-03-27,03:30,3775.8
2025-03-27,03:45,3794
2025-03-27,04:00,4244.8
2025-03-27,04:15,4165
2025-03-27,04:30,3462.2
2025-03-27,04:45,4145.4
2025-03-27,05:00,4194.4
2025-03-27,05:15,3259.2
2025-03-27,05:30,3976
2025-03-27,05:45,3855.6
2025-03-27,06:00,3376.8
2025-03-27,06:15,3403.4
2025-03-27,06:30,3805.2
2025-03-27,06:45,3773
2025-03-27,07:00,3171
2025-03-27,07:15,3757.6
2025-03-27,07:30,3791.2
2025-03-27,07:45,2931.6
2025-03-27,08:00,3634.4
2025-03-27,08:15,3901.8
2025-03-27,08:30,3483.2
2025-03-27,08:45,3459.4
2025-03-27,09:00,4137
2025-03-27,09:15,4083.8
2025-03-27,09:30,4956
2025-03-27,09:45,5440.4
2025-03-27,10:00,5486.6
2025-03-27,10:15,4271.4
2025-03-27,10:30,3957.8
2025-03-27,10:45,3752
2025-03-27,11:00,3396.4
2025-03-27,11:15,3098.2
2025-03-27,11:30,3696
2025-03-27,11:45,4128.6
2025-03-27,12:00,4197.2
2025-03-27,12:15,4221
2025-03-27,12:30,4221
2025-03-27,12:45,4149.6
2025-03-27,13:00,4058.6
2025-03-27,13:15,3932.6
2025-03-27,13:30,3799.6
2025-03-27,13:45,3424.4
2025-03-27,14:00,3411.8
2025-03-27,14:15,3087
2025-03-27,14:30,2867.2
2025-03-27,14:45,3442.6
2025-03-27,15:00,3761.8
2025-03-27,15:15,3854.2
2025-03-27,15:30,3924.2
2025-03-27,15:45,3942.4
2025-03-27,16:00,3861.2
2025-03-27,16:15,3803.8
2025-03-27,16:30,3672.2
2025-03-27,16:45,3435.6
2025-03-27,17:00,3252.2
2025-03-27,17:15,3068.8
2025-03-27,17:30,2930.2
2025-03-27,17:45,2538.2
2025-03-27,18:00,3290
2025-03-27,18:15,3717
2025-03-27,18:30,3820.6
2025-03-27,18:45,3908.8
2025-03-27,19:00,3890.6
2025-03-27,19:15,3829
2025-03-27,19:30,3746.4
2025-03-27,19:45,3656.8
2025-03-27,20:00,3481.8
2025-03-27,20:15,3330.6
2025-03-27,20:30,3130.4
2025-03-27,20:45,2924.6
2025-03-27,21:00,2709
2025-03-27,21:15,3480.4
2025-03-27,21:30,3875.2
2025-03-27,21:45,3907.4
2025-03-27,22:00,3935.4
2025-03-27,22:15,3900.4
2025-03-27,22:30,3861.2
2025-03-27,22:45,3738
2025-03-27,23:00,3645.6
2025-03-27,23:15,3458
2025-03-27,23:30,3336.2
2025-03-27,23:45,3137.4
2025-03-28,00:00,2958.2
2025-03-28,00:15,2619.4
2025-03-28,00:30,3432.8
2025-03-28,00:45,3812.2
2025-03-28,01:00,3876.6
2025-03-28,01:15,3934
2025-03-28,01:30,3854.2
2025-03-28,01:45,3809.4
2025-03-28,02:00,3680.6
2025-03-28,02:15,3547.6
2025-03-28,02:30,3434.2
2025-03-28,02:45,3269
2025-03-28,03:00,3115
2025-03-28,03:15,2905
2025-03-28,03:30,2704.8
2025-03-28,03:45,3539.2
2025-03-28,04:00,3850
2025-03-28,04:15,3910.2
2025-03-28,04:30,3868.2
2025-03-28,04:45,3868.2
2025-03-28,05:00,3785.6
2025-03-28,05:15,3662.4
2025-03-28,05:30,3476.2
2025-03-28,05:45,3402
2025-03-28,06:00,3231.2
2025-03-28,06:15,3039.4
2025-03-28,06:30,2769.2
2025-03-28,06:45,2797.2
2025-03-28,07:00,3557.4
2025-03-28,07:15,3770.2
2025-03-28,07:30,3878
2025-03-28,07:45,3936.8
2025-03-28,08:00,3914.4
2025-03-28,08:15,3976
2025-03-28,08:30,4020.8
2025-03-28,08:45,3855.6
2025-03-28,09:00,3682
2025-03-28,09:15,3490.2
2025-03-28,09:30,3330.6
2025-03-28,09:45,3081.4
2025-03-28,10:00,3602.2
2025-03-28,10:15,4053
2025-03-28,10:30,4146.8
2025-03-28,10:45,4145.4
2025-03-28,11:00,4202.8
2025-03-28,11:15,4137
2025-03-28,11:30,4082.4
2025-03-28,11:45,3938.2
2025-03-28,12:00,3736.6
2025-03-28,12:15,3592.4
2025-03-28,12:30,3427.2
2025-03-28,12:45,3243.8
2025-03-28,13:00,3008.6
2025-03-28,13:15,3528
2025-03-28,13:30,4016.6
2025-03-28,13:45,4053
2025-03-28,14:00,4104.8
2025-03-28,14:15,4114.6
2025-03-28,14:30,3955
2025-03-28,14:45,3850
2025-03-28,15:00,3745
2025-03-28,15:15,3641.4
2025-03-28,15:30,3490.2
2025-03-28,15:45,3278.8
2025-03-28,16:00,3085.6
2025-03-28,16:15,2797.2
2025-03-28,16:30,3341.8
2025-03-28,16:45,3789.8
2025-03-28,17:00,3806.6
2025-03-28,17:15,3820.6
2025-03-28,17:30,3781.4
2025-03-28,17:45,3725.4
2025-03-28,18:00,3659.6
2025-03-28,18:15,3528
2025-03-28,18:30,3407.6
2025-03-28,18:45,3227
2025-03-28,19:00,3106.6
2025-03-28,19:15,2900.8
2025-03-28,19:30,2706.2
2025-03-28,19:45,3320.8
2025-03-28,20:00,3749.2
2025-03-28,20:15,3810.8
2025-03-28,20:30,3858.4
2025-03-28,20:45,3882.2
2025-03-28,21:00,3780
2025-03-28,21:15,3700.2
2025-03-28,21:30,3574.2
2025-03-28,21:45,3425.8
2025-03-28,22:00,3032.4
2025-03-28,22:15,2865.8
2025-03-28,22:30,3096.8
2025-03-28,22:45,2816.8
2025-03-28,23:00,3549
2025-03-28,23:15,4016.6
2025-03-28,23:30,3977.4
2025-03-28,23:45,4040.4
2025-03-29,00:00,4058.6
2025-03-29,00:15,3998.4
2025-03-29,00:30,3900.4
2025-03-29,00:45,3774.4
2025-03-29,01:00,3589.6
2025-03-29,01:15,3439.8
2025-03-29,01:30,3238.2
2025-03-29,01:45,3039.4
2025-03-29,02:00,2707.6
2025-03-29,02:15,3511.2
2025-03-29,02:30,3862.6
2025-03-29,02:45,3925.6
2025-03-29,03:00,3967.6
2025-03-29,03:15,3969
2025-03-29,03:30,3894.8
2025-03-29,03:45,3815
2025-03-29,04:00,3648.4
2025-03-29,04:15,3529.4
2025-03-29,04:30,3347.4
2025-03-29,04:45,3112.2
2025-03-29,05:00,2891
2025-03-29,05:15,2660
2025-03-29,05:30,3400.6
2025-03-29,05:45,3866.8
2025-03-29,06:00,3880.8
2025-03-29,06:15,3942.4
2025-03-29,06:30,3913
2025-03-29,06:45,3494.4
2025-03-29,07:00,3404.8
2025-03-29,07:15,3245.2
2025-03-29,07:30,3158.4
2025-03-29,07:45,3014.2
2025-03-29,08:00,2835
2025-03-29,08:15,2821
2025-03-29,08:30,2839.2
2025-03-29,08:45,3600.8
2025-03-29,09:00,3900.4
2025-03-29,09:15,3936.8
2025-03-29,09:30,3967.6
2025-03-29,09:45,3932.6
2025-03-29,10:00,3810.8
2025-03-29,10:15,3677.8
2025-03-29,10:30,3602.2
2025-03-29,10:45,3473.4
2025-03-29,11:00,3333.4
2025-03-29,11:15,3175.2
2025-03-29,11:30,2872.8
2025-03-29,11:45,2787.4
2025-03-29,12:00,3494.4
2025-03-29,12:15,3922.8
2025-03-29,12:30,3903.2
2025-03-29,12:45,3999.8
2025-03-29,13:00,4137
2025-03-29,13:15,4065.6
2025-03-29,13:30,3969
2025-03-29,13:45,3841.6
2025-03-29,14:00,3654
2025-03-29,14:15,3484.6
2025-03-29,14:30,3348.8
2025-03-29,14:45,3120.6
2025-03-29,15:00,3599.4
2025-03-29,15:15,3904.6
2025-03-29,15:30,3955
2025-03-29,15:45,4002.6
2025-03-29,16:00,4037.6
2025-03-29,16:15,3997
2025-03-29,16:30,3927
2025-03-29,16:45,3795.4
2025-03-29,17:00,3612
2025-03-29,17:15,3500
2025-03-29,17:30,3207.4
2025-03-29,17:45,3054.8
2025-03-29,18:00,2822.4
2025-03-29,18:15,3360
2025-03-29,18:30,3858.4
2025-03-29,18:45,3953.6
2025-03-29,19:00,3998.4
2025-03-29,19:15,4005.4
2025-03-29,19:30,4032
2025-03-29,19:45,3950.8
2025-03-29,20:00,3824.8
2025-03-29,20:15,3631.6
2025-03-29,20:30,3465
2025-03-29,20:45,3795.4
2025-03-29,21:00,3666.6
2025-03-29,21:15,3413.2
2025-03-29,21:30,3939.6
2025-03-29,21:45,4460.4
2025-03-29,22:00,4541.6
2025-03-29,22:15,4579.4
2025-03-29,22:30,4568.2
2025-03-29,22:45,4474.4
2025-03-29,23:00,4383.4
2025-03-29,23:15,4263
2025-03-29,23:30,4113.2
2025-03-29,23:45,3887.8
2025-03-30,00:00,3722.6
2025-03-30,00:15,3512.6
2025-03-30,00:30,3278.8
2025-03-30,00:45,3809.4
2025-03-30,01:00,4270
2025-03-30,01:15,4302.2
2025-03-30,01:30,4307.8
2025-03-30,01:45,4344.2
2025-03-30,02:00,4258.8
2025-03-30,02:15,4131.4
2025-03-30,02:30,4053
2025-03-30,02:45,3903.2
2025-03-30,03:00,3663.8
2025-03-30,03:15,3481.8
2025-03-30,03:30,3353
2025-03-30,03:45,3127.6
2025-03-30,04:00,3655.4
2025-03-30,04:15,4223.8
2025-03-30,04:30,4279.8
2025-03-30,04:45,3711.4
2025-03-30,05:00,3816.4
2025-03-30,05:15,3645.6
2025-03-30,05:30,3563
2025-03-30,05:45,3483.2
2025-03-30,06:00,3347.4
2025-03-30,06:15,3164
2025-03-30,06:30,2927.4
2025-03-30,06:45,2760.8
2025-03-30,07:00,2531.2
2025-03-30,07:15,3253.6
2025-03-30,07:30,3789.8
2025-03-30,07:45,3880.8
2025-03-30,08:00,4109
2025-03-30,08:15,4114.6
2025-03-30,08:30,4058.6
2025-03-30,08:45,3963.4
2025-03-30,09:00,3858.4
2025-03-30,09:15,3669.4
2025-03-30,09:30,3458
2025-03-30,09:45,3299.8
2025-03-30,10:00,3119.2
2025-03-30,10:15,2786
2025-03-30,10:30,3494.4
2025-03-30,10:45,3900.4
2025-03-30,11:00,3964.8
2025-03-30,11:15,4019.4
2025-03-30,11:30,3967.6
2025-03-30,11:45,3936.8
2025-03-30,12:00,3827.6
2025-03-30,12:15,3683.4
2025-03-30,12:30,3568.6
2025-03-30,12:45,3393.6
2025-03-30,13:00,3180.8
2025-03-30,13:15,2808.4
2025-03-30,13:30,2511.6
2025-03-30,13:45,3285.8
2025-03-30,14:00,3712.8
2025-03-30,14:15,3728.2
2025-03-30,14:30,3771.6
2025-03-30,14:45,3763.2
2025-03-30,15:00,3724
2025-03-30,15:15,3572.8
2025-03-30,15:30,3383.8
2025-03-30,15:45,3253.6
2025-03-30,16:00,3194.8
2025-03-30,16:15,3031
2025-03-30,16:30,2825.2
2025-03-30,16:45,2501.8
2025-03-30,17:00,3278.8
2025-03-30,17:15,3613.4
2025-03-30,17:30,3682
2025-03-30,17:45,3704.4
2025-03-30,18:00,3690.4
2025-03-30,18:15,3579.8
2025-03-30,18:30,3483.2
2025-03-30,18:45,3393.6
2025-03-30,19:00,3232.6
2025-03-30,19:15,3059
2025-03-30,19:30,2916.2
2025-03-30,19:45,2692.2
2025-03-30,20:00,3148.6
2025-03-30,20:15,3390.8
2025-03-30,20:30,3767.4
2025-03-30,20:45,3759
2025-03-30,21:00,3837.4
2025-03-30,21:15,3844.4
2025-03-30,21:30,3736.6
2025-03-30,21:45,3575.6
2025-03-30,22:00,3416
2025-03-30,22:15,3255
2025-03-30,22:30,3133.2
2025-03-30,22:45,2945.6
2025-03-30,23:00,2699.2
2025-03-30,23:15,3192
2025-03-30,23:30,3728.2
2025-03-30,23:45,3763.2
2025-03-31,00:00,3819.2
2025-03-31,00:15,3858.4
2025-03-31,00:30,3801
2025-03-31,00:45,3708.6
2025-03-31,01:00,3553.2
2025-03-31,01:15,3397.8
2025-03-31,01:30,3298.4
2025-03-31,01:45,3081.4
2025-03-31,02:00,2854.6
2025-03-31,02:15,2574.6
2025-03-31,02:30,3173.8
2025-03-31,02:45,3637.2
2025-03-31,03:00,3703
2025-03-31,03:15,3693.2
2025-03-31,03:30,3733.8
2025-03-31,03:45,3652.6
2025-03-31,04:00,3584
2025-03-31,04:15,3568.6
2025-03-31,04:30,3413.2
2025-03-31,04:45,3172.4
2025-03-31,05:00,2996
2025-03-31,05:15,2751
2025-03-31,05:30,2555
2025-03-31,05:45,3130.4
2025-03-31,06:00,3746.4
2025-03-31,06:15,3728.2
2025-03-31,06:30,3759
2025-03-31,06:45,3823.4
2025-03-31,07:00,3763.2
2025-03-31,07:15,3612
2025-03-31,07:30,3602.2
2025-03-31,07:45,3435.6
2025-03-31,08:00,3283
2025-03-31,08:15,3077.2
2025-03-31,08:30,2972.2
2025-03-31,08:45,2662.8
2025-03-31,09:00,3298.4
2025-03-31,09:15,4057.2
2025-03-31,09:30,4079.6
2025-03-31,09:45,4138.4
2025-03-31,10:00,4104.8
2025-03-31,10:15,4030.6
2025-03-31,10:30,3936.8
2025-03-31,10:45,3826.2
2025-03-31,11:00,3614.8
2025-03-31,11:15,3488.8
2025-03-31,11:30,3302.6
2025-03-31,11:45,3110.8
2025-03-31,12:00,2814
2025-03-31,12:15,3575.6
2025-03-31,12:30,4005.4
2025-03-31,12:45,4081
2025-03-31,13:00,4200
2025-03-31,13:15,4127.2
2025-03-31,13:30,4004
2025-03-31,13:45,3962
2025-03-31,14:00,3806.6
2025-03-31,14:15,3603.6
2025-03-31,14:30,3432.8
2025-03-31,14:45,3256.4
2025-03-31,15:00,3067.4
2025-03-31,15:15,2927.4
2025-03-31,15:30,3711.4
2025-03-31,15:45,3997
2025-03-31,16:00,4057.2
2025-03-31,16:15,4116
2025-03-31,16:30,4016.6
2025-03-31,16:45,3953.6
2025-03-31,17:00,3906
2025-03-31,17:15,3673.6
2025-03-31,17:30,3593.8
2025-03-31,17:45,3322.2
2025-03-31,18:00,3148.6
2025-03-31,18:15,2948.4
2025-03-31,18:30,3017
2025-03-31,18:45,3745
2025-03-31,19:00,3994.2
2025-03-31,19:15,4071.2
2025-03-31,19:30,4109
2025-03-31,19:45,4047.4
2025-03-31,20:00,3927
2025-03-31,20:15,3878
2025-03-31,20:30,3749.2
2025-03-31,20:45,3571.4
2025-03-31,21:00,3438.4
2025-03-31,21:15,3249.4
2025-03-31,21:30,2975
2025-03-31,21:45,3425.8
2025-03-31,22:00,3897.6
2025-03-31,22:15,3999.8
2025-03-31,22:30,4123
2025-03-31,22:45,4152.4
2025-03-31,23:00,4030.6
2025-03-31,23:15,3990
2025-03-31,23:30,3857
2025-03-31,23:45,3705.8
2025-04-01,00:00,3544.8
2025-04-01,00:15,3320.8
2025-04-01,00:30,3169.6
2025-04-01,00:45,2982
2025-04-01,01:00,3337.6
2025-04-01,01:15,3880.8
2025-04-01,01:30,3963.4
2025-04-01,01:45,4009.6
2025-04-01,02:00,4018
2025-04-01,02:15,3953.6
2025-04-01,02:30,3887.8
2025-04-01,02:45,3796.8
2025-04-01,03:00,3620.4
2025-04-01,03:15,3432.8
2025-04-01,03:30,3311
2025-04-01,03:45,3185
2025-04-01,04:00,2821
2025-04-01,04:15,3533.6
2025-04-01,04:30,3894.8
2025-04-01,04:45,3837.4
2025-04-01,05:00,4065.6
2025-04-01,05:15,4012.4
2025-04-01,05:30,3918.6
2025-04-01,05:45,3827.6
2025-04-01,06:00,3722.6
2025-04-01,06:15,3602.2
2025-04-01,06:30,3428.6
2025-04-01,06:45,3269
2025-04-01,07:00,3116.4
2025-04-01,07:15,2815.4
2025-04-01,07:30,3556
2025-04-01,07:45,4039
2025-04-01,08:00,4132.8
2025-04-01,08:15,4176.2
2025-04-01,08:30,4377.8
2025-04-01,08:45,4306.4
2025-04-01,09:00,4246.2
2025-04-01,09:15,4134.2
2025-04-01,09:30,3809.4
2025-04-01,09:45,3627.4
2025-04-01,10:00,3469.2
2025-04-01,10:15,3277.4
2025-04-01,10:30,2954
2025-04-01,10:45,3554.6
2025-04-01,11:00,3991.4
2025-04-01,11:15,4047.4
2025-04-01,11:30,4090.8
2025-04-01,11:45,4065.6
2025-04-01,12:00,4019.4
2025-04-01,12:15,3906
2025-04-01,12:30,3766
2025-04-01,12:45,3621.8
2025-04-01,13:00,3434.2
2025-04-01,13:15,3309.6
2025-04-01,13:30,3178
2025-04-01,13:45,2877
2025-04-01,14:00,3613.4
2025-04-01,14:15,4093.6
2025-04-01,14:30,4043.2
2025-04-01,14:45,3859.8
2025-04-01,15:00,3865.4
2025-04-01,15:15,3791.2
2025-04-01,15:30,3746.4
2025-04-01,15:45,3582.6
2025-04-01,16:00,3425.8
2025-04-01,16:15,3262
2025-04-01,16:30,3059
2025-04-01,16:45,2909.2
2025-04-01,17:00,2710.4
2025-04-01,17:15,3350.2
2025-04-01,17:30,3563
2025-04-01,17:45,3635.8
2025-04-01,18:00,3766
2025-04-01,18:15,3760.4
2025-04-01,18:30,3724
2025-04-01,18:45,3651.2
2025-04-01,19:00,3477.6
2025-04-01,19:15,3368.4
2025-04-01,19:30,3271.8
2025-04-01,19:45,3068.8
2025-04-01,20:00,2889.6
2025-04-01,20:15,2737
2025-04-01,20:30,3424.4
2025-04-01,20:45,3872.4
2025-04-01,21:00,3913
2025-04-01,21:15,3829
2025-04-01,21:30,3845.8
2025-04-01,21:45,4243.4
2025-04-01,22:00,4263
2025-04-01,22:15,4137
2025-04-01,22:30,3780
2025-04-01,22:45,3651.2
2025-04-01,23:00,3397.8
2025-04-01,23:15,3262
2025-04-01,23:30,3543.4
2025-04-01,23:45,4191.6
2025-04-02,00:00,4335.8
2025-04-02,00:15,4435.2
2025-04-02,00:30,4433.8
2025-04-02,00:45,4460.4
2025-04-02,01:00,4317.6
2025-04-02,01:15,4240.6
2025-04-02,01:30,4107.6
2025-04-02,01:45,3906
2025-04-02,02:00,3703
2025-04-02,02:15,3522.4
2025-04-02,02:30,3319.4
2025-04-02,02:45,3445.4
2025-04-02,03:00,4128.6
2025-04-02,03:15,4264.4
2025-04-02,03:30,4422.6
2025-04-02,03:45,4496.8
2025-04-02,04:00,4306.4
2025-04-02,04:15,4321.8
2025-04-02,04:30,4104.8
2025-04-02,04:45,3882.2
2025-04-02,05:00,3245.2
2025-04-02,05:15,3081.4
2025-04-02,05:30,2931.6
2025-04-02,05:45,2728.6
2025-04-02,06:00,2970.8
2025-04-02,06:15,3577
2025-04-02,06:30,3694.6
2025-04-02,06:45,3796.8
2025-04-02,07:00,3838.8
2025-04-02,07:15,3708.6
2025-04-02,07:30,3574.2
2025-04-02,07:45,3715.6
2025-04-02,08:00,3589.6
2025-04-02,08:15,3425.8
2025-04-02,08:30,3287.2
2025-04-02,08:45,3063.2
2025-04-02,09:00,2788.8
2025-04-02,09:15,3336.2
2025-04-02,09:30,3808
2025-04-02,09:45,3844.4
2025-04-02,10:00,3873.8
2025-04-02,10:15,3861.2
2025-04-02,10:30,3917.2
2025-04-02,10:45,3822
2025-04-02,11:00,3712.8
2025-04-02,11:15,3550.4
2025-04-02,11:30,3406.2
2025-04-02,11:45,3234
2025-04-02,12:00,3028.2
2025-04-02,12:15,2773.4
2025-04-02,12:30,3406.2
2025-04-02,12:45,3840.2
2025-04-02,13:00,3886.4
2025-04-02,13:15,3927
2025-04-02,13:30,3914.4
2025-04-02,13:45,3890.6
2025-04-02,14:00,3848.6
2025-04-02,14:15,3728.2
2025-04-02,14:30,3577
2025-04-02,14:45,3421.6
2025-04-02,15:00,3157
2025-04-02,15:15,3105.2
2025-04-02,15:30,2853.2
2025-04-02,15:45,3423
2025-04-02,16:00,3862.6
2025-04-02,16:15,3913
2025-04-02,16:30,3969
2025-04-02,16:45,3921.4
2025-04-02,17:00,3806.6
2025-04-02,17:15,3739.4
2025-04-02,17:30,3582.6
2025-04-02,17:45,3487.4
2025-04-02,18:00,3301.2
2025-04-02,18:15,3165.4
2025-04-02,18:30,2948.4
2025-04-02,18:45,2672.6
2025-04-02,19:00,3315.2
2025-04-02,19:15,3759
2025-04-02,19:30,3782.8
2025-04-02,19:45,3875.2
2025-04-02,20:00,3831.8
2025-04-02,20:15,3652.6
2025-04-02,20:30,3553.2
2025-04-02,20:45,3446.8
2025-04-02,21:00,3299.8
2025-04-02,21:15,3116.4
2025-04-02,21:30,3116.4
2025-04-02,21:45,2809.8
2025-04-02,22:00,2581.6
2025-04-02,22:15,3274.6
2025-04-02,22:30,3696
2025-04-02,22:45,3747.8
2025-04-02,23:00,3815
2025-04-02,23:15,3785.6
2025-04-02,23:30,3707.2
2025-04-02,23:45,3638.6
2025-04-03,00:00,3504.2
2025-04-03,00:15,3269
2025-04-03,00:30,3176.6
2025-04-03,00:45,2945.6
2025-04-03,01:00,2731.4
2025-04-03,01:15,2433.2
2025-04-03,01:30,3323.6
2025-04-03,01:45,3640
2025-04-03,02:00,3638.6
2025-04-03,02:15,3686.2
2025-04-03,02:30,3670.8
2025-04-03,02:45,3676.4
2025-04-03,03:00,3567.2
2025-04-03,03:15,3579.8
2025-04-03,03:30,3246.6
2025-04-03,03:45,3098.2
2025-04-03,04:00,3096.8
2025-04-03,04:15,2748.2
2025-04-03,04:30,2412.2
2025-04-03,04:45,3192
2025-04-03,05:00,3563
2025-04-03,05:15,3669.4
2025-04-03,05:30,3731
2025-04-03,05:45,3712.8
2025-04-03,06:00,3623.2
2025-04-03,06:15,3536.4
2025-04-03,06:30,3420.2
2025-04-03,06:45,3306.8
2025-04-03,07:00,3087
2025-04-03,07:15,2902.2
2025-04-03,07:30,2903.6
2025-04-03,07:45,2801.4
2025-04-03,08:00,3669.4
2025-04-03,08:15,3983
2025-04-03,08:30,4022.2
2025-04-03,08:45,4090.8
2025-04-03,09:00,4026.4
2025-04-03,09:15,3948
2025-04-03,09:30,3805.2
2025-04-03,09:45,3679.2
2025-04-03,10:00,3487.4
2025-04-03,10:15,3361.4
2025-04-03,10:30,3200.4
2025-04-03,10:45,2994.6
2025-04-03,11:00,2921.8
2025-04-03,11:15,3672.2
2025-04-03,11:30,3894.8
2025-04-03,11:45,3955
2025-04-03,12:00,3952.2
2025-04-03,12:15,3878
2025-04-03,12:30,3774.4
2025-04-03,12:45,3686.2
2025-04-03,13:00,3515.4
2025-04-03,13:15,3316.6
2025-04-03,13:30,3207.4
2025-04-03,13:45,3007.2
2025-04-03,14:00,2772
2025-04-03,14:15,2888.2
2025-04-03,14:30,3602.2
2025-04-03,14:45,3820.6
2025-04-03,15:00,3859.8
2025-04-03,15:15,3942.4
2025-04-03,15:30,3896.2
2025-04-03,15:45,3638.6
2025-04-03,16:00,3518.2
2025-04-03,16:15,3533.6
2025-04-03,16:30,3390.8
2025-04-03,16:45,3178
2025-04-03,17:00,3050.6
2025-04-03,17:15,2704.8
2025-04-03,17:30,3199
2025-04-03,17:45,3676.4
2025-04-03,18:00,3771.6
2025-04-03,18:15,3820.6
2025-04-03,18:30,3829
2025-04-03,18:45,3719.8
2025-04-03,19:00,3680.6
2025-04-03,19:15,3613.4
2025-04-03,19:30,3518.2
2025-04-03,19:45,3459.4
2025-04-03,20:00,3158.4
2025-04-03,20:15,3015.6
2025-04-03,20:30,2892.4
2025-04-03,20:45,3218.6
2025-04-03,21:00,3722.6
2025-04-03,21:15,3866.8
2025-04-03,21:30,3858.4
2025-04-03,21:45,3983
2025-04-03,22:00,3831.8
2025-04-03,22:15,3742.2
2025-04-03,22:30,3726.8
2025-04-03,22:45,3470.6
2025-04-03,23:00,3334.8
2025-04-03,23:15,3171
2025-04-03,23:30,2970.8
2025-04-03,23:45,2752.4
2025-04-04,00:00,3197.6
2025-04-04,00:15,3719.8
2025-04-04,00:30,3802.4
2025-04-04,00:45,3827.6
2025-04-04,01:00,3823.4
2025-04-04,01:15,3774.4
2025-04-04,01:30,3715.6
2025-04-04,01:45,3358.6
2025-04-04,02:00,3232.6
2025-04-04,02:15,3053.4
2025-04-04,02:30,2905
2025-04-04,02:45,2779
2025-04-04,03:00,2546.6
2025-04-04,03:15,3039.4
2025-04-04,03:30,3515.4
2025-04-04,03:45,3556
2025-04-04,04:00,3588.2
2025-04-04,04:15,3613.4
2025-04-04,04:30,3483.2
2025-04-04,04:45,3404.8
2025-04-04,05:00,3470.6
2025-04-04,05:15,3231.2
2025-04-04,05:30,3026.8
2025-04-04,05:45,2865.8
2025-04-04,06:00,2672.6
2025-04-04,06:15,2384.2
2025-04-04,06:30,3087
2025-04-04,06:45,3525.2
2025-04-04,07:00,3582.6
2025-04-04,07:15,3617.6
2025-04-04,07:30,3810.8
2025-04-04,07:45,3711.4
2025-04-04,08:00,3654
2025-04-04,08:15,3491.6
2025-04-04,08:30,3346
2025-04-04,08:45,3182.2
2025-04-04,09:00,3004.4
2025-04-04,09:15,2837.8
2025-04-04,09:30,2479.4
2025-04-04,09:45,3325
2025-04-04,10:00,3659.6
2025-04-04,10:15,3703
2025-04-04,10:30,3770.2
2025-04-04,10:45,3721.2
2025-04-04,11:00,3610.6
2025-04-04,11:15,3512.6
2025-04-04,11:30,3399.2
2025-04-04,11:45,3276
2025-04-04,12:00,3061.8
2025-04-04,12:15,2892.4
2025-04-04,12:30,2706.2
2025-04-04,12:45,2534
2025-04-04,13:00,3281.6
2025-04-04,13:15,3512.6
2025-04-04,13:30,3675
2025-04-04,13:45,3679.2
2025-04-04,14:00,3648.4
2025-04-04,14:15,3508.4
2025-04-04,14:30,3430
2025-04-04,14:45,3319.4
2025-04-04,15:00,3178
2025-04-04,15:15,3031
2025-04-04,15:30,2879.8
2025-04-04,15:45,2665.6
2025-04-04,16:00,2361.8
2025-04-04,16:15,3148.6
2025-04-04,16:30,3459.4
2025-04-04,16:45,3549
2025-04-04,17:00,3418.8
2025-04-04,17:15,3578.4
2025-04-04,17:30,3505.6
2025-04-04,17:45,3402
2025-04-04,18:00,3252.2
2025-04-04,18:15,3159.8
2025-04-04,18:30,3017
2025-04-04,18:45,2836.4
2025-04-04,19:00,2678.2
2025-04-04,19:15,2504.6
2025-04-04,19:30,3287.2
2025-04-04,19:45,3609.2
2025-04-04,20:00,3623.2
2025-04-04,20:15,3635.8
2025-04-04,20:30,3565.8
2025-04-04,20:45,3670.8
2025-04-04,21:00,3554.6
2025-04-04,21:15,3305.4
2025-04-04,21:30,3288.6
2025-04-04,21:45,3000.2
2025-04-04,22:00,2930.2
2025-04-04,22:15,2611
2025-04-04,22:30,3148.6
2025-04-04,22:45,3430
2025-04-04,23:00,3411.8
2025-04-04,23:15,3459.4
2025-04-04,23:30,3528
2025-04-04,23:45,3479
2025-04-05,00:00,3497.2
2025-04-05,00:15,3556
2025-04-05,00:30,3277.4
2025-04-05,00:45,3099.6
2025-04-05,01:00,2963.8
2025-04-05,01:15,2779
2025-04-05,01:30,2564.8
2025-04-05,01:45,3123.4
2025-04-05,02:00,3565.8
2025-04-05,02:15,3612
2025-04-05,02:30,3651.2
2025-04-05,02:45,3694.6
2025-04-05,03:00,3605
2025-04-05,03:15,3684.8
2025-04-05,03:30,3421.6
2025-04-05,03:45,3320.8
2025-04-05,04:00,3171
2025-04-05,04:15,3018.4
2025-04-05,04:30,2804.2
2025-04-05,04:45,2595.6
2025-04-05,05:00,3168.2
2025-04-05,05:15,3593.8
2025-04-05,05:30,3616.2
2025-04-05,05:45,3724
2025-04-05,06:00,3683.4
2025-04-05,06:15,3736.6
2025-04-05,06:30,3509.8
2025-04-05,06:45,3407.6
2025-04-05,07:00,3281.6
2025-04-05,07:15,3129
2025-04-05,07:30,3148.6
2025-04-05,07:45,3011.4
2025-04-05,08:00,2765
2025-04-05,08:15,3311
2025-04-05,08:30,3788.4
2025-04-05,08:45,3803.8
2025-04-05,09:00,3885
2025-04-05,09:15,3875.2
2025-04-05,09:30,3823.4
2025-04-05,09:45,3739.4
2025-04-05,10:00,3525.2
2025-04-05,10:15,3312.4
2025-04-05,10:30,3215.8
2025-04-05,10:45,3050.6
2025-04-05,11:00,2608.2
2025-04-05,11:15,2352
2025-04-05,11:30,2973.6
2025-04-05,11:45,3423
2025-04-05,12:00,3451
2025-04-05,12:15,3487.4
2025-04-05,12:30,3525.2
2025-04-05,12:45,3438.4
2025-04-05,13:00,3600.8
2025-04-05,13:15,3497.2
2025-04-05,13:30,3311
2025-04-05,13:45,3173.8
2025-04-05,14:00,3011.4
2025-04-05,14:15,2829.4
2025-04-05,14:30,2301.6
2025-04-05,14:45,2933
2025-04-05,15:00,3378.2
2025-04-05,15:15,3421.6
2025-04-05,15:30,3446.8
2025-04-05,15:45,3479
2025-04-05,16:00,3402
2025-04-05,16:15,3337.6
2025-04-05,16:30,3173.8
2025-04-05,16:45,2920.4
2025-04-05,17:00,2763.6
2025-04-05,17:15,2552.2
2025-04-05,17:30,2395.4
2025-04-05,17:45,2077.6
2025-04-05,18:00,2801.4
2025-04-05,18:15,3241
2025-04-05,18:30,3291.4
2025-04-05,18:45,3362.8
2025-04-05,19:00,3364.2
2025-04-05,19:15,3448.2
2025-04-05,19:30,3397.8
2025-04-05,19:45,3353
2025-04-05,20:00,3182.2
2025-04-05,20:15,3012.8
2025-04-05,20:30,2835
2025-04-05,20:45,2664.2
2025-04-05,21:00,2354.8
2025-04-05,21:15,3087
2025-04-05,21:30,3313.8
2025-04-05,21:45,3372.6
2025-04-05,22:00,3435.6
2025-04-05,22:15,3382.4
2025-04-05,22:30,3320.8
2025-04-05,22:45,3249.4
2025-04-05,23:00,3155.6
2025-04-05,23:15,2983.4
2025-04-05,23:30,2777.6
2025-04-05,23:45,2633.4
2025-04-06,00:00,2438.8
2025-04-06,00:15,2132.2
2025-04-06,00:30,2864.4
2025-04-06,00:45,3332
2025-04-06,01:00,3362.8
2025-04-06,01:15,3417.4
2025-04-06,01:30,3385.2
2025-04-06,01:45,3322.2
2025-04-06,02:00,3210.2
2025-04-06,02:15,3061.8
2025-04-06,02:30,2895.2
2025-04-06,02:45,2734.2
2025-04-06,03:00,2580.2
2025-04-06,03:15,2395.4
2025-04-06,03:30,2297.4
2025-04-06,03:45,2989
2025-04-06,04:00,3288.6
2025-04-06,04:15,3341.8
2025-04-06,04:30,3400.6
2025-04-06,04:45,3392.2
2025-04-06,05:00,3277.4
2025-04-06,05:15,3143
2025-04-06,05:30,3045
2025-04-06,05:45,2949.8
2025-04-06,06:00,2780.4
2025-04-06,06:15,2566.2
2025-04-06,06:30,2356.2
2025-04-06,06:45,2415
2025-04-06,07:00,3095.4
2025-04-06,07:15,3313.8
2025-04-06,07:30,3402
2025-04-06,07:45,3511.2
2025-04-06,08:00,3462.2
2025-04-06,08:15,3367
2025-04-06,08:30,3276
2025-04-06,08:45,3145.8
2025-04-06,09:00,2972.2
2025-04-06,09:15,2819.6
2025-04-06,09:30,2823.8
2025-04-06,09:45,2623.6
2025-04-06,10:00,2620.8
2025-04-06,10:15,3330.6
2025-04-06,10:30,3542
2025-04-06,10:45,3540.6
2025-04-06,11:00,3592.4
2025-04-06,11:15,3532.2
2025-04-06,11:30,3445.4
2025-04-06,11:45,3346
2025-04-06,12:00,3194.8
2025-04-06,12:15,3087
2025-04-06,12:30,2840.6
2025-04-06,12:45,2661.4
2025-04-06,13:00,2445.8
2025-04-06,13:15,2384.2
2025-04-06,13:30,3057.6
2025-04-06,13:45,3320.8
2025-04-06,14:00,3372.6
2025-04-06,14:15,3442.6
2025-04-06,14:30,3414.6
2025-04-06,14:45,3333.4
2025-04-06,15:00,3228.4
2025-04-06,15:15,3081.4
2025-04-06,15:30,2934.4
2025-04-06,15:45,2755.2
2025-04-06,16:00,2559.2
2025-04-06,16:15,2427.6
2025-04-06,16:30,2718.8
2025-04-06,16:45,3231.2
2025-04-06,17:00,3168.2
2025-04-06,17:15,3201.8
2025-04-06,17:30,3229.8
2025-04-06,17:45,3197.6
2025-04-06,18:00,3131.8
2025-04-06,18:15,3031
2025-04-06,18:30,2909.2
2025-04-06,18:45,2991.8
2025-04-06,19:00,2815.4
2025-04-06,19:15,2739.8
2025-04-06,19:30,2507.4
2025-04-06,19:45,3081.4
2025-04-06,20:00,3521
2025-04-06,20:15,3544.8
2025-04-06,20:30,3635.8
2025-04-06,20:45,3694.6
2025-04-06,21:00,3613.4
2025-04-06,21:15,3557.4
2025-04-06,21:30,3469.2
2025-04-06,21:45,3344.6
2025-04-06,22:00,3173.8
2025-04-06,22:15,2982
2025-04-06,22:30,2580.2
2025-04-06,22:45,2310
2025-04-06,23:00,3136
2025-04-06,23:15,3570
2025-04-06,23:30,3623.2
2025-04-06,23:45,3684.8
2025-04-07,00:00,3651.2
2025-04-07,00:15,3561.6
2025-04-07,00:30,3494.4
2025-04-07,00:45,3397.8
2025-04-07,01:00,3249.4
2025-04-07,01:15,3063.2
2025-04-07,01:30,2903.6
2025-04-07,01:45,2714.6
2025-04-07,02:00,2464
2025-04-07,02:15,3116.4
2025-04-07,02:30,3542
2025-04-07,02:45,3592.4
2025-04-07,03:00,3641.4
2025-04-07,03:15,3613.4
2025-04-07,03:30,3543.4
2025-04-07,03:45,3460.8
2025-04-07,04:00,3354.4
2025-04-07,04:15,3206
2025-04-07,04:30,3068.8
2025-04-07,04:45,2853.2
2025-04-07,05:00,2723
2025-04-07,05:15,2465.4
2025-04-07,05:30,3117.8
2025-04-07,05:45,3544.8
2025-04-07,06:00,3585.4
2025-04-07,06:15,3648.4
2025-04-07,06:30,3628.8
2025-04-07,06:45,3560.2
2025-04-07,07:00,3487.4
2025-04-07,07:15,3358.6
2025-04-07,07:30,3256.4
2025-04-07,07:45,3229.8
2025-04-07,08:00,3053.4
2025-04-07,08:15,2828
2025-04-07,08:30,2767.8
2025-04-07,08:45,3123.4
2025-04-07,09:00,3547.6
2025-04-07,09:15,3596.6
2025-04-07,09:30,3836
2025-04-07,09:45,3840.2
2025-04-07,10:00,3745
2025-04-07,10:15,3620.4
2025-04-07,10:30,3262
2025-04-07,10:45,3262
2025-04-07,11:00,3113.6
2025-04-07,11:15,2931.6
2025-04-07,11:30,2751
2025-04-07,11:45,2700.6
2025-04-07,12:00,3385.2
2025-04-07,12:15,3610.6
2025-04-07,12:30,3663.8
2025-04-07,12:45,3718.4
2025-04-07,13:00,3696
2025-04-07,13:15,3626
2025-04-07,13:30,3292.8
2025-04-07,13:45,3425.8
2025-04-07,14:00,3283
2025-04-07,14:15,3140.2
2025-04-07,14:30,2972.2
2025-04-07,14:45,2805.6
2025-04-07,15:00,3031
2025-04-07,15:15,3593.8
2025-04-07,15:30,3640
2025-04-07,15:45,3656.8
2025-04-07,16:00,3696
2025-04-07,16:15,3599.4
2025-04-07,16:30,3539.2
2025-04-07,16:45,3431.4
2025-04-07,17:00,3295.6
2025-04-07,17:15,3180.8
2025-04-07,17:30,3024
2025-04-07,17:45,2843.4
2025-04-07,18:00,2632
2025-04-07,18:15,3091.2
2025-04-07,18:30,3396.4
2025-04-07,18:45,3445.4
2025-04-07,19:00,3542
2025-04-07,19:15,3554.6
2025-04-07,19:30,3554.6
2025-04-07,19:45,3481.8
2025-04-07,20:00,3341.8
2025-04-07,20:15,3168.2
2025-04-07,20:30,3036.6
2025-04-07,20:45,2865.8
2025-04-07,21:00,2704.8
2025-04-07,21:15,2527
2025-04-07,21:30,2994.6
2025-04-07,21:45,3467.8
2025-04-07,22:00,3466.4
2025-04-07,22:15,3530.8
2025-04-07,22:30,3556
2025-04-07,22:45,3498.6
2025-04-07,23:00,3441.2
2025-04-07,23:15,3299.8
2025-04-07,23:30,3193.4
2025-04-07,23:45,3014.2
2025-04-08,00:00,2858.8
2025-04-08,00:15,2672.6
2025-04-08,00:30,2381.4
2025-04-08,00:45,3031
2025-04-08,01:00,3451
2025-04-08,01:15,3494.4
2025-04-08,01:30,3551.8
2025-04-08,01:45,3546.2
2025-04-08,02:00,3487.4
2025-04-08,02:15,3399.2
2025-04-08,02:30,3294.2
2025-04-08,02:45,3164
2025-04-08,03:00,3010
2025-04-08,03:15,2839.2
2025-04-08,03:30,2648.8
2025-04-08,03:45,2392.6
2025-04-08,04:00,3012.8
2025-04-08,04:15,3456.6
2025-04-08,04:30,3516.8
2025-04-08,04:45,3575.6
2025-04-08,05:00,3484.6
2025-04-08,05:15,3490.2
2025-04-08,05:30,3414.6
2025-04-08,05:45,3295.6
2025-04-08,06:00,3169.6
2025-04-08,06:15,3015.6
2025-04-08,06:30,2830.8
2025-04-08,06:45,2655.8
2025-04-08,07:00,2350.6
2025-04-08,07:15,3073
2025-04-08,07:30,3500
2025-04-08,07:45,3934
2025-04-08,08:00,4068.4
2025-04-08,08:15,4034.8
2025-04-08,08:30,3633
2025-04-08,08:45,3493
2025-04-08,09:00,3360
2025-04-08,09:15,2430.4
2025-04-08,09:30,2265.2
2025-04-08,09:45,2262.4
2025-04-08,10:00,2237.2
2025-04-08,10:15,2241.4
2025-04-08,10:30,2230.2
2025-04-08,10:45,2273.6
2025-04-08,11:00,2242.8
2025-04-08,11:15,2619.4
2025-04-08,11:30,3535
2025-04-08,11:45,3788.4
2025-04-08,12:00,3271.8
2025-04-08,12:15,3182.2
2025-04-08,12:30,3647
2025-04-08,12:45,3637.2
2025-04-08,13:00,2979.2
2025-04-08,13:15,3589.6
2025-04-08,13:30,3693.2
2025-04-08,13:45,2797.2
2025-04-08,14:00,3483.2
2025-04-08,14:15,3736.6
2025-04-08,14:30,3383.8
2025-04-08,14:45,3288.6
2025-04-08,15:00,3766
2025-04-08,15:15,3683.4
2025-04-08,15:30,3014.2
2025-04-08,15:45,3550.4
2025-04-08,16:00,2157.4
2025-04-08,16:15,2219
2025-04-08,16:30,3029.6
2025-04-08,16:45,3697.4
2025-04-08,17:00,3778.6
2025-04-08,17:15,2718.8
2025-04-08,17:30,3487.4
2025-04-08,17:45,3760.4
2025-04-08,18:00,3339
2025-04-08,18:15,3290
2025-04-08,18:30,3802.4
2025-04-08,18:45,3571.4
2025-04-08,19:00,2900.8
2025-04-08,19:15,3546.2
2025-04-08,19:30,3578.4
2025-04-08,19:45,2713.2
2025-04-08,20:00,3334.8
2025-04-08,20:15,3621.8
2025-04-08,20:30,3218.6
2025-04-08,20:45,3120.6
2025-04-08,21:00,3606.4
2025-04-08,21:15,3592.4
2025-04-08,21:30,2861.6
2025-04-08,21:45,3560.2
2025-04-08,22:00,3581.2
2025-04-08,22:15,2629.2
2025-04-08,22:30,3354.4
2025-04-08,22:45,3596.6
2025-04-08,23:00,3182.2
2025-04-08,23:15,3131.8
2025-04-08,23:30,3578.4
2025-04-08,23:45,3542
2025-04-09,00:00,2874.2
2025-04-09,00:15,3469.2
2025-04-09,00:30,3535
2025-04-09,00:45,2587.2
2025-04-09,01:00,3285.8
2025-04-09,01:15,3581.2
2025-04-09,01:30,3169.6
2025-04-09,01:45,3129
2025-04-09,02:00,3556
2025-04-09,02:15,3498.6
2025-04-09,02:30,2874.2
2025-04-09,02:45,3470.6
2025-04-09,03:00,3532.2
2025-04-09,03:15,2587.2
2025-04-09,03:30,3313.8
2025-04-09,03:45,3577
2025-04-09,04:00,3164
2025-04-09,04:15,3108
2025-04-09,04:30,3575.6
2025-04-09,04:45,3522.4
2025-04-09,05:00,2829.4
2025-04-09,05:15,3392.2
2025-04-09,05:30,3458
2025-04-09,05:45,2581.6
2025-04-09,06:00,3353
2025-04-09,06:15,3554.6
2025-04-09,06:30,3056.2
2025-04-09,06:45,3117.8
2025-04-09,07:00,3554.6
2025-04-09,07:15,3490.2
2025-04-09,07:30,2882.6
2025-04-09,07:45,3682
2025-04-09,08:00,3708.6
2025-04-09,08:15,2794.4
2025-04-09,08:30,3505.6
2025-04-09,08:45,3873.8
2025-04-09,09:00,3710
2025-04-09,09:15,3642.8
2025-04-09,09:30,3831.8
2025-04-09,09:45,3718.4
2025-04-09,10:00,3136
2025-04-09,10:15,3683.4
2025-04-09,10:30,3689
2025-04-09,10:45,2828
2025-04-09,11:00,3501.4
2025-04-09,11:15,3722.6
2025-04-09,11:30,3290
2025-04-09,11:45,3288.6
2025-04-09,12:00,3728.2
2025-04-09,12:15,3712.8
2025-04-09,12:30,3021.2
2025-04-09,12:45,3591
2025-04-09,13:00,3621.8
2025-04-09,13:15,2711.8
2025-04-09,13:30,3291.4
2025-04-09,13:45,3557.4
2025-04-09,14:00,3252.2
2025-04-09,14:15,3220
2025-04-09,14:30,3682
2025-04-09,14:45,3642.8
2025-04-09,15:00,3080
2025-04-09,15:15,3634.4
2025-04-09,15:30,3742.2
2025-04-09,15:45,2891
2025-04-09,16:00,4361
2025-04-09,16:15,4989.6
2025-04-09,16:30,3701.6
2025-04-09,16:45,3834.6
2025-04-09,17:00,3647
2025-04-09,17:15,3543.4
2025-04-09,17:30,3470.6
2025-04-09,17:45,3437
2025-04-09,18:00,3309.6
2025-04-09,18:15,3213
2025-04-09,18:30,2857.4
2025-04-09,18:45,2707.6
2025-04-09,19:00,2535.4
2025-04-09,19:15,2844.8
2025-04-09,19:30,3376.8
2025-04-09,19:45,3490.2
2025-04-09,20:00,3511.2
2025-04-09,20:15,3532.2
2025-04-09,20:30,3603.6
2025-04-09,20:45,3523.8
2025-04-09,21:00,3432.8
2025-04-09,21:15,3287.2
2025-04-09,21:30,3138.8
2025-04-09,21:45,2958.2
2025-04-09,22:00,2777.6
2025-04-09,22:15,2657.2
2025-04-09,22:30,2945.6
2025-04-09,22:45,3403.4
2025-04-09,23:00,3483.2
2025-04-09,23:15,3535
2025-04-09,23:30,3595.2
2025-04-09,23:45,3502.8
2025-04-10,00:00,3423
2025-04-10,00:15,3330.6
2025-04-10,00:30,3192
2025-04-10,00:45,3049.2
2025-04-10,01:00,2878.4
2025-04-10,01:15,2676.8
2025-04-10,01:30,2430.4
2025-04-10,01:45,3045
2025-04-10,02:00,3462.2
2025-04-10,02:15,3498.6
2025-04-10,02:30,3535
2025-04-10,02:45,3589.6
2025-04-10,03:00,3501.4
2025-04-10,03:15,3425.8
2025-04-10,03:30,3311
2025-04-10,03:45,3173.8
2025-04-10,04:00,3025.4
2025-04-10,04:15,2837.8
2025-04-10,04:30,2662.8
2025-04-10,04:45,2363.2
2025-04-10,05:00,2956.8
2025-04-10,05:15,3455.2
2025-04-10,05:30,3459.4
2025-04-10,05:45,3501.4
2025-04-10,06:00,3480.4
2025-04-10,06:15,3423
2025-04-10,06:30,3383.8
2025-04-10,06:45,3302.6
2025-04-10,07:00,3168.2
2025-04-10,07:15,2983.4
2025-04-10,07:30,2843.4
2025-04-10,07:45,2886.8
2025-04-10,08:00,2752.4
2025-04-10,08:15,3413.2
2025-04-10,08:30,3791.2
2025-04-10,08:45,3861.2
2025-04-10,09:00,3913
2025-04-10,09:15,3897.6
2025-04-10,09:30,3806.6
2025-04-10,09:45,3766
2025-04-10,10:00,3439.8
2025-04-10,10:15,3253.6
2025-04-10,10:30,3085.6
2025-04-10,10:45,3046.4
2025-04-10,11:00,2825.2
2025-04-10,11:15,2543.8
2025-04-10,11:30,3213
2025-04-10,11:45,3574.2
2025-04-10,12:00,3621.8
2025-04-10,12:15,3652.6
2025-04-10,12:30,3627.4
2025-04-10,12:45,3572.8
2025-04-10,13:00,3525.2
2025-04-10,13:15,3361.4
2025-04-10,13:30,3189.2
2025-04-10,13:45,3014.2
2025-04-10,14:00,2888.2
2025-04-10,14:15,2765
2025-04-10,14:30,2522.8
2025-04-10,14:45,3186.4
2025-04-10,15:00,3627.4
2025-04-10,15:15,3684.8
2025-04-10,15:30,3703
2025-04-10,15:45,3708.6
2025-04-10,16:00,3624.6
2025-04-10,16:15,3540.6
2025-04-10,16:30,3393.6
2025-04-10,16:45,3298.4
2025-04-10,17:00,3075.8
2025-04-10,17:15,2898
2025-04-10,17:30,2735.6
2025-04-10,17:45,2738.4
2025-04-10,18:00,3437
2025-04-10,18:15,3673.6
2025-04-10,18:30,3721.2
2025-04-10,18:45,3729.6
2025-04-10,19:00,3689
2025-04-10,19:15,3652.6
2025-04-10,19:30,3481.8
2025-04-10,19:45,3375.4
2025-04-10,20:00,3252.2
2025-04-10,20:15,2993.2
2025-04-10,20:30,2846.2
2025-04-10,20:45,2622.2
2025-04-10,21:00,3022.6
2025-04-10,21:15,3501.4
2025-04-10,21:30,3565.8
2025-04-10,21:45,3620.4
2025-04-10,22:00,3624.6
2025-04-10,22:15,3623.2
2025-04-10,22:30,3504.2
2025-04-10,22:45,3420.2
2025-04-10,23:00,3354.4
2025-04-10,23:15,3138.8
2025-04-10,23:30,3005.8
2025-04-10,23:45,2795.8
2025-04-11,00:00,2637.6
2025-04-11,00:15,2944.2
2025-04-11,00:30,3462.2
2025-04-11,00:45,3540.6
2025-04-11,01:00,3605
2025-04-11,01:15,3621.8
2025-04-11,01:30,3547.6
2025-04-11,01:45,3477.6
2025-04-11,02:00,3393.6
2025-04-11,02:15,3243.8
2025-04-11,02:30,3096.8
2025-04-11,02:45,2913.4
2025-04-11,03:00,2732.8
2025-04-11,03:15,2597
2025-04-11,03:30,2972.2
2025-04-11,03:45,3460.8
2025-04-11,04:00,3528
2025-04-11,04:15,3591
2025-04-11,04:30,3568.6
2025-04-11,04:45,3467.8
2025-04-11,05:00,3488.8
2025-04-11,05:15,3344.6
2025-04-11,05:30,3232.6
2025-04-11,05:45,3077.2
2025-04-11,06:00,2906.4
2025-04-11,06:15,2723
2025-04-11,06:30,2462.6
2025-04-11,06:45,3070.2
2025-04-11,07:00,3511.2
2025-04-11,07:15,3526.6
2025-04-11,07:30,3694.6
2025-04-11,07:45,3740.8
2025-04-11,08:00,3689
2025-04-11,08:15,3414.6
2025-04-11,08:30,3243.8
2025-04-11,08:45,3117.8
2025-04-11,09:00,3367
2025-04-11,09:15,3143
2025-04-11,09:30,3005.8
2025-04-11,09:45,2513
2025-04-11,10:00,3136
2025-04-11,10:15,3518.2
2025-04-11,10:30,3578.4
2025-04-11,10:45,3838.8
2025-04-11,11:00,3753.4
2025-04-11,11:15,3679.2
2025-04-11,11:30,3630.2
2025-04-11,11:45,3512.6
2025-04-11,12:00,3389.4
2025-04-11,12:15,3256.4
2025-04-11,12:30,2889.6
2025-04-11,12:45,2702
2025-04-11,13:00,2423.4
2025-04-11,13:15,3131.8
2025-04-11,13:30,3500
2025-04-11,13:45,3605
2025-04-11,14:00,3617.6
2025-04-11,14:15,3564.4
2025-04-11,14:30,3501.4
2025-04-11,14:45,3424.4
2025-04-11,15:00,3306.8
2025-04-11,15:15,3203.2
2025-04-11,15:30,3137.4
2025-04-11,15:45,2889.6
2025-04-11,16:00,2713.2
2025-04-11,16:15,2433.2
2025-04-11,16:30,3165.4
2025-04-11,16:45,3484.6
2025-04-11,17:00,3575.6
2025-04-11,17:15,3621.8
2025-04-11,17:30,3558.8
2025-04-11,17:45,3501.4
2025-04-11,18:00,3438.4
2025-04-11,18:15,3326.4
2025-04-11,18:30,3187.8
2025-04-11,18:45,3042.2
2025-04-11,19:00,2881.2
2025-04-11,19:15,2686.6
2025-04-11,19:30,2828
2025-04-11,19:45,3273.2
2025-04-11,20:00,3556
2025-04-11,20:15,3624.6
2025-04-11,20:30,3668
2025-04-11,20:45,3662.4
2025-04-11,21:00,3561.6
2025-04-11,21:15,3458
2025-04-11,21:30,3365.6
2025-04-11,21:45,3210.2
2025-04-11,22:00,3031
2025-04-11,22:15,2854.6
2025-04-11,22:30,2640.4
2025-04-11,22:45,3092.6
2025-04-11,23:00,3584
2025-04-11,23:15,3361.4
2025-04-11,23:30,3411.8
2025-04-11,23:45,3442.6
2025-04-12,00:00,3355.8
2025-04-12,00:15,3267.6
2025-04-12,00:30,3157
2025-04-12,00:45,3024
2025-04-12,01:00,2868.6
2025-04-12,01:15,2716
2025-04-12,01:30,2569
2025-04-12,01:45,2335.2
2025-04-12,02:00,2898
2025-04-12,02:15,3357.2
2025-04-12,02:30,3389.4
2025-04-12,02:45,3423
2025-04-12,03:00,3446.8
2025-04-12,03:15,3383.8
2025-04-12,03:30,3305.4
2025-04-12,03:45,3187.8
2025-04-12,04:00,3092.6
2025-04-12,04:15,2919
2025-04-12,04:30,2765
2025-04-12,04:45,2577.4
2025-04-12,05:00,2373
2025-04-12,05:15,2871.4
2025-04-12,05:30,3397.8
2025-04-12,05:45,3305.4
2025-04-12,06:00,3372.6
2025-04-12,06:15,3385.2
2025-04-12,06:30,3311
2025-04-12,06:45,3267.6
2025-04-12,07:00,3129
2025-04-12,07:15,2956.8
2025-04-12,07:30,2849
2025-04-12,07:45,2140.6
2025-04-12,08:00,2962.4
2025-04-12,08:15,2807
2025-04-12,08:30,3004.4
2025-04-12,08:45,3633
2025-04-12,09:00,3796.8
2025-04-12,09:15,3854.2
2025-04-12,09:30,3857
2025-04-12,09:45,3761.8
2025-04-12,10:00,3694.6
2025-04-12,10:15,3529.4
2025-04-12,10:30,3360
2025-04-12,10:45,3213
2025-04-12,11:00,3014.2
2025-04-12,11:15,2826.6
2025-04-12,11:30,2619.4
2025-04-12,11:45,3158.4
2025-04-12,12:00,3620.4
2025-04-12,12:15,3589.6
2025-04-12,12:30,3698.8
2025-04-12,12:45,3756.2
2025-04-12,13:00,3745
2025-04-12,13:15,3600.8
2025-04-12,13:30,3494.4
2025-04-12,13:45,3388
2025-04-12,14:00,3166.8
2025-04-12,14:15,2993.2
2025-04-12,14:30,2770.6
2025-04-12,14:45,2555
2025-04-12,15:00,3159.8
2025-04-12,15:15,3616.2
2025-04-12,15:30,3703
2025-04-12,15:45,3729.6
2025-04-12,16:00,3722.6
2025-04-12,16:15,3670.8
2025-04-12,16:30,3567.2
2025-04-12,16:45,3406.2
2025-04-12,17:00,3312.4
2025-04-12,17:15,3138.8
2025-04-12,17:30,2979.2
2025-04-12,17:45,2798.6
2025-04-12,18:00,2560.6
2025-04-12,18:15,3192
2025-04-12,18:30,3724
2025-04-12,18:45,3693.2
2025-04-12,19:00,3736.6
2025-04-12,19:15,3743.6
2025-04-12,19:30,3766
2025-04-12,19:45,3672.2
2025-04-12,20:00,3514
2025-04-12,20:15,3421.6
2025-04-12,20:30,3241
2025-04-12,20:45,3078.6
2025-04-12,21:00,2931.6
2025-04-12,21:15,2657.2
2025-04-12,21:30,2987.6
2025-04-12,21:45,3427.2
2025-04-12,22:00,3756.2
2025-04-12,22:15,3784.2
2025-04-12,22:30,3774.4
2025-04-12,22:45,3665.2
2025-04-12,23:00,3581.2
2025-04-12,23:15,3500
2025-04-12,23:30,3318
2025-04-12,23:45,3157
2025-04-13,00:00,2975
2025-04-13,00:15,2805.6
2025-04-13,00:30,2611
2025-04-13,00:45,3206
2025-04-13,01:00,3656.8
2025-04-13,01:15,3676.4
2025-04-13,01:30,3732.4
2025-04-13,01:45,3746.4
2025-04-13,02:00,3651.2
2025-04-13,02:15,3574.2
2025-04-13,02:30,3460.8
2025-04-13,02:45,3305.4
2025-04-13,03:00,3148.6
2025-04-13,03:15,2959.6
2025-04-13,03:30,2779
2025-04-13,03:45,2451.4
2025-04-13,04:00,3249.4
2025-04-13,04:15,3663.8
2025-04-13,04:30,3686.2
2025-04-13,04:45,3742.2
2025-04-13,05:00,3725.4
2025-04-13,05:15,3662.4
2025-04-13,05:30,3564.4
2025-04-13,05:45,3441.2
2025-04-13,06:00,3290
2025-04-13,06:15,3115
2025-04-13,06:30,2949.8
2025-04-13,06:45,2786
2025-04-13,07:00,2478
2025-04-13,07:15,3235.4
2025-04-13,07:30,3672.2
2025-04-13,07:45,3717
2025-04-13,08:00,3815
2025-04-13,08:15,3767.4
2025-04-13,08:30,3703
2025-04-13,08:45,3633
2025-04-13,09:00,3474.8
2025-04-13,09:15,3341.8
2025-04-13,09:30,3150
2025-04-13,09:45,2990.4
2025-04-13,10:00,2779
2025-04-13,10:15,2536.8
2025-04-13,10:30,3267.6
2025-04-13,10:45,3627.4
2025-04-13,11:00,3626
2025-04-13,11:15,3658.2
2025-04-13,11:30,3619
2025-04-13,11:45,3505.6
2025-04-13,12:00,3407.6
2025-04-13,12:15,3327.8
2025-04-13,12:30,3162.6
2025-04-13,12:45,3035.2
2025-04-13,13:00,2875.6
2025-04-13,13:15,2676.8
2025-04-13,13:30,2381.4
2025-04-13,13:45,3201.8
2025-04-13,14:00,3568.6
2025-04-13,14:15,3378.2
2025-04-13,14:30,3409
2025-04-13,14:45,3339
2025-04-13,15:00,3255
2025-04-13,15:15,3183.6
2025-04-13,15:30,3568.6
2025-04-13,15:45,3136
2025-04-13,16:00,2947
2025-04-13,16:15,2790.2
2025-04-13,16:30,2590
2025-04-13,16:45,2711.8
2025-04-13,17:00,3395
2025-04-13,17:15,3479
2025-04-13,17:30,3486
2025-04-13,17:45,3530.8
2025-04-13,18:00,3479
2025-04-13,18:15,3410.4
2025-04-13,18:30,3326.4
2025-04-13,18:45,3192
2025-04-13,19:00,3054.8
2025-04-13,19:15,2917.6
2025-04-13,19:30,2706.2
2025-04-13,19:45,2501.8
2025-04-13,20:00,3071.6
2025-04-13,20:15,3455.2
2025-04-13,20:30,3515.4
2025-04-13,20:45,3572.8
2025-04-13,21:00,3605
2025-04-13,21:15,3558.8
2025-04-13,21:30,3481.8
2025-04-13,21:45,3371.2
2025-04-13,22:00,3215.8
2025-04-13,22:15,3102.4
2025-04-13,22:30,2914.8
2025-04-13,22:45,2737
2025-04-13,23:00,2577.4
2025-04-13,23:15,3067.4
2025-04-13,23:30,3500
2025-04-13,23:45,3522.4
2025-04-14,00:00,3598
2025-04-14,00:15,3586.8
2025-04-14,00:30,3560.2
2025-04-14,00:45,3474.8
2025-04-14,01:00,3353
2025-04-14,01:15,3218.6
2025-04-14,01:30,3050.6
2025-04-14,01:45,2881.2
2025-04-14,02:00,2714.6
2025-04-14,02:15,2454.2
2025-04-14,02:30,3056.2
2025-04-14,02:45,3493
2025-04-14,03:00,3526.6
2025-04-14,03:15,3588.2
2025-04-14,03:30,3598
2025-04-14,03:45,3529.4
2025-04-14,04:00,3459.4
2025-04-14,04:15,3329.2
2025-04-14,04:30,3193.4
2025-04-14,04:45,2923.2
2025-04-14,05:00,2735.6
2025-04-14,05:15,2639
2025-04-14,05:30,2367.4
2025-04-14,05:45,2982
2025-04-14,06:00,3400.6
2025-04-14,06:15,3431.4
2025-04-14,06:30,3500
2025-04-14,06:45,3507
2025-04-14,07:00,3438.4
2025-04-14,07:15,3347.4
2025-04-14,07:30,3231.2
2025-04-14,07:45,3152.8
2025-04-14,08:00,2975
2025-04-14,08:15,2903.6
2025-04-14,08:30,2674
2025-04-14,08:45,2352
2025-04-14,09:00,3123.4
2025-04-14,09:15,3518.2
2025-04-14,09:30,3578.4
2025-04-14,09:45,3595.2
2025-04-14,10:00,3589.6
2025-04-14,10:15,3474.8
2025-04-14,10:30,3372.6
2025-04-14,10:45,3260.6
2025-04-14,11:00,3106.6
2025-04-14,11:15,2965.2
2025-04-14,11:30,2791.6
2025-04-14,11:45,2354.8
2025-04-14,12:00,2088.8
2025-04-14,12:15,2837.8
2025-04-14,12:30,3229.8
2025-04-14,12:45,3259.2
2025-04-14,13:00,3308.2
2025-04-14,13:15,3273.2
2025-04-14,13:30,3213
2025-04-14,13:45,3109.4
2025-04-14,14:00,2961
2025-04-14,14:15,2819.6
2025-04-14,14:30,2654.4
2025-04-14,14:45,2480.8
2025-04-14,15:00,2318.4
2025-04-14,15:15,2685.2
2025-04-14,15:30,3341.8
2025-04-14,15:45,3477.6
2025-04-14,16:00,3526.6
2025-04-14,16:15,3556
2025-04-14,16:30,3498.6
2025-04-14,16:45,3423
2025-04-14,17:00,3325
2025-04-14,17:15,3168.2
2025-04-14,17:30,3007.2
2025-04-14,17:45,2931.6
2025-04-14,18:00,2531.2
2025-04-14,18:15,2364.6
2025-04-14,18:30,2655.8
2025-04-14,18:45,3322.2
2025-04-14,19:00,3539.2
2025-04-14,19:15,3599.4
2025-04-14,19:30,3731
2025-04-14,19:45,3675
2025-04-14,20:00,3623.2
2025-04-14,20:15,3500
2025-04-14,20:30,3344.6
2025-04-14,20:45,3180.8
2025-04-14,21:00,3029.6
2025-04-14,21:15,2837.8
2025-04-14,21:30,2742.6
2025-04-14,21:45,2984.8
2025-04-14,22:00,3515.4
2025-04-14,22:15,3661
2025-04-14,22:30,3726.8
2025-04-14,22:45,3766
2025-04-14,23:00,3698.8
2025-04-14,23:15,3628.8
2025-04-14,23:30,3494.4
2025-04-14,23:45,3341.8
2025-04-15,00:00,3178
2025-04-15,00:15,3025.4
2025-04-15,00:30,2826.6
2025-04-15,00:45,2599.8
2025-04-15,01:00,3197.6
2025-04-15,01:15,3619
2025-04-15,01:30,3637.2
2025-04-15,01:45,3703
2025-04-15,02:00,3719.8
2025-04-15,02:15,3635.8
2025-04-15,02:30,3572.8
2025-04-15,02:45,3476.2
2025-04-15,03:00,3348.8
2025-04-15,03:15,3193.4
2025-04-15,03:30,3014.2
2025-04-15,03:45,2825.2
2025-04-15,04:00,2581.6
2025-04-15,04:15,3152.8
2025-04-15,04:30,3598
2025-04-15,04:45,3633
2025-04-15,05:00,3631.6
2025-04-15,05:15,3711.4
2025-04-15,05:30,3600.8
2025-04-15,05:45,3584
2025-04-15,06:00,3479
2025-04-15,06:15,3337.6
2025-04-15,06:30,3158.4
2025-04-15,06:45,3018.4
2025-04-15,07:00,2839.2
2025-04-15,07:15,2612.4
2025-04-15,07:30,3208.8
2025-04-15,07:45,3673.6
2025-04-15,08:00,3722.6
2025-04-15,08:15,3721.2
2025-04-15,08:30,3483.2
2025-04-15,08:45,3411.8
2025-04-15,09:00,3327.8
2025-04-15,09:15,3217.2
2025-04-15,09:30,3047.8
2025-04-15,09:45,2902.2
2025-04-15,10:00,2969.4
2025-04-15,10:15,2790.2
2025-04-15,10:30,2553.6
2025-04-15,10:45,3159.8
2025-04-15,11:00,3516.8
2025-04-15,11:15,3556
2025-04-15,11:30,3613.4
2025-04-15,11:45,3578.4
2025-04-15,12:00,3542
2025-04-15,12:15,3445.4
2025-04-15,12:30,3340.4
2025-04-15,12:45,3218.6
2025-04-15,13:00,3052
2025-04-15,13:15,2930.2
2025-04-15,13:30,2699.2
2025-04-15,13:45,2426.2
2025-04-15,14:00,3127.6
2025-04-15,14:15,3540.6
2025-04-15,14:30,3547.6
2025-04-15,14:45,3599.4
2025-04-15,15:00,3787
2025-04-15,15:15,3714.2
2025-04-15,15:30,3647
2025-04-15,15:45,3525.2
2025-04-15,16:00,3357.2
2025-04-15,16:15,3239.6
2025-04-15,16:30,3036.6
2025-04-15,16:45,2636.2
2025-04-15,17:00,2370.2
2025-04-15,17:15,3130.4
2025-04-15,17:30,3511.2
2025-04-15,17:45,3588.2
2025-04-15,18:00,3619
2025-04-15,18:15,3638.6
2025-04-15,18:30,3557.4
2025-04-15,18:45,3488.8
2025-04-15,19:00,3564.4
2025-04-15,19:15,3409
2025-04-15,19:30,3285.8
2025-04-15,19:45,3122
2025-04-15,20:00,2952.6
2025-04-15,20:15,2633.4
2025-04-15,20:30,3411.8
2025-04-15,20:45,3795.4
2025-04-15,21:00,3845.8
2025-04-15,21:15,3900.4
2025-04-15,21:30,3753.4
2025-04-15,21:45,3707.2
2025-04-15,22:00,4191.6
2025-04-15,22:15,4061.4
2025-04-15,22:30,3906
2025-04-15,22:45,3731
2025-04-15,23:00,3350.2
2025-04-15,23:15,3138.8
2025-04-15,23:30,2895.2
2025-04-15,23:45,3680.6
2025-04-16,00:00,4030.6
2025-04-16,00:15,4006.8
2025-04-16,00:30,4081
2025-04-16,00:45,4016.6
2025-04-16,01:00,4008.2
2025-04-16,01:15,3897.6
2025-04-16,01:30,3712.8
2025-04-16,01:45,3558.8
2025-04-16,02:00,3365.6
2025-04-16,02:15,3280.2
2025-04-16,02:30,3157
2025-04-16,02:45,2968
2025-04-16,03:00,3724
2025-04-16,03:15,4006.8
2025-04-16,03:30,4069.8
2025-04-16,03:45,4093.6
2025-04-16,04:00,4050.2
2025-04-16,04:15,3959.2
2025-04-16,04:30,3878
2025-04-16,04:45,3654
2025-04-16,05:00,3561.6
2025-04-16,05:15,3406.2
2025-04-16,05:30,3206
2025-04-16,05:45,2490.6
2025-04-16,06:00,2993.2
2025-04-16,06:15,3427.2
2025-04-16,06:30,3451
2025-04-16,06:45,3533.6
2025-04-16,07:00,3575.6
2025-04-16,07:15,3544.8
2025-04-16,07:30,3467.8
2025-04-16,07:45,3358.6
2025-04-16,08:00,3242.4
2025-04-16,08:15,3088.4
2025-04-16,08:30,2917.6
2025-04-16,08:45,2730
2025-04-16,09:00,2499
2025-04-16,09:15,3014.2
2025-04-16,09:30,3467.8
2025-04-16,09:45,3481.8
2025-04-16,10:00,3487.4
2025-04-16,10:15,3578.4
2025-04-16,10:30,3446.8
2025-04-16,10:45,3378.2
2025-04-16,11:00,3256.4
2025-04-16,11:15,3113.6
2025-04-16,11:30,2961
2025-04-16,11:45,2811.2
2025-04-16,12:00,2627.8
2025-04-16,12:15,2410.8
2025-04-16,12:30,2949.8
2025-04-16,12:45,3361.4
2025-04-16,13:00,3389.4
2025-04-16,13:15,3603.6
2025-04-16,13:30,3689
2025-04-16,13:45,3656.8
2025-04-16,14:00,3501.4
2025-04-16,14:15,3371.2
2025-04-16,14:30,3302.6
2025-04-16,14:45,3178
2025-04-16,15:00,3057.6
2025-04-16,15:15,2842
2025-04-16,15:30,2611
2025-04-16,15:45,3164
2025-04-16,16:00,3593.8
2025-04-16,16:15,3424.4
2025-04-16,16:30,3173.8
2025-04-16,16:45,3245.2
2025-04-16,17:00,3154.2
2025-04-16,17:15,3120.6
2025-04-16,17:30,2997.4
2025-04-16,17:45,2861.6
2025-04-16,18:00,2688
2025-04-16,18:15,2714.6
2025-04-16,18:30,2538.2
2025-04-16,18:45,2377.2
2025-04-16,19:00,2961
2025-04-16,19:15,3361.4
2025-04-16,19:30,3413.2
2025-04-16,19:45,3476.2
2025-04-16,20:00,3476.2
2025-04-16,20:15,3420.2
2025-04-16,20:30,3339
2025-04-16,20:45,3214.4
2025-04-16,21:00,3057.6
2025-04-16,21:15,2902.2
2025-04-16,21:30,2738.4
2025-04-16,21:45,2578.8
2025-04-16,22:00,2282
2025-04-16,22:15,2847.6
2025-04-16,22:30,3253.6
2025-04-16,22:45,3257.8
2025-04-16,23:00,3320.8
2025-04-16,23:15,3346
2025-04-16,23:30,3236.8
2025-04-16,23:45,3151.4
2025-04-17,00:00,3032.4
2025-04-17,00:15,2888.2
2025-04-17,00:30,2717.4
2025-04-17,00:45,2567.6
2025-04-17,01:00,2384.2
2025-04-17,01:15,2091.6
2025-04-17,01:30,2826.6
2025-04-17,01:45,3186.4
2025-04-17,02:00,3229.8
2025-04-17,02:15,3316.6
2025-04-17,02:30,3285.8
2025-04-17,02:45,3218.6
2025-04-17,03:00,3140.2
2025-04-17,03:15,3028.2
2025-04-17,03:30,2870
2025-04-17,03:45,2717.4
2025-04-17,04:00,2553.6
2025-04-17,04:15,2384.2
2025-04-17,04:30,2088.8
2025-04-17,04:45,2833.6
2025-04-17,05:00,3200.4
2025-04-17,05:15,3245.2
2025-04-17,05:30,3315.2
2025-04-17,05:45,3264.8
2025-04-17,06:00,3194.8
2025-04-17,06:15,3092.6
2025-04-17,06:30,2966.6
2025-04-17,06:45,2839.2
2025-04-17,07:00,2675.4
2025-04-17,07:15,2542.4
2025-04-17,07:30,2396.8
2025-04-17,07:45,2084.6
2025-04-17,08:00,2877
2025-04-17,08:15,3204.6
2025-04-17,08:30,3245.2
2025-04-17,08:45,3309.6
2025-04-17,09:00,3301.2
2025-04-17,09:15,3169.6
2025-04-17,09:30,3103.8
2025-04-17,09:45,2979.2
2025-04-17,10:00,2760.8
2025-04-17,10:15,2627.8
2025-04-17,10:30,2441.6
2025-04-17,10:45,2242.8
2025-04-17,11:00,2573.2
2025-04-17,11:15,2807
2025-04-17,11:30,3129
2025-04-17,11:45,3162.6
2025-04-17,12:00,3208.8
2025-04-17,12:15,3165.4
2025-04-17,12:30,3068.8
2025-04-17,12:45,3000.2
2025-04-17,13:00,2872.8
2025-04-17,13:15,2724.4
2025-04-17,13:30,2595.6
2025-04-17,13:45,2423.4
2025-04-17,14:00,2240
2025-04-17,14:15,2676.8
2025-04-17,14:30,3049.2
2025-04-17,14:45,3092.6
2025-04-17,15:00,3148.6
2025-04-17,15:15,3187.8
2025-04-17,15:30,3141.6
2025-04-17,15:45,3081.4
2025-04-17,16:00,2973.6
2025-04-17,16:15,2819.6
2025-04-17,16:30,2672.6
2025-04-17,16:45,2515.8
2025-04-17,17:00,2380
2025-04-17,17:15,2132.2
2025-04-17,17:30,2664.2
2025-04-17,17:45,3054.8
2025-04-17,18:00,3117.8
2025-04-17,18:15,3420.2
2025-04-17,18:30,3413.2
2025-04-17,18:45,3382.4
2025-04-17,19:00,3253.6
2025-04-17,19:15,3218.6
2025-04-17,19:30,3091.2
2025-04-17,19:45,3022.6
2025-04-17,20:00,2822.4
2025-04-17,20:15,2608.2
2025-04-17,20:30,2392.6
2025-04-17,20:45,2976.4
2025-04-17,21:00,3341.8
2025-04-17,21:15,3358.6
2025-04-17,21:30,3424.4
2025-04-17,21:45,3532.2
2025-04-17,22:00,3929.8
2025-04-17,22:15,3318
2025-04-17,22:30,3208.8
2025-04-17,22:45,3049.2
2025-04-17,23:00,2885.4
2025-04-17,23:15,2536.8
2025-04-17,23:30,2371.6
2025-04-17,23:45,2226
2025-04-18,00:00,2714.6
2025-04-18,00:15,3144.4
2025-04-18,00:30,3175.2
2025-04-18,00:45,3262
2025-04-18,01:00,3264.8
2025-04-18,01:15,3196.2
2025-04-18,01:30,3131.8
2025-04-18,01:45,2993.2
2025-04-18,02:00,2867.2
2025-04-18,02:15,2702
2025-04-18,02:30,2535.4
2025-04-18,02:45,2359
2025-04-18,03:00,2107
2025-04-18,03:15,2725.8
2025-04-18,03:30,3127.6
2025-04-18,03:45,3165.4
2025-04-18,04:00,3221.4
2025-04-18,04:15,3246.6
2025-04-18,04:30,3201.8
2025-04-18,04:45,3057.6
2025-04-18,05:00,2949.8
2025-04-18,05:15,2886.8
2025-04-18,05:30,2692.2
2025-04-18,05:45,2564.8
2025-04-18,06:00,2403.8
2025-04-18,06:15,2156
2025-04-18,06:30,2718.8
2025-04-18,06:45,3176.6
2025-04-18,07:00,3206
2025-04-18,07:15,3281.6
2025-04-18,07:30,3243.8
2025-04-18,07:45,3182.2
2025-04-18,08:00,3171
2025-04-18,08:15,3180.8
2025-04-18,08:30,3028.2
2025-04-18,08:45,2812.6
2025-04-18,09:00,2574.6
2025-04-18,09:15,2412.2
2025-04-18,09:30,2164.4
2025-04-18,09:45,2766.4
2025-04-18,10:00,3204.6
2025-04-18,10:15,3172.4
2025-04-18,10:30,3264.8
2025-04-18,10:45,3215.8
2025-04-18,11:00,3148.6
2025-04-18,11:15,3085.6
2025-04-18,11:30,2931.6
2025-04-18,11:45,2804.2
2025-04-18,12:00,2664.2
2025-04-18,12:15,2497.6
2025-04-18,12:30,2319.8
2025-04-18,12:45,2249.8
2025-04-18,13:00,2868.6
2025-04-18,13:15,3273.2
2025-04-18,13:30,3334.8
2025-04-18,13:45,3432.8
2025-04-18,14:00,3350.2
2025-04-18,14:15,3301.2
2025-04-18,14:30,3182.2
2025-04-18,14:45,3126.2
2025-04-18,15:00,2958.2
2025-04-18,15:15,2808.4
2025-04-18,15:30,2704.8
2025-04-18,15:45,2503.2
2025-04-18,16:00,2275
2025-04-18,16:15,2893.8
2025-04-18,16:30,3116.4
2025-04-18,16:45,3091.2
2025-04-18,17:00,3199
2025-04-18,17:15,3168.2
2025-04-18,17:30,3094
2025-04-18,17:45,3031
2025-04-18,18:00,3119.2
2025-04-18,18:15,2975
2025-04-18,18:30,2821
2025-04-18,18:45,2668.4
2025-04-18,19:00,2541
2025-04-18,19:15,2247
2025-04-18,19:30,3015.6
2025-04-18,19:45,3414.6
2025-04-18,20:00,3472
2025-04-18,20:15,3442.6
2025-04-18,20:30,3427.2
2025-04-18,20:45,3375.4
2025-04-18,21:00,3302.6
2025-04-18,21:15,3217.2
2025-04-18,21:30,3071.6
2025-04-18,21:45,2875.6
2025-04-18,22:00,2524.2
2025-04-18,22:15,2349.2
2025-04-18,22:30,2063.6
2025-04-18,22:45,2808.4
2025-04-18,23:00,3158.4
2025-04-18,23:15,3224.2
2025-04-18,23:30,3263.4
2025-04-18,23:45,3222.8
2025-04-19,00:00,3190.6
2025-04-19,00:15,3098.2
2025-04-19,00:30,2975
2025-04-19,00:45,2823.8
2025-04-19,01:00,2668.4
2025-04-19,01:15,2494.8
2025-04-19,01:30,2322.6
2025-04-19,01:45,2088.8
2025-04-19,02:00,2913.4
2025-04-19,02:15,3193.4
2025-04-19,02:30,3263.4
2025-04-19,02:45,3295.6
2025-04-19,03:00,3256.4
2025-04-19,03:15,3183.6
2025-04-19,03:30,3077.2
2025-04-19,03:45,2941.4
2025-04-19,04:00,2780.4
2025-04-19,04:15,2625
2025-04-19,04:30,2492
2025-04-19,04:45,2178.4
2025-04-19,05:00,2206.4
2025-04-19,05:15,2994.6
2025-04-19,05:30,3210.2
2025-04-19,05:45,3249.4
2025-04-19,06:00,3301.2
2025-04-19,06:15,3249.4
2025-04-19,06:30,3158.4
2025-04-19,06:45,3110.8
2025-04-19,07:00,2966.6
2025-04-19,07:15,2811.2
2025-04-19,07:30,2629.2
2025-04-19,07:45,2464
2025-04-19,08:00,2150.4
2025-04-19,08:15,2753.8
2025-04-19,08:30,3015.6
2025-04-19,08:45,3243.8
2025-04-19,09:00,3343.2
2025-04-19,09:15,3327.8
2025-04-19,09:30,3311
2025-04-19,09:45,3155.6
2025-04-19,10:00,3054.8
2025-04-19,10:15,2979.2
2025-04-19,10:30,2741.2
2025-04-19,10:45,2574.6
2025-04-19,11:00,2395.4
2025-04-19,11:15,2161.6
2025-04-19,11:30,2727.2
2025-04-19,11:45,3105.2
2025-04-19,12:00,3159.8
2025-04-19,12:15,3178
2025-04-19,12:30,3211.6
2025-04-19,12:45,3336.2
2025-04-19,13:00,3235.4
2025-04-19,13:15,3200.4
2025-04-19,13:30,3024
2025-04-19,13:45,2884
2025-04-19,14:00,2716
2025-04-19,14:15,2542.4
2025-04-19,14:30,2300.2
2025-04-19,14:45,2910.6
2025-04-19,15:00,3341.8
2025-04-19,15:15,3381
2025-04-19,15:30,3452.4
2025-04-19,15:45,3442.6
2025-04-19,16:00,3369.8
2025-04-19,16:15,3257.8
2025-04-19,16:30,2916.2
2025-04-19,16:45,2893.8
2025-04-19,17:00,2692.2
2025-04-19,17:15,2545.2
2025-04-19,17:30,2569
2025-04-19,17:45,2333.8
2025-04-19,18:00,2942.8
2025-04-19,18:15,3372.6
2025-04-19,18:30,3393.6
2025-04-19,18:45,3445.4
2025-04-19,19:00,3441.2
2025-04-19,19:15,3222.8
2025-04-19,19:30,3182.2
2025-04-19,19:45,3091.2
2025-04-19,20:00,2949.8
2025-04-19,20:15,2737
2025-04-19,20:30,2605.4
2025-04-19,20:45,2384.2
2025-04-19,21:00,2240
2025-04-19,21:15,2769.2
2025-04-19,21:30,3192
2025-04-19,21:45,3921.4
2025-04-19,22:00,4043.2
2025-04-19,22:15,4018
2025-04-19,22:30,3990
2025-04-19,22:45,3907.4
2025-04-19,23:00,3792.6
2025-04-19,23:15,3640
2025-04-19,23:30,3298.4
2025-04-19,23:45,3134.6
2025-04-20,00:00,2983.4
2025-04-20,00:15,2053.8
2025-04-20,00:30,2842
2025-04-20,00:45,3214.4
2025-04-20,01:00,3250.8
2025-04-20,01:15,3306.8
2025-04-20,01:30,3301.2
2025-04-20,01:45,3238.2
2025-04-20,02:00,3131.8
2025-04-20,02:15,3025.4
2025-04-20,02:30,2875.6
2025-04-20,02:45,2718.8
2025-04-20,03:00,2549.4
2025-04-20,03:15,2354.8
2025-04-20,03:30,2091.6
2025-04-20,03:45,2906.4
2025-04-20,04:00,3252.2
2025-04-20,04:15,3301.2
2025-04-20,04:30,3330.6
2025-04-20,04:45,3217.2
2025-04-20,05:00,3161.2
2025-04-20,05:15,3162.6
2025-04-20,05:30,3029.6
2025-04-20,05:45,2857.4
2025-04-20,06:00,2703.4
2025-04-20,06:15,2524.2
2025-04-20,06:30,2335.2
2025-04-20,06:45,2220.4
2025-04-20,07:00,3003
2025-04-20,07:15,3259.2
2025-04-20,07:30,3326.4
2025-04-20,07:45,3347.4
2025-04-20,08:00,3295.6
2025-04-20,08:15,3260.6
2025-04-20,08:30,3143
2025-04-20,08:45,3026.8
2025-04-20,09:00,2857.4
2025-04-20,09:15,2700.6
2025-04-20,09:30,2536.8
2025-04-20,09:45,2371.6
2025-04-20,10:00,2184
2025-04-20,10:15,2952.6
2025-04-20,10:30,3199
2025-04-20,10:45,3221.4
2025-04-20,11:00,3288.6
2025-04-20,11:15,3214.4
2025-04-20,11:30,3140.2
2025-04-20,11:45,3019.8
2025-04-20,12:00,2868.6
2025-04-20,12:15,2725.8
2025-04-20,12:30,2578.8
2025-04-20,12:45,2594.2
2025-04-20,13:00,2371.6
2025-04-20,13:15,2839.2
2025-04-20,13:30,3053.4
2025-04-20,13:45,3311
2025-04-20,14:00,3355.8
2025-04-20,14:15,3379.6
2025-04-20,14:30,3341.8
2025-04-20,14:45,3284.4
2025-04-20,15:00,3243.8
2025-04-20,15:15,3085.6
2025-04-20,15:30,2941.4
2025-04-20,15:45,2774.8
2025-04-20,16:00,2595.6
2025-04-20,16:15,2394
2025-04-20,16:30,2633.4
2025-04-20,16:45,3066
2025-04-20,17:00,3182.2
2025-04-20,17:15,3211.6
2025-04-20,17:30,3225.6
2025-04-20,17:45,3175.2
2025-04-20,18:00,3124.8
2025-04-20,18:15,3021.2
2025-04-20,18:30,3078.6
2025-04-20,18:45,2954
2025-04-20,19:00,2802.8
2025-04-20,19:15,2650.2
2025-04-20,19:30,2454.2
2025-04-20,19:45,2997.4
2025-04-20,20:00,3423
2025-04-20,20:15,3445.4
2025-04-20,20:30,3498.6
2025-04-20,20:45,3508.4
2025-04-20,21:00,3451
2025-04-20,21:15,3189.2
2025-04-20,21:30,3120.6
2025-04-20,21:45,3010
2025-04-20,22:00,2805.6
2025-04-20,22:15,2629.2
2025-04-20,22:30,2462.6
2025-04-20,22:45,2242.8
2025-04-20,23:00,2811.2
2025-04-20,23:15,3242.4
2025-04-20,23:30,3273.2
2025-04-20,23:45,3326.4
2025-04-21,00:00,3330.6
2025-04-21,00:15,3250.8
2025-04-21,00:30,3197.6
2025-04-21,00:45,3081.4
2025-04-21,01:00,2931.6
2025-04-21,01:15,2751
2025-04-21,01:30,2577.4
2025-04-21,01:45,2430.4
2025-04-21,02:00,2202.2
2025-04-21,02:15,2779
2025-04-21,02:30,3204.6
2025-04-21,02:45,3235.4
2025-04-21,03:00,3292.8
2025-04-21,03:15,3306.8
2025-04-21,03:30,3222.8
2025-04-21,03:45,3164
2025-04-21,04:00,3036.6
2025-04-21,04:15,2872.8
2025-04-21,04:30,2730
2025-04-21,04:45,2560.6
2025-04-21,05:00,2329.6
2025-04-21,05:15,2072
2025-04-21,05:30,2752.4
2025-04-21,05:45,3208.8
2025-04-21,06:00,3236.8
2025-04-21,06:15,3294.2
2025-04-21,06:30,3291.4
2025-04-21,06:45,3245.2
2025-04-21,07:00,3180.8
2025-04-21,07:15,3054.8
2025-04-21,07:30,2907.8
2025-04-21,07:45,2751
2025-04-21,08:00,2623.6
2025-04-21,08:15,2450
2025-04-21,08:30,2132.2
2025-04-21,08:45,2815.4
2025-04-21,09:00,3161.2
2025-04-21,09:15,3210.2
2025-04-21,09:30,3276
2025-04-21,09:45,3201.8
2025-04-21,10:00,3311
2025-04-21,10:15,3214.4
2025-04-21,10:30,3071.6
2025-04-21,10:45,2937.2
2025-04-21,11:00,2763.6
2025-04-21,11:15,2562
2025-04-21,11:30,2410.8
2025-04-21,11:45,2158.8
2025-04-21,12:00,2881.2
2025-04-21,12:15,3280.2
2025-04-21,12:30,3330.6
2025-04-21,12:45,3708.6
2025-04-21,13:00,3656.8
2025-04-21,13:15,3591
2025-04-21,13:30,3481.8
2025-04-21,13:45,3383.8
2025-04-21,14:00,3277.4
2025-04-21,14:15,3115
2025-04-21,14:30,2766.4
2025-04-21,14:45,2599.8
2025-04-21,15:00,2312.8
2025-04-21,15:15,3220
2025-04-21,15:30,3626
2025-04-21,15:45,3658.2
2025-04-21,16:00,3684.8
2025-04-21,16:15,3651.2
2025-04-21,16:30,3600.8
2025-04-21,16:45,3507
2025-04-21,17:00,3210.2
2025-04-21,17:15,3126.2
2025-04-21,17:30,2934.4
2025-04-21,17:45,2774.8
2025-04-21,18:00,2564.8
2025-04-21,18:15,2342.2
2025-04-21,18:30,3116.4
2025-04-21,18:45,3483.2
2025-04-21,19:00,3528
2025-04-21,19:15,3578.4
2025-04-21,19:30,3532.2
2025-04-21,19:45,3501.4
2025-04-21,20:00,3369.8
2025-04-21,20:15,3252.2
2025-04-21,20:30,3099.6
2025-04-21,20:45,2917.6
2025-04-21,21:00,2738.4
2025-04-21,21:15,2534
2025-04-21,21:30,3003
2025-04-21,21:45,3467.8
2025-04-21,22:00,3495.8
2025-04-21,22:15,4117.4
2025-04-21,22:30,4180.4
2025-04-21,22:45,4146.8
2025-04-21,23:00,4095
2025-04-21,23:15,3955
2025-04-21,23:30,3780
2025-04-21,23:45,3612
2025-04-22,00:00,3418.8
2025-04-22,00:15,3239.6
2025-04-22,00:30,3059
2025-04-22,00:45,3463.6
2025-04-22,01:00,3964.8
2025-04-22,01:15,4019.4
2025-04-22,01:30,4078.2
2025-04-22,01:45,4103.4
2025-04-22,02:00,4053
2025-04-22,02:15,4001.2
2025-04-22,02:30,3876.6
2025-04-22,02:45,3743.6
2025-04-22,03:00,3598
2025-04-22,03:15,3430
2025-04-22,03:30,3236.8
2025-04-22,03:45,3028.2
2025-04-22,04:00,3487.4
2025-04-22,04:15,3963.4
2025-04-22,04:30,3994.2
2025-04-22,04:45,3547.6
2025-04-22,05:00,3563
2025-04-22,05:15,3500
2025-04-22,05:30,3441.2
2025-04-22,05:45,3301.2
2025-04-22,06:00,3159.8
2025-04-22,06:15,3010
2025-04-22,06:30,2892.4
2025-04-22,06:45,2759.4
2025-04-22,07:00,2560.6
2025-04-22,07:15,3050.6
2025-04-22,07:30,3529.4
2025-04-22,07:45,3572.8
2025-04-22,08:00,3785.6
2025-04-22,08:15,3747.8
2025-04-22,08:30,3697.4
2025-04-22,08:45,3614.8
2025-04-22,09:00,3439.8
2025-04-22,09:15,3392.2
2025-04-22,09:30,3168.2
2025-04-22,09:45,3001.6
2025-04-22,10:00,2825.2
2025-04-22,10:15,2511.6
2025-04-22,10:30,3152.8
2025-04-22,10:45,3395
2025-04-22,11:00,3418.8
2025-04-22,11:15,3491.6
2025-04-22,11:30,3507
2025-04-22,11:45,3374
2025-04-22,12:00,3302.6
2025-04-22,12:15,3178
2025-04-22,12:30,3054.8
2025-04-22,12:45,2885.4
2025-04-22,13:00,2927.4
2025-04-22,13:15,2735.6
2025-04-22,13:30,2487.8
2025-04-22,13:45,3213
2025-04-22,14:00,4092.2
2025-04-22,14:15,4106.2
2025-04-22,14:30,4160.8
2025-04-22,14:45,3890.6
2025-04-22,15:00,3843
2025-04-22,15:15,3789.8
2025-04-22,15:30,3644.2
2025-04-22,15:45,3465
2025-04-22,16:00,3308.2
2025-04-22,16:15,3130.4
2025-04-22,16:30,2865.8
2025-04-22,16:45,2564.8
2025-04-22,17:00,2853.2
2025-04-22,17:15,3214.4
2025-04-22,17:30,3231.2
2025-04-22,17:45,3290
2025-04-22,18:00,3262
2025-04-22,18:15,3220
2025-04-22,18:30,3302.6
2025-04-22,18:45,3215.8
2025-04-22,19:00,3088.4
2025-04-22,19:15,2923.2
2025-04-22,19:30,2746.8
2025-04-22,19:45,2639
2025-04-22,20:00,2303
2025-04-22,20:15,3047.8
2025-04-22,20:30,3441.2
2025-04-22,20:45,3476.2
2025-04-22,21:00,3528
2025-04-22,21:15,3487.4
2025-04-22,21:30,3432.8
2025-04-22,21:45,3329.2
2025-04-22,22:00,3183.6
2025-04-22,22:15,3033.8
2025-04-22,22:30,2865.8
2025-04-22,22:45,2709
2025-04-22,23:00,2413.6
2025-04-22,23:15,2321.2
2025-04-22,23:30,3029.6
2025-04-22,23:45,3271.8
2025-04-23,00:00,3320.8
2025-04-23,00:15,3371.2
2025-04-23,00:30,3308.2
2025-04-23,00:45,3239.6
2025-04-23,01:00,3129
2025-04-23,01:15,2987.6
2025-04-23,01:30,2830.8
2025-04-23,01:45,2676.8
2025-04-23,02:00,2490.6
2025-04-23,02:15,2290.4
2025-04-23,02:30,2774.8
2025-04-23,02:45,3252.2
2025-04-23,03:00,3260.6
2025-04-23,03:15,3320.8
2025-04-23,03:30,3378.2
2025-04-23,03:45,3309.6
2025-04-23,04:00,3239.6
2025-04-23,04:15,3130.4
2025-04-23,04:30,2984.8
2025-04-23,04:45,2840.6
2025-04-23,05:00,2585.8
2025-04-23,05:15,2473.8
2025-04-23,05:30,2245.6
2025-04-23,05:45,2812.6
2025-04-23,06:00,3234
2025-04-23,06:15,3274.6
2025-04-23,06:30,3318
2025-04-23,06:45,3361.4
2025-04-23,07:00,3262
2025-04-23,07:15,3214.4
2025-04-23,07:30,3109.4
2025-04-23,07:45,2963.8
2025-04-23,08:00,2865.8
2025-04-23,08:15,2686.6
2025-04-23,08:30,2479.4
2025-04-23,08:45,2483.6
2025-04-23,09:00,3253.6
2025-04-23,09:15,3665.2
2025-04-23,09:30,3882.2
2025-04-23,09:45,3854.2
2025-04-23,10:00,3859.8
2025-04-23,10:15,3813.6
2025-04-23,10:30,3677.8
2025-04-23,10:45,3567.2
2025-04-23,11:00,3361.4
2025-04-23,11:15,3315.2
2025-04-23,11:30,3147.2
2025-04-23,11:45,2938.6
2025-04-23,12:00,2647.4
2025-04-23,12:15,3302.6
2025-04-23,12:30,3684.8
2025-04-23,12:45,3733.8
2025-04-23,13:00,3616.2
2025-04-23,13:15,3574.2
2025-04-23,13:30,3509.8
2025-04-23,13:45,3455.2
2025-04-23,14:00,3529.4
2025-04-23,14:15,3369.8
2025-04-23,14:30,3215.8
2025-04-23,14:45,3056.2
2025-04-23,15:00,3053.4
2025-04-23,15:15,3101
2025-04-23,15:30,3829
2025-04-23,15:45,4174.8
2025-04-23,16:00,4188.8
2025-04-23,16:15,4096.4
2025-04-23,16:30,4092.2
2025-04-23,16:45,3936.8
2025-04-23,17:00,3920
2025-04-23,17:15,3794
2025-04-23,17:30,3662.4
2025-04-23,17:45,3486
2025-04-23,18:00,3313.8
2025-04-23,18:15,3150
2025-04-23,18:30,3152.8
2025-04-23,18:45,3844.4
2025-04-23,19:00,4051.6
2025-04-23,19:15,4104.8
2025-04-23,19:30,4124.4
2025-04-23,19:45,4127.2
2025-04-23,20:00,4065.6
2025-04-23,20:15,3945.2
2025-04-23,20:30,3848.6
2025-04-23,20:45,3701.6
2025-04-23,21:00,3563
2025-04-23,21:15,3389.4
2025-04-23,21:30,3197.6
2025-04-23,21:45,3243.8
2025-04-23,22:00,3868.2
2025-04-23,22:15,4068.4
2025-04-23,22:30,4137
2025-04-23,22:45,4187.4
2025-04-23,23:00,4132.8
2025-04-23,23:15,4018
2025-04-23,23:30,3938.2
2025-04-23,23:45,3822
2025-04-24,00:00,3635.8
2025-04-24,00:15,3476.2
2025-04-24,00:30,3339
2025-04-24,00:45,3136
2025-04-24,01:00,3105.2
2025-04-24,01:15,3802.4
2025-04-24,01:30,3987.2
2025-04-24,01:45,4040.4
2025-04-24,02:00,4100.6
2025-04-24,02:15,4026.4
2025-04-24,02:30,3949.4
2025-04-24,02:45,3873.8
2025-04-24,03:00,3340.4
2025-04-24,03:15,3190.6
2025-04-24,03:30,3047.8
2025-04-24,03:45,2934.4
2025-04-24,04:00,2741.2
2025-04-24,04:15,3049.2
2025-04-24,04:30,3567.2
2025-04-24,04:45,3670.8
2025-04-24,05:00,3707.2
2025-04-24,05:15,3690.4
2025-04-24,05:30,3714.2
2025-04-24,05:45,3621.8
2025-04-24,06:00,3493
2025-04-24,06:15,3368.4
2025-04-24,06:30,3179.4
2025-04-24,06:45,3045
2025-04-24,07:00,2815.4
2025-04-24,07:15,2567.6
2025-04-24,07:30,3178
2025-04-24,07:45,3612
2025-04-24,08:00,3663.8
2025-04-24,08:15,3670.8
2025-04-24,08:30,3635.8
2025-04-24,08:45,3802.4
2025-04-24,09:00,3717
2025-04-24,09:15,3624.6
2025-04-24,09:30,3592.4
2025-04-24,09:45,4975.6
2025-04-24,10:00,3922.8
2025-04-24,10:15,3109.4
2025-04-24,10:30,3641.4
2025-04-24,10:45,3644.2
2025-04-24,11:00,2900.8
2025-04-24,11:15,3537.8
2025-04-24,11:30,3697.4
2025-04-24,11:45,2573.2
2025-04-24,12:00,3407.6
2025-04-24,12:15,3719.8
2025-04-24,12:30,3355.8
2025-04-24,12:45,3379.6
2025-04-24,13:00,3840.2
2025-04-24,13:15,3837.4
2025-04-24,13:30,3124.8
2025-04-24,13:45,3736.6
2025-04-24,14:00,3567.2
2025-04-24,14:15,2252.6
2025-04-24,14:30,3077.2
2025-04-24,14:45,3460.8
2025-04-24,15:00,3245.2
2025-04-24,15:15,2851.8
2025-04-24,15:30,3379.6
2025-04-24,15:45,3343.2
2025-04-24,16:00,2611
2025-04-24,16:15,3242.4
2025-04-24,16:30,3649.8
2025-04-24,16:45,2476.6
2025-04-24,17:00,3383.8
2025-04-24,17:15,3710
2025-04-24,17:30,3374
2025-04-24,17:45,3190.6
2025-04-24,18:00,3690.4
2025-04-24,18:15,3708.6
2025-04-24,18:30,2934.4
2025-04-24,18:45,3572.8
2025-04-24,19:00,3739.4
2025-04-24,19:15,2578.8
2025-04-24,19:30,3428.6
2025-04-24,19:45,3816.4
2025-04-24,20:00,3456.6
2025-04-24,20:15,3204.6
2025-04-24,20:30,3789.8
2025-04-24,20:45,3827.6
2025-04-24,21:00,3082.8
2025-04-24,21:15,3733.8
2025-04-24,21:30,3858.4
2025-04-24,21:45,2686.6
2025-04-24,22:00,3546.2
2025-04-24,22:15,3883.6
2025-04-24,22:30,3746.4
2025-04-24,22:45,3299.8
2025-04-24,23:00,3815
2025-04-24,23:15,3822
2025-04-24,23:30,3022.6
2025-04-24,23:45,3662.4
2025-04-25,00:00,3840.2
2025-04-25,00:15,2690.8
2025-04-25,00:30,3495.8
2025-04-25,00:45,3882.2
2025-04-25,01:00,3621.8
2025-04-25,01:15,3256.4
2025-04-25,01:30,3788.4
2025-04-25,01:45,3794
2025-04-25,02:00,3011.4
2025-04-25,02:15,3645.6
2025-04-25,02:30,3834.6
2025-04-25,02:45,2702
2025-04-25,03:00,3472
2025-04-25,03:15,3859.8
2025-04-25,03:30,3813.6
2025-04-25,03:45,3239.6
2025-04-25,04:00,3787
2025-04-25,04:15,3823.4
2025-04-25,04:30,3057.6
2025-04-25,04:45,3711.4
2025-04-25,05:00,3852.8
2025-04-25,05:15,2689.4
2025-04-25,05:30,3466.4
2025-04-25,05:45,3869.6
2025-04-25,06:00,3623.2
2025-04-25,06:15,3222.8
2025-04-25,06:30,3784.2
2025-04-25,06:45,3771.6
2025-04-25,07:00,2962.4
2025-04-25,07:15,3644.2
2025-04-25,07:30,3802.4
2025-04-25,07:45,2760.8
2025-04-25,08:00,3477.6
2025-04-25,08:15,4058.6
2025-04-25,08:30,3830.4
2025-04-25,08:45,3381
2025-04-25,09:00,3925.6
2025-04-25,09:15,3960.6
2025-04-25,09:30,3140.2
2025-04-25,09:45,3768.8
2025-04-25,10:00,3941
2025-04-25,10:15,2783.2
2025-04-25,10:30,3655.4
2025-04-25,10:45,4020.8
2025-04-25,11:00,3910.2
2025-04-25,11:15,3360
2025-04-25,11:30,3914.4
2025-04-25,11:45,3897.6
2025-04-25,12:00,3032.4
2025-04-25,12:15,3669.4
2025-04-25,12:30,3862.6
2025-04-25,12:45,2654.4
2025-04-25,13:00,3491.6
2025-04-25,13:15,3878
2025-04-25,13:30,3648.4
2025-04-25,13:45,3248
2025-04-25,14:00,3813.6
2025-04-25,14:15,4064.2
2025-04-25,14:30,3066
2025-04-25,14:45,3731
2025-04-25,15:00,3887.8
2025-04-25,15:15,2746.8
2025-04-25,15:30,3523.8
2025-04-25,15:45,3897.6
2025-04-25,16:00,3743.6
2025-04-25,16:15,3236.8
2025-04-25,16:30,3771.6
2025-04-25,16:45,3600.8
2025-04-25,17:00,2832.2
2025-04-25,17:15,3490.2
2025-04-25,17:30,3640
2025-04-25,17:45,2489.2
2025-04-25,18:00,3316.6
2025-04-25,18:15,3705.8
2025-04-25,18:30,3582.6
2025-04-25,18:45,3119.2
2025-04-25,19:00,3634.4
2025-04-25,19:15,3651.2
2025-04-25,19:30,2868.6
2025-04-25,19:45,3550.4
2025-04-25,20:00,3707.2
2025-04-25,20:15,2620.8
2025-04-25,20:30,3336.2
2025-04-25,20:45,3784.2
2025-04-25,21:00,3462.2
2025-04-25,21:15,3143
2025-04-25,21:30,3673.6
2025-04-25,21:45,3661
2025-04-25,22:00,2910.6
2025-04-25,22:15,3591
2025-04-25,22:30,3743.6
2025-04-25,22:45,2563.4
2025-04-25,23:00,3346
2025-04-25,23:15,3766
2025-04-25,23:30,3649.8
2025-04-25,23:45,3137.4
2025-04-26,00:00,3680.6
2025-04-26,00:15,3698.8
2025-04-26,00:30,2885.4
2025-04-26,00:45,3543.4
2025-04-26,01:00,3697.4
2025-04-26,01:15,2590
2025-04-26,01:30,3382.4
2025-04-26,01:45,3774.4
2025-04-26,02:00,3557.4
2025-04-26,02:15,3145.8
2025-04-26,02:30,3677.8
2025-04-26,02:45,3693.2
2025-04-26,03:00,2878.4
2025-04-26,03:15,3558.8
2025-04-26,03:30,3735.2
2025-04-26,03:45,2545.2
2025-04-26,04:00,3368.4
2025-04-26,04:15,3739.4
2025-04-26,04:30,3659.6
2025-04-26,04:45,3130.4
2025-04-26,05:00,3624.6
2025-04-26,05:15,3683.4
2025-04-26,05:30,2899.4
2025-04-26,05:45,3546.2
2025-04-26,06:00,3648.4
2025-04-26,06:15,2532.6
2025-04-26,06:30,3312.4
2025-04-26,06:45,3728.2
2025-04-26,07:00,3428.6
2025-04-26,07:15,3098.2
2025-04-26,07:30,3645.6
2025-04-26,07:45,3819.2
2025-04-26,08:00,3053.4
2025-04-26,08:15,3722.6
2025-04-26,08:30,3858.4
2025-04-26,08:45,2672.6
2025-04-26,09:00,3663.8
2025-04-26,09:15,3992.8
2025-04-26,09:30,3575.6
2025-04-26,09:45,3414.6
2025-04-26,10:00,3896.2
2025-04-26,10:15,3872.4
2025-04-26,10:30,3161.2
2025-04-26,10:45,3801
2025-04-26,11:00,3871
2025-04-26,11:15,2812.6
2025-04-26,11:30,3553.2
2025-04-26,11:45,3871
2025-04-26,12:00,3564.4
2025-04-26,12:15,3319.4
2025-04-26,12:30,3816.4
2025-04-26,12:45,3830.4
2025-04-26,13:00,3092.6
2025-04-26,13:15,3759
2025-04-26,13:30,3830.4
2025-04-26,13:45,2809.8
2025-04-26,14:00,3586.8
2025-04-26,14:15,3883.6
2025-04-26,14:30,3504.2
2025-04-26,14:45,3336.2
2025-04-26,15:00,3829
2025-04-26,15:15,3827.6
2025-04-26,15:30,3168.2
2025-04-26,15:45,3738
2025-04-26,16:00,3896.2
2025-04-26,16:15,2807
2025-04-26,16:30,3322.2
2025-04-26,16:45,3665.2
2025-04-26,17:00,3383.8
2025-04-26,17:15,2881.2
2025-04-26,17:30,3399.2
2025-04-26,17:45,3388
2025-04-26,18:00,2644.6
2025-04-26,18:15,3304
2025-04-26,18:30,3434.2
2025-04-26,18:45,2333.8
2025-04-26,19:00,3183.6
2025-04-26,19:15,3525.2
2025-04-26,19:30,3194.8
2025-04-26,19:45,3022.6
2025-04-26,20:00,3494.4
2025-04-26,20:15,3493
2025-04-26,20:30,2730
2025-04-26,20:45,3354.4
2025-04-26,21:00,3532.2
2025-04-26,21:15,2794.4
2025-04-26,21:30,3661
2025-04-26,21:45,3942.4
2025-04-26,22:00,3530.8
2025-04-26,22:15,3400.6
2025-04-26,22:30,3777.2
2025-04-26,22:45,3789.8
2025-04-26,23:00,3178
2025-04-26,23:15,3806.6
2025-04-26,23:30,3918.6
2025-04-26,23:45,2812.6
2025-04-27,00:00,3589.6
2025-04-27,00:15,3931.2
2025-04-27,00:30,3560.2
2025-04-27,00:45,3355.8
2025-04-27,01:00,3862.6
2025-04-27,01:15,3857
2025-04-27,01:30,3102.4
2025-04-27,01:45,3759
2025-04-27,02:00,3871
2025-04-27,02:15,2850.4
2025-04-27,02:30,3599.4
2025-04-27,02:45,3911.6
2025-04-27,03:00,3515.4
2025-04-27,03:15,3399.2
2025-04-27,03:30,3880.8
2025-04-27,03:45,3855.6
2025-04-27,04:00,3141.6
2025-04-27,04:15,3757.6
2025-04-27,04:30,3878
2025-04-27,04:45,2744
2025-04-27,05:00,3581.2
2025-04-27,05:15,3950.8
2025-04-27,05:30,3479
2025-04-27,05:45,3409
2025-04-27,06:00,3885
2025-04-27,06:15,3889.2
2025-04-27,06:30,3173.8
2025-04-27,06:45,3781.4
2025-04-27,07:00,3880.8
2025-04-27,07:15,2676.8
2025-04-27,07:30,3399.2
2025-04-27,07:45,3932.6
2025-04-27,08:00,3458
2025-04-27,08:15,3168.2
2025-04-27,08:30,3659.6
2025-04-27,08:45,3904.6
2025-04-27,09:00,3147.2
2025-04-27,09:15,3810.8
2025-04-27,09:30,4002.6
2025-04-27,09:45,2972.2
2025-04-27,10:00,3753.4
2025-04-27,10:15,4008.2
2025-04-27,10:30,3593.8
2025-04-27,10:45,3466.4
2025-04-27,11:00,3913
2025-04-27,11:15,3946.6
2025-04-27,11:30,3220
2025-04-27,11:45,3837.4
2025-04-27,12:00,4036.2
2025-04-27,12:15,2963.8
2025-04-27,12:30,3725.4
2025-04-27,12:45,4071.2
2025-04-27,13:00,3707.2
2025-04-27,13:15,3491.6
2025-04-27,13:30,3971.8
2025-04-27,13:45,3955
2025-04-27,14:00,3273.2
2025-04-27,14:15,3936.8
2025-04-27,14:30,4019.4
2025-04-27,14:45,3022.6
2025-04-27,15:00,3777.2
2025-04-27,15:15,4079.6
2025-04-27,15:30,3694.6
2025-04-27,15:45,3574.2
2025-04-27,16:00,4067
2025-04-27,16:15,4032
2025-04-27,16:30,3334.8
2025-04-27,16:45,3677.8
2025-04-27,17:00,3813.6
2025-04-27,17:15,2779
2025-04-27,17:30,3521
2025-04-27,17:45,3844.4
2025-04-27,18:00,3403.4
2025-04-27,18:15,3351.6
2025-04-27,18:30,3843
2025-04-27,18:45,3808
2025-04-27,19:00,3143
2025-04-27,19:15,3757.6
2025-04-27,19:30,3844.4
2025-04-27,19:45,2849
2025-04-27,20:00,3609.2
2025-04-27,20:15,3892
2025-04-27,20:30,3453.8
2025-04-27,20:45,3396.4
2025-04-27,21:00,3844.4
2025-04-27,21:15,3827.6
2025-04-27,21:30,3144.4
2025-04-27,21:45,3775.8
2025-04-27,22:00,3864
2025-04-27,22:15,2907.8
2025-04-27,22:30,3523.8
2025-04-27,22:45,3791.2
2025-04-27,23:00,3452.4
2025-04-27,23:15,3413.2
2025-04-27,23:30,3878
2025-04-27,23:45,3833.2
2025-04-28,00:00,3148.6
2025-04-28,00:15,3763.2
2025-04-28,00:30,3858.4
2025-04-28,00:45,2787.4
2025-04-28,01:00,3572.8
2025-04-28,01:15,3900.4
2025-04-28,01:30,3473.4
2025-04-28,01:45,3260.6
2025-04-28,02:00,3858.4
2025-04-28,02:15,3829
2025-04-28,02:30,3180.8
2025-04-28,02:45,3788.4
2025-04-28,03:00,3861.2
2025-04-28,03:15,2885.4
2025-04-28,03:30,3621.8
2025-04-28,03:45,3911.6
2025-04-28,04:00,3490.2
2025-04-28,04:15,3403.4
2025-04-28,04:30,3896.2
2025-04-28,04:45,3781.4
2025-04-28,05:00,3129
2025-04-28,05:15,3788.4
2025-04-28,05:30,3872.4
2025-04-28,05:45,2762.2
2025-04-28,06:00,3584
2025-04-28,06:15,3945.2
2025-04-28,06:30,3494.4
2025-04-28,06:45,3417.4
2025-04-28,07:00,3873.8
2025-04-28,07:15,3851.4
2025-04-28,07:30,3194.8
2025-04-28,07:45,3903.2
2025-04-28,08:00,3997
2025-04-28,08:15,2962.4
2025-04-28,08:30,4036.2
2025-04-28,08:45,4312
2025-04-28,09:00,3899
2025-04-28,09:15,3742.2
2025-04-28,09:30,4258.8
2025-04-28,09:45,4221
2025-04-28,10:00,3472
2025-04-28,10:15,4102
2025-04-28,10:30,4219.6
2025-04-28,10:45,3228.4
2025-04-28,11:00,4016.6
2025-04-28,11:15,4291
2025-04-28,11:30,3843
2025-04-28,11:45,3764.6
2025-04-28,12:00,4194.4
2025-04-28,12:15,4162.2
2025-04-28,12:30,3470.6
2025-04-28,12:45,4072.6
2025-04-28,13:00,4193
2025-04-28,13:15,3189.2
2025-04-28,13:30,3939.6
2025-04-28,13:45,4267.2
2025-04-28,14:00,3858.4
2025-04-28,14:15,3722.6
2025-04-28,14:30,4230.8
2025-04-28,14:45,4194.4
2025-04-28,15:00,3567.2
2025-04-28,15:15,4106.2
2025-04-28,15:30,4153.8
2025-04-28,15:45,3161.2
2025-04-28,16:00,3917.2
2025-04-28,16:15,4212.6
2025-04-28,16:30,3788.4
2025-04-28,16:45,3467.8
2025-04-28,17:00,3999.8
2025-04-28,17:15,3997
2025-04-28,17:30,3309.6
2025-04-28,17:45,3906
2025-04-28,18:00,4016.6
2025-04-28,18:15,3024
2025-04-28,18:30,3768.8
2025-04-28,18:45,4130
2025-04-28,19:00,3700.2
2025-04-28,19:15,3652.6
2025-04-28,19:30,4099.2
2025-04-28,19:45,4025
2025-04-28,20:00,3453.8
2025-04-28,20:15,4023.6
2025-04-28,20:30,4093.6
2025-04-28,20:45,3087
2025-04-28,21:00,3837.4
2025-04-28,21:15,4138.4
2025-04-28,21:30,3754.8
2025-04-28,21:45,3596.6
2025-04-28,22:00,4067
2025-04-28,22:15,4110.4
2025-04-28,22:30,3376.8
2025-04-28,22:45,3992.8
2025-04-28,23:00,4078.2
2025-04-28,23:15,3129
2025-04-28,23:30,3859.8
2025-04-28,23:45,4134.2
2025-04-29,00:00,3710
2025-04-29,00:15,3621.8
2025-04-29,00:30,4113.2
2025-04-29,00:45,4078.2
2025-04-29,01:00,3361.4
2025-04-29,01:15,3967.6
2025-04-29,01:30,4082.4
2025-04-29,01:45,3015.6
2025-04-29,02:00,3782.8
2025-04-29,02:15,4135.6
2025-04-29,02:30,3726.8
2025-04-29,02:45,3572.8
2025-04-29,03:00,4090.8
2025-04-29,03:15,4057.2
2025-04-29,03:30,3397.8
2025-04-29,03:45,3980.2
2025-04-29,04:00,4071.2
2025-04-29,04:15,3084.2
2025-04-29,04:30,3805.2
2025-04-29,04:45,4125.8
2025-04-29,05:00,3627.4
2025-04-29,05:15,3588.2
2025-04-29,05:30,4079.6
2025-04-29,05:45,4027.8
2025-04-29,06:00,3323.6
2025-04-29,06:15,3959.2
2025-04-29,06:30,4036.2
2025-04-29,06:45,2987.6
2025-04-29,07:00,3764.6
2025-04-29,07:15,4100.6
2025-04-29,07:30,3652.6
2025-04-29,07:45,3777.2
2025-04-29,08:00,4292.4
2025-04-29,08:15,4243.4
2025-04-29,08:30,3572.8
2025-04-29,08:45,4146.8
2025-04-29,09:00,4272.8
2025-04-29,09:15,3264.8
2025-04-29,09:30,3976
2025-04-29,09:45,4250.4
2025-04-29,10:00,3805.2
2025-04-29,10:15,3690.4
2025-04-29,10:30,4190.2
2025-04-29,10:45,4166.4
2025-04-29,11:00,3449.6
2025-04-29,11:15,4111.8
2025-04-29,11:30,4193
2025-04-29,11:45,3165.4
2025-04-29,12:00,3927
2025-04-29,12:15,4208.4
2025-04-29,12:30,3834.6
2025-04-29,12:45,3694.6
2025-04-29,13:00,4166.4
2025-04-29,13:15,4172
2025-04-29,13:30,3453.8
2025-04-29,13:45,4069.8
2025-04-29,14:00,4204.2
2025-04-29,14:15,3126.2
2025-04-29,14:30,3957.8
2025-04-29,14:45,4277
2025-04-29,15:00,3977.4
2025-04-29,15:15,3931.2
2025-04-29,15:30,5742.8
2025-04-29,15:45,5619.6
2025-04-29,16:00,4823
2025-04-29,16:15,5276.6
2025-04-29,16:30,4914
2025-04-29,16:45,3593.8
2025-04-29,17:00,3420.2
2025-04-29,17:15,2973.6
2025-04-29,17:30,3453.8
2025-04-29,17:45,3893.4
2025-04-29,18:00,3908.8
2025-04-29,18:15,4008.2
2025-04-29,18:30,3980.2
2025-04-29,18:45,3928.4
2025-04-29,19:00,3859.8
2025-04-29,19:15,3738
2025-04-29,19:30,3626
2025-04-29,19:45,3470.6
2025-04-29,20:00,3325
2025-04-29,20:15,3133.2
2025-04-29,20:30,2861.6
2025-04-29,20:45,3544.8
2025-04-29,21:00,3969
2025-04-29,21:15,4011
2025-04-29,21:30,4078.2
2025-04-29,21:45,4030.6
2025-04-29,22:00,3970.4
2025-04-29,22:15,3866.8
2025-04-29,22:30,3754.8
2025-04-29,22:45,3600.8
2025-04-29,23:00,3438.4
2025-04-29,23:15,3273.2
2025-04-29,23:30,3092.6
2025-04-29,23:45,2865.8
2025-04-30,00:00,3526.6
2025-04-30,00:15,3942.4
2025-04-30,00:30,3976
2025-04-30,00:45,4040.4
2025-04-30,01:00,3987.2
2025-04-30,01:15,3915.8
2025-04-30,01:30,3844.4
2025-04-30,01:45,3711.4
2025-04-30,02:00,3571.4
2025-04-30,02:15,3395
2025-04-30,02:30,3236.8
2025-04-30,02:45,3043.6
2025-04-30,03:00,2900.8
2025-04-30,03:15,3648.4
2025-04-30,03:30,3929.8
2025-04-30,03:45,3962
2025-04-30,04:00,4004
2025-04-30,04:15,3995.6
2025-04-30,04:30,3900.4
2025-04-30,04:45,3841.6
2025-04-30,05:00,3680.6
2025-04-30,05:15,3488.8
2025-04-30,05:30,3395
2025-04-30,05:45,3231.2
2025-04-30,06:00,3039.4
2025-04-30,06:15,2854.6
2025-04-30,06:30,3645.6
2025-04-30,06:45,3917.2
2025-04-30,07:00,3941
2025-04-30,07:15,4026.4
2025-04-30,07:30,4135.6
2025-04-30,07:45,4118.8
2025-04-30,08:00,4096.4
2025-04-30,08:15,3938.2
2025-04-30,08:30,3798.2
2025-04-30,08:45,3612
2025-04-30,09:00,3481.8
2025-04-30,09:15,3299.8
2025-04-30,09:30,3054.8
2025-04-30,09:45,3777.2
2025-04-30,10:00,4120.2
2025-04-30,10:15,4162.2
2025-04-30,10:30,4191.6
2025-04-30,10:45,4142.6
2025-04-30,11:00,4065.6
2025-04-30,11:15,3983
2025-04-30,11:30,3899
2025-04-30,11:45,3718.4
2025-04-30,12:00,3554.6
2025-04-30,12:15,3418.8
2025-04-30,12:30,3221.4
2025-04-30,12:45,3074.4
2025-04-30,13:00,3816.4
2025-04-30,13:15,4050.2
2025-04-30,13:30,4090.8
2025-04-30,13:45,4132.8
2025-04-30,14:00,4125.8
2025-04-30,14:15,4082.4
2025-04-30,14:30,3992.8
2025-04-30,14:45,3869.6
2025-04-30,15:00,3717
2025-04-30,15:15,3278.8
2025-04-30,15:30,3124.8
2025-04-30,15:45,3172.4
2025-04-30,16:00,3669.4
2025-04-30,16:15,3915.8
2025-04-30,16:30,4114.6
2025-04-30,16:45,4190.2
2025-04-30,17:00,4198.6
2025-04-30,17:15,4160.8
2025-04-30,17:30,3893.4
2025-04-30,17:45,3803.8
2025-04-30,18:00,3686.2
2025-04-30,18:15,3546.2
2025-04-30,18:30,3410.4
2025-04-30,18:45,3236.8
2025-04-30,19:00,3066
2025-04-30,19:15,3508.4
2025-04-30,19:30,4001.2
2025-04-30,19:45,4032
2025-04-30,20:00,4034.8
2025-04-30,20:15,4058.6
2025-04-30,20:30,4013.8
2025-04-30,20:45,3938.2
2025-04-30,21:00,3841.6
2025-04-30,21:15,3309.6
2025-04-30,21:30,3129
2025-04-30,21:45,2965.2
2025-04-30,22:00,2767.8
2025-04-30,22:15,2552.2
2025-04-30,22:30,3162.6
2025-04-30,22:45,3549
2025-04-30,23:00,3575.6
2025-04-30,23:15,3647
2025-04-30,23:30,3616.2
2025-04-30,23:45,3532.2
2025-05-01,00:00,3456.6
2025-05-01,00:15,3325
2025-05-01,00:30,3239.6
2025-05-01,00:45,3066
2025-05-01,01:00,2916.2
2025-05-01,01:15,2737
2025-05-01,01:30,2480.8
2025-05-01,01:45,3106.6
2025-05-01,02:00,3522.4
2025-05-01,02:15,3558.8
2025-05-01,02:30,3619
2025-05-01,02:45,3582.6
2025-05-01,03:00,3526.6
2025-05-01,03:15,3434.2
2025-05-01,03:30,3315.2
2025-05-01,03:45,3165.4
2025-05-01,04:00,3008.6
2025-05-01,04:15,2857.4
2025-05-01,04:30,2690.8
2025-05-01,04:45,2531.2
2025-05-01,05:00,3560.2
2025-05-01,05:15,3956.4
2025-05-01,05:30,4004
2025-05-01,05:45,4057.2
2025-05-01,06:00,4036.2
2025-05-01,06:15,3507
2025-05-01,06:30,3435.6
2025-05-01,06:45,3288.6
2025-05-01,07:00,3161.2
2025-05-01,07:15,3046.4
2025-05-01,07:30,2997.4
2025-05-01,07:45,2996
2025-05-01,08:00,2759.4
2025-05-01,08:15,3529.4
2025-05-01,08:30,3878
2025-05-01,08:45,3904.6
2025-05-01,09:00,3978.8
2025-05-01,09:15,3925.6
2025-05-01,09:30,3831.8
2025-05-01,09:45,3803.8
2025-05-01,10:00,3668
2025-05-01,10:15,3502.8
2025-05-01,10:30,3346
2025-05-01,10:45,3166.8
2025-05-01,11:00,3403.4
2025-05-01,11:15,3218.6
2025-05-01,11:30,3935.4
2025-05-01,11:45,4228
2025-05-01,12:00,4261.6
2025-05-01,12:15,4310.6
2025-05-01,12:30,4249
2025-05-01,12:45,4005.4
2025-05-01,13:00,3925.6
2025-05-01,13:15,3829
2025-05-01,13:30,3637.2
2025-05-01,13:45,3493
2025-05-01,14:00,3206
2025-05-01,14:15,3159.8
2025-05-01,14:30,2905
2025-05-01,14:45,3677.8
2025-05-01,15:00,3990
2025-05-01,15:15,4043.2
2025-05-01,15:30,4083.8
2025-05-01,15:45,4016.6
2025-05-01,16:00,3945.2
2025-05-01,16:15,3843
2025-05-01,16:30,3731
2025-05-01,16:45,3449.6
2025-05-01,17:00,3347.4
2025-05-01,17:15,3179.4
2025-05-01,17:30,2982
2025-05-01,17:45,3089.8
2025-05-01,18:00,3732.4
2025-05-01,18:15,3948
2025-05-01,18:30,3977.4
2025-05-01,18:45,4047.4
2025-05-01,19:00,3974.6
2025-05-01,19:15,3900.4
2025-05-01,19:30,3837.4
2025-05-01,19:45,3717
2025-05-01,20:00,3551.8
2025-05-01,20:15,3399.2
2025-05-01,20:30,3206
2025-05-01,20:45,2975
2025-05-01,21:00,3543.4
2025-05-01,21:15,3882.2
2025-05-01,21:30,3999.8
2025-05-01,21:45,4054.4
2025-05-01,22:00,4095
2025-05-01,22:15,4013.8
2025-05-01,22:30,3938.2
2025-05-01,22:45,3819.2
2025-05-01,23:00,3679.2
2025-05-01,23:15,3514
2025-05-01,23:30,3341.8
2025-05-01,23:45,3166.8
2025-05-02,00:00,2853.2
2025-05-02,00:15,3554.6
2025-05-02,00:30,3946.6
2025-05-02,00:45,4009.6
2025-05-02,01:00,4050.2
2025-05-02,01:15,4061.4
2025-05-02,01:30,3987.2
2025-05-02,01:45,3887.8
2025-05-02,02:00,3803.8
2025-05-02,02:15,3648.4
2025-05-02,02:30,3507
2025-05-02,02:45,3351.6
2025-05-02,03:00,3137.4
2025-05-02,03:15,2882.6
2025-05-02,03:30,3542
2025-05-02,03:45,3977.4
2025-05-02,04:00,3991.4
2025-05-02,04:15,4075.4
2025-05-02,04:30,4039
2025-05-02,04:45,3974.6
2025-05-02,05:00,3890.6
2025-05-02,05:15,3756.2
2025-05-02,05:30,3669.4
2025-05-02,05:45,3523.8
2025-05-02,06:00,3326.4
2025-05-02,06:15,3129
2025-05-02,06:30,2826.6
2025-05-02,06:45,3546.2
2025-05-02,07:00,3931.2
2025-05-02,07:15,3974.6
2025-05-02,07:30,4019.4
2025-05-02,07:45,4034.8
2025-05-02,08:00,3955
2025-05-02,08:15,3834.6
2025-05-02,08:30,3906
2025-05-02,08:45,3871
2025-05-02,09:00,3669.4
2025-05-02,09:15,3528
2025-05-02,09:30,3421.6
2025-05-02,09:45,3080
2025-05-02,10:00,3747.8
2025-05-02,10:15,4097.8
2025-05-02,10:30,4243.4
2025-05-02,10:45,4244.8
2025-05-02,11:00,4222.4
2025-05-02,11:15,4149.6
2025-05-02,11:30,3918.6
2025-05-02,11:45,3805.2
2025-05-02,12:00,3640
2025-05-02,12:15,3509.8
2025-05-02,12:30,3298.4
2025-05-02,12:45,3119.2
2025-05-02,13:00,3500
2025-05-02,13:15,3991.4
2025-05-02,13:30,4001.2
2025-05-02,13:45,4058.6
2025-05-02,14:00,4103.4
2025-05-02,14:15,4079.6
2025-05-02,14:30,4029.2
2025-05-02,14:45,3917.2
2025-05-02,15:00,3795.4
2025-05-02,15:15,3649.8
2025-05-02,15:30,3504.2
2025-05-02,15:45,3336.2
2025-05-02,16:00,3101
2025-05-02,16:15,3613.4
2025-05-02,16:30,4018
2025-05-02,16:45,3831.8
2025-05-02,17:00,3938.2
2025-05-02,17:15,3971.8
2025-05-02,17:30,3864
2025-05-02,17:45,3806.6
2025-05-02,18:00,3739.4
2025-05-02,18:15,3602.2
2025-05-02,18:30,3500
2025-05-02,18:45,3336.2
2025-05-02,19:00,3197.6
2025-05-02,19:15,2996
2025-05-02,19:30,3459.4
2025-05-02,19:45,3915.8
2025-05-02,20:00,3974.6
2025-05-02,20:15,4023.6
2025-05-02,20:30,4036.2
2025-05-02,20:45,4083.8
2025-05-02,21:00,3991.4
2025-05-02,21:15,3906
2025-05-02,21:30,3760.4
2025-05-02,21:45,3647
2025-05-02,22:00,3518.2
2025-05-02,22:15,3336.2
2025-05-02,22:30,3126.2
2025-05-02,22:45,3584
2025-05-02,23:00,4039
2025-05-02,23:15,4053
2025-05-02,23:30,4132.8
2025-05-02,23:45,4123
2025-05-03,00:00,4050.2
2025-05-03,00:15,4011
2025-05-03,00:30,3892
2025-05-03,00:45,3749.2
2025-05-03,01:00,3567.2
2025-05-03,01:15,3409
2025-05-03,01:30,3225.6
2025-05-03,01:45,2945.6
2025-05-03,02:00,3626
2025-05-03,02:15,4011
2025-05-03,02:30,4030.6
2025-05-03,02:45,4103.4
2025-05-03,03:00,4100.6
2025-05-03,03:15,4053
2025-05-03,03:30,3969
2025-05-03,03:45,3864
2025-05-03,04:00,3732.4
2025-05-03,04:15,3565.8
2025-05-03,04:30,3424.4
2025-05-03,04:45,3224.2
2025-05-03,05:00,2935.8
2025-05-03,05:15,3603.6
2025-05-03,05:30,4050.2
2025-05-03,05:45,4104.8
2025-05-03,06:00,4120.2
2025-05-03,06:15,4141.2
2025-05-03,06:30,4092.2
2025-05-03,06:45,4015.2
2025-05-03,07:00,3892
2025-05-03,07:15,3780
2025-05-03,07:30,3309.6
2025-05-03,07:45,3193.4
2025-05-03,08:00,3192
2025-05-03,08:15,2892.4
2025-05-03,08:30,3647
2025-05-03,08:45,4046
2025-05-03,09:00,4071.2
2025-05-03,09:15,4110.4
2025-05-03,09:30,4065.6
2025-05-03,09:45,3984.4
2025-05-03,10:00,3911.6
2025-05-03,10:15,3812.2
2025-05-03,10:30,3652.6
2025-05-03,10:45,3480.4
2025-05-03,11:00,3292.8
2025-05-03,11:15,3119.2
2025-05-03,11:30,2784.6
2025-05-03,11:45,3532.2
2025-05-03,12:00,3949.4
2025-05-03,12:15,3985.8
2025-05-03,12:30,4019.4
2025-05-03,12:45,3974.6
2025-05-03,13:00,3957.8
2025-05-03,13:15,3813.6
2025-05-03,13:30,3694.6
2025-05-03,13:45,3542
2025-05-03,14:00,3374
2025-05-03,14:15,3255
2025-05-03,14:30,3080
2025-05-03,14:45,2755.2
2025-05-03,15:00,3477.6
2025-05-03,15:15,3873.8
2025-05-03,15:30,3890.6
2025-05-03,15:45,3459.4
2025-05-03,16:00,3546.2
2025-05-03,16:15,3449.6
2025-05-03,16:30,3337.6
2025-05-03,16:45,3207.4
2025-05-03,17:00,3074.4
2025-05-03,17:15,2933
2025-05-03,17:30,2707.6
2025-05-03,17:45,2506
2025-05-03,18:00,2942.8
2025-05-03,18:15,3414.6
2025-05-03,18:30,3476.2
2025-05-03,18:45,3544.8
2025-05-03,19:00,3586.8
2025-05-03,19:15,3546.2
2025-05-03,19:30,3519.6
2025-05-03,19:45,3393.6
2025-05-03,20:00,3274.6
2025-05-03,20:15,3124.8
2025-05-03,20:30,2961
2025-05-03,20:45,2816.8
2025-05-03,21:00,3056.2
2025-05-03,21:15,3353
2025-05-03,21:30,3904.6
2025-05-03,21:45,3992.8
2025-05-03,22:00,4054.4
2025-05-03,22:15,4114.6
2025-05-03,22:30,4085.2
2025-05-03,22:45,3997
2025-05-03,23:00,3885
2025-05-03,23:15,3761.8
2025-05-03,23:30,3570
2025-05-03,23:45,3413.2
2025-05-04,00:00,3220
2025-05-04,00:15,3053.4
2025-05-04,00:30,3421.6
2025-05-04,00:45,3936.8
2025-05-04,01:00,4005.4
2025-05-04,01:15,4046
2025-05-04,01:30,4078.2
2025-05-04,01:45,4027.8
2025-05-04,02:00,3956.4
2025-05-04,02:15,3844.4
2025-05-04,02:30,3682
2025-05-04,02:45,3570
2025-05-04,03:00,3400.6
2025-05-04,03:15,3220
2025-05-04,03:30,2998.8
2025-05-04,03:45,3521
2025-05-04,04:00,3976
2025-05-04,04:15,4006.8
2025-05-04,04:30,4071.2
2025-05-04,04:45,4093.6
2025-05-04,05:00,4029.2
2025-05-04,05:15,3950.8
2025-05-04,05:30,3847.2
2025-05-04,05:45,3700.2
2025-05-04,06:00,3147.2
2025-05-04,06:15,2896.6
2025-05-04,06:30,2697.8
2025-05-04,06:45,2541
2025-05-04,07:00,3014.2
2025-05-04,07:15,3479
2025-05-04,07:30,3526.6
2025-05-04,07:45,3557.4
2025-05-04,08:00,3598
2025-05-04,08:15,3556
2025-05-04,08:30,3460.8
2025-05-04,08:45,3316.6
2025-05-04,09:00,3231.2
2025-05-04,09:15,3053.4
2025-05-04,09:30,2882.6
2025-05-04,09:45,2683.8
2025-05-04,10:00,2378.6
2025-05-04,10:15,3033.8
2025-05-04,10:30,3435.6
2025-05-04,10:45,3473.4
2025-05-04,11:00,3491.6
2025-05-04,11:15,3525.2
2025-05-04,11:30,3470.6
2025-05-04,11:45,3361.4
2025-05-04,12:00,3257.8
2025-05-04,12:15,3134.6
2025-05-04,12:30,2968
2025-05-04,12:45,2811.2
2025-05-04,13:00,2616.6
2025-05-04,13:15,2331
2025-05-04,13:30,2982
2025-05-04,13:45,3437
2025-05-04,14:00,3460.8
2025-05-04,14:15,3487.4
2025-05-04,14:30,3456.6
2025-05-04,14:45,3395
2025-05-04,15:00,3347.4
2025-05-04,15:15,3242.4
2025-05-04,15:30,3113.6
2025-05-04,15:45,2938.6
2025-05-04,16:00,2783.2
2025-05-04,16:15,2581.6
2025-05-04,16:30,2333.8
2025-05-04,16:45,3004.4
2025-05-04,17:00,3402
2025-05-04,17:15,3455.2
2025-05-04,17:30,3472
2025-05-04,17:45,3460.8
2025-05-04,18:00,3399.2
2025-05-04,18:15,3330.6
2025-05-04,18:30,3211.6
2025-05-04,18:45,3077.2
2025-05-04,19:00,2962.4
2025-05-04,19:15,2823.8
2025-05-04,19:30,2657.2
2025-05-04,19:45,2346.4
2025-05-04,20:00,3108
2025-05-04,20:15,3480.4
2025-05-04,20:30,3530.8
2025-05-04,20:45,3572.8
2025-05-04,21:00,3522.4
2025-05-04,21:15,3462.2
2025-05-04,21:30,3357.2
2025-05-04,21:45,3239.6
2025-05-04,22:00,3067.4
2025-05-04,22:15,2916.2
2025-05-04,22:30,2732.8
2025-05-04,22:45,2532.6
2025-05-04,23:00,2857.4
2025-05-04,23:15,3101
2025-05-04,23:30,3462.2
2025-05-04,23:45,3523.8
2025-05-05,00:00,3535
2025-05-05,00:15,3493
2025-05-05,00:30,3424.4
2025-05-05,00:45,3327.8
2025-05-05,01:00,3200.4
2025-05-05,01:15,3059
2025-05-05,01:30,2907.8
2025-05-05,01:45,2758
2025-05-05,02:00,2567.6
2025-05-05,02:15,2721.6
2025-05-05,02:30,3318
2025-05-05,02:45,3472
2025-05-05,03:00,3525.2
2025-05-05,03:15,3544.8
2025-05-05,03:30,3500
2025-05-05,03:45,3442.6
2025-05-05,04:00,3333.4
2025-05-05,04:15,3214.4
2025-05-05,04:30,3061.8
2025-05-05,04:45,2884
2025-05-05,05:00,2671.2
2025-05-05,05:15,2536.8
2025-05-05,05:30,2695
2025-05-05,05:45,3306.8
2025-05-05,06:00,3462.2
2025-05-05,06:15,3507
2025-05-05,06:30,3556
2025-05-05,06:45,3528
2025-05-05,07:00,3459.4
2025-05-05,07:15,3368.4
2025-05-05,07:30,3089.8
2025-05-05,07:45,2914.8
2025-05-05,08:00,2783.2
2025-05-05,08:15,2580.2
2025-05-05,08:30,2366
2025-05-05,08:45,2725.8
2025-05-05,09:00,3381
2025-05-05,09:15,3417.4
2025-05-05,09:30,3466.4
2025-05-05,09:45,3453.8
2025-05-05,10:00,3396.4
2025-05-05,10:15,3305.4
2025-05-05,10:30,3210.2
2025-05-05,10:45,3082.8
2025-05-05,11:00,2885.4
2025-05-05,11:15,2699.2
2025-05-05,11:30,2535.4
2025-05-05,11:45,2360.4
2025-05-05,12:00,2874.2
2025-05-05,12:15,3299.8
2025-05-05,12:30,3318
2025-05-05,12:45,3368.4
2025-05-05,13:00,3354.4
2025-05-05,13:15,3229.8
2025-05-05,13:30,3246.6
2025-05-05,13:45,3143
2025-05-05,14:00,2976.4
2025-05-05,14:15,2886.8
2025-05-05,14:30,2727.2
2025-05-05,14:45,2517.2
2025-05-05,15:00,2282
2025-05-05,15:15,2941.4
2025-05-05,15:30,3316.6
2025-05-05,15:45,3355.8
2025-05-05,16:00,3431.4
2025-05-05,16:15,3431.4
2025-05-05,16:30,3525.2
2025-05-05,16:45,3746.4
2025-05-05,17:00,3661
2025-05-05,17:15,3511.2
2025-05-05,17:30,3323.6
2025-05-05,17:45,3169.6
2025-05-05,18:00,2980.6
2025-05-05,18:15,2689.4
2025-05-05,18:30,3393.6
2025-05-05,18:45,3823.4
2025-05-05,19:00,3854.2
2025-05-05,19:15,3910.2
2025-05-05,19:30,3959.2
2025-05-05,19:45,3925.6
2025-05-05,20:00,3697.4
2025-05-05,20:15,3718.4
2025-05-05,20:30,3563
2025-05-05,20:45,3350.2
2025-05-05,21:00,3215.8
2025-05-05,21:15,3014.2
2025-05-05,21:30,2758
2025-05-05,21:45,3305.4
2025-05-05,22:00,3708.6
2025-05-05,22:15,3840.2
2025-05-05,22:30,3873.8
2025-05-05,22:45,3843
2025-05-05,23:00,3791.2
2025-05-05,23:15,3690.4
2025-05-05,23:30,3558.8
2025-05-05,23:45,3424.4
2025-05-06,00:00,3297
2025-05-06,00:15,3122
2025-05-06,00:30,2521.4
2025-05-06,00:45,2251.2
2025-05-06,01:00,2812.6
2025-05-06,01:15,3246.6
2025-05-06,01:30,3277.4
2025-05-06,01:45,3305.4
2025-05-06,02:00,3287.2
2025-05-06,02:15,3215.8
2025-05-06,02:30,3133.2
2025-05-06,02:45,3022.6
2025-05-06,03:00,2882.6
2025-05-06,03:15,2716
2025-05-06,03:30,2569
2025-05-06,03:45,2368.8
2025-05-06,04:00,2128
2025-05-06,04:15,3263.4
2025-05-06,04:30,3651.2
2025-05-06,04:45,3703
2025-05-06,05:00,3773
2025-05-06,05:15,3647
2025-05-06,05:30,3654
2025-05-06,05:45,3564.4
2025-05-06,06:00,3418.8
2025-05-06,06:15,3295.6
2025-05-06,06:30,3119.2
2025-05-06,06:45,2952.6
2025-05-06,07:00,2758
2025-05-06,07:15,3007.2
2025-05-06,07:30,3585.4
2025-05-06,07:45,3700.2
2025-05-06,08:00,3750.6
2025-05-06,08:15,3871
2025-05-06,08:30,3833.2
2025-05-06,08:45,3787
2025-05-06,09:00,3693.2
2025-05-06,09:15,3550.4
2025-05-06,09:30,3407.6
2025-05-06,09:45,3781.4
2025-05-06,10:00,3689
2025-05-06,10:15,3486
2025-05-06,10:30,3879.4
2025-05-06,10:45,3952.2
2025-05-06,11:00,4004
2025-05-06,11:15,4034.8
2025-05-06,11:30,3980.2
2025-05-06,11:45,3876.6
2025-05-06,12:00,3792.6
2025-05-06,12:15,3701.6
2025-05-06,12:30,3556
2025-05-06,12:45,3194.8
2025-05-06,13:00,3043.6
2025-05-06,13:15,2844.8
2025-05-06,13:30,2699.2
2025-05-06,13:45,3106.6
2025-05-06,14:00,3784.2
2025-05-06,14:15,3801
2025-05-06,14:30,3840.2
2025-05-06,14:45,3837.4
2025-05-06,15:00,3780
2025-05-06,15:15,3852.8
2025-05-06,15:30,4047.4
2025-05-06,15:45,3906
2025-05-06,16:00,3586.8
2025-05-06,16:15,3389.4
2025-05-06,16:30,3274.6
2025-05-06,16:45,2620.8
2025-05-06,17:00,3014.2
2025-05-06,17:15,3463.6
2025-05-06,17:30,3494.4
2025-05-06,17:45,3537.8
2025-05-06,18:00,3476.2
2025-05-06,18:15,1850.8
2025-05-06,18:30,2095.8
2025-05-06,18:45,2125.2
2025-05-06,19:00,1876
2025-05-06,19:15,1883
2025-05-06,19:30,1874.6
2025-05-06,19:45,1891.4
2025-05-06,20:00,1860.6
2025-05-06,20:15,1859.2
2025-05-06,20:30,1859.2
2025-05-06,20:45,1878.8
2025-05-06,21:00,1859.2
2025-05-06,21:15,1883
2025-05-06,21:30,1881.6
2025-05-06,21:45,1884.4
2025-05-06,22:00,1884.4
2025-05-06,22:15,1892.8
2025-05-06,22:30,1881.6
2025-05-06,22:45,1860.6
2025-05-06,23:00,1870.4
2025-05-06,23:15,1878.8
2025-05-06,23:30,1877.4
2025-05-06,23:45,1888.6
2025-05-07,00:00,1871.8
2025-05-07,00:15,1880.2
2025-05-07,00:30,1887.2
2025-05-07,00:45,1884.4
2025-05-07,01:00,1881.6
2025-05-07,01:15,1880.2
2025-05-07,01:30,1878.8
2025-05-07,01:45,1880.2
2025-05-07,02:00,1460.2
2025-05-07,02:15,1454.6
2025-05-07,02:30,1457.4
2025-05-07,02:45,1458.8
2025-05-07,03:00,1465.8
2025-05-07,03:15,1457.4
2025-05-07,03:30,1463
2025-05-07,03:45,1454.6
2025-05-07,04:00,1456
2025-05-07,04:15,1460.2
2025-05-07,04:30,1456
2025-05-07,04:45,1457.4
2025-05-07,05:00,1433.6
2025-05-07,05:15,1426.6
2025-05-07,05:30,1416.8
2025-05-07,05:45,1419.6
2025-05-07,06:00,1408.4
2025-05-07,06:15,1414
2025-05-07,06:30,1408.4
2025-05-07,06:45,1436.4
2025-05-07,07:00,1415.4
2025-05-07,07:15,1416.8
2025-05-07,07:30,1423.8
2025-05-07,07:45,1414
2025-05-07,08:00,1418.2
2025-05-07,08:15,1317.4
2025-05-07,08:30,1334.2
2025-05-07,08:45,1310.4
2025-05-07,09:00,1304.8
2025-05-07,09:15,1289.4
2025-05-07,09:30,1302
2025-05-07,09:45,1338.4
2025-05-07,10:00,1370.6
2025-05-07,10:15,1337
2025-05-07,10:30,1356.6
2025-05-07,10:45,1360.8
2025-05-07,11:00,1349.6
2025-05-07,11:15,1348.2
2025-05-07,11:30,1352.4
2025-05-07,11:45,1321.6
2025-05-07,12:00,1317.4
2025-05-07,12:15,1310.4
2025-05-07,12:30,1304.8
2025-05-07,12:45,1488.2
2025-05-07,13:00,1513.4
2025-05-07,13:15,1517.6
2025-05-07,13:30,1541.4
2025-05-07,13:45,1761.2
2025-05-07,14:00,1838.2
2025-05-07,14:15,1820
2025-05-07,14:30,1810.2
2025-05-07,14:45,1839.6
2025-05-07,15:00,1874.6
2025-05-07,15:15,1806
2025-05-07,15:30,1600.2
2025-05-07,15:45,1638
2025-05-07,16:00,1818.6
2025-05-07,16:15,1818.6
2025-05-07,16:30,1587.6
2025-05-07,16:45,1610
2025-05-07,17:00,1612.8
2025-05-07,17:15,1615.6
2025-05-07,17:30,1632.4
2025-05-07,17:45,1624
2025-05-07,18:00,1649.2
2025-05-07,18:15,1652
2025-05-07,18:30,1678.6
2025-05-07,18:45,1667.4
2025-05-07,19:00,1673
2025-05-07,19:15,1649.2
2025-05-07,19:30,1671.6
2025-05-07,19:45,1675.8
2025-05-07,20:00,1687
2025-05-07,20:15,1666
2025-05-07,20:30,1684.2
2025-05-07,20:45,1650.6
2025-05-07,21:00,1675.8
2025-05-07,21:15,1674.4
2025-05-07,21:30,1667.4
2025-05-07,21:45,1674.4
2025-05-07,22:00,1661.8
2025-05-07,22:15,1691.2
2025-05-07,22:30,1671.6
2025-05-07,22:45,1666
2025-05-07,23:00,1652
2025-05-07,23:15,1664.6
2025-05-07,23:30,1643.6
2025-05-07,23:45,1652
2025-05-08,00:00,1656.2
2025-05-08,00:15,1649.2
2025-05-08,00:30,1663.2
2025-05-08,00:45,1645
2025-05-08,01:00,1660.4
2025-05-08,01:15,1657.6
2025-05-08,01:30,1649.2
2025-05-08,01:45,1659
2025-05-08,02:00,1649.2
2025-05-08,02:15,1670.2
2025-05-08,02:30,1647.8
2025-05-08,02:45,1671.6
2025-05-08,03:00,1657.6
2025-05-08,03:15,1668.8
2025-05-08,03:30,1660.4
2025-05-08,03:45,1664.6
2025-05-08,04:00,1652
2025-05-08,04:15,1674.4
2025-05-08,04:30,1674.4
2025-05-08,04:45,1667.4
2025-05-08,05:00,1673
2025-05-08,05:15,1659
2025-05-08,05:30,1647.8
2025-05-08,05:45,1663.2
2025-05-08,06:00,1646.4
2025-05-08,06:15,1638
2025-05-08,06:30,1652
2025-05-08,06:45,1674.4
2025-05-08,07:00,1647.8
2025-05-08,07:15,1657.6
2025-05-08,07:30,1685.6
2025-05-08,07:45,1717.8
2025-05-08,08:00,1370.6
2025-05-08,08:15,1353.8
2025-05-08,08:30,1355.2
2025-05-08,08:45,1346.8
2025-05-08,09:00,1345.4
2025-05-08,09:15,1345.4
2025-05-08,09:30,1341.2
2025-05-08,09:45,1353.8
2025-05-08,10:00,1351
2025-05-08,10:15,1353.8
2025-05-08,10:30,1517.6
2025-05-08,10:45,1524.6
2025-05-08,11:00,1527.4
2025-05-08,11:15,1540
2025-05-08,11:30,1538.6
2025-05-08,11:45,1533
2025-05-08,12:00,1678.6
2025-05-08,12:15,1653.4
2025-05-08,12:30,1666
2025-05-08,12:45,1675.8
2025-05-08,13:00,1640.8
2025-05-08,13:15,1625.4
2025-05-08,13:30,1633.8
2025-05-08,13:45,1661.8
2025-05-08,14:00,1621.2
2025-05-08,14:15,1691.2
2025-05-08,14:30,1474.2
2025-05-08,14:45,1519
2025-05-08,15:00,1486.8
2025-05-08,15:15,1426.6
2025-05-08,15:30,1429.4
2025-05-08,15:45,1370.6
2025-05-08,16:00,1365
2025-05-08,16:15,1395.8
2025-05-08,16:30,1201.2
2025-05-08,16:45,1204
2025-05-08,17:00,1198.4
2025-05-08,17:15,1215.2
2025-05-08,17:30,1184.4
2025-05-08,17:45,1183
2025-05-08,18:00,1173.2
2025-05-08,18:15,1484
2025-05-08,18:30,1481.2
2025-05-08,18:45,1496.6
2025-05-08,19:00,1477
2025-05-08,19:15,1493.8
2025-05-08,19:30,1495.2
2025-05-08,19:45,1492.4
2025-05-08,20:00,1478.4
2025-05-08,20:15,1461.6
2025-05-08,20:30,1496.6
2025-05-08,20:45,1478.4
2025-05-08,21:00,1463
2025-05-08,21:15,1520.4
2025-05-08,21:30,1499.4
2025-05-08,21:45,1484
2025-05-08,22:00,1523.2
2025-05-08,22:15,1495.2
2025-05-08,22:30,1514.8
2025-05-08,22:45,1530.2
2025-05-08,23:00,1513.4
2025-05-08,23:15,1493.8
2025-05-08,23:30,1477
2025-05-08,23:45,1471.4
2025-05-09,00:00,1461.6
2025-05-09,00:15,1485.4
2025-05-09,00:30,1460.2
2025-05-09,00:45,1470
2025-05-09,01:00,1492.4
2025-05-09,01:15,1467.2
2025-05-09,01:30,1451.8
2025-05-09,01:45,1464.4
2025-05-09,02:00,1463
2025-05-09,02:15,1446.2
2025-05-09,02:30,1467.2
2025-05-09,02:45,1465.8
2025-05-09,03:00,1446.2
2025-05-09,03:15,1454.6
2025-05-09,03:30,1449
2025-05-09,03:45,1439.2
2025-05-09,04:00,1468.6
2025-05-09,04:15,1444.8
2025-05-09,04:30,1450.4
2025-05-09,04:45,1456
2025-05-09,05:00,1432.2
2025-05-09,05:15,1458.8
2025-05-09,05:30,1444.8
2025-05-09,05:45,1432.2
2025-05-09,06:00,1442
2025-05-09,06:15,1449
2025-05-09,06:30,1446.2
2025-05-09,06:45,1479.8
2025-05-09,07:00,1474.2
2025-05-09,07:15,1464.4
2025-05-09,07:30,1488.2
2025-05-09,07:45,1478.4
2025-05-09,08:00,1478.4
2025-05-09,08:15,1513.4
2025-05-09,08:30,1499.4
2025-05-09,08:45,1659
2025-05-09,09:00,1660.4
2025-05-09,09:15,1660.4
2025-05-09,09:30,1646.4
2025-05-09,09:45,1646.4
2025-05-09,10:00,1601.6
2025-05-09,10:15,1678.6
2025-05-09,10:30,1681.4
2025-05-09,10:45,1899.8
2025-05-09,11:00,1631
2025-05-09,11:15,1610
2025-05-09,11:30,1622.6
2025-05-09,11:45,1332.8
2025-05-09,12:00,1342.6
2025-05-09,12:15,1356.6
2025-05-09,12:30,1328.6
2025-05-09,12:45,1334.2
2025-05-09,13:00,1295
2025-05-09,13:15,1337
2025-05-09,13:30,1381.8
2025-05-09,13:45,1356.6
2025-05-09,14:00,1323
2025-05-09,14:15,1318.8
2025-05-09,14:30,1328.6
2025-05-09,14:45,1344
2025-05-09,15:00,1159.2
2025-05-09,15:15,1149.4
2025-05-09,15:30,1156.4
2025-05-09,15:45,1153.6
2025-05-09,16:00,1166.2
2025-05-09,16:15,1171.8
2025-05-09,16:30,1353.8
2025-05-09,16:45,1369.2
2025-05-09,17:00,1376.2
2025-05-09,17:15,1377.6
2025-05-09,17:30,1351
2025-05-09,17:45,1369.2
2025-05-09,18:00,1362.2
2025-05-09,18:15,1369.2
2025-05-09,18:30,1367.8
2025-05-09,18:45,1391.6
2025-05-09,19:00,1381.8
2025-05-09,19:15,1388.8
2025-05-09,19:30,1411.2
2025-05-09,19:45,1423.8
2025-05-09,20:00,1394.4
2025-05-09,20:15,1400
2025-05-09,20:30,1395.8
2025-05-09,20:45,1405.6
2025-05-09,21:00,1418.2
2025-05-09,21:15,1407
2025-05-09,21:30,1407
2025-05-09,21:45,1404.2
2025-05-09,22:00,1877.4
2025-05-09,22:15,1901.2
2025-05-09,22:30,1874.6
2025-05-09,22:45,1885.8
2025-05-09,23:00,1895.6
2025-05-09,23:15,1898.4
2025-05-09,23:30,1911
2025-05-09,23:45,1915.2
2025-05-10,00:00,1895.6
2025-05-10,00:15,1925
2025-05-10,00:30,1911
2025-05-10,00:45,1909.6
2025-05-10,01:00,1890
2025-05-10,01:15,1874.6
2025-05-10,01:30,1874.6
2025-05-10,01:45,1859.2
2025-05-10,02:00,1859.2
2025-05-10,02:15,1862
2025-05-10,02:30,1848
2025-05-10,02:45,1832.6
2025-05-10,03:00,1831.2
2025-05-10,03:15,1836.8
2025-05-10,03:30,1829.8
2025-05-10,03:45,1814.4
2025-05-10,04:00,1817.2
2025-05-10,04:15,1815.8
2025-05-10,04:30,1814.4
2025-05-10,04:45,1811.6
2025-05-10,05:00,1794.8
2025-05-10,05:15,1797.6
2025-05-10,05:30,1792
2025-05-10,05:45,1793.4
2025-05-10,06:00,1379
2025-05-10,06:15,1352.4
2025-05-10,06:30,1349.6
2025-05-10,06:45,1360.8
2025-05-10,07:00,1349.6
2025-05-10,07:15,1339.8
2025-05-10,07:30,1358
2025-05-10,07:45,1379
2025-05-10,08:00,1409.8
2025-05-10,08:15,1384.6
2025-05-10,08:30,1446.2
2025-05-10,08:45,1626.8
2025-05-10,09:00,3015.6
2025-05-10,09:15,3259.2
2025-05-10,09:30,2910.6
2025-05-10,09:45,2826.6
2025-05-10,10:00,3302.6
2025-05-10,10:15,3273.2
2025-05-10,10:30,2605.4
2025-05-10,10:45,3245.2
2025-05-10,11:00,3294.2
2025-05-10,11:15,2448.6
2025-05-10,11:30,3129
2025-05-10,11:45,3347.4
2025-05-10,12:00,2878.4
2025-05-10,12:15,2858.8
2025-05-10,12:30,3326.4
2025-05-10,12:45,3256.4
2025-05-10,13:00,2632
2025-05-10,13:15,3232.6
2025-05-10,13:30,3292.8
2025-05-10,13:45,2359
2025-05-10,14:00,3088.4
2025-05-10,14:15,3344.6
2025-05-10,14:30,2861.6
2025-05-10,14:45,2933
2025-05-10,15:00,3353
2025-05-10,15:15,3284.4
2025-05-10,15:30,2731.4
2025-05-10,15:45,3357.2
2025-05-10,16:00,3395
2025-05-10,16:15,2503.2
2025-05-10,16:30,3197.6
2025-05-10,16:45,3416
2025-05-10,17:00,2912
2025-05-10,17:15,2949.8
2025-05-10,17:30,3437
2025-05-10,17:45,3350.2
2025-05-10,18:00,2734.2
2025-05-10,18:15,3315.2
2025-05-10,18:30,3383.8
2025-05-10,18:45,2528.4
2025-05-10,19:00,3206
2025-05-10,19:15,3416
2025-05-10,19:30,2896.6
2025-05-10,19:45,3042.2
2025-05-10,20:00,3439.8
2025-05-10,20:15,3383.8
2025-05-10,20:30,2767.8
2025-05-10,20:45,3341.8
2025-05-10,21:00,3395
2025-05-10,21:15,2480.8
2025-05-10,21:30,3178
2025-05-10,21:45,3434.2
2025-05-10,22:00,2975
2025-05-10,22:15,2954
2025-05-10,22:30,3395
2025-05-10,22:45,3344.6
2025-05-10,23:00,2739.8
2025-05-10,23:15,3306.8
2025-05-10,23:30,3348.8
2025-05-10,23:45,2466.8
2025-05-11,00:00,3179.4
2025-05-11,00:15,3409
2025-05-11,00:30,2926
2025-05-11,00:45,2959.6
2025-05-11,01:00,3382.4
2025-05-11,01:15,3350.2
2025-05-11,01:30,2718.8
2025-05-11,01:45,3291.4
2025-05-11,02:00,3346
2025-05-11,02:15,2469.6
2025-05-11,02:30,3126.2
2025-05-11,02:45,3400.6
2025-05-11,03:00,2758
2025-05-11,03:15,2955.4
2025-05-11,03:30,3389.4
2025-05-11,03:45,3343.2
2025-05-11,04:00,2731.4
2025-05-11,04:15,3332
2025-05-11,04:30,3348.8
2025-05-11,04:45,2381.4
2025-05-11,05:00,3113.6
2025-05-11,05:15,3379.6
2025-05-11,05:30,2944.2
2025-05-11,05:45,2948.4
2025-05-11,06:00,3361.4
2025-05-11,06:15,3332
2025-05-11,06:30,2696.4
2025-05-11,06:45,3283
2025-05-11,07:00,3169.6
2025-05-11,07:15,2339.4
2025-05-11,07:30,2990.4
2025-05-11,07:45,3410.4
2025-05-11,08:00,2797.2
2025-05-11,08:15,2976.4
2025-05-11,08:30,3403.4
2025-05-11,08:45,3360
2025-05-11,09:00,2770.6
2025-05-11,09:15,3337.6
2025-05-11,09:30,3357.2
2025-05-11,09:45,2444.4
2025-05-11,10:00,3117.8
2025-05-11,10:15,3353
2025-05-11,10:30,2917.6
2025-05-11,10:45,2935.8
2025-05-11,11:00,3340.4
2025-05-11,11:15,3283
2025-05-11,11:30,2737
2025-05-11,11:45,3248
2025-05-11,12:00,3276
2025-05-11,12:15,2451.4
2025-05-11,12:30,3075.8
2025-05-11,12:45,3287.2
2025-05-11,13:00,2629.2
2025-05-11,13:15,2891
2025-05-11,13:30,3295.6
2025-05-11,13:45,3232.6
2025-05-11,14:00,2662.8
2025-05-11,14:15,3222.8
2025-05-11,14:30,3259.2
2025-05-11,14:45,2413.6
2025-05-11,15:00,3091.2
2025-05-11,15:15,3299.8
2025-05-11,15:30,2325.4
2025-05-11,15:45,2924.6
2025-05-11,16:00,3326.4
2025-05-11,16:15,3322.2
2025-05-11,16:30,2716
2025-05-11,16:45,3253.6
2025-05-11,17:00,3283
2025-05-11,17:15,2499
2025-05-11,17:30,3054.8
2025-05-11,17:45,3287.2
2025-05-11,18:00,2573.2
2025-05-11,18:15,2739.8
2025-05-11,18:30,3180.8
2025-05-11,18:45,3071.6
2025-05-11,19:00,2468.2
2025-05-11,19:15,3372.6
2025-05-11,19:30,3424.4
2025-05-11,19:45,2634.8
2025-05-11,20:00,3283
2025-05-11,20:15,3498.6
2025-05-11,20:30,2772
2025-05-11,20:45,3032.4
2025-05-11,21:00,3537.8
2025-05-11,21:15,3466.4
2025-05-11,21:30,2903.6
2025-05-11,21:45,3442.6
2025-05-11,22:00,3560.2
2025-05-11,22:15,3070.2
2025-05-11,22:30,3736.6
2025-05-11,22:45,3953.6
2025-05-11,23:00,3493
2025-05-11,23:15,3553.2
2025-05-11,23:30,3963.4
2025-05-11,23:45,3886.4
2025-05-12,00:00,3318
2025-05-12,00:15,3910.2
2025-05-12,00:30,3901.8
2025-05-12,00:45,3077.2
2025-05-12,01:00,3722.6
2025-05-12,01:15,3943.8
2025-05-12,01:30,3337.6
2025-05-12,01:45,3519.6
2025-05-12,02:00,3899
2025-05-12,02:15,3850
2025-05-12,02:30,3283
2025-05-12,02:45,3763.2
2025-05-12,03:00,3826.2
2025-05-12,03:15,2966.6
2025-05-12,03:30,3354.4
2025-05-12,03:45,3565.8
2025-05-12,04:00,2716
2025-05-12,04:15,3253.6
2025-05-12,04:30,3878
2025-05-12,04:45,3770.2
2025-05-12,05:00,3217.2
2025-05-12,05:15,3718.4
2025-05-12,05:30,3855.6
2025-05-12,05:45,2951.2
2025-05-12,06:00,3175.2
2025-05-12,06:15,3350.2
2025-05-12,06:30,2864.4
2025-05-12,06:45,3005.8
2025-05-12,07:00,3428.6
2025-05-12,07:15,3411.8
2025-05-12,07:30,2797.2
2025-05-12,07:45,3155.6
2025-05-12,08:00,3222.8
2025-05-12,08:15,2392.6
2025-05-12,08:30,3297
2025-05-12,08:45,3477.6
2025-05-12,09:00,2564.8
2025-05-12,09:15,3092.6
2025-05-12,09:30,3493
2025-05-12,09:45,3152.8
2025-05-12,10:00,2574.6
2025-05-12,10:15,3320.8
2025-05-12,10:30,3385.2
2025-05-12,10:45,2511.6
2025-05-12,11:00,2889.6
2025-05-12,11:15,3123.4
2025-05-12,11:30,2626.4
2025-05-12,11:45,3003
2025-05-12,12:00,3102.4
2025-05-12,12:15,3043.6
2025-05-12,12:30,2689.4
2025-05-12,12:45,3187.8
2025-05-12,13:00,3221.4
2025-05-12,13:15,2714.6
2025-05-12,13:30,3339
2025-05-12,13:45,3532.2
2025-05-12,14:00,2807
2025-05-12,14:15,3151.4
2025-05-12,14:30,3536.4
2025-05-12,14:45,3487.4
2025-05-12,15:00,2941.4
2025-05-12,15:15,3493
2025-05-12,15:30,3516.8
2025-05-12,15:45,2704.8
2025-05-12,16:00,3371.2
2025-05-12,16:15,3537.8
2025-05-12,16:30,2550.8
2025-05-12,16:45,3021.2
2025-05-12,17:00,3400.6
2025-05-12,17:15,3334.8
2025-05-12,17:30,2766.4
2025-05-12,17:45,3312.4
2025-05-12,18:00,3329.2
2025-05-12,18:15,2524.2
2025-05-12,18:30,3206
2025-05-12,18:45,3409
2025-05-12,19:00,2724.4
2025-05-12,19:15,3043.6
2025-05-12,19:30,3437
2025-05-12,19:45,3365.6
2025-05-12,20:00,2846.2
2025-05-12,20:15,3087
2025-05-12,20:30,3091.2
2025-05-12,20:45,2314.2
2025-05-12,21:00,3263.4
2025-05-12,21:15,3122
2025-05-12,21:30,2100
2025-05-12,21:45,3066
2025-05-12,22:00,3432.8
2025-05-12,22:15,3396.4
2025-05-12,22:30,2843.4
2025-05-12,22:45,3381
2025-05-12,23:00,3414.6
2025-05-12,23:15,2590
2025-05-12,23:30,3225.6
2025-05-12,23:45,3451
2025-05-13,00:00,2826.6
2025-05-13,00:15,3070.2
2025-05-13,00:30,3434.2
2025-05-13,00:45,3313.8
2025-05-13,01:00,2839.2
2025-05-13,01:15,3378.2
2025-05-13,01:30,3420.2
2025-05-13,01:45,2597
2025-05-13,02:00,3238.2
2025-05-13,02:15,3413.2
2025-05-13,02:30,2574.6
2025-05-13,02:45,3067.4
2025-05-13,03:00,3442.6
2025-05-13,03:15,3381
2025-05-13,03:30,2849
2025-05-13,03:45,3364.2
2025-05-13,04:00,3402
2025-05-13,04:15,2567.6
2025-05-13,04:30,3246.6
2025-05-13,04:45,3379.6
2025-05-13,05:00,2258.2
2025-05-13,05:15,3082.8
2025-05-13,05:30,3434.2
2025-05-13,05:45,3334.8
2025-05-13,06:00,2807
2025-05-13,06:15,3364.2
2025-05-13,06:30,3361.4
2025-05-13,06:45,2560.6
2025-05-13,07:00,3236.8
2025-05-13,07:15,3403.4
2025-05-13,07:30,2209.2
2025-05-13,07:45,3089.8
2025-05-13,08:00,3413.2
2025-05-13,08:15,3315.2
2025-05-13,08:30,2821
2025-05-13,08:45,3305.4
2025-05-13,09:00,3312.4
2025-05-13,09:15,2749.6
2025-05-13,09:30,3606.4
2025-05-13,09:45,3493
2025-05-13,10:00,2345
2025-05-13,10:15,2903.6
2025-05-13,10:30,4887.4
2025-05-13,10:45,4718
2025-05-13,11:00,3378.2
2025-05-13,11:15,3005.8
2025-05-13,11:30,2836.4
2025-05-13,11:45,2669.8
2025-05-13,12:00,2513
2025-05-13,12:15,2352
2025-05-13,12:30,2151.8
2025-05-13,12:45,2674
2025-05-13,13:00,3087
2025-05-13,13:15,3127.6
2025-05-13,13:30,3375.4
2025-05-13,13:45,3434.2
2025-05-13,14:00,3683.4
2025-05-13,14:15,3642.8
2025-05-13,14:30,3267.6
2025-05-13,14:45,3169.6
2025-05-13,15:00,2849
2025-05-13,15:15,2690.8
2025-05-13,15:30,2507.4
2025-05-13,15:45,2247
2025-05-13,16:00,2884
2025-05-13,16:15,3278.8
2025-05-13,16:30,3348.8
2025-05-13,16:45,3060.4
2025-05-13,17:00,3087
2025-05-13,17:15,3245.2
2025-05-13,17:30,3145.8
2025-05-13,17:45,2825.2
2025-05-13,18:00,2688
2025-05-13,18:15,2809.8
2025-05-13,18:30,2688
2025-05-13,18:45,2501.8
2025-05-13,19:00,2228.8
2025-05-13,19:15,2910.6
2025-05-13,19:30,3318
2025-05-13,19:45,3386.6
2025-05-13,20:00,3414.6
2025-05-13,20:15,3378.2
2025-05-13,20:30,3295.6
2025-05-13,20:45,3238.2
2025-05-13,21:00,3124.8
2025-05-13,21:15,2945.6
2025-05-13,21:30,2828
2025-05-13,21:45,2648.8
2025-05-13,22:00,2497.6
2025-05-13,22:15,2161.6
2025-05-13,22:30,2926
2025-05-13,22:45,3313.8
2025-05-13,23:00,3329.2
2025-05-13,23:15,3403.4
2025-05-13,23:30,3378.2
2025-05-13,23:45,3306.8
2025-05-14,00:00,3194.8
2025-05-14,00:15,3053.4
2025-05-14,00:30,2914.8
2025-05-14,00:45,2725.8
2025-05-14,01:00,2623.6
2025-05-14,01:15,2441.6
2025-05-14,01:30,2170
2025-05-14,01:45,2931.6
2025-05-14,02:00,3308.2
2025-05-14,02:15,3330.6
2025-05-14,02:30,3393.6
2025-05-14,02:45,3333.4
2025-05-14,03:00,3280.2
2025-05-14,03:15,3171
2025-05-14,03:30,3064.6
2025-05-14,03:45,2902.2
2025-05-14,04:00,2762.2
2025-05-14,04:15,2570.4
2025-05-14,04:30,2370.2
2025-05-14,04:45,2693.6
2025-05-14,05:00,3015.6
2025-05-14,05:15,3280.2
2025-05-14,05:30,3346
2025-05-14,05:45,3389.4
2025-05-14,06:00,3333.4
2025-05-14,06:15,3267.6
2025-05-14,06:30,3187.8
2025-05-14,06:45,3064.6
2025-05-14,07:00,2906.4
2025-05-14,07:15,2741.2
2025-05-14,07:30,2585.8
2025-05-14,07:45,2410.8
2025-05-14,08:00,2875.6
2025-05-14,08:15,3325
2025-05-14,08:30,3102.4
2025-05-14,08:45,3346
2025-05-14,09:00,3330.6
2025-05-14,09:15,3259.2
2025-05-14,09:30,3500
2025-05-14,09:45,3399.2
2025-05-14,10:00,3234
2025-05-14,10:15,3140.2
2025-05-14,10:30,2919
2025-05-14,10:45,2756.6
2025-05-14,11:00,2592.8
2025-05-14,11:15,3015.6
2025-05-14,11:30,3522.4
2025-05-14,11:45,3507
2025-05-14,12:00,3564.4
2025-05-14,12:15,3570
2025-05-14,12:30,3465
2025-05-14,12:45,3431.4
2025-05-14,13:00,3301.2
2025-05-14,13:15,3172.4
2025-05-14,13:30,3033.8
2025-05-14,13:45,2704.8
2025-05-14,14:00,2535.4
2025-05-14,14:15,2388.4
2025-05-14,14:30,2794.4
2025-05-14,14:45,3292.8
2025-05-14,15:00,3035.2
2025-05-14,15:15,3131.8
2025-05-14,15:30,3470.6
2025-05-14,15:45,3423
2025-05-14,16:00,3323.6
2025-05-14,16:15,3165.4
2025-05-14,16:30,3029.6
2025-05-14,16:45,2830.8
2025-05-14,17:00,2721.6
2025-05-14,17:15,2578.8
2025-05-14,17:30,2370.2
2025-05-14,17:45,2704.8
2025-05-14,18:00,2951.2
2025-05-14,18:15,3028.2
2025-05-14,18:30,3089.8
2025-05-14,18:45,3120.6
2025-05-14,19:00,3095.4
2025-05-14,19:15,3347.4
2025-05-14,19:30,3236.8
2025-05-14,19:45,3070.2
2025-05-14,20:00,2924.6
2025-05-14,20:15,2739.8
2025-05-14,20:30,2289
2025-05-14,20:45,2343.6
2025-05-14,21:00,2926
2025-05-14,21:15,3369.8
2025-05-14,21:30,3402
2025-05-14,21:45,3459.4
2025-05-14,22:00,3542
2025-05-14,22:15,3852.8
2025-05-14,22:30,3802.4
2025-05-14,22:45,3676.4
2025-05-14,23:00,3565.8
2025-05-14,23:15,3390.8
2025-05-14,23:30,3200.4
2025-05-14,23:45,3042.2
2025-05-15,00:00,2739.8
2025-05-15,00:15,3484.6
2025-05-15,00:30,3868.2
2025-05-15,00:45,3915.8
2025-05-15,01:00,3927
2025-05-15,01:15,3922.8
2025-05-15,01:30,3866.8
2025-05-15,01:45,3813.6
2025-05-15,02:00,3676.4
2025-05-15,02:15,3554.6
2025-05-15,02:30,3383.8
2025-05-15,02:45,3204.6
2025-05-15,03:00,2731.4
2025-05-15,03:15,2451.4
2025-05-15,03:30,3145.8
2025-05-15,03:45,3532.2
2025-05-15,04:00,3571.4
2025-05-15,04:15,3901.8
2025-05-15,04:30,3897.6
2025-05-15,04:45,3819.2
2025-05-15,05:00,3745
2025-05-15,05:15,3606.4
2025-05-15,05:30,3460.8
2025-05-15,05:45,3332
2025-05-15,06:00,3130.4
2025-05-15,06:15,2483.6
2025-05-15,06:30,2164.4
2025-05-15,06:45,2930.2
2025-05-15,07:00,3313.8
2025-05-15,07:15,3360
2025-05-15,07:30,3301.2
2025-05-15,07:45,3329.2
2025-05-15,08:00,3249.4
2025-05-15,08:15,3162.6
2025-05-15,08:30,3122
2025-05-15,08:45,2977.8
2025-05-15,09:00,2815.4
2025-05-15,09:15,2634.8
2025-05-15,09:30,2665.6
2025-05-15,09:45,2359
2025-05-15,10:00,3124.8
2025-05-15,10:15,3231.2
2025-05-15,10:30,3269
2025-05-15,10:45,3602.2
2025-05-15,11:00,3567.2
2025-05-15,11:15,3494.4
2025-05-15,11:30,3438.4
2025-05-15,11:45,3263.4
2025-05-15,12:00,3067.4
2025-05-15,12:15,2947
2025-05-15,12:30,2765
2025-05-15,12:45,2591.4
2025-05-15,13:00,2951.2
2025-05-15,13:15,3466.4
2025-05-15,13:30,3525.2
2025-05-15,13:45,3593.8
2025-05-15,14:00,3278.8
2025-05-15,14:15,3519.6
2025-05-15,14:30,3522.4
2025-05-15,14:45,3439.8
2025-05-15,15:00,3325
2025-05-15,15:15,3169.6
2025-05-15,15:30,3029.6
2025-05-15,15:45,2836.4
2025-05-15,16:00,2451.4
2025-05-15,16:15,2921.8
2025-05-15,16:30,3298.4
2025-05-15,16:45,3222.8
2025-05-15,17:00,3273.2
2025-05-15,17:15,3295.6
2025-05-15,17:30,3227
2025-05-15,17:45,3147.2
2025-05-15,18:00,3075.8
2025-05-15,18:15,2937.2
2025-05-15,18:30,2793
2025-05-15,18:45,2641.8
2025-05-15,19:00,2473.8
2025-05-15,19:15,2300.2
2025-05-15,19:30,2720.2
2025-05-15,19:45,3176.6
2025-05-15,20:00,3215.8
2025-05-15,20:15,3277.4
2025-05-15,20:30,3319.4
2025-05-15,20:45,3059
2025-05-15,21:00,3185
2025-05-15,21:15,3098.2
2025-05-15,21:30,2979.2
2025-05-15,21:45,2795.8
2025-05-15,22:00,3120.6
2025-05-15,22:15,2994.6
2025-05-15,22:30,2818.2
2025-05-15,22:45,3192
2025-05-15,23:00,3691.8
2025-05-15,23:15,3752
2025-05-15,23:30,3805.2
2025-05-15,23:45,3817.8
2025-05-16,00:00,3750.6
2025-05-16,00:15,3679.2
2025-05-16,00:30,3574.2
2025-05-16,00:45,2606.8
2025-05-16,01:00,3095.4
2025-05-16,01:15,3001.6
2025-05-16,01:30,2653
2025-05-16,01:45,2528.4
2025-05-16,02:00,3284.4
2025-05-16,02:15,3680.6
2025-05-16,02:30,3735.2
2025-05-16,02:45,3759
2025-05-16,03:00,3791.2
2025-05-16,03:15,3746.4
2025-05-16,03:30,3603.6
2025-05-16,03:45,3550.4
2025-05-16,04:00,2770.6
2025-05-16,04:15,3253.6
2025-05-16,04:30,3084.2
2025-05-16,04:45,2821
2025-05-16,05:00,2665.6
2025-05-16,05:15,2252.6
2025-05-16,05:30,2191
2025-05-16,05:45,2216.2
2025-05-16,06:00,3288.6
2025-05-16,06:15,3315.2
2025-05-16,06:30,3213
2025-05-16,06:45,3168.2
2025-05-16,07:00,3077.2
2025-05-16,07:15,2948.4
2025-05-16,07:30,2748.2
2025-05-16,07:45,2605.4
2025-05-16,08:00,2426.2
2025-05-16,08:15,2130.8
2025-05-16,08:30,2767.8
2025-05-16,08:45,3259.2
2025-05-16,09:00,3313.8
2025-05-16,09:15,3288.6
2025-05-16,09:30,3259.2
2025-05-16,09:45,3161.2
2025-05-16,10:00,3117.8
2025-05-16,10:15,3007.2
2025-05-16,10:30,2870
2025-05-16,10:45,2709
2025-05-16,11:00,2546.6
2025-05-16,11:15,2381.4
2025-05-16,11:30,2052.4
2025-05-16,11:45,2790.2
2025-05-16,12:00,3162.6
2025-05-16,12:15,3199
2025-05-16,12:30,3222.8
2025-05-16,12:45,3220
2025-05-16,13:00,3108
2025-05-16,13:15,3053.4
2025-05-16,13:30,2933
2025-05-16,13:45,2783.2
2025-05-16,14:00,2598.4
2025-05-16,14:15,2524.2
2025-05-16,14:30,2486.4
2025-05-16,14:45,2174.2
2025-05-16,15:00,2934.4
2025-05-16,15:15,3306.8
2025-05-16,15:30,3340.4
2025-05-16,15:45,3388
2025-05-16,16:00,3347.4
2025-05-16,16:15,3294.2
2025-05-16,16:30,3218.6
2025-05-16,16:45,3102.4
2025-05-16,17:00,2794.4
2025-05-16,17:15,2674
2025-05-16,17:30,2490.6
2025-05-16,17:45,2298.8
2025-05-16,18:00,2700.6
2025-05-16,18:15,2998.8
2025-05-16,18:30,3242.4
2025-05-16,18:45,3295.6
2025-05-16,19:00,3316.6
2025-05-16,19:15,3288.6
2025-05-16,19:30,3200.4
2025-05-16,19:45,3138.8
2025-05-16,20:00,3014.2
2025-05-16,20:15,2840.6
2025-05-16,20:30,2661.4
2025-05-16,20:45,2501.8
2025-05-16,21:00,2287.6
2025-05-16,21:15,2776.2
2025-05-16,21:30,3731
2025-05-16,21:45,3770.2
2025-05-16,22:00,3841.6
2025-05-16,22:15,3838.8
2025-05-16,22:30,3789.8
2025-05-16,22:45,3726.8
2025-05-16,23:00,3621.8
2025-05-16,23:15,3479
2025-05-16,23:30,3337.6
2025-05-16,23:45,3190.6
2025-05-17,00:00,2994.6
2025-05-17,00:15,2770.6
2025-05-17,00:30,3278.8
2025-05-17,00:45,3726.8
2025-05-17,01:00,3740.8
2025-05-17,01:15,3799.6
2025-05-17,01:30,3820.6
2025-05-17,01:45,3735.2
2025-05-17,02:00,3662.4
2025-05-17,02:15,3549
2025-05-17,02:30,3403.4
2025-05-17,02:45,3235.4
2025-05-17,03:00,3112.2
2025-05-17,03:15,2937.2
2025-05-17,03:30,2704.8
2025-05-17,03:45,3288.6
2025-05-17,04:00,3701.6
2025-05-17,04:15,3243.8
2025-05-17,04:30,3299.8
2025-05-17,04:45,3221.4
2025-05-17,05:00,3257.8
2025-05-17,05:15,3143
2025-05-17,05:30,3024
2025-05-17,05:45,2917.6
2025-05-17,06:00,2717.4
2025-05-17,06:15,2549.4
2025-05-17,06:30,2353.4
2025-05-17,06:45,2077.6
2025-05-17,07:00,2784.6
2025-05-17,07:15,3213
2025-05-17,07:30,3229.8
2025-05-17,07:45,3229.8
2025-05-17,08:00,3213
2025-05-17,08:15,3136
2025-05-17,08:30,3326.4
2025-05-17,08:45,3236.8
2025-05-17,09:00,3103.8
2025-05-17,09:15,2930.2
2025-05-17,09:30,2762.2
2025-05-17,09:45,2539.6
2025-05-17,10:00,2221.8
2025-05-17,10:15,2980.6
2025-05-17,10:30,3358.6
2025-05-17,10:45,3389.4
2025-05-17,11:00,3417.4
2025-05-17,11:15,3427.2
2025-05-17,11:30,3340.4
2025-05-17,11:45,3302.6
2025-05-17,12:00,3137.4
2025-05-17,12:15,3032.4
2025-05-17,12:30,2839.2
2025-05-17,12:45,2690.8
2025-05-17,13:00,2472.4
2025-05-17,13:15,2182.6
2025-05-17,13:30,2861.6
2025-05-17,13:45,3207.4
2025-05-17,14:00,3378.2
2025-05-17,14:15,3418.8
2025-05-17,14:30,3388
2025-05-17,14:45,3236.8
2025-05-17,15:00,3136
2025-05-17,15:15,3028.2
2025-05-17,15:30,2926
2025-05-17,15:45,2758
2025-05-17,16:00,2605.4
2025-05-17,16:15,2413.6
2025-05-17,16:30,1864.8
2025-05-17,16:45,2713.2
2025-05-17,17:00,3025.4
2025-05-17,17:15,3057.6
2025-05-17,17:30,3085.6
2025-05-17,17:45,3182.2
2025-05-17,18:00,3145.8
2025-05-17,18:15,3011.4
2025-05-17,18:30,2903.6
2025-05-17,18:45,2819.6
2025-05-17,19:00,2588.6
2025-05-17,19:15,2464
2025-05-17,19:30,2308.6
2025-05-17,19:45,2139.2
2025-05-17,20:00,2874.2
2025-05-17,20:15,3192
2025-05-17,20:30,3232.6
2025-05-17,20:45,3297
2025-05-17,21:00,3262
2025-05-17,21:15,3171
2025-05-17,21:30,3066
2025-05-17,21:45,3040.8
2025-05-17,22:00,2878.4
2025-05-17,22:15,2695
2025-05-17,22:30,2490.6
2025-05-17,22:45,2263.8
2025-05-17,23:00,2727.2
2025-05-17,23:15,3087
2025-05-17,23:30,3196.2
2025-05-17,23:45,3238.2
2025-05-18,00:00,3299.8
2025-05-18,00:15,3236.8
2025-05-18,00:30,3155.6
2025-05-18,00:45,3050.6
2025-05-18,01:00,2902.2
2025-05-18,01:15,2744
2025-05-18,01:30,2566.2
2025-05-18,01:45,2377.2
2025-05-18,02:00,2202.2
2025-05-18,02:15,2654.4
2025-05-18,02:30,3130.4
2025-05-18,02:45,3165.4
2025-05-18,03:00,3217.2
2025-05-18,03:15,3242.4
2025-05-18,03:30,3189.2
2025-05-18,03:45,3129
2025-05-18,04:00,3017
2025-05-18,04:15,2931.6
2025-05-18,04:30,2721.6
2025-05-18,04:45,2482.2
2025-05-18,05:00,2384.2
2025-05-18,05:15,2156
2025-05-18,05:30,2595.6
2025-05-18,05:45,3143
2025-05-18,06:00,3134.6
2025-05-18,06:15,3197.6
2025-05-18,06:30,3210.2
2025-05-18,06:45,3166.8
2025-05-18,07:00,3068.8
2025-05-18,07:15,2966.6
2025-05-18,07:30,2843.4
2025-05-18,07:45,2749.6
2025-05-18,08:00,2865.8
2025-05-18,08:15,2772
2025-05-18,08:30,2538.2
2025-05-18,08:45,3098.2
2025-05-18,09:00,3560.2
2025-05-18,09:15,3584
2025-05-18,09:30,3579.8
2025-05-18,09:45,3584
2025-05-18,10:00,3501.4
2025-05-18,10:15,3367
2025-05-18,10:30,3257.8
2025-05-18,10:45,2685.2
2025-05-18,11:00,2641.8
2025-05-18,11:15,2482.2
2025-05-18,11:30,2276.4
2025-05-18,11:45,1981
2025-05-18,12:00,2654.4
2025-05-18,12:15,3056.2
2025-05-18,12:30,3110.8
2025-05-18,12:45,3144.4
2025-05-18,13:00,3298.4
2025-05-18,13:15,3200.4
2025-05-18,13:30,3141.6
2025-05-18,13:45,3166.8
2025-05-18,14:00,3129
2025-05-18,14:15,2958.2
2025-05-18,14:30,2836.4
2025-05-18,14:45,2653
2025-05-18,15:00,2401
2025-05-18,15:15,3099.6
2025-05-18,15:30,3453.8
2025-05-18,15:45,3389.4
2025-05-18,16:00,3521
2025-05-18,16:15,3253.6
2025-05-18,16:30,3187.8
2025-05-18,16:45,3099.6
2025-05-18,17:00,2982
2025-05-18,17:15,2854.6
2025-05-18,17:30,2675.4
2025-05-18,17:45,2497.6
2025-05-18,18:00,2336.6
2025-05-18,18:15,2038.4
2025-05-18,18:30,2802.8
2025-05-18,18:45,3187.8
2025-05-18,19:00,3257.8
2025-05-18,19:15,3281.6
2025-05-18,19:30,3271.8
2025-05-18,19:45,3220
2025-05-18,20:00,3102.4
2025-05-18,20:15,3033.8
2025-05-18,20:30,2917.6
2025-05-18,20:45,2704.8
2025-05-18,21:00,2566.2
2025-05-18,21:15,2367.4
2025-05-18,21:30,2143.4
2025-05-18,21:45,2923.2
2025-05-18,22:00,3130.4
2025-05-18,22:15,3140.2
2025-05-18,22:30,3185
2025-05-18,22:45,3131.8
2025-05-18,23:00,3075.8
2025-05-18,23:15,2959.6
2025-05-18,23:30,2826.6
2025-05-18,23:45,2658.6
2025-05-19,00:00,2555
2025-05-19,00:15,2370.2
2025-05-19,00:30,2191
2025-05-19,00:45,2506
2025-05-19,01:00,3021.2
2025-05-19,01:15,3089.8
2025-05-19,01:30,3134.6
2025-05-19,01:45,3168.2
2025-05-19,02:00,3117.8
2025-05-19,02:15,3052
2025-05-19,02:30,2921.8
2025-05-19,02:45,2805.6
2025-05-19,03:00,2650.2
2025-05-19,03:15,2466.8
2025-05-19,03:30,2314.2
2025-05-19,03:45,2062.2
2025-05-19,04:00,2654.4
2025-05-19,04:15,3078.6
2025-05-19,04:30,3120.6
2025-05-19,04:45,3157
2025-05-19,05:00,3122
2025-05-19,05:15,3105.2
2025-05-19,05:30,3028.2
2025-05-19,05:45,2913.4
2025-05-19,06:00,2756.6
2025-05-19,06:15,2591.4
2025-05-19,06:30,2408
2025-05-19,06:45,2249.8
2025-05-19,07:00,1955.8
2025-05-19,07:15,2696.4
2025-05-19,07:30,3084.2
2025-05-19,07:45,3138.8
2025-05-19,08:00,3227
2025-05-19,08:15,3208.8
2025-05-19,08:30,3098.2
2025-05-19,08:45,3140.2
2025-05-19,09:00,3078.6
2025-05-19,09:15,2924.6
2025-05-19,09:30,2728.6
2025-05-19,09:45,2592.8
2025-05-19,10:00,2363.2
2025-05-19,10:15,2077.6
2025-05-19,10:30,2872.8
2025-05-19,10:45,3206
2025-05-19,11:00,3252.2
2025-05-19,11:15,3257.8
2025-05-19,11:30,3262
2025-05-19,11:45,3164
2025-05-19,12:00,3096.8
2025-05-19,12:15,2923.2
2025-05-19,12:30,2814
2025-05-19,12:45,2639
2025-05-19,13:00,1909.6
2025-05-19,13:15,1904
2025-05-19,13:30,1909.6
2025-05-19,13:45,1895.6
2025-05-19,14:00,2160.2
2025-05-19,14:15,3389.4
2025-05-19,14:30,3411.8
2025-05-19,14:45,3280.2
2025-05-19,15:00,3295.6
2025-05-19,15:15,3145.8
2025-05-19,15:30,3012.8
2025-05-19,15:45,2828
2025-05-19,16:00,2689.4
2025-05-19,16:15,2485
2025-05-19,16:30,2629.2
2025-05-19,16:45,2766.4
2025-05-19,17:00,1827
2025-05-19,17:15,1671.6
2025-05-19,17:30,1740.2
2025-05-19,17:45,1752.8
2025-05-19,18:00,1773.8
2025-05-19,18:15,1747.2
2025-05-19,18:30,3255
2025-05-19,18:45,3157
2025-05-19,19:00,3033.8
2025-05-19,19:15,2864.4
2025-05-19,19:30,2725.8
2025-05-19,19:45,2564.8
2025-05-19,20:00,2417.8
2025-05-19,20:15,2077.6
2025-05-19,20:30,2714.6
2025-05-19,20:45,3229.8
2025-05-19,21:00,3211.6
2025-05-19,21:15,3273.2
2025-05-19,21:30,3301.2
2025-05-19,21:45,3217.2
2025-05-19,22:00,3180.8
2025-05-19,22:15,3014.2
2025-05-19,22:30,2891
2025-05-19,22:45,2783.2
2025-05-19,23:00,2571.8
2025-05-19,23:15,2402.4
2025-05-19,23:30,2135
2025-05-19,23:45,2804.2
2025-05-20,00:00,3186.4
2025-05-20,00:15,3204.6
2025-05-20,00:30,3263.4
2025-05-20,00:45,3227
2025-05-20,01:00,3183.6
2025-05-20,01:15,3108
2025-05-20,01:30,3004.4
2025-05-20,01:45,2843.4
2025-05-20,02:00,2702
2025-05-20,02:15,2501.8
2025-05-20,02:30,2332.4
2025-05-20,02:45,1962.8
2025-05-20,03:00,2851.8
2025-05-20,03:15,3173.8
2025-05-20,03:30,3217.2
2025-05-20,03:45,3267.6
2025-05-20,04:00,3232.6
2025-05-20,04:15,3057.6
2025-05-20,04:30,3077.2
2025-05-20,04:45,2940
2025-05-20,05:00,2828
2025-05-20,05:15,2657.2
2025-05-20,05:30,2506
2025-05-20,05:45,2308.6
2025-05-20,06:00,2219
2025-05-20,06:15,2962.4
2025-05-20,06:30,3154.2
2025-05-20,06:45,3217.2
2025-05-20,07:00,3253.6
2025-05-20,07:15,3203.2
2025-05-20,07:30,3126.2
2025-05-20,07:45,3091.2
2025-05-20,08:00,2928.8
2025-05-20,08:15,2772
2025-05-20,08:30,2494.8
2025-05-20,08:45,2339.4
2025-05-20,09:00,2112.6
2025-05-20,09:15,2525.6
2025-05-20,09:30,3102.4
2025-05-20,09:45,3176.6
2025-05-20,10:00,3225.6
2025-05-20,10:15,3274.6
2025-05-20,10:30,3185
2025-05-20,10:45,3182.2
2025-05-20,11:00,3032.4
2025-05-20,11:15,2895.2
2025-05-20,11:30,2777.6
2025-05-20,11:45,2599.8
2025-05-20,12:00,2417.8
2025-05-20,12:15,2202.2
2025-05-20,12:30,2584.4
2025-05-20,12:45,3103.8
2025-05-20,13:00,3159.8
2025-05-20,13:15,3197.6
2025-05-20,13:30,3243.8
2025-05-20,13:45,3193.4
2025-05-20,14:00,3243.8
2025-05-20,14:15,3151.4
2025-05-20,14:30,3046.4
2025-05-20,14:45,2933
2025-05-20,15:00,2781.8
2025-05-20,15:15,2601.2
2025-05-20,15:30,2325.4
2025-05-20,15:45,2912
2025-05-20,16:00,3281.6
2025-05-20,16:15,3228.4
2025-05-20,16:30,3283
2025-05-20,16:45,3036.6
2025-05-20,17:00,3025.4
2025-05-20,17:15,2954
2025-05-20,17:30,2968
2025-05-20,17:45,2823.8
2025-05-20,18:00,2688
2025-05-20,18:15,2557.8
2025-05-20,18:30,2373
2025-05-20,18:45,2126.6
2025-05-20,19:00,2767.8
2025-05-20,19:15,3203.2
2025-05-20,19:30,3283
2025-05-20,19:45,3294.2
2025-05-20,20:00,3288.6
2025-05-20,20:15,3215.8
2025-05-20,20:30,3143
2025-05-20,20:45,3011.4
2025-05-20,21:00,2853.2
2025-05-20,21:15,2716
2025-05-20,21:30,2559.2
2025-05-20,21:45,2297.4
2025-05-20,22:00,2079
2025-05-20,22:15,2809.8
2025-05-20,22:30,3168.2
2025-05-20,22:45,3278.8
2025-05-20,23:00,3281.6
2025-05-20,23:15,3255
2025-05-20,23:30,3180.8
2025-05-20,23:45,3095.4
2025-05-21,00:00,2977.8
2025-05-21,00:15,2842
2025-05-21,00:30,2686.6
2025-05-21,00:45,2419.2
2025-05-21,01:00,2340.8
2025-05-21,01:15,2308.6
2025-05-21,01:30,2993.2
2025-05-21,01:45,3175.2
2025-05-21,02:00,3224.2
2025-05-21,02:15,3273.2
2025-05-21,02:30,3253.6
2025-05-21,02:45,3178
2025-05-21,03:00,3088.4
2025-05-21,03:15,2962.4
2025-05-21,03:30,2843.4
2025-05-21,03:45,2669.8
2025-05-21,04:00,2482.2
2025-05-21,04:15,2318.4
2025-05-21,04:30,2303
2025-05-21,04:45,2998.8
2025-05-21,05:00,3180.8
2025-05-21,05:15,3126.2
2025-05-21,05:30,3235.4
2025-05-21,05:45,3200.4
2025-05-21,06:00,3192
2025-05-21,06:15,3095.4
2025-05-21,06:30,2928.8
2025-05-21,06:45,2814
2025-05-21,07:00,2623.6
2025-05-21,07:15,2472.4
2025-05-21,07:30,2459.8
2025-05-21,07:45,2769.2
2025-05-21,08:00,3304
2025-05-21,08:15,3382.4
2025-05-21,08:30,3425.8
2025-05-21,08:45,3495.8
2025-05-21,09:00,3413.2
2025-05-21,09:15,3801
2025-05-21,09:30,3719.8
2025-05-21,09:45,3663.8
2025-05-21,10:00,3441.2
2025-05-21,10:15,4788
2025-05-21,10:30,3719.8
2025-05-21,10:45,3803.8
2025-05-21,11:00,3941
2025-05-21,11:15,3410.4
2025-05-21,11:30,3362.8
2025-05-21,11:45,3781.4
2025-05-21,12:00,3743.6
2025-05-21,12:15,3116.4
2025-05-21,12:30,3691.8
2025-05-21,12:45,3767.4
2025-05-21,13:00,2837.8
2025-05-21,13:15,3572.8
2025-05-21,13:30,3816.4
2025-05-21,13:45,3355.8
2025-05-21,14:00,3599.4
2025-05-21,14:15,3777.2
2025-05-21,14:30,3761.8
2025-05-21,14:45,2963.8
2025-05-21,15:00,3780
2025-05-21,15:15,3599.4
2025-05-21,15:30,2716
2025-05-21,15:45,3417.4
2025-05-21,16:00,3649.8
2025-05-21,16:15,3376.8
2025-05-21,16:30,3323.6
2025-05-21,16:45,3964.8
2025-05-21,17:00,3679.2
2025-05-21,17:15,2766.4
2025-05-21,17:30,3504.2
2025-05-21,17:45,3564.4
2025-05-21,18:00,2563.4
2025-05-21,18:15,3383.8
2025-05-21,18:30,3603.6
2025-05-21,18:45,3245.2
2025-05-21,19:00,3199
2025-05-21,19:15,3624.6
2025-05-21,19:30,3577
2025-05-21,19:45,2948.4
2025-05-21,20:00,3518.2
2025-05-21,20:15,3575.6
2025-05-21,20:30,2655.8
2025-05-21,20:45,3385.2
2025-05-21,21:00,3648.4
2025-05-21,21:15,3220
2025-05-21,21:30,3179.4
2025-05-21,21:45,3609.2
2025-05-21,22:00,3526.6
2025-05-21,22:15,2951.2
2025-05-21,22:30,3505.6
2025-05-21,22:45,3568.6
2025-05-21,23:00,2641.8
2025-05-21,23:15,3347.4
2025-05-21,23:30,3600.8
2025-05-21,23:45,3180.8
2025-05-22,00:00,3134.6
2025-05-22,00:15,3588.2
2025-05-22,00:30,3523.8
2025-05-22,00:45,2882.6
2025-05-22,01:00,3470.6
2025-05-22,01:15,3528
2025-05-22,01:30,2615.2
2025-05-22,01:45,3295.6
2025-05-22,02:00,3581.2
2025-05-22,02:15,3172.4
2025-05-22,02:30,3155.6
2025-05-22,02:45,3589.6
2025-05-22,03:00,3497.2
2025-05-22,03:15,2891
2025-05-22,03:30,3486
2025-05-22,03:45,3542
2025-05-22,04:00,2598.4
2025-05-22,04:15,3337.6
2025-05-22,04:30,3591
2025-05-22,04:45,3176.6
2025-05-22,05:00,3061.8
2025-05-22,05:15,3570
2025-05-22,05:30,3523.8
2025-05-22,05:45,2885.4
2025-05-22,06:00,3476.2
2025-05-22,06:15,3528
2025-05-22,06:30,2641.8
2025-05-22,06:45,3346
2025-05-22,07:00,3563
2025-05-22,07:15,3127.6
2025-05-22,07:30,3133.2
2025-05-22,07:45,3749.2
2025-05-22,08:00,3990
2025-05-22,08:15,3417.4
2025-05-22,08:30,4030.6
2025-05-22,08:45,4163.6
2025-05-22,09:00,3234
2025-05-22,09:15,3992.8
2025-05-22,09:30,4039
2025-05-22,09:45,3767.4
2025-05-22,10:00,3633
2025-05-22,10:15,4051.6
2025-05-22,10:30,4027.8
2025-05-22,10:45,3421.6
2025-05-22,11:00,3983
2025-05-22,11:15,4054.4
2025-05-22,11:30,3148.6
2025-05-22,11:45,3794
2025-05-22,12:00,4046
2025-05-22,12:15,3592.4
2025-05-22,12:30,3564.4
2025-05-22,12:45,4004
2025-05-22,13:00,3977.4
2025-05-22,13:15,3379.6
2025-05-22,13:30,3945.2
2025-05-22,13:45,4039
2025-05-22,14:00,3074.4
2025-05-22,14:15,3817.8
2025-05-22,14:30,4146.8
2025-05-22,14:45,3712.8
2025-05-22,15:00,3661
2025-05-22,15:15,4076.8
2025-05-22,15:30,4043.2
2025-05-22,15:45,3418.8
2025-05-22,16:00,3767.4
2025-05-22,16:15,3850
2025-05-22,16:30,2860.2
2025-05-22,16:45,3509.8
2025-05-22,17:00,3826.2
2025-05-22,17:15,3197.6
2025-05-22,17:30,3110.8
2025-05-22,17:45,3571.4
2025-05-22,18:00,3581.2
2025-05-22,18:15,2900.8
2025-05-22,18:30,3521
2025-05-22,18:45,3610.6
2025-05-22,19:00,2697.8
2025-05-22,19:15,3410.4
2025-05-22,19:30,3647
2025-05-22,19:45,3232.6
2025-05-22,20:00,3203.2
2025-05-22,20:15,3642.8
2025-05-22,20:30,3567.2
2025-05-22,20:45,2955.4
2025-05-22,21:00,3553.2
2025-05-22,21:15,3596.6
2025-05-22,21:30,2672.6
2025-05-22,21:45,3374
2025-05-22,22:00,3659.6
2025-05-22,22:15,3229.8
2025-05-22,22:30,3207.4
2025-05-22,22:45,4144
2025-05-22,23:00,4069.8
2025-05-22,23:15,3460.8
2025-05-22,23:30,4058.6
2025-05-22,23:45,4089.4
2025-05-23,00:00,3171
2025-05-23,00:15,3768.8
2025-05-23,00:30,4016.6
2025-05-23,00:45,3558.8
2025-05-23,01:00,3528
2025-05-23,01:15,3974.6
2025-05-23,01:30,3907.4
2025-05-23,01:45,3260.6
2025-05-23,02:00,3838.8
2025-05-23,02:15,3897.6
2025-05-23,02:30,2948.4
2025-05-23,02:45,3689
2025-05-23,03:00,3992.8
2025-05-23,03:15,3551.8
2025-05-23,03:30,3567.2
2025-05-23,03:45,3994.2
2025-05-23,04:00,3928.4
2025-05-23,04:15,3290
2025-05-23,04:30,3878
2025-05-23,04:45,3851.4
2025-05-23,05:00,2944.2
2025-05-23,05:15,3717
2025-05-23,05:30,3978.8
2025-05-23,05:45,3542
2025-05-23,06:00,3491.6
2025-05-23,06:15,3530.8
2025-05-23,06:30,3481.8
2025-05-23,06:45,2847.6
2025-05-23,07:00,3425.8
2025-05-23,07:15,3497.2
2025-05-23,07:30,2581.6
2025-05-23,07:45,3572.8
2025-05-23,08:00,3995.6
2025-05-23,08:15,3532.2
2025-05-23,08:30,3484.6
2025-05-23,08:45,3969
2025-05-23,09:00,3957.8
2025-05-23,09:15,3327.8
2025-05-23,09:30,3980.2
2025-05-23,09:45,4020.8
2025-05-23,10:00,2787.4
2025-05-23,10:15,3663.8
2025-05-23,10:30,3956.4
2025-05-23,10:45,3459.4
2025-05-23,11:00,3358.6
2025-05-23,11:15,3822
2025-05-23,11:30,4026.4
2025-05-23,11:45,3388
2025-05-23,12:00,3955
2025-05-23,12:15,3999.8
2025-05-23,12:30,3120.6
2025-05-23,12:45,3774.4
2025-05-23,13:00,4041.8
2025-05-23,13:15,3606.4
2025-05-23,13:30,3542
2025-05-23,13:45,4029.2
2025-05-23,14:00,3929.8
2025-05-23,14:15,3278.8
2025-05-23,14:30,3945.2
2025-05-23,14:45,4015.2
2025-05-23,15:00,3248
2025-05-23,15:15,3785.6
2025-05-23,15:30,4271.4
2025-05-23,15:45,3703
2025-05-23,16:00,5215
2025-05-23,16:15,5584.6
2025-05-23,16:30,5152
2025-05-23,16:45,3081.4
2025-05-23,17:00,3809.4
2025-05-23,17:15,3977.4
2025-05-23,17:30,2837.8
2025-05-23,17:45,3460.8
2025-05-23,18:00,3724
2025-05-23,18:15,3266.2
2025-05-23,18:30,3236.8
2025-05-23,18:45,3732.4
2025-05-23,19:00,3677.8
2025-05-23,19:15,3026.8
2025-05-23,19:30,3670.8
2025-05-23,19:45,3854.2
2025-05-23,20:00,2898
2025-05-23,20:15,3595.2
2025-05-23,20:30,3857
2025-05-23,20:45,3444
2025-05-23,21:00,3403.4
2025-05-23,21:15,3745
2025-05-23,21:30,3789.8
2025-05-23,21:45,3194.8
2025-05-23,22:00,4107.6
2025-05-23,22:15,4254.6
2025-05-23,22:30,3288.6
2025-05-23,22:45,4047.4
2025-05-23,23:00,4249
2025-05-23,23:15,3802.4
2025-05-23,23:30,3749.2
2025-05-23,23:45,4246.2
2025-05-24,00:00,4191.6
2025-05-24,00:15,3536.4
2025-05-24,00:30,4169.2
2025-05-24,00:45,3924.2
2025-05-24,01:00,3005.8
2025-05-24,01:15,3701.6
2025-05-24,01:30,3973.2
2025-05-24,01:45,3540.6
2025-05-24,02:00,3515.4
2025-05-24,02:15,3929.8
2025-05-24,02:30,3413.2
2025-05-24,02:45,2772
2025-05-24,03:00,3364.2
2025-05-24,03:15,3460.8
2025-05-24,03:30,2513
2025-05-24,03:45,3178
2025-05-24,04:00,3469.2
2025-05-24,04:15,3024
2025-05-24,04:30,3045
2025-05-24,04:45,3494.4
2025-05-24,05:00,3311
2025-05-24,05:15,2804.2
2025-05-24,05:30,3311
2025-05-24,05:45,3423
2025-05-24,06:00,2497.6
2025-05-24,06:15,3207.4
2025-05-24,06:30,3460.8
2025-05-24,06:45,3059
2025-05-24,07:00,3008.6
2025-05-24,07:15,3460.8
2025-05-24,07:30,3397.8
2025-05-24,07:45,3343.2
2025-05-24,08:00,3934
2025-05-24,08:15,4149.6
2025-05-24,08:30,3123.4
2025-05-24,08:45,3782.8
2025-05-24,09:00,4200
2025-05-24,09:15,3551.8
2025-05-24,09:30,3726.8
2025-05-24,09:45,3922.8
2025-05-24,10:00,3956.4
2025-05-24,10:15,3353
2025-05-24,10:30,4008.2
2025-05-24,10:45,4005.4
2025-05-24,11:00,3050.6
2025-05-24,11:15,3757.6
2025-05-24,11:30,3990
2025-05-24,11:45,3598
2025-05-24,12:00,3494.4
2025-05-24,12:15,3897.6
2025-05-24,12:30,3836
2025-05-24,12:45,3269
2025-05-24,13:00,3799.6
2025-05-24,13:15,3866.8
2025-05-24,13:30,3018.4
2025-05-24,13:45,3662.4
2025-05-24,14:00,5402.6
2025-05-24,14:15,5030.2
2025-05-24,14:30,4972.8
2025-05-24,14:45,5439
2025-05-24,15:00,5030.2
2025-05-24,15:15,3952.2
2025-05-24,15:30,3908.8
2025-05-24,15:45,3518.2
2025-05-24,16:00,3525.2
2025-05-24,16:15,3319.4
2025-05-24,16:30,2830.8
2025-05-24,16:45,2585.8
2025-05-24,17:00,2924.6
2025-05-24,17:15,3402
2025-05-24,17:30,3428.6
2025-05-24,17:45,3462.2
2025-05-24,18:00,3668
2025-05-24,18:15,3607.8
2025-05-24,18:30,3540.6
2025-05-24,18:45,3428.6
2025-05-24,19:00,3358.6
2025-05-24,19:15,3199
2025-05-24,19:30,2998.8
2025-05-24,19:45,2825.2
2025-05-24,20:00,2571.8
2025-05-24,20:15,3201.8
2025-05-24,20:30,3648.4
2025-05-24,20:45,3680.6
2025-05-24,21:00,3750.6
2025-05-24,21:15,3740.8
2025-05-24,21:30,3714.2
2025-05-24,21:45,3606.4
2025-05-24,22:00,3535
2025-05-24,22:15,3648.4
2025-05-24,22:30,3512.6
2025-05-24,22:45,3308.2
2025-05-24,23:00,3131.8
2025-05-24,23:15,2809.8
2025-05-24,23:30,3515.4
2025-05-24,23:45,3943.8
2025-05-25,00:00,3987.2
2025-05-25,00:15,4043.2
2025-05-25,00:30,4029.2
2025-05-25,00:45,3960.6
2025-05-25,01:00,3875.2
2025-05-25,01:15,3753.4
2025-05-25,01:30,3609.2
2025-05-25,01:45,3389.4
2025-05-25,02:00,3246.6
2025-05-25,02:15,3008.6
2025-05-25,02:30,2675.4
2025-05-25,02:45,3413.2
2025-05-25,03:00,3824.8
2025-05-25,03:15,3816.4
2025-05-25,03:30,3871
2025-05-25,03:45,3840.2
2025-05-25,04:00,3789.8
2025-05-25,04:15,3697.4
2025-05-25,04:30,3710
2025-05-25,04:45,3437
2025-05-25,05:00,2863
2025-05-25,05:15,2723
2025-05-25,05:30,2478
2025-05-25,05:45,2175.6
2025-05-25,06:00,2864.4
2025-05-25,06:15,3411.8
2025-05-25,06:30,3281.6
2025-05-25,06:45,3376.8
2025-05-25,07:00,3313.8
2025-05-25,07:15,3243.8
2025-05-25,07:30,3173.8
2025-05-25,07:45,3082.8
2025-05-25,08:00,3031
2025-05-25,08:15,2854.6
2025-05-25,08:30,2724.4
2025-05-25,08:45,2520
2025-05-25,09:00,2269.4
2025-05-25,09:15,3210.2
2025-05-25,09:30,3700.2
2025-05-25,09:45,3707.2
2025-05-25,10:00,3698.8
2025-05-25,10:15,3654
2025-05-25,10:30,3708.6
2025-05-25,10:45,3497.2
2025-05-25,11:00,3382.4
2025-05-25,11:15,3103.8
2025-05-25,11:30,2930.2
2025-05-25,11:45,2744
2025-05-25,12:00,2528.4
2025-05-25,12:15,3116.4
2025-05-25,12:30,3507
2025-05-25,12:45,3535
2025-05-25,13:00,3484.6
2025-05-25,13:15,3648.4
2025-05-25,13:30,3914.4
2025-05-25,13:45,3880.8
2025-05-25,14:00,3726.8
2025-05-25,14:15,3340.4
2025-05-25,14:30,3299.8
2025-05-25,14:45,3056.2
2025-05-25,15:00,2842
2025-05-25,15:15,2637.6
2025-05-25,15:30,2975
2025-05-25,15:45,3341.8
2025-05-25,16:00,3374
2025-05-25,16:15,3428.6
2025-05-25,16:30,3416
2025-05-25,16:45,3234
2025-05-25,17:00,3224.2
2025-05-25,17:15,3351.6
2025-05-25,17:30,3038
2025-05-25,17:45,2870
2025-05-25,18:00,2711.8
2025-05-25,18:15,2536.8
2025-05-25,18:30,2598.4
2025-05-25,18:45,3119.2
2025-05-25,19:00,3626
2025-05-25,19:15,3659.6
2025-05-25,19:30,3816.4
2025-05-25,19:45,3764.6
2025-05-25,20:00,3619
2025-05-25,20:15,3554.6
2025-05-25,20:30,3400.6
2025-05-25,20:45,3301.2
2025-05-25,21:00,3256.4
2025-05-25,21:15,3045
2025-05-25,21:30,3036.6
2025-05-25,21:45,2686.6
2025-05-25,22:00,3291.4
2025-05-25,22:15,3676.4
2025-05-25,22:30,3736.6
2025-05-25,22:45,3722.6
2025-05-25,23:00,3782.8
2025-05-25,23:15,3666.6
2025-05-25,23:30,3568.6
2025-05-25,23:45,3537.8
2025-05-26,00:00,3381
2025-05-26,00:15,3148.6
2025-05-26,00:30,2961
2025-05-26,00:45,2811.2
2025-05-26,01:00,2500.4
2025-05-26,01:15,3145.8
2025-05-26,01:30,3575.6
2025-05-26,01:45,3605
2025-05-26,02:00,3665.2
2025-05-26,02:15,3662.4
2025-05-26,02:30,3326.4
2025-05-26,02:45,3266.2
2025-05-26,03:00,3169.6
2025-05-26,03:15,2973.6
2025-05-26,03:30,2919
2025-05-26,03:45,2650.2
2025-05-26,04:00,2471
2025-05-26,04:15,2137.8
2025-05-26,04:30,2928.8
2025-05-26,04:45,3248
2025-05-26,05:00,3334.8
2025-05-26,05:15,3404.8
2025-05-26,05:30,3407.6
2025-05-26,05:45,3423
2025-05-26,06:00,3218.6
2025-05-26,06:15,3094
2025-05-26,06:30,3215.8
2025-05-26,06:45,3102.4
2025-05-26,07:00,2994.6
2025-05-26,07:15,2718.8
2025-05-26,07:30,2569
2025-05-26,07:45,3393.6
2025-05-26,08:00,3728.2
2025-05-26,08:15,3894.8
2025-05-26,08:30,3992.8
2025-05-26,08:45,4009.6
2025-05-26,09:00,4118.8
2025-05-26,09:15,3770.2
2025-05-26,09:30,3710
2025-05-26,09:45,3600.8
2025-05-26,10:00,3458
2025-05-26,10:15,3262
2025-05-26,10:30,3096.8
2025-05-26,10:45,3406.2
2025-05-26,11:00,3861.2
2025-05-26,11:15,3753.4
2025-05-26,11:30,3878
2025-05-26,11:45,3866.8
2025-05-26,12:00,3823.4
2025-05-26,12:15,3731
2025-05-26,12:30,3596.6
2025-05-26,12:45,3431.4
2025-05-26,13:00,3157
2025-05-26,13:15,2987.6
2025-05-26,13:30,2843.4
2025-05-26,13:45,2632
2025-05-26,14:00,3133.2
2025-05-26,14:15,3850
2025-05-26,14:30,3617.6
2025-05-26,14:45,3525.2
2025-05-26,15:00,3501.4
2025-05-26,15:15,3399.2
2025-05-26,15:30,3318
2025-05-26,15:45,3231.2
2025-05-26,16:00,3060.4
2025-05-26,16:15,2958.2
2025-05-26,16:30,2751
2025-05-26,16:45,2426.2
2025-05-26,17:00,2163
2025-05-26,17:15,2829.4
2025-05-26,17:30,3288.6
2025-05-26,17:45,3262
2025-05-26,18:00,3336.2
2025-05-26,18:15,3360
2025-05-26,18:30,3285.8
2025-05-26,18:45,3206
2025-05-26,19:00,3116.4
2025-05-26,19:15,3367
2025-05-26,19:30,3186.4
2025-05-26,19:45,2969.4
2025-05-26,20:00,2751
2025-05-26,20:15,2522.8
2025-05-26,20:30,3166.8
2025-05-26,20:45,3605
2025-05-26,21:00,3633
2025-05-26,21:15,3705.8
2025-05-26,21:30,3731
2025-05-26,21:45,3753.4
2025-05-26,22:00,4055.8
2025-05-26,22:15,3897.6
2025-05-26,22:30,3848.6
2025-05-26,22:45,3600.8
2025-05-26,23:00,3493
2025-05-26,23:15,3316.6
2025-05-26,23:30,3032.4
2025-05-26,23:45,3726.8
2025-05-27,00:00,4135.6
2025-05-27,00:15,4183.2
2025-05-27,00:30,4230.8
2025-05-27,00:45,4222.4
2025-05-27,01:00,4127.2
2025-05-27,01:15,4016.6
2025-05-27,01:30,3889.2
2025-05-27,01:45,3757.6
2025-05-27,02:00,3606.4
2025-05-27,02:15,3410.4
2025-05-27,02:30,3227
2025-05-27,02:45,2927.4
2025-05-27,03:00,3666.6
2025-05-27,03:15,4071.2
2025-05-27,03:30,4090.8
2025-05-27,03:45,4142.6
2025-05-27,04:00,4138.4
2025-05-27,04:15,4054.4
2025-05-27,04:30,3977.4
2025-05-27,04:45,3831.8
2025-05-27,05:00,3693.2
2025-05-27,05:15,3546.2
2025-05-27,05:30,3367
2025-05-27,05:45,3126.2
2025-05-27,06:00,2937.2
2025-05-27,06:15,3183.6
2025-05-27,06:30,3571.4
2025-05-27,06:45,3654
2025-05-27,07:00,3696
2025-05-27,07:15,3659.6
2025-05-27,07:30,3610.6
2025-05-27,07:45,3495.8
2025-05-27,08:00,3222.8
2025-05-27,08:15,3131.8
2025-05-27,08:30,2984.8
2025-05-27,08:45,2800
2025-05-27,09:00,2559.2
2025-05-27,09:15,2968
2025-05-27,09:30,3756.2
2025-05-27,09:45,3852.8
2025-05-27,10:00,3887.8
2025-05-27,10:15,3680.6
2025-05-27,10:30,3641.4
2025-05-27,10:45,3584
2025-05-27,11:00,3364.2
2025-05-27,11:15,3213
2025-05-27,11:30,3087
2025-05-27,11:45,2885.4
2025-05-27,12:00,2717.4
2025-05-27,12:15,2494.8
2025-05-27,12:30,2529.8
2025-05-27,12:45,3122
2025-05-27,13:00,3204.6
2025-05-27,13:15,3287.2
2025-05-27,13:30,3385.2
2025-05-27,13:45,3369.8
2025-05-27,14:00,3437
2025-05-27,14:15,3344.6
2025-05-27,14:30,3152.8
2025-05-27,14:45,3099.6
2025-05-27,15:00,2972.2
2025-05-27,15:15,2846.2
2025-05-27,15:30,2487.8
2025-05-27,15:45,2987.6
2025-05-27,16:00,3446.8
2025-05-27,16:15,3484.6
2025-05-27,16:30,3570
2025-05-27,16:45,3579.8
2025-05-27,17:00,3452.4
2025-05-27,17:15,3364.2
2025-05-27,17:30,3221.4
2025-05-27,17:45,3085.6
2025-05-27,18:00,2969.4
2025-05-27,18:15,2856
2025-05-27,18:30,2658.6
2025-05-27,18:45,2527
2025-05-27,19:00,2969.4
2025-05-27,19:15,3395
2025-05-27,19:30,3514
2025-05-27,19:45,3537.8
2025-05-27,20:00,3570
2025-05-27,20:15,3467.8
2025-05-27,20:30,3383.8
2025-05-27,20:45,3276
2025-05-27,21:00,3217.2
2025-05-27,21:15,2983.4
2025-05-27,21:30,2888.2
2025-05-27,21:45,2661.4
2025-05-27,22:00,2342.2
2025-05-27,22:15,3018.4
2025-05-27,22:30,3432.8
2025-05-27,22:45,3438.4
2025-05-27,23:00,3493
2025-05-27,23:15,3521
2025-05-27,23:30,3424.4
2025-05-27,23:45,3355.8
2025-05-28,00:00,3264.8
2025-05-28,00:15,3119.2
2025-05-28,00:30,2935.8
2025-05-28,00:45,2776.2
2025-05-28,01:00,2585.8
2025-05-28,01:15,2305.8
2025-05-28,01:30,2997.4
2025-05-28,01:45,3402
2025-05-28,02:00,3466.4
2025-05-28,02:15,3500
2025-05-28,02:30,3495.8
2025-05-28,02:45,3451
2025-05-28,03:00,3340.4
2025-05-28,03:15,3221.4
2025-05-28,03:30,3050.6
2025-05-28,03:45,2900.8
2025-05-28,04:00,2710.4
2025-05-28,04:15,2525.6
2025-05-28,04:30,2230.2
2025-05-28,04:45,2997.4
2025-05-28,05:00,3392.2
2025-05-28,05:15,3437
2025-05-28,05:30,3484.6
2025-05-28,05:45,3428.6
2025-05-28,06:00,3375.4
2025-05-28,06:15,3274.6
2025-05-28,06:30,3116.4
2025-05-28,06:45,3038
2025-05-28,07:00,2877
2025-05-28,07:15,2702
2025-05-28,07:30,2529.8
2025-05-28,07:45,2277.8
2025-05-28,08:00,3283
2025-05-28,08:15,3714.2
2025-05-28,08:30,4032
2025-05-28,08:45,4072.6
2025-05-28,09:00,3999.8
2025-05-28,09:15,4060
2025-05-28,09:30,3859.8
2025-05-28,09:45,3722.6
2025-05-28,10:00,3588.2
2025-05-28,10:15,3371.2
2025-05-28,10:30,3175.2
2025-05-28,10:45,2468.2
2025-05-28,11:00,2623.6
2025-05-28,11:15,3186.4
2025-05-28,11:30,3344.6
2025-05-28,11:45,3344.6
2025-05-28,12:00,3395
2025-05-28,12:15,3334.8
2025-05-28,12:30,3245.2
2025-05-28,12:45,3330.6
2025-05-28,13:00,3199
2025-05-28,13:15,3033.8
2025-05-28,13:30,2858.8
2025-05-28,13:45,2851.8
2025-05-28,14:00,2804.2
2025-05-28,14:15,3288.6
2025-05-28,14:30,3648.4
2025-05-28,14:45,3504.2
2025-05-28,15:00,3504.2
2025-05-28,15:15,3750.6
2025-05-28,15:30,3676.4
2025-05-28,15:45,3572.8
2025-05-28,16:00,3497.2
2025-05-28,16:15,3323.6
2025-05-28,16:30,3154.2
2025-05-28,16:45,2994.6
2025-05-28,17:00,2423.4
2025-05-28,17:15,2207.8
2025-05-28,17:30,2861.6
2025-05-28,17:45,3341.8
2025-05-28,18:00,3495.8
2025-05-28,18:15,3563
2025-05-28,18:30,3550.4
2025-05-28,18:45,3470.6
2025-05-28,19:00,3432.8
2025-05-28,19:15,3329.2
2025-05-28,19:30,3171
2025-05-28,19:45,3022.6
2025-05-28,20:00,2870
2025-05-28,20:15,2714.6
2025-05-28,20:30,2401
2025-05-28,20:45,3214.4
2025-05-28,21:00,3619
2025-05-28,21:15,3626
2025-05-28,21:30,3682
2025-05-28,21:45,3659.6
2025-05-28,22:00,3504.2
2025-05-28,22:15,3407.6
2025-05-28,22:30,3257.8
2025-05-28,22:45,2997.4
2025-05-28,23:00,2793
2025-05-28,23:15,2660
2025-05-28,23:30,2494.8
2025-05-28,23:45,2149
2025-05-29,00:00,2898
2025-05-29,00:15,3309.6
2025-05-29,00:30,3346
2025-05-29,00:45,3407.6
2025-05-29,01:00,3252.2
2025-05-29,01:15,3185
2025-05-29,01:30,3085.6
2025-05-29,01:45,2965.2
2025-05-29,02:00,2797.2
2025-05-29,02:15,2625
2025-05-29,02:30,2553.6
2025-05-29,02:45,2233
2025-05-29,03:00,2709
2025-05-29,03:15,3015.6
2025-05-29,03:30,3193.4
2025-05-29,03:45,3262
2025-05-29,04:00,3281.6
2025-05-29,04:15,3238.2
2025-05-29,04:30,3150
2025-05-29,04:45,3008.6
2025-05-29,05:00,2934.4
2025-05-29,05:15,2790.2
2025-05-29,05:30,2605.4
2025-05-29,05:45,2422
2025-05-29,06:00,2177
2025-05-29,06:15,2718.8
2025-05-29,06:30,3155.6
2025-05-29,06:45,3208.8
2025-05-29,07:00,3256.4
2025-05-29,07:15,3288.6
2025-05-29,07:30,3235.4
2025-05-29,07:45,3196.2
2025-05-29,08:00,3284.4
2025-05-29,08:15,3123.4
2025-05-29,08:30,3150
2025-05-29,08:45,3129
2025-05-29,09:00,2748.2
2025-05-29,09:15,2947
2025-05-29,09:30,3532.2
2025-05-29,09:45,3963.4
2025-05-29,10:00,4113.2
2025-05-29,10:15,4333
2025-05-29,10:30,3943.8
2025-05-29,10:45,3865.4
2025-05-29,11:00,3794
2025-05-29,11:15,3693.2
2025-05-29,11:30,3572.8
2025-05-29,11:45,3409
2025-05-29,12:00,3239.6
2025-05-29,12:15,3056.2
2025-05-29,12:30,2832.2
2025-05-29,12:45,3344.6
2025-05-29,13:00,3830.4
2025-05-29,13:15,3827.6
2025-05-29,13:30,3887.8
2025-05-29,13:45,4121.6
2025-05-29,14:00,3838.8
2025-05-29,14:15,3763.2
2025-05-29,14:30,3663.8
2025-05-29,14:45,3570
2025-05-29,15:00,3390.8
2025-05-29,15:15,3229.8
2025-05-29,15:30,2489.2
2025-05-29,15:45,2304.4
2025-05-29,16:00,2798.6
2025-05-29,16:15,3448.2
2025-05-29,16:30,3316.6
2025-05-29,16:45,3313.8
2025-05-29,17:00,3333.4
2025-05-29,17:15,3283
2025-05-29,17:30,3164
2025-05-29,17:45,3158.4
2025-05-29,18:00,3005.8
2025-05-29,18:15,2878.4
2025-05-29,18:30,2716
2025-05-29,18:45,2529.8
2025-05-29,19:00,2221.8
2025-05-29,19:15,2963.8
2025-05-29,19:30,3382.4
2025-05-29,19:45,3396.4
2025-05-29,20:00,3451
2025-05-29,20:15,3467.8
2025-05-29,20:30,3390.8
2025-05-29,20:45,3315.2
2025-05-29,21:00,3211.6
2025-05-29,21:15,3046.4
2025-05-29,21:30,2896.6
2025-05-29,21:45,2720.2
2025-05-29,22:00,2559.2
2025-05-29,22:15,2224.6
2025-05-29,22:30,3049.2
2025-05-29,22:45,3395
2025-05-29,23:00,3341.8
2025-05-29,23:15,3386.6
2025-05-29,23:30,3337.6
2025-05-29,23:45,3323.6
2025-05-30,00:00,3231.2
2025-05-30,00:15,3087
2025-05-30,00:30,2926
2025-05-30,00:45,2758
2025-05-30,01:00,2613.8
2025-05-30,01:15,2409.4
2025-05-30,01:30,2136.4
2025-05-30,01:45,2899.4
2025-05-30,02:00,3266.2
2025-05-30,02:15,3288.6
2025-05-30,02:30,3348.8
2025-05-30,02:45,3297
2025-05-30,03:00,3236.8
2025-05-30,03:15,3151.4
2025-05-30,03:30,3026.8
2025-05-30,03:45,2875.6
2025-05-30,04:00,2756.6
2025-05-30,04:15,2567.6
2025-05-30,04:30,2391.2
2025-05-30,04:45,2186.8
2025-05-30,05:00,2959.6
2025-05-30,05:15,3208.8
2025-05-30,05:30,3270.4
2025-05-30,05:45,3302.6
2025-05-30,06:00,3292.8
2025-05-30,06:15,3210.2
2025-05-30,06:30,3091.2
2025-05-30,06:45,2982
2025-05-30,07:00,2800
2025-05-30,07:15,2640.4
2025-05-30,07:30,2479.4
2025-05-30,07:45,2262.4
2025-05-30,08:00,2297.4
2025-05-30,08:15,3147.2
2025-05-30,08:30,3014.2
2025-05-30,08:45,3032.4
2025-05-30,09:00,3046.4
2025-05-30,09:15,2938.6
2025-05-30,09:30,2889.6
2025-05-30,09:45,4391.8
2025-05-30,10:00,4118.8
2025-05-30,10:15,2269.4
2025-05-30,10:30,3698.8
2025-05-30,10:45,1971.2
2025-05-30,11:00,1937.6
2025-05-30,11:15,2226
2025-05-30,11:30,2623.6
2025-05-30,11:45,2730
2025-05-30,12:00,2753.8
2025-05-30,12:15,2760.8
2025-05-30,12:30,2738.4
2025-05-30,12:45,2651.6
2025-05-30,13:00,2710.4
2025-05-30,13:15,2548
2025-05-30,13:30,2349.2
2025-05-30,13:45,2199.4
2025-05-30,14:00,2081.8
2025-05-30,14:15,1659
2025-05-30,14:30,2452.8
2025-05-30,14:45,3028.2
2025-05-30,15:00,3218.6
2025-05-30,15:15,3218.6
2025-05-30,15:30,2977.8
2025-05-30,15:45,2952.6
2025-05-30,16:00,2907.8
2025-05-30,16:15,2861.6
2025-05-30,16:30,2595.6
2025-05-30,16:45,2482.2
2025-05-30,17:00,2396.8
2025-05-30,17:15,2282
2025-05-30,17:30,2231.6
2025-05-30,17:45,2843.4
2025-05-30,18:00,3228.4
2025-05-30,18:15,3326.4
2025-05-30,18:30,3431.4
2025-05-30,18:45,3413.2
2025-05-30,19:00,3365.6
2025-05-30,19:15,3281.6
2025-05-30,19:30,3183.6
2025-05-30,19:45,3084.2
2025-05-30,20:00,2906.4
2025-05-30,20:15,2737
2025-05-30,20:30,2602.6
2025-05-30,20:45,2307.2
2025-05-30,21:00,3011.4
2025-05-30,21:15,3245.2
2025-05-30,21:30,3259.2
2025-05-30,21:45,3313.8
2025-05-30,22:00,3280.2
2025-05-30,22:15,3207.4
2025-05-30,22:30,3147.2
2025-05-30,22:45,3001.6
2025-05-30,23:00,2851.8
2025-05-30,23:15,2723
2025-05-30,23:30,2524.2
2025-05-30,23:45,2346.4
2025-05-31,00:00,2097.2
2025-05-31,00:15,3001.6
2025-05-31,00:30,3213
2025-05-31,00:45,3271.8
2025-05-31,01:00,3316.6
2025-05-31,01:15,3301.2
2025-05-31,01:30,3227
2025-05-31,01:45,3120.6
2025-05-31,02:00,2998.8
2025-05-31,02:15,2840.6
2025-05-31,02:30,2706.2
2025-05-31,02:45,2487.8
2025-05-31,03:00,2317
2025-05-31,03:15,2464
2025-05-31,03:30,3096.8
2025-05-31,03:45,3208.8
2025-05-31,04:00,3260.6
2025-05-31,04:15,3306.8
2025-05-31,04:30,3241
2025-05-31,04:45,3194.8
2025-05-31,05:00,3043.6
2025-05-31,05:15,2928.8
2025-05-31,05:30,2713.2
2025-05-31,05:45,2655.8
2025-05-31,06:00,2455.6
2025-05-31,06:15,2276.4
2025-05-31,06:30,2654.4
2025-05-31,06:45,3124.8
2025-05-31,07:00,3241
2025-05-31,07:15,3288.6
2025-05-31,07:30,3329.2
2025-05-31,07:45,3210.2
2025-05-31,08:00,3180.8
2025-05-31,08:15,2980.6
2025-05-31,08:30,2906.4
2025-05-31,08:45,2910.6
2025-05-31,09:00,2791.6
2025-05-31,09:15,2704.8
2025-05-31,09:30,2455.6
2025-05-31,09:45,2816.8
2025-05-31,10:00,3256.4
2025-05-31,10:15,3383.8
2025-05-31,10:30,3388
2025-05-31,10:45,3179.4
2025-05-31,11:00,3042.2
2025-05-31,11:15,2891
2025-05-31,11:30,2917.6
2025-05-31,11:45,2749.6
2025-05-31,12:00,2689.4
2025-05-31,12:15,2489.2
2025-05-31,12:30,2347.8
2025-05-31,12:45,2049.6
2025-05-31,13:00,2479.4
2025-05-31,13:15,3215.8
2025-05-31,13:30,3305.4
2025-05-31,13:45,3351.6
2025-05-31,14:00,3358.6
2025-05-31,14:15,3248
2025-05-31,14:30,3228.4
2025-05-31,14:45,3211.6
2025-05-31,15:00,3071.6
2025-05-31,15:15,2909.2
2025-05-31,15:30,2706.2
2025-05-31,15:45,2524.2
2025-05-31,16:00,2249.8
2025-05-31,16:15,2909.2
2025-05-31,16:30,3337.6
2025-05-31,16:45,3190.6
2025-05-31,17:00,3147.2
2025-05-31,17:15,3218.6
2025-05-31,17:30,3096.8
2025-05-31,17:45,3052
2025-05-31,18:00,2990.4
2025-05-31,18:15,2857.4
2025-05-31,18:30,2704.8
2025-05-31,18:45,2538.2
2025-05-31,19:00,2483.6
2025-05-31,19:15,2216.2
2025-05-31,19:30,2886.8
2025-05-31,19:45,3319.4
2025-05-31,20:00,3353
2025-05-31,20:15,3396.4
2025-05-31,20:30,3402
2025-05-31,20:45,3348.8
2025-05-31,21:00,3280.2
2025-05-31,21:15,3215.8
2025-05-31,21:30,3045
2025-05-31,21:45,2878.4
2025-05-31,22:00,2718.8
2025-05-31,22:15,2485
2025-05-31,22:30,2086
2025-05-31,22:45,2760.8
2025-05-31,23:00,3119.2
2025-05-31,23:15,3081.4
2025-05-31,23:30,3239.6
2025-05-31,23:45,3211.6
2025-06-01,00:00,3004.4
2025-06-01,00:15,2952.6
2025-06-01,00:30,2804.2
2025-06-01,00:45,2671.2
2025-06-01,01:00,2524.2
2025-06-01,01:15,2388.4
2025-06-01,01:30,2191
2025-06-01,01:45,1891.4
2025-06-01,02:00,2644.6
2025-06-01,02:15,3024
2025-06-01,02:30,3032.4
2025-06-01,02:45,3085.6
2025-06-01,03:00,3056.2
2025-06-01,03:15,2973.6
2025-06-01,03:30,2881.2
2025-06-01,03:45,2793
2025-06-01,04:00,2604
2025-06-01,04:15,2444.4
2025-06-01,04:30,2286.2
2025-06-01,04:45,2083.2
2025-06-01,05:00,2417.8
2025-06-01,05:15,2896.6
2025-06-01,05:30,2996
2025-06-01,05:45,3071.6
2025-06-01,06:00,3082.8
2025-06-01,06:15,3031
2025-06-01,06:30,2965.2
2025-06-01,06:45,2888.2
2025-06-01,07:00,2762.2
2025-06-01,07:15,2602.6
2025-06-01,07:30,2437.4
2025-06-01,07:45,2427.6
2025-06-01,08:00,2240
2025-06-01,08:15,2818.2
2025-06-01,08:30,3323.6
2025-06-01,08:45,3430
2025-06-01,09:00,3560.2
2025-06-01,09:15,3556
2025-06-01,09:30,3514
2025-06-01,09:45,3302.6
2025-06-01,10:00,3208.8
2025-06-01,10:15,2877
2025-06-01,10:30,2716
2025-06-01,10:45,2567.6
2025-06-01,11:00,2238.6
2025-06-01,11:15,2011.8
2025-06-01,11:30,2629.2
2025-06-01,11:45,3239.6
2025-06-01,12:00,3266.2
2025-06-01,12:15,3294.2
2025-06-01,12:30,3329.2
2025-06-01,12:45,3308.2
2025-06-01,13:00,3201.8
2025-06-01,13:15,3117.8
2025-06-01,13:30,2984.8
2025-06-01,13:45,2858.8
2025-06-01,14:00,2669.8
2025-06-01,14:15,2507.4
2025-06-01,14:30,2333.8
2025-06-01,14:45,2846.2
2025-06-01,15:00,3257.8
2025-06-01,15:15,3301.2
2025-06-01,15:30,3350.2
2025-06-01,15:45,3376.8
2025-06-01,16:00,3365.6
2025-06-01,16:15,3292.8
2025-06-01,16:30,3075.8
2025-06-01,16:45,2843.4
2025-06-01,17:00,2633.4
2025-06-01,17:15,2461.2
2025-06-01,17:30,2265.2
2025-06-01,17:45,2080.4
2025-06-01,18:00,2836.4
2025-06-01,18:15,3288.6
2025-06-01,18:30,3294.2
2025-06-01,18:45,3389.4
2025-06-01,19:00,3381
2025-06-01,19:15,3343.2
2025-06-01,19:30,3269
2025-06-01,19:45,3176.6
2025-06-01,20:00,3010
2025-06-01,20:15,2874.2
2025-06-01,20:30,2703.4
2025-06-01,20:45,2536.8
2025-06-01,21:00,2237.2
2025-06-01,21:15,3017
2025-06-01,21:30,3353
2025-06-01,21:45,3424.4
2025-06-01,22:00,3452.4
2025-06-01,22:15,3396.4
2025-06-01,22:30,3131.8
2025-06-01,22:45,3053.4
2025-06-01,23:00,2961
2025-06-01,23:15,2794.4
2025-06-01,23:30,2626.4
2025-06-01,23:45,2440.2
2025-06-02,00:00,2242.8
2025-06-02,00:15,2069.2
2025-06-02,00:30,2829.4
2025-06-02,00:45,3152.8
2025-06-02,01:00,3164
2025-06-02,01:15,3229.8
2025-06-02,01:30,3164
2025-06-02,01:45,3095.4
2025-06-02,02:00,3043.6
2025-06-02,02:15,2892.4
2025-06-02,02:30,2742.6
2025-06-02,02:45,2585.8
2025-06-02,03:00,2438.8
2025-06-02,03:15,2245.6
2025-06-02,03:30,2217.6
2025-06-02,03:45,2927.4
2025-06-02,04:00,3131.8
2025-06-02,04:15,3183.6
2025-06-02,04:30,3224.2
2025-06-02,04:45,3147.2
2025-06-02,05:00,3088.4
2025-06-02,05:15,2944.2
2025-06-02,05:30,2798.6
2025-06-02,05:45,2695
2025-06-02,06:00,2602.6
2025-06-02,06:15,2377.2
2025-06-02,06:30,2160.2
2025-06-02,06:45,2437.4
2025-06-02,07:00,3038
2025-06-02,07:15,3071.6
2025-06-02,07:30,3113.6
2025-06-02,07:45,3182.2
2025-06-02,08:00,3080
2025-06-02,08:15,3052
2025-06-02,08:30,2945.6
2025-06-02,08:45,2766.4
2025-06-02,09:00,2693.6
2025-06-02,09:15,2601.2
2025-06-02,09:30,2409.4
2025-06-02,09:45,2143.4
2025-06-02,10:00,2867.2
2025-06-02,10:15,3138.8
2025-06-02,10:30,3329.2
2025-06-02,10:45,3304
2025-06-02,11:00,3264.8
2025-06-02,11:15,3071.6
2025-06-02,11:30,3010
2025-06-02,11:45,2997.4
2025-06-02,12:00,2864.4
2025-06-02,12:15,2751
2025-06-02,12:30,2611
2025-06-02,12:45,2322.6
2025-06-02,13:00,1920.8
2025-06-02,13:15,2555
2025-06-02,13:30,3197.6
2025-06-02,13:45,3155.6
2025-06-02,14:00,3269
2025-06-02,14:15,3246.6
2025-06-02,14:30,3231.2
2025-06-02,14:45,2942.8
2025-06-02,15:00,2874.2
2025-06-02,15:15,2807
2025-06-02,15:30,2588.6
2025-06-02,15:45,2468.2
2025-06-02,16:00,2270.8
2025-06-02,16:15,2045.4
2025-06-02,16:30,2760.8
2025-06-02,16:45,3154.2
2025-06-02,17:00,3255
2025-06-02,17:15,3319.4
2025-06-02,17:30,3096.8
2025-06-02,17:45,2977.8
2025-06-02,18:00,2965.2
2025-06-02,18:15,2846.2
2025-06-02,18:30,2737
2025-06-02,18:45,2592.8
2025-06-02,19:00,2437.4
2025-06-02,19:15,2277.8
2025-06-02,19:30,1989.4
2025-06-02,19:45,2697.8
2025-06-02,20:00,3095.4
2025-06-02,20:15,3137.4
2025-06-02,20:30,3361.4
2025-06-02,20:45,3332
2025-06-02,21:00,3283
2025-06-02,21:15,3192
2025-06-02,21:30,3056.2
2025-06-02,21:45,2905
2025-06-02,22:00,3330.6
2025-06-02,22:15,3164
2025-06-02,22:30,3024
2025-06-02,22:45,2721.6
2025-06-02,23:00,3452.4
2025-06-02,23:15,3827.6
2025-06-02,23:30,3868.2
2025-06-02,23:45,3921.4
2025-06-03,00:00,3901.8
2025-06-03,00:15,3834.6
2025-06-03,00:30,3733.8
2025-06-03,00:45,3607.8
2025-06-03,01:00,3409
2025-06-03,01:15,3305.4
2025-06-03,01:30,3137.4
2025-06-03,01:45,2934.4
2025-06-03,02:00,2905
2025-06-03,02:15,3634.4
2025-06-03,02:30,3820.6
2025-06-03,02:45,3855.6
2025-06-03,03:00,3913
2025-06-03,03:15,3872.4
2025-06-03,03:30,3795.4
2025-06-03,03:45,3708.6
2025-06-03,04:00,3584
2025-06-03,04:15,3431.4
2025-06-03,04:30,3264.8
2025-06-03,04:45,3092.6
2025-06-03,05:00,2906.4
2025-06-03,05:15,3159.8
2025-06-03,05:30,3740.8
2025-06-03,05:45,3777.2
2025-06-03,06:00,3234
2025-06-03,06:15,3260.6
2025-06-03,06:30,3141.6
2025-06-03,06:45,3089.8
2025-06-03,07:00,2923.2
2025-06-03,07:15,2776.2
2025-06-03,07:30,2616.6
2025-06-03,07:45,2433.2
2025-06-03,08:00,2228.8
2025-06-03,08:15,1948.8
2025-06-03,08:30,2303
2025-06-03,08:45,2753.8
2025-06-03,09:00,2780.4
2025-06-03,09:15,2809.8
2025-06-03,09:30,2819.6
2025-06-03,09:45,2746.8
2025-06-03,10:00,2759.4
2025-06-03,10:15,2842
2025-06-03,10:30,2744
2025-06-03,10:45,2667
2025-06-03,11:00,2487.8
2025-06-03,11:15,2335.2
2025-06-03,11:30,2136.4
2025-06-03,11:45,2557.8
2025-06-03,12:00,3138.8
2025-06-03,12:15,3078.6
2025-06-03,12:30,3467.8
2025-06-03,12:45,3386.6
2025-06-03,13:00,3150
2025-06-03,13:15,3054.8
2025-06-03,13:30,2976.4
2025-06-03,13:45,4125.8
2025-06-03,14:00,2788.8
2025-06-03,14:15,3035.2
2025-06-03,14:30,2884
2025-06-03,14:45,2665.6
2025-06-03,15:00,3143
2025-06-03,15:15,3554.6
2025-06-03,15:30,3556
2025-06-03,15:45,3623.2
2025-06-03,16:00,3691.8
2025-06-03,16:15,3614.8
2025-06-03,16:30,3486
2025-06-03,16:45,3445.4
2025-06-03,17:00,3098.2
2025-06-03,17:15,2951.2
2025-06-03,17:30,2899.4
2025-06-03,17:45,2674
2025-06-03,18:00,2280.6
2025-06-03,18:15,3061.8
2025-06-03,18:30,3504.2
2025-06-03,18:45,3568.6
2025-06-03,19:00,3617.6
2025-06-03,19:15,3676.4
2025-06-03,19:30,3628.8
2025-06-03,19:45,3606.4
2025-06-03,20:00,3435.6
2025-06-03,20:15,3295.6
2025-06-03,20:30,3179.4
2025-06-03,20:45,3011.4
2025-06-03,21:00,2804.2
2025-06-03,21:15,3078.6
2025-06-03,21:30,3735.2
2025-06-03,21:45,4132.8
2025-06-03,22:00,4118.8
2025-06-03,22:15,4194.4
2025-06-03,22:30,4160.8
2025-06-03,22:45,4090.8
2025-06-03,23:00,4002.6
2025-06-03,23:15,3925.6
2025-06-03,23:30,3773
2025-06-03,23:45,3630.2
2025-06-04,00:00,3465
2025-06-04,00:15,3278.8
2025-06-04,00:30,3003
2025-06-04,00:45,3672.2
2025-06-04,01:00,4067
2025-06-04,01:15,4111.8
2025-06-04,01:30,4148.2
2025-06-04,01:45,4123
2025-06-04,02:00,4051.6
2025-06-04,02:15,3978.8
2025-06-04,02:30,3837.4
2025-06-04,02:45,3698.8
2025-06-04,03:00,3525.2
2025-06-04,03:15,3406.2
2025-06-04,03:30,3222.8
2025-06-04,03:45,2947
2025-06-04,04:00,3648.4
2025-06-04,04:15,4055.8
2025-06-04,04:30,4090.8
2025-06-04,04:45,4144
2025-06-04,05:00,4131.4
2025-06-04,05:15,4047.4
2025-06-04,05:30,3942.4
2025-06-04,05:45,3795.4
2025-06-04,06:00,3084.2
2025-06-04,06:15,2891
2025-06-04,06:30,2695
2025-06-04,06:45,2522.8
2025-06-04,07:00,2508.8
2025-06-04,07:15,3169.6
2025-06-04,07:30,3407.6
2025-06-04,07:45,3413.2
2025-06-04,08:00,3470.6
2025-06-04,08:15,3407.6
2025-06-04,08:30,3299.8
2025-06-04,08:45,3145.8
2025-06-04,09:00,4543
2025-06-04,09:15,4387.6
2025-06-04,09:30,2846.2
2025-06-04,09:45,3330.6
2025-06-04,10:00,3417.4
2025-06-04,10:15,2280.6
2025-06-04,10:30,2454.2
2025-06-04,10:45,3085.6
2025-06-04,11:00,2679.6
2025-06-04,11:15,2664.2
2025-06-04,11:30,3124.8
2025-06-04,11:45,3063.2
2025-06-04,12:00,2464
2025-06-04,12:15,2975
2025-06-04,12:30,3008.6
2025-06-04,12:45,2175.6
2025-06-04,13:00,2837.8
2025-06-04,13:15,3050.6
2025-06-04,13:30,2609.6
2025-06-04,13:45,2958.2
2025-06-04,14:00,3129
2025-06-04,14:15,3351.6
2025-06-04,14:30,2648.8
2025-06-04,14:45,3127.6
2025-06-04,15:00,3248
2025-06-04,15:15,2636.2
2025-06-04,15:30,3257.8
2025-06-04,15:45,3430
2025-06-04,16:00,3070.2
2025-06-04,16:15,3127.6
2025-06-04,16:30,3239.6
2025-06-04,16:45,3460.8
2025-06-04,17:00,2863
2025-06-04,17:15,3462.2
2025-06-04,17:30,3542
2025-06-04,17:45,2713.2
2025-06-04,18:00,3448.2
2025-06-04,18:15,3670.8
2025-06-04,18:30,3277.4
2025-06-04,18:45,3267.6
2025-06-04,19:00,3708.6
2025-06-04,19:15,3696
2025-06-04,19:30,3122
2025-06-04,19:45,3687.6
2025-06-04,20:00,3718.4
2025-06-04,20:15,2935.8
2025-06-04,20:30,3516.8
2025-06-04,20:45,3735.2
2025-06-04,21:00,3250.8
2025-06-04,21:15,3340.4
2025-06-04,21:30,3763.2
2025-06-04,21:45,3686.2
2025-06-04,22:00,3091.2
2025-06-04,22:15,3641.4
2025-06-04,22:30,3701.6
2025-06-04,22:45,2825.2
2025-06-04,23:00,3502.8
2025-06-04,23:15,3731
2025-06-04,23:30,3308.2
2025-06-04,23:45,3280.2
2025-06-05,00:00,3721.2
2025-06-05,00:15,3679.2
2025-06-05,00:30,3119.2
2025-06-05,00:45,3638.6
2025-06-05,01:00,3673.6
2025-06-05,01:15,2856
2025-06-05,01:30,3519.6
2025-06-05,01:45,3724
2025-06-05,02:00,3255
2025-06-05,02:15,3298.4
2025-06-05,02:30,3719.8
2025-06-05,02:45,3661
2025-06-05,03:00,3070.2
2025-06-05,03:15,3655.4
2025-06-05,03:30,3691.8
2025-06-05,03:45,2788.8
2025-06-05,04:00,3529.4
2025-06-05,04:15,3715.6
2025-06-05,04:30,3183.6
2025-06-05,04:45,3326.4
2025-06-05,05:00,3725.4
2025-06-05,05:15,3652.6
2025-06-05,05:30,3057.6
2025-06-05,05:45,3423
2025-06-05,06:00,3560.2
2025-06-05,06:15,2702
2025-06-05,06:30,3323.6
2025-06-05,06:45,3507
2025-06-05,07:00,3014.2
2025-06-05,07:15,3010
2025-06-05,07:30,3379.6
2025-06-05,07:45,3409
2025-06-05,08:00,2774.8
2025-06-05,08:15,3256.4
2025-06-05,08:30,3288.6
2025-06-05,08:45,2363.2
2025-06-05,09:00,3082.8
2025-06-05,09:15,4211.2
2025-06-05,09:30,3536.4
2025-06-05,09:45,3375.4
2025-06-05,10:00,3959.2
2025-06-05,10:15,3844.4
2025-06-05,10:30,2461.2
2025-06-05,10:45,2151.8
2025-06-05,11:00,3031
2025-06-05,11:15,3039.4
2025-06-05,11:30,3063.2
2025-06-05,11:45,3119.2
2025-06-05,12:00,3038
2025-06-05,12:15,2983.4
2025-06-05,12:30,2815.4
2025-06-05,12:45,2700.6
2025-06-05,13:00,2549.4
2025-06-05,13:15,2429
2025-06-05,13:30,2301.6
2025-06-05,13:45,2137.8
2025-06-05,14:00,2403.8
2025-06-05,14:15,2962.4
2025-06-05,14:30,3354.4
2025-06-05,14:45,3210.2
2025-06-05,15:00,3270.4
2025-06-05,15:15,3236.8
2025-06-05,15:30,3231.2
2025-06-05,15:45,3145.8
2025-06-05,16:00,2877
2025-06-05,16:15,2760.8
2025-06-05,16:30,2770.6
2025-06-05,16:45,2661.4
2025-06-05,17:00,2482.2
2025-06-05,17:15,3001.6
2025-06-05,17:30,3451
2025-06-05,17:45,3542
2025-06-05,18:00,3593.8
2025-06-05,18:15,3637.2
2025-06-05,18:30,3588.2
2025-06-05,18:45,3578.4
2025-06-05,19:00,3462.2
2025-06-05,19:15,3332
2025-06-05,19:30,3169.6
2025-06-05,19:45,3029.6
2025-06-05,20:00,2849
2025-06-05,20:15,2599.8
2025-06-05,20:30,3196.2
2025-06-05,20:45,3612
2025-06-05,21:00,3665.2
2025-06-05,21:15,3717
2025-06-05,21:30,3732.4
2025-06-05,21:45,3687.6
2025-06-05,22:00,3628.8
2025-06-05,22:15,3511.2
2025-06-05,22:30,3418.8
2025-06-05,22:45,3229.8
2025-06-05,23:00,3075.8
2025-06-05,23:15,2906.4
2025-06-05,23:30,2651.6
2025-06-05,23:45,3255
2025-06-06,00:00,3649.8
2025-06-06,00:15,3689
2025-06-06,00:30,3753.4
2025-06-06,00:45,3739.4
2025-06-06,01:00,3670.8
2025-06-06,01:15,3589.6
2025-06-06,01:30,3488.8
2025-06-06,01:45,3353
2025-06-06,02:00,3200.4
2025-06-06,02:15,3015.6
2025-06-06,02:30,2840.6
2025-06-06,02:45,2541
2025-06-06,03:00,3238.2
2025-06-06,03:15,3638.6
2025-06-06,03:30,3666.6
2025-06-06,03:45,3771.6
2025-06-06,04:00,3724
2025-06-06,04:15,3662.4
2025-06-06,04:30,3570
2025-06-06,04:45,3466.4
2025-06-06,05:00,3353
2025-06-06,05:15,3143
2025-06-06,05:30,2970.8
2025-06-06,05:45,2797.2
2025-06-06,06:00,2479.4
2025-06-06,06:15,3221.4
2025-06-06,06:30,3578.4
2025-06-06,06:45,3630.2
2025-06-06,07:00,3673.6
2025-06-06,07:15,3607.8
2025-06-06,07:30,3516.8
2025-06-06,07:45,3441.2
2025-06-06,08:00,3326.4
2025-06-06,08:15,3105.2
2025-06-06,08:30,2885.4
2025-06-06,08:45,2566.2
2025-06-06,09:00,2342.2
2025-06-06,09:15,2009
2025-06-06,09:30,2933
2025-06-06,09:45,3089.8
2025-06-06,10:00,3169.6
2025-06-06,10:15,3376.8
2025-06-06,10:30,3136
2025-06-06,10:45,3031
2025-06-06,11:00,2934.4
2025-06-06,11:15,2737
2025-06-06,11:30,2626.4
2025-06-06,11:45,2647.4
2025-06-06,12:00,2552.2
2025-06-06,12:15,2140.6
2025-06-06,12:30,2837.8
2025-06-06,12:45,3334.8
2025-06-06,13:00,3379.6
2025-06-06,13:15,3333.4
2025-06-06,13:30,2851.8
2025-06-06,13:45,3140.2
2025-06-06,14:00,3179.4
2025-06-06,14:15,3309.6
2025-06-06,14:30,3246.6
2025-06-06,14:45,3201.8
2025-06-06,15:00,3052
2025-06-06,15:15,2882.6
2025-06-06,15:30,2721.6
2025-06-06,15:45,3239.6
2025-06-06,16:00,3714.2
2025-06-06,16:15,3740.8
2025-06-06,16:30,2202.2
2025-06-06,16:45,3537.8
2025-06-06,17:00,3759
2025-06-06,17:15,3749.2
2025-06-06,17:30,3658.2
2025-06-06,17:45,3497.2
2025-06-06,18:00,3362.8
2025-06-06,18:15,3210.2
2025-06-06,18:30,3019.8
2025-06-06,18:45,2809.8
2025-06-06,19:00,3357.2
2025-06-06,19:15,3789.8
2025-06-06,19:30,3920
2025-06-06,19:45,3949.4
2025-06-06,20:00,3964.8
2025-06-06,20:15,3880.8
2025-06-06,20:30,3796.8
2025-06-06,20:45,3722.6
2025-06-06,21:00,3561.6
2025-06-06,21:15,3407.6
2025-06-06,21:30,3238.2
2025-06-06,21:45,3523.8
2025-06-06,22:00,3236.8
2025-06-06,22:15,3862.6
2025-06-06,22:30,4212.6
2025-06-06,22:45,4271.4
2025-06-06,23:00,4327.4
2025-06-06,23:15,4345.6
2025-06-06,23:30,4254.6
2025-06-06,23:45,4160.8
2025-06-07,00:00,4039
2025-06-07,00:15,3890.6
2025-06-07,00:30,3694.6
2025-06-07,00:45,3528
2025-06-07,01:00,3365.6
2025-06-07,01:15,3077.2
2025-06-07,01:30,3766
2025-06-07,01:45,4165
2025-06-07,02:00,4190.2
2025-06-07,02:15,4264.4
2025-06-07,02:30,4240.6
2025-06-07,02:45,4191.6
2025-06-07,03:00,3771.6
2025-06-07,03:15,3647
2025-06-07,03:30,3487.4
2025-06-07,03:45,3332
2025-06-07,04:00,3166.8
2025-06-07,04:15,2977.8
2025-06-07,04:30,2752.4
2025-06-07,04:45,3557.4
2025-06-07,05:00,3788.4
2025-06-07,05:15,3913
2025-06-07,05:30,3939.6
2025-06-07,05:45,3907.4
2025-06-07,06:00,3826.2
2025-06-07,06:15,3687.6
2025-06-07,06:30,3581.2
2025-06-07,06:45,3460.8
2025-06-07,07:00,3290
2025-06-07,07:15,3106.6
2025-06-07,07:30,2912
2025-06-07,07:45,2997.4
2025-06-07,08:00,3602.2
2025-06-07,08:15,3728.2
2025-06-07,08:30,3697.4
2025-06-07,08:45,3312.4
2025-06-07,09:00,3323.6
2025-06-07,09:15,3042.2
2025-06-07,09:30,3253.6
2025-06-07,09:45,2954
2025-06-07,10:00,2829.4
2025-06-07,10:15,2919
2025-06-07,10:30,2829.4
2025-06-07,10:45,2702
2025-06-07,11:00,2973.6
2025-06-07,11:15,3504.2
2025-06-07,11:30,3376.8
2025-06-07,11:45,3197.6
2025-06-07,12:00,3127.6
2025-06-07,12:15,3539.2
2025-06-07,12:30,3476.2
2025-06-07,12:45,3467.8
2025-06-07,13:00,3126.2
2025-06-07,13:15,3018.4
2025-06-07,13:30,2980.6
2025-06-07,13:45,2811.2
2025-06-07,14:00,2714.6
2025-06-07,14:15,3081.4
2025-06-07,14:30,3588.2
2025-06-07,14:45,3451
2025-06-07,15:00,3726.8
2025-06-07,15:15,3791.2
2025-06-07,15:30,3708.6
2025-06-07,15:45,3621.8
2025-06-07,16:00,3536.4
2025-06-07,16:15,3411.8
2025-06-07,16:30,3221.4
2025-06-07,16:45,3025.4
2025-06-07,17:00,2881.2
2025-06-07,17:15,2682.4
2025-06-07,17:30,3288.6
2025-06-07,17:45,3703
2025-06-07,18:00,3721.2
2025-06-07,18:15,3801
2025-06-07,18:30,3838.8
2025-06-07,18:45,3833.2
2025-06-07,19:00,3722.6
2025-06-07,19:15,3621.8
2025-06-07,19:30,3493
2025-06-07,19:45,3371.2
2025-06-07,20:00,3173.8
2025-06-07,20:15,3019.8
2025-06-07,20:30,2766.4
2025-06-07,20:45,3347.4
2025-06-07,21:00,3778.6
2025-06-07,21:15,3808
2025-06-07,21:30,3931.2
2025-06-07,21:45,3766
2025-06-07,22:00,3981.6
2025-06-07,22:15,3934
2025-06-07,22:30,3449.6
2025-06-07,22:45,3318
2025-06-07,23:00,3180.8
2025-06-07,23:15,2997.4
2025-06-07,23:30,2809.8
2025-06-07,23:45,2536.8
2025-06-08,00:00,3169.6
2025-06-08,00:15,3589.6
2025-06-08,00:30,3638.6
2025-06-08,00:45,3682
2025-06-08,01:00,3658.2
2025-06-08,01:15,3577
2025-06-08,01:30,3505.6
2025-06-08,01:45,3382.4
2025-06-08,02:00,3246.6
2025-06-08,02:15,3158.4
2025-06-08,02:30,2956.8
2025-06-08,02:45,2807
2025-06-08,03:00,2535.4
2025-06-08,03:15,3130.4
2025-06-08,03:30,3565.8
2025-06-08,03:45,3593.8
2025-06-08,04:00,3673.6
2025-06-08,04:15,3642.8
2025-06-08,04:30,3591
2025-06-08,04:45,3470.6
2025-06-08,05:00,3344.6
2025-06-08,05:15,3245.2
2025-06-08,05:30,3005.8
2025-06-08,05:45,2846.2
2025-06-08,06:00,2613.8
2025-06-08,06:15,2345
2025-06-08,06:30,3061.8
2025-06-08,06:45,3497.2
2025-06-08,07:00,3511.2
2025-06-08,07:15,3603.6
2025-06-08,07:30,3392.2
2025-06-08,07:45,3460.8
2025-06-08,08:00,3340.4
2025-06-08,08:15,3241
2025-06-08,08:30,3066
2025-06-08,08:45,2741.2
2025-06-08,09:00,2716
2025-06-08,09:15,2525.6
2025-06-08,09:30,2300.2
2025-06-08,09:45,3134.6
2025-06-08,10:00,3351.6
2025-06-08,10:15,3299.8
2025-06-08,10:30,3329.2
2025-06-08,10:45,3311
2025-06-08,11:00,3218.6
2025-06-08,11:15,3105.2
2025-06-08,11:30,3024
2025-06-08,11:45,2867.2
2025-06-08,12:00,2679.6
2025-06-08,12:15,2552.2
2025-06-08,12:30,2389.8
2025-06-08,12:45,2297.4
2025-06-08,13:00,2980.6
2025-06-08,13:15,3283
2025-06-08,13:30,3397.8
2025-06-08,13:45,3350.2
2025-06-08,14:00,3278.8
2025-06-08,14:15,3283
2025-06-08,14:30,2891
2025-06-08,14:45,3073
2025-06-08,15:00,3137.4
2025-06-08,15:15,2888.2
2025-06-08,15:30,2879.8
2025-06-08,15:45,2709
2025-06-08,16:00,2599.8
2025-06-08,16:15,3360
2025-06-08,16:30,3504.2
2025-06-08,16:45,3670.8
2025-06-08,17:00,3705.8
2025-06-08,17:15,3694.6
2025-06-08,17:30,3606.4
2025-06-08,17:45,3525.2
2025-06-08,18:00,3533.6
2025-06-08,18:15,3385.2
2025-06-08,18:30,3199
2025-06-08,18:45,3105.2
2025-06-08,19:00,2916.2
2025-06-08,19:15,3074.4
2025-06-08,19:30,3652.6
2025-06-08,19:45,3836
2025-06-08,20:00,3852.8
2025-06-08,20:15,3907.4
2025-06-08,20:30,3862.6
2025-06-08,20:45,3789.8
2025-06-08,21:00,3693.2
2025-06-08,21:15,3554.6
2025-06-08,21:30,3411.8
2025-06-08,21:45,3266.2
2025-06-08,22:00,3501.4
2025-06-08,22:15,3294.2
2025-06-08,22:30,3795.4
2025-06-08,22:45,4246.2
2025-06-08,23:00,4250.4
2025-06-08,23:15,4293.8
2025-06-08,23:30,4306.4
2025-06-08,23:45,4256
2025-06-09,00:00,4130
2025-06-09,00:15,4023.6
2025-06-09,00:30,3847.2
2025-06-09,00:45,3669.4
2025-06-09,01:00,3521
2025-06-09,01:15,3312.4
2025-06-09,01:30,3068.8
2025-06-09,01:45,3663.8
2025-06-09,02:00,4078.2
2025-06-09,02:15,4096.4
2025-06-09,02:30,4149.6
2025-06-09,02:45,4156.6
2025-06-09,03:00,4092.2
2025-06-09,03:15,4022.2
2025-06-09,03:30,3927
2025-06-09,03:45,3777.2
2025-06-09,04:00,3616.2
2025-06-09,04:15,3354.4
2025-06-09,04:30,3158.4
2025-06-09,04:45,2913.4
2025-06-09,05:00,3565.8
2025-06-09,05:15,4026.4
2025-06-09,05:30,4047.4
2025-06-09,05:45,4085.2
2025-06-09,06:00,4025
2025-06-09,06:15,3950.8
2025-06-09,06:30,3847.2
2025-06-09,06:45,3677.8
2025-06-09,07:00,3312.4
2025-06-09,07:15,3029.6
2025-06-09,07:30,2667
2025-06-09,07:45,2441.6
2025-06-09,08:00,2354.8
2025-06-09,08:15,2966.6
2025-06-09,08:30,3306.8
2025-06-09,08:45,3336.2
2025-06-09,09:00,3390.8
2025-06-09,09:15,3344.6
2025-06-09,09:30,3182.2
2025-06-09,09:45,3138.8
2025-06-09,10:00,3169.6
2025-06-09,10:15,3096.8
2025-06-09,10:30,2549.4
2025-06-09,10:45,2450
2025-06-09,11:00,2234.4
2025-06-09,11:15,1990.8
2025-06-09,11:30,2935.8
2025-06-09,11:45,3246.6
2025-06-09,12:00,3242.4
2025-06-09,12:15,3133.2
2025-06-09,12:30,3221.4
2025-06-09,12:45,3183.6
2025-06-09,13:00,2979.2
2025-06-09,13:15,2917.6
2025-06-09,13:30,2781.8
2025-06-09,13:45,2811.2
2025-06-09,14:00,2760.8
2025-06-09,14:15,2275
2025-06-09,14:30,2982
2025-06-09,14:45,3448.2
2025-06-09,15:00,3812.2
2025-06-09,15:15,4254.6
2025-06-09,15:30,4005.4
2025-06-09,15:45,4180.4
2025-06-09,16:00,4153.8
2025-06-09,16:15,4132.8
2025-06-09,16:30,4081
2025-06-09,16:45,3757.6
2025-06-09,17:00,3707.2
2025-06-09,17:15,3533.6
2025-06-09,17:30,3378.2
2025-06-09,17:45,3348.8
2025-06-09,18:00,4145.4
2025-06-09,18:15,4358.2
2025-06-09,18:30,4233.6
2025-06-09,18:45,4321.8
2025-06-09,19:00,3883.6
2025-06-09,19:15,3931.2
2025-06-09,19:30,3848.6
2025-06-09,19:45,3768.8
2025-06-09,20:00,3613.4
2025-06-09,20:15,3445.4
2025-06-09,20:30,3270.4
2025-06-09,20:45,3060.4
2025-06-09,21:00,3483.2
2025-06-09,21:15,3949.4
2025-06-09,21:30,4071.2
2025-06-09,21:45,4072.6
2025-06-09,22:00,4092.2
2025-06-09,22:15,4044.6
2025-06-09,22:30,3948
2025-06-09,22:45,3851.4
2025-06-09,23:00,3708.6
2025-06-09,23:15,3526.6
2025-06-09,23:30,3354.4
2025-06-09,23:45,3255
2025-06-10,00:00,3025.4
2025-06-10,00:15,3488.8
2025-06-10,00:30,3943.8
2025-06-10,00:45,3971.8
2025-06-10,01:00,4020.8
2025-06-10,01:15,4061.4
2025-06-10,01:30,4011
2025-06-10,01:45,3913
2025-06-10,02:00,3792.6
2025-06-10,02:15,3645.6
2025-06-10,02:30,3493
2025-06-10,02:45,3340.4
2025-06-10,03:00,3154.2
2025-06-10,03:15,2872.8
2025-06-10,03:30,3521
2025-06-10,03:45,3952.2
2025-06-10,04:00,3956.4
2025-06-10,04:15,4009.6
2025-06-10,04:30,4051.6
2025-06-10,04:45,3910.2
2025-06-10,05:00,3903.2
2025-06-10,05:15,3801
2025-06-10,05:30,3675
2025-06-10,05:45,3516.8
2025-06-10,06:00,3318
2025-06-10,06:15,3145.8
2025-06-10,06:30,2861.6
2025-06-10,06:45,3521
2025-06-10,07:00,3914.4
2025-06-10,07:15,3928.4
2025-06-10,07:30,3836
2025-06-10,07:45,3831.8
2025-06-10,08:00,3815
2025-06-10,08:15,3820.6
2025-06-10,08:30,3599.4
2025-06-10,08:45,3395
2025-06-10,09:00,3183.6
2025-06-10,09:15,2983.4
2025-06-10,09:30,2793
2025-06-10,09:45,2493.4
2025-06-10,10:00,3221.4
2025-06-10,10:15,3647
2025-06-10,10:30,3586.8
2025-06-10,10:45,3348.8
2025-06-10,11:00,3430
2025-06-10,11:15,3203.2
2025-06-10,11:30,3068.8
2025-06-10,11:45,3007.2
2025-06-10,12:00,3154.2
2025-06-10,12:15,3081.4
2025-06-10,12:30,2793
2025-06-10,12:45,2732.8
2025-06-10,13:00,2468.2
2025-06-10,13:15,3386.6
2025-06-10,13:30,3838.8
2025-06-10,13:45,3899
2025-06-10,14:00,3844.4
2025-06-10,14:15,4057.2
2025-06-10,14:30,4016.6
2025-06-10,14:45,3799.6
2025-06-10,15:00,4267.2
2025-06-10,15:15,4226.6
2025-06-10,15:30,4100.6
2025-06-10,15:45,3843
2025-06-10,16:00,3577
2025-06-10,16:15,3061.8
2025-06-10,16:30,3714.2
2025-06-10,16:45,4190.2
2025-06-10,17:00,4089.4
2025-06-10,17:15,4202.8
2025-06-10,17:30,4202.8
2025-06-10,17:45,4163.6
2025-06-10,18:00,4103.4
2025-06-10,18:15,3971.8
2025-06-10,18:30,3854.2
2025-06-10,18:45,3724
2025-06-10,19:00,3585.4
2025-06-10,19:15,3407.6
2025-06-10,19:30,3210.2
2025-06-10,19:45,3997
2025-06-10,20:00,4303.6
2025-06-10,20:15,4293.8
2025-06-10,20:30,4391.8
2025-06-10,20:45,4333
2025-06-10,21:00,4282.6
2025-06-10,21:15,4181.8
2025-06-10,21:30,4041.8
2025-06-10,21:45,3893.4
2025-06-10,22:00,3724
2025-06-10,22:15,3553.2
2025-06-10,22:30,3371.2
2025-06-10,22:45,3410.4
2025-06-10,23:00,4124.4
2025-06-10,23:15,4221
2025-06-10,23:30,4310.6
2025-06-10,23:45,4327.4
2025-06-11,00:00,4299.4
2025-06-11,00:15,4181.8
2025-06-11,00:30,4117.4
2025-06-11,00:45,3978.8
2025-06-11,01:00,3851.4
2025-06-11,01:15,3659.6
2025-06-11,01:30,3501.4
2025-06-11,01:45,3315.2
2025-06-11,02:00,3626
2025-06-11,02:15,4179
2025-06-11,02:30,3981.6
2025-06-11,02:45,3890.6
2025-06-11,03:00,3918.6
2025-06-11,03:15,3857
2025-06-11,03:30,3785.6
2025-06-11,03:45,3666.6
2025-06-11,04:00,3536.4
2025-06-11,04:15,3357.2
2025-06-11,04:30,3213
2025-06-11,04:45,3026.8
2025-06-11,05:00,2808.4
2025-06-11,05:15,3248
2025-06-11,05:30,3752
2025-06-11,05:45,3759
2025-06-11,06:00,3700.2
2025-06-11,06:15,3796.8
2025-06-11,06:30,3659.6
2025-06-11,06:45,3642.8
2025-06-11,07:00,3516.8
2025-06-11,07:15,3330.6
2025-06-11,07:30,3199
2025-06-11,07:45,3102.4
2025-06-11,08:00,2793
2025-06-11,08:15,2525.6
2025-06-11,08:30,3362.8
2025-06-11,08:45,3848.6
2025-06-11,09:00,3752
2025-06-11,09:15,4249
2025-06-11,09:30,4261.6
2025-06-11,09:45,4064.2
2025-06-11,10:00,4166.4
2025-06-11,10:15,3684.8
2025-06-11,10:30,3798.2
2025-06-11,10:45,3021.2
2025-06-11,11:00,2949.8
2025-06-11,11:15,2648.8
2025-06-11,11:30,2431.8
2025-06-11,11:45,2941.4
2025-06-11,12:00,3215.8
2025-06-11,12:15,3295.6
2025-06-11,12:30,3704.4
2025-06-11,12:45,3633
2025-06-11,13:00,3347.4
2025-06-11,13:15,3588.2
2025-06-11,13:30,3281.6
2025-06-11,13:45,3115
2025-06-11,14:00,3014.2
2025-06-11,14:15,3344.6
2025-06-11,14:30,2774.8
2025-06-11,14:45,2216.2
2025-06-11,15:00,3252.2
2025-06-11,15:15,3697.4
2025-06-11,15:30,3903.2
2025-06-11,15:45,3943.8
2025-06-11,16:00,3780
2025-06-11,16:15,3815
2025-06-11,16:30,3547.6
2025-06-11,16:45,3158.4
2025-06-11,17:00,3278.8
2025-06-11,17:15,3151.4
2025-06-11,17:30,3060.4
2025-06-11,17:45,2872.8
2025-06-11,18:00,2494.8
2025-06-11,18:15,3350.2
2025-06-11,18:30,3738
2025-06-11,18:45,3865.4
2025-06-11,19:00,3917.2
2025-06-11,19:15,3899
2025-06-11,19:30,3901.8
2025-06-11,19:45,3743.6
2025-06-11,20:00,3626
2025-06-11,20:15,3462.2
2025-06-11,20:30,3323.6
2025-06-11,20:45,3150
2025-06-11,21:00,2973.6
2025-06-11,21:15,2788.8
2025-06-11,21:30,3561.6
2025-06-11,21:45,3899
2025-06-11,22:00,4442.2
2025-06-11,22:15,4629.8
2025-06-11,22:30,4524.8
2025-06-11,22:45,4372.2
2025-06-11,23:00,4256
2025-06-11,23:15,4111.8
2025-06-11,23:30,3925.6
2025-06-11,23:45,3759
2025-06-12,00:00,3557.4
2025-06-12,00:15,3330.6
2025-06-12,00:30,3806.6
2025-06-12,00:45,4253.2
2025-06-12,01:00,4271.4
2025-06-12,01:15,4326
2025-06-12,01:30,4361
2025-06-12,01:45,4298
2025-06-12,02:00,4226.6
2025-06-12,02:15,4121.6
2025-06-12,02:30,4004
2025-06-12,02:45,3827.6
2025-06-12,03:00,3158.4
2025-06-12,03:15,2961
2025-06-12,03:30,2752.4
2025-06-12,03:45,3277.4
2025-06-12,04:00,3696
2025-06-12,04:15,3728.2
2025-06-12,04:30,3781.4
2025-06-12,04:45,3745
2025-06-12,05:00,3732.4
2025-06-12,05:15,3651.2
2025-06-12,05:30,3547.6
2025-06-12,05:45,3375.4
2025-06-12,06:00,3183.6
2025-06-12,06:15,3012.8
2025-06-12,06:30,2808.4
2025-06-12,06:45,2524.2
2025-06-12,07:00,3081.4
2025-06-12,07:15,3418.8
2025-06-12,07:30,3582.6
2025-06-12,07:45,3448.2
2025-06-12,08:00,3701.6
2025-06-12,08:15,3689
2025-06-12,08:30,3462.2
2025-06-12,08:45,3313.8
2025-06-12,09:00,3173.8
2025-06-12,09:15,3011.4
2025-06-12,09:30,3095.4
2025-06-12,09:45,2609.6
2025-06-12,10:00,2189.6
2025-06-12,10:15,3165.4
2025-06-12,10:30,3452.4
2025-06-12,10:45,3522.4
2025-06-12,11:00,3255
2025-06-12,11:15,3700.2
2025-06-12,11:30,3613.4
2025-06-12,11:45,3439.8
2025-06-12,12:00,3232.6
2025-06-12,12:15,2724.4
2025-06-12,12:30,2217.6
2025-06-12,12:45,2994.6
2025-06-12,13:00,2816.8
2025-06-12,13:15,2447.2
2025-06-12,13:30,3319.4
2025-06-12,13:45,3554.6
2025-06-12,14:00,3355.8
2025-06-12,14:15,3787
2025-06-12,14:30,3791.2
2025-06-12,14:45,3897.6
2025-06-12,15:00,3725.4
2025-06-12,15:15,3628.8
2025-06-12,15:30,3536.4
2025-06-12,15:45,3402
2025-06-12,16:00,3175.2
2025-06-12,16:15,3120.6
2025-06-12,16:30,2542.4
2025-06-12,16:45,3371.2
2025-06-12,17:00,3763.2
2025-06-12,17:15,3773
2025-06-12,17:30,3802.4
2025-06-12,17:45,3851.4
2025-06-12,18:00,3809.4
2025-06-12,18:15,3718.4
2025-06-12,18:30,3593.8
2025-06-12,18:45,3460.8
2025-06-12,19:00,3305.4
2025-06-12,19:15,3151.4
2025-06-12,19:30,2987.6
2025-06-12,19:45,2661.4
2025-06-12,20:00,3472
2025-06-12,20:15,3809.4
2025-06-12,20:30,3844.4
2025-06-12,20:45,3899
2025-06-12,21:00,4396
2025-06-12,21:15,4309.2
2025-06-12,21:30,4207
2025-06-12,21:45,4096.4
2025-06-12,22:00,4107.6
2025-06-12,22:15,3948
2025-06-12,22:30,3717
2025-06-12,22:45,3522.4
2025-06-12,23:00,3232.6
2025-06-12,23:15,4009.6
2025-06-12,23:30,4379.2
2025-06-12,23:45,4418.4
2025-06-13,00:00,4496.8
2025-06-13,00:15,4386.2
2025-06-13,00:30,4382
2025-06-13,00:45,4291
2025-06-13,01:00,4152.4
2025-06-13,01:15,3981.6
2025-06-13,01:30,3850
2025-06-13,01:45,3637.2
2025-06-13,02:00,3437
2025-06-13,02:15,3260.6
2025-06-13,02:30,4064.2
2025-06-13,02:45,4358.2
2025-06-13,03:00,4422.6
2025-06-13,03:15,4463.2
2025-06-13,03:30,3911.6
2025-06-13,03:45,3854.2
2025-06-13,04:00,3750.6
2025-06-13,04:15,3614.8
2025-06-13,04:30,3455.2
2025-06-13,04:45,3278.8
2025-06-13,05:00,3113.6
2025-06-13,05:15,2931.6
2025-06-13,05:30,3262
2025-06-13,05:45,3740.8
2025-06-13,06:00,3775.8
2025-06-13,06:15,3819.2
2025-06-13,06:30,3848.6
2025-06-13,06:45,3819.2
2025-06-13,07:00,3777.2
2025-06-13,07:15,3694.6
2025-06-13,07:30,3500
2025-06-13,07:45,3358.6
2025-06-13,08:00,3294.2
2025-06-13,08:15,3080
2025-06-13,08:30,2878.4
2025-06-13,08:45,3285.8
2025-06-13,09:00,3819.2
2025-06-13,09:15,3724
2025-06-13,09:30,3563
2025-06-13,09:45,3704.4
2025-06-13,10:00,3518.2
2025-06-13,10:15,3318
2025-06-13,10:30,3207.4
2025-06-13,10:45,2975
2025-06-13,11:00,3252.2
2025-06-13,11:15,2763.6
2025-06-13,11:30,2815.4
2025-06-13,11:45,2716
2025-06-13,12:00,3231.2
2025-06-13,12:15,3613.4
2025-06-13,12:30,3178
2025-06-13,12:45,3640
2025-06-13,13:00,3785.6
2025-06-13,13:15,3563
2025-06-13,13:30,3736.6
2025-06-13,13:45,3584
2025-06-13,14:00,3404.8
2025-06-13,14:15,3192
2025-06-13,14:30,3145.8
2025-06-13,14:45,3119.2
2025-06-13,15:00,2583
2025-06-13,15:15,3390.8
2025-06-13,15:30,3802.4
2025-06-13,15:45,3910.2
2025-06-13,16:00,4005.4
2025-06-13,16:15,3920
2025-06-13,16:30,3705.8
2025-06-13,16:45,3644.2
2025-06-13,17:00,3574.2
2025-06-13,17:15,3376.8
2025-06-13,17:30,3152.8
2025-06-13,17:45,3031
2025-06-13,18:00,2871.4
2025-06-13,18:15,2611
2025-06-13,18:30,3375.4
2025-06-13,18:45,3740.8
2025-06-13,19:00,3820.6
2025-06-13,19:15,3889.2
2025-06-13,19:30,3892
2025-06-13,19:45,3851.4
2025-06-13,20:00,3774.4
2025-06-13,20:15,3630.2
2025-06-13,20:30,3493
2025-06-13,20:45,3306.8
2025-06-13,21:00,3166.8
2025-06-13,21:15,2986.2
2025-06-13,21:30,2751
2025-06-13,21:45,3529.4
2025-06-13,22:00,3922.8
2025-06-13,22:15,4324.6
2025-06-13,22:30,4379.2
2025-06-13,22:45,4368
2025-06-13,23:00,4296.6
2025-06-13,23:15,4209.8
2025-06-13,23:30,4134.2
2025-06-13,23:45,3974.6
2025-06-14,00:00,3855.6
2025-06-14,00:15,3661
2025-06-14,00:30,3523.8
2025-06-14,00:45,3185
2025-06-14,01:00,3950.8
2025-06-14,01:15,4310.6
2025-06-14,01:30,4338.6
2025-06-14,01:45,4410
2025-06-14,02:00,4355.4
2025-06-14,02:15,4300.8
2025-06-14,02:30,4201.4
2025-06-14,02:45,4055.8
2025-06-14,03:00,3941
2025-06-14,03:15,3794
2025-06-14,03:30,3616.2
2025-06-14,03:45,3432.8
2025-06-14,04:00,3134.6
2025-06-14,04:15,3889.2
2025-06-14,04:30,4289.6
2025-06-14,04:45,4307.8
2025-06-14,05:00,4372.2
2025-06-14,05:15,4275.6
2025-06-14,05:30,4176.2
2025-06-14,05:45,3578.4
2025-06-14,06:00,3490.2
2025-06-14,06:15,3326.4
2025-06-14,06:30,3136
2025-06-14,06:45,2983.4
2025-06-14,07:00,2800
2025-06-14,07:15,2678.2
2025-06-14,07:30,3477.6
2025-06-14,07:45,3911.6
2025-06-14,08:00,3815
2025-06-14,08:15,3859.8
2025-06-14,08:30,3696
2025-06-14,08:45,3710
2025-06-14,09:00,3522.4
2025-06-14,09:15,3302.6
2025-06-14,09:30,3117.8
2025-06-14,09:45,2949.8
2025-06-14,10:00,2601.2
2025-06-14,10:15,2359
2025-06-14,10:30,2781.8
2025-06-14,10:45,3242.4
2025-06-14,11:00,3134.6
2025-06-14,11:15,3291.4
2025-06-14,11:30,3588.2
2025-06-14,11:45,3645.6
2025-06-14,12:00,3561.6
2025-06-14,12:15,2986.2
2025-06-14,12:30,3288.6
2025-06-14,12:45,3108
2025-06-14,13:00,2678.2
2025-06-14,13:15,2266.6
2025-06-14,13:30,2170
2025-06-14,13:45,2501.8
2025-06-14,14:00,3043.6
2025-06-14,14:15,3155.6
2025-06-14,14:30,3257.8
2025-06-14,14:45,3392.2
2025-06-14,15:00,3609.2
2025-06-14,15:15,3248
2025-06-14,15:30,3239.6
2025-06-14,15:45,3168.2
2025-06-14,16:00,2997.4
2025-06-14,16:15,2630.6
2025-06-14,16:30,2633.4
2025-06-14,16:45,2489.2
2025-06-14,17:00,3091.2
2025-06-14,17:15,3536.4
2025-06-14,17:30,3616.2
2025-06-14,17:45,3651.2
2025-06-14,18:00,3711.4
2025-06-14,18:15,3628.8
2025-06-14,18:30,3568.6
2025-06-14,18:45,3469.2
2025-06-14,19:00,3326.4
2025-06-14,19:15,3214.4
2025-06-14,19:30,3123.4
2025-06-14,19:45,2909.2
2025-06-14,20:00,2716
2025-06-14,20:15,3193.4
2025-06-14,20:30,3645.6
2025-06-14,20:45,3756.2
2025-06-14,21:00,3805.2
2025-06-14,21:15,3836
2025-06-14,21:30,3761.8
2025-06-14,21:45,3655.4
2025-06-14,22:00,3565.8
2025-06-14,22:15,3868.2
2025-06-14,22:30,3704.4
2025-06-14,22:45,3554.6
2025-06-14,23:00,3393.6
2025-06-14,23:15,3120.6
2025-06-14,23:30,3843
2025-06-14,23:45,4257.4
2025-06-15,00:00,4295.2
2025-06-15,00:15,4338.6
2025-06-15,00:30,4320.4
2025-06-15,00:45,4293.8
2025-06-15,01:00,4186
2025-06-15,01:15,4081
2025-06-15,01:30,3934
2025-06-15,01:45,3788.4
2025-06-15,02:00,3612
2025-06-15,02:15,3486
2025-06-15,02:30,3151.4
2025-06-15,02:45,3885
2025-06-15,03:00,4247.6
2025-06-15,03:15,4320.4
2025-06-15,03:30,4358.2
2025-06-15,03:45,4319
2025-06-15,04:00,4254.6
2025-06-15,04:15,4156.6
2025-06-15,04:30,4029.2
2025-06-15,04:45,3887.8
2025-06-15,05:00,3154.2
2025-06-15,05:15,3046.4
2025-06-15,05:30,2858.8
2025-06-15,05:45,2567.6
2025-06-15,06:00,3294.2
2025-06-15,06:15,3658.2
2025-06-15,06:30,3714.2
2025-06-15,06:45,3743.6
2025-06-15,07:00,3736.6
2025-06-15,07:15,3638.6
2025-06-15,07:30,3705.8
2025-06-15,07:45,3501.4
2025-06-15,08:00,3420.2
2025-06-15,08:15,3178
2025-06-15,08:30,2839.2
2025-06-15,08:45,2815.4
2025-06-15,09:00,2520
2025-06-15,09:15,3084.2
2025-06-15,09:30,3529.4
2025-06-15,09:45,3564.4
2025-06-15,10:00,3649.8
2025-06-15,10:15,3421.6
2025-06-15,10:30,3676.4
2025-06-15,10:45,3451
2025-06-15,11:00,3283
2025-06-15,11:15,3150
2025-06-15,11:30,2613.8
2025-06-15,11:45,2522.8
2025-06-15,12:00,2718.8
2025-06-15,12:15,2046.8
2025-06-15,12:30,2865.8
2025-06-15,12:45,3154.2
2025-06-15,13:00,3129
2025-06-15,13:15,3210.2
2025-06-15,13:30,3348.8
2025-06-15,13:45,3143
2025-06-15,14:00,3101
2025-06-15,14:15,3260.6
2025-06-15,14:30,2903.6
2025-06-15,14:45,2749.6
2025-06-15,15:00,2664.2
2025-06-15,15:15,2597
2025-06-15,15:30,2830.8
2025-06-15,15:45,3595.2
2025-06-15,16:00,3579.8
2025-06-15,16:15,3644.2
2025-06-15,16:30,3480.4
2025-06-15,16:45,3479
2025-06-15,17:00,3318
2025-06-15,17:15,3371.2
2025-06-15,17:30,3294.2
2025-06-15,17:45,3141.6
2025-06-15,18:00,3082.8
2025-06-15,18:15,2868.6
2025-06-15,18:30,2714.6
2025-06-15,18:45,3157
2025-06-15,19:00,3610.6
2025-06-15,19:15,3732.4
2025-06-15,19:30,3764.6
2025-06-15,19:45,3806.6
2025-06-15,20:00,3789.8
2025-06-15,20:15,3693.2
2025-06-15,20:30,3644.2
2025-06-15,20:45,3515.4
2025-06-15,21:00,3399.2
2025-06-15,21:15,3750.6
2025-06-15,21:30,3589.6
2025-06-15,21:45,3397.8
2025-06-15,22:00,3725.4
2025-06-15,22:15,4216.8
2025-06-15,22:30,4270
2025-06-15,22:45,4321.8
2025-06-15,23:00,4383.4
2025-06-15,23:15,4291
2025-06-15,23:30,4216.8
2025-06-15,23:45,4135.6
2025-06-16,00:00,3987.2
2025-06-16,00:15,3819.2
2025-06-16,00:30,3687.6
2025-06-16,00:45,3515.4
2025-06-16,01:00,3330.6
2025-06-16,01:15,3675
2025-06-16,01:30,4207
2025-06-16,01:45,4268.6
2025-06-16,02:00,4324.6
2025-06-16,02:15,4334.4
2025-06-16,02:30,4284
2025-06-16,02:45,4221
2025-06-16,03:00,4116
2025-06-16,03:15,3963.4
2025-06-16,03:30,3777.2
2025-06-16,03:45,3628.8
2025-06-16,04:00,3456.6
2025-06-16,04:15,2700.6
2025-06-16,04:30,3274.6
2025-06-16,04:45,3637.2
2025-06-16,05:00,3725.4
2025-06-16,05:15,3785.6
2025-06-16,05:30,3768.8
2025-06-16,05:45,3697.4
2025-06-16,06:00,3572.8
2025-06-16,06:15,3435.6
2025-06-16,06:30,3292.8
2025-06-16,06:45,3113.6
2025-06-16,07:00,2907.8
2025-06-16,07:15,2692.2
2025-06-16,07:30,2399.6
2025-06-16,07:45,2986.2
2025-06-16,08:00,3389.4
2025-06-16,08:15,3393.6
2025-06-16,08:30,3435.6
2025-06-16,08:45,3551.8
2025-06-16,09:00,3462.2
2025-06-16,09:15,3354.4
2025-06-16,09:30,3253.6
2025-06-16,09:45,3078.6
2025-06-16,10:00,2865.8
2025-06-16,10:15,2696.4
2025-06-16,10:30,2612.4
2025-06-16,10:45,2294.6
2025-06-16,11:00,2945.6
2025-06-16,11:15,3337.6
2025-06-16,11:30,3382.4
2025-06-16,11:45,3385.2
2025-06-16,12:00,3382.4
2025-06-16,12:15,3313.8
2025-06-16,12:30,3231.2
2025-06-16,12:45,3098.2
2025-06-16,13:00,2966.6
2025-06-16,13:15,2830.8
2025-06-16,13:30,2693.6
2025-06-16,13:45,2497.6
2025-06-16,14:00,2293.2
2025-06-16,14:15,3026.8
2025-06-16,14:30,3451
2025-06-16,14:45,3477.6
2025-06-16,15:00,3904.6
2025-06-16,15:15,3799.6
2025-06-16,15:30,3600.8
2025-06-16,15:45,3623.2
2025-06-16,16:00,3169.6
2025-06-16,16:15,3082.8
2025-06-16,16:30,2955.4
2025-06-16,16:45,2798.6
2025-06-16,17:00,2730
2025-06-16,17:15,2529.8
2025-06-16,17:30,3137.4
2025-06-16,17:45,3563
2025-06-16,18:00,3689
2025-06-16,18:15,3750.6
2025-06-16,18:30,3753.4
2025-06-16,18:45,3669.4
2025-06-16,19:00,3595.2
2025-06-16,19:15,3512.6
2025-06-16,19:30,3403.4
2025-06-16,19:45,3250.8
2025-06-16,20:00,3018.4
2025-06-16,20:15,2856
2025-06-16,20:30,2956.8
2025-06-16,20:45,3542
2025-06-16,21:00,3747.8
2025-06-16,21:15,3805.2
2025-06-16,21:30,3838.8
2025-06-16,21:45,3890.6
2025-06-16,22:00,4170.6
2025-06-16,22:15,4134.2
2025-06-16,22:30,4048.8
2025-06-16,22:45,3903.2
2025-06-16,23:00,3756.2
2025-06-16,23:15,3547.6
2025-06-16,23:30,3390.8
2025-06-16,23:45,3561.6
2025-06-17,00:00,4158
2025-06-17,00:15,4275.6
2025-06-17,00:30,4286.8
2025-06-17,00:45,3809.4
2025-06-17,01:00,3754.8
2025-06-17,01:15,3676.4
2025-06-17,01:30,3568.6
2025-06-17,01:45,3435.6
2025-06-17,02:00,3306.8
2025-06-17,02:15,3129
2025-06-17,02:30,2942.8
2025-06-17,02:45,2742.6
2025-06-17,03:00,3130.4
2025-06-17,03:15,3627.4
2025-06-17,03:30,3698.8
2025-06-17,03:45,3731
2025-06-17,04:00,3784.2
2025-06-17,04:15,3698.8
2025-06-17,04:30,3644.2
2025-06-17,04:45,3539.2
2025-06-17,05:00,3347.4
2025-06-17,05:15,3250.8
2025-06-17,05:30,3073
2025-06-17,05:45,2912
2025-06-17,06:00,2706.2
2025-06-17,06:15,3077.2
2025-06-17,06:30,3528
2025-06-17,06:45,3523.8
2025-06-17,07:00,3539.2
2025-06-17,07:15,3526.6
2025-06-17,07:30,3459.4
2025-06-17,07:45,3378.2
2025-06-17,08:00,3234
2025-06-17,08:15,3047.8
2025-06-17,08:30,3028.2
2025-06-17,08:45,2801.4
2025-06-17,09:00,2311.4
2025-06-17,09:15,2017.4
2025-06-17,09:30,2805.6
2025-06-17,09:45,3238.2
2025-06-17,10:00,3175.2
2025-06-17,10:15,3196.2
2025-06-17,10:30,3217.2
2025-06-17,10:45,3425.8
2025-06-17,11:00,3304
2025-06-17,11:15,3180.8
2025-06-17,11:30,2837.8
2025-06-17,11:45,2613.8
2025-06-17,12:00,2401
2025-06-17,12:15,2226
2025-06-17,12:30,1947.4
2025-06-17,12:45,2730
2025-06-17,13:00,3005.8
2025-06-17,13:15,3068.8
2025-06-17,13:30,3175.2
2025-06-17,13:45,3337.6
2025-06-17,14:00,3271.8
2025-06-17,14:15,3196.2
2025-06-17,14:30,3106.6
2025-06-17,14:45,3005.8
2025-06-17,15:00,3010
2025-06-17,15:15,2912
2025-06-17,15:30,2864.4
2025-06-17,15:45,2651.6
2025-06-17,16:00,3421.6
2025-06-17,16:15,3558.8
2025-06-17,16:30,3585.4
2025-06-17,16:45,3579.8
2025-06-17,17:00,3627.4
2025-06-17,17:15,3581.2
2025-06-17,17:30,3493
2025-06-17,17:45,3428.6
2025-06-17,18:00,3322.2
2025-06-17,18:15,3145.8
2025-06-17,18:30,2979.2
2025-06-17,18:45,2821
2025-06-17,19:00,2594.2
2025-06-17,19:15,3362.8
2025-06-17,19:30,3715.6
2025-06-17,19:45,3820.6
2025-06-17,20:00,3788.4
2025-06-17,20:15,3739.4
2025-06-17,20:30,3752
2025-06-17,20:45,3592.4
2025-06-17,21:00,3466.4
2025-06-17,21:15,3330.6
2025-06-17,21:30,3112.2
2025-06-17,21:45,2977.8
2025-06-17,22:00,2800
2025-06-17,22:15,2569
2025-06-17,22:30,3327.8
2025-06-17,22:45,3649.8
2025-06-17,23:00,3682
2025-06-17,23:15,3750.6
2025-06-17,23:30,3731
2025-06-17,23:45,3638.6
2025-06-18,00:00,3522.4
2025-06-18,00:15,3385.2
2025-06-18,00:30,3222.8
2025-06-18,00:45,3077.2
2025-06-18,01:00,2889.6
2025-06-18,01:15,2664.2
2025-06-18,01:30,3186.4
2025-06-18,01:45,3613.4
2025-06-18,02:00,3637.2
2025-06-18,02:15,3705.8
2025-06-18,02:30,3753.4
2025-06-18,02:45,3677.8
2025-06-18,03:00,3609.2
2025-06-18,03:15,3516.8
2025-06-18,03:30,3355.8
2025-06-18,03:45,3204.6
2025-06-18,04:00,3018.4
2025-06-18,04:15,2858.8
2025-06-18,04:30,2601.2
2025-06-18,04:45,3204.6
2025-06-18,05:00,3511.2
2025-06-18,05:15,3663.8
2025-06-18,05:30,3696
2025-06-18,05:45,3670.8
2025-06-18,06:00,3595.2
2025-06-18,06:15,3505.6
2025-06-18,06:30,3353
2025-06-18,06:45,3200.4
2025-06-18,07:00,3019.8
2025-06-18,07:15,2850.4
2025-06-18,07:30,2662.8
2025-06-18,07:45,2280.6
2025-06-18,08:00,2937.2
2025-06-18,08:15,3448.2
2025-06-18,08:30,3467.8
2025-06-18,08:45,3456.6
2025-06-18,09:00,3543.4
2025-06-18,09:15,3343.2
2025-06-18,09:30,3395
2025-06-18,09:45,2991.8
2025-06-18,10:00,2805.6
2025-06-18,10:15,2675.4
2025-06-18,10:30,2535.4
2025-06-18,10:45,2378.6
2025-06-18,11:00,2305.8
2025-06-18,11:15,2991.8
2025-06-18,11:30,3340.4
2025-06-18,11:45,3361.4
2025-06-18,12:00,3474.8
2025-06-18,12:15,3449.6
2025-06-18,12:30,3263.4
2025-06-18,12:45,3348.8
2025-06-18,13:00,3150
2025-06-18,13:15,3005.8
2025-06-18,13:30,2693.6
2025-06-18,13:45,2773.4
2025-06-18,14:00,2620.8
2025-06-18,14:15,3045
2025-06-18,14:30,3351.6
2025-06-18,14:45,3654
2025-06-18,15:00,3781.4
2025-06-18,15:15,3897.6
2025-06-18,15:30,3816.4
2025-06-18,15:45,3809.4
2025-06-18,16:00,3665.2
2025-06-18,16:15,3544.8
2025-06-18,16:30,3407.6
2025-06-18,16:45,3250.8
2025-06-18,17:00,3113.6
2025-06-18,17:15,2867.2
2025-06-18,17:30,3418.8
2025-06-18,17:45,3878
2025-06-18,18:00,3925.6
2025-06-18,18:15,4004
2025-06-18,18:30,4050.2
2025-06-18,18:45,4029.2
2025-06-18,19:00,3938.2
2025-06-18,19:15,3851.4
2025-06-18,19:30,3739.4
2025-06-18,19:45,3589.6
2025-06-18,20:00,3438.4
2025-06-18,20:15,3245.2
2025-06-18,20:30,3025.4
2025-06-18,20:45,3543.4
2025-06-18,21:00,4018
2025-06-18,21:15,4026.4
2025-06-18,21:30,4081
2025-06-18,21:45,4096.4
2025-06-18,22:00,4002.6
2025-06-18,22:15,3918.6
2025-06-18,22:30,3592.4
2025-06-18,22:45,3438.4
2025-06-18,23:00,3269
2025-06-18,23:15,3099.6
2025-06-18,23:30,3159.8
2025-06-18,23:45,2931.6
2025-06-19,00:00,3515.4
2025-06-19,00:15,3672.2
2025-06-19,00:30,3687.6
2025-06-19,00:45,3739.4
2025-06-19,01:00,3749.2
2025-06-19,01:15,3676.4
2025-06-19,01:30,3593.8
2025-06-19,01:45,3490.2
2025-06-19,02:00,3341.8
2025-06-19,02:15,3441.2
2025-06-19,02:30,3287.2
2025-06-19,02:45,3148.6
2025-06-19,03:00,2902.2
2025-06-19,03:15,3502.8
2025-06-19,03:30,3917.2
2025-06-19,03:45,3977.4
2025-06-19,04:00,4009.6
2025-06-19,04:15,4012.4
2025-06-19,04:30,3967.6
2025-06-19,04:45,3822
2025-06-19,05:00,3742.2
2025-06-19,05:15,3585.4
2025-06-19,05:30,3406.2
2025-06-19,05:45,3235.4
2025-06-19,06:00,3024
2025-06-19,06:15,2895.2
2025-06-19,06:30,3630.2
2025-06-19,06:45,3880.8
2025-06-19,07:00,3941
2025-06-19,07:15,4027.8
2025-06-19,07:30,3700.2
2025-06-19,07:45,3616.2
2025-06-19,08:00,3505.6
2025-06-19,08:15,3368.4
2025-06-19,08:30,3528
2025-06-19,08:45,3239.6
2025-06-19,09:00,3229.8
2025-06-19,09:15,3056.2
2025-06-19,09:30,3318
2025-06-19,09:45,3565.8
2025-06-19,10:00,3687.6
2025-06-19,10:15,3684.8
2025-06-19,10:30,3400.6
2025-06-19,10:45,3743.6
2025-06-19,11:00,3539.2
2025-06-19,11:15,3595.2
2025-06-19,11:30,3515.4
2025-06-19,11:45,3351.6
2025-06-19,12:00,3096.8
2025-06-19,12:15,2948.4
2025-06-19,12:30,2672.6
2025-06-19,12:45,3078.6
2025-06-19,13:00,3635.8
2025-06-19,13:15,3640
2025-06-19,13:30,3773
2025-06-19,13:45,3753.4
2025-06-19,14:00,3822
2025-06-19,14:15,3602.2
2025-06-19,14:30,3437
2025-06-19,14:45,4930.8
2025-06-19,15:00,4751.6
2025-06-19,15:15,4215.4
2025-06-19,15:30,4641
2025-06-19,15:45,4470.2
2025-06-19,16:00,4155.2
2025-06-19,16:15,5012
2025-06-19,16:30,5280.8
2025-06-19,16:45,3945.2
2025-06-19,17:00,3962
2025-06-19,17:15,3708.6
2025-06-19,17:30,3599.4
2025-06-19,17:45,3481.8
2025-06-19,18:00,3360
2025-06-19,18:15,3178
2025-06-19,18:30,3029.6
2025-06-19,18:45,2940
2025-06-19,19:00,2655.8
2025-06-19,19:15,3386.6
2025-06-19,19:30,3844.4
2025-06-19,19:45,3910.2
2025-06-19,20:00,3959.2
2025-06-19,20:15,3907.4
2025-06-19,20:30,3880.8
2025-06-19,20:45,3749.2
2025-06-19,21:00,3686.2
2025-06-19,21:15,3544.8
2025-06-19,21:30,3197.6
2025-06-19,21:45,3022.6
2025-06-19,22:00,2857.4
2025-06-19,22:15,2886.8
2025-06-19,22:30,3648.4
2025-06-19,22:45,3868.2
2025-06-19,23:00,3896.2
2025-06-19,23:15,3921.4
2025-06-19,23:30,3872.4
2025-06-19,23:45,3796.8
2025-06-20,00:00,3696
2025-06-20,00:15,3560.2
2025-06-20,00:30,3403.4
2025-06-20,00:45,3238.2
2025-06-20,01:00,3059
2025-06-20,01:15,2842
2025-06-20,01:30,3246.6
2025-06-20,01:45,3698.8
2025-06-20,02:00,3791.2
2025-06-20,02:15,3841.6
2025-06-20,02:30,3883.6
2025-06-20,02:45,3803.8
2025-06-20,03:00,3725.4
2025-06-20,03:15,3616.2
2025-06-20,03:30,3511.2
2025-06-20,03:45,3348.8
2025-06-20,04:00,3194.8
2025-06-20,04:15,3017
2025-06-20,04:30,2837.8
2025-06-20,04:45,3283
2025-06-20,05:00,3738
2025-06-20,05:15,3791.2
2025-06-20,05:30,3815
2025-06-20,05:45,3791.2
2025-06-20,06:00,3770.2
2025-06-20,06:15,3698.8
2025-06-20,06:30,3588.2
2025-06-20,06:45,3420.2
2025-06-20,07:00,3290
2025-06-20,07:15,3106.6
2025-06-20,07:30,2842
2025-06-20,07:45,2576
2025-06-20,08:00,3208.8
2025-06-20,08:15,3820.6
2025-06-20,08:30,3841.6
2025-06-20,08:45,3855.6
2025-06-20,09:00,3850
2025-06-20,09:15,3701.6
2025-06-20,09:30,3606.4
2025-06-20,09:45,3473.4
2025-06-20,10:00,3417.4
2025-06-20,10:15,3236.8
2025-06-20,10:30,3049.2
2025-06-20,10:45,2861.6
2025-06-20,11:00,2567.6
2025-06-20,11:15,3299.8
2025-06-20,11:30,3672.2
2025-06-20,11:45,3718.4
2025-06-20,12:00,3547.6
2025-06-20,12:15,3563
2025-06-20,12:30,3512.6
2025-06-20,12:45,3388
2025-06-20,13:00,3295.6
2025-06-20,13:15,3194.8
2025-06-20,13:30,3033.8
2025-06-20,13:45,2837.8
2025-06-20,14:00,2647.4
2025-06-20,14:15,2641.8
2025-06-20,14:30,3332
2025-06-20,14:45,3537.8
2025-06-20,15:00,3607.8
2025-06-20,15:15,3634.4
2025-06-20,15:30,3582.6
2025-06-20,15:45,3617.6
2025-06-20,16:00,3493
2025-06-20,16:15,3635.8
2025-06-20,16:30,3467.8
2025-06-20,16:45,3252.2
2025-06-20,17:00,3122
2025-06-20,17:15,2905
2025-06-20,17:30,3304
2025-06-20,17:45,3760.4
2025-06-20,18:00,3813.6
2025-06-20,18:15,3967.6
2025-06-20,18:30,4016.6
2025-06-20,18:45,3980.2
2025-06-20,19:00,3913
2025-06-20,19:15,3841.6
2025-06-20,19:30,3686.2
2025-06-20,19:45,3530.8
2025-06-20,20:00,3404.8
2025-06-20,20:15,3257.8
2025-06-20,20:30,3007.2
2025-06-20,20:45,3521
2025-06-20,21:00,3987.2
2025-06-20,21:15,3971.8
2025-06-20,21:30,4034.8
2025-06-20,21:45,4109
2025-06-20,22:00,3942.4
2025-06-20,22:15,3914.4
2025-06-20,22:30,3824.8
2025-06-20,22:45,3616.2
2025-06-20,23:00,3463.6
2025-06-20,23:15,3245.2
2025-06-20,23:30,3050.6
2025-06-20,23:45,2773.4
2025-06-21,00:00,3458
2025-06-21,00:15,3858.4
2025-06-21,00:30,3924.2
2025-06-21,00:45,3980.2
2025-06-21,01:00,3922.8
2025-06-21,01:15,3871
2025-06-21,01:30,3771.6
2025-06-21,01:45,3647
2025-06-21,02:00,3501.4
2025-06-21,02:15,3330.6
2025-06-21,02:30,3145.8
2025-06-21,02:45,2959.6
2025-06-21,03:00,3252.2
2025-06-21,03:15,3792.6
2025-06-21,03:30,3896.2
2025-06-21,03:45,3953.6
2025-06-21,04:00,3889.2
2025-06-21,04:15,3945.2
2025-06-21,04:30,3855.6
2025-06-21,04:45,3759
2025-06-21,05:00,3620.4
2025-06-21,05:15,3488.8
2025-06-21,05:30,3287.2
2025-06-21,05:45,3099.6
2025-06-21,06:00,2881.2
2025-06-21,06:15,3382.4
2025-06-21,06:30,3836
2025-06-21,06:45,3879.4
2025-06-21,07:00,3942.4
2025-06-21,07:15,3945.2
2025-06-21,07:30,3872.4
2025-06-21,07:45,3866.8
2025-06-21,08:00,3725.4
2025-06-21,08:15,3626
2025-06-21,08:30,3637.2
2025-06-21,08:45,3434.2
2025-06-21,09:00,3232.6
2025-06-21,09:15,2861.6
2025-06-21,09:30,3319.4
2025-06-21,09:45,3836
2025-06-21,10:00,3648.4
2025-06-21,10:15,3812.2
2025-06-21,10:30,3714.2
2025-06-21,10:45,3787
2025-06-21,11:00,3750.6
2025-06-21,11:15,3668
2025-06-21,11:30,3508.4
2025-06-21,11:45,3313.8
2025-06-21,12:00,3157
2025-06-21,12:15,2912
2025-06-21,12:30,2679.6
2025-06-21,12:45,3309.6
2025-06-21,13:00,3739.4
2025-06-21,13:15,3936.8
2025-06-21,13:30,3847.2
2025-06-21,13:45,3799.6
2025-06-21,14:00,3824.8
2025-06-21,14:15,3770.2
2025-06-21,14:30,3724
2025-06-21,14:45,3421.6
2025-06-21,15:00,3260.6
2025-06-21,15:15,3186.4
2025-06-21,15:30,2947
2025-06-21,15:45,2658.6
2025-06-21,16:00,3474.8
2025-06-21,16:15,3750.6
2025-06-21,16:30,3740.8
2025-06-21,16:45,3806.6
2025-06-21,17:00,3754.8
2025-06-21,17:15,3700.2
2025-06-21,17:30,3484.6
2025-06-21,17:45,3550.4
2025-06-21,18:00,3514
2025-06-21,18:15,3313.8
2025-06-21,18:30,3169.6
2025-06-21,18:45,3010
2025-06-21,19:00,3131.8
2025-06-21,19:15,3810.8
2025-06-21,19:30,4005.4
2025-06-21,19:45,4065.6
2025-06-21,20:00,4103.4
2025-06-21,20:15,4033.4
2025-06-21,20:30,3967.6
2025-06-21,20:45,3900.4
2025-06-21,21:00,3747.8
2025-06-21,21:15,3584
2025-06-21,21:30,3404.8
2025-06-21,21:45,3675
2025-06-21,22:00,3385.2
2025-06-21,22:15,3788.4
2025-06-21,22:30,4264.4
2025-06-21,22:45,4215.4
2025-06-21,23:00,4265.8
2025-06-21,23:15,4254.6
2025-06-21,23:30,4172
2025-06-21,23:45,4078.2
2025-06-22,00:00,3956.4
2025-06-22,00:15,3764.6
2025-06-22,00:30,3598
2025-06-22,00:45,3494.4
2025-06-22,01:00,3292.8
2025-06-22,01:15,3060.4
2025-06-22,01:30,3627.4
2025-06-22,01:45,4068.4
2025-06-22,02:00,4090.8
2025-06-22,02:15,4162.2
2025-06-22,02:30,4135.6
2025-06-22,02:45,4096.4
2025-06-22,03:00,3985.8
2025-06-22,03:15,3886.4
2025-06-22,03:30,3707.2
2025-06-22,03:45,3556
2025-06-22,04:00,3374
2025-06-22,04:15,3200.4
2025-06-22,04:30,3105.2
2025-06-22,04:45,3812.2
2025-06-22,05:00,4054.4
2025-06-22,05:15,4113.2
2025-06-22,05:30,4137
2025-06-22,05:45,4092.2
2025-06-22,06:00,4011
2025-06-22,06:15,3876.6
2025-06-22,06:30,3679.2
2025-06-22,06:45,3295.6
2025-06-22,07:00,3092.6
2025-06-22,07:15,2696.4
2025-06-22,07:30,2737
2025-06-22,07:45,2888.2
2025-06-22,08:00,3511.2
2025-06-22,08:15,3529.4
2025-06-22,08:30,3652.6
2025-06-22,08:45,3655.4
2025-06-22,09:00,3404.8
2025-06-22,09:15,3501.4
2025-06-22,09:30,3476.2
2025-06-22,09:45,3274.6
2025-06-22,10:00,2952.6
2025-06-22,10:15,3031
2025-06-22,10:30,2289
2025-06-22,10:45,2497.6
2025-06-22,11:00,2615.2
2025-06-22,11:15,3071.6
2025-06-22,11:30,3399.2
2025-06-22,11:45,3675
2025-06-22,12:00,3017
2025-06-22,12:15,3455.2
2025-06-22,12:30,3586.8
2025-06-22,12:45,3389.4
2025-06-22,13:00,3152.8
2025-06-22,13:15,3063.2
2025-06-22,13:30,2909.2
2025-06-22,13:45,2143.4
2025-06-22,14:00,1898.4
2025-06-22,14:15,2660
2025-06-22,14:30,3095.4
2025-06-22,14:45,3616.2
2025-06-22,15:00,3470.6
2025-06-22,15:15,3354.4
2025-06-22,15:30,3239.6
2025-06-22,15:45,3192
2025-06-22,16:00,3122
2025-06-22,16:15,3022.6
2025-06-22,16:30,2871.4
2025-06-22,16:45,2679.6
2025-06-22,17:00,2611
2025-06-22,17:15,2412.2
2025-06-22,17:30,3136
2025-06-22,17:45,3556
2025-06-22,18:00,3808
2025-06-22,18:15,3901.8
2025-06-22,18:30,3900.4
2025-06-22,18:45,3862.6
2025-06-22,19:00,3798.2
2025-06-22,19:15,3693.2
2025-06-22,19:30,3561.6
2025-06-22,19:45,3481.8
2025-06-22,20:00,3246.6
2025-06-22,20:15,3053.4
2025-06-22,20:30,3477.6
2025-06-22,20:45,3922.8
2025-06-22,21:00,3955
2025-06-22,21:15,4092.2
2025-06-22,21:30,4106.2
2025-06-22,21:45,4051.6
2025-06-22,22:00,4008.2
2025-06-22,22:15,3959.2
2025-06-22,22:30,3886.4
2025-06-22,22:45,3747.8
2025-06-22,23:00,3585.4
2025-06-22,23:15,3407.6
2025-06-22,23:30,3200.4
2025-06-22,23:45,3630.2
2025-06-23,00:00,4120.2
2025-06-23,00:15,4169.2
2025-06-23,00:30,4202.8
2025-06-23,00:45,4270
2025-06-23,01:00,4186
2025-06-23,01:15,4172
2025-06-23,01:30,4018
2025-06-23,01:45,3823.4
2025-06-23,02:00,3666.6
2025-06-23,02:15,3529.4
2025-06-23,02:30,3375.4
2025-06-23,02:45,3175.2
2025-06-23,03:00,3662.4
2025-06-23,03:15,4113.2
2025-06-23,03:30,4166.4
2025-06-23,03:45,4239.2
2025-06-23,04:00,4256
2025-06-23,04:15,4232.2
2025-06-23,04:30,4100.6
2025-06-23,04:45,3998.4
2025-06-23,05:00,3396.4
2025-06-23,05:15,3227
2025-06-23,05:30,3035.2
2025-06-23,05:45,2914.8
2025-06-23,06:00,2634.8
2025-06-23,06:15,3186.4
2025-06-23,06:30,3588.2
2025-06-23,06:45,3637.2
2025-06-23,07:00,3675
2025-06-23,07:15,3703
2025-06-23,07:30,3633
2025-06-23,07:45,3523.8
2025-06-23,08:00,3320.8
2025-06-23,08:15,2902.2
2025-06-23,08:30,3008.6
2025-06-23,08:45,2585.8
2025-06-23,09:00,2693.6
2025-06-23,09:15,2499
2025-06-23,09:30,3210.2
2025-06-23,09:45,3526.6
2025-06-23,10:00,3518.2
2025-06-23,10:15,3565.8
2025-06-23,10:30,3567.2
2025-06-23,10:45,3472
2025-06-23,11:00,3395
2025-06-23,11:15,3319.4
2025-06-23,11:30,3218.6
2025-06-23,11:45,3228.4
2025-06-23,12:00,3018.4
2025-06-23,12:15,2777.6
2025-06-23,12:30,2402.4
2025-06-23,12:45,3221.4
2025-06-23,13:00,3564.4
2025-06-23,13:15,3662.4
2025-06-23,13:30,3686.2
2025-06-23,13:45,3684.8
2025-06-23,14:00,3684.8
2025-06-23,14:15,3614.8
2025-06-23,14:30,3585.4
2025-06-23,14:45,3439.8
2025-06-23,15:00,3277.4
2025-06-23,15:15,3536.4
2025-06-23,15:30,3330.6
2025-06-23,15:45,3080
2025-06-23,16:00,3774.4
2025-06-23,16:15,4125.8
2025-06-23,16:30,4096.4
2025-06-23,16:45,4008.2
2025-06-23,17:00,3957.8
2025-06-23,17:15,3697.4
2025-06-23,17:30,3648.4
2025-06-23,17:45,3627.4
2025-06-23,18:00,3553.2
2025-06-23,18:15,3367
2025-06-23,18:30,3206
2025-06-23,18:45,3053.4
2025-06-23,19:00,3008.6
2025-06-23,19:15,3753.4
2025-06-23,19:30,4012.4
2025-06-23,19:45,4012.4
2025-06-23,20:00,4044.6
2025-06-23,20:15,3952.2
2025-06-23,20:30,3904.6
2025-06-23,20:45,3805.2
2025-06-23,21:00,3649.8
2025-06-23,21:15,3526.6
2025-06-23,21:30,3390.8
2025-06-23,21:45,3217.2
2025-06-23,22:00,3017
2025-06-23,22:15,3456.6
2025-06-23,22:30,3917.2
2025-06-23,22:45,3966.2
2025-06-23,23:00,3983
2025-06-23,23:15,4032
2025-06-23,23:30,3983
2025-06-23,23:45,3876.6
2025-06-24,00:00,3736.6
2025-06-24,00:15,3607.8
2025-06-24,00:30,3481.8
2025-06-24,00:45,3280.2
2025-06-24,01:00,3102.4
2025-06-24,01:15,2798.6
2025-06-24,01:30,3518.2
2025-06-24,01:45,3903.2
2025-06-24,02:00,3935.4
2025-06-24,02:15,3985.8
2025-06-24,02:30,4001.2
2025-06-24,02:45,3924.2
2025-06-24,03:00,3833.2
2025-06-24,03:15,3742.2
2025-06-24,03:30,3557.4
2025-06-24,03:45,3430
2025-06-24,04:00,3238.2
2025-06-24,04:15,3084.2
2025-06-24,04:30,2746.8
2025-06-24,04:45,3462.2
2025-06-24,05:00,3917.2
2025-06-24,05:15,3943.8
2025-06-24,05:30,3988.6
2025-06-24,05:45,3894.8
2025-06-24,06:00,3784.2
2025-06-24,06:15,3670.8
2025-06-24,06:30,3537.8
2025-06-24,06:45,3498.6
2025-06-24,07:00,3312.4
2025-06-24,07:15,3162.6
2025-06-24,07:30,2966.6
2025-06-24,07:45,2387
2025-06-24,08:00,3084.2
2025-06-24,08:15,3442.6
2025-06-24,08:30,3474.8
2025-06-24,08:45,3752
2025-06-24,09:00,3712.8
2025-06-24,09:15,3263.4
2025-06-24,09:30,2987.6
2025-06-24,09:45,3031
2025-06-24,10:00,2861.6
2025-06-24,10:15,2695
2025-06-24,10:30,2581.6
2025-06-24,10:45,2336.6
2025-06-24,11:00,2007.6
2025-06-24,11:15,2885.4
2025-06-24,11:30,3106.6
2025-06-24,11:45,3045
2025-06-24,12:00,3320.8
2025-06-24,12:15,3224.2
2025-06-24,12:30,3234
2025-06-24,12:45,2948.4
2025-06-24,13:00,2879.8
2025-06-24,13:15,2788.8
2025-06-24,13:30,2548
2025-06-24,13:45,2454.2
2025-06-24,14:00,2192.4
2025-06-24,14:15,2716
2025-06-24,14:30,3028.2
2025-06-24,14:45,3313.8
2025-06-24,15:00,3263.4
2025-06-24,15:15,3211.6
2025-06-24,15:30,3117.8
2025-06-24,15:45,3045
2025-06-24,16:00,3252.2
2025-06-24,16:15,2891
2025-06-24,16:30,2826.6
2025-06-24,16:45,2639
2025-06-24,17:00,2595.6
2025-06-24,17:15,2189.6
2025-06-24,17:30,2843.4
2025-06-24,17:45,3522.4
2025-06-24,18:00,3479
2025-06-24,18:15,3927
2025-06-24,18:30,3964.8
2025-06-24,18:45,3915.8
2025-06-24,19:00,3887.8
2025-06-24,19:15,3808
2025-06-24,19:30,3710
2025-06-24,19:45,3570
2025-06-24,20:00,3341.8
2025-06-24,20:15,3196.2
2025-06-24,20:30,2856
2025-06-24,20:45,3614.8
2025-06-24,21:00,4027.8
2025-06-24,21:15,4036.2
2025-06-24,21:30,4089.4
2025-06-24,21:45,4072.6
2025-06-24,22:00,3967.6
2025-06-24,22:15,3894.8
2025-06-24,22:30,3775.8
2025-06-24,22:45,3649.8
2025-06-24,23:00,3497.2
2025-06-24,23:15,3287.2
2025-06-24,23:30,3127.6
2025-06-24,23:45,2853.2
2025-06-25,00:00,3645.6
2025-06-25,00:15,3971.8
2025-06-25,00:30,4027.8
2025-06-25,00:45,4074
2025-06-25,01:00,4022.2
2025-06-25,01:15,3932.6
2025-06-25,01:30,3854.2
2025-06-25,01:45,3700.2
2025-06-25,02:00,3523.8
2025-06-25,02:15,3340.4
2025-06-25,02:30,3157
2025-06-25,02:45,2986.2
2025-06-25,03:00,3032.4
2025-06-25,03:15,3714.2
2025-06-25,03:30,3893.4
2025-06-25,03:45,3929.8
2025-06-25,04:00,3971.8
2025-06-25,04:15,4001.2
2025-06-25,04:30,3928.4
2025-06-25,04:45,3815
2025-06-25,05:00,3729.6
2025-06-25,05:15,3458
2025-06-25,05:30,3285.8
2025-06-25,05:45,3082.8
2025-06-25,06:00,2746.8
2025-06-25,06:15,3256.4
2025-06-25,06:30,3679.2
2025-06-25,06:45,3802.4
2025-06-25,07:00,3796.8
2025-06-25,07:15,3502.8
2025-06-25,07:30,3386.6
2025-06-25,07:45,3248
2025-06-25,08:00,3215.8
2025-06-25,08:15,2935.8
2025-06-25,08:30,3057.6
2025-06-25,08:45,2751
2025-06-25,09:00,2564.8
2025-06-25,09:15,1996.4
2025-06-25,09:30,2688
2025-06-25,09:45,3253.6
2025-06-25,10:00,3148.6
2025-06-25,10:15,3183.6
2025-06-25,10:30,3245.2
2025-06-25,10:45,3001.6
2025-06-25,11:00,2924.6
2025-06-25,11:15,2756.6
2025-06-25,11:30,2611
2025-06-25,11:45,2399.6
2025-06-25,12:00,2464
2025-06-25,12:15,2038.4
2025-06-25,12:30,1800.4
2025-06-25,12:45,2839.2
2025-06-25,13:00,2807
2025-06-25,13:15,3101
2025-06-25,13:30,2858.8
2025-06-25,13:45,3033.8
2025-06-25,14:00,3108
2025-06-25,14:15,3116.4
2025-06-25,14:30,2948.4
2025-06-25,14:45,2875.6
2025-06-25,15:00,2272.2
2025-06-25,15:15,2601.2
2025-06-25,15:30,2336.6
2025-06-25,15:45,2041.2
2025-06-25,16:00,2892.4
2025-06-25,16:15,3242.4
2025-06-25,16:30,3281.6
2025-06-25,16:45,3214.4
2025-06-25,17:00,3045
2025-06-25,17:15,2924.6
2025-06-25,17:30,2745.4
2025-06-25,17:45,2724.4
2025-06-25,18:00,2601.2
2025-06-25,18:15,2479.4
2025-06-25,18:30,2361.8
2025-06-25,18:45,2165.8
2025-06-25,19:00,2706.2
2025-06-25,19:15,3007.2
2025-06-25,19:30,3227
2025-06-25,19:45,3217.2
2025-06-25,20:00,3270.4
2025-06-25,20:15,3253.6
2025-06-25,20:30,3112.2
2025-06-25,20:45,3038
2025-06-25,21:00,2896.6
2025-06-25,21:15,2723
2025-06-25,21:30,2564.8
2025-06-25,21:45,2385.6
2025-06-25,22:00,2151.8
2025-06-25,22:15,2734.2
2025-06-25,22:30,3176.6
2025-06-25,22:45,3186.4
2025-06-25,23:00,3197.6
2025-06-25,23:15,3203.2
2025-06-25,23:30,3154.2
2025-06-25,23:45,3064.6
2025-06-26,00:00,2951.2
2025-06-26,00:15,2802.8
2025-06-26,00:30,2640.4
2025-06-26,00:45,2475.2
2025-06-26,01:00,2296
2025-06-26,01:15,2037
2025-06-26,01:30,2699.2
2025-06-26,01:45,3081.4
2025-06-26,02:00,3127.6
2025-06-26,02:15,3190.6
2025-06-26,02:30,3178
2025-06-26,02:45,3096.8
2025-06-26,03:00,3001.6
2025-06-26,03:15,2879.8
2025-06-26,03:30,2769.2
2025-06-26,03:45,2604
2025-06-26,04:00,2434.6
2025-06-26,04:15,2237.2
2025-06-26,04:30,1915.2
2025-06-26,04:45,2700.6
2025-06-26,05:00,3077.2
2025-06-26,05:15,3045
2025-06-26,05:30,3178
2025-06-26,05:45,3131.8
2025-06-26,06:00,3046.4
2025-06-26,06:15,2956.8
2025-06-26,06:30,2798.6
2025-06-26,06:45,2640.4
2025-06-26,07:00,2396.8
2025-06-26,07:15,2219
2025-06-26,07:30,2011.8
2025-06-26,07:45,2126.6
2025-06-26,08:00,2802.8
2025-06-26,08:15,2955.4
2025-06-26,08:30,3136
2025-06-26,08:45,3651.2
2025-06-26,09:00,3619
2025-06-26,09:15,3529.4
2025-06-26,09:30,3357.2
2025-06-26,09:45,3194.8
2025-06-26,10:00,2993.2
2025-06-26,10:15,2805.6
2025-06-26,10:30,2510.2
2025-06-26,10:45,2247
2025-06-26,11:00,2737
2025-06-26,11:15,3304
2025-06-26,11:30,3234
2025-06-26,11:45,3346
2025-06-26,12:00,3519.6
2025-06-26,12:15,3367
2025-06-26,12:30,2976.4
2025-06-26,12:45,2965.2
2025-06-26,13:00,2818.2
2025-06-26,13:15,2623.6
2025-06-26,13:30,2314.2
2025-06-26,13:45,2378.6
2025-06-26,14:00,2499
2025-06-26,14:15,2972.2
2025-06-26,14:30,3355.8
2025-06-26,14:45,3486
2025-06-26,15:00,3246.6
2025-06-26,15:15,3262
2025-06-26,15:30,3329.2
2025-06-26,15:45,3231.2
2025-06-26,16:00,3106.6
2025-06-26,16:15,2709
2025-06-26,16:30,2490.6
2025-06-26,16:45,2454.2
2025-06-26,17:00,2256.8
2025-06-26,17:15,2053.8
2025-06-26,17:30,2741.2
2025-06-26,17:45,3164
2025-06-26,18:00,3176.6
2025-06-26,18:15,3278.8
2025-06-26,18:30,3243.8
2025-06-26,18:45,3234
2025-06-26,19:00,3141.6
2025-06-26,19:15,3074.4
2025-06-26,19:30,2984.8
2025-06-26,19:45,2766.4
2025-06-26,20:00,2770.6
2025-06-26,20:15,2599.8
2025-06-26,20:30,2318.4
2025-06-26,20:45,2977.8
2025-06-26,21:00,3382.4
2025-06-26,21:15,3413.2
2025-06-26,21:30,3490.2
2025-06-26,21:45,3456.6
2025-06-26,22:00,3339
2025-06-26,22:15,3236.8
2025-06-26,22:30,3123.4
2025-06-26,22:45,2983.4
2025-06-26,23:00,2830.8
2025-06-26,23:15,2634.8
2025-06-26,23:30,2431.8
2025-06-26,23:45,2870
2025-06-27,00:00,3073
2025-06-27,00:15,3330.6
2025-06-27,00:30,3396.4
2025-06-27,00:45,3458
2025-06-27,01:00,3388
2025-06-27,01:15,3316.6
2025-06-27,01:30,3204.6
2025-06-27,01:45,3061.8
2025-06-27,02:00,2790.2
2025-06-27,02:15,2741.2
2025-06-27,02:30,2567.6
2025-06-27,02:45,2366
2025-06-27,03:00,2856
2025-06-27,03:15,3288.6
2025-06-27,03:30,3346
2025-06-27,03:45,3406.2
2025-06-27,04:00,3392.2
2025-06-27,04:15,3344.6
2025-06-27,04:30,3276
2025-06-27,04:45,3162.6
2025-06-27,05:00,2955.4
2025-06-27,05:15,2857.4
2025-06-27,05:30,2668.4
2025-06-27,05:45,2478
2025-06-27,06:00,2083.2
2025-06-27,06:15,2728.6
2025-06-27,06:30,3143
2025-06-27,06:45,3000.2
2025-06-27,07:00,3171
2025-06-27,07:15,3014.2
2025-06-27,07:30,3064.6
2025-06-27,07:45,3355.8
2025-06-27,08:00,3326.4
2025-06-27,08:15,2993.2
2025-06-27,08:30,2846.2
2025-06-27,08:45,2396.8
2025-06-27,09:00,2265.2
2025-06-27,09:15,2242.8
2025-06-27,09:30,2980.6
2025-06-27,09:45,3337.6
2025-06-27,10:00,3365.6
2025-06-27,10:15,3304
2025-06-27,10:30,3305.4
2025-06-27,10:45,3364.2
2025-06-27,11:00,3215.8
2025-06-27,11:15,3035.2
2025-06-27,11:30,2794.4
2025-06-27,11:45,2662.8
2025-06-27,12:00,2465.4
2025-06-27,12:15,2325.4
2025-06-27,12:30,2125.2
2025-06-27,12:45,2856
2025-06-27,13:00,3250.8
2025-06-27,13:15,3355.8
2025-06-27,13:30,3568.6
2025-06-27,13:45,3473.4
2025-06-27,14:00,3395
2025-06-27,14:15,3179.4
2025-06-27,14:30,2959.6
2025-06-27,14:45,2584.4
2025-06-27,15:00,2415
2025-06-27,15:15,2557.8
2025-06-27,15:30,2451.4
2025-06-27,15:45,2860.2
2025-06-27,16:00,3183.6
2025-06-27,16:15,3176.6
2025-06-27,16:30,3432.8
2025-06-27,16:45,3460.8
2025-06-27,17:00,3420.2
2025-06-27,17:15,3375.4
2025-06-27,17:30,3308.2
2025-06-27,17:45,3194.8
2025-06-27,18:00,3038
2025-06-27,18:15,2857.4
2025-06-27,18:30,2737
2025-06-27,18:45,2307.2
2025-06-27,19:00,2933
2025-06-27,19:15,3392.2
2025-06-27,19:30,3465
2025-06-27,19:45,3515.4
2025-06-27,20:00,3497.2
2025-06-27,20:15,3442.6
2025-06-27,20:30,3339
2025-06-27,20:45,3238.2
2025-06-27,21:00,3098.2
2025-06-27,21:15,2941.4
2025-06-27,21:30,2788.8
2025-06-27,21:45,2608.2
2025-06-27,22:00,2314.2
2025-06-27,22:15,2997.4
2025-06-27,22:30,3399.2
2025-06-27,22:45,3460.8
2025-06-27,23:00,3521
2025-06-27,23:15,3477.6
2025-06-27,23:30,3409
2025-06-27,23:45,3315.2
2025-06-28,00:00,3176.6
2025-06-28,00:15,3080
2025-06-28,00:30,2870
2025-06-28,00:45,2756.6
2025-06-28,01:00,2633.4
2025-06-28,01:15,2335.2
2025-06-28,01:30,3031
2025-06-28,01:45,3379.6
2025-06-28,02:00,3479
2025-06-28,02:15,3556
2025-06-28,02:30,3497.2
2025-06-28,02:45,3446.8
2025-06-28,03:00,3350.2
2025-06-28,03:15,3222.8
2025-06-28,03:30,3046.4
2025-06-28,03:45,2886.8
2025-06-28,04:00,2728.6
2025-06-28,04:15,2539.6
2025-06-28,04:30,2448.6
2025-06-28,04:45,3168.2
2025-06-28,05:00,3381
2025-06-28,05:15,3416
2025-06-28,05:30,3459.4
2025-06-28,05:45,3386.6
2025-06-28,06:00,3308.2
2025-06-28,06:15,3228.4
2025-06-28,06:30,3068.8
2025-06-28,06:45,2920.4
2025-06-28,07:00,2735.6
2025-06-28,07:15,2532.6
2025-06-28,07:30,2342.2
2025-06-28,07:45,2661.4
2025-06-28,08:00,3140.2
2025-06-28,08:15,3318
2025-06-28,08:30,3393.6
2025-06-28,08:45,3509.8
2025-06-28,09:00,3642.8
2025-06-28,09:15,3586.8
2025-06-28,09:30,3463.6
2025-06-28,09:45,3260.6
2025-06-28,10:00,3110.8
2025-06-28,10:15,3019.8
2025-06-28,10:30,2833.6
2025-06-28,10:45,2633.4
2025-06-28,11:00,2982
2025-06-28,11:15,3382.4
2025-06-28,11:30,3322.2
2025-06-28,11:45,3312.4
2025-06-28,12:00,3386.6
2025-06-28,12:15,3159.8
2025-06-28,12:30,3157
2025-06-28,12:45,3276
2025-06-28,13:00,3213
2025-06-28,13:15,3122
2025-06-28,13:30,2410.8
2025-06-28,13:45,2419.2
2025-06-28,14:00,2074.8
2025-06-28,14:15,2514.4
2025-06-28,14:30,3033.8
2025-06-28,14:45,2735.6
2025-06-28,15:00,3050.6
2025-06-28,15:15,3061.8
2025-06-28,15:30,3014.2
2025-06-28,15:45,2997.4
2025-06-28,16:00,3010
2025-06-28,16:15,2795.8
2025-06-28,16:30,2667
2025-06-28,16:45,2654.4
2025-06-28,17:00,2297.4
2025-06-28,17:15,2095.8
2025-06-28,17:30,2809.8
2025-06-28,17:45,3218.6
2025-06-28,18:00,3301.2
2025-06-28,18:15,3341.8
2025-06-28,18:30,3365.6
2025-06-28,18:45,3308.2
2025-06-28,19:00,3259.2
2025-06-28,19:15,3194.8
2025-06-28,19:30,3057.6
2025-06-28,19:45,2900.8
2025-06-28,20:00,2706.2
2025-06-28,20:15,2487.8
2025-06-28,20:30,2527
2025-06-28,20:45,3161.2
2025-06-28,21:00,3378.2
2025-06-28,21:15,3431.4
2025-06-28,21:30,3473.4
2025-06-28,21:45,3466.4
2025-06-28,22:00,3369.8
2025-06-28,22:15,3284.4
2025-06-28,22:30,3133.2
2025-06-28,22:45,3004.4
2025-06-28,23:00,2833.6
2025-06-28,23:15,2657.2
2025-06-28,23:30,2487.8
2025-06-28,23:45,2578.8
2025-06-29,00:00,3210.2
2025-06-29,00:15,3343.2
2025-06-29,00:30,3404.8
2025-06-29,00:45,3444
2025-06-29,01:00,3399.2
2025-06-29,01:15,3316.6
2025-06-29,01:30,3236.8
2025-06-29,01:45,3110.8
2025-06-29,02:00,2959.6
2025-06-29,02:15,2794.4
2025-06-29,02:30,2612.4
2025-06-29,02:45,2426.2
2025-06-29,03:00,2772
2025-06-29,03:15,3252.2
2025-06-29,03:30,3327.8
2025-06-29,03:45,3403.4
2025-06-29,04:00,3424.4
2025-06-29,04:15,3381
2025-06-29,04:30,3334.8
2025-06-29,04:45,3246.6
2025-06-29,05:00,3080
2025-06-29,05:15,2840.6
2025-06-29,05:30,2809.8
2025-06-29,05:45,2636.2
2025-06-29,06:00,2405.2
2025-06-29,06:15,2732.8
2025-06-29,06:30,3241
2025-06-29,06:45,3329.2
2025-06-29,07:00,3382.4
2025-06-29,07:15,3358.6
2025-06-29,07:30,3194.8
2025-06-29,07:45,2857.4
2025-06-29,08:00,2741.2
2025-06-29,08:15,2877
2025-06-29,08:30,2634.8
2025-06-29,08:45,2388.4
2025-06-29,09:00,2473.8
2025-06-29,09:15,1979.6
2025-06-29,09:30,2525.6
2025-06-29,09:45,2889.6
2025-06-29,10:00,3061.8
2025-06-29,10:15,3351.6
2025-06-29,10:30,3276
2025-06-29,10:45,2832.2
2025-06-29,11:00,3155.6
2025-06-29,11:15,2833.6
2025-06-29,11:30,2595.6
2025-06-29,11:45,2200.8
2025-06-29,12:00,2787.4
2025-06-29,12:15,2549.4
2025-06-29,12:30,2366
2025-06-29,12:45,2899.4
2025-06-29,13:00,2899.4
2025-06-29,13:15,2976.4
2025-06-29,13:30,3193.4
2025-06-29,13:45,3374
2025-06-29,14:00,3346
2025-06-29,14:15,3277.4
2025-06-29,14:30,3029.6
2025-06-29,14:45,2713.2
2025-06-29,15:00,2524.2
2025-06-29,15:15,2542.4
2025-06-29,15:30,2105.6
2025-06-29,15:45,2305.8
2025-06-29,16:00,2472.4
2025-06-29,16:15,3270.4
2025-06-29,16:30,2909.2
2025-06-29,16:45,3253.6
2025-06-29,17:00,3242.4
2025-06-29,17:15,3155.6
2025-06-29,17:30,3064.6
2025-06-29,17:45,3042.2
2025-06-29,18:00,2965.2
2025-06-29,18:15,2786
2025-06-29,18:30,2657.2
2025-06-29,18:45,2503.2
2025-06-29,19:00,2265.2
2025-06-29,19:15,2923.2
2025-06-29,19:30,3367
2025-06-29,19:45,3369.8
2025-06-29,20:00,3444
2025-06-29,20:15,3417.4
2025-06-29,20:30,3360
2025-06-29,20:45,3291.4
2025-06-29,21:00,3140.2
2025-06-29,21:15,2998.8
2025-06-29,21:30,2847.6
2025-06-29,21:45,2654.4
2025-06-29,22:00,2517.2
2025-06-29,22:15,2240
2025-06-29,22:30,2930.2
2025-06-29,22:45,3340.4
2025-06-29,23:00,3362.8
2025-06-29,23:15,3448.2
2025-06-29,23:30,3414.6
2025-06-29,23:45,3339
2025-06-30,00:00,3256.4
2025-06-30,00:15,3134.6
2025-06-30,00:30,2986.2
2025-06-30,00:45,2805.6
2025-06-30,01:00,2647.4
2025-06-30,01:15,2458.4
2025-06-30,01:30,2361.8
2025-06-30,01:45,3077.2
2025-06-30,02:00,3332
2025-06-30,02:15,3372.6
2025-06-30,02:30,3444
2025-06-30,02:45,3418.8
2025-06-30,03:00,3319.4
2025-06-30,03:15,3250.8
2025-06-30,03:30,3106.6
2025-06-30,03:45,2955.4
2025-06-30,04:00,2790.2
2025-06-30,04:15,2602.6
2025-06-30,04:30,2431.8
2025-06-30,04:45,2683.8
2025-06-30,05:00,3229.8
2025-06-30,05:15,3355.8
2025-06-30,05:30,3358.6
2025-06-30,05:45,3396.4
2025-06-30,06:00,3318
2025-06-30,06:15,3266.2
2025-06-30,06:30,3073
2025-06-30,06:45,2914.8
2025-06-30,07:00,2755.2
2025-06-30,07:15,2563.4
2025-06-30,07:30,2506
2025-06-30,07:45,2146.2
2025-06-30,08:00,2443
2025-06-30,08:15,3098.2
2025-06-30,08:30,3081.4
2025-06-30,08:45,3271.8
2025-06-30,09:00,3164
2025-06-30,09:15,3127.6
2025-06-30,09:30,2998.8
2025-06-30,09:45,2584.4
2025-06-30,10:00,2524.2
2025-06-30,10:15,2310
2025-06-30,10:30,2192.4
2025-06-30,10:45,2300.2
2025-06-30,11:00,2062.2
2025-06-30,11:15,2524.2
2025-06-30,11:30,2850.4
2025-06-30,11:45,2830.8
2025-06-30,12:00,2879.8
2025-06-30,12:15,2902.2
2025-06-30,12:30,2818.2
2025-06-30,12:45,2703.4
2025-06-30,13:00,2444.4
2025-06-30,13:15,2300.2
2025-06-30,13:30,2196.6
2025-06-30,13:45,2014.6
2025-06-30,14:00,1883
2025-06-30,14:15,1664.6
2025-06-30,14:30,2228.8
2025-06-30,14:45,2822.4
2025-06-30,15:00,2937.2
2025-06-30,15:15,3003
2025-06-30,15:30,3029.6
2025-06-30,15:45,2994.6
2025-06-30,16:00,3018.4
2025-06-30,16:15,2947
2025-06-30,16:30,2849
2025-06-30,16:45,2646
2025-06-30,17:00,2580.2
2025-06-30,17:15,2406.6
2025-06-30,17:30,2214.8
2025-06-30,17:45,2952.6
2025-06-30,18:00,3353
2025-06-30,18:15,3402
2025-06-30,18:30,3530.8
2025-06-30,18:45,3396.4
2025-06-30,19:00,3350.2
2025-06-30,19:15,3316.6
2025-06-30,19:30,3315.2
2025-06-30,19:45,3217.2
2025-06-30,20:00,3032.4
2025-06-30,20:15,2858.8
2025-06-30,20:30,2686.6
2025-06-30,20:45,2399.6
2025-06-30,21:00,3108
2025-06-30,21:15,3487.4
2025-06-30,21:30,3561.6
2025-06-30,21:45,3584
2025-06-30,22:00,4046
2025-06-30,22:15,3938.2
2025-06-30,22:30,3852.8
2025-06-30,22:45,3759
2025-06-30,23:00,3511.2
2025-06-30,23:15,3392.2
2025-06-30,23:30,3263.4
2025-06-30,23:45,3123.4
2025-07-01,00:00,2968
2025-07-01,00:15,3539.2
2025-07-01,00:30,3914.4
2025-07-01,00:45,3948
2025-07-01,01:00,4034.8
2025-07-01,01:15,3971.8
2025-07-01,01:30,3938.2
2025-07-01,01:45,3833.2
2025-07-01,02:00,3728.2
2025-07-01,02:15,3558.8
2025-07-01,02:30,3420.2
2025-07-01,02:45,3241
2025-07-01,03:00,3117.8
2025-07-01,03:15,2709
2025-07-01,03:30,3574.2
2025-07-01,03:45,3976
2025-07-01,04:00,3985.8
2025-07-01,04:15,4044.6
2025-07-01,04:30,3977.4
2025-07-01,04:45,3906
2025-07-01,05:00,3815
2025-07-01,05:15,3117.8
2025-07-01,05:30,2944.2
2025-07-01,05:45,2734.2
2025-07-01,06:00,2538.2
2025-07-01,06:15,2303
2025-07-01,06:30,2683.8
2025-07-01,06:45,3145.8
2025-07-01,07:00,3145.8
2025-07-01,07:15,3161.2
2025-07-01,07:30,3192
2025-07-01,07:45,3225.6
2025-07-01,08:00,3381
2025-07-01,08:15,3172.4
2025-07-01,08:30,2976.4
2025-07-01,08:45,2760.8
2025-07-01,09:00,2585.8
2025-07-01,09:15,2380
2025-07-01,09:30,2146.2
2025-07-01,09:45,2235.8
2025-07-01,10:00,3049.2
2025-07-01,10:15,3136
2025-07-01,10:30,3210.2
2025-07-01,10:45,3280.2
2025-07-01,11:00,3217.2
2025-07-01,11:15,3179.4
2025-07-01,11:30,3124.8
2025-07-01,11:45,3025.4
2025-07-01,12:00,2871.4
2025-07-01,12:15,2786
2025-07-01,12:30,2644.6
2025-07-01,12:45,2364.6
2025-07-01,13:00,2802.8
2025-07-01,13:15,3222.8
2025-07-01,13:30,3187.8
2025-07-01,13:45,3239.6
2025-07-01,14:00,3360
2025-07-01,14:15,3383.8
2025-07-01,14:30,3462.2
2025-07-01,14:45,3390.8
2025-07-01,15:00,3099.6
2025-07-01,15:15,2975
2025-07-01,15:30,2384.2
2025-07-01,15:45,2205
2025-07-01,16:00,639.8
2025-07-01,16:15,1523.2
2025-07-01,16:30,3406.2
2025-07-01,16:45,3465
2025-07-01,17:00,3533.6
2025-07-01,17:15,3518.2
2025-07-01,17:30,3487.4
2025-07-01,17:45,3437
2025-07-01,18:00,3561.6
2025-07-01,18:15,3474.8
2025-07-01,18:30,3309.6
2025-07-01,18:45,3172.4
2025-07-01,19:00,2987.6
2025-07-01,19:15,2727.2
2025-07-01,19:30,3434.2
2025-07-01,19:45,3859.8
2025-07-01,20:00,3893.4
2025-07-01,20:15,3963.4
2025-07-01,20:30,3943.8
2025-07-01,20:45,3854.2
2025-07-01,21:00,3833.2
2025-07-01,21:15,3693.2
2025-07-01,21:30,3388
2025-07-01,21:45,3235.4
2025-07-01,22:00,3067.4
2025-07-01,22:15,2874.2
2025-07-01,22:30,2634.8
2025-07-01,22:45,3416
2025-07-01,23:00,3726.8
2025-07-01,23:15,3738
2025-07-01,23:30,3773
2025-07-01,23:45,3752
2025-07-02,00:00,3682
2025-07-02,00:15,3614.8
2025-07-02,00:30,3480.4
2025-07-02,00:45,3337.6
2025-07-02,01:00,3144.4
2025-07-02,01:15,2975
2025-07-02,01:30,2774.8
2025-07-02,01:45,2783.2
2025-07-02,02:00,3479
2025-07-02,02:15,3669.4
2025-07-02,02:30,3729.6
2025-07-02,02:45,3763.2
2025-07-02,03:00,3722.6
2025-07-02,03:15,3649.8
2025-07-02,03:30,3544.8
2025-07-02,03:45,3451
2025-07-02,04:00,3290
2025-07-02,04:15,3151.4
2025-07-02,04:30,2962.4
2025-07-02,04:45,2808.4
2025-07-02,05:00,2987.6
2025-07-02,05:15,3532.2
2025-07-02,05:30,3605
2025-07-02,05:45,3635.8
2025-07-02,06:00,3585.4
2025-07-02,06:15,3459.4
2025-07-02,06:30,3414.6
2025-07-02,06:45,3308.2
2025-07-02,07:00,3187.8
2025-07-02,07:15,3068.8
2025-07-02,07:30,2893.8
2025-07-02,07:45,2763.6
2025-07-02,08:00,2448.6
2025-07-02,08:15,2713.2
2025-07-02,08:30,3214.4
2025-07-02,08:45,3253.6
2025-07-02,09:00,3348.8
2025-07-02,09:15,3234
2025-07-02,09:30,3264.8
2025-07-02,09:45,3325
2025-07-02,10:00,3180.8
2025-07-02,10:15,2970.8
2025-07-02,10:30,2802.8
2025-07-02,10:45,2633.4
2025-07-02,11:00,2433.2
2025-07-02,11:15,1930.6
2025-07-02,11:30,2522.8
2025-07-02,11:45,3155.6
2025-07-02,12:00,3165.4
2025-07-02,12:15,3276
2025-07-02,12:30,3253.6
2025-07-02,12:45,3204.6
2025-07-02,13:00,3157
2025-07-02,13:15,3035.2
2025-07-02,13:30,2858.8
2025-07-02,13:45,2739.8
2025-07-02,14:00,2541
2025-07-02,14:15,2462.6
2025-07-02,14:30,2207.8
2025-07-02,14:45,2970.8
2025-07-02,15:00,3320.8
2025-07-02,15:15,3409
2025-07-02,15:30,3490.2
2025-07-02,15:45,3498.6
2025-07-02,16:00,3451
2025-07-02,16:15,3460.8
2025-07-02,16:30,3396.4
2025-07-02,16:45,3263.4
2025-07-02,17:00,3158.4
2025-07-02,17:15,2998.8
2025-07-02,17:30,2861.6
2025-07-02,17:45,2562
2025-07-02,18:00,3355.8
2025-07-02,18:15,3785.6
2025-07-02,18:30,3855.6
2025-07-02,18:45,3936.8
2025-07-02,19:00,3920
2025-07-02,19:15,3871
2025-07-02,19:30,3789.8
2025-07-02,19:45,3700.2
2025-07-02,20:00,3516.8
2025-07-02,20:15,3403.4
2025-07-02,20:30,3211.6
2025-07-02,20:45,3063.2
2025-07-02,21:00,2801.4
2025-07-02,21:15,3528
2025-07-02,21:30,3859.8
2025-07-02,21:45,3915.8
2025-07-02,22:00,3943.8
2025-07-02,22:15,3945.2
2025-07-02,22:30,3915.8
2025-07-02,22:45,3886.4
2025-07-02,23:00,3663.8
2025-07-02,23:15,3512.6
2025-07-02,23:30,3346
2025-07-02,23:45,3164
2025-07-03,00:00,3024
2025-07-03,00:15,3808
2025-07-03,00:30,4054.4
2025-07-03,00:45,4415.6
2025-07-03,01:00,4411.4
2025-07-03,01:15,4494
2025-07-03,01:30,4463.2
2025-07-03,01:45,4386.2
2025-07-03,02:00,4306.4
2025-07-03,02:15,4162.2
2025-07-03,02:30,4006.8
2025-07-03,02:45,3840.2
2025-07-03,03:00,3654
2025-07-03,03:15,3451
2025-07-03,03:30,3830.4
2025-07-03,03:45,4313.4
2025-07-03,04:00,4316.2
2025-07-03,04:15,4425.4
2025-07-03,04:30,4401.6
2025-07-03,04:45,4433.8
2025-07-03,05:00,4250.4
2025-07-03,05:15,4193
2025-07-03,05:30,4107.6
2025-07-03,05:45,3948
2025-07-03,06:00,3676.4
2025-07-03,06:15,3483.2
2025-07-03,06:30,3278.8
2025-07-03,06:45,3687.6
2025-07-03,07:00,4146.8
2025-07-03,07:15,3659.6
2025-07-03,07:30,3669.4
2025-07-03,07:45,3663.8
2025-07-03,08:00,3585.4
2025-07-03,08:15,3276
2025-07-03,08:30,3306.8
2025-07-03,08:45,3196.2
2025-07-03,09:00,2987.6
2025-07-03,09:15,2847.6
2025-07-03,09:30,2644.6
2025-07-03,09:45,2395.4
2025-07-03,10:00,2802.8
2025-07-03,10:15,3203.2
2025-07-03,10:30,3283
2025-07-03,10:45,3330.6
2025-07-03,11:00,3075.8
2025-07-03,11:15,2970.8
2025-07-03,11:30,2898
2025-07-03,11:45,2787.4
2025-07-03,12:00,2623.6
2025-07-03,12:15,2464
2025-07-03,12:30,2298.8
2025-07-03,12:45,2188.2
2025-07-03,13:00,2003.4
2025-07-03,13:15,2500.4
2025-07-03,13:30,3162.6
2025-07-03,13:45,3235.4
2025-07-03,14:00,3357.2
2025-07-03,14:15,3512.6
2025-07-03,14:30,3514
2025-07-03,14:45,3295.6
2025-07-03,15:00,3239.6
2025-07-03,15:15,3130.4
2025-07-03,15:30,2993.2
2025-07-03,15:45,2844.8
2025-07-03,16:00,2660
2025-07-03,16:15,2471
2025-07-03,16:30,3260.6
2025-07-03,16:45,3696
2025-07-03,17:00,3708.6
2025-07-03,17:15,3729.6
2025-07-03,17:30,3812.2
2025-07-03,17:45,3746.4
2025-07-03,18:00,3754.8
2025-07-03,18:15,3701.6
2025-07-03,18:30,3560.2
2025-07-03,18:45,3409
2025-07-03,19:00,3277.4
2025-07-03,19:15,3143
2025-07-03,19:30,2874.2
2025-07-03,19:45,3589.6
2025-07-03,20:00,3980.2
2025-07-03,20:15,4005.4
2025-07-03,20:30,4047.4
2025-07-03,20:45,4046
2025-07-03,21:00,3960.6
2025-07-03,21:15,3956.4
2025-07-03,21:30,3785.6
2025-07-03,21:45,3628.8
2025-07-03,22:00,3530.8
2025-07-03,22:15,3298.4
2025-07-03,22:30,3138.8
2025-07-03,22:45,2842
2025-07-03,23:00,3560.2
2025-07-03,23:15,3915.8
2025-07-03,23:30,3952.2
2025-07-03,23:45,4005.4
2025-07-04,00:00,4218.2
2025-07-04,00:15,4438
2025-07-04,00:30,3886.4
2025-07-04,00:45,3764.6
2025-07-04,01:00,4075.4
2025-07-04,01:15,3973.2
2025-07-04,01:30,3782.8
2025-07-04,01:45,3563
2025-07-04,02:00,3266.2
2025-07-04,02:15,3907.4
2025-07-04,02:30,4341.4
2025-07-04,02:45,4368
2025-07-04,03:00,4397.4
2025-07-04,03:15,4380.6
2025-07-04,03:30,4292.4
2025-07-04,03:45,4184.6
2025-07-04,04:00,4081
2025-07-04,04:15,3577
2025-07-04,04:30,3417.4
2025-07-04,04:45,3182.2
2025-07-04,05:00,2982
2025-07-04,05:15,2786
2025-07-04,05:30,3542
2025-07-04,05:45,3876.6
2025-07-04,06:00,3906
2025-07-04,06:15,3941
2025-07-04,06:30,3875.2
2025-07-04,06:45,3778.6
2025-07-04,07:00,3655.4
2025-07-04,07:15,3470.6
2025-07-04,07:30,3291.4
2025-07-04,07:45,3124.8
2025-07-04,08:00,3045
2025-07-04,08:15,2668.4
2025-07-04,08:30,2900.8
2025-07-04,08:45,3595.2
2025-07-04,09:00,3617.6
2025-07-04,09:15,3500
2025-07-04,09:30,3539.2
2025-07-04,09:45,4604.6
2025-07-04,10:00,4386.2
2025-07-04,10:15,4512.2
2025-07-04,10:30,3642.8
2025-07-04,10:45,2913.4
2025-07-04,11:00,3239.6
2025-07-04,11:15,3329.2
2025-07-04,11:30,2030
2025-07-04,11:45,2815.4
2025-07-04,12:00,3159.8
2025-07-04,12:15,3054.8
2025-07-04,12:30,2576
2025-07-04,12:45,3082.8
2025-07-04,13:00,3070.2
2025-07-04,13:15,2284.8
2025-07-04,13:30,3015.6
2025-07-04,13:45,3189.2
2025-07-04,14:00,2052.4
2025-07-04,14:15,2895.2
2025-07-04,14:30,3281.6
2025-07-04,14:45,3172.4
2025-07-04,15:00,2923.2
2025-07-04,15:15,3421.6
2025-07-04,15:30,3151.4
2025-07-04,15:45,2462.6
2025-07-04,16:00,3140.2
2025-07-04,16:15,3413.2
2025-07-04,16:30,2389.8
2025-07-04,16:45,3046.4
2025-07-04,17:00,3712.8
2025-07-04,17:15,3647
2025-07-04,17:30,2913.4
2025-07-04,17:45,3439.8
2025-07-04,18:00,3500
2025-07-04,18:15,2723
2025-07-04,18:30,3399.2
2025-07-04,18:45,3585.4
2025-07-04,19:00,2487.8
2025-07-04,19:15,3297
2025-07-04,19:30,3680.6
2025-07-04,19:45,3585.4
2025-07-04,20:00,3050.6
2025-07-04,20:15,3570
2025-07-04,20:30,3705.8
2025-07-04,20:45,2935.8
2025-07-04,21:00,3567.2
2025-07-04,21:15,3759
2025-07-04,21:30,2927.4
2025-07-04,21:45,3448.2
2025-07-04,22:00,3789.8
2025-07-04,22:15,3575.6
2025-07-04,22:30,3183.6
2025-07-04,22:45,3726.8
2025-07-04,23:00,3708.6
2025-07-04,23:15,2920.4
2025-07-04,23:30,3586.8
2025-07-04,23:45,3733.8
2025-07-05,00:00,2548
2025-07-05,00:15,3404.8
2025-07-05,00:30,3789.8
2025-07-05,00:45,3663.8
2025-07-05,01:00,3175.2
2025-07-05,01:15,3728.2
2025-07-05,01:30,3701.6
2025-07-05,01:45,2916.2
2025-07-05,02:00,3602.2
2025-07-05,02:15,3712.8
2025-07-05,02:30,2592.8
2025-07-05,02:45,3403.4
2025-07-05,03:00,3771.6
2025-07-05,03:15,3567.2
2025-07-05,03:30,3148.6
2025-07-05,03:45,3717
2025-07-05,04:00,3686.2
2025-07-05,04:15,2906.4
2025-07-05,04:30,3600.8
2025-07-05,04:45,3742.2
2025-07-05,05:00,2564.8
2025-07-05,05:15,3371.2
2025-07-05,05:30,3771.6
2025-07-05,05:45,3624.6
2025-07-05,06:00,2977.8
2025-07-05,06:15,3607.8
2025-07-05,06:30,3564.4
2025-07-05,06:45,2815.4
2025-07-05,07:00,3435.6
2025-07-05,07:15,3514
2025-07-05,07:30,2367.4
2025-07-05,07:45,3158.4
2025-07-05,08:00,3523.8
2025-07-05,08:15,3108
2025-07-05,08:30,3165.4
2025-07-05,08:45,3740.8
2025-07-05,09:00,3715.6
2025-07-05,09:15,2886.8
2025-07-05,09:30,3516.8
2025-07-05,09:45,3658.2
2025-07-05,10:00,2413.6
2025-07-05,10:15,3312.4
2025-07-05,10:30,4443.6
2025-07-05,10:45,4004
2025-07-05,11:00,3711.4
2025-07-05,11:15,2482.2
2025-07-05,11:30,2275
2025-07-05,11:45,1944.6
2025-07-05,12:00,2739.8
2025-07-05,12:15,3046.4
2025-07-05,12:30,3099.6
2025-07-05,12:45,3157
2025-07-05,13:00,3147.2
2025-07-05,13:15,3092.6
2025-07-05,13:30,2996
2025-07-05,13:45,2878.4
2025-07-05,14:00,2737
2025-07-05,14:15,2674
2025-07-05,14:30,2548
2025-07-05,14:45,2381.4
2025-07-05,15:00,2181.2
2025-07-05,15:15,3039.4
2025-07-05,15:30,3348.8
2025-07-05,15:45,3399.2
2025-07-05,16:00,3473.4
2025-07-05,16:15,3479
2025-07-05,16:30,3407.6
2025-07-05,16:45,3099.6
2025-07-05,17:00,3043.6
2025-07-05,17:15,2823.8
2025-07-05,17:30,2878.4
2025-07-05,17:45,2745.4
2025-07-05,18:00,2585.8
2025-07-05,18:15,3138.8
2025-07-05,18:30,3465
2025-07-05,18:45,3624.6
2025-07-05,19:00,3673.6
2025-07-05,19:15,3763.2
2025-07-05,19:30,3729.6
2025-07-05,19:45,3682
2025-07-05,20:00,3565.8
2025-07-05,20:15,3403.4
2025-07-05,20:30,3259.2
2025-07-05,20:45,3089.8
2025-07-05,21:00,2921.8
2025-07-05,21:15,2683.8
2025-07-05,21:30,3222.8
2025-07-05,21:45,3644.2
2025-07-05,22:00,3665.2
2025-07-05,22:15,3991.4
2025-07-05,22:30,4012.4
2025-07-05,22:45,3953.6
2025-07-05,23:00,3907.4
2025-07-05,23:15,3956.4
2025-07-05,23:30,3843
2025-07-05,23:45,3462.2
2025-07-06,00:00,3292.8
2025-07-06,00:15,3137.4
2025-07-06,00:30,2856
2025-07-06,00:45,3473.4
2025-07-06,01:00,3866.8
2025-07-06,01:15,3913
2025-07-06,01:30,3980.2
2025-07-06,01:45,3970.4
2025-07-06,02:00,3907.4
2025-07-06,02:15,3826.2
2025-07-06,02:30,3740.8
2025-07-06,02:45,3649.8
2025-07-06,03:00,3452.4
2025-07-06,03:15,3306.8
2025-07-06,03:30,3120.6
2025-07-06,03:45,2870
2025-07-06,04:00,3389.4
2025-07-06,04:15,3805.2
2025-07-06,04:30,3869.6
2025-07-06,04:45,3900.4
2025-07-06,05:00,3897.6
2025-07-06,05:15,3830.4
2025-07-06,05:30,3718.4
2025-07-06,05:45,3614.8
2025-07-06,06:00,3424.4
2025-07-06,06:15,3239.6
2025-07-06,06:30,3057.6
2025-07-06,06:45,2878.4
2025-07-06,07:00,2660
2025-07-06,07:15,3329.2
2025-07-06,07:30,3718.4
2025-07-06,07:45,3488.8
2025-07-06,08:00,3434.2
2025-07-06,08:15,3413.2
2025-07-06,08:30,3285.8
2025-07-06,08:45,3140.2
2025-07-06,09:00,2969.4
2025-07-06,09:15,2826.6
2025-07-06,09:30,2569
2025-07-06,09:45,2401
2025-07-06,10:00,2179.8
2025-07-06,10:15,2032.8
2025-07-06,10:30,2865.8
2025-07-06,10:45,3082.8
2025-07-06,11:00,3074.4
2025-07-06,11:15,3102.4
2025-07-06,11:30,3088.4
2025-07-06,11:45,2959.6
2025-07-06,12:00,2863
2025-07-06,12:15,2774.8
2025-07-06,12:30,2632
2025-07-06,12:45,2468.2
2025-07-06,13:00,2581.6
2025-07-06,13:15,2072
2025-07-06,13:30,2487.8
2025-07-06,13:45,2942.8
2025-07-06,14:00,3095.4
2025-07-06,14:15,2973.6
2025-07-06,14:30,3032.4
2025-07-06,14:45,3001.6
2025-07-06,15:00,2983.4
2025-07-06,15:15,2944.2
2025-07-06,15:30,2895.2
2025-07-06,15:45,2742.6
2025-07-06,16:00,2615.2
2025-07-06,16:15,2487.8
2025-07-06,16:30,2325.4
2025-07-06,16:45,2646
2025-07-06,17:00,3126.2
2025-07-06,17:15,3313.8
2025-07-06,17:30,3312.4
2025-07-06,17:45,3381
2025-07-06,18:00,3428.6
2025-07-06,18:15,3400.6
2025-07-06,18:30,3334.8
2025-07-06,18:45,3194.8
2025-07-06,19:00,3141.6
2025-07-06,19:15,3019.8
2025-07-06,19:30,2819.6
2025-07-06,19:45,2875.6
2025-07-06,20:00,3259.2
2025-07-06,20:15,3714.2
2025-07-06,20:30,3785.6
2025-07-06,20:45,3841.6
2025-07-06,21:00,3875.2
2025-07-06,21:15,3785.6
2025-07-06,21:30,3752
2025-07-06,21:45,3635.8
2025-07-06,22:00,3508.4
2025-07-06,22:15,3308.2
2025-07-06,22:30,3169.6
2025-07-06,22:45,2990.4
2025-07-06,23:00,2762.2
2025-07-06,23:15,3220
2025-07-06,23:30,3875.2
2025-07-06,23:45,3936.8
2025-07-07,00:00,3990
2025-07-07,00:15,4001.2
2025-07-07,00:30,3949.4
2025-07-07,00:45,3875.2
2025-07-07,01:00,3750.6
2025-07-07,01:15,3654
2025-07-07,01:30,3502.8
2025-07-07,01:45,3326.4
2025-07-07,02:00,3123.4
2025-07-07,02:15,2861.6
2025-07-07,02:30,3462.2
2025-07-07,02:45,3869.6
2025-07-07,03:00,3924.2
2025-07-07,03:15,3955
2025-07-07,03:30,4015.2
2025-07-07,03:45,3957.8
2025-07-07,04:00,3866.8
2025-07-07,04:15,3774.4
2025-07-07,04:30,3621.8
2025-07-07,04:45,3434.2
2025-07-07,05:00,3330.6
2025-07-07,05:15,3115
2025-07-07,05:30,2875.6
2025-07-07,05:45,3437
2025-07-07,06:00,3850
2025-07-07,06:15,3836
2025-07-07,06:30,3890.6
2025-07-07,06:45,3938.2
2025-07-07,07:00,3798.2
2025-07-07,07:15,3705.8
2025-07-07,07:30,3613.4
2025-07-07,07:45,3413.2
2025-07-07,08:00,3227
2025-07-07,08:15,3004.4
2025-07-07,08:30,2717.4
2025-07-07,08:45,2359
2025-07-07,09:00,3067.4
2025-07-07,09:15,3417.4
2025-07-07,09:30,3435.6
2025-07-07,09:45,3488.8
2025-07-07,10:00,3407.6
2025-07-07,10:15,3330.6
2025-07-07,10:30,3220
2025-07-07,10:45,3124.8
2025-07-07,11:00,2910.6
2025-07-07,11:15,2732.8
2025-07-07,11:30,2417.8
2025-07-07,11:45,2685.2
2025-07-07,12:00,2424.8
2025-07-07,12:15,3007.2
2025-07-07,12:30,3008.6
2025-07-07,12:45,3053.4
2025-07-07,13:00,3060.4
2025-07-07,13:15,3336.2
2025-07-07,13:30,3263.4
2025-07-07,13:45,3449.6
2025-07-07,14:00,3493
2025-07-07,14:15,3390.8
2025-07-07,14:30,3291.4
2025-07-07,14:45,3105.2
2025-07-07,15:00,2896.6
2025-07-07,15:15,2717.4
2025-07-07,15:30,3470.6
2025-07-07,15:45,3841.6
2025-07-07,16:00,3896.2
2025-07-07,16:15,3970.4
2025-07-07,16:30,3988.6
2025-07-07,16:45,3743.6
2025-07-07,17:00,3782.8
2025-07-07,17:15,3595.2
2025-07-07,17:30,3392.2
2025-07-07,17:45,3239.6
2025-07-07,18:00,3095.4
2025-07-07,18:15,2954
2025-07-07,18:30,2699.2
2025-07-07,18:45,3514
2025-07-07,19:00,3822
2025-07-07,19:15,3910.2
2025-07-07,19:30,3992.8
2025-07-07,19:45,3988.6
2025-07-07,20:00,3938.2
2025-07-07,20:15,3792.6
2025-07-07,20:30,3696
2025-07-07,20:45,3550.4
2025-07-07,21:00,3403.4
2025-07-07,21:15,3232.6
2025-07-07,21:30,3060.4
2025-07-07,21:45,2905
2025-07-07,22:00,3627.4
2025-07-07,22:15,3830.4
2025-07-07,22:30,3906
2025-07-07,22:45,3955
2025-07-07,23:00,3974.6
2025-07-07,23:15,3887.8
2025-07-07,23:30,3865.4
2025-07-07,23:45,3773
2025-07-08,00:00,3883.6
2025-07-08,00:15,3715.6
2025-07-08,00:30,3540.6
2025-07-08,00:45,3341.8
2025-07-08,01:00,3718.4
2025-07-08,01:15,4205.6
2025-07-08,01:30,4257.4
2025-07-08,01:45,4317.6
2025-07-08,02:00,4326
2025-07-08,02:15,4265.8
2025-07-08,02:30,4181.8
2025-07-08,02:45,4054.4
2025-07-08,03:00,3897.6
2025-07-08,03:15,3747.8
2025-07-08,03:30,3582.6
2025-07-08,03:45,3382.4
2025-07-08,04:00,3224.2
2025-07-08,04:15,3561.6
2025-07-08,04:30,3992.8
2025-07-08,04:45,4034.8
2025-07-08,05:00,4078.2
2025-07-08,05:15,4116
2025-07-08,05:30,3983
2025-07-08,05:45,3887.8
2025-07-08,06:00,3808
2025-07-08,06:15,3620.4
2025-07-08,06:30,3421.6
2025-07-08,06:45,3248
2025-07-08,07:00,3039.4
2025-07-08,07:15,2706.2
2025-07-08,07:30,3388
2025-07-08,07:45,3740.8
2025-07-08,08:00,3988.6
2025-07-08,08:15,3990
2025-07-08,08:30,3943.8
2025-07-08,08:45,3971.8
2025-07-08,09:00,3788.4
2025-07-08,09:15,3621.8
2025-07-08,09:30,3395
2025-07-08,09:45,3306.8
2025-07-08,10:00,3133.2
2025-07-08,10:15,2987.6
2025-07-08,10:30,2601.2
2025-07-08,10:45,2968
2025-07-08,11:00,3302.6
2025-07-08,11:15,3322.2
2025-07-08,11:30,3756.2
2025-07-08,11:45,3861.2
2025-07-08,12:00,3794
2025-07-08,12:15,3166.8
2025-07-08,12:30,3708.6
2025-07-08,12:45,2993.2
2025-07-08,13:00,2923.2
2025-07-08,13:15,2612.4
2025-07-08,13:30,2500.4
2025-07-08,13:45,2632
2025-07-08,14:00,2912
2025-07-08,14:15,3540.6
2025-07-08,14:30,3714.2
2025-07-08,14:45,3241
2025-07-08,15:00,3343.2
2025-07-08,15:15,3540.6
2025-07-08,15:30,3395
2025-07-08,15:45,3516.8
2025-07-08,16:00,3193.4
2025-07-08,16:15,3035.2
2025-07-08,16:30,2952.6
2025-07-08,16:45,2828
2025-07-08,17:00,2532.6
2025-07-08,17:15,3318
2025-07-08,17:30,3687.6
2025-07-08,17:45,3710
2025-07-08,18:00,3819.2
2025-07-08,18:15,3850
2025-07-08,18:30,3837.4
2025-07-08,18:45,3774.4
2025-07-08,19:00,3689
2025-07-08,19:15,3589.6
2025-07-08,19:30,3437
2025-07-08,19:45,3262
2025-07-08,20:00,2934.4
2025-07-08,20:15,2867.2
2025-07-08,20:30,3404.8
2025-07-08,20:45,3781.4
2025-07-08,21:00,3838.8
2025-07-08,21:15,3889.2
2025-07-08,21:30,3857
2025-07-08,21:45,3792.6
2025-07-08,22:00,3679.2
2025-07-08,22:15,3570
2025-07-08,22:30,3421.6
2025-07-08,22:45,3245.2
2025-07-08,23:00,3092.6
2025-07-08,23:15,2905
2025-07-08,23:30,2877
2025-07-08,23:45,3542
2025-07-09,00:00,3924.2
2025-07-09,00:15,4153.8
2025-07-09,00:30,4190.2
2025-07-09,00:45,4158
2025-07-09,01:00,4078.2
2025-07-09,01:15,3983
2025-07-09,01:30,3875.2
2025-07-09,01:45,3708.6
2025-07-09,02:00,3539.2
2025-07-09,02:15,3362.8
2025-07-09,02:30,3207.4
2025-07-09,02:45,3395
2025-07-09,03:00,3956.4
2025-07-09,03:15,4086.6
2025-07-09,03:30,4141.2
2025-07-09,03:45,4177.6
2025-07-09,04:00,4135.6
2025-07-09,04:15,4058.6
2025-07-09,04:30,3936.8
2025-07-09,04:45,3861.2
2025-07-09,05:00,3747.8
2025-07-09,05:15,3568.6
2025-07-09,05:30,3357.2
2025-07-09,05:45,3155.6
2025-07-09,06:00,3543.4
2025-07-09,06:15,3980.2
2025-07-09,06:30,4062.8
2025-07-09,06:45,4153.8
2025-07-09,07:00,4211.2
2025-07-09,07:15,4116
2025-07-09,07:30,3964.8
2025-07-09,07:45,3854.2
2025-07-09,08:00,3521
2025-07-09,08:15,3308.2
2025-07-09,08:30,3096.8
2025-07-09,08:45,2972.2
2025-07-09,09:00,2758
2025-07-09,09:15,3259.2
2025-07-09,09:30,3238.2
2025-07-09,09:45,3721.2
2025-07-09,10:00,3626
2025-07-09,10:15,3655.4
2025-07-09,10:30,3707.2
2025-07-09,10:45,3126.2
2025-07-09,11:00,2979.2
2025-07-09,11:15,3297
2025-07-09,11:30,3211.6
2025-07-09,11:45,2958.2
2025-07-09,12:00,2843.4
2025-07-09,12:15,2522.8
2025-07-09,12:30,2772
2025-07-09,12:45,3171
2025-07-09,13:00,3802.4
2025-07-09,13:15,3798.2
2025-07-09,13:30,3326.4
2025-07-09,13:45,3274.6
2025-07-09,14:00,3267.6
2025-07-09,14:15,3208.8
2025-07-09,14:30,3143
2025-07-09,14:45,2952.6
2025-07-09,15:00,2889.6
2025-07-09,15:15,2717.4
2025-07-09,15:30,2552.2
2025-07-09,15:45,3189.2
2025-07-09,16:00,3634.4
2025-07-09,16:15,3942.4
2025-07-09,16:30,3843
2025-07-09,16:45,3841.6
2025-07-09,17:00,3689
2025-07-09,17:15,3680.6
2025-07-09,17:30,3578.4
2025-07-09,17:45,3497.2
2025-07-09,18:00,3295.6
2025-07-09,18:15,3189.2
2025-07-09,18:30,3019.8
2025-07-09,18:45,2779
2025-07-09,19:00,3500
2025-07-09,19:15,3886.4
2025-07-09,19:30,3997
2025-07-09,19:45,4026.4
2025-07-09,20:00,3995.6
2025-07-09,20:15,3900.4
2025-07-09,20:30,3837.4
2025-07-09,20:45,3722.6
2025-07-09,21:00,3603.6
2025-07-09,21:15,3430
2025-07-09,21:30,3319.4
2025-07-09,21:45,3143
2025-07-09,22:00,2847.6
2025-07-09,22:15,3554.6
2025-07-09,22:30,3962
2025-07-09,22:45,3981.6
2025-07-09,23:00,4078.2
2025-07-09,23:15,4025
2025-07-09,23:30,3956.4
2025-07-09,23:45,3866.8
2025-07-10,00:00,4111.8
2025-07-10,00:15,3920
2025-07-10,00:30,3752
2025-07-10,00:45,3575.6
2025-07-10,01:00,3406.2
2025-07-10,01:15,3276
2025-07-10,01:30,3848.6
2025-07-10,01:45,4242
2025-07-10,02:00,4296.6
2025-07-10,02:15,4328.8
2025-07-10,02:30,4312
2025-07-10,02:45,4258.8
2025-07-10,03:00,4172
2025-07-10,03:15,4067
2025-07-10,03:30,3850
2025-07-10,03:45,3743.6
2025-07-10,04:00,3577
2025-07-10,04:15,3409
2025-07-10,04:30,3259.2
2025-07-10,04:45,4044.6
2025-07-10,05:00,4270
2025-07-10,05:15,4309.2
2025-07-10,05:30,4351.2
2025-07-10,05:45,4302.2
2025-07-10,06:00,4211.2
2025-07-10,06:15,4114.6
2025-07-10,06:30,3950.8
2025-07-10,06:45,3782.8
2025-07-10,07:00,3616.2
2025-07-10,07:15,3459.4
2025-07-10,07:30,3256.4
2025-07-10,07:45,3403.4
2025-07-10,08:00,3939.6
2025-07-10,08:15,3932.6
2025-07-10,08:30,4088
2025-07-10,08:45,3689
2025-07-10,09:00,3675
2025-07-10,09:15,3957.8
2025-07-10,09:30,3508.4
2025-07-10,09:45,3463.6
2025-07-10,10:00,2895.2
2025-07-10,10:15,2966.6
2025-07-10,10:30,2479.4
2025-07-10,10:45,2555
2025-07-10,11:00,2483.6
2025-07-10,11:15,3320.8
2025-07-10,11:30,3137.4
2025-07-10,11:45,3068.8
2025-07-10,12:00,3663.8
2025-07-10,12:15,3621.8
2025-07-10,12:30,3438.4
2025-07-10,12:45,2849
2025-07-10,13:00,2681
2025-07-10,13:15,2468.2
2025-07-10,13:30,2546.6
2025-07-10,13:45,2255.4
2025-07-10,14:00,2230.2
2025-07-10,14:15,3021.2
2025-07-10,14:30,3340.4
2025-07-10,14:45,3360
2025-07-10,15:00,3914.4
2025-07-10,15:15,3843
2025-07-10,15:30,3509.8
2025-07-10,15:45,3512.6
2025-07-10,16:00,3642.8
2025-07-10,16:15,3571.4
2025-07-10,16:30,3278.8
2025-07-10,16:45,3269
2025-07-10,17:00,3115
2025-07-10,17:15,2739.8
2025-07-10,17:30,3360
2025-07-10,17:45,3887.8
2025-07-10,18:00,3908.8
2025-07-10,18:15,3969
2025-07-10,18:30,4065.6
2025-07-10,18:45,4044.6
2025-07-10,19:00,3955
2025-07-10,19:15,3883.6
2025-07-10,19:30,3767.4
2025-07-10,19:45,3586.8
2025-07-10,20:00,3396.4
2025-07-10,20:15,3190.6
2025-07-10,20:30,2913.4
2025-07-10,20:45,3584
2025-07-10,21:00,3978.8
2025-07-10,21:15,4009.6
2025-07-10,21:30,4092.2
2025-07-10,21:45,4064.2
2025-07-10,22:00,4005.4
2025-07-10,22:15,3942.4
2025-07-10,22:30,3836
2025-07-10,22:45,3701.6
2025-07-10,23:00,3556
2025-07-10,23:15,3364.2
2025-07-10,23:30,3215.8
2025-07-10,23:45,2780.4
2025-07-11,00:00,3523.8
2025-07-11,00:15,3964.8
2025-07-11,00:30,3974.6
2025-07-11,00:45,4034.8
2025-07-11,01:00,4036.2
2025-07-11,01:15,3970.4
2025-07-11,01:30,3897.6
2025-07-11,01:45,3771.6
2025-07-11,02:00,3634.4
2025-07-11,02:15,3466.4
2025-07-11,02:30,3323.6
2025-07-11,02:45,3162.6
2025-07-11,03:00,2914.8
2025-07-11,03:15,3500
2025-07-11,03:30,3929.8
2025-07-11,03:45,3963.4
2025-07-11,04:00,4011
2025-07-11,04:15,4013.8
2025-07-11,04:30,3938.2
2025-07-11,04:45,3865.4
2025-07-11,05:00,3760.4
2025-07-11,05:15,3295.6
2025-07-11,05:30,3187.8
2025-07-11,05:45,3224.2
2025-07-11,06:00,3017
2025-07-11,06:15,2760.8
2025-07-11,06:30,3431.4
2025-07-11,06:45,3816.4
2025-07-11,07:00,3892
2025-07-11,07:15,3938.2
2025-07-11,07:30,3925.6
2025-07-11,07:45,3844.4
2025-07-11,08:00,3806.6
2025-07-11,08:15,3652.6
2025-07-11,08:30,3388
2025-07-11,08:45,3162.6
2025-07-11,09:00,2984.8
2025-07-11,09:15,2501.8
2025-07-11,09:30,2200.8
2025-07-11,09:45,2997.4
2025-07-11,10:00,3215.8
2025-07-11,10:15,3621.8
2025-07-11,10:30,3453.8
2025-07-11,10:45,3323.6
2025-07-11,11:00,3612
2025-07-11,11:15,3206
2025-07-11,11:30,2956.8
2025-07-11,11:45,2773.4
2025-07-11,12:00,2865.8
2025-07-11,12:15,2363.2
2025-07-11,12:30,2835
2025-07-11,12:45,2034.2
2025-07-11,13:00,3123.4
2025-07-11,13:15,3106.6
2025-07-11,13:30,3228.4
2025-07-11,13:45,3658.2
2025-07-11,14:00,3228.4
2025-07-11,14:15,3616.2
2025-07-11,14:30,3162.6
2025-07-11,14:45,2997.4
2025-07-11,15:00,3371.2
2025-07-11,15:15,3318
2025-07-11,15:30,2702
2025-07-11,15:45,2706.2
2025-07-11,16:00,2674
2025-07-11,16:15,3150
2025-07-11,16:30,3508.4
2025-07-11,16:45,3458
2025-07-11,17:00,3766
2025-07-11,17:15,3630.2
2025-07-11,17:30,3473.4
2025-07-11,17:45,3402
2025-07-11,18:00,3259.2
2025-07-11,18:15,3147.2
2025-07-11,18:30,3012.8
2025-07-11,18:45,2842
2025-07-11,19:00,2763.6
2025-07-11,19:15,3032.4
2025-07-11,19:30,3610.6
2025-07-11,19:45,3704.4
2025-07-11,20:00,3773
2025-07-11,20:15,3941
2025-07-11,20:30,3899
2025-07-11,20:45,3812.2
2025-07-11,21:00,3739.4
2025-07-11,21:15,3586.8
2025-07-11,21:30,3456.6
2025-07-11,21:45,3271.8
2025-07-11,22:00,3074.4
2025-07-11,22:15,2846.2
2025-07-11,22:30,3424.4
2025-07-11,22:45,3850
2025-07-11,23:00,3868.2
2025-07-11,23:15,3924.2
2025-07-11,23:30,3953.6
2025-07-11,23:45,3893.4
2025-07-12,00:00,3822
2025-07-12,00:15,4190.2
2025-07-12,00:30,3998.4
2025-07-12,00:45,3782.8
2025-07-12,01:00,3668
2025-07-12,01:15,3484.6
2025-07-12,01:30,3284.4
2025-07-12,01:45,3743.6
2025-07-12,02:00,4235
2025-07-12,02:15,4257.4
2025-07-12,02:30,4265.8
2025-07-12,02:45,4296.6
2025-07-12,03:00,4233.6
2025-07-12,03:15,4165
2025-07-12,03:30,4062.8
2025-07-12,03:45,3903.2
2025-07-12,04:00,3742.2
2025-07-12,04:15,3588.2
2025-07-12,04:30,3413.2
2025-07-12,04:45,3172.4
2025-07-12,05:00,3767.4
2025-07-12,05:15,4222.4
2025-07-12,05:30,4229.4
2025-07-12,05:45,4298
2025-07-12,06:00,4268.6
2025-07-12,06:15,4149.6
2025-07-12,06:30,4106.2
2025-07-12,06:45,3976
2025-07-12,07:00,3794
2025-07-12,07:15,3582.6
2025-07-12,07:30,3563
2025-07-12,07:45,3428.6
2025-07-12,08:00,2968
2025-07-12,08:15,2825.2
2025-07-12,08:30,3325
2025-07-12,08:45,3207.4
2025-07-12,09:00,3099.6
2025-07-12,09:15,3403.4
2025-07-12,09:30,3402
2025-07-12,09:45,3306.8
2025-07-12,10:00,3204.6
2025-07-12,10:15,2520
2025-07-12,10:30,2468.2
2025-07-12,10:45,2678.2
2025-07-12,11:00,2514.4
2025-07-12,11:15,2251.2
2025-07-12,11:30,2556.4
2025-07-12,11:45,2871.4
2025-07-12,12:00,2984.8
2025-07-12,12:15,3582.6
2025-07-12,12:30,3617.6
2025-07-12,12:45,3019.8
2025-07-12,13:00,2940
2025-07-12,13:15,2783.2
2025-07-12,13:30,2688
2025-07-12,13:45,2664.2
2025-07-12,14:00,2784.6
2025-07-12,14:15,2270.8
2025-07-12,14:30,1815.8
2025-07-12,14:45,3193.4
2025-07-12,15:00,3364.2
2025-07-12,15:15,3473.4
2025-07-12,15:30,3248
2025-07-12,15:45,3235.4
2025-07-12,16:00,3271.8
2025-07-12,16:15,3171
2025-07-12,16:30,3308.2
2025-07-12,16:45,2864.4
2025-07-12,17:00,2877
2025-07-12,17:15,2686.6
2025-07-12,17:30,2578.8
2025-07-12,17:45,2303
2025-07-12,18:00,3095.4
2025-07-12,18:15,3494.4
2025-07-12,18:30,3532.2
2025-07-12,18:45,3603.6
2025-07-12,19:00,3565.8
2025-07-12,19:15,3532.2
2025-07-12,19:30,3446.8
2025-07-12,19:45,3400.6
2025-07-12,20:00,3273.2
2025-07-12,20:15,3110.8
2025-07-12,20:30,2954
2025-07-12,20:45,2793
2025-07-12,21:00,2583
2025-07-12,21:15,3365.6
2025-07-12,21:30,3658.2
2025-07-12,21:45,3705.8
2025-07-12,22:00,3717
2025-07-12,22:15,3689
2025-07-12,22:30,3644.2
2025-07-12,22:45,3551.8
2025-07-12,23:00,3409
2025-07-12,23:15,3276
2025-07-12,23:30,3092.6
2025-07-12,23:45,2938.6
2025-07-13,00:00,2732.8
2025-07-13,00:15,2731.4
2025-07-13,00:30,3409
2025-07-13,00:45,3593.8
2025-07-13,01:00,3654
2025-07-13,01:15,3708.6
2025-07-13,01:30,3663.8
2025-07-13,01:45,3574.2
2025-07-13,02:00,3460.8
2025-07-13,02:15,3316.6
2025-07-13,02:30,3187.8
2025-07-13,02:45,2916.2
2025-07-13,03:00,2735.6
2025-07-13,03:15,2527
2025-07-13,03:30,2949.8
2025-07-13,03:45,3553.2
2025-07-13,04:00,3550.4
2025-07-13,04:15,3592.4
2025-07-13,04:30,3635.8
2025-07-13,04:45,3560.2
2025-07-13,05:00,3535
2025-07-13,05:15,3449.6
2025-07-13,05:30,3281.6
2025-07-13,05:45,3115
2025-07-13,06:00,2930.2
2025-07-13,06:15,2716
2025-07-13,06:30,2493.4
2025-07-13,06:45,2972.2
2025-07-13,07:00,3369.8
2025-07-13,07:15,3421.6
2025-07-13,07:30,3432.8
2025-07-13,07:45,3444
2025-07-13,08:00,3544.8
2025-07-13,08:15,3388
2025-07-13,08:30,3262
2025-07-13,08:45,3353
2025-07-13,09:00,3194.8
2025-07-13,09:15,3003
2025-07-13,09:30,2774.8
2025-07-13,09:45,2556.4
2025-07-13,10:00,2997.4
2025-07-13,10:15,3402
2025-07-13,10:30,3452.4
2025-07-13,10:45,3472
2025-07-13,11:00,3367
2025-07-13,11:15,3229.8
2025-07-13,11:30,3155.6
2025-07-13,11:45,3438.4
2025-07-13,12:00,2872.8
2025-07-13,12:15,2766.4
2025-07-13,12:30,2598.4
2025-07-13,12:45,2549.4
2025-07-13,13:00,2290.4
2025-07-13,13:15,2860.2
2025-07-13,13:30,3487.4
2025-07-13,13:45,3326.4
2025-07-13,14:00,3446.8
2025-07-13,14:15,3361.4
2025-07-13,14:30,3469.2
2025-07-13,14:45,3267.6
2025-07-13,15:00,3227
2025-07-13,15:15,3115
2025-07-13,15:30,2916.2
2025-07-13,15:45,2791.6
2025-07-13,16:00,2835
2025-07-13,16:15,2580.2
2025-07-13,16:30,3266.2
2025-07-13,16:45,3612
2025-07-13,17:00,3680.6
2025-07-13,17:15,3647
2025-07-13,17:30,3627.4
2025-07-13,17:45,3602.2
2025-07-13,18:00,3560.2
2025-07-13,18:15,3477.6
2025-07-13,18:30,3379.6
2025-07-13,18:45,3239.6
2025-07-13,19:00,3088.4
2025-07-13,19:15,2951.2
2025-07-13,19:30,2679.6
2025-07-13,19:45,3467.8
2025-07-13,20:00,3820.6
2025-07-13,20:15,3815
2025-07-13,20:30,3848.6
2025-07-13,20:45,3833.2
2025-07-13,21:00,3780
2025-07-13,21:15,3701.6
2025-07-13,21:30,3593.8
2025-07-13,21:45,3442.6
2025-07-13,22:00,3250.8
2025-07-13,22:15,3068.8
2025-07-13,22:30,2910.6
2025-07-13,22:45,2870
2025-07-13,23:00,3565.8
2025-07-13,23:15,3724
2025-07-13,23:30,3801
2025-07-13,23:45,3840.2
2025-07-14,00:00,3781.4
2025-07-14,00:15,3732.4
2025-07-14,00:30,3626
2025-07-14,00:45,3522.4
2025-07-14,01:00,3371.2
2025-07-14,01:15,3215.8
2025-07-14,01:30,3045
2025-07-14,01:45,2836.4
2025-07-14,02:00,3060.4
2025-07-14,02:15,3362.8
2025-07-14,02:30,3481.8
2025-07-14,02:45,3532.2
2025-07-14,03:00,3589.6
2025-07-14,03:15,3536.4
2025-07-14,03:30,3446.8
2025-07-14,03:45,3340.4
2025-07-14,04:00,3203.2
2025-07-14,04:15,3056.2
2025-07-14,04:30,3129
2025-07-14,04:45,3028.2
2025-07-14,05:00,2840.6
2025-07-14,05:15,2980.6
2025-07-14,05:30,3638.6
2025-07-14,05:45,3623.2
2025-07-14,06:00,3662.4
2025-07-14,06:15,3739.4
2025-07-14,06:30,3656.8
2025-07-14,06:45,3563
2025-07-14,07:00,3427.2
2025-07-14,07:15,3357.2
2025-07-14,07:30,3178
2025-07-14,07:45,3171
2025-07-14,08:00,2895.2
2025-07-14,08:15,2622.2
2025-07-14,08:30,3200.4
2025-07-14,08:45,3491.6
2025-07-14,09:00,3522.4
2025-07-14,09:15,3382.4
2025-07-14,09:30,3418.8
2025-07-14,09:45,3301.2
2025-07-14,10:00,3164
2025-07-14,10:15,3131.8
2025-07-14,10:30,2947
2025-07-14,10:45,2788.8
2025-07-14,11:00,2423.4
2025-07-14,11:15,2356.2
2025-07-14,11:30,2188.2
2025-07-14,11:45,3018.4
2025-07-14,12:00,2997.4
2025-07-14,12:15,3437
2025-07-14,12:30,3519.6
2025-07-14,12:45,3458
2025-07-14,13:00,3364.2
2025-07-14,13:15,3084.2
2025-07-14,13:30,2914.8
2025-07-14,13:45,2783.2
2025-07-14,14:00,2888.2
2025-07-14,14:15,2613.8
2025-07-14,14:30,2251.2
2025-07-14,14:45,2081.8
2025-07-14,15:00,2766.4
2025-07-14,15:15,3186.4
2025-07-14,15:30,3439.8
2025-07-14,15:45,3329.2
2025-07-14,16:00,3333.4
2025-07-14,16:15,3362.8
2025-07-14,16:30,3084.2
2025-07-14,16:45,3334.8
2025-07-14,17:00,3148.6
2025-07-14,17:15,3035.2
2025-07-14,17:30,2975
2025-07-14,17:45,2805.6
2025-07-14,18:00,2629.2
2025-07-14,18:15,3176.6
2025-07-14,18:30,3652.6
2025-07-14,18:45,3701.6
2025-07-14,19:00,3774.4
2025-07-14,19:15,3810.8
2025-07-14,19:30,3789.8
2025-07-14,19:45,3689
2025-07-14,20:00,3546.2
2025-07-14,20:15,3407.6
2025-07-14,20:30,3211.6
2025-07-14,20:45,2821
2025-07-14,21:00,2644.6
2025-07-14,21:15,2609.6
2025-07-14,21:30,3327.8
2025-07-14,21:45,3701.6
2025-07-14,22:00,3747.8
2025-07-14,22:15,3822
2025-07-14,22:30,3794
2025-07-14,22:45,3718.4
2025-07-14,23:00,3641.4
2025-07-14,23:15,3497.2
2025-07-14,23:30,3348.8
2025-07-14,23:45,3232.6
2025-07-15,00:00,3039.4
2025-07-15,00:15,2853.2
2025-07-15,00:30,2660
2025-07-15,00:45,3409
2025-07-15,01:00,3687.6
2025-07-15,01:15,3724
2025-07-15,01:30,3771.6
2025-07-15,01:45,3729.6
2025-07-15,02:00,3700.2
2025-07-15,02:15,3585.4
2025-07-15,02:30,3456.6
2025-07-15,02:45,3299.8
2025-07-15,03:00,3138.8
2025-07-15,03:15,2969.4
2025-07-15,03:30,2758
2025-07-15,03:45,3127.6
2025-07-15,04:00,3626
2025-07-15,04:15,3442.6
2025-07-15,04:30,3509.8
2025-07-15,04:45,3705.8
2025-07-15,05:00,3715.6
2025-07-15,05:15,3645.6
2025-07-15,05:30,3564.4
2025-07-15,05:45,3432.8
2025-07-15,06:00,3274.6
2025-07-15,06:15,3092.6
2025-07-15,06:30,2886.8
2025-07-15,06:45,2697.8
2025-07-15,07:00,3063.2
2025-07-15,07:15,3511.2
2025-07-15,07:30,3554.6
2025-07-15,07:45,3565.8
2025-07-15,08:00,3533.6
2025-07-15,08:15,3406.2
2025-07-15,08:30,3292.8
2025-07-15,08:45,3242.4
2025-07-15,09:00,2961
2025-07-15,09:15,2791.6
2025-07-15,09:30,2597
2025-07-15,09:45,2487.8
2025-07-15,10:00,2133.6
2025-07-15,10:15,2900.8
2025-07-15,10:30,3075.8
2025-07-15,10:45,3077.2
2025-07-15,11:00,3150
2025-07-15,11:15,3122
2025-07-15,11:30,3120.6
2025-07-15,11:45,2961
2025-07-15,12:00,2821
2025-07-15,12:15,2689.4
2025-07-15,12:30,2518.6
2025-07-15,12:45,2861.6
2025-07-15,13:00,2280.6
2025-07-15,13:15,2241.4
2025-07-15,13:30,2902.2
2025-07-15,13:45,3266.2
2025-07-15,14:00,3313.8
2025-07-15,14:15,3176.6
2025-07-15,14:30,3344.6
2025-07-15,14:45,3154.2
2025-07-15,15:00,3308.2
2025-07-15,15:15,3333.4
2025-07-15,15:30,3182.2
2025-07-15,15:45,2986.2
2025-07-15,16:00,2822.4
2025-07-15,16:15,2748.2
2025-07-15,16:30,2469.6
2025-07-15,16:45,3193.4
2025-07-15,17:00,3584
2025-07-15,17:15,3595.2
2025-07-15,17:30,3729.6
2025-07-15,17:45,3607.8
2025-07-15,18:00,3634.4
2025-07-15,18:15,3614.8
2025-07-15,18:30,3486
2025-07-15,18:45,3390.8
2025-07-15,19:00,3259.2
2025-07-15,19:15,3085.6
2025-07-15,19:30,2983.4
2025-07-15,19:45,2836.4
2025-07-15,20:00,3523.8
2025-07-15,20:15,3785.6
2025-07-15,20:30,3859.8
2025-07-15,20:45,3925.6
2025-07-15,21:00,3840.2
2025-07-15,21:15,3782.8
2025-07-15,21:30,3670.8
2025-07-15,21:45,3532.2
2025-07-15,22:00,3383.8
2025-07-15,22:15,3269
2025-07-15,22:30,3084.2
2025-07-15,22:45,2912
2025-07-15,23:00,2923.2
2025-07-15,23:15,3585.4
2025-07-15,23:30,3777.2
2025-07-15,23:45,3795.4
2025-07-16,00:00,3852.8
2025-07-16,00:15,3784.2
2025-07-16,00:30,3739.4
2025-07-16,00:45,3614.8
2025-07-16,01:00,3481.8
2025-07-16,01:15,3306.8
2025-07-16,01:30,3164
2025-07-16,01:45,2997.4
2025-07-16,02:00,2793
2025-07-16,02:15,3221.4
2025-07-16,02:30,3704.4
2025-07-16,02:45,3749.2
2025-07-16,03:00,3794
2025-07-16,03:15,3823.4
2025-07-16,03:30,3773
2025-07-16,03:45,3687.6
2025-07-16,04:00,3603.6
2025-07-16,04:15,3470.6
2025-07-16,04:30,3298.4
2025-07-16,04:45,3158.4
2025-07-16,05:00,2948.4
2025-07-16,05:15,2763.6
2025-07-16,05:30,3227
2025-07-16,05:45,3638.6
2025-07-16,06:00,3652.6
2025-07-16,06:15,3700.2
2025-07-16,06:30,3704.4
2025-07-16,06:45,3693.2
2025-07-16,07:00,3581.2
2025-07-16,07:15,3484.6
2025-07-16,07:30,3336.2
2025-07-16,07:45,3353
2025-07-16,08:00,3231.2
2025-07-16,08:15,3035.2
2025-07-16,08:30,2816.8
2025-07-16,08:45,3200.4
2025-07-16,09:00,3462.2
2025-07-16,09:15,3567.2
2025-07-16,09:30,3631.6
2025-07-16,09:45,3470.6
2025-07-16,10:00,3477.6
2025-07-16,10:15,3467.8
2025-07-16,10:30,3242.4
2025-07-16,10:45,3253.6
2025-07-16,11:00,2973.6
2025-07-16,11:15,2949.8
2025-07-16,11:30,2424.8
2025-07-16,11:45,2213.4
2025-07-16,12:00,2604
2025-07-16,12:15,2984.8
2025-07-16,12:30,3052
2025-07-16,12:45,3063.2
2025-07-16,13:00,3091.2
2025-07-16,13:15,3140.2
2025-07-16,13:30,2986.2
2025-07-16,13:45,2968
2025-07-16,14:00,3091.2
2025-07-16,14:15,2619.4
2025-07-16,14:30,2592.8
2025-07-16,14:45,2563.4
2025-07-16,15:00,2146.2
2025-07-16,15:15,2860.2
2025-07-16,15:30,3397.8
2025-07-16,15:45,3306.8
2025-07-16,16:00,3742.2
2025-07-16,16:15,3648.4
2025-07-16,16:30,3715.6
2025-07-16,16:45,3397.8
2025-07-16,17:00,3505.6
2025-07-16,17:15,3673.6
2025-07-16,17:30,3480.4
2025-07-16,17:45,3308.2
2025-07-16,18:00,3178
2025-07-16,18:15,3070.2
2025-07-16,18:30,3747.8
2025-07-16,18:45,4071.2
2025-07-16,19:00,4074
2025-07-16,19:15,4148.2
2025-07-16,19:30,3831.8
2025-07-16,19:45,3763.2
2025-07-16,20:00,3642.8
2025-07-16,20:15,3516.8
2025-07-16,20:30,3378.2
2025-07-16,20:45,3235.4
2025-07-16,21:00,3017
2025-07-16,21:15,2881.2
2025-07-16,21:30,2879.8
2025-07-16,21:45,3586.8
2025-07-16,22:00,3785.6
2025-07-16,22:15,3813.6
2025-07-16,22:30,3844.4
2025-07-16,22:45,3789.8
2025-07-16,23:00,3738
2025-07-16,23:15,3647
2025-07-16,23:30,3519.6
2025-07-16,23:45,3743.6
2025-07-17,00:00,3557.4
2025-07-17,00:15,3389.4
2025-07-17,00:30,3179.4
2025-07-17,00:45,3306.8
2025-07-17,01:00,3869.6
2025-07-17,01:15,4064.2
2025-07-17,01:30,4124.4
2025-07-17,01:45,4158
2025-07-17,02:00,4120.2
2025-07-17,02:15,4037.6
2025-07-17,02:30,3945.2
2025-07-17,02:45,3794
2025-07-17,03:00,3652.6
2025-07-17,03:15,3530.8
2025-07-17,03:30,3341.8
2025-07-17,03:45,3178
2025-07-17,04:00,2997.4
2025-07-17,04:15,3747.8
2025-07-17,04:30,4036.2
2025-07-17,04:45,4104.8
2025-07-17,05:00,4162.2
2025-07-17,05:15,4013.8
2025-07-17,05:30,3952.2
2025-07-17,05:45,3620.4
2025-07-17,06:00,3479
2025-07-17,06:15,3318
2025-07-17,06:30,3123.4
2025-07-17,06:45,2882.6
2025-07-17,07:00,2731.4
2025-07-17,07:15,3036.6
2025-07-17,07:30,3796.8
2025-07-17,07:45,4020.8
2025-07-17,08:00,4054.4
2025-07-17,08:15,3644.2
2025-07-17,08:30,3624.6
2025-07-17,08:45,3777.2
2025-07-17,09:00,3668
2025-07-17,09:15,3145.8
2025-07-17,09:30,3388
2025-07-17,09:45,3137.4
2025-07-17,10:00,2752.4
2025-07-17,10:15,2860.2
2025-07-17,10:30,3382.4
2025-07-17,10:45,3948
2025-07-17,11:00,3896.2
2025-07-17,11:15,3907.4
2025-07-17,11:30,3627.4
2025-07-17,11:45,3974.6
2025-07-17,12:00,3655.4
2025-07-17,12:15,3439.8
2025-07-17,12:30,3171
2025-07-17,12:45,3028.2
2025-07-17,13:00,3263.4
2025-07-17,13:15,2696.4
2025-07-17,13:30,2444.4
2025-07-17,13:45,3060.4
2025-07-17,14:00,3434.2
2025-07-17,14:15,3550.4
2025-07-17,14:30,3570
2025-07-17,14:45,3642.8
2025-07-17,15:00,3642.8
2025-07-17,15:15,3651.2
2025-07-17,15:30,3553.2
2025-07-17,15:45,3466.4
2025-07-17,16:00,3347.4
2025-07-17,16:15,3203.2
2025-07-17,16:30,2713.2
2025-07-17,16:45,2527
2025-07-17,17:00,3270.4
2025-07-17,17:15,3791.2
2025-07-17,17:30,3845.8
2025-07-17,17:45,3949.4
2025-07-17,18:00,3977.4
2025-07-17,18:15,3925.6
2025-07-17,18:30,3886.4
2025-07-17,18:45,3809.4
2025-07-17,19:00,3710
2025-07-17,19:15,3495.8
2025-07-17,19:30,3358.6
2025-07-17,19:45,3232.6
2025-07-17,20:00,2951.2
2025-07-17,20:15,3600.8
2025-07-17,20:30,3999.8
2025-07-17,20:45,4061.4
2025-07-17,21:00,4082.4
2025-07-17,21:15,4100.6
2025-07-17,21:30,4026.4
2025-07-17,21:45,3890.6
2025-07-17,22:00,3441.2
2025-07-17,22:15,3292.8
2025-07-17,22:30,3141.6
2025-07-17,22:45,2955.4
2025-07-17,23:00,2777.6
2025-07-17,23:15,2619.4
2025-07-17,23:30,3379.6
2025-07-17,23:45,3718.4
2025-07-18,00:00,4068.4
2025-07-18,00:15,4111.8
2025-07-18,00:30,4092.2
2025-07-18,00:45,4001.2
2025-07-18,01:00,3897.6
2025-07-18,01:15,3768.8
2025-07-18,01:30,3623.2
2025-07-18,01:45,3451
2025-07-18,02:00,3271.8
2025-07-18,02:15,3117.8
2025-07-18,02:30,3337.6
2025-07-18,02:45,3917.2
2025-07-18,03:00,4011
2025-07-18,03:15,4060
2025-07-18,03:30,4120.2
2025-07-18,03:45,4041.8
2025-07-18,04:00,3984.4
2025-07-18,04:15,3903.2
2025-07-18,04:30,3528
2025-07-18,04:45,3375.4
2025-07-18,05:00,3126.2
2025-07-18,05:15,3029.6
2025-07-18,05:30,2822.4
2025-07-18,05:45,3221.4
2025-07-18,06:00,3676.4
2025-07-18,06:15,3703
2025-07-18,06:30,3722.6
2025-07-18,06:45,3718.4
2025-07-18,07:00,3638.6
2025-07-18,07:15,3138.8
2025-07-18,07:30,3302.6
2025-07-18,07:45,3101
2025-07-18,08:00,2888.2
2025-07-18,08:15,2875.6
2025-07-18,08:30,2661.4
2025-07-18,08:45,2394
2025-07-18,09:00,2886.8
2025-07-18,09:15,3287.2
2025-07-18,09:30,3267.6
2025-07-18,09:45,3306.8
2025-07-18,10:00,3334.8
2025-07-18,10:15,3197.6
2025-07-18,10:30,3081.4
2025-07-18,10:45,3061.8
2025-07-18,11:00,2802.8
2025-07-18,11:15,2884
2025-07-18,11:30,2507.4
2025-07-18,11:45,2343.6
2025-07-18,12:00,2440.2
2025-07-18,12:15,2608.2
2025-07-18,12:30,3019.8
2025-07-18,12:45,2826.6
2025-07-18,13:00,3105.2
2025-07-18,13:15,3137.4
2025-07-18,13:30,2875.6
2025-07-18,13:45,2874.2
2025-07-18,14:00,3232.6
2025-07-18,14:15,3105.2
2025-07-18,14:30,2935.8
2025-07-18,14:45,2808.4
2025-07-18,15:00,2661.4
2025-07-18,15:15,2458.4
2025-07-18,15:30,3182.2
2025-07-18,15:45,3819.2
2025-07-18,16:00,3796.8
2025-07-18,16:15,4004
2025-07-18,16:30,3962
2025-07-18,16:45,3546.2
2025-07-18,17:00,3439.8
2025-07-18,17:15,3344.6
2025-07-18,17:30,3229.8
2025-07-18,17:45,3145.8
2025-07-18,18:00,3015.6
2025-07-18,18:15,2857.4
2025-07-18,18:30,2595.6
2025-07-18,18:45,3719.8
2025-07-18,19:00,4093.6
2025-07-18,19:15,4156.6
2025-07-18,19:30,4226.6
2025-07-18,19:45,4216.8
2025-07-18,20:00,4128.6
2025-07-18,20:15,4013.8
2025-07-18,20:30,3934
2025-07-18,20:45,3792.6
2025-07-18,21:00,3652.6
2025-07-18,21:15,3439.8
2025-07-18,21:30,3299.8
2025-07-18,21:45,3032.4
2025-07-18,22:00,3817.8
2025-07-18,22:15,4104.8
2025-07-18,22:30,4179
2025-07-18,22:45,4225.2
2025-07-18,23:00,4177.6
2025-07-18,23:15,4102
2025-07-18,23:30,4001.2
2025-07-18,23:45,3903.2
2025-07-19,00:00,3708.6
2025-07-19,00:15,3533.6
2025-07-19,00:30,3367
2025-07-19,00:45,3231.2
2025-07-19,01:00,3253.6
2025-07-19,01:15,3925.6
2025-07-19,01:30,4145.4
2025-07-19,01:45,3757.6
2025-07-19,02:00,3810.8
2025-07-19,02:15,3750.6
2025-07-19,02:30,3662.4
2025-07-19,02:45,3565.8
2025-07-19,03:00,3414.6
2025-07-19,03:15,3270.4
2025-07-19,03:30,3102.4
2025-07-19,03:45,2917.6
2025-07-19,04:00,2678.2
2025-07-19,04:15,3267.6
2025-07-19,04:30,3708.6
2025-07-19,04:45,3698.8
2025-07-19,05:00,3693.2
2025-07-19,05:15,3775.8
2025-07-19,05:30,3738
2025-07-19,05:45,3631.6
2025-07-19,06:00,3544.8
2025-07-19,06:15,3350.2
2025-07-19,06:30,3151.4
2025-07-19,06:45,2973.6
2025-07-19,07:00,2760.8
2025-07-19,07:15,2479.4
2025-07-19,07:30,3194.8
2025-07-19,07:45,3600.8
2025-07-19,08:00,3592.4
2025-07-19,08:15,3628.8
2025-07-19,08:30,3598
2025-07-19,08:45,3462.2
2025-07-19,09:00,3514
2025-07-19,09:15,3333.4
2025-07-19,09:30,3147.2
2025-07-19,09:45,3011.4
2025-07-19,10:00,2762.2
2025-07-19,10:15,2583
2025-07-19,10:30,2328.2
2025-07-19,10:45,2940
2025-07-19,11:00,3313.8
2025-07-19,11:15,3388
2025-07-19,11:30,3494.4
2025-07-19,11:45,3665.2
2025-07-19,12:00,3584
2025-07-19,12:15,3469.2
2025-07-19,12:30,3599.4
2025-07-19,12:45,3224.2
2025-07-19,13:00,3085.6
2025-07-19,13:15,2916.2
2025-07-19,13:30,3035.2
2025-07-19,13:45,3071.6
2025-07-19,14:00,3355.8
2025-07-19,14:15,3976
2025-07-19,14:30,3614.8
2025-07-19,14:45,3722.6
2025-07-19,15:00,3879.4
2025-07-19,15:15,4022.2
2025-07-19,15:30,3805.2
2025-07-19,15:45,3872.4
2025-07-19,16:00,3637.2
2025-07-19,16:15,3385.2
2025-07-19,16:30,3547.6
2025-07-19,16:45,3266.2
2025-07-19,17:00,2923.2
2025-07-19,17:15,3655.4
2025-07-19,17:30,3988.6
2025-07-19,17:45,4034.8
2025-07-19,18:00,4121.6
2025-07-19,18:15,4166.4
2025-07-19,18:30,4120.2
2025-07-19,18:45,4026.4
2025-07-19,19:00,3971.8
2025-07-19,19:15,3861.2
2025-07-19,19:30,3698.8
2025-07-19,19:45,3544.8
2025-07-19,20:00,3346
2025-07-19,20:15,3073
2025-07-19,20:30,3851.4
2025-07-19,20:45,4181.8
2025-07-19,21:00,4258.8
2025-07-19,21:15,4265.8
2025-07-19,21:30,4272.8
2025-07-19,21:45,4193
2025-07-19,22:00,4089.4
2025-07-19,22:15,3985.8
2025-07-19,22:30,3806.6
2025-07-19,22:45,3630.2
2025-07-19,23:00,3488.8
2025-07-19,23:15,3283
2025-07-19,23:30,3224.2
2025-07-19,23:45,3889.2
2025-07-20,00:00,4152.4
2025-07-20,00:15,4141.2
2025-07-20,00:30,4249
2025-07-20,00:45,4188.8
2025-07-20,01:00,3736.6
2025-07-20,01:15,3690.4
2025-07-20,01:30,3621.8
2025-07-20,01:45,3798.2
2025-07-20,02:00,3609.2
2025-07-20,02:15,3459.4
2025-07-20,02:30,3273.2
2025-07-20,02:45,2780.4
2025-07-20,03:00,3469.2
2025-07-20,03:15,3729.6
2025-07-20,03:30,3784.2
2025-07-20,03:45,3848.6
2025-07-20,04:00,3782.8
2025-07-20,04:15,3705.8
2025-07-20,04:30,3600.8
2025-07-20,04:45,3479
2025-07-20,05:00,3252.2
2025-07-20,05:15,3082.8
2025-07-20,05:30,2945.6
2025-07-20,05:45,2692.2
2025-07-20,06:00,3026.8
2025-07-20,06:15,3571.4
2025-07-20,06:30,3599.4
2025-07-20,06:45,3658.2
2025-07-20,07:00,3642.8
2025-07-20,07:15,3574.2
2025-07-20,07:30,3472
2025-07-20,07:45,3439.8
2025-07-20,08:00,3479
2025-07-20,08:15,3238.2
2025-07-20,08:30,3060.4
2025-07-20,08:45,2821
2025-07-20,09:00,2594.2
2025-07-20,09:15,3115
2025-07-20,09:30,3505.6
2025-07-20,09:45,3519.6
2025-07-20,10:00,3922.8
2025-07-20,10:15,3960.6
2025-07-20,10:30,3866.8
2025-07-20,10:45,3760.4
2025-07-20,11:00,3647
2025-07-20,11:15,3505.6
2025-07-20,11:30,3326.4
2025-07-20,11:45,3234
2025-07-20,12:00,2977.8
2025-07-20,12:15,2662.8
2025-07-20,12:30,3285.8
2025-07-20,12:45,4092.2
2025-07-20,13:00,3858.4
2025-07-20,13:15,4089.4
2025-07-20,13:30,4025
2025-07-20,13:45,3887.8
2025-07-20,14:00,3420.2
2025-07-20,14:15,3871
2025-07-20,14:30,3256.4
2025-07-20,14:45,3626
2025-07-20,15:00,3340.4
2025-07-20,15:15,3243.8
2025-07-20,15:30,3124.8
2025-07-20,15:45,3726.8
2025-07-20,16:00,3493
2025-07-20,16:15,3921.4
2025-07-20,16:30,4029.2
2025-07-20,16:45,3607.8
2025-07-20,17:00,3817.8
2025-07-20,17:15,3914.4
2025-07-20,17:30,3764.6
2025-07-20,17:45,3703
2025-07-20,18:00,3626
2025-07-20,18:15,3423
2025-07-20,18:30,3276
2025-07-20,18:45,2958.2
2025-07-20,19:00,3757.6
2025-07-20,19:15,4139.8
2025-07-20,19:30,4197.2
2025-07-20,19:45,4247.6
2025-07-20,20:00,4208.4
2025-07-20,20:15,4160.8
2025-07-20,20:30,4055.8
2025-07-20,20:45,3976
2025-07-20,21:00,3782.8
2025-07-20,21:15,3652.6
2025-07-20,21:30,3458
2025-07-20,21:45,3285.8
2025-07-20,22:00,3400.6
2025-07-20,22:15,3796.8
2025-07-20,22:30,4151
2025-07-20,22:45,4225.2
2025-07-20,23:00,4222.4
2025-07-20,23:15,4225.2
2025-07-20,23:30,4160.8
2025-07-20,23:45,4081
2025-07-21,00:00,
2025-07-21,00:15,
2025-07-21,00:30,
2025-07-21,00:45,
2025-07-21,01:00,
2025-07-21,01:15,
2025-07-21,01:30,
2025-07-21,01:45,
2025-07-21,02:00,
2025-07-21,02:15,
2025-07-21,02:30,
2025-07-21,02:45,
2025-07-21,03:00,
2025-07-21,03:15,
2025-07-21,03:30,
2025-07-21,03:45,
2025-07-21,04:00,
2025-07-21,04:15,
2025-07-21,04:30,
2025-07-21,04:45,
2025-07-21,05:00,
2025-07-21,05:15,
2025-07-21,05:30,
2025-07-21,05:45,
2025-07-21,06:00,
2025-07-21,06:15,
2025-07-21,06:30,
2025-07-21,06:45,
2025-07-21,07:00,
2025-07-21,07:15,
2025-07-21,07:30,
2025-07-21,07:45,
2025-07-21,08:00,
2025-07-21,08:15,
2025-07-21,08:30,
2025-07-21,08:45,
2025-07-21,09:00,
2025-07-21,09:15,
2025-07-21,09:30,
2025-07-21,09:45,
2025-07-21,10:00,
2025-07-21,10:15,
2025-07-21,10:30,
2025-07-21,10:45,
2025-07-21,11:00,
2025-07-21,11:15,
2025-07-21,11:30,
2025-07-21,11:45,
2025-07-21,12:00,
2025-07-21,12:15,
2025-07-21,12:30,
2025-07-21,12:45,
2025-07-21,13:00,
2025-07-21,13:15,
2025-07-21,13:30,
2025-07-21,13:45,
2025-07-21,14:00,
2025-07-21,14:15,
2025-07-21,14:30,
2025-07-21,14:45,
2025-07-21,15:00,
2025-07-21,15:15,
2025-07-21,15:30,
2025-07-21,15:45,
2025-07-21,16:00,
2025-07-21,16:15,
2025-07-21,16:30,
2025-07-21,16:45,
2025-07-21,17:00,
2025-07-21,17:15,
2025-07-21,17:30,
2025-07-21,17:45,
2025-07-21,18:00,
2025-07-21,18:15,
2025-07-21,18:30,
2025-07-21,18:45,
2025-07-21,19:00,
2025-07-21,19:15,
2025-07-21,19:30,
2025-07-21,19:45,
2025-07-21,20:00,
2025-07-21,20:15,
2025-07-21,20:30,
2025-07-21,20:45,
2025-07-21,21:00,
2025-07-21,21:15,
2025-07-21,21:30,
2025-07-21,21:45,
2025-07-21,22:00,
2025-07-21,22:15,
2025-07-21,22:30,
2025-07-21,22:45,
2025-07-21,23:00,
2025-07-21,23:15,
2025-07-21,23:30,
2025-07-21,23:45,
2025-07-22,00:00,3277.4
2025-07-22,00:15,3620.4
2025-07-22,00:30,3687.6
2025-07-22,00:45,3728.2
2025-07-22,01:00,3683.4
2025-07-22,01:15,3606.4
2025-07-22,01:30,3508.4
2025-07-22,01:45,3372.6
2025-07-22,02:00,3232.6
2025-07-22,02:15,3064.6
2025-07-22,02:30,2877
2025-07-22,02:45,2671.2
2025-07-22,03:00,3140.2
2025-07-22,03:15,3442.6
2025-07-22,03:30,3627.4
2025-07-22,03:45,3662.4
2025-07-22,04:00,3719.8
2025-07-22,04:15,3665.2
2025-07-22,04:30,3595.2
2025-07-22,04:45,3495.8
2025-07-22,05:00,3355.8
2025-07-22,05:15,3201.8
2025-07-22,05:30,3032.4
2025-07-22,05:45,2809.8
2025-07-22,06:00,2573.2
2025-07-22,06:15,3098.2
2025-07-22,06:30,3498.6
2025-07-22,06:45,3540.6
2025-07-22,07:00,3535
2025-07-22,07:15,3599.4
2025-07-22,07:30,3193.4
2025-07-22,07:45,3070.2
2025-07-22,08:00,2940
2025-07-22,08:15,2972.2
2025-07-22,08:30,2703.4
2025-07-22,08:45,2861.6
2025-07-22,09:00,2347.8
2025-07-22,09:15,2448.6
2025-07-22,09:30,2926
2025-07-22,09:45,3358.6
2025-07-22,10:00,3444
2025-07-22,10:15,3477.6
2025-07-22,10:30,3565.8
2025-07-22,10:45,3430
2025-07-22,11:00,3096.8
2025-07-22,11:15,3228.4
2025-07-22,11:30,3375.4
2025-07-22,11:45,3080
2025-07-22,12:00,3133.2
2025-07-22,12:15,2900.8
2025-07-22,12:30,2681
2025-07-22,12:45,3192
2025-07-22,13:00,3760.4
2025-07-22,13:15,3477.6
2025-07-22,13:30,3619
2025-07-22,13:45,3581.2
2025-07-22,14:00,3607.8
2025-07-22,14:15,3522.4
2025-07-22,14:30,3439.8
2025-07-22,14:45,3276
2025-07-22,15:00,3192
2025-07-22,15:15,3031
2025-07-22,15:30,2870
2025-07-22,15:45,2646
2025-07-22,16:00,3305.4
2025-07-22,16:15,3788.4
2025-07-22,16:30,3712.8
2025-07-22,16:45,3666.6
2025-07-22,17:00,3725.4
2025-07-22,17:15,3773
2025-07-22,17:30,3670.8
2025-07-22,17:45,3498.6
2025-07-22,18:00,3487.4
2025-07-22,18:15,3358.6
2025-07-22,18:30,3186.4
2025-07-22,18:45,3039.4
2025-07-22,19:00,2721.6
2025-07-22,19:15,3521
2025-07-22,19:30,3922.8
2025-07-22,19:45,3963.4
2025-07-22,20:00,4005.4
2025-07-22,20:15,3994.2
2025-07-22,20:30,4333
2025-07-22,20:45,4229.4
2025-07-22,21:00,4128.6
2025-07-22,21:15,3946.6
2025-07-22,21:30,3794
2025-07-22,21:45,3661
2025-07-22,22:00,3441.2
2025-07-22,22:15,3508.4
2025-07-22,22:30,4134.2
2025-07-22,22:45,4317.6
2025-07-22,23:00,4342.8
2025-07-22,23:15,4412.8
2025-07-22,23:30,4372.2
2025-07-22,23:45,4298
2025-07-23,00:00,4072.6
2025-07-23,00:15,3941
2025-07-23,00:30,3785.6
2025-07-23,00:45,3631.6
2025-07-23,01:00,3452.4
2025-07-23,01:15,3267.6
2025-07-23,01:30,3266.2
2025-07-23,01:45,3957.8
2025-07-23,02:00,4149.6
2025-07-23,02:15,4186
2025-07-23,02:30,4235
2025-07-23,02:45,4151
2025-07-23,03:00,4095
2025-07-23,03:15,3985.8
2025-07-23,03:30,3841.6
2025-07-23,03:45,3693.2
2025-07-23,04:00,3584
2025-07-23,04:15,3409
2025-07-23,04:30,3229.8
2025-07-23,04:45,3502.8
2025-07-23,05:00,3925.6
2025-07-23,05:15,4125.8
2025-07-23,05:30,4135.6
2025-07-23,05:45,4198.6
2025-07-23,06:00,3788.4
2025-07-23,06:15,4057.2
2025-07-23,06:30,3957.8
2025-07-23,06:45,3817.8
2025-07-23,07:00,3637.2
2025-07-23,07:15,3596.6
2025-07-23,07:30,3385.2
2025-07-23,07:45,3164
2025-07-23,08:00,3722.6
2025-07-23,08:15,4037.6
2025-07-23,08:30,4141.2
2025-07-23,08:45,4060
2025-07-23,09:00,4204.2
2025-07-23,09:15,4160.8
2025-07-23,09:30,3987.2
2025-07-23,09:45,3873.8
2025-07-23,10:00,3672.2
2025-07-23,10:15,3558.8
2025-07-23,10:30,3322.2
2025-07-23,10:45,3032.4
2025-07-23,11:00,2849
2025-07-23,11:15,3509.8
2025-07-23,11:30,3612
2025-07-23,11:45,4016.6
2025-07-23,12:00,3577
2025-07-23,12:15,4079.6
2025-07-23,12:30,3834.6
2025-07-23,12:45,3785.6
2025-07-23,13:00,3537.8
2025-07-23,13:15,2959.6
2025-07-23,13:30,3397.8
2025-07-23,13:45,3299.8
2025-07-23,14:00,2870
2025-07-23,14:15,2552.2
2025-07-23,14:30,3530.8
2025-07-23,14:45,3515.4
2025-07-23,15:00,3858.4
2025-07-23,15:15,4300.8
2025-07-23,15:30,4319
2025-07-23,15:45,4034.8
2025-07-23,16:00,4202.8
2025-07-23,16:15,3774.4
2025-07-23,16:30,3759
2025-07-23,16:45,3501.4
2025-07-23,17:00,2865.8
2025-07-23,17:15,2912
2025-07-23,17:30,2426.2
2025-07-23,17:45,3158.4
2025-07-23,18:00,3584
2025-07-23,18:15,3644.2
2025-07-23,18:30,3760.4
2025-07-23,18:45,3844.4
2025-07-23,19:00,3826.2
2025-07-23,19:15,3763.2
2025-07-23,19:30,3654
2025-07-23,19:45,3560.2
2025-07-23,20:00,3357.2
2025-07-23,20:15,3179.4
2025-07-23,20:30,3068.8
2025-07-23,20:45,2787.4
2025-07-23,21:00,3452.4
2025-07-23,21:15,3855.6
2025-07-23,21:30,3921.4
2025-07-23,21:45,3955
2025-07-23,22:00,3941
2025-07-23,22:15,3896.2
2025-07-23,22:30,3829
2025-07-23,22:45,3654
2025-07-23,23:00,3507
2025-07-23,23:15,3329.2
2025-07-23,23:30,3171
2025-07-23,23:45,2951.2
2025-07-24,00:00,
2025-07-24,00:15,
2025-07-24,00:30,
2025-07-24,00:45,
2025-07-24,01:00,
2025-07-24,01:15,
2025-07-24,01:30,
2025-07-24,01:45,
2025-07-24,02:00,
2025-07-24,02:15,
2025-07-24,02:30,
2025-07-24,02:45,
2025-07-24,03:00,
2025-07-24,03:15,
2025-07-24,03:30,
2025-07-24,03:45,
2025-07-24,04:00,
2025-07-24,04:15,
2025-07-24,04:30,
2025-07-24,04:45,
2025-07-24,05:00,
2025-07-24,05:15,
2025-07-24,05:30,
2025-07-24,05:45,
2025-07-24,06:00,
2025-07-24,06:15,
2025-07-24,06:30,
2025-07-24,06:45,
2025-07-24,07:00,
2025-07-24,07:15,
2025-07-24,07:30,
2025-07-24,07:45,
2025-07-24,08:00,
2025-07-24,08:15,
2025-07-24,08:30,
2025-07-24,08:45,
2025-07-24,09:00,
2025-07-24,09:15,
2025-07-24,09:30,
2025-07-24,09:45,
2025-07-24,10:00,
2025-07-24,10:15,
2025-07-24,10:30,
2025-07-24,10:45,
2025-07-24,11:00,
2025-07-24,11:15,
2025-07-24,11:30,
2025-07-24,11:45,
2025-07-24,12:00,
2025-07-24,12:15,
2025-07-24,12:30,
2025-07-24,12:45,
2025-07-24,13:00,
2025-07-24,13:15,
2025-07-24,13:30,
2025-07-24,13:45,
2025-07-24,14:00,
2025-07-24,14:15,
2025-07-24,14:30,
2025-07-24,14:45,
2025-07-24,15:00,
2025-07-24,15:15,
2025-07-24,15:30,
2025-07-24,15:45,
2025-07-24,16:00,
2025-07-24,16:15,
2025-07-24,16:30,
2025-07-24,16:45,
2025-07-24,17:00,
2025-07-24,17:15,
2025-07-24,17:30,
2025-07-24,17:45,
2025-07-24,18:00,
2025-07-24,18:15,
2025-07-24,18:30,
2025-07-24,18:45,
2025-07-24,19:00,
2025-07-24,19:15,
2025-07-24,19:30,
2025-07-24,19:45,
2025-07-24,20:00,
2025-07-24,20:15,
2025-07-24,20:30,
2025-07-24,20:45,
2025-07-24,21:00,
2025-07-24,21:15,
2025-07-24,21:30,
2025-07-24,21:45,
2025-07-24,22:00,
2025-07-24,22:15,
2025-07-24,22:30,
2025-07-24,22:45,
2025-07-24,23:00,
2025-07-24,23:15,
2025-07-24,23:30,
2025-07-24,23:45,
2025-07-25,00:00,
2025-07-25,00:15,
2025-07-25,00:30,
2025-07-25,00:45,
2025-07-25,01:00,
2025-07-25,01:15,
2025-07-25,01:30,
2025-07-25,01:45,
2025-07-25,02:00,
2025-07-25,02:15,
2025-07-25,02:30,
2025-07-25,02:45,
2025-07-25,03:00,
2025-07-25,03:15,
2025-07-25,03:30,
2025-07-25,03:45,
2025-07-25,04:00,
2025-07-25,04:15,
2025-07-25,04:30,
2025-07-25,04:45,
2025-07-25,05:00,
2025-07-25,05:15,
2025-07-25,05:30,
2025-07-25,05:45,
2025-07-25,06:00,
2025-07-25,06:15,
2025-07-25,06:30,
2025-07-25,06:45,
2025-07-25,07:00,
2025-07-25,07:15,
2025-07-25,07:30,
2025-07-25,07:45,
2025-07-25,08:00,
2025-07-25,08:15,
2025-07-25,08:30,
2025-07-25,08:45,
2025-07-25,09:00,
2025-07-25,09:15,
2025-07-25,09:30,
2025-07-25,09:45,
2025-07-25,10:00,
2025-07-25,10:15,
2025-07-25,10:30,
2025-07-25,10:45,
2025-07-25,11:00,
2025-07-25,11:15,
2025-07-25,11:30,
2025-07-25,11:45,
2025-07-25,12:00,
2025-07-25,12:15,
2025-07-25,12:30,
2025-07-25,12:45,
2025-07-25,13:00,
2025-07-25,13:15,
2025-07-25,13:30,
2025-07-25,13:45,
2025-07-25,14:00,
2025-07-25,14:15,
2025-07-25,14:30,
2025-07-25,14:45,
2025-07-25,15:00,
2025-07-25,15:15,
2025-07-25,15:30,
2025-07-25,15:45,
2025-07-25,16:00,
2025-07-25,16:15,
2025-07-25,16:30,
2025-07-25,16:45,
2025-07-25,17:00,
2025-07-25,17:15,
2025-07-25,17:30,
2025-07-25,17:45,
2025-07-25,18:00,
2025-07-25,18:15,
2025-07-25,18:30,
2025-07-25,18:45,
2025-07-25,19:00,
2025-07-25,19:15,
2025-07-25,19:30,
2025-07-25,19:45,
2025-07-25,20:00,
2025-07-25,20:15,
2025-07-25,20:30,
2025-07-25,20:45,
2025-07-25,21:00,
2025-07-25,21:15,
2025-07-25,21:30,
2025-07-25,21:45,
2025-07-25,22:00,
2025-07-25,22:15,
2025-07-25,22:30,
2025-07-25,22:45,
2025-07-25,23:00,
2025-07-25,23:15,
2025-07-25,23:30,
2025-07-25,23:45,
2025-07-26,00:00,2606.8
2025-07-26,00:15,2385.6
2025-07-26,00:30,3000.2
2025-07-26,00:45,3410.4
2025-07-26,01:00,3446.8
2025-07-26,01:15,3500
2025-07-26,01:30,3477.6
2025-07-26,01:45,3407.6
2025-07-26,02:00,3334.8
2025-07-26,02:15,3217.2
2025-07-26,02:30,3074.4
2025-07-26,02:45,2907.8
2025-07-26,03:00,2748.2
2025-07-26,03:15,2563.4
2025-07-26,03:30,2284.8
2025-07-26,03:45,2990.4
2025-07-26,04:00,3388
2025-07-26,04:15,3406.2
2025-07-26,04:30,3449.6
2025-07-26,04:45,3439.8
2025-07-26,05:00,3388
2025-07-26,05:15,3288.6
2025-07-26,05:30,3130.4
2025-07-26,05:45,2970.8
2025-07-26,06:00,2790.2
2025-07-26,06:15,2643.2
2025-07-26,06:30,2504.6
2025-07-26,06:45,2234.4
2025-07-26,07:00,2797.2
2025-07-26,07:15,3306.8
2025-07-26,07:30,3252.2
2025-07-26,07:45,3476.2
2025-07-26,08:00,3348.8
2025-07-26,08:15,3330.6
2025-07-26,08:30,2861.6
2025-07-26,08:45,3085.6
2025-07-26,09:00,3173.8
2025-07-26,09:15,3557.4
2025-07-26,09:30,2865.8
2025-07-26,09:45,2415
2025-07-26,10:00,2868.6
2025-07-26,10:15,3235.4
2025-07-26,10:30,2920.4
2025-07-26,10:45,3054.8
2025-07-26,11:00,3040.8
2025-07-26,11:15,2872.8
2025-07-26,11:30,3463.6
2025-07-26,11:45,3292.8
2025-07-26,12:00,3113.6
2025-07-26,12:15,3011.4
2025-07-26,12:30,2721.6
2025-07-26,12:45,2543.8
2025-07-26,13:00,2640.4
2025-07-26,13:15,2756.6
2025-07-26,13:30,3635.8
2025-07-26,13:45,3754.8
2025-07-26,14:00,3218.6
2025-07-26,14:15,3780
2025-07-26,14:30,3794
2025-07-26,14:45,3341.8
2025-07-26,15:00,3315.2
2025-07-26,15:15,3203.2
2025-07-26,15:30,3480.4
2025-07-26,15:45,3325
2025-07-26,16:00,3231.2
2025-07-26,16:15,3019.8
2025-07-26,16:30,3295.6
2025-07-26,16:45,3252.2
2025-07-26,17:00,3322.2
2025-07-26,17:15,3512.6
2025-07-26,17:30,3425.8
2025-07-26,17:45,3490.2
2025-07-26,18:00,3400.6
2025-07-26,18:15,3301.2
2025-07-26,18:30,3203.2
2025-07-26,18:45,3108
2025-07-26,19:00,2945.6
2025-07-26,19:15,2814
2025-07-26,19:30,2599.8
2025-07-26,19:45,3152.8
2025-07-26,20:00,3526.6
2025-07-26,20:15,3584
2025-07-26,20:30,3668
2025-07-26,20:45,4046
2025-07-26,21:00,3976
2025-07-26,21:15,3913
2025-07-26,21:30,3796.8
2025-07-26,21:45,3651.2
2025-07-26,22:00,3491.6
2025-07-26,22:15,3297
2025-07-26,22:30,3131.8
2025-07-26,22:45,2839.2
2025-07-26,23:00,3514
2025-07-26,23:15,3945.2
2025-07-26,23:30,3970.4
2025-07-26,23:45,4051.6
2025-07-27,00:00,4033.4
2025-07-27,00:15,3957.8
2025-07-27,00:30,3886.4
2025-07-27,00:45,3759
2025-07-27,01:00,3609.2
2025-07-27,01:15,3288.6
2025-07-27,01:30,3136
2025-07-27,01:45,3108
2025-07-27,02:00,2829.4
2025-07-27,02:15,3501.4
2025-07-27,02:30,3915.8
2025-07-27,02:45,3950.8
2025-07-27,03:00,3997
2025-07-27,03:15,3995.6
2025-07-27,03:30,3924.2
2025-07-27,03:45,3864
2025-07-27,04:00,3736.6
2025-07-27,04:15,3591
2025-07-27,04:30,3411.8
2025-07-27,04:45,3220
2025-07-27,05:00,3026.8
2025-07-27,05:15,2788.8
2025-07-27,05:30,3519.6
2025-07-27,05:45,3885
2025-07-27,06:00,3501.4
2025-07-27,06:15,3575.6
2025-07-27,06:30,3476.2
2025-07-27,06:45,3369.8
2025-07-27,07:00,3225.6
2025-07-27,07:15,3001.6
2025-07-27,07:30,2833.6
2025-07-27,07:45,2780.4
2025-07-27,08:00,2678.2
2025-07-27,08:15,2847.6
2025-07-27,08:30,2305.8
2025-07-27,08:45,2934.4
2025-07-27,09:00,3735.2
2025-07-27,09:15,3669.4
2025-07-27,09:30,3742.2
2025-07-27,09:45,3550.4
2025-07-27,10:00,3283
2025-07-27,10:15,3774.4
2025-07-27,10:30,3350.2
2025-07-27,10:45,3635.8
2025-07-27,11:00,3010
2025-07-27,11:15,2968
2025-07-27,11:30,3152.8
2025-07-27,11:45,2968
2025-07-27,12:00,3732.4
2025-07-27,12:15,4078.2
2025-07-27,12:30,4088
2025-07-27,12:45,3234
2025-07-27,13:00,3551.8
2025-07-27,13:15,3371.2
2025-07-27,13:30,3473.4
2025-07-27,13:45,3649.8
2025-07-27,14:00,3486
2025-07-27,14:15,3406.2
2025-07-27,14:30,3263.4
2025-07-27,14:45,2811.2
2025-07-27,15:00,3134.6
2025-07-27,15:15,4033.4
2025-07-27,15:30,4165
2025-07-27,15:45,3973.2
2025-07-27,16:00,3844.4
2025-07-27,16:15,4223.8
2025-07-27,16:30,4158
2025-07-27,16:45,3921.4
2025-07-27,17:00,3862.6
2025-07-27,17:15,3773
2025-07-27,17:30,3670.8
2025-07-27,17:45,3480.4
2025-07-27,18:00,3260.6
2025-07-27,18:15,3729.6
2025-07-27,18:30,4144
2025-07-27,18:45,4221
2025-07-27,19:00,4281.2
2025-07-27,19:15,4310.6
2025-07-27,19:30,4267.2
2025-07-27,19:45,4230.8
2025-07-27,20:00,4139.8
2025-07-27,20:15,4002.6
2025-07-27,20:30,3834.6
2025-07-27,20:45,3682
2025-07-27,21:00,3526.6
2025-07-27,21:15,3302.6
2025-07-27,21:30,3838.8
2025-07-27,21:45,4383.4
2025-07-27,22:00,4313.4
2025-07-27,22:15,4370.8
2025-07-27,22:30,4355.4
2025-07-27,22:45,4300.8
2025-07-27,23:00,4223.8
2025-07-27,23:15,4099.2
2025-07-27,23:30,3962
2025-07-27,23:45,3837.4
2025-07-28,00:00,
2025-07-28,00:15,
2025-07-28,00:30,
2025-07-28,00:45,
2025-07-28,01:00,
2025-07-28,01:15,
2025-07-28,01:30,
2025-07-28,01:45,
2025-07-28,02:00,
2025-07-28,02:15,
2025-07-28,02:30,
2025-07-28,02:45,
2025-07-28,03:00,
2025-07-28,03:15,
2025-07-28,03:30,
2025-07-28,03:45,
2025-07-28,04:00,
2025-07-28,04:15,
2025-07-28,04:30,
2025-07-28,04:45,
2025-07-28,05:00,
2025-07-28,05:15,
2025-07-28,05:30,
2025-07-28,05:45,
2025-07-28,06:00,
2025-07-28,06:15,
2025-07-28,06:30,
2025-07-28,06:45,
2025-07-28,07:00,
2025-07-28,07:15,
2025-07-28,07:30,
2025-07-28,07:45,
2025-07-28,08:00,
2025-07-28,08:15,
2025-07-28,08:30,
2025-07-28,08:45,
2025-07-28,09:00,
2025-07-28,09:15,
2025-07-28,09:30,
2025-07-28,09:45,
2025-07-28,10:00,
2025-07-28,10:15,
2025-07-28,10:30,
2025-07-28,10:45,
2025-07-28,11:00,
2025-07-28,11:15,
2025-07-28,11:30,
2025-07-28,11:45,
2025-07-28,12:00,
2025-07-28,12:15,
2025-07-28,12:30,
2025-07-28,12:45,
2025-07-28,13:00,
2025-07-28,13:15,
2025-07-28,13:30,
2025-07-28,13:45,
2025-07-28,14:00,
2025-07-28,14:15,
2025-07-28,14:30,
2025-07-28,14:45,
2025-07-28,15:00,
2025-07-28,15:15,
2025-07-28,15:30,
2025-07-28,15:45,
2025-07-28,16:00,
2025-07-28,16:15,
2025-07-28,16:30,
2025-07-28,16:45,
2025-07-28,17:00,
2025-07-28,17:15,
2025-07-28,17:30,
2025-07-28,17:45,
2025-07-28,18:00,
2025-07-28,18:15,
2025-07-28,18:30,
2025-07-28,18:45,
2025-07-28,19:00,
2025-07-28,19:15,
2025-07-28,19:30,
2025-07-28,19:45,
2025-07-28,20:00,
2025-07-28,20:15,
2025-07-28,20:30,
2025-07-28,20:45,
2025-07-28,21:00,
2025-07-28,21:15,
2025-07-28,21:30,
2025-07-28,21:45,
2025-07-28,22:00,
2025-07-28,22:15,
2025-07-28,22:30,
2025-07-28,22:45,
2025-07-28,23:00,
2025-07-28,23:15,
2025-07-28,23:30,
2025-07-28,23:45,
2025-07-29,00:00,3899
2025-07-29,00:15,3900.4
2025-07-29,00:30,3851.4
2025-07-29,00:45,3801
2025-07-29,01:00,3686.2
2025-07-29,01:15,3530.8
2025-07-29,01:30,3374
2025-07-29,01:45,3197.6
2025-07-29,02:00,3032.4
2025-07-29,02:15,2830.8
2025-07-29,02:30,3340.4
2025-07-29,02:45,3763.2
2025-07-29,03:00,3784.2
2025-07-29,03:15,3843
2025-07-29,03:30,3855.6
2025-07-29,03:45,3827.6
2025-07-29,04:00,3745
2025-07-29,04:15,3645.6
2025-07-29,04:30,3495.8
2025-07-29,04:45,3367
2025-07-29,05:00,3211.6
2025-07-29,05:15,3036.6
2025-07-29,05:30,2788.8
2025-07-29,05:45,3253.6
2025-07-29,06:00,3761.8
2025-07-29,06:15,3777.2
2025-07-29,06:30,3841.6
2025-07-29,06:45,3782.8
2025-07-29,07:00,3754.8
2025-07-29,07:15,3698.8
2025-07-29,07:30,3536.4
2025-07-29,07:45,3449.6
2025-07-29,08:00,3130.4
2025-07-29,08:15,3151.4
2025-07-29,08:30,3208.8
2025-07-29,08:45,2823.8
2025-07-29,09:00,3353
2025-07-29,09:15,4004
2025-07-29,09:30,4061.4
2025-07-29,09:45,4338.6
2025-07-29,10:00,4487
2025-07-29,10:15,4468.8
2025-07-29,10:30,4449.2
2025-07-29,10:45,4233.6
2025-07-29,11:00,4141.2
2025-07-29,11:15,4097.8
2025-07-29,11:30,3294.2
2025-07-29,11:45,3684.8
2025-07-29,12:00,3462.2
2025-07-29,12:15,4036.2
2025-07-29,12:30,4173.4
2025-07-29,12:45,4030.6
2025-07-29,13:00,4113.2
2025-07-29,13:15,4573.8
2025-07-29,13:30,4041.8
2025-07-29,13:45,4572.4
2025-07-29,14:00,4033.4
2025-07-29,14:15,4162.2
2025-07-29,14:30,3588.2
2025-07-29,14:45,3596.6
2025-07-29,15:00,3425.8
2025-07-29,15:15,3127.6
2025-07-29,15:30,3952.2
2025-07-29,15:45,4288.2
2025-07-29,16:00,4390.4
2025-07-29,16:15,4554.2
2025-07-29,16:30,4095
2025-07-29,16:45,4092.2
2025-07-29,17:00,3946.6
2025-07-29,17:15,3875.2
2025-07-29,17:30,3798.2
2025-07-29,17:45,3666.6
2025-07-29,18:00,3553.2
2025-07-29,18:15,3357.2
2025-07-29,18:30,3134.6
2025-07-29,18:45,3880.8
2025-07-29,19:00,4295.2
2025-07-29,19:15,4417
2025-07-29,19:30,4481.4
2025-07-29,19:45,4440.8
2025-07-29,20:00,3953.6
2025-07-29,20:15,3848.6
2025-07-29,20:30,3714.2
2025-07-29,20:45,3565.8
2025-07-29,21:00,3400.6
2025-07-29,21:15,3278.8
2025-07-29,21:30,3112.2
2025-07-29,21:45,2480.8
2025-07-29,22:00,3256.4
2025-07-29,22:15,3602.2
2025-07-29,22:30,3644.2
2025-07-29,22:45,3687.6
2025-07-29,23:00,3662.4
2025-07-29,23:15,3900.4
2025-07-29,23:30,3794
2025-07-29,23:45,3679.2
2025-07-30,00:00,
2025-07-30,00:15,
2025-07-30,00:30,
2025-07-30,00:45,
2025-07-30,01:00,
2025-07-30,01:15,
2025-07-30,01:30,
2025-07-30,01:45,
2025-07-30,02:00,
2025-07-30,02:15,
2025-07-30,02:30,
2025-07-30,02:45,
2025-07-30,03:00,
2025-07-30,03:15,
2025-07-30,03:30,
2025-07-30,03:45,
2025-07-30,04:00,
2025-07-30,04:15,
2025-07-30,04:30,
2025-07-30,04:45,
2025-07-30,05:00,
2025-07-30,05:15,
2025-07-30,05:30,
2025-07-30,05:45,
2025-07-30,06:00,
2025-07-30,06:15,
2025-07-30,06:30,
2025-07-30,06:45,
2025-07-30,07:00,
2025-07-30,07:15,
2025-07-30,07:30,
2025-07-30,07:45,
2025-07-30,08:00,
2025-07-30,08:15,
2025-07-30,08:30,
2025-07-30,08:45,
2025-07-30,09:00,
2025-07-30,09:15,
2025-07-30,09:30,
2025-07-30,09:45,
2025-07-30,10:00,
2025-07-30,10:15,
2025-07-30,10:30,
2025-07-30,10:45,
2025-07-30,11:00,
2025-07-30,11:15,
2025-07-30,11:30,
2025-07-30,11:45,
2025-07-30,12:00,
2025-07-30,12:15,
2025-07-30,12:30,
2025-07-30,12:45,
2025-07-30,13:00,
2025-07-30,13:15,
2025-07-30,13:30,
2025-07-30,13:45,
2025-07-30,14:00,
2025-07-30,14:15,
2025-07-30,14:30,
2025-07-30,14:45,
2025-07-30,15:00,
2025-07-30,15:15,
2025-07-30,15:30,
2025-07-30,15:45,
2025-07-30,16:00,
2025-07-30,16:15,
2025-07-30,16:30,
2025-07-30,16:45,
2025-07-30,17:00,
2025-07-30,17:15,
2025-07-30,17:30,
2025-07-30,17:45,
2025-07-30,18:00,
2025-07-30,18:15,
2025-07-30,18:30,
2025-07-30,18:45,
2025-07-30,19:00,
2025-07-30,19:15,
2025-07-30,19:30,
2025-07-30,19:45,
2025-07-30,20:00,
2025-07-30,20:15,
2025-07-30,20:30,
2025-07-30,20:45,
2025-07-30,21:00,
2025-07-30,21:15,
2025-07-30,21:30,
2025-07-30,21:45,
2025-07-30,22:00,
2025-07-30,22:15,
2025-07-30,22:30,
2025-07-30,22:45,
2025-07-30,23:00,
2025-07-30,23:15,
2025-07-30,23:30,
2025-07-30,23:45,
2025-07-31,00:00,3827.6
2025-07-31,00:15,3110.8
2025-07-31,00:30,3760.4
2025-07-31,00:45,3848.6
2025-07-31,01:00,2788.8
2025-07-31,01:15,3571.4
2025-07-31,01:30,3915.8
2025-07-31,01:45,3441.2
2025-07-31,02:00,3347.4
2025-07-31,02:15,3866.8
2025-07-31,02:30,3810.8
2025-07-31,02:45,3148.6
2025-07-31,03:00,3759
2025-07-31,03:15,3827.6
2025-07-31,03:30,2865.8
2025-07-31,03:45,3561.6
2025-07-31,04:00,3861.2
2025-07-31,04:15,3392.2
2025-07-31,04:30,3333.4
2025-07-31,04:45,3829
2025-07-31,05:00,3817.8
2025-07-31,05:15,3122
2025-07-31,05:30,3722.6
2025-07-31,05:45,3488.8
2025-07-31,06:00,2451.4
2025-07-31,06:15,3585.4
2025-07-31,06:30,3836
2025-07-31,06:45,3404.8
2025-07-31,07:00,3483.2
2025-07-31,07:15,3913
2025-07-31,07:30,4081
2025-07-31,07:45,3392.2
2025-07-31,08:00,4020.8
2025-07-31,08:15,4076.8
2025-07-31,08:30,3165.4
2025-07-31,08:45,3837.4
2025-07-31,09:00,4142.6
2025-07-31,09:15,3738
2025-07-31,09:30,3560.2
2025-07-31,09:45,3757.6
2025-07-31,10:00,4127.2
2025-07-31,10:15,3432.8
2025-07-31,10:30,4088
2025-07-31,10:45,4064.2
2025-07-31,11:00,2935.8
2025-07-31,11:15,3750.6
2025-07-31,11:30,4092.2
2025-07-31,11:45,3669.4
2025-07-31,12:00,3686.2
2025-07-31,12:15,4145.4
2025-07-31,12:30,3878
2025-07-31,12:45,3211.6
2025-07-31,13:00,3683.4
2025-07-31,13:15,3907.4
2025-07-31,13:30,2798.6
2025-07-31,13:45,3649.8
2025-07-31,14:00,4015.2
2025-07-31,14:15,3455.2
2025-07-31,14:30,3374
2025-07-31,14:45,3838.8
2025-07-31,15:00,3610.6
2025-07-31,15:15,3217.2
2025-07-31,15:30,3750.6
2025-07-31,15:45,3803.8
2025-07-31,16:00,2893.8
2025-07-31,16:15,3616.2
2025-07-31,16:30,3866.8
2025-07-31,16:45,3358.6
2025-07-31,17:00,3456.6
2025-07-31,17:15,3858.4
2025-07-31,17:30,4454.8
2025-07-31,17:45,3743.6
2025-07-31,18:00,4370.8
2025-07-31,18:15,4449.2
2025-07-31,18:30,3484.6
2025-07-31,18:45,4281.2
2025-07-31,19:00,4488.4
2025-07-31,19:15,3960.6
2025-07-31,19:30,4037.6
2025-07-31,19:45,4484.2
2025-07-31,20:00,4069.8
2025-07-31,20:15,3371.2
2025-07-31,20:30,3946.6
2025-07-31,20:45,4027.8
2025-07-31,21:00,3045
2025-07-31,21:15,3799.6
2025-07-31,21:30,4130
2025-07-31,21:45,3624.6
2025-07-31,22:00,3605
2025-07-31,22:15,4044.6
2025-07-31,22:30,3878
2025-07-31,22:45,2872.8
2025-07-31,23:00,3514
2025-07-31,23:15,3558.8
2025-07-31,23:30,2653
2025-07-31,23:45,3332
2025-08-01,00:00,3574.2
2025-08-01,00:15,3094
2025-08-01,00:30,3099.6
2025-08-01,00:45,3547.6
2025-08-01,01:00,3508.4
2025-08-01,01:15,2857.4
2025-08-01,01:30,3460.8
2025-08-01,01:45,3522.4
2025-08-01,02:00,2549.4
2025-08-01,02:15,3276
2025-08-01,02:30,3561.6
2025-08-01,02:45,3088.4
2025-08-01,03:00,3098.2
2025-08-01,03:15,3549
2025-08-01,03:30,3514
2025-08-01,03:45,2882.6
2025-08-01,04:00,3453.8
2025-08-01,04:15,3502.8
2025-08-01,04:30,2609.6
2025-08-01,04:45,3259.2
2025-08-01,05:00,3558.8
2025-08-01,05:15,3026.8
2025-08-01,05:30,3054.8
2025-08-01,05:45,3477.6
2025-08-01,06:00,3511.2
2025-08-01,06:15,2798.6
2025-08-01,06:30,3400.6
2025-08-01,06:45,3536.4
2025-08-01,07:00,2539.6
2025-08-01,07:15,3347.4
2025-08-01,07:30,3613.4
2025-08-01,07:45,3283
2025-08-01,08:00,3270.4
2025-08-01,08:15,3984.4
2025-08-01,08:30,3941
2025-08-01,08:45,3312.4
2025-08-01,09:00,3894.8
2025-08-01,09:15,4026.4
2025-08-01,09:30,2798.6
2025-08-01,09:45,3675
2025-08-01,10:00,4436.6
2025-08-01,10:15,3806.6
2025-08-01,10:30,3771.6
2025-08-01,10:45,4246.2
2025-08-01,11:00,4040.4
2025-08-01,11:15,3467.8
2025-08-01,11:30,3963.4
2025-08-01,11:45,4060
2025-08-01,12:00,3032.4
2025-08-01,12:15,3980.2
2025-08-01,12:30,4145.4
2025-08-01,12:45,3714.2
2025-08-01,13:00,3628.8
2025-08-01,13:15,4076.8
2025-08-01,13:30,4139.8
2025-08-01,13:45,3616.2
2025-08-01,14:00,4237.8
2025-08-01,14:15,4215.4
2025-08-01,14:30,3172.4
2025-08-01,14:45,4023.6
2025-08-01,15:00,4439.4
2025-08-01,15:15,3925.6
2025-08-01,15:30,3964.8
2025-08-01,15:45,4495.4
2025-08-01,16:00,4229.4
2025-08-01,16:15,3586.8
2025-08-01,16:30,3943.8
2025-08-01,16:45,4165
2025-08-01,17:00,3248
2025-08-01,17:15,3882.2
2025-08-01,17:30,4124.4
2025-08-01,17:45,3894.8
2025-08-01,18:00,3843
2025-08-01,18:15,4328.8
2025-08-01,18:30,4305
2025-08-01,18:45,3654
2025-08-01,19:00,4341.4
2025-08-01,19:15,4426.8
2025-08-01,19:30,3574.2
2025-08-01,19:45,4389
2025-08-01,20:00,4572.4
2025-08-01,20:15,4090.8
2025-08-01,20:30,4097.8
2025-08-01,20:45,4565.4
2025-08-01,21:00,4510.8
2025-08-01,21:15,3952.2
2025-08-01,21:30,4473
2025-08-01,21:45,4526.2
2025-08-01,22:00,3563
2025-08-01,22:15,4011
2025-08-01,22:30,4270
2025-08-01,22:45,3805.2
2025-08-01,23:00,3784.2
2025-08-01,23:15,4282.6
2025-08-01,23:30,4165
2025-08-01,23:45,3603.6
2025-08-02,00:00,
2025-08-02,00:15,
2025-08-02,00:30,
2025-08-02,00:45,
2025-08-02,01:00,
2025-08-02,01:15,
2025-08-02,01:30,
2025-08-02,01:45,
2025-08-02,02:00,
2025-08-02,02:15,
2025-08-02,02:30,
2025-08-02,02:45,
2025-08-02,03:00,
2025-08-02,03:15,
2025-08-02,03:30,
2025-08-02,03:45,
2025-08-02,04:00,
2025-08-02,04:15,
2025-08-02,04:30,
2025-08-02,04:45,
2025-08-02,05:00,
2025-08-02,05:15,
2025-08-02,05:30,
2025-08-02,05:45,
2025-08-02,06:00,
2025-08-02,06:15,
2025-08-02,06:30,
2025-08-02,06:45,
2025-08-02,07:00,
2025-08-02,07:15,
2025-08-02,07:30,
2025-08-02,07:45,
2025-08-02,08:00,
2025-08-02,08:15,
2025-08-02,08:30,
2025-08-02,08:45,
2025-08-02,09:00,
2025-08-02,09:15,
2025-08-02,09:30,
2025-08-02,09:45,
2025-08-02,10:00,
2025-08-02,10:15,
2025-08-02,10:30,
2025-08-02,10:45,
2025-08-02,11:00,
2025-08-02,11:15,
2025-08-02,11:30,
2025-08-02,11:45,
2025-08-02,12:00,
2025-08-02,12:15,
2025-08-02,12:30,
2025-08-02,12:45,
2025-08-02,13:00,
2025-08-02,13:15,
2025-08-02,13:30,
2025-08-02,13:45,
2025-08-02,14:00,
2025-08-02,14:15,
2025-08-02,14:30,
2025-08-02,14:45,
2025-08-02,15:00,
2025-08-02,15:15,
2025-08-02,15:30,
2025-08-02,15:45,
2025-08-02,16:00,
2025-08-02,16:15,
2025-08-02,16:30,
2025-08-02,16:45,
2025-08-02,17:00,
2025-08-02,17:15,
2025-08-02,17:30,
2025-08-02,17:45,
2025-08-02,18:00,
2025-08-02,18:15,
2025-08-02,18:30,
2025-08-02,18:45,
2025-08-02,19:00,
2025-08-02,19:15,
2025-08-02,19:30,
2025-08-02,19:45,
2025-08-02,20:00,
2025-08-02,20:15,
2025-08-02,20:30,
2025-08-02,20:45,
2025-08-02,21:00,
2025-08-02,21:15,
2025-08-02,21:30,
2025-08-02,21:45,
2025-08-02,22:00,
2025-08-02,22:15,
2025-08-02,22:30,
2025-08-02,22:45,
2025-08-02,23:00,
2025-08-02,23:15,
2025-08-02,23:30,
2025-08-02,23:45,
2025-08-03,00:00,4222.4
2025-08-03,00:15,4627
2025-08-03,00:30,4589.2
2025-08-03,00:45,3990
2025-08-03,01:00,4564
2025-08-03,01:15,4580.8
2025-08-03,01:30,3733.8
2025-08-03,01:45,4401.6
2025-08-03,02:00,4648
2025-08-03,02:15,4121.6
2025-08-03,02:30,4160.8
2025-08-03,02:45,4618.6
2025-08-03,03:00,4572.4
2025-08-03,03:15,3956.4
2025-08-03,03:30,4568.2
2025-08-03,03:45,4613
2025-08-03,04:00,3663.8
2025-08-03,04:15,4375
2025-08-03,04:30,4649.4
2025-08-03,04:45,4117.4
2025-08-03,05:00,4215.4
2025-08-03,05:15,4629.8
2025-08-03,05:30,4540.2
2025-08-03,05:45,3988.6
2025-08-03,06:00,4527.6
2025-08-03,06:15,4544.4
2025-08-03,06:30,3642.8
2025-08-03,06:45,4307.8
2025-08-03,07:00,4438
2025-08-03,07:15,4079.6
2025-08-03,07:30,4097.8
2025-08-03,07:45,4550
2025-08-03,08:00,4516.4
2025-08-03,08:15,4011
2025-08-03,08:30,4566.8
2025-08-03,08:45,4589.2
2025-08-03,09:00,3446.8
2025-08-03,09:15,4128.6
2025-08-03,09:30,4310.6
2025-08-03,09:45,3844.4
2025-08-03,10:00,3759
2025-08-03,10:15,4419.8
2025-08-03,10:30,4116
2025-08-03,10:45,3424.4
2025-08-03,11:00,3956.4
2025-08-03,11:15,4426.8
2025-08-03,11:30,3276
2025-08-03,11:45,3841.6
2025-08-03,12:00,4162.2
2025-08-03,12:15,3306.8
2025-08-03,12:30,3400.6
2025-08-03,12:45,3934
2025-08-03,13:00,3817.8
2025-08-03,13:15,3382.4
2025-08-03,13:30,3977.4
2025-08-03,13:45,3962
2025-08-03,14:00,3092.6
2025-08-03,14:15,4145.4
2025-08-03,14:30,3978.8
2025-08-03,14:45,3523.8
2025-08-03,15:00,3619
2025-08-03,15:15,4082.4
2025-08-03,15:30,4071.2
2025-08-03,15:45,3502.8
2025-08-03,16:00,4081
2025-08-03,16:15,3675
2025-08-03,16:30,2818.2
2025-08-03,16:45,3533.6
2025-08-03,17:00,3823.4
2025-08-03,17:15,3173.8
2025-08-03,17:30,3462.2
2025-08-03,17:45,3914.4
2025-08-03,18:00,3872.4
2025-08-03,18:15,3294.2
2025-08-03,18:30,3869.6
2025-08-03,18:45,3936.8
2025-08-03,19:00,3080
2025-08-03,19:15,3801
2025-08-03,19:30,4060
2025-08-03,19:45,3579.8
2025-08-03,20:00,3607.8
2025-08-03,20:15,4054.4
2025-08-03,20:30,4002.6
2025-08-03,20:45,3354.4
2025-08-03,21:00,3939.6
2025-08-03,21:15,4050.2
2025-08-03,21:30,3172.4
2025-08-03,21:45,3817.8
2025-08-03,22:00,4005.4
2025-08-03,22:15,3374
2025-08-03,22:30,3624.6
2025-08-03,22:45,4065.6
2025-08-03,23:00,3869.6
2025-08-03,23:15,3273.2
2025-08-03,23:30,3976
2025-08-03,23:45,4018
2025-08-04,00:00,
2025-08-04,00:15,
2025-08-04,00:30,
2025-08-04,00:45,
2025-08-04,01:00,
2025-08-04,01:15,
2025-08-04,01:30,
2025-08-04,01:45,
2025-08-04,02:00,
2025-08-04,02:15,
2025-08-04,02:30,
2025-08-04,02:45,
2025-08-04,03:00,
2025-08-04,03:15,
2025-08-04,03:30,
2025-08-04,03:45,
2025-08-04,04:00,
2025-08-04,04:15,
2025-08-04,04:30,
2025-08-04,04:45,
2025-08-04,05:00,
2025-08-04,05:15,
2025-08-04,05:30,
2025-08-04,05:45,
2025-08-04,06:00,
2025-08-04,06:15,
2025-08-04,06:30,
2025-08-04,06:45,
2025-08-04,07:00,
2025-08-04,07:15,
2025-08-04,07:30,
2025-08-04,07:45,
2025-08-04,08:00,
2025-08-04,08:15,
2025-08-04,08:30,
2025-08-04,08:45,
2025-08-04,09:00,
2025-08-04,09:15,
2025-08-04,09:30,
2025-08-04,09:45,
2025-08-04,10:00,
2025-08-04,10:15,
2025-08-04,10:30,
2025-08-04,10:45,
2025-08-04,11:00,
2025-08-04,11:15,
2025-08-04,11:30,
2025-08-04,11:45,
2025-08-04,12:00,
2025-08-04,12:15,
2025-08-04,12:30,
2025-08-04,12:45,
2025-08-04,13:00,
2025-08-04,13:15,
2025-08-04,13:30,
2025-08-04,13:45,
2025-08-04,14:00,
2025-08-04,14:15,
2025-08-04,14:30,
2025-08-04,14:45,
2025-08-04,15:00,
2025-08-04,15:15,
2025-08-04,15:30,
2025-08-04,15:45,
2025-08-04,16:00,
2025-08-04,16:15,
2025-08-04,16:30,
2025-08-04,16:45,
2025-08-04,17:00,
2025-08-04,17:15,
2025-08-04,17:30,
2025-08-04,17:45,
2025-08-04,18:00,
2025-08-04,18:15,
2025-08-04,18:30,
2025-08-04,18:45,
2025-08-04,19:00,
2025-08-04,19:15,
2025-08-04,19:30,
2025-08-04,19:45,
2025-08-04,20:00,
2025-08-04,20:15,
2025-08-04,20:30,
2025-08-04,20:45,
2025-08-04,21:00,
2025-08-04,21:15,
2025-08-04,21:30,
2025-08-04,21:45,
2025-08-04,22:00,
2025-08-04,22:15,
2025-08-04,22:30,
2025-08-04,22:45,
2025-08-04,23:00,
2025-08-04,23:15,
2025-08-04,23:30,
2025-08-04,23:45,
2025-08-05,00:00,
2025-08-05,00:15,
2025-08-05,00:30,
2025-08-05,00:45,
2025-08-05,01:00,
2025-08-05,01:15,
2025-08-05,01:30,
2025-08-05,01:45,
2025-08-05,02:00,
2025-08-05,02:15,
2025-08-05,02:30,
2025-08-05,02:45,
2025-08-05,03:00,
2025-08-05,03:15,
2025-08-05,03:30,
2025-08-05,03:45,
2025-08-05,04:00,
2025-08-05,04:15,
2025-08-05,04:30,
2025-08-05,04:45,
2025-08-05,05:00,
2025-08-05,05:15,
2025-08-05,05:30,
2025-08-05,05:45,
2025-08-05,06:00,
2025-08-05,06:15,
2025-08-05,06:30,
2025-08-05,06:45,
2025-08-05,07:00,
2025-08-05,07:15,
2025-08-05,07:30,
2025-08-05,07:45,
2025-08-05,08:00,
2025-08-05,08:15,
2025-08-05,08:30,
2025-08-05,08:45,
2025-08-05,09:00,
2025-08-05,09:15,
2025-08-05,09:30,
2025-08-05,09:45,
2025-08-05,10:00,
2025-08-05,10:15,
2025-08-05,10:30,
2025-08-05,10:45,
2025-08-05,11:00,
2025-08-05,11:15,
2025-08-05,11:30,
2025-08-05,11:45,
2025-08-05,12:00,
2025-08-05,12:15,
2025-08-05,12:30,
2025-08-05,12:45,
2025-08-05,13:00,
2025-08-05,13:15,
2025-08-05,13:30,
2025-08-05,13:45,
2025-08-05,14:00,
2025-08-05,14:15,
2025-08-05,14:30,
2025-08-05,14:45,
2025-08-05,15:00,
2025-08-05,15:15,
2025-08-05,15:30,
2025-08-05,15:45,
2025-08-05,16:00,
2025-08-05,16:15,
2025-08-05,16:30,
2025-08-05,16:45,
2025-08-05,17:00,
2025-08-05,17:15,
2025-08-05,17:30,
2025-08-05,17:45,
2025-08-05,18:00,
2025-08-05,18:15,
2025-08-05,18:30,
2025-08-05,18:45,
2025-08-05,19:00,
2025-08-05,19:15,
2025-08-05,19:30,
2025-08-05,19:45,
2025-08-05,20:00,
2025-08-05,20:15,
2025-08-05,20:30,
2025-08-05,20:45,
2025-08-05,21:00,
2025-08-05,21:15,
2025-08-05,21:30,
2025-08-05,21:45,
2025-08-05,22:00,
2025-08-05,22:15,
2025-08-05,22:30,
2025-08-05,22:45,
2025-08-05,23:00,
2025-08-05,23:15,
2025-08-05,23:30,
2025-08-05,23:45,
2025-08-06,00:00,3537.8
2025-08-06,00:15,3770.2
2025-08-06,00:30,3302.6
2025-08-06,00:45,3270.4
2025-08-06,01:00,3735.2
2025-08-06,01:15,3704.4
2025-08-06,01:30,3011.4
2025-08-06,01:45,3589.6
2025-08-06,02:00,3651.2
2025-08-06,02:15,2724.4
2025-08-06,02:30,3484.6
2025-08-06,02:45,3774.4
2025-08-06,03:00,3263.4
2025-08-06,03:15,3320.8
2025-08-06,03:30,3757.6
2025-08-06,03:45,3662.4
2025-08-06,04:00,3000.2
2025-08-06,04:15,3498.6
2025-08-06,04:30,3616.2
2025-08-06,04:45,2707.6
2025-08-06,05:00,3396.4
2025-08-06,05:15,3764.6
2025-08-06,05:30,3288.6
2025-08-06,05:45,3259.2
2025-08-06,06:00,3707.2
2025-08-06,06:15,3613.4
2025-08-06,06:30,2933
2025-08-06,06:45,3491.6
2025-08-06,07:00,3536.4
2025-08-06,07:15,2669.8
2025-08-06,07:30,3337.6
2025-08-06,07:45,3544.8
2025-08-06,08:00,3001.6
2025-08-06,08:15,3042.2
2025-08-06,08:30,3658.2
2025-08-06,08:45,3619
2025-08-06,09:00,3269
2025-08-06,09:15,3873.8
2025-08-06,09:30,3878
2025-08-06,09:45,2968
2025-08-06,10:00,3582.6
2025-08-06,10:15,3894.8
2025-08-06,10:30,3693.2
2025-08-06,10:45,3567.2
2025-08-06,11:00,3883.6
2025-08-06,11:15,3761.8
2025-08-06,11:30,3064.6
2025-08-06,11:45,3694.6
2025-08-06,12:00,3813.6
2025-08-06,12:15,2678.2
2025-08-06,12:30,3607.8
2025-08-06,12:45,3557.4
2025-08-06,13:00,3283
2025-08-06,13:15,3158.4
2025-08-06,13:30,3733.8
2025-08-06,13:45,3537.8
2025-08-06,14:00,2958.2
2025-08-06,14:15,3424.4
2025-08-06,14:30,3530.8
2025-08-06,14:45,2781.8
2025-08-06,15:00,3798.2
2025-08-06,15:15,4100.6
2025-08-06,15:30,3546.2
2025-08-06,15:45,3572.8
2025-08-06,16:00,4008.2
2025-08-06,16:15,3483.2
2025-08-06,16:30,2903.6
2025-08-06,16:45,3360
2025-08-06,17:00,3438.4
2025-08-06,17:15,2464
2025-08-06,17:30,3077.2
2025-08-06,17:45,3446.8
2025-08-06,18:00,3007.2
2025-08-06,18:15,2987.6
2025-08-06,18:30,3516.8
2025-08-06,18:45,3438.4
2025-08-06,19:00,2804.2
2025-08-06,19:15,3560.2
2025-08-06,19:30,3676.4
2025-08-06,19:45,2779
2025-08-06,20:00,3410.4
2025-08-06,20:15,3708.6
2025-08-06,20:30,3253.6
2025-08-06,20:45,3312.4
2025-08-06,21:00,3708.6
2025-08-06,21:15,3634.4
2025-08-06,21:30,3082.8
2025-08-06,21:45,3698.8
2025-08-06,22:00,3689
2025-08-06,22:15,2725.8
2025-08-06,22:30,3549
2025-08-06,22:45,3851.4
2025-08-06,23:00,3364.2
2025-08-06,23:15,3308.2
2025-08-06,23:30,3812.2
2025-08-06,23:45,3761.8
2025-08-07,00:00,3119.2
2025-08-07,00:15,3859.8
2025-08-07,00:30,4113.2
2025-08-07,00:45,3253.6
2025-08-07,01:00,3964.8
2025-08-07,01:15,4225.2
2025-08-07,01:30,3732.4
2025-08-07,01:45,3705.8
2025-08-07,02:00,4188.8
2025-08-07,02:15,4130
2025-08-07,02:30,3416
2025-08-07,02:45,4090.8
2025-08-07,03:00,4179
2025-08-07,03:15,3094
2025-08-07,03:30,3928.4
2025-08-07,03:45,4155.2
2025-08-07,04:00,3717
2025-08-07,04:15,3731
2025-08-07,04:30,4184.6
2025-08-07,04:45,4139.8
2025-08-07,05:00,3428.6
2025-08-07,05:15,4083.8
2025-08-07,05:30,4099.2
2025-08-07,05:45,3028.2
2025-08-07,06:00,3817.8
2025-08-07,06:15,4111.8
2025-08-07,06:30,3609.2
2025-08-07,06:45,3537.8
2025-08-07,07:00,4037.6
2025-08-07,07:15,3974.6
2025-08-07,07:30,3274.6
2025-08-07,07:45,3900.4
2025-08-07,08:00,3973.2
2025-08-07,08:15,2948.4
2025-08-07,08:30,3690.4
2025-08-07,08:45,3722.6
2025-08-07,09:00,3396.4
2025-08-07,09:15,3416
2025-08-07,09:30,4020.8
2025-08-07,09:45,3984.4
2025-08-07,10:00,3285.8
2025-08-07,10:15,3959.2
2025-08-07,10:30,3998.4
2025-08-07,10:45,2815.4
2025-08-07,11:00,3466.4
2025-08-07,11:15,3311
2025-08-07,11:30,2760.8
2025-08-07,11:45,2874.2
2025-08-07,12:00,3409
2025-08-07,12:15,3339
2025-08-07,12:30,2703.4
2025-08-07,12:45,3525.2
2025-08-07,13:00,3292.8
2025-08-07,13:15,2539.6
2025-08-07,13:30,3327.8
2025-08-07,13:45,3648.4
2025-08-07,14:00,2752.4
2025-08-07,14:15,3152.8
2025-08-07,14:30,3642.8
2025-08-07,14:45,3577
2025-08-07,15:00,2730
2025-08-07,15:15,3516.8
2025-08-07,15:30,3596.6
2025-08-07,15:45,2557.8
2025-08-07,16:00,3295.6
2025-08-07,16:15,3694.6
2025-08-07,16:30,3227
2025-08-07,16:45,3206
2025-08-07,17:00,3606.4
2025-08-07,17:15,3607.8
2025-08-07,17:30,2843.4
2025-08-07,17:45,3560.2
2025-08-07,18:00,3582.6
2025-08-07,18:15,2658.6
2025-08-07,18:30,3473.4
2025-08-07,18:45,3757.6
2025-08-07,19:00,3308.2
2025-08-07,19:15,3248
2025-08-07,19:30,3754.8
2025-08-07,19:45,3869.6
2025-08-07,20:00,3154.2
2025-08-07,20:15,3722.6
2025-08-07,20:30,3740.8
2025-08-07,20:45,2844.8
2025-08-07,21:00,3557.4
2025-08-07,21:15,3843
2025-08-07,21:30,3374
2025-08-07,21:45,3340.4
2025-08-07,22:00,3820.6
2025-08-07,22:15,3617.6
2025-08-07,22:30,3059
2025-08-07,22:45,3701.6
2025-08-07,23:00,3836
2025-08-07,23:15,2767.8
2025-08-07,23:30,3507
2025-08-07,23:45,3830.4
2025-08-08,00:00,3358.6
2025-08-08,00:15,3319.4
2025-08-08,00:30,3740.8
2025-08-08,00:45,3710
2025-08-08,01:00,3047.8
2025-08-08,01:15,3588.2
2025-08-08,01:30,3669.4
2025-08-08,01:45,2660
2025-08-08,02:00,3452.4
2025-08-08,02:15,3782.8
2025-08-08,02:30,3232.6
2025-08-08,02:45,3211.6
2025-08-08,03:00,3724
2025-08-08,03:15,3684.8
2025-08-08,03:30,2923.2
2025-08-08,03:45,3554.6
2025-08-08,04:00,3641.4
2025-08-08,04:15,2693.6
2025-08-08,04:30,3477.6
2025-08-08,04:45,3750.6
2025-08-08,05:00,3311
2025-08-08,05:15,3260.6
2025-08-08,05:30,3717
2025-08-08,05:45,3689
2025-08-08,06:00,2949.8
2025-08-08,06:15,3564.4
2025-08-08,06:30,3619
2025-08-08,06:45,2587.2
2025-08-08,07:00,3290
2025-08-08,07:15,3672.2
2025-08-08,07:30,3129
2025-08-08,07:45,2815.4
2025-08-08,08:00,3301.2
2025-08-08,08:15,3374
2025-08-08,08:30,2742.6
2025-08-08,08:45,3323.6
2025-08-08,09:00,3474.8
2025-08-08,09:15,2451.4
2025-08-08,09:30,3210.2
2025-08-08,09:45,3523.8
2025-08-08,10:00,3026.8
2025-08-08,10:15,3066
2025-08-08,10:30,3322.2
2025-08-08,10:45,3578.4
2025-08-08,11:00,2893.8
2025-08-08,11:15,3509.8
2025-08-08,11:30,3586.8
2025-08-08,11:45,2410.8
2025-08-08,12:00,3271.8
2025-08-08,12:15,3624.6
2025-08-08,12:30,2927.4
2025-08-08,12:45,3148.6
2025-08-08,13:00,3610.6
2025-08-08,13:15,3694.6
2025-08-08,13:30,3141.6
2025-08-08,13:45,3753.4
2025-08-08,14:00,3831.8
2025-08-08,14:15,2800
2025-08-08,14:30,3267.6
2025-08-08,14:45,3633
2025-08-08,15:00,3238.2
2025-08-08,15:15,3225.6
2025-08-08,15:30,3735.2
2025-08-08,15:45,3904.6
2025-08-08,16:00,3029.6
2025-08-08,16:15,3746.4
2025-08-08,16:30,3710
2025-08-08,16:45,2956.8
2025-08-08,17:00,3648.4
2025-08-08,17:15,3948
2025-08-08,17:30,3368.4
2025-08-08,17:45,3277.4
2025-08-08,18:00,3785.6
2025-08-08,18:15,3798.2
2025-08-08,18:30,3102.4
2025-08-08,18:45,3746.4
2025-08-08,19:00,3819.2
2025-08-08,19:15,2790.2
2025-08-08,19:30,3606.4
2025-08-08,19:45,3904.6
2025-08-08,20:00,3381
2025-08-08,20:15,3234
2025-08-08,20:30,3721.2
2025-08-08,20:45,3694.6
2025-08-08,21:00,3059
2025-08-08,21:15,3721.2
2025-08-08,21:30,3803.8
2025-08-08,21:45,2674
2025-08-08,22:00,3491.6
2025-08-08,22:15,3822
2025-08-08,22:30,3305.4
2025-08-08,22:45,3157
2025-08-08,23:00,3610.6
2025-08-08,23:15,3553.2
2025-08-08,23:30,2787.4
2025-08-08,23:45,3473.4
2025-08-09,00:00,
2025-08-09,00:15,
2025-08-09,00:30,
2025-08-09,00:45,
2025-08-09,01:00,
2025-08-09,01:15,
2025-08-09,01:30,
2025-08-09,01:45,
2025-08-09,02:00,
2025-08-09,02:15,
2025-08-09,02:30,
2025-08-09,02:45,
2025-08-09,03:00,
2025-08-09,03:15,
2025-08-09,03:30,
2025-08-09,03:45,
2025-08-09,04:00,
2025-08-09,04:15,
2025-08-09,04:30,
2025-08-09,04:45,
2025-08-09,05:00,
2025-08-09,05:15,
2025-08-09,05:30,
2025-08-09,05:45,
2025-08-09,06:00,
2025-08-09,06:15,
2025-08-09,06:30,
2025-08-09,06:45,
2025-08-09,07:00,
2025-08-09,07:15,
2025-08-09,07:30,
2025-08-09,07:45,
2025-08-09,08:00,
2025-08-09,08:15,
2025-08-09,08:30,
2025-08-09,08:45,
2025-08-09,09:00,
2025-08-09,09:15,
2025-08-09,09:30,
2025-08-09,09:45,
2025-08-09,10:00,
2025-08-09,10:15,
2025-08-09,10:30,
2025-08-09,10:45,
2025-08-09,11:00,
2025-08-09,11:15,
2025-08-09,11:30,
2025-08-09,11:45,
2025-08-09,12:00,
2025-08-09,12:15,
2025-08-09,12:30,
2025-08-09,12:45,
2025-08-09,13:00,
2025-08-09,13:15,
2025-08-09,13:30,
2025-08-09,13:45,
2025-08-09,14:00,
2025-08-09,14:15,
2025-08-09,14:30,
2025-08-09,14:45,
2025-08-09,15:00,
2025-08-09,15:15,
2025-08-09,15:30,
2025-08-09,15:45,
2025-08-09,16:00,
2025-08-09,16:15,
2025-08-09,16:30,
2025-08-09,16:45,
2025-08-09,17:00,
2025-08-09,17:15,
2025-08-09,17:30,
2025-08-09,17:45,
2025-08-09,18:00,
2025-08-09,18:15,
2025-08-09,18:30,
2025-08-09,18:45,
2025-08-09,19:00,
2025-08-09,19:15,
2025-08-09,19:30,
2025-08-09,19:45,
2025-08-09,20:00,
2025-08-09,20:15,
2025-08-09,20:30,
2025-08-09,20:45,
2025-08-09,21:00,
2025-08-09,21:15,
2025-08-09,21:30,
2025-08-09,21:45,
2025-08-09,22:00,
2025-08-09,22:15,
2025-08-09,22:30,
2025-08-09,22:45,
2025-08-09,23:00,
2025-08-09,23:15,
2025-08-09,23:30,
2025-08-09,23:45,
2025-08-10,00:00,3997
2025-08-10,00:15,3974.6
2025-08-10,00:30,3245.2
2025-08-10,00:45,3871
2025-08-10,01:00,3976
2025-08-10,01:15,2898
2025-08-10,01:30,3718.4
2025-08-10,01:45,4043.2
2025-08-10,02:00,3540.6
2025-08-10,02:15,3515.4
2025-08-10,02:30,3988.6
2025-08-10,02:45,3929.8
2025-08-10,03:00,3276
2025-08-10,03:15,3794
2025-08-10,03:30,3850
2025-08-10,03:45,2921.8
2025-08-10,04:00,3606.4
2025-08-10,04:15,3907.4
2025-08-10,04:30,3432.8
2025-08-10,04:45,3389.4
2025-08-10,05:00,3869.6
2025-08-10,05:15,3787
2025-08-10,05:30,3024
2025-08-10,05:45,3735.2
2025-08-10,06:00,3847.2
2025-08-10,06:15,2874.2
2025-08-10,06:30,3607.8
2025-08-10,06:45,3917.2
2025-08-10,07:00,3460.8
2025-08-10,07:15,3459.4
2025-08-10,07:30,3882.2
2025-08-10,07:45,3584
2025-08-10,08:00,3068.8
2025-08-10,08:15,3619
2025-08-10,08:30,3708.6
2025-08-10,08:45,2710.4
2025-08-10,09:00,3451
2025-08-10,09:15,3659.6
2025-08-10,09:30,3134.6
2025-08-10,09:45,3039.4
2025-08-10,10:00,3456.6
2025-08-10,10:15,3488.8
2025-08-10,10:30,2709
2025-08-10,10:45,3273.2
2025-08-10,11:00,3400.6
2025-08-10,11:15,2331
2025-08-10,11:30,3117.8
2025-08-10,11:45,3670.8
2025-08-10,12:00,3241
2025-08-10,12:15,3192
2025-08-10,12:30,3602.2
2025-08-10,12:45,3546.2
2025-08-10,13:00,2896.6
2025-08-10,13:15,3477.6
2025-08-10,13:30,3551.8
2025-08-10,13:45,2587.2
2025-08-10,14:00,3316.6
2025-08-10,14:15,3605
2025-08-10,14:30,3217.2
2025-08-10,14:45,3507
2025-08-10,15:00,3964.8
2025-08-10,15:15,3911.6
2025-08-10,15:30,3228.4
2025-08-10,15:45,3834.6
2025-08-10,16:00,4485.6
2025-08-10,16:15,3376.8
2025-08-10,16:30,4348.4
2025-08-10,16:45,4291
2025-08-10,17:00,3382.4
2025-08-10,17:15,3292.8
2025-08-10,17:30,3673.6
2025-08-10,17:45,3609.2
2025-08-10,18:00,2889.6
2025-08-10,18:15,3585.4
2025-08-10,18:30,3662.4
2025-08-10,18:45,2762.2
2025-08-10,19:00,3458
2025-08-10,19:15,3739.4
2025-08-10,19:30,3294.2
2025-08-10,19:45,3270.4
2025-08-10,20:00,3750.6
2025-08-10,20:15,3683.4
2025-08-10,20:30,3007.2
2025-08-10,20:45,3638.6
2025-08-10,21:00,3728.2
2025-08-10,21:15,2675.4
2025-08-10,21:30,3456.6
2025-08-10,21:45,3745
2025-08-10,22:00,3243.8
2025-08-10,22:15,3214.4
2025-08-10,22:30,3687.6
2025-08-10,22:45,3637.2
2025-08-10,23:00,3011.4
2025-08-10,23:15,3588.2
2025-08-10,23:30,3666.6
2025-08-10,23:45,2762.2
2025-08-11,00:00,
2025-08-11,00:15,
2025-08-11,00:30,
2025-08-11,00:45,
2025-08-11,01:00,
2025-08-11,01:15,
2025-08-11,01:30,
2025-08-11,01:45,
2025-08-11,02:00,
2025-08-11,02:15,
2025-08-11,02:30,
2025-08-11,02:45,
2025-08-11,03:00,
2025-08-11,03:15,
2025-08-11,03:30,
2025-08-11,03:45,
2025-08-11,04:00,
2025-08-11,04:15,
2025-08-11,04:30,
2025-08-11,04:45,
2025-08-11,05:00,
2025-08-11,05:15,
2025-08-11,05:30,
2025-08-11,05:45,
2025-08-11,06:00,
2025-08-11,06:15,
2025-08-11,06:30,
2025-08-11,06:45,
2025-08-11,07:00,
2025-08-11,07:15,
2025-08-11,07:30,
2025-08-11,07:45,
2025-08-11,08:00,
2025-08-11,08:15,
2025-08-11,08:30,
2025-08-11,08:45,
2025-08-11,09:00,
2025-08-11,09:15,
2025-08-11,09:30,
2025-08-11,09:45,
2025-08-11,10:00,
2025-08-11,10:15,
2025-08-11,10:30,
2025-08-11,10:45,
2025-08-11,11:00,
2025-08-11,11:15,
2025-08-11,11:30,
2025-08-11,11:45,
2025-08-11,12:00,
2025-08-11,12:15,
2025-08-11,12:30,
2025-08-11,12:45,
2025-08-11,13:00,
2025-08-11,13:15,
2025-08-11,13:30,
2025-08-11,13:45,
2025-08-11,14:00,
2025-08-11,14:15,
2025-08-11,14:30,
2025-08-11,14:45,
2025-08-11,15:00,
2025-08-11,15:15,
2025-08-11,15:30,
2025-08-11,15:45,
2025-08-11,16:00,
2025-08-11,16:15,
2025-08-11,16:30,
2025-08-11,16:45,
2025-08-11,17:00,
2025-08-11,17:15,
2025-08-11,17:30,
2025-08-11,17:45,
2025-08-11,18:00,
2025-08-11,18:15,
2025-08-11,18:30,
2025-08-11,18:45,
2025-08-11,19:00,
2025-08-11,19:15,
2025-08-11,19:30,
2025-08-11,19:45,
2025-08-11,20:00,
2025-08-11,20:15,
2025-08-11,20:30,
2025-08-11,20:45,
2025-08-11,21:00,
2025-08-11,21:15,
2025-08-11,21:30,
2025-08-11,21:45,
2025-08-11,22:00,
2025-08-11,22:15,
2025-08-11,22:30,
2025-08-11,22:45,
2025-08-11,23:00,
2025-08-11,23:15,
2025-08-11,23:30,
2025-08-11,23:45,
2025-08-12,00:00,
2025-08-12,00:15,
2025-08-12,00:30,
2025-08-12,00:45,
2025-08-12,01:00,
2025-08-12,01:15,
2025-08-12,01:30,
2025-08-12,01:45,
2025-08-12,02:00,
2025-08-12,02:15,
2025-08-12,02:30,
2025-08-12,02:45,
2025-08-12,03:00,
2025-08-12,03:15,
2025-08-12,03:30,
2025-08-12,03:45,
2025-08-12,04:00,
2025-08-12,04:15,
2025-08-12,04:30,
2025-08-12,04:45,
2025-08-12,05:00,
2025-08-12,05:15,
2025-08-12,05:30,
2025-08-12,05:45,
2025-08-12,06:00,
2025-08-12,06:15,
2025-08-12,06:30,
2025-08-12,06:45,
2025-08-12,07:00,
2025-08-12,07:15,
2025-08-12,07:30,
2025-08-12,07:45,
2025-08-12,08:00,
2025-08-12,08:15,
2025-08-12,08:30,
2025-08-12,08:45,
2025-08-12,09:00,
2025-08-12,09:15,
2025-08-12,09:30,
2025-08-12,09:45,
2025-08-12,10:00,
2025-08-12,10:15,
2025-08-12,10:30,
2025-08-12,10:45,
2025-08-12,11:00,
2025-08-12,11:15,
2025-08-12,11:30,
2025-08-12,11:45,
2025-08-12,12:00,
2025-08-12,12:15,
2025-08-12,12:30,
2025-08-12,12:45,
2025-08-12,13:00,
2025-08-12,13:15,
2025-08-12,13:30,
2025-08-12,13:45,
2025-08-12,14:00,
2025-08-12,14:15,
2025-08-12,14:30,
2025-08-12,14:45,
2025-08-12,15:00,
2025-08-12,15:15,
2025-08-12,15:30,
2025-08-12,15:45,
2025-08-12,16:00,
2025-08-12,16:15,
2025-08-12,16:30,
2025-08-12,16:45,
2025-08-12,17:00,
2025-08-12,17:15,
2025-08-12,17:30,
2025-08-12,17:45,
2025-08-12,18:00,
2025-08-12,18:15,
2025-08-12,18:30,
2025-08-12,18:45,
2025-08-12,19:00,
2025-08-12,19:15,
2025-08-12,19:30,
2025-08-12,19:45,
2025-08-12,20:00,
2025-08-12,20:15,
2025-08-12,20:30,
2025-08-12,20:45,
2025-08-12,21:00,
2025-08-12,21:15,
2025-08-12,21:30,
2025-08-12,21:45,
2025-08-12,22:00,
2025-08-12,22:15,
2025-08-12,22:30,
2025-08-12,22:45,
2025-08-12,23:00,
2025-08-12,23:15,
2025-08-12,23:30,
2025-08-12,23:45,
2025-08-13,00:00,
2025-08-13,00:15,
2025-08-13,00:30,
2025-08-13,00:45,
2025-08-13,01:00,
2025-08-13,01:15,
2025-08-13,01:30,
2025-08-13,01:45,
2025-08-13,02:00,
2025-08-13,02:15,
2025-08-13,02:30,
2025-08-13,02:45,
2025-08-13,03:00,
2025-08-13,03:15,
2025-08-13,03:30,
2025-08-13,03:45,
2025-08-13,04:00,
2025-08-13,04:15,
2025-08-13,04:30,
2025-08-13,04:45,
2025-08-13,05:00,
2025-08-13,05:15,
2025-08-13,05:30,
2025-08-13,05:45,
2025-08-13,06:00,
2025-08-13,06:15,
2025-08-13,06:30,
2025-08-13,06:45,
2025-08-13,07:00,
2025-08-13,07:15,
2025-08-13,07:30,
2025-08-13,07:45,
2025-08-13,08:00,
2025-08-13,08:15,
2025-08-13,08:30,
2025-08-13,08:45,
2025-08-13,09:00,
2025-08-13,09:15,
2025-08-13,09:30,
2025-08-13,09:45,
2025-08-13,10:00,
2025-08-13,10:15,
2025-08-13,10:30,
2025-08-13,10:45,
2025-08-13,11:00,
2025-08-13,11:15,
2025-08-13,11:30,
2025-08-13,11:45,
2025-08-13,12:00,
2025-08-13,12:15,
2025-08-13,12:30,
2025-08-13,12:45,
2025-08-13,13:00,
2025-08-13,13:15,
2025-08-13,13:30,
2025-08-13,13:45,
2025-08-13,14:00,
2025-08-13,14:15,
2025-08-13,14:30,
2025-08-13,14:45,
2025-08-13,15:00,
2025-08-13,15:15,
2025-08-13,15:30,
2025-08-13,15:45,
2025-08-13,16:00,
2025-08-13,16:15,
2025-08-13,16:30,
2025-08-13,16:45,
2025-08-13,17:00,
2025-08-13,17:15,
2025-08-13,17:30,
2025-08-13,17:45,
2025-08-13,18:00,
2025-08-13,18:15,
2025-08-13,18:30,
2025-08-13,18:45,
2025-08-13,19:00,
2025-08-13,19:15,
2025-08-13,19:30,
2025-08-13,19:45,
2025-08-13,20:00,
2025-08-13,20:15,
2025-08-13,20:30,
2025-08-13,20:45,
2025-08-13,21:00,
2025-08-13,21:15,
2025-08-13,21:30,
2025-08-13,21:45,
2025-08-13,22:00,
2025-08-13,22:15,
2025-08-13,22:30,
2025-08-13,22:45,
2025-08-13,23:00,
2025-08-13,23:15,
2025-08-13,23:30,
2025-08-13,23:45,
2025-08-14,00:00,
2025-08-14,00:15,
2025-08-14,00:30,
2025-08-14,00:45,
2025-08-14,01:00,
2025-08-14,01:15,
2025-08-14,01:30,
2025-08-14,01:45,
2025-08-14,02:00,
2025-08-14,02:15,
2025-08-14,02:30,
2025-08-14,02:45,
2025-08-14,03:00,
2025-08-14,03:15,
2025-08-14,03:30,
2025-08-14,03:45,
2025-08-14,04:00,
2025-08-14,04:15,
2025-08-14,04:30,
2025-08-14,04:45,
2025-08-14,05:00,
2025-08-14,05:15,
2025-08-14,05:30,
2025-08-14,05:45,
2025-08-14,06:00,
2025-08-14,06:15,
2025-08-14,06:30,
2025-08-14,06:45,
2025-08-14,07:00,
2025-08-14,07:15,
2025-08-14,07:30,
2025-08-14,07:45,
2025-08-14,08:00,
2025-08-14,08:15,
2025-08-14,08:30,
2025-08-14,08:45,
2025-08-14,09:00,
2025-08-14,09:15,
2025-08-14,09:30,
2025-08-14,09:45,
2025-08-14,10:00,
2025-08-14,10:15,
2025-08-14,10:30,
2025-08-14,10:45,
2025-08-14,11:00,
2025-08-14,11:15,
2025-08-14,11:30,
2025-08-14,11:45,
2025-08-14,12:00,
2025-08-14,12:15,
2025-08-14,12:30,
2025-08-14,12:45,
2025-08-14,13:00,
2025-08-14,13:15,
2025-08-14,13:30,
2025-08-14,13:45,
2025-08-14,14:00,
2025-08-14,14:15,
2025-08-14,14:30,
2025-08-14,14:45,
2025-08-14,15:00,
2025-08-14,15:15,
2025-08-14,15:30,
2025-08-14,15:45,
2025-08-14,16:00,
2025-08-14,16:15,
2025-08-14,16:30,
2025-08-14,16:45,
2025-08-14,17:00,
2025-08-14,17:15,
2025-08-14,17:30,
2025-08-14,17:45,
2025-08-14,18:00,
2025-08-14,18:15,
2025-08-14,18:30,
2025-08-14,18:45,
2025-08-14,19:00,
2025-08-14,19:15,
2025-08-14,19:30,
2025-08-14,19:45,
2025-08-14,20:00,
2025-08-14,20:15,
2025-08-14,20:30,
2025-08-14,20:45,
2025-08-14,21:00,
2025-08-14,21:15,
2025-08-14,21:30,
2025-08-14,21:45,
2025-08-14,22:00,
2025-08-14,22:15,
2025-08-14,22:30,
2025-08-14,22:45,
2025-08-14,23:00,
2025-08-14,23:15,
2025-08-14,23:30,
2025-08-14,23:45,
2025-08-15,00:00,
2025-08-15,00:15,
2025-08-15,00:30,
2025-08-15,00:45,
2025-08-15,01:00,
2025-08-15,01:15,
2025-08-15,01:30,
2025-08-15,01:45,
2025-08-15,02:00,
2025-08-15,02:15,
2025-08-15,02:30,
2025-08-15,02:45,
2025-08-15,03:00,
2025-08-15,03:15,
2025-08-15,03:30,
2025-08-15,03:45,
2025-08-15,04:00,
2025-08-15,04:15,
2025-08-15,04:30,
2025-08-15,04:45,
2025-08-15,05:00,
2025-08-15,05:15,
2025-08-15,05:30,
2025-08-15,05:45,
2025-08-15,06:00,
2025-08-15,06:15,
2025-08-15,06:30,
2025-08-15,06:45,
2025-08-15,07:00,
2025-08-15,07:15,
2025-08-15,07:30,
2025-08-15,07:45,
2025-08-15,08:00,
2025-08-15,08:15,
2025-08-15,08:30,
2025-08-15,08:45,
2025-08-15,09:00,
2025-08-15,09:15,
2025-08-15,09:30,
2025-08-15,09:45,
2025-08-15,10:00,
2025-08-15,10:15,
2025-08-15,10:30,
2025-08-15,10:45,
2025-08-15,11:00,
2025-08-15,11:15,
2025-08-15,11:30,
2025-08-15,11:45,
2025-08-15,12:00,
2025-08-15,12:15,
2025-08-15,12:30,
2025-08-15,12:45,
2025-08-15,13:00,
2025-08-15,13:15,
2025-08-15,13:30,
2025-08-15,13:45,
2025-08-15,14:00,
2025-08-15,14:15,
2025-08-15,14:30,
2025-08-15,14:45,
2025-08-15,15:00,
2025-08-15,15:15,
2025-08-15,15:30,
2025-08-15,15:45,
2025-08-15,16:00,
2025-08-15,16:15,
2025-08-15,16:30,
2025-08-15,16:45,
2025-08-15,17:00,
2025-08-15,17:15,
2025-08-15,17:30,
2025-08-15,17:45,
2025-08-15,18:00,
2025-08-15,18:15,
2025-08-15,18:30,
2025-08-15,18:45,
2025-08-15,19:00,
2025-08-15,19:15,
2025-08-15,19:30,
2025-08-15,19:45,
2025-08-15,20:00,
2025-08-15,20:15,
2025-08-15,20:30,
2025-08-15,20:45,
2025-08-15,21:00,
2025-08-15,21:15,
2025-08-15,21:30,
2025-08-15,21:45,
2025-08-15,22:00,
2025-08-15,22:15,
2025-08-15,22:30,
2025-08-15,22:45,
2025-08-15,23:00,
2025-08-15,23:15,
2025-08-15,23:30,
2025-08-15,23:45,
2025-08-16,00:00,
2025-08-16,00:15,
2025-08-16,00:30,
2025-08-16,00:45,
2025-08-16,01:00,
2025-08-16,01:15,
2025-08-16,01:30,
2025-08-16,01:45,
2025-08-16,02:00,
2025-08-16,02:15,
2025-08-16,02:30,
2025-08-16,02:45,
2025-08-16,03:00,
2025-08-16,03:15,
2025-08-16,03:30,
2025-08-16,03:45,
2025-08-16,04:00,
2025-08-16,04:15,
2025-08-16,04:30,
2025-08-16,04:45,
2025-08-16,05:00,
2025-08-16,05:15,
2025-08-16,05:30,
2025-08-16,05:45,
2025-08-16,06:00,
2025-08-16,06:15,
2025-08-16,06:30,
2025-08-16,06:45,
2025-08-16,07:00,
2025-08-16,07:15,
2025-08-16,07:30,
2025-08-16,07:45,
2025-08-16,08:00,
2025-08-16,08:15,
2025-08-16,08:30,
2025-08-16,08:45,
2025-08-16,09:00,
2025-08-16,09:15,
2025-08-16,09:30,
2025-08-16,09:45,
2025-08-16,10:00,
2025-08-16,10:15,
2025-08-16,10:30,
2025-08-16,10:45,
2025-08-16,11:00,
2025-08-16,11:15,
2025-08-16,11:30,
2025-08-16,11:45,
2025-08-16,12:00,
2025-08-16,12:15,
2025-08-16,12:30,
2025-08-16,12:45,
2025-08-16,13:00,
2025-08-16,13:15,
2025-08-16,13:30,
2025-08-16,13:45,
2025-08-16,14:00,
2025-08-16,14:15,
2025-08-16,14:30,
2025-08-16,14:45,
2025-08-16,15:00,
2025-08-16,15:15,
2025-08-16,15:30,
2025-08-16,15:45,
2025-08-16,16:00,
2025-08-16,16:15,
2025-08-16,16:30,
2025-08-16,16:45,
2025-08-16,17:00,
2025-08-16,17:15,
2025-08-16,17:30,
2025-08-16,17:45,
2025-08-16,18:00,
2025-08-16,18:15,
2025-08-16,18:30,
2025-08-16,18:45,
2025-08-16,19:00,
2025-08-16,19:15,
2025-08-16,19:30,
2025-08-16,19:45,
2025-08-16,20:00,
2025-08-16,20:15,
2025-08-16,20:30,
2025-08-16,20:45,
2025-08-16,21:00,
2025-08-16,21:15,
2025-08-16,21:30,
2025-08-16,21:45,
2025-08-16,22:00,
2025-08-16,22:15,
2025-08-16,22:30,
2025-08-16,22:45,
2025-08-16,23:00,
2025-08-16,23:15,
2025-08-16,23:30,
2025-08-16,23:45,
2025-08-17,00:00,
2025-08-17,00:15,
2025-08-17,00:30,
2025-08-17,00:45,
2025-08-17,01:00,
2025-08-17,01:15,
2025-08-17,01:30,
2025-08-17,01:45,
2025-08-17,02:00,
2025-08-17,02:15,
2025-08-17,02:30,
2025-08-17,02:45,
2025-08-17,03:00,
2025-08-17,03:15,
2025-08-17,03:30,
2025-08-17,03:45,
2025-08-17,04:00,
2025-08-17,04:15,
2025-08-17,04:30,
2025-08-17,04:45,
2025-08-17,05:00,
2025-08-17,05:15,
2025-08-17,05:30,
2025-08-17,05:45,
2025-08-17,06:00,
2025-08-17,06:15,
2025-08-17,06:30,
2025-08-17,06:45,
2025-08-17,07:00,
2025-08-17,07:15,
2025-08-17,07:30,
2025-08-17,07:45,
2025-08-17,08:00,
2025-08-17,08:15,
2025-08-17,08:30,
2025-08-17,08:45,
2025-08-17,09:00,
2025-08-17,09:15,
2025-08-17,09:30,
2025-08-17,09:45,
2025-08-17,10:00,
2025-08-17,10:15,
2025-08-17,10:30,
2025-08-17,10:45,
2025-08-17,11:00,
2025-08-17,11:15,
2025-08-17,11:30,
2025-08-17,11:45,
2025-08-17,12:00,
2025-08-17,12:15,
2025-08-17,12:30,
2025-08-17,12:45,
2025-08-17,13:00,
2025-08-17,13:15,
2025-08-17,13:30,
2025-08-17,13:45,
2025-08-17,14:00,
2025-08-17,14:15,
2025-08-17,14:30,
2025-08-17,14:45,
2025-08-17,15:00,
2025-08-17,15:15,
2025-08-17,15:30,
2025-08-17,15:45,
2025-08-17,16:00,
2025-08-17,16:15,
2025-08-17,16:30,
2025-08-17,16:45,
2025-08-17,17:00,
2025-08-17,17:15,
2025-08-17,17:30,
2025-08-17,17:45,
2025-08-17,18:00,
2025-08-17,18:15,
2025-08-17,18:30,
2025-08-17,18:45,
2025-08-17,19:00,
2025-08-17,19:15,
2025-08-17,19:30,
2025-08-17,19:45,
2025-08-17,20:00,
2025-08-17,20:15,
2025-08-17,20:30,
2025-08-17,20:45,
2025-08-17,21:00,
2025-08-17,21:15,
2025-08-17,21:30,
2025-08-17,21:45,
2025-08-17,22:00,
2025-08-17,22:15,
2025-08-17,22:30,
2025-08-17,22:45,
2025-08-17,23:00,
2025-08-17,23:15,
2025-08-17,23:30,
2025-08-17,23:45,
2025-08-18,00:00,3196.2
2025-08-18,00:15,4067
2025-08-18,00:30,4435.2
2025-08-18,00:45,4270
2025-08-18,01:00,3854.2
2025-08-18,01:15,4405.8
2025-08-18,01:30,4394.6
2025-08-18,01:45,3641.4
2025-08-18,02:00,4277
2025-08-18,02:15,4410
2025-08-18,02:30,3285.8
2025-08-18,02:45,4040.4
2025-08-18,03:00,4445
2025-08-18,03:15,4340
2025-08-18,03:30,3806.6
2025-08-18,03:45,4338.6
2025-08-18,04:00,4352.6
2025-08-18,04:15,3633
2025-08-18,04:30,4236.4
2025-08-18,04:45,4390.4
2025-08-18,05:00,3197.6
2025-08-18,05:15,4020.8
2025-08-18,05:30,4452
2025-08-18,05:45,4298
2025-08-18,06:00,3742.2
2025-08-18,06:15,4316.2
2025-08-18,06:30,4289.6
2025-08-18,06:45,3472
2025-08-18,07:00,4092.2
2025-08-18,07:15,4244.8
2025-08-18,07:30,4009.6
2025-08-18,07:45,3621.8
2025-08-18,08:00,3388
2025-08-18,08:15,3974.6
2025-08-18,08:30,4134.2
2025-08-18,08:45,4116
2025-08-18,09:00,3815
2025-08-18,09:15,3686.2
2025-08-18,09:30,3221.4
2025-08-18,09:45,3101
2025-08-18,10:00,2900.8
2025-08-18,10:15,2734.2
2025-08-18,10:30,2522.8
2025-08-18,10:45,2305.8
2025-08-18,11:00,2063.6
2025-08-18,11:15,2585.8
2025-08-18,11:30,2821
2025-08-18,11:45,2850.4
2025-08-18,12:00,2878.4
2025-08-18,12:15,2954
2025-08-18,12:30,2863
2025-08-18,12:45,2779
2025-08-18,13:00,2676.8
2025-08-18,13:15,2543.8
2025-08-18,13:30,2417.8
2025-08-18,13:45,2654.4
2025-08-18,14:00,2702
2025-08-18,14:15,2104.2
2025-08-18,14:30,2597
2025-08-18,14:45,3094
2025-08-18,15:00,3092.6
2025-08-18,15:15,3176.6
2025-08-18,15:30,3204.6
2025-08-18,15:45,3180.8
2025-08-18,16:00,3129
2025-08-18,16:15,3101
2025-08-18,16:30,3008.6
2025-08-18,16:45,2850.4
2025-08-18,17:00,2762.2
2025-08-18,17:15,2612.4
2025-08-18,17:30,2343.6
2025-08-18,17:45,3022.6
2025-08-18,18:00,3479
2025-08-18,18:15,3529.4
2025-08-18,18:30,3623.2
2025-08-18,18:45,3626
2025-08-18,19:00,3553.2
2025-08-18,19:15,3484.6
2025-08-18,19:30,3397.8
2025-08-18,19:45,3243.8
2025-08-18,20:00,3082.8
2025-08-18,20:15,2914.8
2025-08-18,20:30,2756.6
2025-08-18,20:45,2545.2
2025-08-18,21:00,3173.8
2025-08-18,21:15,3543.4
2025-08-18,21:30,3596.6
2025-08-18,21:45,3607.8
2025-08-18,22:00,3564.4
2025-08-18,22:15,3476.2
2025-08-18,22:30,3397.8
2025-08-18,22:45,3313.8
2025-08-18,23:00,3131.8
2025-08-18,23:15,2947
2025-08-18,23:30,2758
2025-08-18,23:45,2584.4
2025-08-19,00:00,2469.6
2025-08-19,00:15,3038
2025-08-19,00:30,3446.8
2025-08-19,00:45,3591
2025-08-19,01:00,3578.4
2025-08-19,01:15,3588.2
2025-08-19,01:30,3518.2
2025-08-19,01:45,3392.2
2025-08-19,02:00,3283
2025-08-19,02:15,3101
2025-08-19,02:30,2961
2025-08-19,02:45,2847.6
2025-08-19,03:00,2630.6
2025-08-19,03:15,2637.6
2025-08-19,03:30,3355.8
2025-08-19,03:45,3483.2
2025-08-19,04:00,3511.2
2025-08-19,04:15,3651.2
2025-08-19,04:30,3525.2
2025-08-19,04:45,3502.8
2025-08-19,05:00,3395
2025-08-19,05:15,3168.2
2025-08-19,05:30,3021.2
2025-08-19,05:45,2969.4
2025-08-19,06:00,2767.8
2025-08-19,06:15,2321.2
2025-08-19,06:30,2679.6
2025-08-19,06:45,3161.2
2025-08-19,07:00,3280.2
2025-08-19,07:15,3278.8
2025-08-19,07:30,3281.6
2025-08-19,07:45,3231.2
2025-08-19,08:00,3095.4
2025-08-19,08:15,3448.2
2025-08-19,08:30,3276
2025-08-19,08:45,3077.2
2025-08-19,09:00,2907.8
2025-08-19,09:15,2696.4
2025-08-19,09:30,2514.4
2025-08-19,09:45,2839.2
2025-08-19,10:00,3389.4
2025-08-19,10:15,3430
2025-08-19,10:30,3476.2
2025-08-19,10:45,3470.6
2025-08-19,11:00,3382.4
2025-08-19,11:15,3301.2
2025-08-19,11:30,3157
2025-08-19,11:45,2959.6
2025-08-19,12:00,2888.2
2025-08-19,12:15,2690.8
2025-08-19,12:30,2511.6
2025-08-19,12:45,2188.2
2025-08-19,13:00,2601.2
2025-08-19,13:15,3263.4
2025-08-19,13:30,3306.8
2025-08-19,13:45,3389.4
2025-08-19,14:00,3430
2025-08-19,14:15,3389.4
2025-08-19,14:30,3579.8
2025-08-19,14:45,3035.2
2025-08-19,15:00,2926
2025-08-19,15:15,2959.6
2025-08-19,15:30,2856
2025-08-19,15:45,2665.6
2025-08-19,16:00,2480.8
2025-08-19,16:15,3067.4
2025-08-19,16:30,3547.6
2025-08-19,16:45,3792.6
2025-08-19,17:00,3859.8
2025-08-19,17:15,3850
2025-08-19,17:30,3854.2
2025-08-19,17:45,3808
2025-08-19,18:00,3763.2
2025-08-19,18:15,3231.2
2025-08-19,18:30,3103.8
2025-08-19,18:45,2956.8
2025-08-19,19:00,2762.2
2025-08-19,19:15,2529.8
2025-08-19,19:30,3183.6
2025-08-19,19:45,3612
2025-08-19,20:00,3651.2
2025-08-19,20:15,3682
2025-08-19,20:30,3705.8
2025-08-19,20:45,3402
2025-08-19,21:00,3351.6
2025-08-19,21:15,3248
2025-08-19,21:30,3110.8
2025-08-19,21:45,2952.6
2025-08-19,22:00,2745.4
2025-08-19,22:15,2681
2025-08-19,22:30,2378.6
2025-08-19,22:45,2998.8
2025-08-19,23:00,3458
2025-08-19,23:15,3476.2
2025-08-19,23:30,3505.6
2025-08-19,23:45,3469.2
2025-08-20,00:00,3404.8
2025-08-20,00:15,3326.4
2025-08-20,00:30,3182.2
2025-08-20,00:45,3059
2025-08-20,01:00,2921.8
2025-08-20,01:15,2739.8
2025-08-20,01:30,2576
2025-08-20,01:45,2308.6
2025-08-20,02:00,2961
2025-08-20,02:15,3364.2
2025-08-20,02:30,3413.2
2025-08-20,02:45,3470.6
2025-08-20,03:00,3462.2
2025-08-20,03:15,3388
2025-08-20,03:30,3288.6
2025-08-20,03:45,3256.4
2025-08-20,04:00,3074.4
2025-08-20,04:15,2935.8
2025-08-20,04:30,2728.6
2025-08-20,04:45,2450
2025-08-20,05:00,2745.4
2025-08-20,05:15,3068.8
2025-08-20,05:30,3413.2
2025-08-20,05:45,3505.6
2025-08-20,06:00,3567.2
2025-08-20,06:15,3409
2025-08-20,06:30,3416
2025-08-20,06:45,3295.6
2025-08-20,07:00,3129
2025-08-20,07:15,2948.4
2025-08-20,07:30,2748.2
2025-08-20,07:45,2549.4
2025-08-20,08:00,2280.6
2025-08-20,08:15,2723
2025-08-20,08:30,3368.4
2025-08-20,08:45,3383.8
2025-08-20,09:00,3392.2
2025-08-20,09:15,3406.2
2025-08-20,09:30,3315.2
2025-08-20,09:45,3201.8
2025-08-20,10:00,3178
2025-08-20,10:15,2885.4
2025-08-20,10:30,2721.6
2025-08-20,10:45,2675.4
2025-08-20,11:00,2396.8
2025-08-20,11:15,2172.8
2025-08-20,11:30,2632
2025-08-20,11:45,3056.2
2025-08-20,12:00,2944.2
2025-08-20,12:15,3033.8
2025-08-20,12:30,3001.6
2025-08-20,12:45,2962.4
2025-08-20,13:00,2760.8
2025-08-20,13:15,2910.6
2025-08-20,13:30,2632
2025-08-20,13:45,2506
2025-08-20,14:00,2394
2025-08-20,14:15,2241.4
2025-08-20,14:30,2035.6
2025-08-20,14:45,2623.6
2025-08-20,15:00,3103.8
2025-08-20,15:15,3161.2
2025-08-20,15:30,3395
2025-08-20,15:45,3434.2
2025-08-20,16:00,3256.4
2025-08-20,16:15,3243.8
2025-08-20,16:30,3381
2025-08-20,16:45,3196.2
2025-08-20,17:00,2840.6
2025-08-20,17:15,2731.4
2025-08-20,17:30,2683.8
2025-08-20,17:45,2521.4
2025-08-20,18:00,3250.8
2025-08-20,18:15,3663.8
2025-08-20,18:30,3731
2025-08-20,18:45,3795.4
2025-08-20,19:00,3771.6
2025-08-20,19:15,3760.4
2025-08-20,19:30,3665.2
2025-08-20,19:45,3445.4
2025-08-20,20:00,3274.6
2025-08-20,20:15,3102.4
2025-08-20,20:30,3039.4
2025-08-20,20:45,2860.2
2025-08-20,21:00,2707.6
2025-08-20,21:15,3459.4
2025-08-20,21:30,3729.6
2025-08-20,21:45,3775.8
2025-08-20,22:00,3851.4
2025-08-20,22:15,3826.2
2025-08-20,22:30,3749.2
2025-08-20,22:45,3673.6
2025-08-20,23:00,3572.8
2025-08-20,23:15,3409
2025-08-20,23:30,3238.2
2025-08-20,23:45,2903.6
2025-08-21,00:00,2727.2
2025-08-21,00:15,2493.4
2025-08-21,00:30,3262
2025-08-21,00:45,3624.6
2025-08-21,01:00,3897.6
2025-08-21,01:15,3932.6
2025-08-21,01:30,3858.4
2025-08-21,01:45,3802.4
2025-08-21,02:00,2300.2
2025-08-21,02:15,2272.2
2025-08-21,02:30,2276.4
2025-08-21,02:45,2255.4
2025-08-21,03:00,2202.2
2025-08-21,03:15,2192.4
2025-08-21,03:30,2199.4
2025-08-21,03:45,2199.4
2025-08-21,04:00,2014.6
2025-08-21,04:15,2030
2025-08-21,04:30,2017.4
2025-08-21,04:45,2024.4
2025-08-21,05:00,2032.8
2025-08-21,05:15,2020.2
2025-08-21,05:30,2024.4
2025-08-21,05:45,2038.4
2025-08-21,06:00,2003.4
2025-08-21,06:15,1978.2
2025-08-21,06:30,1965.6
2025-08-21,06:45,1961.4
2025-08-21,07:00,1937.6
2025-08-21,07:15,1894.2
2025-08-21,07:30,2744
2025-08-21,07:45,2412.2
2025-08-21,08:00,2196.6
2025-08-21,08:15,2730
2025-08-21,08:30,3158.4
2025-08-21,08:45,3318
2025-08-21,09:00,3357.2
2025-08-21,09:15,3404.8
2025-08-21,09:30,3280.2
2025-08-21,09:45,3210.2
2025-08-21,10:00,3337.6
2025-08-21,10:15,4156.6
2025-08-21,10:30,3857
2025-08-21,10:45,3907.4
2025-08-21,11:00,3805.2
2025-08-21,11:15,1916.6
2025-08-21,11:30,2588.6
2025-08-21,11:45,3059
2025-08-21,12:00,3533.6
2025-08-21,12:15,3017
2025-08-21,12:30,3113.6
2025-08-21,12:45,3476.2
2025-08-21,13:00,2805.6
2025-08-21,13:15,2615.2
2025-08-21,13:30,2458.4
2025-08-21,13:45,2275
2025-08-21,14:00,2153.2
2025-08-21,14:15,2037
2025-08-21,14:30,2910.6
2025-08-21,14:45,3120.6
2025-08-21,15:00,4590.6
2025-08-21,15:15,3885
2025-08-21,15:30,4781
2025-08-21,15:45,3204.6
2025-08-21,16:00,2181.2
2025-08-21,16:15,3087
2025-08-21,16:30,3711.4
2025-08-21,16:45,3361.4
2025-08-21,17:00,3620.4
2025-08-21,17:15,4279.8
2025-08-21,17:30,4253.2
2025-08-21,17:45,3525.2
2025-08-21,18:00,4219.6
2025-08-21,18:15,2888.2
2025-08-21,18:30,3117.8
2025-08-21,18:45,3116.4
2025-08-21,19:00,2828
2025-08-21,19:15,2955.4
2025-08-21,19:30,2962.4
2025-08-21,19:45,2954
2025-08-21,20:00,2970.8
2025-08-21,20:15,2980.6
2025-08-21,20:30,2969.4
2025-08-21,20:45,2954
2025-08-21,21:00,2976.4
2025-08-21,21:15,2954
2025-08-21,21:30,2961
2025-08-21,21:45,2961
2025-08-21,22:00,2815.4
2025-08-21,22:15,2941.4
2025-08-21,22:30,2938.6
2025-08-21,22:45,2793
2025-08-21,23:00,2801.4
2025-08-21,23:15,2784.6
2025-08-21,23:30,2790.2
2025-08-21,23:45,2788.8
2025-08-22,00:00,2798.6
2025-08-22,00:15,2795.8
2025-08-22,00:30,2781.8
2025-08-22,00:45,2794.4
2025-08-22,01:00,2779
2025-08-22,01:15,2773.4
2025-08-22,01:30,2752.4
2025-08-22,01:45,2639
2025-08-22,02:00,2637.6
2025-08-22,02:15,2630.6
2025-08-22,02:30,2646
2025-08-22,02:45,2637.6
2025-08-22,03:00,2639
2025-08-22,03:15,2637.6
2025-08-22,03:30,2634.8
2025-08-22,03:45,2644.6
2025-08-22,04:00,2623.6
2025-08-22,04:15,2634.8
2025-08-22,04:30,2625
2025-08-22,04:45,2615.2
2025-08-22,05:00,2620.8
2025-08-22,05:15,2587.2
2025-08-22,05:30,2639
2025-08-22,05:45,2650.2
2025-08-22,06:00,2622.2
2025-08-22,06:15,2604
2025-08-22,06:30,2571.8
2025-08-22,06:45,2555
2025-08-22,07:00,2532.6
2025-08-22,07:15,2300.2
2025-08-22,07:30,2319.8
2025-08-22,07:45,2227.4
2025-08-22,08:00,2184
2025-08-22,08:15,2137.8
2025-08-22,08:30,2444.4
2025-08-22,08:45,2553.6
2025-08-22,09:00,2651.6
2025-08-22,09:15,2630.6
2025-08-22,09:30,2753.8
2025-08-22,09:45,2710.4
2025-08-22,10:00,2693.6
2025-08-22,10:15,2706.2
2025-08-22,10:30,2653
2025-08-22,10:45,2627.8
2025-08-22,11:00,2585.8
2025-08-22,11:15,2560.6
2025-08-22,11:30,2714.6
2025-08-22,11:45,2727.2
2025-08-22,12:00,3087
2025-08-22,12:15,2972.2
2025-08-22,12:30,2508.8
2025-08-22,12:45,3000.2
2025-08-22,13:00,3117.8
2025-08-22,13:15,3131.8
2025-08-22,13:30,3138.8
2025-08-22,13:45,3116.4
2025-08-22,14:00,2849
2025-08-22,14:15,2800
2025-08-22,14:30,2737
2025-08-22,14:45,2549.4
2025-08-22,15:00,2591.4
2025-08-22,15:15,2692.2
2025-08-22,15:30,2648.8
2025-08-22,15:45,2665.6
2025-08-22,16:00,3599.4
2025-08-22,16:15,4092.2
2025-08-22,16:30,3841.6
2025-08-22,16:45,3670.8
2025-08-22,17:00,3690.4
2025-08-22,17:15,3585.4
2025-08-22,17:30,3599.4
2025-08-22,17:45,3493
2025-08-22,18:00,3360
2025-08-22,18:15,3211.6
2025-08-22,18:30,3038
2025-08-22,18:45,2928.8
2025-08-22,19:00,2700.6
2025-08-22,19:15,3243.8
2025-08-22,19:30,3743.6
2025-08-22,19:45,3707.2
2025-08-22,20:00,3766
2025-08-22,20:15,3777.2
2025-08-22,20:30,3721.2
2025-08-22,20:45,3718.4
2025-08-22,21:00,3231.2
2025-08-22,21:15,3102.4
2025-08-22,21:30,2949.8
2025-08-22,21:45,2756.6
2025-08-22,22:00,2557.8
2025-08-22,22:15,2318.4
2025-08-22,22:30,3130.4
2025-08-22,22:45,3508.4
2025-08-22,23:00,3491.6
2025-08-22,23:15,3564.4
2025-08-22,23:30,3875.2
2025-08-22,23:45,4291
2025-08-23,00:00,4278.4
2025-08-23,00:15,4156.6
2025-08-23,00:30,4020.8
2025-08-23,00:45,3768.8
2025-08-23,01:00,3606.4
2025-08-23,01:15,3424.4
2025-08-23,01:30,3134.6
2025-08-23,01:45,3886.4
2025-08-23,02:00,4314.8
2025-08-23,02:15,4338.6
2025-08-23,02:30,4397.4
2025-08-23,02:45,4377.8
2025-08-23,03:00,4319
2025-08-23,03:15,4256
2025-08-23,03:30,4120.2
2025-08-23,03:45,3987.2
2025-08-23,04:00,3806.6
2025-08-23,04:15,3640
2025-08-23,04:30,3442.6
2025-08-23,04:45,3124.8
2025-08-23,05:00,3880.8
2025-08-23,05:15,4272.8
2025-08-23,05:30,4292.4
2025-08-23,05:45,4355.4
2025-08-23,06:00,4321.8
2025-08-23,06:15,3704.4
2025-08-23,06:30,3561.6
2025-08-23,06:45,3388
2025-08-23,07:00,3231.2
2025-08-23,07:15,3035.2
2025-08-23,07:30,2583
2025-08-23,07:45,2499
2025-08-23,08:00,2147.6
2025-08-23,08:15,2885.4
2025-08-23,08:30,3585.4
2025-08-23,08:45,3526.6
2025-08-23,09:00,3633
2025-08-23,09:15,3564.4
2025-08-23,09:30,3431.4
2025-08-23,09:45,3242.4
2025-08-23,10:00,3071.6
2025-08-23,10:15,2951.2
2025-08-23,10:30,2905
2025-08-23,10:45,2763.6
2025-08-23,11:00,2759.4
2025-08-23,11:15,3094
2025-08-23,11:30,3423
2025-08-23,11:45,3467.8
2025-08-23,12:00,3462.2
2025-08-23,12:15,3508.4
2025-08-23,12:30,3599.4
2025-08-23,12:45,3528
2025-08-23,13:00,3913
2025-08-23,13:15,3708.6
2025-08-23,13:30,3173.8
2025-08-23,13:45,2823.8
2025-08-23,14:00,2973.6
2025-08-23,14:15,2464
2025-08-23,14:30,2682.4
2025-08-23,14:45,3355.8
2025-08-23,15:00,3535
2025-08-23,15:15,3418.8
2025-08-23,15:30,3460.8
2025-08-23,15:45,3628.8
2025-08-23,16:00,3533.6
2025-08-23,16:15,3761.8
2025-08-23,16:30,3677.8
2025-08-23,16:45,3728.2
2025-08-23,17:00,3385.2
2025-08-23,17:15,3197.6
2025-08-23,17:30,2986.2
2025-08-23,17:45,3129
2025-08-23,18:00,3746.4
2025-08-23,18:15,3955
2025-08-23,18:30,4008.2
2025-08-23,18:45,4054.4
2025-08-23,19:00,3985.8
2025-08-23,19:15,3928.4
2025-08-23,19:30,3852.8
2025-08-23,19:45,3763.2
2025-08-23,20:00,3585.4
2025-08-23,20:15,3416
2025-08-23,20:30,3245.2
2025-08-23,20:45,3056.2
2025-08-23,21:00,3271.8
2025-08-23,21:15,3841.6
2025-08-23,21:30,3964.8
2025-08-23,21:45,4061.4
2025-08-23,22:00,4096.4
2025-08-23,22:15,4027.8
2025-08-23,22:30,4012.4
2025-08-23,22:45,3815
2025-08-23,23:00,3677.8
2025-08-23,23:15,3511.2
2025-08-23,23:30,3334.8
2025-08-23,23:45,3194.8
2025-08-24,00:00,3026.8
2025-08-24,00:15,3383.8
2025-08-24,00:30,3917.2
2025-08-24,00:45,3932.6
2025-08-24,01:00,3983
2025-08-24,01:15,4013.8
2025-08-24,01:30,3960.6
2025-08-24,01:45,3883.6
2025-08-24,02:00,3796.8
2025-08-24,02:15,3605
2025-08-24,02:30,3439.8
2025-08-24,02:45,3277.4
2025-08-24,03:00,3103.8
2025-08-24,03:15,2829.4
2025-08-24,03:30,3487.4
2025-08-24,03:45,3904.6
2025-08-24,04:00,3945.2
2025-08-24,04:15,3999.8
2025-08-24,04:30,4002.6
2025-08-24,04:45,3934
2025-08-24,05:00,3851.4
2025-08-24,05:15,3683.4
2025-08-24,05:30,3581.2
2025-08-24,05:45,3418.8
2025-08-24,06:00,3250.8
2025-08-24,06:15,3064.6
2025-08-24,06:30,2732.8
2025-08-24,06:45,3434.2
2025-08-24,07:00,3859.8
2025-08-24,07:15,3859.8
2025-08-24,07:30,3879.4
2025-08-24,07:45,3757.6
2025-08-24,08:00,3803.8
2025-08-24,08:15,3938.2
2025-08-24,08:30,3717
2025-08-24,08:45,3291.4
2025-08-24,09:00,3161.2
2025-08-24,09:15,3015.6
2025-08-24,09:30,2787.4
2025-08-24,09:45,2748.2
2025-08-24,10:00,3136
2025-08-24,10:15,3463.6
2025-08-24,10:30,3557.4
2025-08-24,10:45,3564.4
2025-08-24,11:00,3518.2
2025-08-24,11:15,3432.8
2025-08-24,11:30,3357.2
2025-08-24,11:45,3574.2
2025-08-24,12:00,2990.4
2025-08-24,12:15,2875.6
2025-08-24,12:30,3241
2025-08-24,12:45,2660
2025-08-24,13:00,2226
2025-08-24,13:15,2979.2
2025-08-24,13:30,3782.8
2025-08-24,13:45,3213
2025-08-24,14:00,3353
2025-08-24,14:15,3308.2
2025-08-24,14:30,3304
2025-08-24,14:45,3208.8
2025-08-24,15:00,3053.4
2025-08-24,15:15,2973.6
2025-08-24,15:30,2646
2025-08-24,15:45,2731.4
2025-08-24,16:00,2956.8
2025-08-24,16:15,3386.6
2025-08-24,16:30,3864
2025-08-24,16:45,3817.8
2025-08-24,17:00,3904.6
2025-08-24,17:15,3962
2025-08-24,17:30,3901.8
2025-08-24,17:45,3862.6
2025-08-24,18:00,3781.4
2025-08-24,18:15,3745
2025-08-24,18:30,3605
2025-08-24,18:45,3456.6
2025-08-24,19:00,3364.2
2025-08-24,19:15,3038
2025-08-24,19:30,3578.4
2025-08-24,19:45,4030.6
2025-08-24,20:00,4068.4
2025-08-24,20:15,4113.2
2025-08-24,20:30,4165
2025-08-24,20:45,4099.2
2025-08-24,21:00,4018
2025-08-24,21:15,3999.8
2025-08-24,21:30,3817.8
2025-08-24,21:45,3305.4
2025-08-24,22:00,3106.6
2025-08-24,22:15,2975
2025-08-24,22:30,3019.8
2025-08-24,22:45,3599.4
2025-08-24,23:00,4006.8
2025-08-24,23:15,4029.2
2025-08-24,23:30,4111.8
2025-08-24,23:45,4114.6
2025-08-25,00:00,4012.4
2025-08-25,00:15,3921.4
2025-08-25,00:30,3799.6
2025-08-25,00:45,3546.2
2025-08-25,01:00,3449.6
2025-08-25,01:15,3269
2025-08-25,01:30,3082.8
2025-08-25,01:45,2853.2
2025-08-25,02:00,3428.6
2025-08-25,02:15,3845.8
2025-08-25,02:30,4029.2
2025-08-25,02:45,4067
2025-08-25,03:00,4067
2025-08-25,03:15,4011
2025-08-25,03:30,3948
2025-08-25,03:45,3830.4
2025-08-25,04:00,3673.6
2025-08-25,04:15,3519.6
2025-08-25,04:30,3340.4
2025-08-25,04:45,3155.6
2025-08-25,05:00,2980.6
2025-08-25,05:15,3455.2
2025-08-25,05:30,3969
2025-08-25,05:45,3959.2
2025-08-25,06:00,4086.6
2025-08-25,06:15,4055.8
2025-08-25,06:30,3978.8
2025-08-25,06:45,3915.8
2025-08-25,07:00,3754.8
2025-08-25,07:15,3542
2025-08-25,07:30,3364.2
2025-08-25,07:45,3168.2
2025-08-25,08:00,3012.8
2025-08-25,08:15,2639
2025-08-25,08:30,3378.2
2025-08-25,08:45,3686.2
2025-08-25,09:00,3922.8
2025-08-25,09:15,3830.4
2025-08-25,09:30,3768.8
2025-08-25,09:45,3640
2025-08-25,10:00,3351.6
2025-08-25,10:15,3749.2
2025-08-25,10:30,3565.8
2025-08-25,10:45,3537.8
2025-08-25,11:00,3036.6
2025-08-25,11:15,2871.4
2025-08-25,11:30,2769.2
2025-08-25,11:45,3614.8
2025-08-25,12:00,3591
2025-08-25,12:15,3887.8
2025-08-25,12:30,4040.4
2025-08-25,12:45,4026.4
2025-08-25,13:00,3750.6
2025-08-25,13:15,3571.4
2025-08-25,13:30,3700.2
2025-08-25,13:45,3655.4
2025-08-25,14:00,4897.2
2025-08-25,14:15,4670.4
2025-08-25,14:30,3634.4
2025-08-25,14:45,2965.2
2025-08-25,15:00,5261.2
2025-08-25,15:15,4246.2
2025-08-25,15:30,3942.4
2025-08-25,15:45,4219.6
2025-08-25,16:00,4144
2025-08-25,16:15,4040.4
2025-08-25,16:30,4096.4
2025-08-25,16:45,3890.6
2025-08-25,17:00,3448.2
2025-08-25,17:15,3203.2
2025-08-25,17:30,3123.4
2025-08-25,17:45,3008.6
2025-08-25,18:00,3462.2
2025-08-25,18:15,3991.4
2025-08-25,18:30,4064.2
2025-08-25,18:45,4153.8
2025-08-25,19:00,4222.4
2025-08-25,19:15,4145.4
2025-08-25,19:30,4083.8
2025-08-25,19:45,3980.2
2025-08-25,20:00,3850
2025-08-25,20:15,3620.4
2025-08-25,20:30,3487.4
2025-08-25,20:45,3305.4
2025-08-25,21:00,3077.2
2025-08-25,21:15,3682
2025-08-25,21:30,4117.4
2025-08-25,21:45,4025
2025-08-25,22:00,4023.6
2025-08-25,22:15,4071.2
2025-08-25,22:30,4011
2025-08-25,22:45,3929.8
2025-08-25,23:00,3820.6
2025-08-25,23:15,3690.4
2025-08-25,23:30,3505.6
2025-08-25,23:45,3336.2
2025-08-26,00:00,
2025-08-26,00:15,
2025-08-26,00:30,
2025-08-26,00:45,
2025-08-26,01:00,
2025-08-26,01:15,
2025-08-26,01:30,
2025-08-26,01:45,
2025-08-26,02:00,
2025-08-26,02:15,
2025-08-26,02:30,
2025-08-26,02:45,
2025-08-26,03:00,
2025-08-26,03:15,
2025-08-26,03:30,
2025-08-26,03:45,
2025-08-26,04:00,
2025-08-26,04:15,
2025-08-26,04:30,
2025-08-26,04:45,
2025-08-26,05:00,
2025-08-26,05:15,
2025-08-26,05:30,
2025-08-26,05:45,
2025-08-26,06:00,
2025-08-26,06:15,
2025-08-26,06:30,
2025-08-26,06:45,
2025-08-26,07:00,
2025-08-26,07:15,
2025-08-26,07:30,
2025-08-26,07:45,
2025-08-26,08:00,
2025-08-26,08:15,
2025-08-26,08:30,
2025-08-26,08:45,
2025-08-26,09:00,
2025-08-26,09:15,
2025-08-26,09:30,
2025-08-26,09:45,
2025-08-26,10:00,
2025-08-26,10:15,
2025-08-26,10:30,
2025-08-26,10:45,
2025-08-26,11:00,
2025-08-26,11:15,
2025-08-26,11:30,
2025-08-26,11:45,
2025-08-26,12:00,
2025-08-26,12:15,
2025-08-26,12:30,
2025-08-26,12:45,
2025-08-26,13:00,
2025-08-26,13:15,
2025-08-26,13:30,
2025-08-26,13:45,
2025-08-26,14:00,
2025-08-26,14:15,
2025-08-26,14:30,
2025-08-26,14:45,
2025-08-26,15:00,
2025-08-26,15:15,
2025-08-26,15:30,
2025-08-26,15:45,
2025-08-26,16:00,
2025-08-26,16:15,
2025-08-26,16:30,
2025-08-26,16:45,
2025-08-26,17:00,
2025-08-26,17:15,
2025-08-26,17:30,
2025-08-26,17:45,
2025-08-26,18:00,
2025-08-26,18:15,
2025-08-26,18:30,
2025-08-26,18:45,
2025-08-26,19:00,
2025-08-26,19:15,
2025-08-26,19:30,
2025-08-26,19:45,
2025-08-26,20:00,
2025-08-26,20:15,
2025-08-26,20:30,
2025-08-26,20:45,
2025-08-26,21:00,
2025-08-26,21:15,
2025-08-26,21:30,
2025-08-26,21:45,
2025-08-26,22:00,
2025-08-26,22:15,
2025-08-26,22:30,
2025-08-26,22:45,
2025-08-26,23:00,
2025-08-26,23:15,
2025-08-26,23:30,
2025-08-26,23:45,
2025-08-27,00:00,
2025-08-27,00:15,
2025-08-27,00:30,
2025-08-27,00:45,
2025-08-27,01:00,
2025-08-27,01:15,
2025-08-27,01:30,
2025-08-27,01:45,
2025-08-27,02:00,
2025-08-27,02:15,
2025-08-27,02:30,
2025-08-27,02:45,
2025-08-27,03:00,
2025-08-27,03:15,
2025-08-27,03:30,
2025-08-27,03:45,
2025-08-27,04:00,
2025-08-27,04:15,
2025-08-27,04:30,
2025-08-27,04:45,
2025-08-27,05:00,
2025-08-27,05:15,
2025-08-27,05:30,
2025-08-27,05:45,
2025-08-27,06:00,
2025-08-27,06:15,
2025-08-27,06:30,
2025-08-27,06:45,
2025-08-27,07:00,
2025-08-27,07:15,
2025-08-27,07:30,
2025-08-27,07:45,
2025-08-27,08:00,
2025-08-27,08:15,
2025-08-27,08:30,
2025-08-27,08:45,
2025-08-27,09:00,
2025-08-27,09:15,
2025-08-27,09:30,
2025-08-27,09:45,
2025-08-27,10:00,
2025-08-27,10:15,
2025-08-27,10:30,
2025-08-27,10:45,
2025-08-27,11:00,
2025-08-27,11:15,
2025-08-27,11:30,
2025-08-27,11:45,
2025-08-27,12:00,
2025-08-27,12:15,
2025-08-27,12:30,
2025-08-27,12:45,
2025-08-27,13:00,
2025-08-27,13:15,
2025-08-27,13:30,
2025-08-27,13:45,
2025-08-27,14:00,
2025-08-27,14:15,
2025-08-27,14:30,
2025-08-27,14:45,
2025-08-27,15:00,
2025-08-27,15:15,
2025-08-27,15:30,
2025-08-27,15:45,
2025-08-27,16:00,
2025-08-27,16:15,
2025-08-27,16:30,
2025-08-27,16:45,
2025-08-27,17:00,
2025-08-27,17:15,
2025-08-27,17:30,
2025-08-27,17:45,
2025-08-27,18:00,
2025-08-27,18:15,
2025-08-27,18:30,
2025-08-27,18:45,
2025-08-27,19:00,
2025-08-27,19:15,
2025-08-27,19:30,
2025-08-27,19:45,
2025-08-27,20:00,
2025-08-27,20:15,
2025-08-27,20:30,
2025-08-27,20:45,
2025-08-27,21:00,
2025-08-27,21:15,
2025-08-27,21:30,
2025-08-27,21:45,
2025-08-27,22:00,
2025-08-27,22:15,
2025-08-27,22:30,
2025-08-27,22:45,
2025-08-27,23:00,
2025-08-27,23:15,
2025-08-27,23:30,
2025-08-27,23:45,
2025-08-28,00:00,
2025-08-28,00:15,
2025-08-28,00:30,
2025-08-28,00:45,
2025-08-28,01:00,
2025-08-28,01:15,
2025-08-28,01:30,
2025-08-28,01:45,
2025-08-28,02:00,
2025-08-28,02:15,
2025-08-28,02:30,
2025-08-28,02:45,
2025-08-28,03:00,
2025-08-28,03:15,
2025-08-28,03:30,
2025-08-28,03:45,
2025-08-28,04:00,
2025-08-28,04:15,
2025-08-28,04:30,
2025-08-28,04:45,
2025-08-28,05:00,
2025-08-28,05:15,
2025-08-28,05:30,
2025-08-28,05:45,
2025-08-28,06:00,
2025-08-28,06:15,
2025-08-28,06:30,
2025-08-28,06:45,
2025-08-28,07:00,
2025-08-28,07:15,
2025-08-28,07:30,
2025-08-28,07:45,
2025-08-28,08:00,
2025-08-28,08:15,
2025-08-28,08:30,
2025-08-28,08:45,
2025-08-28,09:00,
2025-08-28,09:15,
2025-08-28,09:30,
2025-08-28,09:45,
2025-08-28,10:00,
2025-08-28,10:15,
2025-08-28,10:30,
2025-08-28,10:45,
2025-08-28,11:00,
2025-08-28,11:15,
2025-08-28,11:30,
2025-08-28,11:45,
2025-08-28,12:00,
2025-08-28,12:15,
2025-08-28,12:30,
2025-08-28,12:45,
2025-08-28,13:00,
2025-08-28,13:15,
2025-08-28,13:30,
2025-08-28,13:45,
2025-08-28,14:00,
2025-08-28,14:15,
2025-08-28,14:30,
2025-08-28,14:45,
2025-08-28,15:00,
2025-08-28,15:15,
2025-08-28,15:30,
2025-08-28,15:45,
2025-08-28,16:00,
2025-08-28,16:15,
2025-08-28,16:30,
2025-08-28,16:45,
2025-08-28,17:00,
2025-08-28,17:15,
2025-08-28,17:30,
2025-08-28,17:45,
2025-08-28,18:00,
2025-08-28,18:15,
2025-08-28,18:30,
2025-08-28,18:45,
2025-08-28,19:00,
2025-08-28,19:15,
2025-08-28,19:30,
2025-08-28,19:45,
2025-08-28,20:00,
2025-08-28,20:15,
2025-08-28,20:30,
2025-08-28,20:45,
2025-08-28,21:00,
2025-08-28,21:15,
2025-08-28,21:30,
2025-08-28,21:45,
2025-08-28,22:00,
2025-08-28,22:15,
2025-08-28,22:30,
2025-08-28,22:45,
2025-08-28,23:00,
2025-08-28,23:15,
2025-08-28,23:30,
2025-08-28,23:45,
2025-08-29,00:00,4422.6
2025-08-29,00:15,3536.4
2025-08-29,00:30,4190.2
2025-08-29,00:45,4425.4
2025-08-29,01:00,3962
2025-08-29,01:15,3941
2025-08-29,01:30,4417
2025-08-29,01:45,4356.8
2025-08-29,02:00,3696
2025-08-29,02:15,4314.8
2025-08-29,02:30,4386.2
2025-08-29,02:45,3355.8
2025-08-29,03:00,4117.4
2025-08-29,03:15,4419.8
2025-08-29,03:30,3939.6
2025-08-29,03:45,3869.6
2025-08-29,04:00,4351.2
2025-08-29,04:15,4299.4
2025-08-29,04:30,3642.8
2025-08-29,04:45,4253.2
2025-08-29,05:00,4295.2
2025-08-29,05:15,3435.6
2025-08-29,05:30,3662.4
2025-08-29,05:45,3922.8
2025-08-29,06:00,3424.4
2025-08-29,06:15,3451
2025-08-29,06:30,3908.8
2025-08-29,06:45,3858.4
2025-08-29,07:00,3178
2025-08-29,07:15,3936.8
2025-08-29,07:30,3942.4
2025-08-29,07:45,2905
2025-08-29,08:00,3654
2025-08-29,08:15,3879.4
2025-08-29,08:30,3526.6
2025-08-29,08:45,3535
2025-08-29,09:00,3920
2025-08-29,09:15,3850
2025-08-29,09:30,3165.4
2025-08-29,09:45,3752
2025-08-29,10:00,3812.2
2025-08-29,10:15,2846.2
2025-08-29,10:30,3536.4
2025-08-29,10:45,3721.2
2025-08-29,11:00,3249.4
2025-08-29,11:15,3161.2
2025-08-29,11:30,3637.2
2025-08-29,11:45,3613.4
2025-08-29,12:00,2951.2
2025-08-29,12:15,4524.8
2025-08-29,12:30,4573.8
2025-08-29,12:45,3438.4
2025-08-29,13:00,4197.2
2025-08-29,13:15,4326
2025-08-29,13:30,4069.8
2025-08-29,13:45,4054.4
2025-08-29,14:00,4368
2025-08-29,14:15,3816.4
2025-08-29,14:30,3327.8
2025-08-29,14:45,4404.4
2025-08-29,15:00,4470.2
2025-08-29,15:15,3176.6
2025-08-29,15:30,3864
2025-08-29,15:45,3805.2
2025-08-29,16:00,4449.2
2025-08-29,16:15,3939.6
2025-08-29,16:30,4134.2
2025-08-29,16:45,3872.4
2025-08-29,17:00,3294.2
2025-08-29,17:15,3914.4
2025-08-29,17:30,3981.6
2025-08-29,17:45,3021.2
2025-08-29,18:00,3767.4
2025-08-29,18:15,4020.8
2025-08-29,18:30,3549
2025-08-29,18:45,3543.4
2025-08-29,19:00,3941
2025-08-29,19:15,3953.6
2025-08-29,19:30,3263.4
2025-08-29,19:45,3978.8
2025-08-29,20:00,3945.2
2025-08-29,20:15,2987.6
2025-08-29,20:30,3725.4
2025-08-29,20:45,4012.4
2025-08-29,21:00,3526.6
2025-08-29,21:15,3521
2025-08-29,21:30,3994.2
2025-08-29,21:45,3941
2025-08-29,22:00,3270.4
2025-08-29,22:15,3925.6
2025-08-29,22:30,3962
2025-08-29,22:45,2959.6
2025-08-29,23:00,3719.8
2025-08-29,23:15,3997
2025-08-29,23:30,3565.8
2025-08-29,23:45,3556
2025-08-30,00:00,
2025-08-30,00:15,
2025-08-30,00:30,
2025-08-30,00:45,
2025-08-30,01:00,
2025-08-30,01:15,
2025-08-30,01:30,
2025-08-30,01:45,
2025-08-30,02:00,
2025-08-30,02:15,
2025-08-30,02:30,
2025-08-30,02:45,
2025-08-30,03:00,
2025-08-30,03:15,
2025-08-30,03:30,
2025-08-30,03:45,
2025-08-30,04:00,
2025-08-30,04:15,
2025-08-30,04:30,
2025-08-30,04:45,
2025-08-30,05:00,
2025-08-30,05:15,
2025-08-30,05:30,
2025-08-30,05:45,
2025-08-30,06:00,
2025-08-30,06:15,
2025-08-30,06:30,
2025-08-30,06:45,
2025-08-30,07:00,
2025-08-30,07:15,
2025-08-30,07:30,
2025-08-30,07:45,
2025-08-30,08:00,
2025-08-30,08:15,
2025-08-30,08:30,
2025-08-30,08:45,
2025-08-30,09:00,
2025-08-30,09:15,
2025-08-30,09:30,
2025-08-30,09:45,
2025-08-30,10:00,
2025-08-30,10:15,
2025-08-30,10:30,
2025-08-30,10:45,
2025-08-30,11:00,
2025-08-30,11:15,
2025-08-30,11:30,
2025-08-30,11:45,
2025-08-30,12:00,
2025-08-30,12:15,
2025-08-30,12:30,
2025-08-30,12:45,
2025-08-30,13:00,
2025-08-30,13:15,
2025-08-30,13:30,
2025-08-30,13:45,
2025-08-30,14:00,
2025-08-30,14:15,
2025-08-30,14:30,
2025-08-30,14:45,
2025-08-30,15:00,
2025-08-30,15:15,
2025-08-30,15:30,
2025-08-30,15:45,
2025-08-30,16:00,
2025-08-30,16:15,
2025-08-30,16:30,
2025-08-30,16:45,
2025-08-30,17:00,
2025-08-30,17:15,
2025-08-30,17:30,
2025-08-30,17:45,
2025-08-30,18:00,
2025-08-30,18:15,
2025-08-30,18:30,
2025-08-30,18:45,
2025-08-30,19:00,
2025-08-30,19:15,
2025-08-30,19:30,
2025-08-30,19:45,
2025-08-30,20:00,
2025-08-30,20:15,
2025-08-30,20:30,
2025-08-30,20:45,
2025-08-30,21:00,
2025-08-30,21:15,
2025-08-30,21:30,
2025-08-30,21:45,
2025-08-30,22:00,
2025-08-30,22:15,
2025-08-30,22:30,
2025-08-30,22:45,
2025-08-30,23:00,
2025-08-30,23:15,
2025-08-30,23:30,
2025-08-30,23:45,
2025-08-31,00:00,
2025-08-31,00:15,
2025-08-31,00:30,
2025-08-31,00:45,
2025-08-31,01:00,
2025-08-31,01:15,
2025-08-31,01:30,
2025-08-31,01:45,
2025-08-31,02:00,
2025-08-31,02:15,
2025-08-31,02:30,
2025-08-31,02:45,
2025-08-31,03:00,
2025-08-31,03:15,
2025-08-31,03:30,
2025-08-31,03:45,
2025-08-31,04:00,
2025-08-31,04:15,
2025-08-31,04:30,
2025-08-31,04:45,
2025-08-31,05:00,
2025-08-31,05:15,
2025-08-31,05:30,
2025-08-31,05:45,
2025-08-31,06:00,
2025-08-31,06:15,
2025-08-31,06:30,
2025-08-31,06:45,
2025-08-31,07:00,
2025-08-31,07:15,
2025-08-31,07:30,
2025-08-31,07:45,
2025-08-31,08:00,
2025-08-31,08:15,
2025-08-31,08:30,
2025-08-31,08:45,
2025-08-31,09:00,
2025-08-31,09:15,
2025-08-31,09:30,
2025-08-31,09:45,
2025-08-31,10:00,
2025-08-31,10:15,
2025-08-31,10:30,
2025-08-31,10:45,
2025-08-31,11:00,
2025-08-31,11:15,
2025-08-31,11:30,
2025-08-31,11:45,
2025-08-31,12:00,
2025-08-31,12:15,
2025-08-31,12:30,
2025-08-31,12:45,
2025-08-31,13:00,
2025-08-31,13:15,
2025-08-31,13:30,
2025-08-31,13:45,
2025-08-31,14:00,
2025-08-31,14:15,
2025-08-31,14:30,
2025-08-31,14:45,
2025-08-31,15:00,
2025-08-31,15:15,
2025-08-31,15:30,
2025-08-31,15:45,
2025-08-31,16:00,
2025-08-31,16:15,
2025-08-31,16:30,
2025-08-31,16:45,
2025-08-31,17:00,
2025-08-31,17:15,
2025-08-31,17:30,
2025-08-31,17:45,
2025-08-31,18:00,
2025-08-31,18:15,
2025-08-31,18:30,
2025-08-31,18:45,
2025-08-31,19:00,
2025-08-31,19:15,
2025-08-31,19:30,
2025-08-31,19:45,
2025-08-31,20:00,
2025-08-31,20:15,
2025-08-31,20:30,
2025-08-31,20:45,
2025-08-31,21:00,
2025-08-31,21:15,
2025-08-31,21:30,
2025-08-31,21:45,
2025-08-31,22:00,
2025-08-31,22:15,
2025-08-31,22:30,
2025-08-31,22:45,
2025-08-31,23:00,
2025-08-31,23:15,
2025-08-31,23:30,
2025-08-31,23:45,
2025-09-01,00:00,
2025-09-01,00:15,
2025-09-01,00:30,
2025-09-01,00:45,
2025-09-01,01:00,
2025-09-01,01:15,
2025-09-01,01:30,
2025-09-01,01:45,
2025-09-01,02:00,
2025-09-01,02:15,
2025-09-01,02:30,
2025-09-01,02:45,
2025-09-01,03:00,
2025-09-01,03:15,
2025-09-01,03:30,
2025-09-01,03:45,
2025-09-01,04:00,
2025-09-01,04:15,
2025-09-01,04:30,
2025-09-01,04:45,
2025-09-01,05:00,
2025-09-01,05:15,
2025-09-01,05:30,
2025-09-01,05:45,
2025-09-01,06:00,
2025-09-01,06:15,
2025-09-01,06:30,
2025-09-01,06:45,
2025-09-01,07:00,
2025-09-01,07:15,
2025-09-01,07:30,
2025-09-01,07:45,
2025-09-01,08:00,
2025-09-01,08:15,
2025-09-01,08:30,
2025-09-01,08:45,
2025-09-01,09:00,
2025-09-01,09:15,
2025-09-01,09:30,
2025-09-01,09:45,
2025-09-01,10:00,
2025-09-01,10:15,
2025-09-01,10:30,
2025-09-01,10:45,
2025-09-01,11:00,
2025-09-01,11:15,
2025-09-01,11:30,
2025-09-01,11:45,
2025-09-01,12:00,
2025-09-01,12:15,
2025-09-01,12:30,
2025-09-01,12:45,
2025-09-01,13:00,
2025-09-01,13:15,
2025-09-01,13:30,
2025-09-01,13:45,
2025-09-01,14:00,
2025-09-01,14:15,
2025-09-01,14:30,
2025-09-01,14:45,
2025-09-01,15:00,
2025-09-01,15:15,
2025-09-01,15:30,
2025-09-01,15:45,
2025-09-01,16:00,
2025-09-01,16:15,
2025-09-01,16:30,
2025-09-01,16:45,
2025-09-01,17:00,
2025-09-01,17:15,
2025-09-01,17:30,
2025-09-01,17:45,
2025-09-01,18:00,
2025-09-01,18:15,
2025-09-01,18:30,
2025-09-01,18:45,
2025-09-01,19:00,
2025-09-01,19:15,
2025-09-01,19:30,
2025-09-01,19:45,
2025-09-01,20:00,
2025-09-01,20:15,
2025-09-01,20:30,
2025-09-01,20:45,
2025-09-01,21:00,
2025-09-01,21:15,
2025-09-01,21:30,
2025-09-01,21:45,
2025-09-01,22:00,
2025-09-01,22:15,
2025-09-01,22:30,
2025-09-01,22:45,
2025-09-01,23:00,
2025-09-01,23:15,
2025-09-01,23:30,
2025-09-01,23:45,
2025-09-02,00:00,3486
2025-09-02,00:15,3378.2
2025-09-02,00:30,3900.4
2025-09-02,00:45,3883.6
2025-09-02,01:00,3117.8
2025-09-02,01:15,3760.4
2025-09-02,01:30,3883.6
2025-09-02,01:45,2739.8
2025-09-02,02:00,3593.8
2025-09-02,02:15,3934
2025-09-02,02:30,3570
2025-09-02,02:45,3326.4
2025-09-02,03:00,3864
2025-09-02,03:15,3861.2
2025-09-02,03:30,3166.8
2025-09-02,03:45,3763.2
2025-09-02,04:00,3865.4
2025-09-02,04:15,2836.4
2025-09-02,04:30,3586.8
2025-09-02,04:45,3934
2025-09-02,05:00,3508.4
2025-09-02,05:15,3285.8
2025-09-02,05:30,3873.8
2025-09-02,05:45,3841.6
2025-09-02,06:00,3131.8
2025-09-02,06:15,3739.4
2025-09-02,06:30,3859.8
2025-09-02,06:45,2735.6
2025-09-02,07:00,3521
2025-09-02,07:15,3875.2
2025-09-02,07:30,3452.4
2025-09-02,07:45,3358.6
2025-09-02,08:00,3948
2025-09-02,08:15,3924.2
2025-09-02,08:30,3712.8
2025-09-02,08:45,5299
2025-09-02,09:00,3806.6
2025-09-02,09:15,3572.8
2025-09-02,09:30,3710
2025-09-02,09:45,3659.6
2025-09-02,10:00,3585.4
2025-09-02,10:15,3320.8
2025-09-02,10:30,3287.2
2025-09-02,10:45,2954
2025-09-02,11:00,3190.6
2025-09-02,11:15,3459.4
2025-09-02,11:30,3739.4
2025-09-02,11:45,3896.2
2025-09-02,12:00,3383.8
2025-09-02,12:15,3858.4
2025-09-02,12:30,3764.6
2025-09-02,12:45,3521
2025-09-02,13:00,2973.6
2025-09-02,13:15,3332
2025-09-02,13:30,3330.6
2025-09-02,13:45,4393.2
2025-09-02,14:00,3701.6
2025-09-02,14:15,2790.2
2025-09-02,14:30,3546.2
2025-09-02,14:45,3466.4
2025-09-02,15:00,3407.6
2025-09-02,15:15,3155.6
2025-09-02,15:30,3858.4
2025-09-02,15:45,3824.8
2025-09-02,16:00,3088.4
2025-09-02,16:15,3732.4
2025-09-02,16:30,3679.2
2025-09-02,16:45,2769.2
2025-09-02,17:00,3498.6
2025-09-02,17:15,3871
2025-09-02,17:30,3736.6
2025-09-02,17:45,3679.2
2025-09-02,18:00,4212.6
2025-09-02,18:15,4229.4
2025-09-02,18:30,3481.8
2025-09-02,18:45,4097.8
2025-09-02,19:00,4209.8
2025-09-02,19:15,3151.4
2025-09-02,19:30,3994.2
2025-09-02,19:45,4377.8
2025-09-02,20:00,3847.2
2025-09-02,20:15,3774.4
2025-09-02,20:30,4291
2025-09-02,20:45,4211.2
2025-09-02,21:00,3546.2
2025-09-02,21:15,4204.2
2025-09-02,21:30,4282.6
2025-09-02,21:45,3194.8
2025-09-02,22:00,3997
2025-09-02,22:15,4813.2
2025-09-02,22:30,4393.2
2025-09-02,22:45,4243.4
2025-09-02,23:00,4771.2
2025-09-02,23:15,4755.8
2025-09-02,23:30,4026.4
2025-09-02,23:45,4622.8
2025-09-03,00:00,4762.8
2025-09-03,00:15,3705.8
2025-09-03,00:30,4440.8
2025-09-03,00:45,4783.8
2025-09-03,01:00,4359.6
2025-09-03,01:15,4239.2
2025-09-03,01:30,4789.4
2025-09-03,01:45,4729.2
2025-09-03,02:00,4006.8
2025-09-03,02:15,4667.6
2025-09-03,02:30,4754.4
2025-09-03,02:45,3617.6
2025-09-03,03:00,4443.6
2025-09-03,03:15,4795
2025-09-03,03:30,4407.2
2025-09-03,03:45,4226.6
2025-09-03,04:00,4762.8
2025-09-03,04:15,4741.8
2025-09-03,04:30,4039
2025-09-03,04:45,4468.8
2025-09-03,05:00,4575.2
2025-09-03,05:15,3553.2
2025-09-03,05:30,4225.2
2025-09-03,05:45,4599
2025-09-03,06:00,3577
2025-09-03,06:15,3472
2025-09-03,06:30,3998.4
2025-09-03,06:45,3943.8
2025-09-03,07:00,3179.4
2025-09-03,07:15,3718.4
2025-09-03,07:30,3813.6
2025-09-03,07:45,2753.8
2025-09-03,08:00,3554.6
2025-09-03,08:15,3887.8
2025-09-03,08:30,3442.6
2025-09-03,08:45,3299.8
2025-09-03,09:00,3606.4
2025-09-03,09:15,3515.4
2025-09-03,09:30,2837.8
2025-09-03,09:45,3325
2025-09-03,10:00,3423
2025-09-03,10:15,2437.4
2025-09-03,10:30,3117.8
2025-09-03,10:45,3770.2
2025-09-03,11:00,3299.8
2025-09-03,11:15,3043.6
2025-09-03,11:30,3236.8
2025-09-03,11:45,3325
2025-09-03,12:00,2786
2025-09-03,12:15,3130.4
2025-09-03,12:30,3500
2025-09-03,12:45,2235.8
2025-09-03,13:00,3521
2025-09-03,13:15,3747.8
2025-09-03,13:30,3276
2025-09-03,13:45,3236.8
2025-09-03,14:00,3738
2025-09-03,14:15,3740.8
2025-09-03,14:30,3078.6
2025-09-03,14:45,3581.2
2025-09-03,15:00,3495.8
2025-09-03,15:15,2538.2
2025-09-03,15:30,3571.4
2025-09-03,15:45,3739.4
2025-09-03,16:00,3451
2025-09-03,16:15,3176.6
2025-09-03,16:30,3724
2025-09-03,16:45,3802.4
2025-09-03,17:00,3103.8
2025-09-03,17:15,3672.2
2025-09-03,17:30,3761.8
2025-09-03,17:45,2756.6
2025-09-03,18:00,3605
2025-09-03,18:15,3976
2025-09-03,18:30,3571.4
2025-09-03,18:45,3399.2
2025-09-03,19:00,3920
2025-09-03,19:15,3616.2
2025-09-03,19:30,2884
2025-09-03,19:45,3733.8
2025-09-03,20:00,3929.8
2025-09-03,20:15,2797.2
2025-09-03,20:30,3656.8
2025-09-03,20:45,3983
2025-09-03,21:00,3530.8
2025-09-03,21:15,3400.6
2025-09-03,21:30,3925.6
2025-09-03,21:45,3897.6
2025-09-03,22:00,3091.2
2025-09-03,22:15,3739.4
2025-09-03,22:30,3864
2025-09-03,22:45,2688
2025-09-03,23:00,3547.6
2025-09-03,23:15,3928.4
2025-09-03,23:30,3630.2
2025-09-03,23:45,3395
2025-09-04,00:00,3826.2
2025-09-04,00:15,3815
2025-09-04,00:30,3052
2025-09-04,00:45,3710
2025-09-04,01:00,3894.8
2025-09-04,01:15,2819.6
2025-09-04,01:30,3512.6
2025-09-04,01:45,3885
2025-09-04,02:00,3451
2025-09-04,02:15,3396.4
2025-09-04,02:30,3903.2
2025-09-04,02:45,3861.2
2025-09-04,03:00,3101
2025-09-04,03:15,3763.2
2025-09-04,03:30,3883.6
2025-09-04,03:45,2720.2
2025-09-04,04:00,3579.8
2025-09-04,04:15,3973.2
2025-09-04,04:30,3605
2025-09-04,04:45,3385.2
2025-09-04,05:00,3913
2025-09-04,05:15,3859.8
2025-09-04,05:30,3169.6
2025-09-04,05:45,3687.6
2025-09-04,06:00,3907.4
2025-09-04,06:15,2815.4
2025-09-04,06:30,3543.4
2025-09-04,06:45,3850
2025-09-04,07:00,3374
2025-09-04,07:15,3336.2
2025-09-04,07:30,3724
2025-09-04,07:45,3655.4
2025-09-04,08:00,2930.2
2025-09-04,08:15,3642.8
2025-09-04,08:30,3658.2
2025-09-04,08:45,2653
2025-09-04,09:00,3651.2
2025-09-04,09:15,3858.4
2025-09-04,09:30,3316.6
2025-09-04,09:45,3204.6
2025-09-04,10:00,3693.2
2025-09-04,10:15,3596.6
2025-09-04,10:30,2818.2
2025-09-04,10:45,3329.2
2025-09-04,11:00,3470.6
2025-09-04,11:15,2541
2025-09-04,11:30,3245.2
2025-09-04,11:45,3680.6
2025-09-04,12:00,3082.8
2025-09-04,12:15,2969.4
2025-09-04,12:30,3749.2
2025-09-04,12:45,3712.8
2025-09-04,13:00,3017
2025-09-04,13:15,3584
2025-09-04,13:30,3705.8
2025-09-04,13:45,2653
2025-09-04,14:00,3484.6
2025-09-04,14:15,3810.8
2025-09-04,14:30,3481.8
2025-09-04,14:45,2982
2025-09-04,15:00,3533.6
2025-09-04,15:15,3908.8
2025-09-04,15:30,3220
2025-09-04,15:45,3728.2
2025-09-04,16:00,3889.2
2025-09-04,16:15,2850.4
2025-09-04,16:30,3641.4
2025-09-04,16:45,4002.6
2025-09-04,17:00,3434.2
2025-09-04,17:15,3180.8
2025-09-04,17:30,3775.8
2025-09-04,17:45,3662.4
2025-09-04,18:00,3099.6
2025-09-04,18:15,3691.8
2025-09-04,18:30,3784.2
2025-09-04,18:45,2786
2025-09-04,19:00,3574.2
2025-09-04,19:15,3893.4
2025-09-04,19:30,3476.2
2025-09-04,19:45,3402
2025-09-04,20:00,3880.8
2025-09-04,20:15,3861.2
2025-09-04,20:30,3117.8
2025-09-04,20:45,3761.8
2025-09-04,21:00,3866.8
2025-09-04,21:15,2807
2025-09-04,21:30,3623.2
2025-09-04,21:45,3924.2
2025-09-04,22:00,3459.4
2025-09-04,22:15,3378.2
2025-09-04,22:30,3861.2
2025-09-04,22:45,3813.6
2025-09-04,23:00,3127.6
2025-09-04,23:15,3778.6
2025-09-04,23:30,3876.6
2025-09-04,23:45,2797.2
2025-09-05,00:00,
2025-09-05,00:15,
2025-09-05,00:30,
2025-09-05,00:45,
2025-09-05,01:00,
2025-09-05,01:15,
2025-09-05,01:30,
2025-09-05,01:45,
2025-09-05,02:00,
2025-09-05,02:15,
2025-09-05,02:30,
2025-09-05,02:45,
2025-09-05,03:00,
2025-09-05,03:15,
2025-09-05,03:30,
2025-09-05,03:45,
2025-09-05,04:00,
2025-09-05,04:15,
2025-09-05,04:30,
2025-09-05,04:45,
2025-09-05,05:00,
2025-09-05,05:15,
2025-09-05,05:30,
2025-09-05,05:45,
2025-09-05,06:00,
2025-09-05,06:15,
2025-09-05,06:30,
2025-09-05,06:45,
2025-09-05,07:00,
2025-09-05,07:15,
2025-09-05,07:30,
2025-09-05,07:45,
2025-09-05,08:00,
2025-09-05,08:15,
2025-09-05,08:30,
2025-09-05,08:45,
2025-09-05,09:00,
2025-09-05,09:15,
2025-09-05,09:30,
2025-09-05,09:45,
2025-09-05,10:00,
2025-09-05,10:15,
2025-09-05,10:30,
2025-09-05,10:45,
2025-09-05,11:00,
2025-09-05,11:15,
2025-09-05,11:30,
2025-09-05,11:45,
2025-09-05,12:00,
2025-09-05,12:15,
2025-09-05,12:30,
2025-09-05,12:45,
2025-09-05,13:00,
2025-09-05,13:15,
2025-09-05,13:30,
2025-09-05,13:45,
2025-09-05,14:00,
2025-09-05,14:15,
2025-09-05,14:30,
2025-09-05,14:45,
2025-09-05,15:00,
2025-09-05,15:15,
2025-09-05,15:30,
2025-09-05,15:45,
2025-09-05,16:00,
2025-09-05,16:15,
2025-09-05,16:30,
2025-09-05,16:45,
2025-09-05,17:00,
2025-09-05,17:15,
2025-09-05,17:30,
2025-09-05,17:45,
2025-09-05,18:00,
2025-09-05,18:15,
2025-09-05,18:30,
2025-09-05,18:45,
2025-09-05,19:00,
2025-09-05,19:15,
2025-09-05,19:30,
2025-09-05,19:45,
2025-09-05,20:00,
2025-09-05,20:15,
2025-09-05,20:30,
2025-09-05,20:45,
2025-09-05,21:00,
2025-09-05,21:15,
2025-09-05,21:30,
2025-09-05,21:45,
2025-09-05,22:00,
2025-09-05,22:15,
2025-09-05,22:30,
2025-09-05,22:45,
2025-09-05,23:00,
2025-09-05,23:15,
2025-09-05,23:30,
2025-09-05,23:45,
2025-09-06,00:00,
2025-09-06,00:15,
2025-09-06,00:30,
2025-09-06,00:45,
2025-09-06,01:00,
2025-09-06,01:15,
2025-09-06,01:30,
2025-09-06,01:45,
2025-09-06,02:00,
2025-09-06,02:15,
2025-09-06,02:30,
2025-09-06,02:45,
2025-09-06,03:00,
2025-09-06,03:15,
2025-09-06,03:30,
2025-09-06,03:45,
2025-09-06,04:00,
2025-09-06,04:15,
2025-09-06,04:30,
2025-09-06,04:45,
2025-09-06,05:00,
2025-09-06,05:15,
2025-09-06,05:30,
2025-09-06,05:45,
2025-09-06,06:00,
2025-09-06,06:15,
2025-09-06,06:30,
2025-09-06,06:45,
2025-09-06,07:00,
2025-09-06,07:15,
2025-09-06,07:30,
2025-09-06,07:45,
2025-09-06,08:00,
2025-09-06,08:15,
2025-09-06,08:30,
2025-09-06,08:45,
2025-09-06,09:00,
2025-09-06,09:15,
2025-09-06,09:30,
2025-09-06,09:45,
2025-09-06,10:00,
2025-09-06,10:15,
2025-09-06,10:30,
2025-09-06,10:45,
2025-09-06,11:00,
2025-09-06,11:15,
2025-09-06,11:30,
2025-09-06,11:45,
2025-09-06,12:00,
2025-09-06,12:15,
2025-09-06,12:30,
2025-09-06,12:45,
2025-09-06,13:00,
2025-09-06,13:15,
2025-09-06,13:30,
2025-09-06,13:45,
2025-09-06,14:00,
2025-09-06,14:15,
2025-09-06,14:30,
2025-09-06,14:45,
2025-09-06,15:00,
2025-09-06,15:15,
2025-09-06,15:30,
2025-09-06,15:45,
2025-09-06,16:00,
2025-09-06,16:15,
2025-09-06,16:30,
2025-09-06,16:45,
2025-09-06,17:00,
2025-09-06,17:15,
2025-09-06,17:30,
2025-09-06,17:45,
2025-09-06,18:00,
2025-09-06,18:15,
2025-09-06,18:30,
2025-09-06,18:45,
2025-09-06,19:00,
2025-09-06,19:15,
2025-09-06,19:30,
2025-09-06,19:45,
2025-09-06,20:00,
2025-09-06,20:15,
2025-09-06,20:30,
2025-09-06,20:45,
2025-09-06,21:00,
2025-09-06,21:15,
2025-09-06,21:30,
2025-09-06,21:45,
2025-09-06,22:00,
2025-09-06,22:15,
2025-09-06,22:30,
2025-09-06,22:45,
2025-09-06,23:00,
2025-09-06,23:15,
2025-09-06,23:30,
2025-09-06,23:45,
2025-09-07,00:00,4169.2
2025-09-07,00:15,4068.4
2025-09-07,00:30,3983
2025-09-07,00:45,3796.8
2025-09-07,01:00,3638.6
2025-09-07,01:15,3439.8
2025-09-07,01:30,3166.8
2025-09-07,01:45,3726.8
2025-09-07,02:00,4223.8
2025-09-07,02:15,4249
2025-09-07,02:30,4305
2025-09-07,02:45,4323.2
2025-09-07,03:00,4244.8
2025-09-07,03:15,4170.6
2025-09-07,03:30,4005.4
2025-09-07,03:45,3865.4
2025-09-07,04:00,3738
2025-09-07,04:15,3537.8
2025-09-07,04:30,3381
2025-09-07,04:45,3141.6
2025-09-07,05:00,3752
2025-09-07,05:15,4247.6
2025-09-07,05:30,4197.2
2025-09-07,05:45,3739.4
2025-09-07,06:00,3739.4
2025-09-07,06:15,3705.8
2025-09-07,06:30,3612
2025-09-07,06:45,3509.8
2025-09-07,07:00,3301.2
2025-09-07,07:15,3158.4
2025-09-07,07:30,3217.2
2025-09-07,07:45,2923.2
2025-09-07,08:00,2643.2
2025-09-07,08:15,3406.2
2025-09-07,08:30,3588.2
2025-09-07,08:45,3882.2
2025-09-07,09:00,3861.2
2025-09-07,09:15,3992.8
2025-09-07,09:30,3949.4
2025-09-07,09:45,3826.2
2025-09-07,10:00,3683.4
2025-09-07,10:15,3430
2025-09-07,10:30,3264.8
2025-09-07,10:45,2966.6
2025-09-07,11:00,2695
2025-09-07,11:15,2851.8
2025-09-07,11:30,3178
2025-09-07,11:45,3784.2
2025-09-07,12:00,3427.2
2025-09-07,12:15,3962
2025-09-07,12:30,3808
2025-09-07,12:45,3833.2
2025-09-07,13:00,3834.6
2025-09-07,13:15,3775.8
2025-09-07,13:30,3605
2025-09-07,13:45,3130.4
2025-09-07,14:00,2976.4
2025-09-07,14:15,2630.6
2025-09-07,14:30,3469.2
2025-09-07,14:45,3792.6
2025-09-07,15:00,4009.6
2025-09-07,15:15,4039
2025-09-07,15:30,4071.2
2025-09-07,15:45,4029.2
2025-09-07,16:00,3896.2
2025-09-07,16:15,3858.4
2025-09-07,16:30,3743.6
2025-09-07,16:45,3701.6
2025-09-07,17:00,3395
2025-09-07,17:15,3175.2
2025-09-07,17:30,2654.4
2025-09-07,17:45,3052
2025-09-07,18:00,3589.6
2025-09-07,18:15,3655.4
2025-09-07,18:30,3705.8
2025-09-07,18:45,4037.6
2025-09-07,19:00,3985.8
2025-09-07,19:15,3918.6
2025-09-07,19:30,3773
2025-09-07,19:45,3595.2
2025-09-07,20:00,3470.6
2025-09-07,20:15,3465
2025-09-07,20:30,3318
2025-09-07,20:45,3068.8
2025-09-07,21:00,3584
2025-09-07,21:15,4016.6
2025-09-07,21:30,4054.4
2025-09-07,21:45,4146.8
2025-09-07,22:00,4131.4
2025-09-07,22:15,4065.6
2025-09-07,22:30,3984.4
2025-09-07,22:45,3850
2025-09-07,23:00,3719.8
2025-09-07,23:15,3578.4
2025-09-07,23:30,3397.8
2025-09-07,23:45,3126.2
2025-09-08,00:00,
2025-09-08,00:15,
2025-09-08,00:30,
2025-09-08,00:45,
2025-09-08,01:00,
2025-09-08,01:15,
2025-09-08,01:30,
2025-09-08,01:45,
2025-09-08,02:00,
2025-09-08,02:15,
2025-09-08,02:30,
2025-09-08,02:45,
2025-09-08,03:00,
2025-09-08,03:15,
2025-09-08,03:30,
2025-09-08,03:45,
2025-09-08,04:00,
2025-09-08,04:15,
2025-09-08,04:30,
2025-09-08,04:45,
2025-09-08,05:00,
2025-09-08,05:15,
2025-09-08,05:30,
2025-09-08,05:45,
2025-09-08,06:00,
2025-09-08,06:15,
2025-09-08,06:30,
2025-09-08,06:45,
2025-09-08,07:00,
2025-09-08,07:15,
2025-09-08,07:30,
2025-09-08,07:45,
2025-09-08,08:00,
2025-09-08,08:15,
2025-09-08,08:30,
2025-09-08,08:45,
2025-09-08,09:00,
2025-09-08,09:15,
2025-09-08,09:30,
2025-09-08,09:45,
2025-09-08,10:00,
2025-09-08,10:15,
2025-09-08,10:30,
2025-09-08,10:45,
2025-09-08,11:00,
2025-09-08,11:15,
2025-09-08,11:30,
2025-09-08,11:45,
2025-09-08,12:00,
2025-09-08,12:15,
2025-09-08,12:30,
2025-09-08,12:45,
2025-09-08,13:00,
2025-09-08,13:15,
2025-09-08,13:30,
2025-09-08,13:45,
2025-09-08,14:00,
2025-09-08,14:15,
2025-09-08,14:30,
2025-09-08,14:45,
2025-09-08,15:00,
2025-09-08,15:15,
2025-09-08,15:30,
2025-09-08,15:45,
2025-09-08,16:00,
2025-09-08,16:15,
2025-09-08,16:30,
2025-09-08,16:45,
2025-09-08,17:00,
2025-09-08,17:15,
2025-09-08,17:30,
2025-09-08,17:45,
2025-09-08,18:00,
2025-09-08,18:15,
2025-09-08,18:30,
2025-09-08,18:45,
2025-09-08,19:00,
2025-09-08,19:15,
2025-09-08,19:30,
2025-09-08,19:45,
2025-09-08,20:00,
2025-09-08,20:15,
2025-09-08,20:30,
2025-09-08,20:45,
2025-09-08,21:00,
2025-09-08,21:15,
2025-09-08,21:30,
2025-09-08,21:45,
2025-09-08,22:00,
2025-09-08,22:15,
2025-09-08,22:30,
2025-09-08,22:45,
2025-09-08,23:00,
2025-09-08,23:15,
2025-09-08,23:30,
2025-09-08,23:45,
2025-09-09,00:00,
2025-09-09,00:15,
2025-09-09,00:30,
2025-09-09,00:45,
2025-09-09,01:00,
2025-09-09,01:15,
2025-09-09,01:30,
2025-09-09,01:45,
2025-09-09,02:00,
2025-09-09,02:15,
2025-09-09,02:30,
2025-09-09,02:45,
2025-09-09,03:00,
2025-09-09,03:15,
2025-09-09,03:30,
2025-09-09,03:45,
2025-09-09,04:00,
2025-09-09,04:15,
2025-09-09,04:30,
2025-09-09,04:45,
2025-09-09,05:00,
2025-09-09,05:15,
2025-09-09,05:30,
2025-09-09,05:45,
2025-09-09,06:00,
2025-09-09,06:15,
2025-09-09,06:30,
2025-09-09,06:45,
2025-09-09,07:00,
2025-09-09,07:15,
2025-09-09,07:30,
2025-09-09,07:45,
2025-09-09,08:00,
2025-09-09,08:15,
2025-09-09,08:30,
2025-09-09,08:45,
2025-09-09,09:00,
2025-09-09,09:15,
2025-09-09,09:30,
2025-09-09,09:45,
2025-09-09,10:00,
2025-09-09,10:15,
2025-09-09,10:30,
2025-09-09,10:45,
2025-09-09,11:00,
2025-09-09,11:15,
2025-09-09,11:30,
2025-09-09,11:45,
2025-09-09,12:00,
2025-09-09,12:15,
2025-09-09,12:30,
2025-09-09,12:45,
2025-09-09,13:00,
2025-09-09,13:15,
2025-09-09,13:30,
2025-09-09,13:45,
2025-09-09,14:00,
2025-09-09,14:15,
2025-09-09,14:30,
2025-09-09,14:45,
2025-09-09,15:00,
2025-09-09,15:15,
2025-09-09,15:30,
2025-09-09,15:45,
2025-09-09,16:00,
2025-09-09,16:15,
2025-09-09,16:30,
2025-09-09,16:45,
2025-09-09,17:00,
2025-09-09,17:15,
2025-09-09,17:30,
2025-09-09,17:45,
2025-09-09,18:00,
2025-09-09,18:15,
2025-09-09,18:30,
2025-09-09,18:45,
2025-09-09,19:00,
2025-09-09,19:15,
2025-09-09,19:30,
2025-09-09,19:45,
2025-09-09,20:00,
2025-09-09,20:15,
2025-09-09,20:30,
2025-09-09,20:45,
2025-09-09,21:00,
2025-09-09,21:15,
2025-09-09,21:30,
2025-09-09,21:45,
2025-09-09,22:00,
2025-09-09,22:15,
2025-09-09,22:30,
2025-09-09,22:45,
2025-09-09,23:00,
2025-09-09,23:15,
2025-09-09,23:30,
2025-09-09,23:45,
2025-09-10,00:00,
2025-09-10,00:15,
2025-09-10,00:30,
2025-09-10,00:45,
2025-09-10,01:00,
2025-09-10,01:15,
2025-09-10,01:30,
2025-09-10,01:45,
2025-09-10,02:00,
2025-09-10,02:15,
2025-09-10,02:30,
2025-09-10,02:45,
2025-09-10,03:00,
2025-09-10,03:15,
2025-09-10,03:30,
2025-09-10,03:45,
2025-09-10,04:00,
2025-09-10,04:15,
2025-09-10,04:30,
2025-09-10,04:45,
2025-09-10,05:00,
2025-09-10,05:15,
2025-09-10,05:30,
2025-09-10,05:45,
2025-09-10,06:00,
2025-09-10,06:15,
2025-09-10,06:30,
2025-09-10,06:45,
2025-09-10,07:00,
2025-09-10,07:15,
2025-09-10,07:30,
2025-09-10,07:45,
2025-09-10,08:00,
2025-09-10,08:15,
2025-09-10,08:30,
2025-09-10,08:45,
2025-09-10,09:00,
2025-09-10,09:15,
2025-09-10,09:30,
2025-09-10,09:45,
2025-09-10,10:00,
2025-09-10,10:15,
2025-09-10,10:30,
2025-09-10,10:45,
2025-09-10,11:00,
2025-09-10,11:15,
2025-09-10,11:30,
2025-09-10,11:45,
2025-09-10,12:00,
2025-09-10,12:15,
2025-09-10,12:30,
2025-09-10,12:45,
2025-09-10,13:00,
2025-09-10,13:15,
2025-09-10,13:30,
2025-09-10,13:45,
2025-09-10,14:00,
2025-09-10,14:15,
2025-09-10,14:30,
2025-09-10,14:45,
2025-09-10,15:00,
2025-09-10,15:15,
2025-09-10,15:30,
2025-09-10,15:45,
2025-09-10,16:00,
2025-09-10,16:15,
2025-09-10,16:30,
2025-09-10,16:45,
2025-09-10,17:00,
2025-09-10,17:15,
2025-09-10,17:30,
2025-09-10,17:45,
2025-09-10,18:00,
2025-09-10,18:15,
2025-09-10,18:30,
2025-09-10,18:45,
2025-09-10,19:00,
2025-09-10,19:15,
2025-09-10,19:30,
2025-09-10,19:45,
2025-09-10,20:00,
2025-09-10,20:15,
2025-09-10,20:30,
2025-09-10,20:45,
2025-09-10,21:00,
2025-09-10,21:15,
2025-09-10,21:30,
2025-09-10,21:45,
2025-09-10,22:00,
2025-09-10,22:15,
2025-09-10,22:30,
2025-09-10,22:45,
2025-09-10,23:00,
2025-09-10,23:15,
2025-09-10,23:30,
2025-09-10,23:45,
2025-09-11,00:00,
2025-09-11,00:15,
2025-09-11,00:30,
2025-09-11,00:45,
2025-09-11,01:00,
2025-09-11,01:15,
2025-09-11,01:30,
2025-09-11,01:45,
2025-09-11,02:00,
2025-09-11,02:15,
2025-09-11,02:30,
2025-09-11,02:45,
2025-09-11,03:00,
2025-09-11,03:15,
2025-09-11,03:30,
2025-09-11,03:45,
2025-09-11,04:00,
2025-09-11,04:15,
2025-09-11,04:30,
2025-09-11,04:45,
2025-09-11,05:00,
2025-09-11,05:15,
2025-09-11,05:30,
2025-09-11,05:45,
2025-09-11,06:00,
2025-09-11,06:15,
2025-09-11,06:30,
2025-09-11,06:45,
2025-09-11,07:00,
2025-09-11,07:15,
2025-09-11,07:30,
2025-09-11,07:45,
2025-09-11,08:00,
2025-09-11,08:15,
2025-09-11,08:30,
2025-09-11,08:45,
2025-09-11,09:00,
2025-09-11,09:15,
2025-09-11,09:30,
2025-09-11,09:45,
2025-09-11,10:00,
2025-09-11,10:15,
2025-09-11,10:30,
2025-09-11,10:45,
2025-09-11,11:00,
2025-09-11,11:15,
2025-09-11,11:30,
2025-09-11,11:45,
2025-09-11,12:00,
2025-09-11,12:15,
2025-09-11,12:30,
2025-09-11,12:45,
2025-09-11,13:00,
2025-09-11,13:15,
2025-09-11,13:30,
2025-09-11,13:45,
2025-09-11,14:00,
2025-09-11,14:15,
2025-09-11,14:30,
2025-09-11,14:45,
2025-09-11,15:00,
2025-09-11,15:15,
2025-09-11,15:30,
2025-09-11,15:45,
2025-09-11,16:00,
2025-09-11,16:15,
2025-09-11,16:30,
2025-09-11,16:45,
2025-09-11,17:00,
2025-09-11,17:15,
2025-09-11,17:30,
2025-09-11,17:45,
2025-09-11,18:00,
2025-09-11,18:15,
2025-09-11,18:30,
2025-09-11,18:45,
2025-09-11,19:00,
2025-09-11,19:15,
2025-09-11,19:30,
2025-09-11,19:45,
2025-09-11,20:00,
2025-09-11,20:15,
2025-09-11,20:30,
2025-09-11,20:45,
2025-09-11,21:00,
2025-09-11,21:15,
2025-09-11,21:30,
2025-09-11,21:45,
2025-09-11,22:00,
2025-09-11,22:15,
2025-09-11,22:30,
2025-09-11,22:45,
2025-09-11,23:00,
2025-09-11,23:15,
2025-09-11,23:30,
2025-09-11,23:45,
2025-09-12,00:00,3459.4
2025-09-12,00:15,3168.2
2025-09-12,00:30,3838.8
2025-09-12,00:45,4257.4
2025-09-12,01:00,4298
2025-09-12,01:15,4348.4
2025-09-12,01:30,4352.6
2025-09-12,01:45,4260.2
2025-09-12,02:00,4174.8
2025-09-12,02:15,4018
2025-09-12,02:30,3864
2025-09-12,02:45,3696
2025-09-12,03:00,3575.6
2025-09-12,03:15,3375.4
2025-09-12,03:30,3120.6
2025-09-12,03:45,3883.6
2025-09-12,04:00,4239.2
2025-09-12,04:15,4166.4
2025-09-12,04:30,4237.8
2025-09-12,04:45,4186
2025-09-12,05:00,4239.2
2025-09-12,05:15,4083.8
2025-09-12,05:30,4029.2
2025-09-12,05:45,3799.6
2025-09-12,06:00,3620.4
2025-09-12,06:15,3439.8
2025-09-12,06:30,3304
2025-09-12,06:45,3735.2
2025-09-12,07:00,4200
2025-09-12,07:15,4242
2025-09-12,07:30,4321.8
2025-09-12,07:45,4394.6
2025-09-12,08:00,4398.8
2025-09-12,08:15,4354
2025-09-12,08:30,4230.8
2025-09-12,08:45,4103.4
2025-09-12,09:00,3956.4
2025-09-12,09:15,3796.8
2025-09-12,09:30,3628.8
2025-09-12,09:45,3340.4
2025-09-12,10:00,3810.8
2025-09-12,10:15,4181.8
2025-09-12,10:30,4139.8
2025-09-12,10:45,4333
2025-09-12,11:00,4375
2025-09-12,11:15,4422.6
2025-09-12,11:30,4328.8
2025-09-12,11:45,4228
2025-09-12,12:00,4180.4
2025-09-12,12:15,3957.8
2025-09-12,12:30,3798.2
2025-09-12,12:45,3637.2
2025-09-12,13:00,3438.4
2025-09-12,13:15,3852.8
2025-09-12,13:30,4281.2
2025-09-12,13:45,4361
2025-09-12,14:00,4390.4
2025-09-12,14:15,4331.6
2025-09-12,14:30,4368
2025-09-12,14:45,4303.6
2025-09-12,15:00,4218.2
2025-09-12,15:15,4034.8
2025-09-12,15:30,3892
2025-09-12,15:45,3731
2025-09-12,16:00,3567.2
2025-09-12,16:15,3368.4
2025-09-12,16:30,3914.4
2025-09-12,16:45,4345.6
2025-09-12,17:00,4397.4
2025-09-12,17:15,4447.8
2025-09-12,17:30,4585
2025-09-12,17:45,4677.4
2025-09-12,18:00,4600.4
2025-09-12,18:15,4095
2025-09-12,18:30,3974.6
2025-09-12,18:45,3809.4
2025-09-12,19:00,3623.2
2025-09-12,19:15,3452.4
2025-09-12,19:30,3157
2025-09-12,19:45,3985.8
2025-09-12,20:00,4342.8
2025-09-12,20:15,4372.2
2025-09-12,20:30,4477.2
2025-09-12,20:45,4333
2025-09-12,21:00,4265.8
2025-09-12,21:15,4191.6
2025-09-12,21:30,4219.6
2025-09-12,21:45,4064.2
2025-09-12,22:00,3855.6
2025-09-12,22:15,3717
2025-09-12,22:30,3456.6
2025-09-12,22:45,3206
2025-09-12,23:00,3960.6
2025-09-12,23:15,4298
2025-09-12,23:30,4380.6
2025-09-12,23:45,4419.8
2025-09-13,00:00,4382
2025-09-13,00:15,4246.2
2025-09-13,00:30,4214
2025-09-13,00:45,3539.2
2025-09-13,01:00,3378.2
2025-09-13,01:15,3077.2
2025-09-13,01:30,2919
2025-09-13,01:45,2773.4
2025-09-13,02:00,2450
2025-09-13,02:15,3211.6
2025-09-13,02:30,3607.8
2025-09-13,02:45,3648.4
2025-09-13,03:00,3676.4
2025-09-13,03:15,3785.6
2025-09-13,03:30,3593.8
2025-09-13,03:45,3507
2025-09-13,04:00,3414.6
2025-09-13,04:15,3238.2
2025-09-13,04:30,3201.8
2025-09-13,04:45,3029.6
2025-09-13,05:00,2702
2025-09-13,05:15,2531.2
2025-09-13,05:30,3278.8
2025-09-13,05:45,3614.8
2025-09-13,06:00,3761.8
2025-09-13,06:15,3665.2
2025-09-13,06:30,3624.6
2025-09-13,06:45,3543.4
2025-09-13,07:00,3472
2025-09-13,07:15,3434.2
2025-09-13,07:30,3193.4
2025-09-13,07:45,3145.8
2025-09-13,08:00,3059
2025-09-13,08:15,2759.4
2025-09-13,08:30,2597
2025-09-13,08:45,3291.4
2025-09-13,09:00,3556
2025-09-13,09:15,3799.6
2025-09-13,09:30,4225.2
2025-09-13,09:45,3869.6
2025-09-13,10:00,4013.8
2025-09-13,10:15,4694.2
2025-09-13,10:30,3939.6
2025-09-13,10:45,3774.4
2025-09-13,11:00,3274.6
2025-09-13,11:15,3631.6
2025-09-13,11:30,3672.2
2025-09-13,11:45,2840.6
2025-09-13,12:00,3522.4
2025-09-13,12:15,3547.6
2025-09-13,12:30,2308.6
2025-09-13,12:45,2909.2
2025-09-13,13:00,3467.8
2025-09-13,13:15,2559.2
2025-09-13,13:30,2787.4
2025-09-13,13:45,2060.8
2025-09-13,14:00,1681.4
2025-09-13,14:15,3610.6
2025-09-13,14:30,3176.6
2025-09-13,14:45,2892.4
2025-09-13,15:00,3670.8
2025-09-13,15:15,3584
2025-09-13,15:30,2913.4
2025-09-13,15:45,3234
2025-09-13,16:00,3509.8
2025-09-13,16:15,2416.4
2025-09-13,16:30,3239.6
2025-09-13,16:45,3642.8
2025-09-13,17:00,3173.8
2025-09-13,17:15,2889.6
2025-09-13,17:30,3620.4
2025-09-13,17:45,3558.8
2025-09-13,18:00,2755.2
2025-09-13,18:15,3424.4
2025-09-13,18:30,3543.4
2025-09-13,18:45,2357.6
2025-09-13,19:00,3253.6
2025-09-13,19:15,3593.8
2025-09-13,19:30,3242.4
2025-09-13,19:45,3161.2
2025-09-13,20:00,3575.6
2025-09-13,20:15,3476.2
2025-09-13,20:30,2707.6
2025-09-13,20:45,3367
2025-09-13,21:00,3703
2025-09-13,21:15,2494.8
2025-09-13,21:30,3266.2
2025-09-13,21:45,3711.4
2025-09-13,22:00,3302.6
2025-09-13,22:15,3131.8
2025-09-13,22:30,3581.2
2025-09-13,22:45,3565.8
2025-09-13,23:00,2854.6
2025-09-13,23:15,3462.2
2025-09-13,23:30,3612
2025-09-13,23:45,2378.6
2025-09-14,00:00,3262
2025-09-14,00:15,3599.4
2025-09-14,00:30,3120.6
2025-09-14,00:45,3085.6
2025-09-14,01:00,3565.8
2025-09-14,01:15,3554.6
2025-09-14,01:30,2801.4
2025-09-14,01:45,3413.2
2025-09-14,02:00,3508.4
2025-09-14,02:15,2392.6
2025-09-14,02:30,3176.6
2025-09-14,02:45,3543.4
2025-09-14,03:00,3077.2
2025-09-14,03:15,2843.4
2025-09-14,03:30,3491.6
2025-09-14,03:45,3493
2025-09-14,04:00,2829.4
2025-09-14,04:15,3351.6
2025-09-14,04:30,3511.2
2025-09-14,04:45,2405.2
2025-09-14,05:00,3246.6
2025-09-14,05:15,3428.6
2025-09-14,05:30,2951.2
2025-09-14,05:45,2867.2
2025-09-14,06:00,3343.2
2025-09-14,06:15,3512.6
2025-09-14,06:30,2858.8
2025-09-14,06:45,3302.6
2025-09-14,07:00,3438.4
2025-09-14,07:15,2312.8
2025-09-14,07:30,3147.2
2025-09-14,07:45,3666.6
2025-09-14,08:00,3332
2025-09-14,08:15,3206
2025-09-14,08:30,3677.8
2025-09-14,08:45,3683.4
2025-09-14,09:00,2888.2
2025-09-14,09:15,3551.8
2025-09-14,09:30,3623.2
2025-09-14,09:45,2388.4
2025-09-14,10:00,3245.2
2025-09-14,10:15,3621.8
2025-09-14,10:30,3383.8
2025-09-14,10:45,3218.6
2025-09-14,11:00,3652.6
2025-09-14,11:15,3691.8
2025-09-14,11:30,2790.2
2025-09-14,11:45,3263.4
2025-09-14,12:00,3551.8
2025-09-14,12:15,2364.6
2025-09-14,12:30,3252.2
2025-09-14,12:45,3501.4
2025-09-14,13:00,2984.8
2025-09-14,13:15,2945.6
2025-09-14,13:30,3565.8
2025-09-14,13:45,3402
2025-09-14,14:00,2765
2025-09-14,14:15,3446.8
2025-09-14,14:30,3514
2025-09-14,14:45,2406.6
2025-09-14,15:00,3315.2
2025-09-14,15:15,3680.6
2025-09-14,15:30,3305.4
2025-09-14,15:45,3117.8
2025-09-14,16:00,3526.6
2025-09-14,16:15,3533.6
2025-09-14,16:30,2760.8
2025-09-14,16:45,3322.2
2025-09-14,17:00,3585.4
2025-09-14,17:15,2521.4
2025-09-14,17:30,3319.4
2025-09-14,17:45,3708.6
2025-09-14,18:00,3250.8
2025-09-14,18:15,3124.8
2025-09-14,18:30,3606.4
2025-09-14,18:45,3607.8
2025-09-14,19:00,2941.4
2025-09-14,19:15,3759
2025-09-14,19:30,3640
2025-09-14,19:45,2501.8
2025-09-14,20:00,3441.2
2025-09-14,20:15,3805.2
2025-09-14,20:30,3899
2025-09-14,20:45,3571.4
2025-09-14,21:00,4131.4
2025-09-14,21:15,4193
2025-09-14,21:30,3430
2025-09-14,21:45,4013.8
2025-09-14,22:00,4156.6
2025-09-14,22:15,3047.8
2025-09-14,22:30,3817.8
2025-09-14,22:45,4253.2
2025-09-14,23:00,3785.6
2025-09-14,23:15,3606.4
2025-09-14,23:30,4152.4
2025-09-14,23:45,4222.4
2025-09-15,00:00,
2025-09-15,00:15,
2025-09-15,00:30,
2025-09-15,00:45,
2025-09-15,01:00,
2025-09-15,01:15,
2025-09-15,01:30,
2025-09-15,01:45,
2025-09-15,02:00,
2025-09-15,02:15,
2025-09-15,02:30,
2025-09-15,02:45,
2025-09-15,03:00,
2025-09-15,03:15,
2025-09-15,03:30,
2025-09-15,03:45,
2025-09-15,04:00,
2025-09-15,04:15,
2025-09-15,04:30,
2025-09-15,04:45,
2025-09-15,05:00,
2025-09-15,05:15,
2025-09-15,05:30,
2025-09-15,05:45,
2025-09-15,06:00,
2025-09-15,06:15,
2025-09-15,06:30,
2025-09-15,06:45,
2025-09-15,07:00,
2025-09-15,07:15,
2025-09-15,07:30,
2025-09-15,07:45,
2025-09-15,08:00,
2025-09-15,08:15,
2025-09-15,08:30,
2025-09-15,08:45,
2025-09-15,09:00,
2025-09-15,09:15,
2025-09-15,09:30,
2025-09-15,09:45,
2025-09-15,10:00,
2025-09-15,10:15,
2025-09-15,10:30,
2025-09-15,10:45,
2025-09-15,11:00,
2025-09-15,11:15,
2025-09-15,11:30,
2025-09-15,11:45,
2025-09-15,12:00,
2025-09-15,12:15,
2025-09-15,12:30,
2025-09-15,12:45,
2025-09-15,13:00,
2025-09-15,13:15,
2025-09-15,13:30,
2025-09-15,13:45,
2025-09-15,14:00,
2025-09-15,14:15,
2025-09-15,14:30,
2025-09-15,14:45,
2025-09-15,15:00,
2025-09-15,15:15,
2025-09-15,15:30,
2025-09-15,15:45,
2025-09-15,16:00,
2025-09-15,16:15,
2025-09-15,16:30,
2025-09-15,16:45,
2025-09-15,17:00,
2025-09-15,17:15,
2025-09-15,17:30,
2025-09-15,17:45,
2025-09-15,18:00,
2025-09-15,18:15,
2025-09-15,18:30,
2025-09-15,18:45,
2025-09-15,19:00,
2025-09-15,19:15,
2025-09-15,19:30,
2025-09-15,19:45,
2025-09-15,20:00,
2025-09-15,20:15,
2025-09-15,20:30,
2025-09-15,20:45,
2025-09-15,21:00,
2025-09-15,21:15,
2025-09-15,21:30,
2025-09-15,21:45,
2025-09-15,22:00,
2025-09-15,22:15,
2025-09-15,22:30,
2025-09-15,22:45,
2025-09-15,23:00,
2025-09-15,23:15,
2025-09-15,23:30,
2025-09-15,23:45,
2025-09-16,00:00,
2025-09-16,00:15,
2025-09-16,00:30,
2025-09-16,00:45,
2025-09-16,01:00,
2025-09-16,01:15,
2025-09-16,01:30,
2025-09-16,01:45,
2025-09-16,02:00,
2025-09-16,02:15,
2025-09-16,02:30,
2025-09-16,02:45,
2025-09-16,03:00,
2025-09-16,03:15,
2025-09-16,03:30,
2025-09-16,03:45,
2025-09-16,04:00,
2025-09-16,04:15,
2025-09-16,04:30,
2025-09-16,04:45,
2025-09-16,05:00,
2025-09-16,05:15,
2025-09-16,05:30,
2025-09-16,05:45,
2025-09-16,06:00,
2025-09-16,06:15,
2025-09-16,06:30,
2025-09-16,06:45,
2025-09-16,07:00,
2025-09-16,07:15,
2025-09-16,07:30,
2025-09-16,07:45,
2025-09-16,08:00,
2025-09-16,08:15,
2025-09-16,08:30,
2025-09-16,08:45,
2025-09-16,09:00,
2025-09-16,09:15,
2025-09-16,09:30,
2025-09-16,09:45,
2025-09-16,10:00,
2025-09-16,10:15,
2025-09-16,10:30,
2025-09-16,10:45,
2025-09-16,11:00,
2025-09-16,11:15,
2025-09-16,11:30,
2025-09-16,11:45,
2025-09-16,12:00,
2025-09-16,12:15,
2025-09-16,12:30,
2025-09-16,12:45,
2025-09-16,13:00,
2025-09-16,13:15,
2025-09-16,13:30,
2025-09-16,13:45,
2025-09-16,14:00,
2025-09-16,14:15,
2025-09-16,14:30,
2025-09-16,14:45,
2025-09-16,15:00,
2025-09-16,15:15,
2025-09-16,15:30,
2025-09-16,15:45,
2025-09-16,16:00,
2025-09-16,16:15,
2025-09-16,16:30,
2025-09-16,16:45,
2025-09-16,17:00,
2025-09-16,17:15,
2025-09-16,17:30,
2025-09-16,17:45,
2025-09-16,18:00,
2025-09-16,18:15,
2025-09-16,18:30,
2025-09-16,18:45,
2025-09-16,19:00,
2025-09-16,19:15,
2025-09-16,19:30,
2025-09-16,19:45,
2025-09-16,20:00,
2025-09-16,20:15,
2025-09-16,20:30,
2025-09-16,20:45,
2025-09-16,21:00,
2025-09-16,21:15,
2025-09-16,21:30,
2025-09-16,21:45,
2025-09-16,22:00,
2025-09-16,22:15,
2025-09-16,22:30,
2025-09-16,22:45,
2025-09-16,23:00,
2025-09-16,23:15,
2025-09-16,23:30,
2025-09-16,23:45,
2025-09-17,00:00,
2025-09-17,00:15,
2025-09-17,00:30,
2025-09-17,00:45,
2025-09-17,01:00,
2025-09-17,01:15,
2025-09-17,01:30,
2025-09-17,01:45,
2025-09-17,02:00,
2025-09-17,02:15,
2025-09-17,02:30,
2025-09-17,02:45,
2025-09-17,03:00,
2025-09-17,03:15,
2025-09-17,03:30,
2025-09-17,03:45,
2025-09-17,04:00,
2025-09-17,04:15,
2025-09-17,04:30,
2025-09-17,04:45,
2025-09-17,05:00,
2025-09-17,05:15,
2025-09-17,05:30,
2025-09-17,05:45,
2025-09-17,06:00,
2025-09-17,06:15,
2025-09-17,06:30,
2025-09-17,06:45,
2025-09-17,07:00,
2025-09-17,07:15,
2025-09-17,07:30,
2025-09-17,07:45,
2025-09-17,08:00,
2025-09-17,08:15,
2025-09-17,08:30,
2025-09-17,08:45,
2025-09-17,09:00,
2025-09-17,09:15,
2025-09-17,09:30,
2025-09-17,09:45,
2025-09-17,10:00,
2025-09-17,10:15,
2025-09-17,10:30,
2025-09-17,10:45,
2025-09-17,11:00,
2025-09-17,11:15,
2025-09-17,11:30,
2025-09-17,11:45,
2025-09-17,12:00,
2025-09-17,12:15,
2025-09-17,12:30,
2025-09-17,12:45,
2025-09-17,13:00,
2025-09-17,13:15,
2025-09-17,13:30,
2025-09-17,13:45,
2025-09-17,14:00,
2025-09-17,14:15,
2025-09-17,14:30,
2025-09-17,14:45,
2025-09-17,15:00,
2025-09-17,15:15,
2025-09-17,15:30,
2025-09-17,15:45,
2025-09-17,16:00,
2025-09-17,16:15,
2025-09-17,16:30,
2025-09-17,16:45,
2025-09-17,17:00,
2025-09-17,17:15,
2025-09-17,17:30,
2025-09-17,17:45,
2025-09-17,18:00,
2025-09-17,18:15,
2025-09-17,18:30,
2025-09-17,18:45,
2025-09-17,19:00,
2025-09-17,19:15,
2025-09-17,19:30,
2025-09-17,19:45,
2025-09-17,20:00,
2025-09-17,20:15,
2025-09-17,20:30,
2025-09-17,20:45,
2025-09-17,21:00,
2025-09-17,21:15,
2025-09-17,21:30,
2025-09-17,21:45,
2025-09-17,22:00,
2025-09-17,22:15,
2025-09-17,22:30,
2025-09-17,22:45,
2025-09-17,23:00,
2025-09-17,23:15,
2025-09-17,23:30,
2025-09-17,23:45,
2025-09-18,00:00,4582.2
2025-09-18,00:15,4011
2025-09-18,00:30,3361.4
2025-09-18,00:45,3892
2025-09-18,01:00,4015.2
2025-09-18,01:15,3057.6
2025-09-18,01:30,3742.2
2025-09-18,01:45,4082.4
2025-09-18,02:00,3577
2025-09-18,02:15,3535
2025-09-18,02:30,4596.2
2025-09-18,02:45,4571
2025-09-18,03:00,3843
2025-09-18,03:15,4485.6
2025-09-18,03:30,4575.2
2025-09-18,03:45,3624.6
2025-09-18,04:00,4340
2025-09-18,04:15,4583.6
2025-09-18,04:30,4023.6
2025-09-18,04:45,4120.2
2025-09-18,05:00,4575.2
2025-09-18,05:15,4051.6
2025-09-18,05:30,3358.6
2025-09-18,05:45,3843
2025-09-18,06:00,3983
2025-09-18,06:15,3073
2025-09-18,06:30,3770.2
2025-09-18,06:45,3980.2
2025-09-18,07:00,3476.2
2025-09-18,07:15,3438.4
2025-09-18,07:30,3962
2025-09-18,07:45,3806.6
2025-09-18,08:00,3239.6
2025-09-18,08:15,3994.2
2025-09-18,08:30,4478.6
2025-09-18,08:45,3626
2025-09-18,09:00,4285.4
2025-09-18,09:15,3969
2025-09-18,09:30,3390.8
2025-09-18,09:45,3501.4
2025-09-18,10:00,4027.8
2025-09-18,10:15,3915.8
2025-09-18,10:30,3161.2
2025-09-18,10:45,3780
2025-09-18,11:00,3913
2025-09-18,11:15,3066
2025-09-18,11:30,3732.4
2025-09-18,11:45,4074
2025-09-18,12:00,3295.6
2025-09-18,12:15,3515.4
2025-09-18,12:30,3910.2
2025-09-18,12:45,3920
2025-09-18,13:00,3325
2025-09-18,13:15,4020.8
2025-09-18,13:30,4072.6
2025-09-18,13:45,3141.6
2025-09-18,14:00,3921.4
2025-09-18,14:15,4172
2025-09-18,14:30,3574.2
2025-09-18,14:45,3631.6
2025-09-18,15:00,4193
2025-09-18,15:15,4127.2
2025-09-18,15:30,3459.4
2025-09-18,15:45,3928.4
2025-09-18,16:00,4025
2025-09-18,16:15,3158.4
2025-09-18,16:30,3841.6
2025-09-18,16:45,3770.2
2025-09-18,17:00,2868.6
2025-09-18,17:15,3332
2025-09-18,17:30,3801
2025-09-18,17:45,3775.8
2025-09-18,18:00,3098.2
2025-09-18,18:15,3637.2
2025-09-18,18:30,3766
2025-09-18,18:45,2871.4
2025-09-18,19:00,3537.8
2025-09-18,19:15,3809.4
2025-09-18,19:30,3360
2025-09-18,19:45,3491.6
2025-09-18,20:00,3911.6
2025-09-18,20:15,3904.6
2025-09-18,20:30,3297
2025-09-18,20:45,3876.6
2025-09-18,21:00,3934
2025-09-18,21:15,3102.4
2025-09-18,21:30,3698.8
2025-09-18,21:45,3945.2
2025-09-18,22:00,2772
2025-09-18,22:15,3518.2
2025-09-18,22:30,3942.4
2025-09-18,22:45,3822
2025-09-18,23:00,3264.8
2025-09-18,23:15,3725.4
2025-09-18,23:30,3768.8
2025-09-18,23:45,2891
2025-09-19,00:00,
2025-09-19,00:15,
2025-09-19,00:30,
2025-09-19,00:45,
2025-09-19,01:00,
2025-09-19,01:15,
2025-09-19,01:30,
2025-09-19,01:45,
2025-09-19,02:00,
2025-09-19,02:15,
2025-09-19,02:30,
2025-09-19,02:45,
2025-09-19,03:00,
2025-09-19,03:15,
2025-09-19,03:30,
2025-09-19,03:45,
2025-09-19,04:00,
2025-09-19,04:15,
2025-09-19,04:30,
2025-09-19,04:45,
2025-09-19,05:00,
2025-09-19,05:15,
2025-09-19,05:30,
2025-09-19,05:45,
2025-09-19,06:00,
2025-09-19,06:15,
2025-09-19,06:30,
2025-09-19,06:45,
2025-09-19,07:00,
2025-09-19,07:15,
2025-09-19,07:30,
2025-09-19,07:45,
2025-09-19,08:00,
2025-09-19,08:15,
2025-09-19,08:30,
2025-09-19,08:45,
2025-09-19,09:00,
2025-09-19,09:15,
2025-09-19,09:30,
2025-09-19,09:45,
2025-09-19,10:00,
2025-09-19,10:15,
2025-09-19,10:30,
2025-09-19,10:45,
2025-09-19,11:00,
2025-09-19,11:15,
2025-09-19,11:30,
2025-09-19,11:45,
2025-09-19,12:00,
2025-09-19,12:15,
2025-09-19,12:30,
2025-09-19,12:45,
2025-09-19,13:00,
2025-09-19,13:15,
2025-09-19,13:30,
2025-09-19,13:45,
2025-09-19,14:00,
2025-09-19,14:15,
2025-09-19,14:30,
2025-09-19,14:45,
2025-09-19,15:00,
2025-09-19,15:15,
2025-09-19,15:30,
2025-09-19,15:45,
2025-09-19,16:00,
2025-09-19,16:15,
2025-09-19,16:30,
2025-09-19,16:45,
2025-09-19,17:00,
2025-09-19,17:15,
2025-09-19,17:30,
2025-09-19,17:45,
2025-09-19,18:00,
2025-09-19,18:15,
2025-09-19,18:30,
2025-09-19,18:45,
2025-09-19,19:00,
2025-09-19,19:15,
2025-09-19,19:30,
2025-09-19,19:45,
2025-09-19,20:00,
2025-09-19,20:15,
2025-09-19,20:30,
2025-09-19,20:45,
2025-09-19,21:00,
2025-09-19,21:15,
2025-09-19,21:30,
2025-09-19,21:45,
2025-09-19,22:00,
2025-09-19,22:15,
2025-09-19,22:30,
2025-09-19,22:45,
2025-09-19,23:00,
2025-09-19,23:15,
2025-09-19,23:30,
2025-09-19,23:45,
2025-09-20,00:00,
2025-09-20,00:15,
2025-09-20,00:30,
2025-09-20,00:45,
2025-09-20,01:00,
2025-09-20,01:15,
2025-09-20,01:30,
2025-09-20,01:45,
2025-09-20,02:00,
2025-09-20,02:15,
2025-09-20,02:30,
2025-09-20,02:45,
2025-09-20,03:00,
2025-09-20,03:15,
2025-09-20,03:30,
2025-09-20,03:45,
2025-09-20,04:00,
2025-09-20,04:15,
2025-09-20,04:30,
2025-09-20,04:45,
2025-09-20,05:00,
2025-09-20,05:15,
2025-09-20,05:30,
2025-09-20,05:45,
2025-09-20,06:00,
2025-09-20,06:15,
2025-09-20,06:30,
2025-09-20,06:45,
2025-09-20,07:00,
2025-09-20,07:15,
2025-09-20,07:30,
2025-09-20,07:45,
2025-09-20,08:00,
2025-09-20,08:15,
2025-09-20,08:30,
2025-09-20,08:45,
2025-09-20,09:00,
2025-09-20,09:15,
2025-09-20,09:30,
2025-09-20,09:45,
2025-09-20,10:00,
2025-09-20,10:15,
2025-09-20,10:30,
2025-09-20,10:45,
2025-09-20,11:00,
2025-09-20,11:15,
2025-09-20,11:30,
2025-09-20,11:45,
2025-09-20,12:00,
2025-09-20,12:15,
2025-09-20,12:30,
2025-09-20,12:45,
2025-09-20,13:00,
2025-09-20,13:15,
2025-09-20,13:30,
2025-09-20,13:45,
2025-09-20,14:00,
2025-09-20,14:15,
2025-09-20,14:30,
2025-09-20,14:45,
2025-09-20,15:00,
2025-09-20,15:15,
2025-09-20,15:30,
2025-09-20,15:45,
2025-09-20,16:00,
2025-09-20,16:15,
2025-09-20,16:30,
2025-09-20,16:45,
2025-09-20,17:00,
2025-09-20,17:15,
2025-09-20,17:30,
2025-09-20,17:45,
2025-09-20,18:00,
2025-09-20,18:15,
2025-09-20,18:30,
2025-09-20,18:45,
2025-09-20,19:00,
2025-09-20,19:15,
2025-09-20,19:30,
2025-09-20,19:45,
2025-09-20,20:00,
2025-09-20,20:15,
2025-09-20,20:30,
2025-09-20,20:45,
2025-09-20,21:00,
2025-09-20,21:15,
2025-09-20,21:30,
2025-09-20,21:45,
2025-09-20,22:00,
2025-09-20,22:15,
2025-09-20,22:30,
2025-09-20,22:45,
2025-09-20,23:00,
2025-09-20,23:15,
2025-09-20,23:30,
2025-09-20,23:45,
2025-09-21,00:00,
2025-09-21,00:15,
2025-09-21,00:30,
2025-09-21,00:45,
2025-09-21,01:00,
2025-09-21,01:15,
2025-09-21,01:30,
2025-09-21,01:45,
2025-09-21,02:00,
2025-09-21,02:15,
2025-09-21,02:30,
2025-09-21,02:45,
2025-09-21,03:00,
2025-09-21,03:15,
2025-09-21,03:30,
2025-09-21,03:45,
2025-09-21,04:00,
2025-09-21,04:15,
2025-09-21,04:30,
2025-09-21,04:45,
2025-09-21,05:00,
2025-09-21,05:15,
2025-09-21,05:30,
2025-09-21,05:45,
2025-09-21,06:00,
2025-09-21,06:15,
2025-09-21,06:30,
2025-09-21,06:45,
2025-09-21,07:00,
2025-09-21,07:15,
2025-09-21,07:30,
2025-09-21,07:45,
2025-09-21,08:00,
2025-09-21,08:15,
2025-09-21,08:30,
2025-09-21,08:45,
2025-09-21,09:00,
2025-09-21,09:15,
2025-09-21,09:30,
2025-09-21,09:45,
2025-09-21,10:00,
2025-09-21,10:15,
2025-09-21,10:30,
2025-09-21,10:45,
2025-09-21,11:00,
2025-09-21,11:15,
2025-09-21,11:30,
2025-09-21,11:45,
2025-09-21,12:00,
2025-09-21,12:15,
2025-09-21,12:30,
2025-09-21,12:45,
2025-09-21,13:00,
2025-09-21,13:15,
2025-09-21,13:30,
2025-09-21,13:45,
2025-09-21,14:00,
2025-09-21,14:15,
2025-09-21,14:30,
2025-09-21,14:45,
2025-09-21,15:00,
2025-09-21,15:15,
2025-09-21,15:30,
2025-09-21,15:45,
2025-09-21,16:00,
2025-09-21,16:15,
2025-09-21,16:30,
2025-09-21,16:45,
2025-09-21,17:00,
2025-09-21,17:15,
2025-09-21,17:30,
2025-09-21,17:45,
2025-09-21,18:00,
2025-09-21,18:15,
2025-09-21,18:30,
2025-09-21,18:45,
2025-09-21,19:00,
2025-09-21,19:15,
2025-09-21,19:30,
2025-09-21,19:45,
2025-09-21,20:00,
2025-09-21,20:15,
2025-09-21,20:30,
2025-09-21,20:45,
2025-09-21,21:00,
2025-09-21,21:15,
2025-09-21,21:30,
2025-09-21,21:45,
2025-09-21,22:00,
2025-09-21,22:15,
2025-09-21,22:30,
2025-09-21,22:45,
2025-09-21,23:00,
2025-09-21,23:15,
2025-09-21,23:30,
2025-09-21,23:45,
2025-09-22,00:00,
2025-09-22,00:15,
2025-09-22,00:30,
2025-09-22,00:45,
2025-09-22,01:00,
2025-09-22,01:15,
2025-09-22,01:30,
2025-09-22,01:45,
2025-09-22,02:00,
2025-09-22,02:15,
2025-09-22,02:30,
2025-09-22,02:45,
2025-09-22,03:00,
2025-09-22,03:15,
2025-09-22,03:30,
2025-09-22,03:45,
2025-09-22,04:00,
2025-09-22,04:15,
2025-09-22,04:30,
2025-09-22,04:45,
2025-09-22,05:00,
2025-09-22,05:15,
2025-09-22,05:30,
2025-09-22,05:45,
2025-09-22,06:00,
2025-09-22,06:15,
2025-09-22,06:30,
2025-09-22,06:45,
2025-09-22,07:00,
2025-09-22,07:15,
2025-09-22,07:30,
2025-09-22,07:45,
2025-09-22,08:00,
2025-09-22,08:15,
2025-09-22,08:30,
2025-09-22,08:45,
2025-09-22,09:00,
2025-09-22,09:15,
2025-09-22,09:30,
2025-09-22,09:45,
2025-09-22,10:00,
2025-09-22,10:15,
2025-09-22,10:30,
2025-09-22,10:45,
2025-09-22,11:00,
2025-09-22,11:15,
2025-09-22,11:30,
2025-09-22,11:45,
2025-09-22,12:00,
2025-09-22,12:15,
2025-09-22,12:30,
2025-09-22,12:45,
2025-09-22,13:00,
2025-09-22,13:15,
2025-09-22,13:30,
2025-09-22,13:45,
2025-09-22,14:00,
2025-09-22,14:15,
2025-09-22,14:30,
2025-09-22,14:45,
2025-09-22,15:00,
2025-09-22,15:15,
2025-09-22,15:30,
2025-09-22,15:45,
2025-09-22,16:00,
2025-09-22,16:15,
2025-09-22,16:30,
2025-09-22,16:45,
2025-09-22,17:00,
2025-09-22,17:15,
2025-09-22,17:30,
2025-09-22,17:45,
2025-09-22,18:00,
2025-09-22,18:15,
2025-09-22,18:30,
2025-09-22,18:45,
2025-09-22,19:00,
2025-09-22,19:15,
2025-09-22,19:30,
2025-09-22,19:45,
2025-09-22,20:00,
2025-09-22,20:15,
2025-09-22,20:30,
2025-09-22,20:45,
2025-09-22,21:00,
2025-09-22,21:15,
2025-09-22,21:30,
2025-09-22,21:45,
2025-09-22,22:00,
2025-09-22,22:15,
2025-09-22,22:30,
2025-09-22,22:45,
2025-09-22,23:00,
2025-09-22,23:15,
2025-09-22,23:30,
2025-09-22,23:45,
2025-09-23,00:00,
2025-09-23,00:15,
2025-09-23,00:30,
2025-09-23,00:45,
2025-09-23,01:00,
2025-09-23,01:15,
2025-09-23,01:30,
2025-09-23,01:45,
2025-09-23,02:00,
2025-09-23,02:15,
2025-09-23,02:30,
2025-09-23,02:45,
2025-09-23,03:00,
2025-09-23,03:15,
2025-09-23,03:30,
2025-09-23,03:45,
2025-09-23,04:00,
2025-09-23,04:15,
2025-09-23,04:30,
2025-09-23,04:45,
2025-09-23,05:00,
2025-09-23,05:15,
2025-09-23,05:30,
2025-09-23,05:45,
2025-09-23,06:00,
2025-09-23,06:15,
2025-09-23,06:30,
2025-09-23,06:45,
2025-09-23,07:00,
2025-09-23,07:15,
2025-09-23,07:30,
2025-09-23,07:45,
2025-09-23,08:00,
2025-09-23,08:15,
2025-09-23,08:30,
2025-09-23,08:45,
2025-09-23,09:00,
2025-09-23,09:15,
2025-09-23,09:30,
2025-09-23,09:45,
2025-09-23,10:00,
2025-09-23,10:15,
2025-09-23,10:30,
2025-09-23,10:45,
2025-09-23,11:00,
2025-09-23,11:15,
2025-09-23,11:30,
2025-09-23,11:45,
2025-09-23,12:00,
2025-09-23,12:15,
2025-09-23,12:30,
2025-09-23,12:45,
2025-09-23,13:00,
2025-09-23,13:15,
2025-09-23,13:30,
2025-09-23,13:45,
2025-09-23,14:00,
2025-09-23,14:15,
2025-09-23,14:30,
2025-09-23,14:45,
2025-09-23,15:00,
2025-09-23,15:15,
2025-09-23,15:30,
2025-09-23,15:45,
2025-09-23,16:00,
2025-09-23,16:15,
2025-09-23,16:30,
2025-09-23,16:45,
2025-09-23,17:00,
2025-09-23,17:15,
2025-09-23,17:30,
2025-09-23,17:45,
2025-09-23,18:00,
2025-09-23,18:15,
2025-09-23,18:30,
2025-09-23,18:45,
2025-09-23,19:00,
2025-09-23,19:15,
2025-09-23,19:30,
2025-09-23,19:45,
2025-09-23,20:00,
2025-09-23,20:15,
2025-09-23,20:30,
2025-09-23,20:45,
2025-09-23,21:00,
2025-09-23,21:15,
2025-09-23,21:30,
2025-09-23,21:45,
2025-09-23,22:00,
2025-09-23,22:15,
2025-09-23,22:30,
2025-09-23,22:45,
2025-09-23,23:00,
2025-09-23,23:15,
2025-09-23,23:30,
2025-09-23,23:45,
2025-09-24,00:00,3396.4
2025-09-24,00:15,3253.6
2025-09-24,00:30,2997.4
2025-09-24,00:45,3605
2025-09-24,01:00,4016.6
2025-09-24,01:15,4050.2
2025-09-24,01:30,4138.4
2025-09-24,01:45,4145.4
2025-09-24,02:00,4039
2025-09-24,02:15,3957.8
2025-09-24,02:30,3962
2025-09-24,02:45,3711.4
2025-09-24,03:00,3509.8
2025-09-24,03:15,3390.8
2025-09-24,03:30,3140.2
2025-09-24,03:45,2797.2
2025-09-24,04:00,3635.8
2025-09-24,04:15,4022.2
2025-09-24,04:30,4039
2025-09-24,04:45,4079.6
2025-09-24,05:00,4047.4
2025-09-24,05:15,4023.6
2025-09-24,05:30,3787
2025-09-24,05:45,3803.8
2025-09-24,06:00,3487.4
2025-09-24,06:15,3428.6
2025-09-24,06:30,3250.8
2025-09-24,06:45,3057.6
2025-09-24,07:00,3194.8
2025-09-24,07:15,3806.6
2025-09-24,07:30,3978.8
2025-09-24,07:45,4120.2
2025-09-24,08:00,4387.6
2025-09-24,08:15,4309.2
2025-09-24,08:30,4236.4
2025-09-24,08:45,4152.4
2025-09-24,09:00,3992.8
2025-09-24,09:15,3815
2025-09-24,09:30,3544.8
2025-09-24,09:45,3400.6
2025-09-24,10:00,3228.4
2025-09-24,10:15,3565.8
2025-09-24,10:30,4048.8
2025-09-24,10:45,4008.2
2025-09-24,11:00,4207
2025-09-24,11:15,4155.2
2025-09-24,11:30,4246.2
2025-09-24,11:45,4212.6
2025-09-24,12:00,4008.2
2025-09-24,12:15,3890.6
2025-09-24,12:30,3365.6
2025-09-24,12:45,3375.4
2025-09-24,13:00,3005.8
2025-09-24,13:15,2699.2
2025-09-24,13:30,3367
2025-09-24,13:45,4016.6
2025-09-24,14:00,3907.4
2025-09-24,14:15,3984.4
2025-09-24,14:30,4188.8
2025-09-24,14:45,4096.4
2025-09-24,15:00,4055.8
2025-09-24,15:15,4060
2025-09-24,15:30,4004
2025-09-24,15:45,3677.8
2025-09-24,16:00,3497.2
2025-09-24,16:15,3260.6
2025-09-24,16:30,3036.6
2025-09-24,16:45,3490.2
2025-09-24,17:00,3911.6
2025-09-24,17:15,3861.2
2025-09-24,17:30,3997
2025-09-24,17:45,4022.2
2025-09-24,18:00,4114.6
2025-09-24,18:15,4181.8
2025-09-24,18:30,3889.2
2025-09-24,18:45,3816.4
2025-09-24,19:00,3635.8
2025-09-24,19:15,3444
2025-09-24,19:30,3283
2025-09-24,19:45,3031
2025-09-24,20:00,3754.8
2025-09-24,20:15,4146.8
2025-09-24,20:30,4144
2025-09-24,20:45,4335.8
2025-09-24,21:00,4328.8
2025-09-24,21:15,4183.2
2025-09-24,21:30,4197.2
2025-09-24,21:45,4011
2025-09-24,22:00,3805.2
2025-09-24,22:15,3712.8
2025-09-24,22:30,3516.8
2025-09-24,22:45,3129
2025-09-24,23:00,2851.8
2025-09-24,23:15,3557.4
2025-09-24,23:30,4060
2025-09-24,23:45,3999.8
2025-09-25,00:00,
2025-09-25,00:15,
2025-09-25,00:30,
2025-09-25,00:45,
2025-09-25,01:00,
2025-09-25,01:15,
2025-09-25,01:30,
2025-09-25,01:45,
2025-09-25,02:00,
2025-09-25,02:15,
2025-09-25,02:30,
2025-09-25,02:45,
2025-09-25,03:00,
2025-09-25,03:15,
2025-09-25,03:30,
2025-09-25,03:45,
2025-09-25,04:00,
2025-09-25,04:15,
2025-09-25,04:30,
2025-09-25,04:45,
2025-09-25,05:00,
2025-09-25,05:15,
2025-09-25,05:30,
2025-09-25,05:45,
2025-09-25,06:00,
2025-09-25,06:15,
2025-09-25,06:30,
2025-09-25,06:45,
2025-09-25,07:00,
2025-09-25,07:15,
2025-09-25,07:30,
2025-09-25,07:45,
2025-09-25,08:00,
2025-09-25,08:15,
2025-09-25,08:30,
2025-09-25,08:45,
2025-09-25,09:00,
2025-09-25,09:15,
2025-09-25,09:30,
2025-09-25,09:45,
2025-09-25,10:00,
2025-09-25,10:15,
2025-09-25,10:30,
2025-09-25,10:45,
2025-09-25,11:00,
2025-09-25,11:15,
2025-09-25,11:30,
2025-09-25,11:45,
2025-09-25,12:00,
2025-09-25,12:15,
2025-09-25,12:30,
2025-09-25,12:45,
2025-09-25,13:00,
2025-09-25,13:15,
2025-09-25,13:30,
2025-09-25,13:45,
2025-09-25,14:00,
2025-09-25,14:15,
2025-09-25,14:30,
2025-09-25,14:45,
2025-09-25,15:00,
2025-09-25,15:15,
2025-09-25,15:30,
2025-09-25,15:45,
2025-09-25,16:00,
2025-09-25,16:15,
2025-09-25,16:30,
2025-09-25,16:45,
2025-09-25,17:00,
2025-09-25,17:15,
2025-09-25,17:30,
2025-09-25,17:45,
2025-09-25,18:00,
2025-09-25,18:15,
2025-09-25,18:30,
2025-09-25,18:45,
2025-09-25,19:00,
2025-09-25,19:15,
2025-09-25,19:30,
2025-09-25,19:45,
2025-09-25,20:00,
2025-09-25,20:15,
2025-09-25,20:30,
2025-09-25,20:45,
2025-09-25,21:00,
2025-09-25,21:15,
2025-09-25,21:30,
2025-09-25,21:45,
2025-09-25,22:00,
2025-09-25,22:15,
2025-09-25,22:30,
2025-09-25,22:45,
2025-09-25,23:00,
2025-09-25,23:15,
2025-09-25,23:30,
2025-09-25,23:45,
2025-09-26,00:00,
2025-09-26,00:15,
2025-09-26,00:30,
2025-09-26,00:45,
2025-09-26,01:00,
2025-09-26,01:15,
2025-09-26,01:30,
2025-09-26,01:45,
2025-09-26,02:00,
2025-09-26,02:15,
2025-09-26,02:30,
2025-09-26,02:45,
2025-09-26,03:00,
2025-09-26,03:15,
2025-09-26,03:30,
2025-09-26,03:45,
2025-09-26,04:00,
2025-09-26,04:15,
2025-09-26,04:30,
2025-09-26,04:45,
2025-09-26,05:00,
2025-09-26,05:15,
2025-09-26,05:30,
2025-09-26,05:45,
2025-09-26,06:00,
2025-09-26,06:15,
2025-09-26,06:30,
2025-09-26,06:45,
2025-09-26,07:00,
2025-09-26,07:15,
2025-09-26,07:30,
2025-09-26,07:45,
2025-09-26,08:00,
2025-09-26,08:15,
2025-09-26,08:30,
2025-09-26,08:45,
2025-09-26,09:00,
2025-09-26,09:15,
2025-09-26,09:30,
2025-09-26,09:45,
2025-09-26,10:00,
2025-09-26,10:15,
2025-09-26,10:30,
2025-09-26,10:45,
2025-09-26,11:00,
2025-09-26,11:15,
2025-09-26,11:30,
2025-09-26,11:45,
2025-09-26,12:00,
2025-09-26,12:15,
2025-09-26,12:30,
2025-09-26,12:45,
2025-09-26,13:00,
2025-09-26,13:15,
2025-09-26,13:30,
2025-09-26,13:45,
2025-09-26,14:00,
2025-09-26,14:15,
2025-09-26,14:30,
2025-09-26,14:45,
2025-09-26,15:00,
2025-09-26,15:15,
2025-09-26,15:30,
2025-09-26,15:45,
2025-09-26,16:00,
2025-09-26,16:15,
2025-09-26,16:30,
2025-09-26,16:45,
2025-09-26,17:00,
2025-09-26,17:15,
2025-09-26,17:30,
2025-09-26,17:45,
2025-09-26,18:00,
2025-09-26,18:15,
2025-09-26,18:30,
2025-09-26,18:45,
2025-09-26,19:00,
2025-09-26,19:15,
2025-09-26,19:30,
2025-09-26,19:45,
2025-09-26,20:00,
2025-09-26,20:15,
2025-09-26,20:30,
2025-09-26,20:45,
2025-09-26,21:00,
2025-09-26,21:15,
2025-09-26,21:30,
2025-09-26,21:45,
2025-09-26,22:00,
2025-09-26,22:15,
2025-09-26,22:30,
2025-09-26,22:45,
2025-09-26,23:00,
2025-09-26,23:15,
2025-09-26,23:30,
2025-09-26,23:45,
2025-09-27,00:00,
2025-09-27,00:15,
2025-09-27,00:30,
2025-09-27,00:45,
2025-09-27,01:00,23.8
2025-09-27,01:15,23.8
2025-09-27,01:30,23.8
2025-09-27,01:45,23.8
2025-09-27,02:00,23.8
2025-09-27,02:15,22.4
2025-09-27,02:30,22.4
2025-09-27,02:45,22.4
2025-09-27,03:00,23.8
2025-09-27,03:15,23.8
2025-09-27,03:30,23.8
2025-09-27,03:45,25.2
2025-09-27,04:00,22.4
2025-09-27,04:15,22.4
2025-09-27,04:30,22.4
2025-09-27,04:45,23.8
2025-09-27,05:00,23.8
2025-09-27,05:15,23.8
2025-09-27,05:30,23.8
2025-09-27,05:45,22.4
2025-09-27,06:00,22.4
2025-09-27,06:15,22.4
2025-09-27,06:30,23.8
2025-09-27,06:45,25.2
2025-09-27,07:00,23.8
2025-09-27,07:15,23.8
2025-09-27,07:30,22.4
2025-09-27,07:45,23.8
2025-09-27,08:00,25.2
2025-09-27,08:15,23.8
2025-09-27,08:30,23.8
2025-09-27,08:45,23.8
2025-09-27,09:00,22.4
2025-09-27,09:15,22.4
2025-09-27,09:30,23.8
2025-09-27,09:45,22.4
2025-09-27,10:00,23.8
2025-09-27,10:15,23.8
2025-09-27,10:30,23.8
2025-09-27,10:45,22.4
2025-09-27,11:00,22.4
2025-09-27,11:15,22.4
2025-09-27,11:30,22.4
2025-09-27,11:45,23.8
2025-09-27,12:00,23.8
2025-09-27,12:15,26.6
2025-09-27,12:30,23.8
2025-09-27,12:45,23.8
2025-09-27,13:00,23.8
2025-09-27,13:15,23.8
2025-09-27,13:30,23.8
2025-09-27,13:45,29.4
2025-09-27,14:00,23.8
2025-09-27,14:15,23.8
2025-09-27,14:30,23.8
2025-09-27,14:45,23.8
2025-09-27,15:00,25.2
2025-09-27,15:15,23.8
2025-09-27,15:30,23.8
2025-09-27,15:45,23.8
2025-09-27,16:00,25.2
2025-09-27,16:15,23.8
2025-09-27,16:30,26.6
2025-09-27,16:45,23.8
2025-09-27,17:00,25.2
2025-09-27,17:15,23.8
2025-09-27,17:30,23.8
2025-09-27,17:45,23.8
2025-09-27,18:00,22.4
2025-09-27,18:15,28
2025-09-27,18:30,23.8
2025-09-27,18:45,23.8
2025-09-27,19:00,23.8
2025-09-27,19:15,23.8
2025-09-27,19:30,23.8
2025-09-27,19:45,23.8
2025-09-27,20:00,23.8
2025-09-27,20:15,25.2
2025-09-27,20:30,23.8
2025-09-27,20:45,26.6
2025-09-27,21:00,23.8
2025-09-27,21:15,23.8
2025-09-27,21:30,23.8
2025-09-27,21:45,23.8
2025-09-27,22:00,25.2
2025-09-27,22:15,23.8
2025-09-27,22:30,23.8
2025-09-27,22:45,23.8
2025-09-27,23:00,23.8
2025-09-27,23:15,23.8
2025-09-27,23:30,23.8
2025-09-27,23:45,23.8
2025-09-28,00:00,23.8
2025-09-28,00:15,23.8
2025-09-28,00:30,25.2
2025-09-28,00:45,23.8
2025-09-28,01:00,23.8
2025-09-28,01:15,
2025-09-28,01:30,
2025-09-28,01:45,23.8
2025-09-28,02:00,23.8
2025-09-28,02:15,23.8
2025-09-28,02:30,23.8
2025-09-28,02:45,23.8
2025-09-28,03:00,23.8
2025-09-28,03:15,23.8
2025-09-28,03:30,23.8
2025-09-28,03:45,23.8
2025-09-28,04:00,23.8
2025-09-28,04:15,23.8
2025-09-28,04:30,23.8
2025-09-28,04:45,25.2
2025-09-28,05:00,23.8
2025-09-28,05:15,23.8
2025-09-28,05:30,23.8
2025-09-28,05:45,25.2
2025-09-28,06:00,23.8
2025-09-28,06:15,23.8
2025-09-28,06:30,23.8
2025-09-28,06:45,23.8
2025-09-28,07:00,23.8
2025-09-28,07:15,23.8
2025-09-28,07:30,23.8
2025-09-28,07:45,22.4
2025-09-28,08:00,23.8
2025-09-28,08:15,22.4
2025-09-28,08:30,25.2
2025-09-28,08:45,23.8
2025-09-28,09:00,26.6
2025-09-28,09:15,23.8
2025-09-28,09:30,25.2
2025-09-28,09:45,23.8
2025-09-28,10:00,23.8
2025-09-28,10:15,23.8
2025-09-28,10:30,26.6
2025-09-28,10:45,22.4
2025-09-28,11:00,22.4
2025-09-28,11:15,25.2
2025-09-28,11:30,23.8
2025-09-28,11:45,23.8
2025-09-28,12:00,23.8
2025-09-28,12:15,25.2
2025-09-28,12:30,22.4
2025-09-28,12:45,23.8
2025-09-28,13:00,22.4
2025-09-28,13:15,26.6
2025-09-28,13:30,23.8
2025-09-28,13:45,23.8
2025-09-28,14:00,23.8
2025-09-28,14:15,23.8
2025-09-28,14:30,22.4
2025-09-28,14:45,22.4
2025-09-28,15:00,25.2
2025-09-28,15:15,
2025-09-28,15:30,
2025-09-28,15:45,
2025-09-28,16:00,
2025-09-28,16:15,
2025-09-28,16:30,
2025-09-28,16:45,
2025-09-28,17:00,
2025-09-28,17:15,
2025-09-28,17:30,
2025-09-28,17:45,
2025-09-28,18:00,
2025-09-28,18:15,
2025-09-28,18:30,
2025-09-28,18:45,
2025-09-28,19:00,
2025-09-28,19:15,
2025-09-28,19:30,
2025-09-28,19:45,
2025-09-28,20:00,
2025-09-28,20:15,
2025-09-28,20:30,
2025-09-28,20:45,
2025-09-28,21:00,
2025-09-28,21:15,
2025-09-28,21:30,
2025-09-28,21:45,
2025-09-28,22:00,
2025-09-28,22:15,
2025-09-28,22:30,
2025-09-28,22:45,
2025-09-28,23:00,
2025-09-28,23:15,
2025-09-28,23:30,
2025-09-28,23:45,
2025-09-29,00:00,3241
2025-09-29,00:15,3680.6
2025-09-29,00:30,3647
2025-09-29,00:45,3001.6
2025-09-29,01:00,3584
2025-09-29,01:15,3677.8
2025-09-29,01:30,2690.8
2025-09-29,01:45,3390.8
2025-09-29,02:00,3630.2
2025-09-29,02:15,3197.6
2025-09-29,02:30,3138.8
2025-09-29,02:45,3654
2025-09-29,03:00,3635.8
2025-09-29,03:15,2919
2025-09-29,03:30,3540.6
2025-09-29,03:45,3656.8
2025-09-29,04:00,2566.2
2025-09-29,04:15,3381
2025-09-29,04:30,3683.4
2025-09-29,04:45,3186.4
2025-09-29,05:00,3087
2025-09-29,05:15,3584
2025-09-29,05:30,3572.8
2025-09-29,05:45,2889.6
2025-09-29,06:00,3442.6
2025-09-29,06:15,3533.6
2025-09-29,06:30,2587.2
2025-09-29,06:45,3339
2025-09-29,07:00,3672.2
2025-09-29,07:15,3204.6
2025-09-29,07:30,3106.6
2025-09-29,07:45,3749.2
2025-09-29,08:00,3756.2
2025-09-29,08:15,2965.2
2025-09-29,08:30,3631.6
2025-09-29,08:45,3680.6
2025-09-29,09:00,2548
2025-09-29,09:15,3235.4
2025-09-29,09:30,3343.2
2025-09-29,09:45,3122
2025-09-29,10:00,3073
2025-09-29,10:15,3434.2
2025-09-29,10:30,3560.2
2025-09-29,10:45,2783.2
2025-09-29,11:00,3438.4
2025-09-29,11:15,3620.4
2025-09-29,11:30,2329.6
2025-09-29,11:45,3172.4
2025-09-29,12:00,3423
2025-09-29,12:15,3022.6
2025-09-29,12:30,2885.4
2025-09-29,12:45,3417.4
2025-09-29,13:00,3448.2
2025-09-29,13:15,2661.4
2025-09-29,13:30,3267.6
2025-09-29,13:45,3364.2
2025-09-29,14:00,2237.2
2025-09-29,14:15,3024
2025-09-29,14:30,3449.6
2025-09-29,14:45,3026.8
2025-09-29,15:00,2944.2
2025-09-29,15:15,3381
2025-09-29,15:30,3491.6
2025-09-29,15:45,2613.8
2025-09-29,16:00,3488.8
2025-09-29,16:15,3605
2025-09-29,16:30,2564.8
2025-09-29,16:45,3320.8
2025-09-29,17:00,3592.4
2025-09-29,17:15,3134.6
2025-09-29,17:30,3101
2025-09-29,17:45,3628.8
2025-09-29,18:00,3673.6
2025-09-29,18:15,2940
2025-09-29,18:30,3497.2
2025-09-29,18:45,3680.6
2025-09-29,19:00,2651.6
2025-09-29,19:15,3479
2025-09-29,19:30,3817.8
2025-09-29,19:45,3369.8
2025-09-29,20:00,3344.6
2025-09-29,20:15,3774.4
2025-09-29,20:30,3810.8
2025-09-29,20:45,3049.2
2025-09-29,21:00,3631.6
2025-09-29,21:15,3805.2
2025-09-29,21:30,2762.2
2025-09-29,21:45,3466.4
2025-09-29,22:00,3778.6
2025-09-29,22:15,3315.2
2025-09-29,22:30,3245.2
2025-09-29,22:45,3736.6
2025-09-29,23:00,3733.8
2025-09-29,23:15,2983.4
2025-09-29,23:30,3606.4
2025-09-29,23:45,3732.4
2025-09-30,00:00,2584.4
2025-09-30,00:15,3382.4
2025-09-30,00:30,3754.8
2025-09-30,00:45,3339
2025-09-30,01:00,3227
2025-09-30,01:15,3711.4
2025-09-30,01:30,3711.4
2025-09-30,01:45,2965.2
2025-09-30,02:00,3480.4
2025-09-30,02:15,3603.6
2025-09-30,02:30,2480.8
2025-09-30,02:45,3235.4
2025-09-30,03:00,3628.8
2025-09-30,03:15,3171
2025-09-30,03:30,2990.4
2025-09-30,03:45,3542
2025-09-30,04:00,3547.6
2025-09-30,04:15,2784.6
2025-09-30,04:30,3421.6
2025-09-30,04:45,3600.8
2025-09-30,05:00,2494.8
2025-09-30,05:15,3250.8
2025-09-30,05:30,3523.8
2025-09-30,05:45,3102.4
2025-09-30,06:00,2961
2025-09-30,06:15,3649.8
2025-09-30,06:30,3637.2
2025-09-30,06:45,2849
2025-09-30,07:00,3480.4
2025-09-30,07:15,3654
2025-09-30,07:30,2672.6
2025-09-30,07:45,3274.6
2025-09-30,08:00,3913
2025-09-30,08:15,3511.2
2025-09-30,08:30,3305.4
2025-09-30,08:45,3785.6
2025-09-30,09:00,3838.8
2025-09-30,09:15,3080
2025-09-30,09:30,3696
2025-09-30,09:45,3634.4
2025-09-30,10:00,2273.6
2025-09-30,10:15,3116.4
2025-09-30,10:30,3424.4
2025-09-30,10:45,3124.8
2025-09-30,11:00,2947
2025-09-30,11:15,3278.8
2025-09-30,11:30,3283
2025-09-30,11:45,2508.8
2025-09-30,12:00,3042.2
2025-09-30,12:15,3287.2
2025-09-30,12:30,1883
2025-09-30,12:45,2637.6
2025-09-30,13:00,3032.4
2025-09-30,13:15,2660
2025-09-30,13:30,2546.6
2025-09-30,13:45,3179.4
2025-09-30,14:00,3256.4
2025-09-30,14:15,2507.4
2025-09-30,14:30,3117.8
2025-09-30,14:45,3250.8
2025-09-30,15:00,2422
2025-09-30,15:15,2909.2
2025-09-30,15:30,3194.8
2025-09-30,15:45,2899.4
2025-09-30,16:00,2662.8
2025-09-30,16:15,3122
2025-09-30,16:30,3197.6
2025-09-30,16:45,2396.8
2025-09-30,17:00,3046.4
2025-09-30,17:15,3213
2025-09-30,17:30,2091.6
2025-09-30,17:45,2942.8
2025-09-30,18:00,3332
2025-09-30,18:15,2896.6
2025-09-30,18:30,2830.8
2025-09-30,18:45,3311
2025-09-30,19:00,3318
2025-09-30,19:15,2500.4
2025-09-30,19:30,3263.4
2025-09-30,19:45,3466.4
2025-09-30,20:00,2217.6
2025-09-30,20:15,3060.4
2025-09-30,20:30,3463.6
2025-09-30,20:45,3200.4
2025-09-30,21:00,2877
2025-09-30,21:15,3424.4
2025-09-30,21:30,3439.8
2025-09-30,21:45,2664.2
2025-09-30,22:00,3297
2025-09-30,22:15,3423
2025-09-30,22:30,2282
2025-09-30,22:45,3081.4
2025-09-30,23:00,3474.8
2025-09-30,23:15,3029.6
2025-09-30,23:30,2842
2025-09-30,23:45,3278.8
2025-10-01,00:00,3383.8
2025-10-01,00:15,2578.8
2025-10-01,00:30,3260.6
2025-10-01,00:45,3402
2025-10-01,01:00,2207.8
2025-10-01,01:15,3047.8
2025-10-01,01:30,3431.4
2025-10-01,01:45,2989
2025-10-01,02:00,2849
2025-10-01,02:15,3369.8
2025-10-01,02:30,3388
2025-10-01,02:45,2634.8
2025-10-01,03:00,3231.2
2025-10-01,03:15,3393.6
2025-10-01,03:30,2248.4
2025-10-01,03:45,3036.6
2025-10-01,04:00,3418.8
2025-10-01,04:15,2962.4
2025-10-01,04:30,2812.6
2025-10-01,04:45,3357.2
2025-10-01,05:00,3362.8
2025-10-01,05:15,2497.6
2025-10-01,05:30,3116.4
2025-10-01,05:45,3360
2025-10-01,06:00,2329.6
2025-10-01,06:15,3070.2
2025-10-01,06:30,3423
2025-10-01,06:45,2926
2025-10-01,07:00,2849
2025-10-01,07:15,3319.4
2025-10-01,07:30,3316.6
2025-10-01,07:45,2695
2025-10-01,08:00,3288.6
2025-10-01,08:15,3456.6
2025-10-01,08:30,2356.2
2025-10-01,08:45,3189.2
2025-10-01,09:00,3511.2
2025-10-01,09:15,3067.4
2025-10-01,09:30,2742.6
2025-10-01,09:45,3260.6
2025-10-01,10:00,3395
2025-10-01,10:15,2648.8
2025-10-01,10:30,3249.4
2025-10-01,10:45,3299.8
2025-10-01,11:00,2290.4
2025-10-01,11:15,3108
2025-10-01,11:30,3287.2
2025-10-01,11:45,2902.2
2025-10-01,12:00,2844.8
2025-10-01,12:15,3336.2
2025-10-01,12:30,3189.2
2025-10-01,12:45,2307.2
2025-10-01,13:00,3211.6
2025-10-01,13:15,3161.2
2025-10-01,13:30,2126.6
2025-10-01,13:45,2940
2025-10-01,14:00,3266.2
2025-10-01,14:15,2787.4
2025-10-01,14:30,2611
2025-10-01,14:45,3238.2
2025-10-01,15:00,3165.4
2025-10-01,15:15,2416.4
2025-10-01,15:30,3087
2025-10-01,15:45,3262
2025-10-01,16:00,2112.6
2025-10-01,16:15,2928.8
2025-10-01,16:30,3334.8
2025-10-01,16:45,2900.8
2025-10-01,17:00,2723
2025-10-01,17:15,3235.4
2025-10-01,17:30,3200.4
2025-10-01,17:45,2465.4
2025-10-01,18:00,3070.2
2025-10-01,18:15,3322.2
2025-10-01,18:30,2524.2
2025-10-01,18:45,3346
2025-10-01,19:00,3754.8
2025-10-01,19:15,3318
2025-10-01,19:30,3147.2
2025-10-01,19:45,3715.6
2025-10-01,20:00,3712.8
2025-10-01,20:15,2910.6
2025-10-01,20:30,3574.2
2025-10-01,20:45,3644.2
2025-10-01,21:00,2424.8
2025-10-01,21:15,3383.8
2025-10-01,21:30,3756.2
2025-10-01,21:45,3469.2
2025-10-01,22:00,3140.2
2025-10-01,22:15,3708.6
2025-10-01,22:30,3712.8
2025-10-01,22:45,2989
2025-10-01,23:00,3561.6
2025-10-01,23:15,3715.6
2025-10-01,23:30,2571.8
2025-10-01,23:45,3346
2025-10-02,00:00,3738
2025-10-02,00:15,3322.2
2025-10-02,00:30,3134.6
2025-10-02,00:45,3679.2
2025-10-02,01:00,3677.8
2025-10-02,01:15,2760.8
2025-10-02,01:30,3514
2025-10-02,01:45,3673.6
2025-10-02,02:00,2476.6
2025-10-02,02:15,3334.8
2025-10-02,02:30,3697.4
2025-10-02,02:45,3255
2025-10-02,03:00,3115
2025-10-02,03:15,3619
2025-10-02,03:30,3651.2
2025-10-02,03:45,2881.2
2025-10-02,04:00,3488.8
2025-10-02,04:15,3679.2
2025-10-02,04:30,2538.2
2025-10-02,04:45,3330.6
2025-10-02,05:00,3648.4
2025-10-02,05:15,3327.8
2025-10-02,05:30,3022.6
2025-10-02,05:45,3549
2025-10-02,06:00,3553.2
2025-10-02,06:15,2746.8
2025-10-02,06:30,3430
2025-10-02,06:45,3626
2025-10-02,07:00,2518.6
2025-10-02,07:15,3320.8
2025-10-02,07:30,3683.4
2025-10-02,07:45,3402
2025-10-02,08:00,3264.8
2025-10-02,08:15,3764.6
2025-10-02,08:30,3803.8
2025-10-02,08:45,3046.4
2025-10-02,09:00,3676.4
2025-10-02,09:15,3837.4
2025-10-02,09:30,2639
2025-10-02,09:45,3465
2025-10-02,10:00,3830.4
2025-10-02,10:15,3313.8
2025-10-02,10:30,3194.8
2025-10-02,10:45,3805.2
2025-10-02,11:00,3749.2
2025-10-02,11:15,3031
2025-10-02,11:30,3633
2025-10-02,11:45,3697.4
2025-10-02,12:00,2616.6
2025-10-02,12:15,3411.8
2025-10-02,12:30,3708.6
2025-10-02,12:45,3336.2
2025-10-02,13:00,2917.6
2025-10-02,13:15,3549
2025-10-02,13:30,3522.4
2025-10-02,13:45,2800
2025-10-02,14:00,3389.4
2025-10-02,14:15,3659.6
2025-10-02,14:30,2440.2
2025-10-02,14:45,3329.2
2025-10-02,15:00,3654
2025-10-02,15:15,3280.2
2025-10-02,15:30,3115
2025-10-02,15:45,3498.6
2025-10-02,16:00,3495.8
2025-10-02,16:15,2700.6
2025-10-02,16:30,3344.6
2025-10-02,16:45,3498.6
2025-10-02,17:00,2336.6
2025-10-02,17:15,3281.6
2025-10-02,17:30,3648.4
2025-10-02,17:45,3333.4
2025-10-02,18:00,3043.6
2025-10-02,18:15,3614.8
2025-10-02,18:30,3616.2
2025-10-02,18:45,2830.8
2025-10-02,19:00,3593.8
2025-10-02,19:15,3743.6
2025-10-02,19:30,2790.2
2025-10-02,19:45,3568.6
2025-10-02,20:00,3894.8
2025-10-02,20:15,3458
2025-10-02,20:30,3299.8
2025-10-02,20:45,3848.6
2025-10-02,21:00,3841.6
2025-10-02,21:15,3081.4
2025-10-02,21:30,3750.6
2025-10-02,21:45,3845.8
2025-10-02,22:00,2674
2025-10-02,22:15,3495.8
2025-10-02,22:30,3899
2025-10-02,22:45,3495.8
2025-10-02,23:00,3249.4
2025-10-02,23:15,3810.8
2025-10-02,23:30,3806.6
2025-10-02,23:45,2982
2025-10-03,00:00,3708.6
2025-10-03,00:15,3871
2025-10-03,00:30,2767.8
2025-10-03,00:45,3504.2
2025-10-03,01:00,3857
2025-10-03,01:15,3371.2
2025-10-03,01:30,3248
2025-10-03,01:45,3810.8
2025-10-03,02:00,3810.8
2025-10-03,02:15,3021.2
2025-10-03,02:30,3693.2
2025-10-03,02:45,3801
2025-10-03,03:00,2630.6
2025-10-03,03:15,3497.2
2025-10-03,03:30,3829
2025-10-03,03:45,3362.8
2025-10-03,04:00,3283
2025-10-03,04:15,3773
2025-10-03,04:30,3756.2
2025-10-03,04:45,2917.6
2025-10-03,05:00,3544.8
2025-10-03,05:15,3637.2
2025-10-03,05:30,2559.2
2025-10-03,05:45,3306.8
2025-10-03,06:00,3719.8
2025-10-03,06:15,2230.2
2025-10-03,06:30,2191
2025-10-03,06:45,3822
2025-10-03,07:00,3812.2
2025-10-03,07:15,3031
2025-10-03,07:30,3719.8
2025-10-03,07:45,4005.4
2025-10-03,08:00,2954
2025-10-03,08:15,3717
2025-10-03,08:30,4078.2
2025-10-03,08:45,3582.6
2025-10-03,09:00,3522.4
2025-10-03,09:15,4005.4
2025-10-03,09:30,4039
2025-10-03,09:45,3274.6
2025-10-03,10:00,3768.8
2025-10-03,10:15,3689
2025-10-03,10:30,2795.8
2025-10-03,10:45,3514
2025-10-03,11:00,3917.2
2025-10-03,11:15,3472
2025-10-03,11:30,3340.4
2025-10-03,11:45,3875.2
2025-10-03,12:00,3903.2
2025-10-03,12:15,3108
2025-10-03,12:30,3599.4
2025-10-03,12:45,3712.8
2025-10-03,13:00,2696.4
2025-10-03,13:15,3462.2
2025-10-03,13:30,3768.8
2025-10-03,13:45,3305.4
2025-10-03,14:00,2935.8
2025-10-03,14:15,3764.6
2025-10-03,14:30,3752
2025-10-03,14:45,2965.2
2025-10-03,15:00,3648.4
2025-10-03,15:15,3745
2025-10-03,15:30,2529.8
2025-10-03,15:45,3430
2025-10-03,16:00,3810.8
2025-10-03,16:15,3383.8
2025-10-03,16:30,3222.8
2025-10-03,16:45,3784.2
2025-10-03,17:00,3689
2025-10-03,17:15,2835
2025-10-03,17:30,3556
2025-10-03,17:45,3700.2
2025-10-03,18:00,2599.8
2025-10-03,18:15,3368.4
2025-10-03,18:30,3728.2
2025-10-03,18:45,3277.4
2025-10-03,19:00,3154.2
2025-10-03,19:15,3669.4
2025-10-03,19:30,3747.8
2025-10-03,19:45,2976.4
2025-10-03,20:00,3598
2025-10-03,20:15,3710
2025-10-03,20:30,2683.8
2025-10-03,20:45,3445.4
2025-10-03,21:00,3782.8
2025-10-03,21:15,3312.4
2025-10-03,21:30,3215.8
2025-10-03,21:45,3714.2
2025-10-03,22:00,3711.4
2025-10-03,22:15,2938.6
2025-10-03,22:30,3579.8
2025-10-03,22:45,3714.2
2025-10-03,23:00,2585.8
2025-10-03,23:15,3421.6
2025-10-03,23:30,3829
2025-10-03,23:45,3357.2
2025-10-04,00:00,3190.6
2025-10-04,00:15,3690.4
2025-10-04,00:30,3710
2025-10-04,00:45,2947
2025-10-04,01:00,3571.4
2025-10-04,01:15,3726.8
2025-10-04,01:30,2632
2025-10-04,01:45,3367
2025-10-04,02:00,3736.6
2025-10-04,02:15,3278.8
2025-10-04,02:30,3144.4
2025-10-04,02:45,3677.8
2025-10-04,03:00,3676.4
2025-10-04,03:15,2885.4
2025-10-04,03:30,3532.2
2025-10-04,03:45,3691.8
2025-10-04,04:00,2629.2
2025-10-04,04:15,3396.4
2025-10-04,04:30,3668
2025-10-04,04:45,3259.2
2025-10-04,05:00,3109.4
2025-10-04,05:15,3627.4
2025-10-04,05:30,3641.4
2025-10-04,05:45,2954
2025-10-04,06:00,3551.8
2025-10-04,06:15,3718.4
2025-10-04,06:30,2587.2
2025-10-04,06:45,3325
2025-10-04,07:00,3763.2
2025-10-04,07:15,3245.2
2025-10-04,07:30,3077.2
2025-10-04,07:45,3617.6
2025-10-04,08:00,3313.8
2025-10-04,08:15,2627.8
2025-10-04,08:30,3278.8
2025-10-04,08:45,3402
2025-10-04,09:00,2142
2025-10-04,09:15,2938.6
2025-10-04,09:30,3295.6
2025-10-04,09:45,2934.4
2025-10-04,10:00,2804.2
2025-10-04,10:15,3208.8
2025-10-04,10:30,3255
2025-10-04,10:45,2374.4
2025-10-04,11:00,3080
2025-10-04,11:15,3266.2
2025-10-04,11:30,2041.2
2025-10-04,11:45,2819.6
2025-10-04,12:00,3271.8
2025-10-04,12:15,2861.6
2025-10-04,12:30,2542.4
2025-10-04,12:45,3211.6
2025-10-04,13:00,3094
2025-10-04,13:15,2494.8
2025-10-04,13:30,3095.4
2025-10-04,13:45,3115
2025-10-04,14:00,2214.8
2025-10-04,14:15,3063.2
2025-10-04,14:30,3435.6
2025-10-04,14:45,3000.2
2025-10-04,15:00,2732.8
2025-10-04,15:15,3253.6
2025-10-04,15:30,3267.6
2025-10-04,15:45,2552.2
2025-10-04,16:00,3150
2025-10-04,16:15,3281.6
2025-10-04,16:30,2206.4
2025-10-04,16:45,3067.4
2025-10-04,17:00,3427.2
2025-10-04,17:15,3032.4
2025-10-04,17:30,2888.2
2025-10-04,17:45,3477.6
2025-10-04,18:00,3407.6
2025-10-04,18:15,2678.2
2025-10-04,18:30,3386.6
2025-10-04,18:45,3494.4
2025-10-04,19:00,2287.6
2025-10-04,19:15,3122
2025-10-04,19:30,3589.6
2025-10-04,19:45,3165.4
2025-10-04,20:00,2987.6
2025-10-04,20:15,3501.4
2025-10-04,20:30,3540.6
2025-10-04,20:45,2790.2
2025-10-04,21:00,3396.4
2025-10-04,21:15,3556
2025-10-04,21:30,2475.2
2025-10-04,21:45,3207.4
2025-10-04,22:00,3599.4
2025-10-04,22:15,3131.8
2025-10-04,22:30,2989
2025-10-04,22:45,3501.4
2025-10-04,23:00,3616.2
2025-10-04,23:15,2730
2025-10-04,23:30,3369.8
2025-10-04,23:45,3526.6
2025-10-05,00:00,2342.2
2025-10-05,00:15,3158.4
2025-10-05,00:30,3424.4
2025-10-05,00:45,3081.4
2025-10-05,01:00,2991.8
2025-10-05,01:15,3495.8
2025-10-05,01:30,3497.2
2025-10-05,01:45,2731.4
2025-10-05,02:00,3360
2025-10-05,02:15,3523.8
2025-10-05,02:30,2382.8
2025-10-05,02:45,3157
2025-10-05,03:00,3554.6
2025-10-05,03:15,3113.6
2025-10-05,03:30,2944.2
2025-10-05,03:45,3487.4
2025-10-05,04:00,3494.4
2025-10-05,04:15,2559.2
2025-10-05,04:30,3259.2
2025-10-05,04:45,3397.8
2025-10-05,05:00,2199.4
2025-10-05,05:15,3046.4
2025-10-05,05:30,3365.6
2025-10-05,05:45,2976.4
2025-10-05,06:00,2828
2025-10-05,06:15,3368.4
2025-10-05,06:30,3381
2025-10-05,06:45,2556.4
2025-10-05,07:00,3204.6
2025-10-05,07:15,3371.2
2025-10-05,07:30,2153.2
2025-10-05,07:45,3354.4
2025-10-05,08:00,3981.6
2025-10-05,08:15,3596.6
2025-10-05,08:30,3372.6
2025-10-05,08:45,3876.6
2025-10-05,09:00,3806.6
2025-10-05,09:15,3098.2
2025-10-05,09:30,3500
2025-10-05,09:45,3567.2
2025-10-05,10:00,2536.8
2025-10-05,10:15,3424.4
2025-10-05,10:30,3802.4
2025-10-05,10:45,3071.6
2025-10-05,11:00,3085.6
2025-10-05,11:15,3596.6
2025-10-05,11:30,3598
2025-10-05,11:45,2760.8
2025-10-05,12:00,3420.2
2025-10-05,12:15,3491.6
2025-10-05,12:30,2417.8
2025-10-05,12:45,3229.8
2025-10-05,13:00,3616.2
2025-10-05,13:15,2949.8
2025-10-05,13:30,2982
2025-10-05,13:45,3400.6
2025-10-05,14:00,3357.2
2025-10-05,14:15,2552.2
2025-10-05,14:30,3190.6
2025-10-05,14:45,3092.6
2025-10-05,15:00,2590
2025-10-05,15:15,3138.8
2025-10-05,15:30,3131.8
2025-10-05,15:45,3208.8
2025-10-05,16:00,2951.2
2025-10-05,16:15,3088.4
2025-10-05,16:30,3561.6
2025-10-05,16:45,2689.4
2025-10-05,17:00,3099.6
2025-10-05,17:15,3649.8
2025-10-05,17:30,2668.4
2025-10-05,17:45,3077.2
2025-10-05,18:00,3759
2025-10-05,18:15,3246.6
2025-10-05,18:30,2822.4
2025-10-05,18:45,3715.6
2025-10-05,19:00,3563
2025-10-05,19:15,2807
2025-10-05,19:30,3642.8
2025-10-05,19:45,3595.2
2025-10-05,20:00,2940
2025-10-05,20:15,4001.2
2025-10-05,20:30,3770.2
2025-10-05,20:45,4016.6
2025-10-05,21:00,3761.8
2025-10-05,21:15,3438.4
2025-10-05,21:30,4454.8
2025-10-05,21:45,3540.6
2025-10-05,22:00,3263.4
2025-10-05,22:15,4419.8
2025-10-05,22:30,2658.6
2025-10-05,22:45,2662.8
2025-10-05,23:00,2623.6
2025-10-05,23:15,2618
2025-10-05,23:30,2648.8
2025-10-05,23:45,2559.2
2025-10-06,00:00,2609.6
2025-10-06,00:15,2850.4
2025-10-06,00:30,3593.8
2025-10-06,00:45,3425.8
2025-10-06,01:00,3232.6
2025-10-06,01:15,3145.8
2025-10-06,01:30,3736.6
2025-10-06,01:45,4124.4
2025-10-06,02:00,4191.6
2025-10-06,02:15,4246.2
2025-10-06,02:30,4211.2
2025-10-06,02:45,4145.4
2025-10-06,03:00,4044.6
2025-10-06,03:15,3911.6
2025-10-06,03:30,3780
2025-10-06,03:45,3588.2
2025-10-06,04:00,3428.6
2025-10-06,04:15,3117.8
2025-10-06,04:30,3259.2
2025-10-06,04:45,3875.2
2025-10-06,05:00,4027.8
2025-10-06,05:15,4005.4
2025-10-06,05:30,4079.6
2025-10-06,05:45,4128.6
2025-10-06,06:00,3995.6
2025-10-06,06:15,3950.8
2025-10-06,06:30,3789.8
2025-10-06,06:45,3733.8
2025-10-06,07:00,3563
2025-10-06,07:15,3369.8
2025-10-06,07:30,3287.2
2025-10-06,07:45,3666.6
2025-10-06,08:00,4188.8
2025-10-06,08:15,4218.2
2025-10-06,08:30,4264.4
2025-10-06,08:45,4173.4
2025-10-06,09:00,4132.8
2025-10-06,09:15,4025
2025-10-06,09:30,3847.2
2025-10-06,09:45,3663.8
2025-10-06,10:00,3479
2025-10-06,10:15,3306.8
2025-10-06,10:30,3057.6
2025-10-06,10:45,2760.8
2025-10-06,11:00,3047.8
2025-10-06,11:15,3516.8
2025-10-06,11:30,3511.2
2025-10-06,11:45,3771.6
2025-10-06,12:00,3563
2025-10-06,12:15,3582.6
2025-10-06,12:30,3621.8
2025-10-06,12:45,3724
2025-10-06,13:00,3493
2025-10-06,13:15,3376.8
2025-10-06,13:30,2668.4
2025-10-06,13:45,3148.6
2025-10-06,14:00,3004.4
2025-10-06,14:15,3550.4
2025-10-06,14:30,3936.8
2025-10-06,14:45,3873.8
2025-10-06,15:00,4023.6
2025-10-06,15:15,4152.4
2025-10-06,15:30,4092.2
2025-10-06,15:45,3994.2
2025-10-06,16:00,3798.2
2025-10-06,16:15,3683.4
2025-10-06,16:30,3423
2025-10-06,16:45,3304
2025-10-06,17:00,3179.4
2025-10-06,17:15,3270.4
2025-10-06,17:30,3725.4
2025-10-06,17:45,4158
2025-10-06,18:00,4228
2025-10-06,18:15,4258.8
2025-10-06,18:30,4233.6
2025-10-06,18:45,4173.4
2025-10-06,19:00,4107.6
2025-10-06,19:15,3990
2025-10-06,19:30,3834.6
2025-10-06,19:45,3649.8
2025-10-06,20:00,3495.8
2025-10-06,20:15,3295.6
2025-10-06,20:30,3159.8
2025-10-06,20:45,3952.2
2025-10-06,21:00,4205.6
2025-10-06,21:15,4300.8
2025-10-06,21:30,4209.8
2025-10-06,21:45,4256
2025-10-06,22:00,4173.4
2025-10-06,22:15,4155.2
2025-10-06,22:30,3987.2
2025-10-06,22:45,3833.2
2025-10-06,23:00,3658.2
2025-10-06,23:15,3466.4
2025-10-06,23:30,3284.4
2025-10-06,23:45,3185
2025-10-07,00:00,3899
2025-10-07,00:15,4155.2
2025-10-07,00:30,4250.4
2025-10-07,00:45,4179
2025-10-07,01:00,4109
2025-10-07,01:15,4039
2025-10-07,01:30,3924.2
2025-10-07,01:45,3789.8
2025-10-07,02:00,3617.6
2025-10-07,02:15,3446.8
2025-10-07,02:30,3364.2
2025-10-07,02:45,3199
2025-10-07,03:00,3354.4
2025-10-07,03:15,4015.2
2025-10-07,03:30,4092.2
2025-10-07,03:45,4156.6
2025-10-07,04:00,4082.4
2025-10-07,04:15,4127.2
2025-10-07,04:30,4030.6
2025-10-07,04:45,3858.4
2025-10-07,05:00,3763.2
2025-10-07,05:15,3595.2
2025-10-07,05:30,3423
2025-10-07,05:45,3250.8
2025-10-07,06:00,2990.4
2025-10-07,06:15,3579.8
2025-10-07,06:30,4002.6
2025-10-07,06:45,4167.8
2025-10-07,07:00,4204.2
2025-10-07,07:15,4254.6
2025-10-07,07:30,4163.6
2025-10-07,07:45,4256
2025-10-07,08:00,4033.4
2025-10-07,08:15,3715.6
2025-10-07,08:30,3536.4
2025-10-07,08:45,3238.2
2025-10-07,09:00,3033.8
2025-10-07,09:15,2576
2025-10-07,09:30,3473.4
2025-10-07,09:45,3857
2025-10-07,10:00,4078.2
2025-10-07,10:15,4134.2
2025-10-07,10:30,3994.2
2025-10-07,10:45,3882.2
2025-10-07,11:00,3953.6
2025-10-07,11:15,3708.6
2025-10-07,11:30,3789.8
2025-10-07,11:45,3326.4
2025-10-07,12:00,3145.8
2025-10-07,12:15,2942.8
2025-10-07,12:30,2741.2
2025-10-07,12:45,3661
2025-10-07,13:00,4099.2
2025-10-07,13:15,4216.8
2025-10-07,13:30,4219.6
2025-10-07,13:45,4326
2025-10-07,14:00,4293.8
2025-10-07,14:15,4109
2025-10-07,14:30,3959.2
2025-10-07,14:45,3911.6
2025-10-07,15:00,3642.8
2025-10-07,15:15,3542
2025-10-07,15:30,3274.6
2025-10-07,15:45,3092.6
2025-10-07,16:00,3964.8
2025-10-07,16:15,4243.4
2025-10-07,16:30,4345.6
2025-10-07,16:45,4309.2
2025-10-07,17:00,4218.2
2025-10-07,17:15,4176.2
2025-10-07,17:30,4037.6
2025-10-07,17:45,3976
2025-10-07,18:00,3829
2025-10-07,18:15,3777.2
2025-10-07,18:30,3605
2025-10-07,18:45,3381
2025-10-07,19:00,3392.2
2025-10-07,19:15,4043.2
2025-10-07,19:30,4359.6
2025-10-07,19:45,4382
2025-10-07,20:00,4454.8
2025-10-07,20:15,4377.8
2025-10-07,20:30,4323.2
2025-10-07,20:45,4222.4
2025-10-07,21:00,4104.8
2025-10-07,21:15,3934
2025-10-07,21:30,3767.4
2025-10-07,21:45,3589.6
2025-10-07,22:00,3369.8
2025-10-07,22:15,3876.6
2025-10-07,22:30,4222.4
2025-10-07,22:45,4352.6
2025-10-07,23:00,4414.2
2025-10-07,23:15,4412.8
2025-10-07,23:30,4342.8
2025-10-07,23:45,4291
2025-10-08,00:00,4200
2025-10-08,00:15,4036.2
2025-10-08,00:30,3869.6
2025-10-08,00:45,3710
2025-10-08,01:00,3529.4
2025-10-08,01:15,3287.2
2025-10-08,01:30,3854.2
2025-10-08,01:45,4292.4
2025-10-08,02:00,4323.2
2025-10-08,02:15,4386.2
2025-10-08,02:30,4310.6
2025-10-08,02:45,4228
2025-10-08,03:00,4173.4
2025-10-08,03:15,4079.6
2025-10-08,03:30,3935.4
2025-10-08,03:45,3768.8
2025-10-08,04:00,3598
2025-10-08,04:15,3404.8
2025-10-08,04:30,3176.6
2025-10-08,04:45,3760.4
2025-10-08,05:00,4190.2
2025-10-08,05:15,4239.2
2025-10-08,05:30,4256
2025-10-08,05:45,4310.6
2025-10-08,06:00,4253.2
2025-10-08,06:15,4172
2025-10-08,06:30,4036.2
2025-10-08,06:45,3938.2
2025-10-08,07:00,3760.4
2025-10-08,07:15,3588.2
2025-10-08,07:30,3446.8
2025-10-08,07:45,3165.4
2025-10-08,08:00,3843
2025-10-08,08:15,4236.4
2025-10-08,08:30,4274.2
2025-10-08,08:45,4288.2
2025-10-08,09:00,4298
2025-10-08,09:15,4197.2
2025-10-08,09:30,4764.2
2025-10-08,09:45,3640
2025-10-08,10:00,4846.8
2025-10-08,10:15,5003.6
2025-10-08,10:30,4268.6
2025-10-08,10:45,3847.2
2025-10-08,11:00,3831.8
2025-10-08,11:15,3388
2025-10-08,11:30,2503.2
2025-10-08,11:45,3252.2
2025-10-08,12:00,3291.4
2025-10-08,12:15,2042.6
2025-10-08,12:30,2982
2025-10-08,12:45,3577
2025-10-08,13:00,3218.6
2025-10-08,13:15,3162.6
2025-10-08,13:30,3647
2025-10-08,13:45,3589.6
2025-10-08,14:00,2755.2
2025-10-08,14:15,4076.8
2025-10-08,14:30,3931.2
2025-10-08,14:45,2454.2
2025-10-08,15:00,3584
2025-10-08,15:15,4036.2
2025-10-08,15:30,3785.6
2025-10-08,15:45,3442.6
2025-10-08,16:00,4096.4
2025-10-08,16:15,4065.6
2025-10-08,16:30,3360
2025-10-08,16:45,3990
2025-10-08,17:00,4128.6
2025-10-08,17:15,2954
2025-10-08,17:30,3805.2
2025-10-08,17:45,4204.2
2025-10-08,18:00,3577
2025-10-08,18:15,3449.6
2025-10-08,18:30,4088
2025-10-08,18:45,4093.6
2025-10-08,19:00,3290
2025-10-08,19:15,3957.8
2025-10-08,19:30,4124.4
2025-10-08,19:45,2892.4
2025-10-08,20:00,3976
2025-10-08,20:15,4316.2
2025-10-08,20:30,3816.4
2025-10-08,20:45,3728.2
2025-10-08,21:00,4279.8
2025-10-08,21:15,4257.4
2025-10-08,21:30,3462.2
2025-10-08,21:45,4132.8
2025-10-08,22:00,4282.6
2025-10-08,22:15,3053.4
2025-10-08,22:30,3942.4
2025-10-08,22:45,4204.2
2025-10-08,23:00,3931.2
2025-10-08,23:15,3652.6
2025-10-08,23:30,4200
2025-10-08,23:45,4214
2025-10-09,00:00,3449.6
2025-10-09,00:15,4106.2
2025-10-09,00:30,4135.6
2025-10-09,00:45,3038
2025-10-09,01:00,3927
2025-10-09,01:15,4291
2025-10-09,01:30,3844.4
2025-10-09,01:45,3718.4
2025-10-09,02:00,4253.2
2025-10-09,02:15,4223.8
2025-10-09,02:30,3469.2
2025-10-09,02:45,4116
2025-10-09,03:00,4258.8
2025-10-09,03:15,3276
2025-10-09,03:30,3921.4
2025-10-09,03:45,4097.8
2025-10-09,04:00,3980.2
2025-10-09,04:15,3771.6
2025-10-09,04:30,4055.8
2025-10-09,04:45,4233.6
2025-10-09,05:00,3421.6
2025-10-09,05:15,3669.4
2025-10-09,05:30,3906
2025-10-09,05:45,2973.6
2025-10-09,06:00,3266.2
2025-10-09,06:15,4064.2
2025-10-09,06:30,3278.8
2025-10-09,06:45,2745.4
2025-10-09,07:00,3644.2
2025-10-09,07:15,3291.4
2025-10-09,07:30,2671.2
2025-10-09,07:45,3425.8
2025-10-09,08:00,3120.6
2025-10-09,08:15,2560.6
2025-10-09,08:30,3186.4
2025-10-09,08:45,2800
2025-10-09,09:00,3288.6
2025-10-09,09:15,3074.4
2025-10-09,09:30,2678.2
2025-10-09,09:45,3689
2025-10-09,10:00,2751
2025-10-09,10:15,2514.4
2025-10-09,10:30,5010.6
2025-10-09,10:45,3553.2
2025-10-09,11:00,2846.2
2025-10-09,11:15,2727.2
2025-10-09,11:30,2517.2
2025-10-09,11:45,2224.6
2025-10-09,12:00,2941.4
2025-10-09,12:15,3309.6
2025-10-09,12:30,3343.2
2025-10-09,12:45,3320.8
2025-10-09,13:00,3323.6
2025-10-09,13:15,3374
2025-10-09,13:30,3313.8
2025-10-09,13:45,3228.4
2025-10-09,14:00,3108
2025-10-09,14:15,2962.4
2025-10-09,14:30,2865.8
2025-10-09,14:45,2711.8
2025-10-09,15:00,2459.8
2025-10-09,15:15,3266.2
2025-10-09,15:30,3815
2025-10-09,15:45,3910.2
2025-10-09,16:00,3799.6
2025-10-09,16:15,3697.4
2025-10-09,16:30,3673.6
2025-10-09,16:45,3619
2025-10-09,17:00,3438.4
2025-10-09,17:15,3362.8
2025-10-09,17:30,3186.4
2025-10-09,17:45,3106.6
2025-10-09,18:00,2952.6
2025-10-09,18:15,3108
2025-10-09,18:30,3731
2025-10-09,18:45,3878
2025-10-09,19:00,3920
2025-10-09,19:15,3962
2025-10-09,19:30,3841.6
2025-10-09,19:45,3693.2
2025-10-09,20:00,3589.6
2025-10-09,20:15,3448.2
2025-10-09,20:30,3322.2
2025-10-09,20:45,3250.8
2025-10-09,21:00,3035.2
2025-10-09,21:15,2823.8
2025-10-09,21:30,2895.2
2025-10-09,21:45,3521
2025-10-09,22:00,3718.4
2025-10-09,22:15,3728.2
2025-10-09,22:30,3817.8
2025-10-09,22:45,3803.8
2025-10-09,23:00,3638.6
2025-10-09,23:15,3586.8
2025-10-09,23:30,3344.6
2025-10-09,23:45,3437
2025-10-10,00:00,3263.4
2025-10-10,00:15,3098.2
2025-10-10,00:30,2868.6
2025-10-10,00:45,3239.6
2025-10-10,01:00,3754.8
2025-10-10,01:15,3866.8
2025-10-10,01:30,3915.8
2025-10-10,01:45,3953.6
2025-10-10,02:00,3897.6
2025-10-10,02:15,3836
2025-10-10,02:30,3757.6
2025-10-10,02:45,3656.8
2025-10-10,03:00,3505.6
2025-10-10,03:15,3322.2
2025-10-10,03:30,3099.6
2025-10-10,03:45,2891
2025-10-10,04:00,3385.2
2025-10-10,04:15,3852.8
2025-10-10,04:30,3887.8
2025-10-10,04:45,3950.8
2025-10-10,05:00,3882.2
2025-10-10,05:15,3831.8
2025-10-10,05:30,3736.6
2025-10-10,05:45,3599.4
2025-10-10,06:00,3451
2025-10-10,06:15,3372.6
2025-10-10,06:30,3280.2
2025-10-10,06:45,3045
2025-10-10,07:00,2765
2025-10-10,07:15,3413.2
2025-10-10,07:30,3799.6
2025-10-10,07:45,3710
2025-10-10,08:00,4057.2
2025-10-10,08:15,4013.8
2025-10-10,08:30,3901.8
2025-10-10,08:45,3822
2025-10-10,09:00,3691.8
2025-10-10,09:15,3470.6
2025-10-10,09:30,3007.2
2025-10-10,09:45,2798.6
2025-10-10,10:00,2864.4
2025-10-10,10:15,2164.4
2025-10-10,10:30,2762.2
2025-10-10,10:45,3102.4
2025-10-10,11:00,3124.8
2025-10-10,11:15,3183.6
2025-10-10,11:30,3109.4
2025-10-10,11:45,3004.4
2025-10-10,12:00,2888.2
2025-10-10,12:15,2746.8
2025-10-10,12:30,2590
2025-10-10,12:45,2458.4
2025-10-10,13:00,2275
2025-10-10,13:15,2164.4
2025-10-10,13:30,1871.8
2025-10-10,13:45,2731.4
2025-10-10,14:00,3103.8
2025-10-10,14:15,3217.2
2025-10-10,14:30,3322.2
2025-10-10,14:45,3277.4
2025-10-10,15:00,3267.6
2025-10-10,15:15,3208.8
2025-10-10,15:30,3081.4
2025-10-10,15:45,2948.4
2025-10-10,16:00,2844.8
2025-10-10,16:15,2716
2025-10-10,16:30,2482.2
2025-10-10,16:45,2797.2
2025-10-10,17:00,3381
2025-10-10,17:15,3514
2025-10-10,17:30,3570
2025-10-10,17:45,3617.6
2025-10-10,18:00,3683.4
2025-10-10,18:15,3684.8
2025-10-10,18:30,3547.6
2025-10-10,18:45,3718.4
2025-10-10,19:00,3563
2025-10-10,19:15,3400.6
2025-10-10,19:30,3696
2025-10-10,19:45,3456.6
2025-10-10,20:00,3567.2
2025-10-10,20:15,3983
2025-10-10,20:30,4008.2
2025-10-10,20:45,4046
2025-10-10,21:00,4106.2
2025-10-10,21:15,4053
2025-10-10,21:30,3967.6
2025-10-10,21:45,3896.2
2025-10-10,22:00,3742.2
2025-10-10,22:15,3585.4
2025-10-10,22:30,3430
2025-10-10,22:45,3266.2
2025-10-10,23:00,3046.4
2025-10-10,23:15,3547.6
2025-10-10,23:30,3985.8
2025-10-10,23:45,4022.2
